t,mode,task_id,task_state,motion_mode,active_tool,b1_station,robot_x,robot_y,b1_x,b1_y,distance_to_target,min_obstacle,obstacle_risk,battery,battery_mode,completed_task_count,task_complete,charging,pose_error,kalman_covariance,control_v,control_w,control_tv
0.05,LQR,task1,TO_PICKUP_T1,ROUTE,T1,WS1,-0.09973,-2.06,-2.12,1.1,1.42941,-1.0,0.0,96.0,NORMAL,0,0,0,0.00238,0.0361,0.0,0.5544,0.1386
0.15,LQR,task1,TO_PICKUP_T1,ROUTE,T1,WS1,-0.09868,-2.05961,-2.12,1.1,1.43006,0.72085,0.0,95.995,NORMAL,0,0,0,0.03733,0.01696,0.0,1.06245,0.26561
0.3,LQR,task1,TO_PICKUP_T1,ROUTE,T1,WS1,-0.09471,-2.05606,-2.12,1.1,1.43343,0.71983,0.0,95.98518,NORMAL,0,0,0,0.03276,0.01756,0.0,1.26975,0.31744
0.45,LQR,task1,TO_PICKUP_T1,ROUTE,T1,WS1,-0.08725,-2.05463,-2.12,1.1,1.44065,0.71968,0.0,95.97467,NORMAL,0,0,0,0.0376,0.01873,0.0,1.3102,0.32755
0.6,LQR,task1,TO_PICKUP_T1,ROUTE,T1,WS1,-0.08208,-2.04938,-2.12,1.1,1.44774,0.71931,0.0,95.96094,NORMAL,0,0,0,0.01354,0.02124,0.05068,1.31809,0.3802
0.7,LQR,task1,TO_PICKUP_T1,ROUTE,T1,WS1,-0.08102,-2.04155,-2.12,1.1,1.45162,0.71583,0.0,95.94699,NORMAL,0,0,0,0.01941,0.02198,0.0635,1.31936,0.39334
0.8,LQR,task1,TO_PICKUP_T1,ROUTE,T1,WS1,-0.08247,-2.03161,-2.12,1.1,1.45454,0.70752,0.0,95.93176,NORMAL,0,0,0,0.01952,0.02162,0.14582,1.31978,0.47577
0.9,LQR,task1,TO_PICKUP_T1,ROUTE,T1,WS1,-0.09241,-2.01435,-2.12,1.1,1.4542,0.69555,0.0,95.90256,NORMAL,0,0,0,0.01552,0.02196,0.25677,1.31993,0.58675
1.05,LQR,task1,TO_PICKUP_T1,ROUTE,T1,WS1,-0.12563,-1.98231,-2.12,1.1,1.4397,0.65849,0.0,95.83644,NORMAL,0,0,0,0.01766,0.02072,0.35979,1.31284,0.69156
1.15,LQR,task1,TO_PICKUP_T1,ROUTE,T1,WS1,-0.15706,-1.96162,-2.12,1.1,1.42139,0.63083,0.0,95.78263,NORMAL,0,0,0,0.00933,0.02022,0.41413,1.23811,0.76459
1.25,LQR,task1,TO_PICKUP_T1,AVOIDING,T1,WS1,-0.19492,-1.94389,-2.12,1.1,1.3968,0.60134,0.00091,95.72293,NORMAL,0,0,0,0.02458,0.01962,0.45442,1.10887,0.83719
1.35,LQR,task1,TO_PICKUP_T1,AVOIDING,T1,WS1,-0.23801,-1.93029,-2.12,1.1,1.36581,0.57385,0.00554,95.65891,NORMAL,0,0,0,0.01214,0.01833,0.47803,0.99039,0.89042
1.45,LQR,task1,TO_PICKUP_T1,AVOIDING,T1,WS1,-0.28386,-1.92142,-2.12,1.1,1.32997,0.56348,0.00831,95.59299,NORMAL,0,0,0,0.036,0.01783,0.48597,0.8657,0.92954
1.55,LQR,task1,TO_PICKUP_T1,AVOIDING,T1,WS1,-0.33089,-1.91689,-2.12,1.1,1.29115,0.58986,0.00236,95.52671,NORMAL,0,0,0,0.02796,0.01805,0.48865,0.7596,0.95873
1.65,LQR,task1,TO_PICKUP_T1,AVOIDING,T1,WS1,-0.37844,-1.91631,-2.12,1.1,1.2502,0.53363,0.0194,95.46051,NORMAL,0,0,0,0.02676,0.01675,0.48954,0.67352,0.98115
1.75,LQR,task1,TO_PICKUP_T1,AVOIDING,T1,WS1,-0.42615,-1.91927,-2.12,1.1,1.20765,0.53469,0.01893,95.39453,NORMAL,0,0,0,0.04281,0.01636,0.48985,0.58159,1.00444
1.85,LQR,task1,TO_PICKUP_T1,AVOIDING,T1,WS1,-0.47367,-1.92525,-2.12,1.1,1.16386,0.54438,0.01488,95.32882,NORMAL,0,0,0,0.01401,0.01671,0.48906,0.51784,1.02129
1.95,LQR,task1,TO_PICKUP_T1,AVOIDING,T1,WS1,-0.52003,-1.93365,-2.12,1.1,1.11948,0.53134,0.0099,95.26369,NORMAL,0,0,0,0.00258,0.01544,0.47653,0.47436,1.04469
2.1,LQR,task1,TO_PICKUP_T1,AVOIDING,T1,WS1,-0.58526,-1.94951,-2.12,1.1,1.05455,0.52452,0.00427,95.17019,NORMAL,0,0,0,0.00973,0.01597,0.4453,0.4077,1.09258
2.25,LQR,task1,TO_PICKUP_T1,AVOIDING,T1,WS1,-0.64472,-1.96821,-2.12,1.1,0.99328,0.53713,0.00322,95.08346,NORMAL,0,0,0,0.03387,0.01615,0.41155,0.32139,1.14791
2.4,LQR,task1,TO_PICKUP_T1,AVOIDING,T1,WS1,-0.7011,-1.98946,-2.12,1.1,0.93429,0.55852,0.00177,95.00228,NORMAL,0,0,0,0.07296,0.01631,0.39683,0.22977,1.18554
2.55,LQR,task1,TO_PICKUP_T1,AVOIDING,T1,WS1,-0.75402,-2.01152,-2.12,1.1,0.87666,0.56919,0.00121,94.92457,NORMAL,0,0,0,0.04051,0.01711,0.36355,0.19777,1.22682
2.7,LQR,task1,TO_PICKUP_T1,AVOIDING,T1,WS1,-0.80097,-2.03272,-2.12,1.1,0.8243,0.5877,0.00049,94.85395,NORMAL,0,0,0,0.05968,0.0176,0.3271,0.16902,1.27046
2.85,LQR,task1,TO_PICKUP_T1,AVOIDING,T1,WS1,-0.84321,-2.0532,-2.12,1.1,0.77666,0.60631,9e-05,94.78961,NORMAL,0,0,0,0.04993,0.01919,0.29966,0.13782,1.3057
3.0,LQR,task1,TO_PICKUP_T1,ROUTE,T1,WS1,-0.88047,-2.0723,-2.12,1.1,0.73341,0.62427,0.0,94.73098,NORMAL,0,0,0,0.03771,0.0201,0.25981,0.13552,1.34951
3.15,LQR,task1,TO_PICKUP_T1,ROUTE,T1,WS1,-0.91328,-2.08993,-2.12,1.1,0.6955,0.64059,0.0,94.6792,NORMAL,0,0,0,0.036,0.02097,0.23928,0.11579,1.37497
3.3,LQR,task1,TO_PICKUP_T1,ROUTE,T1,WS1,-0.94164,-2.10585,-2.12,1.1,0.66165,0.65582,0.0,94.63259,NORMAL,0,0,0,0.02525,0.02065,0.20599,0.10017,1.41216
3.45,LQR,task1,TO_PICKUP_T1,ROUTE,T1,WS1,-0.96645,-2.12041,-2.12,1.1,0.63196,0.6698,0.0,94.59134,NORMAL,0,0,0,0.04638,0.02091,0.18384,0.05454,1.44572
3.6,LQR,task1,TO_PICKUP_T1,ROUTE,T1,WS1,-0.98957,-2.1344,-2.12,1.1,0.60478,0.68333,0.0,94.55333,NORMAL,0,0,0,0.04665,0.02123,0.17731,0.04688,1.45417
3.75,LQR,task1,TO_PICKUP_T1,ROUTE,T1,WS1,-1.01071,-2.14744,-2.12,1.1,0.57936,0.69662,0.0,94.51751,NORMAL,0,0,0,0.052,0.02162,0.16269,0.03472,1.47183
3.9,LQR,task1,TO_PICKUP_T1,ROUTE,T1,WS1,-1.02984,-2.1593,-2.12,1.1,0.55611,0.70949,0.0,94.48443,NORMAL,0,0,0,0.04713,0.02198,0.14445,0.04628,1.49385
4.05,LQR,task1,TO_PICKUP_T1,ROUTE,T1,WS1,-1.04711,-2.1702,-2.12,1.1,0.53522,0.7216,0.0,94.45433,NORMAL,0,0,0,0.05119,0.02248,0.13297,0.032,1.5089
4.2,LQR,task1,TO_PICKUP_T1,ROUTE,T1,WS1,-1.06251,-2.18011,-2.12,1.1,0.51615,0.73326,0.0,94.42655,NORMAL,0,0,0,0.05242,0.02297,0.11597,0.01892,1.52934
4.35,LQR,task1,PICKUP_T1,ARRIVED_TARGET,T1,WS1,-1.0745,-2.18811,-2.12,1.1,0.4992,0.74401,0.0,94.40145,NORMAL,0,0,0,0.03793,0.02347,0.0,0.0,1.65119
4.5,LQR,task1,PICKUP_T1,MANIPULATING,T1,WS1,-1.07456,-2.18819,-2.12,1.1,-1.0,-1.0,0.0,94.3977,NORMAL,0,0,0,0.02279,0.02902,0.0,0.0,1.65119
4.65,LQR,task1,PICKUP_T1,MANIPULATING,T1,WS1,-1.07455,-2.18818,-2.12,1.1,-1.0,-1.0,0.0,94.39395,NORMAL,0,0,0,0.01308,0.03473,0.0,0.0,1.65119
4.8,LQR,task1,PICKUP_T1,MANIPULATING,T1,WS1,-1.07455,-2.18818,-2.12,1.1,-1.0,-1.0,0.0,94.3902,NORMAL,0,0,0,0.00917,0.03836,0.0,0.0,1.65119
4.95,LQR,task1,PICKUP_T1,MANIPULATING,T1,WS1,-1.07454,-2.18818,-2.12,1.1,-1.0,-1.0,0.0,94.38645,NORMAL,0,0,0,0.00353,0.04066,0.0,0.0,1.65119
5.1,LQR,task1,PICKUP_T1,MANIPULATING,T1,WS1,-1.07454,-2.18818,-2.12,1.1,-1.0,-1.0,0.0,94.3827,NORMAL,0,0,0,0.00665,0.04213,0.0,0.0,1.65119
5.25,LQR,task1,TO_WS1_DELIVER_T1,MANIPULATING,T1,WS1,-1.07452,-2.18816,-2.12,1.1,-1.0,-1.0,0.0,94.37895,NORMAL,0,0,0,0.00795,0.04307,0.0,0.0,1.65119
5.4,LQR,task1,TO_WS1_DELIVER_T1,ROUTE,T1,WS1,-1.07335,-2.18883,-2.12,1.1,3.45064,0.74706,0.0,94.3727,NORMAL,0,0,0,0.01278,0.0239,0.0,-1.06245,1.9168
5.55,LQR,task1,TO_WS1_DELIVER_T1,ROUTE,T1,WS1,-1.07219,-2.19299,-2.12,1.1,3.45372,0.7541,0.0,94.36288,NORMAL,0,0,0,0.01959,0.02388,0.0,-1.26975,1.96863
5.7,LQR,task1,TO_WS1_DELIVER_T1,ROUTE,T1,WS1,-1.06934,-2.19979,-2.12,1.1,3.46055,0.77813,0.0,94.35237,NORMAL,0,0,0,0.02526,0.02486,0.0,-1.3102,1.97874
5.85,LQR,task1,TO_WS1_DELIVER_T1,ROUTE,T1,WS1,-1.07158,-2.20718,-2.12,1.1,3.46752,0.83688,0.0,94.33698,NORMAL,0,0,0,0.01357,0.02501,0.05634,-1.31809,2.03705
6.0,LQR,task1,TO_WS1_DELIVER_T1,ROUTE,T1,WS1,-1.0813,-2.21506,-2.12,1.1,3.4729,0.81794,0.0,94.31482,NORMAL,0,0,0,0.01902,0.02553,0.06734,-1.31963,2.04843
6.15,LQR,task1,TO_WS1_DELIVER_T1,ROUTE,T1,WS1,-1.10619,-2.21905,-2.12,1.1,3.47368,0.84491,0.0,94.26289,NORMAL,0,0,0,0.01754,0.02518,0.40753,-1.31993,2.38871
6.3,LQR,task1,TO_WS1_DELIVER_T1,ROUTE,T1,WS1,-1.16001,-2.2075,-2.12,1.1,3.45652,0.83315,0.0,94.17021,NORMAL,0,0,0,0.02389,0.03227,0.47391,-1.31999,2.4551
6.45,LQR,task1,TO_WS1_DELIVER_T1,ROUTE,T1,WS1,-1.22296,-2.17845,-2.12,1.1,3.4152,0.81525,0.0,94.06958,NORMAL,0,0,0,0.02195,0.02522,0.48686,-1.32,2.46805
6.6,LQR,task1,TO_WS1_DELIVER_T1,ROUTE,T1,WS1,-1.28021,-2.13875,-2.12,1.1,3.36476,0.83275,0.0,93.96768,NORMAL,0,0,0,0.01097,0.02499,0.48939,-1.12376,2.51964
6.75,LQR,task1,TO_WS1_DELIVER_T1,ROUTE,T1,WS1,-1.32902,-2.08784,-2.12,1.1,3.30603,0.87528,0.0,93.86667,NORMAL,0,0,0,0.00766,0.02952,0.48988,-0.87244,2.58296
6.9,LQR,task1,TO_WS1_DELIVER_T1,ROUTE,T1,WS1,-1.36985,-2.02941,-2.12,1.1,3.24095,0.95608,0.0,93.76691,NORMAL,0,0,0,0.00706,0.03416,0.48998,-0.63776,2.64173
7.05,LQR,task1,TO_WS1_DELIVER_T1,ROUTE,T1,WS1,-1.40417,-1.96619,-2.12,1.1,3.17231,0.93832,0.0,93.66828,NORMAL,0,0,0,0.00385,0.03707,0.49,-0.45448,2.68757
7.2,LQR,task1,TO_WS1_DELIVER_T1,ROUTE,T1,WS1,-1.43352,-1.90006,-2.12,1.1,3.10177,0.92063,0.0,93.57052,NORMAL,0,0,0,0.00795,0.03896,0.49,-0.32034,2.7211
7.35,LQR,task1,TO_WS1_DELIVER_T1,ROUTE,T1,WS1,-1.45924,-1.83201,-2.12,1.1,3.02997,0.90447,0.0,93.4734,NORMAL,0,0,0,0.00631,0.04023,0.49,-0.22431,2.74511
7.5,LQR,task1,TO_WS1_DELIVER_T1,ROUTE,T1,WS1,-1.48234,-1.76283,-2.12,1.1,2.95754,0.68185,0.0,93.37672,NORMAL,0,0,0,0.02773,0.02125,0.49,-0.1557,2.76226
7.65,LQR,task1,TO_WS1_DELIVER_T1,ROUTE,T1,WS1,-1.50356,-1.69286,-2.12,1.1,2.88476,0.69294,0.0,93.28036,NORMAL,0,0,0,0.04174,0.02051,0.49,-0.11421,2.77264
7.8,LQR,task1,TO_WS1_DELIVER_T1,AVOIDING,T1,WS1,-1.52346,-1.62239,-2.12,1.1,2.81167,0.55901,0.00968,93.1842,NORMAL,0,0,0,0.04696,0.01981,0.49,-0.08153,2.78081
7.95,LQR,task1,TO_WS1_DELIVER_T1,AVOIDING,T1,WS1,-1.54237,-1.55159,-2.12,1.1,2.73852,0.54858,0.01327,93.08817,NORMAL,0,0,0,0.04384,0.0181,0.49,-0.06824,2.78413
8.1,LQR,task1,TO_WS1_DELIVER_T1,AVOIDING,T1,WS1,-1.56051,-1.4806,-2.12,1.1,2.66526,0.5468,0.01394,92.99222,NORMAL,0,0,0,0.06483,0.0173,0.49,-0.05457,2.78755
8.2,LQR,task1,TO_WS1_DELIVER_T1,AVOIDING,T1,WS1,-1.57226,-1.43311,-2.12,1.1,2.61639,0.55057,0.01254,92.92827,NORMAL,0,0,0,0.05183,0.01764,0.49,-0.05372,2.78899
8.3,LQR,task1,TO_WS1_DELIVER_T1,AVOIDING,T1,WS1,-1.58375,-1.38559,-2.12,1.1,2.56758,0.5558,0.00993,92.86434,NORMAL,0,0,0,0.02363,0.01566,0.49,-0.04481,2.79122
8.4,LQR,task1,TO_WS1_DELIVER_T1,AVOIDING,T1,WS1,-1.59497,-1.33797,-2.12,1.1,2.51868,0.54957,0.00682,92.80045,NORMAL,0,0,0,0.01635,0.01561,0.49,-0.02781,2.79547
8.5,LQR,task1,TO_WS1_DELIVER_T1,AVOIDING,T1,WS1,-1.60599,-1.29028,-2.12,1.1,2.46971,0.54711,0.00426,92.73661,NORMAL,0,0,0,0.02143,0.01589,0.49,-0.02598,2.79642
8.6,LQR,task1,TO_WS1_DELIVER_T1,AVOIDING,T1,WS1,-1.61688,-1.24256,-2.12,1.1,2.42079,0.54872,0.00238,92.67278,NORMAL,0,0,0,0.0172,0.01605,0.49,-0.01774,2.79848
8.7,LQR,task1,TO_WS1_DELIVER_T1,AVOIDING,T1,WS1,-1.62769,-1.19479,-2.12,1.1,2.37181,0.55448,0.00201,92.60896,NORMAL,0,0,0,0.025,0.00778,0.49,-0.01521,2.7994
8.8,LQR,task1,TO_WS1_DELIVER_T1,AVOIDING,T1,WS1,-1.6384,-1.147,-2.12,1.1,2.32287,0.56414,0.00146,92.54518,NORMAL,0,0,0,0.02336,0.00775,0.49,0.00392,2.80418
8.9,LQR,task1,TO_WS1_DELIVER_T1,AVOIDING,T1,WS1,-1.64906,-1.09913,-2.12,1.1,2.27388,0.57477,0.00096,92.4814,NORMAL,0,0,0,0.03408,0.00739,0.49,0.01948,2.80807
9.0,LQR,task1,TO_WS1_DELIVER_T1,AVOIDING,T1,WS1,-1.65976,-1.05128,-2.12,1.1,2.22478,0.58527,0.00056,92.41757,NORMAL,0,0,0,0.04752,0.00737,0.49,0.03128,2.81102
9.1,LQR,task1,TO_WS1_DELIVER_T1,AVOIDING,T1,WS1,-1.67059,-1.00343,-2.12,1.1,2.17576,0.59577,0.00028,92.3537,NORMAL,0,0,0,0.06244,0.00735,0.49,0.03618,2.81224
9.2,LQR,task1,TO_WS1_DELIVER_T1,AVOIDING,T1,WS1,-1.6816,-0.95558,-2.12,1.1,2.12667,0.58982,0.00237,92.28982,NORMAL,0,0,0,0.0754,0.00734,0.49,0.04192,2.81368
9.3,LQR,task1,TO_WS1_DELIVER_T1,AVOIDING,T1,WS1,-1.69285,-0.90786,-2.12,1.1,2.07768,0.55683,0.01038,92.22594,NORMAL,0,0,0,0.06049,0.00732,0.49,0.01153,2.82128
9.4,LQR,task1,TO_WS1_DELIVER_T1,AVOIDING,T1,WS1,-1.70425,-0.86025,-2.12,1.1,2.02865,0.52619,0.02289,92.16217,NORMAL,0,0,0,0.06866,0.00732,0.49,-0.00854,2.82629
9.5,LQR,task1,TO_WS1_DELIVER_T1,AVOIDING,T1,WS1,-1.71563,-0.81264,-2.12,1.1,1.9798,0.49863,0.03832,92.09838,NORMAL,0,0,0,0.06277,0.0073,0.49,-0.01889,2.82888
9.6,LQR,task1,TO_WS1_DELIVER_T1,AVOIDING,T1,WS1,-1.72691,-0.76501,-2.12,1.1,1.93083,0.47463,0.05497,92.03457,NORMAL,0,0,0,0.05657,0.00728,0.49,-0.0099,2.83113
9.7,LQR,task1,TO_WS1_DELIVER_T1,AVOIDING,T1,WS1,-1.73812,-0.71736,-2.12,1.1,1.88185,0.46192,0.06501,91.97078,NORMAL,0,0,0,0.05986,0.00726,0.49,-0.0093,2.83147
9.8,LQR,task1,TO_WS1_DELIVER_T1,AVOIDING,T1,WS1,-1.74936,-0.66973,-2.12,1.1,1.83287,0.43567,0.08839,91.90698,NORMAL,0,0,0,0.0537,0.00757,0.49,-0.04154,2.83953
9.9,LQR,task1,TO_WS1_DELIVER_T1,AVOIDING,T1,WS1,-1.76054,-0.62221,-2.12,1.1,1.78403,0.40575,0.11941,91.84305,NORMAL,0,0,0,0.06119,0.00757,0.49,-0.08707,2.85091
10.0,LQR,task1,TO_WS1_DELIVER_T1,AVOIDING,T1,WS1,-1.77152,-0.57478,-2.12,1.1,1.73531,0.38054,0.14917,91.7789,NORMAL,0,0,0,0.03437,0.00732,0.49,-0.1559,2.86812
10.1,LQR,task1,TO_WS1_DELIVER_T1,AVOIDING,T1,WS1,-1.78173,-0.5272,-2.12,1.1,1.68669,0.36983,0.16282,91.71461,NORMAL,0,0,0,0.03537,0.00752,0.49,-0.13103,2.87434
10.2,LQR,task1,TO_WS1_DELIVER_T1,AVOIDING,T1,WS1,-1.79115,-0.47934,-2.12,1.1,1.638,0.36268,0.17225,91.65044,NORMAL,0,0,0,0.06802,0.00752,0.49,-0.09204,2.88409
10.3,LQR,task1,TO_WS1_DELIVER_T1,AVOIDING,T1,WS1,-1.80007,-0.43133,-2.12,1.1,1.58915,0.33719,0.20807,91.58639,NORMAL,0,0,0,0.08708,0.00751,0.49,-0.0923,2.89202
10.4,LQR,task1,TO_WS1_DELIVER_T1,AVOIDING,T1,WS1,-1.80868,-0.38334,-2.12,1.1,1.54039,0.32912,0.22011,91.52229,NORMAL,0,0,0,0.10531,0.00749,0.49,-0.11832,2.89853
10.5,LQR,task1,TO_WS1_DELIVER_T1,AVOIDING,T1,WS1,-1.81681,-0.33536,-2.12,1.1,1.49171,0.32177,0.23138,91.4581,NORMAL,0,0,0,0.0832,0.00746,0.49,-0.15574,2.90789
10.6,LQR,task1,TO_WS1_DELIVER_T1,AVOIDING,T1,WS1,-1.82437,-0.28741,-2.12,1.1,1.44313,0.31533,0.24148,91.39374,NORMAL,0,0,0,0.05471,0.00828,0.49,-0.21631,2.92303
10.7,LQR,task1,TO_WS1_DELIVER_T1,AVOIDING,T1,WS1,-1.83105,-0.23942,-2.12,1.1,1.39475,0.31017,0.24972,91.32919,NORMAL,0,0,0,0.02441,0.00867,0.49,-0.26845,2.93606
10.8,LQR,task1,TO_WS1_DELIVER_T1,AVOIDING,T1,WS1,-1.83656,-0.19134,-2.12,1.1,1.34648,0.30656,0.25557,91.26447,NORMAL,0,0,0,0.02288,0.00942,0.49,-0.28903,2.94121
10.9,LQR,task1,TO_WS1_DELIVER_T1,AVOIDING,T1,WS1,-1.84063,-0.14314,-2.12,1.1,1.29845,0.30453,0.2589,91.19972,NORMAL,0,0,0,0.03995,0.00993,0.49,-0.27768,2.94404
11.0,LQR,task1,TO_WS1_DELIVER_T1,AVOIDING,T1,WS1,-1.8433,-0.09473,-2.12,1.1,1.25055,0.30387,0.25999,91.13502,NORMAL,0,0,0,0.04768,0.00757,0.49,-0.24301,2.95271
11.1,LQR,task1,TO_WS1_DELIVER_T1,AVOIDING,T1,WS1,-1.84456,-0.04614,-2.12,1.1,1.20289,0.30432,0.25924,91.07047,NORMAL,0,0,0,0.05461,0.00739,0.49,-0.17685,2.96925
11.2,LQR,task1,TO_WS1_DELIVER_T1,AVOIDING,T1,WS1,-1.8448,0.00186,-2.12,1.1,1.15541,0.30354,0.25745,91.00613,NORMAL,0,0,0,0.05726,0.00739,0.47516,-0.13638,2.99421
11.3,LQR,task1,TO_WS1_DELIVER_T1,AVOIDING,T1,WS1,-1.84423,0.04784,-2.12,1.1,1.10994,0.3024,0.2549,90.94438,NORMAL,0,0,0,0.06748,0.0074,0.45661,-0.07877,3.02716
11.4,LQR,task1,TO_WS1_DELIVER_T1,AVOIDING,T1,WS1,-1.84319,0.09082,-2.12,1.1,1.06633,0.30244,0.25219,90.88481,NORMAL,0,0,0,0.07797,0.00756,0.26252,-0.23114,3.2669
11.5,LQR,task1,TO_WS1_DELIVER_T1,AVOIDING,T1,WS1,-1.84244,0.12022,-2.12,1.1,1.03129,0.30314,0.24981,90.85003,NORMAL,0,0,0,0.07159,0.00754,0.21939,-0.37962,3.34715
11.6,LQR,task1,TO_WS1_DELIVER_T1,AVOIDING,T1,WS1,-1.84257,0.14175,-2.12,1.1,1.00757,0.30225,0.24747,90.8202,NORMAL,0,0,0,0.07542,0.00797,0.18679,-0.39904,3.3846
11.7,LQR,task1,TO_WS1_DELIVER_T1,AVOIDING,T1,WS1,-1.84299,0.15813,-2.12,1.1,0.98975,0.29878,0.24262,90.79398,NORMAL,0,0,0,0.07484,0.00802,0.16609,-0.3646,3.41392
11.8,LQR,task1,TO_WS1_DELIVER_T1,AVOIDING,T1,WS1,-1.84302,0.17203,-2.12,1.1,0.97511,0.29495,0.23609,90.77031,NORMAL,0,0,0,0.05052,0.00755,0.13865,-0.33952,3.44762
11.9,LQR,task1,TO_WS1_DELIVER_T1,AVOIDING,T1,WS1,-1.84269,0.18431,-2.12,1.1,0.96282,0.29193,0.22932,90.74976,NORMAL,0,0,0,0.03802,0.00753,0.12668,-0.29875,3.46979
12.0,LQR,task1,TO_WS1_DELIVER_T1,AVOIDING,T1,WS1,-1.84185,0.19533,-2.12,1.1,0.95197,0.29004,0.22287,90.7313,NORMAL,0,0,0,0.05877,0.00741,0.11652,-0.21811,3.50682
12.1,LQR,task1,TO_WS1_DELIVER_T1,AVOIDING,T1,WS1,-1.84036,0.20723,-2.12,1.1,0.94142,0.28946,0.21713,90.71316,NORMAL,0,0,0,0.07142,0.0074,0.12585,-0.16454,3.52954
12.2,LQR,task1,TO_WS1_DELIVER_T1,AVOIDING,T1,WS1,-1.83841,0.21968,-2.12,1.1,0.9304,0.28988,0.21134,90.6944,NORMAL,0,0,0,0.08121,0.00738,0.1336,-0.15255,3.54156
12.3,LQR,task1,TO_WS1_DELIVER_T1,AVOIDING,T1,WS1,-1.83602,0.23284,-2.12,1.1,0.91872,0.29093,0.20523,90.67456,NORMAL,0,0,0,0.10175,0.00739,0.13727,-0.12466,3.55219
12.4,LQR,task1,TO_WS1_DELIVER_T1,AVOIDING,T1,WS1,-1.83332,0.24579,-2.12,1.1,0.9072,0.29257,0.19931,90.65492,NORMAL,0,0,0,0.11879,0.00721,0.13791,-0.08015,3.57711
12.5,LQR,task1,TO_WS1_DELIVER_T1,AVOIDING,T1,WS1,-1.83022,0.25928,-2.12,1.1,0.8955,0.29496,0.19371,90.6349,NORMAL,0,0,0,0.12986,0.00759,0.14066,-0.04379,3.58895
12.6,LQR,task1,TO_WS1_DELIVER_T1,AVOIDING,T1,WS1,-1.82696,0.2722,-2.12,1.1,0.88362,0.29795,0.18839,90.6146,NORMAL,0,0,0,0.1354,0.00763,0.10057,0.19127,3.6907
12.7,LQR,task1,DELIVER_T1_WS1,MANIPULATING,T1,WS1,-1.8258,0.27595,-2.12,1.1,-1.0,-1.0,0.0,90.60548,NORMAL,0,0,0,0.1532,0.00764,0.0,0.0,3.83909
12.8,LQR,task1,DELIVER_T1_WS1,MANIPULATING,T1,WS1,-1.82576,0.27592,-2.12,1.1,-1.0,-1.0,0.0,90.60298,NORMAL,0,0,0,0.11378,0.01729,0.0,0.0,3.83909
12.9,LQR,task1,DELIVER_T1_WS1,MANIPULATING,T1,WS1,-1.82575,0.27594,-2.12,1.1,-1.0,-1.0,0.0,90.60048,NORMAL,0,0,0,0.07577,0.02443,0.0,0.0,3.83909
13.0,LQR,task1,DELIVER_T1_WS1,MANIPULATING,T1,WS1,-1.82575,0.27593,-2.12,1.1,-1.0,-1.0,0.0,90.59798,NORMAL,0,0,0,0.05024,0.02971,0.0,0.0,3.83909
13.1,LQR,task1,DELIVER_T1_WS1,MANIPULATING,T1,WS1,-1.82575,0.27593,-2.12,1.1,-1.0,-1.0,0.0,90.59548,NORMAL,0,0,0,0.03287,0.03361,0.0,0.0,3.83909
13.2,LQR,task1,DELIVER_T1_WS1,MANIPULATING,T1,WS1,-1.82575,0.27593,-2.12,1.1,-1.0,-1.0,0.0,90.59298,NORMAL,0,0,0,0.02063,0.0365,0.0,0.0,3.83909
13.3,LQR,task1,DELIVER_T1_WS1,MANIPULATING,T1,WS1,-1.82575,0.27593,-2.12,1.1,-1.0,-1.0,0.0,90.59048,NORMAL,0,0,0,0.01004,0.03863,0.0,0.0,3.83909
13.4,LQR,task1,DELIVER_T1_WS1,MANIPULATING,T1,WS1,-1.82575,0.27592,-2.12,1.1,-1.0,-1.0,0.0,90.58798,NORMAL,0,0,0,0.00278,0.04021,0.0,0.0,3.83909
13.5,LQR,task1,WAIT_B1_WORK_T1,MANIPULATING,T1,WS1,-1.82575,0.27591,-2.12,1.1,-1.0,-1.0,0.0,90.58548,NORMAL,1,0,0,0.00691,0.04138,0.0,0.0,3.83909
13.6,LQR,task1,WAIT_B1_WORK_T1,WAIT_B1,T1,WS1,-1.82575,0.27592,-2.12,1.1,-1.0,-1.0,0.0,90.58298,NORMAL,1,0,0,0.00538,0.04225,0.0,0.0,3.83909
13.7,LQR,task1,WAIT_B1_WORK_T1,WAIT_B1,T1,WS1,-1.82575,0.27591,-2.12,1.1,-1.0,-1.0,0.0,90.58048,NORMAL,1,0,0,0.00912,0.04288,0.0,0.0,3.83909
13.8,LQR,task1,WAIT_B1_WORK_T1,WAIT_B1,T1,WS1,-1.82575,0.27591,-2.12,1.1,-1.0,-1.0,0.0,90.57798,NORMAL,1,0,0,0.00524,0.04336,0.0,0.0,3.83909
13.9,LQR,task1,WAIT_B1_WORK_T1,WAIT_B1,T1,WS1,-1.82575,0.27591,-2.12,1.1,-1.0,-1.0,0.0,90.57548,NORMAL,1,0,0,0.00326,0.04371,0.0,0.0,3.83909
14.0,LQR,task1,WAIT_B1_WORK_T1,WAIT_B1,T1,WS1,-1.82574,0.27591,-2.12,1.1,-1.0,-1.0,0.0,90.57298,NORMAL,1,0,0,0.00846,0.04397,0.0,0.0,3.83909
14.1,LQR,task1,WAIT_B1_WORK_T1,WAIT_B1,T1,WS1,-1.82574,0.27591,-2.12,1.1,-1.0,-1.0,0.0,90.57048,NORMAL,1,0,0,0.00312,0.04416,0.0,0.0,3.83909
14.2,LQR,task1,WAIT_B1_WORK_T1,WAIT_B1,T1,WS1,-1.82574,0.2759,-2.12,1.1,-1.0,-1.0,0.0,90.56798,NORMAL,1,0,0,0.00984,0.0443,0.0,0.0,3.83909
14.3,LQR,task1,WAIT_B1_WORK_T1,WAIT_B1,T1,WS1,-1.82574,0.2759,-2.12,1.1,-1.0,-1.0,0.0,90.56548,NORMAL,1,0,0,0.00939,0.0444,0.0,0.0,3.83909
14.4,LQR,task1,WAIT_B1_WORK_T1,WAIT_B1,T1,WS1,-1.82574,0.2759,-2.12,1.1,-1.0,-1.0,0.0,90.56298,NORMAL,1,0,0,0.00875,0.04448,0.0,0.0,3.83909
14.5,LQR,task1,WAIT_B1_WORK_T1,WAIT_B1,T1,WS1,-1.82574,0.27589,-2.12,1.1,-1.0,-1.0,0.0,90.56048,NORMAL,1,0,0,0.00349,0.04454,0.0,0.0,3.83909
14.6,LQR,task1,WAIT_B1_WORK_T1,WAIT_B1,T1,WS1,-1.82574,0.27588,-2.12,1.1,-1.0,-1.0,0.0,90.55798,NORMAL,1,0,0,0.00192,0.04458,0.0,0.0,3.83909
14.7,LQR,task1,WAIT_B1_WORK_T1,WAIT_B1,T1,WS1,-1.82574,0.27588,-2.12,1.1,-1.0,-1.0,0.0,90.55548,NORMAL,1,0,0,0.00691,0.04461,0.0,0.0,3.83909
14.8,LQR,task1,WAIT_B1_WORK_T1,WAIT_B1,T1,WS1,-1.82574,0.27588,-2.12,1.1,-1.0,-1.0,0.0,90.55298,NORMAL,1,0,0,0.00155,0.04463,0.0,0.0,3.83909
14.9,LQR,task1,WAIT_B1_WORK_T1,WAIT_B1,T1,WS1,-1.82574,0.27587,-2.12,1.1,-1.0,-1.0,0.0,90.55048,NORMAL,1,0,0,0.00831,0.04465,0.0,0.0,3.83909
15.0,LQR,task1,WAIT_B1_WORK_T1,WAIT_B1,T1,WS1,-1.82574,0.27587,-2.12,1.1,-1.0,-1.0,0.0,90.54798,NORMAL,1,0,0,0.01156,0.04466,0.0,0.0,3.83909
15.1,LQR,task1,WAIT_B1_WORK_T1,WAIT_B1,T1,WS1,-1.82573,0.27588,-2.12,1.1,-1.0,-1.0,0.0,90.54548,NORMAL,1,0,0,0.01132,0.04467,0.0,0.0,3.83909
15.2,LQR,task1,WAIT_B1_WORK_T1,WAIT_B1,T1,WS1,-1.82573,0.27587,-2.12,1.1,-1.0,-1.0,0.0,90.54298,NORMAL,1,0,0,0.02036,0.04468,0.0,0.0,3.83909
15.3,LQR,task1,WAIT_B1_WORK_T1,WAIT_B1,T1,WS1,-1.82573,0.27587,-2.12,1.1,-1.0,-1.0,0.0,90.54048,NORMAL,1,0,0,0.0237,0.04469,0.0,0.0,3.83909
15.4,LQR,task1,WAIT_B1_WORK_T1,WAIT_B1,T1,WS1,-1.82573,0.27587,-2.12,1.1,-1.0,-1.0,0.0,90.53798,NORMAL,1,0,0,0.01681,0.04469,0.0,0.0,3.83909
15.5,LQR,task1,WAIT_B1_WORK_T1,WAIT_B1,T1,WS1,-1.82573,0.27587,-2.12,1.1,-1.0,-1.0,0.0,90.53548,NORMAL,1,0,0,0.01553,0.04469,0.0,0.0,3.83909
15.6,LQR,task1,WAIT_B1_WORK_T1,WAIT_B1,T1,WS1,-1.82572,0.27587,-2.12,1.1,-1.0,-1.0,0.0,90.53298,NORMAL,1,0,0,0.01047,0.04469,0.0,0.0,3.83909
15.7,LQR,task1,WAIT_B1_WORK_T1,WAIT_B1,T1,WS1,-1.82572,0.27586,-2.12,1.1,-1.0,-1.0,0.0,90.53048,NORMAL,1,0,0,0.00758,0.0447,0.0,0.0,3.83909
15.8,LQR,task1,WAIT_B1_WORK_T1,WAIT_B1,T1,WS1,-1.82572,0.27586,-2.12,1.1,-1.0,-1.0,0.0,90.52798,NORMAL,1,0,0,0.00542,0.0447,0.0,0.0,3.83909
15.9,LQR,task1,WAIT_B1_WORK_T1,WAIT_B1,T1,WS1,-1.82572,0.27586,-2.12,1.1,-1.0,-1.0,0.0,90.52548,NORMAL,1,0,0,0.00312,0.0447,0.0,0.0,3.83909
16.0,LQR,task1,WAIT_B1_WORK_T1,WAIT_B1,T1,WS1,-1.82572,0.27585,-2.12,1.1,-1.0,-1.0,0.0,90.52298,NORMAL,1,0,0,0.00433,0.0447,0.0,0.0,3.83909
16.1,LQR,task1,WAIT_B1_WORK_T1,WAIT_B1,T1,WS1,-1.82572,0.27585,-2.12,1.1,-1.0,-1.0,0.0,90.52048,NORMAL,1,0,0,0.00542,0.0447,0.0,0.0,3.83909
16.2,LQR,task1,WAIT_B1_WORK_T1,WAIT_B1,T1,WS1,-1.82572,0.27585,-2.12,1.1,-1.0,-1.0,0.0,90.51798,NORMAL,1,0,0,0.00262,0.0447,0.0,0.0,3.83909
16.3,LQR,task1,WAIT_B1_WORK_T1,WAIT_B1,T1,WS1,-1.82571,0.27585,-2.12,1.1,-1.0,-1.0,0.0,90.51548,NORMAL,1,0,0,0.0104,0.0447,0.0,0.0,3.83909
16.4,LQR,task1,WAIT_B1_WORK_T1,WAIT_B1,T1,WS1,-1.82571,0.27585,-2.12,1.1,-1.0,-1.0,0.0,90.51298,NORMAL,1,0,0,0.00934,0.0447,0.0,0.0,3.83909
16.5,LQR,task1,WAIT_B1_WORK_T1,WAIT_B1,T1,WS1,-1.82571,0.27584,-2.12,1.1,-1.0,-1.0,0.0,90.51048,NORMAL,1,0,0,0.00982,0.0447,0.0,0.0,3.83909
16.6,LQR,task1,WAIT_B1_WORK_T1,WAIT_B1,T1,WS1,-1.82571,0.27585,-2.12,1.1,-1.0,-1.0,0.0,90.50798,NORMAL,1,0,0,0.01374,0.0447,0.0,0.0,3.83909
16.7,LQR,task1,WAIT_B1_WORK_T1,WAIT_B1,T1,WS1,-1.82571,0.27584,-2.12,1.1,-1.0,-1.0,0.0,90.50548,NORMAL,1,0,0,0.01188,0.0447,0.0,0.0,3.83909
16.8,LQR,task1,WAIT_B1_WORK_T1,WAIT_B1,T1,WS1,-1.82571,0.27584,-2.12,1.1,-1.0,-1.0,0.0,90.50298,NORMAL,1,0,0,0.00801,0.0447,0.0,0.0,3.83909
16.9,LQR,task1,WAIT_B1_WORK_T1,WAIT_B1,T1,WS1,-1.8257,0.27584,-2.12,1.1,-1.0,-1.0,0.0,90.50048,NORMAL,1,0,0,0.0084,0.0447,0.0,0.0,3.83909
17.0,LQR,task1,WAIT_B1_WORK_T1,WAIT_B1,T1,WS1,-1.8257,0.27583,-2.12,1.1,-1.0,-1.0,0.0,90.49798,NORMAL,1,0,0,0.01433,0.0447,0.0,0.0,3.83909
17.1,LQR,task1,WAIT_B1_WORK_T1,WAIT_B1,T1,WS1,-1.8257,0.27584,-2.12,1.1,-1.0,-1.0,0.0,90.49548,NORMAL,1,0,0,0.01277,0.0447,0.0,0.0,3.83909
17.2,LQR,task1,WAIT_B1_WORK_T1,WAIT_B1,T1,WS1,-1.8257,0.27584,-2.12,1.1,-1.0,-1.0,0.0,90.49298,NORMAL,1,0,0,0.01497,0.0447,0.0,0.0,3.83909
17.3,LQR,task1,WAIT_B1_WORK_T1,WAIT_B1,T1,WS1,-1.8257,0.27583,-2.12,1.1,-1.0,-1.0,0.0,90.49048,NORMAL,1,0,0,0.01458,0.0447,0.0,0.0,3.83909
17.4,LQR,task1,WAIT_B1_WORK_T1,WAIT_B1,T1,WS1,-1.8257,0.27583,-2.12,1.1,-1.0,-1.0,0.0,90.48798,NORMAL,1,0,0,0.01559,0.0447,0.0,0.0,3.83909
17.5,LQR,task1,WAIT_B1_WORK_T1,WAIT_B1,T1,WS1,-1.82569,0.27583,-2.12,1.1,-1.0,-1.0,0.0,90.48548,NORMAL,1,0,0,0.01666,0.0447,0.0,0.0,3.83909
17.6,LQR,task1,WAIT_B1_WORK_T1,WAIT_B1,T1,WS1,-1.82569,0.27583,-2.12,1.1,-1.0,-1.0,0.0,90.48298,NORMAL,1,0,0,0.01357,0.0447,0.0,0.0,3.83909
17.7,LQR,task1,WAIT_B1_WORK_T1,WAIT_B1,T1,WS1,-1.82569,0.27582,-2.12,1.1,-1.0,-1.0,0.0,90.48048,NORMAL,1,0,0,0.00719,0.0447,0.0,0.0,3.83909
17.8,LQR,task1,WAIT_B1_WORK_T1,WAIT_B1,T1,WS1,-1.82569,0.27582,-2.12,1.1,-1.0,-1.0,0.0,90.47798,NORMAL,1,0,0,0.01348,0.0447,0.0,0.0,3.83909
17.9,LQR,task1,WAIT_B1_WORK_T1,WAIT_B1,T1,WS1,-1.82569,0.27582,-2.12,1.1,-1.0,-1.0,0.0,90.47548,NORMAL,1,0,0,0.0089,0.0447,0.0,0.0,3.83909
18.0,LQR,task1,WAIT_B1_WORK_T1,WAIT_B1,T1,WS1,-1.82568,0.27582,-2.12,1.1,-1.0,-1.0,0.0,90.47298,NORMAL,1,0,0,0.00571,0.0447,0.0,0.0,3.83909
18.1,LQR,task1,WAIT_B1_WORK_T1,WAIT_B1,T1,WS1,-1.82568,0.27582,-2.12,1.1,-1.0,-1.0,0.0,90.47048,NORMAL,1,0,0,0.0106,0.0447,0.0,0.0,3.83909
18.2,LQR,task1,WAIT_B1_WORK_T1,WAIT_B1,T1,WS1,-1.82568,0.27581,-2.12,1.1,-1.0,-1.0,0.0,90.46798,NORMAL,1,0,0,0.00507,0.0447,0.0,0.0,3.83909
18.3,LQR,task1,WAIT_B1_WORK_T1,WAIT_B1,T1,WS1,-1.82568,0.27581,-2.12,1.1,-1.0,-1.0,0.0,90.46548,NORMAL,1,0,0,0.00214,0.0447,0.0,0.0,3.83909
18.4,LQR,task1,WAIT_B1_WORK_T1,WAIT_B1,T1,WS1,-1.82568,0.27581,-2.12,1.1,-1.0,-1.0,0.0,90.46298,NORMAL,1,0,0,0.00374,0.0447,0.0,0.0,3.83909
18.5,LQR,task2,PICK_RETURN_T1_WS1,WAIT_B1,T1,WS1,-1.82567,0.27581,-2.12,1.1,-1.0,-1.0,0.0,90.46048,NORMAL,1,0,0,0.0148,0.0447,0.0,0.0,3.83909
18.6,LQR,task2,PICK_RETURN_T1_WS1,MANIPULATING,T1,WS1,-1.82567,0.27581,-2.12,1.1,-1.0,-1.0,0.0,90.45798,NORMAL,1,0,0,0.00897,0.0447,0.0,0.0,3.83909
18.7,LQR,task2,PICK_RETURN_T1_WS1,MANIPULATING,T1,WS1,-1.82567,0.2758,-2.12,1.1,-1.0,-1.0,0.0,90.45548,NORMAL,1,0,0,0.00321,0.0447,0.0,0.0,3.83909
18.8,LQR,task2,PICK_RETURN_T1_WS1,MANIPULATING,T1,WS1,-1.82567,0.2758,-2.12,1.1,-1.0,-1.0,0.0,90.45298,NORMAL,1,0,0,0.00731,0.0447,0.0,0.0,3.83909
18.9,LQR,task2,PICK_RETURN_T1_WS1,MANIPULATING,T1,WS1,-1.82567,0.27581,-2.12,1.1,-1.0,-1.0,0.0,90.45048,NORMAL,1,0,0,0.01512,0.0447,0.0,0.0,3.83909
19.0,LQR,task2,PICK_RETURN_T1_WS1,MANIPULATING,T1,WS1,-1.82567,0.2758,-2.12,1.1,-1.0,-1.0,0.0,90.44798,NORMAL,1,0,0,0.01555,0.0447,0.0,0.0,3.83909
19.1,LQR,task2,PICK_RETURN_T1_WS1,MANIPULATING,T1,WS1,-1.82566,0.27581,-2.12,1.1,-1.0,-1.0,0.0,90.44548,NORMAL,1,0,0,0.01847,0.0447,0.0,0.0,3.83909
19.2,LQR,task2,PICK_RETURN_T1_WS1,MANIPULATING,T1,WS1,-1.82566,0.27581,-2.12,1.1,-1.0,-1.0,0.0,90.44298,NORMAL,1,0,0,0.00796,0.0447,0.0,0.0,3.83909
19.3,LQR,task2,PICK_RETURN_T1_WS1,MANIPULATING,T1,WS1,-1.82566,0.2758,-2.12,1.1,-1.0,-1.0,0.0,90.44048,NORMAL,1,0,0,0.00238,0.0447,0.0,0.0,3.83909
19.4,LQR,task2,TO_RACK_T1_RETURN,AVOIDING,T1,WS1,-1.82587,0.2757,-2.12,1.1,2.79969,0.3017,0.18649,90.43798,NORMAL,1,0,0,0.00201,0.0447,0.0,-0.5544,3.97769
19.5,LQR,task2,TO_RACK_T1_RETURN,AVOIDING,T1,WS1,-1.82691,0.27546,-2.12,1.1,2.79953,0.29964,0.18416,90.43298,NORMAL,1,0,0,0.04044,0.00739,0.0,-1.06245,4.1047
19.6,LQR,task2,TO_RACK_T1_RETURN,AVOIDING,T1,WS1,-1.82846,0.2764,-2.12,1.1,2.79976,0.29571,0.17598,90.42657,NORMAL,1,0,0,0.03914,0.00743,0.0,-1.23336,4.14743
19.7,LQR,task2,TO_RACK_T1_RETURN,AVOIDING,T1,WS1,-1.83168,0.27872,-2.12,1.1,2.80193,0.28788,0.15982,90.41969,NORMAL,1,0,0,0.03978,0.00745,0.0,-1.29085,4.1618
19.8,LQR,task2,TO_RACK_T1_RETURN,AVOIDING,T1,WS1,-1.83683,0.28055,-2.12,1.1,2.80464,0.27181,0.13332,90.41265,NORMAL,1,0,0,0.02963,0.00761,0.0,-1.3102,4.16664
19.9,LQR,task2,TO_RACK_T1_RETURN,AVOIDING,T1,WS1,-1.84168,0.28276,-2.12,1.1,2.80703,0.25829,0.06126,90.40556,NORMAL,1,0,0,0.03551,0.00738,0.0,-1.3167,4.16826
20.0,LQR,task2,TO_RACK_T1_RETURN,AVOIDING,T1,WS1,-1.84568,0.28619,-2.12,1.1,2.81061,0.24785,0.06485,90.39845,NORMAL,1,0,0,0.06877,0.00728,0.0,-1.31889,4.16881
20.1,LQR,task2,TO_RACK_T1_RETURN,AVOIDING,T1,WS1,-1.84913,0.29012,-2.12,1.1,2.81481,0.24082,0.06732,90.39133,NORMAL,1,0,0,0.11834,0.00726,0.0,-1.31963,4.16899
20.2,LQR,task2,TO_RACK_T1_RETURN,AVOIDING,T1,WS1,-1.85217,0.29438,-2.12,1.1,2.81932,0.23234,0.07037,90.38421,NORMAL,1,0,0,0.04609,0.00725,0.0,-1.31987,4.16906
20.3,LQR,task2,TO_RACK_T1_RETURN,AVOIDING,T1,WS1,-1.85465,0.29899,-2.12,1.1,2.82414,0.2254,0.07291,90.37709,NORMAL,1,0,0,0.05105,0.00722,0.0,-1.31996,4.16908
20.4,LQR,task2,TO_RACK_T1_RETURN,AVOIDING,T1,WS1,-1.85661,0.30384,-2.12,1.1,2.82916,0.22183,0.07424,90.36997,NORMAL,1,0,0,0.04142,0.00766,0.0,-1.31999,4.16908
20.5,LQR,task2,TO_RACK_T1_RETURN,AVOIDING,T1,WS1,-1.85797,0.3089,-2.12,1.1,2.83433,0.21699,0.07605,90.36285,NORMAL,1,0,0,0.04092,0.00738,0.0,-1.32,4.16909
20.6,LQR,task2,TO_RACK_T1_RETURN,AVOIDING,T1,WS1,-1.85792,0.31408,-2.12,1.1,2.83957,0.21397,0.0772,90.35573,NORMAL,1,0,0,0.06163,0.00731,0.01959,-1.32,4.18868
20.7,LQR,task2,TO_RACK_T1_RETURN,AVOIDING,T1,WS1,-1.85379,0.31932,-2.12,1.1,2.8445,0.21721,0.07597,90.3449,NORMAL,1,0,0,0.04872,0.00741,0.05155,-1.32,4.22064
20.8,LQR,task2,TO_RACK_T1_RETURN,AVOIDING,T1,WS1,-1.84731,0.32399,-2.12,1.1,2.84873,0.22185,0.07423,90.33091,NORMAL,1,0,0,0.04944,0.00744,0.06234,-1.32,4.23143
20.9,LQR,task2,TO_RACK_T1_RETURN,AVOIDING,T1,WS1,-1.83982,0.32777,-2.12,1.1,2.85199,0.22943,0.07143,90.31585,NORMAL,1,0,0,0.05567,0.0076,0.06602,-1.32,4.23511
21.0,LQR,task2,TO_RACK_T1_RETURN,AVOIDING,T1,WS1,-1.82656,0.32867,-2.12,1.1,2.85346,0.24222,0.06683,90.28935,NORMAL,1,0,0,0.05008,0.00729,0.34737,-1.32,4.51646
21.1,LQR,task2,TO_RACK_T1_RETURN,AVOIDING,T1,WS1,-1.80324,0.32382,-2.12,1.1,2.84971,0.26177,0.06009,90.23506,NORMAL,1,0,0,0.05793,0.00745,0.44202,-1.32,4.61111
21.2,LQR,task2,TO_RACK_T1_RETURN,AVOIDING,T1,WS1,-1.76794,0.30742,-2.12,1.1,2.83648,0.29482,0.04951,90.17143,NORMAL,1,0,0,0.05656,0.00728,0.47386,-1.31596,4.64396
21.3,LQR,task2,TO_RACK_T1_RETURN,AVOIDING,T1,WS1,-1.72986,0.28131,-2.12,1.1,2.81006,0.33958,0.03682,90.10474,NORMAL,1,0,0,0.04701,0.00744,0.48457,-1.22273,4.67797
21.4,LQR,task2,TO_RACK_T1_RETURN,AVOIDING,T1,WS1,-1.69499,0.25041,-2.12,1.1,2.77794,0.37908,0.02718,90.03735,NORMAL,1,0,0,0.04425,0.00766,0.48817,-1.11163,4.70935
21.5,LQR,task2,TO_RACK_T1_RETURN,AVOIDING,T1,WS1,-1.66369,0.21551,-2.12,1.1,2.7423,0.41745,0.01921,89.97,NORMAL,1,0,0,0.04737,0.00783,0.48939,-0.98511,4.7422
21.6,LQR,task2,TO_RACK_T1_RETURN,AVOIDING,T1,WS1,-1.63635,0.17695,-2.12,1.1,2.70336,0.45337,0.013,89.90298,NORMAL,1,0,0,0.06088,0.00796,0.48979,-0.85172,4.77595
21.7,LQR,task2,TO_RACK_T1_RETURN,AVOIDING,T1,WS1,-1.6127,0.1358,-2.12,1.1,2.66179,0.48581,0.00843,89.83638,NORMAL,1,0,0,0.06042,0.00863,0.48993,-0.72865,4.80686
21.8,LQR,task2,TO_RACK_T1_RETURN,AVOIDING,T1,WS1,-1.59239,0.09269,-2.12,1.1,2.61846,0.51615,0.00505,89.77018,NORMAL,1,0,0,0.05386,0.0089,0.48998,-0.62176,4.83362
21.9,LQR,task2,TO_RACK_T1_RETURN,AVOIDING,T1,WS1,-1.57504,0.04805,-2.12,1.1,2.57359,0.53989,0.003,89.70435,NORMAL,1,0,0,0.04212,0.00865,0.48999,-0.51632,4.86
22.0,LQR,task2,TO_RACK_T1_RETURN,AVOIDING,T1,WS1,-1.56026,0.00232,-2.12,1.1,2.52773,0.55783,0.00181,89.63887,NORMAL,1,0,0,0.02594,0.0087,0.49,-0.43767,4.87967
22.1,LQR,task2,TO_RACK_T1_RETURN,AVOIDING,T1,WS1,-1.54775,-0.04419,-2.12,1.1,2.48105,0.57436,0.00098,89.57365,NORMAL,1,0,0,0.02357,0.0089,0.49,-0.36389,4.89811
22.2,LQR,task2,TO_RACK_T1_RETURN,AVOIDING,T1,WS1,-1.53715,-0.09134,-2.12,1.1,2.43382,0.58869,0.00046,89.50869,NORMAL,1,0,0,0.00648,0.00742,0.49,-0.2976,4.91469
22.3,LQR,task2,TO_RACK_T1_RETURN,AVOIDING,T1,WS1,-1.52816,-0.13894,-2.12,1.1,2.38611,0.60088,0.00017,89.44394,NORMAL,1,0,0,0.0196,0.00741,0.49,-0.24811,4.92706
22.4,LQR,task2,TO_RACK_T1_RETURN,AVOIDING,T1,WS1,-1.52053,-0.18686,-2.12,1.1,2.33814,0.61127,4e-05,89.37937,NORMAL,1,0,0,0.01687,0.00714,0.49,-0.19185,4.94113
22.5,LQR,task2,TO_RACK_T1_RETURN,AVOIDING,T1,WS1,-1.51401,-0.23508,-2.12,1.1,2.28988,0.61999,0.0,89.315,NORMAL,1,0,0,0.02085,0.00723,0.49,-0.14785,4.95212
22.6,LQR,task2,TO_RACK_T1_RETURN,ROUTE,T1,WS1,-1.50832,-0.28347,-2.12,1.1,2.24145,0.62739,0.0,89.25076,NORMAL,1,0,0,0.02779,0.00721,0.49,-0.11307,4.96082
22.7,LQR,task2,TO_RACK_T1_RETURN,AVOIDING,T1,WS1,-1.50326,-0.33198,-2.12,1.1,2.1929,0.60013,0.00103,89.18663,NORMAL,1,0,0,0.02904,0.00719,0.49,-0.08986,4.96662
22.8,LQR,task2,TO_RACK_T1_RETURN,AVOIDING,T1,WS1,-1.49872,-0.3806,-2.12,1.1,2.14424,0.56624,0.00752,89.12259,NORMAL,1,0,0,0.03814,0.00718,0.49,-0.0724,4.97099
22.9,LQR,task2,TO_RACK_T1_RETURN,AVOIDING,T1,WS1,-1.49458,-0.42925,-2.12,1.1,2.09552,0.53513,0.01874,89.05861,NORMAL,1,0,0,0.05183,0.00718,0.49,-0.05188,4.97612
23.0,LQR,task2,TO_RACK_T1_RETURN,AVOIDING,T1,WS1,-1.49074,-0.478,-2.12,1.1,2.04673,0.50716,0.03312,88.99468,NORMAL,1,0,0,0.06041,0.00718,0.49,-0.04303,4.97833
23.1,LQR,task2,TO_RACK_T1_RETURN,AVOIDING,T1,WS1,-1.48713,-0.52681,-2.12,1.1,1.99792,0.48283,0.04895,88.93079,NORMAL,1,0,0,0.0594,0.00716,0.49,-0.03464,4.98043
23.2,LQR,task2,TO_RACK_T1_RETURN,AVOIDING,T1,WS1,-1.48372,-0.57558,-2.12,1.1,1.94911,0.4757,0.05417,88.86692,NORMAL,1,0,0,0.05312,0.00716,0.49,-0.02958,4.98169
23.3,LQR,task2,TO_RACK_T1_RETURN,AVOIDING,T1,WS1,-1.48047,-0.62441,-2.12,1.1,1.90023,0.47316,0.0561,88.80307,NORMAL,1,0,0,0.0394,0.00732,0.49,-0.02703,4.98233
23.4,LQR,task2,TO_RACK_T1_RETURN,AVOIDING,T1,WS1,-1.47735,-0.67325,-2.12,1.1,1.85137,0.47067,0.05801,88.73922,NORMAL,1,0,0,0.05079,0.00736,0.49,-0.04861,4.98776
23.5,LQR,task2,TO_RACK_T1_RETURN,AVOIDING,T1,WS1,-1.47433,-0.722,-2.12,1.1,1.80258,0.42418,0.09976,88.67528,NORMAL,1,0,0,0.01241,0.00731,0.49,-0.08862,4.99776
23.6,LQR,task2,TO_RACK_T1_RETURN,AVOIDING,T1,WS1,-1.47154,-0.77069,-2.12,1.1,1.75378,0.41991,0.10415,88.61118,NORMAL,1,0,0,0.00823,0.00725,0.49,-0.1196,5.00551
23.7,LQR,task2,TO_RACK_T1_RETURN,AVOIDING,T1,WS1,-1.46929,-0.8194,-2.12,1.1,1.70507,0.41856,0.10556,88.54701,NORMAL,1,0,0,0.00792,0.00724,0.49,-0.11585,5.00644
23.8,LQR,task2,TO_RACK_T1_RETURN,AVOIDING,T1,WS1,-1.46768,-0.86813,-2.12,1.1,1.65636,0.41778,0.10638,88.48287,NORMAL,1,0,0,0.02899,0.0073,0.49,-0.11551,5.01171
23.9,LQR,task2,TO_RACK_T1_RETURN,AVOIDING,T1,WS1,-1.46657,-0.91676,-2.12,1.1,1.60764,0.41776,0.10641,88.41867,NORMAL,1,0,0,0.08286,0.00768,0.49,-0.17127,5.02565
24.0,LQR,task2,TO_RACK_T1_RETURN,AVOIDING,T1,WS1,-1.46604,-0.96546,-2.12,1.1,1.55899,0.41742,0.10548,88.35434,NORMAL,1,0,0,0.05767,0.00759,0.49,-0.14095,5.03323
24.1,LQR,task2,TO_RACK_T1_RETURN,AVOIDING,T1,WS1,-1.46644,-1.0142,-2.12,1.1,1.51026,0.41577,0.10404,88.29014,NORMAL,1,0,0,0.05421,0.0076,0.49,-0.10241,5.04287
24.2,LQR,task2,TO_RACK_T1_RETURN,AVOIDING,T1,WS1,-1.4675,-1.06317,-2.12,1.1,1.46145,0.4155,0.10204,88.22603,NORMAL,1,0,0,0.06038,0.00927,0.49,-0.09592,5.04449
24.3,LQR,task2,TO_RACK_T1_RETURN,AVOIDING,T1,WS1,-1.46901,-1.11212,-2.12,1.1,1.41249,0.41574,0.09964,88.16195,NORMAL,1,0,0,0.07609,0.01042,0.49,-0.09048,5.04585
24.4,LQR,task2,TO_RACK_T1_RETURN,AVOIDING,T1,WS1,-1.47096,-1.16105,-2.12,1.1,1.3636,0.41656,0.09687,88.09789,NORMAL,1,0,0,0.09565,0.01123,0.49,-0.07533,5.04964
24.5,LQR,task2,TO_RACK_T1_RETURN,AVOIDING,T1,WS1,-1.4734,-1.20997,-2.12,1.1,1.31465,0.41804,0.09213,88.03389,NORMAL,1,0,0,0.10963,0.01184,0.49,-0.0558,5.05452
24.6,LQR,task2,TO_RACK_T1_RETURN,AVOIDING,T1,WS1,-1.47618,-1.25891,-2.12,1.1,1.26575,0.42015,0.0187,87.96996,NORMAL,1,0,0,0.15654,0.01261,0.49,-0.00067,5.0683
24.7,LQR,task2,TO_RACK_T1_RETURN,AVOIDING,T1,WS1,-1.47925,-1.3078,-2.12,1.1,1.21688,0.42321,0.01813,87.90615,NORMAL,1,0,0,0.14191,0.01416,0.49,0.06064,5.08363
24.8,LQR,task2,TO_RACK_T1_RETURN,AVOIDING,T1,WS1,-1.48224,-1.35676,-2.12,1.1,1.16811,0.42704,0.01743,87.84214,NORMAL,1,0,0,0.13391,0.01461,0.49,0.10061,5.09362
24.9,LQR,task2,TO_RACK_T1_RETURN,AVOIDING,T1,WS1,-1.48479,-1.40587,-2.12,1.1,1.11904,0.43124,0.01669,87.77803,NORMAL,1,0,0,0.10967,0.01437,0.49,0.10366,5.09455
25.0,LQR,task2,TO_RACK_T1_RETURN,AVOIDING,T1,WS1,-1.4868,-1.45507,-2.12,1.1,1.06995,0.43904,0.01533,87.71391,NORMAL,1,0,0,0.09024,0.01472,0.49,0.10552,5.09531
25.1,LQR,task2,TO_RACK_T1_RETURN,AVOIDING,T1,WS1,-1.48828,-1.50372,-2.12,1.1,1.02088,0.5006,0.00668,87.6498,NORMAL,1,0,0,0.07487,0.01505,0.4794,0.096,5.10828
25.2,LQR,task2,TO_RACK_T1_RETURN,AVOIDING,T1,WS1,-1.48922,-1.54937,-2.12,1.1,0.97341,0.50577,0.00611,87.58788,NORMAL,1,0,0,0.02754,0.01744,0.43944,0.08024,5.15219
25.3,LQR,task2,TO_RACK_T1_RETURN,AVOIDING,T1,WS1,-1.48975,-1.59137,-2.12,1.1,0.92988,0.51005,0.00566,87.53109,NORMAL,1,0,0,0.05943,0.01823,0.41059,0.08099,5.18414
25.4,LQR,task2,TO_RACK_T1_RETURN,AVOIDING,T1,WS1,-1.48995,-1.63021,-2.12,1.1,0.88949,0.51367,0.00529,87.47814,NORMAL,1,0,0,0.03935,0.01901,0.38018,0.06285,5.21908
25.5,LQR,task2,TO_RACK_T1_RETURN,AVOIDING,T1,WS1,-1.48986,-1.66666,-2.12,1.1,0.85186,0.51646,0.00502,87.42854,NORMAL,1,0,0,0.02529,0.01918,0.35569,0.06283,5.2441
25.6,LQR,task2,TO_RACK_T1_RETURN,AVOIDING,T1,WS1,-1.48962,-1.69986,-2.12,1.1,0.81704,0.53126,0.00369,87.38247,NORMAL,1,0,0,0.01986,0.01963,0.32224,0.06856,5.27898
25.7,LQR,task2,TO_RACK_T1_RETURN,AVOIDING,T1,WS1,-1.48927,-1.72965,-2.12,1.1,0.78543,0.54781,0.00244,87.3405,NORMAL,1,0,0,0.03676,0.01993,0.28549,0.08299,5.31933
25.8,LQR,task2,TO_RACK_T1_RETURN,AVOIDING,T1,WS1,-1.48882,-1.75647,-2.12,1.1,0.75744,0.56348,0.0015,87.30302,NORMAL,1,0,0,0.02734,0.0203,0.26319,0.05775,5.34794
25.9,LQR,task2,TO_RACK_T1_RETURN,AVOIDING,T1,WS1,-1.48812,-1.78264,-2.12,1.1,0.73099,0.5788,0.00079,87.26745,NORMAL,1,0,0,0.02828,0.01969,0.25884,0.03484,5.35802
26.0,LQR,task2,TO_RACK_T1_RETURN,AVOIDING,T1,WS1,-1.48723,-1.80776,-2.12,1.1,0.70532,0.59402,0.00032,87.23279,NORMAL,1,0,0,0.02625,0.01974,0.24798,0.02051,5.37247
26.1,LQR,task2,TO_RACK_T1_RETURN,AVOIDING,T1,WS1,-1.48633,-1.83149,-2.12,1.1,0.68077,0.60905,6e-05,87.19958,NORMAL,1,0,0,0.02048,0.02035,0.23187,0.01553,5.38982
26.2,LQR,task2,TO_RACK_T1_RETURN,ROUTE,T1,WS1,-1.48545,-1.85349,-2.12,1.1,0.65792,0.62351,0.0,87.16849,NORMAL,1,0,0,0.01607,0.02092,0.21526,0.01307,5.40722
26.3,LQR,task2,TO_RACK_T1_RETURN,ROUTE,T1,WS1,-1.48462,-1.87365,-2.12,1.1,0.63689,0.63723,0.0,87.13967,NORMAL,1,0,0,0.01851,0.0216,0.19772,0.01248,5.4258
26.4,LQR,task2,TO_RACK_T1_RETURN,ROUTE,T1,WS1,-1.48383,-1.89217,-2.12,1.1,0.61756,0.65016,0.0,87.11301,NORMAL,1,0,0,0.0155,0.02183,0.18229,-0.00198,5.44485
26.5,LQR,task2,TO_RACK_T1_RETURN,ROUTE,T1,WS1,-1.48305,-1.90943,-2.12,1.1,0.59955,0.66238,0.0,87.08798,NORMAL,1,0,0,0.0095,0.02216,0.16803,-0.00582,5.46094
26.6,LQR,task2,TO_RACK_T1_RETURN,ROUTE,T1,WS1,-1.48234,-1.92508,-2.12,1.1,0.58318,0.67371,0.0,87.06496,NORMAL,1,0,0,0.00912,0.0228,0.15367,0.00422,5.4778
26.7,LQR,task2,TO_RACK_T1_RETURN,ROUTE,T1,WS1,-1.4817,-1.93963,-2.12,1.1,0.56808,0.68437,0.0,87.04357,NORMAL,1,0,0,0.00842,0.02311,0.14282,0.0063,5.48943
26.8,LQR,task2,TO_RACK_T1_RETURN,ROUTE,T1,WS1,-1.48113,-1.95315,-2.12,1.1,0.55412,0.6944,0.0,87.0236,NORMAL,1,0,0,0.0114,0.02361,0.13421,0.01532,5.5003
26.9,LQR,task2,TO_RACK_T1_RETURN,ROUTE,T1,WS1,-1.48062,-1.96559,-2.12,1.1,0.54107,0.70392,0.0,87.00476,NORMAL,1,0,0,0.00435,0.02374,0.12262,0.00485,5.51451
27.0,LQR,task2,TO_RACK_T1_RETURN,ROUTE,T1,WS1,-1.48012,-1.97703,-2.12,1.1,0.52902,0.71278,0.0,86.98714,NORMAL,1,0,0,0.00814,0.024,0.11066,-0.01181,5.53064
27.1,LQR,task2,TO_RACK_T1_RETURN,ROUTE,T1,WS1,-1.4796,-1.98739,-2.12,1.1,0.51819,0.72076,0.0,86.97101,NORMAL,1,0,0,0.00513,0.02426,0.10173,-0.01177,5.54147
27.2,LQR,task2,TO_RACK_T1_RETURN,ROUTE,T1,WS1,-1.4791,-1.99717,-2.12,1.1,0.50818,0.72818,0.0,86.95593,NORMAL,1,0,0,0.00581,0.02456,0.09727,-0.00356,5.54798
27.3,LQR,task2,RETURN_T1_RACK,ARRIVED_TARGET,T1,WS1,-1.47876,-2.00456,-2.12,1.1,0.49851,0.73542,0.0,86.94129,NORMAL,1,0,0,0.00293,0.02481,0.0,0.0,5.64651
27.4,LQR,task2,RETURN_T1_RACK,MANIPULATING,T1,WS1,-1.47879,-2.00446,-2.12,1.1,-1.0,-1.0,0.0,86.93879,NORMAL,1,0,0,0.00501,0.02761,0.0,0.0,5.64651
27.5,LQR,task2,RETURN_T1_RACK,MANIPULATING,T1,WS1,-1.47879,-2.00444,-2.12,1.1,-1.0,-1.0,0.0,86.93629,NORMAL,1,0,0,0.00191,0.03206,0.0,0.0,5.64651
27.6,LQR,task2,RETURN_T1_RACK,MANIPULATING,T1,WS1,-1.47879,-2.00441,-2.12,1.1,-1.0,-1.0,0.0,86.93379,NORMAL,1,0,0,0.00676,0.03535,0.0,0.0,5.64651
27.7,LQR,task2,RETURN_T1_RACK,MANIPULATING,T1,WS1,-1.47879,-2.00439,-2.12,1.1,-1.0,-1.0,0.0,86.93129,NORMAL,1,0,0,0.00437,0.03779,0.0,0.0,5.64651
27.8,LQR,task2,RETURN_T1_RACK,MANIPULATING,T1,WS1,-1.47879,-2.00436,-2.12,1.1,-1.0,-1.0,0.0,86.92879,NORMAL,1,0,0,0.01263,0.03959,0.0,0.0,5.64651
27.9,LQR,task2,RETURN_T1_RACK,MANIPULATING,T1,WS1,-1.47879,-2.00433,-2.12,1.1,-1.0,-1.0,0.0,86.92629,NORMAL,1,0,0,0.0144,0.04092,0.0,0.0,5.64651
28.0,LQR,task2,RETURN_T1_RACK,MANIPULATING,T1,WS1,-1.4788,-2.00431,-2.12,1.1,-1.0,-1.0,0.0,86.92379,NORMAL,1,0,0,0.01528,0.0419,0.0,0.0,5.64651
28.1,LQR,task2,RETURN_T1_RACK,MANIPULATING,T1,WS1,-1.4788,-2.00428,-2.12,1.1,-1.0,-1.0,0.0,86.92129,NORMAL,1,0,0,0.00976,0.04263,0.0,0.0,5.64651
28.2,LQR,task3,WAIT_B1_WS2_REQUEST_T2,WAIT_B1,T2,TRANSIT_TO_WS2,-1.4788,-2.00426,-2.102,1.1,-1.0,-1.0,0.0,86.91879,NORMAL,2,0,0,0.00378,0.04317,0.0,0.0,5.64651
28.3,LQR,task3,WAIT_B1_WS2_REQUEST_T2,WAIT_B1,T2,TRANSIT_TO_WS2,-1.4788,-2.00423,-2.066,1.1,-1.0,-1.0,0.0,86.91629,NORMAL,2,0,0,0.01046,0.04357,0.0,0.0,5.64651
28.4,LQR,task3,WAIT_B1_WS2_REQUEST_T2,WAIT_B1,T2,TRANSIT_TO_WS2,-1.4788,-2.0042,-2.03,1.1,-1.0,-1.0,0.0,86.91379,NORMAL,2,0,0,0.00819,0.04386,0.0,0.0,5.64651
28.5,LQR,task3,WAIT_B1_WS2_REQUEST_T2,WAIT_B1,T2,TRANSIT_TO_WS2,-1.4788,-2.00418,-1.994,1.1,-1.0,-1.0,0.0,86.91129,NORMAL,2,0,0,0.00875,0.04408,0.0,0.0,5.64651
28.6,LQR,task3,WAIT_B1_WS2_REQUEST_T2,WAIT_B1,T2,TRANSIT_TO_WS2,-1.47881,-2.00415,-1.958,1.1,-1.0,-1.0,0.0,86.90879,NORMAL,2,0,0,0.00722,0.04424,0.0,0.0,5.64651
28.7,LQR,task3,WAIT_B1_WS2_REQUEST_T2,WAIT_B1,T2,TRANSIT_TO_WS2,-1.47881,-2.00413,-1.922,1.1,-1.0,-1.0,0.0,86.90629,NORMAL,2,0,0,0.00683,0.04436,0.0,0.0,5.64651
28.8,LQR,task3,WAIT_B1_WS2_REQUEST_T2,WAIT_B1,T2,TRANSIT_TO_WS2,-1.47881,-2.0041,-1.886,1.1,-1.0,-1.0,0.0,86.90379,NORMAL,2,0,0,0.01074,0.04445,0.0,0.0,5.64651
28.9,LQR,task3,WAIT_B1_WS2_REQUEST_T2,WAIT_B1,T2,TRANSIT_TO_WS2,-1.47881,-2.00407,-1.85,1.1,-1.0,-1.0,0.0,86.90129,NORMAL,2,0,0,0.00936,0.04451,0.0,0.0,5.64651
29.0,LQR,task3,WAIT_B1_WS2_REQUEST_T2,WAIT_B1,T2,TRANSIT_TO_WS2,-1.47881,-2.00405,-1.814,1.1,-1.0,-1.0,0.0,86.89879,NORMAL,2,0,0,0.00194,0.04456,0.0,0.0,5.64651
29.1,LQR,task3,WAIT_B1_WS2_REQUEST_T2,WAIT_B1,T2,TRANSIT_TO_WS2,-1.47881,-2.00402,-1.778,1.1,-1.0,-1.0,0.0,86.89629,NORMAL,2,0,0,0.00868,0.0446,0.0,0.0,5.64651
29.2,LQR,task3,WAIT_B1_WS2_REQUEST_T2,WAIT_B1,T2,TRANSIT_TO_WS2,-1.47882,-2.004,-1.742,1.1,-1.0,-1.0,0.0,86.89379,NORMAL,2,0,0,0.00335,0.04462,0.0,0.0,5.64651
29.3,LQR,task3,WAIT_B1_WS2_REQUEST_T2,WAIT_B1,T2,TRANSIT_TO_WS2,-1.47882,-2.00397,-1.706,1.1,-1.0,-1.0,0.0,86.89129,NORMAL,2,0,0,0.0055,0.04464,0.0,0.0,5.64651
29.4,LQR,task3,WAIT_B1_WS2_REQUEST_T2,WAIT_B1,T2,TRANSIT_TO_WS2,-1.47882,-2.00394,-1.67,1.1,-1.0,-1.0,0.0,86.88879,NORMAL,2,0,0,0.01266,0.04466,0.0,0.0,5.64651
29.5,LQR,task3,WAIT_B1_WS2_REQUEST_T2,WAIT_B1,T2,TRANSIT_TO_WS2,-1.47882,-2.00392,-1.634,1.1,-1.0,-1.0,0.0,86.88629,NORMAL,2,0,0,0.00456,0.04467,0.0,0.0,5.64651
29.6,LQR,task3,WAIT_B1_WS2_REQUEST_T2,WAIT_B1,T2,TRANSIT_TO_WS2,-1.47882,-2.00389,-1.598,1.1,-1.0,-1.0,0.0,86.88379,NORMAL,2,0,0,0.00738,0.04468,0.0,0.0,5.64651
29.7,LQR,task3,WAIT_B1_WS2_REQUEST_T2,WAIT_B1,T2,TRANSIT_TO_WS2,-1.47882,-2.00387,-1.562,1.1,-1.0,-1.0,0.0,86.88129,NORMAL,2,0,0,0.01835,0.04468,0.0,0.0,5.64651
29.8,LQR,task3,WAIT_B1_WS2_REQUEST_T2,WAIT_B1,T2,TRANSIT_TO_WS2,-1.47882,-2.00384,-1.526,1.1,-1.0,-1.0,0.0,86.87879,NORMAL,2,0,0,0.01345,0.04469,0.0,0.0,5.64651
29.9,LQR,task3,WAIT_B1_WS2_REQUEST_T2,WAIT_B1,T2,TRANSIT_TO_WS2,-1.47883,-2.00381,-1.5,1.05645,-1.0,-1.0,0.0,86.87629,NORMAL,2,0,0,0.01476,0.04469,0.0,0.0,5.64651
30.0,LQR,task3,WAIT_B1_WS2_REQUEST_T2,WAIT_B1,T2,TRANSIT_TO_WS2,-1.47883,-2.00379,-1.5,1.02045,-1.0,-1.0,0.0,86.87379,NORMAL,2,0,0,0.01118,0.04469,0.0,0.0,5.64651
30.1,LQR,task3,WAIT_B1_WS2_REQUEST_T2,WAIT_B1,T2,TRANSIT_TO_WS2,-1.47883,-2.00376,-1.5,0.98445,-1.0,-1.0,0.0,86.87129,NORMAL,2,0,0,0.013,0.04469,0.0,0.0,5.64651
30.2,LQR,task3,WAIT_B1_WS2_REQUEST_T2,WAIT_B1,T2,TRANSIT_TO_WS2,-1.47883,-2.00374,-1.5,0.94845,-1.0,-1.0,0.0,86.86879,NORMAL,2,0,0,0.01312,0.0447,0.0,0.0,5.64651
30.3,LQR,task3,WAIT_B1_WS2_REQUEST_T2,WAIT_B1,T2,TRANSIT_TO_WS2,-1.47883,-2.00371,-1.5,0.91245,-1.0,-1.0,0.0,86.86629,NORMAL,2,0,0,0.01642,0.0447,0.0,0.0,5.64651
30.4,LQR,task3,WAIT_B1_WS2_REQUEST_T2,WAIT_B1,T2,TRANSIT_TO_WS2,-1.47883,-2.00368,-1.5,0.87645,-1.0,-1.0,0.0,86.86379,NORMAL,2,0,0,0.01219,0.0447,0.0,0.0,5.64651
30.5,LQR,task3,WAIT_B1_WS2_REQUEST_T2,WAIT_B1,T2,TRANSIT_TO_WS2,-1.47884,-2.00366,-1.5,0.84045,-1.0,-1.0,0.0,86.86129,NORMAL,2,0,0,0.01336,0.0447,0.0,0.0,5.64651
30.6,LQR,task3,WAIT_B1_WS2_REQUEST_T2,WAIT_B1,T2,TRANSIT_TO_WS2,-1.47884,-2.00363,-1.5,0.80445,-1.0,-1.0,0.0,86.85879,NORMAL,2,0,0,0.00439,0.0447,0.0,0.0,5.64651
30.7,LQR,task3,WAIT_B1_WS2_REQUEST_T2,WAIT_B1,T2,TRANSIT_TO_WS2,-1.47884,-2.00361,-1.5,0.76845,-1.0,-1.0,0.0,86.85629,NORMAL,2,0,0,0.00084,0.0447,0.0,0.0,5.64651
30.8,LQR,task3,WAIT_B1_WS2_REQUEST_T2,WAIT_B1,T2,TRANSIT_TO_WS2,-1.47884,-2.00358,-1.5,0.73245,-1.0,-1.0,0.0,86.85379,NORMAL,2,0,0,0.00986,0.0447,0.0,0.0,5.64651
30.9,LQR,task3,WAIT_B1_WS2_REQUEST_T2,WAIT_B1,T2,TRANSIT_TO_WS2,-1.47884,-2.00355,-1.5,0.69645,-1.0,-1.0,0.0,86.85129,NORMAL,2,0,0,0.00826,0.0447,0.0,0.0,5.64651
31.0,LQR,task3,WAIT_B1_WS2_REQUEST_T2,WAIT_B1,T2,TRANSIT_TO_WS2,-1.47884,-2.00353,-1.5,0.66045,-1.0,-1.0,0.0,86.84879,NORMAL,2,0,0,0.00596,0.0447,0.0,0.0,5.64651
31.1,LQR,task3,WAIT_B1_WS2_REQUEST_T2,WAIT_B1,T2,TRANSIT_TO_WS2,-1.47885,-2.0035,-1.5,0.62445,-1.0,-1.0,0.0,86.84629,NORMAL,2,0,0,0.00542,0.0447,0.0,0.0,5.64651
31.2,LQR,task3,WAIT_B1_WS2_REQUEST_T2,WAIT_B1,T2,TRANSIT_TO_WS2,-1.47885,-2.00348,-1.5,0.58845,-1.0,-1.0,0.0,86.84379,NORMAL,2,0,0,0.00804,0.0447,0.0,0.0,5.64651
31.3,LQR,task3,WAIT_B1_WS2_REQUEST_T2,WAIT_B1,T2,TRANSIT_TO_WS2,-1.47885,-2.00345,-1.5,0.55245,-1.0,-1.0,0.0,86.84129,NORMAL,2,0,0,0.01296,0.0447,0.0,0.0,5.64651
31.4,LQR,task3,WAIT_B1_WS2_REQUEST_T2,WAIT_B1,T2,TRANSIT_TO_WS2,-1.47885,-2.00342,-1.5,0.51645,-1.0,-1.0,0.0,86.83879,NORMAL,2,0,0,0.00845,0.0447,0.0,0.0,5.64651
31.5,LQR,task3,WAIT_B1_WS2_REQUEST_T2,WAIT_B1,T2,TRANSIT_TO_WS2,-1.47885,-2.0034,-1.5,0.48045,-1.0,-1.0,0.0,86.83629,NORMAL,2,0,0,0.01454,0.0447,0.0,0.0,5.64651
31.6,LQR,task3,WAIT_B1_WS2_REQUEST_T2,WAIT_B1,T2,TRANSIT_TO_WS2,-1.47885,-2.00337,-1.5,0.44445,-1.0,-1.0,0.0,86.83379,NORMAL,2,0,0,0.01099,0.0447,0.0,0.0,5.64651
31.7,LQR,task3,WAIT_B1_WS2_REQUEST_T2,WAIT_B1,T2,TRANSIT_TO_WS2,-1.47885,-2.00335,-1.5,0.40845,-1.0,-1.0,0.0,86.83129,NORMAL,2,0,0,0.01111,0.0447,0.0,0.0,5.64651
31.8,LQR,task3,WAIT_B1_WS2_REQUEST_T2,WAIT_B1,T2,TRANSIT_TO_WS2,-1.47886,-2.00332,-1.5,0.37245,-1.0,-1.0,0.0,86.82879,NORMAL,2,0,0,0.00822,0.0447,0.0,0.0,5.64651
31.9,LQR,task3,WAIT_B1_WS2_REQUEST_T2,WAIT_B1,T2,TRANSIT_TO_WS2,-1.47886,-2.0033,-1.5,0.33645,-1.0,-1.0,0.0,86.82629,NORMAL,2,0,0,0.00373,0.0447,0.0,0.0,5.64651
32.0,LQR,task3,WAIT_B1_WS2_REQUEST_T2,WAIT_B1,T2,TRANSIT_TO_WS2,-1.47886,-2.00327,-1.5,0.30045,-1.0,-1.0,0.0,86.82379,NORMAL,2,0,0,0.00419,0.0447,0.0,0.0,5.64651
32.15,LQR,task3,WAIT_B1_WS2_REQUEST_T2,WAIT_B1,T2,TRANSIT_TO_WS2,-1.47886,-2.00323,-1.5,0.24645,-1.0,-1.0,0.0,86.82004,NORMAL,2,0,0,0.01282,0.0447,0.0,0.0,5.64651
32.3,LQR,task3,WAIT_B1_WS2_REQUEST_T2,WAIT_B1,T2,TRANSIT_TO_WS2,-1.47886,-2.00319,-1.5,0.19245,-1.0,-1.0,0.0,86.81629,NORMAL,2,0,0,0.01024,0.0447,0.0,0.0,5.64651
32.45,LQR,task3,WAIT_B1_WS2_REQUEST_T2,WAIT_B1,T2,TRANSIT_TO_WS2,-1.47887,-2.00315,-1.5,0.13845,-1.0,-1.0,0.0,86.81254,NORMAL,2,0,0,0.01274,0.0447,0.0,0.0,5.64651
32.6,LQR,task3,WAIT_B1_WS2_REQUEST_T2,WAIT_B1,T2,TRANSIT_TO_WS2,-1.47887,-2.00311,-1.5,0.08445,-1.0,-1.0,0.0,86.80879,NORMAL,2,0,0,0.00689,0.0447,0.0,0.0,5.64651
32.75,LQR,task3,WAIT_B1_WS2_REQUEST_T2,WAIT_B1,T2,TRANSIT_TO_WS2,-1.47887,-2.00307,-1.5,0.03045,-1.0,-1.0,0.0,86.80504,NORMAL,2,0,0,0.00746,0.0447,0.0,0.0,5.64651
32.9,LQR,task3,WAIT_B1_WS2_REQUEST_T2,WAIT_B1,T2,TRANSIT_TO_WS2,-1.47887,-2.00304,-1.5,-0.02355,-1.0,-1.0,0.0,86.80129,NORMAL,2,0,0,0.00844,0.0447,0.0,0.0,5.64651
33.05,LQR,task3,WAIT_B1_WS2_REQUEST_T2,WAIT_B1,T2,TRANSIT_TO_WS2,-1.47887,-2.003,-1.5,-0.07755,-1.0,-1.0,0.0,86.79754,NORMAL,2,0,0,0.01195,0.0447,0.0,0.0,5.64651
33.2,LQR,task3,WAIT_B1_WS2_REQUEST_T2,WAIT_B1,T2,TRANSIT_TO_WS2,-1.47888,-2.00296,-1.5,-0.13155,-1.0,-1.0,0.0,86.79379,NORMAL,2,0,0,0.00372,0.0447,0.0,0.0,5.64651
33.35,LQR,task3,WAIT_B1_WS2_REQUEST_T2,WAIT_B1,T2,TRANSIT_TO_WS2,-1.47888,-2.00292,-1.5,-0.18555,-1.0,-1.0,0.0,86.79004,NORMAL,2,0,0,0.00987,0.0447,0.0,0.0,5.64651
33.5,LQR,task3,WAIT_B1_WS2_REQUEST_T2,WAIT_B1,T2,TRANSIT_TO_WS2,-1.47888,-2.00288,-1.5,-0.23955,-1.0,-1.0,0.0,86.78629,NORMAL,2,0,0,0.01945,0.0447,0.0,0.0,5.64651
33.65,LQR,task3,WAIT_B1_WS2_REQUEST_T2,WAIT_B1,T2,TRANSIT_TO_WS2,-1.47888,-2.00284,-1.5,-0.29355,-1.0,-1.0,0.0,86.78254,NORMAL,2,0,0,0.01323,0.0447,0.0,0.0,5.64651
33.8,LQR,task3,WAIT_B1_WS2_REQUEST_T2,WAIT_B1,T2,TRANSIT_TO_WS2,-1.47889,-2.0028,-1.5,-0.34755,-1.0,-1.0,0.0,86.77879,NORMAL,2,0,0,0.01376,0.0447,0.0,0.0,5.64651
33.95,LQR,task3,WAIT_B1_WS2_REQUEST_T2,WAIT_B1,T2,TRANSIT_TO_WS2,-1.47889,-2.00276,-1.5,-0.40155,-1.0,-1.0,0.0,86.77504,NORMAL,2,0,0,0.00348,0.0447,0.0,0.0,5.64651
34.1,LQR,task3,WAIT_B1_WS2_REQUEST_T2,WAIT_B1,T2,TRANSIT_TO_WS2,-1.47889,-2.00272,-1.5,-0.45555,-1.0,-1.0,0.0,86.77129,NORMAL,2,0,0,0.00498,0.0447,0.0,0.0,5.64651
34.25,LQR,task3,WAIT_B1_WS2_REQUEST_T2,WAIT_B1,T2,TRANSIT_TO_WS2,-1.47889,-2.00269,-1.5,-0.50955,-1.0,-1.0,0.0,86.76754,NORMAL,2,0,0,0.00919,0.0447,0.0,0.0,5.64651
34.4,LQR,task3,WAIT_B1_WS2_REQUEST_T2,WAIT_B1,T2,TRANSIT_TO_WS2,-1.47889,-2.00265,-1.5,-0.56355,-1.0,-1.0,0.0,86.76379,NORMAL,2,0,0,0.00786,0.0447,0.0,0.0,5.64651
34.55,LQR,task3,WAIT_B1_WS2_REQUEST_T2,WAIT_B1,T2,TRANSIT_TO_WS2,-1.4789,-2.00261,-1.5,-0.61755,-1.0,-1.0,0.0,86.76004,NORMAL,2,0,0,0.01707,0.0447,0.0,0.0,5.64651
34.7,LQR,task3,WAIT_B1_WS2_REQUEST_T2,WAIT_B1,T2,TRANSIT_TO_WS2,-1.4789,-2.00257,-1.5,-0.67155,-1.0,-1.0,0.0,86.75629,NORMAL,2,0,0,0.0211,0.0447,0.0,0.0,5.64651
34.85,LQR,task3,WAIT_B1_WS2_REQUEST_T2,WAIT_B1,T2,TRANSIT_TO_WS2,-1.4789,-2.00253,-1.5,-0.72555,-1.0,-1.0,0.0,86.75254,NORMAL,2,0,0,0.01521,0.0447,0.0,0.0,5.64651
35.0,LQR,task3,WAIT_B1_WS2_REQUEST_T2,WAIT_B1,T2,TRANSIT_TO_WS2,-1.4789,-2.00249,-1.5,-0.77955,-1.0,-1.0,0.0,86.74879,NORMAL,2,0,0,0.012,0.0447,0.0,0.0,5.64651
35.15,LQR,task3,WAIT_B1_WS2_REQUEST_T2,WAIT_B1,T2,TRANSIT_TO_WS2,-1.4789,-2.00245,-1.5,-0.83355,-1.0,-1.0,0.0,86.74504,NORMAL,2,0,0,0.00328,0.0447,0.0,0.0,5.64651
35.3,LQR,task3,WAIT_B1_WS2_REQUEST_T2,WAIT_B1,T2,TRANSIT_TO_WS2,-1.47891,-2.00241,-1.5,-0.88755,-1.0,-1.0,0.0,86.74129,NORMAL,2,0,0,0.00532,0.0447,0.0,0.0,5.64651
35.45,LQR,task3,WAIT_B1_WS2_REQUEST_T2,WAIT_B1,T2,TRANSIT_TO_WS2,-1.47891,-2.00238,-1.5,-0.94155,-1.0,-1.0,0.0,86.73754,NORMAL,2,0,0,0.00714,0.0447,0.0,0.0,5.64651
35.6,LQR,task3,WAIT_B1_WS2_REQUEST_T2,WAIT_B1,T2,TRANSIT_TO_WS2,-1.47891,-2.00234,-1.5,-0.99555,-1.0,-1.0,0.0,86.73379,NORMAL,2,0,0,0.00335,0.0447,0.0,0.0,5.64651
35.75,LQR,task3,WAIT_B1_WS2_REQUEST_T2,WAIT_B1,T2,TRANSIT_TO_WS2,-1.47891,-2.0023,-1.5,-1.04955,-1.0,-1.0,0.0,86.73004,NORMAL,2,0,0,0.00374,0.0447,0.0,0.0,5.64651
35.9,LQR,task3,WAIT_B1_WS2_REQUEST_T2,WAIT_B1,T2,TRANSIT_TO_WS2,-1.47891,-2.00226,-1.5,-1.10355,-1.0,-1.0,0.0,86.72629,NORMAL,2,0,0,0.00397,0.0447,0.0,0.0,5.64651
36.05,LQR,task3,WAIT_B1_WS2_REQUEST_T2,WAIT_B1,T2,TRANSIT_TO_WS2,-1.47892,-2.00222,-1.5,-1.15755,-1.0,-1.0,0.0,86.72254,NORMAL,2,0,0,0.00589,0.0447,0.0,0.0,5.64651
36.2,LQR,task3,WAIT_B1_WS2_REQUEST_T2,WAIT_B1,T2,TRANSIT_TO_WS2,-1.47892,-2.00218,-1.5,-1.21155,-1.0,-1.0,0.0,86.71879,NORMAL,2,0,0,0.00518,0.0447,0.0,0.0,5.64651
36.35,LQR,task3,WAIT_B1_WS2_REQUEST_T2,WAIT_B1,T2,TRANSIT_TO_WS2,-1.47892,-2.00214,-1.5,-1.26555,-1.0,-1.0,0.0,86.71504,NORMAL,2,0,0,0.0128,0.0447,0.0,0.0,5.64651
36.5,LQR,task3,WAIT_B1_WS2_REQUEST_T2,WAIT_B1,T2,TRANSIT_TO_WS2,-1.47892,-2.0021,-1.5,-1.31955,-1.0,-1.0,0.0,86.71129,NORMAL,2,0,0,0.01215,0.0447,0.0,0.0,5.64651
36.65,LQR,task3,WAIT_B1_WS2_REQUEST_T2,WAIT_B1,T2,TRANSIT_TO_WS2,-1.47892,-2.00206,-1.5,-1.37355,-1.0,-1.0,0.0,86.70754,NORMAL,2,0,0,0.0098,0.0447,0.0,0.0,5.64651
36.8,LQR,task3,WAIT_B1_WS2_REQUEST_T2,WAIT_B1,T2,TRANSIT_TO_WS2,-1.47893,-2.00203,-1.5,-1.42755,-1.0,-1.0,0.0,86.70379,NORMAL,2,0,0,0.00397,0.0447,0.0,0.0,5.64651
36.95,LQR,task3,WAIT_B1_WS2_REQUEST_T2,WAIT_B1,T2,TRANSIT_TO_WS2,-1.47893,-2.00199,-1.5,-1.48155,-1.0,-1.0,0.0,86.70004,NORMAL,2,0,0,0.00612,0.0447,0.0,0.0,5.64651
37.1,LQR,task3,WAIT_B1_WS2_REQUEST_T2,WAIT_B1,T2,TRANSIT_TO_WS2,-1.47893,-2.00195,-1.5,-1.53555,-1.0,-1.0,0.0,86.69629,NORMAL,2,0,0,0.01387,0.0447,0.0,0.0,5.64651
37.25,LQR,task3,WAIT_B1_WS2_REQUEST_T2,WAIT_B1,T2,TRANSIT_TO_WS2,-1.47893,-2.00191,-1.5,-1.58955,-1.0,-1.0,0.0,86.69254,NORMAL,2,0,0,0.01089,0.0447,0.0,0.0,5.64651
37.4,LQR,task3,WAIT_B1_WS2_REQUEST_T2,WAIT_B1,T2,TRANSIT_TO_WS2,-1.47893,-2.00187,-1.46092,-1.6,-1.0,-1.0,0.0,86.68879,NORMAL,2,0,0,0.0119,0.0447,0.0,0.0,5.64651
37.55,LQR,task3,WAIT_B1_WS2_REQUEST_T2,WAIT_B1,T2,TRANSIT_TO_WS2,-1.47894,-2.00183,-1.40692,-1.6,-1.0,-1.0,0.0,86.68504,NORMAL,2,0,0,0.01082,0.0447,0.0,0.0,5.64651
37.7,LQR,task3,WAIT_B1_WS2_REQUEST_T2,WAIT_B1,T2,TRANSIT_TO_WS2,-1.47894,-2.00179,-1.35292,-1.6,-1.0,-1.0,0.0,86.68129,NORMAL,2,0,0,0.00725,0.0447,0.0,0.0,5.64651
37.85,LQR,task3,WAIT_B1_WS2_REQUEST_T2,WAIT_B1,T2,TRANSIT_TO_WS2,-1.47894,-2.00175,-1.29892,-1.6,-1.0,-1.0,0.0,86.67754,NORMAL,2,0,0,0.01241,0.0447,0.0,0.0,5.64651
38.0,LQR,task3,WAIT_B1_WS2_REQUEST_T2,WAIT_B1,T2,TRANSIT_TO_WS2,-1.47894,-2.00171,-1.24492,-1.6,-1.0,-1.0,0.0,86.67379,NORMAL,2,0,0,0.00527,0.0447,0.0,0.0,5.64651
38.15,LQR,task3,WAIT_B1_WS2_REQUEST_T2,WAIT_B1,T2,TRANSIT_TO_WS2,-1.47894,-2.00168,-1.19092,-1.6,-1.0,-1.0,0.0,86.67004,NORMAL,2,0,0,0.0104,0.0447,0.0,0.0,5.64651
38.3,LQR,task3,WAIT_B1_WS2_REQUEST_T2,WAIT_B1,T2,TRANSIT_TO_WS2,-1.47895,-2.00164,-1.13692,-1.6,-1.0,-1.0,0.0,86.66629,NORMAL,2,0,0,0.0072,0.0447,0.0,0.0,5.64651
38.45,LQR,task3,WAIT_B1_WS2_REQUEST_T2,WAIT_B1,T2,TRANSIT_TO_WS2,-1.47895,-2.0016,-1.08292,-1.6,-1.0,-1.0,0.0,86.66254,NORMAL,2,0,0,0.01084,0.0447,0.0,0.0,5.64651
38.6,LQR,task3,WAIT_B1_WS2_REQUEST_T2,WAIT_B1,T2,TRANSIT_TO_WS2,-1.47895,-2.00156,-1.02892,-1.6,-1.0,-1.0,0.0,86.65879,NORMAL,2,0,0,0.0079,0.0447,0.0,0.0,5.64651
38.75,LQR,task3,WAIT_B1_WS2_REQUEST_T2,WAIT_B1,T2,TRANSIT_TO_WS2,-1.47895,-2.00152,-0.97492,-1.6,-1.0,-1.0,0.0,86.65504,NORMAL,2,0,0,0.00557,0.0447,0.0,0.0,5.64651
38.9,LQR,task3,WAIT_B1_WS2_REQUEST_T2,WAIT_B1,T2,TRANSIT_TO_WS2,-1.47895,-2.00148,-0.92092,-1.6,-1.0,-1.0,0.0,86.65129,NORMAL,2,0,0,0.00541,0.0447,0.0,0.0,5.64651
39.05,LQR,task3,WAIT_B1_WS2_REQUEST_T2,WAIT_B1,T2,TRANSIT_TO_WS2,-1.47896,-2.00144,-0.86692,-1.6,-1.0,-1.0,0.0,86.64754,NORMAL,2,0,0,0.01656,0.0447,0.0,0.0,5.64651
39.2,LQR,task3,WAIT_B1_WS2_REQUEST_T2,WAIT_B1,T2,TRANSIT_TO_WS2,-1.47896,-2.0014,-0.81292,-1.6,-1.0,-1.0,0.0,86.64379,NORMAL,2,0,0,0.00567,0.0447,0.0,0.0,5.64651
39.35,LQR,task3,WAIT_B1_WS2_REQUEST_T2,WAIT_B1,T2,TRANSIT_TO_WS2,-1.47896,-2.00137,-0.75892,-1.6,-1.0,-1.0,0.0,86.64004,NORMAL,2,0,0,0.00427,0.0447,0.0,0.0,5.64651
39.5,LQR,task3,WAIT_B1_WS2_REQUEST_T2,WAIT_B1,T2,TRANSIT_TO_WS2,-1.47896,-2.00133,-0.70492,-1.6,-1.0,-1.0,0.0,86.63629,NORMAL,2,0,0,0.00712,0.0447,0.0,0.0,5.64651
39.65,LQR,task3,WAIT_B1_WS2_REQUEST_T2,WAIT_B1,T2,TRANSIT_TO_WS2,-1.47896,-2.00129,-0.65092,-1.6,-1.0,-1.0,0.0,86.63254,NORMAL,2,0,0,0.00861,0.0447,0.0,0.0,5.64651
39.8,LQR,task3,WAIT_B1_WS2_REQUEST_T2,WAIT_B1,T2,TRANSIT_TO_WS2,-1.47896,-2.00125,-0.59692,-1.6,-1.0,-1.0,0.0,86.62879,NORMAL,2,0,0,0.00512,0.0447,0.0,0.0,5.64651
39.95,LQR,task3,WAIT_B1_WS2_REQUEST_T2,WAIT_B1,T2,TRANSIT_TO_WS2,-1.47897,-2.00121,-0.54292,-1.6,-1.0,-1.0,0.0,86.62504,NORMAL,2,0,0,0.00759,0.0447,0.0,0.0,5.64651
40.1,LQR,task3,WAIT_B1_WS2_REQUEST_T2,WAIT_B1,T2,TRANSIT_TO_WS2,-1.47897,-2.00117,-0.48892,-1.6,-1.0,-1.0,0.0,86.62129,NORMAL,2,0,0,0.01065,0.0447,0.0,0.0,5.64651
40.25,LQR,task3,WAIT_B1_WS2_REQUEST_T2,WAIT_B1,T2,TRANSIT_TO_WS2,-1.47897,-2.00113,-0.43492,-1.6,-1.0,-1.0,0.0,86.61754,NORMAL,2,0,0,0.00705,0.0447,0.0,0.0,5.64651
40.4,LQR,task3,WAIT_B1_WS2_REQUEST_T2,WAIT_B1,T2,TRANSIT_TO_WS2,-1.47897,-2.00109,-0.38083,-1.6,-1.0,-1.0,0.0,86.61379,NORMAL,2,0,0,0.00252,0.0447,0.0,0.0,5.64651
40.55,LQR,task3,WAIT_B1_WS2_REQUEST_T2,WAIT_B1,T2,TRANSIT_TO_WS2,-1.47897,-2.00105,-0.32683,-1.6,-1.0,-1.0,0.0,86.61004,NORMAL,2,0,0,0.00511,0.0447,0.0,0.0,5.64651
40.7,LQR,task3,WAIT_B1_WS2_REQUEST_T2,WAIT_B1,T2,TRANSIT_TO_WS2,-1.47897,-2.00102,-0.27283,-1.6,-1.0,-1.0,0.0,86.60629,NORMAL,2,0,0,0.00167,0.0447,0.0,0.0,5.64651
40.85,LQR,task3,WAIT_B1_WS2_REQUEST_T2,WAIT_B1,T2,TRANSIT_TO_WS2,-1.47898,-2.00098,-0.21883,-1.6,-1.0,-1.0,0.0,86.60254,NORMAL,2,0,0,0.00628,0.0447,0.0,0.0,5.64651
41.0,LQR,task3,WAIT_B1_WS2_REQUEST_T2,WAIT_B1,T2,TRANSIT_TO_WS2,-1.47898,-2.00094,-0.16483,-1.6,-1.0,-1.0,0.0,86.59879,NORMAL,2,0,0,0.00336,0.0447,0.0,0.0,5.64651
41.15,LQR,task3,WAIT_B1_WS2_REQUEST_T2,WAIT_B1,T2,TRANSIT_TO_WS2,-1.47898,-2.0009,-0.11083,-1.6,-1.0,-1.0,0.0,86.59504,NORMAL,2,0,0,0.01067,0.0447,0.0,0.0,5.64651
41.3,LQR,task3,WAIT_B1_WS2_REQUEST_T2,WAIT_B1,T2,TRANSIT_TO_WS2,-1.47898,-2.00086,-0.05683,-1.6,-1.0,-1.0,0.0,86.59129,NORMAL,2,0,0,0.00892,0.0447,0.0,0.0,5.64651
41.45,LQR,task3,WAIT_B1_WS2_REQUEST_T2,WAIT_B1,T2,TRANSIT_TO_WS2,-1.47898,-2.00082,-0.00283,-1.6,-1.0,-1.0,0.0,86.58754,NORMAL,2,0,0,0.00384,0.0447,0.0,0.0,5.64651
41.6,LQR,task3,WAIT_B1_WS2_REQUEST_T2,WAIT_B1,T2,TRANSIT_TO_WS2,-1.47899,-2.00078,0.05117,-1.6,-1.0,-1.0,0.0,86.58379,NORMAL,2,0,0,0.01124,0.0447,0.0,0.0,5.64651
41.75,LQR,task3,WAIT_B1_WS2_REQUEST_T2,WAIT_B1,T2,TRANSIT_TO_WS2,-1.47899,-2.00074,0.10517,-1.6,-1.0,-1.0,0.0,86.58004,NORMAL,2,0,0,0.01545,0.0447,0.0,0.0,5.64651
41.9,LQR,task3,WAIT_B1_WS2_REQUEST_T2,WAIT_B1,T2,TRANSIT_TO_WS2,-1.47899,-2.00071,0.15917,-1.6,-1.0,-1.0,0.0,86.57629,NORMAL,2,0,0,0.01062,0.0447,0.0,0.0,5.64651
42.05,LQR,task3,WAIT_B1_WS2_REQUEST_T2,WAIT_B1,T2,TRANSIT_TO_WS2,-1.47899,-2.00067,0.21317,-1.6,-1.0,-1.0,0.0,86.57254,NORMAL,2,0,0,0.00299,0.0447,0.0,0.0,5.64651
42.2,LQR,task3,WAIT_B1_WS2_REQUEST_T2,WAIT_B1,T2,TRANSIT_TO_WS2,-1.47899,-2.00063,0.26717,-1.6,-1.0,-1.0,0.0,86.56879,NORMAL,2,0,0,0.01034,0.0447,0.0,0.0,5.64651
42.35,LQR,task3,WAIT_B1_WS2_REQUEST_T2,WAIT_B1,T2,TRANSIT_TO_WS2,-1.47899,-2.00059,0.32117,-1.6,-1.0,-1.0,0.0,86.56504,NORMAL,2,0,0,0.01373,0.0447,0.0,0.0,5.64651
42.5,LQR,task3,WAIT_B1_WS2_REQUEST_T2,WAIT_B1,T2,TRANSIT_TO_WS2,-1.479,-2.00055,0.37517,-1.6,-1.0,-1.0,0.0,86.56129,NORMAL,2,0,0,0.01618,0.0447,0.0,0.0,5.64651
42.65,LQR,task3,WAIT_B1_WS2_REQUEST_T2,WAIT_B1,T2,TRANSIT_TO_WS2,-1.479,-2.00051,0.42917,-1.6,-1.0,-1.0,0.0,86.55754,NORMAL,2,0,0,0.0072,0.0447,0.0,0.0,5.64651
42.8,LQR,task3,WAIT_B1_WS2_REQUEST_T2,WAIT_B1,T2,TRANSIT_TO_WS2,-1.479,-2.00047,0.48317,-1.6,-1.0,-1.0,0.0,86.55379,NORMAL,2,0,0,0.00607,0.0447,0.0,0.0,5.64651
42.95,LQR,task3,WAIT_B1_WS2_REQUEST_T2,WAIT_B1,T2,TRANSIT_TO_WS2,-1.479,-2.00043,0.53717,-1.6,-1.0,-1.0,0.0,86.55004,NORMAL,2,0,0,0.00727,0.0447,0.0,0.0,5.64651
43.1,LQR,task3,WAIT_B1_WS2_REQUEST_T2,WAIT_B1,T2,TRANSIT_TO_WS2,-1.479,-2.0004,0.59117,-1.6,-1.0,-1.0,0.0,86.54629,NORMAL,2,0,0,0.01546,0.0447,0.0,0.0,5.64651
43.25,LQR,task3,WAIT_B1_WS2_REQUEST_T2,WAIT_B1,T2,TRANSIT_TO_WS2,-1.479,-2.00036,0.64517,-1.6,-1.0,-1.0,0.0,86.54254,NORMAL,2,0,0,0.01518,0.0447,0.0,0.0,5.64651
43.4,LQR,task3,WAIT_B1_WS2_REQUEST_T2,WAIT_B1,T2,TRANSIT_TO_WS2,-1.479,-2.00032,0.69917,-1.6,-1.0,-1.0,0.0,86.53879,NORMAL,2,0,0,0.01857,0.0447,0.0,0.0,5.64651
43.55,LQR,task3,WAIT_B1_WS2_REQUEST_T2,WAIT_B1,T2,TRANSIT_TO_WS2,-1.47901,-2.00028,0.75317,-1.6,-1.0,-1.0,0.0,86.53504,NORMAL,2,0,0,0.02027,0.0447,0.0,0.0,5.64651
43.7,LQR,task3,WAIT_B1_WS2_REQUEST_T2,WAIT_B1,T2,TRANSIT_TO_WS2,-1.47901,-2.00024,0.80789,-1.59701,-1.0,-1.0,0.0,86.53129,NORMAL,2,0,0,0.00426,0.0447,0.0,0.0,5.64651
43.85,LQR,task3,WAIT_B1_WS2_REQUEST_T2,WAIT_B1,T2,TRANSIT_TO_WS2,-1.47901,-2.0002,0.85839,-1.57788,-1.0,-1.0,0.0,86.52754,NORMAL,2,0,0,0.00691,0.0447,0.0,0.0,5.64651
44.0,LQR,task3,WAIT_B1_WS2_REQUEST_T2,WAIT_B1,T2,TRANSIT_TO_WS2,-1.47901,-2.00016,0.90889,-1.55875,-1.0,-1.0,0.0,86.52379,NORMAL,2,0,0,0.01728,0.0447,0.0,0.0,5.64651
44.15,LQR,task3,WAIT_B1_WS2_REQUEST_T2,WAIT_B1,T2,TRANSIT_TO_WS2,-1.47901,-2.00012,0.95939,-1.53963,-1.0,-1.0,0.0,86.52004,NORMAL,2,0,0,0.01387,0.0447,0.0,0.0,5.64651
44.3,LQR,task3,WAIT_B1_WS2_REQUEST_T2,WAIT_B1,T2,TRANSIT_TO_WS2,-1.47901,-2.00008,1.00988,-1.5205,-1.0,-1.0,0.0,86.51629,NORMAL,2,0,0,0.00414,0.0447,0.0,0.0,5.64651
44.45,LQR,task3,WAIT_B1_WS2_REQUEST_T2,WAIT_B1,T2,TRANSIT_TO_WS2,-1.47902,-2.00005,1.06038,-1.50137,-1.0,-1.0,0.0,86.51254,NORMAL,2,0,0,0.0154,0.0447,0.0,0.0,5.64651
44.6,LQR,task3,WAIT_B1_WS2_REQUEST_T2,WAIT_B1,T2,TRANSIT_TO_WS2,-1.47902,-2.00001,1.11088,-1.48224,-1.0,-1.0,0.0,86.50879,NORMAL,2,0,0,0.01237,0.0447,0.0,0.0,5.64651
44.75,LQR,task3,WAIT_B1_WS2_REQUEST_T2,WAIT_B1,T2,TRANSIT_TO_WS2,-1.47902,-1.99997,1.16138,-1.46311,-1.0,-1.0,0.0,86.50504,NORMAL,2,0,0,0.01073,0.0447,0.0,0.0,5.64651
44.9,LQR,task3,WAIT_B1_WS2_REQUEST_T2,WAIT_B1,T2,TRANSIT_TO_WS2,-1.47902,-1.99993,1.21188,-1.44399,-1.0,-1.0,0.0,86.50129,NORMAL,2,0,0,0.02032,0.0447,0.0,0.0,5.64651
45.05,LQR,task3,WAIT_B1_WS2_REQUEST_T2,WAIT_B1,T2,TRANSIT_TO_WS2,-1.47902,-1.99989,1.26238,-1.42486,-1.0,-1.0,0.0,86.49754,NORMAL,2,0,0,0.01508,0.0447,0.0,0.0,5.64651
45.2,LQR,task3,WAIT_B1_WS2_REQUEST_T2,WAIT_B1,T2,TRANSIT_TO_WS2,-1.47902,-1.99985,1.31288,-1.40573,-1.0,-1.0,0.0,86.49379,NORMAL,2,0,0,0.01105,0.0447,0.0,0.0,5.64651
45.35,LQR,task3,WAIT_B1_WS2_REQUEST_T2,WAIT_B1,T2,TRANSIT_TO_WS2,-1.47902,-1.99981,1.36338,-1.3866,-1.0,-1.0,0.0,86.49004,NORMAL,2,0,0,0.00964,0.0447,0.0,0.0,5.64651
45.5,LQR,task3,WAIT_B1_WS2_REQUEST_T2,WAIT_B1,T2,TRANSIT_TO_WS2,-1.47903,-1.99977,1.41387,-1.36747,-1.0,-1.0,0.0,86.48629,NORMAL,2,0,0,0.00877,0.0447,0.0,0.0,5.64651
45.65,LQR,task3,WAIT_B1_WS2_REQUEST_T2,WAIT_B1,T2,TRANSIT_TO_WS2,-1.47903,-1.99974,1.46437,-1.34834,-1.0,-1.0,0.0,86.48254,NORMAL,2,0,0,0.00279,0.0447,0.0,0.0,5.64651
45.8,LQR,task3,WAIT_B1_WS2_REQUEST_T2,WAIT_B1,T2,TRANSIT_TO_WS2,-1.47903,-1.9997,1.51487,-1.32922,-1.0,-1.0,0.0,86.47879,NORMAL,2,0,0,0.00492,0.0447,0.0,0.0,5.64651
45.95,LQR,task3,WAIT_B1_WS2_REQUEST_T2,WAIT_B1,T2,TRANSIT_TO_WS2,-1.47903,-1.99966,1.56537,-1.31009,-1.0,-1.0,0.0,86.47504,NORMAL,2,0,0,0.00513,0.0447,0.0,0.0,5.64651
46.1,LQR,task3,WAIT_B1_WS2_REQUEST_T2,WAIT_B1,T2,TRANSIT_TO_WS2,-1.47903,-1.99962,1.61587,-1.29096,-1.0,-1.0,0.0,86.47129,NORMAL,2,0,0,0.00816,0.0447,0.0,0.0,5.64651
46.25,LQR,task3,WAIT_B1_WS2_REQUEST_T2,WAIT_B1,T2,TRANSIT_TO_WS2,-1.47903,-1.99958,1.66637,-1.27183,-1.0,-1.0,0.0,86.46754,NORMAL,2,0,0,0.00067,0.0447,0.0,0.0,5.64651
46.4,LQR,task3,WAIT_B1_WS2_REQUEST_T2,WAIT_B1,T2,TRANSIT_TO_WS2,-1.47903,-1.99954,1.71687,-1.2527,-1.0,-1.0,0.0,86.46379,NORMAL,2,0,0,0.00694,0.0447,0.0,0.0,5.64651
46.55,LQR,task3,WAIT_B1_WS2_REQUEST_T2,WAIT_B1,T2,TRANSIT_TO_WS2,-1.47904,-1.9995,1.76736,-1.23357,-1.0,-1.0,0.0,86.46004,NORMAL,2,0,0,0.00803,0.0447,0.0,0.0,5.64651
46.7,LQR,task3,WAIT_B1_WS2_REQUEST_T2,WAIT_B1,T2,TRANSIT_TO_WS2,-1.47904,-1.99946,1.81786,-1.21445,-1.0,-1.0,0.0,86.45629,NORMAL,2,0,0,0.00883,0.0447,0.0,0.0,5.64651
46.85,LQR,task3,WAIT_B1_WS2_REQUEST_T2,WAIT_B1,T2,TRANSIT_TO_WS2,-1.47904,-1.99943,1.86836,-1.19532,-1.0,-1.0,0.0,86.45254,NORMAL,2,0,0,0.00741,0.0447,0.0,0.0,5.64651
47.0,LQR,task3,WAIT_B1_WS2_REQUEST_T2,WAIT_B1,T2,TRANSIT_TO_WS2,-1.47904,-1.99939,1.91886,-1.17619,-1.0,-1.0,0.0,86.44879,NORMAL,2,0,0,0.00813,0.0447,0.0,0.0,5.64651
47.15,LQR,task3,WAIT_B1_WS2_REQUEST_T2,WAIT_B1,T2,TRANSIT_TO_WS2,-1.47904,-1.99935,1.96936,-1.15706,-1.0,-1.0,0.0,86.44504,NORMAL,2,0,0,0.00525,0.0447,0.0,0.0,5.64651
47.3,LQR,task3,WAIT_B1_WS2_REQUEST_T2,WAIT_B1,T2,TRANSIT_TO_WS2,-1.47904,-1.99931,2.01986,-1.13793,-1.0,-1.0,0.0,86.44129,NORMAL,2,0,0,0.01094,0.0447,0.0,0.0,5.64651
47.45,LQR,task3,WAIT_B1_WS2_REQUEST_T2,WAIT_B1,T2,TRANSIT_TO_WS2,-1.47904,-1.99927,2.07036,-1.1188,-1.0,-1.0,0.0,86.43754,NORMAL,2,0,0,0.013,0.0447,0.0,0.0,5.64651
47.6,LQR,task3,WAIT_B1_WS2_REQUEST_T2,WAIT_B1,T2,WS2,-1.47904,-1.99923,2.12,-1.1,-1.0,-1.0,0.0,86.43379,NORMAL,2,0,0,0.01566,0.0447,0.0,0.0,5.64651
47.75,LQR,task3,TO_PICKUP_T2,SLAM_PATH,T2,WS2,-1.47926,-1.99942,2.12,-1.1,5.33223,0.73332,0.0,86.42907,NORMAL,2,0,0,0.00412,0.02688,0.0,0.87595,5.8655
47.9,LQR,task3,TO_PICKUP_T2,SLAM_PATH,T2,WS2,-1.48229,-2.0004,2.12,-1.1,5.33366,0.73617,0.0,86.41988,NORMAL,2,0,0,0.00707,0.02476,0.0,1.23336,5.95485
48.05,LQR,task3,TO_PICKUP_T2,SLAM_PATH,T2,WS2,-1.48886,-2.00281,2.12,-1.1,5.33868,0.74747,0.0,86.40949,NORMAL,2,0,0,0.00899,0.02478,0.0,1.3031,5.97228
48.2,LQR,task3,TO_PICKUP_T2,SLAM_PATH,T2,WS2,-1.49666,-2.00529,2.12,-1.1,5.34477,0.87127,0.0,86.39886,NORMAL,2,0,0,0.02241,0.02504,0.0,1.3167,5.97568
48.35,LQR,task3,TO_PICKUP_T2,SLAM_PATH,T2,WS2,-1.50345,-2.00926,2.12,-1.1,5.35166,0.78989,0.0,86.38819,NORMAL,2,0,0,0.00921,0.0322,0.0,1.31936,5.97635
48.5,LQR,task3,TO_PICKUP_T2,SLAM_PATH,T2,WS2,-1.50925,-2.01445,2.12,-1.1,5.35912,0.81357,0.0,86.37752,NORMAL,2,0,0,0.00485,0.0256,0.0,1.31987,5.97648
48.65,LQR,task3,TO_PICKUP_T2,SLAM_PATH,T2,WS2,-1.51412,-2.02058,2.12,-1.1,5.36687,0.83301,0.0,86.36684,NORMAL,2,0,0,0.00921,0.02558,0.0,1.31998,5.9765
48.8,LQR,task3,TO_PICKUP_T2,SLAM_PATH,T2,WS2,-1.5178,-2.02744,2.12,-1.1,5.37469,0.82256,0.0,86.35616,NORMAL,2,0,0,0.01026,0.02588,0.0,1.32,5.97651
48.95,LQR,task3,TO_PICKUP_T2,SLAM_PATH,T2,WS2,-1.52028,-2.03486,2.12,-1.1,5.38237,0.86073,0.0,86.34548,NORMAL,2,0,0,0.01491,0.0287,0.0,1.32,5.97651
49.1,LQR,task3,TO_PICKUP_T2,SLAM_PATH,T2,WS2,-1.52081,-2.04267,2.12,-1.1,5.38963,0.80547,0.0,86.33474,NORMAL,2,0,0,0.0253,0.03452,0.01221,1.32,5.98872
49.25,LQR,task3,TO_PICKUP_T2,SLAM_PATH,T2,WS2,-1.51431,-2.05018,2.12,-1.1,5.39406,0.79894,0.0,86.31862,NORMAL,2,0,0,0.01745,0.02654,0.05613,1.32,6.03264
49.4,LQR,task3,TO_PICKUP_T2,SLAM_PATH,T2,WS2,-1.50187,-2.05536,2.12,-1.1,5.39376,0.79426,0.0,86.29648,NORMAL,2,0,0,0.02407,0.02566,0.10822,1.32,6.08473
49.55,LQR,task3,TO_PICKUP_T2,SLAM_PATH,T2,WS2,-1.47637,-2.05311,2.12,-1.1,5.38302,0.77575,0.0,86.2594,NORMAL,2,0,0,0.01981,0.02623,0.19642,1.32,6.17293
49.7,LQR,task3,TO_PICKUP_T2,SLAM_PATH,T2,WS2,-1.44225,-2.04044,2.12,-1.1,5.35783,0.74826,0.0,86.20787,NORMAL,2,0,0,0.00391,0.02458,0.25677,1.25234,6.25019
49.85,LQR,task3,TO_PICKUP_T2,SLAM_PATH,T2,WS2,-1.40615,-2.01743,2.12,-1.1,5.3214,0.70956,0.0,86.14654,NORMAL,2,0,0,0.01149,0.0242,0.29865,1.0953,6.33133
50.0,LQR,task3,TO_PICKUP_T2,SLAM_PATH,T2,WS2,-1.37298,-1.98761,2.12,-1.1,5.27995,0.66682,0.0,86.07973,NORMAL,2,0,0,0.02069,0.02237,0.32804,0.92041,6.40444
50.15,LQR,task3,TO_PICKUP_T2,SLAM_PATH,T2,WS2,-1.34317,-1.94989,2.12,-1.1,5.23324,0.62126,0.0,86.00885,NORMAL,2,0,0,0.01812,0.02066,0.33776,0.78148,6.4489
50.3,LQR,task3,TO_PICKUP_T2,AVOIDING,T2,WS2,-1.31922,-1.90968,2.12,-1.1,5.18588,0.57259,0.00585,85.93964,NORMAL,2,0,0,0.03483,0.01952,0.32587,0.62694,6.51288
50.45,LQR,task3,TO_PICKUP_T2,AVOIDING,T2,WS2,-1.29948,-1.86588,2.12,-1.1,5.13848,0.5269,0.02255,85.87089,NORMAL,2,0,0,0.01759,0.01836,0.32839,0.55995,6.5451
50.6,LQR,task3,TO_PICKUP_T2,AVOIDING,T2,WS2,-1.28429,-1.82291,2.12,-1.1,5.09273,0.48475,0.04758,85.80418,NORMAL,2,0,0,0.01591,0.01653,0.30603,0.5296,6.57505
50.75,LQR,task3,TO_PICKUP_T2,AVOIDING,T2,WS2,-1.27355,-1.78285,2.12,-1.1,5.05175,0.44378,0.08078,85.74277,NORMAL,2,0,0,0.00699,0.01666,0.28206,0.45417,6.62078
50.9,LQR,task3,TO_PICKUP_T2,AVOIDING,T2,WS2,-1.26596,-1.74198,2.12,-1.1,5.01334,0.40833,0.11656,85.68411,NORMAL,2,0,0,0.05243,0.01061,0.2801,0.45917,6.63749
51.05,LQR,task3,TO_PICKUP_T2,AVOIDING,T2,WS2,-1.26098,-1.70261,2.12,-1.1,4.97617,0.37778,0.15263,85.62686,NORMAL,2,0,0,0.06008,0.00973,0.25511,0.50697,6.67443
51.2,LQR,task3,TO_PICKUP_T2,AVOIDING,T2,WS2,-1.25855,-1.66708,2.12,-1.1,4.94365,0.3491,0.19091,85.57464,NORMAL,2,0,0,0.05827,0.01033,0.23051,0.41722,6.72479
51.35,LQR,task3,TO_PICKUP_T2,AVOIDING,T2,WS2,-1.25842,-1.63536,2.12,-1.1,4.91557,0.32664,0.22389,85.5275,NORMAL,2,0,0,0.04577,0.00997,0.20027,0.3477,6.77241
51.5,LQR,task3,TO_PICKUP_T2,AVOIDING,T2,WS2,-1.25972,-1.6072,2.12,-1.1,4.89158,0.31102,0.24836,85.49079,NORMAL,2,0,0,0.03646,0.00972,0.12259,-0.73834,7.14747
51.65,LQR,task3,TO_PICKUP_T2,AVOIDING,T2,WS2,-1.26261,-1.58289,2.12,-1.1,4.87182,0.29613,0.27288,85.45836,NORMAL,2,0,0,0.01581,0.00958,0.13092,-1.16913,7.26481
51.8,LQR,task3,TO_PICKUP_T2,AVOIDING,T2,WS2,-1.26819,-1.56198,2.12,-1.1,4.85536,0.27938,0.30183,85.42365,NORMAL,2,0,0,0.01568,0.00944,0.13508,-1.10315,7.29819
51.95,LQR,task3,TO_PICKUP_T2,AVOIDING,T2,WS2,-1.273,-1.54652,2.12,-1.1,4.84536,0.2686,0.32124,85.38831,NORMAL,2,0,0,0.0298,0.0093,0.16237,-0.7858,7.40482
52.1,LQR,task3,TO_PICKUP_T2,AVOIDING,T2,WS2,-1.27326,-1.5265,2.12,-1.1,4.83207,0.25757,0.34172,85.34825,NORMAL,2,0,0,0.0273,0.0093,0.18691,-0.72325,7.46556
52.25,LQR,task3,TO_PICKUP_T2,AVOIDING,T2,WS2,-1.26608,-1.50047,2.12,-1.1,4.80907,0.23517,0.38527,85.30531,NORMAL,2,0,0,0.03209,0.00892,0.19994,-0.50418,7.53335
52.4,LQR,task3,TO_PICKUP_T2,AVOIDING,T2,WS2,-1.25483,-1.47453,2.12,-1.1,4.78145,0.21059,0.43605,85.26219,NORMAL,2,0,0,0.08256,0.00902,0.19473,-0.35408,7.57765
52.55,LQR,task3,TO_PICKUP_T2,AVOIDING,T2,WS2,-1.24197,-1.44992,2.12,-1.1,4.75403,0.18704,0.48765,85.22137,NORMAL,2,0,0,0.0435,0.00897,0.19435,-0.11792,7.65233
52.7,LQR,task3,TO_PICKUP_T2,AVOIDING,T2,WS2,-1.22508,-1.42207,2.12,-1.1,4.72457,0.16343,0.54229,85.17966,NORMAL,2,0,0,0.1376,0.00865,0.32528,0.31735,7.89207
52.85,LQR,task3,TO_PICKUP_T2,AVOIDING,T2,WS2,-1.19561,-1.37539,2.12,-1.1,4.67749,0.13745,0.60576,85.10124,NORMAL,2,0,0,0.20498,0.00826,0.45786,0.70162,8.12072
53.0,LQR,task3,TO_PICKUP_T2,AVOIDING,T2,WS2,-1.1726,-1.33856,2.12,-1.1,4.62367,0.09089,0.7283,85.04091,NORMAL,2,0,0,0.2155,0.00805,0.06116,0.88061,8.56217
53.15,LQR,task3,TO_PICKUP_T2,AVOIDING,T2,WS2,-1.1649,-1.32971,2.12,-1.1,4.60385,0.08654,0.74031,85.02717,NORMAL,2,0,0,0.22062,0.00817,-0.01624,0.91553,8.6483
53.3,LQR,task3,TO_PICKUP_T2,AVOIDING,T2,WS2,-1.15927,-1.33139,2.12,-1.1,4.60005,0.09348,0.72118,85.01428,NORMAL,2,0,0,0.21727,0.00869,-0.03134,0.92235,8.66511
53.45,LQR,task3,TO_PICKUP_T2,AVOIDING,T2,WS2,-1.15337,-1.33518,2.12,-1.1,4.59999,0.09323,0.72186,84.99957,NORMAL,2,0,0,0.25552,0.00836,-0.03429,0.92368,8.66839
53.6,LQR,task3,TO_PICKUP_T2,AVOIDING,T2,WS2,-1.14718,-1.33796,2.12,-1.1,4.59915,0.10024,0.70278,84.98449,NORMAL,2,0,0,0.24255,0.00803,-0.03486,0.92394,8.66902
53.75,LQR,task3,TO_PICKUP_T2,AVOIDING,T2,WS2,-1.14088,-1.34069,2.12,-1.1,4.59743,0.1097,0.67743,84.96934,NORMAL,2,0,0,0.24208,0.00861,-0.03497,0.92399,8.66915
53.9,LQR,task3,TO_PICKUP_T2,AVOIDING,T2,WS2,-1.13425,-1.34462,2.12,-1.1,4.59703,0.11946,0.65178,84.95418,NORMAL,2,0,0,0.23387,0.00776,-0.03499,0.924,8.66917
54.05,LQR,task3,TO_PICKUP_T2,AVOIDING,T2,WS2,-1.13104,-1.33752,2.12,-1.1,4.59281,0.13242,0.61845,84.91441,NORMAL,2,0,0,0.24976,0.00798,0.38757,-0.82849,9.52986
54.2,LQR,task3,TO_PICKUP_T2,AVOIDING,T2,WS2,-1.13805,-1.31518,2.12,-1.1,4.5798,0.15384,0.56531,84.82577,NORMAL,2,0,0,0.28431,0.00838,0.47001,-1.2241,9.71121
54.35,LQR,task3,TO_PICKUP_T2,AVOIDING,T2,WS2,-1.15711,-1.28088,2.12,-1.1,4.56338,0.17733,0.50977,84.72593,NORMAL,2,0,0,0.23491,0.00823,0.4861,-1.30129,9.74659
54.5,LQR,task3,TO_PICKUP_T2,AVOIDING,T2,WS2,-1.18701,-1.23293,2.12,-1.1,4.54372,0.09883,0.4779,84.6239,NORMAL,2,0,0,0.1895,0.00872,0.48924,-1.31635,9.75349
54.65,LQR,task3,TO_PICKUP_T2,AVOIDING,T2,WS2,-1.21645,-1.17137,2.12,-1.1,4.51525,0.1358,0.47542,84.52145,NORMAL,2,0,0,0.20802,0.00923,0.48985,-1.29435,9.76082
54.8,LQR,task3,TO_PICKUP_T2,AVOIDING,T2,WS2,-1.23189,-1.10334,2.12,-1.1,4.47432,0.17224,0.48395,84.41938,NORMAL,2,0,0,0.20588,0.00888,0.48997,-1.0815,9.81415
54.95,LQR,task3,TO_PICKUP_T2,AVOIDING,T2,WS2,-1.23451,-1.03264,2.12,-1.1,4.42239,0.17926,0.50534,84.31857,NORMAL,2,0,0,0.21954,0.0091,0.48999,-0.80215,9.88401
55.1,LQR,task3,TO_PICKUP_T2,AVOIDING,T2,WS2,-1.22683,-0.96164,2.12,-1.1,4.3635,0.16499,0.53859,84.21918,NORMAL,2,0,0,0.24172,0.00913,0.49,-0.55307,9.94629
55.25,LQR,task3,TO_PICKUP_T2,AVOIDING,T2,WS2,-1.21183,-0.89099,2.12,-1.1,4.29996,0.14685,0.5824,84.12107,NORMAL,2,0,0,0.12534,0.00812,0.49,-0.31951,10.00468
55.4,LQR,task3,TO_PICKUP_T2,AVOIDING,T2,WS2,-1.1921,-0.82093,2.12,-1.1,4.23359,0.13803,0.60429,84.02411,NORMAL,2,0,0,0.14047,0.00747,0.49,-0.14826,10.04749
55.55,LQR,task3,TO_PICKUP_T2,AVOIDING,T2,WS2,-1.17122,-0.75172,2.12,-1.1,4.16662,0.17488,0.09278,83.92694,NORMAL,2,0,0,0.14097,0.00775,0.49,-0.43829,10.12
55.7,LQR,task3,TO_PICKUP_T2,AVOIDING,T2,WS2,-1.14662,-0.68384,2.12,-1.1,4.09919,0.16306,0.09777,83.82902,NORMAL,2,0,0,0.14246,0.00833,0.49,-0.39314,10.1328
55.85,LQR,task3,TO_PICKUP_T2,AVOIDING,T2,WS2,-1.11727,-0.61736,2.12,-1.1,4.02995,0.14737,0.1046,83.73159,NORMAL,2,0,0,0.08455,0.00842,0.49,-0.23574,10.17215
56.0,LQR,task3,TO_PICKUP_T2,AVOIDING,T2,WS2,-1.08461,-0.55208,2.12,-1.1,3.9592,0.46186,0.06505,83.63501,NORMAL,2,0,0,0.12707,0.00896,0.49,-0.15522,10.20457
56.15,LQR,task3,TO_PICKUP_T2,AVOIDING,T2,WS2,-1.05058,-0.48761,2.12,-1.1,3.88812,0.4565,0.01252,83.53846,NORMAL,2,0,0,0.15424,0.00922,0.49,-0.18028,10.21475
56.3,LQR,task3,TO_PICKUP_T2,AVOIDING,T2,WS2,-1.01475,-0.42389,2.12,-1.1,3.81665,0.2178,0.07575,83.442,NORMAL,2,0,0,0.22384,0.01038,0.49,-0.09562,10.23591
56.45,LQR,task3,TO_PICKUP_T2,AVOIDING,T2,WS2,-0.97742,-0.36101,2.12,-1.1,3.7447,0.26607,0.05866,83.34587,NORMAL,2,0,0,0.31278,0.00861,0.49,-0.13365,10.24542
56.6,LQR,task3,TO_PICKUP_T2,AVOIDING,T2,WS2,-0.93946,-0.29878,2.12,-1.1,3.67281,0.32239,0.07692,83.24939,NORMAL,2,0,0,0.32451,0.00823,0.49,-0.2046,10.26316
56.75,LQR,task3,TO_PICKUP_T2,AVOIDING,T2,WS2,-0.89994,-0.23764,2.12,-1.1,3.60081,0.38027,0.07733,83.15267,NORMAL,2,0,0,0.35286,0.00774,0.49,-0.242,10.27251
56.9,LQR,task3,TO_PICKUP_T2,AVOIDING,T2,WS2,-0.85833,-0.17783,2.12,-1.1,3.52865,0.40951,0.11526,83.0558,NORMAL,2,0,0,0.29643,0.00801,0.49,-0.18289,10.28934
57.05,LQR,task3,TO_PICKUP_T2,AVOIDING,T2,WS2,-0.81432,-0.1193,2.12,-1.1,3.45582,0.36592,0.16794,82.95945,NORMAL,2,0,0,0.22645,0.00779,0.49,-0.05497,10.32132
57.2,LQR,task3,TO_PICKUP_T2,AVOIDING,T2,WS2,-0.76908,-0.06124,2.12,-1.1,3.38247,0.35155,0.18747,82.86365,NORMAL,2,0,0,0.19648,0.0079,0.49,0.07129,10.35289
57.35,LQR,task3,TO_PICKUP_T2,AVOIDING,T2,WS2,-0.72393,-0.00289,2.12,-1.1,3.3089,0.35652,0.18059,82.76755,NORMAL,2,0,0,0.1813,0.00796,0.49,0.12514,10.36635
57.5,LQR,task3,TO_PICKUP_T2,AVOIDING,T2,WS2,-0.67976,0.05625,2.12,-1.1,3.23527,0.3583,0.1032,82.67127,NORMAL,2,0,0,0.15089,0.00802,0.49,0.09599,10.37494
57.65,LQR,task3,TO_PICKUP_T2,AVOIDING,T2,WS2,-0.63691,0.11606,2.12,-1.1,3.162,0.34949,0.03427,82.57531,NORMAL,2,0,0,0.13122,0.00812,0.49,-0.00047,10.39905
57.8,LQR,task3,TO_PICKUP_T2,AVOIDING,T2,WS2,-0.59462,0.17593,2.12,-1.1,3.08918,0.35857,0.032,82.47952,NORMAL,2,0,0,0.11919,0.00804,0.49,-0.07374,10.41737
57.95,LQR,task3,TO_PICKUP_T2,AVOIDING,T2,WS2,-0.55195,0.23535,2.12,-1.1,3.01646,0.42234,0.0183,82.38342,NORMAL,2,0,0,0.07506,0.00767,0.49,-0.1131,10.42721
58.1,LQR,task3,TO_PICKUP_T2,AVOIDING,T2,WS2,-0.50838,0.29406,2.12,-1.1,2.94376,0.49117,0.00777,82.28721,NORMAL,2,0,0,0.06905,0.00761,0.49,-0.09933,10.43065
58.25,LQR,task3,TO_PICKUP_T2,AVOIDING,T2,WS2,-0.4637,0.35211,2.12,-1.1,2.87083,0.44381,0.01454,82.19114,NORMAL,2,0,0,0.08269,0.00758,0.49,-0.05689,10.44126
58.4,LQR,task3,TO_PICKUP_T2,AVOIDING,T2,WS2,-0.41833,0.40973,2.12,-1.1,2.79773,0.4855,0.00847,82.09527,NORMAL,2,0,0,0.07655,0.00792,0.49,-0.04397,10.44606
58.55,LQR,task3,TO_PICKUP_T2,AVOIDING,T2,WS2,-0.37264,0.46704,2.12,-1.1,2.72461,0.53346,0.01385,81.99939,NORMAL,2,0,0,0.07825,0.00785,0.49,-0.05318,10.44839
58.7,LQR,task3,TO_PICKUP_T2,AVOIDING,T2,WS2,-0.32638,0.52404,2.12,-1.1,2.6514,0.49083,0.04341,81.90355,NORMAL,2,0,0,0.0789,0.00757,0.49,-0.00752,10.45981
58.85,LQR,task3,TO_PICKUP_T2,AVOIDING,T2,WS2,-0.27962,0.58091,2.12,-1.1,2.57801,0.43603,0.08805,81.8078,NORMAL,2,0,0,0.09069,0.00752,0.49,0.08192,10.48216
59.0,LQR,task3,TO_PICKUP_T2,AVOIDING,T2,WS2,-0.23291,0.63828,2.12,-1.1,2.50434,0.38784,0.14022,81.71155,NORMAL,2,0,0,0.1067,0.00721,0.49,0.17313,10.50497
59.15,LQR,task3,TO_PICKUP_T2,AVOIDING,T2,WS2,-0.18741,0.69672,2.12,-1.1,2.43052,0.34323,0.19928,81.61496,NORMAL,2,0,0,0.08726,0.00745,0.49,0.21779,10.51613
59.3,LQR,task3,TO_PICKUP_T2,AVOIDING,T2,WS2,-0.14393,0.75598,2.12,-1.1,2.35722,0.30095,0.26481,81.51806,NORMAL,2,0,0,0.09111,0.00744,0.49,0.28339,10.53253
59.45,LQR,task3,TO_PICKUP_T2,AVOIDING,T2,WS2,-0.10307,0.81569,2.12,-1.1,2.28517,0.26261,0.33227,81.42039,NORMAL,2,0,0,0.11344,0.00792,0.49,0.53263,10.59484
59.6,LQR,task3,TO_PICKUP_T2,AVOIDING,T2,WS2,-0.066,0.87833,2.12,-1.1,2.21426,0.22948,0.39673,81.32234,NORMAL,2,0,0,0.14018,0.00907,0.49,0.36787,10.63603
59.75,LQR,task3,TO_PICKUP_T2,AVOIDING,T2,WS2,-0.03351,0.9437,2.12,-1.1,2.1445,0.20776,0.4421,81.22514,NORMAL,2,0,0,0.14565,0.01004,0.49,0.08391,10.70702
59.9,LQR,task3,TO_PICKUP_T2,AVOIDING,T2,WS2,-0.00324,1.01056,2.12,-1.1,2.07549,0.17766,0.509,81.12931,NORMAL,2,0,0,0.15918,0.0096,0.49,-0.00366,10.72891
60.05,LQR,task3,TO_PICKUP_T2,AVOIDING,T2,WS2,0.02716,1.07744,2.12,-1.1,2.00705,0.17741,0.5096,81.03367,NORMAL,2,0,0,0.17924,0.00937,0.49,-0.00732,10.73083
60.2,LQR,task3,TO_PICKUP_T2,AVOIDING,T2,WS2,0.05726,1.14425,2.12,-1.1,1.93881,0.2097,0.07883,80.93714,NORMAL,2,0,0,0.10355,0.01199,0.49,-0.36739,10.82085
60.35,LQR,task3,TO_PICKUP_T2,AVOIDING,T2,WS2,0.08876,1.20904,2.12,-1.1,1.87201,0.19161,0.08593,80.8394,NORMAL,2,0,0,0.16477,0.01245,0.49,-0.43807,10.83852
60.5,LQR,task3,TO_PICKUP_T2,AVOIDING,T2,WS2,0.12506,1.27166,2.12,-1.1,1.80388,0.18608,0.14977,80.74167,NORMAL,2,0,0,0.16359,0.01149,0.49,-0.27526,10.87923
60.65,LQR,task3,TO_PICKUP_T2,AVOIDING,T2,WS2,0.1652,1.33255,2.12,-1.1,1.73394,0.20391,0.083,80.64482,NORMAL,2,0,0,0.19935,0.01165,0.49,-0.16458,10.9069
60.8,LQR,task3,TO_PICKUP_T2,AVOIDING,T2,WS2,0.2071,1.39236,2.12,-1.1,1.66335,0.27706,0.05507,80.54837,NORMAL,2,0,0,0.14868,0.0137,0.49,-0.15517,10.91069
60.95,LQR,task3,TO_PICKUP_T2,AVOIDING,T2,WS2,0.25036,1.45124,2.12,-1.1,1.59251,0.26,0.06069,80.45194,NORMAL,2,0,0,0.14966,0.0137,0.49,-0.11601,10.92398
61.1,LQR,task3,TO_PICKUP_T2,AVOIDING,T2,WS2,0.29498,1.50918,2.12,-1.1,1.52134,0.30507,0.04644,80.35574,NORMAL,2,0,0,0.11692,0.01274,0.49,-0.11796,10.92882
61.25,LQR,task3,TO_PICKUP_T2,AVOIDING,T2,WS2,0.34042,1.56631,2.12,-1.1,1.45011,0.35793,0.03216,80.25941,NORMAL,2,0,0,0.06552,0.01346,0.49,-0.17318,10.94262
61.4,LQR,task3,TO_PICKUP_T2,AVOIDING,T2,WS2,0.38688,1.62239,2.12,-1.1,1.37901,0.41449,0.01978,80.16276,NORMAL,2,0,0,0.06851,0.01426,0.49,-0.23927,10.95914
61.55,LQR,task3,TO_PICKUP_T2,AVOIDING,T2,WS2,0.43522,1.67688,2.12,-1.1,1.30772,0.47014,0.01052,80.06595,NORMAL,2,0,0,0.04622,0.01537,0.49,-0.19039,10.97137
61.7,LQR,task3,TO_PICKUP_T2,AVOIDING,T2,WS2,0.48538,1.72984,2.12,-1.1,1.23592,0.52423,0.0043,79.96938,NORMAL,2,0,0,0.03341,0.01666,0.49,-0.17469,10.97575
61.85,LQR,task3,TO_PICKUP_T2,AVOIDING,T2,WS2,0.53689,1.78152,2.12,-1.1,1.16393,0.57706,0.00086,79.87284,NORMAL,2,0,0,0.03245,0.0183,0.49,-0.16644,10.97781
62.0,LQR,task3,TO_PICKUP_T2,ROUTE,T2,WS2,0.58971,1.83185,2.12,-1.1,1.09173,0.6287,0.0,79.77636,NORMAL,2,0,0,0.02884,0.0198,0.49,-0.16099,10.97979
62.15,LQR,task3,TO_PICKUP_T2,ROUTE,T2,WS2,0.64197,1.87934,2.12,-1.1,1.0205,0.67832,0.0,79.68137,NORMAL,2,0,0,0.03461,0.02137,0.46556,-0.15247,11.00636
62.3,LQR,task3,TO_PICKUP_T2,ROUTE,T2,WS2,0.69163,1.9225,2.12,-1.1,0.95319,0.72412,0.0,79.59167,NORMAL,2,0,0,0.03808,0.0229,0.42607,-0.14586,11.0475
62.45,LQR,task3,TO_PICKUP_T2,ROUTE,T2,WS2,0.73703,1.96029,2.12,-1.1,0.89223,0.76465,0.0,79.51017,NORMAL,2,0,0,0.03613,0.02413,0.38179,-0.12529,11.09692
62.6,LQR,task3,TO_PICKUP_T2,ROUTE,T2,WS2,0.77827,1.99329,2.12,-1.1,0.83761,0.80009,0.0,79.43685,NORMAL,2,0,0,0.02446,0.02513,0.34143,-0.10432,11.14253
62.75,LQR,task3,TO_PICKUP_T2,ROUTE,T2,WS2,0.81569,2.02216,2.12,-1.1,0.78877,0.83102,0.0,79.37102,NORMAL,2,0,0,0.0218,0.02668,0.30651,-0.08093,11.1833
62.9,LQR,task3,TO_PICKUP_T2,ROUTE,T2,WS2,0.84938,2.04743,2.12,-1.1,0.74499,0.85869,0.0,79.31181,NORMAL,2,0,0,0.01625,0.03231,0.27152,-0.07111,11.221
63.05,LQR,task3,TO_PICKUP_T2,ROUTE,T2,WS2,0.87942,2.06947,2.12,-1.1,0.70617,0.88388,0.0,79.25889,NORMAL,2,0,0,0.00646,0.03775,0.23851,-0.06728,11.25644
63.2,LQR,task3,TO_PICKUP_T2,ROUTE,T2,WS2,0.90619,2.08871,2.12,-1.1,0.67202,0.90652,0.0,79.21187,NORMAL,2,0,0,0.00454,0.04114,0.21448,-0.05069,11.28463
63.35,LQR,task3,TO_PICKUP_T2,ROUTE,T2,WS2,0.93045,2.10577,2.12,-1.1,0.64139,0.92705,0.0,79.16945,NORMAL,2,0,0,0.00615,0.04322,0.19394,-0.03031,11.31026
63.5,LQR,task3,TO_PICKUP_T2,ROUTE,T2,WS2,0.95272,2.12118,2.12,-1.1,0.61344,0.94599,0.0,79.13054,NORMAL,2,0,0,0.01098,0.0445,0.1759,-0.01648,11.33176
63.65,LQR,task3,TO_PICKUP_T2,ROUTE,T2,WS2,0.97263,2.13483,2.12,-1.1,0.58834,0.96322,0.0,79.09525,NORMAL,2,0,0,0.00871,0.04525,0.15651,-0.01126,11.35336
63.8,LQR,task3,TO_PICKUP_T2,ROUTE,T2,WS2,0.99052,2.14713,2.12,-1.1,0.56592,0.97887,0.0,79.06329,NORMAL,2,0,0,0.01147,0.04568,0.14225,-0.02826,11.37187
63.95,LQR,task3,TO_PICKUP_T2,ROUTE,T2,WS2,1.00664,2.15814,2.12,-1.1,0.54559,0.99333,0.0,79.03387,NORMAL,2,0,0,0.00379,0.0459,0.12585,-0.02144,11.38998
64.05,LQR,task3,TO_PICKUP_T2,ROUTE,T2,WS2,1.01572,2.16436,2.12,-1.1,0.53355,1.00195,0.0,79.0162,NORMAL,2,0,0,0.01424,0.04596,0.10493,-0.03752,11.41492
64.2,LQR,task3,TO_PICKUP_T2,ROUTE,T2,WS2,1.02781,2.17272,2.12,-1.1,0.51831,-1.0,0.0,78.99299,NORMAL,2,0,0,0.01223,0.04596,0.09464,-0.04962,11.42919
64.35,LQR,task3,TO_PICKUP_T2,ROUTE,T2,WS2,1.03889,2.18029,2.12,-1.1,0.50454,-1.0,0.0,78.97158,NORMAL,2,0,0,0.01703,0.04591,0.08759,-0.04926,11.43803
64.5,LQR,task3,PICKUP_T2,MANIPULATING,T2,WS2,1.04349,2.18346,2.12,-1.1,-1.0,-1.0,0.0,78.95722,NORMAL,2,0,0,0.00716,0.0457,0.0,0.0,11.53793
64.65,LQR,task3,PICKUP_T2,MANIPULATING,T2,WS2,1.04346,2.18345,2.12,-1.1,-1.0,-1.0,0.0,78.95347,NORMAL,2,0,0,0.01047,0.04534,0.0,0.0,11.53793
64.8,LQR,task3,PICKUP_T2,MANIPULATING,T2,WS2,1.04344,2.18343,2.12,-1.1,-1.0,-1.0,0.0,78.94972,NORMAL,2,0,0,0.0089,0.04511,0.0,0.0,11.53793
64.95,LQR,task3,PICKUP_T2,MANIPULATING,T2,WS2,1.04342,2.18341,2.12,-1.1,-1.0,-1.0,0.0,78.94597,NORMAL,2,0,0,0.0117,0.04496,0.0,0.0,11.53793
65.1,LQR,task3,PICKUP_T2,MANIPULATING,T2,WS2,1.0434,2.1834,2.12,-1.1,-1.0,-1.0,0.0,78.94222,NORMAL,2,0,0,0.01172,0.04486,0.0,0.0,11.53793
65.25,LQR,task3,PICKUP_T2,MANIPULATING,T2,WS2,1.04338,2.18338,2.12,-1.1,-1.0,-1.0,0.0,78.93847,NORMAL,2,0,0,0.02833,0.0448,0.0,0.0,11.53793
65.4,LQR,task3,TO_WS2_DELIVER_T2,ROUTE,T2,WS2,1.04306,2.18376,2.12,-1.1,3.4553,-1.0,0.0,78.93472,NORMAL,2,0,0,0.02318,0.04477,0.0,-0.5544,11.67653
65.55,LQR,task3,TO_WS2_DELIVER_T2,ROUTE,T2,WS2,1.04234,2.18741,2.12,-1.1,3.45787,-1.0,0.0,78.9266,NORMAL,2,0,0,0.01611,0.04478,0.0,-1.17062,11.83058
65.7,LQR,task3,TO_WS2_DELIVER_T2,ROUTE,T2,WS2,1.0419,2.19453,2.12,-1.1,3.46392,-1.0,0.0,78.91643,NORMAL,2,0,0,0.01441,0.04489,0.0,-1.29085,11.86064
65.85,LQR,task3,TO_WS2_DELIVER_T2,ROUTE,T2,WS2,1.04061,2.20163,2.12,-1.1,3.47142,-1.0,0.0,78.90422,NORMAL,2,0,0,0.02089,0.04484,0.04449,-1.31431,11.911
66.0,LQR,task3,TO_WS2_DELIVER_T2,ROUTE,T2,WS2,1.04787,2.20994,2.12,-1.1,3.47772,-1.0,0.0,78.88349,NORMAL,2,0,0,0.02904,0.04493,0.06502,-1.31889,11.93267
66.15,LQR,task3,TO_WS2_DELIVER_T2,ROUTE,T2,WS2,1.06464,2.21636,2.12,-1.1,3.48138,-1.0,0.0,78.84926,NORMAL,2,0,0,0.02313,0.04502,0.34774,-1.31978,12.21562
66.3,LQR,task3,TO_WS2_DELIVER_T2,ROUTE,T2,WS2,1.10815,2.21323,2.12,-1.1,3.4729,-1.0,0.0,78.76374,NORMAL,2,0,0,0.02678,0.04521,0.46224,-1.31996,12.33016
66.45,LQR,task3,TO_WS2_DELIVER_T2,ROUTE,T2,WS2,1.17312,2.19101,2.12,-1.1,3.43958,-1.0,0.0,78.66451,NORMAL,2,0,0,0.03021,0.04518,0.48458,-1.31999,12.35251
66.6,LQR,task3,TO_WS2_DELIVER_T2,ROUTE,T2,WS2,1.23389,2.15694,2.12,-1.1,3.39286,-1.0,0.0,78.56264,NORMAL,2,0,0,0.03981,0.04483,0.48894,-1.2457,12.37544
66.75,LQR,task3,TO_WS2_DELIVER_T2,ROUTE,T2,WS2,1.28721,2.11159,2.12,-1.1,3.33817,-1.0,0.0,78.46102,NORMAL,2,0,0,0.03408,0.04426,0.48979,-0.9878,12.44077
66.9,LQR,task3,TO_WS2_DELIVER_T2,ROUTE,T2,WS2,1.33218,2.05663,2.12,-1.1,3.27577,-1.0,0.0,78.36071,NORMAL,2,0,0,0.02729,0.04362,0.48996,-0.72581,12.50643
67.05,LQR,task3,TO_WS2_DELIVER_T2,ROUTE,T2,WS2,1.37012,1.99577,2.12,-1.1,3.20865,0.98391,0.0,78.26164,NORMAL,2,0,0,0.01856,0.04306,0.48999,-0.52876,12.55573
67.2,LQR,task3,TO_WS2_DELIVER_T2,ROUTE,T2,WS2,1.40254,1.93127,2.12,-1.1,3.13895,0.96501,0.0,78.16351,NORMAL,2,0,0,0.01369,0.04267,0.49,-0.38554,12.59154
67.35,LQR,task3,TO_WS2_DELIVER_T2,ROUTE,T2,WS2,1.43072,1.86444,2.12,-1.1,3.06782,0.93809,0.0,78.06607,NORMAL,2,0,0,0.01314,0.04242,0.49,-0.28206,12.61741
67.5,LQR,task3,TO_WS2_DELIVER_T2,ROUTE,T2,WS2,1.45568,1.7961,2.12,-1.1,2.99575,0.90263,0.0,77.96911,NORMAL,2,0,0,0.034,0.04233,0.49,-0.20096,12.63769
67.65,LQR,task3,TO_WS2_DELIVER_T2,ROUTE,T2,WS2,1.47829,1.7267,2.12,-1.1,2.92323,0.89099,0.0,77.87253,NORMAL,2,0,0,0.03112,0.04236,0.49,-0.15664,12.64877
67.8,LQR,task3,TO_WS2_DELIVER_T2,ROUTE,T2,WS2,1.49915,1.65668,2.12,-1.1,2.85036,0.87318,0.0,77.77614,NORMAL,2,0,0,0.03167,0.04251,0.49,-0.12053,12.65779
67.95,LQR,task3,TO_WS2_DELIVER_T2,ROUTE,T2,WS2,1.51856,1.58614,2.12,-1.1,2.77735,0.85753,0.0,77.67994,NORMAL,2,0,0,0.02233,0.04272,0.49,-0.09,12.66542
68.1,LQR,task3,TO_WS2_DELIVER_T2,ROUTE,T2,WS2,1.53693,1.51523,2.12,-1.1,2.70418,0.85351,0.0,77.58389,NORMAL,2,0,0,0.01214,0.04299,0.49,-0.06655,12.67129
68.25,LQR,task3,TO_WS2_DELIVER_T2,ROUTE,T2,WS2,1.55452,1.44407,2.12,-1.1,2.6309,0.76952,0.0,77.48795,NORMAL,2,0,0,0.0191,0.04331,0.49,-0.04969,12.6755
68.4,LQR,task3,TO_WS2_DELIVER_T2,ROUTE,T2,WS2,1.57146,1.3727,2.12,-1.1,2.5576,0.75604,0.0,77.39213,NORMAL,2,0,0,0.03013,0.02554,0.49,-0.01738,12.68358
68.55,LQR,task3,TO_WS2_DELIVER_T2,ROUTE,T2,WS2,1.58815,1.30111,2.12,-1.1,2.48412,0.74931,0.0,77.29643,NORMAL,2,0,0,0.0332,0.02393,0.49,-0.00548,12.68655
68.7,LQR,task3,TO_WS2_DELIVER_T2,ROUTE,T2,WS2,1.60472,1.22954,2.12,-1.1,2.41063,0.74976,0.0,77.20079,NORMAL,2,0,0,0.0274,0.02322,0.49,-0.00185,12.68945
68.85,LQR,task3,TO_WS2_DELIVER_T2,ROUTE,T2,WS2,1.62132,1.15795,2.12,-1.1,2.33721,0.75553,0.0,77.10514,NORMAL,2,0,0,0.02187,0.02202,0.49,-0.005,12.6911
69.0,LQR,task3,TO_WS2_DELIVER_T2,ROUTE,T2,WS2,1.63786,1.08641,2.12,-1.1,2.26374,0.74928,0.0,77.00948,NORMAL,2,0,0,0.00309,0.02219,0.49,-0.02063,12.69501
69.15,LQR,task3,TO_WS2_DELIVER_T2,ROUTE,T2,WS2,1.65431,1.01486,2.12,-1.1,2.19031,0.75033,0.0,76.91374,NORMAL,2,0,0,0.00502,0.02249,0.49,-0.01995,12.6968
69.3,LQR,task3,TO_WS2_DELIVER_T2,ROUTE,T2,WS2,1.67049,0.94326,2.12,-1.1,2.11693,0.75819,0.0,76.81801,NORMAL,2,0,0,0.01183,0.02271,0.49,-0.01202,12.69878
69.45,LQR,task3,TO_WS2_DELIVER_T2,ROUTE,T2,WS2,1.68648,0.87154,2.12,-1.1,2.04349,0.77237,0.0,76.72233,NORMAL,2,0,0,0.01456,0.02288,0.49,-0.01293,12.70064
69.6,LQR,task3,TO_WS2_DELIVER_T2,ROUTE,T2,WS2,1.70238,0.79985,2.12,-1.1,1.97002,0.78848,0.0,76.62663,NORMAL,2,0,0,0.02217,0.02297,0.49,-0.02194,12.70289
69.75,LQR,task3,TO_WS2_DELIVER_T2,ROUTE,T2,WS2,1.71806,0.72813,2.12,-1.1,1.89663,0.80448,0.0,76.5309,NORMAL,2,0,0,0.01499,0.02434,0.49,-0.00934,12.70604
69.9,LQR,task3,TO_WS2_DELIVER_T2,ROUTE,T2,WS2,1.73355,0.6563,2.12,-1.1,1.82312,0.82011,0.0,76.43525,NORMAL,2,0,0,0.02063,0.02534,0.49,0.00486,12.70959
70.05,LQR,task3,TO_WS2_DELIVER_T2,ROUTE,T2,WS2,1.74901,0.58442,2.12,-1.1,1.74966,0.83546,0.0,76.33958,NORMAL,2,0,0,0.01813,0.02603,0.49,0.0144,12.71229
70.2,LQR,task3,TO_WS2_DELIVER_T2,ROUTE,T2,WS2,1.76461,0.51258,2.12,-1.1,1.67617,0.86946,0.0,76.24387,NORMAL,2,0,0,0.01326,0.0317,0.49,0.01064,12.71477
70.35,LQR,task3,TO_WS2_DELIVER_T2,ROUTE,T2,WS2,1.78037,0.44077,2.12,-1.1,1.60258,0.8988,0.0,76.14819,NORMAL,2,0,0,0.01076,0.03752,0.49,0.00675,12.71668
70.5,LQR,task3,TO_WS2_DELIVER_T2,ROUTE,T2,WS2,1.79622,0.36899,2.12,-1.1,1.52907,0.91467,0.0,76.05253,NORMAL,2,0,0,0.00698,0.04138,0.49,0.00552,12.7178
70.65,LQR,task3,TO_WS2_DELIVER_T2,ROUTE,T2,WS2,1.81214,0.29725,2.12,-1.1,1.45562,0.93062,0.0,75.95686,NORMAL,2,0,0,0.01127,0.044,0.49,0.01106,12.71936
70.8,LQR,task3,TO_WS2_DELIVER_T2,ROUTE,T2,WS2,1.82817,0.22547,2.12,-1.1,1.38204,0.95964,0.0,75.86119,NORMAL,2,0,0,0.00865,0.04584,0.49,0.00695,12.72039
70.95,LQR,task3,TO_WS2_DELIVER_T2,ROUTE,T2,WS2,1.84428,0.15379,2.12,-1.1,1.30861,0.99733,0.0,75.76553,NORMAL,2,0,0,0.01532,0.04718,0.49,0.00292,12.72139
71.1,LQR,task3,TO_WS2_DELIVER_T2,ROUTE,T2,WS2,1.86045,0.08211,2.12,-1.1,1.23508,-1.0,0.0,75.66989,NORMAL,2,0,0,0.00817,0.0482,0.49,-0.00079,12.7229
71.25,LQR,task3,TO_WS2_DELIVER_T2,ROUTE,T2,WS2,1.87661,0.01043,2.12,-1.1,1.16161,-1.0,0.0,75.57426,NORMAL,2,0,0,0.00406,0.04903,0.49,-0.00524,12.72493
71.4,LQR,task3,TO_WS2_DELIVER_T2,ROUTE,T2,WS2,1.89267,-0.06103,2.12,-1.1,1.08818,-1.0,0.0,75.4786,NORMAL,2,0,0,0.00451,0.04971,0.48459,-0.00545,12.73168
71.55,LQR,task3,TO_WS2_DELIVER_T2,ROUTE,T2,WS2,1.90781,-0.12871,2.12,-1.1,1.01708,-1.0,0.0,75.38602,NORMAL,2,0,0,0.00806,0.05022,0.44945,0.00461,12.76934
71.7,LQR,task3,TO_WS2_DELIVER_T2,ROUTE,T2,WS2,1.92166,-0.19021,2.12,-1.1,0.95176,-1.0,0.0,75.30089,NORMAL,2,0,0,0.00468,0.05049,0.40468,-0.00831,12.81734
71.85,LQR,task3,TO_WS2_DELIVER_T2,ROUTE,T2,WS2,1.93412,-0.24556,2.12,-1.1,0.89288,-1.0,0.0,75.2236,NORMAL,2,0,0,0.00516,0.05055,0.36119,-0.00695,12.86351
72.0,LQR,task3,DELIVER_T2_WS2,MANIPULATING,T2,WS2,1.94148,-0.27924,2.12,-1.1,-1.0,-1.0,0.0,75.19726,NORMAL,2,0,0,0.00468,0.04993,0.0,0.0,13.22644
72.15,LQR,task3,DELIVER_T2_WS2,MANIPULATING,T2,WS2,1.94203,-0.28218,2.12,-1.1,-1.0,-1.0,0.0,75.19351,NORMAL,2,0,0,0.00824,0.04821,0.0,0.0,13.22644
72.3,LQR,task3,DELIVER_T2_WS2,MANIPULATING,T2,WS2,1.94202,-0.28217,2.12,-1.1,-1.0,-1.0,0.0,75.18976,NORMAL,2,0,0,0.00967,0.04694,0.0,0.0,13.22644
72.45,LQR,task3,DELIVER_T2_WS2,MANIPULATING,T2,WS2,1.94202,-0.28217,2.12,-1.1,-1.0,-1.0,0.0,75.18601,NORMAL,2,0,0,0.01366,0.04612,0.0,0.0,13.22644
72.6,LQR,task3,DELIVER_T2_WS2,MANIPULATING,T2,WS2,1.94201,-0.28216,2.12,-1.1,-1.0,-1.0,0.0,75.18226,NORMAL,2,0,0,0.00621,0.0456,0.0,0.0,13.22644
72.75,LQR,task3,DELIVER_T2_WS2,MANIPULATING,T2,WS2,1.942,-0.28216,2.12,-1.1,-1.0,-1.0,0.0,75.17851,NORMAL,2,0,0,0.01347,0.04528,0.0,0.0,13.22644
72.9,LQR,task3,WAIT_B1_WORK_T2,WAIT_B1,T2,WS2,1.94199,-0.28214,2.12,-1.1,-1.0,-1.0,0.0,75.17476,NORMAL,3,0,0,0.01372,0.04507,0.0,0.0,13.22644
73.05,LQR,task3,WAIT_B1_WORK_T2,WAIT_B1,T2,WS2,1.94198,-0.28215,2.12,-1.1,-1.0,-1.0,0.0,75.17101,NORMAL,3,0,0,0.00816,0.04493,0.0,0.0,13.22644
73.2,LQR,task3,WAIT_B1_WORK_T2,WAIT_B1,T2,WS2,1.94197,-0.28214,2.12,-1.1,-1.0,-1.0,0.0,75.16726,NORMAL,3,0,0,0.00475,0.04485,0.0,0.0,13.22644
73.35,LQR,task3,WAIT_B1_WORK_T2,WAIT_B1,T2,WS2,1.94197,-0.28214,2.12,-1.1,-1.0,-1.0,0.0,75.16351,NORMAL,3,0,0,0.00638,0.04479,0.0,0.0,13.22644
73.5,LQR,task3,WAIT_B1_WORK_T2,WAIT_B1,T2,WS2,1.94196,-0.28213,2.12,-1.1,-1.0,-1.0,0.0,75.15976,NORMAL,3,0,0,0.01048,0.04476,0.0,0.0,13.22644
73.65,LQR,task3,WAIT_B1_WORK_T2,WAIT_B1,T2,WS2,1.94195,-0.28213,2.12,-1.1,-1.0,-1.0,0.0,75.15601,NORMAL,3,0,0,0.01492,0.04474,0.0,0.0,13.22644
73.8,LQR,task3,WAIT_B1_WORK_T2,WAIT_B1,T2,WS2,1.94195,-0.28212,2.12,-1.1,-1.0,-1.0,0.0,75.15226,NORMAL,3,0,0,0.00843,0.04472,0.0,0.0,13.22644
73.95,LQR,task3,WAIT_B1_WORK_T2,WAIT_B1,T2,WS2,1.94194,-0.28211,2.12,-1.1,-1.0,-1.0,0.0,75.14851,NORMAL,3,0,0,0.00838,0.04472,0.0,0.0,13.22644
74.1,LQR,task3,WAIT_B1_WORK_T2,WAIT_B1,T2,WS2,1.94193,-0.28211,2.12,-1.1,-1.0,-1.0,0.0,75.14476,NORMAL,3,0,0,0.00495,0.04471,0.0,0.0,13.22644
74.25,LQR,task3,WAIT_B1_WORK_T2,WAIT_B1,T2,WS2,1.94192,-0.2821,2.12,-1.1,-1.0,-1.0,0.0,75.14101,NORMAL,3,0,0,0.01013,0.04471,0.0,0.0,13.22644
74.4,LQR,task3,WAIT_B1_WORK_T2,WAIT_B1,T2,WS2,1.94191,-0.28209,2.12,-1.1,-1.0,-1.0,0.0,75.13726,NORMAL,3,0,0,0.02107,0.0447,0.0,0.0,13.22644
74.55,LQR,task3,WAIT_B1_WORK_T2,WAIT_B1,T2,WS2,1.9419,-0.28208,2.12,-1.1,-1.0,-1.0,0.0,75.13351,NORMAL,3,0,0,0.01589,0.0447,0.0,0.0,13.22644
74.7,LQR,task3,WAIT_B1_WORK_T2,WAIT_B1,T2,WS2,1.9419,-0.28209,2.12,-1.1,-1.0,-1.0,0.0,75.12976,NORMAL,3,0,0,0.0174,0.0447,0.0,0.0,13.22644
74.85,LQR,task3,WAIT_B1_WORK_T2,WAIT_B1,T2,WS2,1.94189,-0.28208,2.12,-1.1,-1.0,-1.0,0.0,75.12601,NORMAL,3,0,0,0.02362,0.0447,0.0,0.0,13.22644
75.0,LQR,task3,WAIT_B1_WORK_T2,WAIT_B1,T2,WS2,1.94188,-0.28207,2.12,-1.1,-1.0,-1.0,0.0,75.12226,NORMAL,3,0,0,0.01863,0.0447,0.0,0.0,13.22644
75.15,LQR,task3,WAIT_B1_WORK_T2,WAIT_B1,T2,WS2,1.94187,-0.28205,2.12,-1.1,-1.0,-1.0,0.0,75.11851,NORMAL,3,0,0,0.01592,0.0447,0.0,0.0,13.22644
75.3,LQR,task3,WAIT_B1_WORK_T2,WAIT_B1,T2,WS2,1.94186,-0.28206,2.12,-1.1,-1.0,-1.0,0.0,75.11476,NORMAL,3,0,0,0.00879,0.0447,0.0,0.0,13.22644
75.45,LQR,task3,WAIT_B1_WORK_T2,WAIT_B1,T2,WS2,1.94185,-0.28205,2.12,-1.1,-1.0,-1.0,0.0,75.11101,NORMAL,3,0,0,0.007,0.0447,0.0,0.0,13.22644
75.6,LQR,task3,WAIT_B1_WORK_T2,WAIT_B1,T2,WS2,1.94184,-0.28204,2.12,-1.1,-1.0,-1.0,0.0,75.10726,NORMAL,3,0,0,0.00972,0.0447,0.0,0.0,13.22644
75.75,LQR,task3,WAIT_B1_WORK_T2,WAIT_B1,T2,WS2,1.94182,-0.28202,2.12,-1.1,-1.0,-1.0,0.0,75.10351,NORMAL,3,0,0,0.01438,0.0447,0.0,0.0,13.22644
75.9,LQR,task3,WAIT_B1_WORK_T2,WAIT_B1,T2,WS2,1.94181,-0.28202,2.12,-1.1,-1.0,-1.0,0.0,75.09976,NORMAL,3,0,0,0.00296,0.0447,0.0,0.0,13.22644
76.05,LQR,task3,WAIT_B1_WORK_T2,WAIT_B1,T2,WS2,1.9418,-0.282,2.12,-1.1,-1.0,-1.0,0.0,75.09601,NORMAL,3,0,0,0.01305,0.0447,0.0,0.0,13.22644
76.2,LQR,task3,WAIT_B1_WORK_T2,WAIT_B1,T2,WS2,1.94179,-0.28199,2.12,-1.1,-1.0,-1.0,0.0,75.09226,NORMAL,3,0,0,0.00969,0.0447,0.0,0.0,13.22644
76.35,LQR,task3,WAIT_B1_WORK_T2,WAIT_B1,T2,WS2,1.94178,-0.28199,2.12,-1.1,-1.0,-1.0,0.0,75.08851,NORMAL,3,0,0,0.0161,0.0447,0.0,0.0,13.22644
76.5,LQR,task3,WAIT_B1_WORK_T2,WAIT_B1,T2,WS2,1.94176,-0.28197,2.12,-1.1,-1.0,-1.0,0.0,75.08476,NORMAL,3,0,0,0.01339,0.0447,0.0,0.0,13.22644
76.65,LQR,task3,WAIT_B1_WORK_T2,WAIT_B1,T2,WS2,1.94175,-0.28195,2.12,-1.1,-1.0,-1.0,0.0,75.08101,NORMAL,3,0,0,0.00535,0.0447,0.0,0.0,13.22644
76.8,LQR,task3,WAIT_B1_WORK_T2,WAIT_B1,T2,WS2,1.94173,-0.28192,2.12,-1.1,-1.0,-1.0,0.0,75.07726,NORMAL,3,0,0,0.0001,0.0447,0.0,0.0,13.22644
76.95,LQR,task3,WAIT_B1_WORK_T2,WAIT_B1,T2,WS2,1.94172,-0.2819,2.12,-1.1,-1.0,-1.0,0.0,75.07351,NORMAL,3,0,0,0.01297,0.0447,0.0,0.0,13.22644
77.1,LQR,task3,WAIT_B1_WORK_T2,WAIT_B1,T2,WS2,1.94171,-0.28189,2.12,-1.1,-1.0,-1.0,0.0,75.06976,NORMAL,3,0,0,0.00863,0.0447,0.0,0.0,13.22644
77.25,LQR,task3,WAIT_B1_WORK_T2,WAIT_B1,T2,WS2,1.94168,-0.28183,2.12,-1.1,-1.0,-1.0,0.0,75.06601,NORMAL,3,0,0,0.01201,0.0447,0.0,0.0,13.22644
77.4,LQR,task3,WAIT_B1_WORK_T2,WAIT_B1,T2,WS2,1.94167,-0.28179,2.12,-1.1,-1.0,-1.0,0.0,75.06226,NORMAL,3,0,0,0.00301,0.0447,0.0,0.0,13.22644
77.55,LQR,task3,WAIT_B1_WORK_T2,WAIT_B1,T2,WS2,1.94165,-0.28177,2.12,-1.1,-1.0,-1.0,0.0,75.05851,NORMAL,3,0,0,0.02423,0.0447,0.0,0.0,13.22644
77.7,LQR,task3,WAIT_B1_WORK_T2,WAIT_B1,T2,WS2,1.94164,-0.28175,2.12,-1.1,-1.0,-1.0,0.0,75.05476,NORMAL,3,0,0,0.00553,0.0447,0.0,0.0,13.22644
77.85,LQR,task4,PICK_RETURN_T2_WS2,WAIT_B1,T2,WS2,1.94162,-0.28172,2.12,-1.1,-1.0,-1.0,0.0,75.05101,NORMAL,3,0,0,0.00495,0.0447,0.0,0.0,13.22644
78.0,LQR,task4,PICK_RETURN_T2_WS2,MANIPULATING,T2,WS2,1.94161,-0.2817,2.12,-1.1,-1.0,-1.0,0.0,75.04726,NORMAL,3,0,0,0.00279,0.0447,0.0,0.0,13.22644
78.15,LQR,task4,PICK_RETURN_T2_WS2,MANIPULATING,T2,WS2,1.9416,-0.28168,2.12,-1.1,-1.0,-1.0,0.0,75.04351,NORMAL,3,0,0,0.00945,0.0447,0.0,0.0,13.22644
78.3,LQR,task4,PICK_RETURN_T2_WS2,MANIPULATING,T2,WS2,1.94158,-0.28165,2.12,-1.1,-1.0,-1.0,0.0,75.03976,NORMAL,3,0,0,0.00738,0.0447,0.0,0.0,13.22644
78.45,LQR,task4,PICK_RETURN_T2_WS2,MANIPULATING,T2,WS2,1.94157,-0.28163,2.12,-1.1,-1.0,-1.0,0.0,75.03601,NORMAL,3,0,0,0.00593,0.0447,0.0,0.0,13.22644
78.6,LQR,task4,PICK_RETURN_T2_WS2,MANIPULATING,T2,WS2,1.94156,-0.28161,2.12,-1.1,-1.0,-1.0,0.0,75.03226,NORMAL,3,0,0,0.01243,0.0447,0.0,0.0,13.22644
78.75,LQR,task4,TO_RACK_T2_RETURN,MANIPULATING,T2,WS2,1.94154,-0.28158,2.12,-1.1,-1.0,-1.0,0.0,75.02851,NORMAL,3,0,0,0.01378,0.0447,0.0,0.0,13.22644
78.9,LQR,task4,TO_RACK_T2_RETURN,ROUTE,T2,WS2,1.93938,-0.28317,2.12,-1.1,2.774,-1.0,0.0,75.02226,NORMAL,3,0,0,0.00318,0.04469,0.0,1.06245,13.49205
79.05,LQR,task4,TO_RACK_T2_RETURN,ROUTE,T2,WS2,1.93531,-0.28878,2.12,-1.1,2.77783,-1.0,0.0,75.01244,NORMAL,3,0,0,0.01209,0.04476,0.0,1.26975,13.54388
79.2,LQR,task4,TO_RACK_T2_RETURN,ROUTE,T2,WS2,1.92811,-0.2917,2.12,-1.1,2.78077,-1.0,0.0,75.00193,NORMAL,3,0,0,0.01329,0.04475,0.0,1.3102,13.55399
79.35,LQR,task4,TO_RACK_T2_RETURN,ROUTE,T2,WS2,1.92171,-0.29572,2.12,-1.1,2.78294,-1.0,0.0,74.99129,NORMAL,3,0,0,0.01587,0.04473,0.0,1.31809,13.55596
79.5,LQR,task4,TO_RACK_T2_RETURN,ROUTE,T2,WS2,1.91631,-0.30137,2.12,-1.1,2.78711,-1.0,0.0,74.98061,NORMAL,3,0,0,0.01561,0.04472,0.0,1.31963,13.55635
79.65,LQR,task4,TO_RACK_T2_RETURN,ROUTE,T2,WS2,1.91197,-0.30784,2.12,-1.1,2.7925,-1.0,0.0,74.96993,NORMAL,3,0,0,0.02329,0.04471,0.0,1.31993,13.55642
79.8,LQR,task4,TO_RACK_T2_RETURN,ROUTE,T2,WS2,1.90883,-0.31498,2.12,-1.1,2.79881,-1.0,0.0,74.95925,NORMAL,3,0,0,0.00622,0.04471,0.0,1.31999,13.55644
79.95,LQR,task4,TO_RACK_T2_RETURN,ROUTE,T2,WS2,1.90697,-0.32256,2.12,-1.1,2.80582,-1.0,0.0,74.94857,NORMAL,3,0,0,0.00445,0.0447,0.0,1.32,13.55644
80.1,LQR,task4,TO_RACK_T2_RETURN,ROUTE,T2,WS2,1.90649,-0.33035,2.12,-1.1,2.81336,-1.0,0.0,74.93789,NORMAL,3,0,0,0.00629,0.0447,0.0,1.32,13.55644
80.25,LQR,task4,TO_RACK_T2_RETURN,ROUTE,T2,WS2,1.90801,-0.33802,2.12,-1.1,2.82117,-1.0,0.0,74.92721,NORMAL,3,0,0,0.00564,0.0447,0.01589,1.32,13.57234
80.4,LQR,task4,TO_RACK_T2_RETURN,ROUTE,T2,WS2,1.91702,-0.34352,2.12,-1.1,2.82868,-1.0,0.0,74.90989,NORMAL,3,0,0,0.00911,0.04485,0.05944,1.32,13.61588
80.55,LQR,task4,TO_RACK_T2_RETURN,ROUTE,T2,WS2,1.93073,-0.34522,2.12,-1.1,2.83395,-1.0,0.0,74.88735,NORMAL,3,0,0,0.02251,0.04498,0.24434,1.32,13.80078
80.7,LQR,task4,TO_RACK_T2_RETURN,ROUTE,T2,WS2,1.96099,-0.33215,2.12,-1.1,2.83156,-1.0,0.0,74.81422,NORMAL,3,0,0,0.02071,0.04522,0.44207,1.32,13.99851
80.85,LQR,task4,TO_RACK_T2_RETURN,ROUTE,T2,WS2,2.00904,-0.29104,2.12,-1.1,2.80852,-1.0,0.0,74.7174,NORMAL,3,0,0,0.00253,0.0453,0.48065,1.32,14.03709
81.0,LQR,task4,TO_RACK_T2_RETURN,ROUTE,T2,WS2,2.05207,-0.23613,2.12,-1.1,2.76664,-1.0,0.0,74.61597,NORMAL,3,0,0,0.00173,0.04493,0.48818,1.274,14.05612
81.15,LQR,task4,TO_RACK_T2_RETURN,ROUTE,T2,WS2,2.08333,-0.17354,2.12,-1.1,2.71563,-1.0,0.0,74.51422,NORMAL,3,0,0,0.00589,0.04422,0.48964,1.06115,14.1108
81.3,LQR,task4,TO_RACK_T2_RETURN,ROUTE,T2,WS2,2.10316,-0.10554,2.12,-1.1,2.6564,-1.0,0.0,74.41345,NORMAL,3,0,0,0.01837,0.04339,0.48993,0.84,14.16637
81.45,LQR,task4,TO_RACK_T2_RETURN,ROUTE,T2,WS2,2.11319,-0.03494,2.12,-1.1,2.59184,-1.0,0.0,74.31379,NORMAL,3,0,0,0.01361,0.0426,0.48999,0.63849,14.21681
81.6,LQR,task4,TO_RACK_T2_RETURN,ROUTE,T2,WS2,2.11548,0.03693,2.12,-1.1,2.52382,-1.0,0.0,74.21512,NORMAL,3,0,0,0.00736,0.04193,0.49,0.47669,14.25727
81.75,LQR,task4,TO_RACK_T2_RETURN,ROUTE,T2,WS2,2.11189,0.10914,2.12,-1.1,2.45372,-1.0,0.0,74.11722,NORMAL,3,0,0,0.0073,0.04142,0.49,0.35377,14.288
81.9,LQR,task4,TO_RACK_T2_RETURN,ROUTE,T2,WS2,2.1039,0.18127,2.12,-1.1,2.38241,-1.0,0.0,74.0199,NORMAL,3,0,0,0.01533,0.0411,0.49,0.25857,14.3118
82.05,LQR,task4,TO_RACK_T2_RETURN,ROUTE,T2,WS2,2.09257,0.25333,2.12,-1.1,2.31034,-1.0,0.0,73.92307,NORMAL,3,0,0,0.01308,0.04092,0.49,0.18777,14.3295
82.2,LQR,task4,TO_RACK_T2_RETURN,ROUTE,T2,WS2,2.0788,0.32596,2.12,-1.1,2.23699,-1.0,0.0,73.82654,NORMAL,3,0,0,0.01718,0.04089,0.49,0.14439,14.34034
82.35,LQR,task4,TO_RACK_T2_RETURN,ROUTE,T2,WS2,2.06336,0.39823,2.12,-1.1,2.16335,-1.0,0.0,73.7302,NORMAL,3,0,0,0.01548,0.04099,0.49,0.12437,14.34535
82.5,LQR,task4,TO_RACK_T2_RETURN,ROUTE,T2,WS2,2.04646,0.47005,2.12,-1.1,2.08967,-1.0,0.0,73.63399,NORMAL,3,0,0,0.01813,0.04117,0.49,0.08743,14.35458
82.65,LQR,task4,TO_RACK_T2_RETURN,ROUTE,T2,WS2,2.02848,0.54156,2.12,-1.1,2.016,-1.0,0.0,73.53792,NORMAL,3,0,0,0.00642,0.04142,0.49,0.07345,14.35808
82.8,LQR,task4,TO_RACK_T2_RETURN,ROUTE,T2,WS2,2.00966,0.61278,2.12,-1.1,1.94233,-1.0,0.0,73.44193,NORMAL,3,0,0,0.00637,0.0417,0.49,0.04971,14.36401
82.95,LQR,task4,TO_RACK_T2_RETURN,ROUTE,T2,WS2,1.99018,0.68373,2.12,-1.1,1.86876,-1.0,0.0,73.34608,NORMAL,3,0,0,0.00767,0.04201,0.49,0.03374,14.36801
83.1,LQR,task4,TO_RACK_T2_RETURN,ROUTE,T2,WS2,1.97026,0.75454,2.12,-1.1,1.79519,-1.0,0.0,73.2503,NORMAL,3,0,0,0.01005,0.04235,0.49,0.01816,14.3719
83.25,LQR,task4,TO_RACK_T2_RETURN,ROUTE,T2,WS2,1.9501,0.82527,2.12,-1.1,1.72168,-1.0,0.0,73.15458,NORMAL,3,0,0,0.00336,0.04272,0.49,0.01714,14.37239
83.4,LQR,task4,TO_RACK_T2_RETURN,ROUTE,T2,WS2,1.92975,0.89593,2.12,-1.1,1.64814,-1.0,0.0,73.05886,NORMAL,3,0,0,0.00773,0.04312,0.49,0.01485,14.37407
83.55,LQR,task4,TO_RACK_T2_RETURN,ROUTE,T2,WS2,1.90922,0.96652,2.12,-1.1,1.57462,-1.0,0.0,72.96316,NORMAL,3,0,0,0.00592,0.04353,0.49,0.00696,14.37747
83.7,LQR,task4,TO_RACK_T2_RETURN,ROUTE,T2,WS2,1.88857,1.03707,2.12,-1.1,1.50114,0.98673,0.0,72.86751,NORMAL,3,0,0,0.00312,0.04395,0.49,0.00989,14.38004
83.85,LQR,task4,TO_RACK_T2_RETURN,ROUTE,T2,WS2,1.86786,1.10761,2.12,-1.1,1.4276,0.97489,0.0,72.77184,NORMAL,3,0,0,0.00329,0.04439,0.49,0.00681,14.38112
84.0,LQR,task4,TO_RACK_T2_RETURN,ROUTE,T2,WS2,1.84707,1.17807,2.12,-1.1,1.35416,0.96848,0.0,72.6762,NORMAL,3,0,0,0.00468,0.04482,0.49,-0.00149,14.38355
84.15,LQR,task4,TO_RACK_T2_RETURN,ROUTE,T2,WS2,1.8263,1.24856,2.12,-1.1,1.28066,0.96768,0.0,72.58055,NORMAL,3,0,0,0.01177,0.04526,0.49,-0.00915,14.38547
84.3,LQR,task4,TO_RACK_T2_RETURN,ROUTE,T2,WS2,1.80561,1.31904,2.12,-1.1,1.2072,0.9726,0.0,72.48489,NORMAL,3,0,0,0.01391,0.04571,0.49,-0.00038,14.38766
84.45,LQR,task4,TO_RACK_T2_RETURN,ROUTE,T2,WS2,1.785,1.38964,2.12,-1.1,1.13371,0.94852,0.0,72.38923,NORMAL,3,0,0,0.01264,0.04619,0.49,0.01921,14.39256
84.6,LQR,task4,TO_RACK_T2_RETURN,ROUTE,T2,WS2,1.76487,1.45809,2.12,-1.1,1.0611,0.88079,0.0,72.29472,NORMAL,3,0,0,0.01753,0.04664,0.46511,0.02194,14.41916
84.75,LQR,task4,TO_RACK_T2_RETURN,ROUTE,T2,WS2,1.74607,1.52114,2.12,-1.1,0.9932,0.85537,0.0,72.20623,NORMAL,3,0,0,0.01196,0.04698,0.42234,0.00637,14.46582
84.9,LQR,task4,TO_RACK_T2_RETURN,ROUTE,T2,WS2,1.72886,1.57841,2.12,-1.1,0.93154,0.85678,0.0,72.12555,NORMAL,3,0,0,0.00597,0.04721,0.3865,-0.00577,14.50469
85.05,LQR,task4,TO_RACK_T2_RETURN,ROUTE,T2,WS2,1.71303,1.63113,2.12,-1.1,0.87492,0.85752,0.0,72.05099,NORMAL,3,0,0,0.00721,0.04737,0.35442,-0.00119,14.53822
85.2,LQR,task4,TO_RACK_T2_RETURN,ROUTE,T2,WS2,1.69885,1.67864,2.12,-1.1,0.82366,0.86283,0.0,71.98316,NORMAL,3,0,0,0.01183,0.04749,0.32052,0.00309,14.57438
85.35,LQR,task4,TO_RACK_T2_RETURN,ROUTE,T2,WS2,1.6858,1.72226,2.12,-1.1,0.77673,0.87012,0.0,71.92078,NORMAL,3,0,0,0.01215,0.04754,0.29267,0.00448,14.60326
85.5,LQR,task4,TO_RACK_T2_RETURN,ROUTE,T2,WS2,1.67398,1.76149,2.12,-1.1,0.73431,0.88855,0.0,71.86399,NORMAL,3,0,0,0.00721,0.04751,0.26384,-0.00253,14.63384
85.65,LQR,task4,TO_RACK_T2_RETURN,ROUTE,T2,WS2,1.6635,1.79626,2.12,-1.1,0.69637,0.9003,0.0,71.81277,NORMAL,3,0,0,0.0101,0.04743,0.23158,-0.01145,14.66833
85.8,LQR,task4,TO_RACK_T2_RETURN,ROUTE,T2,WS2,1.6545,1.82632,2.12,-1.1,0.66346,0.91068,0.0,71.76778,NORMAL,3,0,0,0.00823,0.0473,0.20027,0.01279,14.7057
85.95,LQR,task4,TO_RACK_T2_RETURN,ROUTE,T2,WS2,1.64649,1.8533,2.12,-1.1,0.63434,0.91774,0.0,71.72757,NORMAL,3,0,0,0.0127,0.04714,0.18035,0.0111,14.72747
86.1,LQR,task4,TO_RACK_T2_RETURN,ROUTE,T2,WS2,1.63917,1.87773,2.12,-1.1,0.60792,0.92436,0.0,71.69079,NORMAL,3,0,0,0.0078,0.04699,0.16253,0.00747,14.74666
86.25,LQR,task4,TO_RACK_T2_RETURN,ROUTE,T2,WS2,1.6327,1.89904,2.12,-1.1,0.58479,0.93049,0.0,71.65804,NORMAL,3,0,0,0.00986,0.04682,0.1457,-0.00303,14.76713
86.4,LQR,task4,TO_RACK_T2_RETURN,ROUTE,T2,WS2,1.62646,1.91937,2.12,-1.1,0.56314,0.93774,0.0,71.6271,NORMAL,3,0,0,0.00568,0.04669,0.13776,-0.01017,14.77762
86.55,LQR,task4,TO_RACK_T2_RETURN,ROUTE,T2,WS2,1.62099,1.93719,2.12,-1.1,0.54329,0.94492,0.0,71.5984,NORMAL,3,0,0,0.02305,0.04656,0.11332,-0.02574,14.80666
86.7,LQR,task4,TO_RACK_T2_RETURN,ROUTE,T2,WS2,1.61627,1.95239,2.12,-1.1,0.52692,0.86556,0.0,71.57392,NORMAL,3,0,0,0.01457,0.04639,0.10478,-0.02163,14.81672
86.85,LQR,task4,TO_RACK_T2_RETURN,ROUTE,T2,WS2,1.61202,1.96655,2.12,-1.1,0.5117,0.85879,0.0,71.55095,NORMAL,3,0,0,0.00642,0.04625,0.09576,-0.00272,14.83047
87.0,LQR,task4,RETURN_T2_RACK,ARRIVED_TARGET,T2,WS2,1.60879,1.97742,2.12,-1.1,0.49783,0.85786,0.0,71.52977,NORMAL,3,0,0,0.0109,0.04613,0.0,0.0,14.9288
87.15,LQR,task4,RETURN_T2_RACK,MANIPULATING,T2,WS2,1.60884,1.97728,2.12,-1.1,-1.0,-1.0,0.0,71.52602,NORMAL,3,0,0,0.01171,0.04561,0.0,0.0,14.9288
87.3,LQR,task4,RETURN_T2_RACK,MANIPULATING,T2,WS2,1.60886,1.97724,2.12,-1.1,-1.0,-1.0,0.0,71.52227,NORMAL,3,0,0,0.00668,0.04528,0.0,0.0,14.9288
87.45,LQR,task4,RETURN_T2_RACK,MANIPULATING,T2,WS2,1.60887,1.97719,2.12,-1.1,-1.0,-1.0,0.0,71.51852,NORMAL,3,0,0,0.00858,0.04507,0.0,0.0,14.9288
87.6,LQR,task4,RETURN_T2_RACK,MANIPULATING,T2,WS2,1.60888,1.97715,2.12,-1.1,-1.0,-1.0,0.0,71.51477,NORMAL,3,0,0,0.00848,0.04494,0.0,0.0,14.9288
87.75,LQR,task4,RETURN_T2_RACK,MANIPULATING,T2,WS2,1.6089,1.9771,2.12,-1.1,-1.0,-1.0,0.0,71.51102,NORMAL,3,0,0,0.00761,0.04485,0.0,0.0,14.9288
87.9,LQR,task4,TO_CHARGE,MANIPULATING,T2,TRANSIT_TO_WS1,1.60891,1.97706,2.12,-1.1,-1.0,-1.0,0.0,71.50727,NORMAL,4,1,0,0.00977,0.0448,0.0,0.0,14.9288
88.05,LQR,task4,TO_CHARGE,SLAM_PATH,T2,TRANSIT_TO_WS1,1.60933,1.97767,2.066,-1.1,4.38401,0.8618,0.0,71.50102,NORMAL,4,1,0,0.00481,0.04474,0.0,1.06245,15.19441
88.2,LQR,task4,TO_CHARGE,SLAM_PATH,T2,TRANSIT_TO_WS1,1.61182,1.98217,2.012,-1.1,4.38734,0.86443,0.0,71.4912,NORMAL,4,1,0,0.01269,0.04472,0.0,1.26975,15.24623
88.35,LQR,task4,TO_CHARGE,SLAM_PATH,T2,TRANSIT_TO_WS1,1.6185,1.98642,1.958,-1.1,4.39406,0.85229,0.0,71.48069,NORMAL,4,1,0,0.01544,0.04472,0.0,1.3102,15.25635
88.5,LQR,task4,TO_CHARGE,SLAM_PATH,T2,TRANSIT_TO_WS1,1.62454,1.99174,1.904,-1.1,4.40083,0.86962,0.0,71.47004,NORMAL,4,1,0,0.02032,0.04471,0.0,1.31809,15.25832
88.65,LQR,task4,TO_CHARGE,SLAM_PATH,T2,TRANSIT_TO_WS1,1.62953,1.99777,1.85,-1.1,4.40844,0.97183,0.0,71.45937,NORMAL,4,1,0,0.01754,0.04471,0.0,1.31963,15.2587
88.8,LQR,task4,TO_CHARGE,SLAM_PATH,T2,TRANSIT_TO_WS1,1.63343,2.00457,1.796,-1.1,4.41613,0.8527,0.0,71.44869,NORMAL,4,1,0,0.01673,0.0447,0.0,1.31993,15.25878
88.95,LQR,task4,TO_CHARGE,SLAM_PATH,T2,TRANSIT_TO_WS1,1.63601,2.01197,1.742,-1.1,4.42399,0.95087,0.0,71.43801,NORMAL,4,1,0,0.02445,0.0447,0.00124,1.31999,15.26003
89.1,LQR,task4,TO_CHARGE,SLAM_PATH,T2,TRANSIT_TO_WS1,1.63189,2.02044,1.688,-1.1,4.43101,0.8526,0.0,71.42353,NORMAL,4,1,0,0.01744,0.04465,0.05289,1.32,15.31168
89.25,LQR,task4,TO_CHARGE,SLAM_PATH,T2,TRANSIT_TO_WS1,1.62226,2.02813,1.634,-1.1,4.43529,0.95595,0.0,71.40177,NORMAL,4,1,0,0.01664,0.04445,0.06666,1.32,15.32546
89.4,LQR,task4,TO_CHARGE,SLAM_PATH,T2,TRANSIT_TO_WS1,1.59838,2.03077,1.58,-1.1,4.43343,0.85908,0.0,71.36354,NORMAL,4,1,0,0.01374,0.04392,0.27275,1.32,15.53155
89.55,LQR,task4,TO_CHARGE,SLAM_PATH,T2,TRANSIT_TO_WS1,1.55113,2.02047,1.526,-1.1,4.41315,0.85586,0.0,71.29422,NORMAL,4,1,0,0.0148,0.04259,0.38371,1.32,15.64251
89.7,LQR,task4,TO_CHARGE,SLAM_PATH,T2,TRANSIT_TO_WS1,1.49541,1.99482,1.5,-1.04652,4.37393,0.85831,0.0,71.20687,NORMAL,4,1,0,0.01786,0.04097,0.45749,1.19454,15.74766
89.85,LQR,task4,TO_CHARGE,SLAM_PATH,T2,TRANSIT_TO_WS1,1.44046,1.95441,1.5,-0.99252,4.32008,0.86827,0.0,71.10918,NORMAL,4,1,0,0.01787,0.03948,0.48366,1.01829,15.81788
90.0,LQR,task4,TO_CHARGE,SLAM_PATH,T2,TRANSIT_TO_WS1,1.39153,1.90376,1.5,-0.93852,4.25721,0.92355,0.0,71.00926,NORMAL,4,1,0,0.01884,0.03844,0.48876,0.84976,15.86512
90.15,LQR,task4,TO_CHARGE,SLAM_PATH,T2,TRANSIT_TO_WS1,1.34968,1.84619,1.5,-0.88452,4.18969,0.85868,0.0,70.90961,NORMAL,4,1,0,0.01445,0.03784,0.48976,0.70082,15.90335
90.3,LQR,task4,TO_CHARGE,SLAM_PATH,T2,TRANSIT_TO_WS1,1.31466,1.78399,1.5,-0.83052,4.11962,0.78727,0.0,70.81057,NORMAL,4,1,0,0.0691,0.03257,0.48634,0.56642,15.94069
90.45,LQR,task4,TO_CHARGE,SLAM_PATH,T2,TRANSIT_TO_WS1,1.2869,1.72198,1.5,-0.77652,4.04955,0.72024,0.0,70.71406,NORMAL,4,1,0,0.05951,0.02501,0.42204,0.43228,16.03852
90.6,LQR,task4,TO_CHARGE,SLAM_PATH,T2,TRANSIT_TO_WS1,1.26735,1.66881,1.5,-0.72252,3.98972,0.66495,0.0,70.63268,NORMAL,4,1,0,0.05718,0.02206,0.36769,0.3514,16.11309
90.75,LQR,task4,TO_CHARGE,AVOIDING,T2,TRANSIT_TO_WS1,1.25227,1.61918,1.5,-0.66852,3.93696,0.61504,6e-05,70.56001,NORMAL,4,1,0,0.03769,0.02134,0.34352,0.30283,16.14941
90.9,LQR,task4,TO_CHARGE,AVOIDING,T2,TRANSIT_TO_WS1,1.24031,1.57204,1.5,-0.61452,3.88715,0.57037,0.00641,70.49224,NORMAL,4,1,0,0.04193,0.02003,0.31393,0.26378,16.18876
91.05,LQR,task4,TO_CHARGE,AVOIDING,T2,TRANSIT_TO_WS1,1.23049,1.52689,1.5,-0.56052,3.84094,0.53131,0.02046,70.42964,NORMAL,4,1,0,0.02064,0.01848,0.30285,0.23243,16.21324
91.2,LQR,task4,TO_CHARGE,AVOIDING,T2,TRANSIT_TO_WS1,1.22245,1.48193,1.5,-0.50652,3.79531,0.4956,0.04026,70.36775,NORMAL,4,1,0,0.02388,0.01744,0.28961,0.2183,16.23589
91.35,LQR,task4,TO_CHARGE,AVOIDING,T2,TRANSIT_TO_WS1,1.21648,1.44196,1.5,-0.45252,3.75398,0.46343,0.06377,70.3112,NORMAL,4,1,0,0.0097,0.01518,0.25555,0.22546,16.27174
91.5,LQR,task4,TO_CHARGE,AVOIDING,T2,TRANSIT_TO_WS1,1.21222,1.40622,1.5,-0.39852,3.71745,0.4354,0.08865,70.26031,NORMAL,4,1,0,0.01486,0.01486,0.22492,0.20694,16.30701
91.65,LQR,task4,TO_CHARGE,AVOIDING,T2,TRANSIT_TO_WS1,1.20926,1.37258,1.5,-0.34452,3.68444,0.41285,0.11164,70.21362,NORMAL,4,1,0,0.03287,0.01492,0.2176,0.19001,16.31856
91.8,LQR,task4,TO_CHARGE,AVOIDING,T2,TRANSIT_TO_WS1,1.20733,1.32563,1.5,-0.29052,3.64617,0.39037,0.13718,70.14953,NORMAL,4,1,0,0.04672,0.01447,0.43685,-0.42602,16.69182
91.95,LQR,task4,TO_CHARGE,AVOIDING,T2,TRANSIT_TO_WS1,1.20711,1.26219,1.5,-0.23652,3.59138,0.36599,0.16785,70.05773,NORMAL,4,1,0,0.08457,0.01403,0.47963,-0.52874,16.76217
92.1,LQR,task4,TO_CHARGE,AVOIDING,T2,TRANSIT_TO_WS1,1.2046,1.19128,1.5,-0.18252,3.52585,0.34246,0.20039,69.96071,NORMAL,4,1,0,0.07687,0.0129,0.48798,-0.41608,16.79868
92.25,LQR,task4,TO_CHARGE,AVOIDING,T2,TRANSIT_TO_WS1,1.19606,1.11937,1.5,-0.12852,3.45692,0.3207,0.23303,69.86345,NORMAL,4,1,0,0.09414,0.01221,0.48961,-0.25417,16.84079
92.4,LQR,task4,TO_CHARGE,AVOIDING,T2,TRANSIT_TO_WS1,1.18386,1.04739,1.5,-0.07452,3.38606,0.28278,0.29583,69.7668,NORMAL,4,1,0,0.10691,0.01253,0.48992,0.03353,16.91303
92.55,LQR,task4,TO_CHARGE,AVOIDING,T2,TRANSIT_TO_WS1,1.16968,0.97504,1.5,-0.02052,3.31397,0.26971,0.31921,69.67054,NORMAL,4,1,0,0.08966,0.01066,0.48998,0.21676,16.9589
92.7,LQR,task4,TO_CHARGE,AVOIDING,T2,TRANSIT_TO_WS1,1.15731,0.90297,1.5,0.03348,3.24228,0.25911,0.33882,69.57378,NORMAL,4,1,0,0.11633,0.01037,0.49,0.19945,16.96588
92.85,LQR,task4,TO_CHARGE,AVOIDING,T2,TRANSIT_TO_WS1,1.14752,0.83037,1.5,0.08748,3.17164,0.25053,0.35511,69.47738,NORMAL,4,1,0,0.12695,0.00991,0.49,-0.01144,17.0186
93.0,LQR,task4,TO_CHARGE,AVOIDING,T2,TRANSIT_TO_WS1,1.1389,0.75773,1.5,0.14148,3.10142,0.24121,0.37325,69.38148,NORMAL,4,1,0,0.12334,0.0097,0.49,-0.09108,17.03851
93.15,LQR,task4,TO_CHARGE,AVOIDING,T2,TRANSIT_TO_WS1,1.12927,0.68514,1.5,0.19548,3.03129,0.23229,0.39104,69.28539,NORMAL,4,1,0,0.16385,0.0097,0.49,-0.07818,17.04233
93.3,LQR,task4,TO_CHARGE,AVOIDING,T2,TRANSIT_TO_WS1,1.11881,0.61267,1.5,0.24948,2.96089,0.2526,0.06321,69.18939,NORMAL,4,1,0,0.16562,0.00972,0.49,-0.21839,17.08203
93.45,LQR,task4,TO_CHARGE,AVOIDING,T2,TRANSIT_TO_WS1,1.10746,0.54077,1.5,0.30348,2.89085,0.24564,0.06562,69.09266,NORMAL,4,1,0,0.1211,0.0083,0.49,-0.17843,17.09202
93.6,LQR,task4,TO_CHARGE,AVOIDING,T2,TRANSIT_TO_WS1,1.0938,0.46911,1.5,0.35748,2.82033,0.23707,0.06866,68.99614,NORMAL,4,1,0,0.14335,0.00845,0.49,-0.17317,17.09592
93.75,LQR,task4,TO_CHARGE,AVOIDING,T2,TRANSIT_TO_WS1,1.07838,0.39784,1.5,0.41148,2.74943,0.24199,0.06691,68.89957,NORMAL,4,1,0,0.16265,0.00852,0.49,-0.186,17.09913
93.9,LQR,task4,TO_CHARGE,AVOIDING,T2,TRANSIT_TO_WS1,1.06112,0.3271,1.5,0.46548,2.67834,0.32306,0.04129,68.8029,NORMAL,4,1,0,0.14455,0.00966,0.49,-0.22783,17.10959
94.05,LQR,task4,TO_CHARGE,AVOIDING,T2,TRANSIT_TO_WS1,1.04158,0.25703,1.5,0.51948,2.60688,0.31651,0.04313,68.70608,NORMAL,4,1,0,0.12978,0.01003,0.49,-0.22033,17.11278
94.2,LQR,task4,TO_CHARGE,AVOIDING,T2,TRANSIT_TO_WS1,1.01957,0.18761,1.5,0.57348,2.53506,0.3295,0.03952,68.60931,NORMAL,4,1,0,0.1377,0.01017,0.49,-0.2044,17.11676
94.35,LQR,task4,TO_CHARGE,AVOIDING,T2,TRANSIT_TO_WS1,0.99524,0.11887,1.5,0.62748,2.46285,0.37303,0.02856,68.51267,NORMAL,4,1,0,0.0963,0.00985,0.49,-0.16163,17.12746
94.5,LQR,task4,TO_CHARGE,AVOIDING,T2,TRANSIT_TO_WS1,0.969,0.05068,1.5,0.68148,2.39024,0.4221,0.01834,68.41627,NORMAL,4,1,0,0.09218,0.01018,0.49,-0.13137,17.13502
94.65,LQR,task4,TO_CHARGE,AVOIDING,T2,TRANSIT_TO_WS1,0.9413,-0.01697,1.5,0.73548,2.31741,0.47561,0.00976,68.32,NORMAL,4,1,0,0.10225,0.01346,0.49,-0.10365,17.14195
94.8,LQR,task4,TO_CHARGE,AVOIDING,T2,TRANSIT_TO_WS1,0.91225,-0.08429,1.5,0.78948,2.24439,0.5325,0.00358,68.22393,NORMAL,4,1,0,0.07844,0.00871,0.49,-0.03374,17.15943
94.95,LQR,task4,TO_CHARGE,AVOIDING,T2,TRANSIT_TO_WS1,0.88249,-0.15142,1.5,0.84348,2.17109,0.58867,0.00046,68.12818,NORMAL,4,1,0,0.0756,0.0081,0.49,-0.02054,17.16359
95.1,LQR,task4,TO_CHARGE,ROUTE,T2,TRANSIT_TO_WS1,0.85261,-0.21845,1.5,0.89748,2.09777,0.64772,0.0,68.03245,NORMAL,4,1,0,0.05847,0.00817,0.49,-0.02127,17.16514
95.25,LQR,task4,TO_CHARGE,ROUTE,T2,TRANSIT_TO_WS1,0.82249,-0.28541,1.5,0.95148,2.02449,0.69928,0.0,67.93672,NORMAL,4,1,0,0.04269,0.00822,0.49,-0.01162,17.16895
95.4,LQR,task4,TO_CHARGE,ROUTE,T2,TRANSIT_TO_WS1,0.79211,-0.35235,1.5,1.00548,1.95115,0.66888,0.0,67.84105,NORMAL,4,1,0,0.04301,0.00824,0.49,0.0072,17.17368
95.55,LQR,task4,TO_CHARGE,ROUTE,T2,TRANSIT_TO_WS1,0.76182,-0.41929,1.5,1.05948,1.87775,0.63864,0.0,67.74539,NORMAL,4,1,0,0.0315,0.00812,0.49,-0.00571,17.17704
95.7,LQR,task4,TO_CHARGE,ROUTE,T2,TRANSIT_TO_WS1,0.73158,-0.48624,1.4951,1.1,1.80444,0.62235,0.0,67.64973,NORMAL,4,1,0,0.04124,0.01125,0.49,-0.00699,17.1786
95.85,LQR,task4,TO_CHARGE,AVOIDING,T2,TRANSIT_TO_WS1,0.70132,-0.55309,1.4411,1.1,1.73115,0.59177,0.00207,67.554,NORMAL,4,1,0,0.03577,0.01424,0.49,-0.03139,17.1847
96.0,LQR,task4,TO_CHARGE,AVOIDING,T2,TRANSIT_TO_WS1,0.6708,-0.61982,1.3871,1.1,1.65794,0.5612,0.009,67.45819,NORMAL,4,1,0,0.03075,0.01455,0.49,-0.03813,17.18666
96.15,LQR,task4,TO_CHARGE,AVOIDING,T2,TRANSIT_TO_WS1,0.63992,-0.68635,1.3331,1.1,1.58471,0.53897,0.01708,67.36235,NORMAL,4,1,0,0.03446,0.01538,0.49,-0.04119,17.18858
96.3,LQR,task4,TO_CHARGE,AVOIDING,T2,TRANSIT_TO_WS1,0.60861,-0.75268,1.2791,1.1,1.51147,0.53065,0.02077,67.26651,NORMAL,4,1,0,0.05006,0.01553,0.49,-0.03801,17.18982
96.45,LQR,task4,TO_CHARGE,AVOIDING,T2,TRANSIT_TO_WS1,0.57688,-0.81883,1.2251,1.1,1.43821,0.53184,0.02022,67.17072,NORMAL,4,1,0,0.06093,0.01559,0.49,-0.02854,17.19275
96.6,LQR,task4,TO_CHARGE,AVOIDING,T2,TRANSIT_TO_WS1,0.54484,-0.88487,1.1711,1.1,1.36489,0.53925,0.01558,67.07494,NORMAL,4,1,0,0.06187,0.01563,0.49,-0.02875,17.1956
96.75,LQR,task4,TO_CHARGE,AVOIDING,T2,TRANSIT_TO_WS1,0.51264,-0.95073,1.1171,1.1,1.29162,0.53133,0.00368,66.97911,NORMAL,4,1,0,0.06038,0.01659,0.49,-0.06777,17.20536
96.9,LQR,task4,TO_CHARGE,AVOIDING,T2,TRANSIT_TO_WS1,0.47998,-1.01629,1.0631,1.1,1.21847,0.53339,0.00351,66.8831,NORMAL,4,1,0,0.05906,0.01761,0.49,-0.08131,17.20874
97.05,LQR,task4,TO_CHARGE,AVOIDING,T2,TRANSIT_TO_WS1,0.4466,-1.08141,1.0091,1.1,1.14532,0.54438,0.00268,66.78702,NORMAL,4,1,0,0.06728,0.01826,0.49,-0.09535,17.21225
97.2,LQR,task4,TO_CHARGE,ROUTE,T2,TRANSIT_TO_WS1,0.41305,-1.14458,0.9551,1.1,1.07245,0.77905,0.0,66.69129,NORMAL,4,1,0,0.06788,0.00917,0.4606,-0.08266,17.24647
97.35,LQR,task4,TO_CHARGE,ROUTE,T2,TRANSIT_TO_WS1,0.38277,-1.20001,0.9011,1.1,1.00623,0.78162,0.0,66.60426,NORMAL,4,1,0,0.09968,0.00825,0.39954,-0.07961,17.30987
97.5,LQR,task4,TO_CHARGE,ROUTE,T2,TRANSIT_TO_WS1,0.35574,-1.24817,0.8471,1.1,0.9487,0.75432,0.0,66.52807,NORMAL,4,1,0,0.08358,0.0084,0.3546,-0.05638,17.36061
97.65,LQR,task4,TO_CHARGE,ROUTE,T2,TRANSIT_TO_WS1,0.33049,-1.29191,0.7931,1.1,0.89702,0.76669,0.0,66.45936,NORMAL,4,1,0,0.06671,0.00985,0.33034,-0.02087,17.39555
97.8,LQR,task4,TO_CHARGE,ROUTE,T2,TRANSIT_TO_WS1,0.3062,-1.33356,0.7391,1.1,0.84812,0.65173,0.0,66.3943,NORMAL,4,1,0,0.01461,0.01005,0.31646,-0.00495,17.41342
97.95,LQR,task4,TO_CHARGE,ROUTE,T2,TRANSIT_TO_WS1,0.28265,-1.37366,0.67392,1.1,0.80125,0.67574,0.0,66.33189,NORMAL,4,1,0,0.02071,0.00977,0.30762,0.0115,17.42637
98.1,LQR,task4,TO_CHARGE,ROUTE,T2,TRANSIT_TO_WS1,0.2614,-1.40995,0.61992,1.1,0.75734,0.69348,0.0,66.27335,NORMAL,4,1,0,0.01178,0.00908,0.27152,0.00563,17.46739
98.25,LQR,task4,TO_CHARGE,ROUTE,T2,TRANSIT_TO_WS1,0.24166,-1.44348,0.56592,1.1,0.71772,0.67416,0.0,66.21999,NORMAL,4,1,0,0.02843,0.00904,0.25633,0.03648,17.49029
98.4,LQR,task4,TO_CHARGE,ROUTE,T2,TRANSIT_TO_WS1,0.22298,-1.4753,0.51192,1.1,0.68012,0.66683,0.0,66.16912,NORMAL,4,1,0,0.04182,0.00898,0.24115,0.05817,17.51088
98.55,LQR,task4,TO_CHARGE,ROUTE,T2,TRANSIT_TO_WS1,0.20643,-1.50395,0.45792,1.1,0.64572,0.6624,0.0,66.12233,NORMAL,4,1,0,0.03749,0.00893,0.2148,0.05407,17.53967
98.7,LQR,task4,TO_CHARGE,ROUTE,T2,TRANSIT_TO_WS1,0.19152,-1.53003,0.40392,1.1,0.61461,0.66036,0.0,66.07958,NORMAL,4,1,0,0.04287,0.00885,0.19313,0.07064,17.56548
98.85,LQR,task4,TO_CHARGE,ROUTE,T2,TRANSIT_TO_WS1,0.17802,-1.55414,0.34992,1.1,0.58622,0.66031,0.0,66.04025,NORMAL,4,1,0,0.04247,0.00883,0.17778,0.06902,17.58197
98.9,LQR,task4,CHARGING,ARRIVED_TARGET,T2,TRANSIT_TO_WS1,0.17464,-1.55984,0.33192,1.1,0.57726,0.66065,0.0,66.02777,NORMAL,4,1,0,0.03993,0.00881,0.0,0.0,17.77701
