t,mode,task_id,task_state,motion_mode,active_tool,b1_station,robot_x,robot_y,b1_x,b1_y,distance_to_target,min_obstacle,obstacle_risk,battery,battery_mode,completed_task_count,task_complete,charging,pose_error,kalman_covariance,control_v,control_w,control_tv
0.05,PI,task1,TO_PICKUP_T1,ROUTE,T1,WS1,-0.0995,-2.06005,-2.12,1.1,1.42941,-1.0,0.0,96.0,NORMAL,0,0,0,0.00594,0.0361,0.0,1.0032,0.2508
0.15,PI,task1,TO_PICKUP_T1,ROUTE,T1,WS1,-0.09742,-2.05961,-2.12,1.1,1.43073,0.72128,0.0,95.99357,NORMAL,0,0,0,0.04635,0.01696,0.0,1.30175,0.32544
0.3,PI,task1,TO_PICKUP_T1,ROUTE,T1,WS1,-0.09238,-2.05593,-2.12,1.1,1.43553,0.72083,0.0,95.98293,NORMAL,0,0,0,0.02031,0.01761,0.0,1.31975,0.32994
0.45,PI,task1,TO_PICKUP_T1,ROUTE,T1,WS1,-0.08475,-2.05417,-2.12,1.1,1.44303,0.72086,0.0,95.97225,NORMAL,0,0,0,0.02351,0.01883,0.00081,1.32,0.33081
0.6,PI,task1,TO_PICKUP_T1,ROUTE,T1,WS1,-0.07964,-2.04695,-2.12,1.1,1.45069,0.7193,0.0,95.95575,NORMAL,0,0,0,0.00942,0.02121,0.06779,1.32,0.39779
0.7,PI,task1,TO_PICKUP_T1,ROUTE,T1,WS1,-0.07915,-2.03818,-2.12,1.1,1.45456,0.71447,0.0,95.94005,NORMAL,0,0,0,0.01798,0.02198,0.06987,1.32,0.39987
0.8,PI,task1,TO_PICKUP_T1,ROUTE,T1,WS1,-0.08111,-2.02795,-2.12,1.1,1.45725,0.7054,0.0,95.92419,NORMAL,0,0,0,0.00767,0.02156,0.22035,1.32,0.55035
0.9,PI,task1,TO_PICKUP_T1,ROUTE,T1,WS1,-0.09176,-2.01112,-2.12,1.1,1.45616,0.69305,0.0,95.88544,NORMAL,0,0,0,0.01553,0.02178,0.32969,1.32,0.65969
1.05,PI,task1,TO_PICKUP_T1,ROUTE,T1,WS1,-0.13041,-1.97596,-2.12,1.1,1.43931,0.65309,0.0,95.80711,NORMAL,0,0,0,0.01987,0.02052,0.41304,1.32,0.74304
1.15,PI,task1,TO_PICKUP_T1,ROUTE,T1,WS1,-0.16666,-1.95338,-2.12,1.1,1.41749,0.62129,0.0,95.74686,NORMAL,0,0,0,0.00822,0.01985,0.46154,1.27808,0.80202
1.25,PI,task1,TO_PICKUP_T1,AVOIDING,T1,WS1,-0.20783,-1.93469,-2.12,1.1,1.38961,0.58828,0.00262,95.68146,NORMAL,0,0,0,0.02769,0.01923,0.47894,1.13769,0.85451
1.35,PI,task1,TO_PICKUP_T1,AVOIDING,T1,WS1,-0.25168,-1.92125,-2.12,1.1,1.35734,0.56077,0.00913,95.61517,NORMAL,0,0,0,0.02848,0.01805,0.47994,1.01974,0.885
1.45,PI,task1,TO_PICKUP_T1,AVOIDING,T1,WS1,-0.29707,-1.91281,-2.12,1.1,1.32167,0.55866,0.00979,95.54922,NORMAL,0,0,0,0.04619,0.01759,0.48,0.89214,0.91696
1.55,PI,task1,TO_PICKUP_T1,AVOIDING,T1,WS1,-0.34325,-1.90885,-2.12,1.1,1.28352,0.5877,0.00271,95.48368,NORMAL,0,0,0,0.03696,0.01777,0.48,0.79817,0.94046
1.65,PI,task1,TO_PICKUP_T1,AVOIDING,T1,WS1,-0.38976,-1.90885,-2.12,1.1,1.24342,0.5257,0.02313,95.41843,NORMAL,0,0,0,0.0339,0.01655,0.48,0.73047,0.95738
1.75,PI,task1,TO_PICKUP_T1,AVOIDING,T1,WS1,-0.43627,-1.91253,-2.12,1.1,1.20177,0.52979,0.02117,95.35347,NORMAL,0,0,0,0.0505,0.01614,0.48,0.63278,0.98181
1.85,PI,task1,TO_PICKUP_T1,AVOIDING,T1,WS1,-0.48252,-1.91948,-2.12,1.1,1.15882,0.53274,0.01567,95.28877,NORMAL,0,0,0,0.01607,0.0152,0.48,0.6053,0.98867
1.95,PI,task1,TO_PICKUP_T1,AVOIDING,T1,WS1,-0.5283,-1.92935,-2.12,1.1,1.11497,0.51941,0.00967,95.2242,NORMAL,0,0,0,0.01199,0.01517,0.48,0.54507,1.00373
2.1,PI,task1,TO_PICKUP_T1,AVOIDING,T1,WS1,-0.59596,-1.94926,-2.12,1.1,1.0476,0.51741,0.00493,95.12776,NORMAL,0,0,0,0.02154,0.01568,0.48,0.43833,1.03042
2.25,PI,task1,TO_PICKUP_T1,AVOIDING,T1,WS1,-0.66225,-1.9743,-2.12,1.1,0.97874,0.5422,0.00283,95.03183,NORMAL,0,0,0,0.0466,0.01595,0.48,0.34441,1.0539
2.4,PI,task1,TO_PICKUP_T1,AVOIDING,T1,WS1,-0.72505,-2.00219,-2.12,1.1,0.90953,0.55457,0.002,94.93716,NORMAL,0,0,0,0.0252,0.01666,0.44578,0.30654,1.09759
2.55,PI,task1,TO_PICKUP_T1,AVOIDING,T1,WS1,-0.78182,-2.03062,-2.12,1.1,0.84558,0.57894,0.00079,94.85014,NORMAL,0,0,0,0.04672,0.01742,0.41964,0.24283,1.13965
2.7,PI,task1,TO_PICKUP_T1,AVOIDING,T1,WS1,-0.8344,-2.0596,-2.12,1.1,0.78461,0.60535,0.0001,94.76802,NORMAL,0,0,0,0.04024,0.0194,0.39069,0.21089,1.17886
2.85,PI,task1,TO_PICKUP_T1,ROUTE,T1,WS1,-0.88194,-2.08775,-2.12,1.1,0.72796,0.63178,0.0,94.69196,NORMAL,0,0,0,0.03097,0.02061,0.35868,0.19066,1.21593
3.0,PI,task1,TO_PICKUP_T1,ROUTE,T1,WS1,-0.92525,-2.11482,-2.12,1.1,0.67578,0.65737,0.0,94.62192,NORMAL,0,0,0,0.02602,0.02065,0.32794,0.16218,1.25379
3.15,PI,task1,TO_PICKUP_T1,ROUTE,T1,WS1,-0.96504,-2.14119,-2.12,1.1,0.62704,0.68255,0.0,94.55711,NORMAL,0,0,0,0.03814,0.02141,0.30814,0.11654,1.285
3.3,PI,task1,TO_PICKUP_T1,ROUTE,T1,WS1,-1.00189,-2.16684,-2.12,1.1,0.58121,0.70792,0.0,94.49603,NORMAL,0,0,0,0.05101,0.022,0.2897,0.07462,1.31391
3.45,PI,task1,TO_PICKUP_T1,ROUTE,T1,WS1,-1.03562,-2.19091,-2.12,1.1,0.53855,0.73388,0.0,94.43907,NORMAL,0,0,0,0.0459,0.02279,0.26598,0.06877,1.34248
3.6,PI,task1,PICKUP_T1,ARRIVED_TARGET,T1,WS1,-1.06498,-2.21227,-2.12,1.1,0.49932,0.75959,0.0,94.3863,NORMAL,0,0,0,0.05102,0.02379,0.0,0.0,1.62566
3.75,PI,task1,PICKUP_T1,MANIPULATING,T1,WS1,-1.07157,-2.21683,-2.12,1.1,-1.0,-1.0,0.0,94.38255,NORMAL,0,0,0,0.02493,0.02952,0.0,0.0,1.62566
3.9,PI,task1,PICKUP_T1,MANIPULATING,T1,WS1,-1.0716,-2.21681,-2.12,1.1,-1.0,-1.0,0.0,94.3788,NORMAL,0,0,0,0.02019,0.03505,0.0,0.0,1.62566
4.05,PI,task1,PICKUP_T1,MANIPULATING,T1,WS1,-1.07159,-2.21681,-2.12,1.1,-1.0,-1.0,0.0,94.37505,NORMAL,0,0,0,0.02105,0.03856,0.0,0.0,1.62566
4.2,PI,task1,PICKUP_T1,MANIPULATING,T1,WS1,-1.07159,-2.2168,-2.12,1.1,-1.0,-1.0,0.0,94.3713,NORMAL,0,0,0,0.00817,0.04079,0.0,0.0,1.62566
4.35,PI,task1,PICKUP_T1,MANIPULATING,T1,WS1,-1.07158,-2.21679,-2.12,1.1,-1.0,-1.0,0.0,94.36755,NORMAL,0,0,0,0.00269,0.04222,0.0,0.0,1.62566
4.5,PI,task1,TO_WS1_DELIVER_T1,MANIPULATING,T1,WS1,-1.07158,-2.21679,-2.12,1.1,-1.0,-1.0,0.0,94.3638,NORMAL,0,0,0,0.00795,0.04312,0.0,0.0,1.62566
4.65,PI,task1,TO_WS1_DELIVER_T1,ROUTE,T1,WS1,-1.07094,-2.21691,-2.12,1.1,3.47835,0.77223,0.0,94.35612,NORMAL,0,0,0,0.0168,0.02474,0.0,-1.30175,1.9511
4.8,PI,task1,TO_WS1_DELIVER_T1,ROUTE,T1,WS1,-1.06946,-2.22047,-2.12,1.1,3.48084,0.77744,0.0,94.34548,NORMAL,0,0,0,0.01121,0.02454,0.0,-1.31975,1.9556
4.95,PI,task1,TO_WS1_DELIVER_T1,ROUTE,T1,WS1,-1.06586,-2.22707,-2.12,1.1,3.48754,0.79423,0.0,94.3348,NORMAL,0,0,0,0.00879,0.02569,0.0,-1.32,1.95566
5.1,PI,task1,TO_WS1_DELIVER_T1,ROUTE,T1,WS1,-1.06626,-2.23423,-2.12,1.1,3.49484,0.84049,0.0,94.32025,NORMAL,0,0,0,0.00955,0.02578,0.06637,-1.32,2.02203
5.25,PI,task1,TO_WS1_DELIVER_T1,ROUTE,T1,WS1,-1.0758,-2.24281,-2.12,1.1,3.50064,0.83807,0.0,94.29674,NORMAL,0,0,0,0.01522,0.02673,0.06995,-1.32,2.02561
5.4,PI,task1,TO_WS1_DELIVER_T1,ROUTE,T1,WS1,-1.09311,-2.24898,-2.12,1.1,3.50405,0.86503,0.0,94.25347,NORMAL,0,0,0,0.01464,0.03337,0.45638,-1.32,2.41204
5.55,PI,task1,TO_WS1_DELIVER_T1,ROUTE,T1,WS1,-1.13617,-2.24584,-2.12,1.1,3.49584,0.86723,0.0,94.1547,NORMAL,0,0,0,0.00355,0.0376,0.47967,-1.32,2.43533
5.7,PI,task1,TO_WS1_DELIVER_T1,ROUTE,T1,WS1,-1.20004,-2.22229,-2.12,1.1,3.46229,0.85219,0.0,94.05405,NORMAL,0,0,0,0.00366,0.04012,0.48,-1.26473,2.44947
5.85,PI,task1,TO_WS1_DELIVER_T1,ROUTE,T1,WS1,-1.25878,-2.18685,-2.12,1.1,3.41553,0.84679,0.0,93.95403,NORMAL,0,0,0,0.00732,0.04148,0.48,-1.04645,2.50405
6.0,PI,task1,TO_WS1_DELIVER_T1,ROUTE,T1,WS1,-1.31111,-2.14135,-2.12,1.1,3.3608,0.87411,0.0,93.85511,NORMAL,0,0,0,0.01851,0.04215,0.48,-0.86698,2.54892
6.15,PI,task1,TO_WS1_DELIVER_T1,ROUTE,T1,WS1,-1.35651,-2.08844,-2.12,1.1,3.30011,0.89976,0.0,93.75709,NORMAL,0,0,0,0.03209,0.04246,0.48,-0.71299,2.58741
6.3,PI,task1,TO_WS1_DELIVER_T1,ROUTE,T1,WS1,-1.3956,-2.03021,-2.12,1.1,3.23547,0.95583,0.0,93.65986,NORMAL,0,0,0,0.02362,0.04259,0.48,-0.57039,2.62306
6.45,PI,task1,TO_WS1_DELIVER_T1,ROUTE,T1,WS1,-1.42909,-1.96818,-2.12,1.1,3.16816,0.93522,0.0,93.56336,NORMAL,0,0,0,0.00855,0.04263,0.48,-0.45177,2.65272
6.6,PI,task1,TO_WS1_DELIVER_T1,ROUTE,T1,WS1,-1.45794,-1.90355,-2.12,1.1,3.0992,0.92174,0.0,93.46738,NORMAL,0,0,0,0.00638,0.04268,0.48,-0.37892,2.67093
6.75,PI,task1,TO_WS1_DELIVER_T1,ROUTE,T1,WS1,-1.48282,-1.83713,-2.12,1.1,3.02921,0.69769,0.0,93.37177,NORMAL,0,0,0,0.00282,0.04278,0.48,-0.31387,2.68719
6.9,PI,task1,TO_WS1_DELIVER_T1,ROUTE,T1,WS1,-1.50432,-1.76934,-2.12,1.1,2.95862,0.6891,0.0,93.2765,NORMAL,0,0,0,0.04277,0.02149,0.48,-0.24008,2.70564
7.05,PI,task1,TO_WS1_DELIVER_T1,ROUTE,T1,WS1,-1.52304,-1.7005,-2.12,1.1,2.88753,0.68673,0.0,93.18157,NORMAL,0,0,0,0.04424,0.02093,0.48,-0.19846,2.71604
7.2,PI,task1,TO_WS1_DELIVER_T1,ROUTE,T1,WS1,-1.53956,-1.63099,-2.12,1.1,2.81617,0.68683,0.0,93.08684,NORMAL,0,0,0,0.04768,0.02084,0.48,-0.1645,2.72453
7.35,PI,task1,TO_WS1_DELIVER_T1,AVOIDING,T1,WS1,-1.55418,-1.56092,-2.12,1.1,2.74459,0.55862,0.0098,92.99232,NORMAL,0,0,0,0.03189,0.01905,0.48,-0.11936,2.73582
7.5,PI,task1,TO_WS1_DELIVER_T1,AVOIDING,T1,WS1,-1.56738,-1.4905,-2.12,1.1,2.67299,0.54986,0.0128,92.89799,NORMAL,0,0,0,0.03886,0.01774,0.48,-0.09909,2.74089
7.65,PI,task1,TO_WS1_DELIVER_T1,AVOIDING,T1,WS1,-1.5795,-1.41987,-2.12,1.1,2.60137,0.54886,0.01316,92.80372,NORMAL,0,0,0,0.06542,0.01698,0.48,-0.09992,2.74169
7.8,PI,task1,TO_WS1_DELIVER_T1,AVOIDING,T1,WS1,-1.59056,-1.34902,-2.12,1.1,2.52972,0.55553,0.01081,92.70947,NORMAL,0,0,0,0.05392,0.01695,0.48,-0.0893,2.74434
7.95,PI,task1,TO_WS1_DELIVER_T1,AVOIDING,T1,WS1,-1.60058,-1.27798,-2.12,1.1,2.45822,0.5522,0.00806,92.61528,NORMAL,0,0,0,0.03436,0.01539,0.48,-0.06162,2.75126
8.1,PI,task1,TO_WS1_DELIVER_T1,AVOIDING,T1,WS1,-1.60979,-1.20674,-2.12,1.1,2.3866,0.5498,0.00581,92.52124,NORMAL,0,0,0,0.03313,0.00742,0.48,-0.04122,2.75636
8.2,PI,task1,TO_WS1_DELIVER_T1,AVOIDING,T1,WS1,-1.61561,-1.15912,-2.12,1.1,2.33892,0.55267,0.00455,92.45861,NORMAL,0,0,0,0.04185,0.00739,0.48,-0.02521,2.76037
8.3,PI,task1,TO_WS1_DELIVER_T1,AVOIDING,T1,WS1,-1.62126,-1.1115,-2.12,1.1,2.29118,0.55839,0.00344,92.39604,NORMAL,0,0,0,0.05065,0.00738,0.48,-0.00889,2.76445
8.4,PI,task1,TO_WS1_DELIVER_T1,AVOIDING,T1,WS1,-1.6268,-1.06382,-2.12,1.1,2.24346,0.564,0.00247,92.33351,NORMAL,0,0,0,0.06472,0.00737,0.48,0.0071,2.76844
8.5,PI,task1,TO_WS1_DELIVER_T1,AVOIDING,T1,WS1,-1.63234,-1.01613,-2.12,1.1,2.19577,0.56946,0.00165,92.27098,NORMAL,0,0,0,0.07063,0.00736,0.48,0.02126,2.77199
8.6,PI,task1,TO_WS1_DELIVER_T1,AVOIDING,T1,WS1,-1.63788,-0.96835,-2.12,1.1,2.14797,0.57474,0.00097,92.20838,NORMAL,0,0,0,0.06477,0.00735,0.48,0.06139,2.78202
8.7,PI,task1,TO_WS1_DELIVER_T1,AVOIDING,T1,WS1,-1.64363,-0.92056,-2.12,1.1,2.1002,0.57976,0.00076,92.14565,NORMAL,0,0,0,0.07015,0.00733,0.48,0.06369,2.78403
8.8,PI,task1,TO_WS1_DELIVER_T1,AVOIDING,T1,WS1,-1.64969,-0.87279,-2.12,1.1,2.05227,0.58508,0.00307,92.08292,NORMAL,0,0,0,0.05941,0.00732,0.48,0.07201,2.78611
8.9,PI,task1,TO_WS1_DELIVER_T1,AVOIDING,T1,WS1,-1.6561,-0.82508,-2.12,1.1,2.00443,0.56981,0.00655,92.02017,NORMAL,0,0,0,0.03809,0.00731,0.48,0.06241,2.78851
9.0,PI,task1,TO_WS1_DELIVER_T1,AVOIDING,T1,WS1,-1.66284,-0.77747,-2.12,1.1,1.95657,0.56091,0.00908,91.95746,NORMAL,0,0,0,0.04032,0.00731,0.48,0.05478,2.79042
9.1,PI,task1,TO_WS1_DELIVER_T1,AVOIDING,T1,WS1,-1.66986,-0.72989,-2.12,1.1,1.90871,0.53554,0.01856,91.89477,NORMAL,0,0,0,0.04845,0.00731,0.48,0.04679,2.79363
9.2,PI,task1,TO_WS1_DELIVER_T1,AVOIDING,T1,WS1,-1.67716,-0.68237,-2.12,1.1,1.86084,0.50827,0.03247,91.8321,NORMAL,0,0,0,0.06273,0.00731,0.48,0.03765,2.79592
9.3,PI,task1,TO_WS1_DELIVER_T1,AVOIDING,T1,WS1,-1.68474,-0.63497,-2.12,1.1,1.81291,0.48399,0.04812,91.76949,NORMAL,0,0,0,0.04885,0.00762,0.48,-0.01789,2.8098
9.4,PI,task1,TO_WS1_DELIVER_T1,AVOIDING,T1,WS1,-1.69229,-0.58753,-2.12,1.1,1.76514,0.47136,0.05748,91.70695,NORMAL,0,0,0,0.03499,0.00761,0.48,0.03666,2.82344
9.5,PI,task1,TO_WS1_DELIVER_T1,AVOIDING,T1,WS1,-1.69982,-0.53997,-2.12,1.1,1.71725,0.46226,0.06473,91.64427,NORMAL,0,0,0,0.06883,0.00761,0.48,0.08247,2.83489
9.6,PI,task1,TO_WS1_DELIVER_T1,AVOIDING,T1,WS1,-1.70762,-0.49236,-2.12,1.1,1.66926,0.45181,0.07359,91.58144,NORMAL,0,0,0,0.1024,0.00762,0.48,0.12145,2.84464
9.7,PI,task1,TO_WS1_DELIVER_T1,AVOIDING,T1,WS1,-1.716,-0.44489,-2.12,1.1,1.62118,0.42084,0.10318,91.51851,NORMAL,0,0,0,0.1256,0.0076,0.48,0.08589,2.85508
9.8,PI,task1,TO_WS1_DELIVER_T1,AVOIDING,T1,WS1,-1.72494,-0.39761,-2.12,1.1,1.57318,0.41108,0.11354,91.45576,NORMAL,0,0,0,0.15691,0.00758,0.48,0.05898,2.86181
9.9,PI,task1,TO_WS1_DELIVER_T1,AVOIDING,T1,WS1,-1.73423,-0.35055,-2.12,1.1,1.52517,0.40162,0.12406,91.39312,NORMAL,0,0,0,0.12556,0.00754,0.48,-0.03654,2.88569
10.0,PI,task1,TO_WS1_DELIVER_T1,AVOIDING,T1,WS1,-1.74369,-0.30371,-2.12,1.1,1.47741,0.39262,0.1345,91.33042,NORMAL,0,0,0,0.09401,0.00754,0.48,-0.12645,2.90816
10.1,PI,task1,TO_WS1_DELIVER_T1,AVOIDING,T1,WS1,-1.75288,-0.25698,-2.12,1.1,1.42982,0.38439,0.14441,91.2674,NORMAL,0,0,0,0.06975,0.00753,0.48,-0.18856,2.92369
10.2,PI,task1,TO_WS1_DELIVER_T1,AVOIDING,T1,WS1,-1.76132,-0.21025,-2.12,1.1,1.38239,0.37724,0.15331,91.20417,NORMAL,0,0,0,0.03649,0.00753,0.48,-0.24561,2.93795
10.3,PI,task1,TO_WS1_DELIVER_T1,AVOIDING,T1,WS1,-1.76873,-0.16333,-2.12,1.1,1.33514,0.37147,0.16068,91.14077,NORMAL,0,0,0,0.02869,0.00902,0.48,-0.26135,2.94353
10.4,PI,task1,TO_WS1_DELIVER_T1,AVOIDING,T1,WS1,-1.77487,-0.11628,-2.12,1.1,1.28808,0.367,0.16651,91.07737,NORMAL,0,0,0,0.0294,0.00997,0.48,-0.24452,2.94774
10.5,PI,task1,TO_WS1_DELIVER_T1,AVOIDING,T1,WS1,-1.77973,-0.069,-2.12,1.1,1.24122,0.36372,0.17086,91.01405,NORMAL,0,0,0,0.04402,0.01068,0.48,-0.21093,2.95614
10.6,PI,task1,TO_WS1_DELIVER_T1,AVOIDING,T1,WS1,-1.78347,-0.02154,-2.12,1.1,1.19453,0.36142,0.17395,90.95084,NORMAL,0,0,0,0.04046,0.00923,0.48,-0.1719,2.96589
10.7,PI,task1,TO_WS1_DELIVER_T1,AVOIDING,T1,WS1,-1.78616,0.02612,-2.12,1.1,1.14804,0.3597,0.17626,90.88781,NORMAL,0,0,0,0.07692,0.00837,0.48,-0.07981,2.98892
10.8,PI,task1,TO_WS1_DELIVER_T1,AVOIDING,T1,WS1,-1.78803,0.07405,-2.12,1.1,1.10171,0.3581,0.17844,90.82511,NORMAL,0,0,0,0.11757,0.00823,0.48,0.0165,3.01299
10.9,PI,task1,TO_WS1_DELIVER_T1,AVOIDING,T1,WS1,-1.78958,0.12122,-2.12,1.1,1.05557,0.35608,0.1812,90.76256,NORMAL,0,0,0,0.1614,0.00818,0.46076,0.09578,3.05206
11.0,PI,task1,TO_WS1_DELIVER_T1,AVOIDING,T1,WS1,-1.79111,0.1641,-2.12,1.1,1.01223,0.35348,0.18479,90.70366,NORMAL,0,0,0,0.20702,0.00819,0.41038,0.16893,3.12072
11.1,PI,task1,TO_WS1_DELIVER_T1,AVOIDING,T1,WS1,-1.79282,0.2029,-2.12,1.1,0.97343,0.35011,0.18949,90.65053,NORMAL,0,0,0,0.22605,0.00824,0.37583,0.22621,3.16959
11.2,PI,task1,TO_WS1_DELIVER_T1,AVOIDING,T1,WS1,-1.79533,0.24009,-2.12,1.1,0.93722,0.34603,0.19526,90.60032,NORMAL,0,0,0,0.21092,0.008,0.3715,0.1877,3.18355
11.3,PI,task1,TO_WS1_DELIVER_T1,AVOIDING,T1,WS1,-1.79865,0.27645,-2.12,1.1,0.90183,0.34154,0.20172,90.55099,NORMAL,0,0,0,0.19554,0.00799,0.36565,0.15413,3.19779
11.4,PI,task1,DELIVER_T1_WS1,ARRIVED_TARGET,T1,WS1,-1.80232,0.31067,-2.12,1.1,0.86667,0.3367,0.20879,90.50223,NORMAL,0,0,0,0.18016,0.00797,0.0,0.0,3.60505
11.5,PI,task1,DELIVER_T1_WS1,MANIPULATING,T1,WS1,-1.80425,0.32989,-2.12,1.1,-1.0,-1.0,0.0,90.49973,NORMAL,0,0,0,0.1302,0.01313,0.0,0.0,3.60505
11.6,PI,task1,DELIVER_T1_WS1,MANIPULATING,T1,WS1,-1.8043,0.33331,-2.12,1.1,-1.0,-1.0,0.0,90.49723,NORMAL,0,0,0,0.09432,0.02135,0.0,0.0,3.60505
11.7,PI,task1,DELIVER_T1_WS1,MANIPULATING,T1,WS1,-1.80428,0.33332,-2.12,1.1,-1.0,-1.0,0.0,90.49473,NORMAL,0,0,0,0.06573,0.02743,0.0,0.0,3.60505
11.8,PI,task1,DELIVER_T1_WS1,MANIPULATING,T1,WS1,-1.80428,0.33332,-2.12,1.1,-1.0,-1.0,0.0,90.49223,NORMAL,0,0,0,0.06051,0.03193,0.0,0.0,3.60505
11.9,PI,task1,DELIVER_T1_WS1,MANIPULATING,T1,WS1,-1.80427,0.33331,-2.12,1.1,-1.0,-1.0,0.0,90.48973,NORMAL,0,0,0,0.03378,0.03525,0.0,0.0,3.60505
12.0,PI,task1,DELIVER_T1_WS1,MANIPULATING,T1,WS1,-1.80427,0.33331,-2.12,1.1,-1.0,-1.0,0.0,90.48723,NORMAL,0,0,0,0.02036,0.03771,0.0,0.0,3.60505
12.1,PI,task1,DELIVER_T1_WS1,MANIPULATING,T1,WS1,-1.80426,0.33329,-2.12,1.1,-1.0,-1.0,0.0,90.48473,NORMAL,0,0,0,0.00257,0.03953,0.0,0.0,3.60505
12.2,PI,task1,DELIVER_T1_WS1,MANIPULATING,T1,WS1,-1.80426,0.33329,-2.12,1.1,-1.0,-1.0,0.0,90.48223,NORMAL,0,0,0,0.00704,0.04088,0.0,0.0,3.60505
12.3,PI,task1,WAIT_B1_WORK_T1,WAIT_B1,T1,WS1,-1.80426,0.33328,-2.12,1.1,-1.0,-1.0,0.0,90.47973,NORMAL,1,0,0,0.0091,0.04187,0.0,0.0,3.60505
12.4,PI,task1,WAIT_B1_WORK_T1,WAIT_B1,T1,WS1,-1.80425,0.33327,-2.12,1.1,-1.0,-1.0,0.0,90.47723,NORMAL,1,0,0,0.0077,0.04261,0.0,0.0,3.60505
12.5,PI,task1,WAIT_B1_WORK_T1,WAIT_B1,T1,WS1,-1.80425,0.33327,-2.12,1.1,-1.0,-1.0,0.0,90.47473,NORMAL,1,0,0,0.00907,0.04315,0.0,0.0,3.60505
12.6,PI,task1,WAIT_B1_WORK_T1,WAIT_B1,T1,WS1,-1.80424,0.33324,-2.12,1.1,-1.0,-1.0,0.0,90.47223,NORMAL,1,0,0,0.00368,0.04356,0.0,0.0,3.60505
12.7,PI,task1,WAIT_B1_WORK_T1,WAIT_B1,T1,WS1,-1.80424,0.33325,-2.12,1.1,-1.0,-1.0,0.0,90.46973,NORMAL,1,0,0,0.00843,0.04385,0.0,0.0,3.60505
12.8,PI,task1,WAIT_B1_WORK_T1,WAIT_B1,T1,WS1,-1.80424,0.33324,-2.12,1.1,-1.0,-1.0,0.0,90.46723,NORMAL,1,0,0,0.00977,0.04407,0.0,0.0,3.60505
12.9,PI,task1,WAIT_B1_WORK_T1,WAIT_B1,T1,WS1,-1.80424,0.33324,-2.12,1.1,-1.0,-1.0,0.0,90.46473,NORMAL,1,0,0,0.00341,0.04424,0.0,0.0,3.60505
13.0,PI,task1,WAIT_B1_WORK_T1,WAIT_B1,T1,WS1,-1.80423,0.33322,-2.12,1.1,-1.0,-1.0,0.0,90.46223,NORMAL,1,0,0,0.00747,0.04436,0.0,0.0,3.60505
13.1,PI,task1,WAIT_B1_WORK_T1,WAIT_B1,T1,WS1,-1.80423,0.33321,-2.12,1.1,-1.0,-1.0,0.0,90.45973,NORMAL,1,0,0,0.00208,0.04445,0.0,0.0,3.60505
13.2,PI,task1,WAIT_B1_WORK_T1,WAIT_B1,T1,WS1,-1.80423,0.33321,-2.12,1.1,-1.0,-1.0,0.0,90.45723,NORMAL,1,0,0,0.00569,0.04451,0.0,0.0,3.60505
13.3,PI,task1,WAIT_B1_WORK_T1,WAIT_B1,T1,WS1,-1.80422,0.3332,-2.12,1.1,-1.0,-1.0,0.0,90.45473,NORMAL,1,0,0,0.00476,0.04456,0.0,0.0,3.60505
13.4,PI,task1,WAIT_B1_WORK_T1,WAIT_B1,T1,WS1,-1.80422,0.33319,-2.12,1.1,-1.0,-1.0,0.0,90.45223,NORMAL,1,0,0,0.00261,0.0446,0.0,0.0,3.60505
13.5,PI,task1,WAIT_B1_WORK_T1,WAIT_B1,T1,WS1,-1.80422,0.33319,-2.12,1.1,-1.0,-1.0,0.0,90.44973,NORMAL,1,0,0,0.00506,0.04462,0.0,0.0,3.60505
13.6,PI,task1,WAIT_B1_WORK_T1,WAIT_B1,T1,WS1,-1.80421,0.33318,-2.12,1.1,-1.0,-1.0,0.0,90.44723,NORMAL,1,0,0,0.00522,0.04464,0.0,0.0,3.60505
13.7,PI,task1,WAIT_B1_WORK_T1,WAIT_B1,T1,WS1,-1.80421,0.33317,-2.12,1.1,-1.0,-1.0,0.0,90.44473,NORMAL,1,0,0,0.01345,0.04466,0.0,0.0,3.60505
13.8,PI,task1,WAIT_B1_WORK_T1,WAIT_B1,T1,WS1,-1.80421,0.33316,-2.12,1.1,-1.0,-1.0,0.0,90.44223,NORMAL,1,0,0,0.01284,0.04467,0.0,0.0,3.60505
13.9,PI,task1,WAIT_B1_WORK_T1,WAIT_B1,T1,WS1,-1.80421,0.33316,-2.12,1.1,-1.0,-1.0,0.0,90.43973,NORMAL,1,0,0,0.01573,0.04468,0.0,0.0,3.60505
14.0,PI,task1,WAIT_B1_WORK_T1,WAIT_B1,T1,WS1,-1.8042,0.33313,-2.12,1.1,-1.0,-1.0,0.0,90.43723,NORMAL,1,0,0,0.00591,0.04468,0.0,0.0,3.60505
14.1,PI,task1,WAIT_B1_WORK_T1,WAIT_B1,T1,WS1,-1.8042,0.33314,-2.12,1.1,-1.0,-1.0,0.0,90.43473,NORMAL,1,0,0,0.00335,0.04469,0.0,0.0,3.60505
14.2,PI,task1,WAIT_B1_WORK_T1,WAIT_B1,T1,WS1,-1.8042,0.33312,-2.12,1.1,-1.0,-1.0,0.0,90.43223,NORMAL,1,0,0,0.00863,0.04469,0.0,0.0,3.60505
14.3,PI,task1,WAIT_B1_WORK_T1,WAIT_B1,T1,WS1,-1.80419,0.33311,-2.12,1.1,-1.0,-1.0,0.0,90.42973,NORMAL,1,0,0,0.00587,0.04469,0.0,0.0,3.60505
14.4,PI,task1,WAIT_B1_WORK_T1,WAIT_B1,T1,WS1,-1.80419,0.3331,-2.12,1.1,-1.0,-1.0,0.0,90.42723,NORMAL,1,0,0,0.00539,0.04469,0.0,0.0,3.60505
14.5,PI,task1,WAIT_B1_WORK_T1,WAIT_B1,T1,WS1,-1.80418,0.33308,-2.12,1.1,-1.0,-1.0,0.0,90.42473,NORMAL,1,0,0,0.0054,0.0447,0.0,0.0,3.60505
14.6,PI,task1,WAIT_B1_WORK_T1,WAIT_B1,T1,WS1,-1.80418,0.33308,-2.12,1.1,-1.0,-1.0,0.0,90.42223,NORMAL,1,0,0,0.00587,0.0447,0.0,0.0,3.60505
14.7,PI,task1,WAIT_B1_WORK_T1,WAIT_B1,T1,WS1,-1.80418,0.33307,-2.12,1.1,-1.0,-1.0,0.0,90.41973,NORMAL,1,0,0,0.00342,0.0447,0.0,0.0,3.60505
14.8,PI,task1,WAIT_B1_WORK_T1,WAIT_B1,T1,WS1,-1.80417,0.33306,-2.12,1.1,-1.0,-1.0,0.0,90.41723,NORMAL,1,0,0,0.00146,0.0447,0.0,0.0,3.60505
14.9,PI,task1,WAIT_B1_WORK_T1,WAIT_B1,T1,WS1,-1.80417,0.33304,-2.12,1.1,-1.0,-1.0,0.0,90.41473,NORMAL,1,0,0,0.01183,0.0447,0.0,0.0,3.60505
15.0,PI,task1,WAIT_B1_WORK_T1,WAIT_B1,T1,WS1,-1.80417,0.33303,-2.12,1.1,-1.0,-1.0,0.0,90.41223,NORMAL,1,0,0,0.01668,0.0447,0.0,0.0,3.60505
15.1,PI,task1,WAIT_B1_WORK_T1,WAIT_B1,T1,WS1,-1.80416,0.33301,-2.12,1.1,-1.0,-1.0,0.0,90.40973,NORMAL,1,0,0,0.01015,0.0447,0.0,0.0,3.60505
15.2,PI,task1,WAIT_B1_WORK_T1,WAIT_B1,T1,WS1,-1.80416,0.333,-2.12,1.1,-1.0,-1.0,0.0,90.40723,NORMAL,1,0,0,0.01432,0.0447,0.0,0.0,3.60505
15.3,PI,task1,WAIT_B1_WORK_T1,WAIT_B1,T1,WS1,-1.80415,0.33298,-2.12,1.1,-1.0,-1.0,0.0,90.40473,NORMAL,1,0,0,0.00472,0.0447,0.0,0.0,3.60505
15.4,PI,task1,WAIT_B1_WORK_T1,WAIT_B1,T1,WS1,-1.80415,0.33298,-2.12,1.1,-1.0,-1.0,0.0,90.40223,NORMAL,1,0,0,0.011,0.0447,0.0,0.0,3.60505
15.5,PI,task1,WAIT_B1_WORK_T1,WAIT_B1,T1,WS1,-1.80415,0.33296,-2.12,1.1,-1.0,-1.0,0.0,90.39973,NORMAL,1,0,0,0.01806,0.0447,0.0,0.0,3.60505
15.6,PI,task1,WAIT_B1_WORK_T1,WAIT_B1,T1,WS1,-1.80414,0.33295,-2.12,1.1,-1.0,-1.0,0.0,90.39723,NORMAL,1,0,0,0.01725,0.0447,0.0,0.0,3.60505
15.7,PI,task1,WAIT_B1_WORK_T1,WAIT_B1,T1,WS1,-1.80414,0.33294,-2.12,1.1,-1.0,-1.0,0.0,90.39473,NORMAL,1,0,0,0.01091,0.0447,0.0,0.0,3.60505
15.8,PI,task1,WAIT_B1_WORK_T1,WAIT_B1,T1,WS1,-1.80413,0.33292,-2.12,1.1,-1.0,-1.0,0.0,90.39223,NORMAL,1,0,0,0.01933,0.0447,0.0,0.0,3.60505
15.9,PI,task1,WAIT_B1_WORK_T1,WAIT_B1,T1,WS1,-1.80413,0.3329,-2.12,1.1,-1.0,-1.0,0.0,90.38973,NORMAL,1,0,0,0.01528,0.0447,0.0,0.0,3.60505
16.0,PI,task1,WAIT_B1_WORK_T1,WAIT_B1,T1,WS1,-1.80412,0.33289,-2.12,1.1,-1.0,-1.0,0.0,90.38723,NORMAL,1,0,0,0.00606,0.0447,0.0,0.0,3.60505
16.1,PI,task1,WAIT_B1_WORK_T1,WAIT_B1,T1,WS1,-1.80412,0.33286,-2.12,1.1,-1.0,-1.0,0.0,90.38473,NORMAL,1,0,0,0.005,0.0447,0.0,0.0,3.60505
16.2,PI,task1,WAIT_B1_WORK_T1,WAIT_B1,T1,WS1,-1.80411,0.33286,-2.12,1.1,-1.0,-1.0,0.0,90.38223,NORMAL,1,0,0,0.00792,0.0447,0.0,0.0,3.60505
16.3,PI,task1,WAIT_B1_WORK_T1,WAIT_B1,T1,WS1,-1.8041,0.33283,-2.12,1.1,-1.0,-1.0,0.0,90.37973,NORMAL,1,0,0,0.0079,0.0447,0.0,0.0,3.60505
16.4,PI,task1,WAIT_B1_WORK_T1,WAIT_B1,T1,WS1,-1.8041,0.33281,-2.12,1.1,-1.0,-1.0,0.0,90.37723,NORMAL,1,0,0,0.00472,0.0447,0.0,0.0,3.60505
16.5,PI,task1,WAIT_B1_WORK_T1,WAIT_B1,T1,WS1,-1.8041,0.3328,-2.12,1.1,-1.0,-1.0,0.0,90.37473,NORMAL,1,0,0,0.00352,0.0447,0.0,0.0,3.60505
16.6,PI,task1,WAIT_B1_WORK_T1,WAIT_B1,T1,WS1,-1.80409,0.33277,-2.12,1.1,-1.0,-1.0,0.0,90.37223,NORMAL,1,0,0,0.00829,0.0447,0.0,0.0,3.60505
16.7,PI,task1,WAIT_B1_WORK_T1,WAIT_B1,T1,WS1,-1.80408,0.33275,-2.12,1.1,-1.0,-1.0,0.0,90.36973,NORMAL,1,0,0,0.01388,0.0447,0.0,0.0,3.60505
16.8,PI,task1,WAIT_B1_WORK_T1,WAIT_B1,T1,WS1,-1.80408,0.33273,-2.12,1.1,-1.0,-1.0,0.0,90.36723,NORMAL,1,0,0,0.00951,0.0447,0.0,0.0,3.60505
16.9,PI,task1,WAIT_B1_WORK_T1,WAIT_B1,T1,WS1,-1.80407,0.33272,-2.12,1.1,-1.0,-1.0,0.0,90.36473,NORMAL,1,0,0,0.00395,0.0447,0.0,0.0,3.60505
17.0,PI,task1,WAIT_B1_WORK_T1,WAIT_B1,T1,WS1,-1.80406,0.33267,-2.12,1.1,-1.0,-1.0,0.0,90.36223,NORMAL,1,0,0,0.01141,0.0447,0.0,0.0,3.60505
17.1,PI,task1,WAIT_B1_WORK_T1,WAIT_B1,T1,WS1,-1.80406,0.33266,-2.12,1.1,-1.0,-1.0,0.0,90.35973,NORMAL,1,0,0,0.00789,0.0447,0.0,0.0,3.60505
17.2,PI,task1,WAIT_B1_WORK_T1,WAIT_B1,T1,WS1,-1.80405,0.33261,-2.12,1.1,-1.0,-1.0,0.0,90.35723,NORMAL,1,0,0,0.00415,0.0447,0.0,0.0,3.60505
17.3,PI,task2,PICK_RETURN_T1_WS1,MANIPULATING,T1,WS1,-1.80405,0.33261,-2.12,1.1,-1.0,-1.0,0.0,90.35473,NORMAL,1,0,0,0.00815,0.0447,0.0,0.0,3.60505
17.4,PI,task2,PICK_RETURN_T1_WS1,MANIPULATING,T1,WS1,-1.80404,0.33258,-2.12,1.1,-1.0,-1.0,0.0,90.35223,NORMAL,1,0,0,0.00702,0.0447,0.0,0.0,3.60505
17.5,PI,task2,PICK_RETURN_T1_WS1,MANIPULATING,T1,WS1,-1.80403,0.33253,-2.12,1.1,-1.0,-1.0,0.0,90.34973,NORMAL,1,0,0,0.00777,0.0447,0.0,0.0,3.60505
17.6,PI,task2,PICK_RETURN_T1_WS1,MANIPULATING,T1,WS1,-1.80402,0.33248,-2.12,1.1,-1.0,-1.0,0.0,90.34723,NORMAL,1,0,0,0.01136,0.0447,0.0,0.0,3.60505
17.7,PI,task2,PICK_RETURN_T1_WS1,MANIPULATING,T1,WS1,-1.80401,0.33246,-2.12,1.1,-1.0,-1.0,0.0,90.34473,NORMAL,1,0,0,0.01371,0.0447,0.0,0.0,3.60505
17.8,PI,task2,PICK_RETURN_T1_WS1,MANIPULATING,T1,WS1,-1.804,0.33242,-2.12,1.1,-1.0,-1.0,0.0,90.34223,NORMAL,1,0,0,0.01314,0.0447,0.0,0.0,3.60505
17.9,PI,task2,PICK_RETURN_T1_WS1,MANIPULATING,T1,WS1,-1.80399,0.33239,-2.12,1.1,-1.0,-1.0,0.0,90.33973,NORMAL,1,0,0,0.0153,0.0447,0.0,0.0,3.60505
18.0,PI,task2,PICK_RETURN_T1_WS1,MANIPULATING,T1,WS1,-1.80397,0.33236,-2.12,1.1,-1.0,-1.0,0.0,90.33723,NORMAL,1,0,0,0.01174,0.0447,0.0,0.0,3.60505
18.1,PI,task2,TO_RACK_T1_RETURN,MANIPULATING,T1,WS1,-1.80396,0.33232,-2.12,1.1,-1.0,-1.0,0.0,90.33473,NORMAL,1,0,0,0.00893,0.0447,0.0,0.0,3.60505
18.2,PI,task2,TO_RACK_T1_RETURN,AVOIDING,T1,WS1,-1.80386,0.3327,-2.12,1.1,2.85302,0.33129,0.21684,90.33047,NORMAL,1,0,0,0.06394,0.00886,0.0,1.24397,3.91604
18.3,PI,task2,TO_RACK_T1_RETURN,AVOIDING,T1,WS1,-1.8029,0.3349,-2.12,1.1,2.85408,0.329,0.2203,90.32352,NORMAL,1,0,0,0.1123,0.00829,0.0,1.31562,3.93395
18.4,PI,task2,TO_RACK_T1_RETURN,AVOIDING,T1,WS1,-1.80044,0.33898,-2.12,1.1,2.85729,0.32562,0.22543,90.31641,NORMAL,1,0,0,0.05806,0.00822,0.0,1.31975,3.93498
18.5,PI,task2,TO_RACK_T1_RETURN,AVOIDING,T1,WS1,-1.79558,0.34059,-2.12,1.1,2.85986,0.32017,0.23387,90.30929,NORMAL,1,0,0,0.05806,0.00943,0.0,1.31999,3.93504
18.6,PI,task2,TO_RACK_T1_RETURN,AVOIDING,T1,WS1,-1.79061,0.34189,-2.12,1.1,2.8605,0.31271,0.24565,90.30217,NORMAL,1,0,0,0.09267,0.01003,0.0,1.32,3.93505
18.7,PI,task2,TO_RACK_T1_RETURN,AVOIDING,T1,WS1,-1.78616,0.34447,-2.12,1.1,2.86175,0.30924,0.25122,90.29505,NORMAL,1,0,0,0.12017,0.00816,0.0,1.32,3.93505
18.8,PI,task2,TO_RACK_T1_RETURN,AVOIDING,T1,WS1,-1.78218,0.34785,-2.12,1.1,2.86434,0.30766,0.25378,90.28793,NORMAL,1,0,0,0.10734,0.00813,0.0,1.32,3.93505
18.9,PI,task2,TO_RACK_T1_RETURN,AVOIDING,T1,WS1,-1.77862,0.35166,-2.12,1.1,2.86752,0.30834,0.25269,90.28081,NORMAL,1,0,0,0.09497,0.00785,0.0,1.32,3.93505
19.0,PI,task2,TO_RACK_T1_RETURN,AVOIDING,T1,WS1,-1.77551,0.35585,-2.12,1.1,2.87113,0.30789,0.25342,90.27369,NORMAL,1,0,0,0.10033,0.00783,0.0,1.32,3.93505
19.1,PI,task2,TO_RACK_T1_RETURN,AVOIDING,T1,WS1,-1.77292,0.36037,-2.12,1.1,2.87516,0.30676,0.25525,90.26657,NORMAL,1,0,0,0.09754,0.00775,0.0,1.32,3.93505
19.2,PI,task2,TO_RACK_T1_RETURN,AVOIDING,T1,WS1,-1.77085,0.36515,-2.12,1.1,2.87956,0.30793,0.25335,90.25945,NORMAL,1,0,0,0.13706,0.00819,0.0,1.32,3.93505
19.3,PI,task2,TO_RACK_T1_RETURN,AVOIDING,T1,WS1,-1.76937,0.37015,-2.12,1.1,2.88429,0.30915,0.25138,90.25233,NORMAL,1,0,0,0.11644,0.00791,0.0,1.32,3.93505
19.4,PI,task2,TO_RACK_T1_RETURN,AVOIDING,T1,WS1,-1.76848,0.37529,-2.12,1.1,2.88921,0.308,0.25324,90.24521,NORMAL,1,0,0,0.15161,0.00884,0.0,1.32,3.93505
19.5,PI,task2,TO_RACK_T1_RETURN,AVOIDING,T1,WS1,-1.7682,0.38051,-2.12,1.1,2.89433,0.30911,0.25143,90.23809,NORMAL,1,0,0,0.16099,0.00991,0.0,1.32,3.93505
19.6,PI,task2,TO_RACK_T1_RETURN,AVOIDING,T1,WS1,-1.76854,0.38572,-2.12,1.1,2.89954,0.30882,0.2519,90.23097,NORMAL,1,0,0,0.10401,0.00814,0.0,1.32,3.93505
19.7,PI,task2,TO_RACK_T1_RETURN,AVOIDING,T1,WS1,-1.77351,0.38998,-2.12,1.1,2.90465,0.30676,0.25525,90.22093,NORMAL,1,0,0,0.09957,0.00816,0.0579,1.32,3.99295
19.8,PI,task2,TO_RACK_T1_RETURN,AVOIDING,T1,WS1,-1.78088,0.39314,-2.12,1.1,2.90906,0.30267,0.26196,90.20641,NORMAL,1,0,0,0.07263,0.00806,0.06103,1.32,3.99607
19.9,PI,task2,TO_RACK_T1_RETURN,AVOIDING,T1,WS1,-1.78858,0.39535,-2.12,1.1,2.91256,0.29692,0.27154,90.19166,NORMAL,1,0,0,0.08927,0.00796,0.06092,1.32,3.99628
20.0,PI,task2,TO_RACK_T1_RETURN,AVOIDING,T1,WS1,-1.80153,0.39365,-2.12,1.1,2.91458,0.2898,0.28364,90.15701,NORMAL,1,0,0,0.11702,0.00809,0.45586,1.32,4.39121
20.1,PI,task2,TO_RACK_T1_RETURN,AVOIDING,T1,WS1,-1.82313,0.38414,-2.12,1.1,2.91146,0.27761,0.30497,90.09176,NORMAL,1,0,0,0.08688,0.00763,0.47861,1.32,4.41396
20.2,PI,task2,TO_RACK_T1_RETURN,AVOIDING,T1,WS1,-1.85384,0.3613,-2.12,1.1,2.89962,0.25538,0.34586,90.02475,NORMAL,1,0,0,0.10244,0.00786,0.47992,1.32,4.41527
20.3,PI,task2,TO_RACK_T1_RETURN,AVOIDING,T1,WS1,-1.8857,0.32849,-2.12,1.1,2.875,0.22728,0.40122,89.95764,NORMAL,1,0,0,0.07799,0.00774,0.48,1.32,4.41535
20.4,PI,task2,TO_RACK_T1_RETURN,AVOIDING,T1,WS1,-1.91332,0.29216,-2.12,1.1,2.84505,0.20576,0.4464,89.89052,NORMAL,1,0,0,0.09315,0.00715,0.48,1.32,4.41535
20.5,PI,task2,TO_RACK_T1_RETURN,AVOIDING,T1,WS1,-1.93604,0.25269,-2.12,1.1,2.81171,0.19229,0.47589,89.8234,NORMAL,1,0,0,0.09824,0.00733,0.48,1.32,4.41535
20.6,PI,task2,TO_RACK_T1_RETURN,AVOIDING,T1,WS1,-1.95327,0.21047,-2.12,1.1,2.7748,0.18155,0.50009,89.75628,NORMAL,1,0,0,0.09942,0.00711,0.48,1.32,4.41535
20.7,PI,task2,TO_RACK_T1_RETURN,AVOIDING,T1,WS1,-1.96482,0.16642,-2.12,1.1,2.73481,0.17737,0.50968,89.68916,NORMAL,1,0,0,0.14391,0.00699,0.48,1.32,4.41535
20.8,PI,task2,TO_RACK_T1_RETURN,AVOIDING,T1,WS1,-1.97046,0.12118,-2.12,1.1,2.69249,0.18022,0.49984,89.62204,NORMAL,1,0,0,0.13185,0.00713,0.48,1.32,4.41535
20.9,PI,task2,TO_RACK_T1_RETURN,AVOIDING,T1,WS1,-1.97012,0.07566,-2.12,1.1,2.64831,0.16437,0.47128,89.55492,NORMAL,1,0,0,0.14688,0.00712,0.48,1.32,4.41535
21.0,PI,task2,TO_RACK_T1_RETURN,AVOIDING,T1,WS1,-1.96373,0.03055,-2.12,1.1,2.60311,0.1572,0.42629,89.4878,NORMAL,1,0,0,0.15917,0.0071,0.48,1.23857,4.43571
21.1,PI,task2,TO_RACK_T1_RETURN,AVOIDING,T1,WS1,-1.95111,-0.01361,-2.12,1.1,2.55744,0.15769,0.36671,89.42143,NORMAL,1,0,0,0.17655,0.00709,0.48,0.85329,4.53203
21.2,PI,task2,TO_RACK_T1_RETURN,AVOIDING,T1,WS1,-1.93261,-0.05656,-2.12,1.1,2.51162,0.16501,0.30346,89.35618,NORMAL,1,0,0,0.16802,0.00724,0.48,0.60621,4.5938
21.3,PI,task2,TO_RACK_T1_RETURN,AVOIDING,T1,WS1,-1.91061,-0.09817,-2.12,1.1,2.46625,0.18081,0.24383,89.2917,NORMAL,1,0,0,0.17288,0.00742,0.48,0.4354,4.6365
21.4,PI,task2,TO_RACK_T1_RETURN,AVOIDING,T1,WS1,-1.88603,-0.13887,-2.12,1.1,2.42157,0.20125,0.12009,89.22783,NORMAL,1,0,0,0.16396,0.0073,0.48,0.18231,4.69977
21.5,PI,task2,TO_RACK_T1_RETURN,AVOIDING,T1,WS1,-1.85954,-0.179,-2.12,1.1,2.37722,0.22581,0.08627,89.16485,NORMAL,1,0,0,0.17195,0.00738,0.48,0.02709,4.73858
21.6,PI,task2,TO_RACK_T1_RETURN,AVOIDING,T1,WS1,-1.83272,-0.21864,-2.12,1.1,2.33342,0.25259,0.06321,89.10226,NORMAL,1,0,0,0.16764,0.00741,0.48,-0.06963,4.76276
21.7,PI,task2,TO_RACK_T1_RETURN,AVOIDING,T1,WS1,-1.80604,-0.25815,-2.12,1.1,2.29006,0.27997,0.05414,89.03945,NORMAL,1,0,0,0.17134,0.00746,0.48,-0.18037,4.79044
21.8,PI,task2,TO_RACK_T1_RETURN,AVOIDING,T1,WS1,-1.77985,-0.29786,-2.12,1.1,2.24694,0.30774,0.04566,88.97627,NORMAL,1,0,0,0.1176,0.00765,0.48,-0.21527,4.79917
21.9,PI,task2,TO_RACK_T1_RETURN,AVOIDING,T1,WS1,-1.75451,-0.33804,-2.12,1.1,2.20375,0.33519,0.03798,88.91298,NORMAL,1,0,0,0.1136,0.00715,0.48,-0.22531,4.80595
22.0,PI,task2,TO_RACK_T1_RETURN,AVOIDING,T1,WS1,-1.73013,-0.3789,-2.12,1.1,2.16023,0.36177,0.03122,88.84972,NORMAL,1,0,0,0.11793,0.00721,0.48,-0.19536,4.81344
22.1,PI,task2,TO_RACK_T1_RETURN,AVOIDING,T1,WS1,-1.70664,-0.42028,-2.12,1.1,2.11639,0.38729,0.02536,88.78654,NORMAL,1,0,0,0.1042,0.00723,0.48,-0.19464,4.81362
22.2,PI,task2,TO_RACK_T1_RETURN,AVOIDING,T1,WS1,-1.68393,-0.46206,-2.12,1.1,2.07237,0.41203,0.02025,88.72335,NORMAL,1,0,0,0.10917,0.00724,0.48,-0.20286,4.81567
22.3,PI,task2,TO_RACK_T1_RETURN,AVOIDING,T1,WS1,-1.66208,-0.50432,-2.12,1.1,2.02816,0.43674,0.01573,88.66014,NORMAL,1,0,0,0.11096,0.00701,0.48,-0.19427,4.81782
22.4,PI,task2,TO_RACK_T1_RETURN,AVOIDING,T1,WS1,-1.64105,-0.54699,-2.12,1.1,1.98372,0.46354,0.01146,88.59696,NORMAL,1,0,0,0.0795,0.0071,0.48,-0.22172,4.82502
22.5,PI,task2,TO_RACK_T1_RETURN,AVOIDING,T1,WS1,-1.62088,-0.59009,-2.12,1.1,1.9392,0.49252,0.00761,88.5337,NORMAL,1,0,0,0.04065,0.00716,0.48,-0.2028,4.82974
22.6,PI,task2,TO_RACK_T1_RETURN,AVOIDING,T1,WS1,-1.60165,-0.63364,-2.12,1.1,1.89434,0.52308,0.01567,88.4705,NORMAL,1,0,0,0.03619,0.00715,0.48,-0.18741,4.83359
22.7,PI,task2,TO_RACK_T1_RETURN,AVOIDING,T1,WS1,-1.58329,-0.67752,-2.12,1.1,1.8493,0.51602,0.02813,88.40734,NORMAL,1,0,0,0.02495,0.00715,0.48,-0.19095,4.83448
22.8,PI,task2,TO_RACK_T1_RETURN,AVOIDING,T1,WS1,-1.56572,-0.72176,-2.12,1.1,1.80413,0.49501,0.04064,88.34417,NORMAL,1,0,0,0.0283,0.00728,0.48,-0.20103,4.837
22.9,PI,task2,TO_RACK_T1_RETURN,AVOIDING,T1,WS1,-1.54901,-0.76629,-2.12,1.1,1.75882,0.48092,0.05032,88.28096,NORMAL,1,0,0,0.01932,0.00728,0.48,-0.20405,4.83814
23.0,PI,task2,TO_RACK_T1_RETURN,AVOIDING,T1,WS1,-1.53321,-0.8112,-2.12,1.1,1.71331,0.46785,0.06023,88.21776,NORMAL,1,0,0,0.03147,0.00728,0.48,-0.18339,4.8433
23.1,PI,task2,TO_RACK_T1_RETURN,AVOIDING,T1,WS1,-1.51834,-0.85641,-2.12,1.1,1.6676,0.45293,0.07262,88.15463,NORMAL,1,0,0,0.03096,0.00728,0.48,-0.24209,4.86009
23.2,PI,task2,TO_RACK_T1_RETURN,AVOIDING,T1,WS1,-1.50427,-0.90182,-2.12,1.1,1.62189,0.43942,0.08483,88.09132,NORMAL,1,0,0,0.01424,0.00728,0.48,-0.20245,4.87
23.3,PI,task2,TO_RACK_T1_RETURN,AVOIDING,T1,WS1,-1.4912,-0.94754,-2.12,1.1,1.57592,0.42696,0.09695,88.02809,NORMAL,1,0,0,0.02152,0.00726,0.48,-0.21877,4.87408
23.4,PI,task2,TO_RACK_T1_RETURN,AVOIDING,T1,WS1,-1.47914,-0.99352,-2.12,1.1,1.52981,0.4159,0.10837,87.96482,NORMAL,1,0,0,0.01563,0.00726,0.48,-0.23525,4.8782
23.5,PI,task2,TO_RACK_T1_RETURN,AVOIDING,T1,WS1,-1.46808,-1.0397,-2.12,1.1,1.48362,0.4061,0.11903,87.90146,NORMAL,1,0,0,0.02791,0.00726,0.48,-0.25591,4.88337
23.6,PI,task2,TO_RACK_T1_RETURN,AVOIDING,T1,WS1,-1.4582,-1.08634,-2.12,1.1,1.43717,0.39736,0.12894,87.8382,NORMAL,1,0,0,0.0452,0.00755,0.48,-0.15187,4.90938
23.7,PI,task2,TO_RACK_T1_RETURN,AVOIDING,T1,WS1,-1.44944,-1.13322,-2.12,1.1,1.39035,0.38933,0.13842,87.77519,NORMAL,1,0,0,0.05511,0.00757,0.48,-0.15215,4.91518
23.8,PI,task2,TO_RACK_T1_RETURN,AVOIDING,T1,WS1,-1.44132,-1.18012,-2.12,1.1,1.34354,0.38217,0.14714,87.71212,NORMAL,1,0,0,0.07783,0.00916,0.48,-0.19603,4.92615
23.9,PI,task2,TO_RACK_T1_RETURN,AVOIDING,T1,WS1,-1.43385,-1.22706,-2.12,1.1,1.29677,0.37719,0.15337,87.64891,NORMAL,1,0,0,0.09414,0.01012,0.48,-0.2195,4.93202
24.0,PI,task2,TO_RACK_T1_RETURN,AVOIDING,T1,WS1,-1.4274,-1.27416,-2.12,1.1,1.24992,0.37956,0.15039,87.58565,NORMAL,1,0,0,0.09515,0.01077,0.48,-0.20663,4.93523
24.1,PI,task2,TO_RACK_T1_RETURN,AVOIDING,T1,WS1,-1.42217,-1.32154,-2.12,1.1,1.20287,0.3874,0.02533,87.52245,NORMAL,1,0,0,0.11934,0.01139,0.48,-0.0554,4.97304
24.2,PI,task2,TO_RACK_T1_RETURN,AVOIDING,T1,WS1,-1.41798,-1.36936,-2.12,1.1,1.1554,0.38199,0.02653,87.45985,NORMAL,1,0,0,0.11686,0.01304,0.48,0.0206,4.99204
24.3,PI,task2,TO_RACK_T1_RETURN,AVOIDING,T1,WS1,-1.41386,-1.41728,-2.12,1.1,1.10771,0.37849,0.02731,87.39726,NORMAL,1,0,0,0.16329,0.01382,0.48,0.04898,4.99914
24.4,PI,task2,TO_RACK_T1_RETURN,AVOIDING,T1,WS1,-1.40945,-1.46518,-2.12,1.1,1.05999,0.37928,0.02713,87.33458,NORMAL,1,0,0,0.14456,0.0137,0.48,0.04514,5.00221
24.5,PI,task2,TO_RACK_T1_RETURN,AVOIDING,T1,WS1,-1.40471,-1.51296,-2.12,1.1,1.01244,0.38538,0.02578,87.27196,NORMAL,1,0,0,0.10765,0.01357,0.48,0.01057,5.01086
24.6,PI,task2,TO_RACK_T1_RETURN,AVOIDING,T1,WS1,-1.39986,-1.56071,-2.12,1.1,0.96501,0.45788,0.01231,87.20943,NORMAL,1,0,0,0.09159,0.01394,0.48,0.01267,5.01764
24.7,PI,task2,TO_RACK_T1_RETURN,AVOIDING,T1,WS1,-1.39496,-1.60839,-2.12,1.1,0.9177,0.45234,0.01316,87.14691,NORMAL,1,0,0,0.04828,0.01625,0.48,-0.03703,5.03006
24.8,PI,task2,TO_RACK_T1_RETURN,AVOIDING,T1,WS1,-1.39003,-1.65602,-2.12,1.1,0.8705,0.44481,0.01437,87.08427,NORMAL,1,0,0,0.04763,0.01809,0.48,-0.06958,5.0382
24.9,PI,task2,TO_RACK_T1_RETURN,AVOIDING,T1,WS1,-1.38541,-1.70365,-2.12,1.1,0.8235,0.44853,0.01377,87.02156,NORMAL,1,0,0,0.01586,0.01758,0.48,-0.04462,5.04444
25.0,PI,task2,TO_RACK_T1_RETURN,AVOIDING,T1,WS1,-1.38141,-1.74779,-2.12,1.1,0.77746,0.47234,0.01021,86.96037,NORMAL,1,0,0,0.06628,0.01911,0.42517,-0.07949,5.10799
25.1,PI,task2,TO_RACK_T1_RETURN,AVOIDING,T1,WS1,-1.37809,-1.78605,-2.12,1.1,0.7369,0.4962,0.00718,86.90633,NORMAL,1,0,0,0.12123,0.02043,0.36959,-0.08459,5.16484
25.2,PI,task2,TO_RACK_T1_RETURN,AVOIDING,T1,WS1,-1.37518,-1.8219,-2.12,1.1,0.70127,0.51917,0.00476,86.85803,NORMAL,1,0,0,0.07852,0.02075,0.36469,-0.08251,5.18462
25.3,PI,task2,TO_RACK_T1_RETURN,AVOIDING,T1,WS1,-1.37248,-1.85871,-2.12,1.1,0.66537,0.54414,0.00269,86.80923,NORMAL,1,0,0,0.03739,0.01908,0.37021,-0.08899,5.19423
25.4,PI,task2,TO_RACK_T1_RETURN,AVOIDING,T1,WS1,-1.37015,-1.89468,-2.12,1.1,0.62955,0.57069,0.00114,86.76042,NORMAL,1,0,0,0.02325,0.01898,0.35916,-0.09582,5.20804
25.5,PI,task2,TO_RACK_T1_RETURN,AVOIDING,T1,WS1,-1.3682,-1.92912,-2.12,1.1,0.59497,0.59766,0.00023,86.71314,NORMAL,1,0,0,0.01914,0.01965,0.34216,-0.10672,5.22776
25.6,PI,task2,TO_RACK_T1_RETURN,ROUTE,T1,WS1,-1.36658,-1.96171,-2.12,1.1,0.56215,0.62212,0.0,86.668,NORMAL,1,0,0,0.01696,0.01952,0.32357,-0.13229,5.25274
25.7,PI,task2,TO_RACK_T1_RETURN,ROUTE,T1,WS1,-1.36542,-1.9926,-2.12,1.1,0.53112,0.64575,0.0,86.62504,NORMAL,1,0,0,0.01875,0.02057,0.30673,-0.11094,5.27492
25.8,PI,task2,TO_RACK_T1_RETURN,ROUTE,T1,WS1,-1.36475,-2.02199,-2.12,1.1,0.50175,0.66917,0.0,86.58429,NORMAL,1,0,0,0.02469,0.02176,0.29264,-0.08216,5.29622
25.9,PI,task2,RETURN_T1_RACK,MANIPULATING,T1,WS1,-1.36484,-2.04229,-2.12,1.1,-1.0,-1.0,0.0,86.56336,NORMAL,1,0,0,0.0238,0.02265,0.0,0.0,5.60939
26.0,PI,task2,RETURN_T1_RACK,MANIPULATING,T1,WS1,-1.36506,-2.04625,-2.12,1.1,-1.0,-1.0,0.0,86.56086,NORMAL,1,0,0,0.02756,0.02856,0.0,0.0,5.60939
26.1,PI,task2,RETURN_T1_RACK,MANIPULATING,T1,WS1,-1.36507,-2.0462,-2.12,1.1,-1.0,-1.0,0.0,86.55836,NORMAL,1,0,0,0.02291,0.03276,0.0,0.0,5.60939
26.2,PI,task2,RETURN_T1_RACK,MANIPULATING,T1,WS1,-1.36508,-2.04618,-2.12,1.1,-1.0,-1.0,0.0,86.55586,NORMAL,1,0,0,0.01445,0.03587,0.0,0.0,5.60939
26.3,PI,task2,RETURN_T1_RACK,MANIPULATING,T1,WS1,-1.36509,-2.04616,-2.12,1.1,-1.0,-1.0,0.0,86.55336,NORMAL,1,0,0,0.00433,0.03817,0.0,0.0,5.60939
26.4,PI,task2,RETURN_T1_RACK,MANIPULATING,T1,WS1,-1.36509,-2.04614,-2.12,1.1,-1.0,-1.0,0.0,86.55086,NORMAL,1,0,0,0.005,0.03987,0.0,0.0,5.60939
26.5,PI,task2,RETURN_T1_RACK,MANIPULATING,T1,WS1,-1.3651,-2.04612,-2.12,1.1,-1.0,-1.0,0.0,86.54836,NORMAL,1,0,0,0.00174,0.04113,0.0,0.0,5.60939
26.6,PI,task2,RETURN_T1_RACK,MANIPULATING,T1,WS1,-1.3651,-2.0461,-2.12,1.1,-1.0,-1.0,0.0,86.54586,NORMAL,1,0,0,0.0142,0.04206,0.0,0.0,5.60939
26.7,PI,task3,WAIT_B1_WS2_REQUEST_T2,MANIPULATING,T2,TRANSIT_TO_WS2,-1.36511,-2.04608,-2.12,1.1,-1.0,-1.0,0.0,86.54336,NORMAL,2,0,0,0.00805,0.04275,0.0,0.0,5.60939
26.8,PI,task3,WAIT_B1_WS2_REQUEST_T2,WAIT_B1,T2,TRANSIT_TO_WS2,-1.36511,-2.04606,-2.084,1.1,-1.0,-1.0,0.0,86.54086,NORMAL,2,0,0,0.00503,0.04325,0.0,0.0,5.60939
26.9,PI,task3,WAIT_B1_WS2_REQUEST_T2,WAIT_B1,T2,TRANSIT_TO_WS2,-1.36512,-2.04604,-2.048,1.1,-1.0,-1.0,0.0,86.53836,NORMAL,2,0,0,0.00605,0.04363,0.0,0.0,5.60939
27.0,PI,task3,WAIT_B1_WS2_REQUEST_T2,WAIT_B1,T2,TRANSIT_TO_WS2,-1.36512,-2.04602,-2.012,1.1,-1.0,-1.0,0.0,86.53586,NORMAL,2,0,0,0.00944,0.04391,0.0,0.0,5.60939
27.1,PI,task3,WAIT_B1_WS2_REQUEST_T2,WAIT_B1,T2,TRANSIT_TO_WS2,-1.36513,-2.046,-1.976,1.1,-1.0,-1.0,0.0,86.53336,NORMAL,2,0,0,0.01569,0.04412,0.0,0.0,5.60939
27.2,PI,task3,WAIT_B1_WS2_REQUEST_T2,WAIT_B1,T2,TRANSIT_TO_WS2,-1.36513,-2.04598,-1.94,1.1,-1.0,-1.0,0.0,86.53086,NORMAL,2,0,0,0.01202,0.04427,0.0,0.0,5.60939
27.3,PI,task3,WAIT_B1_WS2_REQUEST_T2,WAIT_B1,T2,TRANSIT_TO_WS2,-1.36514,-2.04596,-1.904,1.1,-1.0,-1.0,0.0,86.52836,NORMAL,2,0,0,0.00606,0.04438,0.0,0.0,5.60939
27.4,PI,task3,WAIT_B1_WS2_REQUEST_T2,WAIT_B1,T2,TRANSIT_TO_WS2,-1.36514,-2.04594,-1.868,1.1,-1.0,-1.0,0.0,86.52586,NORMAL,2,0,0,0.01105,0.04446,0.0,0.0,5.60939
27.5,PI,task3,WAIT_B1_WS2_REQUEST_T2,WAIT_B1,T2,TRANSIT_TO_WS2,-1.36515,-2.04592,-1.832,1.1,-1.0,-1.0,0.0,86.52336,NORMAL,2,0,0,0.00769,0.04452,0.0,0.0,5.60939
27.6,PI,task3,WAIT_B1_WS2_REQUEST_T2,WAIT_B1,T2,TRANSIT_TO_WS2,-1.36515,-2.0459,-1.796,1.1,-1.0,-1.0,0.0,86.52086,NORMAL,2,0,0,0.00636,0.04457,0.0,0.0,5.60939
27.7,PI,task3,WAIT_B1_WS2_REQUEST_T2,WAIT_B1,T2,TRANSIT_TO_WS2,-1.36516,-2.04588,-1.76,1.1,-1.0,-1.0,0.0,86.51836,NORMAL,2,0,0,0.00335,0.0446,0.0,0.0,5.60939
27.8,PI,task3,WAIT_B1_WS2_REQUEST_T2,WAIT_B1,T2,TRANSIT_TO_WS2,-1.36516,-2.04586,-1.724,1.1,-1.0,-1.0,0.0,86.51586,NORMAL,2,0,0,0.00426,0.04463,0.0,0.0,5.60939
27.9,PI,task3,WAIT_B1_WS2_REQUEST_T2,WAIT_B1,T2,TRANSIT_TO_WS2,-1.36517,-2.04584,-1.688,1.1,-1.0,-1.0,0.0,86.51336,NORMAL,2,0,0,0.01036,0.04465,0.0,0.0,5.60939
28.0,PI,task3,WAIT_B1_WS2_REQUEST_T2,WAIT_B1,T2,TRANSIT_TO_WS2,-1.36517,-2.04582,-1.652,1.1,-1.0,-1.0,0.0,86.51086,NORMAL,2,0,0,0.01042,0.04466,0.0,0.0,5.60939
28.1,PI,task3,WAIT_B1_WS2_REQUEST_T2,WAIT_B1,T2,TRANSIT_TO_WS2,-1.36518,-2.0458,-1.616,1.1,-1.0,-1.0,0.0,86.50836,NORMAL,2,0,0,0.0131,0.04467,0.0,0.0,5.60939
28.2,PI,task3,WAIT_B1_WS2_REQUEST_T2,WAIT_B1,T2,TRANSIT_TO_WS2,-1.36518,-2.04578,-1.58,1.1,-1.0,-1.0,0.0,86.50586,NORMAL,2,0,0,0.01173,0.04468,0.0,0.0,5.60939
28.3,PI,task3,WAIT_B1_WS2_REQUEST_T2,WAIT_B1,T2,TRANSIT_TO_WS2,-1.36519,-2.04576,-1.544,1.1,-1.0,-1.0,0.0,86.50336,NORMAL,2,0,0,0.00966,0.04468,0.0,0.0,5.60939
28.4,PI,task3,WAIT_B1_WS2_REQUEST_T2,WAIT_B1,T2,TRANSIT_TO_WS2,-1.36519,-2.04574,-1.508,1.1,-1.0,-1.0,0.0,86.50086,NORMAL,2,0,0,0.01067,0.04469,0.0,0.0,5.60939
28.5,PI,task3,WAIT_B1_WS2_REQUEST_T2,WAIT_B1,T2,TRANSIT_TO_WS2,-1.3652,-2.04571,-1.5,1.03845,-1.0,-1.0,0.0,86.49836,NORMAL,2,0,0,0.01189,0.04469,0.0,0.0,5.60939
28.6,PI,task3,WAIT_B1_WS2_REQUEST_T2,WAIT_B1,T2,TRANSIT_TO_WS2,-1.3652,-2.04569,-1.5,1.00245,-1.0,-1.0,0.0,86.49586,NORMAL,2,0,0,0.01979,0.04469,0.0,0.0,5.60939
28.7,PI,task3,WAIT_B1_WS2_REQUEST_T2,WAIT_B1,T2,TRANSIT_TO_WS2,-1.36521,-2.04567,-1.5,0.96645,-1.0,-1.0,0.0,86.49336,NORMAL,2,0,0,0.01819,0.0447,0.0,0.0,5.60939
28.8,PI,task3,WAIT_B1_WS2_REQUEST_T2,WAIT_B1,T2,TRANSIT_TO_WS2,-1.36521,-2.04565,-1.5,0.93045,-1.0,-1.0,0.0,86.49086,NORMAL,2,0,0,0.02341,0.0447,0.0,0.0,5.60939
28.9,PI,task3,WAIT_B1_WS2_REQUEST_T2,WAIT_B1,T2,TRANSIT_TO_WS2,-1.36522,-2.04563,-1.5,0.89445,-1.0,-1.0,0.0,86.48836,NORMAL,2,0,0,0.01501,0.0447,0.0,0.0,5.60939
29.0,PI,task3,WAIT_B1_WS2_REQUEST_T2,WAIT_B1,T2,TRANSIT_TO_WS2,-1.36522,-2.04561,-1.5,0.85845,-1.0,-1.0,0.0,86.48586,NORMAL,2,0,0,0.01329,0.0447,0.0,0.0,5.60939
29.1,PI,task3,WAIT_B1_WS2_REQUEST_T2,WAIT_B1,T2,TRANSIT_TO_WS2,-1.36523,-2.04559,-1.5,0.82245,-1.0,-1.0,0.0,86.48336,NORMAL,2,0,0,0.01969,0.0447,0.0,0.0,5.60939
29.2,PI,task3,WAIT_B1_WS2_REQUEST_T2,WAIT_B1,T2,TRANSIT_TO_WS2,-1.36523,-2.04557,-1.5,0.78645,-1.0,-1.0,0.0,86.48086,NORMAL,2,0,0,0.01286,0.0447,0.0,0.0,5.60939
29.3,PI,task3,WAIT_B1_WS2_REQUEST_T2,WAIT_B1,T2,TRANSIT_TO_WS2,-1.36524,-2.04555,-1.5,0.75045,-1.0,-1.0,0.0,86.47836,NORMAL,2,0,0,0.0016,0.0447,0.0,0.0,5.60939
29.4,PI,task3,WAIT_B1_WS2_REQUEST_T2,WAIT_B1,T2,TRANSIT_TO_WS2,-1.36524,-2.04553,-1.5,0.71445,-1.0,-1.0,0.0,86.47586,NORMAL,2,0,0,0.00839,0.0447,0.0,0.0,5.60939
29.5,PI,task3,WAIT_B1_WS2_REQUEST_T2,WAIT_B1,T2,TRANSIT_TO_WS2,-1.36525,-2.04551,-1.5,0.67845,-1.0,-1.0,0.0,86.47336,NORMAL,2,0,0,0.00817,0.0447,0.0,0.0,5.60939
29.6,PI,task3,WAIT_B1_WS2_REQUEST_T2,WAIT_B1,T2,TRANSIT_TO_WS2,-1.36525,-2.04549,-1.5,0.64245,-1.0,-1.0,0.0,86.47086,NORMAL,2,0,0,0.00985,0.0447,0.0,0.0,5.60939
29.7,PI,task3,WAIT_B1_WS2_REQUEST_T2,WAIT_B1,T2,TRANSIT_TO_WS2,-1.36526,-2.04547,-1.5,0.60645,-1.0,-1.0,0.0,86.46836,NORMAL,2,0,0,0.01099,0.0447,0.0,0.0,5.60939
29.8,PI,task3,WAIT_B1_WS2_REQUEST_T2,WAIT_B1,T2,TRANSIT_TO_WS2,-1.36526,-2.04545,-1.5,0.57045,-1.0,-1.0,0.0,86.46586,NORMAL,2,0,0,0.00555,0.0447,0.0,0.0,5.60939
29.9,PI,task3,WAIT_B1_WS2_REQUEST_T2,WAIT_B1,T2,TRANSIT_TO_WS2,-1.36527,-2.04543,-1.5,0.53445,-1.0,-1.0,0.0,86.46336,NORMAL,2,0,0,0.0094,0.0447,0.0,0.0,5.60939
30.0,PI,task3,WAIT_B1_WS2_REQUEST_T2,WAIT_B1,T2,TRANSIT_TO_WS2,-1.36527,-2.04541,-1.5,0.49845,-1.0,-1.0,0.0,86.46086,NORMAL,2,0,0,0.01085,0.0447,0.0,0.0,5.60939
30.1,PI,task3,WAIT_B1_WS2_REQUEST_T2,WAIT_B1,T2,TRANSIT_TO_WS2,-1.36528,-2.04539,-1.5,0.46245,-1.0,-1.0,0.0,86.45836,NORMAL,2,0,0,0.00797,0.0447,0.0,0.0,5.60939
30.2,PI,task3,WAIT_B1_WS2_REQUEST_T2,WAIT_B1,T2,TRANSIT_TO_WS2,-1.36528,-2.04537,-1.5,0.42645,-1.0,-1.0,0.0,86.45586,NORMAL,2,0,0,0.00637,0.0447,0.0,0.0,5.60939
30.3,PI,task3,WAIT_B1_WS2_REQUEST_T2,WAIT_B1,T2,TRANSIT_TO_WS2,-1.36529,-2.04535,-1.5,0.39045,-1.0,-1.0,0.0,86.45336,NORMAL,2,0,0,0.01665,0.0447,0.0,0.0,5.60939
30.4,PI,task3,WAIT_B1_WS2_REQUEST_T2,WAIT_B1,T2,TRANSIT_TO_WS2,-1.36529,-2.04533,-1.5,0.35445,-1.0,-1.0,0.0,86.45086,NORMAL,2,0,0,0.01531,0.0447,0.0,0.0,5.60939
30.5,PI,task3,WAIT_B1_WS2_REQUEST_T2,WAIT_B1,T2,TRANSIT_TO_WS2,-1.3653,-2.04531,-1.5,0.31845,-1.0,-1.0,0.0,86.44836,NORMAL,2,0,0,0.01796,0.0447,0.0,0.0,5.60939
30.6,PI,task3,WAIT_B1_WS2_REQUEST_T2,WAIT_B1,T2,TRANSIT_TO_WS2,-1.3653,-2.04529,-1.5,0.28245,-1.0,-1.0,0.0,86.44586,NORMAL,2,0,0,0.01544,0.0447,0.0,0.0,5.60939
30.7,PI,task3,WAIT_B1_WS2_REQUEST_T2,WAIT_B1,T2,TRANSIT_TO_WS2,-1.36531,-2.04527,-1.5,0.24645,-1.0,-1.0,0.0,86.44336,NORMAL,2,0,0,0.01192,0.0447,0.0,0.0,5.60939
30.8,PI,task3,WAIT_B1_WS2_REQUEST_T2,WAIT_B1,T2,TRANSIT_TO_WS2,-1.36531,-2.04525,-1.5,0.21045,-1.0,-1.0,0.0,86.44086,NORMAL,2,0,0,0.00183,0.0447,0.0,0.0,5.60939
30.9,PI,task3,WAIT_B1_WS2_REQUEST_T2,WAIT_B1,T2,TRANSIT_TO_WS2,-1.36532,-2.04523,-1.5,0.17445,-1.0,-1.0,0.0,86.43836,NORMAL,2,0,0,0.00144,0.0447,0.0,0.0,5.60939
31.0,PI,task3,WAIT_B1_WS2_REQUEST_T2,WAIT_B1,T2,TRANSIT_TO_WS2,-1.36532,-2.04521,-1.5,0.13845,-1.0,-1.0,0.0,86.43586,NORMAL,2,0,0,0.0035,0.0447,0.0,0.0,5.60939
31.1,PI,task3,WAIT_B1_WS2_REQUEST_T2,WAIT_B1,T2,TRANSIT_TO_WS2,-1.36533,-2.04519,-1.5,0.10245,-1.0,-1.0,0.0,86.43336,NORMAL,2,0,0,0.0114,0.0447,0.0,0.0,5.60939
31.2,PI,task3,WAIT_B1_WS2_REQUEST_T2,WAIT_B1,T2,TRANSIT_TO_WS2,-1.36533,-2.04517,-1.5,0.06645,-1.0,-1.0,0.0,86.43086,NORMAL,2,0,0,0.00858,0.0447,0.0,0.0,5.60939
31.3,PI,task3,WAIT_B1_WS2_REQUEST_T2,WAIT_B1,T2,TRANSIT_TO_WS2,-1.36534,-2.04515,-1.5,0.03045,-1.0,-1.0,0.0,86.42836,NORMAL,2,0,0,0.01178,0.0447,0.0,0.0,5.60939
31.4,PI,task3,WAIT_B1_WS2_REQUEST_T2,WAIT_B1,T2,TRANSIT_TO_WS2,-1.36534,-2.04513,-1.5,-0.00555,-1.0,-1.0,0.0,86.42586,NORMAL,2,0,0,0.0129,0.0447,0.0,0.0,5.60939
31.5,PI,task3,WAIT_B1_WS2_REQUEST_T2,WAIT_B1,T2,TRANSIT_TO_WS2,-1.36535,-2.04511,-1.5,-0.04155,-1.0,-1.0,0.0,86.42336,NORMAL,2,0,0,0.00902,0.0447,0.0,0.0,5.60939
31.6,PI,task3,WAIT_B1_WS2_REQUEST_T2,WAIT_B1,T2,TRANSIT_TO_WS2,-1.36535,-2.04509,-1.5,-0.07755,-1.0,-1.0,0.0,86.42086,NORMAL,2,0,0,0.01605,0.0447,0.0,0.0,5.60939
31.7,PI,task3,WAIT_B1_WS2_REQUEST_T2,WAIT_B1,T2,TRANSIT_TO_WS2,-1.36536,-2.04507,-1.5,-0.11355,-1.0,-1.0,0.0,86.41836,NORMAL,2,0,0,0.00238,0.0447,0.0,0.0,5.60939
31.8,PI,task3,WAIT_B1_WS2_REQUEST_T2,WAIT_B1,T2,TRANSIT_TO_WS2,-1.36536,-2.04505,-1.5,-0.14955,-1.0,-1.0,0.0,86.41586,NORMAL,2,0,0,0.0052,0.0447,0.0,0.0,5.60939
31.9,PI,task3,WAIT_B1_WS2_REQUEST_T2,WAIT_B1,T2,TRANSIT_TO_WS2,-1.36537,-2.04503,-1.5,-0.18555,-1.0,-1.0,0.0,86.41336,NORMAL,2,0,0,0.00519,0.0447,0.0,0.0,5.60939
32.0,PI,task3,WAIT_B1_WS2_REQUEST_T2,WAIT_B1,T2,TRANSIT_TO_WS2,-1.36537,-2.04501,-1.5,-0.22155,-1.0,-1.0,0.0,86.41086,NORMAL,2,0,0,0.00434,0.0447,0.0,0.0,5.60939
32.15,PI,task3,WAIT_B1_WS2_REQUEST_T2,WAIT_B1,T2,TRANSIT_TO_WS2,-1.36538,-2.04498,-1.5,-0.27555,-1.0,-1.0,0.0,86.40711,NORMAL,2,0,0,0.00507,0.0447,0.0,0.0,5.60939
32.3,PI,task3,WAIT_B1_WS2_REQUEST_T2,WAIT_B1,T2,TRANSIT_TO_WS2,-1.36539,-2.04495,-1.5,-0.32955,-1.0,-1.0,0.0,86.40336,NORMAL,2,0,0,0.00373,0.0447,0.0,0.0,5.60939
32.45,PI,task3,WAIT_B1_WS2_REQUEST_T2,WAIT_B1,T2,TRANSIT_TO_WS2,-1.3654,-2.04492,-1.5,-0.38355,-1.0,-1.0,0.0,86.39961,NORMAL,2,0,0,0.0063,0.0447,0.0,0.0,5.60939
32.6,PI,task3,WAIT_B1_WS2_REQUEST_T2,WAIT_B1,T2,TRANSIT_TO_WS2,-1.3654,-2.04489,-1.5,-0.43755,-1.0,-1.0,0.0,86.39586,NORMAL,2,0,0,0.01702,0.0447,0.0,0.0,5.60939
32.75,PI,task3,WAIT_B1_WS2_REQUEST_T2,WAIT_B1,T2,TRANSIT_TO_WS2,-1.36541,-2.04486,-1.5,-0.49155,-1.0,-1.0,0.0,86.39211,NORMAL,2,0,0,0.01014,0.0447,0.0,0.0,5.60939
32.9,PI,task3,WAIT_B1_WS2_REQUEST_T2,WAIT_B1,T2,TRANSIT_TO_WS2,-1.36542,-2.04483,-1.5,-0.54555,-1.0,-1.0,0.0,86.38836,NORMAL,2,0,0,0.01277,0.0447,0.0,0.0,5.60939
33.05,PI,task3,WAIT_B1_WS2_REQUEST_T2,WAIT_B1,T2,TRANSIT_TO_WS2,-1.36543,-2.0448,-1.5,-0.59955,-1.0,-1.0,0.0,86.38461,NORMAL,2,0,0,0.00662,0.0447,0.0,0.0,5.60939
33.2,PI,task3,WAIT_B1_WS2_REQUEST_T2,WAIT_B1,T2,TRANSIT_TO_WS2,-1.36543,-2.04477,-1.5,-0.65355,-1.0,-1.0,0.0,86.38086,NORMAL,2,0,0,0.00294,0.0447,0.0,0.0,5.60939
33.35,PI,task3,WAIT_B1_WS2_REQUEST_T2,WAIT_B1,T2,TRANSIT_TO_WS2,-1.36544,-2.04474,-1.5,-0.70755,-1.0,-1.0,0.0,86.37711,NORMAL,2,0,0,0.00172,0.0447,0.0,0.0,5.60939
33.5,PI,task3,WAIT_B1_WS2_REQUEST_T2,WAIT_B1,T2,TRANSIT_TO_WS2,-1.36545,-2.0447,-1.5,-0.76155,-1.0,-1.0,0.0,86.37336,NORMAL,2,0,0,0.00048,0.0447,0.0,0.0,5.60939
33.65,PI,task3,WAIT_B1_WS2_REQUEST_T2,WAIT_B1,T2,TRANSIT_TO_WS2,-1.36546,-2.04467,-1.5,-0.81555,-1.0,-1.0,0.0,86.36961,NORMAL,2,0,0,0.00233,0.0447,0.0,0.0,5.60939
33.8,PI,task3,WAIT_B1_WS2_REQUEST_T2,WAIT_B1,T2,TRANSIT_TO_WS2,-1.36546,-2.04464,-1.5,-0.86955,-1.0,-1.0,0.0,86.36586,NORMAL,2,0,0,0.00596,0.0447,0.0,0.0,5.60939
33.95,PI,task3,WAIT_B1_WS2_REQUEST_T2,WAIT_B1,T2,TRANSIT_TO_WS2,-1.36547,-2.04461,-1.5,-0.92355,-1.0,-1.0,0.0,86.36211,NORMAL,2,0,0,0.0098,0.0447,0.0,0.0,5.60939
34.1,PI,task3,WAIT_B1_WS2_REQUEST_T2,WAIT_B1,T2,TRANSIT_TO_WS2,-1.36548,-2.04458,-1.5,-0.97755,-1.0,-1.0,0.0,86.35836,NORMAL,2,0,0,0.01832,0.0447,0.0,0.0,5.60939
34.25,PI,task3,WAIT_B1_WS2_REQUEST_T2,WAIT_B1,T2,TRANSIT_TO_WS2,-1.36549,-2.04455,-1.5,-1.03155,-1.0,-1.0,0.0,86.35461,NORMAL,2,0,0,0.01461,0.0447,0.0,0.0,5.60939
34.4,PI,task3,WAIT_B1_WS2_REQUEST_T2,WAIT_B1,T2,TRANSIT_TO_WS2,-1.36549,-2.04452,-1.5,-1.08555,-1.0,-1.0,0.0,86.35086,NORMAL,2,0,0,0.0198,0.0447,0.0,0.0,5.60939
34.55,PI,task3,WAIT_B1_WS2_REQUEST_T2,WAIT_B1,T2,TRANSIT_TO_WS2,-1.3655,-2.04449,-1.5,-1.13955,-1.0,-1.0,0.0,86.34711,NORMAL,2,0,0,0.01738,0.0447,0.0,0.0,5.60939
34.7,PI,task3,WAIT_B1_WS2_REQUEST_T2,WAIT_B1,T2,TRANSIT_TO_WS2,-1.36551,-2.04446,-1.5,-1.19355,-1.0,-1.0,0.0,86.34336,NORMAL,2,0,0,0.00877,0.0447,0.0,0.0,5.60939
34.85,PI,task3,WAIT_B1_WS2_REQUEST_T2,WAIT_B1,T2,TRANSIT_TO_WS2,-1.36552,-2.04443,-1.5,-1.24755,-1.0,-1.0,0.0,86.33961,NORMAL,2,0,0,0.00553,0.0447,0.0,0.0,5.60939
35.0,PI,task3,WAIT_B1_WS2_REQUEST_T2,WAIT_B1,T2,TRANSIT_TO_WS2,-1.36552,-2.0444,-1.5,-1.30155,-1.0,-1.0,0.0,86.33586,NORMAL,2,0,0,0.00346,0.0447,0.0,0.0,5.60939
35.15,PI,task3,WAIT_B1_WS2_REQUEST_T2,WAIT_B1,T2,TRANSIT_TO_WS2,-1.36553,-2.04437,-1.5,-1.35555,-1.0,-1.0,0.0,86.33211,NORMAL,2,0,0,0.0063,0.0447,0.0,0.0,5.60939
35.3,PI,task3,WAIT_B1_WS2_REQUEST_T2,WAIT_B1,T2,TRANSIT_TO_WS2,-1.36554,-2.04434,-1.5,-1.40955,-1.0,-1.0,0.0,86.32836,NORMAL,2,0,0,0.01373,0.0447,0.0,0.0,5.60939
35.45,PI,task3,WAIT_B1_WS2_REQUEST_T2,WAIT_B1,T2,TRANSIT_TO_WS2,-1.36555,-2.04431,-1.5,-1.46355,-1.0,-1.0,0.0,86.32461,NORMAL,2,0,0,0.01574,0.0447,0.0,0.0,5.60939
35.6,PI,task3,WAIT_B1_WS2_REQUEST_T2,WAIT_B1,T2,TRANSIT_TO_WS2,-1.36555,-2.04428,-1.5,-1.51755,-1.0,-1.0,0.0,86.32086,NORMAL,2,0,0,0.00979,0.0447,0.0,0.0,5.60939
35.75,PI,task3,WAIT_B1_WS2_REQUEST_T2,WAIT_B1,T2,TRANSIT_TO_WS2,-1.36556,-2.04425,-1.5,-1.57155,-1.0,-1.0,0.0,86.31711,NORMAL,2,0,0,0.01378,0.0447,0.0,0.0,5.60939
35.9,PI,task3,WAIT_B1_WS2_REQUEST_T2,WAIT_B1,T2,TRANSIT_TO_WS2,-1.36557,-2.04422,-1.47892,-1.6,-1.0,-1.0,0.0,86.31336,NORMAL,2,0,0,0.00887,0.0447,0.0,0.0,5.60939
36.05,PI,task3,WAIT_B1_WS2_REQUEST_T2,WAIT_B1,T2,TRANSIT_TO_WS2,-1.36558,-2.04419,-1.42492,-1.6,-1.0,-1.0,0.0,86.30961,NORMAL,2,0,0,0.01752,0.0447,0.0,0.0,5.60939
36.2,PI,task3,WAIT_B1_WS2_REQUEST_T2,WAIT_B1,T2,TRANSIT_TO_WS2,-1.36558,-2.04416,-1.37092,-1.6,-1.0,-1.0,0.0,86.30586,NORMAL,2,0,0,0.01541,0.0447,0.0,0.0,5.60939
36.35,PI,task3,WAIT_B1_WS2_REQUEST_T2,WAIT_B1,T2,TRANSIT_TO_WS2,-1.36559,-2.04414,-1.31692,-1.6,-1.0,-1.0,0.0,86.30211,NORMAL,2,0,0,0.01849,0.0447,0.0,0.0,5.60939
36.5,PI,task3,WAIT_B1_WS2_REQUEST_T2,WAIT_B1,T2,TRANSIT_TO_WS2,-1.3656,-2.04411,-1.26292,-1.6,-1.0,-1.0,0.0,86.29836,NORMAL,2,0,0,0.01287,0.0447,0.0,0.0,5.60939
36.65,PI,task3,WAIT_B1_WS2_REQUEST_T2,WAIT_B1,T2,TRANSIT_TO_WS2,-1.36561,-2.04408,-1.20892,-1.6,-1.0,-1.0,0.0,86.29461,NORMAL,2,0,0,0.00854,0.0447,0.0,0.0,5.60939
36.8,PI,task3,WAIT_B1_WS2_REQUEST_T2,WAIT_B1,T2,TRANSIT_TO_WS2,-1.36561,-2.04405,-1.15492,-1.6,-1.0,-1.0,0.0,86.29086,NORMAL,2,0,0,0.01006,0.0447,0.0,0.0,5.60939
36.95,PI,task3,WAIT_B1_WS2_REQUEST_T2,WAIT_B1,T2,TRANSIT_TO_WS2,-1.36562,-2.04402,-1.10092,-1.6,-1.0,-1.0,0.0,86.28711,NORMAL,2,0,0,0.0051,0.0447,0.0,0.0,5.60939
37.1,PI,task3,WAIT_B1_WS2_REQUEST_T2,WAIT_B1,T2,TRANSIT_TO_WS2,-1.36563,-2.04399,-1.04692,-1.6,-1.0,-1.0,0.0,86.28336,NORMAL,2,0,0,0.01384,0.0447,0.0,0.0,5.60939
37.25,PI,task3,WAIT_B1_WS2_REQUEST_T2,WAIT_B1,T2,TRANSIT_TO_WS2,-1.36564,-2.04396,-0.99292,-1.6,-1.0,-1.0,0.0,86.27961,NORMAL,2,0,0,0.01989,0.0447,0.0,0.0,5.60939
37.4,PI,task3,WAIT_B1_WS2_REQUEST_T2,WAIT_B1,T2,TRANSIT_TO_WS2,-1.36564,-2.04393,-0.93892,-1.6,-1.0,-1.0,0.0,86.27586,NORMAL,2,0,0,0.01743,0.0447,0.0,0.0,5.60939
37.55,PI,task3,WAIT_B1_WS2_REQUEST_T2,WAIT_B1,T2,TRANSIT_TO_WS2,-1.36565,-2.0439,-0.88492,-1.6,-1.0,-1.0,0.0,86.27211,NORMAL,2,0,0,0.00275,0.0447,0.0,0.0,5.60939
37.7,PI,task3,WAIT_B1_WS2_REQUEST_T2,WAIT_B1,T2,TRANSIT_TO_WS2,-1.36566,-2.04387,-0.83092,-1.6,-1.0,-1.0,0.0,86.26836,NORMAL,2,0,0,0.00915,0.0447,0.0,0.0,5.60939
37.85,PI,task3,WAIT_B1_WS2_REQUEST_T2,WAIT_B1,T2,TRANSIT_TO_WS2,-1.36567,-2.04384,-0.77692,-1.6,-1.0,-1.0,0.0,86.26461,NORMAL,2,0,0,0.00977,0.0447,0.0,0.0,5.60939
38.0,PI,task3,WAIT_B1_WS2_REQUEST_T2,WAIT_B1,T2,TRANSIT_TO_WS2,-1.36567,-2.04381,-0.72292,-1.6,-1.0,-1.0,0.0,86.26086,NORMAL,2,0,0,0.01329,0.0447,0.0,0.0,5.60939
38.15,PI,task3,WAIT_B1_WS2_REQUEST_T2,WAIT_B1,T2,TRANSIT_TO_WS2,-1.36568,-2.04378,-0.66892,-1.6,-1.0,-1.0,0.0,86.25711,NORMAL,2,0,0,0.00741,0.0447,0.0,0.0,5.60939
38.3,PI,task3,WAIT_B1_WS2_REQUEST_T2,WAIT_B1,T2,TRANSIT_TO_WS2,-1.36569,-2.04375,-0.61492,-1.6,-1.0,-1.0,0.0,86.25336,NORMAL,2,0,0,0.00883,0.0447,0.0,0.0,5.60939
38.45,PI,task3,WAIT_B1_WS2_REQUEST_T2,WAIT_B1,T2,TRANSIT_TO_WS2,-1.3657,-2.04372,-0.56092,-1.6,-1.0,-1.0,0.0,86.24961,NORMAL,2,0,0,0.00498,0.0447,0.0,0.0,5.60939
38.6,PI,task3,WAIT_B1_WS2_REQUEST_T2,WAIT_B1,T2,TRANSIT_TO_WS2,-1.3657,-2.04369,-0.50692,-1.6,-1.0,-1.0,0.0,86.24586,NORMAL,2,0,0,0.00662,0.0447,0.0,0.0,5.60939
38.75,PI,task3,WAIT_B1_WS2_REQUEST_T2,WAIT_B1,T2,TRANSIT_TO_WS2,-1.36571,-2.04366,-0.45292,-1.6,-1.0,-1.0,0.0,86.24211,NORMAL,2,0,0,0.00814,0.0447,0.0,0.0,5.60939
38.9,PI,task3,WAIT_B1_WS2_REQUEST_T2,WAIT_B1,T2,TRANSIT_TO_WS2,-1.36572,-2.04363,-0.39883,-1.6,-1.0,-1.0,0.0,86.23836,NORMAL,2,0,0,0.00282,0.0447,0.0,0.0,5.60939
39.05,PI,task3,WAIT_B1_WS2_REQUEST_T2,WAIT_B1,T2,TRANSIT_TO_WS2,-1.36573,-2.0436,-0.34483,-1.6,-1.0,-1.0,0.0,86.23461,NORMAL,2,0,0,0.00614,0.0447,0.0,0.0,5.60939
39.2,PI,task3,WAIT_B1_WS2_REQUEST_T2,WAIT_B1,T2,TRANSIT_TO_WS2,-1.36573,-2.04357,-0.29083,-1.6,-1.0,-1.0,0.0,86.23086,NORMAL,2,0,0,0.00575,0.0447,0.0,0.0,5.60939
39.35,PI,task3,WAIT_B1_WS2_REQUEST_T2,WAIT_B1,T2,TRANSIT_TO_WS2,-1.36574,-2.04354,-0.23683,-1.6,-1.0,-1.0,0.0,86.22711,NORMAL,2,0,0,0.00617,0.0447,0.0,0.0,5.60939
39.5,PI,task3,WAIT_B1_WS2_REQUEST_T2,WAIT_B1,T2,TRANSIT_TO_WS2,-1.36575,-2.04351,-0.18283,-1.6,-1.0,-1.0,0.0,86.22336,NORMAL,2,0,0,0.01169,0.0447,0.0,0.0,5.60939
39.65,PI,task3,WAIT_B1_WS2_REQUEST_T2,WAIT_B1,T2,TRANSIT_TO_WS2,-1.36575,-2.04349,-0.12883,-1.6,-1.0,-1.0,0.0,86.21961,NORMAL,2,0,0,0.01357,0.0447,0.0,0.0,5.60939
39.8,PI,task3,WAIT_B1_WS2_REQUEST_T2,WAIT_B1,T2,TRANSIT_TO_WS2,-1.36576,-2.04346,-0.07483,-1.6,-1.0,-1.0,0.0,86.21586,NORMAL,2,0,0,0.01875,0.0447,0.0,0.0,5.60939
39.95,PI,task3,WAIT_B1_WS2_REQUEST_T2,WAIT_B1,T2,TRANSIT_TO_WS2,-1.36577,-2.04343,-0.02083,-1.6,-1.0,-1.0,0.0,86.21211,NORMAL,2,0,0,0.01561,0.0447,0.0,0.0,5.60939
40.1,PI,task3,WAIT_B1_WS2_REQUEST_T2,WAIT_B1,T2,TRANSIT_TO_WS2,-1.36578,-2.0434,0.03317,-1.6,-1.0,-1.0,0.0,86.20836,NORMAL,2,0,0,0.00251,0.0447,0.0,0.0,5.60939
40.25,PI,task3,WAIT_B1_WS2_REQUEST_T2,WAIT_B1,T2,TRANSIT_TO_WS2,-1.36578,-2.04337,0.08717,-1.6,-1.0,-1.0,0.0,86.20461,NORMAL,2,0,0,0.00108,0.0447,0.0,0.0,5.60939
40.4,PI,task3,WAIT_B1_WS2_REQUEST_T2,WAIT_B1,T2,TRANSIT_TO_WS2,-1.36579,-2.04334,0.14117,-1.6,-1.0,-1.0,0.0,86.20086,NORMAL,2,0,0,0.00613,0.0447,0.0,0.0,5.60939
40.55,PI,task3,WAIT_B1_WS2_REQUEST_T2,WAIT_B1,T2,TRANSIT_TO_WS2,-1.3658,-2.04331,0.19517,-1.6,-1.0,-1.0,0.0,86.19711,NORMAL,2,0,0,0.00386,0.0447,0.0,0.0,5.60939
40.7,PI,task3,WAIT_B1_WS2_REQUEST_T2,WAIT_B1,T2,TRANSIT_TO_WS2,-1.36581,-2.04328,0.24917,-1.6,-1.0,-1.0,0.0,86.19336,NORMAL,2,0,0,0.00866,0.0447,0.0,0.0,5.60939
40.85,PI,task3,WAIT_B1_WS2_REQUEST_T2,WAIT_B1,T2,TRANSIT_TO_WS2,-1.36581,-2.04325,0.30317,-1.6,-1.0,-1.0,0.0,86.18961,NORMAL,2,0,0,0.00252,0.0447,0.0,0.0,5.60939
41.0,PI,task3,WAIT_B1_WS2_REQUEST_T2,WAIT_B1,T2,TRANSIT_TO_WS2,-1.36582,-2.04322,0.35717,-1.6,-1.0,-1.0,0.0,86.18586,NORMAL,2,0,0,0.00583,0.0447,0.0,0.0,5.60939
41.15,PI,task3,WAIT_B1_WS2_REQUEST_T2,WAIT_B1,T2,TRANSIT_TO_WS2,-1.36583,-2.04319,0.41117,-1.6,-1.0,-1.0,0.0,86.18211,NORMAL,2,0,0,0.00889,0.0447,0.0,0.0,5.60939
41.3,PI,task3,WAIT_B1_WS2_REQUEST_T2,WAIT_B1,T2,TRANSIT_TO_WS2,-1.36584,-2.04316,0.46517,-1.6,-1.0,-1.0,0.0,86.17836,NORMAL,2,0,0,0.0089,0.0447,0.0,0.0,5.60939
41.45,PI,task3,WAIT_B1_WS2_REQUEST_T2,WAIT_B1,T2,TRANSIT_TO_WS2,-1.36584,-2.04314,0.51917,-1.6,-1.0,-1.0,0.0,86.17461,NORMAL,2,0,0,0.016,0.0447,0.0,0.0,5.60939
41.6,PI,task3,WAIT_B1_WS2_REQUEST_T2,WAIT_B1,T2,TRANSIT_TO_WS2,-1.36585,-2.04311,0.57317,-1.6,-1.0,-1.0,0.0,86.17086,NORMAL,2,0,0,0.00172,0.0447,0.0,0.0,5.60939
41.75,PI,task3,WAIT_B1_WS2_REQUEST_T2,WAIT_B1,T2,TRANSIT_TO_WS2,-1.36586,-2.04308,0.62717,-1.6,-1.0,-1.0,0.0,86.16711,NORMAL,2,0,0,0.008,0.0447,0.0,0.0,5.60939
41.9,PI,task3,WAIT_B1_WS2_REQUEST_T2,WAIT_B1,T2,TRANSIT_TO_WS2,-1.36586,-2.04305,0.68117,-1.6,-1.0,-1.0,0.0,86.16336,NORMAL,2,0,0,0.00423,0.0447,0.0,0.0,5.60939
42.05,PI,task3,WAIT_B1_WS2_REQUEST_T2,WAIT_B1,T2,TRANSIT_TO_WS2,-1.36587,-2.04302,0.73517,-1.6,-1.0,-1.0,0.0,86.15961,NORMAL,2,0,0,0.00321,0.0447,0.0,0.0,5.60939
42.2,PI,task3,WAIT_B1_WS2_REQUEST_T2,WAIT_B1,T2,TRANSIT_TO_WS2,-1.36588,-2.04299,0.78917,-1.6,-1.0,-1.0,0.0,86.15586,NORMAL,2,0,0,0.00614,0.0447,0.0,0.0,5.60939
42.35,PI,task3,WAIT_B1_WS2_REQUEST_T2,WAIT_B1,T2,TRANSIT_TO_WS2,-1.36589,-2.04296,0.84156,-1.58426,-1.0,-1.0,0.0,86.15211,NORMAL,2,0,0,0.00483,0.0447,0.0,0.0,5.60939
42.5,PI,task3,WAIT_B1_WS2_REQUEST_T2,WAIT_B1,T2,TRANSIT_TO_WS2,-1.36589,-2.04293,0.89205,-1.56513,-1.0,-1.0,0.0,86.14836,NORMAL,2,0,0,0.00702,0.0447,0.0,0.0,5.60939
42.65,PI,task3,WAIT_B1_WS2_REQUEST_T2,WAIT_B1,T2,TRANSIT_TO_WS2,-1.3659,-2.0429,0.94255,-1.546,-1.0,-1.0,0.0,86.14461,NORMAL,2,0,0,0.00136,0.0447,0.0,0.0,5.60939
42.8,PI,task3,WAIT_B1_WS2_REQUEST_T2,WAIT_B1,T2,TRANSIT_TO_WS2,-1.36591,-2.04287,0.99305,-1.52687,-1.0,-1.0,0.0,86.14086,NORMAL,2,0,0,0.00717,0.0447,0.0,0.0,5.60939
42.95,PI,task3,WAIT_B1_WS2_REQUEST_T2,WAIT_B1,T2,TRANSIT_TO_WS2,-1.36592,-2.04285,1.04355,-1.50775,-1.0,-1.0,0.0,86.13711,NORMAL,2,0,0,0.01925,0.0447,0.0,0.0,5.60939
43.1,PI,task3,WAIT_B1_WS2_REQUEST_T2,WAIT_B1,T2,TRANSIT_TO_WS2,-1.36592,-2.04282,1.09405,-1.48862,-1.0,-1.0,0.0,86.13336,NORMAL,2,0,0,0.0173,0.0447,0.0,0.0,5.60939
43.25,PI,task3,WAIT_B1_WS2_REQUEST_T2,WAIT_B1,T2,TRANSIT_TO_WS2,-1.36593,-2.04279,1.14455,-1.46949,-1.0,-1.0,0.0,86.12961,NORMAL,2,0,0,0.01256,0.0447,0.0,0.0,5.60939
43.4,PI,task3,WAIT_B1_WS2_REQUEST_T2,WAIT_B1,T2,TRANSIT_TO_WS2,-1.36594,-2.04276,1.19505,-1.45036,-1.0,-1.0,0.0,86.12586,NORMAL,2,0,0,0.00767,0.0447,0.0,0.0,5.60939
43.55,PI,task3,WAIT_B1_WS2_REQUEST_T2,WAIT_B1,T2,TRANSIT_TO_WS2,-1.36594,-2.04273,1.24554,-1.43123,-1.0,-1.0,0.0,86.12211,NORMAL,2,0,0,0.01586,0.0447,0.0,0.0,5.60939
43.7,PI,task3,WAIT_B1_WS2_REQUEST_T2,WAIT_B1,T2,TRANSIT_TO_WS2,-1.36595,-2.0427,1.29604,-1.4121,-1.0,-1.0,0.0,86.11836,NORMAL,2,0,0,0.00786,0.0447,0.0,0.0,5.60939
43.85,PI,task3,WAIT_B1_WS2_REQUEST_T2,WAIT_B1,T2,TRANSIT_TO_WS2,-1.36596,-2.04267,1.34654,-1.39298,-1.0,-1.0,0.0,86.11461,NORMAL,2,0,0,0.01227,0.0447,0.0,0.0,5.60939
44.0,PI,task3,WAIT_B1_WS2_REQUEST_T2,WAIT_B1,T2,TRANSIT_TO_WS2,-1.36597,-2.04264,1.39704,-1.37385,-1.0,-1.0,0.0,86.11086,NORMAL,2,0,0,0.01773,0.0447,0.0,0.0,5.60939
44.15,PI,task3,WAIT_B1_WS2_REQUEST_T2,WAIT_B1,T2,TRANSIT_TO_WS2,-1.36597,-2.04261,1.44754,-1.35472,-1.0,-1.0,0.0,86.10711,NORMAL,2,0,0,0.02171,0.0447,0.0,0.0,5.60939
44.3,PI,task3,WAIT_B1_WS2_REQUEST_T2,WAIT_B1,T2,TRANSIT_TO_WS2,-1.36598,-2.04259,1.49804,-1.33559,-1.0,-1.0,0.0,86.10336,NORMAL,2,0,0,0.01503,0.0447,0.0,0.0,5.60939
44.45,PI,task3,WAIT_B1_WS2_REQUEST_T2,WAIT_B1,T2,TRANSIT_TO_WS2,-1.36599,-2.04256,1.54854,-1.31646,-1.0,-1.0,0.0,86.09961,NORMAL,2,0,0,0.00572,0.0447,0.0,0.0,5.60939
44.6,PI,task3,WAIT_B1_WS2_REQUEST_T2,WAIT_B1,T2,TRANSIT_TO_WS2,-1.366,-2.04253,1.59904,-1.29734,-1.0,-1.0,0.0,86.09586,NORMAL,2,0,0,0.00253,0.0447,0.0,0.0,5.60939
44.75,PI,task3,WAIT_B1_WS2_REQUEST_T2,WAIT_B1,T2,TRANSIT_TO_WS2,-1.366,-2.0425,1.64953,-1.27821,-1.0,-1.0,0.0,86.09211,NORMAL,2,0,0,0.00668,0.0447,0.0,0.0,5.60939
44.9,PI,task3,WAIT_B1_WS2_REQUEST_T2,WAIT_B1,T2,TRANSIT_TO_WS2,-1.36601,-2.04247,1.70003,-1.25908,-1.0,-1.0,0.0,86.08836,NORMAL,2,0,0,0.00766,0.0447,0.0,0.0,5.60939
45.05,PI,task3,WAIT_B1_WS2_REQUEST_T2,WAIT_B1,T2,TRANSIT_TO_WS2,-1.36602,-2.04244,1.75053,-1.23995,-1.0,-1.0,0.0,86.08461,NORMAL,2,0,0,0.00266,0.0447,0.0,0.0,5.60939
45.2,PI,task3,WAIT_B1_WS2_REQUEST_T2,WAIT_B1,T2,TRANSIT_TO_WS2,-1.36602,-2.04241,1.80103,-1.22082,-1.0,-1.0,0.0,86.08086,NORMAL,2,0,0,0.00318,0.0447,0.0,0.0,5.60939
45.35,PI,task3,WAIT_B1_WS2_REQUEST_T2,WAIT_B1,T2,TRANSIT_TO_WS2,-1.36603,-2.04238,1.85153,-1.20169,-1.0,-1.0,0.0,86.07711,NORMAL,2,0,0,0.01682,0.0447,0.0,0.0,5.60939
45.5,PI,task3,WAIT_B1_WS2_REQUEST_T2,WAIT_B1,T2,TRANSIT_TO_WS2,-1.36604,-2.04236,1.90203,-1.18257,-1.0,-1.0,0.0,86.07336,NORMAL,2,0,0,0.01884,0.0447,0.0,0.0,5.60939
45.65,PI,task3,WAIT_B1_WS2_REQUEST_T2,WAIT_B1,T2,TRANSIT_TO_WS2,-1.36605,-2.04233,1.95253,-1.16344,-1.0,-1.0,0.0,86.06961,NORMAL,2,0,0,0.01644,0.0447,0.0,0.0,5.60939
45.8,PI,task3,WAIT_B1_WS2_REQUEST_T2,WAIT_B1,T2,TRANSIT_TO_WS2,-1.36605,-2.0423,2.00302,-1.14431,-1.0,-1.0,0.0,86.06586,NORMAL,2,0,0,0.01052,0.0447,0.0,0.0,5.60939
45.95,PI,task3,WAIT_B1_WS2_REQUEST_T2,WAIT_B1,T2,TRANSIT_TO_WS2,-1.36606,-2.04227,2.05352,-1.12518,-1.0,-1.0,0.0,86.06211,NORMAL,2,0,0,0.01202,0.0447,0.0,0.0,5.60939
46.1,PI,task3,WAIT_B1_WS2_REQUEST_T2,WAIT_B1,T2,TRANSIT_TO_WS2,-1.36607,-2.04224,2.10402,-1.10605,-1.0,-1.0,0.0,86.05836,NORMAL,2,0,0,0.01857,0.0447,0.0,0.0,5.60939
46.25,PI,task3,TO_PICKUP_T2,SLAM_PATH,T2,WS2,-1.36626,-2.04225,2.12,-1.1,5.3071,0.69812,0.0,86.05461,NORMAL,2,0,0,0.01761,0.0447,0.0,1.0032,5.86019
46.4,PI,task3,TO_PICKUP_T2,SLAM_PATH,T2,WS2,-1.36884,-2.04452,2.12,-1.1,5.30883,0.70162,0.0,86.04465,NORMAL,2,0,0,0.02447,0.02361,0.0,1.31562,5.9383
46.55,PI,task3,TO_PICKUP_T2,SLAM_PATH,T2,WS2,-1.37498,-2.04902,2.12,-1.1,5.31568,0.7142,0.0,86.03398,NORMAL,2,0,0,0.04032,0.02298,0.0,1.31994,5.93938
46.7,PI,task3,TO_PICKUP_T2,SLAM_PATH,T2,WS2,-1.38282,-2.05014,2.12,-1.1,5.3209,0.72512,0.0,86.0233,NORMAL,2,0,0,0.02504,0.02388,0.0,1.32,5.93939
46.85,PI,task3,TO_PICKUP_T2,SLAM_PATH,T2,WS2,-1.38958,-2.05393,2.12,-1.1,5.32704,0.95467,0.0,86.01262,NORMAL,2,0,0,0.02773,0.02414,0.01325,1.32,5.95264
47.0,PI,task3,TO_PICKUP_T2,SLAM_PATH,T2,WS2,-1.39108,-2.06459,2.12,-1.1,5.33595,0.78786,0.0,85.99505,NORMAL,2,0,0,0.01494,0.02507,0.06772,1.32,6.00711
47.15,PI,task3,TO_PICKUP_T2,SLAM_PATH,T2,WS2,-1.38736,-2.07839,2.12,-1.1,5.34608,0.79259,0.0,85.97143,NORMAL,2,0,0,0.0239,0.02515,0.14095,1.32,6.08034
47.3,PI,task3,TO_PICKUP_T2,SLAM_PATH,T2,WS2,-1.36757,-2.1,2.12,-1.1,5.35488,0.81956,0.0,85.92849,NORMAL,2,0,0,0.02355,0.02422,0.22411,1.32,6.1635
47.45,PI,task3,TO_PICKUP_T2,SLAM_PATH,T2,WS2,-1.33446,-2.12218,2.12,-1.1,5.35898,0.81639,0.0,85.87217,NORMAL,2,0,0,0.02129,0.02431,0.28014,1.32,6.21953
47.6,PI,task3,TO_PICKUP_T2,SLAM_PATH,T2,WS2,-1.2942,-2.13891,2.12,-1.1,5.35515,0.80417,0.0,85.80881,NORMAL,2,0,0,0.02597,0.02515,0.29807,1.30599,6.24714
47.75,PI,task3,TO_PICKUP_T2,SLAM_PATH,T2,WS2,-1.2485,-2.14865,2.12,-1.1,5.34299,0.85718,0.0,85.74025,NORMAL,2,0,0,0.0299,0.02762,0.33353,1.11738,6.32976
47.9,PI,task3,TO_PICKUP_T2,SLAM_PATH,T2,WS2,-1.19887,-2.14969,2.12,-1.1,5.32214,0.78171,0.0,85.6668,NORMAL,2,0,0,0.0214,0.0249,0.36276,0.963,6.39758
48.05,PI,task3,TO_PICKUP_T2,SLAM_PATH,T2,WS2,-1.14701,-2.14191,2.12,-1.1,5.29185,0.73538,0.0,85.58962,NORMAL,2,0,0,0.02271,0.0244,0.36288,0.82423,6.44313
48.2,PI,task3,TO_PICKUP_T2,SLAM_PATH,T2,WS2,-1.09746,-2.12758,2.12,-1.1,5.2565,0.70592,0.0,85.51449,NORMAL,2,0,0,0.03064,0.02231,0.36261,0.69812,6.48885
48.35,PI,task3,TO_PICKUP_T2,SLAM_PATH,T2,WS2,-1.04987,-2.10738,2.12,-1.1,5.2167,0.6749,0.0,85.43972,NORMAL,2,0,0,0.02023,0.02152,0.35227,0.59828,6.52415
48.5,PI,task3,TO_PICKUP_T2,SLAM_PATH,T2,WS2,-1.00685,-2.08398,2.12,-1.1,5.17534,0.64372,0.0,85.36835,NORMAL,2,0,0,0.01218,0.02035,0.32771,0.53131,6.56545
48.65,PI,task3,TO_PICKUP_T2,AVOIDING,T2,WS2,-0.96896,-2.05918,2.12,-1.1,5.135,0.6138,0.0001,85.30201,NORMAL,2,0,0,0.01588,0.01938,0.30388,0.47634,6.60302
48.8,PI,task3,TO_PICKUP_T2,AVOIDING,T2,WS2,-0.93281,-2.03107,2.12,-1.1,5.0949,0.58445,0.00329,85.23799,NORMAL,2,0,0,0.02308,0.01861,0.32942,0.24929,6.70044
48.95,PI,task3,TO_PICKUP_T2,AVOIDING,T2,WS2,-0.89781,-1.9989,2.12,-1.1,5.04995,0.5517,0.01213,85.17286,NORMAL,2,0,0,0.02067,0.01776,0.30861,0.16812,6.74155
49.1,PI,task3,TO_PICKUP_T2,AVOIDING,T2,WS2,-0.86598,-1.96808,2.12,-1.1,5.00672,0.51971,0.02616,85.11195,NORMAL,2,0,0,0.02194,0.01707,0.28268,0.11792,6.78002
49.25,PI,task3,TO_PICKUP_T2,AVOIDING,T2,WS2,-0.83703,-1.93877,2.12,-1.1,4.96654,0.4897,0.04417,85.05563,NORMAL,2,0,0,0.01462,0.01635,0.26617,0.05644,6.8119
49.4,PI,task3,TO_PICKUP_T2,AVOIDING,T2,WS2,-0.81095,-1.91125,2.12,-1.1,4.92899,0.46141,0.06543,85.00315,NORMAL,2,0,0,0.00889,0.01562,0.24424,-0.02851,6.85507
49.55,PI,task3,TO_PICKUP_T2,AVOIDING,T2,WS2,-0.78751,-1.88606,2.12,-1.1,4.89481,0.43556,0.0885,84.95485,NORMAL,2,0,0,0.01228,0.01493,0.22499,-0.08293,6.88792
49.7,PI,task3,TO_PICKUP_T2,AVOIDING,T2,WS2,-0.76608,-1.86302,2.12,-1.1,4.86351,0.41204,0.1125,84.90958,NORMAL,2,0,0,0.01017,0.01435,0.20598,-0.13475,6.91989
49.85,PI,task3,TO_PICKUP_T2,AVOIDING,T2,WS2,-0.73215,-1.828,2.12,-1.1,4.82591,0.38418,0.14468,84.83684,NORMAL,2,0,0,0.01036,0.01369,0.47621,0.31951,7.30369
50.0,PI,task3,TO_PICKUP_T2,AVOIDING,T2,WS2,-0.68311,-1.7816,2.12,-1.1,4.76594,0.34031,0.20351,84.74185,NORMAL,2,0,0,0.00811,0.01276,0.47995,0.21479,7.33361
50.15,PI,task3,TO_PICKUP_T2,AVOIDING,T2,WS2,-0.63093,-1.73192,2.12,-1.1,4.69832,0.29053,0.28239,84.64755,NORMAL,2,0,0,0.03736,0.01129,0.48,0.1058,7.43897
50.3,PI,task3,TO_PICKUP_T2,AVOIDING,T2,WS2,-0.58015,-1.68072,2.12,-1.1,4.62998,0.23944,0.37676,84.55338,NORMAL,2,0,0,0.06087,0.0109,0.48,-0.03206,7.47344
50.45,PI,task3,TO_PICKUP_T2,AVOIDING,T2,WS2,-0.53031,-1.62948,2.12,-1.1,4.56178,0.19383,0.47248,84.45907,NORMAL,2,0,0,0.06201,0.0102,0.48,-0.24397,7.52641
50.6,PI,task3,TO_PICKUP_T2,AVOIDING,T2,WS2,-0.47899,-1.58006,2.12,-1.1,4.4948,0.18764,0.48631,84.36442,NORMAL,2,0,0,0.04185,0.01158,0.48,0.11124,7.6378
50.75,PI,task3,TO_PICKUP_T2,AVOIDING,T2,WS2,-0.42688,-1.53009,2.12,-1.1,4.42731,0.15519,0.56205,84.27039,NORMAL,2,0,0,0.0624,0.00972,0.48,-0.02364,7.67151
50.9,PI,task3,TO_PICKUP_T2,AVOIDING,T2,WS2,-0.37531,-1.47986,2.12,-1.1,4.35986,0.18533,0.49151,84.17657,NORMAL,2,0,0,0.0853,0.00767,0.48,0.04038,7.68752
51.05,PI,task3,TO_PICKUP_T2,AVOIDING,T2,WS2,-0.32327,-1.42957,2.12,-1.1,4.29244,0.19323,0.36949,84.0824,NORMAL,2,0,0,0.06781,0.00756,0.48,0.14359,7.71332
51.2,PI,task3,TO_PICKUP_T2,AVOIDING,T2,WS2,-0.27189,-1.37842,2.12,-1.1,4.2247,0.15917,0.2764,83.98777,NORMAL,2,0,0,0.06586,0.00757,0.48,0.20573,7.72886
51.35,PI,task3,TO_PICKUP_T2,AVOIDING,T2,WS2,-0.22917,-1.33357,2.12,-1.1,4.16183,0.17227,0.20558,83.90377,NORMAL,2,0,0,0.06071,0.00759,0.38323,0.00719,7.88196
51.5,PI,task3,TO_PICKUP_T2,AVOIDING,T2,WS2,-0.18984,-1.29026,2.12,-1.1,4.10692,0.21592,0.14855,83.82755,NORMAL,2,0,0,0.13098,0.00761,0.39688,0.10008,7.91884
51.65,PI,task3,TO_PICKUP_T2,AVOIDING,T2,WS2,-0.14872,-1.24483,2.12,-1.1,4.0495,0.21586,0.10368,83.74776,NORMAL,2,0,0,0.19622,0.00759,0.41009,0.06837,7.95353
51.8,PI,task3,TO_PICKUP_T2,AVOIDING,T2,WS2,-0.10903,-1.19918,2.12,-1.1,3.99119,0.25279,0.07094,83.66737,NORMAL,2,0,0,0.21286,0.00753,0.39198,0.14541,7.99985
51.95,PI,task3,TO_PICKUP_T2,AVOIDING,T2,WS2,-0.07444,-1.15886,2.12,-1.1,3.93757,0.29047,0.1127,83.59346,NORMAL,2,0,0,0.15379,0.00738,0.32928,0.09358,8.07551
52.1,PI,task3,TO_PICKUP_T2,AVOIDING,T2,WS2,-0.0331,-1.10808,2.12,-1.1,3.88171,0.32811,0.16626,83.51135,NORMAL,2,0,0,0.11641,0.00738,0.47792,0.22614,8.26303
52.25,PI,task3,TO_PICKUP_T2,AVOIDING,T2,WS2,0.01183,-1.05164,2.12,-1.1,3.81255,0.31281,0.24549,83.41662,NORMAL,2,0,0,0.06948,0.00778,0.47997,0.18548,8.27982
52.4,PI,task3,TO_PICKUP_T2,AVOIDING,T2,WS2,0.05468,-0.99369,2.12,-1.1,3.74292,0.26368,0.33028,83.3223,NORMAL,2,0,0,0.03577,0.0076,0.48,0.03387,8.31775
52.55,PI,task3,TO_PICKUP_T2,AVOIDING,T2,WS2,0.09675,-0.93542,2.12,-1.1,3.67289,0.29716,0.27113,83.22841,NORMAL,2,0,0,0.03485,0.00758,0.48,0.20508,8.40174
52.7,PI,task3,TO_PICKUP_T2,AVOIDING,T2,WS2,0.13931,-0.87712,2.12,-1.1,3.60311,0.22668,0.40245,83.13364,NORMAL,2,0,0,0.03504,0.00758,0.48,0.09587,8.43316
52.85,PI,task3,TO_PICKUP_T2,AVOIDING,T2,WS2,0.17994,-0.81765,2.12,-1.1,3.53284,0.18922,0.48275,83.03959,NORMAL,2,0,0,0.01108,0.00754,0.48,-0.09865,8.48179
53.0,PI,task3,TO_PICKUP_T2,AVOIDING,T2,WS2,0.22055,-0.75859,2.12,-1.1,3.4631,0.20814,0.44127,82.94563,NORMAL,2,0,0,0.02134,0.00772,0.48,0.01721,8.51075
53.15,PI,task3,TO_PICKUP_T2,AVOIDING,T2,WS2,0.26204,-0.69951,2.12,-1.1,3.39311,0.22866,0.35355,82.85173,NORMAL,2,0,0,0.03305,0.00774,0.48,0.06001,8.52146
53.3,PI,task3,TO_PICKUP_T2,AVOIDING,T2,WS2,0.30305,-0.64005,2.12,-1.1,3.32306,0.19089,0.27927,82.7576,NORMAL,2,0,0,0.04553,0.0077,0.48,0.10089,8.53167
53.45,PI,task3,TO_PICKUP_T2,AVOIDING,T2,WS2,0.34351,-0.58003,2.12,-1.1,3.25278,0.20536,0.21845,82.66319,NORMAL,2,0,0,0.05945,0.00772,0.48,0.17186,8.54942
53.6,PI,task3,TO_PICKUP_T2,AVOIDING,T2,WS2,0.38272,-0.51943,2.12,-1.1,3.18229,0.24569,0.06561,82.56841,NORMAL,2,0,0,0.08733,0.00785,0.48,0.37287,8.59967
53.75,PI,task3,TO_PICKUP_T2,AVOIDING,T2,WS2,0.41907,-0.45875,2.12,-1.1,3.11271,0.26576,0.05876,82.47268,NORMAL,2,0,0,0.06066,0.00879,0.48,0.31653,8.62058
53.9,PI,task3,TO_PICKUP_T2,AVOIDING,T2,WS2,0.45203,-0.39578,2.12,-1.1,3.04265,0.30376,0.04683,82.37737,NORMAL,2,0,0,0.06582,0.01003,0.48,0.27838,8.63012
54.05,PI,task3,TO_PICKUP_T2,AVOIDING,T2,WS2,0.48241,-0.33113,2.12,-1.1,2.97199,0.33915,0.03693,82.28221,NORMAL,2,0,0,0.05147,0.00789,0.48,0.23186,8.64174
54.2,PI,task3,TO_PICKUP_T2,AVOIDING,T2,WS2,0.51038,-0.26491,2.12,-1.1,2.90016,0.37239,0.02871,82.18729,NORMAL,2,0,0,0.04531,0.00744,0.48,0.20549,8.64834
54.35,PI,task3,TO_PICKUP_T2,AVOIDING,T2,WS2,0.53615,-0.19798,2.12,-1.1,2.82847,0.4034,0.02197,82.0924,NORMAL,2,0,0,0.02994,0.00785,0.48,0.21643,8.6557
54.5,PI,task3,TO_PICKUP_T2,AVOIDING,T2,WS2,0.55988,-0.13007,2.12,-1.1,2.75681,0.43272,0.01642,81.99759,NORMAL,2,0,0,0.03037,0.0078,0.48,0.16251,8.66918
54.65,PI,task3,TO_PICKUP_T2,AVOIDING,T2,WS2,0.58194,-0.06104,2.12,-1.1,2.68441,0.46033,0.02298,81.90298,NORMAL,2,0,0,0.01945,0.00736,0.48,0.15719,8.67487
54.8,PI,task3,TO_PICKUP_T2,AVOIDING,T2,WS2,0.60229,0.00843,2.12,-1.1,2.61204,0.45597,0.06999,81.80844,NORMAL,2,0,0,0.01289,0.00735,0.48,0.10678,8.68748
54.95,PI,task3,TO_PICKUP_T2,AVOIDING,T2,WS2,0.62119,0.07827,2.12,-1.1,2.53982,0.38574,0.14277,81.71408,NORMAL,2,0,0,0.04066,0.00718,0.48,0.09997,8.69794
55.1,PI,task3,TO_PICKUP_T2,AVOIDING,T2,WS2,0.63875,0.14827,2.12,-1.1,2.46787,0.31549,0.24123,81.61992,NORMAL,2,0,0,0.0678,0.00714,0.48,0.03045,8.71531
55.25,PI,task3,TO_PICKUP_T2,AVOIDING,T2,WS2,0.65546,0.21817,2.12,-1.1,2.3963,0.24554,0.36478,81.52604,NORMAL,2,0,0,0.07752,0.00709,0.48,-0.08617,8.74447
55.4,PI,task3,TO_PICKUP_T2,AVOIDING,T2,WS2,0.67228,0.28759,2.12,-1.1,2.3252,0.17644,0.51182,81.43158,NORMAL,2,0,0,0.08721,0.00703,0.48,-0.23766,8.78234
55.55,PI,task3,TO_PICKUP_T2,AVOIDING,T2,WS2,0.69007,0.35384,2.12,-1.1,2.2544,0.10888,0.67962,81.33631,NORMAL,2,0,0,0.10209,0.0071,0.0886,-0.78519,9.31063
55.7,PI,task3,TO_PICKUP_T2,AVOIDING,T2,WS2,0.70136,0.3902,2.12,-1.1,2.2036,0.06037,0.81475,81.32041,NORMAL,2,0,0,0.05413,0.00732,-0.03329,-0.92208,9.46674
55.85,PI,task3,TO_PICKUP_T2,AVOIDING,T2,WS2,0.70001,0.38845,2.12,-1.1,2.19645,0.05319,0.83578,81.30539,NORMAL,2,0,0,0.18363,0.00725,-0.03498,-0.92397,9.4689
56.0,PI,task3,TO_PICKUP_T2,AVOIDING,T2,WS2,0.6945,0.3858,2.12,-1.1,2.20011,0.05568,0.82845,81.29023,NORMAL,2,0,0,0.19731,0.00726,-0.035,-0.924,9.46893
56.15,PI,task3,TO_PICKUP_T2,AVOIDING,T2,WS2,0.68672,0.38389,2.12,-1.1,2.20482,0.0604,0.81465,81.27506,NORMAL,2,0,0,0.27548,0.00752,-0.035,-0.924,9.46893
56.3,PI,task3,TO_PICKUP_T2,AVOIDING,T2,WS2,0.67897,0.38292,2.12,-1.1,2.20881,0.06722,0.79491,81.2599,NORMAL,2,0,0,0.25205,0.007,-0.035,-0.924,9.46893
56.45,PI,task3,TO_PICKUP_T2,AVOIDING,T2,WS2,0.67132,0.38307,2.12,-1.1,2.21171,0.06961,0.78805,81.24474,NORMAL,2,0,0,0.23348,0.007,-0.035,-0.924,9.46893
56.6,PI,task3,TO_PICKUP_T2,AVOIDING,T2,WS2,0.66378,0.38421,2.12,-1.1,2.21363,0.07361,0.77664,81.22957,NORMAL,2,0,0,0.1365,0.0077,-0.035,-0.924,9.46893
56.75,PI,task3,TO_PICKUP_T2,AVOIDING,T2,WS2,0.65647,0.38625,2.12,-1.1,2.21466,0.0796,0.75972,81.21441,NORMAL,2,0,0,0.08349,0.00772,-0.035,-0.924,9.46893
56.9,PI,task3,TO_PICKUP_T2,AVOIDING,T2,WS2,0.6475,0.38892,2.12,-1.1,2.21528,0.09515,0.71661,81.19925,NORMAL,2,0,0,0.09456,0.00741,-0.035,-0.924,9.46893
57.05,PI,task3,TO_PICKUP_T2,AVOIDING,T2,WS2,0.64062,0.39273,2.12,-1.1,2.21503,0.09832,0.70798,81.18408,NORMAL,2,0,0,0.11429,0.00769,-0.035,-0.924,9.46893
57.2,PI,task3,TO_PICKUP_T2,AVOIDING,T2,WS2,0.63458,0.39737,2.12,-1.1,2.21325,0.10354,0.69388,81.16892,NORMAL,2,0,0,0.15576,0.00725,-0.035,-0.924,9.46893
57.35,PI,task3,TO_PICKUP_T2,AVOIDING,T2,WS2,0.62915,0.40271,2.12,-1.1,2.2106,0.11031,0.67582,81.15375,NORMAL,2,0,0,0.23574,0.00713,-0.035,-0.924,9.46893
57.5,PI,task3,TO_PICKUP_T2,AVOIDING,T2,WS2,0.62441,0.40868,2.12,-1.1,2.20711,0.09322,0.65423,81.13859,NORMAL,2,0,0,0.30542,0.00722,-0.035,-0.924,9.46893
57.65,PI,task3,TO_PICKUP_T2,AVOIDING,T2,WS2,0.62653,0.41193,2.12,-1.1,2.20271,0.07875,0.13718,81.10328,NORMAL,2,0,0,0.28602,0.00712,0.07809,1.26394,10.54419
57.8,PI,task3,TO_PICKUP_T2,AVOIDING,T2,WS2,0.63083,0.40954,2.12,-1.1,2.20179,0.07845,0.13733,81.07944,NORMAL,2,0,0,0.21093,0.00715,0.06556,1.31923,10.57055
57.95,PI,task3,TO_PICKUP_T2,AVOIDING,T2,WS2,0.63434,0.40365,2.12,-1.1,2.20546,0.09219,0.6443,81.05648,NORMAL,2,0,0,0.17956,0.00693,0.05247,0.97901,10.66913
58.1,PI,task3,TO_PICKUP_T2,AVOIDING,T2,WS2,0.63961,0.4012,2.12,-1.1,2.20745,0.10624,0.66545,81.04274,NORMAL,2,0,0,0.18103,0.00723,-0.03379,-0.89769,11.22457
58.25,PI,task3,TO_PICKUP_T2,AVOIDING,T2,WS2,0.64808,0.40041,2.12,-1.1,2.20565,0.10847,0.66523,81.02774,NORMAL,2,0,0,0.22524,0.00722,-0.03498,-0.92364,11.23224
58.4,PI,task3,TO_PICKUP_T2,AVOIDING,T2,WS2,0.65633,0.40159,2.12,-1.1,2.20244,0.10334,0.65011,81.01258,NORMAL,2,0,0,0.27756,0.00722,0.284,0.44184,11.8928
58.55,PI,task3,TO_PICKUP_T2,AVOIDING,T2,WS2,0.6785,0.40277,2.12,-1.1,2.19393,0.09559,0.12877,80.94947,NORMAL,2,0,0,0.2056,0.00709,0.08684,1.30786,12.60439
58.7,PI,task3,TO_PICKUP_T2,AVOIDING,T2,WS2,0.69503,0.40119,2.12,-1.1,2.18797,0.09568,0.12873,80.92479,NORMAL,2,0,0,0.15557,0.00746,0.06596,1.31983,12.62826
58.85,PI,task3,TO_PICKUP_T2,AVOIDING,T2,WS2,0.70808,0.39671,2.12,-1.1,2.18631,0.10583,0.12379,80.90176,NORMAL,2,0,0,0.12829,0.00746,0.06582,1.32,12.62855
59.0,PI,task3,TO_PICKUP_T2,AVOIDING,T2,WS2,0.72232,0.38887,2.12,-1.1,2.1888,0.13053,0.11219,80.85906,NORMAL,2,0,0,0.11747,0.00701,0.45615,1.32,13.01888
59.15,PI,task3,TO_PICKUP_T2,AVOIDING,T2,WS2,0.73899,0.3846,2.12,-1.1,2.18826,0.11229,0.67057,80.78641,NORMAL,2,0,0,0.14037,0.0074,-0.00567,-0.79475,14.04563
59.3,PI,task3,TO_PICKUP_T2,AVOIDING,T2,WS2,0.74934,0.38576,2.12,-1.1,2.18503,0.10422,0.69208,80.77392,NORMAL,2,0,0,0.20692,0.00722,-0.03459,-0.92221,14.10643
59.45,PI,task3,TO_PICKUP_T2,AVOIDING,T2,WS2,0.75426,0.38957,2.12,-1.1,2.17948,0.10456,0.69116,80.75879,NORMAL,2,0,0,0.22343,0.00729,-0.03499,-0.92398,14.10727
59.6,PI,task3,TO_PICKUP_T2,AVOIDING,T2,WS2,0.75054,0.39317,2.12,-1.1,2.17704,0.16018,0.09901,80.74363,NORMAL,2,0,0,0.26121,0.00733,0.3564,0.61196,14.88267
59.75,PI,task3,TO_PICKUP_T2,AVOIDING,T2,WS2,0.76584,0.40185,2.12,-1.1,2.1674,0.13721,0.10914,80.65482,NORMAL,2,0,0,0.15507,0.00745,0.47829,1.29866,15.17623
59.9,PI,task3,TO_PICKUP_T2,AVOIDING,T2,WS2,0.78545,0.40897,2.12,-1.1,2.15391,0.11538,0.11924,80.55433,NORMAL,2,0,0,0.12456,0.0078,0.47998,1.3197,15.18318
60.05,PI,task3,TO_PICKUP_T2,AVOIDING,T2,WS2,0.81107,0.41283,2.12,-1.1,2.14164,0.1003,0.12647,80.45365,NORMAL,2,0,0,0.06871,0.00835,0.45089,1.32,15.21238
60.2,PI,task3,TO_PICKUP_T2,AVOIDING,T2,WS2,0.83859,0.4123,2.12,-1.1,2.13241,0.09763,0.12777,80.39942,NORMAL,2,0,0,0.11896,0.00881,0.07103,1.32,15.59225
60.35,PI,task3,TO_PICKUP_T2,AVOIDING,T2,WS2,0.86197,0.40863,2.12,-1.1,2.12818,0.11046,0.12158,80.37598,NORMAL,2,0,0,0.18021,0.00879,0.3559,1.32,15.88697
60.5,PI,task3,TO_PICKUP_T2,AVOIDING,T2,WS2,0.89797,0.40812,2.12,-1.1,2.12218,0.13417,0.11052,80.28536,NORMAL,2,0,0,0.23952,0.00905,0.47828,1.32,16.00935
60.65,PI,task3,TO_PICKUP_T2,AVOIDING,T2,WS2,0.95189,0.42178,2.12,-1.1,2.10247,0.16393,0.0974,80.18502,NORMAL,2,0,0,0.10914,0.0087,0.47998,1.15487,16.05232
60.8,PI,task3,TO_PICKUP_T2,AVOIDING,T2,WS2,1.01108,0.45521,2.12,-1.1,2.06164,0.1779,0.24206,80.08571,NORMAL,2,0,0,0.0669,0.00878,0.48,0.81371,16.13763
60.95,PI,task3,TO_PICKUP_T2,AVOIDING,T2,WS2,1.06566,0.49912,2.12,-1.1,2.00898,0.18746,0.21432,79.98798,NORMAL,2,0,0,0.1027,0.0085,0.48,0.69008,16.16854
61.1,PI,task3,TO_PICKUP_T2,AVOIDING,T2,WS2,1.11557,0.5482,2.12,-1.1,1.95238,0.20593,0.18687,79.89065,NORMAL,2,0,0,0.0844,0.00874,0.48,0.67725,16.17283
61.25,PI,task3,TO_PICKUP_T2,AVOIDING,T2,WS2,1.16022,0.60207,2.12,-1.1,1.89275,0.23509,0.16516,79.79336,NORMAL,2,0,0,0.07765,0.00961,0.48,0.65963,16.17724
61.4,PI,task3,TO_PICKUP_T2,AVOIDING,T2,WS2,1.19918,0.66033,2.12,-1.1,1.83015,0.2721,0.1469,79.69622,NORMAL,2,0,0,0.08745,0.01019,0.48,0.6025,16.19152
61.55,PI,task3,TO_PICKUP_T2,AVOIDING,T2,WS2,1.23244,0.72225,2.12,-1.1,1.76499,0.30558,0.13012,79.5994,NORMAL,2,0,0,0.11267,0.01094,0.48,0.54283,16.20644
61.7,PI,task3,TO_PICKUP_T2,AVOIDING,T2,WS2,1.26026,0.78699,2.12,-1.1,1.69784,0.33586,0.11486,79.50294,NORMAL,2,0,0,0.12142,0.01134,0.48,0.47336,16.22381
61.85,PI,task3,TO_PICKUP_T2,AVOIDING,T2,WS2,1.28325,0.85381,2.12,-1.1,1.62924,0.36315,0.10137,79.40679,NORMAL,2,0,0,0.13178,0.01192,0.48,0.41096,16.23941
62.0,PI,task3,TO_PICKUP_T2,AVOIDING,T2,WS2,1.30184,0.92194,2.12,-1.1,1.55974,0.38773,0.02526,79.31076,NORMAL,2,0,0,0.07588,0.01242,0.48,0.40954,16.26142
62.15,PI,task3,TO_PICKUP_T2,AVOIDING,T2,WS2,1.31591,0.99156,2.12,-1.1,1.48925,0.40806,0.02103,79.21505,NORMAL,2,0,0,0.05158,0.01361,0.48,0.31203,16.2858
62.3,PI,task3,TO_PICKUP_T2,AVOIDING,T2,WS2,1.32613,1.06197,2.12,-1.1,1.41833,0.42335,0.01811,79.1198,NORMAL,2,0,0,0.0356,0.01416,0.48,0.23974,16.30387
62.45,PI,task3,TO_PICKUP_T2,AVOIDING,T2,WS2,1.33355,1.13289,2.12,-1.1,1.34708,0.43538,0.01596,79.02486,NORMAL,2,0,0,0.0322,0.01462,0.48,0.19926,16.31399
62.6,PI,task3,TO_PICKUP_T2,AVOIDING,T2,WS2,1.33869,1.20441,2.12,-1.1,1.27572,0.45219,0.01319,78.93008,NORMAL,2,0,0,0.0319,0.01522,0.48,0.17598,16.31981
62.75,PI,task3,TO_PICKUP_T2,AVOIDING,T2,WS2,1.34178,1.27686,2.12,-1.1,1.20332,0.51422,0.00524,78.83546,NORMAL,2,0,0,0.02889,0.01698,0.48,0.15926,16.32399
62.9,PI,task3,TO_PICKUP_T2,AVOIDING,T2,WS2,1.34308,1.34925,2.12,-1.1,1.13111,0.52541,0.00419,78.74096,NORMAL,2,0,0,0.02026,0.01826,0.48,0.12095,16.33357
63.05,PI,task3,TO_PICKUP_T2,AVOIDING,T2,WS2,1.34289,1.42153,2.12,-1.1,1.05917,0.53506,0.00338,78.64664,NORMAL,2,0,0,0.0217,0.01892,0.48,0.08131,16.34347
63.2,PI,task3,TO_PICKUP_T2,AVOIDING,T2,WS2,1.34161,1.49369,2.12,-1.1,0.98754,0.57173,0.00109,78.55256,NORMAL,2,0,0,0.05192,0.01938,0.48,0.05167,16.35219
63.35,PI,task3,TO_PICKUP_T2,AVOIDING,T2,WS2,1.33974,1.56578,2.12,-1.1,0.91619,0.61372,2e-05,78.45858,NORMAL,2,0,0,0.03362,0.02196,0.48,0.02914,16.3586
63.5,PI,task3,TO_PICKUP_T2,ROUTE,T2,WS2,1.33742,1.63778,2.12,-1.1,0.84515,0.66022,0.0,78.36471,NORMAL,2,0,0,0.01765,0.02197,0.48,0.00543,16.36453
63.65,PI,task3,TO_PICKUP_T2,ROUTE,T2,WS2,1.33499,1.70793,2.12,-1.1,0.77503,0.71012,0.0,78.27178,NORMAL,2,0,0,0.01437,0.02335,0.45535,-0.01501,16.39431
63.8,PI,task3,TO_PICKUP_T2,ROUTE,T2,WS2,1.33283,1.77319,2.12,-1.1,0.70956,0.75999,0.0,78.18445,NORMAL,2,0,0,0.01737,0.02504,0.42503,-0.03427,16.42945
63.95,PI,task3,TO_PICKUP_T2,ROUTE,T2,WS2,1.33101,1.83326,2.12,-1.1,0.64921,0.80697,0.0,78.10323,NORMAL,2,0,0,0.01616,0.02591,0.39063,-0.07455,16.47392
64.05,PI,task3,TO_PICKUP_T2,ROUTE,T2,WS2,1.33005,1.87047,2.12,-1.1,0.6119,0.83604,0.0,78.05246,NORMAL,2,0,0,0.01827,0.02719,0.36908,-0.07652,16.49695
64.2,PI,task3,TO_PICKUP_T2,ROUTE,T2,WS2,1.32914,1.92187,2.12,-1.1,0.56018,0.87788,0.0,77.98138,NORMAL,2,0,0,0.00667,0.03371,0.33016,-0.09398,16.54098
64.35,PI,task3,TO_PICKUP_T2,ROUTE,T2,WS2,1.32878,1.96846,2.12,-1.1,0.51376,0.91679,0.0,77.91682,NORMAL,2,0,0,0.00399,0.0391,0.30323,-0.10794,16.57575
64.5,PI,task3,PICKUP_T2,MANIPULATING,T2,WS2,1.32917,1.99387,2.12,-1.1,-1.0,-1.0,0.0,77.89393,NORMAL,2,0,0,0.01114,0.04208,0.0,0.0,16.90596
64.65,PI,task3,PICKUP_T2,MANIPULATING,T2,WS2,1.32918,1.99423,2.12,-1.1,-1.0,-1.0,0.0,77.89018,NORMAL,2,0,0,0.00529,0.04309,0.0,0.0,16.90596
64.8,PI,task3,PICKUP_T2,MANIPULATING,T2,WS2,1.32917,1.9942,2.12,-1.1,-1.0,-1.0,0.0,77.88643,NORMAL,2,0,0,0.00695,0.04367,0.0,0.0,16.90596
64.95,PI,task3,PICKUP_T2,MANIPULATING,T2,WS2,1.32917,1.99416,2.12,-1.1,-1.0,-1.0,0.0,77.88268,NORMAL,2,0,0,0.00704,0.04405,0.0,0.0,16.90596
65.1,PI,task3,PICKUP_T2,MANIPULATING,T2,WS2,1.32918,1.99412,2.12,-1.1,-1.0,-1.0,0.0,77.87893,NORMAL,2,0,0,0.00519,0.04428,0.0,0.0,16.90596
65.25,PI,task3,PICKUP_T2,MANIPULATING,T2,WS2,1.32918,1.99408,2.12,-1.1,-1.0,-1.0,0.0,77.87518,NORMAL,2,0,0,0.00559,0.04444,0.0,0.0,16.90596
65.4,PI,task3,TO_WS2_DELIVER_T2,ROUTE,T2,WS2,1.32888,1.99397,2.12,-1.1,3.19309,0.95049,0.0,77.86967,NORMAL,2,0,0,0.01161,0.04453,0.0,-1.24397,17.21696
65.55,PI,task3,TO_WS2_DELIVER_T2,ROUTE,T2,WS2,1.32652,1.99622,2.12,-1.1,3.19432,0.94935,0.0,77.85917,NORMAL,2,0,0,0.00224,0.04467,0.0,-1.31895,17.2357
65.7,PI,task3,TO_WS2_DELIVER_T2,ROUTE,T2,WS2,1.32005,1.99916,2.12,-1.1,3.19923,0.94755,0.0,77.84849,NORMAL,2,0,0,0.00689,0.04477,0.0,-1.31999,17.23596
65.85,PI,task3,TO_WS2_DELIVER_T2,ROUTE,T2,WS2,1.31287,2.00118,2.12,-1.1,3.20268,0.94269,0.0,77.83781,NORMAL,2,0,0,0.00714,0.04473,0.0,-1.32,17.23596
66.0,PI,task3,TO_WS2_DELIVER_T2,ROUTE,T2,WS2,1.30629,2.00529,2.12,-1.1,3.2079,0.94254,0.0,77.82713,NORMAL,2,0,0,0.00551,0.04472,0.0,-1.32,17.23596
66.15,PI,task3,TO_WS2_DELIVER_T2,ROUTE,T2,WS2,1.30051,2.01054,2.12,-1.1,3.21418,0.94643,0.0,77.81645,NORMAL,2,0,0,0.01433,0.04471,0.0,-1.32,17.23596
66.3,PI,task3,TO_WS2_DELIVER_T2,ROUTE,T2,WS2,1.29571,2.0167,2.12,-1.1,3.22127,0.9522,0.0,77.80577,NORMAL,2,0,0,0.01601,0.04471,0.0,-1.32,17.23596
66.45,PI,task3,TO_WS2_DELIVER_T2,ROUTE,T2,WS2,1.29207,2.02358,2.12,-1.1,3.22881,0.96358,0.0,77.79509,NORMAL,2,0,0,0.01838,0.04471,0.0,-1.32,17.23596
66.6,PI,task3,TO_WS2_DELIVER_T2,ROUTE,T2,WS2,1.29073,2.03123,2.12,-1.1,3.23663,0.9742,0.0,77.78441,NORMAL,2,0,0,0.01301,0.0447,0.02826,-1.32,17.26422
66.75,PI,task3,TO_WS2_DELIVER_T2,ROUTE,T2,WS2,1.29897,2.03998,2.12,-1.1,3.24369,0.99487,0.0,77.76399,NORMAL,2,0,0,0.00499,0.04489,0.06942,-1.32,17.30539
66.9,PI,task3,TO_WS2_DELIVER_T2,ROUTE,T2,WS2,1.30997,2.04729,2.12,-1.1,3.24883,-1.0,0.0,77.74023,NORMAL,2,0,0,0.00353,0.04501,0.06999,-1.32,17.30596
67.05,PI,task3,TO_WS2_DELIVER_T2,ROUTE,T2,WS2,1.3332,2.04995,2.12,-1.1,3.2497,0.98995,0.0,77.6728,NORMAL,2,0,0,0.00874,0.04517,0.47433,-1.32,17.7103
67.2,PI,task3,TO_WS2_DELIVER_T2,ROUTE,T2,WS2,1.38359,2.03675,2.12,-1.1,3.23414,0.95188,0.0,77.57258,NORMAL,2,0,0,0.01442,0.04543,0.47992,-1.32,17.71589
67.35,PI,task3,TO_WS2_DELIVER_T2,ROUTE,T2,WS2,1.44399,2.00349,2.12,-1.1,3.1927,0.89744,0.0,77.47192,NORMAL,2,0,0,0.01929,0.04543,0.48,-1.24689,17.73424
67.5,PI,task3,TO_WS2_DELIVER_T2,ROUTE,T2,WS2,1.49761,1.96069,2.12,-1.1,3.14202,0.8703,0.0,77.37202,NORMAL,2,0,0,0.01973,0.04509,0.48,-1.03083,17.78826
67.65,PI,task3,TO_WS2_DELIVER_T2,ROUTE,T2,WS2,1.54309,1.90871,2.12,-1.1,3.0845,0.87017,0.0,77.27319,NORMAL,2,0,0,0.02538,0.04462,0.48,-0.83564,17.83705
67.8,PI,task3,TO_WS2_DELIVER_T2,ROUTE,T2,WS2,1.5809,1.8501,2.12,-1.1,3.02119,0.8623,0.0,77.17534,NORMAL,2,0,0,0.02668,0.04413,0.48,-0.68134,17.87563
67.95,PI,task3,TO_WS2_DELIVER_T2,ROUTE,T2,WS2,1.61212,1.7873,2.12,-1.1,2.95466,0.86983,0.0,77.07823,NORMAL,2,0,0,0.02031,0.04372,0.48,-0.56889,17.90374
68.1,PI,task3,TO_WS2_DELIVER_T2,ROUTE,T2,WS2,1.63748,1.72147,2.12,-1.1,2.88599,0.86287,0.0,76.98172,NORMAL,2,0,0,0.01606,0.0434,0.48,-0.44908,17.93369
68.25,PI,task3,TO_WS2_DELIVER_T2,ROUTE,T2,WS2,1.65786,1.65363,2.12,-1.1,2.81598,0.85791,0.0,76.88578,NORMAL,2,0,0,0.00836,0.04316,0.48,-0.36082,17.95576
68.4,PI,task3,TO_WS2_DELIVER_T2,ROUTE,T2,WS2,1.67421,1.58451,2.12,-1.1,2.74529,0.87242,0.0,76.79028,NORMAL,2,0,0,0.00878,0.04303,0.48,-0.28001,17.97596
68.55,PI,task3,TO_WS2_DELIVER_T2,ROUTE,T2,WS2,1.6873,1.5145,2.12,-1.1,2.67411,0.85546,0.0,76.69513,NORMAL,2,0,0,0.01243,0.04301,0.48,-0.24018,17.98592
68.7,PI,task3,TO_WS2_DELIVER_T2,ROUTE,T2,WS2,1.69767,1.44391,2.12,-1.1,2.60282,0.86464,0.0,76.60025,NORMAL,2,0,0,0.01614,0.04306,0.48,-0.17579,18.00202
68.85,PI,task3,TO_WS2_DELIVER_T2,ROUTE,T2,WS2,1.70588,1.37286,2.12,-1.1,2.53144,0.86719,0.0,76.50562,NORMAL,2,0,0,0.0112,0.04319,0.48,-0.13952,18.01108
69.0,PI,task3,TO_WS2_DELIVER_T2,ROUTE,T2,WS2,1.71239,1.30157,2.12,-1.1,2.46002,0.85914,0.0,76.4112,NORMAL,2,0,0,0.01077,0.04338,0.48,-0.10243,18.02036
69.15,PI,task3,TO_WS2_DELIVER_T2,ROUTE,T2,WS2,1.71763,1.23004,2.12,-1.1,2.38858,0.84795,0.0,76.31694,NORMAL,2,0,0,0.00488,0.04362,0.48,-0.08953,18.02358
69.3,PI,task3,TO_WS2_DELIVER_T2,ROUTE,T2,WS2,1.72185,1.15844,2.12,-1.1,2.31733,0.84158,0.0,76.22275,NORMAL,2,0,0,0.01003,0.04392,0.48,-0.06742,18.02911
69.45,PI,task3,TO_WS2_DELIVER_T2,ROUTE,T2,WS2,1.72522,1.0867,2.12,-1.1,2.24604,0.84047,0.0,76.12869,NORMAL,2,0,0,0.00823,0.04424,0.48,-0.05607,18.0333
69.6,PI,task3,TO_WS2_DELIVER_T2,ROUTE,T2,WS2,1.72796,1.01492,2.12,-1.1,2.17498,0.84253,0.0,76.03468,NORMAL,2,0,0,0.01147,0.04459,0.48,-0.03131,18.03949
69.75,PI,task3,TO_WS2_DELIVER_T2,ROUTE,T2,WS2,1.73021,0.94305,2.12,-1.1,2.10392,0.84239,0.0,75.94079,NORMAL,2,0,0,0.00902,0.04495,0.48,-0.01883,18.04261
69.9,PI,task3,TO_WS2_DELIVER_T2,ROUTE,T2,WS2,1.73221,0.87112,2.12,-1.1,2.03285,0.84066,0.0,75.84695,NORMAL,2,0,0,0.00842,0.04534,0.48,-0.0049,18.04609
70.05,PI,task3,TO_WS2_DELIVER_T2,ROUTE,T2,WS2,1.73404,0.79911,2.12,-1.1,1.9619,0.84242,0.0,75.75316,NORMAL,2,0,0,0.00733,0.04572,0.48,0.01909,18.05209
70.2,PI,task3,TO_WS2_DELIVER_T2,ROUTE,T2,WS2,1.73594,0.72709,2.12,-1.1,1.89097,0.84389,0.0,75.65929,NORMAL,2,0,0,0.01237,0.04613,0.48,0.01996,18.05527
70.35,PI,task3,TO_WS2_DELIVER_T2,ROUTE,T2,WS2,1.73816,0.6551,2.12,-1.1,1.82012,0.84569,0.0,75.56544,NORMAL,2,0,0,0.00781,0.04657,0.48,0.02899,18.0587
70.5,PI,task3,TO_WS2_DELIVER_T2,ROUTE,T2,WS2,1.74055,0.58304,2.12,-1.1,1.74922,0.84751,0.0,75.47151,NORMAL,2,0,0,0.00667,0.04701,0.48,0.0309,18.06203
70.65,PI,task3,TO_WS2_DELIVER_T2,ROUTE,T2,WS2,1.74333,0.51098,2.12,-1.1,1.67835,0.84965,0.0,75.37758,NORMAL,2,0,0,0.00988,0.04746,0.48,0.04474,18.06549
70.8,PI,task3,TO_WS2_DELIVER_T2,ROUTE,T2,WS2,1.74651,0.43892,2.12,-1.1,1.60748,0.85604,0.0,75.2836,NORMAL,2,0,0,0.00841,0.04792,0.48,0.04429,18.06653
70.95,PI,task3,TO_WS2_DELIVER_T2,ROUTE,T2,WS2,1.75017,0.36688,2.12,-1.1,1.53669,0.85828,0.0,75.18959,NORMAL,2,0,0,0.01113,0.04839,0.48,0.05626,18.06952
71.1,PI,task3,TO_WS2_DELIVER_T2,ROUTE,T2,WS2,1.75438,0.29484,2.12,-1.1,1.46591,0.85814,0.0,75.09554,NORMAL,2,0,0,0.00301,0.04887,0.48,0.06101,18.0709
71.25,PI,task3,TO_WS2_DELIVER_T2,ROUTE,T2,WS2,1.75926,0.22283,2.12,-1.1,1.39505,0.85853,0.0,75.00148,NORMAL,2,0,0,0.02594,0.04935,0.48,0.05488,18.07244
71.4,PI,task3,TO_WS2_DELIVER_T2,ROUTE,T2,WS2,1.76477,0.1509,2.12,-1.1,1.32424,0.85869,0.0,74.90745,NORMAL,2,0,0,0.02102,0.04986,0.48,0.05656,18.07497
71.55,PI,task3,TO_WS2_DELIVER_T2,ROUTE,T2,WS2,1.77083,0.07896,2.12,-1.1,1.25351,0.85858,0.0,74.81336,NORMAL,2,0,0,0.02229,0.05035,0.48,0.07491,18.07956
71.7,PI,task3,TO_WS2_DELIVER_T2,ROUTE,T2,WS2,1.77761,0.00703,2.12,-1.1,1.18268,0.85893,0.0,74.71921,NORMAL,2,0,0,0.02149,0.05084,0.48,0.08524,18.08214
71.85,PI,task3,TO_WS2_DELIVER_T2,ROUTE,T2,WS2,1.78528,-0.0648,2.12,-1.1,1.11185,0.85921,0.0,74.62503,NORMAL,2,0,0,0.02264,0.05135,0.48,0.07837,18.08489
72.0,PI,task3,TO_WS2_DELIVER_T2,ROUTE,T2,WS2,1.79381,-0.13653,2.12,-1.1,1.04109,0.85907,0.0,74.53087,NORMAL,2,0,0,0.01648,0.05186,0.48,0.08129,18.0875
72.15,PI,task3,TO_WS2_DELIVER_T2,ROUTE,T2,WS2,1.80319,-0.20818,2.12,-1.1,0.9703,-1.0,0.0,74.43667,NORMAL,2,0,0,0.01219,0.05238,0.48,0.09026,18.08974
72.3,PI,task3,TO_WS2_DELIVER_T2,ROUTE,T2,WS2,1.81349,-0.27973,2.12,-1.1,0.89957,-1.0,0.0,74.34246,NORMAL,2,0,0,0.00719,0.05288,0.48,0.104,18.0955
72.45,PI,task3,DELIVER_T2_WS2,MANIPULATING,T2,WS2,1.82108,-0.33195,2.12,-1.1,-1.0,-1.0,0.0,74.30853,NORMAL,2,0,0,0.01087,0.05266,0.0,0.0,18.6015
72.6,PI,task3,DELIVER_T2_WS2,MANIPULATING,T2,WS2,1.82258,-0.34676,2.12,-1.1,-1.0,-1.0,0.0,74.30478,NORMAL,2,0,0,0.01377,0.05069,0.0,0.0,18.6015
72.75,PI,task3,DELIVER_T2_WS2,MANIPULATING,T2,WS2,1.82246,-0.34673,2.12,-1.1,-1.0,-1.0,0.0,74.30103,NORMAL,2,0,0,0.00347,0.04852,0.0,0.0,18.6015
72.9,PI,task3,DELIVER_T2_WS2,MANIPULATING,T2,WS2,1.82245,-0.34672,2.12,-1.1,-1.0,-1.0,0.0,74.29728,NORMAL,2,0,0,0.01031,0.04713,0.0,0.0,18.6015
73.05,PI,task3,DELIVER_T2_WS2,MANIPULATING,T2,WS2,1.82243,-0.3467,2.12,-1.1,-1.0,-1.0,0.0,74.29353,NORMAL,2,0,0,0.01255,0.04625,0.0,0.0,18.6015
73.2,PI,task3,DELIVER_T2_WS2,MANIPULATING,T2,WS2,1.82242,-0.3467,2.12,-1.1,-1.0,-1.0,0.0,74.28978,NORMAL,2,0,0,0.00516,0.04568,0.0,0.0,18.6015
73.35,PI,task3,WAIT_B1_WORK_T2,WAIT_B1,T2,WS2,1.82242,-0.3467,2.12,-1.1,-1.0,-1.0,0.0,74.28603,NORMAL,3,0,0,0.01281,0.04532,0.0,0.0,18.6015
73.5,PI,task3,WAIT_B1_WORK_T2,WAIT_B1,T2,WS2,1.82242,-0.3467,2.12,-1.1,-1.0,-1.0,0.0,74.28228,NORMAL,3,0,0,0.0113,0.0451,0.0,0.0,18.6015
73.65,PI,task3,WAIT_B1_WORK_T2,WAIT_B1,T2,WS2,1.82241,-0.34669,2.12,-1.1,-1.0,-1.0,0.0,74.27853,NORMAL,3,0,0,0.01035,0.04495,0.0,0.0,18.6015
73.8,PI,task3,WAIT_B1_WORK_T2,WAIT_B1,T2,WS2,1.8224,-0.34668,2.12,-1.1,-1.0,-1.0,0.0,74.27478,NORMAL,3,0,0,0.00789,0.04486,0.0,0.0,18.6015
73.95,PI,task3,WAIT_B1_WORK_T2,WAIT_B1,T2,WS2,1.82239,-0.34663,2.12,-1.1,-1.0,-1.0,0.0,74.27103,NORMAL,3,0,0,0.00579,0.0448,0.0,0.0,18.6015
74.1,PI,task3,WAIT_B1_WORK_T2,WAIT_B1,T2,WS2,1.82238,-0.34664,2.12,-1.1,-1.0,-1.0,0.0,74.26728,NORMAL,3,0,0,0.00997,0.04476,0.0,0.0,18.6015
74.25,PI,task3,WAIT_B1_WORK_T2,WAIT_B1,T2,WS2,1.82235,-0.3466,2.12,-1.1,-1.0,-1.0,0.0,74.26353,NORMAL,3,0,0,0.01058,0.04474,0.0,0.0,18.6015
74.4,PI,task3,WAIT_B1_WORK_T2,WAIT_B1,T2,WS2,1.82234,-0.34657,2.12,-1.1,-1.0,-1.0,0.0,74.25978,NORMAL,3,0,0,0.00806,0.04473,0.0,0.0,18.6015
74.55,PI,task3,WAIT_B1_WORK_T2,WAIT_B1,T2,WS2,1.82233,-0.34655,2.12,-1.1,-1.0,-1.0,0.0,74.25603,NORMAL,3,0,0,0.01703,0.04472,0.0,0.0,18.6015
74.7,PI,task3,WAIT_B1_WORK_T2,WAIT_B1,T2,WS2,1.82231,-0.34652,2.12,-1.1,-1.0,-1.0,0.0,74.25228,NORMAL,3,0,0,0.0164,0.04471,0.0,0.0,18.6015
74.85,PI,task3,WAIT_B1_WORK_T2,WAIT_B1,T2,WS2,1.8223,-0.34651,2.12,-1.1,-1.0,-1.0,0.0,74.24853,NORMAL,3,0,0,0.00801,0.04471,0.0,0.0,18.6015
75.0,PI,task3,WAIT_B1_WORK_T2,WAIT_B1,T2,WS2,1.82228,-0.34644,2.12,-1.1,-1.0,-1.0,0.0,74.24478,NORMAL,3,0,0,0.00501,0.0447,0.0,0.0,18.6015
75.15,PI,task3,WAIT_B1_WORK_T2,WAIT_B1,T2,WS2,1.82227,-0.34641,2.12,-1.1,-1.0,-1.0,0.0,74.24103,NORMAL,3,0,0,0.00503,0.0447,0.0,0.0,18.6015
75.3,PI,task3,WAIT_B1_WORK_T2,WAIT_B1,T2,WS2,1.82225,-0.34638,2.12,-1.1,-1.0,-1.0,0.0,74.23728,NORMAL,3,0,0,0.00335,0.0447,0.0,0.0,18.6015
75.45,PI,task3,WAIT_B1_WORK_T2,WAIT_B1,T2,WS2,1.82223,-0.34634,2.12,-1.1,-1.0,-1.0,0.0,74.23353,NORMAL,3,0,0,0.00711,0.0447,0.0,0.0,18.6015
75.6,PI,task3,WAIT_B1_WORK_T2,WAIT_B1,T2,WS2,1.8222,-0.34629,2.12,-1.1,-1.0,-1.0,0.0,74.22978,NORMAL,3,0,0,0.00564,0.0447,0.0,0.0,18.6015
75.75,PI,task3,WAIT_B1_WORK_T2,WAIT_B1,T2,WS2,1.82219,-0.34625,2.12,-1.1,-1.0,-1.0,0.0,74.22603,NORMAL,3,0,0,0.01091,0.0447,0.0,0.0,18.6015
75.9,PI,task3,WAIT_B1_WORK_T2,WAIT_B1,T2,WS2,1.82217,-0.3462,2.12,-1.1,-1.0,-1.0,0.0,74.22228,NORMAL,3,0,0,0.01842,0.0447,0.0,0.0,18.6015
76.05,PI,task3,WAIT_B1_WORK_T2,WAIT_B1,T2,WS2,1.82215,-0.34617,2.12,-1.1,-1.0,-1.0,0.0,74.21853,NORMAL,3,0,0,0.01705,0.0447,0.0,0.0,18.6015
76.2,PI,task3,WAIT_B1_WORK_T2,WAIT_B1,T2,WS2,1.82214,-0.34615,2.12,-1.1,-1.0,-1.0,0.0,74.21478,NORMAL,3,0,0,0.00752,0.0447,0.0,0.0,18.6015
76.35,PI,task3,WAIT_B1_WORK_T2,WAIT_B1,T2,WS2,1.82213,-0.34612,2.12,-1.1,-1.0,-1.0,0.0,74.21103,NORMAL,3,0,0,0.00832,0.0447,0.0,0.0,18.6015
76.5,PI,task3,WAIT_B1_WORK_T2,WAIT_B1,T2,WS2,1.82211,-0.3461,2.12,-1.1,-1.0,-1.0,0.0,74.20728,NORMAL,3,0,0,0.01485,0.0447,0.0,0.0,18.6015
76.65,PI,task3,WAIT_B1_WORK_T2,WAIT_B1,T2,WS2,1.82209,-0.34608,2.12,-1.1,-1.0,-1.0,0.0,74.20353,NORMAL,3,0,0,0.01555,0.0447,0.0,0.0,18.6015
76.8,PI,task3,WAIT_B1_WORK_T2,WAIT_B1,T2,WS2,1.82208,-0.34604,2.12,-1.1,-1.0,-1.0,0.0,74.19978,NORMAL,3,0,0,0.0033,0.0447,0.0,0.0,18.6015
76.95,PI,task3,WAIT_B1_WORK_T2,WAIT_B1,T2,WS2,1.82205,-0.34597,2.12,-1.1,-1.0,-1.0,0.0,74.19603,NORMAL,3,0,0,0.00918,0.0447,0.0,0.0,18.6015
77.1,PI,task3,WAIT_B1_WORK_T2,WAIT_B1,T2,WS2,1.82203,-0.34592,2.12,-1.1,-1.0,-1.0,0.0,74.19228,NORMAL,3,0,0,0.00942,0.0447,0.0,0.0,18.6015
77.25,PI,task3,WAIT_B1_WORK_T2,WAIT_B1,T2,WS2,1.82201,-0.34586,2.12,-1.1,-1.0,-1.0,0.0,74.18853,NORMAL,3,0,0,0.00889,0.0447,0.0,0.0,18.6015
77.4,PI,task3,WAIT_B1_WORK_T2,WAIT_B1,T2,WS2,1.82198,-0.3458,2.12,-1.1,-1.0,-1.0,0.0,74.18478,NORMAL,3,0,0,0.00163,0.0447,0.0,0.0,18.6015
77.55,PI,task3,WAIT_B1_WORK_T2,WAIT_B1,T2,WS2,1.82197,-0.34576,2.12,-1.1,-1.0,-1.0,0.0,74.18103,NORMAL,3,0,0,0.00539,0.0447,0.0,0.0,18.6015
77.7,PI,task3,WAIT_B1_WORK_T2,WAIT_B1,T2,WS2,1.82195,-0.34573,2.12,-1.1,-1.0,-1.0,0.0,74.17728,NORMAL,3,0,0,0.00261,0.0447,0.0,0.0,18.6015
77.85,PI,task3,WAIT_B1_WORK_T2,WAIT_B1,T2,WS2,1.82193,-0.3457,2.12,-1.1,-1.0,-1.0,0.0,74.17353,NORMAL,3,0,0,0.00389,0.0447,0.0,0.0,18.6015
78.0,PI,task3,WAIT_B1_WORK_T2,WAIT_B1,T2,WS2,1.82191,-0.34567,2.12,-1.1,-1.0,-1.0,0.0,74.16978,NORMAL,3,0,0,0.01376,0.0447,0.0,0.0,18.6015
78.15,PI,task3,WAIT_B1_WORK_T2,WAIT_B1,T2,WS2,1.82189,-0.34562,2.12,-1.1,-1.0,-1.0,0.0,74.16603,NORMAL,3,0,0,0.01297,0.0447,0.0,0.0,18.6015
78.3,PI,task4,PICK_RETURN_T2_WS2,WAIT_B1,T2,WS2,1.82187,-0.34558,2.12,-1.1,-1.0,-1.0,0.0,74.16228,NORMAL,3,0,0,0.00601,0.0447,0.0,0.0,18.6015
78.45,PI,task4,PICK_RETURN_T2_WS2,MANIPULATING,T2,WS2,1.82185,-0.34554,2.12,-1.1,-1.0,-1.0,0.0,74.15853,NORMAL,3,0,0,0.00488,0.0447,0.0,0.0,18.6015
78.6,PI,task4,PICK_RETURN_T2_WS2,MANIPULATING,T2,WS2,1.82183,-0.3455,2.12,-1.1,-1.0,-1.0,0.0,74.15478,NORMAL,3,0,0,0.00576,0.0447,0.0,0.0,18.6015
78.75,PI,task4,PICK_RETURN_T2_WS2,MANIPULATING,T2,WS2,1.82181,-0.34547,2.12,-1.1,-1.0,-1.0,0.0,74.15103,NORMAL,3,0,0,0.00524,0.0447,0.0,0.0,18.6015
78.9,PI,task4,PICK_RETURN_T2_WS2,MANIPULATING,T2,WS2,1.82179,-0.34545,2.12,-1.1,-1.0,-1.0,0.0,74.14728,NORMAL,3,0,0,0.01382,0.0447,0.0,0.0,18.6015
79.05,PI,task4,PICK_RETURN_T2_WS2,MANIPULATING,T2,WS2,1.82178,-0.3454,2.12,-1.1,-1.0,-1.0,0.0,74.14353,NORMAL,3,0,0,0.02298,0.0447,0.0,0.0,18.6015
79.2,PI,task4,TO_RACK_T2_RETURN,MANIPULATING,T2,WS2,1.82175,-0.34535,2.12,-1.1,-1.0,-1.0,0.0,74.13978,NORMAL,3,0,0,0.01675,0.0447,0.0,0.0,18.6015
79.35,PI,task4,TO_RACK_T2_RETURN,ROUTE,T2,WS2,1.82058,-0.34687,2.12,-1.1,2.8189,-1.0,0.0,74.13209,NORMAL,3,0,0,0.0088,0.04472,0.0,1.30175,18.92693
79.5,PI,task4,TO_RACK_T2_RETURN,ROUTE,T2,WS2,1.81734,-0.35315,2.12,-1.1,2.82368,-1.0,0.0,74.12145,NORMAL,3,0,0,0.00735,0.04495,0.0,1.31975,18.93143
79.65,PI,task4,TO_RACK_T2_RETURN,ROUTE,T2,WS2,1.81023,-0.35631,2.12,-1.1,2.82713,-1.0,0.0,74.11077,NORMAL,3,0,0,0.00843,0.04488,0.0,1.32,18.9315
79.8,PI,task4,TO_RACK_T2_RETURN,ROUTE,T2,WS2,1.80383,-0.36067,2.12,-1.1,2.83011,0.85975,0.0,74.10009,NORMAL,3,0,0,0.00777,0.04481,0.0,1.32,18.9315
79.95,PI,task4,TO_RACK_T2_RETURN,ROUTE,T2,WS2,1.79837,-0.36629,2.12,-1.1,2.83466,0.92879,0.0,74.08941,NORMAL,3,0,0,0.00388,0.04477,0.0,1.32,18.9315
80.1,PI,task4,TO_RACK_T2_RETURN,ROUTE,T2,WS2,1.79396,-0.37274,2.12,-1.1,2.84027,-1.0,0.0,74.07873,NORMAL,3,0,0,0.00714,0.04474,0.0,1.32,18.9315
80.25,PI,task4,TO_RACK_T2_RETURN,ROUTE,T2,WS2,1.79075,-0.37986,2.12,-1.1,2.84674,-1.0,0.0,74.06805,NORMAL,3,0,0,0.01884,0.04473,0.0,1.32,18.9315
80.4,PI,task4,TO_RACK_T2_RETURN,ROUTE,T2,WS2,1.78881,-0.38743,2.12,-1.1,2.85387,-1.0,0.0,74.05737,NORMAL,3,0,0,0.00926,0.04472,0.0,1.32,18.9315
80.55,PI,task4,TO_RACK_T2_RETURN,ROUTE,T2,WS2,1.78822,-0.39524,2.12,-1.1,2.86149,-1.0,0.0,74.04669,NORMAL,3,0,0,0.00611,0.04471,0.0,1.32,18.9315
80.7,PI,task4,TO_RACK_T2_RETURN,ROUTE,T2,WS2,1.79044,-0.40283,2.12,-1.1,2.86932,-1.0,0.0,74.03601,NORMAL,3,0,0,0.01701,0.04471,0.0532,1.32,18.9847
80.85,PI,task4,TO_RACK_T2_RETURN,ROUTE,T2,WS2,1.80232,-0.40762,2.12,-1.1,2.87634,-1.0,0.0,74.01357,NORMAL,3,0,0,0.01303,0.04493,0.06977,1.32,19.00126
81.0,PI,task4,TO_RACK_T2_RETURN,ROUTE,T2,WS2,1.81673,-0.40907,2.12,-1.1,2.88092,-1.0,0.0,73.98979,NORMAL,3,0,0,0.00455,0.045,0.3816,1.32,19.31309
81.15,PI,task4,TO_RACK_T2_RETURN,ROUTE,T2,WS2,1.84676,-0.39707,2.12,-1.1,2.87793,-1.0,0.0,73.89709,NORMAL,3,0,0,0.00535,0.04504,0.47864,1.32,19.41014
81.3,PI,task4,TO_RACK_T2_RETURN,ROUTE,T2,WS2,1.89468,-0.357,2.12,-1.1,2.85402,-1.0,0.0,73.79652,NORMAL,3,0,0,0.01714,0.04467,0.47998,1.32,19.41148
81.45,PI,task4,TO_RACK_T2_RETURN,ROUTE,T2,WS2,1.93704,-0.30309,2.12,-1.1,2.81052,-1.0,0.0,73.69589,NORMAL,3,0,0,0.00865,0.04384,0.48,1.22203,19.43599
81.6,PI,task4,TO_RACK_T2_RETURN,ROUTE,T2,WS2,1.96796,-0.24192,2.12,-1.1,2.75863,-1.0,0.0,73.59612,NORMAL,3,0,0,0.00717,0.04276,0.48,0.99593,19.49251
81.75,PI,task4,TO_RACK_T2_RETURN,ROUTE,T2,WS2,1.9886,-0.17575,2.12,-1.1,2.69942,-1.0,0.0,73.49746,NORMAL,3,0,0,0.00655,0.04165,0.48,0.81982,19.53654
81.9,PI,task4,TO_RACK_T2_RETURN,ROUTE,T2,WS2,2.0003,-0.10697,2.12,-1.1,2.63558,-1.0,0.0,73.3997,NORMAL,3,0,0,0.00672,0.04067,0.48,0.66307,19.57573
82.05,PI,task4,TO_RACK_T2_RETURN,ROUTE,T2,WS2,2.0042,-0.03675,2.12,-1.1,2.56858,-1.0,0.0,73.30272,NORMAL,3,0,0,0.00267,0.03985,0.48,0.52032,19.61142
82.2,PI,task4,TO_RACK_T2_RETURN,ROUTE,T2,WS2,2.00194,0.03381,2.12,-1.1,2.49959,-1.0,0.0,73.2064,NORMAL,3,0,0,0.00817,0.03922,0.48,0.42757,19.63461
82.35,PI,task4,TO_RACK_T2_RETURN,ROUTE,T2,WS2,1.99462,0.10425,2.12,-1.1,2.42956,-1.0,0.0,73.11053,NORMAL,3,0,0,0.01173,0.03882,0.48,0.35848,19.65188
82.5,PI,task4,TO_RACK_T2_RETURN,ROUTE,T2,WS2,1.98311,0.17438,2.12,-1.1,2.3588,-1.0,0.0,73.01503,NORMAL,3,0,0,0.00421,0.03857,0.48,0.28188,19.67103
82.65,PI,task4,TO_RACK_T2_RETURN,ROUTE,T2,WS2,1.96823,0.24407,2.12,-1.1,2.28766,-1.0,0.0,72.91995,NORMAL,3,0,0,0.00573,0.03845,0.48,0.21219,19.68845
82.8,PI,task4,TO_RACK_T2_RETURN,ROUTE,T2,WS2,1.95062,0.31394,2.12,-1.1,2.21598,-1.0,0.0,72.82518,NORMAL,3,0,0,0.0249,0.03844,0.48,0.16264,19.70084
82.95,PI,task4,TO_RACK_T2_RETURN,ROUTE,T2,WS2,1.93108,0.3837,2.12,-1.1,2.14354,-1.0,0.0,72.73063,NORMAL,3,0,0,0.01529,0.03854,0.48,0.13832,19.70692
83.1,PI,task4,TO_RACK_T2_RETURN,ROUTE,T2,WS2,1.91006,0.45285,2.12,-1.1,2.07134,-1.0,0.0,72.63618,NORMAL,3,0,0,0.00219,0.03873,0.48,0.11194,19.71351
83.25,PI,task4,TO_RACK_T2_RETURN,ROUTE,T2,WS2,1.88776,0.52154,2.12,-1.1,1.99939,0.98546,0.0,72.54189,NORMAL,3,0,0,0.00606,0.03897,0.48,0.08812,19.71947
83.4,PI,task4,TO_RACK_T2_RETURN,ROUTE,T2,WS2,1.86446,0.58984,2.12,-1.1,1.92763,0.95939,0.0,72.44769,NORMAL,3,0,0,0.0078,0.03927,0.48,0.06429,19.7264
83.55,PI,task4,TO_RACK_T2_RETURN,ROUTE,T2,WS2,1.84035,0.65779,2.12,-1.1,1.85604,0.93376,0.0,72.35367,NORMAL,3,0,0,0.00548,0.03958,0.48,0.03938,19.73263
83.7,PI,task4,TO_RACK_T2_RETURN,ROUTE,T2,WS2,1.81582,0.72557,2.12,-1.1,1.78462,0.90823,0.0,72.25975,NORMAL,3,0,0,0.00519,0.03992,0.48,0.02582,19.73602
83.85,PI,task4,TO_RACK_T2_RETURN,ROUTE,T2,WS2,1.79102,0.7932,2.12,-1.1,1.71335,0.88288,0.0,72.16592,NORMAL,3,0,0,0.01073,0.04029,0.48,-0.00061,19.74262
84.0,PI,task4,TO_RACK_T2_RETURN,ROUTE,T2,WS2,1.76611,0.86068,2.12,-1.1,1.64232,0.86322,0.0,72.07215,NORMAL,3,0,0,0.00247,0.04068,0.48,-0.00948,19.74484
84.15,PI,task4,TO_RACK_T2_RETURN,ROUTE,T2,WS2,1.74131,0.92816,2.12,-1.1,1.57137,0.83812,0.0,71.97832,NORMAL,3,0,0,0.01885,0.04108,0.48,-0.02578,19.74892
84.3,PI,task4,TO_RACK_T2_RETURN,ROUTE,T2,WS2,1.71671,0.99569,2.12,-1.1,1.50052,0.81313,0.0,71.88438,NORMAL,3,0,0,0.05729,0.02218,0.48,-0.07946,19.76234
84.45,PI,task4,TO_RACK_T2_RETURN,ROUTE,T2,WS2,1.69252,1.0633,2.12,-1.1,1.42979,0.79207,0.0,71.79032,NORMAL,3,0,0,0.03356,0.02506,0.48,-0.04365,19.77202
84.6,PI,task4,TO_RACK_T2_RETURN,ROUTE,T2,WS2,1.66901,1.13116,2.12,-1.1,1.35899,0.78142,0.0,71.69633,NORMAL,3,0,0,0.02091,0.02455,0.48,-0.05058,19.77375
84.75,PI,task4,TO_RACK_T2_RETURN,ROUTE,T2,WS2,1.64592,1.19918,2.12,-1.1,1.28825,0.77799,0.0,71.60233,NORMAL,3,0,0,0.01794,0.02341,0.48,-0.06029,19.78232
84.9,PI,task4,TO_RACK_T2_RETURN,ROUTE,T2,WS2,1.62332,1.26732,2.12,-1.1,1.21756,0.78201,0.0,71.50829,NORMAL,3,0,0,0.02152,0.0232,0.48,-0.05003,19.78489
85.05,PI,task4,TO_RACK_T2_RETURN,ROUTE,T2,WS2,1.60135,1.3357,2.12,-1.1,1.14691,0.78015,0.0,71.41429,NORMAL,3,0,0,0.01785,0.02309,0.48,-0.03954,19.78751
85.2,PI,task4,TO_RACK_T2_RETURN,ROUTE,T2,WS2,1.57981,1.40426,2.12,-1.1,1.07625,0.77715,0.0,71.32031,NORMAL,3,0,0,0.02682,0.02409,0.48,-0.05292,19.79085
85.35,PI,task4,TO_RACK_T2_RETURN,ROUTE,T2,WS2,1.55872,1.47291,2.12,-1.1,1.00568,0.78122,0.0,71.2263,NORMAL,3,0,0,0.01715,0.02499,0.48,-0.05239,19.7937
85.5,PI,task4,TO_RACK_T2_RETURN,ROUTE,T2,WS2,1.53816,1.54169,2.12,-1.1,0.93525,0.79243,0.0,71.13225,NORMAL,3,0,0,0.02468,0.02558,0.48,-0.06195,19.79773
85.65,PI,task4,TO_RACK_T2_RETURN,ROUTE,T2,WS2,1.51822,1.61063,2.12,-1.1,0.86494,0.86065,0.0,71.03814,NORMAL,3,0,0,0.00916,0.0313,0.48,-0.06838,19.80061
85.8,PI,task4,TO_RACK_T2_RETURN,ROUTE,T2,WS2,1.49913,1.67902,2.12,-1.1,0.79484,0.8667,0.0,70.94412,NORMAL,3,0,0,0.00568,0.03709,0.46666,-0.09622,19.82091
85.95,PI,task4,TO_RACK_T2_RETURN,ROUTE,T2,WS2,1.48217,1.7424,2.12,-1.1,0.72886,0.8642,0.0,70.85505,NORMAL,3,0,0,0.01013,0.04088,0.42711,-0.12173,19.86684
86.1,PI,task4,TO_RACK_T2_RETURN,ROUTE,T2,WS2,1.46736,1.80139,2.12,-1.1,0.66799,0.88451,0.0,70.7723,NORMAL,3,0,0,0.01554,0.04337,0.3966,-0.13339,19.90027
86.25,PI,task4,TO_RACK_T2_RETURN,ROUTE,T2,WS2,1.45475,1.85563,2.12,-1.1,0.61212,0.91093,0.0,70.69585,NORMAL,3,0,0,0.00683,0.045,0.36377,-0.12118,19.93781
86.4,PI,task4,TO_RACK_T2_RETURN,ROUTE,T2,WS2,1.44421,1.90567,2.12,-1.1,0.56082,0.92178,0.0,70.62531,NORMAL,3,0,0,0.01343,0.04606,0.3321,-0.07564,19.98086
86.55,PI,task4,TO_RACK_T2_RETURN,ROUTE,T2,WS2,1.43506,1.95209,2.12,-1.1,0.51353,0.93124,0.0,70.56024,NORMAL,3,0,0,0.00904,0.04675,0.30733,-0.10252,20.01275
86.7,PI,task4,RETURN_T2_RACK,MANIPULATING,T2,WS2,1.43002,1.97766,2.12,-1.1,-1.0,-1.0,0.0,70.5371,NORMAL,3,0,0,0.00569,0.04682,0.0,0.0,20.34571
86.85,PI,task4,RETURN_T2_RACK,MANIPULATING,T2,WS2,1.42985,1.97811,2.12,-1.1,-1.0,-1.0,0.0,70.53335,NORMAL,3,0,0,0.00515,0.0461,0.0,0.0,20.34571
87.0,PI,task4,RETURN_T2_RACK,MANIPULATING,T2,WS2,1.42987,1.97808,2.12,-1.1,-1.0,-1.0,0.0,70.5296,NORMAL,3,0,0,0.00533,0.04559,0.0,0.0,20.34571
87.15,PI,task4,RETURN_T2_RACK,MANIPULATING,T2,WS2,1.42988,1.97805,2.12,-1.1,-1.0,-1.0,0.0,70.52585,NORMAL,3,0,0,0.01058,0.04527,0.0,0.0,20.34571
87.3,PI,task4,RETURN_T2_RACK,MANIPULATING,T2,WS2,1.42989,1.97802,2.12,-1.1,-1.0,-1.0,0.0,70.5221,NORMAL,3,0,0,0.00683,0.04506,0.0,0.0,20.34571
87.45,PI,task4,RETURN_T2_RACK,MANIPULATING,T2,WS2,1.42991,1.97799,2.12,-1.1,-1.0,-1.0,0.0,70.51835,NORMAL,3,0,0,0.01132,0.04493,0.0,0.0,20.34571
87.6,PI,task4,TO_CHARGE,SLAM_PATH,T2,TRANSIT_TO_WS1,1.43048,1.97774,2.084,-1.1,4.318,0.9392,0.0,70.51285,NORMAL,4,1,0,0.01059,0.04484,0.0,1.24397,20.6567
87.75,PI,task4,TO_CHARGE,SLAM_PATH,T2,TRANSIT_TO_WS1,1.43312,1.97883,2.03,-1.1,4.31882,0.93674,0.0,70.50234,NORMAL,4,1,0,0.00713,0.04475,0.0,1.31895,20.67545
87.9,PI,task4,TO_CHARGE,SLAM_PATH,T2,TRANSIT_TO_WS1,1.43911,1.98192,1.976,-1.1,4.32349,0.93762,0.0,70.49166,NORMAL,4,1,0,0.01323,0.04473,0.0,1.31999,20.67571
88.05,PI,task4,TO_CHARGE,SLAM_PATH,T2,TRANSIT_TO_WS1,1.44653,1.98427,1.922,-1.1,4.32817,0.89591,0.0,70.48098,NORMAL,4,1,0,0.00285,0.04471,0.0,1.32,20.67571
88.2,PI,task4,TO_CHARGE,SLAM_PATH,T2,TRANSIT_TO_WS1,1.45271,1.989,1.868,-1.1,4.33414,0.87847,0.0,70.4703,NORMAL,4,1,0,0.00761,0.0447,0.0,1.32,20.67571
88.35,PI,task4,TO_CHARGE,SLAM_PATH,T2,TRANSIT_TO_WS1,1.45783,1.99496,1.814,-1.1,4.34137,0.86924,0.0,70.45962,NORMAL,4,1,0,0.01651,0.0447,0.0,1.32,20.67571
88.5,PI,task4,TO_CHARGE,SLAM_PATH,T2,TRANSIT_TO_WS1,1.46187,2.0017,1.76,-1.1,4.34903,0.85625,0.0,70.44894,NORMAL,4,1,0,0.01387,0.0447,0.0,1.32,20.67571
88.65,PI,task4,TO_CHARGE,SLAM_PATH,T2,TRANSIT_TO_WS1,1.46467,2.00905,1.706,-1.1,4.3569,0.85313,0.0,70.43826,NORMAL,4,1,0,0.01773,0.0447,0.0,1.32,20.67571
88.8,PI,task4,TO_CHARGE,SLAM_PATH,T2,TRANSIT_TO_WS1,1.46531,2.01689,1.652,-1.1,4.36469,0.87349,0.0,70.42758,NORMAL,4,1,0,0.03191,0.0447,0.02283,1.32,20.69854
88.95,PI,task4,TO_CHARGE,SLAM_PATH,T2,TRANSIT_TO_WS1,1.4565,2.02476,1.598,-1.1,4.37028,0.85366,0.0,70.40796,NORMAL,4,1,0,0.04012,0.04455,0.06908,1.32,20.74479
89.1,PI,task4,TO_CHARGE,SLAM_PATH,T2,TRANSIT_TO_WS1,1.4431,2.03039,1.544,-1.1,4.37242,0.8617,0.0,70.38423,NORMAL,4,1,0,0.03128,0.04435,0.1879,1.32,20.86361
89.25,PI,task4,TO_CHARGE,SLAM_PATH,T2,TRANSIT_TO_WS1,1.41089,2.02756,1.5,-1.06452,4.36507,0.89049,0.0,70.32997,NORMAL,4,1,0,0.03204,0.04369,0.30305,1.32,20.97876
89.4,PI,task4,TO_CHARGE,SLAM_PATH,T2,TRANSIT_TO_WS1,1.36215,2.00779,1.5,-1.01052,4.33592,0.93746,0.0,70.25777,NORMAL,4,1,0,0.03286,0.04255,0.37664,1.32,21.05235
89.55,PI,task4,TO_CHARGE,SLAM_PATH,T2,TRANSIT_TO_WS1,1.31322,1.97659,1.5,-0.95652,4.29327,0.9471,0.0,70.17316,NORMAL,4,1,0,0.03466,0.04143,0.42799,1.27262,21.11554
89.7,PI,task4,TO_CHARGE,SLAM_PATH,T2,TRANSIT_TO_WS1,1.26799,1.9323,1.5,-0.90252,4.24042,0.88583,0.0,70.08059,NORMAL,4,1,0,0.03357,0.04055,0.46062,1.08917,21.19403
89.85,PI,task4,TO_CHARGE,SLAM_PATH,T2,TRANSIT_TO_WS1,1.2299,1.87658,1.5,-0.84852,4.17727,0.82155,0.0,69.98404,NORMAL,4,1,0,0.03847,0.03996,0.46917,0.92788,21.24634
90.0,PI,task4,TO_CHARGE,SLAM_PATH,T2,TRANSIT_TO_WS1,1.20009,1.81515,1.5,-0.79452,4.11016,0.75185,0.0,69.88723,NORMAL,4,1,0,0.02048,0.02479,0.47123,0.80396,21.28516
90.15,PI,task4,TO_CHARGE,SLAM_PATH,T2,TRANSIT_TO_WS1,1.17916,1.7527,1.5,-0.74052,4.04333,0.68849,0.0,69.79319,NORMAL,4,1,0,0.02419,0.02242,0.44826,0.64926,21.34681
90.3,PI,task4,TO_CHARGE,SLAM_PATH,T2,TRANSIT_TO_WS1,1.1656,1.6905,1.5,-0.68652,3.97895,0.62812,0.0,69.70317,NORMAL,4,1,0,0.0188,0.02145,0.42759,0.56565,21.38838
90.45,PI,task4,TO_CHARGE,AVOIDING,T2,TRANSIT_TO_WS1,1.15793,1.63021,1.5,-0.63252,3.91825,0.57263,0.00584,69.61784,NORMAL,4,1,0,0.00834,0.01971,0.4095,0.46165,21.43247
90.6,PI,task4,TO_CHARGE,AVOIDING,T2,TRANSIT_TO_WS1,1.15475,1.57314,1.5,-0.57852,3.8616,0.52601,0.02298,69.53683,NORMAL,4,1,0,0.01647,0.01796,0.38267,0.46275,21.46077
90.75,PI,task4,TO_CHARGE,AVOIDING,T2,TRANSIT_TO_WS1,1.15515,1.52089,1.5,-0.52452,3.8099,0.48466,0.04765,69.46087,NORMAL,4,1,0,0.04459,0.01416,0.33567,0.47643,21.52777
90.9,PI,task4,TO_CHARGE,AVOIDING,T2,TRANSIT_TO_WS1,1.15816,1.47627,1.5,-0.47052,3.76655,0.45297,0.07258,69.39461,NORMAL,4,1,0,0.06426,0.01173,0.29663,0.46874,21.57578
91.05,PI,task4,TO_CHARGE,AVOIDING,T2,TRANSIT_TO_WS1,1.1637,1.43575,1.5,-0.41652,3.72888,0.43191,0.09204,69.33468,NORMAL,4,1,0,0.05773,0.01124,0.27607,0.3794,21.61867
91.2,PI,task4,TO_CHARGE,AVOIDING,T2,TRANSIT_TO_WS1,1.17225,1.39585,1.5,-0.36252,3.69408,0.46033,0.06632,69.27798,NORMAL,4,1,0,0.07418,0.01398,0.27155,0.33618,21.63777
91.35,PI,task4,TO_CHARGE,AVOIDING,T2,TRANSIT_TO_WS1,1.1851,1.34874,1.5,-0.30852,3.65769,0.50656,0.03347,69.21295,NORMAL,4,1,0,0.06187,0.01227,0.41538,-0.08248,21.88627
91.5,PI,task4,TO_CHARGE,AVOIDING,T2,TRANSIT_TO_WS1,1.20278,1.2973,1.5,-0.25452,3.61441,0.39317,0.13385,69.13652,NORMAL,4,1,0,0.09878,0.01006,0.34867,-0.05276,21.96804
91.65,PI,task4,TO_CHARGE,AVOIDING,T2,TRANSIT_TO_WS1,1.21959,1.24907,1.5,-0.20052,3.57539,0.3884,0.13954,69.06773,NORMAL,4,1,0,0.05108,0.00977,0.34153,-0.12404,21.99443
91.8,PI,task4,TO_CHARGE,AVOIDING,T2,TRANSIT_TO_WS1,1.23537,1.20079,1.5,-0.14652,3.53669,0.38801,0.14,68.99921,NORMAL,4,1,0,0.00163,0.00965,0.34365,-0.16845,22.00895
91.95,PI,task4,TO_CHARGE,AVOIDING,T2,TRANSIT_TO_WS1,1.24951,1.15432,1.5,-0.09252,3.49814,0.39148,0.13585,68.93112,NORMAL,4,1,0,0.02289,0.01013,0.31387,-0.22499,22.05287
92.1,PI,task4,TO_CHARGE,AVOIDING,T2,TRANSIT_TO_WS1,1.26143,1.11112,1.5,-0.03852,3.46269,0.3974,0.1289,68.86849,NORMAL,4,1,0,0.01607,0.01004,0.29997,-0.21044,22.07041
92.25,PI,task4,TO_CHARGE,AVOIDING,T2,TRANSIT_TO_WS1,1.27152,1.06989,1.5,0.01548,3.42841,0.40357,0.12185,68.80857,NORMAL,4,1,0,0.01714,0.01008,0.28333,-0.2291,22.09819
92.4,PI,task4,TO_CHARGE,AVOIDING,T2,TRANSIT_TO_WS1,1.27973,1.02981,1.5,0.06948,3.39481,0.39785,0.11651,68.75112,NORMAL,4,1,0,0.01167,0.01029,0.27109,-0.20407,22.12531
92.55,PI,task4,TO_CHARGE,AVOIDING,T2,TRANSIT_TO_WS1,1.28701,0.9889,1.5,0.12348,3.3623,0.39692,0.11284,68.69599,NORMAL,4,1,0,0.00815,0.01134,0.4283,-0.38041,22.3429
92.7,PI,task4,TO_CHARGE,AVOIDING,T2,TRANSIT_TO_WS1,1.29597,0.92329,1.5,0.17748,3.31384,0.3992,0.10899,68.60435,NORMAL,4,1,0,0.02312,0.01204,0.47929,-0.3907,22.4049
92.85,PI,task4,TO_CHARGE,AVOIDING,T2,TRANSIT_TO_WS1,1.30163,0.85266,1.5,0.23148,3.25307,0.4083,0.1084,68.50867,NORMAL,4,1,0,0.04499,0.01242,0.47999,-0.34916,22.41599
93.0,PI,task4,TO_CHARGE,AVOIDING,T2,TRANSIT_TO_WS1,1.30328,0.78167,1.5,0.28548,3.19051,0.4134,0.11104,68.41316,NORMAL,4,1,0,0.07674,0.01266,0.48,-0.30129,22.42797
93.15,PI,task4,TO_CHARGE,AVOIDING,T2,TRANSIT_TO_WS1,1.30149,0.71053,1.5,0.33948,3.12647,0.40859,0.11627,68.31792,NORMAL,4,1,0,0.10243,0.01261,0.48,-0.24851,22.44116
93.3,PI,task4,TO_CHARGE,AVOIDING,T2,TRANSIT_TO_WS1,1.29675,0.63939,1.5,0.39348,3.06132,0.40904,0.11578,68.22295,NORMAL,4,1,0,0.10783,0.01258,0.48,-0.20185,22.45283
93.45,PI,task4,TO_CHARGE,AVOIDING,T2,TRANSIT_TO_WS1,1.28964,0.56838,1.5,0.44748,2.9953,0.41859,0.10553,68.12817,NORMAL,4,1,0,0.11385,0.01277,0.48,-0.18982,22.45584
93.6,PI,task4,TO_CHARGE,AVOIDING,T2,TRANSIT_TO_WS1,1.28055,0.49775,1.5,0.50148,2.92887,0.41471,0.01973,68.0332,NORMAL,4,1,0,0.09674,0.01089,0.48,-0.20167,22.49414
93.75,PI,task4,TO_CHARGE,AVOIDING,T2,TRANSIT_TO_WS1,1.26886,0.42732,1.5,0.55548,2.86167,0.41288,0.02009,67.93845,NORMAL,4,1,0,0.09693,0.01041,0.48,-0.17825,22.5
93.9,PI,task4,TO_CHARGE,AVOIDING,T2,TRANSIT_TO_WS1,1.2552,0.3572,1.5,0.60948,2.79387,0.41969,0.01879,67.84377,NORMAL,4,1,0,0.08242,0.01144,0.48,-0.16781,22.50261
94.05,PI,task4,TO_CHARGE,AVOIDING,T2,TRANSIT_TO_WS1,1.23969,0.28742,1.5,0.66348,2.72565,0.43521,0.01599,67.74917,NORMAL,4,1,0,0.08962,0.01329,0.48,-0.15061,22.50691
94.2,PI,task4,TO_CHARGE,AVOIDING,T2,TRANSIT_TO_WS1,1.22251,0.218,1.5,0.71748,2.65704,0.53497,0.00339,67.65461,NORMAL,4,1,0,0.0673,0.01226,0.48,-0.14723,22.51231
94.35,PI,task4,TO_CHARGE,AVOIDING,T2,TRANSIT_TO_WS1,1.20374,0.149,1.5,0.77148,2.5881,0.52655,0.00409,67.56009,NORMAL,4,1,0,0.06428,0.01502,0.48,-0.14197,22.51431
94.5,PI,task4,TO_CHARGE,AVOIDING,T2,TRANSIT_TO_WS1,1.18345,0.08038,1.5,0.82548,2.51887,0.51766,0.0049,67.46559,NORMAL,4,1,0,0.06852,0.017,0.48,-0.12908,22.51907
94.65,PI,task4,TO_CHARGE,AVOIDING,T2,TRANSIT_TO_WS1,1.16171,0.01217,1.5,0.87948,2.44934,0.55468,0.002,67.37118,NORMAL,4,1,0,0.0633,0.01837,0.48,-0.11852,22.52171
94.8,PI,task4,TO_CHARGE,AVOIDING,T2,TRANSIT_TO_WS1,1.13873,-0.05567,1.5,0.93348,2.37957,0.59647,0.00026,67.2768,NORMAL,4,1,0,0.06179,0.01981,0.48,-0.1121,22.52671
94.95,PI,task4,TO_CHARGE,ROUTE,T2,TRANSIT_TO_WS1,1.11453,-0.1231,1.5,0.98748,2.30959,0.64215,0.0,67.18247,NORMAL,4,1,0,0.05499,0.0214,0.48,-0.10651,22.52811
95.1,PI,task4,TO_CHARGE,ROUTE,T2,TRANSIT_TO_WS1,1.08922,-0.19012,1.5,1.04148,2.23947,0.69098,0.0,67.08817,NORMAL,4,1,0,0.04166,0.02331,0.48,-0.09841,22.53013
95.25,PI,task4,TO_CHARGE,ROUTE,T2,TRANSIT_TO_WS1,1.06283,-0.2568,1.5,1.09548,2.16912,0.7425,0.0,66.99392,NORMAL,4,1,0,0.02959,0.02502,0.48,-0.09241,22.5319
95.4,PI,task4,TO_CHARGE,ROUTE,T2,TRANSIT_TO_WS1,1.03555,-0.32307,1.4591,1.1,2.09869,0.79619,0.0,66.89967,NORMAL,4,1,0,0.01504,0.02689,0.48,-0.10065,22.53658
95.55,PI,task4,TO_CHARGE,ROUTE,T2,TRANSIT_TO_WS1,1.00726,-0.38895,1.4051,1.1,2.02818,0.85166,0.0,66.8054,NORMAL,4,1,0,0.01296,0.02801,0.48,-0.0934,22.5384
95.7,PI,task4,TO_CHARGE,ROUTE,T2,TRANSIT_TO_WS1,0.97802,-0.45443,1.3511,1.1,1.95753,0.85396,0.0,66.71116,NORMAL,4,1,0,0.00653,0.03601,0.48,-0.09296,22.53954
95.85,PI,task4,TO_CHARGE,ROUTE,T2,TRANSIT_TO_WS1,0.94787,-0.51945,1.2971,1.1,1.88678,0.84485,0.0,66.61692,NORMAL,4,1,0,0.01158,0.04125,0.48,-0.0816,22.54318
96.0,PI,task4,TO_CHARGE,ROUTE,T2,TRANSIT_TO_WS1,0.91673,-0.58417,1.2431,1.1,1.81587,0.81481,0.0,66.52281,NORMAL,4,1,0,0.05474,0.01142,0.48,-0.04171,22.55315
96.15,PI,task4,TO_CHARGE,ROUTE,T2,TRANSIT_TO_WS1,0.88496,-0.64871,1.1891,1.1,1.74476,0.78309,0.0,66.4289,NORMAL,4,1,0,0.04951,0.01393,0.48,-0.0241,22.5598
96.3,PI,task4,TO_CHARGE,ROUTE,T2,TRANSIT_TO_WS1,0.85297,-0.7131,1.1351,1.1,1.67361,0.75103,0.0,66.33498,NORMAL,4,1,0,0.0313,0.01624,0.48,-0.04258,22.56442
96.45,PI,task4,TO_CHARGE,ROUTE,T2,TRANSIT_TO_WS1,0.82065,-0.77729,1.0811,1.1,1.6026,0.73629,0.0,66.24103,NORMAL,4,1,0,0.02634,0.01699,0.48,-0.05763,22.57361
96.6,PI,task4,TO_CHARGE,ROUTE,T2,TRANSIT_TO_WS1,0.78799,-0.8412,1.0271,1.1,1.53166,0.72781,0.0,66.14697,NORMAL,4,1,0,0.02171,0.01844,0.48,-0.0683,22.57681
96.75,PI,task4,TO_CHARGE,ROUTE,T2,TRANSIT_TO_WS1,0.7547,-0.90481,0.9731,1.1,1.46066,0.72541,0.0,66.0529,NORMAL,4,1,0,0.02312,0.01937,0.48,-0.05689,22.58058
96.9,PI,task4,TO_CHARGE,ROUTE,T2,TRANSIT_TO_WS1,0.72084,-0.96812,0.9191,1.1,1.38971,0.72929,0.0,65.95884,NORMAL,4,1,0,0.03741,0.01995,0.48,-0.05791,22.58197
97.05,PI,task4,TO_CHARGE,ROUTE,T2,TRANSIT_TO_WS1,0.68645,-1.03113,0.8651,1.1,1.31876,0.72947,0.0,65.86477,NORMAL,4,1,0,0.03374,0.02066,0.48,-0.05393,22.5855
97.2,PI,task4,TO_CHARGE,ROUTE,T2,TRANSIT_TO_WS1,0.6515,-1.09382,0.8111,1.1,1.24773,0.72657,0.0,65.77074,NORMAL,4,1,0,0.00478,0.02204,0.48,-0.05908,22.58741
97.35,PI,task4,TO_CHARGE,ROUTE,T2,TRANSIT_TO_WS1,0.61598,-1.15633,0.7571,1.1,1.17669,0.73007,0.0,65.67666,NORMAL,4,1,0,0.01561,0.02291,0.48,-0.07731,22.59196
97.5,PI,task4,TO_CHARGE,ROUTE,T2,TRANSIT_TO_WS1,0.57988,-1.21845,0.7031,1.1,1.10556,0.74,0.0,65.58249,NORMAL,4,1,0,0.00719,0.02356,0.48,-0.08288,22.59338
97.65,PI,task4,TO_CHARGE,ROUTE,T2,TRANSIT_TO_WS1,0.54306,-1.28001,0.63792,1.1,1.03462,0.75545,0.0,65.48832,NORMAL,4,1,0,0.0072,0.02427,0.48,-0.08566,22.59617
97.8,PI,task4,TO_CHARGE,ROUTE,T2,TRANSIT_TO_WS1,0.50545,-1.34114,0.58392,1.1,0.96359,0.82592,0.0,65.39417,NORMAL,4,1,0,0.01311,0.02502,0.48,-0.06794,22.60249
97.95,PI,task4,TO_CHARGE,ROUTE,T2,TRANSIT_TO_WS1,0.46727,-1.40187,0.52992,1.1,0.89256,0.89958,0.0,65.3,NORMAL,4,1,0,0.00377,0.0311,0.48,-0.09149,22.60838
98.1,PI,task4,TO_CHARGE,ROUTE,T2,TRANSIT_TO_WS1,0.42832,-1.46199,0.47592,1.1,0.8216,0.87799,0.0,65.20582,NORMAL,4,1,0,0.00921,0.03701,0.47914,-0.07272,22.61437
98.25,PI,task4,TO_CHARGE,ROUTE,T2,TRANSIT_TO_WS1,0.39073,-1.51865,0.42192,1.1,0.75241,0.85084,0.0,65.11422,NORMAL,4,1,0,0.02323,0.04088,0.43804,-0.06027,22.65909
98.4,PI,task4,TO_CHARGE,ROUTE,T2,TRANSIT_TO_WS1,0.35535,-1.57088,0.36792,1.1,0.68905,0.8211,0.0,65.03016,NORMAL,4,1,0,0.06163,0.0239,0.42093,0.02355,22.70947
98.55,PI,task4,TO_CHARGE,ROUTE,T2,TRANSIT_TO_WS1,0.3207,-1.62099,0.31392,1.1,0.62756,0.80996,0.0,64.94865,NORMAL,4,1,0,0.06555,0.01989,0.3921,0.04979,22.74915
98.7,PI,task4,CHARGING,ARRIVED_TARGET,T2,TRANSIT_TO_WS1,0.29084,-1.66517,0.25992,1.1,0.5713,0.80423,0.0,64.87386,NORMAL,4,1,0,0.05273,0.02107,0.0,0.0,23.1537
