t,control_mode,slam_algorithm,localization_mode,slam_feature_type,task_id,task_state,motion_mode,planner_mode,active_tool,b1_station,robot_x,robot_y,robot_theta,est_x,est_y,est_theta,pose_error,kalman_covariance,b1_x,b1_y,distance_to_target,min_obstacle,obstacle_risk,battery,battery_mode,completed_task_count,task_complete,charging,slam_feature_count,slam_landmarks,slam_updates,slam_new_landmarks,grid_occupied_cells,grid_free_cells,grid_updates,grid_entropy,scan_match_score,cartographer_submaps,loop_closures,planner_wp_x,planner_wp_y,planner_wp_active,planner_recovery_count,control_v,control_w,control_tv,slam_map,grid_map,phase2_state,phase2_scenario,phase2_compliance,phase2_moved_objects,phase2_motion_model,mapping_evidence_pct,map_revealed_pct,dynamic_obstacle_signal_x,dynamic_obstacle_signal_y,dynamic_obstacle_active,temporary_blocker_active,obstacle_crossings,replan_triggers,frontier_count,unknown_cells,mapped_landmark_count,mapping_update_count,mapped_occupied_cells,grid_mapping_update_count,dynamic_pallet_x,dynamic_pallet_y,dynamic_pallet_theta,temporary_blocker_x,temporary_blocker_y,temporary_blocker_theta
0.05,PID,HECTOR_GRID_MATCHING,HECTOR_SCAN_MATCHING_GRID,landmarks,task1,TO_PICKUP_T1,ROUTE,DIRECT,T1,WS1,-0.09996,-2.05777,1.60561,-0.096,-2.054,1.607,0.00689,0.0361,-2.12,1.1,1.46328,-1.0,0.0,96.0,NORMAL,0,0,0,0,0,0,0,0,0,0,0.0,0.0,0,0,-1.46,-1.52,0,0,0.374,0.8976,0.5984,,,RUNNING,UNKNOWN_MAP_SLAM_AVOIDANCE,unknown_map;frontier_targets;static_unknown_obstacles;dynamic_wandering_robot;costmap;slam_path_planning;obstacle_avoidance,P2_Wanderer,dynamic_wandering_robot,6.0,6.0,0.95,0.65,1,0,0,0,6,32,0,0,0,0,0.95,0.65,-1.98567,0.95,0.65,-1.98567
0.15,PID,HECTOR_GRID_MATCHING,HECTOR_SCAN_MATCHING_GRID,landmarks,task1,TO_PICKUP_T1,ROUTE,DIRECT,T1,WS1,-0.09949,-2.04766,1.62029,-0.103,-2.048,1.623,0.00544,0.03834,-2.12,1.1,1.46088,0.71503,0.0,95.95381,NORMAL,0,0,0,0,2,4,2,2,4,4,0.60295,0.0,0,0,-1.46,-1.52,0,0,0.23562,1.27675,0.83156,,,RUNNING,UNKNOWN_MAP_SLAM_AVOIDANCE,unknown_map;frontier_targets;static_unknown_obstacles;dynamic_wandering_robot;costmap;slam_path_planning;obstacle_avoidance,P2_Wanderer,dynamic_wandering_robot,11.45594,11.45594,0.94194,0.6317,1,0,0,0,6,32,2,4,2,4,0.94194,0.6317,-1.98567,0.94194,0.6317,-1.98567
0.3,PID,HECTOR_GRID_MATCHING,HECTOR_SCAN_MATCHING_GRID,landmarks,task1,TO_PICKUP_T1,ROUTE,DIRECT,T1,WS1,-0.09744,-2.02811,1.69825,-0.105,-2.04,1.691,0.00838,0.04066,-2.12,1.1,1.45647,0.70057,0.0,95.89913,NORMAL,0,0,0,0,2,9,2,2,7,9,0.43248,0.0,0,0,-1.46,-1.52,0,0,0.24641,1.31858,0.85652,"O1:-0.53,-1.25,s4;O2:-0.71,-1.25,s4","O1:-0.53,-1.25,s4;O2:-0.71,-1.25,s4",RUNNING,UNKNOWN_MAP_SLAM_AVOIDANCE,unknown_map;frontier_targets;static_unknown_obstacles;dynamic_wandering_robot;costmap;slam_path_planning;obstacle_avoidance,P2_Wanderer,dynamic_wandering_robot,11.52569,11.52569,0.92985,0.60424,1,0,0,0,6,32,2,9,2,9,0.92985,0.60424,-1.98567,0.92985,0.60424,-1.98567
0.45,PID,HECTOR_GRID_MATCHING,HECTOR_SCAN_MATCHING_GRID,landmarks,task1,TO_PICKUP_T1,ROUTE,DIRECT,T1,WS1,-0.09764,-1.99241,1.84796,-0.118,-2.013,1.814,0.02202,0.04217,-2.12,1.1,1.44715,0.67618,0.0,95.84,NORMAL,0,0,0,0,2,13,2,2,7,13,0.35157,0.0,0,0,-1.46,-1.52,0,0,0.28664,1.31995,0.89709,"O1:-0.53,-1.25,s7;O2:-0.71,-1.25,s4","O1:-0.53,-1.25,s7;O2:-0.71,-1.25,s4",RUNNING,UNKNOWN_MAP_SLAM_AVOIDANCE,unknown_map;frontier_targets;static_unknown_obstacles;dynamic_wandering_robot;costmap;slam_path_planning;obstacle_avoidance,P2_Wanderer,dynamic_wandering_robot,11.58134,11.58134,0.91775,0.57679,1,0,0,0,6,32,2,13,2,13,0.91775,0.57679,-1.98567,0.91775,0.57679,-1.98567
0.6,PID,HECTOR_GRID_MATCHING,HECTOR_SCAN_MATCHING_GRID,landmarks,task1,TO_PICKUP_T1,ROUTE,DIRECT,T1,WS1,-0.10567,-1.94758,2.03929,-0.125,-1.965,1.991,0.02329,0.04319,-2.12,1.1,1.42861,0.6341,0.0,95.77232,NORMAL,0,0,0,0,2,19,2,2,7,19,0.28971,0.0,0,0,-1.46,-1.52,0,0,0.33863,1.32,0.9491,"O1:-0.53,-1.25,s10;O2:-0.71,-1.25,s7","O1:-0.53,-1.25,s10;O2:-0.71,-1.25,s7",RUNNING,UNKNOWN_MAP_SLAM_AVOIDANCE,unknown_map;frontier_targets;static_unknown_obstacles;dynamic_wandering_robot;costmap;slam_path_planning;obstacle_avoidance,P2_Wanderer,dynamic_wandering_robot,11.6646,11.6646,0.90566,0.54933,1,0,0,0,6,32,2,19,2,19,0.90566,0.54933,-1.98567,0.90566,0.54933,-1.98567
0.7,PID,HECTOR_GRID_MATCHING,HECTOR_SCAN_MATCHING_GRID,landmarks,task1,TO_PICKUP_T1,AVOIDING,DIRECT,T1,WS1,-0.11748,-1.91613,2.16987,-0.131,-1.921,2.115,0.02289,0.04371,-2.12,1.1,1.41071,0.60356,0.0007,95.7219,NORMAL,0,0,0,0,3,23,3,3,7,23,0.2714,0.0,0,0,-1.46,-1.52,0,0,0.367,1.28155,0.98708,"O1:-0.53,-1.25,s12;O2:-0.71,-1.25,s8","O1:-0.53,-1.25,s12;O2:-0.71,-1.25,s8",RUNNING,UNKNOWN_MAP_SLAM_AVOIDANCE,unknown_map;frontier_targets;static_unknown_obstacles;dynamic_wandering_robot;costmap;slam_path_planning;obstacle_avoidance,P2_Wanderer,dynamic_wandering_robot,14.41995,14.41995,0.8976,0.53103,1,0,0,0,6,32,3,23,3,23,0.8976,0.53103,-1.98567,0.8976,0.53103,-1.98567
0.8,PID,HECTOR_GRID_MATCHING,HECTOR_SCAN_MATCHING_GRID,landmarks,task1,TO_PICKUP_T1,AVOIDING,DIRECT,T1,WS1,-0.13501,-1.88467,2.28913,-0.142,-1.897,2.227,0.01695,0.04414,-2.12,1.1,1.38773,0.56949,0.00664,95.66837,NORMAL,0,0,0,0,3,27,3,3,8,27,0.2628,0.0,0,0,-1.46,-1.52,0,0,0.3913,1.12507,1.0505,"O1:-0.53,-1.25,s15;O2:-0.71,-1.25,s8;O3:-0.89,-1.25,s2","O1:-0.53,-1.25,s15;O2:-0.71,-1.25,s8;O3:-0.89,-1.25,s2",RUNNING,UNKNOWN_MAP_SLAM_AVOIDANCE,unknown_map;frontier_targets;static_unknown_obstacles;dynamic_wandering_robot;costmap;slam_path_planning;obstacle_avoidance,P2_Wanderer,dynamic_wandering_robot,14.47518,14.47518,0.88954,0.51272,1,0,0,0,6,32,3,27,3,27,0.88954,0.51272,-1.98567,0.88954,0.51272,-1.98567
0.9,PID,HECTOR_GRID_MATCHING,HECTOR_SCAN_MATCHING_GRID,landmarks,task1,TO_PICKUP_T1,AVOIDING,DIRECT,T1,WS1,-0.15807,-1.85441,2.39261,-0.16,-1.865,2.334,0.01454,0.04451,-2.12,1.1,1.35984,0.53177,0.02025,95.61283,NORMAL,0,0,0,0,3,31,3,3,8,31,0.25998,0.0,0,0,-1.46,-1.52,0,0,0.40378,0.98199,1.09875,"O1:-0.53,-1.25,s17;O2:-0.71,-1.25,s10;O3:-0.89,-1.25,s2","O1:-0.53,-1.25,s17;O2:-0.71,-1.25,s10;O3:-0.89,-1.25,s2",RUNNING,UNKNOWN_MAP_SLAM_AVOIDANCE,unknown_map;frontier_targets;static_unknown_obstacles;dynamic_wandering_robot;costmap;slam_path_planning;obstacle_avoidance,P2_Wanderer,dynamic_wandering_robot,14.53028,14.53028,0.88148,0.49442,1,0,0,0,6,32,3,31,3,31,0.88148,0.49442,-1.98567,0.88148,0.49442,-1.98567
1.05,PID,HECTOR_GRID_MATCHING,HECTOR_SCAN_MATCHING_GRID,landmarks,task1,TO_PICKUP_T1,AVOIDING,SLAM_WAYPOINT,T1,WS1,-0.19841,-1.81397,2.52106,-0.188,-1.832,2.491,0.00617,0.04498,-2.12,1.1,1.31098,0.47856,0.05204,95.52778,NORMAL,0,0,0,0,3,37,3,3,8,37,0.24789,0.0,0,0,-1.014,-1.755,1,0,0.1784,1.14783,1.45136,"O1:-0.53,-1.25,s20;O2:-0.71,-1.25,s12;O3:-0.89,-1.25,s3","O1:-0.53,-1.25,s20;O2:-0.71,-1.25,s12;O3:-0.89,-1.25,s3",RUNNING,UNKNOWN_MAP_SLAM_AVOIDANCE,unknown_map;frontier_targets;static_unknown_obstacles;dynamic_wandering_robot;costmap;slam_path_planning;obstacle_avoidance,P2_Wanderer,dynamic_wandering_robot,14.61271,14.61271,0.86938,0.46697,1,0,0,1,6,32,3,37,3,37,0.86938,0.46697,-1.98567,0.86938,0.46697,-1.98567
1.15,PID,HECTOR_GRID_MATCHING,HECTOR_SCAN_MATCHING_GRID,landmarks,task1,TO_PICKUP_T1,AVOIDING,SLAM_WAYPOINT,T1,WS1,-0.21688,-1.79787,2.59394,-0.216,-1.812,2.572,0.01026,0.04514,-2.12,1.1,1.28344,0.44781,0.07713,95.49912,NORMAL,0,0,0,0,3,41,3,3,8,41,0.24142,0.0,0,0,-1.009,-1.756,1,0,0.17749,1.0358,1.48064,"O1:-0.53,-1.25,s23;O2:-0.71,-1.25,s12;O3:-0.89,-1.25,s4","O1:-0.53,-1.25,s23;O2:-0.71,-1.25,s12;O3:-0.89,-1.25,s4",RUNNING,UNKNOWN_MAP_SLAM_AVOIDANCE,unknown_map;frontier_targets;static_unknown_obstacles;dynamic_wandering_robot;costmap;slam_path_planning;obstacle_avoidance,P2_Wanderer,dynamic_wandering_robot,14.66751,14.66751,0.86132,0.44866,1,0,0,1,6,32,3,41,3,41,0.86132,0.44866,-1.98567,0.86132,0.44866,-1.98567
1.25,PID,HECTOR_GRID_MATCHING,HECTOR_SCAN_MATCHING_GRID,landmarks,task1,TO_PICKUP_T1,AVOIDING,SLAM_WAYPOINT,T1,WS1,-0.23161,-1.78575,2.67223,-0.235,-1.799,2.648,0.01267,0.0452,-2.12,1.1,1.26489,0.42914,0.09477,95.47105,NORMAL,0,0,0,0,4,47,4,4,8,47,0.30656,0.0,0,0,-1.005,-1.757,1,0,0.17255,0.92323,1.51371,"O1:-0.53,-1.25,s25;O2:-0.71,-1.25,s14;O3:-0.89,-1.25,s4","O1:-0.53,-1.25,s25;O2:-0.71,-1.25,s14;O3:-0.89,-1.25,s4",RUNNING,UNKNOWN_MAP_SLAM_AVOIDANCE,unknown_map;frontier_targets;static_unknown_obstacles;dynamic_wandering_robot;costmap;slam_path_planning;obstacle_avoidance,P2_Wanderer,dynamic_wandering_robot,17.44948,17.44948,0.85326,0.43036,1,0,0,1,6,32,4,47,4,47,0.85326,0.43036,-1.98567,0.85326,0.43036,-1.98567
1.35,PID,HECTOR_GRID_MATCHING,HECTOR_SCAN_MATCHING_GRID,landmarks,task1,TO_PICKUP_T1,AVOIDING,SLAM_WAYPOINT,T1,WS1,-0.24518,-1.77524,2.75228,-0.254,-1.779,2.723,0.01546,0.04522,-2.12,1.1,1.24909,0.41616,0.10809,95.44384,NORMAL,0,0,0,0,4,53,4,4,10,53,0.27032,0.0,0,0,-0.999,-1.758,1,0,0.16413,0.83598,1.54395,"O1:-0.53,-1.25,s27;O2:-0.71,-1.25,s16;O3:-0.89,-1.25,s4;O4:-0.53,-0.89,s3","O1:-0.53,-1.25,s27;O2:-0.71,-1.25,s16;O3:-0.89,-1.25,s4;O4:-0.53,-0.89,s3",RUNNING,UNKNOWN_MAP_SLAM_AVOIDANCE,unknown_map;frontier_targets;static_unknown_obstacles;dynamic_wandering_robot;costmap;slam_path_planning;obstacle_avoidance,P2_Wanderer,dynamic_wandering_robot,17.53118,17.53118,0.8452,0.41206,1,0,0,1,6,32,4,53,4,53,0.8452,0.41206,-1.98567,0.8452,0.41206,-1.98567
1.45,PID,HECTOR_GRID_MATCHING,HECTOR_SCAN_MATCHING_GRID,landmarks,task1,TO_PICKUP_T1,AVOIDING,SLAM_WAYPOINT,T1,WS1,-0.25881,-1.76647,2.82392,-0.271,-1.77,2.798,0.0193,0.04523,-2.12,1.1,1.23399,0.40517,0.12006,95.41818,NORMAL,0,0,0,0,4,59,4,4,10,59,0.24295,0.0,0,0,-0.997,-1.759,1,0,0.15895,0.80461,1.57474,"O1:-0.53,-1.25,s29;O2:-0.71,-1.25,s17;O3:-0.89,-1.25,s5;O4:-0.53,-0.89,s5","O1:-0.53,-1.25,s29;O2:-0.71,-1.25,s17;O3:-0.89,-1.25,s5;O4:-0.53,-0.89,s5",RUNNING,UNKNOWN_MAP_SLAM_AVOIDANCE,unknown_map;frontier_targets;static_unknown_obstacles;dynamic_wandering_robot;costmap;slam_path_planning;obstacle_avoidance,P2_Wanderer,dynamic_wandering_robot,17.61261,17.61261,0.83714,0.39375,1,0,0,1,6,32,4,59,4,59,0.83714,0.39375,-1.98567,0.83714,0.39375,-1.98567
1.55,PID,HECTOR_GRID_MATCHING,HECTOR_SCAN_MATCHING_GRID,landmarks,task1,TO_PICKUP_T1,AVOIDING,SLAM_WAYPOINT,T1,WS1,-0.27295,-1.7592,2.89032,-0.286,-1.77,2.864,0.02171,0.04524,-2.12,1.1,1.21868,0.39207,0.13516,95.39316,NORMAL,0,0,0,0,4,64,4,4,10,64,0.24295,0.0,0,0,-0.998,-1.759,1,0,0.15531,0.71115,1.60175,"O1:-0.53,-1.25,s32;O2:-0.71,-1.25,s18;O3:-0.89,-1.25,s7;O4:-0.53,-0.89,s5","O1:-0.53,-1.25,s32;O2:-0.71,-1.25,s18;O3:-0.89,-1.25,s7;O4:-0.53,-0.89,s5",RUNNING,UNKNOWN_MAP_SLAM_AVOIDANCE,unknown_map;frontier_targets;static_unknown_obstacles;dynamic_wandering_robot;costmap;slam_path_planning;obstacle_avoidance,P2_Wanderer,dynamic_wandering_robot,17.68026,17.68026,0.82908,0.37545,1,0,0,1,6,32,4,64,4,64,0.82908,0.37545,-1.98567,0.82908,0.37545,-1.98567
1.65,PID,HECTOR_GRID_MATCHING,HECTOR_SCAN_MATCHING_GRID,landmarks,task1,TO_PICKUP_T1,AVOIDING,SLAM_WAYPOINT,T1,WS1,-0.28737,-1.75324,2.94812,-0.29,-1.759,2.932,0.01047,0.04524,-2.12,1.1,1.20337,0.38195,0.14741,95.36886,NORMAL,0,0,0,0,4,68,4,4,10,68,0.23912,0.0,0,0,-0.994,-1.759,1,0,0.15265,0.62215,1.62666,"O1:-0.53,-1.25,s34;O2:-0.71,-1.25,s20;O3:-0.89,-1.25,s7;O4:-0.53,-0.89,s5","O1:-0.53,-1.25,s34;O2:-0.71,-1.25,s20;O3:-0.89,-1.25,s7;O4:-0.53,-0.89,s5",RUNNING,UNKNOWN_MAP_SLAM_AVOIDANCE,unknown_map;frontier_targets;static_unknown_obstacles;dynamic_wandering_robot;costmap;slam_path_planning;obstacle_avoidance,P2_Wanderer,dynamic_wandering_robot,17.73424,17.73424,0.82102,0.35715,1,0,0,1,6,32,4,68,4,68,0.82102,0.35715,-1.98567,0.82102,0.35715,-1.98567
1.75,PID,HECTOR_GRID_MATCHING,HECTOR_SCAN_MATCHING_GRID,landmarks,task1,TO_PICKUP_T1,AVOIDING,SLAM_WAYPOINT,T1,WS1,-0.30129,-1.74858,2.99915,-0.311,-1.747,2.986,0.01722,0.04524,-2.12,1.1,1.18831,0.37444,0.15686,95.34547,NORMAL,0,0,0,0,4,72,4,4,10,72,0.23912,0.0,0,0,-0.991,-1.76,1,0,0.14194,0.55421,1.65435,"O1:-0.53,-1.25,s36;O2:-0.71,-1.25,s22;O3:-0.89,-1.25,s7;O4:-0.53,-0.89,s5","O1:-0.53,-1.25,s36;O2:-0.71,-1.25,s22;O3:-0.89,-1.25,s7;O4:-0.53,-0.89,s5",RUNNING,UNKNOWN_MAP_SLAM_AVOIDANCE,unknown_map;frontier_targets;static_unknown_obstacles;dynamic_wandering_robot;costmap;slam_path_planning;obstacle_avoidance,P2_Wanderer,dynamic_wandering_robot,17.78811,17.78811,0.81295,0.33884,1,0,0,1,6,32,4,72,4,72,0.81295,0.33884,-1.98567,0.81295,0.33884,-1.98567
1.85,PID,HECTOR_GRID_MATCHING,HECTOR_SCAN_MATCHING_GRID,landmarks,task1,TO_PICKUP_T1,AVOIDING,SLAM_WAYPOINT,T1,WS1,-0.31515,-1.74492,3.03989,-0.321,-1.759,3.026,0.01761,0.04523,-2.12,1.1,1.17408,0.36928,0.16353,95.32346,NORMAL,0,0,0,0,4,76,4,4,10,76,0.23912,0.0,0,0,-0.997,-1.759,1,0,0.14144,0.42569,1.68698,"O1:-0.53,-1.25,s38;O2:-0.71,-1.25,s24;O3:-0.89,-1.25,s7;O4:-0.53,-0.89,s5","O1:-0.53,-1.25,s38;O2:-0.71,-1.25,s24;O3:-0.89,-1.25,s7;O4:-0.53,-0.89,s5",RUNNING,UNKNOWN_MAP_SLAM_AVOIDANCE,unknown_map;frontier_targets;static_unknown_obstacles;dynamic_wandering_robot;costmap;slam_path_planning;obstacle_avoidance,P2_Wanderer,dynamic_wandering_robot,17.84185,17.84185,0.80489,0.32054,1,0,0,2,6,32,4,76,4,76,0.80489,0.32054,-1.98567,0.80489,0.32054,-1.98567
1.95,PID,HECTOR_GRID_MATCHING,HECTOR_SCAN_MATCHING_GRID,landmarks,task1,TO_PICKUP_T1,AVOIDING,SLAM_WAYPOINT,T1,WS1,-0.32874,-1.74226,3.0735,-0.335,-1.749,3.075,0.01347,0.04523,-2.12,1.1,1.15985,0.37624,0.15458,95.30205,NORMAL,0,0,0,0,4,80,4,4,10,80,0.23912,0.0,0,0,-0.993,-1.76,1,0,0.13453,0.35756,1.71093,"O1:-0.53,-1.25,s40;O2:-0.71,-1.25,s24;O3:-0.89,-1.25,s9;O4:-0.53,-0.89,s5","O1:-0.53,-1.25,s40;O2:-0.71,-1.25,s24;O3:-0.89,-1.25,s9;O4:-0.53,-0.89,s5",RUNNING,UNKNOWN_MAP_SLAM_AVOIDANCE,unknown_map;frontier_targets;static_unknown_obstacles;dynamic_wandering_robot;costmap;slam_path_planning;obstacle_avoidance,P2_Wanderer,dynamic_wandering_robot,17.89548,17.89548,0.79683,0.30224,1,0,0,2,6,32,4,80,4,80,0.79683,0.30224,-1.98567,0.79683,0.30224,-1.98567
2.1,PID,HECTOR_GRID_MATCHING,HECTOR_SCAN_MATCHING_GRID,landmarks,task1,TO_PICKUP_T1,AVOIDING,SLAM_WAYPOINT,T1,WS1,-0.34876,-1.73925,3.12124,-0.353,-1.735,3.116,0.01204,0.04521,-2.12,1.1,1.13941,0.38831,0.13964,95.27197,NORMAL,0,0,0,0,4,87,4,4,10,87,0.22986,0.0,0,0,-0.989,-1.76,1,0,0.12571,0.28743,1.74469,"O1:-0.53,-1.25,s40;O2:-0.71,-1.25,s27;O3:-0.89,-1.25,s12;O4:-0.53,-0.89,s6","O1:-0.53,-1.25,s40;O2:-0.71,-1.25,s27;O3:-0.89,-1.25,s12;O4:-0.53,-0.89,s6",RUNNING,UNKNOWN_MAP_SLAM_AVOIDANCE,unknown_map;frontier_targets;static_unknown_obstacles;dynamic_wandering_robot;costmap;slam_path_planning;obstacle_avoidance,P2_Wanderer,dynamic_wandering_robot,17.98903,17.98903,0.78474,0.27478,1,0,0,2,6,32,4,87,4,87,0.78474,0.27478,-1.98567,0.78474,0.27478,-1.98567
2.25,PID,HECTOR_GRID_MATCHING,HECTOR_SCAN_MATCHING_GRID,landmarks,task1,TO_PICKUP_T1,AVOIDING,SLAM_WAYPOINT,T1,WS1,-0.36716,-1.73765,-3.12909,-0.387,-1.733,-3.129,0.02659,0.04519,-2.12,1.1,1.12019,0.39928,0.12674,95.2439,NORMAL,0,0,0,0,4,93,4,4,10,93,0.22432,0.0,0,0,-0.991,-1.76,1,0,0.11148,0.20631,1.77919,"O1:-0.53,-1.25,s40;O2:-0.71,-1.25,s30;O3:-0.89,-1.25,s12;O4:-0.53,-0.89,s9","O1:-0.53,-1.25,s40;O2:-0.71,-1.25,s30;O3:-0.89,-1.25,s12;O4:-0.53,-0.89,s9",RUNNING,UNKNOWN_MAP_SLAM_AVOIDANCE,unknown_map;frontier_targets;static_unknown_obstacles;dynamic_wandering_robot;costmap;slam_path_planning;obstacle_avoidance,P2_Wanderer,dynamic_wandering_robot,18.06894,18.06894,0.77265,0.24733,1,0,0,2,6,32,4,93,4,93,0.77265,0.24733,-1.98567,0.77265,0.24733,-1.98567
2.4,PID,HECTOR_GRID_MATCHING,HECTOR_SCAN_MATCHING_GRID,landmarks,task1,TO_PICKUP_T1,AVOIDING,SLAM_WAYPOINT,T1,WS1,-0.38429,-1.73671,-3.09526,-0.396,-1.738,-3.1,0.01726,0.04517,-2.12,1.1,1.10305,0.35176,0.18718,95.21822,NORMAL,0,0,0,0,4,99,4,4,10,99,0.21424,0.0,0,0,-0.995,-1.759,1,0,0.10683,0.3148,1.85005,"O1:-0.53,-1.25,s41;O2:-0.71,-1.25,s33;O3:-0.89,-1.25,s12;O4:-0.53,-0.89,s11","O1:-0.53,-1.25,s41;O2:-0.71,-1.25,s33;O3:-0.89,-1.25,s12;O4:-0.53,-0.89,s11",RUNNING,UNKNOWN_MAP_SLAM_AVOIDANCE,unknown_map;frontier_targets;static_unknown_obstacles;dynamic_wandering_robot;costmap;slam_path_planning;obstacle_avoidance,P2_Wanderer,dynamic_wandering_robot,18.14857,18.14857,0.76055,0.21987,1,0,0,3,6,32,4,99,4,99,0.76055,0.21987,-1.98567,0.76055,0.21987,-1.98567
2.55,PID,HECTOR_GRID_MATCHING,HECTOR_SCAN_MATCHING_GRID,landmarks,task1,TO_PICKUP_T1,AVOIDING,SLAM_WAYPOINT,T1,WS1,-0.40103,-1.73602,-3.05721,-0.398,-1.74,-3.051,0.00469,0.04515,-2.12,1.1,1.08637,0.35103,0.18821,95.19307,NORMAL,0,0,0,0,4,105,4,4,10,105,0.21424,0.0,0,0,-0.996,-1.759,1,0,0.10589,0.21114,1.87704,"O1:-0.53,-1.25,s44;O2:-0.71,-1.25,s36;O3:-0.89,-1.25,s12;O4:-0.53,-0.89,s11","O1:-0.53,-1.25,s44;O2:-0.71,-1.25,s36;O3:-0.89,-1.25,s12;O4:-0.53,-0.89,s11",RUNNING,UNKNOWN_MAP_SLAM_AVOIDANCE,unknown_map;frontier_targets;static_unknown_obstacles;dynamic_wandering_robot;costmap;slam_path_planning;obstacle_avoidance,P2_Wanderer,dynamic_wandering_robot,18.22795,18.22795,0.74846,0.19242,1,0,0,3,6,32,4,105,4,105,0.74846,0.19242,-1.98567,0.74846,0.19242,-1.98567
2.7,PID,HECTOR_GRID_MATCHING,HECTOR_SCAN_MATCHING_GRID,landmarks,task1,TO_PICKUP_T1,AVOIDING,SLAM_WAYPOINT,T1,WS1,-0.41761,-1.73637,-3.0296,-0.394,-1.744,-3.033,0.02014,0.04514,-2.12,1.1,1.07016,0.35183,0.18709,95.16846,NORMAL,0,0,0,0,4,113,4,4,10,113,0.21063,0.0,0,0,-0.997,-1.759,1,0,0.10856,0.15809,1.89724,"O1:-0.53,-1.25,s47;O2:-0.71,-1.25,s38;O3:-0.89,-1.25,s13;O4:-0.53,-0.89,s12","O1:-0.53,-1.25,s47;O2:-0.71,-1.25,s38;O3:-0.89,-1.25,s13;O4:-0.53,-0.89,s12",RUNNING,UNKNOWN_MAP_SLAM_AVOIDANCE,unknown_map;frontier_targets;static_unknown_obstacles;dynamic_wandering_robot;costmap;slam_path_planning;obstacle_avoidance,P2_Wanderer,dynamic_wandering_robot,18.33337,18.33337,0.73637,0.16496,1,0,0,3,6,32,4,113,4,113,0.73637,0.16496,-1.98567,0.73637,0.16496,-1.98567
2.85,PID,HECTOR_GRID_MATCHING,HECTOR_SCAN_MATCHING_GRID,landmarks,task1,TO_PICKUP_T1,AVOIDING,SLAM_WAYPOINT,T1,WS1,-0.43341,-1.7374,-3.0096,-0.415,-1.743,-3.012,0.01451,0.04514,-2.12,1.1,1.05434,0.35387,0.18425,95.14409,NORMAL,0,0,0,0,4,122,4,4,10,122,0.20464,0.0,0,0,-0.998,-1.759,1,0,0.09893,0.1083,1.92141,"O1:-0.53,-1.25,s50;O2:-0.71,-1.25,s39;O3:-0.53,-0.89,s15;O4:-0.89,-1.25,s15","O1:-0.53,-1.25,s50;O2:-0.71,-1.25,s39;O3:-0.53,-0.89,s15;O4:-0.89,-1.25,s15",RUNNING,UNKNOWN_MAP_SLAM_AVOIDANCE,unknown_map;frontier_targets;static_unknown_obstacles;dynamic_wandering_robot;costmap;slam_path_planning;obstacle_avoidance,P2_Wanderer,dynamic_wandering_robot,18.4514,18.4514,0.72428,0.13751,1,0,0,3,6,32,4,122,4,122,0.72428,0.13751,-1.98567,0.72428,0.13751,-1.98567
3.0,PID,HECTOR_GRID_MATCHING,HECTOR_SCAN_MATCHING_GRID,landmarks,task1,TO_PICKUP_T1,AVOIDING,SLAM_WAYPOINT,T1,WS1,-0.44776,-1.73885,-2.99792,-0.433,-1.743,-2.997,0.0115,0.04513,-2.12,1.1,1.04019,0.35639,0.18077,95.12169,NORMAL,0,0,0,0,4,131,4,4,10,131,0.20016,0.0,0,0,-1.0,-1.758,1,0,0.09199,0.07485,1.94081,"O1:-0.53,-1.25,s53;O2:-0.71,-1.25,s39;O3:-0.53,-0.89,s18;O4:-0.89,-1.25,s18","O1:-0.53,-1.25,s53;O2:-0.71,-1.25,s39;O3:-0.53,-0.89,s18;O4:-0.89,-1.25,s18",RUNNING,UNKNOWN_MAP_SLAM_AVOIDANCE,unknown_map;frontier_targets;static_unknown_obstacles;dynamic_wandering_robot;costmap;slam_path_planning;obstacle_avoidance,P2_Wanderer,dynamic_wandering_robot,18.56885,18.56885,0.71219,0.11005,1,0,0,3,6,32,4,131,4,131,0.71219,0.11005,-1.98567,0.71219,0.11005,-1.98567
3.15,PID,HECTOR_GRID_MATCHING,HECTOR_SCAN_MATCHING_GRID,landmarks,task1,TO_PICKUP_T1,AVOIDING,SLAM_WAYPOINT,T1,WS1,-0.46129,-1.74039,-2.98701,-0.442,-1.743,-2.995,0.01529,0.04512,-2.12,1.1,1.0271,0.35935,0.17674,95.10054,NORMAL,0,0,0,0,4,140,4,4,10,140,0.19898,0.0,0,0,-1.001,-1.758,1,0,0.08866,0.05734,1.95635,"O1:-0.53,-1.25,s56;O2:-0.71,-1.25,s39;O3:-0.53,-0.89,s21;O4:-0.89,-1.25,s21","O1:-0.53,-1.25,s56;O2:-0.71,-1.25,s39;O3:-0.53,-0.89,s21;O4:-0.89,-1.25,s21",RUNNING,UNKNOWN_MAP_SLAM_AVOIDANCE,unknown_map;frontier_targets;static_unknown_obstacles;dynamic_wandering_robot;costmap;slam_path_planning;obstacle_avoidance,P2_Wanderer,dynamic_wandering_robot,18.68572,18.68572,0.70009,0.0826,1,0,0,3,6,32,4,140,4,140,0.70009,0.0826,-1.98567,0.70009,0.0826,-1.98567
3.3,PID,HECTOR_GRID_MATCHING,HECTOR_SCAN_MATCHING_GRID,landmarks,task1,TO_PICKUP_T1,AVOIDING,DIRECT_AFTER_WAYPOINT,T1,WS1,-0.48824,-1.74451,-2.98826,-0.468,-1.733,-2.993,0.0133,0.04526,-2.12,1.1,1.00747,0.36311,0.17167,95.05265,NORMAL,0,0,0,0,4,147,4,4,11,147,0.22801,0.0,0,0,-1.46,-1.52,0,0,0.2771,-0.4778,2.36812,"O1:-0.53,-1.25,s59;O2:-0.71,-1.25,s39;O3:-0.53,-0.89,s24;O4:-0.89,-1.25,s23","O1:-0.53,-1.25,s59;O2:-0.71,-1.25,s39;O3:-0.53,-0.89,s24;O4:-0.89,-1.25,s23",RUNNING,UNKNOWN_MAP_SLAM_AVOIDANCE,unknown_map;frontier_targets;static_unknown_obstacles;dynamic_wandering_robot;costmap;slam_path_planning;obstacle_avoidance,P2_Wanderer,dynamic_wandering_robot,18.77621,18.77621,0.688,0.05514,1,0,0,3,6,32,4,147,4,147,0.688,0.05514,-1.98567,0.688,0.05514,-1.98567
3.45,PID,HECTOR_GRID_MATCHING,HECTOR_SCAN_MATCHING_GRID,landmarks,task1,TO_PICKUP_T1,AVOIDING,DIRECT_AFTER_WAYPOINT,T1,WS1,-0.52496,-1.75167,-3.04086,-0.507,-1.736,-3.041,0.01395,0.04554,-2.12,1.1,0.97511,0.36484,0.16938,94.99567,NORMAL,0,0,0,0,4,153,4,4,11,153,0.22801,0.0,0,0,-1.46,-1.52,0,0,0.2622,-0.3869,2.40574,"O1:-0.53,-1.25,s62;O2:-0.71,-1.25,s39;O3:-0.53,-0.89,s27;O4:-0.89,-1.25,s23","O1:-0.53,-1.25,s62;O2:-0.71,-1.25,s39;O3:-0.53,-0.89,s27;O4:-0.89,-1.25,s23",RUNNING,UNKNOWN_MAP_SLAM_AVOIDANCE,unknown_map;frontier_targets;static_unknown_obstacles;dynamic_wandering_robot;costmap;slam_path_planning;obstacle_avoidance,P2_Wanderer,dynamic_wandering_robot,18.85349,18.85349,0.67591,0.02769,1,0,0,3,6,32,4,153,4,153,0.67591,0.02769,-1.98567,0.67591,0.02769,-1.98567
3.6,PID,HECTOR_GRID_MATCHING,HECTOR_SCAN_MATCHING_GRID,landmarks,task1,TO_PICKUP_T1,AVOIDING,DIRECT_AFTER_WAYPOINT,T1,WS1,-0.56155,-1.75728,-3.09715,-0.544,-1.746,-3.079,0.0114,0.04577,-2.12,1.1,0.9407,0.36451,0.16981,94.94194,NORMAL,0,0,0,0,4,159,4,4,11,159,0.2322,0.0,0,0,-1.46,-1.52,0,0,0.25008,-0.35684,2.43355,"O1:-0.53,-1.25,s63;O2:-0.71,-1.25,s41;O3:-0.53,-0.89,s30;O4:-0.89,-1.25,s23","O1:-0.53,-1.25,s63;O2:-0.71,-1.25,s41;O3:-0.53,-0.89,s30;O4:-0.89,-1.25,s23",RUNNING,UNKNOWN_MAP_SLAM_AVOIDANCE,unknown_map;frontier_targets;static_unknown_obstacles;dynamic_wandering_robot;costmap;slam_path_planning;obstacle_avoidance,P2_Wanderer,dynamic_wandering_robot,18.93052,18.93052,0.66382,0.00023,1,0,0,3,6,32,4,159,4,159,0.66382,0.00023,-1.98567,0.66382,0.00023,-1.98567
3.75,PID,HECTOR_GRID_MATCHING,HECTOR_SCAN_MATCHING_GRID,landmarks,task1,TO_PICKUP_T1,AVOIDING,DIRECT,T1,WS1,-0.59642,-1.76012,3.13914,-0.587,-1.756,-3.134,0.00391,0.04595,-2.12,1.1,0.90728,0.36258,0.17239,94.89063,NORMAL,0,0,0,0,4,165,4,4,11,165,0.23782,0.0,0,0,-1.46,-1.52,0,0,0.23463,-0.28874,2.46602,"O1:-0.53,-1.25,s63;O2:-0.71,-1.25,s44;O3:-0.53,-0.89,s33;O4:-0.89,-1.25,s23","O1:-0.53,-1.25,s63;O2:-0.71,-1.25,s44;O3:-0.53,-0.89,s33;O4:-0.89,-1.25,s23",RUNNING,UNKNOWN_MAP_SLAM_AVOIDANCE,unknown_map;frontier_targets;static_unknown_obstacles;dynamic_wandering_robot;costmap;slam_path_planning;obstacle_avoidance,P2_Wanderer,dynamic_wandering_robot,19.00729,19.00729,0.65172,-0.02722,1,0,0,3,6,32,4,165,4,165,0.65172,-0.02722,-1.98567,0.65172,-0.02722,-1.98567
3.9,PID,HECTOR_GRID_MATCHING,HECTOR_SCAN_MATCHING_GRID,landmarks,task1,TO_PICKUP_T1,AVOIDING,DIRECT,T1,WS1,-0.62985,-1.761,3.10433,-0.618,-1.765,3.107,0.00415,0.04609,-2.12,1.1,0.87507,0.35995,0.17593,94.84218,NORMAL,0,0,0,0,4,171,4,4,12,171,0.22334,0.0,0,0,-1.46,-1.52,0,0,0.22419,-0.20936,2.4963,"O1:-0.53,-1.25,s65;O2:-0.71,-1.25,s47;O3:-0.53,-0.89,s34;O4:-0.89,-1.25,s23","O1:-0.53,-1.25,s65;O2:-0.71,-1.25,s47;O3:-0.53,-0.89,s34;O4:-0.89,-1.25,s23",RUNNING,UNKNOWN_MAP_SLAM_AVOIDANCE,unknown_map;frontier_targets;static_unknown_obstacles;dynamic_wandering_robot;costmap;slam_path_planning;obstacle_avoidance,P2_Wanderer,dynamic_wandering_robot,19.0838,19.0838,0.63963,-0.05468,1,0,0,3,6,32,4,171,4,171,0.63963,-0.05468,-1.98567,0.63963,-0.05468,-1.98567
4.05,PID,HECTOR_GRID_MATCHING,HECTOR_SCAN_MATCHING_GRID,landmarks,task1,TO_PICKUP_T1,AVOIDING,DIRECT,T1,WS1,-0.66163,-1.76055,3.07678,-0.651,-1.759,3.087,0.00198,0.04619,-2.12,1.1,0.8439,0.35693,0.18003,94.79606,NORMAL,0,0,0,0,4,177,4,4,12,177,0.21184,0.0,0,0,-1.46,-1.52,0,0,0.21004,-0.17973,2.52193,"O1:-0.53,-1.25,s68;O2:-0.71,-1.25,s50;O3:-0.53,-0.89,s34;O4:-0.89,-1.25,s23","O1:-0.53,-1.25,s68;O2:-0.71,-1.25,s50;O3:-0.53,-0.89,s34;O4:-0.89,-1.25,s23",RUNNING,UNKNOWN_MAP_SLAM_AVOIDANCE,unknown_map;frontier_targets;static_unknown_obstacles;dynamic_wandering_robot;costmap;slam_path_planning;obstacle_avoidance,P2_Wanderer,dynamic_wandering_robot,19.16006,19.16006,0.62754,-0.08213,1,0,0,3,6,32,4,177,4,177,0.62754,-0.08213,-1.98567,0.62754,-0.08213,-1.98567
4.2,PID,HECTOR_GRID_MATCHING,HECTOR_SCAN_MATCHING_GRID,landmarks,task1,TO_PICKUP_T1,AVOIDING,DIRECT,T1,WS1,-0.69137,-1.75931,3.05265,-0.683,-1.763,3.06,0.00373,0.04625,-2.12,1.1,0.81454,0.35348,0.18479,94.75277,NORMAL,0,0,0,0,4,183,4,4,12,183,0.19851,0.0,0,0,-1.46,-1.52,0,0,0.19716,-0.15262,2.54993,"O1:-0.53,-1.25,s71;O2:-0.71,-1.25,s53;O3:-0.53,-0.89,s34;O4:-0.89,-1.25,s23","O1:-0.53,-1.25,s71;O2:-0.71,-1.25,s53;O3:-0.53,-0.89,s34;O4:-0.89,-1.25,s23",RUNNING,UNKNOWN_MAP_SLAM_AVOIDANCE,unknown_map;frontier_targets;static_unknown_obstacles;dynamic_wandering_robot;costmap;slam_path_planning;obstacle_avoidance,P2_Wanderer,dynamic_wandering_robot,19.23607,19.23607,0.61545,-0.10959,1,0,0,3,6,32,4,183,4,183,0.61545,-0.10959,-1.98567,0.61545,-0.10959,-1.98567
4.35,PID,HECTOR_GRID_MATCHING,HECTOR_SCAN_MATCHING_GRID,landmarks,task1,TO_PICKUP_T1,AVOIDING,DIRECT,T1,WS1,-0.71907,-1.75741,3.03416,-0.716,-1.759,3.032,0.00576,0.04628,-2.12,1.1,0.787,0.34988,0.18981,94.71229,NORMAL,0,0,0,0,4,189,4,4,12,189,0.19149,0.0,0,0,-1.46,-1.52,0,0,0.1834,-0.10938,2.57449,"O1:-0.53,-1.25,s74;O2:-0.71,-1.25,s56;O3:-0.53,-0.89,s34;O4:-0.89,-1.25,s23","O1:-0.53,-1.25,s74;O2:-0.71,-1.25,s56;O3:-0.53,-0.89,s34;O4:-0.89,-1.25,s23",RUNNING,UNKNOWN_MAP_SLAM_AVOIDANCE,unknown_map;frontier_targets;static_unknown_obstacles;dynamic_wandering_robot;costmap;slam_path_planning;obstacle_avoidance,P2_Wanderer,dynamic_wandering_robot,19.31182,19.31182,0.60336,-0.13704,1,0,0,3,6,32,4,189,4,189,0.60336,-0.13704,-1.98567,0.60336,-0.13704,-1.98567
4.5,PID,HECTOR_GRID_MATCHING,HECTOR_SCAN_MATCHING_GRID,landmarks,task1,TO_PICKUP_T1,AVOIDING,DIRECT,T1,WS1,-0.74532,-1.75504,3.01871,-0.733,-1.759,3.018,0.00442,0.04629,-2.12,1.1,0.76095,0.34616,0.19509,94.67415,NORMAL,0,0,0,0,4,195,4,4,12,195,0.19149,0.0,0,0,-1.46,-1.52,0,0,0.17619,-0.08909,2.5917,"O1:-0.53,-1.25,s77;O2:-0.71,-1.25,s56;O3:-0.53,-0.89,s34;O4:-0.89,-1.25,s26","O1:-0.53,-1.25,s77;O2:-0.71,-1.25,s56;O3:-0.53,-0.89,s34;O4:-0.89,-1.25,s26",RUNNING,UNKNOWN_MAP_SLAM_AVOIDANCE,unknown_map;frontier_targets;static_unknown_obstacles;dynamic_wandering_robot;costmap;slam_path_planning;obstacle_avoidance,P2_Wanderer,dynamic_wandering_robot,19.38732,19.38732,0.59126,-0.1645,1,0,0,3,6,32,4,195,4,195,0.59126,-0.1645,-1.98567,0.59126,-0.1645,-1.98567
4.65,PID,HECTOR_GRID_MATCHING,HECTOR_SCAN_MATCHING_GRID,landmarks,task1,TO_PICKUP_T1,AVOIDING,DIRECT,T1,WS1,-0.77049,-1.75223,3.00974,-0.755,-1.752,3.002,0.00726,0.0463,-2.12,1.1,0.73576,0.34254,0.20028,94.63749,NORMAL,0,0,0,0,4,201,4,4,12,201,0.18498,0.0,0,0,-1.46,-1.52,0,0,0.16599,-0.05806,2.61665,"O1:-0.53,-1.25,s80;O2:-0.71,-1.25,s56;O3:-0.53,-0.89,s34;O4:-0.89,-1.25,s29","O1:-0.53,-1.25,s80;O2:-0.71,-1.25,s56;O3:-0.53,-0.89,s34;O4:-0.89,-1.25,s29",RUNNING,UNKNOWN_MAP_SLAM_AVOIDANCE,unknown_map;frontier_targets;static_unknown_obstacles;dynamic_wandering_robot;costmap;slam_path_planning;obstacle_avoidance,P2_Wanderer,dynamic_wandering_robot,19.46257,19.46257,0.57917,-0.19195,1,0,0,3,6,32,4,201,4,201,0.57917,-0.19195,-1.98567,0.57917,-0.19195,-1.98567
4.8,PID,HECTOR_GRID_MATCHING,HECTOR_SCAN_MATCHING_GRID,landmarks,task1,TO_PICKUP_T1,AVOIDING,DIRECT,T1,WS1,-0.7937,-1.7493,3.0017,-0.785,-1.752,2.994,0.00252,0.04629,-2.12,1.1,0.71223,0.33893,0.20552,94.6032,NORMAL,0,0,0,0,4,207,4,4,12,207,0.20107,0.0,0,0,-1.46,-1.52,0,0,0.1532,-0.07018,2.63807,"O1:-0.53,-1.25,s80;O2:-0.71,-1.25,s59;O3:-0.53,-0.89,s34;O4:-0.89,-1.25,s32","O1:-0.53,-1.25,s80;O2:-0.71,-1.25,s59;O3:-0.53,-0.89,s34;O4:-0.89,-1.25,s32",RUNNING,UNKNOWN_MAP_SLAM_AVOIDANCE,unknown_map;frontier_targets;static_unknown_obstacles;dynamic_wandering_robot;costmap;slam_path_planning;obstacle_avoidance,P2_Wanderer,dynamic_wandering_robot,19.53757,19.53757,0.56708,-0.21941,1,0,0,3,6,32,4,207,4,207,0.56708,-0.21941,-1.98567,0.56708,-0.21941,-1.98567
4.95,PID,HECTOR_GRID_MATCHING,HECTOR_SCAN_MATCHING_GRID,landmarks,task1,TO_PICKUP_T1,AVOIDING,DIRECT,T1,WS1,-0.81538,-1.74656,2.98994,-0.803,-1.751,3.0,0.00611,0.04625,-2.12,1.1,0.6904,0.33519,0.21103,94.5709,NORMAL,0,0,0,0,4,213,4,4,13,213,0.18849,0.0,0,0,-1.46,-1.52,0,0,0.14485,-0.08343,2.65285,"O1:-0.53,-1.25,s80;O2:-0.71,-1.25,s62;O3:-0.89,-1.25,s35;O4:-0.53,-0.89,s34","O1:-0.53,-1.25,s80;O2:-0.71,-1.25,s62;O3:-0.89,-1.25,s35;O4:-0.53,-0.89,s34",RUNNING,UNKNOWN_MAP_SLAM_AVOIDANCE,unknown_map;frontier_targets;static_unknown_obstacles;dynamic_wandering_robot;costmap;slam_path_planning;obstacle_avoidance,P2_Wanderer,dynamic_wandering_robot,19.61232,19.61232,0.55499,-0.24686,1,0,0,3,6,32,4,213,4,213,0.55499,-0.24686,-1.98567,0.55499,-0.24686,-1.98567
5.1,PID,HECTOR_GRID_MATCHING,HECTOR_SCAN_MATCHING_GRID,landmarks,task1,TO_PICKUP_T1,AVOIDING,DIRECT,T1,WS1,-0.83573,-1.74389,2.97859,-0.824,-1.748,2.99,0.00652,0.04621,-2.12,1.1,0.66991,0.33152,0.21649,94.54019,NORMAL,0,0,0,0,4,219,4,4,13,219,0.18132,0.0,0,0,-1.46,-1.52,0,0,0.13573,-0.06433,2.66709,"O1:-0.53,-1.25,s80;O2:-0.71,-1.25,s65;O3:-0.89,-1.25,s38;O4:-0.53,-0.89,s34","O1:-0.53,-1.25,s80;O2:-0.71,-1.25,s65;O3:-0.89,-1.25,s38;O4:-0.53,-0.89,s34",RUNNING,UNKNOWN_MAP_SLAM_AVOIDANCE,unknown_map;frontier_targets;static_unknown_obstacles;dynamic_wandering_robot;costmap;slam_path_planning;obstacle_avoidance,P2_Wanderer,dynamic_wandering_robot,19.68682,19.68682,0.54289,-0.27432,1,0,0,3,6,32,4,219,4,219,0.54289,-0.27432,-1.98567,0.54289,-0.27432,-1.98567
5.25,PID,HECTOR_GRID_MATCHING,HECTOR_SCAN_MATCHING_GRID,landmarks,task1,TO_PICKUP_T1,AVOIDING,DIRECT,T1,WS1,-0.85425,-1.74126,2.96584,-0.854,-1.756,2.978,0.01449,0.04616,-2.12,1.1,0.65101,0.32846,0.22111,94.51159,NORMAL,0,0,0,0,4,225,4,4,13,225,0.16775,0.0,0,0,-1.46,-1.52,0,0,0.12411,-0.08964,2.69093,"O1:-0.53,-1.25,s80;O2:-0.71,-1.25,s68;O3:-0.89,-1.25,s41;O4:-0.53,-0.89,s34","O1:-0.53,-1.25,s80;O2:-0.71,-1.25,s68;O3:-0.89,-1.25,s41;O4:-0.53,-0.89,s34",RUNNING,UNKNOWN_MAP_SLAM_AVOIDANCE,unknown_map;frontier_targets;static_unknown_obstacles;dynamic_wandering_robot;costmap;slam_path_planning;obstacle_avoidance,P2_Wanderer,dynamic_wandering_robot,19.76108,19.76108,0.5308,-0.30177,1,0,0,3,6,32,4,225,4,225,0.5308,-0.30177,-1.98567,0.5308,-0.30177,-1.98567
5.4,PID,HECTOR_GRID_MATCHING,HECTOR_SCAN_MATCHING_GRID,landmarks,task1,TO_PICKUP_T1,AVOIDING,DIRECT,T1,WS1,-0.87188,-1.73858,2.95547,-0.865,-1.753,2.96,0.01358,0.04611,-2.12,1.1,0.63336,0.32622,0.22453,94.48453,NORMAL,0,0,0,0,4,231,4,4,13,231,0.15852,0.0,0,0,-1.46,-1.52,0,0,0.11958,-0.0461,2.70635,"O1:-0.53,-1.25,s80;O2:-0.71,-1.25,s71;O3:-0.89,-1.25,s44;O4:-0.53,-0.89,s34","O1:-0.53,-1.25,s80;O2:-0.71,-1.25,s71;O3:-0.89,-1.25,s44;O4:-0.53,-0.89,s34",RUNNING,UNKNOWN_MAP_SLAM_AVOIDANCE,unknown_map;frontier_targets;static_unknown_obstacles;dynamic_wandering_robot;costmap;slam_path_planning;obstacle_avoidance,P2_Wanderer,dynamic_wandering_robot,19.83508,19.83508,0.51871,-0.32923,1,0,0,3,6,32,4,231,4,231,0.51871,-0.32923,-1.98567,0.51871,-0.32923,-1.98567
5.55,PID,HECTOR_GRID_MATCHING,HECTOR_SCAN_MATCHING_GRID,landmarks,task1,PICKUP_T1,ARRIVED_TARGET,DIRECT,T1,WS1,-0.88654,-1.73606,2.95254,-0.885,-1.739,2.953,0.00287,0.04606,-2.12,1.1,0.61632,0.32512,0.2262,94.45873,NORMAL,0,0,0,0,4,237,4,4,13,237,0.15747,0.0,0,0,-1.46,-1.52,0,0,0.0,0.0,2.83745,"O1:-0.53,-1.25,s80;O2:-0.71,-1.25,s74;O3:-0.89,-1.25,s47;O4:-0.53,-0.89,s34","O1:-0.53,-1.25,s80;O2:-0.71,-1.25,s74;O3:-0.89,-1.25,s47;O4:-0.53,-0.89,s34",RUNNING,UNKNOWN_MAP_SLAM_AVOIDANCE,unknown_map;frontier_targets;static_unknown_obstacles;dynamic_wandering_robot;costmap;slam_path_planning;obstacle_avoidance,P2_Wanderer,dynamic_wandering_robot,19.90884,19.90884,0.50662,-0.35668,1,0,0,3,6,32,4,237,4,237,0.50662,-0.35668,-1.98567,0.50662,-0.35668,-1.98567
5.7,PID,HECTOR_GRID_MATCHING,HECTOR_SCAN_MATCHING_GRID,landmarks,task1,PICKUP_T1,MANIPULATING,DIRECT,T1,WS1,-0.88664,-1.73596,2.95332,-0.888,-1.736,2.959,0.00156,0.0456,-2.12,1.1,-1.0,-1.0,0.0,94.45498,NORMAL,0,0,0,0,4,237,4,4,13,237,0.15747,0.0,0,0,-1.46,-1.52,0,0,0.0,0.0,2.83745,"O1:-0.53,-1.25,s80;O2:-0.71,-1.25,s75;O3:-0.89,-1.25,s48;O4:-0.53,-0.89,s34","O1:-0.53,-1.25,s80;O2:-0.71,-1.25,s75;O3:-0.89,-1.25,s48;O4:-0.53,-0.89,s34",RUNNING,UNKNOWN_MAP_SLAM_AVOIDANCE,unknown_map;frontier_targets;static_unknown_obstacles;dynamic_wandering_robot;costmap;slam_path_planning;obstacle_avoidance,P2_Wanderer,dynamic_wandering_robot,19.90884,19.90884,0.49452,-0.38414,1,0,0,3,6,32,4,237,4,237,0.49452,-0.38414,-1.98567,0.49452,-0.38414,-1.98567
5.85,PID,HECTOR_GRID_MATCHING,HECTOR_SCAN_MATCHING_GRID,landmarks,task1,PICKUP_T1,MANIPULATING,DIRECT,T1,WS1,-0.8866,-1.73596,2.95338,-0.876,-1.731,2.954,0.01156,0.04527,-2.12,1.1,-1.0,-1.0,0.0,94.45123,NORMAL,0,0,0,0,4,237,4,4,13,237,0.15747,0.0,0,0,-1.46,-1.52,0,0,0.0,0.0,2.83745,"O1:-0.53,-1.25,s80;O2:-0.71,-1.25,s75;O3:-0.89,-1.25,s48;O4:-0.53,-0.89,s34","O1:-0.53,-1.25,s80;O2:-0.71,-1.25,s75;O3:-0.89,-1.25,s48;O4:-0.53,-0.89,s34",RUNNING,UNKNOWN_MAP_SLAM_AVOIDANCE,unknown_map;frontier_targets;static_unknown_obstacles;dynamic_wandering_robot;costmap;slam_path_planning;obstacle_avoidance,P2_Wanderer,dynamic_wandering_robot,19.90884,19.90884,0.48243,-0.41159,1,0,0,3,6,32,4,237,4,237,0.48243,-0.41159,-1.98567,0.48243,-0.41159,-1.98567
6.0,PID,HECTOR_GRID_MATCHING,HECTOR_SCAN_MATCHING_GRID,landmarks,task1,PICKUP_T1,MANIPULATING,DIRECT,T1,WS1,-0.88657,-1.73596,2.95342,-0.876,-1.741,2.952,0.01204,0.04506,-2.12,1.1,-1.0,-1.0,0.0,94.44748,NORMAL,0,0,0,0,4,237,4,4,13,237,0.15747,0.0,0,0,-1.46,-1.52,0,0,0.0,0.0,2.83745,"O1:-0.53,-1.25,s80;O2:-0.71,-1.25,s75;O3:-0.89,-1.25,s48;O4:-0.53,-0.89,s34","O1:-0.53,-1.25,s80;O2:-0.71,-1.25,s75;O3:-0.89,-1.25,s48;O4:-0.53,-0.89,s34",RUNNING,UNKNOWN_MAP_SLAM_AVOIDANCE,unknown_map;frontier_targets;static_unknown_obstacles;dynamic_wandering_robot;costmap;slam_path_planning;obstacle_avoidance,P2_Wanderer,dynamic_wandering_robot,19.90884,19.90884,0.47034,-0.43905,1,0,0,3,6,32,4,237,4,237,0.47034,-0.43905,-1.98567,0.47034,-0.43905,-1.98567
6.15,PID,HECTOR_GRID_MATCHING,HECTOR_SCAN_MATCHING_GRID,landmarks,task1,PICKUP_T1,MANIPULATING,DIRECT,T1,WS1,-0.88654,-1.73597,2.95346,-0.876,-1.743,2.965,0.01208,0.04493,-2.12,1.1,-1.0,-1.0,0.0,94.44373,NORMAL,0,0,0,0,4,237,4,4,13,237,0.15747,0.0,0,0,-1.46,-1.52,0,0,0.0,0.0,2.83745,"O1:-0.53,-1.25,s80;O2:-0.71,-1.25,s75;O3:-0.89,-1.25,s48;O4:-0.53,-0.89,s34","O1:-0.53,-1.25,s80;O2:-0.71,-1.25,s75;O3:-0.89,-1.25,s48;O4:-0.53,-0.89,s34",RUNNING,UNKNOWN_MAP_SLAM_AVOIDANCE,unknown_map;frontier_targets;static_unknown_obstacles;dynamic_wandering_robot;costmap;slam_path_planning;obstacle_avoidance,P2_Wanderer,dynamic_wandering_robot,19.90884,19.90884,0.45825,-0.4665,1,0,0,3,6,32,4,237,4,237,0.45825,-0.4665,-1.98567,0.45825,-0.4665,-1.98567
6.3,PID,HECTOR_GRID_MATCHING,HECTOR_SCAN_MATCHING_GRID,landmarks,task1,PICKUP_T1,MANIPULATING,DIRECT,T1,WS1,-0.8865,-1.73597,2.95349,-0.875,-1.749,2.956,0.01761,0.04485,-2.12,1.1,-1.0,-1.0,0.0,94.43998,NORMAL,0,0,0,0,4,237,4,4,13,237,0.15747,0.0,0,0,-1.46,-1.52,0,0,0.0,0.0,2.83745,"O1:-0.53,-1.25,s80;O2:-0.71,-1.25,s75;O3:-0.89,-1.25,s48;O4:-0.53,-0.89,s34","O1:-0.53,-1.25,s80;O2:-0.71,-1.25,s75;O3:-0.89,-1.25,s48;O4:-0.53,-0.89,s34",RUNNING,UNKNOWN_MAP_SLAM_AVOIDANCE,unknown_map;frontier_targets;static_unknown_obstacles;dynamic_wandering_robot;costmap;slam_path_planning;obstacle_avoidance,P2_Wanderer,dynamic_wandering_robot,19.90884,19.90884,0.44616,-0.49396,1,0,0,3,6,32,4,237,4,237,0.44616,-0.49396,-1.98567,0.44616,-0.49396,-1.98567
6.45,PID,HECTOR_GRID_MATCHING,HECTOR_SCAN_MATCHING_GRID,landmarks,task1,TO_WS1_DELIVER_T1,MANIPULATING,DIRECT,T1,WS1,-0.88647,-1.73597,2.95353,-0.88,-1.748,2.949,0.01328,0.04479,-2.12,1.1,-1.0,-1.0,0.0,94.43623,NORMAL,0,0,0,0,4,237,4,4,13,237,0.15747,0.0,0,0,-1.46,-1.52,0,0,0.0,0.0,2.83745,"O1:-0.53,-1.25,s80;O2:-0.71,-1.25,s75;O3:-0.89,-1.25,s48;O4:-0.53,-0.89,s34","O1:-0.53,-1.25,s80;O2:-0.71,-1.25,s75;O3:-0.89,-1.25,s48;O4:-0.53,-0.89,s34",RUNNING,UNKNOWN_MAP_SLAM_AVOIDANCE,unknown_map;frontier_targets;static_unknown_obstacles;dynamic_wandering_robot;costmap;slam_path_planning;obstacle_avoidance,P2_Wanderer,dynamic_wandering_robot,19.90884,19.90884,0.43406,-0.52141,1,0,0,3,6,32,4,237,4,237,0.43406,-0.52141,-1.98567,0.43406,-0.52141,-1.98567
6.6,PID,HECTOR_GRID_MATCHING,HECTOR_SCAN_MATCHING_GRID,landmarks,task1,TO_WS1_DELIVER_T1,AVOIDING,SLAM_WAYPOINT,T1,WS1,-0.89228,-1.73543,2.92534,-0.886,-1.742,2.935,0.00701,0.04487,-2.12,1.1,3.09176,0.32373,0.22834,94.41945,NORMAL,0,0,0,0,4,243,4,4,13,243,0.15747,0.0,0,0,-1.367,-1.457,1,0,0.08263,-0.32395,3.20944,"O1:-0.53,-1.25,s80;O2:-0.71,-1.25,s77;O3:-0.89,-1.25,s50;O4:-0.53,-0.89,s34","O1:-0.53,-1.25,s80;O2:-0.71,-1.25,s77;O3:-0.89,-1.25,s50;O4:-0.53,-0.89,s34",RUNNING,UNKNOWN_MAP_SLAM_AVOIDANCE,unknown_map;frontier_targets;static_unknown_obstacles;dynamic_wandering_robot;costmap;slam_path_planning;obstacle_avoidance,P2_Wanderer,dynamic_wandering_robot,19.98236,19.98236,0.42197,-0.54887,1,0,0,5,6,32,4,243,4,243,0.42197,-0.54887,-1.98567,0.42197,-0.54887,-1.98567
6.75,PID,HECTOR_GRID_MATCHING,HECTOR_SCAN_MATCHING_GRID,landmarks,task1,TO_WS1_DELIVER_T1,AVOIDING,DIRECT_AFTER_WAYPOINT,T1,WS1,-0.90525,-1.73445,2.87735,-0.912,-1.74,2.897,0.0128,0.04514,-2.12,1.1,3.08689,0.32069,0.23306,94.39899,NORMAL,0,0,0,0,4,249,4,4,13,249,0.15747,0.0,0,0,-2.12,1.1,0,0,0.39921,-0.98996,3.71787,"O1:-0.71,-1.25,s80;O2:-0.53,-1.25,s80;O3:-0.89,-1.25,s53;O4:-0.53,-0.89,s34","O1:-0.71,-1.25,s80;O2:-0.53,-1.25,s80;O3:-0.89,-1.25,s53;O4:-0.53,-0.89,s34",RUNNING,UNKNOWN_MAP_SLAM_AVOIDANCE,unknown_map;frontier_targets;static_unknown_obstacles;dynamic_wandering_robot;costmap;slam_path_planning;obstacle_avoidance,P2_Wanderer,dynamic_wandering_robot,20.05563,20.05563,0.40988,-0.57632,1,0,0,5,6,32,4,249,4,249,0.40988,-0.57632,-1.98567,0.40988,-0.57632,-1.98567
6.9,PID,HECTOR_GRID_MATCHING,HECTOR_SCAN_MATCHING_GRID,landmarks,task1,TO_WS1_DELIVER_T1,AVOIDING,DIRECT_AFTER_WAYPOINT,T1,WS1,-0.94292,-1.72647,2.7914,-0.933,-1.719,2.825,0.01325,0.04599,-2.12,1.1,3.07187,0.31505,0.24192,94.29948,NORMAL,0,0,0,0,4,255,4,4,13,255,0.15747,0.0,0,0,-2.12,1.1,0,0,0.54506,-1.2234,3.93388,"O1:-0.71,-1.25,s83;O2:-0.53,-1.25,s80;O3:-0.89,-1.25,s56;O4:-0.53,-0.89,s34","O1:-0.71,-1.25,s83;O2:-0.53,-1.25,s80;O3:-0.89,-1.25,s56;O4:-0.53,-0.89,s34",RUNNING,UNKNOWN_MAP_SLAM_AVOIDANCE,unknown_map;frontier_targets;static_unknown_obstacles;dynamic_wandering_robot;costmap;slam_path_planning;obstacle_avoidance,P2_Wanderer,dynamic_wandering_robot,20.12866,20.12866,0.39779,-0.60378,1,0,0,5,6,32,4,255,4,255,0.39779,-0.60378,-1.98567,0.39779,-0.60378,-1.98567
7.05,PID,HECTOR_GRID_MATCHING,HECTOR_SCAN_MATCHING_GRID,landmarks,task1,TO_WS1_DELIVER_T1,AVOIDING,DIRECT_AFTER_WAYPOINT,T1,WS1,-1.0093,-1.70341,2.66851,-0.989,-1.713,2.713,0.00411,0.04759,-2.12,1.1,3.03348,0.30544,0.25741,94.18692,NORMAL,0,0,0,0,4,261,4,4,13,261,0.15747,0.0,0,0,-2.12,1.1,0,0,0.54984,-1.03673,3.98533,"O1:-0.71,-1.25,s86;O2:-0.53,-1.25,s80;O3:-0.89,-1.25,s59;O4:-0.53,-0.89,s34","O1:-0.71,-1.25,s86;O2:-0.53,-1.25,s80;O3:-0.89,-1.25,s59;O4:-0.53,-0.89,s34",RUNNING,UNKNOWN_MAP_SLAM_AVOIDANCE,unknown_map;frontier_targets;static_unknown_obstacles;dynamic_wandering_robot;costmap;slam_path_planning;obstacle_avoidance,P2_Wanderer,dynamic_wandering_robot,20.20144,20.20144,0.38569,-0.63123,1,0,0,5,6,32,4,261,4,261,0.38569,-0.63123,-1.98567,0.38569,-0.63123,-1.98567
7.2,PID,HECTOR_GRID_MATCHING,HECTOR_SCAN_MATCHING_GRID,landmarks,task1,TO_WS1_DELIVER_T1,AVOIDING,DIRECT_AFTER_WAYPOINT,T1,WS1,-1.08073,-1.6679,2.53754,-1.059,-1.678,2.572,0.00322,0.04918,-2.12,1.1,2.97713,0.29644,0.27235,94.07512,NORMAL,0,0,0,0,4,267,4,4,14,267,0.18385,0.0,0,0,-2.12,1.1,0,0,0.54999,-0.78534,4.04833,"O1:-0.71,-1.25,s89;O2:-0.53,-1.25,s80;O3:-0.89,-1.25,s62;O4:-0.53,-0.89,s34","O1:-0.71,-1.25,s89;O2:-0.53,-1.25,s80;O3:-0.89,-1.25,s62;O4:-0.53,-0.89,s34",RUNNING,UNKNOWN_MAP_SLAM_AVOIDANCE,unknown_map;frontier_targets;static_unknown_obstacles;dynamic_wandering_robot;costmap;slam_path_planning;obstacle_avoidance,P2_Wanderer,dynamic_wandering_robot,20.27398,20.27398,0.3736,-0.65869,1,0,0,5,6,32,4,267,4,267,0.3736,-0.65869,-1.98567,0.3736,-0.65869,-1.98567
7.35,PID,HECTOR_GRID_MATCHING,HECTOR_SCAN_MATCHING_GRID,landmarks,task1,TO_WS1_DELIVER_T1,AVOIDING,DIRECT_AFTER_WAYPOINT,T1,WS1,-1.14707,-1.62264,2.43762,-1.131,-1.639,2.46,0.00544,0.05033,-2.12,1.1,2.91398,0.29484,0.27505,93.96449,NORMAL,0,0,0,0,4,273,4,4,14,273,0.20012,0.0,0,0,-2.12,1.1,0,0,0.55,-0.61499,4.09092,"O1:-0.71,-1.25,s92;O2:-0.53,-1.25,s80;O3:-0.89,-1.25,s65;O4:-0.53,-0.89,s34","O1:-0.71,-1.25,s92;O2:-0.53,-1.25,s80;O3:-0.89,-1.25,s65;O4:-0.53,-0.89,s34",RUNNING,UNKNOWN_MAP_SLAM_AVOIDANCE,unknown_map;frontier_targets;static_unknown_obstacles;dynamic_wandering_robot;costmap;slam_path_planning;obstacle_avoidance,P2_Wanderer,dynamic_wandering_robot,20.34628,20.34628,0.36151,-0.68614,1,0,0,5,6,32,4,273,4,273,0.36151,-0.68614,-1.98567,0.36151,-0.68614,-1.98567
7.5,PID,HECTOR_GRID_MATCHING,HECTOR_SCAN_MATCHING_GRID,landmarks,task1,TO_WS1_DELIVER_T1,AVOIDING,DIRECT_AFTER_WAYPOINT,T1,WS1,-1.20876,-1.57046,2.35662,-1.191,-1.572,2.378,0.01681,0.05119,-2.12,1.1,2.84547,0.30923,0.25124,93.85459,NORMAL,0,0,0,0,4,279,4,4,15,279,0.17804,0.0,0,0,-2.12,1.1,0,0,0.55,-0.50578,4.11823,"O1:-0.71,-1.25,s93;O2:-0.53,-1.25,s80;O3:-0.89,-1.25,s70;O4:-0.53,-0.89,s34","O1:-0.71,-1.25,s93;O2:-0.53,-1.25,s80;O3:-0.89,-1.25,s70;O4:-0.53,-0.89,s34",RUNNING,UNKNOWN_MAP_SLAM_AVOIDANCE,unknown_map;frontier_targets;static_unknown_obstacles;dynamic_wandering_robot;costmap;slam_path_planning;obstacle_avoidance,P2_Wanderer,dynamic_wandering_robot,20.41834,20.41834,0.34942,-0.7136,1,0,0,5,6,32,4,279,4,279,0.34942,-0.7136,-1.98567,0.34942,-0.7136,-1.98567
7.65,PID,HECTOR_GRID_MATCHING,HECTOR_SCAN_MATCHING_GRID,landmarks,task1,TO_WS1_DELIVER_T1,AVOIDING,DIRECT,T1,WS1,-1.26624,-1.51339,2.28568,-1.255,-1.529,2.303,0.00819,0.05185,-2.12,1.1,2.77398,0.31497,0.19147,93.74515,NORMAL,0,0,0,0,4,285,4,4,15,285,0.21691,0.0,0,0,-2.12,1.1,0,0,0.55,-0.45943,4.12982,"O1:-0.71,-1.25,s93;O2:-0.53,-1.25,s80;O3:-0.89,-1.25,s76;O4:-0.53,-0.89,s34","O1:-0.71,-1.25,s93;O2:-0.53,-1.25,s80;O3:-0.89,-1.25,s76;O4:-0.53,-0.89,s34",RUNNING,UNKNOWN_MAP_SLAM_AVOIDANCE,unknown_map;frontier_targets;static_unknown_obstacles;dynamic_wandering_robot;costmap;slam_path_planning;obstacle_avoidance,P2_Wanderer,dynamic_wandering_robot,20.49016,20.49016,0.33733,-0.74105,1,0,0,5,6,32,4,285,4,285,0.33733,-0.74105,-1.98567,0.33733,-0.74105,-1.98567
7.8,PID,HECTOR_GRID_MATCHING,HECTOR_SCAN_MATCHING_GRID,landmarks,task1,TO_WS1_DELIVER_T1,AVOIDING,DIRECT,T1,WS1,-1.31962,-1.45225,2.22177,-1.305,-1.477,2.234,0.00475,0.05239,-2.12,1.1,2.70014,0.30336,0.14356,93.63595,NORMAL,0,0,0,0,4,291,4,4,17,291,0.21609,0.0,0,0,-2.12,1.1,0,0,0.55,-0.40411,4.14365,"O1:-0.71,-1.25,s93;O2:-0.89,-1.25,s82;O3:-0.53,-1.25,s80;O4:-0.53,-0.89,s34","O1:-0.71,-1.25,s93;O2:-0.89,-1.25,s82;O3:-0.53,-1.25,s80;O4:-0.53,-0.89,s34",RUNNING,UNKNOWN_MAP_SLAM_AVOIDANCE,unknown_map;frontier_targets;static_unknown_obstacles;dynamic_wandering_robot;costmap;slam_path_planning;obstacle_avoidance,P2_Wanderer,dynamic_wandering_robot,20.56174,20.56174,0.32523,-0.76851,1,0,0,5,6,32,4,291,4,291,0.32523,-0.76851,-1.98567,0.32523,-0.76851,-1.98567
7.95,PID,HECTOR_GRID_MATCHING,HECTOR_SCAN_MATCHING_GRID,landmarks,task1,TO_WS1_DELIVER_T1,AVOIDING,DIRECT,T1,WS1,-1.36903,-1.38774,2.16356,-1.351,-1.418,2.169,0.00881,0.05284,-2.12,1.1,2.62454,0.31127,0.10532,93.52696,NORMAL,0,0,0,0,5,297,5,5,17,297,0.17299,0.0,0,0,-2.12,1.1,0,0,0.55,-0.34801,4.16302,"O1:-0.71,-1.25,s93;O2:-0.89,-1.25,s85;O3:-0.53,-1.25,s80;O4:-0.53,-0.89,s34;O5:-0.89,-1.07,s3","O1:-0.71,-1.25,s93;O2:-0.89,-1.25,s85;O3:-0.53,-1.25,s80;O4:-0.53,-0.89,s34;O5:-0.89,-1.07,s3",RUNNING,UNKNOWN_MAP_SLAM_AVOIDANCE,unknown_map;frontier_targets;static_unknown_obstacles;dynamic_wandering_robot;costmap;slam_path_planning;obstacle_avoidance,P2_Wanderer,dynamic_wandering_robot,23.33308,23.33308,0.31314,-0.79596,1,0,0,5,6,32,5,297,5,297,0.31314,-0.79596,-1.98567,0.31314,-0.79596,-1.98567
8.1,PID,HECTOR_GRID_MATCHING,HECTOR_SCAN_MATCHING_GRID,landmarks,task1,TO_WS1_DELIVER_T1,AVOIDING,DIRECT,T1,WS1,-1.41464,-1.32029,2.11212,-1.396,-1.344,2.122,0.00431,0.05323,-2.12,1.1,2.5473,0.33082,0.07419,93.41826,NORMAL,0,0,0,0,5,303,5,5,18,303,0.2095,0.0,0,0,-2.12,1.1,0,0,0.55,-0.33077,4.17094,"O1:-0.71,-1.25,s93;O2:-0.89,-1.25,s88;O3:-0.53,-1.25,s80;O4:-0.53,-0.89,s34;O5:-0.89,-1.07,s6","O1:-0.71,-1.25,s93;O2:-0.89,-1.25,s88;O3:-0.53,-1.25,s80;O4:-0.53,-0.89,s34;O5:-0.89,-1.07,s6",RUNNING,UNKNOWN_MAP_SLAM_AVOIDANCE,unknown_map;frontier_targets;static_unknown_obstacles;dynamic_wandering_robot;costmap;slam_path_planning;obstacle_avoidance,P2_Wanderer,dynamic_wandering_robot,23.40418,23.40418,0.30105,-0.82342,1,0,0,5,6,32,5,303,5,303,0.30105,-0.82342,-1.98567,0.30105,-0.82342,-1.98567
8.2,PID,HECTOR_GRID_MATCHING,HECTOR_SCAN_MATCHING_GRID,landmarks,task1,TO_WS1_DELIVER_T1,AVOIDING,DIRECT,T1,WS1,-1.44312,-1.27403,2.07958,-1.429,-1.311,2.092,0.01407,0.05347,-2.12,1.1,2.49515,0.35838,0.0574,93.34586,NORMAL,0,0,0,0,5,307,5,5,19,307,0.19238,0.0,0,0,-2.12,1.1,0,0,0.55,-0.32312,4.17286,"O1:-0.71,-1.25,s93;O2:-0.89,-1.25,s90;O3:-0.53,-1.25,s80;O4:-0.53,-0.89,s34;O5:-0.89,-1.07,s8","O1:-0.71,-1.25,s93;O2:-0.89,-1.25,s90;O3:-0.53,-1.25,s80;O4:-0.53,-0.89,s34;O5:-0.89,-1.07,s8",RUNNING,UNKNOWN_MAP_SLAM_AVOIDANCE,unknown_map;frontier_targets;static_unknown_obstacles;dynamic_wandering_robot;costmap;slam_path_planning;obstacle_avoidance,P2_Wanderer,dynamic_wandering_robot,23.45145,23.45145,0.29299,-0.84172,1,0,0,5,6,32,5,307,5,307,0.29299,-0.84172,-1.98567,0.29299,-0.84172,-1.98567
8.3,PID,HECTOR_GRID_MATCHING,HECTOR_SCAN_MATCHING_GRID,landmarks,task1,TO_WS1_DELIVER_T1,AVOIDING,DIRECT,T1,WS1,-1.47007,-1.22683,2.05005,-1.455,-1.258,2.057,0.00795,0.05371,-2.12,1.1,2.44267,0.38487,0.04336,93.27352,NORMAL,0,0,0,0,5,311,5,5,19,311,0.2179,0.0,0,0,-2.12,1.1,0,0,0.55,-0.28764,4.18173,"O1:-0.71,-1.25,s93;O2:-0.89,-1.25,s92;O3:-0.53,-1.25,s80;O4:-0.53,-0.89,s34;O5:-0.89,-1.07,s10","O1:-0.71,-1.25,s93;O2:-0.89,-1.25,s92;O3:-0.53,-1.25,s80;O4:-0.53,-0.89,s34;O5:-0.89,-1.07,s10",RUNNING,UNKNOWN_MAP_SLAM_AVOIDANCE,unknown_map;frontier_targets;static_unknown_obstacles;dynamic_wandering_robot;costmap;slam_path_planning;obstacle_avoidance,P2_Wanderer,dynamic_wandering_robot,23.49862,23.49862,0.28493,-0.86003,1,0,0,5,6,32,5,311,5,311,0.28493,-0.86003,-1.98567,0.28493,-0.86003,-1.98567
8.4,PID,HECTOR_GRID_MATCHING,HECTOR_SCAN_MATCHING_GRID,landmarks,task1,TO_WS1_DELIVER_T1,AVOIDING,DIRECT,T1,WS1,-1.49557,-1.17878,2.02201,-1.477,-1.208,2.033,0.00806,0.05393,-2.12,1.1,2.38973,0.41009,0.03164,93.20126,NORMAL,0,0,0,0,6,315,6,6,19,315,0.23432,0.0,0,0,-2.12,1.1,0,0,0.55,-0.27391,4.18516,"O1:-0.89,-1.25,s94;O2:-0.71,-1.25,s93;O3:-0.53,-1.25,s80;O4:-0.53,-0.89,s34;O5:-0.89,-1.07,s11","O1:-0.89,-1.25,s94;O2:-0.71,-1.25,s93;O3:-0.53,-1.25,s80;O4:-0.53,-0.89,s34;O5:-0.89,-1.07,s11",RUNNING,UNKNOWN_MAP_SLAM_AVOIDANCE,unknown_map;frontier_targets;static_unknown_obstacles;dynamic_wandering_robot;costmap;slam_path_planning;obstacle_avoidance,P2_Wanderer,dynamic_wandering_robot,26.24568,26.24568,0.27686,-0.87833,1,0,0,5,6,32,6,315,6,315,0.27686,-0.87833,-1.98567,0.27686,-0.87833,-1.98567
8.5,PID,HECTOR_GRID_MATCHING,HECTOR_SCAN_MATCHING_GRID,landmarks,task1,TO_WS1_DELIVER_T1,AVOIDING,DIRECT,T1,WS1,-1.51972,-1.13,1.99498,-1.501,-1.157,2.017,0.00734,0.05417,-2.12,1.1,2.33649,0.42134,0.02219,93.12904,NORMAL,0,0,0,0,6,321,6,6,22,321,0.31416,0.0,0,0,-2.12,1.1,0,0,0.55,-0.25676,4.19264,"O1:-0.89,-1.25,s94;O2:-0.71,-1.25,s93;O3:-0.53,-1.25,s80;O4:-0.53,-0.89,s34;O5:-0.89,-1.07,s13;O6:-0.89,-0.89,s3","O1:-0.89,-1.25,s94;O2:-0.71,-1.25,s93;O3:-0.53,-1.25,s80;O4:-0.53,-0.89,s34;O5:-0.89,-1.07,s13;O6:-0.89,-0.89,s3",RUNNING,UNKNOWN_MAP_SLAM_AVOIDANCE,unknown_map;frontier_targets;static_unknown_obstacles;dynamic_wandering_robot;costmap;slam_path_planning;obstacle_avoidance,P2_Wanderer,dynamic_wandering_robot,26.31608,26.31608,0.2688,-0.89663,1,0,0,5,6,32,6,321,6,321,0.2688,-0.89663,-1.98567,0.2688,-0.89663,-1.98567
8.6,PID,HECTOR_GRID_MATCHING,HECTOR_SCAN_MATCHING_GRID,landmarks,task1,TO_WS1_DELIVER_T1,AVOIDING,DIRECT,T1,WS1,-1.54251,-1.08054,1.97077,-1.523,-1.102,2.0,0.00923,0.05441,-2.12,1.1,2.28287,0.44756,0.0146,93.05693,NORMAL,0,0,0,0,7,329,7,7,25,329,0.28251,0.0,0,0,-2.12,1.1,0,0,0.55,-0.24777,4.20069,"O1:-0.89,-1.25,s96;O2:-0.71,-1.25,s93;O3:-0.53,-1.25,s80;O4:-0.53,-0.89,s34;O5:-0.89,-1.07,s15;O6:-0.89,-0.89,s5;O7:-2.33,-0.53,s2","O1:-0.89,-1.25,s96;O2:-0.71,-1.25,s93;O3:-0.53,-1.25,s80;O4:-0.53,-0.89,s34;O5:-0.89,-1.07,s15;O6:-0.89,-0.89,s5;O7:-2.33,-0.53,s2",RUNNING,UNKNOWN_MAP_SLAM_AVOIDANCE,unknown_map;frontier_targets;static_unknown_obstacles;dynamic_wandering_robot;costmap;slam_path_planning;obstacle_avoidance,P2_Wanderer,dynamic_wandering_robot,29.10958,29.10958,0.26074,-0.91494,1,0,0,5,6,32,7,329,7,329,0.26074,-0.91494,-1.98567,0.26074,-0.91494,-1.98567
8.7,PID,HECTOR_GRID_MATCHING,HECTOR_SCAN_MATCHING_GRID,landmarks,task1,TO_WS1_DELIVER_T1,AVOIDING,DIRECT,T1,WS1,-1.56412,-1.03049,1.94702,-1.552,-1.059,1.973,0.00363,0.05466,-2.12,1.1,2.22916,0.47288,0.01013,92.98482,NORMAL,0,0,0,0,7,336,7,7,28,336,0.27898,0.0,0,0,-2.12,1.1,0,0,0.55,-0.22453,4.2065,"O1:-0.89,-1.25,s98;O2:-0.71,-1.25,s93;O3:-0.53,-1.25,s80;O4:-0.53,-0.89,s34;O5:-0.89,-1.07,s17;O6:-0.89,-0.89,s7;O7:-2.33,-0.53,s4","O1:-0.89,-1.25,s98;O2:-0.71,-1.25,s93;O3:-0.53,-1.25,s80;O4:-0.53,-0.89,s34;O5:-0.89,-1.07,s17;O6:-0.89,-0.89,s7;O7:-2.33,-0.53,s4",RUNNING,UNKNOWN_MAP_SLAM_AVOIDANCE,unknown_map;frontier_targets;static_unknown_obstacles;dynamic_wandering_robot;costmap;slam_path_planning;obstacle_avoidance,P2_Wanderer,dynamic_wandering_robot,29.19105,29.19105,0.25268,-0.93324,1,0,0,5,6,32,7,336,7,336,0.25268,-0.93324,-1.98567,0.25268,-0.93324,-1.98567
8.8,PID,HECTOR_GRID_MATCHING,HECTOR_SCAN_MATCHING_GRID,landmarks,task1,TO_WS1_DELIVER_T1,AVOIDING,DIRECT,T1,WS1,-1.58448,-0.9799,1.92535,-1.583,-0.997,1.949,0.01189,0.0549,-2.12,1.1,2.17515,0.49721,0.00706,92.91278,NORMAL,0,0,0,0,7,344,7,7,29,344,0.26823,0.0,0,0,-2.12,1.1,0,0,0.55,-0.20555,4.21221,"O1:-0.89,-1.25,s100;O2:-0.71,-1.25,s93;O3:-0.53,-1.25,s80;O4:-0.53,-0.89,s34;O5:-0.89,-1.07,s19;O6:-2.33,-0.53,s7;O7:-0.89,-0.89,s7","O1:-0.89,-1.25,s100;O2:-0.71,-1.25,s93;O3:-0.53,-1.25,s80;O4:-0.53,-0.89,s34;O5:-0.89,-1.07,s19;O6:-2.33,-0.53,s7;O7:-0.89,-0.89,s7",RUNNING,UNKNOWN_MAP_SLAM_AVOIDANCE,unknown_map;frontier_targets;static_unknown_obstacles;dynamic_wandering_robot;costmap;slam_path_planning;obstacle_avoidance,P2_Wanderer,dynamic_wandering_robot,29.28377,29.28377,0.24462,-0.95154,1,0,0,5,6,32,7,344,7,344,0.24462,-0.95154,-1.98567,0.24462,-0.95154,-1.98567
8.9,PID,HECTOR_GRID_MATCHING,HECTOR_SCAN_MATCHING_GRID,landmarks,task1,TO_WS1_DELIVER_T1,AVOIDING,DIRECT,T1,WS1,-1.60375,-0.9288,1.90627,-1.598,-0.94,1.932,0.0147,0.05513,-2.12,1.1,2.12095,0.51961,0.00472,92.84082,NORMAL,0,0,0,0,7,352,7,7,30,352,0.25807,0.0,0,0,-2.12,1.1,0,0,0.55,-0.1815,4.21822,"O1:-0.89,-1.25,s100;O2:-0.71,-1.25,s93;O3:-0.53,-1.25,s80;O4:-0.53,-0.89,s34;O5:-0.89,-1.07,s22;O6:-2.33,-0.53,s11;O7:-0.89,-0.89,s8","O1:-0.89,-1.25,s100;O2:-0.71,-1.25,s93;O3:-0.53,-1.25,s80;O4:-0.53,-0.89,s34;O5:-0.89,-1.07,s22;O6:-2.33,-0.53,s11;O7:-0.89,-0.89,s8",RUNNING,UNKNOWN_MAP_SLAM_AVOIDANCE,unknown_map;frontier_targets;static_unknown_obstacles;dynamic_wandering_robot;costmap;slam_path_planning;obstacle_avoidance,P2_Wanderer,dynamic_wandering_robot,29.37608,29.37608,0.23656,-0.96985,1,0,0,5,6,32,7,352,7,352,0.23656,-0.96985,-1.98567,0.23656,-0.96985,-1.98567
9.0,PID,HECTOR_GRID_MATCHING,HECTOR_SCAN_MATCHING_GRID,landmarks,task1,TO_WS1_DELIVER_T1,AVOIDING,DIRECT,T1,WS1,-1.62202,-0.87728,1.89088,-1.617,-0.893,1.909,0.01115,0.05537,-2.12,1.1,2.06662,0.53861,0.0031,92.76898,NORMAL,0,0,0,0,7,360,7,7,32,360,0.27777,0.0,0,0,-2.12,1.1,0,0,0.55,-0.15059,4.22594,"O1:-0.89,-1.25,s100;O2:-0.71,-1.25,s93;O3:-0.53,-1.25,s80;O4:-0.53,-0.89,s34;O5:-0.89,-1.07,s24;O6:-2.33,-0.53,s15;O7:-0.89,-0.89,s10","O1:-0.89,-1.25,s100;O2:-0.71,-1.25,s93;O3:-0.53,-1.25,s80;O4:-0.53,-0.89,s34;O5:-0.89,-1.07,s24;O6:-2.33,-0.53,s15;O7:-0.89,-0.89,s10",RUNNING,UNKNOWN_MAP_SLAM_AVOIDANCE,unknown_map;frontier_targets;static_unknown_obstacles;dynamic_wandering_robot;costmap;slam_path_planning;obstacle_avoidance,P2_Wanderer,dynamic_wandering_robot,29.46799,29.46799,0.22849,-0.98815,1,0,0,5,6,32,7,360,7,360,0.22849,-0.98815,-1.98567,0.22849,-0.98815,-1.98567
9.1,PID,HECTOR_GRID_MATCHING,HECTOR_SCAN_MATCHING_GRID,landmarks,task1,TO_WS1_DELIVER_T1,AVOIDING,DIRECT,T1,WS1,-1.63939,-0.82546,1.87642,-1.639,-0.838,1.895,0.01623,0.0556,-2.12,1.1,2.01214,0.55674,0.00556,92.69721,NORMAL,0,0,0,0,8,368,8,8,33,368,0.25614,0.0,0,0,-2.12,1.1,0,0,0.55,-0.14613,4.22807,"O1:-0.89,-1.25,s100;O2:-0.71,-1.25,s93;O3:-0.53,-1.25,s80;O4:-0.53,-0.89,s34;O5:-0.89,-1.07,s26;O6:-2.33,-0.53,s17;O7:-0.89,-0.89,s12;O8:-2.33,-0.35,s2","O1:-0.89,-1.25,s100;O2:-0.71,-1.25,s93;O3:-0.53,-1.25,s80;O4:-0.53,-0.89,s34;O5:-0.89,-1.07,s26;O6:-2.33,-0.53,s17;O7:-0.89,-0.89,s12;O8:-2.33,-0.35,s2",RUNNING,UNKNOWN_MAP_SLAM_AVOIDANCE,unknown_map;frontier_targets;static_unknown_obstacles;dynamic_wandering_robot;costmap;slam_path_planning;obstacle_avoidance,P2_Wanderer,dynamic_wandering_robot,32.25948,32.25948,0.22043,-1.00645,1,0,0,5,6,32,8,368,8,368,0.22043,-1.00645,-1.98567,0.22043,-1.00645,-1.98567
9.2,PID,HECTOR_GRID_MATCHING,HECTOR_SCAN_MATCHING_GRID,landmarks,task1,TO_WS1_DELIVER_T1,AVOIDING,DIRECT,T1,WS1,-1.65608,-0.77331,1.86427,-1.645,-0.786,1.878,0.01414,0.05584,-2.12,1.1,1.95756,0.54336,0.01528,92.6255,NORMAL,0,0,0,0,8,375,8,8,34,375,0.23664,0.0,0,0,-2.12,1.1,0,0,0.55,-0.12116,4.23432,"O1:-0.89,-1.25,s100;O2:-0.71,-1.25,s93;O3:-0.53,-1.25,s80;O4:-0.53,-0.89,s34;O5:-0.89,-1.07,s28;O6:-2.33,-0.53,s19;O7:-0.89,-0.89,s14;O8:-2.33,-0.35,s4","O1:-0.89,-1.25,s100;O2:-0.71,-1.25,s93;O3:-0.53,-1.25,s80;O4:-0.53,-0.89,s34;O5:-0.89,-1.07,s28;O6:-2.33,-0.53,s19;O7:-0.89,-0.89,s14;O8:-2.33,-0.35,s4",RUNNING,UNKNOWN_MAP_SLAM_AVOIDANCE,unknown_map;frontier_targets;static_unknown_obstacles;dynamic_wandering_robot;costmap;slam_path_planning;obstacle_avoidance,P2_Wanderer,dynamic_wandering_robot,32.3392,32.3392,0.21237,-1.02476,1,0,0,5,6,32,8,375,8,375,0.21237,-1.02476,-1.98567,0.21237,-1.02476,-1.98567
9.3,PID,HECTOR_GRID_MATCHING,HECTOR_SCAN_MATCHING_GRID,landmarks,task1,TO_WS1_DELIVER_T1,AVOIDING,DIRECT,T1,WS1,-1.6721,-0.72099,1.85145,-1.659,-0.748,1.871,0.00539,0.05609,-2.12,1.1,1.90294,0.51918,0.02645,92.55383,NORMAL,0,0,0,0,8,381,8,8,35,381,0.24872,0.0,0,0,-2.12,1.1,0,0,0.55,-0.13848,4.23989,"O1:-0.89,-1.25,s100;O2:-0.71,-1.25,s93;O3:-0.53,-1.25,s80;O4:-0.53,-0.89,s34;O5:-0.89,-1.07,s29;O6:-2.33,-0.53,s21;O7:-0.89,-0.89,s15;O8:-2.33,-0.35,s6","O1:-0.89,-1.25,s100;O2:-0.71,-1.25,s93;O3:-0.53,-1.25,s80;O4:-0.53,-0.89,s34;O5:-0.89,-1.07,s29;O6:-2.33,-0.53,s21;O7:-0.89,-0.89,s15;O8:-2.33,-0.35,s6",RUNNING,UNKNOWN_MAP_SLAM_AVOIDANCE,unknown_map;frontier_targets;static_unknown_obstacles;dynamic_wandering_robot;costmap;slam_path_planning;obstacle_avoidance,P2_Wanderer,dynamic_wandering_robot,32.40729,32.40729,0.20431,-1.04306,1,0,0,5,6,32,8,381,8,381,0.20431,-1.04306,-1.98567,0.20431,-1.04306,-1.98567
9.4,PID,HECTOR_GRID_MATCHING,HECTOR_SCAN_MATCHING_GRID,landmarks,task1,TO_WS1_DELIVER_T1,AVOIDING,DIRECT,T1,WS1,-1.68747,-0.66847,1.83957,-1.672,-0.699,1.85,0.00914,0.05636,-2.12,1.1,1.84829,0.49186,0.04272,92.48211,NORMAL,0,0,0,0,8,389,8,8,37,389,0.24537,0.0,0,0,-2.12,1.1,0,0,0.55,-0.11241,4.24641,"O1:-0.89,-1.25,s101;O2:-0.71,-1.25,s93;O3:-0.53,-1.25,s80;O4:-0.53,-0.89,s34;O5:-0.89,-1.07,s29;O6:-2.33,-0.53,s22;O7:-0.89,-0.89,s17;O8:-2.33,-0.35,s9","O1:-0.89,-1.25,s101;O2:-0.71,-1.25,s93;O3:-0.53,-1.25,s80;O4:-0.53,-0.89,s34;O5:-0.89,-1.07,s29;O6:-2.33,-0.53,s22;O7:-0.89,-0.89,s17;O8:-2.33,-0.35,s9",RUNNING,UNKNOWN_MAP_SLAM_AVOIDANCE,unknown_map;frontier_targets;static_unknown_obstacles;dynamic_wandering_robot;costmap;slam_path_planning;obstacle_avoidance,P2_Wanderer,dynamic_wandering_robot,32.49773,32.49773,0.19625,-1.06136,1,0,0,5,6,32,8,389,8,389,0.19625,-1.06136,-1.98567,0.19625,-1.06136,-1.98567
9.5,PID,HECTOR_GRID_MATCHING,HECTOR_SCAN_MATCHING_GRID,landmarks,task1,TO_WS1_DELIVER_T1,AVOIDING,DIRECT,T1,WS1,-1.70221,-0.61573,1.82758,-1.687,-0.641,1.835,0.00756,0.05662,-2.12,1.1,1.79363,0.45836,0.06797,92.41046,NORMAL,0,0,0,0,9,397,9,9,38,397,0.25001,0.0,0,0,-2.12,1.1,0,0,0.55,-0.12049,4.24843,"O1:-0.89,-1.25,s103;O2:-0.71,-1.25,s93;O3:-0.53,-1.25,s80;O4:-0.53,-0.89,s34;O5:-0.89,-1.07,s29;O6:-2.33,-0.53,s22;O7:-0.89,-0.89,s19;O8:-2.33,-0.35,s12","O1:-0.89,-1.25,s103;O2:-0.71,-1.25,s93;O3:-0.53,-1.25,s80;O4:-0.53,-0.89,s34;O5:-0.89,-1.07,s29;O6:-2.33,-0.53,s22;O7:-0.89,-0.89,s19;O8:-2.33,-0.35,s12",RUNNING,UNKNOWN_MAP_SLAM_AVOIDANCE,unknown_map;frontier_targets;static_unknown_obstacles;dynamic_wandering_robot;costmap;slam_path_planning;obstacle_avoidance,P2_Wanderer,dynamic_wandering_robot,35.28776,35.28776,0.18834,-1.0613,1,0,0,5,6,32,9,397,9,397,0.18834,-1.0613,1.96955,0.18834,-1.0613,1.96955
9.6,PID,HECTOR_GRID_MATCHING,HECTOR_SCAN_MATCHING_GRID,landmarks,task1,TO_WS1_DELIVER_T1,AVOIDING,DIRECT,T1,WS1,-1.71644,-0.56302,1.81007,-1.697,-0.6,1.826,0.01602,0.0528,-2.12,1.1,1.73889,0.43033,0.09359,92.33873,NORMAL,0,0,0,0,9,407,9,9,39,407,0.24562,0.89955,0,0,-2.12,1.1,0,0,0.55,-0.20695,4.27004,"O1:-0.89,-1.25,s105;O2:-0.71,-1.25,s93;O3:-0.53,-1.25,s80;O4:-0.53,-0.89,s34;O5:-0.89,-1.07,s29;O6:-2.33,-0.53,s23;O7:-0.89,-0.89,s21;O8:-2.33,-0.35,s14;O9:-2.33,-0.17,s3","O1:-0.89,-1.25,s105;O2:-0.71,-1.25,s93;O3:-0.53,-1.25,s80;O4:-0.53,-0.89,s34;O5:-0.89,-1.07,s29;O6:-2.33,-0.53,s23;O7:-0.89,-0.89,s21;O8:-2.33,-0.35,s14;O9:-2.33,-0.17,s3",RUNNING,UNKNOWN_MAP_SLAM_AVOIDANCE,unknown_map;frontier_targets;static_unknown_obstacles;dynamic_wandering_robot;costmap;slam_path_planning;obstacle_avoidance,P2_Wanderer,dynamic_wandering_robot,35.39974,35.39974,0.18057,-1.04287,1,0,0,5,6,32,9,407,9,407,0.18057,-1.04287,1.96955,0.18057,-1.04287,1.96955
9.7,PID,HECTOR_GRID_MATCHING,HECTOR_SCAN_MATCHING_GRID,landmarks,task1,TO_WS1_DELIVER_T1,AVOIDING,DIRECT,T1,WS1,-1.72992,-0.51024,1.78365,-1.716,-0.547,1.841,0.01307,0.04728,-2.12,1.1,1.68432,0.41822,0.10592,92.26669,NORMAL,0,0,0,0,9,417,9,9,42,417,0.25355,0.94116,0,0,-2.12,1.1,0,0,0.55,-0.29244,4.29142,"O1:-0.89,-1.25,s106;O2:-0.71,-1.25,s93;O3:-0.53,-1.25,s80;O4:-0.53,-0.89,s34;O5:-0.89,-1.07,s30;O6:-2.33,-0.53,s25;O7:-0.89,-0.89,s22;O8:-2.33,-0.35,s16;O9:-2.33,-0.17,s5","O1:-0.89,-1.25,s106;O2:-0.71,-1.25,s93;O3:-0.53,-1.25,s80;O4:-0.53,-0.89,s34;O5:-0.89,-1.07,s30;O6:-2.33,-0.53,s25;O7:-0.89,-0.89,s22;O8:-2.33,-0.35,s16;O9:-2.33,-0.17,s5",RUNNING,UNKNOWN_MAP_SLAM_AVOIDANCE,unknown_map;frontier_targets;static_unknown_obstacles;dynamic_wandering_robot;costmap;slam_path_planning;obstacle_avoidance,P2_Wanderer,dynamic_wandering_robot,35.5111,35.5111,0.1728,-1.02444,1,0,0,5,6,32,9,417,9,417,0.1728,-1.02444,1.96955,0.1728,-1.02444,1.96955
9.8,PID,HECTOR_GRID_MATCHING,HECTOR_SCAN_MATCHING_GRID,landmarks,task1,TO_WS1_DELIVER_T1,AVOIDING,DIRECT,T1,WS1,-1.74179,-0.45707,1.76227,-1.738,-0.512,1.791,0.02798,0.04717,-2.12,1.1,1.62997,0.41091,0.11373,92.1946,NORMAL,0,0,0,0,9,425,9,9,43,425,0.25719,0.79907,0,0,-2.12,1.1,0,0,0.55,-0.21658,4.32453,"O1:-0.89,-1.25,s106;O2:-0.71,-1.25,s93;O3:-0.53,-1.25,s80;O4:-0.53,-0.89,s34;O5:-0.89,-1.07,s31;O6:-2.33,-0.53,s27;O7:-0.89,-0.89,s24;O8:-2.33,-0.35,s18;O9:-2.33,-0.17,s7","O1:-0.89,-1.25,s106;O2:-0.71,-1.25,s93;O3:-0.53,-1.25,s80;O4:-0.53,-0.89,s34;O5:-0.89,-1.07,s31;O6:-2.33,-0.53,s27;O7:-0.89,-0.89,s24;O8:-2.33,-0.35,s18;O9:-2.33,-0.17,s7",RUNNING,UNKNOWN_MAP_SLAM_AVOIDANCE,unknown_map;frontier_targets;static_unknown_obstacles;dynamic_wandering_robot;costmap;slam_path_planning;obstacle_avoidance,P2_Wanderer,dynamic_wandering_robot,35.59974,35.59974,0.16504,-1.00601,1,0,0,5,6,32,9,425,9,425,0.16504,-1.00601,1.96955,0.16504,-1.00601,1.96955
9.9,PID,HECTOR_GRID_MATCHING,HECTOR_SCAN_MATCHING_GRID,landmarks,task1,TO_WS1_DELIVER_T1,AVOIDING,DIRECT,T1,WS1,-1.75253,-0.40368,1.73764,-1.753,-0.45,1.768,0.02037,0.05005,-2.12,1.1,1.57549,0.38523,0.14339,92.12257,NORMAL,0,0,0,0,10,434,10,10,45,434,0.25278,0.79907,0,0,-2.12,1.1,0,0,0.55,-0.26227,4.33595,"O1:-0.89,-1.25,s106;O2:-0.71,-1.25,s93;O3:-0.53,-1.25,s80;O4:-0.53,-0.89,s34;O5:-0.89,-1.07,s31;O6:-2.33,-0.53,s28;O7:-0.89,-0.89,s26;O8:-2.33,-0.35,s20;O9:-2.33,-0.17,s8;O10:-2.33,0.01,s2","O1:-0.89,-1.25,s106;O2:-0.71,-1.25,s93;O3:-0.53,-1.25,s80;O4:-0.53,-0.89,s34;O5:-0.89,-1.07,s31;O6:-2.33,-0.53,s28;O7:-0.89,-0.89,s26;O8:-2.33,-0.35,s20;O9:-2.33,-0.17,s8;O10:-2.33,0.01,s2",RUNNING,UNKNOWN_MAP_SLAM_AVOIDANCE,unknown_map;frontier_targets;static_unknown_obstacles;dynamic_wandering_robot;costmap;slam_path_planning;obstacle_avoidance,P2_Wanderer,dynamic_wandering_robot,38.39899,38.39899,0.15727,-0.98757,1,0,0,5,6,32,10,434,10,434,0.15727,-0.98757,1.96955,0.15727,-0.98757,1.96955
10.0,PID,HECTOR_GRID_MATCHING,HECTOR_SCAN_MATCHING_GRID,landmarks,task1,TO_WS1_DELIVER_T1,AVOIDING,DIRECT,T1,WS1,-1.76198,-0.35273,1.69808,-1.76,-0.343,1.85,0.03429,0.04567,-2.12,1.1,1.52158,0.3775,0.15299,92.05153,NORMAL,0,0,0,0,11,444,11,11,47,444,0.25439,0.9035,0,0,-2.12,1.1,0,0,0.50852,-0.45045,4.42447,"O1:-0.89,-1.25,s106;O2:-0.71,-1.25,s93;O3:-0.53,-1.25,s80;O4:-0.53,-0.89,s34;O5:-0.89,-1.07,s31;O6:-2.33,-0.53,s30;O7:-0.89,-0.89,s27;O8:-2.33,-0.35,s22;O9:-2.33,-0.17,s10;O10:-2.33,0.01,s4;O11:-0.89,-0.71,s2","O1:-0.89,-1.25,s106;O2:-0.71,-1.25,s93;O3:-0.53,-1.25,s80;O4:-0.53,-0.89,s34;O5:-0.89,-1.07,s31;O6:-2.33,-0.53,s30;O7:-0.89,-0.89,s27;O8:-2.33,-0.35,s22;O9:-2.33,-0.17,s10;O10:-2.33,0.01,s4;O11:-0.89,-0.71,s2",RUNNING,UNKNOWN_MAP_SLAM_AVOIDANCE,unknown_map;frontier_targets;static_unknown_obstacles;dynamic_wandering_robot;costmap;slam_path_planning;obstacle_avoidance,P2_Wanderer,dynamic_wandering_robot,41.20869,41.20869,0.14951,-0.96914,1,0,0,5,6,32,11,444,11,444,0.14951,-0.96914,1.96955,0.14951,-0.96914,1.96955
10.1,PID,HECTOR_GRID_MATCHING,HECTOR_SCAN_MATCHING_GRID,landmarks,task1,TO_WS1_DELIVER_T1,AVOIDING,DIRECT,T1,WS1,-1.76942,-0.30262,1.65845,-1.784,-0.342,1.804,0.02301,0.04295,-2.12,1.1,1.4711,0.37278,0.159,91.98313,NORMAL,0,0,0,0,11,454,11,11,49,454,0.24609,0.92306,0,0,-2.12,1.1,0,0,0.50623,-0.35235,4.47704,"O1:-0.89,-1.25,s106;O2:-0.71,-1.25,s93;O3:-0.53,-1.25,s80;O4:-0.53,-0.89,s34;O5:-2.33,-0.53,s32;O6:-0.89,-1.07,s31;O7:-0.89,-0.89,s27;O8:-2.33,-0.35,s24;O9:-2.33,-0.17,s12;O10:-2.33,0.01,s6;O11:-0.89,-0.71,s4","O1:-0.89,-1.25,s106;O2:-0.71,-1.25,s93;O3:-0.53,-1.25,s80;O4:-0.53,-0.89,s34;O5:-2.33,-0.53,s32;O6:-0.89,-1.07,s31;O7:-0.89,-0.89,s27;O8:-2.33,-0.35,s24;O9:-2.33,-0.17,s12;O10:-2.33,0.01,s6;O11:-0.89,-0.71,s4",RUNNING,UNKNOWN_MAP_SLAM_AVOIDANCE,unknown_map;frontier_targets;static_unknown_obstacles;dynamic_wandering_robot;costmap;slam_path_planning;obstacle_avoidance,P2_Wanderer,dynamic_wandering_robot,41.31778,41.31778,0.14174,-0.95071,1,0,0,5,6,32,11,454,11,454,0.14174,-0.95071,1.96955,0.14174,-0.95071,1.96955
10.2,PID,HECTOR_GRID_MATCHING,HECTOR_SCAN_MATCHING_GRID,landmarks,task1,TO_WS1_DELIVER_T1,AVOIDING,DIRECT,T1,WS1,-1.77411,-0.25226,1.63782,-1.772,-0.366,1.708,0.08792,0.04111,-2.12,1.1,1.4214,0.36975,0.16292,91.9157,NORMAL,0,0,0,0,12,463,12,12,49,463,0.22981,0.91425,0,0,-2.12,1.1,0,0,0.51647,-0.15994,4.55779,"O1:-0.89,-1.25,s106;O2:-0.71,-1.25,s93;O3:-0.53,-1.25,s80;O4:-2.33,-0.53,s34;O5:-0.53,-0.89,s34;O6:-0.89,-1.07,s31;O7:-0.89,-0.89,s28;O8:-2.33,-0.35,s26;O9:-2.33,-0.17,s14;O10:-2.33,0.01,s6;O11:-0.89,-0.71,s5;O12:-2.33,0.19,s2","O1:-0.89,-1.25,s106;O2:-0.71,-1.25,s93;O3:-0.53,-1.25,s80;O4:-2.33,-0.53,s34;O5:-0.53,-0.89,s34;O6:-0.89,-1.07,s31;O7:-0.89,-0.89,s28;O8:-2.33,-0.35,s26;O9:-2.33,-0.17,s14;O10:-2.33,0.01,s6;O11:-0.89,-0.71,s5;O12:-2.33,0.19,s2",RUNNING,UNKNOWN_MAP_SLAM_AVOIDANCE,unknown_map;frontier_targets;static_unknown_obstacles;dynamic_wandering_robot;costmap;slam_path_planning;obstacle_avoidance,P2_Wanderer,dynamic_wandering_robot,44.11545,44.11545,0.13398,-0.93228,1,0,0,6,6,32,12,463,12,463,0.13398,-0.93228,1.96955,0.13398,-0.93228,1.96955
10.3,PID,HECTOR_GRID_MATCHING,HECTOR_SCAN_MATCHING_GRID,landmarks,task1,TO_WS1_DELIVER_T1,AVOIDING,DIRECT,T1,WS1,-1.77726,-0.20385,1.62715,-1.775,-0.288,1.668,0.0599,0.04539,-2.12,1.1,1.37183,0.3673,0.16612,91.84947,NORMAL,0,0,0,0,12,471,12,12,49,471,0.24323,0.91425,0,0,-2.12,1.1,0,0,0.47623,-0.07126,4.6202,"O1:-0.89,-1.25,s106;O2:-0.71,-1.25,s93;O3:-0.53,-1.25,s80;O4:-2.33,-0.53,s36;O5:-0.53,-0.89,s34;O6:-0.89,-1.07,s31;O7:-0.89,-0.89,s28;O8:-2.33,-0.35,s27;O9:-2.33,-0.17,s16;O10:-2.33,0.01,s7;O11:-0.89,-0.71,s5;O12:-2.33,0.19,s4","O1:-0.89,-1.25,s106;O2:-0.71,-1.25,s93;O3:-0.53,-1.25,s80;O4:-2.33,-0.53,s36;O5:-0.53,-0.89,s34;O6:-0.89,-1.07,s31;O7:-0.89,-0.89,s28;O8:-2.33,-0.35,s27;O9:-2.33,-0.17,s16;O10:-2.33,0.01,s7;O11:-0.89,-0.71,s5;O12:-2.33,0.19,s4",RUNNING,UNKNOWN_MAP_SLAM_AVOIDANCE,unknown_map;frontier_targets;static_unknown_obstacles;dynamic_wandering_robot;costmap;slam_path_planning;obstacle_avoidance,P2_Wanderer,dynamic_wandering_robot,44.20186,44.20186,0.12621,-0.91385,1,0,0,6,6,32,12,471,12,471,0.12621,-0.91385,1.96955,0.12621,-0.91385,1.96955
10.4,PID,HECTOR_GRID_MATCHING,HECTOR_SCAN_MATCHING_GRID,landmarks,task1,TO_WS1_DELIVER_T1,AVOIDING,DIRECT,T1,WS1,-1.77976,-0.15855,1.62365,-1.775,-0.224,1.647,0.04368,0.04828,-2.12,1.1,1.32585,0.36518,0.16892,91.78819,NORMAL,0,0,0,0,13,479,13,13,52,479,0.23901,0.91425,0,0,-2.12,1.1,0,0,0.4458,-0.02841,4.66134,"O1:-0.89,-1.25,s106;O2:-0.71,-1.25,s93;O3:-0.53,-1.25,s80;O4:-2.33,-0.53,s36;O5:-0.53,-0.89,s34;O6:-0.89,-1.07,s31;O7:-2.33,-0.35,s29;O8:-0.89,-0.89,s28;O9:-2.33,-0.17,s18;O10:-2.33,0.01,s9;O11:-0.89,-0.71,s5;O12:-2.33,0.19,s5","O1:-0.89,-1.25,s106;O2:-0.71,-1.25,s93;O3:-0.53,-1.25,s80;O4:-2.33,-0.53,s36;O5:-0.53,-0.89,s34;O6:-0.89,-1.07,s31;O7:-2.33,-0.35,s29;O8:-0.89,-0.89,s28;O9:-2.33,-0.17,s18;O10:-2.33,0.01,s9;O11:-0.89,-0.71,s5;O12:-2.33,0.19,s5",RUNNING,UNKNOWN_MAP_SLAM_AVOIDANCE,unknown_map;frontier_targets;static_unknown_obstacles;dynamic_wandering_robot;costmap;slam_path_planning;obstacle_avoidance,P2_Wanderer,dynamic_wandering_robot,46.98788,46.98788,0.11845,-0.89542,1,0,0,6,6,32,13,479,13,479,0.11845,-0.89542,1.96955,0.11845,-0.89542,1.96955
10.5,PID,HECTOR_GRID_MATCHING,HECTOR_SCAN_MATCHING_GRID,landmarks,task1,TO_WS1_DELIVER_T1,AVOIDING,SLAM_WAYPOINT,T1,WS1,-1.78185,-0.12293,1.62392,-1.782,-0.171,1.634,0.03287,0.04995,-2.12,1.1,1.2844,0.363,0.17183,91.74802,NORMAL,0,0,0,0,13,488,13,13,52,488,0.24695,0.91425,0,0,-1.827,0.504,1,0,0.13804,-0.42476,5.09701,"O1:-0.89,-1.25,s106;O2:-0.71,-1.25,s93;O3:-0.53,-1.25,s80;O4:-2.33,-0.53,s36;O5:-0.53,-0.89,s34;O6:-0.89,-1.07,s31;O7:-2.33,-0.35,s31;O8:-0.89,-0.89,s28;O9:-2.33,-0.17,s20;O10:-2.33,0.01,s10;O11:-2.33,0.19,s6;O12:-0.89,-0.71,s5;O13:-2.33,0.37,s3","O1:-0.89,-1.25,s106;O2:-0.71,-1.25,s93;O3:-0.53,-1.25,s80;O4:-2.33,-0.53,s36;O5:-0.53,-0.89,s34;O6:-0.89,-1.07,s31;O7:-2.33,-0.35,s31;O8:-0.89,-0.89,s28;O9:-2.33,-0.17,s20;O10:-2.33,0.01,s10;O11:-2.33,0.19,s6;O12:-0.89,-0.71,s5;O13:-2.33,0.37,s3",RUNNING,UNKNOWN_MAP_SLAM_AVOIDANCE,unknown_map;frontier_targets;static_unknown_obstacles;dynamic_wandering_robot;costmap;slam_path_planning;obstacle_avoidance,P2_Wanderer,dynamic_wandering_robot,47.0842,47.0842,0.11068,-0.87699,1,0,0,7,6,32,13,488,13,488,0.11068,-0.87699,1.96955,0.11068,-0.87699,1.96955
10.6,PID,HECTOR_GRID_MATCHING,HECTOR_SCAN_MATCHING_GRID,landmarks,task1,TO_WS1_DELIVER_T1,AVOIDING,SLAM_WAYPOINT,T1,WS1,-1.78312,-0.10209,1.62142,-1.798,-0.136,1.647,0.02923,0.0438,-2.12,1.1,1.25784,0.36122,0.17421,91.72788,NORMAL,0,0,0,0,13,498,13,13,52,498,0.2404,0.8768,0,0,-1.827,0.501,1,0,0.1242,-0.46428,5.15596,"O1:-0.89,-1.25,s106;O2:-0.71,-1.25,s93;O3:-0.53,-1.25,s80;O4:-2.33,-0.53,s38;O5:-0.53,-0.89,s34;O6:-2.33,-0.35,s33;O7:-0.89,-1.07,s31;O8:-0.89,-0.89,s28;O9:-2.33,-0.17,s20;O10:-2.33,0.01,s12;O11:-2.33,0.19,s8;O12:-0.89,-0.71,s5;O13:-2.33,0.37,s5","O1:-0.89,-1.25,s106;O2:-0.71,-1.25,s93;O3:-0.53,-1.25,s80;O4:-2.33,-0.53,s38;O5:-0.53,-0.89,s34;O6:-2.33,-0.35,s33;O7:-0.89,-1.07,s31;O8:-0.89,-0.89,s28;O9:-2.33,-0.17,s20;O10:-2.33,0.01,s12;O11:-2.33,0.19,s8;O12:-0.89,-0.71,s5;O13:-2.33,0.37,s5",RUNNING,UNKNOWN_MAP_SLAM_AVOIDANCE,unknown_map;frontier_targets;static_unknown_obstacles;dynamic_wandering_robot;costmap;slam_path_planning;obstacle_avoidance,P2_Wanderer,dynamic_wandering_robot,47.19066,47.19066,0.10292,-0.85856,1,0,0,7,6,32,13,498,13,498,0.10292,-0.85856,1.96955,0.10292,-0.85856,1.96955
10.7,PID,HECTOR_GRID_MATCHING,HECTOR_SCAN_MATCHING_GRID,landmarks,task1,TO_WS1_DELIVER_T1,AVOIDING,SLAM_WAYPOINT,T1,WS1,-1.78448,-0.08816,1.6005,-1.792,-0.13,1.583,0.03677,0.03955,-2.12,1.1,1.24107,0.36116,0.17429,91.70855,NORMAL,0,0,0,0,13,508,13,13,54,508,0.24182,0.93239,0,0,-1.828,0.504,1,0,0.1236,-0.27133,5.20984,"O1:-0.89,-1.25,s106;O2:-0.71,-1.25,s93;O3:-0.53,-1.25,s80;O4:-2.33,-0.53,s40;O5:-0.53,-0.89,s34;O6:-2.33,-0.35,s34;O7:-0.89,-1.07,s31;O8:-0.89,-0.89,s28;O9:-2.33,-0.17,s21;O10:-2.33,0.01,s14;O11:-2.33,0.19,s10;O12:-2.33,0.37,s7;O13:-0.89,-0.71,s5","O1:-0.89,-1.25,s106;O2:-0.71,-1.25,s93;O3:-0.53,-1.25,s80;O4:-2.33,-0.53,s40;O5:-0.53,-0.89,s34;O6:-2.33,-0.35,s34;O7:-0.89,-1.07,s31;O8:-0.89,-0.89,s28;O9:-2.33,-0.17,s21;O10:-2.33,0.01,s14;O11:-2.33,0.19,s10;O12:-2.33,0.37,s7;O13:-0.89,-0.71,s5",RUNNING,UNKNOWN_MAP_SLAM_AVOIDANCE,unknown_map;frontier_targets;static_unknown_obstacles;dynamic_wandering_robot;costmap;slam_path_planning;obstacle_avoidance,P2_Wanderer,dynamic_wandering_robot,47.29653,47.29653,0.09515,-0.84013,1,0,0,7,6,32,13,508,13,508,0.09515,-0.84013,1.96955,0.09515,-0.84013,1.96955
10.8,PID,HECTOR_GRID_MATCHING,HECTOR_SCAN_MATCHING_GRID,landmarks,task1,TO_WS1_DELIVER_T1,AVOIDING,SLAM_WAYPOINT,T1,WS1,-1.78644,-0.07456,1.55788,-1.81,-0.126,1.627,0.05024,0.03666,-2.12,1.1,1.22922,0.36281,0.17208,91.69006,NORMAL,0,0,0,0,14,518,14,14,54,518,0.23532,0.88936,0,0,-1.826,0.677,1,0,0.20719,-0.46175,5.39588,"O1:-0.89,-1.25,s106;O2:-0.71,-1.25,s93;O3:-0.53,-1.25,s80;O4:-2.33,-0.53,s42;O5:-0.53,-0.89,s34;O6:-2.33,-0.35,s34;O7:-0.89,-1.07,s31;O8:-0.89,-0.89,s28;O9:-2.33,-0.17,s23;O10:-2.33,0.01,s16;O11:-2.33,0.19,s12;O12:-2.33,0.37,s7;O13:-0.89,-0.71,s5;O14:-2.33,0.55,s2","O1:-0.89,-1.25,s106;O2:-0.71,-1.25,s93;O3:-0.53,-1.25,s80;O4:-2.33,-0.53,s42;O5:-0.53,-0.89,s34;O6:-2.33,-0.35,s34;O7:-0.89,-1.07,s31;O8:-0.89,-0.89,s28;O9:-2.33,-0.17,s23;O10:-2.33,0.01,s16;O11:-2.33,0.19,s12;O12:-2.33,0.37,s7;O13:-0.89,-0.71,s5;O14:-2.33,0.55,s2",RUNNING,UNKNOWN_MAP_SLAM_AVOIDANCE,unknown_map;frontier_targets;static_unknown_obstacles;dynamic_wandering_robot;costmap;slam_path_planning;obstacle_avoidance,P2_Wanderer,dynamic_wandering_robot,50.10181,50.10181,0.08739,-0.8217,1,0,0,7,6,32,14,518,14,518,0.08739,-0.8217,1.96955,0.08739,-0.8217,1.96955
10.9,PID,HECTOR_GRID_MATCHING,HECTOR_SCAN_MATCHING_GRID,landmarks,task1,TO_WS1_DELIVER_T1,AVOIDING,SLAM_WAYPOINT,T1,WS1,-1.78835,-0.05525,1.5187,-1.813,-0.169,1.56,0.10637,0.03523,-2.12,1.1,1.21213,0.35827,0.16854,91.66067,NORMAL,0,0,0,0,14,528,14,14,54,528,0.23156,0.95151,0,0,-1.825,0.672,1,0,0.21887,-0.3084,5.47797,"O1:-0.89,-1.25,s106;O2:-0.71,-1.25,s93;O3:-0.53,-1.25,s80;O4:-2.33,-0.53,s44;O5:-2.33,-0.35,s35;O6:-0.53,-0.89,s34;O7:-0.89,-1.07,s31;O8:-0.89,-0.89,s28;O9:-2.33,-0.17,s24;O10:-2.33,0.01,s18;O11:-2.33,0.19,s14;O12:-2.33,0.37,s7;O13:-0.89,-0.71,s5;O14:-2.33,0.55,s4","O1:-0.89,-1.25,s106;O2:-0.71,-1.25,s93;O3:-0.53,-1.25,s80;O4:-2.33,-0.53,s44;O5:-2.33,-0.35,s35;O6:-0.53,-0.89,s34;O7:-0.89,-1.07,s31;O8:-0.89,-0.89,s28;O9:-2.33,-0.17,s24;O10:-2.33,0.01,s18;O11:-2.33,0.19,s14;O12:-2.33,0.37,s7;O13:-0.89,-0.71,s5;O14:-2.33,0.55,s4",RUNNING,UNKNOWN_MAP_SLAM_AVOIDANCE,unknown_map;frontier_targets;static_unknown_obstacles;dynamic_wandering_robot;costmap;slam_path_planning;obstacle_avoidance,P2_Wanderer,dynamic_wandering_robot,50.20651,50.20651,0.07962,-0.80326,1,0,0,7,6,32,14,528,14,528,0.07962,-0.80326,1.96955,0.07962,-0.80326,1.96955
11.0,PID,HECTOR_GRID_MATCHING,HECTOR_SCAN_MATCHING_GRID,landmarks,task1,TO_WS1_DELIVER_T1,AVOIDING,SLAM_WAYPOINT,T1,WS1,-1.78901,-0.03363,1.4931,-1.8,-0.212,1.522,0.16701,0.03438,-2.12,1.1,1.19223,0.35337,0.16573,91.62981,NORMAL,0,0,0,0,14,538,14,14,54,538,0.23333,0.95571,0,0,-1.825,0.673,1,0,0.23792,-0.21925,5.5817,"O1:-0.89,-1.25,s106;O2:-0.71,-1.25,s93;O3:-0.53,-1.25,s80;O4:-2.33,-0.53,s46;O5:-2.33,-0.35,s37;O6:-0.53,-0.89,s34;O7:-0.89,-1.07,s31;O8:-0.89,-0.89,s28;O9:-2.33,-0.17,s24;O10:-2.33,0.01,s20;O11:-2.33,0.19,s16;O12:-2.33,0.37,s7;O13:-0.89,-0.71,s5;O14:-2.33,0.55,s5","O1:-0.89,-1.25,s106;O2:-0.71,-1.25,s93;O3:-0.53,-1.25,s80;O4:-2.33,-0.53,s46;O5:-2.33,-0.35,s37;O6:-0.53,-0.89,s34;O7:-0.89,-1.07,s31;O8:-0.89,-0.89,s28;O9:-2.33,-0.17,s24;O10:-2.33,0.01,s20;O11:-2.33,0.19,s16;O12:-2.33,0.37,s7;O13:-0.89,-0.71,s5;O14:-2.33,0.55,s5",RUNNING,UNKNOWN_MAP_SLAM_AVOIDANCE,unknown_map;frontier_targets;static_unknown_obstacles;dynamic_wandering_robot;costmap;slam_path_planning;obstacle_avoidance,P2_Wanderer,dynamic_wandering_robot,50.31063,50.31063,0.07186,-0.78483,1,0,0,7,6,32,14,538,14,538,0.07186,-0.78483,1.96955,0.07186,-0.78483,1.96955
11.1,PID,HECTOR_GRID_MATCHING,HECTOR_SCAN_MATCHING_GRID,landmarks,task1,TO_WS1_DELIVER_T1,AVOIDING,SLAM_WAYPOINT,T1,WS1,-1.78789,-0.01027,1.47256,-1.822,-0.218,1.47,0.19904,0.03402,-2.12,1.1,1.17019,0.35132,0.16141,91.59658,NORMAL,0,0,0,0,14,547,14,14,54,547,0.23405,0.93724,0,0,-1.823,0.665,1,0,0.23516,-0.13282,5.63082,"O1:-0.89,-1.25,s106;O2:-0.71,-1.25,s93;O3:-0.53,-1.25,s80;O4:-2.33,-0.53,s48;O5:-2.33,-0.35,s39;O6:-0.53,-0.89,s34;O7:-0.89,-1.07,s31;O8:-0.89,-0.89,s28;O9:-2.33,-0.17,s26;O10:-2.33,0.01,s20;O11:-2.33,0.19,s18;O12:-2.33,0.55,s7;O13:-2.33,0.37,s7;O14:-0.89,-0.71,s5","O1:-0.89,-1.25,s106;O2:-0.71,-1.25,s93;O3:-0.53,-1.25,s80;O4:-2.33,-0.53,s48;O5:-2.33,-0.35,s39;O6:-0.53,-0.89,s34;O7:-0.89,-1.07,s31;O8:-0.89,-0.89,s28;O9:-2.33,-0.17,s26;O10:-2.33,0.01,s20;O11:-2.33,0.19,s18;O12:-2.33,0.55,s7;O13:-2.33,0.37,s7;O14:-0.89,-0.71,s5",RUNNING,UNKNOWN_MAP_SLAM_AVOIDANCE,unknown_map;frontier_targets;static_unknown_obstacles;dynamic_wandering_robot;costmap;slam_path_planning;obstacle_avoidance,P2_Wanderer,dynamic_wandering_robot,50.40384,50.40384,0.06409,-0.7664,1,0,0,7,6,32,14,547,14,547,0.06409,-0.7664,1.96955,0.06409,-0.7664,1.96955
11.2,PID,HECTOR_GRID_MATCHING,HECTOR_SCAN_MATCHING_GRID,landmarks,task1,TO_WS1_DELIVER_T1,AVOIDING,SLAM_WAYPOINT,T1,WS1,-1.78599,0.01082,1.46314,-1.815,-0.144,1.461,0.14719,0.03816,-2.12,1.1,1.14896,0.35168,0.15745,91.56514,NORMAL,0,0,0,0,14,555,14,14,54,555,0.23405,0.93724,0,0,-1.825,0.674,1,0,0.20382,-0.10012,5.67246,"O1:-0.89,-1.25,s106;O2:-0.71,-1.25,s93;O3:-0.53,-1.25,s80;O4:-2.33,-0.53,s50;O5:-2.33,-0.35,s41;O6:-0.53,-0.89,s34;O7:-0.89,-1.07,s31;O8:-0.89,-0.89,s28;O9:-2.33,-0.17,s27;O10:-2.33,0.01,s21;O11:-2.33,0.19,s20;O12:-2.33,0.55,s7;O13:-2.33,0.37,s7;O14:-0.89,-0.71,s5","O1:-0.89,-1.25,s106;O2:-0.71,-1.25,s93;O3:-0.53,-1.25,s80;O4:-2.33,-0.53,s50;O5:-2.33,-0.35,s41;O6:-0.53,-0.89,s34;O7:-0.89,-1.07,s31;O8:-0.89,-0.89,s28;O9:-2.33,-0.17,s27;O10:-2.33,0.01,s21;O11:-2.33,0.19,s20;O12:-2.33,0.55,s7;O13:-2.33,0.37,s7;O14:-0.89,-0.71,s5",RUNNING,UNKNOWN_MAP_SLAM_AVOIDANCE,unknown_map;frontier_targets;static_unknown_obstacles;dynamic_wandering_robot;costmap;slam_path_planning;obstacle_avoidance,P2_Wanderer,dynamic_wandering_robot,50.48631,50.48631,0.05632,-0.74797,1,0,0,7,6,32,14,555,14,555,0.05632,-0.74797,1.96955,0.05632,-0.74797,1.96955
11.3,PID,HECTOR_GRID_MATCHING,HECTOR_SCAN_MATCHING_GRID,landmarks,task1,TO_WS1_DELIVER_T1,AVOIDING,SLAM_WAYPOINT,T1,WS1,-1.78406,0.0294,1.45524,-1.816,-0.086,1.451,0.11114,0.04106,-2.12,1.1,1.13069,0.35279,0.15353,91.53745,NORMAL,0,0,0,0,14,564,14,14,54,564,0.23208,0.93724,0,0,-1.826,0.679,1,0,0.18079,-0.0678,5.70357,"O1:-0.89,-1.25,s106;O2:-0.71,-1.25,s93;O3:-0.53,-1.25,s80;O4:-2.33,-0.53,s50;O5:-2.33,-0.35,s43;O6:-0.53,-0.89,s34;O7:-0.89,-1.07,s31;O8:-2.33,-0.17,s29;O9:-0.89,-0.89,s28;O10:-2.33,0.01,s23;O11:-2.33,0.19,s21;O12:-2.33,0.37,s8;O13:-2.33,0.55,s7;O14:-0.89,-0.71,s5","O1:-0.89,-1.25,s106;O2:-0.71,-1.25,s93;O3:-0.53,-1.25,s80;O4:-2.33,-0.53,s50;O5:-2.33,-0.35,s43;O6:-0.53,-0.89,s34;O7:-0.89,-1.07,s31;O8:-2.33,-0.17,s29;O9:-0.89,-0.89,s28;O10:-2.33,0.01,s23;O11:-2.33,0.19,s21;O12:-2.33,0.37,s8;O13:-2.33,0.55,s7;O14:-0.89,-0.71,s5",RUNNING,UNKNOWN_MAP_SLAM_AVOIDANCE,unknown_map;frontier_targets;static_unknown_obstacles;dynamic_wandering_robot;costmap;slam_path_planning;obstacle_avoidance,P2_Wanderer,dynamic_wandering_robot,50.57864,50.57864,0.04856,-0.72954,1,0,0,7,6,32,14,564,14,564,0.04856,-0.72954,1.96955,0.04856,-0.72954,1.96955
11.4,PID,HECTOR_GRID_MATCHING,HECTOR_SCAN_MATCHING_GRID,landmarks,task1,TO_WS1_DELIVER_T1,AVOIDING,SLAM_WAYPOINT,T1,WS1,-1.78255,0.04251,1.44832,-1.815,0.03,1.479,0.03232,0.03763,-2.12,1.1,1.11609,0.35403,0.15047,91.51651,NORMAL,0,0,0,0,14,574,14,14,54,574,0.22824,0.94092,0,0,-1.83,0.693,1,0,0.13626,-0.1232,5.82796,"O1:-0.89,-1.25,s106;O2:-0.71,-1.25,s93;O3:-0.53,-1.25,s80;O4:-2.33,-0.53,s51;O5:-2.33,-0.35,s44;O6:-0.53,-0.89,s34;O7:-0.89,-1.07,s31;O8:-2.33,-0.17,s31;O9:-0.89,-0.89,s28;O10:-2.33,0.01,s25;O11:-2.33,0.19,s22;O12:-2.33,0.37,s9;O13:-2.33,0.55,s8;O14:-0.89,-0.71,s5","O1:-0.89,-1.25,s106;O2:-0.71,-1.25,s93;O3:-0.53,-1.25,s80;O4:-2.33,-0.53,s51;O5:-2.33,-0.35,s44;O6:-0.53,-0.89,s34;O7:-0.89,-1.07,s31;O8:-2.33,-0.17,s31;O9:-0.89,-0.89,s28;O10:-2.33,0.01,s25;O11:-2.33,0.19,s22;O12:-2.33,0.37,s9;O13:-2.33,0.55,s8;O14:-0.89,-0.71,s5",RUNNING,UNKNOWN_MAP_SLAM_AVOIDANCE,unknown_map;frontier_targets;static_unknown_obstacles;dynamic_wandering_robot;costmap;slam_path_planning;obstacle_avoidance,P2_Wanderer,dynamic_wandering_robot,50.6807,50.6807,0.04079,-0.71111,1,0,0,7,6,32,14,574,14,574,0.04079,-0.71111,1.96955,0.04079,-0.71111,1.96955
11.5,PID,HECTOR_GRID_MATCHING,HECTOR_SCAN_MATCHING_GRID,landmarks,task1,TO_WS1_DELIVER_T1,AVOIDING,SLAM_WAYPOINT,T1,WS1,-1.78101,0.05632,1.43919,-1.831,0.056,1.518,0.04961,0.0355,-2.12,1.1,1.10397,0.35482,0.14779,91.49635,NORMAL,0,0,0,0,14,584,14,14,54,584,0.22629,0.95739,0,0,-1.829,0.689,1,0,0.1221,-0.2858,5.94863,"O1:-0.89,-1.25,s106;O2:-0.71,-1.25,s93;O3:-0.53,-1.25,s80;O4:-2.33,-0.53,s53;O5:-2.33,-0.35,s44;O6:-0.53,-0.89,s34;O7:-2.33,-0.17,s34;O8:-0.89,-1.07,s31;O9:-0.89,-0.89,s28;O10:-2.33,0.01,s26;O11:-2.33,0.19,s24;O12:-2.33,0.37,s11;O13:-2.33,0.55,s8;O14:-0.89,-0.71,s5","O1:-0.89,-1.25,s106;O2:-0.71,-1.25,s93;O3:-0.53,-1.25,s80;O4:-2.33,-0.53,s53;O5:-2.33,-0.35,s44;O6:-0.53,-0.89,s34;O7:-2.33,-0.17,s34;O8:-0.89,-1.07,s31;O9:-0.89,-0.89,s28;O10:-2.33,0.01,s26;O11:-2.33,0.19,s24;O12:-2.33,0.37,s11;O13:-2.33,0.55,s8;O14:-0.89,-0.71,s5",RUNNING,UNKNOWN_MAP_SLAM_AVOIDANCE,unknown_map;frontier_targets;static_unknown_obstacles;dynamic_wandering_robot;costmap;slam_path_planning;obstacle_avoidance,P2_Wanderer,dynamic_wandering_robot,50.78219,50.78219,0.03303,-0.69268,1,0,0,7,6,32,14,584,14,584,0.03303,-0.69268,1.96955,0.03303,-0.69268,1.96955
11.6,PID,HECTOR_GRID_MATCHING,HECTOR_SCAN_MATCHING_GRID,landmarks,task1,TO_WS1_DELIVER_T1,AVOIDING,DIRECT_AFTER_WAYPOINT,T1,WS1,-1.77979,0.06906,1.42773,-1.821,0.162,1.518,0.10812,0.03406,-2.12,1.1,1.0926,0.35493,0.14402,91.4789,NORMAL,0,0,0,0,14,594,14,14,54,594,0.23095,0.95134,0,0,-2.12,1.1,0,0,0.28362,0.57896,6.35773,"O1:-0.89,-1.25,s106;O2:-0.71,-1.25,s93;O3:-0.53,-1.25,s80;O4:-2.33,-0.53,s55;O5:-2.33,-0.35,s44;O6:-2.33,-0.17,s36;O7:-0.53,-0.89,s34;O8:-0.89,-1.07,s31;O9:-2.33,0.01,s28;O10:-0.89,-0.89,s28;O11:-2.33,0.19,s26;O12:-2.33,0.37,s12;O13:-2.33,0.55,s9;O14:-0.89,-0.71,s5","O1:-0.89,-1.25,s106;O2:-0.71,-1.25,s93;O3:-0.53,-1.25,s80;O4:-2.33,-0.53,s55;O5:-2.33,-0.35,s44;O6:-2.33,-0.17,s36;O7:-0.53,-0.89,s34;O8:-0.89,-1.07,s31;O9:-2.33,0.01,s28;O10:-0.89,-0.89,s28;O11:-2.33,0.19,s26;O12:-2.33,0.37,s12;O13:-2.33,0.55,s9;O14:-0.89,-0.71,s5",RUNNING,UNKNOWN_MAP_SLAM_AVOIDANCE,unknown_map;frontier_targets;static_unknown_obstacles;dynamic_wandering_robot;costmap;slam_path_planning;obstacle_avoidance,P2_Wanderer,dynamic_wandering_robot,50.88312,50.88312,0.02526,-0.67425,1,0,0,7,6,32,14,594,14,594,0.02526,-0.67425,1.96955,0.02526,-0.67425,1.96955
11.7,PID,HECTOR_GRID_MATCHING,HECTOR_SCAN_MATCHING_GRID,landmarks,task1,TO_WS1_DELIVER_T1,AVOIDING,SLAM_WAYPOINT,T1,WS1,-1.77852,0.08088,1.42107,-1.807,0.09,1.46,0.03187,0.03322,-2.12,1.1,1.0801,0.35547,0.14091,91.45186,NORMAL,0,0,0,0,14,604,14,14,54,604,0.23714,0.94672,0,0,-1.833,0.704,1,0,0.11906,-0.04024,6.75001,"O1:-0.89,-1.25,s106;O2:-0.71,-1.25,s93;O3:-0.53,-1.25,s80;O4:-2.33,-0.53,s55;O5:-2.33,-0.35,s46;O6:-2.33,-0.17,s38;O7:-0.53,-0.89,s34;O8:-0.89,-1.07,s31;O9:-2.33,0.01,s30;O10:-0.89,-0.89,s28;O11:-2.33,0.19,s28;O12:-2.33,0.37,s12;O13:-2.33,0.55,s11;O14:-0.89,-0.71,s5","O1:-0.89,-1.25,s106;O2:-0.71,-1.25,s93;O3:-0.53,-1.25,s80;O4:-2.33,-0.53,s55;O5:-2.33,-0.35,s46;O6:-2.33,-0.17,s38;O7:-0.53,-0.89,s34;O8:-0.89,-1.07,s31;O9:-2.33,0.01,s30;O10:-0.89,-0.89,s28;O11:-2.33,0.19,s28;O12:-2.33,0.37,s12;O13:-2.33,0.55,s11;O14:-0.89,-0.71,s5",RUNNING,UNKNOWN_MAP_SLAM_AVOIDANCE,unknown_map;frontier_targets;static_unknown_obstacles;dynamic_wandering_robot;costmap;slam_path_planning;obstacle_avoidance,P2_Wanderer,dynamic_wandering_robot,50.98349,50.98349,0.0175,-0.65582,1,0,0,8,6,32,14,604,14,604,0.0175,-0.65582,1.96955,0.0175,-0.65582,1.96955
11.8,PID,HECTOR_GRID_MATCHING,HECTOR_SCAN_MATCHING_GRID,landmarks,task1,TO_WS1_DELIVER_T1,AVOIDING,SLAM_WAYPOINT,T1,WS1,-1.77681,0.09316,1.42293,-1.808,0.047,1.462,0.04998,0.03263,-2.12,1.1,1.06977,0.35684,0.13935,91.43331,NORMAL,0,0,0,0,14,614,14,14,55,614,0.23736,0.95291,0,0,-1.831,0.698,1,0,0.13228,-0.05839,6.86384,"O1:-0.89,-1.25,s106;O2:-0.71,-1.25,s93;O3:-0.53,-1.25,s80;O4:-2.33,-0.53,s57;O5:-2.33,-0.35,s46;O6:-2.33,-0.17,s40;O7:-0.53,-0.89,s34;O8:-2.33,0.01,s32;O9:-0.89,-1.07,s31;O10:-2.33,0.19,s30;O11:-0.89,-0.89,s28;O12:-2.33,0.55,s13;O13:-2.33,0.37,s12;O14:-0.89,-0.71,s5","O1:-0.89,-1.25,s106;O2:-0.71,-1.25,s93;O3:-0.53,-1.25,s80;O4:-2.33,-0.53,s57;O5:-2.33,-0.35,s46;O6:-2.33,-0.17,s40;O7:-0.53,-0.89,s34;O8:-2.33,0.01,s32;O9:-0.89,-1.07,s31;O10:-2.33,0.19,s30;O11:-0.89,-0.89,s28;O12:-2.33,0.55,s13;O13:-2.33,0.37,s12;O14:-0.89,-0.71,s5",RUNNING,UNKNOWN_MAP_SLAM_AVOIDANCE,unknown_map;frontier_targets;static_unknown_obstacles;dynamic_wandering_robot;costmap;slam_path_planning;obstacle_avoidance,P2_Wanderer,dynamic_wandering_robot,51.08331,51.08331,0.00973,-0.63739,1,0,0,8,6,32,14,614,14,614,0.00973,-0.63739,1.96955,0.00973,-0.63739,1.96955
11.9,PID,HECTOR_GRID_MATCHING,HECTOR_SCAN_MATCHING_GRID,landmarks,task1,TO_WS1_DELIVER_T1,AVOIDING,SLAM_WAYPOINT,T1,WS1,-1.77486,0.10478,1.43044,-1.809,0.106,1.416,0.03418,0.03228,-2.12,1.1,1.05845,0.35896,0.13726,91.4147,NORMAL,0,0,0,0,14,624,14,14,55,624,0.23621,0.95088,0,0,-1.834,0.705,1,0,0.10616,0.09792,6.92903,"O1:-0.89,-1.25,s106;O2:-0.71,-1.25,s93;O3:-0.53,-1.25,s80;O4:-2.33,-0.53,s59;O5:-2.33,-0.35,s46;O6:-2.33,-0.17,s42;O7:-2.33,0.01,s34;O8:-0.53,-0.89,s34;O9:-2.33,0.19,s32;O10:-0.89,-1.07,s31;O11:-0.89,-0.89,s28;O12:-2.33,0.55,s15;O13:-2.33,0.37,s12;O14:-0.89,-0.71,s5","O1:-0.89,-1.25,s106;O2:-0.71,-1.25,s93;O3:-0.53,-1.25,s80;O4:-2.33,-0.53,s59;O5:-2.33,-0.35,s46;O6:-2.33,-0.17,s42;O7:-2.33,0.01,s34;O8:-0.53,-0.89,s34;O9:-2.33,0.19,s32;O10:-0.89,-1.07,s31;O11:-0.89,-0.89,s28;O12:-2.33,0.55,s15;O13:-2.33,0.37,s12;O14:-0.89,-0.71,s5",RUNNING,UNKNOWN_MAP_SLAM_AVOIDANCE,unknown_map;frontier_targets;static_unknown_obstacles;dynamic_wandering_robot;costmap;slam_path_planning;obstacle_avoidance,P2_Wanderer,dynamic_wandering_robot,51.18257,51.18257,0.00197,-0.61896,1,0,0,8,6,32,14,624,14,624,0.00197,-0.61896,1.96955,0.00197,-0.61896,1.96955
12.0,PID,HECTOR_GRID_MATCHING,HECTOR_SCAN_MATCHING_GRID,landmarks,task1,TO_WS1_DELIVER_T1,AVOIDING,SLAM_WAYPOINT,T1,WS1,-1.77303,0.11415,1.43596,-1.814,0.079,1.494,0.05073,0.0319,-2.12,1.1,1.0496,0.36175,0.13653,91.39948,NORMAL,0,0,0,0,14,634,14,14,56,634,0.23605,0.9573,0,0,-1.832,0.699,1,0,0.12,-0.15382,7.03982,"O1:-0.89,-1.25,s106;O2:-0.71,-1.25,s93;O3:-0.53,-1.25,s80;O4:-2.33,-0.53,s59;O5:-2.33,-0.35,s48;O6:-2.33,-0.17,s44;O7:-2.33,0.01,s36;O8:-2.33,0.19,s34;O9:-0.53,-0.89,s34;O10:-0.89,-1.07,s31;O11:-0.89,-0.89,s28;O12:-2.33,0.55,s17;O13:-2.33,0.37,s12;O14:-0.89,-0.71,s5","O1:-0.89,-1.25,s106;O2:-0.71,-1.25,s93;O3:-0.53,-1.25,s80;O4:-2.33,-0.53,s59;O5:-2.33,-0.35,s48;O6:-2.33,-0.17,s44;O7:-2.33,0.01,s36;O8:-2.33,0.19,s34;O9:-0.53,-0.89,s34;O10:-0.89,-1.07,s31;O11:-0.89,-0.89,s28;O12:-2.33,0.55,s17;O13:-2.33,0.37,s12;O14:-0.89,-0.71,s5",RUNNING,UNKNOWN_MAP_SLAM_AVOIDANCE,unknown_map;frontier_targets;static_unknown_obstacles;dynamic_wandering_robot;costmap;slam_path_planning;obstacle_avoidance,P2_Wanderer,dynamic_wandering_robot,51.28128,51.28128,-0.0058,-0.60052,1,0,0,8,6,32,14,634,14,634,-0.0058,-0.60052,1.96955,-0.0058,-0.60052,1.96955
12.1,PID,HECTOR_GRID_MATCHING,HECTOR_SCAN_MATCHING_GRID,landmarks,task1,TO_WS1_DELIVER_T1,AVOIDING,SLAM_WAYPOINT,T1,WS1,-1.77155,0.12447,1.42757,-1.813,0.132,1.476,0.04268,0.03178,-2.12,1.1,1.04083,0.36293,0.13351,91.3818,NORMAL,0,0,0,0,14,644,14,14,56,644,0.2357,0.94406,0,0,-1.834,0.707,1,0,0.09694,0.02751,7.12379,"O1:-0.89,-1.25,s106;O2:-0.71,-1.25,s93;O3:-0.53,-1.25,s80;O4:-2.33,-0.53,s61;O5:-2.33,-0.35,s48;O6:-2.33,-0.17,s46;O7:-2.33,0.01,s38;O8:-2.33,0.19,s36;O9:-0.53,-0.89,s34;O10:-0.89,-1.07,s31;O11:-0.89,-0.89,s28;O12:-2.33,0.55,s19;O13:-2.33,0.37,s12;O14:-0.89,-0.71,s5","O1:-0.89,-1.25,s106;O2:-0.71,-1.25,s93;O3:-0.53,-1.25,s80;O4:-2.33,-0.53,s61;O5:-2.33,-0.35,s48;O6:-2.33,-0.17,s46;O7:-2.33,0.01,s38;O8:-2.33,0.19,s36;O9:-0.53,-0.89,s34;O10:-0.89,-1.07,s31;O11:-0.89,-0.89,s28;O12:-2.33,0.55,s19;O13:-2.33,0.37,s12;O14:-0.89,-0.71,s5",RUNNING,UNKNOWN_MAP_SLAM_AVOIDANCE,unknown_map;frontier_targets;static_unknown_obstacles;dynamic_wandering_robot;costmap;slam_path_planning;obstacle_avoidance,P2_Wanderer,dynamic_wandering_robot,51.37944,51.37944,-0.01356,-0.58209,1,0,0,8,6,32,14,644,14,644,-0.01356,-0.58209,1.96955,-0.01356,-0.58209,1.96955
12.2,PID,HECTOR_GRID_MATCHING,HECTOR_SCAN_MATCHING_GRID,landmarks,task1,TO_WS1_DELIVER_T1,AVOIDING,SLAM_WAYPOINT,T1,WS1,-1.77012,0.13464,1.43261,-1.81,0.071,1.484,0.07014,0.03159,-2.12,1.1,1.03221,0.36438,0.13236,91.3676,NORMAL,0,0,0,0,14,654,14,14,57,654,0.23545,0.94097,0,0,-1.832,0.7,1,0,0.12549,-0.02806,7.21993,"O1:-0.89,-1.25,s106;O2:-0.71,-1.25,s93;O3:-0.53,-1.25,s80;O4:-2.33,-0.53,s61;O5:-2.33,-0.35,s50;O6:-2.33,-0.17,s48;O7:-2.33,0.01,s40;O8:-2.33,0.19,s38;O9:-0.53,-0.89,s34;O10:-0.89,-1.07,s31;O11:-0.89,-0.89,s28;O12:-2.33,0.55,s21;O13:-2.33,0.37,s12;O14:-0.89,-0.71,s5","O1:-0.89,-1.25,s106;O2:-0.71,-1.25,s93;O3:-0.53,-1.25,s80;O4:-2.33,-0.53,s61;O5:-2.33,-0.35,s50;O6:-2.33,-0.17,s48;O7:-2.33,0.01,s40;O8:-2.33,0.19,s38;O9:-0.53,-0.89,s34;O10:-0.89,-1.07,s31;O11:-0.89,-0.89,s28;O12:-2.33,0.55,s21;O13:-2.33,0.37,s12;O14:-0.89,-0.71,s5",RUNNING,UNKNOWN_MAP_SLAM_AVOIDANCE,unknown_map;frontier_targets;static_unknown_obstacles;dynamic_wandering_robot;costmap;slam_path_planning;obstacle_avoidance,P2_Wanderer,dynamic_wandering_robot,51.47706,51.47706,-0.02133,-0.56366,1,0,0,8,6,32,14,654,14,654,-0.02133,-0.56366,1.96955,-0.02133,-0.56366,1.96955
12.3,PID,HECTOR_GRID_MATCHING,HECTOR_SCAN_MATCHING_GRID,landmarks,task1,TO_WS1_DELIVER_T1,AVOIDING,SLAM_WAYPOINT,T1,WS1,-1.76833,0.14624,1.43943,-1.797,0.126,1.498,0.03174,0.03163,-2.12,1.1,1.02165,0.36665,0.13113,91.34953,NORMAL,0,0,0,0,14,664,14,14,57,664,0.23602,0.94812,0,0,-1.836,0.714,1,0,0.10296,0.01225,7.3149,"O1:-0.89,-1.25,s106;O2:-0.71,-1.25,s93;O3:-0.53,-1.25,s80;O4:-2.33,-0.53,s63;O5:-2.33,-0.17,s50;O6:-2.33,-0.35,s50;O7:-2.33,0.01,s42;O8:-2.33,0.19,s40;O9:-0.53,-0.89,s34;O10:-0.89,-1.07,s31;O11:-0.89,-0.89,s28;O12:-2.33,0.55,s23;O13:-2.33,0.37,s12;O14:-0.89,-0.71,s5","O1:-0.89,-1.25,s106;O2:-0.71,-1.25,s93;O3:-0.53,-1.25,s80;O4:-2.33,-0.53,s63;O5:-2.33,-0.17,s50;O6:-2.33,-0.35,s50;O7:-2.33,0.01,s42;O8:-2.33,0.19,s40;O9:-0.53,-0.89,s34;O10:-0.89,-1.07,s31;O11:-0.89,-0.89,s28;O12:-2.33,0.55,s23;O13:-2.33,0.37,s12;O14:-0.89,-0.71,s5",RUNNING,UNKNOWN_MAP_SLAM_AVOIDANCE,unknown_map;frontier_targets;static_unknown_obstacles;dynamic_wandering_robot;costmap;slam_path_planning;obstacle_avoidance,P2_Wanderer,dynamic_wandering_robot,51.57414,51.57414,-0.02909,-0.54523,1,0,0,8,6,32,14,664,14,664,-0.02909,-0.54523,1.96955,-0.02909,-0.54523,1.96955
12.4,PID,HECTOR_GRID_MATCHING,HECTOR_SCAN_MATCHING_GRID,landmarks,task1,TO_WS1_DELIVER_T1,AVOIDING,SLAM_WAYPOINT,T1,WS1,-1.7664,0.15893,1.44593,-1.805,0.098,1.43,0.06621,0.03169,-2.12,1.1,1.01104,0.36878,0.12945,91.33181,NORMAL,0,0,0,0,14,674,14,14,57,674,0.23558,0.94248,0,0,-1.834,0.706,1,0,0.11131,0.15729,7.41606,"O1:-0.89,-1.25,s106;O2:-0.71,-1.25,s93;O3:-0.53,-1.25,s80;O4:-2.33,-0.53,s65;O5:-2.33,-0.17,s52;O6:-2.33,-0.35,s50;O7:-2.33,0.01,s44;O8:-2.33,0.19,s42;O9:-0.53,-0.89,s34;O10:-0.89,-1.07,s31;O11:-0.89,-0.89,s28;O12:-2.33,0.55,s25;O13:-2.33,0.37,s12;O14:-0.89,-0.71,s5","O1:-0.89,-1.25,s106;O2:-0.71,-1.25,s93;O3:-0.53,-1.25,s80;O4:-2.33,-0.53,s65;O5:-2.33,-0.17,s52;O6:-2.33,-0.35,s50;O7:-2.33,0.01,s44;O8:-2.33,0.19,s42;O9:-0.53,-0.89,s34;O10:-0.89,-1.07,s31;O11:-0.89,-0.89,s28;O12:-2.33,0.55,s25;O13:-2.33,0.37,s12;O14:-0.89,-0.71,s5",RUNNING,UNKNOWN_MAP_SLAM_AVOIDANCE,unknown_map;frontier_targets;static_unknown_obstacles;dynamic_wandering_robot;costmap;slam_path_planning;obstacle_avoidance,P2_Wanderer,dynamic_wandering_robot,51.67069,51.67069,-0.03686,-0.5268,1,0,0,8,6,32,14,674,14,674,-0.03686,-0.5268,1.96955,-0.03686,-0.5268,1.96955
12.5,PID,HECTOR_GRID_MATCHING,HECTOR_SCAN_MATCHING_GRID,landmarks,task1,TO_WS1_DELIVER_T1,AVOIDING,SLAM_WAYPOINT,T1,WS1,-1.76432,0.17123,1.4632,-1.799,0.088,1.444,0.08466,0.03167,-2.12,1.1,1.00027,0.37227,0.12949,91.31386,NORMAL,0,0,0,0,14,684,14,14,57,684,0.24114,0.91943,0,0,-1.834,0.707,1,0,0.11717,0.09324,7.49341,"O1:-0.89,-1.25,s106;O2:-0.71,-1.25,s93;O3:-0.53,-1.25,s80;O4:-2.33,-0.53,s65;O5:-2.33,-0.17,s54;O6:-2.33,-0.35,s52;O7:-2.33,0.01,s46;O8:-2.33,0.19,s44;O9:-0.53,-0.89,s34;O10:-0.89,-1.07,s31;O11:-0.89,-0.89,s28;O12:-2.33,0.55,s27;O13:-2.33,0.37,s12;O14:-0.89,-0.71,s5","O1:-0.89,-1.25,s106;O2:-0.71,-1.25,s93;O3:-0.53,-1.25,s80;O4:-2.33,-0.53,s65;O5:-2.33,-0.17,s54;O6:-2.33,-0.35,s52;O7:-2.33,0.01,s46;O8:-2.33,0.19,s44;O9:-0.53,-0.89,s34;O10:-0.89,-1.07,s31;O11:-0.89,-0.89,s28;O12:-2.33,0.55,s27;O13:-2.33,0.37,s12;O14:-0.89,-0.71,s5",RUNNING,UNKNOWN_MAP_SLAM_AVOIDANCE,unknown_map;frontier_targets;static_unknown_obstacles;dynamic_wandering_robot;costmap;slam_path_planning;obstacle_avoidance,P2_Wanderer,dynamic_wandering_robot,51.76669,51.76669,-0.04462,-0.50837,1,0,0,8,6,32,14,684,14,684,-0.04462,-0.50837,1.96955,-0.04462,-0.50837,1.96955
12.6,PID,HECTOR_GRID_MATCHING,HECTOR_SCAN_MATCHING_GRID,landmarks,task1,TO_WS1_DELIVER_T1,AVOIDING,SLAM_WAYPOINT,T1,WS1,-1.76219,0.1841,1.48044,-1.796,0.033,1.423,0.14743,0.03166,-2.12,1.1,0.98972,0.37583,0.12924,91.29615,NORMAL,0,0,0,0,14,694,14,14,57,694,0.24042,0.95708,0,0,-1.832,0.701,1,0,0.1411,0.14789,7.55642,"O1:-0.89,-1.25,s106;O2:-0.71,-1.25,s93;O3:-0.53,-1.25,s80;O4:-2.33,-0.53,s65;O5:-2.33,-0.17,s56;O6:-2.33,-0.35,s54;O7:-2.33,0.01,s48;O8:-2.33,0.19,s46;O9:-0.53,-0.89,s34;O10:-0.89,-1.07,s31;O11:-2.33,0.55,s29;O12:-0.89,-0.89,s28;O13:-2.33,0.37,s12;O14:-0.89,-0.71,s5","O1:-0.89,-1.25,s106;O2:-0.71,-1.25,s93;O3:-0.53,-1.25,s80;O4:-2.33,-0.53,s65;O5:-2.33,-0.17,s56;O6:-2.33,-0.35,s54;O7:-2.33,0.01,s48;O8:-2.33,0.19,s46;O9:-0.53,-0.89,s34;O10:-0.89,-1.07,s31;O11:-2.33,0.55,s29;O12:-0.89,-0.89,s28;O13:-2.33,0.37,s12;O14:-0.89,-0.71,s5",RUNNING,UNKNOWN_MAP_SLAM_AVOIDANCE,unknown_map;frontier_targets;static_unknown_obstacles;dynamic_wandering_robot;costmap;slam_path_planning;obstacle_avoidance,P2_Wanderer,dynamic_wandering_robot,51.86217,51.86217,-0.05239,-0.48994,1,0,0,8,6,32,14,694,14,694,-0.05239,-0.48994,1.96955,-0.05239,-0.48994,1.96955
12.7,PID,HECTOR_GRID_MATCHING,HECTOR_SCAN_MATCHING_GRID,landmarks,task1,TO_WS1_DELIVER_T1,AVOIDING,SLAM_WAYPOINT,T1,WS1,-1.76046,0.19597,1.49009,-1.788,0.062,1.5,0.13082,0.03168,-2.12,1.1,0.97849,0.37932,0.12897,91.2774,NORMAL,0,0,0,0,14,704,14,14,57,704,0.24056,0.94216,0,0,-1.835,0.708,1,0,0.13181,-0.00267,7.64503,"O1:-0.89,-1.25,s106;O2:-0.71,-1.25,s93;O3:-0.53,-1.25,s80;O4:-2.33,-0.53,s67;O5:-2.33,-0.17,s58;O6:-2.33,-0.35,s54;O7:-2.33,0.01,s50;O8:-2.33,0.19,s48;O9:-0.53,-0.89,s34;O10:-2.33,0.55,s31;O11:-0.89,-1.07,s31;O12:-0.89,-0.89,s28;O13:-2.33,0.37,s12;O14:-0.89,-0.71,s5","O1:-0.89,-1.25,s106;O2:-0.71,-1.25,s93;O3:-0.53,-1.25,s80;O4:-2.33,-0.53,s67;O5:-2.33,-0.17,s58;O6:-2.33,-0.35,s54;O7:-2.33,0.01,s50;O8:-2.33,0.19,s48;O9:-0.53,-0.89,s34;O10:-2.33,0.55,s31;O11:-0.89,-1.07,s31;O12:-0.89,-0.89,s28;O13:-2.33,0.37,s12;O14:-0.89,-0.71,s5",RUNNING,UNKNOWN_MAP_SLAM_AVOIDANCE,unknown_map;frontier_targets;static_unknown_obstacles;dynamic_wandering_robot;costmap;slam_path_planning;obstacle_avoidance,P2_Wanderer,dynamic_wandering_robot,51.95711,51.95711,-0.06015,-0.47151,1,0,0,8,6,32,14,704,14,704,-0.06015,-0.47151,1.96955,-0.06015,-0.47151,1.96955
12.8,PID,HECTOR_GRID_MATCHING,HECTOR_SCAN_MATCHING_GRID,landmarks,task1,TO_WS1_DELIVER_T1,AVOIDING,SLAM_WAYPOINT,T1,WS1,-1.75894,0.20912,1.50126,-1.776,0.074,1.481,0.1298,0.03179,-2.12,1.1,0.96743,0.38164,0.1281,91.25818,NORMAL,0,0,0,0,14,714,14,14,58,714,0.23986,0.89979,0,0,-1.837,0.715,1,0,0.12856,0.12941,7.68274,"O1:-0.89,-1.25,s106;O2:-0.71,-1.25,s93;O3:-0.53,-1.25,s80;O4:-2.33,-0.53,s69;O5:-2.33,-0.17,s60;O6:-2.33,-0.35,s54;O7:-2.33,0.01,s52;O8:-2.33,0.19,s50;O9:-0.53,-0.89,s34;O10:-2.33,0.55,s33;O11:-0.89,-1.07,s31;O12:-0.89,-0.89,s28;O13:-2.33,0.37,s12;O14:-0.89,-0.71,s5","O1:-0.89,-1.25,s106;O2:-0.71,-1.25,s93;O3:-0.53,-1.25,s80;O4:-2.33,-0.53,s69;O5:-2.33,-0.17,s60;O6:-2.33,-0.35,s54;O7:-2.33,0.01,s52;O8:-2.33,0.19,s50;O9:-0.53,-0.89,s34;O10:-2.33,0.55,s33;O11:-0.89,-1.07,s31;O12:-0.89,-0.89,s28;O13:-2.33,0.37,s12;O14:-0.89,-0.71,s5",RUNNING,UNKNOWN_MAP_SLAM_AVOIDANCE,unknown_map;frontier_targets;static_unknown_obstacles;dynamic_wandering_robot;costmap;slam_path_planning;obstacle_avoidance,P2_Wanderer,dynamic_wandering_robot,52.05153,52.05153,-0.06792,-0.45308,1,0,0,8,6,32,14,714,14,714,-0.06792,-0.45308,1.96955,-0.06792,-0.45308,1.96955
12.9,PID,HECTOR_GRID_MATCHING,HECTOR_SCAN_MATCHING_GRID,landmarks,task1,TO_WS1_DELIVER_T1,AVOIDING,SLAM_WAYPOINT,T1,WS1,-1.75789,0.22,1.50757,-1.795,0.143,1.485,0.08101,0.0318,-2.12,1.1,0.95632,0.38387,0.12783,91.24026,NORMAL,0,0,0,0,14,724,14,14,58,724,0.23851,0.92701,0,0,-1.838,0.717,1,0,0.09623,0.07638,7.74841,"O1:-0.89,-1.25,s106;O2:-0.71,-1.25,s93;O3:-0.53,-1.25,s80;O4:-2.33,-0.53,s71;O5:-2.33,-0.17,s62;O6:-2.33,0.01,s54;O7:-2.33,-0.35,s54;O8:-2.33,0.19,s52;O9:-2.33,0.55,s35;O10:-0.53,-0.89,s34;O11:-0.89,-1.07,s31;O12:-0.89,-0.89,s28;O13:-2.33,0.37,s12;O14:-0.89,-0.71,s5","O1:-0.89,-1.25,s106;O2:-0.71,-1.25,s93;O3:-0.53,-1.25,s80;O4:-2.33,-0.53,s71;O5:-2.33,-0.17,s62;O6:-2.33,0.01,s54;O7:-2.33,-0.35,s54;O8:-2.33,0.19,s52;O9:-2.33,0.55,s35;O10:-0.53,-0.89,s34;O11:-0.89,-1.07,s31;O12:-0.89,-0.89,s28;O13:-2.33,0.37,s12;O14:-0.89,-0.71,s5",RUNNING,UNKNOWN_MAP_SLAM_AVOIDANCE,unknown_map;frontier_targets;static_unknown_obstacles;dynamic_wandering_robot;costmap;slam_path_planning;obstacle_avoidance,P2_Wanderer,dynamic_wandering_robot,52.14543,52.14543,-0.07569,-0.43465,1,0,0,8,6,32,14,724,14,724,-0.07569,-0.43465,1.96955,-0.07569,-0.43465,1.96955
13.0,PID,HECTOR_GRID_MATCHING,HECTOR_SCAN_MATCHING_GRID,landmarks,task1,TO_WS1_DELIVER_T1,AVOIDING,SLAM_WAYPOINT,T1,WS1,-1.75708,0.23044,1.51152,-1.788,0.155,1.491,0.07607,0.03171,-2.12,1.1,0.94722,0.38509,0.12726,91.22463,NORMAL,0,0,0,0,14,734,14,14,58,734,0.23631,0.93061,0,0,-1.839,0.723,1,0,0.09405,0.12262,7.84144,"O1:-0.89,-1.25,s106;O2:-0.71,-1.25,s93;O3:-0.53,-1.25,s80;O4:-2.33,-0.53,s73;O5:-2.33,-0.17,s64;O6:-2.33,0.01,s56;O7:-2.33,0.19,s54;O8:-2.33,-0.35,s54;O9:-2.33,0.55,s37;O10:-0.53,-0.89,s34;O11:-0.89,-1.07,s31;O12:-0.89,-0.89,s28;O13:-2.33,0.37,s12;O14:-0.89,-0.71,s5","O1:-0.89,-1.25,s106;O2:-0.71,-1.25,s93;O3:-0.53,-1.25,s80;O4:-2.33,-0.53,s73;O5:-2.33,-0.17,s64;O6:-2.33,0.01,s56;O7:-2.33,0.19,s54;O8:-2.33,-0.35,s54;O9:-2.33,0.55,s37;O10:-0.53,-0.89,s34;O11:-0.89,-1.07,s31;O12:-0.89,-0.89,s28;O13:-2.33,0.37,s12;O14:-0.89,-0.71,s5",RUNNING,UNKNOWN_MAP_SLAM_AVOIDANCE,unknown_map;frontier_targets;static_unknown_obstacles;dynamic_wandering_robot;costmap;slam_path_planning;obstacle_avoidance,P2_Wanderer,dynamic_wandering_robot,52.23881,52.23881,-0.08345,-0.41621,1,0,0,8,6,32,14,734,14,734,-0.08345,-0.41621,1.96955,-0.08345,-0.41621,1.96955
13.1,PID,HECTOR_GRID_MATCHING,HECTOR_SCAN_MATCHING_GRID,landmarks,task1,TO_WS1_DELIVER_T1,AVOIDING,SLAM_WAYPOINT,T1,WS1,-1.75626,0.24143,1.5178,-1.768,0.146,1.503,0.0904,0.03167,-2.12,1.1,0.93785,0.38637,0.12702,91.20884,NORMAL,0,0,0,0,14,744,14,14,58,744,0.23422,0.91954,0,0,-1.842,0.73,1,0,0.10336,0.18421,7.95988,"O1:-0.89,-1.25,s106;O2:-0.71,-1.25,s93;O3:-0.53,-1.25,s80;O4:-2.33,-0.53,s74;O5:-2.33,-0.17,s66;O6:-2.33,0.01,s58;O7:-2.33,0.19,s56;O8:-2.33,-0.35,s55;O9:-2.33,0.55,s39;O10:-0.53,-0.89,s34;O11:-0.89,-1.07,s31;O12:-0.89,-0.89,s28;O13:-2.33,0.37,s12;O14:-0.89,-0.71,s5","O1:-0.89,-1.25,s106;O2:-0.71,-1.25,s93;O3:-0.53,-1.25,s80;O4:-2.33,-0.53,s74;O5:-2.33,-0.17,s66;O6:-2.33,0.01,s58;O7:-2.33,0.19,s56;O8:-2.33,-0.35,s55;O9:-2.33,0.55,s39;O10:-0.53,-0.89,s34;O11:-0.89,-1.07,s31;O12:-0.89,-0.89,s28;O13:-2.33,0.37,s12;O14:-0.89,-0.71,s5",RUNNING,UNKNOWN_MAP_SLAM_AVOIDANCE,unknown_map;frontier_targets;static_unknown_obstacles;dynamic_wandering_robot;costmap;slam_path_planning;obstacle_avoidance,P2_Wanderer,dynamic_wandering_robot,52.33167,52.33167,-0.09122,-0.39778,1,0,0,8,6,32,14,744,14,744,-0.09122,-0.39778,1.96955,-0.09122,-0.39778,1.96955
13.2,PID,HECTOR_GRID_MATCHING,HECTOR_SCAN_MATCHING_GRID,landmarks,task1,TO_WS1_DELIVER_T1,AVOIDING,DIRECT_AFTER_WAYPOINT,T1,WS1,-1.75471,0.25997,1.53552,-1.801,0.197,1.545,0.0689,0.03198,-2.12,1.1,0.926,0.38877,0.12747,91.18093,NORMAL,0,0,0,0,14,754,14,14,58,754,0.23064,0.95851,0,0,-2.12,1.1,0,0,0.26216,0.50645,8.27278,"O1:-0.89,-1.25,s106;O2:-0.71,-1.25,s93;O3:-0.53,-1.25,s80;O4:-2.33,-0.53,s75;O5:-2.33,-0.17,s68;O6:-2.33,0.01,s60;O7:-2.33,0.19,s58;O8:-2.33,-0.35,s56;O9:-2.33,0.55,s41;O10:-0.53,-0.89,s34;O11:-0.89,-1.07,s31;O12:-0.89,-0.89,s28;O13:-2.33,0.37,s12;O14:-0.89,-0.71,s5","O1:-0.89,-1.25,s106;O2:-0.71,-1.25,s93;O3:-0.53,-1.25,s80;O4:-2.33,-0.53,s75;O5:-2.33,-0.17,s68;O6:-2.33,0.01,s60;O7:-2.33,0.19,s58;O8:-2.33,-0.35,s56;O9:-2.33,0.55,s41;O10:-0.53,-0.89,s34;O11:-0.89,-1.07,s31;O12:-0.89,-0.89,s28;O13:-2.33,0.37,s12;O14:-0.89,-0.71,s5",RUNNING,UNKNOWN_MAP_SLAM_AVOIDANCE,unknown_map;frontier_targets;static_unknown_obstacles;dynamic_wandering_robot;costmap;slam_path_planning;obstacle_avoidance,P2_Wanderer,dynamic_wandering_robot,52.42401,52.42401,-0.09898,-0.37935,1,0,0,8,6,32,14,754,14,754,-0.09898,-0.37935,1.96955,-0.09898,-0.37935,1.96955
13.3,PID,HECTOR_GRID_MATCHING,HECTOR_SCAN_MATCHING_GRID,landmarks,task1,TO_WS1_DELIVER_T1,AVOIDING,SLAM_WAYPOINT,T1,WS1,-1.75347,0.27624,1.55692,-1.766,0.023,1.488,0.24595,0.03229,-2.12,1.1,0.90822,0.39308,0.12843,91.15587,NORMAL,0,0,0,0,15,764,15,15,58,764,0.22501,0.91922,0,0,-1.836,0.712,1,0,0.14981,0.08251,8.67876,"O1:-0.89,-1.25,s106;O2:-0.71,-1.25,s93;O3:-0.53,-1.25,s80;O4:-2.33,-0.53,s76;O5:-2.33,-0.17,s70;O6:-2.33,0.01,s62;O7:-2.33,0.19,s59;O8:-2.33,-0.35,s57;O9:-2.33,0.55,s43;O10:-0.53,-0.89,s34;O11:-0.89,-1.07,s31;O12:-0.89,-0.89,s28;O13:-2.33,0.37,s13;O14:-0.89,-0.71,s5","O1:-0.89,-1.25,s106;O2:-0.71,-1.25,s93;O3:-0.53,-1.25,s80;O4:-2.33,-0.53,s76;O5:-2.33,-0.17,s70;O6:-2.33,0.01,s62;O7:-2.33,0.19,s59;O8:-2.33,-0.35,s57;O9:-2.33,0.55,s43;O10:-0.53,-0.89,s34;O11:-0.89,-1.07,s31;O12:-0.89,-0.89,s28;O13:-2.33,0.37,s13;O14:-0.89,-0.71,s5",RUNNING,UNKNOWN_MAP_SLAM_AVOIDANCE,unknown_map;frontier_targets;static_unknown_obstacles;dynamic_wandering_robot;costmap;slam_path_planning;obstacle_avoidance,P2_Wanderer,dynamic_wandering_robot,55.21585,55.21585,-0.10675,-0.36092,1,0,0,9,6,32,15,764,15,764,-0.10675,-0.36092,1.96955,-0.10675,-0.36092,1.96955
13.4,PID,HECTOR_GRID_MATCHING,HECTOR_SCAN_MATCHING_GRID,landmarks,task1,TO_WS1_DELIVER_T1,AVOIDING,SLAM_WAYPOINT,T1,WS1,-1.75313,0.28587,1.56187,-1.785,0.18,1.565,0.10629,0.03209,-2.12,1.1,0.89715,0.39521,0.12927,91.13817,NORMAL,0,0,0,0,15,774,15,15,58,774,0.22354,0.91384,0,0,-1.841,0.728,1,0,0.08421,-0.08908,8.79306,"O1:-0.89,-1.25,s106;O2:-0.71,-1.25,s93;O3:-0.53,-1.25,s80;O4:-2.33,-0.53,s77;O5:-2.33,-0.17,s71;O6:-2.33,0.01,s64;O7:-2.33,0.19,s60;O8:-2.33,-0.35,s58;O9:-2.33,0.55,s44;O10:-0.53,-0.89,s34;O11:-0.89,-1.07,s31;O12:-0.89,-0.89,s28;O13:-2.33,0.37,s15;O14:-0.89,-0.71,s5;O15:-2.33,-0.71,s2","O1:-0.89,-1.25,s106;O2:-0.71,-1.25,s93;O3:-0.53,-1.25,s80;O4:-2.33,-0.53,s77;O5:-2.33,-0.17,s71;O6:-2.33,0.01,s64;O7:-2.33,0.19,s60;O8:-2.33,-0.35,s58;O9:-2.33,0.55,s44;O10:-0.53,-0.89,s34;O11:-0.89,-1.07,s31;O12:-0.89,-0.89,s28;O13:-2.33,0.37,s15;O14:-0.89,-0.71,s5;O15:-2.33,-0.71,s2",RUNNING,UNKNOWN_MAP_SLAM_AVOIDANCE,unknown_map;frontier_targets;static_unknown_obstacles;dynamic_wandering_robot;costmap;slam_path_planning;obstacle_avoidance,P2_Wanderer,dynamic_wandering_robot,55.30717,55.30717,-0.11451,-0.34249,1,0,0,9,6,32,15,774,15,774,-0.11451,-0.34249,1.96955,-0.11451,-0.34249,1.96955
13.5,PID,HECTOR_GRID_MATCHING,HECTOR_SCAN_MATCHING_GRID,landmarks,task1,TO_WS1_DELIVER_T1,AVOIDING,DIRECT,T1,WS1,-1.75323,0.29616,1.5536,-1.781,0.266,1.56,0.03715,0.03188,-2.12,1.1,0.88899,0.39443,0.12863,91.12374,NORMAL,0,0,0,0,16,784,16,16,58,784,0.22474,0.92617,0,0,-2.12,1.1,0,0,0.24492,0.74041,9.18283,"O1:-0.89,-1.25,s106;O2:-0.71,-1.25,s93;O3:-0.53,-1.25,s80;O4:-2.33,-0.53,s79;O5:-2.33,-0.17,s73;O6:-2.33,0.01,s66;O7:-2.33,0.19,s61;O8:-2.33,-0.35,s58;O9:-2.33,0.55,s46;O10:-0.53,-0.89,s34;O11:-0.89,-1.07,s31;O12:-0.89,-0.89,s28;O13:-2.33,0.37,s16;O14:-0.89,-0.71,s5;O15:-2.33,-0.71,s2","O1:-0.89,-1.25,s106;O2:-0.71,-1.25,s93;O3:-0.53,-1.25,s80;O4:-2.33,-0.53,s79;O5:-2.33,-0.17,s73;O6:-2.33,0.01,s66;O7:-2.33,0.19,s61;O8:-2.33,-0.35,s58;O9:-2.33,0.55,s46;O10:-0.53,-0.89,s34;O11:-0.89,-1.07,s31;O12:-0.89,-0.89,s28;O13:-2.33,0.37,s16;O14:-0.89,-0.71,s5;O15:-2.33,-0.71,s2",RUNNING,UNKNOWN_MAP_SLAM_AVOIDANCE,unknown_map;frontier_targets;static_unknown_obstacles;dynamic_wandering_robot;costmap;slam_path_planning;obstacle_avoidance,P2_Wanderer,dynamic_wandering_robot,58.09799,58.09799,-0.12228,-0.32406,1,0,0,9,6,32,16,784,16,784,-0.12228,-0.32406,1.96955,-0.12228,-0.32406,1.96955
13.6,PID,HECTOR_GRID_MATCHING,HECTOR_SCAN_MATCHING_GRID,landmarks,task1,DELIVER_T1_WS1,ARRIVED_TARGET,SLAM_WAYPOINT,T1,WS1,-1.75345,0.31,1.54428,-1.777,0.146,1.529,0.15943,0.03211,-2.12,1.1,0.87695,0.39373,0.12805,91.09358,NORMAL,0,0,0,0,16,794,16,16,58,794,0.22372,0.94316,0,0,-1.841,0.906,1,0,0.0,0.0,9.68347,"O1:-0.89,-1.25,s106;O2:-0.71,-1.25,s93;O3:-0.53,-1.25,s80;O4:-2.33,-0.53,s80;O5:-2.33,-0.17,s75;O6:-2.33,0.01,s67;O7:-2.33,0.19,s63;O8:-2.33,-0.35,s59;O9:-2.33,0.55,s47;O10:-0.53,-0.89,s34;O11:-0.89,-1.07,s31;O12:-0.89,-0.89,s28;O13:-2.33,0.37,s17;O14:-0.89,-0.71,s5;O15:-2.33,0.73,s2;O16:-2.33,-0.71,s2","O1:-0.89,-1.25,s106;O2:-0.71,-1.25,s93;O3:-0.53,-1.25,s80;O4:-2.33,-0.53,s80;O5:-2.33,-0.17,s75;O6:-2.33,0.01,s67;O7:-2.33,0.19,s63;O8:-2.33,-0.35,s59;O9:-2.33,0.55,s47;O10:-0.53,-0.89,s34;O11:-0.89,-1.07,s31;O12:-0.89,-0.89,s28;O13:-2.33,0.37,s17;O14:-0.89,-0.71,s5;O15:-2.33,0.73,s2;O16:-2.33,-0.71,s2",RUNNING,UNKNOWN_MAP_SLAM_AVOIDANCE,unknown_map;frontier_targets;static_unknown_obstacles;dynamic_wandering_robot;costmap;slam_path_planning;obstacle_avoidance,P2_Wanderer,dynamic_wandering_robot,58.18831,58.18831,-0.13004,-0.30563,1,0,0,10,6,32,16,794,16,794,-0.13004,-0.30563,1.96955,-0.13004,-0.30563,1.96955
13.7,PID,HECTOR_GRID_MATCHING,HECTOR_SCAN_MATCHING_GRID,landmarks,task1,DELIVER_T1_WS1,MANIPULATING,SLAM_WAYPOINT,T1,WS1,-1.75367,0.31206,1.53827,-1.787,0.088,1.562,0.22613,0.03155,-2.12,1.1,-1.0,-1.0,0.0,91.09108,NORMAL,0,0,0,0,16,794,16,16,58,794,0.22372,0.95505,0,0,-1.841,0.906,1,0,0.0,0.0,9.68347,"O1:-0.89,-1.25,s106;O2:-0.71,-1.25,s93;O3:-2.33,-0.53,s81;O4:-0.53,-1.25,s80;O5:-2.33,-0.17,s76;O6:-2.33,0.01,s68;O7:-2.33,0.19,s64;O8:-2.33,-0.35,s59;O9:-2.33,0.55,s48;O10:-0.53,-0.89,s34;O11:-0.89,-1.07,s31;O12:-0.89,-0.89,s28;O13:-2.33,0.37,s17;O14:-0.89,-0.71,s5;O15:-2.33,0.73,s2;O16:-2.33,-0.71,s2","O1:-0.89,-1.25,s106;O2:-0.71,-1.25,s93;O3:-2.33,-0.53,s81;O4:-0.53,-1.25,s80;O5:-2.33,-0.17,s76;O6:-2.33,0.01,s68;O7:-2.33,0.19,s64;O8:-2.33,-0.35,s59;O9:-2.33,0.55,s48;O10:-0.53,-0.89,s34;O11:-0.89,-1.07,s31;O12:-0.89,-0.89,s28;O13:-2.33,0.37,s17;O14:-0.89,-0.71,s5;O15:-2.33,0.73,s2;O16:-2.33,-0.71,s2",RUNNING,UNKNOWN_MAP_SLAM_AVOIDANCE,unknown_map;frontier_targets;static_unknown_obstacles;dynamic_wandering_robot;costmap;slam_path_planning;obstacle_avoidance,P2_Wanderer,dynamic_wandering_robot,58.18831,58.18831,-0.13781,-0.2872,1,0,0,10,6,32,16,794,16,794,-0.13781,-0.2872,1.96955,-0.13781,-0.2872,1.96955
13.8,PID,HECTOR_GRID_MATCHING,HECTOR_SCAN_MATCHING_GRID,landmarks,task1,DELIVER_T1_WS1,MANIPULATING,SLAM_WAYPOINT,T1,WS1,-1.75373,0.31204,1.5384,-1.771,0.115,1.541,0.1973,0.03092,-2.12,1.1,-1.0,-1.0,0.0,91.08858,NORMAL,0,0,0,0,16,794,16,16,58,794,0.22372,0.92492,0,0,-1.841,0.906,1,0,0.0,0.0,9.68347,"O1:-0.89,-1.25,s106;O2:-0.71,-1.25,s93;O3:-2.33,-0.53,s81;O4:-0.53,-1.25,s80;O5:-2.33,-0.17,s76;O6:-2.33,0.01,s68;O7:-2.33,0.19,s64;O8:-2.33,-0.35,s59;O9:-2.33,0.55,s48;O10:-0.53,-0.89,s34;O11:-0.89,-1.07,s31;O12:-0.89,-0.89,s28;O13:-2.33,0.37,s17;O14:-0.89,-0.71,s5;O15:-2.33,0.73,s2;O16:-2.33,-0.71,s2","O1:-0.89,-1.25,s106;O2:-0.71,-1.25,s93;O3:-2.33,-0.53,s81;O4:-0.53,-1.25,s80;O5:-2.33,-0.17,s76;O6:-2.33,0.01,s68;O7:-2.33,0.19,s64;O8:-2.33,-0.35,s59;O9:-2.33,0.55,s48;O10:-0.53,-0.89,s34;O11:-0.89,-1.07,s31;O12:-0.89,-0.89,s28;O13:-2.33,0.37,s17;O14:-0.89,-0.71,s5;O15:-2.33,0.73,s2;O16:-2.33,-0.71,s2",RUNNING,UNKNOWN_MAP_SLAM_AVOIDANCE,unknown_map;frontier_targets;static_unknown_obstacles;dynamic_wandering_robot;costmap;slam_path_planning;obstacle_avoidance,P2_Wanderer,dynamic_wandering_robot,58.18831,58.18831,-0.14557,-0.26877,1,0,0,10,6,32,16,794,16,794,-0.14557,-0.26877,1.96955,-0.14557,-0.26877,1.96955
13.9,PID,HECTOR_GRID_MATCHING,HECTOR_SCAN_MATCHING_GRID,landmarks,task1,DELIVER_T1_WS1,MANIPULATING,SLAM_WAYPOINT,T1,WS1,-1.75373,0.31203,1.53841,-1.788,0.202,1.508,0.11533,0.03053,-2.12,1.1,-1.0,-1.0,0.0,91.08608,NORMAL,0,0,0,0,16,794,16,16,58,794,0.22372,0.95644,0,0,-1.841,0.906,1,0,0.0,0.0,9.68347,"O1:-0.89,-1.25,s106;O2:-0.71,-1.25,s93;O3:-2.33,-0.53,s81;O4:-0.53,-1.25,s80;O5:-2.33,-0.17,s76;O6:-2.33,0.01,s68;O7:-2.33,0.19,s64;O8:-2.33,-0.35,s59;O9:-2.33,0.55,s48;O10:-0.53,-0.89,s34;O11:-0.89,-1.07,s31;O12:-0.89,-0.89,s28;O13:-2.33,0.37,s17;O14:-0.89,-0.71,s5;O15:-2.33,0.73,s2;O16:-2.33,-0.71,s2","O1:-0.89,-1.25,s106;O2:-0.71,-1.25,s93;O3:-2.33,-0.53,s81;O4:-0.53,-1.25,s80;O5:-2.33,-0.17,s76;O6:-2.33,0.01,s68;O7:-2.33,0.19,s64;O8:-2.33,-0.35,s59;O9:-2.33,0.55,s48;O10:-0.53,-0.89,s34;O11:-0.89,-1.07,s31;O12:-0.89,-0.89,s28;O13:-2.33,0.37,s17;O14:-0.89,-0.71,s5;O15:-2.33,0.73,s2;O16:-2.33,-0.71,s2",RUNNING,UNKNOWN_MAP_SLAM_AVOIDANCE,unknown_map;frontier_targets;static_unknown_obstacles;dynamic_wandering_robot;costmap;slam_path_planning;obstacle_avoidance,P2_Wanderer,dynamic_wandering_robot,58.18831,58.18831,-0.15334,-0.25034,1,0,0,10,6,32,16,794,16,794,-0.15334,-0.25034,1.96955,-0.15334,-0.25034,1.96955
14.0,PID,HECTOR_GRID_MATCHING,HECTOR_SCAN_MATCHING_GRID,landmarks,task1,DELIVER_T1_WS1,MANIPULATING,SLAM_WAYPOINT,T1,WS1,-1.75373,0.31201,1.53841,-1.788,0.207,1.502,0.11067,0.03028,-2.12,1.1,-1.0,-1.0,0.0,91.08358,NORMAL,0,0,0,0,16,794,16,16,58,794,0.22372,0.96202,0,0,-1.841,0.906,1,0,0.0,0.0,9.68347,"O1:-0.89,-1.25,s106;O2:-0.71,-1.25,s93;O3:-2.33,-0.53,s81;O4:-0.53,-1.25,s80;O5:-2.33,-0.17,s76;O6:-2.33,0.01,s68;O7:-2.33,0.19,s64;O8:-2.33,-0.35,s59;O9:-2.33,0.55,s48;O10:-0.53,-0.89,s34;O11:-0.89,-1.07,s31;O12:-0.89,-0.89,s28;O13:-2.33,0.37,s17;O14:-0.89,-0.71,s5;O15:-2.33,0.73,s2;O16:-2.33,-0.71,s2","O1:-0.89,-1.25,s106;O2:-0.71,-1.25,s93;O3:-2.33,-0.53,s81;O4:-0.53,-1.25,s80;O5:-2.33,-0.17,s76;O6:-2.33,0.01,s68;O7:-2.33,0.19,s64;O8:-2.33,-0.35,s59;O9:-2.33,0.55,s48;O10:-0.53,-0.89,s34;O11:-0.89,-1.07,s31;O12:-0.89,-0.89,s28;O13:-2.33,0.37,s17;O14:-0.89,-0.71,s5;O15:-2.33,0.73,s2;O16:-2.33,-0.71,s2",RUNNING,UNKNOWN_MAP_SLAM_AVOIDANCE,unknown_map;frontier_targets;static_unknown_obstacles;dynamic_wandering_robot;costmap;slam_path_planning;obstacle_avoidance,P2_Wanderer,dynamic_wandering_robot,58.18831,58.18831,-0.1611,-0.23191,1,0,0,10,6,32,16,794,16,794,-0.1611,-0.23191,1.96955,-0.1611,-0.23191,1.96955
14.1,PID,HECTOR_GRID_MATCHING,HECTOR_SCAN_MATCHING_GRID,landmarks,task1,DELIVER_T1_WS1,MANIPULATING,SLAM_WAYPOINT,T1,WS1,-1.75373,0.312,1.53841,-1.783,0.11,1.532,0.2043,0.03013,-2.12,1.1,-1.0,-1.0,0.0,91.08108,NORMAL,0,0,0,0,16,794,16,16,58,794,0.22372,0.92429,0,0,-1.841,0.906,1,0,0.0,0.0,9.68347,"O1:-0.89,-1.25,s106;O2:-0.71,-1.25,s93;O3:-2.33,-0.53,s81;O4:-0.53,-1.25,s80;O5:-2.33,-0.17,s76;O6:-2.33,0.01,s68;O7:-2.33,0.19,s64;O8:-2.33,-0.35,s59;O9:-2.33,0.55,s48;O10:-0.53,-0.89,s34;O11:-0.89,-1.07,s31;O12:-0.89,-0.89,s28;O13:-2.33,0.37,s17;O14:-0.89,-0.71,s5;O15:-2.33,0.73,s2;O16:-2.33,-0.71,s2","O1:-0.89,-1.25,s106;O2:-0.71,-1.25,s93;O3:-2.33,-0.53,s81;O4:-0.53,-1.25,s80;O5:-2.33,-0.17,s76;O6:-2.33,0.01,s68;O7:-2.33,0.19,s64;O8:-2.33,-0.35,s59;O9:-2.33,0.55,s48;O10:-0.53,-0.89,s34;O11:-0.89,-1.07,s31;O12:-0.89,-0.89,s28;O13:-2.33,0.37,s17;O14:-0.89,-0.71,s5;O15:-2.33,0.73,s2;O16:-2.33,-0.71,s2",RUNNING,UNKNOWN_MAP_SLAM_AVOIDANCE,unknown_map;frontier_targets;static_unknown_obstacles;dynamic_wandering_robot;costmap;slam_path_planning;obstacle_avoidance,P2_Wanderer,dynamic_wandering_robot,58.18831,58.18831,-0.16887,-0.21347,1,0,0,10,6,32,16,794,16,794,-0.16887,-0.21347,1.96955,-0.16887,-0.21347,1.96955
14.2,PID,HECTOR_GRID_MATCHING,HECTOR_SCAN_MATCHING_GRID,landmarks,task1,DELIVER_T1_WS1,MANIPULATING,SLAM_WAYPOINT,T1,WS1,-1.75373,0.31198,1.5384,-1.781,0.033,1.499,0.2799,0.03003,-2.12,1.1,-1.0,-1.0,0.0,91.07858,NORMAL,0,0,0,0,16,794,16,16,58,794,0.22372,0.94368,0,0,-1.841,0.906,1,0,0.0,0.0,9.68347,"O1:-0.89,-1.25,s106;O2:-0.71,-1.25,s93;O3:-2.33,-0.53,s81;O4:-0.53,-1.25,s80;O5:-2.33,-0.17,s76;O6:-2.33,0.01,s68;O7:-2.33,0.19,s64;O8:-2.33,-0.35,s59;O9:-2.33,0.55,s48;O10:-0.53,-0.89,s34;O11:-0.89,-1.07,s31;O12:-0.89,-0.89,s28;O13:-2.33,0.37,s17;O14:-0.89,-0.71,s5;O15:-2.33,0.73,s2;O16:-2.33,-0.71,s2","O1:-0.89,-1.25,s106;O2:-0.71,-1.25,s93;O3:-2.33,-0.53,s81;O4:-0.53,-1.25,s80;O5:-2.33,-0.17,s76;O6:-2.33,0.01,s68;O7:-2.33,0.19,s64;O8:-2.33,-0.35,s59;O9:-2.33,0.55,s48;O10:-0.53,-0.89,s34;O11:-0.89,-1.07,s31;O12:-0.89,-0.89,s28;O13:-2.33,0.37,s17;O14:-0.89,-0.71,s5;O15:-2.33,0.73,s2;O16:-2.33,-0.71,s2",RUNNING,UNKNOWN_MAP_SLAM_AVOIDANCE,unknown_map;frontier_targets;static_unknown_obstacles;dynamic_wandering_robot;costmap;slam_path_planning;obstacle_avoidance,P2_Wanderer,dynamic_wandering_robot,58.18831,58.18831,-0.17663,-0.19504,1,0,0,10,6,32,16,794,16,794,-0.17663,-0.19504,1.96955,-0.17663,-0.19504,1.96955
14.3,PID,HECTOR_GRID_MATCHING,HECTOR_SCAN_MATCHING_GRID,landmarks,task1,DELIVER_T1_WS1,MANIPULATING,SLAM_WAYPOINT,T1,WS1,-1.75372,0.31197,1.5384,-1.797,0.089,1.524,0.22755,0.02997,-2.12,1.1,-1.0,-1.0,0.0,91.07608,NORMAL,0,0,0,0,16,794,16,16,58,794,0.22372,0.95809,0,0,-1.841,0.906,1,0,0.0,0.0,9.68347,"O1:-0.89,-1.25,s106;O2:-0.71,-1.25,s93;O3:-2.33,-0.53,s81;O4:-0.53,-1.25,s80;O5:-2.33,-0.17,s76;O6:-2.33,0.01,s68;O7:-2.33,0.19,s64;O8:-2.33,-0.35,s59;O9:-2.33,0.55,s48;O10:-0.53,-0.89,s34;O11:-0.89,-1.07,s31;O12:-0.89,-0.89,s28;O13:-2.33,0.37,s17;O14:-0.89,-0.71,s5;O15:-2.33,0.73,s2;O16:-2.33,-0.71,s2","O1:-0.89,-1.25,s106;O2:-0.71,-1.25,s93;O3:-2.33,-0.53,s81;O4:-0.53,-1.25,s80;O5:-2.33,-0.17,s76;O6:-2.33,0.01,s68;O7:-2.33,0.19,s64;O8:-2.33,-0.35,s59;O9:-2.33,0.55,s48;O10:-0.53,-0.89,s34;O11:-0.89,-1.07,s31;O12:-0.89,-0.89,s28;O13:-2.33,0.37,s17;O14:-0.89,-0.71,s5;O15:-2.33,0.73,s2;O16:-2.33,-0.71,s2",RUNNING,UNKNOWN_MAP_SLAM_AVOIDANCE,unknown_map;frontier_targets;static_unknown_obstacles;dynamic_wandering_robot;costmap;slam_path_planning;obstacle_avoidance,P2_Wanderer,dynamic_wandering_robot,58.18831,58.18831,-0.1844,-0.17661,1,0,0,10,6,32,16,794,16,794,-0.1844,-0.17661,1.96955,-0.1844,-0.17661,1.96955
14.4,PID,HECTOR_GRID_MATCHING,HECTOR_SCAN_MATCHING_GRID,landmarks,task1,DELIVER_T1_WS1,MANIPULATING,SLAM_WAYPOINT,T1,WS1,-1.75372,0.31195,1.5384,-1.79,0.04,1.506,0.2744,0.02994,-2.12,1.1,-1.0,-1.0,0.0,91.07358,NORMAL,0,0,0,0,16,794,16,16,58,794,0.22372,0.94214,0,0,-1.841,0.906,1,0,0.0,0.0,9.68347,"O1:-0.89,-1.25,s106;O2:-0.71,-1.25,s93;O3:-2.33,-0.53,s81;O4:-0.53,-1.25,s80;O5:-2.33,-0.17,s76;O6:-2.33,0.01,s68;O7:-2.33,0.19,s64;O8:-2.33,-0.35,s59;O9:-2.33,0.55,s48;O10:-0.53,-0.89,s34;O11:-0.89,-1.07,s31;O12:-0.89,-0.89,s28;O13:-2.33,0.37,s17;O14:-0.89,-0.71,s5;O15:-2.33,0.73,s2;O16:-2.33,-0.71,s2","O1:-0.89,-1.25,s106;O2:-0.71,-1.25,s93;O3:-2.33,-0.53,s81;O4:-0.53,-1.25,s80;O5:-2.33,-0.17,s76;O6:-2.33,0.01,s68;O7:-2.33,0.19,s64;O8:-2.33,-0.35,s59;O9:-2.33,0.55,s48;O10:-0.53,-0.89,s34;O11:-0.89,-1.07,s31;O12:-0.89,-0.89,s28;O13:-2.33,0.37,s17;O14:-0.89,-0.71,s5;O15:-2.33,0.73,s2;O16:-2.33,-0.71,s2",RUNNING,UNKNOWN_MAP_SLAM_AVOIDANCE,unknown_map;frontier_targets;static_unknown_obstacles;dynamic_wandering_robot;costmap;slam_path_planning;obstacle_avoidance,P2_Wanderer,dynamic_wandering_robot,58.18831,58.18831,-0.19217,-0.15818,1,0,0,10,6,32,16,794,16,794,-0.19217,-0.15818,1.96955,-0.19217,-0.15818,1.96955
14.5,PID,HECTOR_GRID_MATCHING,HECTOR_SCAN_MATCHING_GRID,landmarks,task1,WAIT_B1_WORK_T1,WAIT_B1,SLAM_WAYPOINT,T1,WS1,-1.75372,0.31194,1.5384,-1.786,0.034,1.502,0.2796,0.02991,-2.12,1.1,-1.0,-1.0,0.0,91.07108,NORMAL,1,0,0,0,16,794,16,16,58,794,0.22372,0.94388,0,0,-1.841,0.906,1,0,0.0,0.0,9.68347,"O1:-0.89,-1.25,s106;O2:-0.71,-1.25,s93;O3:-2.33,-0.53,s81;O4:-0.53,-1.25,s80;O5:-2.33,-0.17,s76;O6:-2.33,0.01,s68;O7:-2.33,0.19,s64;O8:-2.33,-0.35,s59;O9:-2.33,0.55,s48;O10:-0.53,-0.89,s34;O11:-0.89,-1.07,s31;O12:-0.89,-0.89,s28;O13:-2.33,0.37,s17;O14:-0.89,-0.71,s5;O15:-2.33,0.73,s2;O16:-2.33,-0.71,s2","O1:-0.89,-1.25,s106;O2:-0.71,-1.25,s93;O3:-2.33,-0.53,s81;O4:-0.53,-1.25,s80;O5:-2.33,-0.17,s76;O6:-2.33,0.01,s68;O7:-2.33,0.19,s64;O8:-2.33,-0.35,s59;O9:-2.33,0.55,s48;O10:-0.53,-0.89,s34;O11:-0.89,-1.07,s31;O12:-0.89,-0.89,s28;O13:-2.33,0.37,s17;O14:-0.89,-0.71,s5;O15:-2.33,0.73,s2;O16:-2.33,-0.71,s2",RUNNING,UNKNOWN_MAP_SLAM_AVOIDANCE,unknown_map;frontier_targets;static_unknown_obstacles;dynamic_wandering_robot;costmap;slam_path_planning;obstacle_avoidance,P2_Wanderer,dynamic_wandering_robot,58.18831,58.18831,-0.19993,-0.13975,1,0,0,10,6,32,16,794,16,794,-0.19993,-0.13975,1.96955,-0.19993,-0.13975,1.96955
14.6,PID,HECTOR_GRID_MATCHING,HECTOR_SCAN_MATCHING_GRID,landmarks,task1,WAIT_B1_WORK_T1,WAIT_B1,SLAM_WAYPOINT,T1,WS1,-1.75372,0.31192,1.53839,-1.789,0.034,1.502,0.27964,0.0299,-2.12,1.1,-1.0,-1.0,0.0,91.06858,NORMAL,1,0,0,0,16,794,16,16,58,794,0.22372,0.94317,0,0,-1.841,0.906,1,0,0.0,0.0,9.68347,"O1:-0.89,-1.25,s106;O2:-0.71,-1.25,s93;O3:-2.33,-0.53,s81;O4:-0.53,-1.25,s80;O5:-2.33,-0.17,s76;O6:-2.33,0.01,s68;O7:-2.33,0.19,s64;O8:-2.33,-0.35,s59;O9:-2.33,0.55,s48;O10:-0.53,-0.89,s34;O11:-0.89,-1.07,s31;O12:-0.89,-0.89,s28;O13:-2.33,0.37,s17;O14:-0.89,-0.71,s5;O15:-2.33,0.73,s2;O16:-2.33,-0.71,s2","O1:-0.89,-1.25,s106;O2:-0.71,-1.25,s93;O3:-2.33,-0.53,s81;O4:-0.53,-1.25,s80;O5:-2.33,-0.17,s76;O6:-2.33,0.01,s68;O7:-2.33,0.19,s64;O8:-2.33,-0.35,s59;O9:-2.33,0.55,s48;O10:-0.53,-0.89,s34;O11:-0.89,-1.07,s31;O12:-0.89,-0.89,s28;O13:-2.33,0.37,s17;O14:-0.89,-0.71,s5;O15:-2.33,0.73,s2;O16:-2.33,-0.71,s2",RUNNING,UNKNOWN_MAP_SLAM_AVOIDANCE,unknown_map;frontier_targets;static_unknown_obstacles;dynamic_wandering_robot;costmap;slam_path_planning;obstacle_avoidance,P2_Wanderer,dynamic_wandering_robot,58.18831,58.18831,-0.2077,-0.12132,1,0,0,10,6,32,16,794,16,794,-0.2077,-0.12132,1.96955,-0.2077,-0.12132,1.96955
14.7,PID,HECTOR_GRID_MATCHING,HECTOR_SCAN_MATCHING_GRID,landmarks,task1,WAIT_B1_WORK_T1,WAIT_B1,SLAM_WAYPOINT,T1,WS1,-1.75372,0.31191,1.53839,-1.794,0.032,1.498,0.28298,0.02989,-2.12,1.1,-1.0,-1.0,0.0,91.06608,NORMAL,1,0,0,0,16,794,16,16,58,794,0.22372,0.94193,0,0,-1.841,0.906,1,0,0.0,0.0,9.68347,"O1:-0.89,-1.25,s106;O2:-0.71,-1.25,s93;O3:-2.33,-0.53,s81;O4:-0.53,-1.25,s80;O5:-2.33,-0.17,s76;O6:-2.33,0.01,s68;O7:-2.33,0.19,s64;O8:-2.33,-0.35,s59;O9:-2.33,0.55,s48;O10:-0.53,-0.89,s34;O11:-0.89,-1.07,s31;O12:-0.89,-0.89,s28;O13:-2.33,0.37,s17;O14:-0.89,-0.71,s5;O15:-2.33,0.73,s2;O16:-2.33,-0.71,s2","O1:-0.89,-1.25,s106;O2:-0.71,-1.25,s93;O3:-2.33,-0.53,s81;O4:-0.53,-1.25,s80;O5:-2.33,-0.17,s76;O6:-2.33,0.01,s68;O7:-2.33,0.19,s64;O8:-2.33,-0.35,s59;O9:-2.33,0.55,s48;O10:-0.53,-0.89,s34;O11:-0.89,-1.07,s31;O12:-0.89,-0.89,s28;O13:-2.33,0.37,s17;O14:-0.89,-0.71,s5;O15:-2.33,0.73,s2;O16:-2.33,-0.71,s2",RUNNING,UNKNOWN_MAP_SLAM_AVOIDANCE,unknown_map;frontier_targets;static_unknown_obstacles;dynamic_wandering_robot;costmap;slam_path_planning;obstacle_avoidance,P2_Wanderer,dynamic_wandering_robot,58.18831,58.18831,-0.21546,-0.10289,1,0,0,10,6,32,16,794,16,794,-0.21546,-0.10289,1.96955,-0.21546,-0.10289,1.96955
14.8,PID,HECTOR_GRID_MATCHING,HECTOR_SCAN_MATCHING_GRID,landmarks,task1,WAIT_B1_WORK_T1,WAIT_B1,SLAM_WAYPOINT,T1,WS1,-1.75371,0.31189,1.53839,-1.749,0.118,1.541,0.1935,0.02988,-2.12,1.1,-1.0,-1.0,0.0,91.06358,NORMAL,1,0,0,0,16,794,16,16,58,794,0.22372,0.95786,0,0,-1.841,0.906,1,0,0.0,0.0,9.68347,"O1:-0.89,-1.25,s106;O2:-0.71,-1.25,s93;O3:-2.33,-0.53,s81;O4:-0.53,-1.25,s80;O5:-2.33,-0.17,s76;O6:-2.33,0.01,s68;O7:-2.33,0.19,s64;O8:-2.33,-0.35,s59;O9:-2.33,0.55,s48;O10:-0.53,-0.89,s34;O11:-0.89,-1.07,s31;O12:-0.89,-0.89,s28;O13:-2.33,0.37,s17;O14:-0.89,-0.71,s5;O15:-2.33,0.73,s2;O16:-2.33,-0.71,s2","O1:-0.89,-1.25,s106;O2:-0.71,-1.25,s93;O3:-2.33,-0.53,s81;O4:-0.53,-1.25,s80;O5:-2.33,-0.17,s76;O6:-2.33,0.01,s68;O7:-2.33,0.19,s64;O8:-2.33,-0.35,s59;O9:-2.33,0.55,s48;O10:-0.53,-0.89,s34;O11:-0.89,-1.07,s31;O12:-0.89,-0.89,s28;O13:-2.33,0.37,s17;O14:-0.89,-0.71,s5;O15:-2.33,0.73,s2;O16:-2.33,-0.71,s2",RUNNING,UNKNOWN_MAP_SLAM_AVOIDANCE,unknown_map;frontier_targets;static_unknown_obstacles;dynamic_wandering_robot;costmap;slam_path_planning;obstacle_avoidance,P2_Wanderer,dynamic_wandering_robot,58.18831,58.18831,-0.22323,-0.08446,1,0,0,10,6,32,16,794,16,794,-0.22323,-0.08446,1.96955,-0.22323,-0.08446,1.96955
14.9,PID,HECTOR_GRID_MATCHING,HECTOR_SCAN_MATCHING_GRID,landmarks,task1,WAIT_B1_WORK_T1,WAIT_B1,SLAM_WAYPOINT,T1,WS1,-1.75371,0.31188,1.53839,-1.775,0.107,1.525,0.2062,0.02988,-2.12,1.1,-1.0,-1.0,0.0,91.06108,NORMAL,1,0,0,0,16,794,16,16,58,794,0.22372,0.93104,0,0,-1.841,0.906,1,0,0.0,0.0,9.68347,"O1:-0.89,-1.25,s106;O2:-0.71,-1.25,s93;O3:-2.33,-0.53,s81;O4:-0.53,-1.25,s80;O5:-2.33,-0.17,s76;O6:-2.33,0.01,s68;O7:-2.33,0.19,s64;O8:-2.33,-0.35,s59;O9:-2.33,0.55,s48;O10:-0.53,-0.89,s34;O11:-0.89,-1.07,s31;O12:-0.89,-0.89,s28;O13:-2.33,0.37,s17;O14:-0.89,-0.71,s5;O15:-2.33,0.73,s2;O16:-2.33,-0.71,s2","O1:-0.89,-1.25,s106;O2:-0.71,-1.25,s93;O3:-2.33,-0.53,s81;O4:-0.53,-1.25,s80;O5:-2.33,-0.17,s76;O6:-2.33,0.01,s68;O7:-2.33,0.19,s64;O8:-2.33,-0.35,s59;O9:-2.33,0.55,s48;O10:-0.53,-0.89,s34;O11:-0.89,-1.07,s31;O12:-0.89,-0.89,s28;O13:-2.33,0.37,s17;O14:-0.89,-0.71,s5;O15:-2.33,0.73,s2;O16:-2.33,-0.71,s2",RUNNING,UNKNOWN_MAP_SLAM_AVOIDANCE,unknown_map;frontier_targets;static_unknown_obstacles;dynamic_wandering_robot;costmap;slam_path_planning;obstacle_avoidance,P2_Wanderer,dynamic_wandering_robot,58.18831,58.18831,-0.23099,-0.06603,1,0,0,10,6,32,16,794,16,794,-0.23099,-0.06603,1.96955,-0.23099,-0.06603,1.96955
15.0,PID,HECTOR_GRID_MATCHING,HECTOR_SCAN_MATCHING_GRID,landmarks,task1,WAIT_B1_WORK_T1,WAIT_B1,SLAM_WAYPOINT,T1,WS1,-1.75371,0.31186,1.53839,-1.783,0.185,1.508,0.13043,0.02988,-2.12,1.1,-1.0,-1.0,0.0,91.05858,NORMAL,1,0,0,0,16,794,16,16,58,794,0.22372,0.95583,0,0,-1.841,0.906,1,0,0.0,0.0,9.68347,"O1:-0.89,-1.25,s106;O2:-0.71,-1.25,s93;O3:-2.33,-0.53,s81;O4:-0.53,-1.25,s80;O5:-2.33,-0.17,s76;O6:-2.33,0.01,s68;O7:-2.33,0.19,s64;O8:-2.33,-0.35,s59;O9:-2.33,0.55,s48;O10:-0.53,-0.89,s34;O11:-0.89,-1.07,s31;O12:-0.89,-0.89,s28;O13:-2.33,0.37,s17;O14:-0.89,-0.71,s5;O15:-2.33,0.73,s2;O16:-2.33,-0.71,s2","O1:-0.89,-1.25,s106;O2:-0.71,-1.25,s93;O3:-2.33,-0.53,s81;O4:-0.53,-1.25,s80;O5:-2.33,-0.17,s76;O6:-2.33,0.01,s68;O7:-2.33,0.19,s64;O8:-2.33,-0.35,s59;O9:-2.33,0.55,s48;O10:-0.53,-0.89,s34;O11:-0.89,-1.07,s31;O12:-0.89,-0.89,s28;O13:-2.33,0.37,s17;O14:-0.89,-0.71,s5;O15:-2.33,0.73,s2;O16:-2.33,-0.71,s2",RUNNING,UNKNOWN_MAP_SLAM_AVOIDANCE,unknown_map;frontier_targets;static_unknown_obstacles;dynamic_wandering_robot;costmap;slam_path_planning;obstacle_avoidance,P2_Wanderer,dynamic_wandering_robot,58.18831,58.18831,-0.23876,-0.0476,1,0,0,10,6,32,16,794,16,794,-0.23876,-0.0476,1.96955,-0.23876,-0.0476,1.96955
15.1,PID,HECTOR_GRID_MATCHING,HECTOR_SCAN_MATCHING_GRID,landmarks,task1,WAIT_B1_WORK_T1,WAIT_B1,SLAM_WAYPOINT,T1,WS1,-1.75371,0.31185,1.53838,-1.774,0.154,1.521,0.15925,0.02987,-2.12,1.1,-1.0,-1.0,0.0,91.05608,NORMAL,1,0,0,0,16,794,16,16,58,794,0.22372,0.95534,0,0,-1.841,0.906,1,0,0.0,0.0,9.68347,"O1:-0.89,-1.25,s106;O2:-0.71,-1.25,s93;O3:-2.33,-0.53,s81;O4:-0.53,-1.25,s80;O5:-2.33,-0.17,s76;O6:-2.33,0.01,s68;O7:-2.33,0.19,s64;O8:-2.33,-0.35,s59;O9:-2.33,0.55,s48;O10:-0.53,-0.89,s34;O11:-0.89,-1.07,s31;O12:-0.89,-0.89,s28;O13:-2.33,0.37,s17;O14:-0.89,-0.71,s5;O15:-2.33,0.73,s2;O16:-2.33,-0.71,s2","O1:-0.89,-1.25,s106;O2:-0.71,-1.25,s93;O3:-2.33,-0.53,s81;O4:-0.53,-1.25,s80;O5:-2.33,-0.17,s76;O6:-2.33,0.01,s68;O7:-2.33,0.19,s64;O8:-2.33,-0.35,s59;O9:-2.33,0.55,s48;O10:-0.53,-0.89,s34;O11:-0.89,-1.07,s31;O12:-0.89,-0.89,s28;O13:-2.33,0.37,s17;O14:-0.89,-0.71,s5;O15:-2.33,0.73,s2;O16:-2.33,-0.71,s2",RUNNING,UNKNOWN_MAP_SLAM_AVOIDANCE,unknown_map;frontier_targets;static_unknown_obstacles;dynamic_wandering_robot;costmap;slam_path_planning;obstacle_avoidance,P2_Wanderer,dynamic_wandering_robot,58.18831,58.18831,-0.24652,-0.02916,1,0,0,10,6,32,16,794,16,794,-0.24652,-0.02916,1.96955,-0.24652,-0.02916,1.96955
15.2,PID,HECTOR_GRID_MATCHING,HECTOR_SCAN_MATCHING_GRID,landmarks,task1,WAIT_B1_WORK_T1,WAIT_B1,SLAM_WAYPOINT,T1,WS1,-1.75371,0.31183,1.53838,-1.774,0.155,1.524,0.15825,0.02987,-2.12,1.1,-1.0,-1.0,0.0,91.05358,NORMAL,1,0,0,0,16,794,16,16,58,794,0.22372,0.95675,0,0,-1.841,0.906,1,0,0.0,0.0,9.68347,"O1:-0.89,-1.25,s106;O2:-0.71,-1.25,s93;O3:-2.33,-0.53,s81;O4:-0.53,-1.25,s80;O5:-2.33,-0.17,s76;O6:-2.33,0.01,s68;O7:-2.33,0.19,s64;O8:-2.33,-0.35,s59;O9:-2.33,0.55,s48;O10:-0.53,-0.89,s34;O11:-0.89,-1.07,s31;O12:-0.89,-0.89,s28;O13:-2.33,0.37,s17;O14:-0.89,-0.71,s5;O15:-2.33,0.73,s2;O16:-2.33,-0.71,s2","O1:-0.89,-1.25,s106;O2:-0.71,-1.25,s93;O3:-2.33,-0.53,s81;O4:-0.53,-1.25,s80;O5:-2.33,-0.17,s76;O6:-2.33,0.01,s68;O7:-2.33,0.19,s64;O8:-2.33,-0.35,s59;O9:-2.33,0.55,s48;O10:-0.53,-0.89,s34;O11:-0.89,-1.07,s31;O12:-0.89,-0.89,s28;O13:-2.33,0.37,s17;O14:-0.89,-0.71,s5;O15:-2.33,0.73,s2;O16:-2.33,-0.71,s2",RUNNING,UNKNOWN_MAP_SLAM_AVOIDANCE,unknown_map;frontier_targets;static_unknown_obstacles;dynamic_wandering_robot;costmap;slam_path_planning;obstacle_avoidance,P2_Wanderer,dynamic_wandering_robot,58.18831,58.18831,-0.25429,-0.01073,1,0,0,10,6,32,16,794,16,794,-0.25429,-0.01073,1.96955,-0.25429,-0.01073,1.96955
15.3,PID,HECTOR_GRID_MATCHING,HECTOR_SCAN_MATCHING_GRID,landmarks,task1,WAIT_B1_WORK_T1,WAIT_B1,SLAM_WAYPOINT,T1,WS1,-1.7537,0.31182,1.53838,-1.777,0.161,1.511,0.15279,0.02987,-2.12,1.1,-1.0,-1.0,0.0,91.05108,NORMAL,1,0,0,0,16,794,16,16,58,794,0.22372,0.95824,0,0,-1.841,0.906,1,0,0.0,0.0,9.68347,"O1:-0.89,-1.25,s106;O2:-0.71,-1.25,s93;O3:-2.33,-0.53,s81;O4:-0.53,-1.25,s80;O5:-2.33,-0.17,s76;O6:-2.33,0.01,s68;O7:-2.33,0.19,s64;O8:-2.33,-0.35,s59;O9:-2.33,0.55,s48;O10:-0.53,-0.89,s34;O11:-0.89,-1.07,s31;O12:-0.89,-0.89,s28;O13:-2.33,0.37,s17;O14:-0.89,-0.71,s5;O15:-2.33,0.73,s2;O16:-2.33,-0.71,s2","O1:-0.89,-1.25,s106;O2:-0.71,-1.25,s93;O3:-2.33,-0.53,s81;O4:-0.53,-1.25,s80;O5:-2.33,-0.17,s76;O6:-2.33,0.01,s68;O7:-2.33,0.19,s64;O8:-2.33,-0.35,s59;O9:-2.33,0.55,s48;O10:-0.53,-0.89,s34;O11:-0.89,-1.07,s31;O12:-0.89,-0.89,s28;O13:-2.33,0.37,s17;O14:-0.89,-0.71,s5;O15:-2.33,0.73,s2;O16:-2.33,-0.71,s2",RUNNING,UNKNOWN_MAP_SLAM_AVOIDANCE,unknown_map;frontier_targets;static_unknown_obstacles;dynamic_wandering_robot;costmap;slam_path_planning;obstacle_avoidance,P2_Wanderer,dynamic_wandering_robot,58.18831,58.18831,-0.26205,0.0077,1,0,0,10,6,32,16,794,16,794,-0.26205,0.0077,1.96955,-0.26205,0.0077,1.96955
15.4,PID,HECTOR_GRID_MATCHING,HECTOR_SCAN_MATCHING_GRID,landmarks,task1,WAIT_B1_WORK_T1,WAIT_B1,SLAM_WAYPOINT,T1,WS1,-1.7537,0.3118,1.53838,-1.779,0.178,1.515,0.13641,0.02987,-2.12,1.1,-1.0,-1.0,0.0,91.04858,NORMAL,1,0,0,0,16,794,16,16,58,794,0.22372,0.96037,0,0,-1.841,0.906,1,0,0.0,0.0,9.68347,"O1:-0.89,-1.25,s106;O2:-0.71,-1.25,s93;O3:-2.33,-0.53,s81;O4:-0.53,-1.25,s80;O5:-2.33,-0.17,s76;O6:-2.33,0.01,s68;O7:-2.33,0.19,s64;O8:-2.33,-0.35,s59;O9:-2.33,0.55,s48;O10:-0.53,-0.89,s34;O11:-0.89,-1.07,s31;O12:-0.89,-0.89,s28;O13:-2.33,0.37,s17;O14:-0.89,-0.71,s5;O15:-2.33,0.73,s2;O16:-2.33,-0.71,s2","O1:-0.89,-1.25,s106;O2:-0.71,-1.25,s93;O3:-2.33,-0.53,s81;O4:-0.53,-1.25,s80;O5:-2.33,-0.17,s76;O6:-2.33,0.01,s68;O7:-2.33,0.19,s64;O8:-2.33,-0.35,s59;O9:-2.33,0.55,s48;O10:-0.53,-0.89,s34;O11:-0.89,-1.07,s31;O12:-0.89,-0.89,s28;O13:-2.33,0.37,s17;O14:-0.89,-0.71,s5;O15:-2.33,0.73,s2;O16:-2.33,-0.71,s2",RUNNING,UNKNOWN_MAP_SLAM_AVOIDANCE,unknown_map;frontier_targets;static_unknown_obstacles;dynamic_wandering_robot;costmap;slam_path_planning;obstacle_avoidance,P2_Wanderer,dynamic_wandering_robot,58.18831,58.18831,-0.26982,0.02613,1,0,0,10,6,32,16,794,16,794,-0.26982,0.02613,1.96955,-0.26982,0.02613,1.96955
15.5,PID,HECTOR_GRID_MATCHING,HECTOR_SCAN_MATCHING_GRID,landmarks,task1,WAIT_B1_WORK_T1,WAIT_B1,SLAM_WAYPOINT,T1,WS1,-1.7537,0.31179,1.53837,-1.782,0.156,1.513,0.15793,0.02987,-2.12,1.1,-1.0,-1.0,0.0,91.04608,NORMAL,1,0,0,0,16,794,16,16,58,794,0.22372,0.95821,0,0,-1.841,0.906,1,0,0.0,0.0,9.68347,"O1:-0.89,-1.25,s106;O2:-0.71,-1.25,s93;O3:-2.33,-0.53,s81;O4:-0.53,-1.25,s80;O5:-2.33,-0.17,s76;O6:-2.33,0.01,s68;O7:-2.33,0.19,s64;O8:-2.33,-0.35,s59;O9:-2.33,0.55,s48;O10:-0.53,-0.89,s34;O11:-0.89,-1.07,s31;O12:-0.89,-0.89,s28;O13:-2.33,0.37,s17;O14:-0.89,-0.71,s5;O15:-2.33,0.73,s2;O16:-2.33,-0.71,s2","O1:-0.89,-1.25,s106;O2:-0.71,-1.25,s93;O3:-2.33,-0.53,s81;O4:-0.53,-1.25,s80;O5:-2.33,-0.17,s76;O6:-2.33,0.01,s68;O7:-2.33,0.19,s64;O8:-2.33,-0.35,s59;O9:-2.33,0.55,s48;O10:-0.53,-0.89,s34;O11:-0.89,-1.07,s31;O12:-0.89,-0.89,s28;O13:-2.33,0.37,s17;O14:-0.89,-0.71,s5;O15:-2.33,0.73,s2;O16:-2.33,-0.71,s2",RUNNING,UNKNOWN_MAP_SLAM_AVOIDANCE,unknown_map;frontier_targets;static_unknown_obstacles;dynamic_wandering_robot;costmap;slam_path_planning;obstacle_avoidance,P2_Wanderer,dynamic_wandering_robot,58.18831,58.18831,-0.27758,0.04456,1,0,0,10,6,32,16,794,16,794,-0.27758,0.04456,1.96955,-0.27758,0.04456,1.96955
15.6,PID,HECTOR_GRID_MATCHING,HECTOR_SCAN_MATCHING_GRID,landmarks,task1,WAIT_B1_WORK_T1,WAIT_B1,SLAM_WAYPOINT,T1,WS1,-1.7537,0.31177,1.53837,-1.776,0.154,1.522,0.15892,0.02987,-2.12,1.1,-1.0,-1.0,0.0,91.04358,NORMAL,1,0,0,0,16,794,16,16,58,794,0.22372,0.95706,0,0,-1.841,0.906,1,0,0.0,0.0,9.68347,"O1:-0.89,-1.25,s106;O2:-0.71,-1.25,s93;O3:-2.33,-0.53,s81;O4:-0.53,-1.25,s80;O5:-2.33,-0.17,s76;O6:-2.33,0.01,s68;O7:-2.33,0.19,s64;O8:-2.33,-0.35,s59;O9:-2.33,0.55,s48;O10:-0.53,-0.89,s34;O11:-0.89,-1.07,s31;O12:-0.89,-0.89,s28;O13:-2.33,0.37,s17;O14:-0.89,-0.71,s5;O15:-2.33,0.73,s2;O16:-2.33,-0.71,s2","O1:-0.89,-1.25,s106;O2:-0.71,-1.25,s93;O3:-2.33,-0.53,s81;O4:-0.53,-1.25,s80;O5:-2.33,-0.17,s76;O6:-2.33,0.01,s68;O7:-2.33,0.19,s64;O8:-2.33,-0.35,s59;O9:-2.33,0.55,s48;O10:-0.53,-0.89,s34;O11:-0.89,-1.07,s31;O12:-0.89,-0.89,s28;O13:-2.33,0.37,s17;O14:-0.89,-0.71,s5;O15:-2.33,0.73,s2;O16:-2.33,-0.71,s2",RUNNING,UNKNOWN_MAP_SLAM_AVOIDANCE,unknown_map;frontier_targets;static_unknown_obstacles;dynamic_wandering_robot;costmap;slam_path_planning;obstacle_avoidance,P2_Wanderer,dynamic_wandering_robot,58.18831,58.18831,-0.28535,0.06299,1,0,0,10,6,32,16,794,16,794,-0.28535,0.06299,1.96955,-0.28535,0.06299,1.96955
15.7,PID,HECTOR_GRID_MATCHING,HECTOR_SCAN_MATCHING_GRID,landmarks,task1,WAIT_B1_WORK_T1,WAIT_B1,SLAM_WAYPOINT,T1,WS1,-1.75369,0.31176,1.53837,-1.786,0.097,1.564,0.21762,0.02987,-2.12,1.1,-1.0,-1.0,0.0,91.04108,NORMAL,1,0,0,0,16,794,16,16,58,794,0.22372,0.95302,0,0,-1.841,0.906,1,0,0.0,0.0,9.68347,"O1:-0.89,-1.25,s106;O2:-0.71,-1.25,s93;O3:-2.33,-0.53,s81;O4:-0.53,-1.25,s80;O5:-2.33,-0.17,s76;O6:-2.33,0.01,s68;O7:-2.33,0.19,s64;O8:-2.33,-0.35,s59;O9:-2.33,0.55,s48;O10:-0.53,-0.89,s34;O11:-0.89,-1.07,s31;O12:-0.89,-0.89,s28;O13:-2.33,0.37,s17;O14:-0.89,-0.71,s5;O15:-2.33,0.73,s2;O16:-2.33,-0.71,s2","O1:-0.89,-1.25,s106;O2:-0.71,-1.25,s93;O3:-2.33,-0.53,s81;O4:-0.53,-1.25,s80;O5:-2.33,-0.17,s76;O6:-2.33,0.01,s68;O7:-2.33,0.19,s64;O8:-2.33,-0.35,s59;O9:-2.33,0.55,s48;O10:-0.53,-0.89,s34;O11:-0.89,-1.07,s31;O12:-0.89,-0.89,s28;O13:-2.33,0.37,s17;O14:-0.89,-0.71,s5;O15:-2.33,0.73,s2;O16:-2.33,-0.71,s2",RUNNING,UNKNOWN_MAP_SLAM_AVOIDANCE,unknown_map;frontier_targets;static_unknown_obstacles;dynamic_wandering_robot;costmap;slam_path_planning;obstacle_avoidance,P2_Wanderer,dynamic_wandering_robot,58.18831,58.18831,-0.29311,0.08142,1,0,0,10,6,32,16,794,16,794,-0.29311,0.08142,1.96955,-0.29311,0.08142,1.96955
15.8,PID,HECTOR_GRID_MATCHING,HECTOR_SCAN_MATCHING_GRID,landmarks,task1,WAIT_B1_WORK_T1,WAIT_B1,SLAM_WAYPOINT,T1,WS1,-1.75369,0.31174,1.53837,-1.78,0.17,1.5,0.1441,0.02987,-2.12,1.1,-1.0,-1.0,0.0,91.03858,NORMAL,1,0,0,0,16,794,16,16,58,794,0.22372,0.95615,0,0,-1.841,0.906,1,0,0.0,0.0,9.68347,"O1:-0.89,-1.25,s106;O2:-0.71,-1.25,s93;O3:-2.33,-0.53,s81;O4:-0.53,-1.25,s80;O5:-2.33,-0.17,s76;O6:-2.33,0.01,s68;O7:-2.33,0.19,s64;O8:-2.33,-0.35,s59;O9:-2.33,0.55,s48;O10:-0.53,-0.89,s34;O11:-0.89,-1.07,s31;O12:-0.89,-0.89,s28;O13:-2.33,0.37,s17;O14:-0.89,-0.71,s5;O15:-2.33,0.73,s2;O16:-2.33,-0.71,s2","O1:-0.89,-1.25,s106;O2:-0.71,-1.25,s93;O3:-2.33,-0.53,s81;O4:-0.53,-1.25,s80;O5:-2.33,-0.17,s76;O6:-2.33,0.01,s68;O7:-2.33,0.19,s64;O8:-2.33,-0.35,s59;O9:-2.33,0.55,s48;O10:-0.53,-0.89,s34;O11:-0.89,-1.07,s31;O12:-0.89,-0.89,s28;O13:-2.33,0.37,s17;O14:-0.89,-0.71,s5;O15:-2.33,0.73,s2;O16:-2.33,-0.71,s2",RUNNING,UNKNOWN_MAP_SLAM_AVOIDANCE,unknown_map;frontier_targets;static_unknown_obstacles;dynamic_wandering_robot;costmap;slam_path_planning;obstacle_avoidance,P2_Wanderer,dynamic_wandering_robot,58.18831,58.18831,-0.30088,0.09985,1,0,0,10,6,32,16,794,16,794,-0.30088,0.09985,1.96955,-0.30088,0.09985,1.96955
15.9,PID,HECTOR_GRID_MATCHING,HECTOR_SCAN_MATCHING_GRID,landmarks,task1,WAIT_B1_WORK_T1,WAIT_B1,SLAM_WAYPOINT,T1,WS1,-1.75369,0.31173,1.53837,-1.761,0.121,1.552,0.19039,0.02987,-2.12,1.1,-1.0,-1.0,0.0,91.03608,NORMAL,1,0,0,0,16,794,16,16,58,794,0.22372,0.95883,0,0,-1.841,0.906,1,0,0.0,0.0,9.68347,"O1:-0.89,-1.25,s106;O2:-0.71,-1.25,s93;O3:-2.33,-0.53,s81;O4:-0.53,-1.25,s80;O5:-2.33,-0.17,s76;O6:-2.33,0.01,s68;O7:-2.33,0.19,s64;O8:-2.33,-0.35,s59;O9:-2.33,0.55,s48;O10:-0.53,-0.89,s34;O11:-0.89,-1.07,s31;O12:-0.89,-0.89,s28;O13:-2.33,0.37,s17;O14:-0.89,-0.71,s5;O15:-2.33,0.73,s2;O16:-2.33,-0.71,s2","O1:-0.89,-1.25,s106;O2:-0.71,-1.25,s93;O3:-2.33,-0.53,s81;O4:-0.53,-1.25,s80;O5:-2.33,-0.17,s76;O6:-2.33,0.01,s68;O7:-2.33,0.19,s64;O8:-2.33,-0.35,s59;O9:-2.33,0.55,s48;O10:-0.53,-0.89,s34;O11:-0.89,-1.07,s31;O12:-0.89,-0.89,s28;O13:-2.33,0.37,s17;O14:-0.89,-0.71,s5;O15:-2.33,0.73,s2;O16:-2.33,-0.71,s2",RUNNING,UNKNOWN_MAP_SLAM_AVOIDANCE,unknown_map;frontier_targets;static_unknown_obstacles;dynamic_wandering_robot;costmap;slam_path_planning;obstacle_avoidance,P2_Wanderer,dynamic_wandering_robot,58.18831,58.18831,-0.30864,0.11828,1,0,0,10,6,32,16,794,16,794,-0.30864,0.11828,1.96955,-0.30864,0.11828,1.96955
16.0,PID,HECTOR_GRID_MATCHING,HECTOR_SCAN_MATCHING_GRID,landmarks,task1,WAIT_B1_WORK_T1,WAIT_B1,SLAM_WAYPOINT,T1,WS1,-1.75369,0.31171,1.53836,-1.775,0.124,1.533,0.18856,0.02987,-2.12,1.1,-1.0,-1.0,0.0,91.03358,NORMAL,1,0,0,0,16,794,16,16,58,794,0.22372,0.929,0,0,-1.841,0.906,1,0,0.0,0.0,9.68347,"O1:-0.89,-1.25,s106;O2:-0.71,-1.25,s93;O3:-2.33,-0.53,s81;O4:-0.53,-1.25,s80;O5:-2.33,-0.17,s76;O6:-2.33,0.01,s68;O7:-2.33,0.19,s64;O8:-2.33,-0.35,s59;O9:-2.33,0.55,s48;O10:-0.53,-0.89,s34;O11:-0.89,-1.07,s31;O12:-0.89,-0.89,s28;O13:-2.33,0.37,s17;O14:-0.89,-0.71,s5;O15:-2.33,0.73,s2;O16:-2.33,-0.71,s2","O1:-0.89,-1.25,s106;O2:-0.71,-1.25,s93;O3:-2.33,-0.53,s81;O4:-0.53,-1.25,s80;O5:-2.33,-0.17,s76;O6:-2.33,0.01,s68;O7:-2.33,0.19,s64;O8:-2.33,-0.35,s59;O9:-2.33,0.55,s48;O10:-0.53,-0.89,s34;O11:-0.89,-1.07,s31;O12:-0.89,-0.89,s28;O13:-2.33,0.37,s17;O14:-0.89,-0.71,s5;O15:-2.33,0.73,s2;O16:-2.33,-0.71,s2",RUNNING,UNKNOWN_MAP_SLAM_AVOIDANCE,unknown_map;frontier_targets;static_unknown_obstacles;dynamic_wandering_robot;costmap;slam_path_planning;obstacle_avoidance,P2_Wanderer,dynamic_wandering_robot,58.18831,58.18831,-0.31641,0.13671,1,0,0,10,6,32,16,794,16,794,-0.31641,0.13671,1.96955,-0.31641,0.13671,1.96955
16.1,PID,HECTOR_GRID_MATCHING,HECTOR_SCAN_MATCHING_GRID,landmarks,task1,WAIT_B1_WORK_T1,WAIT_B1,SLAM_WAYPOINT,T1,WS1,-1.75369,0.3117,1.53836,-1.774,0.122,1.534,0.19033,0.02987,-2.12,1.1,-1.0,-1.0,0.0,91.03108,NORMAL,1,0,0,0,16,794,16,16,58,794,0.22372,0.93354,0,0,-1.841,0.906,1,0,0.0,0.0,9.68347,"O1:-0.89,-1.25,s106;O2:-0.71,-1.25,s93;O3:-2.33,-0.53,s81;O4:-0.53,-1.25,s80;O5:-2.33,-0.17,s76;O6:-2.33,0.01,s68;O7:-2.33,0.19,s64;O8:-2.33,-0.35,s59;O9:-2.33,0.55,s48;O10:-0.53,-0.89,s34;O11:-0.89,-1.07,s31;O12:-0.89,-0.89,s28;O13:-2.33,0.37,s17;O14:-0.89,-0.71,s5;O15:-2.33,0.73,s2;O16:-2.33,-0.71,s2","O1:-0.89,-1.25,s106;O2:-0.71,-1.25,s93;O3:-2.33,-0.53,s81;O4:-0.53,-1.25,s80;O5:-2.33,-0.17,s76;O6:-2.33,0.01,s68;O7:-2.33,0.19,s64;O8:-2.33,-0.35,s59;O9:-2.33,0.55,s48;O10:-0.53,-0.89,s34;O11:-0.89,-1.07,s31;O12:-0.89,-0.89,s28;O13:-2.33,0.37,s17;O14:-0.89,-0.71,s5;O15:-2.33,0.73,s2;O16:-2.33,-0.71,s2",RUNNING,UNKNOWN_MAP_SLAM_AVOIDANCE,unknown_map;frontier_targets;static_unknown_obstacles;dynamic_wandering_robot;costmap;slam_path_planning;obstacle_avoidance,P2_Wanderer,dynamic_wandering_robot,58.18831,58.18831,-0.32418,0.15514,1,0,0,10,6,32,16,794,16,794,-0.32418,0.15514,1.96955,-0.32418,0.15514,1.96955
16.2,PID,HECTOR_GRID_MATCHING,HECTOR_SCAN_MATCHING_GRID,landmarks,task1,WAIT_B1_WORK_T1,WAIT_B1,SLAM_WAYPOINT,T1,WS1,-1.75368,0.31168,1.53836,-1.793,0.201,1.496,0.11766,0.02987,-2.12,1.1,-1.0,-1.0,0.0,91.02858,NORMAL,1,0,0,0,16,794,16,16,58,794,0.22372,0.95727,0,0,-1.841,0.906,1,0,0.0,0.0,9.68347,"O1:-0.89,-1.25,s106;O2:-0.71,-1.25,s93;O3:-2.33,-0.53,s81;O4:-0.53,-1.25,s80;O5:-2.33,-0.17,s76;O6:-2.33,0.01,s68;O7:-2.33,0.19,s64;O8:-2.33,-0.35,s59;O9:-2.33,0.55,s48;O10:-0.53,-0.89,s34;O11:-0.89,-1.07,s31;O12:-0.89,-0.89,s28;O13:-2.33,0.37,s17;O14:-0.89,-0.71,s5;O15:-2.33,0.73,s2;O16:-2.33,-0.71,s2","O1:-0.89,-1.25,s106;O2:-0.71,-1.25,s93;O3:-2.33,-0.53,s81;O4:-0.53,-1.25,s80;O5:-2.33,-0.17,s76;O6:-2.33,0.01,s68;O7:-2.33,0.19,s64;O8:-2.33,-0.35,s59;O9:-2.33,0.55,s48;O10:-0.53,-0.89,s34;O11:-0.89,-1.07,s31;O12:-0.89,-0.89,s28;O13:-2.33,0.37,s17;O14:-0.89,-0.71,s5;O15:-2.33,0.73,s2;O16:-2.33,-0.71,s2",RUNNING,UNKNOWN_MAP_SLAM_AVOIDANCE,unknown_map;frontier_targets;static_unknown_obstacles;dynamic_wandering_robot;costmap;slam_path_planning;obstacle_avoidance,P2_Wanderer,dynamic_wandering_robot,58.18831,58.18831,-0.33194,0.17358,1,0,0,10,6,32,16,794,16,794,-0.33194,0.17358,1.96955,-0.33194,0.17358,1.96955
16.3,PID,HECTOR_GRID_MATCHING,HECTOR_SCAN_MATCHING_GRID,landmarks,task1,WAIT_B1_WORK_T1,WAIT_B1,SLAM_WAYPOINT,T1,WS1,-1.75368,0.31167,1.53836,-1.79,0.123,1.506,0.19233,0.02987,-2.12,1.1,-1.0,-1.0,0.0,91.02608,NORMAL,1,0,0,0,16,794,16,16,58,794,0.22372,0.9392,0,0,-1.841,0.906,1,0,0.0,0.0,9.68347,"O1:-0.89,-1.25,s106;O2:-0.71,-1.25,s93;O3:-2.33,-0.53,s81;O4:-0.53,-1.25,s80;O5:-2.33,-0.17,s76;O6:-2.33,0.01,s68;O7:-2.33,0.19,s64;O8:-2.33,-0.35,s59;O9:-2.33,0.55,s48;O10:-0.53,-0.89,s34;O11:-0.89,-1.07,s31;O12:-0.89,-0.89,s28;O13:-2.33,0.37,s17;O14:-0.89,-0.71,s5;O15:-2.33,0.73,s2;O16:-2.33,-0.71,s2","O1:-0.89,-1.25,s106;O2:-0.71,-1.25,s93;O3:-2.33,-0.53,s81;O4:-0.53,-1.25,s80;O5:-2.33,-0.17,s76;O6:-2.33,0.01,s68;O7:-2.33,0.19,s64;O8:-2.33,-0.35,s59;O9:-2.33,0.55,s48;O10:-0.53,-0.89,s34;O11:-0.89,-1.07,s31;O12:-0.89,-0.89,s28;O13:-2.33,0.37,s17;O14:-0.89,-0.71,s5;O15:-2.33,0.73,s2;O16:-2.33,-0.71,s2",RUNNING,UNKNOWN_MAP_SLAM_AVOIDANCE,unknown_map;frontier_targets;static_unknown_obstacles;dynamic_wandering_robot;costmap;slam_path_planning;obstacle_avoidance,P2_Wanderer,dynamic_wandering_robot,58.18831,58.18831,-0.33971,0.19201,1,0,0,10,6,32,16,794,16,794,-0.33971,0.19201,1.96955,-0.33971,0.19201,1.96955
16.4,PID,HECTOR_GRID_MATCHING,HECTOR_SCAN_MATCHING_GRID,landmarks,task1,WAIT_B1_WORK_T1,WAIT_B1,SLAM_WAYPOINT,T1,WS1,-1.75368,0.31165,1.53835,-1.773,0.164,1.523,0.14932,0.02987,-2.12,1.1,-1.0,-1.0,0.0,91.02358,NORMAL,1,0,0,0,16,794,16,16,58,794,0.22372,0.95657,0,0,-1.841,0.906,1,0,0.0,0.0,9.68347,"O1:-0.89,-1.25,s106;O2:-0.71,-1.25,s93;O3:-2.33,-0.53,s81;O4:-0.53,-1.25,s80;O5:-2.33,-0.17,s76;O6:-2.33,0.01,s68;O7:-2.33,0.19,s64;O8:-2.33,-0.35,s59;O9:-2.33,0.55,s48;O10:-0.53,-0.89,s34;O11:-0.89,-1.07,s31;O12:-0.89,-0.89,s28;O13:-2.33,0.37,s17;O14:-0.89,-0.71,s5;O15:-2.33,0.73,s2;O16:-2.33,-0.71,s2","O1:-0.89,-1.25,s106;O2:-0.71,-1.25,s93;O3:-2.33,-0.53,s81;O4:-0.53,-1.25,s80;O5:-2.33,-0.17,s76;O6:-2.33,0.01,s68;O7:-2.33,0.19,s64;O8:-2.33,-0.35,s59;O9:-2.33,0.55,s48;O10:-0.53,-0.89,s34;O11:-0.89,-1.07,s31;O12:-0.89,-0.89,s28;O13:-2.33,0.37,s17;O14:-0.89,-0.71,s5;O15:-2.33,0.73,s2;O16:-2.33,-0.71,s2",RUNNING,UNKNOWN_MAP_SLAM_AVOIDANCE,unknown_map;frontier_targets;static_unknown_obstacles;dynamic_wandering_robot;costmap;slam_path_planning;obstacle_avoidance,P2_Wanderer,dynamic_wandering_robot,58.18831,58.18831,-0.34747,0.21044,1,0,0,10,6,32,16,794,16,794,-0.34747,0.21044,1.96955,-0.34747,0.21044,1.96955
16.5,PID,HECTOR_GRID_MATCHING,HECTOR_SCAN_MATCHING_GRID,landmarks,task1,WAIT_B1_WORK_T1,WAIT_B1,SLAM_WAYPOINT,T1,WS1,-1.75368,0.31164,1.53835,-1.772,0.152,1.511,0.16067,0.02987,-2.12,1.1,-1.0,-1.0,0.0,91.02108,NORMAL,1,0,0,0,16,794,16,16,58,794,0.22372,0.95569,0,0,-1.841,0.906,1,0,0.0,0.0,9.68347,"O1:-0.89,-1.25,s106;O2:-0.71,-1.25,s93;O3:-2.33,-0.53,s81;O4:-0.53,-1.25,s80;O5:-2.33,-0.17,s76;O6:-2.33,0.01,s68;O7:-2.33,0.19,s64;O8:-2.33,-0.35,s59;O9:-2.33,0.55,s48;O10:-0.53,-0.89,s34;O11:-0.89,-1.07,s31;O12:-0.89,-0.89,s28;O13:-2.33,0.37,s17;O14:-0.89,-0.71,s5;O15:-2.33,0.73,s2;O16:-2.33,-0.71,s2","O1:-0.89,-1.25,s106;O2:-0.71,-1.25,s93;O3:-2.33,-0.53,s81;O4:-0.53,-1.25,s80;O5:-2.33,-0.17,s76;O6:-2.33,0.01,s68;O7:-2.33,0.19,s64;O8:-2.33,-0.35,s59;O9:-2.33,0.55,s48;O10:-0.53,-0.89,s34;O11:-0.89,-1.07,s31;O12:-0.89,-0.89,s28;O13:-2.33,0.37,s17;O14:-0.89,-0.71,s5;O15:-2.33,0.73,s2;O16:-2.33,-0.71,s2",RUNNING,UNKNOWN_MAP_SLAM_AVOIDANCE,unknown_map;frontier_targets;static_unknown_obstacles;dynamic_wandering_robot;costmap;slam_path_planning;obstacle_avoidance,P2_Wanderer,dynamic_wandering_robot,58.18831,58.18831,-0.35524,0.22887,1,0,0,10,6,32,16,794,16,794,-0.35524,0.22887,1.96955,-0.35524,0.22887,1.96955
16.6,PID,HECTOR_GRID_MATCHING,HECTOR_SCAN_MATCHING_GRID,landmarks,task1,WAIT_B1_WORK_T1,WAIT_B1,SLAM_WAYPOINT,T1,WS1,-1.75367,0.31162,1.53835,-1.775,0.145,1.52,0.16752,0.02987,-2.12,1.1,-1.0,-1.0,0.0,91.01858,NORMAL,1,0,0,0,16,794,16,16,58,794,0.22372,0.95286,0,0,-1.841,0.906,1,0,0.0,0.0,9.68347,"O1:-0.89,-1.25,s106;O2:-0.71,-1.25,s93;O3:-2.33,-0.53,s81;O4:-0.53,-1.25,s80;O5:-2.33,-0.17,s76;O6:-2.33,0.01,s68;O7:-2.33,0.19,s64;O8:-2.33,-0.35,s59;O9:-2.33,0.55,s48;O10:-0.53,-0.89,s34;O11:-0.89,-1.07,s31;O12:-0.89,-0.89,s28;O13:-2.33,0.37,s17;O14:-0.89,-0.71,s5;O15:-2.33,0.73,s2;O16:-2.33,-0.71,s2","O1:-0.89,-1.25,s106;O2:-0.71,-1.25,s93;O3:-2.33,-0.53,s81;O4:-0.53,-1.25,s80;O5:-2.33,-0.17,s76;O6:-2.33,0.01,s68;O7:-2.33,0.19,s64;O8:-2.33,-0.35,s59;O9:-2.33,0.55,s48;O10:-0.53,-0.89,s34;O11:-0.89,-1.07,s31;O12:-0.89,-0.89,s28;O13:-2.33,0.37,s17;O14:-0.89,-0.71,s5;O15:-2.33,0.73,s2;O16:-2.33,-0.71,s2",RUNNING,UNKNOWN_MAP_SLAM_AVOIDANCE,unknown_map;frontier_targets;static_unknown_obstacles;dynamic_wandering_robot;costmap;slam_path_planning;obstacle_avoidance,P2_Wanderer,dynamic_wandering_robot,58.18831,58.18831,-0.363,0.2473,1,0,0,10,6,32,16,794,16,794,-0.363,0.2473,1.96955,-0.363,0.2473,1.96955
16.7,PID,HECTOR_GRID_MATCHING,HECTOR_SCAN_MATCHING_GRID,landmarks,task1,WAIT_B1_WORK_T1,WAIT_B1,SLAM_WAYPOINT,T1,WS1,-1.75367,0.31161,1.53835,-1.79,0.086,1.565,0.22836,0.02987,-2.12,1.1,-1.0,-1.0,0.0,91.01608,NORMAL,1,0,0,0,16,794,16,16,58,794,0.22372,0.95562,0,0,-1.841,0.906,1,0,0.0,0.0,9.68347,"O1:-0.89,-1.25,s106;O2:-0.71,-1.25,s93;O3:-2.33,-0.53,s81;O4:-0.53,-1.25,s80;O5:-2.33,-0.17,s76;O6:-2.33,0.01,s68;O7:-2.33,0.19,s64;O8:-2.33,-0.35,s59;O9:-2.33,0.55,s48;O10:-0.53,-0.89,s34;O11:-0.89,-1.07,s31;O12:-0.89,-0.89,s28;O13:-2.33,0.37,s17;O14:-0.89,-0.71,s5;O15:-2.33,0.73,s2;O16:-2.33,-0.71,s2","O1:-0.89,-1.25,s106;O2:-0.71,-1.25,s93;O3:-2.33,-0.53,s81;O4:-0.53,-1.25,s80;O5:-2.33,-0.17,s76;O6:-2.33,0.01,s68;O7:-2.33,0.19,s64;O8:-2.33,-0.35,s59;O9:-2.33,0.55,s48;O10:-0.53,-0.89,s34;O11:-0.89,-1.07,s31;O12:-0.89,-0.89,s28;O13:-2.33,0.37,s17;O14:-0.89,-0.71,s5;O15:-2.33,0.73,s2;O16:-2.33,-0.71,s2",RUNNING,UNKNOWN_MAP_SLAM_AVOIDANCE,unknown_map;frontier_targets;static_unknown_obstacles;dynamic_wandering_robot;costmap;slam_path_planning;obstacle_avoidance,P2_Wanderer,dynamic_wandering_robot,58.18831,58.18831,-0.37077,0.26573,1,0,0,10,6,32,16,794,16,794,-0.37077,0.26573,1.96955,-0.37077,0.26573,1.96955
16.8,PID,HECTOR_GRID_MATCHING,HECTOR_SCAN_MATCHING_GRID,landmarks,task1,WAIT_B1_WORK_T1,WAIT_B1,SLAM_WAYPOINT,T1,WS1,-1.75367,0.31159,1.53835,-1.787,0.103,1.566,0.21136,0.02987,-2.12,1.1,-1.0,-1.0,0.0,91.01358,NORMAL,1,0,0,0,16,794,16,16,58,794,0.22372,0.95979,0,0,-1.841,0.906,1,0,0.0,0.0,9.68347,"O1:-0.89,-1.25,s106;O2:-0.71,-1.25,s93;O3:-2.33,-0.53,s81;O4:-0.53,-1.25,s80;O5:-2.33,-0.17,s76;O6:-2.33,0.01,s68;O7:-2.33,0.19,s64;O8:-2.33,-0.35,s59;O9:-2.33,0.55,s48;O10:-0.53,-0.89,s34;O11:-0.89,-1.07,s31;O12:-0.89,-0.89,s28;O13:-2.33,0.37,s17;O14:-0.89,-0.71,s5;O15:-2.33,0.73,s2;O16:-2.33,-0.71,s2","O1:-0.89,-1.25,s106;O2:-0.71,-1.25,s93;O3:-2.33,-0.53,s81;O4:-0.53,-1.25,s80;O5:-2.33,-0.17,s76;O6:-2.33,0.01,s68;O7:-2.33,0.19,s64;O8:-2.33,-0.35,s59;O9:-2.33,0.55,s48;O10:-0.53,-0.89,s34;O11:-0.89,-1.07,s31;O12:-0.89,-0.89,s28;O13:-2.33,0.37,s17;O14:-0.89,-0.71,s5;O15:-2.33,0.73,s2;O16:-2.33,-0.71,s2",RUNNING,UNKNOWN_MAP_SLAM_AVOIDANCE,unknown_map;frontier_targets;static_unknown_obstacles;dynamic_wandering_robot;costmap;slam_path_planning;obstacle_avoidance,P2_Wanderer,dynamic_wandering_robot,58.18831,58.18831,-0.37853,0.28416,1,0,0,10,6,32,16,794,16,794,-0.37853,0.28416,1.96955,-0.37853,0.28416,1.96955
16.9,PID,HECTOR_GRID_MATCHING,HECTOR_SCAN_MATCHING_GRID,landmarks,task1,WAIT_B1_WORK_T1,WAIT_B1,SLAM_WAYPOINT,T1,WS1,-1.75367,0.31158,1.53834,-1.776,0.122,1.54,0.19071,0.02987,-2.12,1.1,-1.0,-1.0,0.0,91.01108,NORMAL,1,0,0,0,16,794,16,16,58,794,0.22372,0.92446,0,0,-1.841,0.906,1,0,0.0,0.0,9.68347,"O1:-0.89,-1.25,s106;O2:-0.71,-1.25,s93;O3:-2.33,-0.53,s81;O4:-0.53,-1.25,s80;O5:-2.33,-0.17,s76;O6:-2.33,0.01,s68;O7:-2.33,0.19,s64;O8:-2.33,-0.35,s59;O9:-2.33,0.55,s48;O10:-0.53,-0.89,s34;O11:-0.89,-1.07,s31;O12:-0.89,-0.89,s28;O13:-2.33,0.37,s17;O14:-0.89,-0.71,s5;O15:-2.33,0.73,s2;O16:-2.33,-0.71,s2","O1:-0.89,-1.25,s106;O2:-0.71,-1.25,s93;O3:-2.33,-0.53,s81;O4:-0.53,-1.25,s80;O5:-2.33,-0.17,s76;O6:-2.33,0.01,s68;O7:-2.33,0.19,s64;O8:-2.33,-0.35,s59;O9:-2.33,0.55,s48;O10:-0.53,-0.89,s34;O11:-0.89,-1.07,s31;O12:-0.89,-0.89,s28;O13:-2.33,0.37,s17;O14:-0.89,-0.71,s5;O15:-2.33,0.73,s2;O16:-2.33,-0.71,s2",RUNNING,UNKNOWN_MAP_SLAM_AVOIDANCE,unknown_map;frontier_targets;static_unknown_obstacles;dynamic_wandering_robot;costmap;slam_path_planning;obstacle_avoidance,P2_Wanderer,dynamic_wandering_robot,58.18831,58.18831,-0.3863,0.30259,1,0,0,10,6,32,16,794,16,794,-0.3863,0.30259,1.96955,-0.3863,0.30259,1.96955
17.0,PID,HECTOR_GRID_MATCHING,HECTOR_SCAN_MATCHING_GRID,landmarks,task1,WAIT_B1_WORK_T1,WAIT_B1,SLAM_WAYPOINT,T1,WS1,-1.75367,0.31156,1.53834,-1.775,0.129,1.525,0.18386,0.02987,-2.12,1.1,-1.0,-1.0,0.0,91.00858,NORMAL,1,0,0,0,16,794,16,16,58,794,0.22372,0.9389,0,0,-1.841,0.906,1,0,0.0,0.0,9.68347,"O1:-0.89,-1.25,s106;O2:-0.71,-1.25,s93;O3:-2.33,-0.53,s81;O4:-0.53,-1.25,s80;O5:-2.33,-0.17,s76;O6:-2.33,0.01,s68;O7:-2.33,0.19,s64;O8:-2.33,-0.35,s59;O9:-2.33,0.55,s48;O10:-0.53,-0.89,s34;O11:-0.89,-1.07,s31;O12:-0.89,-0.89,s28;O13:-2.33,0.37,s17;O14:-0.89,-0.71,s5;O15:-2.33,0.73,s2;O16:-2.33,-0.71,s2","O1:-0.89,-1.25,s106;O2:-0.71,-1.25,s93;O3:-2.33,-0.53,s81;O4:-0.53,-1.25,s80;O5:-2.33,-0.17,s76;O6:-2.33,0.01,s68;O7:-2.33,0.19,s64;O8:-2.33,-0.35,s59;O9:-2.33,0.55,s48;O10:-0.53,-0.89,s34;O11:-0.89,-1.07,s31;O12:-0.89,-0.89,s28;O13:-2.33,0.37,s17;O14:-0.89,-0.71,s5;O15:-2.33,0.73,s2;O16:-2.33,-0.71,s2",RUNNING,UNKNOWN_MAP_SLAM_AVOIDANCE,unknown_map;frontier_targets;static_unknown_obstacles;dynamic_wandering_robot;costmap;slam_path_planning;obstacle_avoidance,P2_Wanderer,dynamic_wandering_robot,58.18831,58.18831,-0.39406,0.32102,1,0,0,10,6,32,16,794,16,794,-0.39406,0.32102,1.96955,-0.39406,0.32102,1.96955
17.1,PID,HECTOR_GRID_MATCHING,HECTOR_SCAN_MATCHING_GRID,landmarks,task1,WAIT_B1_WORK_T1,WAIT_B1,SLAM_WAYPOINT,T1,WS1,-1.75366,0.31155,1.53834,-1.773,0.115,1.532,0.19735,0.02987,-2.12,1.1,-1.0,-1.0,0.0,91.00608,NORMAL,1,0,0,0,16,794,16,16,58,794,0.22372,0.93554,0,0,-1.841,0.906,1,0,0.0,0.0,9.68347,"O1:-0.89,-1.25,s106;O2:-0.71,-1.25,s93;O3:-2.33,-0.53,s81;O4:-0.53,-1.25,s80;O5:-2.33,-0.17,s76;O6:-2.33,0.01,s68;O7:-2.33,0.19,s64;O8:-2.33,-0.35,s59;O9:-2.33,0.55,s48;O10:-0.53,-0.89,s34;O11:-0.89,-1.07,s31;O12:-0.89,-0.89,s28;O13:-2.33,0.37,s17;O14:-0.89,-0.71,s5;O15:-2.33,0.73,s2;O16:-2.33,-0.71,s2","O1:-0.89,-1.25,s106;O2:-0.71,-1.25,s93;O3:-2.33,-0.53,s81;O4:-0.53,-1.25,s80;O5:-2.33,-0.17,s76;O6:-2.33,0.01,s68;O7:-2.33,0.19,s64;O8:-2.33,-0.35,s59;O9:-2.33,0.55,s48;O10:-0.53,-0.89,s34;O11:-0.89,-1.07,s31;O12:-0.89,-0.89,s28;O13:-2.33,0.37,s17;O14:-0.89,-0.71,s5;O15:-2.33,0.73,s2;O16:-2.33,-0.71,s2",RUNNING,UNKNOWN_MAP_SLAM_AVOIDANCE,unknown_map;frontier_targets;static_unknown_obstacles;dynamic_wandering_robot;costmap;slam_path_planning;obstacle_avoidance,P2_Wanderer,dynamic_wandering_robot,58.18831,58.18831,-0.40183,0.33945,1,0,0,10,6,32,16,794,16,794,-0.40183,0.33945,1.96955,-0.40183,0.33945,1.96955
17.2,PID,HECTOR_GRID_MATCHING,HECTOR_SCAN_MATCHING_GRID,landmarks,task1,WAIT_B1_WORK_T1,WAIT_B1,SLAM_WAYPOINT,T1,WS1,-1.75366,0.31153,1.53834,-1.776,0.111,1.534,0.20136,0.02987,-2.12,1.1,-1.0,-1.0,0.0,91.00358,NORMAL,1,0,0,0,16,794,16,16,58,794,0.22372,0.9312,0,0,-1.841,0.906,1,0,0.0,0.0,9.68347,"O1:-0.89,-1.25,s106;O2:-0.71,-1.25,s93;O3:-2.33,-0.53,s81;O4:-0.53,-1.25,s80;O5:-2.33,-0.17,s76;O6:-2.33,0.01,s68;O7:-2.33,0.19,s64;O8:-2.33,-0.35,s59;O9:-2.33,0.55,s48;O10:-0.53,-0.89,s34;O11:-0.89,-1.07,s31;O12:-0.89,-0.89,s28;O13:-2.33,0.37,s17;O14:-0.89,-0.71,s5;O15:-2.33,0.73,s2;O16:-2.33,-0.71,s2","O1:-0.89,-1.25,s106;O2:-0.71,-1.25,s93;O3:-2.33,-0.53,s81;O4:-0.53,-1.25,s80;O5:-2.33,-0.17,s76;O6:-2.33,0.01,s68;O7:-2.33,0.19,s64;O8:-2.33,-0.35,s59;O9:-2.33,0.55,s48;O10:-0.53,-0.89,s34;O11:-0.89,-1.07,s31;O12:-0.89,-0.89,s28;O13:-2.33,0.37,s17;O14:-0.89,-0.71,s5;O15:-2.33,0.73,s2;O16:-2.33,-0.71,s2",RUNNING,UNKNOWN_MAP_SLAM_AVOIDANCE,unknown_map;frontier_targets;static_unknown_obstacles;dynamic_wandering_robot;costmap;slam_path_planning;obstacle_avoidance,P2_Wanderer,dynamic_wandering_robot,58.18831,58.18831,-0.40959,0.35789,1,0,0,10,6,32,16,794,16,794,-0.40959,0.35789,1.96955,-0.40959,0.35789,1.96955
17.3,PID,HECTOR_GRID_MATCHING,HECTOR_SCAN_MATCHING_GRID,landmarks,task1,WAIT_B1_WORK_T1,WAIT_B1,SLAM_WAYPOINT,T1,WS1,-1.75366,0.31152,1.53833,-1.788,0.131,1.546,0.18335,0.02987,-2.12,1.1,-1.0,-1.0,0.0,91.00108,NORMAL,1,0,0,0,16,794,16,16,58,794,0.22372,0.94722,0,0,-1.841,0.906,1,0,0.0,0.0,9.68347,"O1:-0.89,-1.25,s106;O2:-0.71,-1.25,s93;O3:-2.33,-0.53,s81;O4:-0.53,-1.25,s80;O5:-2.33,-0.17,s76;O6:-2.33,0.01,s68;O7:-2.33,0.19,s64;O8:-2.33,-0.35,s59;O9:-2.33,0.55,s48;O10:-0.53,-0.89,s34;O11:-0.89,-1.07,s31;O12:-0.89,-0.89,s28;O13:-2.33,0.37,s17;O14:-0.89,-0.71,s5;O15:-2.33,0.73,s2;O16:-2.33,-0.71,s2","O1:-0.89,-1.25,s106;O2:-0.71,-1.25,s93;O3:-2.33,-0.53,s81;O4:-0.53,-1.25,s80;O5:-2.33,-0.17,s76;O6:-2.33,0.01,s68;O7:-2.33,0.19,s64;O8:-2.33,-0.35,s59;O9:-2.33,0.55,s48;O10:-0.53,-0.89,s34;O11:-0.89,-1.07,s31;O12:-0.89,-0.89,s28;O13:-2.33,0.37,s17;O14:-0.89,-0.71,s5;O15:-2.33,0.73,s2;O16:-2.33,-0.71,s2",RUNNING,UNKNOWN_MAP_SLAM_AVOIDANCE,unknown_map;frontier_targets;static_unknown_obstacles;dynamic_wandering_robot;costmap;slam_path_planning;obstacle_avoidance,P2_Wanderer,dynamic_wandering_robot,58.18831,58.18831,-0.41736,0.37632,1,0,0,10,6,32,16,794,16,794,-0.41736,0.37632,1.96955,-0.41736,0.37632,1.96955
17.4,PID,HECTOR_GRID_MATCHING,HECTOR_SCAN_MATCHING_GRID,landmarks,task1,WAIT_B1_WORK_T1,WAIT_B1,SLAM_WAYPOINT,T1,WS1,-1.75366,0.3115,1.53833,-1.799,0.125,1.519,0.19177,0.02987,-2.12,1.1,-1.0,-1.0,0.0,90.99858,NORMAL,1,0,0,0,16,794,16,16,58,794,0.22372,0.94976,0,0,-1.841,0.906,1,0,0.0,0.0,9.68347,"O1:-0.89,-1.25,s106;O2:-0.71,-1.25,s93;O3:-2.33,-0.53,s81;O4:-0.53,-1.25,s80;O5:-2.33,-0.17,s76;O6:-2.33,0.01,s68;O7:-2.33,0.19,s64;O8:-2.33,-0.35,s59;O9:-2.33,0.55,s48;O10:-0.53,-0.89,s34;O11:-0.89,-1.07,s31;O12:-0.89,-0.89,s28;O13:-2.33,0.37,s17;O14:-0.89,-0.71,s5;O15:-2.33,0.73,s2;O16:-2.33,-0.71,s2","O1:-0.89,-1.25,s106;O2:-0.71,-1.25,s93;O3:-2.33,-0.53,s81;O4:-0.53,-1.25,s80;O5:-2.33,-0.17,s76;O6:-2.33,0.01,s68;O7:-2.33,0.19,s64;O8:-2.33,-0.35,s59;O9:-2.33,0.55,s48;O10:-0.53,-0.89,s34;O11:-0.89,-1.07,s31;O12:-0.89,-0.89,s28;O13:-2.33,0.37,s17;O14:-0.89,-0.71,s5;O15:-2.33,0.73,s2;O16:-2.33,-0.71,s2",RUNNING,UNKNOWN_MAP_SLAM_AVOIDANCE,unknown_map;frontier_targets;static_unknown_obstacles;dynamic_wandering_robot;costmap;slam_path_planning;obstacle_avoidance,P2_Wanderer,dynamic_wandering_robot,58.18831,58.18831,-0.42512,0.39475,1,0,0,10,6,32,16,794,16,794,-0.42512,0.39475,1.96955,-0.42512,0.39475,1.96955
17.5,PID,HECTOR_GRID_MATCHING,HECTOR_SCAN_MATCHING_GRID,landmarks,task1,WAIT_B1_WORK_T1,WAIT_B1,SLAM_WAYPOINT,T1,WS1,-1.75365,0.31149,1.53833,-1.792,0.133,1.497,0.18282,0.02987,-2.12,1.1,-1.0,-1.0,0.0,90.99608,NORMAL,1,0,0,0,16,794,16,16,58,794,0.22372,0.94485,0,0,-1.841,0.906,1,0,0.0,0.0,9.68347,"O1:-0.89,-1.25,s106;O2:-0.71,-1.25,s93;O3:-2.33,-0.53,s81;O4:-0.53,-1.25,s80;O5:-2.33,-0.17,s76;O6:-2.33,0.01,s68;O7:-2.33,0.19,s64;O8:-2.33,-0.35,s59;O9:-2.33,0.55,s48;O10:-0.53,-0.89,s34;O11:-0.89,-1.07,s31;O12:-0.89,-0.89,s28;O13:-2.33,0.37,s17;O14:-0.89,-0.71,s5;O15:-2.33,0.73,s2;O16:-2.33,-0.71,s2","O1:-0.89,-1.25,s106;O2:-0.71,-1.25,s93;O3:-2.33,-0.53,s81;O4:-0.53,-1.25,s80;O5:-2.33,-0.17,s76;O6:-2.33,0.01,s68;O7:-2.33,0.19,s64;O8:-2.33,-0.35,s59;O9:-2.33,0.55,s48;O10:-0.53,-0.89,s34;O11:-0.89,-1.07,s31;O12:-0.89,-0.89,s28;O13:-2.33,0.37,s17;O14:-0.89,-0.71,s5;O15:-2.33,0.73,s2;O16:-2.33,-0.71,s2",RUNNING,UNKNOWN_MAP_SLAM_AVOIDANCE,unknown_map;frontier_targets;static_unknown_obstacles;dynamic_wandering_robot;costmap;slam_path_planning;obstacle_avoidance,P2_Wanderer,dynamic_wandering_robot,58.18831,58.18831,-0.43289,0.41318,1,0,0,10,6,32,16,794,16,794,-0.43289,0.41318,1.96955,-0.43289,0.41318,1.96955
17.6,PID,HECTOR_GRID_MATCHING,HECTOR_SCAN_MATCHING_GRID,landmarks,task1,WAIT_B1_WORK_T1,WAIT_B1,SLAM_WAYPOINT,T1,WS1,-1.75365,0.31147,1.53833,-1.791,0.043,1.506,0.2708,0.02987,-2.12,1.1,-1.0,-1.0,0.0,90.99358,NORMAL,1,0,0,0,16,794,16,16,58,794,0.22372,0.94621,0,0,-1.841,0.906,1,0,0.0,0.0,9.68347,"O1:-0.89,-1.25,s106;O2:-0.71,-1.25,s93;O3:-2.33,-0.53,s81;O4:-0.53,-1.25,s80;O5:-2.33,-0.17,s76;O6:-2.33,0.01,s68;O7:-2.33,0.19,s64;O8:-2.33,-0.35,s59;O9:-2.33,0.55,s48;O10:-0.53,-0.89,s34;O11:-0.89,-1.07,s31;O12:-0.89,-0.89,s28;O13:-2.33,0.37,s17;O14:-0.89,-0.71,s5;O15:-2.33,0.73,s2;O16:-2.33,-0.71,s2","O1:-0.89,-1.25,s106;O2:-0.71,-1.25,s93;O3:-2.33,-0.53,s81;O4:-0.53,-1.25,s80;O5:-2.33,-0.17,s76;O6:-2.33,0.01,s68;O7:-2.33,0.19,s64;O8:-2.33,-0.35,s59;O9:-2.33,0.55,s48;O10:-0.53,-0.89,s34;O11:-0.89,-1.07,s31;O12:-0.89,-0.89,s28;O13:-2.33,0.37,s17;O14:-0.89,-0.71,s5;O15:-2.33,0.73,s2;O16:-2.33,-0.71,s2",RUNNING,UNKNOWN_MAP_SLAM_AVOIDANCE,unknown_map;frontier_targets;static_unknown_obstacles;dynamic_wandering_robot;costmap;slam_path_planning;obstacle_avoidance,P2_Wanderer,dynamic_wandering_robot,58.18831,58.18831,-0.44066,0.43161,1,0,0,10,6,32,16,794,16,794,-0.44066,0.43161,1.96955,-0.44066,0.43161,1.96955
17.7,PID,HECTOR_GRID_MATCHING,HECTOR_SCAN_MATCHING_GRID,landmarks,task1,WAIT_B1_WORK_T1,WAIT_B1,SLAM_WAYPOINT,T1,WS1,-1.75365,0.31146,1.53833,-1.789,0.02,1.503,0.29352,0.02987,-2.12,1.1,-1.0,-1.0,0.0,90.99108,NORMAL,1,0,0,0,16,794,16,16,58,794,0.22372,0.94204,0,0,-1.841,0.906,1,0,0.0,0.0,9.68347,"O1:-0.89,-1.25,s106;O2:-0.71,-1.25,s93;O3:-2.33,-0.53,s81;O4:-0.53,-1.25,s80;O5:-2.33,-0.17,s76;O6:-2.33,0.01,s68;O7:-2.33,0.19,s64;O8:-2.33,-0.35,s59;O9:-2.33,0.55,s48;O10:-0.53,-0.89,s34;O11:-0.89,-1.07,s31;O12:-0.89,-0.89,s28;O13:-2.33,0.37,s17;O14:-0.89,-0.71,s5;O15:-2.33,0.73,s2;O16:-2.33,-0.71,s2","O1:-0.89,-1.25,s106;O2:-0.71,-1.25,s93;O3:-2.33,-0.53,s81;O4:-0.53,-1.25,s80;O5:-2.33,-0.17,s76;O6:-2.33,0.01,s68;O7:-2.33,0.19,s64;O8:-2.33,-0.35,s59;O9:-2.33,0.55,s48;O10:-0.53,-0.89,s34;O11:-0.89,-1.07,s31;O12:-0.89,-0.89,s28;O13:-2.33,0.37,s17;O14:-0.89,-0.71,s5;O15:-2.33,0.73,s2;O16:-2.33,-0.71,s2",RUNNING,UNKNOWN_MAP_SLAM_AVOIDANCE,unknown_map;frontier_targets;static_unknown_obstacles;dynamic_wandering_robot;costmap;slam_path_planning;obstacle_avoidance,P2_Wanderer,dynamic_wandering_robot,58.18831,58.18831,-0.44842,0.45004,1,0,0,10,6,32,16,794,16,794,-0.44842,0.45004,1.96955,-0.44842,0.45004,1.96955
17.8,PID,HECTOR_GRID_MATCHING,HECTOR_SCAN_MATCHING_GRID,landmarks,task1,WAIT_B1_WORK_T1,WAIT_B1,SLAM_WAYPOINT,T1,WS1,-1.75365,0.31144,1.53832,-1.785,0.069,1.526,0.24449,0.02987,-2.12,1.1,-1.0,-1.0,0.0,90.98858,NORMAL,1,0,0,0,16,794,16,16,58,794,0.22372,0.95268,0,0,-1.841,0.906,1,0,0.0,0.0,9.68347,"O1:-0.89,-1.25,s106;O2:-0.71,-1.25,s93;O3:-2.33,-0.53,s81;O4:-0.53,-1.25,s80;O5:-2.33,-0.17,s76;O6:-2.33,0.01,s68;O7:-2.33,0.19,s64;O8:-2.33,-0.35,s59;O9:-2.33,0.55,s48;O10:-0.53,-0.89,s34;O11:-0.89,-1.07,s31;O12:-0.89,-0.89,s28;O13:-2.33,0.37,s17;O14:-0.89,-0.71,s5;O15:-2.33,0.73,s2;O16:-2.33,-0.71,s2","O1:-0.89,-1.25,s106;O2:-0.71,-1.25,s93;O3:-2.33,-0.53,s81;O4:-0.53,-1.25,s80;O5:-2.33,-0.17,s76;O6:-2.33,0.01,s68;O7:-2.33,0.19,s64;O8:-2.33,-0.35,s59;O9:-2.33,0.55,s48;O10:-0.53,-0.89,s34;O11:-0.89,-1.07,s31;O12:-0.89,-0.89,s28;O13:-2.33,0.37,s17;O14:-0.89,-0.71,s5;O15:-2.33,0.73,s2;O16:-2.33,-0.71,s2",RUNNING,UNKNOWN_MAP_SLAM_AVOIDANCE,unknown_map;frontier_targets;static_unknown_obstacles;dynamic_wandering_robot;costmap;slam_path_planning;obstacle_avoidance,P2_Wanderer,dynamic_wandering_robot,58.18831,58.18831,-0.45619,0.46847,1,0,0,10,6,32,16,794,16,794,-0.45619,0.46847,1.96955,-0.45619,0.46847,1.96955
17.9,PID,HECTOR_GRID_MATCHING,HECTOR_SCAN_MATCHING_GRID,landmarks,task1,WAIT_B1_WORK_T1,WAIT_B1,SLAM_WAYPOINT,T1,WS1,-1.75365,0.31143,1.53832,-1.781,0.03,1.502,0.28256,0.02987,-2.12,1.1,-1.0,-1.0,0.0,90.98608,NORMAL,1,0,0,0,16,794,16,16,58,794,0.22372,0.94318,0,0,-1.841,0.906,1,0,0.0,0.0,9.68347,"O1:-0.89,-1.25,s106;O2:-0.71,-1.25,s93;O3:-2.33,-0.53,s81;O4:-0.53,-1.25,s80;O5:-2.33,-0.17,s76;O6:-2.33,0.01,s68;O7:-2.33,0.19,s64;O8:-2.33,-0.35,s59;O9:-2.33,0.55,s48;O10:-0.53,-0.89,s34;O11:-0.89,-1.07,s31;O12:-0.89,-0.89,s28;O13:-2.33,0.37,s17;O14:-0.89,-0.71,s5;O15:-2.33,0.73,s2;O16:-2.33,-0.71,s2","O1:-0.89,-1.25,s106;O2:-0.71,-1.25,s93;O3:-2.33,-0.53,s81;O4:-0.53,-1.25,s80;O5:-2.33,-0.17,s76;O6:-2.33,0.01,s68;O7:-2.33,0.19,s64;O8:-2.33,-0.35,s59;O9:-2.33,0.55,s48;O10:-0.53,-0.89,s34;O11:-0.89,-1.07,s31;O12:-0.89,-0.89,s28;O13:-2.33,0.37,s17;O14:-0.89,-0.71,s5;O15:-2.33,0.73,s2;O16:-2.33,-0.71,s2",RUNNING,UNKNOWN_MAP_SLAM_AVOIDANCE,unknown_map;frontier_targets;static_unknown_obstacles;dynamic_wandering_robot;costmap;slam_path_planning;obstacle_avoidance,P2_Wanderer,dynamic_wandering_robot,58.18831,58.18831,-0.46395,0.4869,1,0,0,10,6,32,16,794,16,794,-0.46395,0.4869,1.96955,-0.46395,0.4869,1.96955
18.0,PID,HECTOR_GRID_MATCHING,HECTOR_SCAN_MATCHING_GRID,landmarks,task1,WAIT_B1_WORK_T1,WAIT_B1,SLAM_WAYPOINT,T1,WS1,-1.75364,0.31141,1.53832,-1.788,0.105,1.475,0.20883,0.02987,-2.12,1.1,-1.0,-1.0,0.0,90.98358,NORMAL,1,0,0,0,16,794,16,16,58,794,0.22372,0.95029,0,0,-1.841,0.906,1,0,0.0,0.0,9.68347,"O1:-0.89,-1.25,s106;O2:-0.71,-1.25,s93;O3:-2.33,-0.53,s81;O4:-0.53,-1.25,s80;O5:-2.33,-0.17,s76;O6:-2.33,0.01,s68;O7:-2.33,0.19,s64;O8:-2.33,-0.35,s59;O9:-2.33,0.55,s48;O10:-0.53,-0.89,s34;O11:-0.89,-1.07,s31;O12:-0.89,-0.89,s28;O13:-2.33,0.37,s17;O14:-0.89,-0.71,s5;O15:-2.33,0.73,s2;O16:-2.33,-0.71,s2","O1:-0.89,-1.25,s106;O2:-0.71,-1.25,s93;O3:-2.33,-0.53,s81;O4:-0.53,-1.25,s80;O5:-2.33,-0.17,s76;O6:-2.33,0.01,s68;O7:-2.33,0.19,s64;O8:-2.33,-0.35,s59;O9:-2.33,0.55,s48;O10:-0.53,-0.89,s34;O11:-0.89,-1.07,s31;O12:-0.89,-0.89,s28;O13:-2.33,0.37,s17;O14:-0.89,-0.71,s5;O15:-2.33,0.73,s2;O16:-2.33,-0.71,s2",RUNNING,UNKNOWN_MAP_SLAM_AVOIDANCE,unknown_map;frontier_targets;static_unknown_obstacles;dynamic_wandering_robot;costmap;slam_path_planning;obstacle_avoidance,P2_Wanderer,dynamic_wandering_robot,58.18831,58.18831,-0.47172,0.50533,1,0,0,10,6,32,16,794,16,794,-0.47172,0.50533,1.96955,-0.47172,0.50533,1.96955
18.1,PID,HECTOR_GRID_MATCHING,HECTOR_SCAN_MATCHING_GRID,landmarks,task1,WAIT_B1_WORK_T1,WAIT_B1,SLAM_WAYPOINT,T1,WS1,-1.75364,0.3114,1.53832,-1.774,0.115,1.524,0.19749,0.02987,-2.12,1.1,-1.0,-1.0,0.0,90.98108,NORMAL,1,0,0,0,16,794,16,16,58,794,0.22372,0.93006,0,0,-1.841,0.906,1,0,0.0,0.0,9.68347,"O1:-0.89,-1.25,s106;O2:-0.71,-1.25,s93;O3:-2.33,-0.53,s81;O4:-0.53,-1.25,s80;O5:-2.33,-0.17,s76;O6:-2.33,0.01,s68;O7:-2.33,0.19,s64;O8:-2.33,-0.35,s59;O9:-2.33,0.55,s48;O10:-0.53,-0.89,s34;O11:-0.89,-1.07,s31;O12:-0.89,-0.89,s28;O13:-2.33,0.37,s17;O14:-0.89,-0.71,s5;O15:-2.33,0.73,s2;O16:-2.33,-0.71,s2","O1:-0.89,-1.25,s106;O2:-0.71,-1.25,s93;O3:-2.33,-0.53,s81;O4:-0.53,-1.25,s80;O5:-2.33,-0.17,s76;O6:-2.33,0.01,s68;O7:-2.33,0.19,s64;O8:-2.33,-0.35,s59;O9:-2.33,0.55,s48;O10:-0.53,-0.89,s34;O11:-0.89,-1.07,s31;O12:-0.89,-0.89,s28;O13:-2.33,0.37,s17;O14:-0.89,-0.71,s5;O15:-2.33,0.73,s2;O16:-2.33,-0.71,s2",RUNNING,UNKNOWN_MAP_SLAM_AVOIDANCE,unknown_map;frontier_targets;static_unknown_obstacles;dynamic_wandering_robot;costmap;slam_path_planning;obstacle_avoidance,P2_Wanderer,dynamic_wandering_robot,58.18831,58.18831,-0.47948,0.52376,1,0,0,10,6,32,16,794,16,794,-0.47948,0.52376,1.96955,-0.47948,0.52376,1.96955
18.2,PID,HECTOR_GRID_MATCHING,HECTOR_SCAN_MATCHING_GRID,landmarks,task1,WAIT_B1_WORK_T1,WAIT_B1,SLAM_WAYPOINT,T1,WS1,-1.75364,0.31138,1.53831,-1.785,0.196,1.494,0.11907,0.02987,-2.12,1.1,-1.0,-1.0,0.0,90.97858,NORMAL,1,0,0,0,16,794,16,16,58,794,0.22372,0.95542,0,0,-1.841,0.906,1,0,0.0,0.0,9.68347,"O1:-0.89,-1.25,s106;O2:-0.71,-1.25,s93;O3:-2.33,-0.53,s81;O4:-0.53,-1.25,s80;O5:-2.33,-0.17,s76;O6:-2.33,0.01,s68;O7:-2.33,0.19,s64;O8:-2.33,-0.35,s59;O9:-2.33,0.55,s48;O10:-0.53,-0.89,s34;O11:-0.89,-1.07,s31;O12:-0.89,-0.89,s28;O13:-2.33,0.37,s17;O14:-0.89,-0.71,s5;O15:-2.33,0.73,s2;O16:-2.33,-0.71,s2","O1:-0.89,-1.25,s106;O2:-0.71,-1.25,s93;O3:-2.33,-0.53,s81;O4:-0.53,-1.25,s80;O5:-2.33,-0.17,s76;O6:-2.33,0.01,s68;O7:-2.33,0.19,s64;O8:-2.33,-0.35,s59;O9:-2.33,0.55,s48;O10:-0.53,-0.89,s34;O11:-0.89,-1.07,s31;O12:-0.89,-0.89,s28;O13:-2.33,0.37,s17;O14:-0.89,-0.71,s5;O15:-2.33,0.73,s2;O16:-2.33,-0.71,s2",RUNNING,UNKNOWN_MAP_SLAM_AVOIDANCE,unknown_map;frontier_targets;static_unknown_obstacles;dynamic_wandering_robot;costmap;slam_path_planning;obstacle_avoidance,P2_Wanderer,dynamic_wandering_robot,58.18831,58.18831,-0.48725,0.54219,1,0,0,10,6,32,16,794,16,794,-0.48725,0.54219,1.96955,-0.48725,0.54219,1.96955
18.3,PID,HECTOR_GRID_MATCHING,HECTOR_SCAN_MATCHING_GRID,landmarks,task1,WAIT_B1_WORK_T1,WAIT_B1,SLAM_WAYPOINT,T1,WS1,-1.75364,0.31137,1.53831,-1.79,0.085,1.553,0.2297,0.02987,-2.12,1.1,-1.0,-1.0,0.0,90.97608,NORMAL,1,0,0,0,16,794,16,16,58,794,0.22372,0.95325,0,0,-1.841,0.906,1,0,0.0,0.0,9.68347,"O1:-0.89,-1.25,s106;O2:-0.71,-1.25,s93;O3:-2.33,-0.53,s81;O4:-0.53,-1.25,s80;O5:-2.33,-0.17,s76;O6:-2.33,0.01,s68;O7:-2.33,0.19,s64;O8:-2.33,-0.35,s59;O9:-2.33,0.55,s48;O10:-0.53,-0.89,s34;O11:-0.89,-1.07,s31;O12:-0.89,-0.89,s28;O13:-2.33,0.37,s17;O14:-0.89,-0.71,s5;O15:-2.33,0.73,s2;O16:-2.33,-0.71,s2","O1:-0.89,-1.25,s106;O2:-0.71,-1.25,s93;O3:-2.33,-0.53,s81;O4:-0.53,-1.25,s80;O5:-2.33,-0.17,s76;O6:-2.33,0.01,s68;O7:-2.33,0.19,s64;O8:-2.33,-0.35,s59;O9:-2.33,0.55,s48;O10:-0.53,-0.89,s34;O11:-0.89,-1.07,s31;O12:-0.89,-0.89,s28;O13:-2.33,0.37,s17;O14:-0.89,-0.71,s5;O15:-2.33,0.73,s2;O16:-2.33,-0.71,s2",RUNNING,UNKNOWN_MAP_SLAM_AVOIDANCE,unknown_map;frontier_targets;static_unknown_obstacles;dynamic_wandering_robot;costmap;slam_path_planning;obstacle_avoidance,P2_Wanderer,dynamic_wandering_robot,58.18831,58.18831,-0.49501,0.56063,1,0,0,10,6,32,16,794,16,794,-0.49501,0.56063,1.96955,-0.49501,0.56063,1.96955
18.4,PID,HECTOR_GRID_MATCHING,HECTOR_SCAN_MATCHING_GRID,landmarks,task1,WAIT_B1_WORK_T1,WAIT_B1,SLAM_WAYPOINT,T1,WS1,-1.75363,0.31135,1.53831,-1.789,0.029,1.504,0.28447,0.02987,-2.12,1.1,-1.0,-1.0,0.0,90.97358,NORMAL,1,0,0,0,16,794,16,16,58,794,0.22372,0.94075,0,0,-1.841,0.906,1,0,0.0,0.0,9.68347,"O1:-0.89,-1.25,s106;O2:-0.71,-1.25,s93;O3:-2.33,-0.53,s81;O4:-0.53,-1.25,s80;O5:-2.33,-0.17,s76;O6:-2.33,0.01,s68;O7:-2.33,0.19,s64;O8:-2.33,-0.35,s59;O9:-2.33,0.55,s48;O10:-0.53,-0.89,s34;O11:-0.89,-1.07,s31;O12:-0.89,-0.89,s28;O13:-2.33,0.37,s17;O14:-0.89,-0.71,s5;O15:-2.33,0.73,s2;O16:-2.33,-0.71,s2","O1:-0.89,-1.25,s106;O2:-0.71,-1.25,s93;O3:-2.33,-0.53,s81;O4:-0.53,-1.25,s80;O5:-2.33,-0.17,s76;O6:-2.33,0.01,s68;O7:-2.33,0.19,s64;O8:-2.33,-0.35,s59;O9:-2.33,0.55,s48;O10:-0.53,-0.89,s34;O11:-0.89,-1.07,s31;O12:-0.89,-0.89,s28;O13:-2.33,0.37,s17;O14:-0.89,-0.71,s5;O15:-2.33,0.73,s2;O16:-2.33,-0.71,s2",RUNNING,UNKNOWN_MAP_SLAM_AVOIDANCE,unknown_map;frontier_targets;static_unknown_obstacles;dynamic_wandering_robot;costmap;slam_path_planning;obstacle_avoidance,P2_Wanderer,dynamic_wandering_robot,58.18831,58.18831,-0.50278,0.57906,1,0,0,10,6,32,16,794,16,794,-0.50278,0.57906,1.96955,-0.50278,0.57906,1.96955
18.5,PID,HECTOR_GRID_MATCHING,HECTOR_SCAN_MATCHING_GRID,landmarks,task1,WAIT_B1_WORK_T1,WAIT_B1,SLAM_WAYPOINT,T1,WS1,-1.75363,0.31134,1.53831,-1.784,0.024,1.503,0.28883,0.02987,-2.12,1.1,-1.0,-1.0,0.0,90.97108,NORMAL,1,0,0,0,16,794,16,16,58,794,0.22372,0.94206,0,0,-1.841,0.906,1,0,0.0,0.0,9.68347,"O1:-0.89,-1.25,s106;O2:-0.71,-1.25,s93;O3:-2.33,-0.53,s81;O4:-0.53,-1.25,s80;O5:-2.33,-0.17,s76;O6:-2.33,0.01,s68;O7:-2.33,0.19,s64;O8:-2.33,-0.35,s59;O9:-2.33,0.55,s48;O10:-0.53,-0.89,s34;O11:-0.89,-1.07,s31;O12:-0.89,-0.89,s28;O13:-2.33,0.37,s17;O14:-0.89,-0.71,s5;O15:-2.33,0.73,s2;O16:-2.33,-0.71,s2","O1:-0.89,-1.25,s106;O2:-0.71,-1.25,s93;O3:-2.33,-0.53,s81;O4:-0.53,-1.25,s80;O5:-2.33,-0.17,s76;O6:-2.33,0.01,s68;O7:-2.33,0.19,s64;O8:-2.33,-0.35,s59;O9:-2.33,0.55,s48;O10:-0.53,-0.89,s34;O11:-0.89,-1.07,s31;O12:-0.89,-0.89,s28;O13:-2.33,0.37,s17;O14:-0.89,-0.71,s5;O15:-2.33,0.73,s2;O16:-2.33,-0.71,s2",RUNNING,UNKNOWN_MAP_SLAM_AVOIDANCE,unknown_map;frontier_targets;static_unknown_obstacles;dynamic_wandering_robot;costmap;slam_path_planning;obstacle_avoidance,P2_Wanderer,dynamic_wandering_robot,58.18831,58.18831,-0.51784,0.5659,1,0,0,10,6,32,16,794,16,794,-0.51784,0.5659,-2.42377,-0.51784,0.5659,-2.42377
18.6,PID,HECTOR_GRID_MATCHING,HECTOR_SCAN_MATCHING_GRID,landmarks,task1,WAIT_B1_WORK_T1,WAIT_B1,SLAM_WAYPOINT,T1,WS1,-1.75363,0.31132,1.5383,-1.79,0.036,1.512,0.27811,0.02987,-2.12,1.1,-1.0,-1.0,0.0,90.96858,NORMAL,1,0,0,0,16,794,16,16,58,794,0.22372,0.94261,0,0,-1.841,0.906,1,0,0.0,0.0,9.68347,"O1:-0.89,-1.25,s106;O2:-0.71,-1.25,s93;O3:-2.33,-0.53,s81;O4:-0.53,-1.25,s80;O5:-2.33,-0.17,s76;O6:-2.33,0.01,s68;O7:-2.33,0.19,s64;O8:-2.33,-0.35,s59;O9:-2.33,0.55,s48;O10:-0.53,-0.89,s34;O11:-0.89,-1.07,s31;O12:-0.89,-0.89,s28;O13:-2.33,0.37,s17;O14:-0.89,-0.71,s5;O15:-2.33,0.73,s2;O16:-2.33,-0.71,s2","O1:-0.89,-1.25,s106;O2:-0.71,-1.25,s93;O3:-2.33,-0.53,s81;O4:-0.53,-1.25,s80;O5:-2.33,-0.17,s76;O6:-2.33,0.01,s68;O7:-2.33,0.19,s64;O8:-2.33,-0.35,s59;O9:-2.33,0.55,s48;O10:-0.53,-0.89,s34;O11:-0.89,-1.07,s31;O12:-0.89,-0.89,s28;O13:-2.33,0.37,s17;O14:-0.89,-0.71,s5;O15:-2.33,0.73,s2;O16:-2.33,-0.71,s2",RUNNING,UNKNOWN_MAP_SLAM_AVOIDANCE,unknown_map;frontier_targets;static_unknown_obstacles;dynamic_wandering_robot;costmap;slam_path_planning;obstacle_avoidance,P2_Wanderer,dynamic_wandering_robot,58.18831,58.18831,-0.53291,0.55275,1,0,0,10,6,32,16,794,16,794,-0.53291,0.55275,-2.42377,-0.53291,0.55275,-2.42377
18.7,PID,HECTOR_GRID_MATCHING,HECTOR_SCAN_MATCHING_GRID,landmarks,task1,WAIT_B1_WORK_T1,WAIT_B1,SLAM_WAYPOINT,T1,WS1,-1.75363,0.31131,1.5383,-1.781,0.034,1.508,0.27889,0.02987,-2.12,1.1,-1.0,-1.0,0.0,90.96608,NORMAL,1,0,0,0,16,794,16,16,58,794,0.22372,0.94096,0,0,-1.841,0.906,1,0,0.0,0.0,9.68347,"O1:-0.89,-1.25,s106;O2:-0.71,-1.25,s93;O3:-2.33,-0.53,s81;O4:-0.53,-1.25,s80;O5:-2.33,-0.17,s76;O6:-2.33,0.01,s68;O7:-2.33,0.19,s64;O8:-2.33,-0.35,s59;O9:-2.33,0.55,s48;O10:-0.53,-0.89,s34;O11:-0.89,-1.07,s31;O12:-0.89,-0.89,s28;O13:-2.33,0.37,s17;O14:-0.89,-0.71,s5;O15:-2.33,0.73,s2;O16:-2.33,-0.71,s2","O1:-0.89,-1.25,s106;O2:-0.71,-1.25,s93;O3:-2.33,-0.53,s81;O4:-0.53,-1.25,s80;O5:-2.33,-0.17,s76;O6:-2.33,0.01,s68;O7:-2.33,0.19,s64;O8:-2.33,-0.35,s59;O9:-2.33,0.55,s48;O10:-0.53,-0.89,s34;O11:-0.89,-1.07,s31;O12:-0.89,-0.89,s28;O13:-2.33,0.37,s17;O14:-0.89,-0.71,s5;O15:-2.33,0.73,s2;O16:-2.33,-0.71,s2",RUNNING,UNKNOWN_MAP_SLAM_AVOIDANCE,unknown_map;frontier_targets;static_unknown_obstacles;dynamic_wandering_robot;costmap;slam_path_planning;obstacle_avoidance,P2_Wanderer,dynamic_wandering_robot,58.18831,58.18831,-0.54797,0.53959,1,0,0,10,6,32,16,794,16,794,-0.54797,0.53959,-2.42377,-0.54797,0.53959,-2.42377
18.8,PID,HECTOR_GRID_MATCHING,HECTOR_SCAN_MATCHING_GRID,landmarks,task1,WAIT_B1_WORK_T1,WAIT_B1,SLAM_WAYPOINT,T1,WS1,-1.75363,0.31129,1.5383,-1.794,0.017,1.505,0.29665,0.02987,-2.12,1.1,-1.0,-1.0,0.0,90.96358,NORMAL,1,0,0,0,16,794,16,16,58,794,0.22372,0.94142,0,0,-1.841,0.906,1,0,0.0,0.0,9.68347,"O1:-0.89,-1.25,s106;O2:-0.71,-1.25,s93;O3:-2.33,-0.53,s81;O4:-0.53,-1.25,s80;O5:-2.33,-0.17,s76;O6:-2.33,0.01,s68;O7:-2.33,0.19,s64;O8:-2.33,-0.35,s59;O9:-2.33,0.55,s48;O10:-0.53,-0.89,s34;O11:-0.89,-1.07,s31;O12:-0.89,-0.89,s28;O13:-2.33,0.37,s17;O14:-0.89,-0.71,s5;O15:-2.33,0.73,s2;O16:-2.33,-0.71,s2","O1:-0.89,-1.25,s106;O2:-0.71,-1.25,s93;O3:-2.33,-0.53,s81;O4:-0.53,-1.25,s80;O5:-2.33,-0.17,s76;O6:-2.33,0.01,s68;O7:-2.33,0.19,s64;O8:-2.33,-0.35,s59;O9:-2.33,0.55,s48;O10:-0.53,-0.89,s34;O11:-0.89,-1.07,s31;O12:-0.89,-0.89,s28;O13:-2.33,0.37,s17;O14:-0.89,-0.71,s5;O15:-2.33,0.73,s2;O16:-2.33,-0.71,s2",RUNNING,UNKNOWN_MAP_SLAM_AVOIDANCE,unknown_map;frontier_targets;static_unknown_obstacles;dynamic_wandering_robot;costmap;slam_path_planning;obstacle_avoidance,P2_Wanderer,dynamic_wandering_robot,58.18831,58.18831,-0.56304,0.52644,1,0,0,10,6,32,16,794,16,794,-0.56304,0.52644,-2.42377,-0.56304,0.52644,-2.42377
18.9,PID,HECTOR_GRID_MATCHING,HECTOR_SCAN_MATCHING_GRID,landmarks,task1,WAIT_B1_WORK_T1,WAIT_B1,SLAM_WAYPOINT,T1,WS1,-1.75362,0.31128,1.5383,-1.778,0.123,1.545,0.19011,0.02987,-2.12,1.1,-1.0,-1.0,0.0,90.96108,NORMAL,1,0,0,0,16,794,16,16,58,794,0.22372,0.94051,0,0,-1.841,0.906,1,0,0.0,0.0,9.68347,"O1:-0.89,-1.25,s106;O2:-0.71,-1.25,s93;O3:-2.33,-0.53,s81;O4:-0.53,-1.25,s80;O5:-2.33,-0.17,s76;O6:-2.33,0.01,s68;O7:-2.33,0.19,s64;O8:-2.33,-0.35,s59;O9:-2.33,0.55,s48;O10:-0.53,-0.89,s34;O11:-0.89,-1.07,s31;O12:-0.89,-0.89,s28;O13:-2.33,0.37,s17;O14:-0.89,-0.71,s5;O15:-2.33,0.73,s2;O16:-2.33,-0.71,s2","O1:-0.89,-1.25,s106;O2:-0.71,-1.25,s93;O3:-2.33,-0.53,s81;O4:-0.53,-1.25,s80;O5:-2.33,-0.17,s76;O6:-2.33,0.01,s68;O7:-2.33,0.19,s64;O8:-2.33,-0.35,s59;O9:-2.33,0.55,s48;O10:-0.53,-0.89,s34;O11:-0.89,-1.07,s31;O12:-0.89,-0.89,s28;O13:-2.33,0.37,s17;O14:-0.89,-0.71,s5;O15:-2.33,0.73,s2;O16:-2.33,-0.71,s2",RUNNING,UNKNOWN_MAP_SLAM_AVOIDANCE,unknown_map;frontier_targets;static_unknown_obstacles;dynamic_wandering_robot;costmap;slam_path_planning;obstacle_avoidance,P2_Wanderer,dynamic_wandering_robot,58.18831,58.18831,-0.5781,0.51328,1,0,0,10,6,32,16,794,16,794,-0.5781,0.51328,-2.42377,-0.5781,0.51328,-2.42377
19.0,PID,HECTOR_GRID_MATCHING,HECTOR_SCAN_MATCHING_GRID,landmarks,task1,WAIT_B1_WORK_T1,WAIT_B1,SLAM_WAYPOINT,T1,WS1,-1.75362,0.31126,1.5383,-1.789,0.144,1.55,0.17092,0.02987,-2.12,1.1,-1.0,-1.0,0.0,90.95858,NORMAL,1,0,0,0,16,794,16,16,58,794,0.22372,0.9447,0,0,-1.841,0.906,1,0,0.0,0.0,9.68347,"O1:-0.89,-1.25,s106;O2:-0.71,-1.25,s93;O3:-2.33,-0.53,s81;O4:-0.53,-1.25,s80;O5:-2.33,-0.17,s76;O6:-2.33,0.01,s68;O7:-2.33,0.19,s64;O8:-2.33,-0.35,s59;O9:-2.33,0.55,s48;O10:-0.53,-0.89,s34;O11:-0.89,-1.07,s31;O12:-0.89,-0.89,s28;O13:-2.33,0.37,s17;O14:-0.89,-0.71,s5;O15:-2.33,0.73,s2;O16:-2.33,-0.71,s2","O1:-0.89,-1.25,s106;O2:-0.71,-1.25,s93;O3:-2.33,-0.53,s81;O4:-0.53,-1.25,s80;O5:-2.33,-0.17,s76;O6:-2.33,0.01,s68;O7:-2.33,0.19,s64;O8:-2.33,-0.35,s59;O9:-2.33,0.55,s48;O10:-0.53,-0.89,s34;O11:-0.89,-1.07,s31;O12:-0.89,-0.89,s28;O13:-2.33,0.37,s17;O14:-0.89,-0.71,s5;O15:-2.33,0.73,s2;O16:-2.33,-0.71,s2",RUNNING,UNKNOWN_MAP_SLAM_AVOIDANCE,unknown_map;frontier_targets;static_unknown_obstacles;dynamic_wandering_robot;costmap;slam_path_planning;obstacle_avoidance,P2_Wanderer,dynamic_wandering_robot,58.18831,58.18831,-0.59317,0.50013,1,0,0,10,6,32,16,794,16,794,-0.59317,0.50013,-2.42377,-0.59317,0.50013,-2.42377
19.1,PID,HECTOR_GRID_MATCHING,HECTOR_SCAN_MATCHING_GRID,landmarks,task1,WAIT_B1_WORK_T1,WAIT_B1,SLAM_WAYPOINT,T1,WS1,-1.75362,0.31125,1.53829,-1.789,0.024,1.503,0.28919,0.02987,-2.12,1.1,-1.0,-1.0,0.0,90.95608,NORMAL,1,0,0,0,16,794,16,16,58,794,0.22372,0.9472,0,0,-1.841,0.906,1,0,0.0,0.0,9.68347,"O1:-0.89,-1.25,s106;O2:-0.71,-1.25,s93;O3:-2.33,-0.53,s81;O4:-0.53,-1.25,s80;O5:-2.33,-0.17,s76;O6:-2.33,0.01,s68;O7:-2.33,0.19,s64;O8:-2.33,-0.35,s59;O9:-2.33,0.55,s48;O10:-0.53,-0.89,s34;O11:-0.89,-1.07,s31;O12:-0.89,-0.89,s28;O13:-2.33,0.37,s17;O14:-0.89,-0.71,s5;O15:-2.33,0.73,s2;O16:-2.33,-0.71,s2","O1:-0.89,-1.25,s106;O2:-0.71,-1.25,s93;O3:-2.33,-0.53,s81;O4:-0.53,-1.25,s80;O5:-2.33,-0.17,s76;O6:-2.33,0.01,s68;O7:-2.33,0.19,s64;O8:-2.33,-0.35,s59;O9:-2.33,0.55,s48;O10:-0.53,-0.89,s34;O11:-0.89,-1.07,s31;O12:-0.89,-0.89,s28;O13:-2.33,0.37,s17;O14:-0.89,-0.71,s5;O15:-2.33,0.73,s2;O16:-2.33,-0.71,s2",RUNNING,UNKNOWN_MAP_SLAM_AVOIDANCE,unknown_map;frontier_targets;static_unknown_obstacles;dynamic_wandering_robot;costmap;slam_path_planning;obstacle_avoidance,P2_Wanderer,dynamic_wandering_robot,58.18831,58.18831,-0.60823,0.48697,1,0,0,10,6,32,16,794,16,794,-0.60823,0.48697,-2.42377,-0.60823,0.48697,-2.42377
19.2,PID,HECTOR_GRID_MATCHING,HECTOR_SCAN_MATCHING_GRID,landmarks,task1,WAIT_B1_WORK_T1,WAIT_B1,SLAM_WAYPOINT,T1,WS1,-1.75362,0.31123,1.53829,-1.787,0.065,1.529,0.24866,0.02987,-2.12,1.1,-1.0,-1.0,0.0,90.95358,NORMAL,1,0,0,0,16,794,16,16,58,794,0.22372,0.95261,0,0,-1.841,0.906,1,0,0.0,0.0,9.68347,"O1:-0.89,-1.25,s106;O2:-0.71,-1.25,s93;O3:-2.33,-0.53,s81;O4:-0.53,-1.25,s80;O5:-2.33,-0.17,s76;O6:-2.33,0.01,s68;O7:-2.33,0.19,s64;O8:-2.33,-0.35,s59;O9:-2.33,0.55,s48;O10:-0.53,-0.89,s34;O11:-0.89,-1.07,s31;O12:-0.89,-0.89,s28;O13:-2.33,0.37,s17;O14:-0.89,-0.71,s5;O15:-2.33,0.73,s2;O16:-2.33,-0.71,s2","O1:-0.89,-1.25,s106;O2:-0.71,-1.25,s93;O3:-2.33,-0.53,s81;O4:-0.53,-1.25,s80;O5:-2.33,-0.17,s76;O6:-2.33,0.01,s68;O7:-2.33,0.19,s64;O8:-2.33,-0.35,s59;O9:-2.33,0.55,s48;O10:-0.53,-0.89,s34;O11:-0.89,-1.07,s31;O12:-0.89,-0.89,s28;O13:-2.33,0.37,s17;O14:-0.89,-0.71,s5;O15:-2.33,0.73,s2;O16:-2.33,-0.71,s2",RUNNING,UNKNOWN_MAP_SLAM_AVOIDANCE,unknown_map;frontier_targets;static_unknown_obstacles;dynamic_wandering_robot;costmap;slam_path_planning;obstacle_avoidance,P2_Wanderer,dynamic_wandering_robot,58.18831,58.18831,-0.60586,0.47902,1,0,0,10,6,32,16,794,16,794,-0.60586,0.47902,-0.13815,-0.60586,0.47902,-0.13815
19.3,PID,HECTOR_GRID_MATCHING,HECTOR_SCAN_MATCHING_GRID,landmarks,task1,WAIT_B1_WORK_T1,WAIT_B1,SLAM_WAYPOINT,T1,WS1,-1.75362,0.31122,1.53829,-1.786,0.036,1.505,0.27735,0.02987,-2.12,1.1,-1.0,-1.0,0.0,90.95108,NORMAL,1,0,0,0,16,794,16,16,58,794,0.22372,0.94561,0,0,-1.841,0.906,1,0,0.0,0.0,9.68347,"O1:-0.89,-1.25,s106;O2:-0.71,-1.25,s93;O3:-2.33,-0.53,s81;O4:-0.53,-1.25,s80;O5:-2.33,-0.17,s76;O6:-2.33,0.01,s68;O7:-2.33,0.19,s64;O8:-2.33,-0.35,s59;O9:-2.33,0.55,s48;O10:-0.53,-0.89,s34;O11:-0.89,-1.07,s31;O12:-0.89,-0.89,s28;O13:-2.33,0.37,s17;O14:-0.89,-0.71,s5;O15:-2.33,0.73,s2;O16:-2.33,-0.71,s2","O1:-0.89,-1.25,s106;O2:-0.71,-1.25,s93;O3:-2.33,-0.53,s81;O4:-0.53,-1.25,s80;O5:-2.33,-0.17,s76;O6:-2.33,0.01,s68;O7:-2.33,0.19,s64;O8:-2.33,-0.35,s59;O9:-2.33,0.55,s48;O10:-0.53,-0.89,s34;O11:-0.89,-1.07,s31;O12:-0.89,-0.89,s28;O13:-2.33,0.37,s17;O14:-0.89,-0.71,s5;O15:-2.33,0.73,s2;O16:-2.33,-0.71,s2",RUNNING,UNKNOWN_MAP_SLAM_AVOIDANCE,unknown_map;frontier_targets;static_unknown_obstacles;dynamic_wandering_robot;costmap;slam_path_planning;obstacle_avoidance,P2_Wanderer,dynamic_wandering_robot,58.18831,58.18831,-0.58605,0.47626,1,0,0,10,6,32,16,794,16,794,-0.58605,0.47626,-0.13815,-0.58605,0.47626,-0.13815
19.4,PID,HECTOR_GRID_MATCHING,HECTOR_SCAN_MATCHING_GRID,landmarks,task1,WAIT_B1_WORK_T1,WAIT_B1,SLAM_WAYPOINT,T1,WS1,-1.75361,0.3112,1.53829,-1.794,0.146,1.476,0.16997,0.02987,-2.12,1.1,-1.0,-1.0,0.0,90.94858,NORMAL,1,0,0,0,16,794,16,16,58,794,0.22372,0.9585,0,0,-1.841,0.906,1,0,0.0,0.0,9.68347,"O1:-0.89,-1.25,s106;O2:-0.71,-1.25,s93;O3:-2.33,-0.53,s81;O4:-0.53,-1.25,s80;O5:-2.33,-0.17,s76;O6:-2.33,0.01,s68;O7:-2.33,0.19,s64;O8:-2.33,-0.35,s59;O9:-2.33,0.55,s48;O10:-0.53,-0.89,s34;O11:-0.89,-1.07,s31;O12:-0.89,-0.89,s28;O13:-2.33,0.37,s17;O14:-0.89,-0.71,s5;O15:-2.33,0.73,s2;O16:-2.33,-0.71,s2","O1:-0.89,-1.25,s106;O2:-0.71,-1.25,s93;O3:-2.33,-0.53,s81;O4:-0.53,-1.25,s80;O5:-2.33,-0.17,s76;O6:-2.33,0.01,s68;O7:-2.33,0.19,s64;O8:-2.33,-0.35,s59;O9:-2.33,0.55,s48;O10:-0.53,-0.89,s34;O11:-0.89,-1.07,s31;O12:-0.89,-0.89,s28;O13:-2.33,0.37,s17;O14:-0.89,-0.71,s5;O15:-2.33,0.73,s2;O16:-2.33,-0.71,s2",RUNNING,UNKNOWN_MAP_SLAM_AVOIDANCE,unknown_map;frontier_targets;static_unknown_obstacles;dynamic_wandering_robot;costmap;slam_path_planning;obstacle_avoidance,P2_Wanderer,dynamic_wandering_robot,58.18831,58.18831,-0.56624,0.47351,1,0,0,10,6,32,16,794,16,794,-0.56624,0.47351,-0.13815,-0.56624,0.47351,-0.13815
19.5,PID,HECTOR_GRID_MATCHING,HECTOR_SCAN_MATCHING_GRID,landmarks,task2,PICK_RETURN_T1_WS1,MANIPULATING,SLAM_WAYPOINT,T1,WS1,-1.75361,0.31118,1.53828,-1.782,0.132,1.532,0.18187,0.02987,-2.12,1.1,-1.0,-1.0,0.0,90.94608,NORMAL,1,0,0,0,16,794,16,16,58,794,0.22372,0.8742,0,0,-1.841,0.906,1,0,0.0,0.0,9.68347,"O1:-0.89,-1.25,s106;O2:-0.71,-1.25,s93;O3:-2.33,-0.53,s81;O4:-0.53,-1.25,s80;O5:-2.33,-0.17,s76;O6:-2.33,0.01,s68;O7:-2.33,0.19,s64;O8:-2.33,-0.35,s59;O9:-2.33,0.55,s48;O10:-0.53,-0.89,s34;O11:-0.89,-1.07,s31;O12:-0.89,-0.89,s28;O13:-2.33,0.37,s17;O14:-0.89,-0.71,s5;O15:-2.33,0.73,s2;O16:-2.33,-0.71,s2","O1:-0.89,-1.25,s106;O2:-0.71,-1.25,s93;O3:-2.33,-0.53,s81;O4:-0.53,-1.25,s80;O5:-2.33,-0.17,s76;O6:-2.33,0.01,s68;O7:-2.33,0.19,s64;O8:-2.33,-0.35,s59;O9:-2.33,0.55,s48;O10:-0.53,-0.89,s34;O11:-0.89,-1.07,s31;O12:-0.89,-0.89,s28;O13:-2.33,0.37,s17;O14:-0.89,-0.71,s5;O15:-2.33,0.73,s2;O16:-2.33,-0.71,s2",RUNNING,UNKNOWN_MAP_SLAM_AVOIDANCE,unknown_map;frontier_targets;static_unknown_obstacles;dynamic_wandering_robot;costmap;slam_path_planning;obstacle_avoidance,P2_Wanderer,dynamic_wandering_robot,58.18831,58.18831,-0.54643,0.47076,1,0,0,10,6,32,16,794,16,794,-0.54643,0.47076,-0.13815,-0.54643,0.47076,-0.13815
19.6,PID,HECTOR_GRID_MATCHING,HECTOR_SCAN_MATCHING_GRID,landmarks,task2,PICK_RETURN_T1_WS1,MANIPULATING,SLAM_WAYPOINT,T1,WS1,-1.75361,0.31117,1.53828,-1.79,0.019,1.495,0.29483,0.02987,-2.12,1.1,-1.0,-1.0,0.0,90.94358,NORMAL,1,0,0,0,16,794,16,16,58,794,0.22372,0.94717,0,0,-1.841,0.906,1,0,0.0,0.0,9.68347,"O1:-0.89,-1.25,s106;O2:-0.71,-1.25,s93;O3:-2.33,-0.53,s81;O4:-0.53,-1.25,s80;O5:-2.33,-0.17,s76;O6:-2.33,0.01,s68;O7:-2.33,0.19,s64;O8:-2.33,-0.35,s59;O9:-2.33,0.55,s48;O10:-0.53,-0.89,s34;O11:-0.89,-1.07,s31;O12:-0.89,-0.89,s28;O13:-2.33,0.37,s17;O14:-0.89,-0.71,s5;O15:-2.33,0.73,s2;O16:-2.33,-0.71,s2","O1:-0.89,-1.25,s106;O2:-0.71,-1.25,s93;O3:-2.33,-0.53,s81;O4:-0.53,-1.25,s80;O5:-2.33,-0.17,s76;O6:-2.33,0.01,s68;O7:-2.33,0.19,s64;O8:-2.33,-0.35,s59;O9:-2.33,0.55,s48;O10:-0.53,-0.89,s34;O11:-0.89,-1.07,s31;O12:-0.89,-0.89,s28;O13:-2.33,0.37,s17;O14:-0.89,-0.71,s5;O15:-2.33,0.73,s2;O16:-2.33,-0.71,s2",RUNNING,UNKNOWN_MAP_SLAM_AVOIDANCE,unknown_map;frontier_targets;static_unknown_obstacles;dynamic_wandering_robot;costmap;slam_path_planning;obstacle_avoidance,P2_Wanderer,dynamic_wandering_robot,58.18831,58.18831,-0.52662,0.468,1,0,0,10,6,32,16,794,16,794,-0.52662,0.468,-0.13815,-0.52662,0.468,-0.13815
19.7,PID,HECTOR_GRID_MATCHING,HECTOR_SCAN_MATCHING_GRID,landmarks,task2,PICK_RETURN_T1_WS1,MANIPULATING,SLAM_WAYPOINT,T1,WS1,-1.75361,0.31115,1.53828,-1.786,0.14,1.526,0.1745,0.02987,-2.12,1.1,-1.0,-1.0,0.0,90.94108,NORMAL,1,0,0,0,16,794,16,16,58,794,0.22372,0.95876,0,0,-1.841,0.906,1,0,0.0,0.0,9.68347,"O1:-0.89,-1.25,s106;O2:-0.71,-1.25,s93;O3:-2.33,-0.53,s81;O4:-0.53,-1.25,s80;O5:-2.33,-0.17,s76;O6:-2.33,0.01,s68;O7:-2.33,0.19,s64;O8:-2.33,-0.35,s59;O9:-2.33,0.55,s48;O10:-0.53,-0.89,s34;O11:-0.89,-1.07,s31;O12:-0.89,-0.89,s28;O13:-2.33,0.37,s17;O14:-0.89,-0.71,s5;O15:-2.33,0.73,s2;O16:-2.33,-0.71,s2","O1:-0.89,-1.25,s106;O2:-0.71,-1.25,s93;O3:-2.33,-0.53,s81;O4:-0.53,-1.25,s80;O5:-2.33,-0.17,s76;O6:-2.33,0.01,s68;O7:-2.33,0.19,s64;O8:-2.33,-0.35,s59;O9:-2.33,0.55,s48;O10:-0.53,-0.89,s34;O11:-0.89,-1.07,s31;O12:-0.89,-0.89,s28;O13:-2.33,0.37,s17;O14:-0.89,-0.71,s5;O15:-2.33,0.73,s2;O16:-2.33,-0.71,s2",RUNNING,UNKNOWN_MAP_SLAM_AVOIDANCE,unknown_map;frontier_targets;static_unknown_obstacles;dynamic_wandering_robot;costmap;slam_path_planning;obstacle_avoidance,P2_Wanderer,dynamic_wandering_robot,58.18831,58.18831,-0.50681,0.46525,1,0,0,10,6,32,16,794,16,794,-0.50681,0.46525,-0.13815,-0.50681,0.46525,-0.13815
19.8,PID,HECTOR_GRID_MATCHING,HECTOR_SCAN_MATCHING_GRID,landmarks,task2,PICK_RETURN_T1_WS1,MANIPULATING,SLAM_WAYPOINT,T1,WS1,-1.7536,0.31114,1.53828,-1.748,0.125,1.546,0.18631,0.02987,-2.12,1.1,-1.0,-1.0,0.0,90.93858,NORMAL,1,0,0,0,16,794,16,16,58,794,0.22372,0.95872,0,0,-1.841,0.906,1,0,0.0,0.0,9.68347,"O1:-0.89,-1.25,s106;O2:-0.71,-1.25,s93;O3:-2.33,-0.53,s81;O4:-0.53,-1.25,s80;O5:-2.33,-0.17,s76;O6:-2.33,0.01,s68;O7:-2.33,0.19,s64;O8:-2.33,-0.35,s59;O9:-2.33,0.55,s48;O10:-0.53,-0.89,s34;O11:-0.89,-1.07,s31;O12:-0.89,-0.89,s28;O13:-2.33,0.37,s17;O14:-0.89,-0.71,s5;O15:-2.33,0.73,s2;O16:-2.33,-0.71,s2","O1:-0.89,-1.25,s106;O2:-0.71,-1.25,s93;O3:-2.33,-0.53,s81;O4:-0.53,-1.25,s80;O5:-2.33,-0.17,s76;O6:-2.33,0.01,s68;O7:-2.33,0.19,s64;O8:-2.33,-0.35,s59;O9:-2.33,0.55,s48;O10:-0.53,-0.89,s34;O11:-0.89,-1.07,s31;O12:-0.89,-0.89,s28;O13:-2.33,0.37,s17;O14:-0.89,-0.71,s5;O15:-2.33,0.73,s2;O16:-2.33,-0.71,s2",RUNNING,UNKNOWN_MAP_SLAM_AVOIDANCE,unknown_map;frontier_targets;static_unknown_obstacles;dynamic_wandering_robot;costmap;slam_path_planning;obstacle_avoidance,P2_Wanderer,dynamic_wandering_robot,58.18831,58.18831,-0.487,0.46249,1,0,0,10,6,32,16,794,16,794,-0.487,0.46249,-0.13815,-0.487,0.46249,-0.13815
19.9,PID,HECTOR_GRID_MATCHING,HECTOR_SCAN_MATCHING_GRID,landmarks,task2,PICK_RETURN_T1_WS1,MANIPULATING,SLAM_WAYPOINT,T1,WS1,-1.7536,0.31112,1.53827,-1.77,0.12,1.525,0.19151,0.02987,-2.12,1.1,-1.0,-1.0,0.0,90.93608,NORMAL,1,0,0,0,16,794,16,16,58,794,0.22372,0.9378,0,0,-1.841,0.906,1,0,0.0,0.0,9.68347,"O1:-0.89,-1.25,s106;O2:-0.71,-1.25,s93;O3:-2.33,-0.53,s81;O4:-0.53,-1.25,s80;O5:-2.33,-0.17,s76;O6:-2.33,0.01,s68;O7:-2.33,0.19,s64;O8:-2.33,-0.35,s59;O9:-2.33,0.55,s48;O10:-0.53,-0.89,s34;O11:-0.89,-1.07,s31;O12:-0.89,-0.89,s28;O13:-2.33,0.37,s17;O14:-0.89,-0.71,s5;O15:-2.33,0.73,s2;O16:-2.33,-0.71,s2","O1:-0.89,-1.25,s106;O2:-0.71,-1.25,s93;O3:-2.33,-0.53,s81;O4:-0.53,-1.25,s80;O5:-2.33,-0.17,s76;O6:-2.33,0.01,s68;O7:-2.33,0.19,s64;O8:-2.33,-0.35,s59;O9:-2.33,0.55,s48;O10:-0.53,-0.89,s34;O11:-0.89,-1.07,s31;O12:-0.89,-0.89,s28;O13:-2.33,0.37,s17;O14:-0.89,-0.71,s5;O15:-2.33,0.73,s2;O16:-2.33,-0.71,s2",RUNNING,UNKNOWN_MAP_SLAM_AVOIDANCE,unknown_map;frontier_targets;static_unknown_obstacles;dynamic_wandering_robot;costmap;slam_path_planning;obstacle_avoidance,P2_Wanderer,dynamic_wandering_robot,58.18831,58.18831,-0.46719,0.45974,1,0,0,10,6,32,16,794,16,794,-0.46719,0.45974,-0.13815,-0.46719,0.45974,-0.13815
20.0,PID,HECTOR_GRID_MATCHING,HECTOR_SCAN_MATCHING_GRID,landmarks,task2,PICK_RETURN_T1_WS1,MANIPULATING,SLAM_WAYPOINT,T1,WS1,-1.7536,0.31111,1.53827,-1.783,0.197,1.501,0.11798,0.02987,-2.12,1.1,-1.0,-1.0,0.0,90.93358,NORMAL,1,0,0,0,16,794,16,16,58,794,0.22372,0.95591,0,0,-1.841,0.906,1,0,0.0,0.0,9.68347,"O1:-0.89,-1.25,s106;O2:-0.71,-1.25,s93;O3:-2.33,-0.53,s81;O4:-0.53,-1.25,s80;O5:-2.33,-0.17,s76;O6:-2.33,0.01,s68;O7:-2.33,0.19,s64;O8:-2.33,-0.35,s59;O9:-2.33,0.55,s48;O10:-0.53,-0.89,s34;O11:-0.89,-1.07,s31;O12:-0.89,-0.89,s28;O13:-2.33,0.37,s17;O14:-0.89,-0.71,s5;O15:-2.33,0.73,s2;O16:-2.33,-0.71,s2","O1:-0.89,-1.25,s106;O2:-0.71,-1.25,s93;O3:-2.33,-0.53,s81;O4:-0.53,-1.25,s80;O5:-2.33,-0.17,s76;O6:-2.33,0.01,s68;O7:-2.33,0.19,s64;O8:-2.33,-0.35,s59;O9:-2.33,0.55,s48;O10:-0.53,-0.89,s34;O11:-0.89,-1.07,s31;O12:-0.89,-0.89,s28;O13:-2.33,0.37,s17;O14:-0.89,-0.71,s5;O15:-2.33,0.73,s2;O16:-2.33,-0.71,s2",RUNNING,UNKNOWN_MAP_SLAM_AVOIDANCE,unknown_map;frontier_targets;static_unknown_obstacles;dynamic_wandering_robot;costmap;slam_path_planning;obstacle_avoidance,P2_Wanderer,dynamic_wandering_robot,58.18831,58.18831,-0.44738,0.45698,1,0,0,10,6,32,16,794,16,794,-0.44738,0.45698,-0.13815,-0.44738,0.45698,-0.13815
20.1,PID,HECTOR_GRID_MATCHING,HECTOR_SCAN_MATCHING_GRID,landmarks,task2,PICK_RETURN_T1_WS1,MANIPULATING,SLAM_WAYPOINT,T1,WS1,-1.7536,0.31109,1.53827,-1.767,0.167,1.535,0.14511,0.02987,-2.12,1.1,-1.0,-1.0,0.0,90.93108,NORMAL,1,0,0,0,16,794,16,16,58,794,0.22372,0.95688,0,0,-1.841,0.906,1,0,0.0,0.0,9.68347,"O1:-0.89,-1.25,s106;O2:-0.71,-1.25,s93;O3:-2.33,-0.53,s81;O4:-0.53,-1.25,s80;O5:-2.33,-0.17,s76;O6:-2.33,0.01,s68;O7:-2.33,0.19,s64;O8:-2.33,-0.35,s59;O9:-2.33,0.55,s48;O10:-0.53,-0.89,s34;O11:-0.89,-1.07,s31;O12:-0.89,-0.89,s28;O13:-2.33,0.37,s17;O14:-0.89,-0.71,s5;O15:-2.33,0.73,s2;O16:-2.33,-0.71,s2","O1:-0.89,-1.25,s106;O2:-0.71,-1.25,s93;O3:-2.33,-0.53,s81;O4:-0.53,-1.25,s80;O5:-2.33,-0.17,s76;O6:-2.33,0.01,s68;O7:-2.33,0.19,s64;O8:-2.33,-0.35,s59;O9:-2.33,0.55,s48;O10:-0.53,-0.89,s34;O11:-0.89,-1.07,s31;O12:-0.89,-0.89,s28;O13:-2.33,0.37,s17;O14:-0.89,-0.71,s5;O15:-2.33,0.73,s2;O16:-2.33,-0.71,s2",RUNNING,UNKNOWN_MAP_SLAM_AVOIDANCE,unknown_map;frontier_targets;static_unknown_obstacles;dynamic_wandering_robot;costmap;slam_path_planning;obstacle_avoidance,P2_Wanderer,dynamic_wandering_robot,58.18831,58.18831,-0.42757,0.45423,1,0,0,10,6,32,16,794,16,794,-0.42757,0.45423,-0.13815,-0.42757,0.45423,-0.13815
20.2,PID,HECTOR_GRID_MATCHING,HECTOR_SCAN_MATCHING_GRID,landmarks,task2,PICK_RETURN_T1_WS1,MANIPULATING,SLAM_WAYPOINT,T1,WS1,-1.7536,0.31108,1.53827,-1.776,0.049,1.499,0.26341,0.02987,-2.12,1.1,-1.0,-1.0,0.0,90.92858,NORMAL,1,0,0,0,16,794,16,16,58,794,0.22372,0.95542,0,0,-1.841,0.906,1,0,0.0,0.0,9.68347,"O1:-0.89,-1.25,s106;O2:-0.71,-1.25,s93;O3:-2.33,-0.53,s81;O4:-0.53,-1.25,s80;O5:-2.33,-0.17,s76;O6:-2.33,0.01,s68;O7:-2.33,0.19,s64;O8:-2.33,-0.35,s59;O9:-2.33,0.55,s48;O10:-0.53,-0.89,s34;O11:-0.89,-1.07,s31;O12:-0.89,-0.89,s28;O13:-2.33,0.37,s17;O14:-0.89,-0.71,s5;O15:-2.33,0.73,s2;O16:-2.33,-0.71,s2","O1:-0.89,-1.25,s106;O2:-0.71,-1.25,s93;O3:-2.33,-0.53,s81;O4:-0.53,-1.25,s80;O5:-2.33,-0.17,s76;O6:-2.33,0.01,s68;O7:-2.33,0.19,s64;O8:-2.33,-0.35,s59;O9:-2.33,0.55,s48;O10:-0.53,-0.89,s34;O11:-0.89,-1.07,s31;O12:-0.89,-0.89,s28;O13:-2.33,0.37,s17;O14:-0.89,-0.71,s5;O15:-2.33,0.73,s2;O16:-2.33,-0.71,s2",RUNNING,UNKNOWN_MAP_SLAM_AVOIDANCE,unknown_map;frontier_targets;static_unknown_obstacles;dynamic_wandering_robot;costmap;slam_path_planning;obstacle_avoidance,P2_Wanderer,dynamic_wandering_robot,58.18831,58.18831,-0.40776,0.45148,1,0,0,10,6,32,16,794,16,794,-0.40776,0.45148,-0.13815,-0.40776,0.45148,-0.13815
20.3,PID,HECTOR_GRID_MATCHING,HECTOR_SCAN_MATCHING_GRID,landmarks,task2,TO_RACK_T1_RETURN,MANIPULATING,SLAM_WAYPOINT,T1,WS1,-1.75359,0.31106,1.53826,-1.778,0.117,1.528,0.19535,0.02987,-2.12,1.1,-1.0,-1.0,0.0,90.92608,NORMAL,1,0,0,0,16,794,16,16,58,794,0.22372,0.93158,0,0,-1.841,0.906,1,0,0.0,0.0,9.68347,"O1:-0.89,-1.25,s106;O2:-0.71,-1.25,s93;O3:-2.33,-0.53,s81;O4:-0.53,-1.25,s80;O5:-2.33,-0.17,s76;O6:-2.33,0.01,s68;O7:-2.33,0.19,s64;O8:-2.33,-0.35,s59;O9:-2.33,0.55,s48;O10:-0.53,-0.89,s34;O11:-0.89,-1.07,s31;O12:-0.89,-0.89,s28;O13:-2.33,0.37,s17;O14:-0.89,-0.71,s5;O15:-2.33,0.73,s2;O16:-2.33,-0.71,s2","O1:-0.89,-1.25,s106;O2:-0.71,-1.25,s93;O3:-2.33,-0.53,s81;O4:-0.53,-1.25,s80;O5:-2.33,-0.17,s76;O6:-2.33,0.01,s68;O7:-2.33,0.19,s64;O8:-2.33,-0.35,s59;O9:-2.33,0.55,s48;O10:-0.53,-0.89,s34;O11:-0.89,-1.07,s31;O12:-0.89,-0.89,s28;O13:-2.33,0.37,s17;O14:-0.89,-0.71,s5;O15:-2.33,0.73,s2;O16:-2.33,-0.71,s2",RUNNING,UNKNOWN_MAP_SLAM_AVOIDANCE,unknown_map;frontier_targets;static_unknown_obstacles;dynamic_wandering_robot;costmap;slam_path_planning;obstacle_avoidance,P2_Wanderer,dynamic_wandering_robot,58.18831,58.18831,-0.38796,0.44872,1,0,0,10,6,32,16,794,16,794,-0.38796,0.44872,-0.13815,-0.38796,0.44872,-0.13815
20.4,PID,HECTOR_GRID_MATCHING,HECTOR_SCAN_MATCHING_GRID,landmarks,task2,TO_RACK_T1_RETURN,AVOIDING,DIRECT,T1,WS1,-1.75424,0.31125,1.51935,-1.77,0.103,1.527,0.20835,0.0299,-2.12,1.1,1.85433,0.39139,0.12635,90.92201,NORMAL,1,0,0,0,16,804,16,16,58,804,0.22327,0.93021,0,0,-1.46,-1.52,0,0,0.0,-1.18483,9.97968,"O1:-0.89,-1.25,s106;O2:-0.71,-1.25,s93;O3:-2.33,-0.53,s82;O4:-0.53,-1.25,s80;O5:-2.33,-0.17,s77;O6:-2.33,0.01,s69;O7:-2.33,0.19,s64;O8:-2.33,-0.35,s59;O9:-2.33,0.55,s49;O10:-0.53,-0.89,s34;O11:-0.89,-1.07,s31;O12:-0.89,-0.89,s28;O13:-2.33,0.37,s18;O14:-0.89,-0.71,s5;O15:-2.33,0.73,s2;O16:-2.33,-0.71,s2","O1:-0.89,-1.25,s106;O2:-0.71,-1.25,s93;O3:-2.33,-0.53,s82;O4:-0.53,-1.25,s80;O5:-2.33,-0.17,s77;O6:-2.33,0.01,s69;O7:-2.33,0.19,s64;O8:-2.33,-0.35,s59;O9:-2.33,0.55,s49;O10:-0.53,-0.89,s34;O11:-0.89,-1.07,s31;O12:-0.89,-0.89,s28;O13:-2.33,0.37,s18;O14:-0.89,-0.71,s5;O15:-2.33,0.73,s2;O16:-2.33,-0.71,s2",RUNNING,UNKNOWN_MAP_SLAM_AVOIDANCE,unknown_map;frontier_targets;static_unknown_obstacles;dynamic_wandering_robot;costmap;slam_path_planning;obstacle_avoidance,P2_Wanderer,dynamic_wandering_robot,58.27812,58.27812,-0.36815,0.44597,1,0,0,10,6,32,16,804,16,804,-0.36815,0.44597,-0.13815,-0.36815,0.44597,-0.13815
20.5,PID,HECTOR_GRID_MATCHING,HECTOR_SCAN_MATCHING_GRID,landmarks,task2,TO_RACK_T1_RETURN,AVOIDING,DIRECT,T1,WS1,-1.75603,0.31286,1.46972,-1.786,0.133,1.481,0.18132,0.03002,-2.12,1.1,1.85525,0.38672,0.1232,90.9152,NORMAL,1,0,0,0,16,814,16,16,58,814,0.22213,0.95908,0,0,-1.46,-1.52,0,0,0.0,-1.30616,10.01001,"O1:-0.89,-1.25,s106;O2:-0.71,-1.25,s93;O3:-2.33,-0.53,s83;O4:-0.53,-1.25,s80;O5:-2.33,-0.17,s79;O6:-2.33,0.01,s71;O7:-2.33,0.19,s65;O8:-2.33,-0.35,s60;O9:-2.33,0.55,s51;O10:-0.53,-0.89,s34;O11:-0.89,-1.07,s31;O12:-0.89,-0.89,s28;O13:-2.33,0.37,s19;O14:-0.89,-0.71,s5;O15:-2.33,0.73,s2;O16:-2.33,-0.71,s2","O1:-0.89,-1.25,s106;O2:-0.71,-1.25,s93;O3:-2.33,-0.53,s83;O4:-0.53,-1.25,s80;O5:-2.33,-0.17,s79;O6:-2.33,0.01,s71;O7:-2.33,0.19,s65;O8:-2.33,-0.35,s60;O9:-2.33,0.55,s51;O10:-0.53,-0.89,s34;O11:-0.89,-1.07,s31;O12:-0.89,-0.89,s28;O13:-2.33,0.37,s19;O14:-0.89,-0.71,s5;O15:-2.33,0.73,s2;O16:-2.33,-0.71,s2",RUNNING,UNKNOWN_MAP_SLAM_AVOIDANCE,unknown_map;frontier_targets;static_unknown_obstacles;dynamic_wandering_robot;costmap;slam_path_planning;obstacle_avoidance,P2_Wanderer,dynamic_wandering_robot,58.36744,58.36744,-0.34834,0.44321,1,0,0,10,6,32,16,814,16,814,-0.34834,0.44321,-0.13815,-0.34834,0.44321,-0.13815
20.6,PID,HECTOR_GRID_MATCHING,HECTOR_SCAN_MATCHING_GRID,landmarks,task2,TO_RACK_T1_RETURN,AVOIDING,DIRECT,T1,WS1,-1.75927,0.31603,1.38177,-1.794,0.181,1.397,0.13788,0.03234,-2.12,1.1,1.85824,0.37785,0.11699,90.90811,NORMAL,1,0,0,0,16,822,16,16,58,822,0.22236,0.9573,0,0,-1.46,-1.52,0,0,0.0,-1.31858,10.01312,"O1:-0.89,-1.25,s106;O2:-0.71,-1.25,s93;O3:-2.33,-0.53,s84;O4:-2.33,-0.17,s81;O5:-0.53,-1.25,s80;O6:-2.33,0.01,s73;O7:-2.33,0.19,s66;O8:-2.33,-0.35,s61;O9:-2.33,0.55,s52;O10:-0.53,-0.89,s34;O11:-0.89,-1.07,s31;O12:-0.89,-0.89,s28;O13:-2.33,0.37,s20;O14:-0.89,-0.71,s5;O15:-2.33,0.73,s2;O16:-2.33,-0.71,s2","O1:-0.89,-1.25,s106;O2:-0.71,-1.25,s93;O3:-2.33,-0.53,s84;O4:-2.33,-0.17,s81;O5:-0.53,-1.25,s80;O6:-2.33,0.01,s73;O7:-2.33,0.19,s66;O8:-2.33,-0.35,s61;O9:-2.33,0.55,s52;O10:-0.53,-0.89,s34;O11:-0.89,-1.07,s31;O12:-0.89,-0.89,s28;O13:-2.33,0.37,s20;O14:-0.89,-0.71,s5;O15:-2.33,0.73,s2;O16:-2.33,-0.71,s2",RUNNING,UNKNOWN_MAP_SLAM_AVOIDANCE,unknown_map;frontier_targets;static_unknown_obstacles;dynamic_wandering_robot;costmap;slam_path_planning;obstacle_avoidance,P2_Wanderer,dynamic_wandering_robot,58.43854,58.43854,-0.32853,0.44046,1,0,0,10,6,32,16,822,16,822,-0.32853,0.44046,-0.13815,-0.32853,0.44046,-0.13815
20.7,PID,HECTOR_GRID_MATCHING,HECTOR_SCAN_MATCHING_GRID,landmarks,task2,TO_RACK_T1_RETURN,AVOIDING,DIRECT,T1,WS1,-1.76421,0.31715,1.26589,-1.775,0.214,1.292,0.10334,0.03567,-2.12,1.1,1.86123,0.36491,0.10647,90.901,NORMAL,1,0,0,0,16,830,16,16,58,830,0.22174,0.9573,0,0,-1.46,-1.52,0,0,0.0,-1.31985,10.01344,"O1:-0.89,-1.25,s106;O2:-0.71,-1.25,s93;O3:-2.33,-0.53,s84;O4:-2.33,-0.17,s82;O5:-0.53,-1.25,s80;O6:-2.33,0.01,s75;O7:-2.33,0.19,s68;O8:-2.33,-0.35,s62;O9:-2.33,0.55,s52;O10:-0.53,-0.89,s34;O11:-0.89,-1.07,s31;O12:-0.89,-0.89,s28;O13:-2.33,0.37,s22;O14:-0.89,-0.71,s5;O15:-2.33,0.73,s2;O16:-2.33,-0.71,s2","O1:-0.89,-1.25,s106;O2:-0.71,-1.25,s93;O3:-2.33,-0.53,s84;O4:-2.33,-0.17,s82;O5:-0.53,-1.25,s80;O6:-2.33,0.01,s75;O7:-2.33,0.19,s68;O8:-2.33,-0.35,s62;O9:-2.33,0.55,s52;O10:-0.53,-0.89,s34;O11:-0.89,-1.07,s31;O12:-0.89,-0.89,s28;O13:-2.33,0.37,s22;O14:-0.89,-0.71,s5;O15:-2.33,0.73,s2;O16:-2.33,-0.71,s2",RUNNING,UNKNOWN_MAP_SLAM_AVOIDANCE,unknown_map;frontier_targets;static_unknown_obstacles;dynamic_wandering_robot;costmap;slam_path_planning;obstacle_avoidance,P2_Wanderer,dynamic_wandering_robot,58.50932,58.50932,-0.30872,0.43771,1,0,0,10,6,32,16,830,16,830,-0.30872,0.43771,-0.13815,-0.30872,0.43771,-0.13815
20.8,PID,HECTOR_GRID_MATCHING,HECTOR_SCAN_MATCHING_GRID,landmarks,task2,TO_RACK_T1_RETURN,AVOIDING,DIRECT,T1,WS1,-1.7692,0.3181,1.14883,-1.79,0.204,1.236,0.11592,0.03546,-2.12,1.1,1.86284,0.35305,0.0914,90.89388,NORMAL,1,0,0,0,16,840,16,16,58,840,0.22077,0.95889,0,0,-1.46,-1.52,0,0,0.0,-1.31999,10.01347,"O1:-0.89,-1.25,s106;O2:-0.71,-1.25,s93;O3:-2.33,-0.53,s85;O4:-2.33,-0.17,s84;O5:-0.53,-1.25,s80;O6:-2.33,0.01,s77;O7:-2.33,0.19,s70;O8:-2.33,-0.35,s62;O9:-2.33,0.55,s52;O10:-0.53,-0.89,s34;O11:-0.89,-1.07,s31;O12:-0.89,-0.89,s28;O13:-2.33,0.37,s24;O14:-0.89,-0.71,s5;O15:-2.33,0.73,s2;O16:-2.33,-0.71,s2","O1:-0.89,-1.25,s106;O2:-0.71,-1.25,s93;O3:-2.33,-0.53,s85;O4:-2.33,-0.17,s84;O5:-0.53,-1.25,s80;O6:-2.33,0.01,s77;O7:-2.33,0.19,s70;O8:-2.33,-0.35,s62;O9:-2.33,0.55,s52;O10:-0.53,-0.89,s34;O11:-0.89,-1.07,s31;O12:-0.89,-0.89,s28;O13:-2.33,0.37,s24;O14:-0.89,-0.71,s5;O15:-2.33,0.73,s2;O16:-2.33,-0.71,s2",RUNNING,UNKNOWN_MAP_SLAM_AVOIDANCE,unknown_map;frontier_targets;static_unknown_obstacles;dynamic_wandering_robot;costmap;slam_path_planning;obstacle_avoidance,P2_Wanderer,dynamic_wandering_robot,58.59736,58.59736,-0.28891,0.43495,1,0,0,10,6,32,16,840,16,840,-0.28891,0.43495,-0.13815,-0.28891,0.43495,-0.13815
20.9,PID,HECTOR_GRID_MATCHING,HECTOR_SCAN_MATCHING_GRID,landmarks,task2,TO_RACK_T1_RETURN,AVOIDING,DIRECT,T1,WS1,-1.77391,0.32007,1.03187,-1.802,0.282,1.114,0.04775,0.03336,-2.12,1.1,1.86499,0.33544,0.03792,90.88676,NORMAL,1,0,0,0,16,850,16,16,58,850,0.22028,0.96099,0,0,-1.46,-1.52,0,0,0.0,-1.32,10.01347,"O1:-0.89,-1.25,s106;O2:-0.71,-1.25,s93;O3:-2.33,-0.53,s86;O4:-2.33,-0.17,s85;O5:-0.53,-1.25,s80;O6:-2.33,0.01,s79;O7:-2.33,0.19,s73;O8:-2.33,-0.35,s63;O9:-2.33,0.55,s53;O10:-0.53,-0.89,s34;O11:-0.89,-1.07,s31;O12:-0.89,-0.89,s28;O13:-2.33,0.37,s25;O14:-0.89,-0.71,s5;O15:-2.33,0.73,s2;O16:-2.33,-0.71,s2","O1:-0.89,-1.25,s106;O2:-0.71,-1.25,s93;O3:-2.33,-0.53,s86;O4:-2.33,-0.17,s85;O5:-0.53,-1.25,s80;O6:-2.33,0.01,s79;O7:-2.33,0.19,s73;O8:-2.33,-0.35,s63;O9:-2.33,0.55,s53;O10:-0.53,-0.89,s34;O11:-0.89,-1.07,s31;O12:-0.89,-0.89,s28;O13:-2.33,0.37,s25;O14:-0.89,-0.71,s5;O15:-2.33,0.73,s2;O16:-2.33,-0.71,s2",RUNNING,UNKNOWN_MAP_SLAM_AVOIDANCE,unknown_map;frontier_targets;static_unknown_obstacles;dynamic_wandering_robot;costmap;slam_path_planning;obstacle_avoidance,P2_Wanderer,dynamic_wandering_robot,58.6849,58.6849,-0.2691,0.4322,1,0,0,10,6,32,16,850,16,850,-0.2691,0.4322,-0.13815,-0.2691,0.4322,-0.13815
21.0,PID,HECTOR_GRID_MATCHING,HECTOR_SCAN_MATCHING_GRID,landmarks,task2,TO_RACK_T1_RETURN,AVOIDING,DIRECT,T1,WS1,-1.77821,0.32299,0.9148,-1.797,0.166,0.991,0.15654,0.03206,-2.12,1.1,1.86824,0.3221,0.04155,90.87964,NORMAL,1,0,0,0,16,861,16,16,58,861,0.21842,0.96326,0,0,-1.46,-1.52,0,0,0.0,-1.32,10.01347,"O1:-0.89,-1.25,s106;O2:-0.71,-1.25,s93;O3:-2.33,-0.17,s87;O4:-2.33,-0.53,s86;O5:-2.33,0.01,s81;O6:-0.53,-1.25,s80;O7:-2.33,0.19,s75;O8:-2.33,-0.35,s63;O9:-2.33,0.55,s55;O10:-0.53,-0.89,s34;O11:-0.89,-1.07,s31;O12:-0.89,-0.89,s28;O13:-2.33,0.37,s27;O14:-0.89,-0.71,s5;O15:-2.33,0.73,s2;O16:-2.33,-0.71,s2","O1:-0.89,-1.25,s106;O2:-0.71,-1.25,s93;O3:-2.33,-0.17,s87;O4:-2.33,-0.53,s86;O5:-2.33,0.01,s81;O6:-0.53,-1.25,s80;O7:-2.33,0.19,s75;O8:-2.33,-0.35,s63;O9:-2.33,0.55,s55;O10:-0.53,-0.89,s34;O11:-0.89,-1.07,s31;O12:-0.89,-0.89,s28;O13:-2.33,0.37,s27;O14:-0.89,-0.71,s5;O15:-2.33,0.73,s2;O16:-2.33,-0.71,s2",RUNNING,UNKNOWN_MAP_SLAM_AVOIDANCE,unknown_map;frontier_targets;static_unknown_obstacles;dynamic_wandering_robot;costmap;slam_path_planning;obstacle_avoidance,P2_Wanderer,dynamic_wandering_robot,58.78065,58.78065,-0.24929,0.42944,1,0,0,10,6,32,16,861,16,861,-0.24929,0.42944,-0.13815,-0.24929,0.42944,-0.13815
21.1,PID,HECTOR_GRID_MATCHING,HECTOR_SCAN_MATCHING_GRID,landmarks,task2,TO_RACK_T1_RETURN,AVOIDING,DIRECT,T1,WS1,-1.78216,0.32641,0.79762,-1.798,0.159,0.87,0.16623,0.03124,-2.12,1.1,1.87211,0.31173,0.0445,90.87252,NORMAL,1,0,0,0,16,872,16,16,58,872,0.21796,0.87792,0,0,-1.46,-1.52,0,0,0.0,-1.32,10.01347,"O1:-0.89,-1.25,s106;O2:-0.71,-1.25,s93;O3:-2.33,-0.17,s89;O4:-2.33,-0.53,s87;O5:-2.33,0.01,s85;O6:-0.53,-1.25,s80;O7:-2.33,0.19,s77;O8:-2.33,-0.35,s63;O9:-2.33,0.55,s57;O10:-0.53,-0.89,s34;O11:-0.89,-1.07,s31;O12:-0.89,-0.89,s28;O13:-2.33,0.37,s27;O14:-0.89,-0.71,s5;O15:-2.33,-0.71,s3;O16:-2.33,0.73,s2","O1:-0.89,-1.25,s106;O2:-0.71,-1.25,s93;O3:-2.33,-0.17,s89;O4:-2.33,-0.53,s87;O5:-2.33,0.01,s85;O6:-0.53,-1.25,s80;O7:-2.33,0.19,s77;O8:-2.33,-0.35,s63;O9:-2.33,0.55,s57;O10:-0.53,-0.89,s34;O11:-0.89,-1.07,s31;O12:-0.89,-0.89,s28;O13:-2.33,0.37,s27;O14:-0.89,-0.71,s5;O15:-2.33,-0.71,s3;O16:-2.33,0.73,s2",RUNNING,UNKNOWN_MAP_SLAM_AVOIDANCE,unknown_map;frontier_targets;static_unknown_obstacles;dynamic_wandering_robot;costmap;slam_path_planning;obstacle_avoidance,P2_Wanderer,dynamic_wandering_robot,58.87581,58.87581,-0.22948,0.42669,1,0,0,10,6,32,16,872,16,872,-0.22948,0.42669,-0.13815,-0.22948,0.42669,-0.13815
21.2,PID,HECTOR_GRID_MATCHING,HECTOR_SCAN_MATCHING_GRID,landmarks,task2,TO_RACK_T1_RETURN,AVOIDING,DIRECT,T1,WS1,-1.7857,0.33026,0.6805,-1.818,0.144,0.764,0.18698,0.03073,-2.12,1.1,1.87637,0.30445,0.04663,90.8654,NORMAL,1,0,0,0,16,882,16,16,58,882,0.21796,0.96184,0,0,-1.46,-1.52,0,0,0.0,-1.32,10.01347,"O1:-0.89,-1.25,s106;O2:-0.71,-1.25,s93;O3:-2.33,-0.17,s91;O4:-2.33,-0.53,s88;O5:-2.33,0.01,s88;O6:-0.53,-1.25,s80;O7:-2.33,0.19,s78;O8:-2.33,-0.35,s64;O9:-2.33,0.55,s57;O10:-0.53,-0.89,s34;O11:-0.89,-1.07,s31;O12:-2.33,0.37,s29;O13:-0.89,-0.89,s28;O14:-0.89,-0.71,s5;O15:-2.33,-0.71,s3;O16:-2.33,0.73,s2","O1:-0.89,-1.25,s106;O2:-0.71,-1.25,s93;O3:-2.33,-0.17,s91;O4:-2.33,-0.53,s88;O5:-2.33,0.01,s88;O6:-0.53,-1.25,s80;O7:-2.33,0.19,s78;O8:-2.33,-0.35,s64;O9:-2.33,0.55,s57;O10:-0.53,-0.89,s34;O11:-0.89,-1.07,s31;O12:-2.33,0.37,s29;O13:-0.89,-0.89,s28;O14:-0.89,-0.71,s5;O15:-2.33,-0.71,s3;O16:-2.33,0.73,s2",RUNNING,UNKNOWN_MAP_SLAM_AVOIDANCE,unknown_map;frontier_targets;static_unknown_obstacles;dynamic_wandering_robot;costmap;slam_path_planning;obstacle_avoidance,P2_Wanderer,dynamic_wandering_robot,58.96181,58.96181,-0.20967,0.42393,1,0,0,10,6,32,16,882,16,882,-0.20967,0.42393,-0.13815,-0.20967,0.42393,-0.13815
21.3,PID,HECTOR_GRID_MATCHING,HECTOR_SCAN_MATCHING_GRID,landmarks,task2,TO_RACK_T1_RETURN,AVOIDING,DIRECT,T1,WS1,-1.78873,0.3345,0.56338,-1.813,0.126,0.643,0.20792,0.03041,-2.12,1.1,1.88096,0.29622,0.04909,90.85828,NORMAL,1,0,0,0,16,894,16,16,58,894,0.21677,0.90494,0,0,-1.46,-1.52,0,0,0.0,-1.32,10.01347,"O1:-0.89,-1.25,s106;O2:-0.71,-1.25,s93;O3:-2.33,-0.17,s93;O4:-2.33,0.01,s90;O5:-2.33,-0.53,s88;O6:-2.33,0.19,s81;O7:-0.53,-1.25,s80;O8:-2.33,-0.35,s65;O9:-2.33,0.55,s58;O10:-0.53,-0.89,s34;O11:-0.89,-1.07,s31;O12:-2.33,0.37,s30;O13:-0.89,-0.89,s28;O14:-0.89,-0.71,s5;O15:-2.33,-0.71,s4;O16:-2.33,0.73,s2","O1:-0.89,-1.25,s106;O2:-0.71,-1.25,s93;O3:-2.33,-0.17,s93;O4:-2.33,0.01,s90;O5:-2.33,-0.53,s88;O6:-2.33,0.19,s81;O7:-0.53,-1.25,s80;O8:-2.33,-0.35,s65;O9:-2.33,0.55,s58;O10:-0.53,-0.89,s34;O11:-0.89,-1.07,s31;O12:-2.33,0.37,s30;O13:-0.89,-0.89,s28;O14:-0.89,-0.71,s5;O15:-2.33,-0.71,s4;O16:-2.33,0.73,s2",RUNNING,UNKNOWN_MAP_SLAM_AVOIDANCE,unknown_map;frontier_targets;static_unknown_obstacles;dynamic_wandering_robot;costmap;slam_path_planning;obstacle_avoidance,P2_Wanderer,dynamic_wandering_robot,59.06439,59.06439,-0.18986,0.42118,1,0,0,10,6,32,16,894,16,894,-0.18986,0.42118,-0.13815,-0.18986,0.42118,-0.13815
21.4,PID,HECTOR_GRID_MATCHING,HECTOR_SCAN_MATCHING_GRID,landmarks,task2,TO_RACK_T1_RETURN,AVOIDING,DIRECT,T1,WS1,-1.7913,0.33906,0.44623,-1.795,0.057,0.518,0.27949,0.03021,-2.12,1.1,1.8858,0.289,0.0513,90.85116,NORMAL,1,0,0,0,16,904,16,16,58,904,0.21625,0.95932,0,0,-1.46,-1.52,0,0,0.0,-1.32,10.01347,"O1:-0.89,-1.25,s106;O2:-2.33,-0.17,s95;O3:-2.33,0.01,s94;O4:-0.71,-1.25,s93;O5:-2.33,-0.53,s89;O6:-2.33,0.19,s82;O7:-0.53,-1.25,s80;O8:-2.33,-0.35,s66;O9:-2.33,0.55,s59;O10:-0.53,-0.89,s34;O11:-0.89,-1.07,s31;O12:-2.33,0.37,s30;O13:-0.89,-0.89,s28;O14:-2.33,-0.71,s5;O15:-0.89,-0.71,s5;O16:-2.33,0.73,s2","O1:-0.89,-1.25,s106;O2:-2.33,-0.17,s95;O3:-2.33,0.01,s94;O4:-0.71,-1.25,s93;O5:-2.33,-0.53,s89;O6:-2.33,0.19,s82;O7:-0.53,-1.25,s80;O8:-2.33,-0.35,s66;O9:-2.33,0.55,s59;O10:-0.53,-0.89,s34;O11:-0.89,-1.07,s31;O12:-2.33,0.37,s30;O13:-0.89,-0.89,s28;O14:-2.33,-0.71,s5;O15:-0.89,-0.71,s5;O16:-2.33,0.73,s2",RUNNING,UNKNOWN_MAP_SLAM_AVOIDANCE,unknown_map;frontier_targets;static_unknown_obstacles;dynamic_wandering_robot;costmap;slam_path_planning;obstacle_avoidance,P2_Wanderer,dynamic_wandering_robot,59.14936,59.14936,-0.17005,0.41843,1,0,0,10,6,32,16,904,16,904,-0.17005,0.41843,-0.13815,-0.17005,0.41843,-0.13815
21.5,PID,HECTOR_GRID_MATCHING,HECTOR_SCAN_MATCHING_GRID,landmarks,task2,TO_RACK_T1_RETURN,AVOIDING,DIRECT,T1,WS1,-1.79331,0.34391,0.32905,-1.824,0.255,0.462,0.09161,0.03008,-2.12,1.1,1.89086,0.28517,0.0525,90.84404,NORMAL,1,0,0,0,16,914,16,16,58,914,0.21576,0.9511,0,0,-1.46,-1.52,0,0,0.0,-1.32,10.01347,"O1:-0.89,-1.25,s106;O2:-2.33,0.01,s98;O3:-2.33,-0.17,s97;O4:-0.71,-1.25,s93;O5:-2.33,-0.53,s89;O6:-2.33,0.19,s84;O7:-0.53,-1.25,s80;O8:-2.33,-0.35,s67;O9:-2.33,0.55,s59;O10:-0.53,-0.89,s34;O11:-0.89,-1.07,s31;O12:-2.33,0.37,s30;O13:-0.89,-0.89,s28;O14:-2.33,-0.71,s6;O15:-0.89,-0.71,s5;O16:-2.33,0.73,s2","O1:-0.89,-1.25,s106;O2:-2.33,0.01,s98;O3:-2.33,-0.17,s97;O4:-0.71,-1.25,s93;O5:-2.33,-0.53,s89;O6:-2.33,0.19,s84;O7:-0.53,-1.25,s80;O8:-2.33,-0.35,s67;O9:-2.33,0.55,s59;O10:-0.53,-0.89,s34;O11:-0.89,-1.07,s31;O12:-2.33,0.37,s30;O13:-0.89,-0.89,s28;O14:-2.33,-0.71,s6;O15:-0.89,-0.71,s5;O16:-2.33,0.73,s2",RUNNING,UNKNOWN_MAP_SLAM_AVOIDANCE,unknown_map;frontier_targets;static_unknown_obstacles;dynamic_wandering_robot;costmap;slam_path_planning;obstacle_avoidance,P2_Wanderer,dynamic_wandering_robot,59.23385,59.23385,-0.15024,0.41567,1,0,0,10,6,32,16,914,16,914,-0.15024,0.41567,-0.13815,-0.15024,0.41567,-0.13815
21.6,PID,HECTOR_GRID_MATCHING,HECTOR_SCAN_MATCHING_GRID,landmarks,task2,TO_RACK_T1_RETURN,AVOIDING,DIRECT,T1,WS1,-1.79471,0.34895,0.21188,-1.835,0.28,0.336,0.07864,0.03,-2.12,1.1,1.89607,0.28054,0.05396,90.83692,NORMAL,1,0,0,0,16,926,16,16,58,926,0.21576,0.97009,0,0,-1.46,-1.52,0,0,0.0,-1.32,10.01347,"O1:-0.89,-1.25,s106;O2:-2.33,0.01,s100;O3:-2.33,-0.17,s99;O4:-0.71,-1.25,s93;O5:-2.33,-0.53,s90;O6:-2.33,0.19,s88;O7:-0.53,-1.25,s80;O8:-2.33,-0.35,s67;O9:-2.33,0.55,s59;O10:-0.53,-0.89,s34;O11:-2.33,0.37,s32;O12:-0.89,-1.07,s31;O13:-0.89,-0.89,s28;O14:-2.33,-0.71,s6;O15:-0.89,-0.71,s5;O16:-2.33,0.73,s2","O1:-0.89,-1.25,s106;O2:-2.33,0.01,s100;O3:-2.33,-0.17,s99;O4:-0.71,-1.25,s93;O5:-2.33,-0.53,s90;O6:-2.33,0.19,s88;O7:-0.53,-1.25,s80;O8:-2.33,-0.35,s67;O9:-2.33,0.55,s59;O10:-0.53,-0.89,s34;O11:-2.33,0.37,s32;O12:-0.89,-1.07,s31;O13:-0.89,-0.89,s28;O14:-2.33,-0.71,s6;O15:-0.89,-0.71,s5;O16:-2.33,0.73,s2",RUNNING,UNKNOWN_MAP_SLAM_AVOIDANCE,unknown_map;frontier_targets;static_unknown_obstacles;dynamic_wandering_robot;costmap;slam_path_planning;obstacle_avoidance,P2_Wanderer,dynamic_wandering_robot,59.33462,59.33462,-0.13043,0.41292,1,0,0,10,6,32,16,926,16,926,-0.13043,0.41292,-0.13815,-0.13043,0.41292,-0.13815
21.7,PID,HECTOR_GRID_MATCHING,HECTOR_SCAN_MATCHING_GRID,landmarks,task2,TO_RACK_T1_RETURN,AVOIDING,DIRECT,T1,WS1,-1.79493,0.35418,0.09482,-1.824,0.27,0.168,0.08652,0.02995,-2.12,1.1,1.9013,0.2773,0.05499,90.8298,NORMAL,1,0,0,0,16,938,16,16,58,938,0.21525,0.96508,0,0,-1.46,-1.52,0,0,0.01535,-1.32,10.02882,"O1:-0.89,-1.25,s106;O2:-2.33,0.01,s101;O3:-2.33,-0.17,s100;O4:-0.71,-1.25,s93;O5:-2.33,0.19,s92;O6:-2.33,-0.53,s91;O7:-0.53,-1.25,s80;O8:-2.33,-0.35,s68;O9:-2.33,0.55,s60;O10:-2.33,0.37,s35;O11:-0.53,-0.89,s34;O12:-0.89,-1.07,s31;O13:-0.89,-0.89,s28;O14:-2.33,-0.71,s6;O15:-0.89,-0.71,s5;O16:-2.33,0.73,s2","O1:-0.89,-1.25,s106;O2:-2.33,0.01,s101;O3:-2.33,-0.17,s100;O4:-0.71,-1.25,s93;O5:-2.33,0.19,s92;O6:-2.33,-0.53,s91;O7:-0.53,-1.25,s80;O8:-2.33,-0.35,s68;O9:-2.33,0.55,s60;O10:-2.33,0.37,s35;O11:-0.53,-0.89,s34;O12:-0.89,-1.07,s31;O13:-0.89,-0.89,s28;O14:-2.33,-0.71,s6;O15:-0.89,-0.71,s5;O16:-2.33,0.73,s2",RUNNING,UNKNOWN_MAP_SLAM_AVOIDANCE,unknown_map;frontier_targets;static_unknown_obstacles;dynamic_wandering_robot;costmap;slam_path_planning;obstacle_avoidance,P2_Wanderer,dynamic_wandering_robot,59.43472,59.43472,-0.11062,0.41016,1,0,0,10,6,32,16,938,16,938,-0.11062,0.41016,-0.13815,-0.11062,0.41016,-0.13815
21.8,PID,HECTOR_GRID_MATCHING,HECTOR_SCAN_MATCHING_GRID,landmarks,task2,TO_RACK_T1_RETURN,AVOIDING,DIRECT,T1,WS1,-1.79179,0.35951,-0.02253,-1.837,0.164,0.035,0.19797,0.02982,-2.12,1.1,1.90632,0.27965,0.05424,90.81968,NORMAL,1,0,0,0,16,950,16,16,58,950,0.21525,0.94551,0,0,-1.46,-1.52,0,0,0.03825,-1.32,10.05172,"O1:-0.89,-1.25,s106;O2:-2.33,0.01,s103;O3:-2.33,-0.17,s102;O4:-2.33,0.19,s96;O5:-0.71,-1.25,s93;O6:-2.33,-0.53,s91;O7:-0.53,-1.25,s80;O8:-2.33,-0.35,s68;O9:-2.33,0.55,s62;O10:-2.33,0.37,s37;O11:-0.53,-0.89,s34;O12:-0.89,-1.07,s31;O13:-0.89,-0.89,s28;O14:-2.33,-0.71,s6;O15:-0.89,-0.71,s5;O16:-2.33,0.73,s2","O1:-0.89,-1.25,s106;O2:-2.33,0.01,s103;O3:-2.33,-0.17,s102;O4:-2.33,0.19,s96;O5:-0.71,-1.25,s93;O6:-2.33,-0.53,s91;O7:-0.53,-1.25,s80;O8:-2.33,-0.35,s68;O9:-2.33,0.55,s62;O10:-2.33,0.37,s37;O11:-0.53,-0.89,s34;O12:-0.89,-1.07,s31;O13:-0.89,-0.89,s28;O14:-2.33,-0.71,s6;O15:-0.89,-0.71,s5;O16:-2.33,0.73,s2",RUNNING,UNKNOWN_MAP_SLAM_AVOIDANCE,unknown_map;frontier_targets;static_unknown_obstacles;dynamic_wandering_robot;costmap;slam_path_planning;obstacle_avoidance,P2_Wanderer,dynamic_wandering_robot,59.53416,59.53416,-0.09081,0.40741,1,0,0,10,6,32,16,950,16,950,-0.09081,0.40741,-0.13815,-0.09081,0.40741,-0.13815
21.9,PID,HECTOR_GRID_MATCHING,HECTOR_SCAN_MATCHING_GRID,landmarks,task2,TO_RACK_T1_RETURN,AVOIDING,DIRECT,T1,WS1,-1.78731,0.36445,-0.14004,-1.831,0.158,-0.06,0.20832,0.02964,-2.12,1.1,1.91074,0.28299,0.05318,90.80766,NORMAL,1,0,0,0,16,960,16,16,58,960,0.21525,0.95308,0,0,-1.46,-1.52,0,0,0.04061,-1.32,10.05408,"O1:-0.89,-1.25,s106;O2:-2.33,0.01,s106;O3:-2.33,-0.17,s104;O4:-2.33,0.19,s99;O5:-0.71,-1.25,s93;O6:-2.33,-0.53,s91;O7:-0.53,-1.25,s80;O8:-2.33,-0.35,s68;O9:-2.33,0.55,s63;O10:-2.33,0.37,s39;O11:-0.53,-0.89,s34;O12:-0.89,-1.07,s31;O13:-0.89,-0.89,s28;O14:-2.33,-0.71,s6;O15:-0.89,-0.71,s5;O16:-2.33,0.73,s2","O1:-0.89,-1.25,s106;O2:-2.33,0.01,s106;O3:-2.33,-0.17,s104;O4:-2.33,0.19,s99;O5:-0.71,-1.25,s93;O6:-2.33,-0.53,s91;O7:-0.53,-1.25,s80;O8:-2.33,-0.35,s68;O9:-2.33,0.55,s63;O10:-2.33,0.37,s39;O11:-0.53,-0.89,s34;O12:-0.89,-1.07,s31;O13:-0.89,-0.89,s28;O14:-2.33,-0.71,s6;O15:-0.89,-0.71,s5;O16:-2.33,0.73,s2",RUNNING,UNKNOWN_MAP_SLAM_AVOIDANCE,unknown_map;frontier_targets;static_unknown_obstacles;dynamic_wandering_robot;costmap;slam_path_planning;obstacle_avoidance,P2_Wanderer,dynamic_wandering_robot,59.61652,59.61652,-0.071,0.40465,1,0,0,10,6,32,16,960,16,960,-0.071,0.40465,-0.13815,-0.071,0.40465,-0.13815
22.0,PID,HECTOR_GRID_MATCHING,HECTOR_SCAN_MATCHING_GRID,landmarks,task2,TO_RACK_T1_RETURN,AVOIDING,DIRECT,T1,WS1,-1.78083,0.36843,-0.25762,-1.815,0.172,-0.204,0.19743,0.02949,-2.12,1.1,1.91453,0.28814,0.05157,90.79545,NORMAL,1,0,0,0,16,970,16,16,58,970,0.21548,0.94637,0,0,-1.46,-1.52,0,0,0.1899,-1.32,10.20337,"O1:-2.33,0.01,s109;O2:-0.89,-1.25,s106;O3:-2.33,-0.17,s105;O4:-2.33,0.19,s103;O5:-0.71,-1.25,s93;O6:-2.33,-0.53,s91;O7:-0.53,-1.25,s80;O8:-2.33,-0.35,s68;O9:-2.33,0.55,s64;O10:-2.33,0.37,s40;O11:-0.53,-0.89,s34;O12:-0.89,-1.07,s31;O13:-0.89,-0.89,s28;O14:-2.33,-0.71,s6;O15:-0.89,-0.71,s5;O16:-2.33,0.73,s2","O1:-2.33,0.01,s109;O2:-0.89,-1.25,s106;O3:-2.33,-0.17,s105;O4:-2.33,0.19,s103;O5:-0.71,-1.25,s93;O6:-2.33,-0.53,s91;O7:-0.53,-1.25,s80;O8:-2.33,-0.35,s68;O9:-2.33,0.55,s64;O10:-2.33,0.37,s40;O11:-0.53,-0.89,s34;O12:-0.89,-1.07,s31;O13:-0.89,-0.89,s28;O14:-2.33,-0.71,s6;O15:-0.89,-0.71,s5;O16:-2.33,0.73,s2",RUNNING,UNKNOWN_MAP_SLAM_AVOIDANCE,unknown_map;frontier_targets;static_unknown_obstacles;dynamic_wandering_robot;costmap;slam_path_planning;obstacle_avoidance,P2_Wanderer,dynamic_wandering_robot,59.69842,59.69842,-0.05119,0.4019,1,0,0,10,6,32,16,970,16,970,-0.05119,0.4019,-0.13815,-0.05119,0.4019,-0.13815
22.1,PID,HECTOR_GRID_MATCHING,HECTOR_SCAN_MATCHING_GRID,landmarks,task2,TO_RACK_T1_RETURN,AVOIDING,DIRECT,T1,WS1,-1.76509,0.36904,-0.37841,-1.809,0.042,-0.314,0.32894,0.02876,-2.12,1.1,1.91532,0.30208,0.04733,90.75993,NORMAL,1,0,0,0,16,980,16,16,58,980,0.21571,0.94724,0,0,-1.46,-1.52,0,0,0.27948,-1.32,10.29295,"O1:-2.33,0.01,s111;O2:-2.33,0.19,s107;O3:-0.89,-1.25,s106;O4:-2.33,-0.17,s105;O5:-0.71,-1.25,s93;O6:-2.33,-0.53,s91;O7:-0.53,-1.25,s80;O8:-2.33,-0.35,s68;O9:-2.33,0.55,s66;O10:-2.33,0.37,s42;O11:-0.53,-0.89,s34;O12:-0.89,-1.07,s31;O13:-0.89,-0.89,s28;O14:-2.33,-0.71,s6;O15:-0.89,-0.71,s5;O16:-2.33,0.73,s2","O1:-2.33,0.01,s111;O2:-2.33,0.19,s107;O3:-0.89,-1.25,s106;O4:-2.33,-0.17,s105;O5:-0.71,-1.25,s93;O6:-2.33,-0.53,s91;O7:-0.53,-1.25,s80;O8:-2.33,-0.35,s68;O9:-2.33,0.55,s66;O10:-2.33,0.37,s42;O11:-0.53,-0.89,s34;O12:-0.89,-1.07,s31;O13:-0.89,-0.89,s28;O14:-2.33,-0.71,s6;O15:-0.89,-0.71,s5;O16:-2.33,0.73,s2",RUNNING,UNKNOWN_MAP_SLAM_AVOIDANCE,unknown_map;frontier_targets;static_unknown_obstacles;dynamic_wandering_robot;costmap;slam_path_planning;obstacle_avoidance,P2_Wanderer,dynamic_wandering_robot,59.77987,59.77987,-0.03139,0.39915,1,0,0,10,6,32,16,980,16,980,-0.03139,0.39915,-0.13815,-0.03139,0.39915,-0.13815
22.2,PID,HECTOR_GRID_MATCHING,HECTOR_SCAN_MATCHING_GRID,landmarks,task2,TO_RACK_T1_RETURN,AVOIDING,DIRECT,T1,WS1,-1.73845,0.36278,-0.50455,-1.772,0.21,-0.416,0.15854,0.02736,-2.12,1.1,1.90995,0.32457,0.04087,90.7137,NORMAL,1,0,0,0,16,990,16,16,58,990,0.21548,0.96019,0,0,-1.46,-1.52,0,0,0.36922,-1.32,10.3827,"O1:-2.33,0.01,s114;O2:-2.33,0.19,s110;O3:-2.33,-0.17,s106;O4:-0.89,-1.25,s106;O5:-0.71,-1.25,s93;O6:-2.33,-0.53,s92;O7:-0.53,-1.25,s80;O8:-2.33,-0.35,s68;O9:-2.33,0.55,s66;O10:-2.33,0.37,s43;O11:-0.53,-0.89,s34;O12:-0.89,-1.07,s31;O13:-0.89,-0.89,s28;O14:-2.33,-0.71,s7;O15:-0.89,-0.71,s5;O16:-2.33,0.73,s2","O1:-2.33,0.01,s114;O2:-2.33,0.19,s110;O3:-2.33,-0.17,s106;O4:-0.89,-1.25,s106;O5:-0.71,-1.25,s93;O6:-2.33,-0.53,s92;O7:-0.53,-1.25,s80;O8:-2.33,-0.35,s68;O9:-2.33,0.55,s66;O10:-2.33,0.37,s43;O11:-0.53,-0.89,s34;O12:-0.89,-1.07,s31;O13:-0.89,-0.89,s28;O14:-2.33,-0.71,s7;O15:-0.89,-0.71,s5;O16:-2.33,0.73,s2",RUNNING,UNKNOWN_MAP_SLAM_AVOIDANCE,unknown_map;frontier_targets;static_unknown_obstacles;dynamic_wandering_robot;costmap;slam_path_planning;obstacle_avoidance,P2_Wanderer,dynamic_wandering_robot,59.86086,59.86086,-0.01158,0.39639,1,0,0,10,6,32,16,990,16,990,-0.01158,0.39639,-0.13815,-0.01158,0.39639,-0.13815
22.3,PID,HECTOR_GRID_MATCHING,HECTOR_SCAN_MATCHING_GRID,landmarks,task2,TO_RACK_T1_RETURN,AVOIDING,DIRECT,T1,WS1,-1.7029,0.34623,-0.62227,-1.753,0.201,-0.554,0.1579,0.0254,-2.12,1.1,1.89378,0.35971,0.03173,90.65855,NORMAL,1,0,0,0,16,1000,16,16,58,1000,0.21525,0.94411,0,0,-1.46,-1.52,0,0,0.44056,-1.25581,10.53828,"O1:-2.33,0.01,s116;O2:-2.33,0.19,s114;O3:-0.89,-1.25,s106;O4:-2.33,-0.17,s106;O5:-2.33,-0.53,s94;O6:-0.71,-1.25,s93;O7:-0.53,-1.25,s80;O8:-2.33,-0.35,s68;O9:-2.33,0.55,s68;O10:-2.33,0.37,s43;O11:-0.53,-0.89,s34;O12:-0.89,-1.07,s31;O13:-0.89,-0.89,s28;O14:-2.33,-0.71,s7;O15:-0.89,-0.71,s5;O16:-2.33,0.73,s2","O1:-2.33,0.01,s116;O2:-2.33,0.19,s114;O3:-0.89,-1.25,s106;O4:-2.33,-0.17,s106;O5:-2.33,-0.53,s94;O6:-0.71,-1.25,s93;O7:-0.53,-1.25,s80;O8:-2.33,-0.35,s68;O9:-2.33,0.55,s68;O10:-2.33,0.37,s43;O11:-0.53,-0.89,s34;O12:-0.89,-1.07,s31;O13:-0.89,-0.89,s28;O14:-2.33,-0.71,s7;O15:-0.89,-0.71,s5;O16:-2.33,0.73,s2",RUNNING,UNKNOWN_MAP_SLAM_AVOIDANCE,unknown_map;frontier_targets;static_unknown_obstacles;dynamic_wandering_robot;costmap;slam_path_planning;obstacle_avoidance,P2_Wanderer,dynamic_wandering_robot,59.94141,59.94141,0.00823,0.39364,1,0,0,10,6,32,16,1000,16,1000,0.00823,0.39364,-0.13815,0.00823,0.39364,-0.13815
22.4,PID,HECTOR_GRID_MATCHING,HECTOR_SCAN_MATCHING_GRID,landmarks,task2,TO_RACK_T1_RETURN,AVOIDING,DIRECT,T1,WS1,-1.66611,0.32301,-0.73995,-1.733,0.153,-0.658,0.18847,0.02373,-2.12,1.1,1.86893,0.40245,0.02216,90.59678,NORMAL,1,0,0,0,16,1010,16,16,58,1010,0.21525,0.94662,0,0,-1.46,-1.52,0,0,0.46415,-1.23808,10.58695,"O1:-2.33,0.19,s118;O2:-2.33,0.01,s116;O3:-2.33,-0.17,s107;O4:-0.89,-1.25,s106;O5:-2.33,-0.53,s95;O6:-0.71,-1.25,s93;O7:-0.53,-1.25,s80;O8:-2.33,-0.35,s69;O9:-2.33,0.55,s69;O10:-2.33,0.37,s45;O11:-0.53,-0.89,s34;O12:-0.89,-1.07,s31;O13:-0.89,-0.89,s28;O14:-2.33,-0.71,s7;O15:-0.89,-0.71,s5;O16:-2.33,0.73,s2","O1:-2.33,0.19,s118;O2:-2.33,0.01,s116;O3:-2.33,-0.17,s107;O4:-0.89,-1.25,s106;O5:-2.33,-0.53,s95;O6:-0.71,-1.25,s93;O7:-0.53,-1.25,s80;O8:-2.33,-0.35,s69;O9:-2.33,0.55,s69;O10:-2.33,0.37,s45;O11:-0.53,-0.89,s34;O12:-0.89,-1.07,s31;O13:-0.89,-0.89,s28;O14:-2.33,-0.71,s7;O15:-0.89,-0.71,s5;O16:-2.33,0.73,s2",RUNNING,UNKNOWN_MAP_SLAM_AVOIDANCE,unknown_map;frontier_targets;static_unknown_obstacles;dynamic_wandering_robot;costmap;slam_path_planning;obstacle_avoidance,P2_Wanderer,dynamic_wandering_robot,60.02152,60.02152,0.02804,0.39088,1,0,0,10,6,32,16,1010,16,1010,0.02804,0.39088,-0.13815,0.02804,0.39088,-0.13815
22.5,PID,HECTOR_GRID_MATCHING,HECTOR_SCAN_MATCHING_GRID,landmarks,task2,TO_RACK_T1_RETURN,AVOIDING,DIRECT,T1,WS1,-1.63152,0.29495,-0.86051,-1.693,0.119,-0.79,0.19596,0.02243,-2.12,1.1,1.83964,0.44135,0.01495,90.53223,NORMAL,1,0,0,0,16,1020,16,16,58,1020,0.21525,0.95894,0,0,-1.46,-1.52,0,0,0.49445,-1.05952,10.67105,"O1:-2.33,0.19,s121;O2:-2.33,0.01,s117;O3:-2.33,-0.17,s109;O4:-0.89,-1.25,s106;O5:-2.33,-0.53,s97;O6:-0.71,-1.25,s93;O7:-0.53,-1.25,s80;O8:-2.33,-0.35,s69;O9:-2.33,0.55,s69;O10:-2.33,0.37,s47;O11:-0.53,-0.89,s34;O12:-0.89,-1.07,s31;O13:-0.89,-0.89,s28;O14:-2.33,-0.71,s7;O15:-0.89,-0.71,s5;O16:-2.33,0.73,s2","O1:-2.33,0.19,s121;O2:-2.33,0.01,s117;O3:-2.33,-0.17,s109;O4:-0.89,-1.25,s106;O5:-2.33,-0.53,s97;O6:-0.71,-1.25,s93;O7:-0.53,-1.25,s80;O8:-2.33,-0.35,s69;O9:-2.33,0.55,s69;O10:-2.33,0.37,s47;O11:-0.53,-0.89,s34;O12:-0.89,-1.07,s31;O13:-0.89,-0.89,s28;O14:-2.33,-0.71,s7;O15:-0.89,-0.71,s5;O16:-2.33,0.73,s2",RUNNING,UNKNOWN_MAP_SLAM_AVOIDANCE,unknown_map;frontier_targets;static_unknown_obstacles;dynamic_wandering_robot;costmap;slam_path_planning;obstacle_avoidance,P2_Wanderer,dynamic_wandering_robot,60.10118,60.10118,0.04785,0.38813,1,0,0,10,6,32,16,1020,16,1020,0.04785,0.38813,-0.13815,0.04785,0.38813,-0.13815
22.6,PID,HECTOR_GRID_MATCHING,HECTOR_SCAN_MATCHING_GRID,landmarks,task2,TO_RACK_T1_RETURN,AVOIDING,DIRECT,T1,WS1,-1.59819,0.2592,-0.97193,-1.656,0.136,-0.892,0.14771,0.02123,-2.12,1.1,1.80486,0.48031,0.00914,90.46259,NORMAL,1,0,0,0,16,1030,16,16,58,1030,0.21525,0.96224,0,0,-1.46,-1.52,0,0,0.53635,-0.97267,10.73466,"O1:-2.33,0.19,s125;O2:-2.33,0.01,s117;O3:-2.33,-0.17,s111;O4:-0.89,-1.25,s106;O5:-2.33,-0.53,s97;O6:-0.71,-1.25,s93;O7:-0.53,-1.25,s80;O8:-2.33,-0.35,s71;O9:-2.33,0.55,s70;O10:-2.33,0.37,s48;O11:-0.53,-0.89,s34;O12:-0.89,-1.07,s31;O13:-0.89,-0.89,s28;O14:-2.33,-0.71,s7;O15:-0.89,-0.71,s5;O16:-2.33,0.73,s2","O1:-2.33,0.19,s125;O2:-2.33,0.01,s117;O3:-2.33,-0.17,s111;O4:-0.89,-1.25,s106;O5:-2.33,-0.53,s97;O6:-0.71,-1.25,s93;O7:-0.53,-1.25,s80;O8:-2.33,-0.35,s71;O9:-2.33,0.55,s70;O10:-2.33,0.37,s48;O11:-0.53,-0.89,s34;O12:-0.89,-1.07,s31;O13:-0.89,-0.89,s28;O14:-2.33,-0.71,s7;O15:-0.89,-0.71,s5;O16:-2.33,0.73,s2",RUNNING,UNKNOWN_MAP_SLAM_AVOIDANCE,unknown_map;frontier_targets;static_unknown_obstacles;dynamic_wandering_robot;costmap;slam_path_planning;obstacle_avoidance,P2_Wanderer,dynamic_wandering_robot,60.18039,60.18039,0.06766,0.38538,1,0,0,10,6,32,16,1030,16,1030,0.06766,0.38538,-0.13815,0.06766,0.38538,-0.13815
22.7,PID,HECTOR_GRID_MATCHING,HECTOR_SCAN_MATCHING_GRID,landmarks,task2,TO_RACK_T1_RETURN,AVOIDING,DIRECT,T1,WS1,-1.56817,0.21784,-1.05914,-1.609,0.072,-1.008,0.16915,0.02161,-2.12,1.1,1.76352,0.51857,0.00482,90.39101,NORMAL,1,0,0,0,16,1038,16,16,58,1038,0.21525,0.96045,0,0,-1.46,-1.52,0,0,0.53509,-0.80852,10.8126,"O1:-2.33,0.19,s128;O2:-2.33,0.01,s117;O3:-2.33,-0.17,s113;O4:-0.89,-1.25,s106;O5:-2.33,-0.53,s97;O6:-0.71,-1.25,s93;O7:-0.53,-1.25,s80;O8:-2.33,-0.35,s73;O9:-2.33,0.55,s71;O10:-2.33,0.37,s49;O11:-0.53,-0.89,s34;O12:-0.89,-1.07,s31;O13:-0.89,-0.89,s28;O14:-2.33,-0.71,s7;O15:-0.89,-0.71,s5;O16:-2.33,0.73,s2","O1:-2.33,0.19,s128;O2:-2.33,0.01,s117;O3:-2.33,-0.17,s113;O4:-0.89,-1.25,s106;O5:-2.33,-0.53,s97;O6:-0.71,-1.25,s93;O7:-0.53,-1.25,s80;O8:-2.33,-0.35,s73;O9:-2.33,0.55,s71;O10:-2.33,0.37,s49;O11:-0.53,-0.89,s34;O12:-0.89,-1.07,s31;O13:-0.89,-0.89,s28;O14:-2.33,-0.71,s7;O15:-0.89,-0.71,s5;O16:-2.33,0.73,s2",RUNNING,UNKNOWN_MAP_SLAM_AVOIDANCE,unknown_map;frontier_targets;static_unknown_obstacles;dynamic_wandering_robot;costmap;slam_path_planning;obstacle_avoidance,P2_Wanderer,dynamic_wandering_robot,60.24345,60.24345,0.08747,0.38262,1,0,0,10,6,32,16,1038,16,1038,0.08747,0.38262,-0.13815,0.08747,0.38262,-0.13815
22.8,PID,HECTOR_GRID_MATCHING,HECTOR_SCAN_MATCHING_GRID,landmarks,task2,TO_RACK_T1_RETURN,AVOIDING,DIRECT,T1,WS1,-1.54109,0.17208,-1.13266,-1.574,0.068,-1.087,0.12924,0.02295,-2.12,1.1,1.71802,0.55343,0.00208,90.31824,NORMAL,1,0,0,0,16,1046,16,16,58,1046,0.22685,0.96045,0,0,-1.46,-1.52,0,0,0.54847,-0.7231,10.84734,"O1:-2.33,0.19,s130;O2:-2.33,0.01,s118;O3:-2.33,-0.17,s114;O4:-0.89,-1.25,s106;O5:-2.33,-0.53,s97;O6:-0.71,-1.25,s93;O7:-0.53,-1.25,s80;O8:-2.33,-0.35,s75;O9:-2.33,0.55,s71;O10:-2.33,0.37,s51;O11:-0.53,-0.89,s34;O12:-0.89,-1.07,s31;O13:-0.89,-0.89,s28;O14:-2.33,-0.71,s7;O15:-0.89,-0.71,s5;O16:-2.33,0.73,s2","O1:-2.33,0.19,s130;O2:-2.33,0.01,s118;O3:-2.33,-0.17,s114;O4:-0.89,-1.25,s106;O5:-2.33,-0.53,s97;O6:-0.71,-1.25,s93;O7:-0.53,-1.25,s80;O8:-2.33,-0.35,s75;O9:-2.33,0.55,s71;O10:-2.33,0.37,s51;O11:-0.53,-0.89,s34;O12:-0.89,-1.07,s31;O13:-0.89,-0.89,s28;O14:-2.33,-0.71,s7;O15:-0.89,-0.71,s5;O16:-2.33,0.73,s2",RUNNING,UNKNOWN_MAP_SLAM_AVOIDANCE,unknown_map;frontier_targets;static_unknown_obstacles;dynamic_wandering_robot;costmap;slam_path_planning;obstacle_avoidance,P2_Wanderer,dynamic_wandering_robot,60.30623,60.30623,0.10728,0.37987,1,0,0,10,6,32,16,1046,16,1046,0.10728,0.37987,-0.13815,0.10728,0.37987,-0.13815
22.9,PID,HECTOR_GRID_MATCHING,HECTOR_SCAN_MATCHING_GRID,landmarks,task2,TO_RACK_T1_RETURN,AVOIDING,DIRECT,T1,WS1,-1.51729,0.124,-1.19786,-1.545,0.045,-1.16,0.10476,0.02401,-2.12,1.1,1.6698,0.5861,0.00054,90.24468,NORMAL,1,0,0,0,16,1054,16,16,59,1054,0.2238,0.96045,0,0,-1.46,-1.52,0,0,0.54984,-0.62852,10.87236,"O1:-2.33,0.19,s132;O2:-2.33,0.01,s120;O3:-2.33,-0.17,s116;O4:-0.89,-1.25,s106;O5:-2.33,-0.53,s97;O6:-0.71,-1.25,s93;O7:-0.53,-1.25,s80;O8:-2.33,-0.35,s75;O9:-2.33,0.55,s71;O10:-2.33,0.37,s53;O11:-0.53,-0.89,s34;O12:-0.89,-1.07,s31;O13:-0.89,-0.89,s28;O14:-2.33,-0.71,s7;O15:-0.89,-0.71,s5;O16:-2.33,0.73,s2","O1:-2.33,0.19,s132;O2:-2.33,0.01,s120;O3:-2.33,-0.17,s116;O4:-0.89,-1.25,s106;O5:-2.33,-0.53,s97;O6:-0.71,-1.25,s93;O7:-0.53,-1.25,s80;O8:-2.33,-0.35,s75;O9:-2.33,0.55,s71;O10:-2.33,0.37,s53;O11:-0.53,-0.89,s34;O12:-0.89,-1.07,s31;O13:-0.89,-0.89,s28;O14:-2.33,-0.71,s7;O15:-0.89,-0.71,s5;O16:-2.33,0.73,s2",RUNNING,UNKNOWN_MAP_SLAM_AVOIDANCE,unknown_map;frontier_targets;static_unknown_obstacles;dynamic_wandering_robot;costmap;slam_path_planning;obstacle_avoidance,P2_Wanderer,dynamic_wandering_robot,60.36873,60.36873,0.12709,0.37711,1,0,0,10,6,32,16,1054,16,1054,0.12709,0.37711,-0.13815,0.12709,0.37711,-0.13815
23.0,PID,HECTOR_GRID_MATCHING,HECTOR_SCAN_MATCHING_GRID,landmarks,task2,TO_RACK_T1_RETURN,AVOIDING,DIRECT,T1,WS1,-1.49682,0.07435,-1.25424,-1.523,0.015,-1.224,0.0859,0.02494,-2.12,1.1,1.62013,0.61673,1e-05,90.17135,NORMAL,1,0,0,0,16,1062,16,16,59,1062,0.22067,0.96045,0,0,-1.46,-1.52,0,0,0.54812,-0.53924,10.89661,"O1:-2.33,0.19,s134;O2:-2.33,0.01,s122;O3:-2.33,-0.17,s118;O4:-0.89,-1.25,s106;O5:-2.33,-0.53,s97;O6:-0.71,-1.25,s93;O7:-0.53,-1.25,s80;O8:-2.33,-0.35,s75;O9:-2.33,0.55,s72;O10:-2.33,0.37,s54;O11:-0.53,-0.89,s34;O12:-0.89,-1.07,s31;O13:-0.89,-0.89,s28;O14:-2.33,-0.71,s7;O15:-0.89,-0.71,s5;O16:-2.33,0.73,s2","O1:-2.33,0.19,s134;O2:-2.33,0.01,s122;O3:-2.33,-0.17,s118;O4:-0.89,-1.25,s106;O5:-2.33,-0.53,s97;O6:-0.71,-1.25,s93;O7:-0.53,-1.25,s80;O8:-2.33,-0.35,s75;O9:-2.33,0.55,s72;O10:-2.33,0.37,s54;O11:-0.53,-0.89,s34;O12:-0.89,-1.07,s31;O13:-0.89,-0.89,s28;O14:-2.33,-0.71,s7;O15:-0.89,-0.71,s5;O16:-2.33,0.73,s2",RUNNING,UNKNOWN_MAP_SLAM_AVOIDANCE,unknown_map;frontier_targets;static_unknown_obstacles;dynamic_wandering_robot;costmap;slam_path_planning;obstacle_avoidance,P2_Wanderer,dynamic_wandering_robot,60.43095,60.43095,0.1469,0.37436,1,0,0,10,6,32,16,1062,16,1062,0.1469,0.37436,-0.13815,0.1469,0.37436,-0.13815
23.1,PID,HECTOR_GRID_MATCHING,HECTOR_SCAN_MATCHING_GRID,landmarks,task2,TO_RACK_T1_RETURN,ROUTE,DIRECT,T1,WS1,-1.47945,0.0241,-1.30367,-1.497,-0.017,-1.277,0.06723,0.02584,-2.12,1.1,1.56966,0.63642,0.0,90.09886,NORMAL,1,0,0,0,16,1070,16,16,59,1070,0.2199,0.96045,0,0,-1.46,-1.52,0,0,0.53969,-0.4778,10.92041,"O1:-2.33,0.19,s136;O2:-2.33,0.01,s124;O3:-2.33,-0.17,s120;O4:-0.89,-1.25,s106;O5:-2.33,-0.53,s97;O6:-0.71,-1.25,s93;O7:-0.53,-1.25,s80;O8:-2.33,-0.35,s75;O9:-2.33,0.55,s74;O10:-2.33,0.37,s54;O11:-0.53,-0.89,s34;O12:-0.89,-1.07,s31;O13:-0.89,-0.89,s28;O14:-2.33,-0.71,s7;O15:-0.89,-0.71,s5;O16:-2.33,0.73,s2","O1:-2.33,0.19,s136;O2:-2.33,0.01,s124;O3:-2.33,-0.17,s120;O4:-0.89,-1.25,s106;O5:-2.33,-0.53,s97;O6:-0.71,-1.25,s93;O7:-0.53,-1.25,s80;O8:-2.33,-0.35,s75;O9:-2.33,0.55,s74;O10:-2.33,0.37,s54;O11:-0.53,-0.89,s34;O12:-0.89,-1.07,s31;O13:-0.89,-0.89,s28;O14:-2.33,-0.71,s7;O15:-0.89,-0.71,s5;O16:-2.33,0.73,s2",RUNNING,UNKNOWN_MAP_SLAM_AVOIDANCE,unknown_map;frontier_targets;static_unknown_obstacles;dynamic_wandering_robot;costmap;slam_path_planning;obstacle_avoidance,P2_Wanderer,dynamic_wandering_robot,60.4929,60.4929,0.16671,0.3716,1,0,0,10,6,32,16,1070,16,1070,0.16671,0.3716,-0.13815,0.16671,0.3716,-0.13815
23.2,PID,HECTOR_GRID_MATCHING,HECTOR_SCAN_MATCHING_GRID,landmarks,task2,TO_RACK_T1_RETURN,ROUTE,DIRECT,T1,WS1,-1.46477,-0.02645,-1.35359,-1.514,0.151,-1.237,0.15782,0.02508,-2.12,1.1,1.51924,0.65492,0.0,90.0277,NORMAL,1,0,0,0,16,1080,16,16,64,1080,0.24615,0.7543,0,0,-1.46,-1.52,0,0,0.5445,-0.58665,10.97651,"O1:-2.33,0.19,s138;O2:-2.33,0.01,s126;O3:-2.33,-0.17,s122;O4:-0.89,-1.25,s106;O5:-2.33,-0.53,s97;O6:-0.71,-1.25,s93;O7:-0.53,-1.25,s80;O8:-2.33,-0.35,s75;O9:-2.33,0.55,s75;O10:-2.33,0.37,s54;O11:-0.53,-0.89,s34;O12:-0.89,-1.07,s31;O13:-0.89,-0.89,s30;O14:-2.33,-0.71,s7;O15:-0.89,-0.71,s5;O16:-2.33,0.73,s2","O1:-2.33,0.19,s138;O2:-2.33,0.01,s126;O3:-2.33,-0.17,s122;O4:-0.89,-1.25,s106;O5:-2.33,-0.53,s97;O6:-0.71,-1.25,s93;O7:-0.53,-1.25,s80;O8:-2.33,-0.35,s75;O9:-2.33,0.55,s75;O10:-2.33,0.37,s54;O11:-0.53,-0.89,s34;O12:-0.89,-1.07,s31;O13:-0.89,-0.89,s30;O14:-2.33,-0.71,s7;O15:-0.89,-0.71,s5;O16:-2.33,0.73,s2",RUNNING,UNKNOWN_MAP_SLAM_AVOIDANCE,unknown_map;frontier_targets;static_unknown_obstacles;dynamic_wandering_robot;costmap;slam_path_planning;obstacle_avoidance,P2_Wanderer,dynamic_wandering_robot,60.56995,60.56995,0.18652,0.36885,1,0,0,10,6,32,16,1080,16,1080,0.18652,0.36885,-0.13815,0.18652,0.36885,-0.13815
23.3,PID,HECTOR_GRID_MATCHING,HECTOR_SCAN_MATCHING_GRID,landmarks,task2,TO_RACK_T1_RETURN,ROUTE,DIRECT,T1,WS1,-1.45218,-0.07844,-1.39716,-1.483,0.001,-1.345,0.05943,0.02485,-2.12,1.1,1.46788,0.67259,0.0,89.95562,NORMAL,1,0,0,0,16,1088,16,16,66,1088,0.24173,0.96208,0,0,-1.46,-1.52,0,0,0.5463,-0.35962,11.0404,"O1:-2.33,0.19,s139;O2:-2.33,0.01,s128;O3:-2.33,-0.17,s123;O4:-0.89,-1.25,s106;O5:-2.33,-0.53,s97;O6:-0.71,-1.25,s93;O7:-0.53,-1.25,s80;O8:-2.33,-0.35,s75;O9:-2.33,0.55,s75;O10:-2.33,0.37,s56;O11:-0.53,-0.89,s34;O12:-0.89,-1.07,s31;O13:-0.89,-0.89,s30;O14:-0.89,-0.71,s8;O15:-2.33,-0.71,s7;O16:-2.33,0.73,s2","O1:-2.33,0.19,s139;O2:-2.33,0.01,s128;O3:-2.33,-0.17,s123;O4:-0.89,-1.25,s106;O5:-2.33,-0.53,s97;O6:-0.71,-1.25,s93;O7:-0.53,-1.25,s80;O8:-2.33,-0.35,s75;O9:-2.33,0.55,s75;O10:-2.33,0.37,s56;O11:-0.53,-0.89,s34;O12:-0.89,-1.07,s31;O13:-0.89,-0.89,s30;O14:-0.89,-0.71,s8;O15:-2.33,-0.71,s7;O16:-2.33,0.73,s2",RUNNING,UNKNOWN_MAP_SLAM_AVOIDANCE,unknown_map;frontier_targets;static_unknown_obstacles;dynamic_wandering_robot;costmap;slam_path_planning;obstacle_avoidance,P2_Wanderer,dynamic_wandering_robot,60.63128,60.63128,0.20633,0.3661,1,0,0,10,6,32,16,1088,16,1088,0.20633,0.3661,-0.13815,0.20633,0.3661,-0.13815
23.4,PID,HECTOR_GRID_MATCHING,HECTOR_SCAN_MATCHING_GRID,landmarks,task2,TO_RACK_T1_RETURN,ROUTE,DIRECT,T1,WS1,-1.44256,-0.13028,-1.42972,-1.458,-0.059,-1.393,0.04718,0.02626,-2.12,1.1,1.41568,0.6868,0.0,89.88408,NORMAL,1,0,0,0,16,1096,16,16,66,1096,0.24164,0.96208,0,0,-1.46,-1.52,0,0,0.52946,-0.31118,11.06934,"O1:-2.33,0.19,s139;O2:-2.33,0.01,s130;O3:-2.33,-0.17,s125;O4:-0.89,-1.25,s106;O5:-2.33,-0.53,s97;O6:-0.71,-1.25,s93;O7:-0.53,-1.25,s80;O8:-2.33,-0.35,s75;O9:-2.33,0.55,s75;O10:-2.33,0.37,s58;O11:-0.53,-0.89,s34;O12:-0.89,-1.07,s31;O13:-0.89,-0.89,s30;O14:-0.89,-0.71,s10;O15:-2.33,-0.71,s7;O16:-2.33,0.73,s2","O1:-2.33,0.19,s139;O2:-2.33,0.01,s130;O3:-2.33,-0.17,s125;O4:-0.89,-1.25,s106;O5:-2.33,-0.53,s97;O6:-0.71,-1.25,s93;O7:-0.53,-1.25,s80;O8:-2.33,-0.35,s75;O9:-2.33,0.55,s75;O10:-2.33,0.37,s58;O11:-0.53,-0.89,s34;O12:-0.89,-1.07,s31;O13:-0.89,-0.89,s30;O14:-0.89,-0.71,s10;O15:-2.33,-0.71,s7;O16:-2.33,0.73,s2",RUNNING,UNKNOWN_MAP_SLAM_AVOIDANCE,unknown_map;frontier_targets;static_unknown_obstacles;dynamic_wandering_robot;costmap;slam_path_planning;obstacle_avoidance,P2_Wanderer,dynamic_wandering_robot,60.69234,60.69234,0.22614,0.36334,1,0,0,10,6,32,16,1096,16,1096,0.22614,0.36334,-0.13815,0.22614,0.36334,-0.13815
23.5,PID,HECTOR_GRID_MATCHING,HECTOR_SCAN_MATCHING_GRID,landmarks,task2,TO_RACK_T1_RETURN,ROUTE,DIRECT,T1,WS1,-1.43478,-0.18184,-1.45875,-1.472,-0.041,-1.397,0.11947,0.02588,-2.12,1.1,1.36473,0.65888,0.0,89.81509,NORMAL,1,0,0,0,17,1106,17,17,67,1106,0.23327,0.90519,0,0,-1.46,-1.52,0,0,0.53964,-0.30303,11.11406,"O1:-2.33,0.19,s141;O2:-2.33,0.01,s132;O3:-2.33,-0.17,s127;O4:-0.89,-1.25,s106;O5:-2.33,-0.53,s97;O6:-0.71,-1.25,s93;O7:-0.53,-1.25,s80;O8:-2.33,-0.35,s75;O9:-2.33,0.55,s75;O10:-2.33,0.37,s58;O11:-0.53,-0.89,s34;O12:-0.89,-1.07,s31;O13:-0.89,-0.89,s30;O14:-0.89,-0.71,s12;O15:-2.33,-0.71,s7;O16:-2.33,0.73,s2","O1:-2.33,0.19,s141;O2:-2.33,0.01,s132;O3:-2.33,-0.17,s127;O4:-0.89,-1.25,s106;O5:-2.33,-0.53,s97;O6:-0.71,-1.25,s93;O7:-0.53,-1.25,s80;O8:-2.33,-0.35,s75;O9:-2.33,0.55,s75;O10:-2.33,0.37,s58;O11:-0.53,-0.89,s34;O12:-0.89,-1.07,s31;O13:-0.89,-0.89,s30;O14:-0.89,-0.71,s12;O15:-2.33,-0.71,s7;O16:-2.33,0.73,s2",RUNNING,UNKNOWN_MAP_SLAM_AVOIDANCE,unknown_map;frontier_targets;static_unknown_obstacles;dynamic_wandering_robot;costmap;slam_path_planning;obstacle_avoidance,P2_Wanderer,dynamic_wandering_robot,63.46828,63.46828,0.24595,0.36059,1,0,0,10,6,32,17,1106,17,1106,0.24595,0.36059,-0.13815,0.24595,0.36059,-0.13815
23.6,PID,HECTOR_GRID_MATCHING,HECTOR_SCAN_MATCHING_GRID,landmarks,task2,TO_RACK_T1_RETURN,AVOIDING,DIRECT,T1,WS1,-1.4285,-0.23252,-1.48365,-1.468,-0.11,-1.427,0.10438,0.02438,-2.12,1.1,1.31297,0.61631,4e-05,89.74544,NORMAL,1,0,0,0,17,1116,17,17,68,1116,0.22822,0.87537,0,0,-1.46,-1.52,0,0,0.50946,-0.2468,11.16504,"O1:-2.33,0.19,s141;O2:-2.33,0.01,s134;O3:-2.33,-0.17,s129;O4:-0.89,-1.25,s106;O5:-2.33,-0.53,s97;O6:-0.71,-1.25,s93;O7:-0.53,-1.25,s80;O8:-2.33,-0.35,s75;O9:-2.33,0.55,s75;O10:-2.33,0.37,s60;O11:-0.53,-0.89,s34;O12:-0.89,-1.07,s31;O13:-0.89,-0.89,s30;O14:-0.89,-0.71,s15;O15:-2.33,-0.71,s7;O16:-0.71,-0.71,s2;O17:-2.33,0.73,s2","O1:-2.33,0.19,s141;O2:-2.33,0.01,s134;O3:-2.33,-0.17,s129;O4:-0.89,-1.25,s106;O5:-2.33,-0.53,s97;O6:-0.71,-1.25,s93;O7:-0.53,-1.25,s80;O8:-2.33,-0.35,s75;O9:-2.33,0.55,s75;O10:-2.33,0.37,s60;O11:-0.53,-0.89,s34;O12:-0.89,-1.07,s31;O13:-0.89,-0.89,s30;O14:-0.89,-0.71,s15;O15:-2.33,-0.71,s7;O16:-0.71,-0.71,s2;O17:-2.33,0.73,s2",RUNNING,UNKNOWN_MAP_SLAM_AVOIDANCE,unknown_map;frontier_targets;static_unknown_obstacles;dynamic_wandering_robot;costmap;slam_path_planning;obstacle_avoidance,P2_Wanderer,dynamic_wandering_robot,63.5438,63.5438,0.26576,0.35783,1,0,0,10,6,32,17,1116,17,1116,0.26576,0.35783,-0.13815,0.26576,0.35783,-0.13815
23.7,PID,HECTOR_GRID_MATCHING,HECTOR_SCAN_MATCHING_GRID,landmarks,task2,TO_RACK_T1_RETURN,AVOIDING,DIRECT,T1,WS1,-1.42378,-0.28114,-1.5109,-1.461,-0.171,-1.414,0.09362,0.02364,-2.12,1.1,1.2631,0.57836,0.00451,89.67853,NORMAL,1,0,0,0,17,1126,17,17,68,1126,0.23061,0.95673,0,0,-1.46,-1.52,0,0,0.47763,-0.3072,11.21196,"O1:-2.33,0.19,s143;O2:-2.33,0.01,s136;O3:-2.33,-0.17,s129;O4:-0.89,-1.25,s106;O5:-2.33,-0.53,s97;O6:-0.71,-1.25,s93;O7:-0.53,-1.25,s80;O8:-2.33,-0.35,s77;O9:-2.33,0.55,s75;O10:-2.33,0.37,s60;O11:-0.53,-0.89,s34;O12:-0.89,-1.07,s31;O13:-0.89,-0.89,s30;O14:-0.89,-0.71,s19;O15:-2.33,-0.71,s7;O16:-0.71,-0.71,s2;O17:-2.33,0.73,s2","O1:-2.33,0.19,s143;O2:-2.33,0.01,s136;O3:-2.33,-0.17,s129;O4:-0.89,-1.25,s106;O5:-2.33,-0.53,s97;O6:-0.71,-1.25,s93;O7:-0.53,-1.25,s80;O8:-2.33,-0.35,s77;O9:-2.33,0.55,s75;O10:-2.33,0.37,s60;O11:-0.53,-0.89,s34;O12:-0.89,-1.07,s31;O13:-0.89,-0.89,s30;O14:-0.89,-0.71,s19;O15:-2.33,-0.71,s7;O16:-0.71,-0.71,s2;O17:-2.33,0.73,s2",RUNNING,UNKNOWN_MAP_SLAM_AVOIDANCE,unknown_map;frontier_targets;static_unknown_obstacles;dynamic_wandering_robot;costmap;slam_path_planning;obstacle_avoidance,P2_Wanderer,dynamic_wandering_robot,63.6189,63.6189,0.28557,0.35508,1,0,0,10,6,32,17,1126,17,1126,0.28557,0.35508,-0.13815,0.28557,0.35508,-0.13815
23.8,PID,HECTOR_GRID_MATCHING,HECTOR_SCAN_MATCHING_GRID,landmarks,task2,TO_RACK_T1_RETURN,AVOIDING,DIRECT,T1,WS1,-1.42049,-0.32459,-1.5359,-1.437,-0.268,-1.462,0.03891,0.02352,-2.12,1.1,1.21734,0.54245,0.01564,89.6174,NORMAL,1,0,0,0,17,1136,17,17,69,1136,0.22263,0.95874,0,0,-1.46,-1.52,0,0,0.43006,-0.25559,11.29641,"O1:-2.33,0.19,s145;O2:-2.33,0.01,s136;O3:-2.33,-0.17,s131;O4:-0.89,-1.25,s106;O5:-2.33,-0.53,s97;O6:-0.71,-1.25,s93;O7:-0.53,-1.25,s80;O8:-2.33,-0.35,s79;O9:-2.33,0.55,s75;O10:-2.33,0.37,s60;O11:-0.53,-0.89,s34;O12:-0.89,-1.07,s31;O13:-0.89,-0.89,s30;O14:-0.89,-0.71,s23;O15:-2.33,-0.71,s7;O16:-0.71,-0.71,s2;O17:-2.33,0.73,s2","O1:-2.33,0.19,s145;O2:-2.33,0.01,s136;O3:-2.33,-0.17,s131;O4:-0.89,-1.25,s106;O5:-2.33,-0.53,s97;O6:-0.71,-1.25,s93;O7:-0.53,-1.25,s80;O8:-2.33,-0.35,s79;O9:-2.33,0.55,s75;O10:-2.33,0.37,s60;O11:-0.53,-0.89,s34;O12:-0.89,-1.07,s31;O13:-0.89,-0.89,s30;O14:-0.89,-0.71,s23;O15:-2.33,-0.71,s7;O16:-0.71,-0.71,s2;O17:-2.33,0.73,s2",RUNNING,UNKNOWN_MAP_SLAM_AVOIDANCE,unknown_map;frontier_targets;static_unknown_obstacles;dynamic_wandering_robot;costmap;slam_path_planning;obstacle_avoidance,P2_Wanderer,dynamic_wandering_robot,63.69359,63.69359,0.30538,0.35232,1,0,0,10,6,32,17,1136,17,1136,0.30538,0.35232,-0.13815,0.30538,0.35232,-0.13815
23.9,PID,HECTOR_GRID_MATCHING,HECTOR_SCAN_MATCHING_GRID,landmarks,task2,TO_RACK_T1_RETURN,AVOIDING,DIRECT,T1,WS1,-1.41827,-0.36776,-1.56017,-1.451,-0.217,-1.509,0.1325,0.02366,-2.12,1.1,1.17494,0.51164,0.03055,89.56003,NORMAL,1,0,0,0,17,1146,17,17,69,1146,0.21881,0.89702,0,0,-1.46,-1.52,0,0,0.45748,-0.11349,11.37274,"O1:-2.33,0.19,s147;O2:-2.33,0.01,s136;O3:-2.33,-0.17,s133;O4:-0.89,-1.25,s106;O5:-2.33,-0.53,s97;O6:-0.71,-1.25,s93;O7:-2.33,-0.35,s81;O8:-0.53,-1.25,s80;O9:-2.33,0.55,s75;O10:-2.33,0.37,s60;O11:-0.53,-0.89,s34;O12:-0.89,-0.89,s32;O13:-0.89,-1.07,s31;O14:-0.89,-0.71,s25;O15:-2.33,-0.71,s7;O16:-0.71,-0.71,s2;O17:-2.33,0.73,s2","O1:-2.33,0.19,s147;O2:-2.33,0.01,s136;O3:-2.33,-0.17,s133;O4:-0.89,-1.25,s106;O5:-2.33,-0.53,s97;O6:-0.71,-1.25,s93;O7:-2.33,-0.35,s81;O8:-0.53,-1.25,s80;O9:-2.33,0.55,s75;O10:-2.33,0.37,s60;O11:-0.53,-0.89,s34;O12:-0.89,-0.89,s32;O13:-0.89,-1.07,s31;O14:-0.89,-0.71,s25;O15:-2.33,-0.71,s7;O16:-0.71,-0.71,s2;O17:-2.33,0.73,s2",RUNNING,UNKNOWN_MAP_SLAM_AVOIDANCE,unknown_map;frontier_targets;static_unknown_obstacles;dynamic_wandering_robot;costmap;slam_path_planning;obstacle_avoidance,P2_Wanderer,dynamic_wandering_robot,63.76786,63.76786,0.32518,0.34957,1,0,0,10,6,32,17,1146,17,1146,0.32518,0.34957,-0.13815,0.32518,0.34957,-0.13815
24.0,PID,HECTOR_GRID_MATCHING,HECTOR_SCAN_MATCHING_GRID,landmarks,task2,TO_RACK_T1_RETURN,AVOIDING,DIRECT,T1,WS1,-1.41748,-0.40843,-1.57693,-1.45,-0.38,-1.49,0.03385,0.02384,-2.12,1.1,1.13182,0.48344,0.04851,89.5017,NORMAL,1,0,0,0,17,1156,17,17,69,1156,0.21413,0.80651,0,0,-1.46,-1.52,0,0,0.36857,-0.22553,11.48966,"O1:-2.33,0.19,s149;O2:-2.33,0.01,s136;O3:-2.33,-0.17,s135;O4:-0.89,-1.25,s106;O5:-2.33,-0.53,s97;O6:-0.71,-1.25,s93;O7:-2.33,-0.35,s83;O8:-0.53,-1.25,s80;O9:-2.33,0.55,s75;O10:-2.33,0.37,s60;O11:-0.53,-0.89,s34;O12:-0.89,-0.89,s33;O13:-0.89,-1.07,s32;O14:-0.89,-0.71,s27;O15:-2.33,-0.71,s7;O16:-0.71,-0.71,s2;O17:-2.33,0.73,s2","O1:-2.33,0.19,s149;O2:-2.33,0.01,s136;O3:-2.33,-0.17,s135;O4:-0.89,-1.25,s106;O5:-2.33,-0.53,s97;O6:-0.71,-1.25,s93;O7:-2.33,-0.35,s83;O8:-0.53,-1.25,s80;O9:-2.33,0.55,s75;O10:-2.33,0.37,s60;O11:-0.53,-0.89,s34;O12:-0.89,-0.89,s33;O13:-0.89,-1.07,s32;O14:-0.89,-0.71,s27;O15:-2.33,-0.71,s7;O16:-0.71,-0.71,s2;O17:-2.33,0.73,s2",RUNNING,UNKNOWN_MAP_SLAM_AVOIDANCE,unknown_map;frontier_targets;static_unknown_obstacles;dynamic_wandering_robot;costmap;slam_path_planning;obstacle_avoidance,P2_Wanderer,dynamic_wandering_robot,63.84173,63.84173,0.34499,0.34682,1,0,0,10,6,32,17,1156,17,1156,0.34499,0.34682,-0.13815,0.34499,0.34682,-0.13815
24.1,PID,HECTOR_GRID_MATCHING,HECTOR_SCAN_MATCHING_GRID,landmarks,task2,TO_RACK_T1_RETURN,AVOIDING,DIRECT,T1,WS1,-1.41736,-0.44102,-1.59644,-1.435,-0.48,-1.515,0.05738,0.02604,-2.12,1.1,1.09578,0.46307,0.06406,89.45519,NORMAL,1,0,0,0,17,1164,17,17,69,1164,0.20915,0.95949,0,0,-1.46,-1.52,0,0,0.32133,-0.20827,11.55469,"O1:-2.33,0.19,s149;O2:-2.33,0.01,s137;O3:-2.33,-0.17,s135;O4:-0.89,-1.25,s108;O5:-2.33,-0.53,s98;O6:-0.71,-1.25,s93;O7:-2.33,-0.35,s86;O8:-0.53,-1.25,s80;O9:-2.33,0.55,s75;O10:-2.33,0.37,s60;O11:-0.53,-0.89,s34;O12:-0.89,-0.89,s34;O13:-0.89,-1.07,s32;O14:-0.89,-0.71,s28;O15:-2.33,-0.71,s7;O16:-0.71,-0.71,s2;O17:-2.33,0.73,s2","O1:-2.33,0.19,s149;O2:-2.33,0.01,s137;O3:-2.33,-0.17,s135;O4:-0.89,-1.25,s108;O5:-2.33,-0.53,s98;O6:-0.71,-1.25,s93;O7:-2.33,-0.35,s86;O8:-0.53,-1.25,s80;O9:-2.33,0.55,s75;O10:-2.33,0.37,s60;O11:-0.53,-0.89,s34;O12:-0.89,-0.89,s34;O13:-0.89,-1.07,s32;O14:-0.89,-0.71,s28;O15:-2.33,-0.71,s7;O16:-0.71,-0.71,s2;O17:-2.33,0.73,s2",RUNNING,UNKNOWN_MAP_SLAM_AVOIDANCE,unknown_map;frontier_targets;static_unknown_obstacles;dynamic_wandering_robot;costmap;slam_path_planning;obstacle_avoidance,P2_Wanderer,dynamic_wandering_robot,63.90052,63.90052,0.3648,0.34406,1,0,0,10,6,32,17,1164,17,1164,0.3648,0.34406,-0.13815,0.3648,0.34406,-0.13815
24.2,PID,HECTOR_GRID_MATCHING,HECTOR_SCAN_MATCHING_GRID,landmarks,task2,TO_RACK_T1_RETURN,AVOIDING,DIRECT,T1,WS1,-1.41753,-0.47231,-1.61152,-1.434,-0.495,-1.561,0.04151,0.02923,-2.12,1.1,1.06415,0.44757,0.07735,89.41194,NORMAL,1,0,0,0,17,1172,17,17,69,1172,0.20829,0.95949,0,0,-1.46,-1.52,0,0,0.3141,-0.13154,11.58111,"O1:-2.33,0.19,s149;O2:-2.33,0.01,s137;O3:-2.33,-0.17,s135;O4:-0.89,-1.25,s110;O5:-2.33,-0.53,s100;O6:-0.71,-1.25,s93;O7:-2.33,-0.35,s88;O8:-0.53,-1.25,s80;O9:-2.33,0.55,s75;O10:-2.33,0.37,s60;O11:-0.89,-0.89,s36;O12:-0.53,-0.89,s34;O13:-0.89,-1.07,s32;O14:-0.89,-0.71,s28;O15:-2.33,-0.71,s7;O16:-0.71,-0.71,s2;O17:-2.33,0.73,s2","O1:-2.33,0.19,s149;O2:-2.33,0.01,s137;O3:-2.33,-0.17,s135;O4:-0.89,-1.25,s110;O5:-2.33,-0.53,s100;O6:-0.71,-1.25,s93;O7:-2.33,-0.35,s88;O8:-0.53,-1.25,s80;O9:-2.33,0.55,s75;O10:-2.33,0.37,s60;O11:-0.89,-0.89,s36;O12:-0.53,-0.89,s34;O13:-0.89,-1.07,s32;O14:-0.89,-0.71,s28;O15:-2.33,-0.71,s7;O16:-0.71,-0.71,s2;O17:-2.33,0.73,s2",RUNNING,UNKNOWN_MAP_SLAM_AVOIDANCE,unknown_map;frontier_targets;static_unknown_obstacles;dynamic_wandering_robot;costmap;slam_path_planning;obstacle_avoidance,P2_Wanderer,dynamic_wandering_robot,63.95906,63.95906,0.38461,0.34131,1,0,0,10,6,32,17,1172,17,1172,0.38461,0.34131,-0.13815,0.38461,0.34131,-0.13815
24.3,PID,HECTOR_GRID_MATCHING,HECTOR_SCAN_MATCHING_GRID,landmarks,task2,TO_RACK_T1_RETURN,AVOIDING,DIRECT,T1,WS1,-1.41841,-0.5027,-1.62067,-1.435,-0.515,-1.597,0.03241,0.03173,-2.12,1.1,1.03341,0.44498,0.07969,89.37014,NORMAL,1,0,0,0,17,1180,17,17,69,1180,0.20801,0.95949,0,0,-1.46,-1.52,0,0,0.30422,-0.06962,11.60646,"O1:-2.33,0.19,s149;O2:-2.33,0.01,s137;O3:-2.33,-0.17,s135;O4:-0.89,-1.25,s112;O5:-2.33,-0.53,s101;O6:-0.71,-1.25,s93;O7:-2.33,-0.35,s91;O8:-0.53,-1.25,s80;O9:-2.33,0.55,s75;O10:-2.33,0.37,s60;O11:-0.89,-0.89,s38;O12:-0.53,-0.89,s34;O13:-0.89,-1.07,s32;O14:-0.89,-0.71,s28;O15:-2.33,-0.71,s7;O16:-0.71,-0.71,s2;O17:-2.33,0.73,s2","O1:-2.33,0.19,s149;O2:-2.33,0.01,s137;O3:-2.33,-0.17,s135;O4:-0.89,-1.25,s112;O5:-2.33,-0.53,s101;O6:-0.71,-1.25,s93;O7:-2.33,-0.35,s91;O8:-0.53,-1.25,s80;O9:-2.33,0.55,s75;O10:-2.33,0.37,s60;O11:-0.89,-0.89,s38;O12:-0.53,-0.89,s34;O13:-0.89,-1.07,s32;O14:-0.89,-0.71,s28;O15:-2.33,-0.71,s7;O16:-0.71,-0.71,s2;O17:-2.33,0.73,s2",RUNNING,UNKNOWN_MAP_SLAM_AVOIDANCE,unknown_map;frontier_targets;static_unknown_obstacles;dynamic_wandering_robot;costmap;slam_path_planning;obstacle_avoidance,P2_Wanderer,dynamic_wandering_robot,64.01733,64.01733,0.40442,0.33855,1,0,0,10,6,32,17,1180,17,1180,0.40442,0.33855,-0.13815,0.40442,0.33855,-0.13815
24.4,PID,HECTOR_GRID_MATCHING,HECTOR_SCAN_MATCHING_GRID,landmarks,task2,TO_RACK_T1_RETURN,AVOIDING,DIRECT,T1,WS1,-1.41979,-0.53214,-1.62551,-1.438,-0.542,-1.607,0.03077,0.0337,-2.12,1.1,1.00337,0.44877,0.07628,89.32977,NORMAL,1,0,0,0,17,1189,17,17,69,1189,0.21384,0.95949,0,0,-1.46,-1.52,0,0,0.29142,-0.06362,11.63272,"O1:-2.33,0.19,s149;O2:-2.33,0.01,s137;O3:-2.33,-0.17,s135;O4:-0.89,-1.25,s114;O5:-2.33,-0.53,s103;O6:-2.33,-0.35,s93;O7:-0.71,-1.25,s93;O8:-0.53,-1.25,s80;O9:-2.33,0.55,s75;O10:-2.33,0.37,s60;O11:-0.89,-0.89,s40;O12:-0.53,-0.89,s34;O13:-0.89,-1.07,s32;O14:-0.89,-0.71,s28;O15:-2.33,-0.71,s7;O16:-0.71,-0.71,s2;O17:-2.33,0.73,s2","O1:-2.33,0.19,s149;O2:-2.33,0.01,s137;O3:-2.33,-0.17,s135;O4:-0.89,-1.25,s114;O5:-2.33,-0.53,s103;O6:-2.33,-0.35,s93;O7:-0.71,-1.25,s93;O8:-0.53,-1.25,s80;O9:-2.33,0.55,s75;O10:-2.33,0.37,s60;O11:-0.89,-0.89,s40;O12:-0.53,-0.89,s34;O13:-0.89,-1.07,s32;O14:-0.89,-0.71,s28;O15:-2.33,-0.71,s7;O16:-0.71,-0.71,s2;O17:-2.33,0.73,s2",RUNNING,UNKNOWN_MAP_SLAM_AVOIDANCE,unknown_map;frontier_targets;static_unknown_obstacles;dynamic_wandering_robot;costmap;slam_path_planning;obstacle_avoidance,P2_Wanderer,dynamic_wandering_robot,64.08258,64.08258,0.42423,0.3358,1,0,0,10,6,32,17,1189,17,1189,0.42423,0.3358,-0.13815,0.42423,0.3358,-0.13815
24.5,PID,HECTOR_GRID_MATCHING,HECTOR_SCAN_MATCHING_GRID,landmarks,task2,TO_RACK_T1_RETURN,AVOIDING,DIRECT,T1,WS1,-1.42144,-0.56179,-1.6238,-1.445,-0.61,-1.558,0.06747,0.03108,-2.12,1.1,0.97373,0.45085,0.07443,89.28931,NORMAL,1,0,0,0,17,1199,17,17,69,1199,0.21486,0.90788,0,0,-1.46,-1.52,0,0,0.2559,-0.20526,11.82177,"O1:-2.33,0.19,s149;O2:-2.33,0.01,s137;O3:-2.33,-0.17,s135;O4:-0.89,-1.25,s116;O5:-2.33,-0.53,s105;O6:-2.33,-0.35,s95;O7:-0.71,-1.25,s93;O8:-0.53,-1.25,s80;O9:-2.33,0.55,s75;O10:-2.33,0.37,s60;O11:-0.89,-0.89,s42;O12:-0.53,-0.89,s36;O13:-0.89,-1.07,s32;O14:-0.89,-0.71,s28;O15:-2.33,-0.71,s7;O16:-2.33,0.73,s2;O17:-0.71,-0.71,s2","O1:-2.33,0.19,s149;O2:-2.33,0.01,s137;O3:-2.33,-0.17,s135;O4:-0.89,-1.25,s116;O5:-2.33,-0.53,s105;O6:-2.33,-0.35,s95;O7:-0.71,-1.25,s93;O8:-0.53,-1.25,s80;O9:-2.33,0.55,s75;O10:-2.33,0.37,s60;O11:-0.89,-0.89,s42;O12:-0.53,-0.89,s36;O13:-0.89,-1.07,s32;O14:-0.89,-0.71,s28;O15:-2.33,-0.71,s7;O16:-2.33,0.73,s2;O17:-0.71,-0.71,s2",RUNNING,UNKNOWN_MAP_SLAM_AVOIDANCE,unknown_map;frontier_targets;static_unknown_obstacles;dynamic_wandering_robot;costmap;slam_path_planning;obstacle_avoidance,P2_Wanderer,dynamic_wandering_robot,64.1547,64.1547,0.44404,0.33305,1,0,0,10,6,32,17,1199,17,1199,0.44404,0.33305,-0.13815,0.44404,0.33305,-0.13815
24.6,PID,HECTOR_GRID_MATCHING,HECTOR_SCAN_MATCHING_GRID,landmarks,task2,TO_RACK_T1_RETURN,AVOIDING,DIRECT,T1,WS1,-1.42284,-0.58738,-1.62604,-1.446,-0.625,-1.616,0.05562,0.03161,-2.12,1.1,0.94609,0.45342,0.07219,89.25426,NORMAL,1,0,0,0,17,1207,17,17,70,1207,0.21497,0.80086,0,0,-1.46,-1.52,0,0,0.25258,-0.0177,11.87685,"O1:-2.33,0.19,s149;O2:-2.33,0.01,s137;O3:-2.33,-0.17,s135;O4:-0.89,-1.25,s117;O5:-2.33,-0.53,s107;O6:-2.33,-0.35,s96;O7:-0.71,-1.25,s93;O8:-0.53,-1.25,s80;O9:-2.33,0.55,s75;O10:-2.33,0.37,s60;O11:-0.89,-0.89,s43;O12:-0.53,-0.89,s38;O13:-0.89,-1.07,s33;O14:-0.89,-0.71,s28;O15:-2.33,-0.71,s8;O16:-2.33,0.73,s2;O17:-0.71,-0.71,s2","O1:-2.33,0.19,s149;O2:-2.33,0.01,s137;O3:-2.33,-0.17,s135;O4:-0.89,-1.25,s117;O5:-2.33,-0.53,s107;O6:-2.33,-0.35,s96;O7:-0.71,-1.25,s93;O8:-0.53,-1.25,s80;O9:-2.33,0.55,s75;O10:-2.33,0.37,s60;O11:-0.89,-0.89,s43;O12:-0.53,-0.89,s38;O13:-0.89,-1.07,s33;O14:-0.89,-0.71,s28;O15:-2.33,-0.71,s8;O16:-2.33,0.73,s2;O17:-0.71,-0.71,s2",RUNNING,UNKNOWN_MAP_SLAM_AVOIDANCE,unknown_map;frontier_targets;static_unknown_obstacles;dynamic_wandering_robot;costmap;slam_path_planning;obstacle_avoidance,P2_Wanderer,dynamic_wandering_robot,64.21211,64.21211,0.46385,0.33029,1,0,0,10,6,32,17,1207,17,1207,0.46385,0.33029,-0.13815,0.46385,0.33029,-0.13815
24.7,PID,HECTOR_GRID_MATCHING,HECTOR_SCAN_MATCHING_GRID,landmarks,task2,TO_RACK_T1_RETURN,AVOIDING,DIRECT,T1,WS1,-1.42416,-0.6124,-1.62817,-1.446,-0.633,-1.622,0.04013,0.03392,-2.12,1.1,0.9209,0.45601,0.06996,89.2201,NORMAL,1,0,0,0,17,1215,17,17,70,1215,0.21497,0.80086,0,0,-1.46,-1.52,0,0,0.2496,-0.00976,11.88955,"O1:-2.33,0.19,s149;O2:-2.33,0.01,s137;O3:-2.33,-0.17,s135;O4:-0.89,-1.25,s117;O5:-2.33,-0.53,s109;O6:-2.33,-0.35,s98;O7:-0.71,-1.25,s93;O8:-0.53,-1.25,s80;O9:-2.33,0.55,s75;O10:-2.33,0.37,s60;O11:-0.89,-0.89,s43;O12:-0.53,-0.89,s40;O13:-0.89,-1.07,s35;O14:-0.89,-0.71,s28;O15:-2.33,-0.71,s8;O16:-2.33,0.73,s2;O17:-0.71,-0.71,s2","O1:-2.33,0.19,s149;O2:-2.33,0.01,s137;O3:-2.33,-0.17,s135;O4:-0.89,-1.25,s117;O5:-2.33,-0.53,s109;O6:-2.33,-0.35,s98;O7:-0.71,-1.25,s93;O8:-0.53,-1.25,s80;O9:-2.33,0.55,s75;O10:-2.33,0.37,s60;O11:-0.89,-0.89,s43;O12:-0.53,-0.89,s40;O13:-0.89,-1.07,s35;O14:-0.89,-0.71,s28;O15:-2.33,-0.71,s8;O16:-2.33,0.73,s2;O17:-0.71,-0.71,s2",RUNNING,UNKNOWN_MAP_SLAM_AVOIDANCE,unknown_map;frontier_targets;static_unknown_obstacles;dynamic_wandering_robot;costmap;slam_path_planning;obstacle_avoidance,P2_Wanderer,dynamic_wandering_robot,64.26926,64.26926,0.48366,0.32754,1,0,0,10,6,32,17,1215,17,1215,0.48366,0.32754,-0.13815,0.48366,0.32754,-0.13815
24.8,PID,HECTOR_GRID_MATCHING,HECTOR_SCAN_MATCHING_GRID,landmarks,task2,TO_RACK_T1_RETURN,AVOIDING,DIRECT,T1,WS1,-1.42536,-0.63596,-1.63819,-1.452,-0.655,-1.629,0.04104,0.03569,-2.12,1.1,0.89635,0.39651,0.12994,89.18685,NORMAL,1,0,0,0,17,1223,17,17,70,1223,0.21348,0.80086,0,0,-1.46,-1.52,0,0,0.23224,-0.11472,11.93315,"O1:-2.33,0.19,s149;O2:-2.33,0.01,s137;O3:-2.33,-0.17,s135;O4:-0.89,-1.25,s117;O5:-2.33,-0.53,s111;O6:-2.33,-0.35,s100;O7:-0.71,-1.25,s93;O8:-0.53,-1.25,s80;O9:-2.33,0.55,s75;O10:-2.33,0.37,s60;O11:-0.89,-0.89,s44;O12:-0.53,-0.89,s41;O13:-0.89,-1.07,s37;O14:-0.89,-0.71,s28;O15:-2.33,-0.71,s8;O16:-2.33,0.73,s2;O17:-0.71,-0.71,s2","O1:-2.33,0.19,s149;O2:-2.33,0.01,s137;O3:-2.33,-0.17,s135;O4:-0.89,-1.25,s117;O5:-2.33,-0.53,s111;O6:-2.33,-0.35,s100;O7:-0.71,-1.25,s93;O8:-0.53,-1.25,s80;O9:-2.33,0.55,s75;O10:-2.33,0.37,s60;O11:-0.89,-0.89,s44;O12:-0.53,-0.89,s41;O13:-0.89,-1.07,s37;O14:-0.89,-0.71,s28;O15:-2.33,-0.71,s8;O16:-2.33,0.73,s2;O17:-0.71,-0.71,s2",RUNNING,UNKNOWN_MAP_SLAM_AVOIDANCE,unknown_map;frontier_targets;static_unknown_obstacles;dynamic_wandering_robot;costmap;slam_path_planning;obstacle_avoidance,P2_Wanderer,dynamic_wandering_robot,64.32616,64.32616,0.50347,0.32478,1,0,0,10,6,32,17,1223,17,1223,0.50347,0.32478,-0.13815,0.50347,0.32478,-0.13815
24.9,PID,HECTOR_GRID_MATCHING,HECTOR_SCAN_MATCHING_GRID,landmarks,task2,TO_RACK_T1_RETURN,AVOIDING,DIRECT,T1,WS1,-1.4264,-0.65803,-1.65006,-1.446,-0.676,-1.643,0.0352,0.03709,-2.12,1.1,0.87368,0.39336,0.13363,89.15533,NORMAL,1,0,0,0,17,1231,17,17,70,1231,0.21306,0.80086,0,0,-1.46,-1.52,0,0,0.22152,-0.12467,11.9485,"O1:-2.33,0.19,s149;O2:-2.33,0.01,s137;O3:-2.33,-0.17,s135;O4:-0.89,-1.25,s117;O5:-2.33,-0.53,s113;O6:-2.33,-0.35,s102;O7:-0.71,-1.25,s93;O8:-0.53,-1.25,s80;O9:-2.33,0.55,s75;O10:-2.33,0.37,s60;O11:-0.89,-0.89,s46;O12:-0.53,-0.89,s41;O13:-0.89,-1.07,s39;O14:-0.89,-0.71,s28;O15:-2.33,-0.71,s8;O16:-2.33,0.73,s2;O17:-0.71,-0.71,s2","O1:-2.33,0.19,s149;O2:-2.33,0.01,s137;O3:-2.33,-0.17,s135;O4:-0.89,-1.25,s117;O5:-2.33,-0.53,s113;O6:-2.33,-0.35,s102;O7:-0.71,-1.25,s93;O8:-0.53,-1.25,s80;O9:-2.33,0.55,s75;O10:-2.33,0.37,s60;O11:-0.89,-0.89,s46;O12:-0.53,-0.89,s41;O13:-0.89,-1.07,s39;O14:-0.89,-0.71,s28;O15:-2.33,-0.71,s8;O16:-2.33,0.73,s2;O17:-0.71,-0.71,s2",RUNNING,UNKNOWN_MAP_SLAM_AVOIDANCE,unknown_map;frontier_targets;static_unknown_obstacles;dynamic_wandering_robot;costmap;slam_path_planning;obstacle_avoidance,P2_Wanderer,dynamic_wandering_robot,64.3828,64.3828,0.52328,0.32203,1,0,0,10,6,32,17,1231,17,1231,0.52328,0.32203,-0.13815,0.52328,0.32203,-0.13815
25.0,PID,HECTOR_GRID_MATCHING,HECTOR_SCAN_MATCHING_GRID,landmarks,task2,TO_RACK_T1_RETURN,AVOIDING,DIRECT,T1,WS1,-1.42757,-0.67923,-1.66153,-1.437,-0.691,-1.658,0.02494,0.0382,-2.12,1.1,0.85208,0.39196,0.13529,89.12506,NORMAL,1,0,0,0,17,1239,17,17,70,1239,0.21306,0.80086,0,0,-1.46,-1.52,0,0,0.21441,-0.11412,11.95977,"O1:-2.33,0.19,s149;O2:-2.33,0.01,s137;O3:-2.33,-0.17,s135;O4:-0.89,-1.25,s117;O5:-2.33,-0.53,s115;O6:-2.33,-0.35,s104;O7:-0.71,-1.25,s93;O8:-0.53,-1.25,s80;O9:-2.33,0.55,s75;O10:-2.33,0.37,s60;O11:-0.89,-0.89,s48;O12:-0.53,-0.89,s41;O13:-0.89,-1.07,s41;O14:-0.89,-0.71,s28;O15:-2.33,-0.71,s8;O16:-2.33,0.73,s2;O17:-0.71,-0.71,s2","O1:-2.33,0.19,s149;O2:-2.33,0.01,s137;O3:-2.33,-0.17,s135;O4:-0.89,-1.25,s117;O5:-2.33,-0.53,s115;O6:-2.33,-0.35,s104;O7:-0.71,-1.25,s93;O8:-0.53,-1.25,s80;O9:-2.33,0.55,s75;O10:-2.33,0.37,s60;O11:-0.89,-0.89,s48;O12:-0.53,-0.89,s41;O13:-0.89,-1.07,s41;O14:-0.89,-0.71,s28;O15:-2.33,-0.71,s8;O16:-2.33,0.73,s2;O17:-0.71,-0.71,s2",RUNNING,UNKNOWN_MAP_SLAM_AVOIDANCE,unknown_map;frontier_targets;static_unknown_obstacles;dynamic_wandering_robot;costmap;slam_path_planning;obstacle_avoidance,P2_Wanderer,dynamic_wandering_robot,64.4392,64.4392,0.54309,0.31927,1,0,0,10,6,32,17,1239,17,1239,0.54309,0.31927,-0.13815,0.54309,0.31927,-0.13815
25.1,PID,HECTOR_GRID_MATCHING,HECTOR_SCAN_MATCHING_GRID,landmarks,task2,TO_RACK_T1_RETURN,AVOIDING,DIRECT,T1,WS1,-1.429,-0.69975,-1.67162,-1.436,-0.71,-1.667,0.02169,0.03908,-2.12,1.1,0.83113,0.39214,0.13507,89.0956,NORMAL,1,0,0,0,17,1248,17,17,70,1248,0.21328,0.80086,0,0,-1.46,-1.52,0,0,0.20563,-0.09343,11.97372,"O1:-2.33,0.19,s149;O2:-2.33,0.01,s137;O3:-2.33,-0.17,s135;O4:-0.89,-1.25,s117;O5:-2.33,-0.53,s117;O6:-2.33,-0.35,s106;O7:-0.71,-1.25,s93;O8:-0.53,-1.25,s80;O9:-2.33,0.55,s75;O10:-2.33,0.37,s60;O11:-0.89,-0.89,s50;O12:-0.89,-1.07,s43;O13:-0.53,-0.89,s41;O14:-0.89,-0.71,s28;O15:-2.33,-0.71,s8;O16:-2.33,0.73,s2;O17:-0.71,-0.71,s2","O1:-2.33,0.19,s149;O2:-2.33,0.01,s137;O3:-2.33,-0.17,s135;O4:-0.89,-1.25,s117;O5:-2.33,-0.53,s117;O6:-2.33,-0.35,s106;O7:-0.71,-1.25,s93;O8:-0.53,-1.25,s80;O9:-2.33,0.55,s75;O10:-2.33,0.37,s60;O11:-0.89,-0.89,s50;O12:-0.89,-1.07,s43;O13:-0.53,-0.89,s41;O14:-0.89,-0.71,s28;O15:-2.33,-0.71,s8;O16:-2.33,0.73,s2;O17:-0.71,-0.71,s2",RUNNING,UNKNOWN_MAP_SLAM_AVOIDANCE,unknown_map;frontier_targets;static_unknown_obstacles;dynamic_wandering_robot;costmap;slam_path_planning;obstacle_avoidance,P2_Wanderer,dynamic_wandering_robot,64.50235,64.50235,0.5629,0.31652,1,0,0,10,6,32,17,1248,17,1248,0.5629,0.31652,-0.13815,0.5629,0.31652,-0.13815
25.2,PID,HECTOR_GRID_MATCHING,HECTOR_SCAN_MATCHING_GRID,landmarks,task2,TO_RACK_T1_RETURN,AVOIDING,DIRECT,T1,WS1,-1.43031,-0.71652,-1.68938,-1.431,-0.823,-1.628,0.1136,0.035,-2.12,1.1,0.81173,0.39407,0.13279,89.06897,NORMAL,1,0,0,0,17,1258,17,17,70,1258,0.21216,0.9244,0,0,-1.46,-1.52,0,0,0.1523,-0.19056,12.08061,"O1:-2.33,0.19,s149;O2:-2.33,0.01,s137;O3:-2.33,-0.17,s135;O4:-2.33,-0.53,s119;O5:-0.89,-1.25,s118;O6:-2.33,-0.35,s107;O7:-0.71,-1.25,s93;O8:-0.53,-1.25,s80;O9:-2.33,0.55,s75;O10:-2.33,0.37,s60;O11:-0.89,-0.89,s52;O12:-0.89,-1.07,s44;O13:-0.53,-0.89,s43;O14:-0.89,-0.71,s28;O15:-2.33,-0.71,s9;O16:-2.33,0.73,s2;O17:-0.71,-0.71,s2","O1:-2.33,0.19,s149;O2:-2.33,0.01,s137;O3:-2.33,-0.17,s135;O4:-2.33,-0.53,s119;O5:-0.89,-1.25,s118;O6:-2.33,-0.35,s107;O7:-0.71,-1.25,s93;O8:-0.53,-1.25,s80;O9:-2.33,0.55,s75;O10:-2.33,0.37,s60;O11:-0.89,-0.89,s52;O12:-0.89,-1.07,s44;O13:-0.53,-0.89,s43;O14:-0.89,-0.71,s28;O15:-2.33,-0.71,s9;O16:-2.33,0.73,s2;O17:-0.71,-0.71,s2",RUNNING,UNKNOWN_MAP_SLAM_AVOIDANCE,unknown_map;frontier_targets;static_unknown_obstacles;dynamic_wandering_robot;costmap;slam_path_planning;obstacle_avoidance,P2_Wanderer,dynamic_wandering_robot,64.57214,64.57214,0.58271,0.31377,1,0,0,10,6,32,17,1258,17,1258,0.58271,0.31377,-0.13815,0.58271,0.31377,-0.13815
25.3,PID,HECTOR_GRID_MATCHING,HECTOR_SCAN_MATCHING_GRID,landmarks,task2,TO_RACK_T1_RETURN,AVOIDING,DIRECT,T1,WS1,-1.4312,-0.73059,-1.71319,-1.455,-0.784,-1.639,0.06514,0.03256,-2.12,1.1,0.79707,0.39786,0.12837,89.04757,NORMAL,1,0,0,0,17,1268,17,17,70,1268,0.21951,0.94452,0,0,-1.46,-1.52,0,0,0.17524,-0.01753,12.25937,"O1:-2.33,0.19,s149;O2:-2.33,0.01,s137;O3:-2.33,-0.17,s135;O4:-0.89,-1.25,s120;O5:-2.33,-0.53,s120;O6:-2.33,-0.35,s107;O7:-0.71,-1.25,s93;O8:-0.53,-1.25,s80;O9:-2.33,0.55,s75;O10:-2.33,0.37,s60;O11:-0.89,-0.89,s54;O12:-0.53,-0.89,s45;O13:-0.89,-1.07,s44;O14:-0.89,-0.71,s28;O15:-2.33,-0.71,s11;O16:-2.33,0.73,s2;O17:-0.71,-0.71,s2","O1:-2.33,0.19,s149;O2:-2.33,0.01,s137;O3:-2.33,-0.17,s135;O4:-0.89,-1.25,s120;O5:-2.33,-0.53,s120;O6:-2.33,-0.35,s107;O7:-0.71,-1.25,s93;O8:-0.53,-1.25,s80;O9:-2.33,0.55,s75;O10:-2.33,0.37,s60;O11:-0.89,-0.89,s54;O12:-0.53,-0.89,s45;O13:-0.89,-1.07,s44;O14:-0.89,-0.71,s28;O15:-2.33,-0.71,s11;O16:-2.33,0.73,s2;O17:-0.71,-0.71,s2",RUNNING,UNKNOWN_MAP_SLAM_AVOIDANCE,unknown_map;frontier_targets;static_unknown_obstacles;dynamic_wandering_robot;costmap;slam_path_planning;obstacle_avoidance,P2_Wanderer,dynamic_wandering_robot,64.64154,64.64154,0.60252,0.31101,1,0,0,10,6,32,17,1268,17,1268,0.60252,0.31101,-0.13815,0.60252,0.31101,-0.13815
25.4,PID,HECTOR_GRID_MATCHING,HECTOR_SCAN_MATCHING_GRID,landmarks,task2,TO_RACK_T1_RETURN,AVOIDING,DIRECT,T1,WS1,-1.43261,-0.74576,-1.72287,-1.425,-0.819,-1.669,0.08074,0.03103,-2.12,1.1,0.78253,0.40066,0.12516,89.02416,NORMAL,1,0,0,0,17,1278,17,17,70,1278,0.21872,0.91798,0,0,-1.46,-1.52,0,0,0.15742,-0.09853,12.29864,"O1:-2.33,0.19,s149;O2:-2.33,0.01,s137;O3:-2.33,-0.17,s135;O4:-0.89,-1.25,s122;O5:-2.33,-0.53,s122;O6:-2.33,-0.35,s107;O7:-0.71,-1.25,s93;O8:-0.53,-1.25,s80;O9:-2.33,0.55,s75;O10:-2.33,0.37,s60;O11:-0.89,-0.89,s56;O12:-0.53,-0.89,s47;O13:-0.89,-1.07,s44;O14:-0.89,-0.71,s28;O15:-2.33,-0.71,s13;O16:-2.33,0.73,s2;O17:-0.71,-0.71,s2","O1:-2.33,0.19,s149;O2:-2.33,0.01,s137;O3:-2.33,-0.17,s135;O4:-0.89,-1.25,s122;O5:-2.33,-0.53,s122;O6:-2.33,-0.35,s107;O7:-0.71,-1.25,s93;O8:-0.53,-1.25,s80;O9:-2.33,0.55,s75;O10:-2.33,0.37,s60;O11:-0.89,-0.89,s56;O12:-0.53,-0.89,s47;O13:-0.89,-1.07,s44;O14:-0.89,-0.71,s28;O15:-2.33,-0.71,s13;O16:-2.33,0.73,s2;O17:-0.71,-0.71,s2",RUNNING,UNKNOWN_MAP_SLAM_AVOIDANCE,unknown_map;frontier_targets;static_unknown_obstacles;dynamic_wandering_robot;costmap;slam_path_planning;obstacle_avoidance,P2_Wanderer,dynamic_wandering_robot,64.71057,64.71057,0.62233,0.30826,1,0,0,10,6,32,17,1278,17,1278,0.62233,0.30826,-0.13815,0.62233,0.30826,-0.13815
25.5,PID,HECTOR_GRID_MATCHING,HECTOR_SCAN_MATCHING_GRID,landmarks,task2,TO_RACK_T1_RETURN,AVOIDING,DIRECT,T1,WS1,-1.43458,-0.76111,-1.73707,-1.392,-0.873,-1.61,0.1262,0.0301,-2.12,1.1,0.76701,0.40362,0.1218,89.00147,NORMAL,1,0,0,0,17,1288,17,17,70,1288,0.21533,0.94582,0,0,-1.46,-1.52,0,0,0.13171,-0.38873,12.40818,"O1:-2.33,0.19,s149;O2:-2.33,0.01,s137;O3:-2.33,-0.17,s135;O4:-0.89,-1.25,s124;O5:-2.33,-0.53,s124;O6:-2.33,-0.35,s107;O7:-0.71,-1.25,s93;O8:-0.53,-1.25,s80;O9:-2.33,0.55,s75;O10:-2.33,0.37,s60;O11:-0.89,-0.89,s58;O12:-0.53,-0.89,s49;O13:-0.89,-1.07,s44;O14:-0.89,-0.71,s28;O15:-2.33,-0.71,s15;O16:-2.33,0.73,s2;O17:-0.71,-0.71,s2","O1:-2.33,0.19,s149;O2:-2.33,0.01,s137;O3:-2.33,-0.17,s135;O4:-0.89,-1.25,s124;O5:-2.33,-0.53,s124;O6:-2.33,-0.35,s107;O7:-0.71,-1.25,s93;O8:-0.53,-1.25,s80;O9:-2.33,0.55,s75;O10:-2.33,0.37,s60;O11:-0.89,-0.89,s58;O12:-0.53,-0.89,s49;O13:-0.89,-1.07,s44;O14:-0.89,-0.71,s28;O15:-2.33,-0.71,s15;O16:-2.33,0.73,s2;O17:-0.71,-0.71,s2",RUNNING,UNKNOWN_MAP_SLAM_AVOIDANCE,unknown_map;frontier_targets;static_unknown_obstacles;dynamic_wandering_robot;costmap;slam_path_planning;obstacle_avoidance,P2_Wanderer,dynamic_wandering_robot,64.77921,64.77921,0.64214,0.3055,1,0,0,10,6,32,17,1288,17,1288,0.64214,0.3055,-0.13815,0.64214,0.3055,-0.13815
25.6,PID,HECTOR_GRID_MATCHING,HECTOR_SCAN_MATCHING_GRID,landmarks,task2,TO_RACK_T1_RETURN,AVOIDING,DIRECT,T1,WS1,-1.43647,-0.77581,-1.75064,-1.411,-0.835,-1.66,0.0706,0.02953,-2.12,1.1,0.75209,0.40204,0.11737,88.98032,NORMAL,1,0,0,0,17,1298,17,17,70,1298,0.2141,0.93536,0,0,-1.46,-1.52,0,0,0.15156,-0.14467,12.52425,"O1:-2.33,0.19,s149;O2:-2.33,0.01,s137;O3:-2.33,-0.17,s135;O4:-0.89,-1.25,s126;O5:-2.33,-0.53,s126;O6:-2.33,-0.35,s107;O7:-0.71,-1.25,s93;O8:-0.53,-1.25,s80;O9:-2.33,0.55,s75;O10:-2.33,0.37,s60;O11:-0.89,-0.89,s60;O12:-0.53,-0.89,s51;O13:-0.89,-1.07,s44;O14:-0.89,-0.71,s28;O15:-2.33,-0.71,s17;O16:-2.33,0.73,s2;O17:-0.71,-0.71,s2","O1:-2.33,0.19,s149;O2:-2.33,0.01,s137;O3:-2.33,-0.17,s135;O4:-0.89,-1.25,s126;O5:-2.33,-0.53,s126;O6:-2.33,-0.35,s107;O7:-0.71,-1.25,s93;O8:-0.53,-1.25,s80;O9:-2.33,0.55,s75;O10:-2.33,0.37,s60;O11:-0.89,-0.89,s60;O12:-0.53,-0.89,s51;O13:-0.89,-1.07,s44;O14:-0.89,-0.71,s28;O15:-2.33,-0.71,s17;O16:-2.33,0.73,s2;O17:-0.71,-0.71,s2",RUNNING,UNKNOWN_MAP_SLAM_AVOIDANCE,unknown_map;frontier_targets;static_unknown_obstacles;dynamic_wandering_robot;costmap;slam_path_planning;obstacle_avoidance,P2_Wanderer,dynamic_wandering_robot,64.84746,64.84746,0.66195,0.30275,1,0,0,10,6,32,17,1298,17,1298,0.66195,0.30275,-0.13815,0.66195,0.30275,-0.13815
25.7,PID,HECTOR_GRID_MATCHING,HECTOR_SCAN_MATCHING_GRID,landmarks,task2,TO_RACK_T1_RETURN,AVOIDING,DIRECT,T1,WS1,-1.43881,-0.79068,-1.75281,-1.43,-0.833,-1.703,0.05077,0.03121,-2.12,1.1,0.73727,0.39723,0.11378,88.95863,NORMAL,1,0,0,0,17,1306,17,17,70,1306,0.21363,0.91684,0,0,-1.46,-1.52,0,0,0.15136,0.02403,12.5675,"O1:-2.33,0.19,s149;O2:-2.33,0.01,s137;O3:-2.33,-0.17,s135;O4:-2.33,-0.53,s128;O5:-0.89,-1.25,s127;O6:-2.33,-0.35,s107;O7:-0.71,-1.25,s93;O8:-0.53,-1.25,s80;O9:-2.33,0.55,s75;O10:-0.89,-0.89,s64;O11:-2.33,0.37,s60;O12:-0.53,-0.89,s51;O13:-0.89,-1.07,s44;O14:-0.89,-0.71,s28;O15:-2.33,-0.71,s19;O16:-2.33,0.73,s2;O17:-0.71,-0.71,s2","O1:-2.33,0.19,s149;O2:-2.33,0.01,s137;O3:-2.33,-0.17,s135;O4:-2.33,-0.53,s128;O5:-0.89,-1.25,s127;O6:-2.33,-0.35,s107;O7:-0.71,-1.25,s93;O8:-0.53,-1.25,s80;O9:-2.33,0.55,s75;O10:-0.89,-0.89,s64;O11:-2.33,0.37,s60;O12:-0.53,-0.89,s51;O13:-0.89,-1.07,s44;O14:-0.89,-0.71,s28;O15:-2.33,-0.71,s19;O16:-2.33,0.73,s2;O17:-0.71,-0.71,s2",RUNNING,UNKNOWN_MAP_SLAM_AVOIDANCE,unknown_map;frontier_targets;static_unknown_obstacles;dynamic_wandering_robot;costmap;slam_path_planning;obstacle_avoidance,P2_Wanderer,dynamic_wandering_robot,64.9018,64.9018,0.68176,0.3,1,0,0,10,6,32,17,1306,17,1306,0.68176,0.3,-0.13815,0.68176,0.3,-0.13815
25.8,PID,HECTOR_GRID_MATCHING,HECTOR_SCAN_MATCHING_GRID,landmarks,task2,TO_RACK_T1_RETURN,AVOIDING,DIRECT,T1,WS1,-1.4416,-0.80525,-1.74772,-1.433,-0.842,-1.724,0.04475,0.03424,-2.12,1.1,0.72242,0.39504,0.11124,88.93732,NORMAL,1,0,0,0,17,1314,17,17,70,1314,0.21344,0.91684,0,0,-1.46,-1.52,0,0,0.14683,0.06388,12.582,"O1:-2.33,0.19,s149;O2:-2.33,0.01,s137;O3:-2.33,-0.17,s135;O4:-2.33,-0.53,s130;O5:-0.89,-1.25,s127;O6:-2.33,-0.35,s107;O7:-0.71,-1.25,s93;O8:-0.53,-1.25,s80;O9:-2.33,0.55,s75;O10:-0.89,-0.89,s68;O11:-2.33,0.37,s60;O12:-0.53,-0.89,s51;O13:-0.89,-1.07,s44;O14:-0.89,-0.71,s28;O15:-2.33,-0.71,s21;O16:-2.33,0.73,s2;O17:-0.71,-0.71,s2","O1:-2.33,0.19,s149;O2:-2.33,0.01,s137;O3:-2.33,-0.17,s135;O4:-2.33,-0.53,s130;O5:-0.89,-1.25,s127;O6:-2.33,-0.35,s107;O7:-0.71,-1.25,s93;O8:-0.53,-1.25,s80;O9:-2.33,0.55,s75;O10:-0.89,-0.89,s68;O11:-2.33,0.37,s60;O12:-0.53,-0.89,s51;O13:-0.89,-1.07,s44;O14:-0.89,-0.71,s28;O15:-2.33,-0.71,s21;O16:-2.33,0.73,s2;O17:-0.71,-0.71,s2",RUNNING,UNKNOWN_MAP_SLAM_AVOIDANCE,unknown_map;frontier_targets;static_unknown_obstacles;dynamic_wandering_robot;costmap;slam_path_planning;obstacle_avoidance,P2_Wanderer,dynamic_wandering_robot,64.95589,64.95589,0.70156,0.29724,1,0,0,10,6,32,17,1314,17,1314,0.70156,0.29724,-0.13815,0.70156,0.29724,-0.13815
25.9,PID,HECTOR_GRID_MATCHING,HECTOR_SCAN_MATCHING_GRID,landmarks,task2,TO_RACK_T1_RETURN,AVOIDING,DIRECT,T1,WS1,-1.44454,-0.8195,-1.74043,-1.438,-0.848,-1.727,0.03561,0.0365,-2.12,1.1,0.70798,0.39424,0.10897,88.91642,NORMAL,1,0,0,0,17,1321,17,17,70,1321,0.21344,0.91684,0,0,-1.46,-1.52,0,0,0.14426,0.08191,12.59339,"O1:-2.33,0.19,s149;O2:-2.33,0.01,s137;O3:-2.33,-0.17,s135;O4:-2.33,-0.53,s130;O5:-0.89,-1.25,s127;O6:-2.33,-0.35,s109;O7:-0.71,-1.25,s93;O8:-0.53,-1.25,s80;O9:-2.33,0.55,s75;O10:-0.89,-0.89,s72;O11:-2.33,0.37,s60;O12:-0.53,-0.89,s51;O13:-0.89,-1.07,s44;O14:-0.89,-0.71,s28;O15:-2.33,-0.71,s23;O16:-2.33,0.73,s2;O17:-0.71,-0.71,s2","O1:-2.33,0.19,s149;O2:-2.33,0.01,s137;O3:-2.33,-0.17,s135;O4:-2.33,-0.53,s130;O5:-0.89,-1.25,s127;O6:-2.33,-0.35,s109;O7:-0.71,-1.25,s93;O8:-0.53,-1.25,s80;O9:-2.33,0.55,s75;O10:-0.89,-0.89,s72;O11:-2.33,0.37,s60;O12:-0.53,-0.89,s51;O13:-0.89,-1.07,s44;O14:-0.89,-0.71,s28;O15:-2.33,-0.71,s23;O16:-2.33,0.73,s2;O17:-0.71,-0.71,s2",RUNNING,UNKNOWN_MAP_SLAM_AVOIDANCE,unknown_map;frontier_targets;static_unknown_obstacles;dynamic_wandering_robot;costmap;slam_path_planning;obstacle_avoidance,P2_Wanderer,dynamic_wandering_robot,65.00303,65.00303,0.72137,0.29449,1,0,0,10,6,32,17,1321,17,1321,0.72137,0.29449,-0.13815,0.72137,0.29449,-0.13815
26.0,PID,HECTOR_GRID_MATCHING,HECTOR_SCAN_MATCHING_GRID,landmarks,task2,TO_RACK_T1_RETURN,AVOIDING,DIRECT,T1,WS1,-1.44743,-0.83364,-1.73157,-1.439,-0.852,-1.728,0.02634,0.0382,-2.12,1.1,0.69367,0.39434,0.10707,88.89564,NORMAL,1,0,0,0,17,1327,17,17,70,1327,0.21344,0.91684,0,0,-1.46,-1.52,0,0,0.14222,0.07737,12.60058,"O1:-2.33,0.19,s149;O2:-2.33,0.01,s137;O3:-2.33,-0.17,s135;O4:-2.33,-0.53,s132;O5:-0.89,-1.25,s127;O6:-2.33,-0.35,s109;O7:-0.71,-1.25,s93;O8:-0.53,-1.25,s80;O9:-0.89,-0.89,s76;O10:-2.33,0.55,s75;O11:-2.33,0.37,s60;O12:-0.53,-0.89,s51;O13:-0.89,-1.07,s44;O14:-0.89,-0.71,s28;O15:-2.33,-0.71,s23;O16:-2.33,0.73,s2;O17:-0.71,-0.71,s2","O1:-2.33,0.19,s149;O2:-2.33,0.01,s137;O3:-2.33,-0.17,s135;O4:-2.33,-0.53,s132;O5:-0.89,-1.25,s127;O6:-2.33,-0.35,s109;O7:-0.71,-1.25,s93;O8:-0.53,-1.25,s80;O9:-0.89,-0.89,s76;O10:-2.33,0.55,s75;O11:-2.33,0.37,s60;O12:-0.53,-0.89,s51;O13:-0.89,-1.07,s44;O14:-0.89,-0.71,s28;O15:-2.33,-0.71,s23;O16:-2.33,0.73,s2;O17:-0.71,-0.71,s2",RUNNING,UNKNOWN_MAP_SLAM_AVOIDANCE,unknown_map;frontier_targets;static_unknown_obstacles;dynamic_wandering_robot;costmap;slam_path_planning;obstacle_avoidance,P2_Wanderer,dynamic_wandering_robot,65.04328,65.04328,0.74118,0.29173,1,0,0,10,6,32,17,1327,17,1327,0.74118,0.29173,-0.13815,0.74118,0.29173,-0.13815
26.1,PID,HECTOR_GRID_MATCHING,HECTOR_SCAN_MATCHING_GRID,landmarks,task2,TO_RACK_T1_RETURN,AVOIDING,DIRECT,T1,WS1,-1.45018,-0.84793,-1.72719,-1.43,-0.846,-1.714,0.01935,0.03945,-2.12,1.1,0.67947,0.39463,0.10506,88.87503,NORMAL,1,0,0,0,17,1333,17,17,70,1333,0.21344,0.91684,0,0,-1.46,-1.52,0,0,0.14581,0.01515,12.61972,"O1:-2.33,0.19,s149;O2:-2.33,0.01,s137;O3:-2.33,-0.17,s135;O4:-2.33,-0.53,s134;O5:-0.89,-1.25,s127;O6:-2.33,-0.35,s109;O7:-0.71,-1.25,s93;O8:-0.89,-0.89,s80;O9:-0.53,-1.25,s80;O10:-2.33,0.55,s75;O11:-2.33,0.37,s60;O12:-0.53,-0.89,s51;O13:-0.89,-1.07,s44;O14:-0.89,-0.71,s28;O15:-2.33,-0.71,s23;O16:-2.33,0.73,s2;O17:-0.71,-0.71,s2","O1:-2.33,0.19,s149;O2:-2.33,0.01,s137;O3:-2.33,-0.17,s135;O4:-2.33,-0.53,s134;O5:-0.89,-1.25,s127;O6:-2.33,-0.35,s109;O7:-0.71,-1.25,s93;O8:-0.89,-0.89,s80;O9:-0.53,-1.25,s80;O10:-2.33,0.55,s75;O11:-2.33,0.37,s60;O12:-0.53,-0.89,s51;O13:-0.89,-1.07,s44;O14:-0.89,-0.71,s28;O15:-2.33,-0.71,s23;O16:-2.33,0.73,s2;O17:-0.71,-0.71,s2",RUNNING,UNKNOWN_MAP_SLAM_AVOIDANCE,unknown_map;frontier_targets;static_unknown_obstacles;dynamic_wandering_robot;costmap;slam_path_planning;obstacle_avoidance,P2_Wanderer,dynamic_wandering_robot,65.08341,65.08341,0.76099,0.28898,1,0,0,10,6,32,17,1333,17,1333,0.76099,0.28898,-0.13815,0.76099,0.28898,-0.13815
26.2,PID,HECTOR_GRID_MATCHING,HECTOR_SCAN_MATCHING_GRID,landmarks,task2,TO_RACK_T1_RETURN,AVOIDING,DIRECT,T1,WS1,-1.45249,-0.86178,-1.72438,-1.432,-0.863,-1.711,0.02106,0.04038,-2.12,1.1,0.66522,0.39457,0.1028,88.85442,NORMAL,1,0,0,0,17,1339,17,17,70,1339,0.21344,0.91684,0,0,-1.46,-1.52,0,0,0.13754,0.02646,12.63223,"O1:-2.33,0.19,s149;O2:-2.33,0.01,s137;O3:-2.33,-0.53,s136;O4:-2.33,-0.17,s135;O5:-0.89,-1.25,s127;O6:-2.33,-0.35,s109;O7:-0.71,-1.25,s93;O8:-0.89,-0.89,s84;O9:-0.53,-1.25,s80;O10:-2.33,0.55,s75;O11:-2.33,0.37,s60;O12:-0.53,-0.89,s51;O13:-0.89,-1.07,s44;O14:-0.89,-0.71,s28;O15:-2.33,-0.71,s23;O16:-2.33,0.73,s2;O17:-0.71,-0.71,s2","O1:-2.33,0.19,s149;O2:-2.33,0.01,s137;O3:-2.33,-0.53,s136;O4:-2.33,-0.17,s135;O5:-0.89,-1.25,s127;O6:-2.33,-0.35,s109;O7:-0.71,-1.25,s93;O8:-0.89,-0.89,s84;O9:-0.53,-1.25,s80;O10:-2.33,0.55,s75;O11:-2.33,0.37,s60;O12:-0.53,-0.89,s51;O13:-0.89,-1.07,s44;O14:-0.89,-0.71,s28;O15:-2.33,-0.71,s23;O16:-2.33,0.73,s2;O17:-0.71,-0.71,s2",RUNNING,UNKNOWN_MAP_SLAM_AVOIDANCE,unknown_map;frontier_targets;static_unknown_obstacles;dynamic_wandering_robot;costmap;slam_path_planning;obstacle_avoidance,P2_Wanderer,dynamic_wandering_robot,65.1234,65.1234,0.7808,0.28622,1,0,0,10,6,32,17,1339,17,1339,0.7808,0.28622,-0.13815,0.7808,0.28622,-0.13815
26.3,PID,HECTOR_GRID_MATCHING,HECTOR_SCAN_MATCHING_GRID,landmarks,task2,TO_RACK_T1_RETURN,AVOIDING,DIRECT,T1,WS1,-1.45466,-0.87496,-1.72051,-1.434,-0.88,-1.717,0.02294,0.04109,-2.12,1.1,0.65165,0.39482,0.1009,88.83473,NORMAL,1,0,0,0,17,1345,17,17,70,1345,0.21344,0.91684,0,0,-1.46,-1.52,0,0,0.12945,0.0515,12.64658,"O1:-2.33,0.19,s149;O2:-2.33,-0.53,s138;O3:-2.33,0.01,s137;O4:-2.33,-0.17,s135;O5:-0.89,-1.25,s127;O6:-2.33,-0.35,s109;O7:-0.71,-1.25,s93;O8:-0.89,-0.89,s86;O9:-0.53,-1.25,s80;O10:-2.33,0.55,s75;O11:-2.33,0.37,s60;O12:-0.53,-0.89,s51;O13:-0.89,-1.07,s46;O14:-0.89,-0.71,s28;O15:-2.33,-0.71,s23;O16:-2.33,0.73,s2;O17:-0.71,-0.71,s2","O1:-2.33,0.19,s149;O2:-2.33,-0.53,s138;O3:-2.33,0.01,s137;O4:-2.33,-0.17,s135;O5:-0.89,-1.25,s127;O6:-2.33,-0.35,s109;O7:-0.71,-1.25,s93;O8:-0.89,-0.89,s86;O9:-0.53,-1.25,s80;O10:-2.33,0.55,s75;O11:-2.33,0.37,s60;O12:-0.53,-0.89,s51;O13:-0.89,-1.07,s46;O14:-0.89,-0.71,s28;O15:-2.33,-0.71,s23;O16:-2.33,0.73,s2;O17:-0.71,-0.71,s2",RUNNING,UNKNOWN_MAP_SLAM_AVOIDANCE,unknown_map;frontier_targets;static_unknown_obstacles;dynamic_wandering_robot;costmap;slam_path_planning;obstacle_avoidance,P2_Wanderer,dynamic_wandering_robot,65.16325,65.16325,0.80061,0.28347,1,0,0,10,6,32,17,1345,17,1345,0.80061,0.28347,-0.13815,0.80061,0.28347,-0.13815
26.4,PID,HECTOR_GRID_MATCHING,HECTOR_SCAN_MATCHING_GRID,landmarks,task2,TO_RACK_T1_RETURN,AVOIDING,DIRECT,T1,WS1,-1.45685,-0.88789,-1.71381,-1.447,-0.885,-1.714,0.00975,0.04164,-2.12,1.1,0.63866,0.39573,0.09932,88.81573,NORMAL,1,0,0,0,17,1351,17,17,70,1351,0.21344,0.91684,0,0,-1.46,-1.52,0,0,0.12754,0.09134,12.66236,"O1:-2.33,0.19,s149;O2:-2.33,-0.53,s140;O3:-2.33,0.01,s137;O4:-2.33,-0.17,s135;O5:-0.89,-1.25,s127;O6:-2.33,-0.35,s109;O7:-0.71,-1.25,s93;O8:-0.89,-0.89,s88;O9:-0.53,-1.25,s80;O10:-2.33,0.55,s75;O11:-2.33,0.37,s60;O12:-0.53,-0.89,s51;O13:-0.89,-1.07,s48;O14:-0.89,-0.71,s28;O15:-2.33,-0.71,s23;O16:-2.33,0.73,s2;O17:-0.71,-0.71,s2","O1:-2.33,0.19,s149;O2:-2.33,-0.53,s140;O3:-2.33,0.01,s137;O4:-2.33,-0.17,s135;O5:-0.89,-1.25,s127;O6:-2.33,-0.35,s109;O7:-0.71,-1.25,s93;O8:-0.89,-0.89,s88;O9:-0.53,-1.25,s80;O10:-2.33,0.55,s75;O11:-2.33,0.37,s60;O12:-0.53,-0.89,s51;O13:-0.89,-1.07,s48;O14:-0.89,-0.71,s28;O15:-2.33,-0.71,s23;O16:-2.33,0.73,s2;O17:-0.71,-0.71,s2",RUNNING,UNKNOWN_MAP_SLAM_AVOIDANCE,unknown_map;frontier_targets;static_unknown_obstacles;dynamic_wandering_robot;costmap;slam_path_planning;obstacle_avoidance,P2_Wanderer,dynamic_wandering_robot,65.20297,65.20297,0.82042,0.28072,1,0,0,10,6,32,17,1351,17,1351,0.82042,0.28072,-0.13815,0.82042,0.28072,-0.13815
26.5,PID,HECTOR_GRID_MATCHING,HECTOR_SCAN_MATCHING_GRID,landmarks,task2,TO_RACK_T1_RETURN,AVOIDING,DIRECT,T1,WS1,-1.45898,-0.90043,-1.7057,-1.451,-0.891,-1.708,0.00736,0.04206,-2.12,1.1,0.62595,0.39737,0.0981,88.79706,NORMAL,1,0,0,0,17,1357,17,17,70,1357,0.21344,0.91684,0,0,-1.46,-1.52,0,0,0.12468,0.08868,12.6737,"O1:-2.33,0.19,s149;O2:-2.33,-0.53,s142;O3:-2.33,0.01,s137;O4:-2.33,-0.17,s135;O5:-0.89,-1.25,s127;O6:-2.33,-0.35,s109;O7:-0.71,-1.25,s93;O8:-0.89,-0.89,s90;O9:-0.53,-1.25,s80;O10:-2.33,0.55,s75;O11:-2.33,0.37,s60;O12:-0.53,-0.89,s51;O13:-0.89,-1.07,s50;O14:-0.89,-0.71,s28;O15:-2.33,-0.71,s23;O16:-2.33,0.73,s2;O17:-0.71,-0.71,s2","O1:-2.33,0.19,s149;O2:-2.33,-0.53,s142;O3:-2.33,0.01,s137;O4:-2.33,-0.17,s135;O5:-0.89,-1.25,s127;O6:-2.33,-0.35,s109;O7:-0.71,-1.25,s93;O8:-0.89,-0.89,s90;O9:-0.53,-1.25,s80;O10:-2.33,0.55,s75;O11:-2.33,0.37,s60;O12:-0.53,-0.89,s51;O13:-0.89,-1.07,s50;O14:-0.89,-0.71,s28;O15:-2.33,-0.71,s23;O16:-2.33,0.73,s2;O17:-0.71,-0.71,s2",RUNNING,UNKNOWN_MAP_SLAM_AVOIDANCE,unknown_map;frontier_targets;static_unknown_obstacles;dynamic_wandering_robot;costmap;slam_path_planning;obstacle_avoidance,P2_Wanderer,dynamic_wandering_robot,65.24256,65.24256,0.84023,0.27796,1,0,0,10,6,32,17,1357,17,1357,0.84023,0.27796,-0.13815,0.84023,0.27796,-0.13815
26.6,PID,HECTOR_GRID_MATCHING,HECTOR_SCAN_MATCHING_GRID,landmarks,task2,TO_RACK_T1_RETURN,AVOIDING,DIRECT,T1,WS1,-1.46087,-0.91248,-1.69897,-1.451,-0.899,-1.697,0.01178,0.04239,-2.12,1.1,0.61369,0.39926,0.09706,88.77895,NORMAL,1,0,0,0,17,1363,17,17,70,1363,0.21344,0.91684,0,0,-1.46,-1.52,0,0,0.12112,0.05721,12.6861,"O1:-2.33,0.19,s149;O2:-2.33,-0.53,s144;O3:-2.33,0.01,s137;O4:-2.33,-0.17,s135;O5:-0.89,-1.25,s127;O6:-2.33,-0.35,s109;O7:-0.71,-1.25,s93;O8:-0.89,-0.89,s92;O9:-0.53,-1.25,s80;O10:-2.33,0.55,s75;O11:-2.33,0.37,s60;O12:-0.89,-1.07,s52;O13:-0.53,-0.89,s51;O14:-0.89,-0.71,s28;O15:-2.33,-0.71,s23;O16:-2.33,0.73,s2;O17:-0.71,-0.71,s2","O1:-2.33,0.19,s149;O2:-2.33,-0.53,s144;O3:-2.33,0.01,s137;O4:-2.33,-0.17,s135;O5:-0.89,-1.25,s127;O6:-2.33,-0.35,s109;O7:-0.71,-1.25,s93;O8:-0.89,-0.89,s92;O9:-0.53,-1.25,s80;O10:-2.33,0.55,s75;O11:-2.33,0.37,s60;O12:-0.89,-1.07,s52;O13:-0.53,-0.89,s51;O14:-0.89,-0.71,s28;O15:-2.33,-0.71,s23;O16:-2.33,0.73,s2;O17:-0.71,-0.71,s2",RUNNING,UNKNOWN_MAP_SLAM_AVOIDANCE,unknown_map;frontier_targets;static_unknown_obstacles;dynamic_wandering_robot;costmap;slam_path_planning;obstacle_avoidance,P2_Wanderer,dynamic_wandering_robot,65.28202,65.28202,0.86004,0.27521,1,0,0,10,6,32,17,1363,17,1363,0.86004,0.27521,-0.13815,0.86004,0.27521,-0.13815
26.7,PID,HECTOR_GRID_MATCHING,HECTOR_SCAN_MATCHING_GRID,landmarks,task2,TO_RACK_T1_RETURN,AVOIDING,DIRECT,T1,WS1,-1.46276,-0.92434,-1.69035,-1.462,-0.907,-1.688,0.01141,0.04264,-2.12,1.1,0.60168,0.4013,0.09607,88.76118,NORMAL,1,0,0,0,17,1369,17,17,70,1369,0.21344,0.91684,0,0,-1.46,-1.52,0,0,0.11736,0.0852,12.70199,"O1:-2.33,0.19,s149;O2:-2.33,-0.53,s146;O3:-2.33,0.01,s137;O4:-2.33,-0.17,s135;O5:-0.89,-1.25,s127;O6:-2.33,-0.35,s109;O7:-0.89,-0.89,s94;O8:-0.71,-1.25,s93;O9:-0.53,-1.25,s80;O10:-2.33,0.55,s75;O11:-2.33,0.37,s60;O12:-0.89,-1.07,s54;O13:-0.53,-0.89,s51;O14:-0.89,-0.71,s28;O15:-2.33,-0.71,s23;O16:-2.33,0.73,s2;O17:-0.71,-0.71,s2","O1:-2.33,0.19,s149;O2:-2.33,-0.53,s146;O3:-2.33,0.01,s137;O4:-2.33,-0.17,s135;O5:-0.89,-1.25,s127;O6:-2.33,-0.35,s109;O7:-0.89,-0.89,s94;O8:-0.71,-1.25,s93;O9:-0.53,-1.25,s80;O10:-2.33,0.55,s75;O11:-2.33,0.37,s60;O12:-0.89,-1.07,s54;O13:-0.53,-0.89,s51;O14:-0.89,-0.71,s28;O15:-2.33,-0.71,s23;O16:-2.33,0.73,s2;O17:-0.71,-0.71,s2",RUNNING,UNKNOWN_MAP_SLAM_AVOIDANCE,unknown_map;frontier_targets;static_unknown_obstacles;dynamic_wandering_robot;costmap;slam_path_planning;obstacle_avoidance,P2_Wanderer,dynamic_wandering_robot,65.32135,65.32135,0.87985,0.27245,1,0,0,10,6,32,17,1369,17,1369,0.87985,0.27245,-0.13815,0.87985,0.27245,-0.13815
26.8,PID,HECTOR_GRID_MATCHING,HECTOR_SCAN_MATCHING_GRID,landmarks,task2,TO_RACK_T1_RETURN,AVOIDING,DIRECT,T1,WS1,-1.46444,-0.93519,-1.68134,-1.459,-0.931,-1.688,0.005,0.04284,-2.12,1.1,0.59025,0.40377,0.0954,88.74411,NORMAL,1,0,0,0,17,1375,17,17,70,1375,0.21344,0.91684,0,0,-1.46,-1.52,0,0,0.10562,0.06463,12.73035,"O1:-2.33,0.19,s149;O2:-2.33,-0.53,s148;O3:-2.33,0.01,s137;O4:-2.33,-0.17,s135;O5:-0.89,-1.25,s127;O6:-2.33,-0.35,s109;O7:-0.89,-0.89,s96;O8:-0.71,-1.25,s93;O9:-0.53,-1.25,s80;O10:-2.33,0.55,s75;O11:-2.33,0.37,s60;O12:-0.89,-1.07,s56;O13:-0.53,-0.89,s51;O14:-0.89,-0.71,s28;O15:-2.33,-0.71,s23;O16:-2.33,0.73,s2;O17:-0.71,-0.71,s2","O1:-2.33,0.19,s149;O2:-2.33,-0.53,s148;O3:-2.33,0.01,s137;O4:-2.33,-0.17,s135;O5:-0.89,-1.25,s127;O6:-2.33,-0.35,s109;O7:-0.89,-0.89,s96;O8:-0.71,-1.25,s93;O9:-0.53,-1.25,s80;O10:-2.33,0.55,s75;O11:-2.33,0.37,s60;O12:-0.89,-1.07,s56;O13:-0.53,-0.89,s51;O14:-0.89,-0.71,s28;O15:-2.33,-0.71,s23;O16:-2.33,0.73,s2;O17:-0.71,-0.71,s2",RUNNING,UNKNOWN_MAP_SLAM_AVOIDANCE,unknown_map;frontier_targets;static_unknown_obstacles;dynamic_wandering_robot;costmap;slam_path_planning;obstacle_avoidance,P2_Wanderer,dynamic_wandering_robot,65.36055,65.36055,0.89966,0.2697,1,0,0,10,6,32,17,1375,17,1375,0.89966,0.2697,-0.13815,0.89966,0.2697,-0.13815
26.9,PID,HECTOR_GRID_MATCHING,HECTOR_SCAN_MATCHING_GRID,landmarks,task2,RETURN_T1_RACK,ARRIVED_TARGET,DIRECT,T1,WS1,-1.46573,-0.94304,-1.67552,-1.466,-0.941,-1.677,0.00154,0.04303,-2.12,1.1,0.57994,0.40588,0.09476,88.72851,NORMAL,1,0,0,0,17,1381,17,17,70,1381,0.21344,0.91684,0,0,-1.46,-1.52,0,0,0.0,0.0,12.85213,"O1:-2.33,-0.53,s150;O2:-2.33,0.19,s149;O3:-2.33,0.01,s137;O4:-2.33,-0.17,s135;O5:-0.89,-1.25,s127;O6:-2.33,-0.35,s109;O7:-0.89,-0.89,s98;O8:-0.71,-1.25,s93;O9:-0.53,-1.25,s80;O10:-2.33,0.55,s75;O11:-2.33,0.37,s60;O12:-0.89,-1.07,s58;O13:-0.53,-0.89,s51;O14:-0.89,-0.71,s28;O15:-2.33,-0.71,s23;O16:-2.33,0.73,s2;O17:-0.71,-0.71,s2","O1:-2.33,-0.53,s150;O2:-2.33,0.19,s149;O3:-2.33,0.01,s137;O4:-2.33,-0.17,s135;O5:-0.89,-1.25,s127;O6:-2.33,-0.35,s109;O7:-0.89,-0.89,s98;O8:-0.71,-1.25,s93;O9:-0.53,-1.25,s80;O10:-2.33,0.55,s75;O11:-2.33,0.37,s60;O12:-0.89,-1.07,s58;O13:-0.53,-0.89,s51;O14:-0.89,-0.71,s28;O15:-2.33,-0.71,s23;O16:-2.33,0.73,s2;O17:-0.71,-0.71,s2",RUNNING,UNKNOWN_MAP_SLAM_AVOIDANCE,unknown_map;frontier_targets;static_unknown_obstacles;dynamic_wandering_robot;costmap;slam_path_planning;obstacle_avoidance,P2_Wanderer,dynamic_wandering_robot,65.39961,65.39961,0.89573,0.28931,1,0,0,10,6,32,17,1381,17,1381,0.89573,0.28931,1.76873,0.89573,0.28931,1.76873
27.0,PID,HECTOR_GRID_MATCHING,HECTOR_SCAN_MATCHING_GRID,landmarks,task2,RETURN_T1_RACK,MANIPULATING,DIRECT,T1,WS1,-1.4658,-0.94303,-1.6747,-1.468,-0.947,-1.678,0.00493,0.04345,-2.12,1.1,-1.0,-1.0,0.0,88.72601,NORMAL,1,0,0,0,17,1381,17,17,70,1381,0.21344,0.91684,0,0,-1.46,-1.52,0,0,0.0,0.0,12.85213,"O1:-2.33,-0.53,s151;O2:-2.33,0.19,s149;O3:-2.33,0.01,s137;O4:-2.33,-0.17,s135;O5:-0.89,-1.25,s127;O6:-2.33,-0.35,s109;O7:-0.89,-0.89,s99;O8:-0.71,-1.25,s93;O9:-0.53,-1.25,s80;O10:-2.33,0.55,s75;O11:-2.33,0.37,s60;O12:-0.89,-1.07,s59;O13:-0.53,-0.89,s51;O14:-0.89,-0.71,s28;O15:-2.33,-0.71,s23;O16:-2.33,0.73,s2;O17:-0.71,-0.71,s2","O1:-2.33,-0.53,s151;O2:-2.33,0.19,s149;O3:-2.33,0.01,s137;O4:-2.33,-0.17,s135;O5:-0.89,-1.25,s127;O6:-2.33,-0.35,s109;O7:-0.89,-0.89,s99;O8:-0.71,-1.25,s93;O9:-0.53,-1.25,s80;O10:-2.33,0.55,s75;O11:-2.33,0.37,s60;O12:-0.89,-1.07,s59;O13:-0.53,-0.89,s51;O14:-0.89,-0.71,s28;O15:-2.33,-0.71,s23;O16:-2.33,0.73,s2;O17:-0.71,-0.71,s2",RUNNING,UNKNOWN_MAP_SLAM_AVOIDANCE,unknown_map;frontier_targets;static_unknown_obstacles;dynamic_wandering_robot;costmap;slam_path_planning;obstacle_avoidance,P2_Wanderer,dynamic_wandering_robot,65.39961,65.39961,0.89179,0.30892,1,0,0,10,6,32,17,1381,17,1381,0.89179,0.30892,1.76873,0.89179,0.30892,1.76873
27.1,PID,HECTOR_GRID_MATCHING,HECTOR_SCAN_MATCHING_GRID,landmarks,task2,RETURN_T1_RACK,MANIPULATING,DIRECT,T1,WS1,-1.46581,-0.94301,-1.6747,-1.471,-0.949,-1.675,0.00786,0.04377,-2.12,1.1,-1.0,-1.0,0.0,88.72351,NORMAL,1,0,0,0,17,1381,17,17,70,1381,0.21344,0.91684,0,0,-1.46,-1.52,0,0,0.0,0.0,12.85213,"O1:-2.33,-0.53,s151;O2:-2.33,0.19,s149;O3:-2.33,0.01,s137;O4:-2.33,-0.17,s135;O5:-0.89,-1.25,s127;O6:-2.33,-0.35,s109;O7:-0.89,-0.89,s99;O8:-0.71,-1.25,s93;O9:-0.53,-1.25,s80;O10:-2.33,0.55,s75;O11:-2.33,0.37,s60;O12:-0.89,-1.07,s59;O13:-0.53,-0.89,s51;O14:-0.89,-0.71,s28;O15:-2.33,-0.71,s23;O16:-2.33,0.73,s2;O17:-0.71,-0.71,s2","O1:-2.33,-0.53,s151;O2:-2.33,0.19,s149;O3:-2.33,0.01,s137;O4:-2.33,-0.17,s135;O5:-0.89,-1.25,s127;O6:-2.33,-0.35,s109;O7:-0.89,-0.89,s99;O8:-0.71,-1.25,s93;O9:-0.53,-1.25,s80;O10:-2.33,0.55,s75;O11:-2.33,0.37,s60;O12:-0.89,-1.07,s59;O13:-0.53,-0.89,s51;O14:-0.89,-0.71,s28;O15:-2.33,-0.71,s23;O16:-2.33,0.73,s2;O17:-0.71,-0.71,s2",RUNNING,UNKNOWN_MAP_SLAM_AVOIDANCE,unknown_map;frontier_targets;static_unknown_obstacles;dynamic_wandering_robot;costmap;slam_path_planning;obstacle_avoidance,P2_Wanderer,dynamic_wandering_robot,65.39961,65.39961,0.88786,0.32853,1,0,0,10,6,32,17,1381,17,1381,0.88786,0.32853,1.76873,0.88786,0.32853,1.76873
27.2,PID,HECTOR_GRID_MATCHING,HECTOR_SCAN_MATCHING_GRID,landmarks,task2,RETURN_T1_RACK,MANIPULATING,DIRECT,T1,WS1,-1.46581,-0.94299,-1.67472,-1.477,-0.942,-1.67,0.01118,0.04401,-2.12,1.1,-1.0,-1.0,0.0,88.72101,NORMAL,1,0,0,0,17,1381,17,17,70,1381,0.21344,0.91684,0,0,-1.46,-1.52,0,0,0.0,0.0,12.85213,"O1:-2.33,-0.53,s151;O2:-2.33,0.19,s149;O3:-2.33,0.01,s137;O4:-2.33,-0.17,s135;O5:-0.89,-1.25,s127;O6:-2.33,-0.35,s109;O7:-0.89,-0.89,s99;O8:-0.71,-1.25,s93;O9:-0.53,-1.25,s80;O10:-2.33,0.55,s75;O11:-2.33,0.37,s60;O12:-0.89,-1.07,s59;O13:-0.53,-0.89,s51;O14:-0.89,-0.71,s28;O15:-2.33,-0.71,s23;O16:-2.33,0.73,s2;O17:-0.71,-0.71,s2","O1:-2.33,-0.53,s151;O2:-2.33,0.19,s149;O3:-2.33,0.01,s137;O4:-2.33,-0.17,s135;O5:-0.89,-1.25,s127;O6:-2.33,-0.35,s109;O7:-0.89,-0.89,s99;O8:-0.71,-1.25,s93;O9:-0.53,-1.25,s80;O10:-2.33,0.55,s75;O11:-2.33,0.37,s60;O12:-0.89,-1.07,s59;O13:-0.53,-0.89,s51;O14:-0.89,-0.71,s28;O15:-2.33,-0.71,s23;O16:-2.33,0.73,s2;O17:-0.71,-0.71,s2",RUNNING,UNKNOWN_MAP_SLAM_AVOIDANCE,unknown_map;frontier_targets;static_unknown_obstacles;dynamic_wandering_robot;costmap;slam_path_planning;obstacle_avoidance,P2_Wanderer,dynamic_wandering_robot,65.39961,65.39961,0.88393,0.34814,1,0,0,10,6,32,17,1381,17,1381,0.88393,0.34814,1.76873,0.88393,0.34814,1.76873
27.3,PID,HECTOR_GRID_MATCHING,HECTOR_SCAN_MATCHING_GRID,landmarks,task2,RETURN_T1_RACK,MANIPULATING,DIRECT,T1,WS1,-1.46581,-0.94296,-1.67475,-1.476,-0.944,-1.674,0.01073,0.04419,-2.12,1.1,-1.0,-1.0,0.0,88.71851,NORMAL,1,0,0,0,17,1381,17,17,70,1381,0.21344,0.91684,0,0,-1.46,-1.52,0,0,0.0,0.0,12.85213,"O1:-2.33,-0.53,s151;O2:-2.33,0.19,s149;O3:-2.33,0.01,s137;O4:-2.33,-0.17,s135;O5:-0.89,-1.25,s127;O6:-2.33,-0.35,s109;O7:-0.89,-0.89,s99;O8:-0.71,-1.25,s93;O9:-0.53,-1.25,s80;O10:-2.33,0.55,s75;O11:-2.33,0.37,s60;O12:-0.89,-1.07,s59;O13:-0.53,-0.89,s51;O14:-0.89,-0.71,s28;O15:-2.33,-0.71,s23;O16:-2.33,0.73,s2;O17:-0.71,-0.71,s2","O1:-2.33,-0.53,s151;O2:-2.33,0.19,s149;O3:-2.33,0.01,s137;O4:-2.33,-0.17,s135;O5:-0.89,-1.25,s127;O6:-2.33,-0.35,s109;O7:-0.89,-0.89,s99;O8:-0.71,-1.25,s93;O9:-0.53,-1.25,s80;O10:-2.33,0.55,s75;O11:-2.33,0.37,s60;O12:-0.89,-1.07,s59;O13:-0.53,-0.89,s51;O14:-0.89,-0.71,s28;O15:-2.33,-0.71,s23;O16:-2.33,0.73,s2;O17:-0.71,-0.71,s2",RUNNING,UNKNOWN_MAP_SLAM_AVOIDANCE,unknown_map;frontier_targets;static_unknown_obstacles;dynamic_wandering_robot;costmap;slam_path_planning;obstacle_avoidance,P2_Wanderer,dynamic_wandering_robot,65.39961,65.39961,0.87999,0.36775,1,0,0,10,6,32,17,1381,17,1381,0.87999,0.36775,1.76873,0.87999,0.36775,1.76873
27.4,PID,HECTOR_GRID_MATCHING,HECTOR_SCAN_MATCHING_GRID,landmarks,task2,RETURN_T1_RACK,MANIPULATING,DIRECT,T1,WS1,-1.46581,-0.94294,-1.67477,-1.471,-0.943,-1.664,0.00566,0.04432,-2.12,1.1,-1.0,-1.0,0.0,88.71601,NORMAL,1,0,0,0,17,1381,17,17,70,1381,0.21344,0.91684,0,0,-1.46,-1.52,0,0,0.0,0.0,12.85213,"O1:-2.33,-0.53,s151;O2:-2.33,0.19,s149;O3:-2.33,0.01,s137;O4:-2.33,-0.17,s135;O5:-0.89,-1.25,s127;O6:-2.33,-0.35,s109;O7:-0.89,-0.89,s99;O8:-0.71,-1.25,s93;O9:-0.53,-1.25,s80;O10:-2.33,0.55,s75;O11:-2.33,0.37,s60;O12:-0.89,-1.07,s59;O13:-0.53,-0.89,s51;O14:-0.89,-0.71,s28;O15:-2.33,-0.71,s23;O16:-2.33,0.73,s2;O17:-0.71,-0.71,s2","O1:-2.33,-0.53,s151;O2:-2.33,0.19,s149;O3:-2.33,0.01,s137;O4:-2.33,-0.17,s135;O5:-0.89,-1.25,s127;O6:-2.33,-0.35,s109;O7:-0.89,-0.89,s99;O8:-0.71,-1.25,s93;O9:-0.53,-1.25,s80;O10:-2.33,0.55,s75;O11:-2.33,0.37,s60;O12:-0.89,-1.07,s59;O13:-0.53,-0.89,s51;O14:-0.89,-0.71,s28;O15:-2.33,-0.71,s23;O16:-2.33,0.73,s2;O17:-0.71,-0.71,s2",RUNNING,UNKNOWN_MAP_SLAM_AVOIDANCE,unknown_map;frontier_targets;static_unknown_obstacles;dynamic_wandering_robot;costmap;slam_path_planning;obstacle_avoidance,P2_Wanderer,dynamic_wandering_robot,65.39961,65.39961,0.87606,0.38736,1,0,0,10,6,32,17,1381,17,1381,0.87606,0.38736,1.76873,0.87606,0.38736,1.76873
27.5,PID,HECTOR_GRID_MATCHING,HECTOR_SCAN_MATCHING_GRID,landmarks,task2,RETURN_T1_RACK,MANIPULATING,DIRECT,T1,WS1,-1.46582,-0.94292,-1.67479,-1.471,-0.938,-1.664,0.00711,0.04442,-2.12,1.1,-1.0,-1.0,0.0,88.71351,NORMAL,1,0,0,0,17,1381,17,17,70,1381,0.21344,0.91684,0,0,-1.46,-1.52,0,0,0.0,0.0,12.85213,"O1:-2.33,-0.53,s151;O2:-2.33,0.19,s149;O3:-2.33,0.01,s137;O4:-2.33,-0.17,s135;O5:-0.89,-1.25,s127;O6:-2.33,-0.35,s109;O7:-0.89,-0.89,s99;O8:-0.71,-1.25,s93;O9:-0.53,-1.25,s80;O10:-2.33,0.55,s75;O11:-2.33,0.37,s60;O12:-0.89,-1.07,s59;O13:-0.53,-0.89,s51;O14:-0.89,-0.71,s28;O15:-2.33,-0.71,s23;O16:-2.33,0.73,s2;O17:-0.71,-0.71,s2","O1:-2.33,-0.53,s151;O2:-2.33,0.19,s149;O3:-2.33,0.01,s137;O4:-2.33,-0.17,s135;O5:-0.89,-1.25,s127;O6:-2.33,-0.35,s109;O7:-0.89,-0.89,s99;O8:-0.71,-1.25,s93;O9:-0.53,-1.25,s80;O10:-2.33,0.55,s75;O11:-2.33,0.37,s60;O12:-0.89,-1.07,s59;O13:-0.53,-0.89,s51;O14:-0.89,-0.71,s28;O15:-2.33,-0.71,s23;O16:-2.33,0.73,s2;O17:-0.71,-0.71,s2",RUNNING,UNKNOWN_MAP_SLAM_AVOIDANCE,unknown_map;frontier_targets;static_unknown_obstacles;dynamic_wandering_robot;costmap;slam_path_planning;obstacle_avoidance,P2_Wanderer,dynamic_wandering_robot,65.39961,65.39961,0.87213,0.40697,1,0,0,10,6,32,17,1381,17,1381,0.87213,0.40697,1.76873,0.87213,0.40697,1.76873
27.6,PID,HECTOR_GRID_MATCHING,HECTOR_SCAN_MATCHING_GRID,landmarks,task2,RETURN_T1_RACK,MANIPULATING,DIRECT,T1,WS1,-1.46582,-0.9429,-1.67481,-1.469,-0.932,-1.667,0.01083,0.0445,-2.12,1.1,-1.0,-1.0,0.0,88.71101,NORMAL,1,0,0,0,17,1381,17,17,70,1381,0.21344,0.91684,0,0,-1.46,-1.52,0,0,0.0,0.0,12.85213,"O1:-2.33,-0.53,s151;O2:-2.33,0.19,s149;O3:-2.33,0.01,s137;O4:-2.33,-0.17,s135;O5:-0.89,-1.25,s127;O6:-2.33,-0.35,s109;O7:-0.89,-0.89,s99;O8:-0.71,-1.25,s93;O9:-0.53,-1.25,s80;O10:-2.33,0.55,s75;O11:-2.33,0.37,s60;O12:-0.89,-1.07,s59;O13:-0.53,-0.89,s51;O14:-0.89,-0.71,s28;O15:-2.33,-0.71,s23;O16:-2.33,0.73,s2;O17:-0.71,-0.71,s2","O1:-2.33,-0.53,s151;O2:-2.33,0.19,s149;O3:-2.33,0.01,s137;O4:-2.33,-0.17,s135;O5:-0.89,-1.25,s127;O6:-2.33,-0.35,s109;O7:-0.89,-0.89,s99;O8:-0.71,-1.25,s93;O9:-0.53,-1.25,s80;O10:-2.33,0.55,s75;O11:-2.33,0.37,s60;O12:-0.89,-1.07,s59;O13:-0.53,-0.89,s51;O14:-0.89,-0.71,s28;O15:-2.33,-0.71,s23;O16:-2.33,0.73,s2;O17:-0.71,-0.71,s2",RUNNING,UNKNOWN_MAP_SLAM_AVOIDANCE,unknown_map;frontier_targets;static_unknown_obstacles;dynamic_wandering_robot;costmap;slam_path_planning;obstacle_avoidance,P2_Wanderer,dynamic_wandering_robot,65.39961,65.39961,0.8682,0.42658,1,0,0,10,6,32,17,1381,17,1381,0.8682,0.42658,1.76873,0.8682,0.42658,1.76873
27.7,PID,HECTOR_GRID_MATCHING,HECTOR_SCAN_MATCHING_GRID,landmarks,task2,RETURN_T1_RACK,MANIPULATING,DIRECT,T1,WS1,-1.46582,-0.94287,-1.67483,-1.475,-0.931,-1.674,0.01511,0.04455,-2.12,1.1,-1.0,-1.0,0.0,88.70851,NORMAL,1,0,0,0,17,1381,17,17,70,1381,0.21344,0.91684,0,0,-1.46,-1.52,0,0,0.0,0.0,12.85213,"O1:-2.33,-0.53,s151;O2:-2.33,0.19,s149;O3:-2.33,0.01,s137;O4:-2.33,-0.17,s135;O5:-0.89,-1.25,s127;O6:-2.33,-0.35,s109;O7:-0.89,-0.89,s99;O8:-0.71,-1.25,s93;O9:-0.53,-1.25,s80;O10:-2.33,0.55,s75;O11:-2.33,0.37,s60;O12:-0.89,-1.07,s59;O13:-0.53,-0.89,s51;O14:-0.89,-0.71,s28;O15:-2.33,-0.71,s23;O16:-2.33,0.73,s2;O17:-0.71,-0.71,s2","O1:-2.33,-0.53,s151;O2:-2.33,0.19,s149;O3:-2.33,0.01,s137;O4:-2.33,-0.17,s135;O5:-0.89,-1.25,s127;O6:-2.33,-0.35,s109;O7:-0.89,-0.89,s99;O8:-0.71,-1.25,s93;O9:-0.53,-1.25,s80;O10:-2.33,0.55,s75;O11:-2.33,0.37,s60;O12:-0.89,-1.07,s59;O13:-0.53,-0.89,s51;O14:-0.89,-0.71,s28;O15:-2.33,-0.71,s23;O16:-2.33,0.73,s2;O17:-0.71,-0.71,s2",RUNNING,UNKNOWN_MAP_SLAM_AVOIDANCE,unknown_map;frontier_targets;static_unknown_obstacles;dynamic_wandering_robot;costmap;slam_path_planning;obstacle_avoidance,P2_Wanderer,dynamic_wandering_robot,65.39961,65.39961,0.86426,0.44618,1,0,0,10,6,32,17,1381,17,1381,0.86426,0.44618,1.76873,0.86426,0.44618,1.76873
27.8,PID,HECTOR_GRID_MATCHING,HECTOR_SCAN_MATCHING_GRID,landmarks,task3,WAIT_B1_WS2_REQUEST_T2,WAIT_B1,DIRECT,T2,TRANSIT_TO_WS2,-1.46582,-0.94285,-1.67485,-1.477,-0.928,-1.673,0.01854,0.04459,-2.102,1.1,-1.0,-1.0,0.0,88.70601,NORMAL,2,0,0,0,17,1381,17,17,70,1381,0.21344,0.91684,0,0,-1.46,-1.52,0,0,0.0,0.0,12.85213,"O1:-2.33,-0.53,s151;O2:-2.33,0.19,s149;O3:-2.33,0.01,s137;O4:-2.33,-0.17,s135;O5:-0.89,-1.25,s127;O6:-2.33,-0.35,s109;O7:-0.89,-0.89,s99;O8:-0.71,-1.25,s93;O9:-0.53,-1.25,s80;O10:-2.33,0.55,s75;O11:-2.33,0.37,s60;O12:-0.89,-1.07,s59;O13:-0.53,-0.89,s51;O14:-0.89,-0.71,s28;O15:-2.33,-0.71,s23;O16:-2.33,0.73,s2;O17:-0.71,-0.71,s2","O1:-2.33,-0.53,s151;O2:-2.33,0.19,s149;O3:-2.33,0.01,s137;O4:-2.33,-0.17,s135;O5:-0.89,-1.25,s127;O6:-2.33,-0.35,s109;O7:-0.89,-0.89,s99;O8:-0.71,-1.25,s93;O9:-0.53,-1.25,s80;O10:-2.33,0.55,s75;O11:-2.33,0.37,s60;O12:-0.89,-1.07,s59;O13:-0.53,-0.89,s51;O14:-0.89,-0.71,s28;O15:-2.33,-0.71,s23;O16:-2.33,0.73,s2;O17:-0.71,-0.71,s2",RUNNING,UNKNOWN_MAP_SLAM_AVOIDANCE,unknown_map;frontier_targets;static_unknown_obstacles;dynamic_wandering_robot;costmap;slam_path_planning;obstacle_avoidance,P2_Wanderer,dynamic_wandering_robot,65.39961,65.39961,0.86033,0.46579,1,0,0,10,6,32,17,1381,17,1381,0.86033,0.46579,1.76873,0.86033,0.46579,1.76873
27.9,PID,HECTOR_GRID_MATCHING,HECTOR_SCAN_MATCHING_GRID,landmarks,task3,WAIT_B1_WS2_REQUEST_T2,WAIT_B1,DIRECT,T2,TRANSIT_TO_WS2,-1.46583,-0.94283,-1.67488,-1.474,-0.935,-1.674,0.01112,0.04462,-2.066,1.1,-1.0,-1.0,0.0,88.70351,NORMAL,2,0,0,0,17,1381,17,17,70,1381,0.21344,0.91684,0,0,-1.46,-1.52,0,0,0.0,0.0,12.85213,"O1:-2.33,-0.53,s151;O2:-2.33,0.19,s149;O3:-2.33,0.01,s137;O4:-2.33,-0.17,s135;O5:-0.89,-1.25,s127;O6:-2.33,-0.35,s109;O7:-0.89,-0.89,s99;O8:-0.71,-1.25,s93;O9:-0.53,-1.25,s80;O10:-2.33,0.55,s75;O11:-2.33,0.37,s60;O12:-0.89,-1.07,s59;O13:-0.53,-0.89,s51;O14:-0.89,-0.71,s28;O15:-2.33,-0.71,s23;O16:-2.33,0.73,s2;O17:-0.71,-0.71,s2","O1:-2.33,-0.53,s151;O2:-2.33,0.19,s149;O3:-2.33,0.01,s137;O4:-2.33,-0.17,s135;O5:-0.89,-1.25,s127;O6:-2.33,-0.35,s109;O7:-0.89,-0.89,s99;O8:-0.71,-1.25,s93;O9:-0.53,-1.25,s80;O10:-2.33,0.55,s75;O11:-2.33,0.37,s60;O12:-0.89,-1.07,s59;O13:-0.53,-0.89,s51;O14:-0.89,-0.71,s28;O15:-2.33,-0.71,s23;O16:-2.33,0.73,s2;O17:-0.71,-0.71,s2",RUNNING,UNKNOWN_MAP_SLAM_AVOIDANCE,unknown_map;frontier_targets;static_unknown_obstacles;dynamic_wandering_robot;costmap;slam_path_planning;obstacle_avoidance,P2_Wanderer,dynamic_wandering_robot,65.39961,65.39961,0.8564,0.4854,1,0,0,10,6,32,17,1381,17,1381,0.8564,0.4854,1.76873,0.8564,0.4854,1.76873
28.0,PID,HECTOR_GRID_MATCHING,HECTOR_SCAN_MATCHING_GRID,landmarks,task3,WAIT_B1_WS2_REQUEST_T2,WAIT_B1,DIRECT,T2,TRANSIT_TO_WS2,-1.46583,-0.94281,-1.6749,-1.473,-0.941,-1.673,0.00693,0.04464,-2.03,1.1,-1.0,-1.0,0.0,88.70101,NORMAL,2,0,0,0,17,1381,17,17,70,1381,0.21344,0.91684,0,0,-1.46,-1.52,0,0,0.0,0.0,12.85213,"O1:-2.33,-0.53,s151;O2:-2.33,0.19,s149;O3:-2.33,0.01,s137;O4:-2.33,-0.17,s135;O5:-0.89,-1.25,s127;O6:-2.33,-0.35,s109;O7:-0.89,-0.89,s99;O8:-0.71,-1.25,s93;O9:-0.53,-1.25,s80;O10:-2.33,0.55,s75;O11:-2.33,0.37,s60;O12:-0.89,-1.07,s59;O13:-0.53,-0.89,s51;O14:-0.89,-0.71,s28;O15:-2.33,-0.71,s23;O16:-2.33,0.73,s2;O17:-0.71,-0.71,s2","O1:-2.33,-0.53,s151;O2:-2.33,0.19,s149;O3:-2.33,0.01,s137;O4:-2.33,-0.17,s135;O5:-0.89,-1.25,s127;O6:-2.33,-0.35,s109;O7:-0.89,-0.89,s99;O8:-0.71,-1.25,s93;O9:-0.53,-1.25,s80;O10:-2.33,0.55,s75;O11:-2.33,0.37,s60;O12:-0.89,-1.07,s59;O13:-0.53,-0.89,s51;O14:-0.89,-0.71,s28;O15:-2.33,-0.71,s23;O16:-2.33,0.73,s2;O17:-0.71,-0.71,s2",RUNNING,UNKNOWN_MAP_SLAM_AVOIDANCE,unknown_map;frontier_targets;static_unknown_obstacles;dynamic_wandering_robot;costmap;slam_path_planning;obstacle_avoidance,P2_Wanderer,dynamic_wandering_robot,65.39961,65.39961,0.85246,0.50501,1,0,0,10,6,32,17,1381,17,1381,0.85246,0.50501,1.76873,0.85246,0.50501,1.76873
28.1,PID,HECTOR_GRID_MATCHING,HECTOR_SCAN_MATCHING_GRID,landmarks,task3,WAIT_B1_WS2_REQUEST_T2,WAIT_B1,DIRECT,T2,TRANSIT_TO_WS2,-1.46583,-0.94279,-1.67492,-1.475,-0.946,-1.674,0.0099,0.04465,-1.994,1.1,-1.0,-1.0,0.0,88.69851,NORMAL,2,0,0,0,17,1381,17,17,70,1381,0.21344,0.91684,0,0,-1.46,-1.52,0,0,0.0,0.0,12.85213,"O1:-2.33,-0.53,s151;O2:-2.33,0.19,s149;O3:-2.33,0.01,s137;O4:-2.33,-0.17,s135;O5:-0.89,-1.25,s127;O6:-2.33,-0.35,s109;O7:-0.89,-0.89,s99;O8:-0.71,-1.25,s93;O9:-0.53,-1.25,s80;O10:-2.33,0.55,s75;O11:-2.33,0.37,s60;O12:-0.89,-1.07,s59;O13:-0.53,-0.89,s51;O14:-0.89,-0.71,s28;O15:-2.33,-0.71,s23;O16:-2.33,0.73,s2;O17:-0.71,-0.71,s2","O1:-2.33,-0.53,s151;O2:-2.33,0.19,s149;O3:-2.33,0.01,s137;O4:-2.33,-0.17,s135;O5:-0.89,-1.25,s127;O6:-2.33,-0.35,s109;O7:-0.89,-0.89,s99;O8:-0.71,-1.25,s93;O9:-0.53,-1.25,s80;O10:-2.33,0.55,s75;O11:-2.33,0.37,s60;O12:-0.89,-1.07,s59;O13:-0.53,-0.89,s51;O14:-0.89,-0.71,s28;O15:-2.33,-0.71,s23;O16:-2.33,0.73,s2;O17:-0.71,-0.71,s2",RUNNING,UNKNOWN_MAP_SLAM_AVOIDANCE,unknown_map;frontier_targets;static_unknown_obstacles;dynamic_wandering_robot;costmap;slam_path_planning;obstacle_avoidance,P2_Wanderer,dynamic_wandering_robot,65.39961,65.39961,0.84853,0.52462,1,0,0,10,6,32,17,1381,17,1381,0.84853,0.52462,1.76873,0.84853,0.52462,1.76873
28.2,PID,HECTOR_GRID_MATCHING,HECTOR_SCAN_MATCHING_GRID,landmarks,task3,WAIT_B1_WS2_REQUEST_T2,WAIT_B1,DIRECT,T2,TRANSIT_TO_WS2,-1.46583,-0.94276,-1.67494,-1.476,-0.951,-1.676,0.0129,0.04467,-1.958,1.1,-1.0,-1.0,0.0,88.69601,NORMAL,2,0,0,0,17,1381,17,17,70,1381,0.21344,0.91684,0,0,-1.46,-1.52,0,0,0.0,0.0,12.85213,"O1:-2.33,-0.53,s151;O2:-2.33,0.19,s149;O3:-2.33,0.01,s137;O4:-2.33,-0.17,s135;O5:-0.89,-1.25,s127;O6:-2.33,-0.35,s109;O7:-0.89,-0.89,s99;O8:-0.71,-1.25,s93;O9:-0.53,-1.25,s80;O10:-2.33,0.55,s75;O11:-2.33,0.37,s60;O12:-0.89,-1.07,s59;O13:-0.53,-0.89,s51;O14:-0.89,-0.71,s28;O15:-2.33,-0.71,s23;O16:-2.33,0.73,s2;O17:-0.71,-0.71,s2","O1:-2.33,-0.53,s151;O2:-2.33,0.19,s149;O3:-2.33,0.01,s137;O4:-2.33,-0.17,s135;O5:-0.89,-1.25,s127;O6:-2.33,-0.35,s109;O7:-0.89,-0.89,s99;O8:-0.71,-1.25,s93;O9:-0.53,-1.25,s80;O10:-2.33,0.55,s75;O11:-2.33,0.37,s60;O12:-0.89,-1.07,s59;O13:-0.53,-0.89,s51;O14:-0.89,-0.71,s28;O15:-2.33,-0.71,s23;O16:-2.33,0.73,s2;O17:-0.71,-0.71,s2",RUNNING,UNKNOWN_MAP_SLAM_AVOIDANCE,unknown_map;frontier_targets;static_unknown_obstacles;dynamic_wandering_robot;costmap;slam_path_planning;obstacle_avoidance,P2_Wanderer,dynamic_wandering_robot,65.39961,65.39961,0.8446,0.54423,1,0,0,10,6,32,17,1381,17,1381,0.8446,0.54423,1.76873,0.8446,0.54423,1.76873
28.3,PID,HECTOR_GRID_MATCHING,HECTOR_SCAN_MATCHING_GRID,landmarks,task3,WAIT_B1_WS2_REQUEST_T2,WAIT_B1,DIRECT,T2,TRANSIT_TO_WS2,-1.46584,-0.94274,-1.67496,-1.476,-0.949,-1.676,0.01248,0.04468,-1.922,1.1,-1.0,-1.0,0.0,88.69351,NORMAL,2,0,0,0,17,1381,17,17,70,1381,0.21344,0.91684,0,0,-1.46,-1.52,0,0,0.0,0.0,12.85213,"O1:-2.33,-0.53,s151;O2:-2.33,0.19,s149;O3:-2.33,0.01,s137;O4:-2.33,-0.17,s135;O5:-0.89,-1.25,s127;O6:-2.33,-0.35,s109;O7:-0.89,-0.89,s99;O8:-0.71,-1.25,s93;O9:-0.53,-1.25,s80;O10:-2.33,0.55,s75;O11:-2.33,0.37,s60;O12:-0.89,-1.07,s59;O13:-0.53,-0.89,s51;O14:-0.89,-0.71,s28;O15:-2.33,-0.71,s23;O16:-2.33,0.73,s2;O17:-0.71,-0.71,s2","O1:-2.33,-0.53,s151;O2:-2.33,0.19,s149;O3:-2.33,0.01,s137;O4:-2.33,-0.17,s135;O5:-0.89,-1.25,s127;O6:-2.33,-0.35,s109;O7:-0.89,-0.89,s99;O8:-0.71,-1.25,s93;O9:-0.53,-1.25,s80;O10:-2.33,0.55,s75;O11:-2.33,0.37,s60;O12:-0.89,-1.07,s59;O13:-0.53,-0.89,s51;O14:-0.89,-0.71,s28;O15:-2.33,-0.71,s23;O16:-2.33,0.73,s2;O17:-0.71,-0.71,s2",RUNNING,UNKNOWN_MAP_SLAM_AVOIDANCE,unknown_map;frontier_targets;static_unknown_obstacles;dynamic_wandering_robot;costmap;slam_path_planning;obstacle_avoidance,P2_Wanderer,dynamic_wandering_robot,65.39961,65.39961,0.84067,0.56384,1,0,0,10,6,32,17,1381,17,1381,0.84067,0.56384,1.76873,0.84067,0.56384,1.76873
28.4,PID,HECTOR_GRID_MATCHING,HECTOR_SCAN_MATCHING_GRID,landmarks,task3,WAIT_B1_WS2_REQUEST_T2,WAIT_B1,DIRECT,T2,TRANSIT_TO_WS2,-1.46584,-0.94272,-1.67498,-1.472,-0.952,-1.677,0.01087,0.04468,-1.886,1.1,-1.0,-1.0,0.0,88.69101,NORMAL,2,0,0,0,17,1381,17,17,70,1381,0.21344,0.91684,0,0,-1.46,-1.52,0,0,0.0,0.0,12.85213,"O1:-2.33,-0.53,s151;O2:-2.33,0.19,s149;O3:-2.33,0.01,s137;O4:-2.33,-0.17,s135;O5:-0.89,-1.25,s127;O6:-2.33,-0.35,s109;O7:-0.89,-0.89,s99;O8:-0.71,-1.25,s93;O9:-0.53,-1.25,s80;O10:-2.33,0.55,s75;O11:-2.33,0.37,s60;O12:-0.89,-1.07,s59;O13:-0.53,-0.89,s51;O14:-0.89,-0.71,s28;O15:-2.33,-0.71,s23;O16:-2.33,0.73,s2;O17:-0.71,-0.71,s2","O1:-2.33,-0.53,s151;O2:-2.33,0.19,s149;O3:-2.33,0.01,s137;O4:-2.33,-0.17,s135;O5:-0.89,-1.25,s127;O6:-2.33,-0.35,s109;O7:-0.89,-0.89,s99;O8:-0.71,-1.25,s93;O9:-0.53,-1.25,s80;O10:-2.33,0.55,s75;O11:-2.33,0.37,s60;O12:-0.89,-1.07,s59;O13:-0.53,-0.89,s51;O14:-0.89,-0.71,s28;O15:-2.33,-0.71,s23;O16:-2.33,0.73,s2;O17:-0.71,-0.71,s2",RUNNING,UNKNOWN_MAP_SLAM_AVOIDANCE,unknown_map;frontier_targets;static_unknown_obstacles;dynamic_wandering_robot;costmap;slam_path_planning;obstacle_avoidance,P2_Wanderer,dynamic_wandering_robot,65.39961,65.39961,0.83673,0.58345,1,0,0,10,6,32,17,1381,17,1381,0.83673,0.58345,1.76873,0.83673,0.58345,1.76873
28.5,PID,HECTOR_GRID_MATCHING,HECTOR_SCAN_MATCHING_GRID,landmarks,task3,WAIT_B1_WS2_REQUEST_T2,WAIT_B1,DIRECT,T2,TRANSIT_TO_WS2,-1.46584,-0.9427,-1.675,-1.472,-0.955,-1.669,0.01416,0.04469,-1.85,1.1,-1.0,-1.0,0.0,88.68851,NORMAL,2,0,0,0,17,1381,17,17,70,1381,0.21344,0.91684,0,0,-1.46,-1.52,0,0,0.0,0.0,12.85213,"O1:-2.33,-0.53,s151;O2:-2.33,0.19,s149;O3:-2.33,0.01,s137;O4:-2.33,-0.17,s135;O5:-0.89,-1.25,s127;O6:-2.33,-0.35,s109;O7:-0.89,-0.89,s99;O8:-0.71,-1.25,s93;O9:-0.53,-1.25,s80;O10:-2.33,0.55,s75;O11:-2.33,0.37,s60;O12:-0.89,-1.07,s59;O13:-0.53,-0.89,s51;O14:-0.89,-0.71,s28;O15:-2.33,-0.71,s23;O16:-2.33,0.73,s2;O17:-0.71,-0.71,s2","O1:-2.33,-0.53,s151;O2:-2.33,0.19,s149;O3:-2.33,0.01,s137;O4:-2.33,-0.17,s135;O5:-0.89,-1.25,s127;O6:-2.33,-0.35,s109;O7:-0.89,-0.89,s99;O8:-0.71,-1.25,s93;O9:-0.53,-1.25,s80;O10:-2.33,0.55,s75;O11:-2.33,0.37,s60;O12:-0.89,-1.07,s59;O13:-0.53,-0.89,s51;O14:-0.89,-0.71,s28;O15:-2.33,-0.71,s23;O16:-2.33,0.73,s2;O17:-0.71,-0.71,s2",RUNNING,UNKNOWN_MAP_SLAM_AVOIDANCE,unknown_map;frontier_targets;static_unknown_obstacles;dynamic_wandering_robot;costmap;slam_path_planning;obstacle_avoidance,P2_Wanderer,dynamic_wandering_robot,65.39961,65.39961,0.8328,0.60306,1,0,0,10,6,32,17,1381,17,1381,0.8328,0.60306,1.76873,0.8328,0.60306,1.76873
28.6,PID,HECTOR_GRID_MATCHING,HECTOR_SCAN_MATCHING_GRID,landmarks,task3,WAIT_B1_WS2_REQUEST_T2,WAIT_B1,DIRECT,T2,TRANSIT_TO_WS2,-1.46585,-0.94267,-1.67503,-1.484,-0.961,-1.665,0.02613,0.04469,-1.814,1.1,-1.0,-1.0,0.0,88.68601,NORMAL,2,0,0,0,17,1381,17,17,70,1381,0.21344,0.91684,0,0,-1.46,-1.52,0,0,0.0,0.0,12.85213,"O1:-2.33,-0.53,s151;O2:-2.33,0.19,s149;O3:-2.33,0.01,s137;O4:-2.33,-0.17,s135;O5:-0.89,-1.25,s127;O6:-2.33,-0.35,s109;O7:-0.89,-0.89,s99;O8:-0.71,-1.25,s93;O9:-0.53,-1.25,s80;O10:-2.33,0.55,s75;O11:-2.33,0.37,s60;O12:-0.89,-1.07,s59;O13:-0.53,-0.89,s51;O14:-0.89,-0.71,s28;O15:-2.33,-0.71,s23;O16:-2.33,0.73,s2;O17:-0.71,-0.71,s2","O1:-2.33,-0.53,s151;O2:-2.33,0.19,s149;O3:-2.33,0.01,s137;O4:-2.33,-0.17,s135;O5:-0.89,-1.25,s127;O6:-2.33,-0.35,s109;O7:-0.89,-0.89,s99;O8:-0.71,-1.25,s93;O9:-0.53,-1.25,s80;O10:-2.33,0.55,s75;O11:-2.33,0.37,s60;O12:-0.89,-1.07,s59;O13:-0.53,-0.89,s51;O14:-0.89,-0.71,s28;O15:-2.33,-0.71,s23;O16:-2.33,0.73,s2;O17:-0.71,-0.71,s2",RUNNING,UNKNOWN_MAP_SLAM_AVOIDANCE,unknown_map;frontier_targets;static_unknown_obstacles;dynamic_wandering_robot;costmap;slam_path_planning;obstacle_avoidance,P2_Wanderer,dynamic_wandering_robot,65.39961,65.39961,0.82887,0.62267,1,0,0,10,6,32,17,1381,17,1381,0.82887,0.62267,1.76873,0.82887,0.62267,1.76873
28.7,PID,HECTOR_GRID_MATCHING,HECTOR_SCAN_MATCHING_GRID,landmarks,task3,WAIT_B1_WS2_REQUEST_T2,WAIT_B1,DIRECT,T2,TRANSIT_TO_WS2,-1.46585,-0.94265,-1.67504,-1.483,-0.964,-1.673,0.0272,0.04469,-1.778,1.1,-1.0,-1.0,0.0,88.68351,NORMAL,2,0,0,0,17,1381,17,17,70,1381,0.21344,0.91684,0,0,-1.46,-1.52,0,0,0.0,0.0,12.85213,"O1:-2.33,-0.53,s151;O2:-2.33,0.19,s149;O3:-2.33,0.01,s137;O4:-2.33,-0.17,s135;O5:-0.89,-1.25,s127;O6:-2.33,-0.35,s109;O7:-0.89,-0.89,s99;O8:-0.71,-1.25,s93;O9:-0.53,-1.25,s80;O10:-2.33,0.55,s75;O11:-2.33,0.37,s60;O12:-0.89,-1.07,s59;O13:-0.53,-0.89,s51;O14:-0.89,-0.71,s28;O15:-2.33,-0.71,s23;O16:-2.33,0.73,s2;O17:-0.71,-0.71,s2","O1:-2.33,-0.53,s151;O2:-2.33,0.19,s149;O3:-2.33,0.01,s137;O4:-2.33,-0.17,s135;O5:-0.89,-1.25,s127;O6:-2.33,-0.35,s109;O7:-0.89,-0.89,s99;O8:-0.71,-1.25,s93;O9:-0.53,-1.25,s80;O10:-2.33,0.55,s75;O11:-2.33,0.37,s60;O12:-0.89,-1.07,s59;O13:-0.53,-0.89,s51;O14:-0.89,-0.71,s28;O15:-2.33,-0.71,s23;O16:-2.33,0.73,s2;O17:-0.71,-0.71,s2",RUNNING,UNKNOWN_MAP_SLAM_AVOIDANCE,unknown_map;frontier_targets;static_unknown_obstacles;dynamic_wandering_robot;costmap;slam_path_planning;obstacle_avoidance,P2_Wanderer,dynamic_wandering_robot,65.39961,65.39961,0.82493,0.64228,1,0,0,10,6,32,17,1381,17,1381,0.82493,0.64228,1.76873,0.82493,0.64228,1.76873
28.8,PID,HECTOR_GRID_MATCHING,HECTOR_SCAN_MATCHING_GRID,landmarks,task3,WAIT_B1_WS2_REQUEST_T2,WAIT_B1,DIRECT,T2,TRANSIT_TO_WS2,-1.46585,-0.94263,-1.67506,-1.49,-0.959,-1.678,0.02891,0.04469,-1.742,1.1,-1.0,-1.0,0.0,88.68101,NORMAL,2,0,0,0,17,1381,17,17,70,1381,0.21344,0.91684,0,0,-1.46,-1.52,0,0,0.0,0.0,12.85213,"O1:-2.33,-0.53,s151;O2:-2.33,0.19,s149;O3:-2.33,0.01,s137;O4:-2.33,-0.17,s135;O5:-0.89,-1.25,s127;O6:-2.33,-0.35,s109;O7:-0.89,-0.89,s99;O8:-0.71,-1.25,s93;O9:-0.53,-1.25,s80;O10:-2.33,0.55,s75;O11:-2.33,0.37,s60;O12:-0.89,-1.07,s59;O13:-0.53,-0.89,s51;O14:-0.89,-0.71,s28;O15:-2.33,-0.71,s23;O16:-2.33,0.73,s2;O17:-0.71,-0.71,s2","O1:-2.33,-0.53,s151;O2:-2.33,0.19,s149;O3:-2.33,0.01,s137;O4:-2.33,-0.17,s135;O5:-0.89,-1.25,s127;O6:-2.33,-0.35,s109;O7:-0.89,-0.89,s99;O8:-0.71,-1.25,s93;O9:-0.53,-1.25,s80;O10:-2.33,0.55,s75;O11:-2.33,0.37,s60;O12:-0.89,-1.07,s59;O13:-0.53,-0.89,s51;O14:-0.89,-0.71,s28;O15:-2.33,-0.71,s23;O16:-2.33,0.73,s2;O17:-0.71,-0.71,s2",RUNNING,UNKNOWN_MAP_SLAM_AVOIDANCE,unknown_map;frontier_targets;static_unknown_obstacles;dynamic_wandering_robot;costmap;slam_path_planning;obstacle_avoidance,P2_Wanderer,dynamic_wandering_robot,65.39961,65.39961,0.821,0.66189,1,0,0,10,6,32,17,1381,17,1381,0.821,0.66189,1.76873,0.821,0.66189,1.76873
28.9,PID,HECTOR_GRID_MATCHING,HECTOR_SCAN_MATCHING_GRID,landmarks,task3,WAIT_B1_WS2_REQUEST_T2,WAIT_B1,DIRECT,T2,TRANSIT_TO_WS2,-1.46585,-0.94261,-1.67509,-1.481,-0.952,-1.682,0.01781,0.0447,-1.706,1.1,-1.0,-1.0,0.0,88.67851,NORMAL,2,0,0,0,17,1381,17,17,70,1381,0.21344,0.91684,0,0,-1.46,-1.52,0,0,0.0,0.0,12.85213,"O1:-2.33,-0.53,s151;O2:-2.33,0.19,s149;O3:-2.33,0.01,s137;O4:-2.33,-0.17,s135;O5:-0.89,-1.25,s127;O6:-2.33,-0.35,s109;O7:-0.89,-0.89,s99;O8:-0.71,-1.25,s93;O9:-0.53,-1.25,s80;O10:-2.33,0.55,s75;O11:-2.33,0.37,s60;O12:-0.89,-1.07,s59;O13:-0.53,-0.89,s51;O14:-0.89,-0.71,s28;O15:-2.33,-0.71,s23;O16:-2.33,0.73,s2;O17:-0.71,-0.71,s2","O1:-2.33,-0.53,s151;O2:-2.33,0.19,s149;O3:-2.33,0.01,s137;O4:-2.33,-0.17,s135;O5:-0.89,-1.25,s127;O6:-2.33,-0.35,s109;O7:-0.89,-0.89,s99;O8:-0.71,-1.25,s93;O9:-0.53,-1.25,s80;O10:-2.33,0.55,s75;O11:-2.33,0.37,s60;O12:-0.89,-1.07,s59;O13:-0.53,-0.89,s51;O14:-0.89,-0.71,s28;O15:-2.33,-0.71,s23;O16:-2.33,0.73,s2;O17:-0.71,-0.71,s2",RUNNING,UNKNOWN_MAP_SLAM_AVOIDANCE,unknown_map;frontier_targets;static_unknown_obstacles;dynamic_wandering_robot;costmap;slam_path_planning;obstacle_avoidance,P2_Wanderer,dynamic_wandering_robot,65.39961,65.39961,0.81707,0.6815,1,0,0,10,6,32,17,1381,17,1381,0.81707,0.6815,1.76873,0.81707,0.6815,1.76873
29.0,PID,HECTOR_GRID_MATCHING,HECTOR_SCAN_MATCHING_GRID,landmarks,task3,WAIT_B1_WS2_REQUEST_T2,WAIT_B1,DIRECT,T2,TRANSIT_TO_WS2,-1.46586,-0.94259,-1.67511,-1.475,-0.953,-1.675,0.01436,0.0447,-1.67,1.1,-1.0,-1.0,0.0,88.67601,NORMAL,2,0,0,0,17,1381,17,17,70,1381,0.21344,0.91684,0,0,-1.46,-1.52,0,0,0.0,0.0,12.85213,"O1:-2.33,-0.53,s151;O2:-2.33,0.19,s149;O3:-2.33,0.01,s137;O4:-2.33,-0.17,s135;O5:-0.89,-1.25,s127;O6:-2.33,-0.35,s109;O7:-0.89,-0.89,s99;O8:-0.71,-1.25,s93;O9:-0.53,-1.25,s80;O10:-2.33,0.55,s75;O11:-2.33,0.37,s60;O12:-0.89,-1.07,s59;O13:-0.53,-0.89,s51;O14:-0.89,-0.71,s28;O15:-2.33,-0.71,s23;O16:-2.33,0.73,s2;O17:-0.71,-0.71,s2","O1:-2.33,-0.53,s151;O2:-2.33,0.19,s149;O3:-2.33,0.01,s137;O4:-2.33,-0.17,s135;O5:-0.89,-1.25,s127;O6:-2.33,-0.35,s109;O7:-0.89,-0.89,s99;O8:-0.71,-1.25,s93;O9:-0.53,-1.25,s80;O10:-2.33,0.55,s75;O11:-2.33,0.37,s60;O12:-0.89,-1.07,s59;O13:-0.53,-0.89,s51;O14:-0.89,-0.71,s28;O15:-2.33,-0.71,s23;O16:-2.33,0.73,s2;O17:-0.71,-0.71,s2",RUNNING,UNKNOWN_MAP_SLAM_AVOIDANCE,unknown_map;frontier_targets;static_unknown_obstacles;dynamic_wandering_robot;costmap;slam_path_planning;obstacle_avoidance,P2_Wanderer,dynamic_wandering_robot,65.39961,65.39961,0.81314,0.70111,1,0,0,10,6,32,17,1381,17,1381,0.81314,0.70111,1.76873,0.81314,0.70111,1.76873
29.1,PID,HECTOR_GRID_MATCHING,HECTOR_SCAN_MATCHING_GRID,landmarks,task3,WAIT_B1_WS2_REQUEST_T2,WAIT_B1,DIRECT,T2,TRANSIT_TO_WS2,-1.46586,-0.94256,-1.67513,-1.473,-0.954,-1.672,0.01336,0.0447,-1.634,1.1,-1.0,-1.0,0.0,88.67351,NORMAL,2,0,0,0,17,1381,17,17,70,1381,0.21344,0.91684,0,0,-1.46,-1.52,0,0,0.0,0.0,12.85213,"O1:-2.33,-0.53,s151;O2:-2.33,0.19,s149;O3:-2.33,0.01,s137;O4:-2.33,-0.17,s135;O5:-0.89,-1.25,s127;O6:-2.33,-0.35,s109;O7:-0.89,-0.89,s99;O8:-0.71,-1.25,s93;O9:-0.53,-1.25,s80;O10:-2.33,0.55,s75;O11:-2.33,0.37,s60;O12:-0.89,-1.07,s59;O13:-0.53,-0.89,s51;O14:-0.89,-0.71,s28;O15:-2.33,-0.71,s23;O16:-2.33,0.73,s2;O17:-0.71,-0.71,s2","O1:-2.33,-0.53,s151;O2:-2.33,0.19,s149;O3:-2.33,0.01,s137;O4:-2.33,-0.17,s135;O5:-0.89,-1.25,s127;O6:-2.33,-0.35,s109;O7:-0.89,-0.89,s99;O8:-0.71,-1.25,s93;O9:-0.53,-1.25,s80;O10:-2.33,0.55,s75;O11:-2.33,0.37,s60;O12:-0.89,-1.07,s59;O13:-0.53,-0.89,s51;O14:-0.89,-0.71,s28;O15:-2.33,-0.71,s23;O16:-2.33,0.73,s2;O17:-0.71,-0.71,s2",RUNNING,UNKNOWN_MAP_SLAM_AVOIDANCE,unknown_map;frontier_targets;static_unknown_obstacles;dynamic_wandering_robot;costmap;slam_path_planning;obstacle_avoidance,P2_Wanderer,dynamic_wandering_robot,65.39961,65.39961,0.8092,0.72072,1,0,0,10,6,32,17,1381,17,1381,0.8092,0.72072,1.76873,0.8092,0.72072,1.76873
29.2,PID,HECTOR_GRID_MATCHING,HECTOR_SCAN_MATCHING_GRID,landmarks,task3,WAIT_B1_WS2_REQUEST_T2,WAIT_B1,DIRECT,T2,TRANSIT_TO_WS2,-1.46586,-0.94254,-1.67515,-1.469,-0.953,-1.669,0.01086,0.0447,-1.598,1.1,-1.0,-1.0,0.0,88.67101,NORMAL,2,0,0,0,17,1381,17,17,70,1381,0.21344,0.91684,0,0,-1.46,-1.52,0,0,0.0,0.0,12.85213,"O1:-2.33,-0.53,s151;O2:-2.33,0.19,s149;O3:-2.33,0.01,s137;O4:-2.33,-0.17,s135;O5:-0.89,-1.25,s127;O6:-2.33,-0.35,s109;O7:-0.89,-0.89,s99;O8:-0.71,-1.25,s93;O9:-0.53,-1.25,s80;O10:-2.33,0.55,s75;O11:-2.33,0.37,s60;O12:-0.89,-1.07,s59;O13:-0.53,-0.89,s51;O14:-0.89,-0.71,s28;O15:-2.33,-0.71,s23;O16:-2.33,0.73,s2;O17:-0.71,-0.71,s2","O1:-2.33,-0.53,s151;O2:-2.33,0.19,s149;O3:-2.33,0.01,s137;O4:-2.33,-0.17,s135;O5:-0.89,-1.25,s127;O6:-2.33,-0.35,s109;O7:-0.89,-0.89,s99;O8:-0.71,-1.25,s93;O9:-0.53,-1.25,s80;O10:-2.33,0.55,s75;O11:-2.33,0.37,s60;O12:-0.89,-1.07,s59;O13:-0.53,-0.89,s51;O14:-0.89,-0.71,s28;O15:-2.33,-0.71,s23;O16:-2.33,0.73,s2;O17:-0.71,-0.71,s2",RUNNING,UNKNOWN_MAP_SLAM_AVOIDANCE,unknown_map;frontier_targets;static_unknown_obstacles;dynamic_wandering_robot;costmap;slam_path_planning;obstacle_avoidance,P2_Wanderer,dynamic_wandering_robot,65.39961,65.39961,0.80527,0.74033,1,0,0,10,6,32,17,1381,17,1381,0.80527,0.74033,1.76873,0.80527,0.74033,1.76873
29.3,PID,HECTOR_GRID_MATCHING,HECTOR_SCAN_MATCHING_GRID,landmarks,task3,WAIT_B1_WS2_REQUEST_T2,WAIT_B1,DIRECT,T2,TRANSIT_TO_WS2,-1.46586,-0.94252,-1.67517,-1.472,-0.939,-1.666,0.00707,0.0447,-1.562,1.1,-1.0,-1.0,0.0,88.66851,NORMAL,2,0,0,0,17,1381,17,17,70,1381,0.21344,0.91684,0,0,-1.46,-1.52,0,0,0.0,0.0,12.85213,"O1:-2.33,-0.53,s151;O2:-2.33,0.19,s149;O3:-2.33,0.01,s137;O4:-2.33,-0.17,s135;O5:-0.89,-1.25,s127;O6:-2.33,-0.35,s109;O7:-0.89,-0.89,s99;O8:-0.71,-1.25,s93;O9:-0.53,-1.25,s80;O10:-2.33,0.55,s75;O11:-2.33,0.37,s60;O12:-0.89,-1.07,s59;O13:-0.53,-0.89,s51;O14:-0.89,-0.71,s28;O15:-2.33,-0.71,s23;O16:-2.33,0.73,s2;O17:-0.71,-0.71,s2","O1:-2.33,-0.53,s151;O2:-2.33,0.19,s149;O3:-2.33,0.01,s137;O4:-2.33,-0.17,s135;O5:-0.89,-1.25,s127;O6:-2.33,-0.35,s109;O7:-0.89,-0.89,s99;O8:-0.71,-1.25,s93;O9:-0.53,-1.25,s80;O10:-2.33,0.55,s75;O11:-2.33,0.37,s60;O12:-0.89,-1.07,s59;O13:-0.53,-0.89,s51;O14:-0.89,-0.71,s28;O15:-2.33,-0.71,s23;O16:-2.33,0.73,s2;O17:-0.71,-0.71,s2",RUNNING,UNKNOWN_MAP_SLAM_AVOIDANCE,unknown_map;frontier_targets;static_unknown_obstacles;dynamic_wandering_robot;costmap;slam_path_planning;obstacle_avoidance,P2_Wanderer,dynamic_wandering_robot,65.39961,65.39961,0.80134,0.75994,1,0,0,10,6,32,17,1381,17,1381,0.80134,0.75994,1.76873,0.80134,0.75994,1.76873
29.4,PID,HECTOR_GRID_MATCHING,HECTOR_SCAN_MATCHING_GRID,landmarks,task3,WAIT_B1_WS2_REQUEST_T2,WAIT_B1,DIRECT,T2,TRANSIT_TO_WS2,-1.46587,-0.9425,-1.67519,-1.463,-0.94,-1.666,0.00381,0.0447,-1.526,1.1,-1.0,-1.0,0.0,88.66601,NORMAL,2,0,0,0,17,1381,17,17,70,1381,0.21344,0.91684,0,0,-1.46,-1.52,0,0,0.0,0.0,12.85213,"O1:-2.33,-0.53,s151;O2:-2.33,0.19,s149;O3:-2.33,0.01,s137;O4:-2.33,-0.17,s135;O5:-0.89,-1.25,s127;O6:-2.33,-0.35,s109;O7:-0.89,-0.89,s99;O8:-0.71,-1.25,s93;O9:-0.53,-1.25,s80;O10:-2.33,0.55,s75;O11:-2.33,0.37,s60;O12:-0.89,-1.07,s59;O13:-0.53,-0.89,s51;O14:-0.89,-0.71,s28;O15:-2.33,-0.71,s23;O16:-2.33,0.73,s2;O17:-0.71,-0.71,s2","O1:-2.33,-0.53,s151;O2:-2.33,0.19,s149;O3:-2.33,0.01,s137;O4:-2.33,-0.17,s135;O5:-0.89,-1.25,s127;O6:-2.33,-0.35,s109;O7:-0.89,-0.89,s99;O8:-0.71,-1.25,s93;O9:-0.53,-1.25,s80;O10:-2.33,0.55,s75;O11:-2.33,0.37,s60;O12:-0.89,-1.07,s59;O13:-0.53,-0.89,s51;O14:-0.89,-0.71,s28;O15:-2.33,-0.71,s23;O16:-2.33,0.73,s2;O17:-0.71,-0.71,s2",RUNNING,UNKNOWN_MAP_SLAM_AVOIDANCE,unknown_map;frontier_targets;static_unknown_obstacles;dynamic_wandering_robot;costmap;slam_path_planning;obstacle_avoidance,P2_Wanderer,dynamic_wandering_robot,65.39961,65.39961,0.7974,0.77955,1,0,0,10,6,32,17,1381,17,1381,0.7974,0.77955,1.76873,0.7974,0.77955,1.76873
29.5,PID,HECTOR_GRID_MATCHING,HECTOR_SCAN_MATCHING_GRID,landmarks,task3,WAIT_B1_WS2_REQUEST_T2,WAIT_B1,DIRECT,T2,TRANSIT_TO_WS2,-1.46587,-0.94248,-1.67521,-1.469,-0.939,-1.666,0.00462,0.0447,-1.5,1.05645,-1.0,-1.0,0.0,88.66351,NORMAL,2,0,0,0,17,1381,17,17,70,1381,0.21344,0.91684,0,0,-1.46,-1.52,0,0,0.0,0.0,12.85213,"O1:-2.33,-0.53,s151;O2:-2.33,0.19,s149;O3:-2.33,0.01,s137;O4:-2.33,-0.17,s135;O5:-0.89,-1.25,s127;O6:-2.33,-0.35,s109;O7:-0.89,-0.89,s99;O8:-0.71,-1.25,s93;O9:-0.53,-1.25,s80;O10:-2.33,0.55,s75;O11:-2.33,0.37,s60;O12:-0.89,-1.07,s59;O13:-0.53,-0.89,s51;O14:-0.89,-0.71,s28;O15:-2.33,-0.71,s23;O16:-2.33,0.73,s2;O17:-0.71,-0.71,s2","O1:-2.33,-0.53,s151;O2:-2.33,0.19,s149;O3:-2.33,0.01,s137;O4:-2.33,-0.17,s135;O5:-0.89,-1.25,s127;O6:-2.33,-0.35,s109;O7:-0.89,-0.89,s99;O8:-0.71,-1.25,s93;O9:-0.53,-1.25,s80;O10:-2.33,0.55,s75;O11:-2.33,0.37,s60;O12:-0.89,-1.07,s59;O13:-0.53,-0.89,s51;O14:-0.89,-0.71,s28;O15:-2.33,-0.71,s23;O16:-2.33,0.73,s2;O17:-0.71,-0.71,s2",RUNNING,UNKNOWN_MAP_SLAM_AVOIDANCE,unknown_map;frontier_targets;static_unknown_obstacles;dynamic_wandering_robot;costmap;slam_path_planning;obstacle_avoidance,P2_Wanderer,dynamic_wandering_robot,65.39961,65.39961,0.79347,0.79916,1,0,0,10,6,32,17,1381,17,1381,0.79347,0.79916,1.76873,0.79347,0.79916,1.76873
29.6,PID,HECTOR_GRID_MATCHING,HECTOR_SCAN_MATCHING_GRID,landmarks,task3,WAIT_B1_WS2_REQUEST_T2,WAIT_B1,DIRECT,T2,TRANSIT_TO_WS2,-1.46587,-0.94245,-1.67523,-1.465,-0.94,-1.671,0.00226,0.0447,-1.5,1.02045,-1.0,-1.0,0.0,88.66101,NORMAL,2,0,0,0,17,1381,17,17,70,1381,0.21344,0.91684,0,0,-1.46,-1.52,0,0,0.0,0.0,12.85213,"O1:-2.33,-0.53,s151;O2:-2.33,0.19,s149;O3:-2.33,0.01,s137;O4:-2.33,-0.17,s135;O5:-0.89,-1.25,s127;O6:-2.33,-0.35,s109;O7:-0.89,-0.89,s99;O8:-0.71,-1.25,s93;O9:-0.53,-1.25,s80;O10:-2.33,0.55,s75;O11:-2.33,0.37,s60;O12:-0.89,-1.07,s59;O13:-0.53,-0.89,s51;O14:-0.89,-0.71,s28;O15:-2.33,-0.71,s23;O16:-2.33,0.73,s2;O17:-0.71,-0.71,s2","O1:-2.33,-0.53,s151;O2:-2.33,0.19,s149;O3:-2.33,0.01,s137;O4:-2.33,-0.17,s135;O5:-0.89,-1.25,s127;O6:-2.33,-0.35,s109;O7:-0.89,-0.89,s99;O8:-0.71,-1.25,s93;O9:-0.53,-1.25,s80;O10:-2.33,0.55,s75;O11:-2.33,0.37,s60;O12:-0.89,-1.07,s59;O13:-0.53,-0.89,s51;O14:-0.89,-0.71,s28;O15:-2.33,-0.71,s23;O16:-2.33,0.73,s2;O17:-0.71,-0.71,s2",RUNNING,UNKNOWN_MAP_SLAM_AVOIDANCE,unknown_map;frontier_targets;static_unknown_obstacles;dynamic_wandering_robot;costmap;slam_path_planning;obstacle_avoidance,P2_Wanderer,dynamic_wandering_robot,65.39961,65.39961,0.78954,0.81876,1,0,0,10,6,32,17,1381,17,1381,0.78954,0.81876,1.76873,0.78954,0.81876,1.76873
29.7,PID,HECTOR_GRID_MATCHING,HECTOR_SCAN_MATCHING_GRID,landmarks,task3,WAIT_B1_WS2_REQUEST_T2,WAIT_B1,DIRECT,T2,TRANSIT_TO_WS2,-1.46588,-0.94243,-1.67525,-1.465,-0.936,-1.666,0.00698,0.0447,-1.5,0.98445,-1.0,-1.0,0.0,88.65851,NORMAL,2,0,0,0,17,1381,17,17,70,1381,0.21344,0.91684,0,0,-1.46,-1.52,0,0,0.0,0.0,12.85213,"O1:-2.33,-0.53,s151;O2:-2.33,0.19,s149;O3:-2.33,0.01,s137;O4:-2.33,-0.17,s135;O5:-0.89,-1.25,s127;O6:-2.33,-0.35,s109;O7:-0.89,-0.89,s99;O8:-0.71,-1.25,s93;O9:-0.53,-1.25,s80;O10:-2.33,0.55,s75;O11:-2.33,0.37,s60;O12:-0.89,-1.07,s59;O13:-0.53,-0.89,s51;O14:-0.89,-0.71,s28;O15:-2.33,-0.71,s23;O16:-2.33,0.73,s2;O17:-0.71,-0.71,s2","O1:-2.33,-0.53,s151;O2:-2.33,0.19,s149;O3:-2.33,0.01,s137;O4:-2.33,-0.17,s135;O5:-0.89,-1.25,s127;O6:-2.33,-0.35,s109;O7:-0.89,-0.89,s99;O8:-0.71,-1.25,s93;O9:-0.53,-1.25,s80;O10:-2.33,0.55,s75;O11:-2.33,0.37,s60;O12:-0.89,-1.07,s59;O13:-0.53,-0.89,s51;O14:-0.89,-0.71,s28;O15:-2.33,-0.71,s23;O16:-2.33,0.73,s2;O17:-0.71,-0.71,s2",RUNNING,UNKNOWN_MAP_SLAM_AVOIDANCE,unknown_map;frontier_targets;static_unknown_obstacles;dynamic_wandering_robot;costmap;slam_path_planning;obstacle_avoidance,P2_Wanderer,dynamic_wandering_robot,65.39961,65.39961,0.7856,0.83837,1,0,0,10,6,32,17,1381,17,1381,0.7856,0.83837,1.76873,0.7856,0.83837,1.76873
29.8,PID,HECTOR_GRID_MATCHING,HECTOR_SCAN_MATCHING_GRID,landmarks,task3,WAIT_B1_WS2_REQUEST_T2,WAIT_B1,DIRECT,T2,TRANSIT_TO_WS2,-1.46588,-0.94241,-1.67527,-1.474,-0.936,-1.669,0.01085,0.0447,-1.5,0.94845,-1.0,-1.0,0.0,88.65601,NORMAL,2,0,0,0,17,1381,17,17,70,1381,0.21344,0.91684,0,0,-1.46,-1.52,0,0,0.0,0.0,12.85213,"O1:-2.33,-0.53,s151;O2:-2.33,0.19,s149;O3:-2.33,0.01,s137;O4:-2.33,-0.17,s135;O5:-0.89,-1.25,s127;O6:-2.33,-0.35,s109;O7:-0.89,-0.89,s99;O8:-0.71,-1.25,s93;O9:-0.53,-1.25,s80;O10:-2.33,0.55,s75;O11:-2.33,0.37,s60;O12:-0.89,-1.07,s59;O13:-0.53,-0.89,s51;O14:-0.89,-0.71,s28;O15:-2.33,-0.71,s23;O16:-2.33,0.73,s2;O17:-0.71,-0.71,s2","O1:-2.33,-0.53,s151;O2:-2.33,0.19,s149;O3:-2.33,0.01,s137;O4:-2.33,-0.17,s135;O5:-0.89,-1.25,s127;O6:-2.33,-0.35,s109;O7:-0.89,-0.89,s99;O8:-0.71,-1.25,s93;O9:-0.53,-1.25,s80;O10:-2.33,0.55,s75;O11:-2.33,0.37,s60;O12:-0.89,-1.07,s59;O13:-0.53,-0.89,s51;O14:-0.89,-0.71,s28;O15:-2.33,-0.71,s23;O16:-2.33,0.73,s2;O17:-0.71,-0.71,s2",RUNNING,UNKNOWN_MAP_SLAM_AVOIDANCE,unknown_map;frontier_targets;static_unknown_obstacles;dynamic_wandering_robot;costmap;slam_path_planning;obstacle_avoidance,P2_Wanderer,dynamic_wandering_robot,65.39961,65.39961,0.78167,0.85798,1,0,0,10,6,32,17,1381,17,1381,0.78167,0.85798,1.76873,0.78167,0.85798,1.76873
29.9,PID,HECTOR_GRID_MATCHING,HECTOR_SCAN_MATCHING_GRID,landmarks,task3,WAIT_B1_WS2_REQUEST_T2,WAIT_B1,DIRECT,T2,TRANSIT_TO_WS2,-1.46588,-0.94239,-1.67529,-1.469,-0.939,-1.671,0.00528,0.0447,-1.5,0.91245,-1.0,-1.0,0.0,88.65351,NORMAL,2,0,0,0,17,1381,17,17,70,1381,0.21344,0.91684,0,0,-1.46,-1.52,0,0,0.0,0.0,12.85213,"O1:-2.33,-0.53,s151;O2:-2.33,0.19,s149;O3:-2.33,0.01,s137;O4:-2.33,-0.17,s135;O5:-0.89,-1.25,s127;O6:-2.33,-0.35,s109;O7:-0.89,-0.89,s99;O8:-0.71,-1.25,s93;O9:-0.53,-1.25,s80;O10:-2.33,0.55,s75;O11:-2.33,0.37,s60;O12:-0.89,-1.07,s59;O13:-0.53,-0.89,s51;O14:-0.89,-0.71,s28;O15:-2.33,-0.71,s23;O16:-2.33,0.73,s2;O17:-0.71,-0.71,s2","O1:-2.33,-0.53,s151;O2:-2.33,0.19,s149;O3:-2.33,0.01,s137;O4:-2.33,-0.17,s135;O5:-0.89,-1.25,s127;O6:-2.33,-0.35,s109;O7:-0.89,-0.89,s99;O8:-0.71,-1.25,s93;O9:-0.53,-1.25,s80;O10:-2.33,0.55,s75;O11:-2.33,0.37,s60;O12:-0.89,-1.07,s59;O13:-0.53,-0.89,s51;O14:-0.89,-0.71,s28;O15:-2.33,-0.71,s23;O16:-2.33,0.73,s2;O17:-0.71,-0.71,s2",RUNNING,UNKNOWN_MAP_SLAM_AVOIDANCE,unknown_map;frontier_targets;static_unknown_obstacles;dynamic_wandering_robot;costmap;slam_path_planning;obstacle_avoidance,P2_Wanderer,dynamic_wandering_robot,65.39961,65.39961,0.77774,0.87759,1,0,0,10,6,32,17,1381,17,1381,0.77774,0.87759,1.76873,0.77774,0.87759,1.76873
30.0,PID,HECTOR_GRID_MATCHING,HECTOR_SCAN_MATCHING_GRID,landmarks,task3,WAIT_B1_WS2_REQUEST_T2,WAIT_B1,DIRECT,T2,TRANSIT_TO_WS2,-1.46588,-0.94237,-1.67531,-1.461,-0.945,-1.671,0.00539,0.0447,-1.5,0.87645,-1.0,-1.0,0.0,88.65101,NORMAL,2,0,0,0,17,1381,17,17,70,1381,0.21344,0.91684,0,0,-1.46,-1.52,0,0,0.0,0.0,12.85213,"O1:-2.33,-0.53,s151;O2:-2.33,0.19,s149;O3:-2.33,0.01,s137;O4:-2.33,-0.17,s135;O5:-0.89,-1.25,s127;O6:-2.33,-0.35,s109;O7:-0.89,-0.89,s99;O8:-0.71,-1.25,s93;O9:-0.53,-1.25,s80;O10:-2.33,0.55,s75;O11:-2.33,0.37,s60;O12:-0.89,-1.07,s59;O13:-0.53,-0.89,s51;O14:-0.89,-0.71,s28;O15:-2.33,-0.71,s23;O16:-2.33,0.73,s2;O17:-0.71,-0.71,s2","O1:-2.33,-0.53,s151;O2:-2.33,0.19,s149;O3:-2.33,0.01,s137;O4:-2.33,-0.17,s135;O5:-0.89,-1.25,s127;O6:-2.33,-0.35,s109;O7:-0.89,-0.89,s99;O8:-0.71,-1.25,s93;O9:-0.53,-1.25,s80;O10:-2.33,0.55,s75;O11:-2.33,0.37,s60;O12:-0.89,-1.07,s59;O13:-0.53,-0.89,s51;O14:-0.89,-0.71,s28;O15:-2.33,-0.71,s23;O16:-2.33,0.73,s2;O17:-0.71,-0.71,s2",RUNNING,UNKNOWN_MAP_SLAM_AVOIDANCE,unknown_map;frontier_targets;static_unknown_obstacles;dynamic_wandering_robot;costmap;slam_path_planning;obstacle_avoidance,P2_Wanderer,dynamic_wandering_robot,65.39961,65.39961,0.77381,0.8972,1,0,0,10,6,32,17,1381,17,1381,0.77381,0.8972,1.76873,0.77381,0.8972,1.76873
30.1,PID,HECTOR_GRID_MATCHING,HECTOR_SCAN_MATCHING_GRID,landmarks,task3,WAIT_B1_WS2_REQUEST_T2,WAIT_B1,DIRECT,T2,TRANSIT_TO_WS2,-1.46589,-0.94235,-1.67533,-1.465,-0.947,-1.67,0.00469,0.0447,-1.5,0.84045,-1.0,-1.0,0.0,88.64851,NORMAL,2,0,0,0,17,1381,17,17,70,1381,0.21344,0.91684,0,0,-1.46,-1.52,0,0,0.0,0.0,12.85213,"O1:-2.33,-0.53,s151;O2:-2.33,0.19,s149;O3:-2.33,0.01,s137;O4:-2.33,-0.17,s135;O5:-0.89,-1.25,s127;O6:-2.33,-0.35,s109;O7:-0.89,-0.89,s99;O8:-0.71,-1.25,s93;O9:-0.53,-1.25,s80;O10:-2.33,0.55,s75;O11:-2.33,0.37,s60;O12:-0.89,-1.07,s59;O13:-0.53,-0.89,s51;O14:-0.89,-0.71,s28;O15:-2.33,-0.71,s23;O16:-2.33,0.73,s2;O17:-0.71,-0.71,s2","O1:-2.33,-0.53,s151;O2:-2.33,0.19,s149;O3:-2.33,0.01,s137;O4:-2.33,-0.17,s135;O5:-0.89,-1.25,s127;O6:-2.33,-0.35,s109;O7:-0.89,-0.89,s99;O8:-0.71,-1.25,s93;O9:-0.53,-1.25,s80;O10:-2.33,0.55,s75;O11:-2.33,0.37,s60;O12:-0.89,-1.07,s59;O13:-0.53,-0.89,s51;O14:-0.89,-0.71,s28;O15:-2.33,-0.71,s23;O16:-2.33,0.73,s2;O17:-0.71,-0.71,s2",RUNNING,UNKNOWN_MAP_SLAM_AVOIDANCE,unknown_map;frontier_targets;static_unknown_obstacles;dynamic_wandering_robot;costmap;slam_path_planning;obstacle_avoidance,P2_Wanderer,dynamic_wandering_robot,65.39961,65.39961,0.76987,0.91681,1,0,0,10,6,32,17,1381,17,1381,0.76987,0.91681,1.76873,0.76987,0.91681,1.76873
30.2,PID,HECTOR_GRID_MATCHING,HECTOR_SCAN_MATCHING_GRID,landmarks,task3,WAIT_B1_WS2_REQUEST_T2,WAIT_B1,DIRECT,T2,TRANSIT_TO_WS2,-1.46589,-0.94232,-1.67535,-1.462,-0.954,-1.67,0.0122,0.0447,-1.5,0.80445,-1.0,-1.0,0.0,88.64601,NORMAL,2,0,0,0,17,1381,17,17,70,1381,0.21344,0.91684,0,0,-1.46,-1.52,0,0,0.0,0.0,12.85213,"O1:-2.33,-0.53,s151;O2:-2.33,0.19,s149;O3:-2.33,0.01,s137;O4:-2.33,-0.17,s135;O5:-0.89,-1.25,s127;O6:-2.33,-0.35,s109;O7:-0.89,-0.89,s99;O8:-0.71,-1.25,s93;O9:-0.53,-1.25,s80;O10:-2.33,0.55,s75;O11:-2.33,0.37,s60;O12:-0.89,-1.07,s59;O13:-0.53,-0.89,s51;O14:-0.89,-0.71,s28;O15:-2.33,-0.71,s23;O16:-2.33,0.73,s2;O17:-0.71,-0.71,s2","O1:-2.33,-0.53,s151;O2:-2.33,0.19,s149;O3:-2.33,0.01,s137;O4:-2.33,-0.17,s135;O5:-0.89,-1.25,s127;O6:-2.33,-0.35,s109;O7:-0.89,-0.89,s99;O8:-0.71,-1.25,s93;O9:-0.53,-1.25,s80;O10:-2.33,0.55,s75;O11:-2.33,0.37,s60;O12:-0.89,-1.07,s59;O13:-0.53,-0.89,s51;O14:-0.89,-0.71,s28;O15:-2.33,-0.71,s23;O16:-2.33,0.73,s2;O17:-0.71,-0.71,s2",RUNNING,UNKNOWN_MAP_SLAM_AVOIDANCE,unknown_map;frontier_targets;static_unknown_obstacles;dynamic_wandering_robot;costmap;slam_path_planning;obstacle_avoidance,P2_Wanderer,dynamic_wandering_robot,65.39961,65.39961,0.76594,0.93642,1,0,0,10,6,32,17,1381,17,1381,0.76594,0.93642,1.76873,0.76594,0.93642,1.76873
30.3,PID,HECTOR_GRID_MATCHING,HECTOR_SCAN_MATCHING_GRID,landmarks,task3,WAIT_B1_WS2_REQUEST_T2,WAIT_B1,DIRECT,T2,TRANSIT_TO_WS2,-1.46589,-0.9423,-1.67537,-1.47,-0.946,-1.675,0.00555,0.0447,-1.5,0.76845,-1.0,-1.0,0.0,88.64351,NORMAL,2,0,0,0,17,1381,17,17,70,1381,0.21344,0.91684,0,0,-1.46,-1.52,0,0,0.0,0.0,12.85213,"O1:-2.33,-0.53,s151;O2:-2.33,0.19,s149;O3:-2.33,0.01,s137;O4:-2.33,-0.17,s135;O5:-0.89,-1.25,s127;O6:-2.33,-0.35,s109;O7:-0.89,-0.89,s99;O8:-0.71,-1.25,s93;O9:-0.53,-1.25,s80;O10:-2.33,0.55,s75;O11:-2.33,0.37,s60;O12:-0.89,-1.07,s59;O13:-0.53,-0.89,s51;O14:-0.89,-0.71,s28;O15:-2.33,-0.71,s23;O16:-2.33,0.73,s2;O17:-0.71,-0.71,s2","O1:-2.33,-0.53,s151;O2:-2.33,0.19,s149;O3:-2.33,0.01,s137;O4:-2.33,-0.17,s135;O5:-0.89,-1.25,s127;O6:-2.33,-0.35,s109;O7:-0.89,-0.89,s99;O8:-0.71,-1.25,s93;O9:-0.53,-1.25,s80;O10:-2.33,0.55,s75;O11:-2.33,0.37,s60;O12:-0.89,-1.07,s59;O13:-0.53,-0.89,s51;O14:-0.89,-0.71,s28;O15:-2.33,-0.71,s23;O16:-2.33,0.73,s2;O17:-0.71,-0.71,s2",RUNNING,UNKNOWN_MAP_SLAM_AVOIDANCE,unknown_map;frontier_targets;static_unknown_obstacles;dynamic_wandering_robot;costmap;slam_path_planning;obstacle_avoidance,P2_Wanderer,dynamic_wandering_robot,65.39961,65.39961,0.76835,0.93723,1,0,0,10,6,32,17,1381,17,1381,0.76835,0.93723,-1.11816,0.76835,0.93723,-1.11816
30.4,PID,HECTOR_GRID_MATCHING,HECTOR_SCAN_MATCHING_GRID,landmarks,task3,WAIT_B1_WS2_REQUEST_T2,WAIT_B1,DIRECT,T2,TRANSIT_TO_WS2,-1.4659,-0.94228,-1.67539,-1.471,-0.946,-1.675,0.00613,0.0447,-1.5,0.73245,-1.0,-1.0,0.0,88.64101,NORMAL,2,0,0,0,17,1381,17,17,70,1381,0.21344,0.91684,0,0,-1.46,-1.52,0,0,0.0,0.0,12.85213,"O1:-2.33,-0.53,s151;O2:-2.33,0.19,s149;O3:-2.33,0.01,s137;O4:-2.33,-0.17,s135;O5:-0.89,-1.25,s127;O6:-2.33,-0.35,s109;O7:-0.89,-0.89,s99;O8:-0.71,-1.25,s93;O9:-0.53,-1.25,s80;O10:-2.33,0.55,s75;O11:-2.33,0.37,s60;O12:-0.89,-1.07,s59;O13:-0.53,-0.89,s51;O14:-0.89,-0.71,s28;O15:-2.33,-0.71,s23;O16:-2.33,0.73,s2;O17:-0.71,-0.71,s2","O1:-2.33,-0.53,s151;O2:-2.33,0.19,s149;O3:-2.33,0.01,s137;O4:-2.33,-0.17,s135;O5:-0.89,-1.25,s127;O6:-2.33,-0.35,s109;O7:-0.89,-0.89,s99;O8:-0.71,-1.25,s93;O9:-0.53,-1.25,s80;O10:-2.33,0.55,s75;O11:-2.33,0.37,s60;O12:-0.89,-1.07,s59;O13:-0.53,-0.89,s51;O14:-0.89,-0.71,s28;O15:-2.33,-0.71,s23;O16:-2.33,0.73,s2;O17:-0.71,-0.71,s2",RUNNING,UNKNOWN_MAP_SLAM_AVOIDANCE,unknown_map;frontier_targets;static_unknown_obstacles;dynamic_wandering_robot;costmap;slam_path_planning;obstacle_avoidance,P2_Wanderer,dynamic_wandering_robot,65.39961,65.39961,0.77709,0.91925,1,0,0,10,6,32,17,1381,17,1381,0.77709,0.91925,-1.11816,0.77709,0.91925,-1.11816
30.5,PID,HECTOR_GRID_MATCHING,HECTOR_SCAN_MATCHING_GRID,landmarks,task3,WAIT_B1_WS2_REQUEST_T2,WAIT_B1,DIRECT,T2,TRANSIT_TO_WS2,-1.4659,-0.94226,-1.67541,-1.473,-0.949,-1.674,0.01026,0.0447,-1.5,0.69645,-1.0,-1.0,0.0,88.63851,NORMAL,2,0,0,0,17,1381,17,17,70,1381,0.21344,0.91684,0,0,-1.46,-1.52,0,0,0.0,0.0,12.85213,"O1:-2.33,-0.53,s151;O2:-2.33,0.19,s149;O3:-2.33,0.01,s137;O4:-2.33,-0.17,s135;O5:-0.89,-1.25,s127;O6:-2.33,-0.35,s109;O7:-0.89,-0.89,s99;O8:-0.71,-1.25,s93;O9:-0.53,-1.25,s80;O10:-2.33,0.55,s75;O11:-2.33,0.37,s60;O12:-0.89,-1.07,s59;O13:-0.53,-0.89,s51;O14:-0.89,-0.71,s28;O15:-2.33,-0.71,s23;O16:-2.33,0.73,s2;O17:-0.71,-0.71,s2","O1:-2.33,-0.53,s151;O2:-2.33,0.19,s149;O3:-2.33,0.01,s137;O4:-2.33,-0.17,s135;O5:-0.89,-1.25,s127;O6:-2.33,-0.35,s109;O7:-0.89,-0.89,s99;O8:-0.71,-1.25,s93;O9:-0.53,-1.25,s80;O10:-2.33,0.55,s75;O11:-2.33,0.37,s60;O12:-0.89,-1.07,s59;O13:-0.53,-0.89,s51;O14:-0.89,-0.71,s28;O15:-2.33,-0.71,s23;O16:-2.33,0.73,s2;O17:-0.71,-0.71,s2",RUNNING,UNKNOWN_MAP_SLAM_AVOIDANCE,unknown_map;frontier_targets;static_unknown_obstacles;dynamic_wandering_robot;costmap;slam_path_planning;obstacle_avoidance,P2_Wanderer,dynamic_wandering_robot,65.39961,65.39961,0.78584,0.90126,1,0,0,10,6,32,17,1381,17,1381,0.78584,0.90126,-1.11816,0.78584,0.90126,-1.11816
30.6,PID,HECTOR_GRID_MATCHING,HECTOR_SCAN_MATCHING_GRID,landmarks,task3,WAIT_B1_WS2_REQUEST_T2,WAIT_B1,DIRECT,T2,TRANSIT_TO_WS2,-1.4659,-0.94224,-1.67542,-1.462,-0.949,-1.684,0.00798,0.0447,-1.5,0.66045,-1.0,-1.0,0.0,88.63601,NORMAL,2,0,0,0,17,1381,17,17,70,1381,0.21344,0.91684,0,0,-1.46,-1.52,0,0,0.0,0.0,12.85213,"O1:-2.33,-0.53,s151;O2:-2.33,0.19,s149;O3:-2.33,0.01,s137;O4:-2.33,-0.17,s135;O5:-0.89,-1.25,s127;O6:-2.33,-0.35,s109;O7:-0.89,-0.89,s99;O8:-0.71,-1.25,s93;O9:-0.53,-1.25,s80;O10:-2.33,0.55,s75;O11:-2.33,0.37,s60;O12:-0.89,-1.07,s59;O13:-0.53,-0.89,s51;O14:-0.89,-0.71,s28;O15:-2.33,-0.71,s23;O16:-2.33,0.73,s2;O17:-0.71,-0.71,s2","O1:-2.33,-0.53,s151;O2:-2.33,0.19,s149;O3:-2.33,0.01,s137;O4:-2.33,-0.17,s135;O5:-0.89,-1.25,s127;O6:-2.33,-0.35,s109;O7:-0.89,-0.89,s99;O8:-0.71,-1.25,s93;O9:-0.53,-1.25,s80;O10:-2.33,0.55,s75;O11:-2.33,0.37,s60;O12:-0.89,-1.07,s59;O13:-0.53,-0.89,s51;O14:-0.89,-0.71,s28;O15:-2.33,-0.71,s23;O16:-2.33,0.73,s2;O17:-0.71,-0.71,s2",RUNNING,UNKNOWN_MAP_SLAM_AVOIDANCE,unknown_map;frontier_targets;static_unknown_obstacles;dynamic_wandering_robot;costmap;slam_path_planning;obstacle_avoidance,P2_Wanderer,dynamic_wandering_robot,65.39961,65.39961,0.79459,0.88328,1,0,0,10,6,32,17,1381,17,1381,0.79459,0.88328,-1.11816,0.79459,0.88328,-1.11816
30.7,PID,HECTOR_GRID_MATCHING,HECTOR_SCAN_MATCHING_GRID,landmarks,task3,WAIT_B1_WS2_REQUEST_T2,WAIT_B1,DIRECT,T2,TRANSIT_TO_WS2,-1.4659,-0.94221,-1.67544,-1.467,-0.943,-1.682,0.00174,0.0447,-1.5,0.62445,-1.0,-1.0,0.0,88.63351,NORMAL,2,0,0,0,17,1381,17,17,70,1381,0.21344,0.91684,0,0,-1.46,-1.52,0,0,0.0,0.0,12.85213,"O1:-2.33,-0.53,s151;O2:-2.33,0.19,s149;O3:-2.33,0.01,s137;O4:-2.33,-0.17,s135;O5:-0.89,-1.25,s127;O6:-2.33,-0.35,s109;O7:-0.89,-0.89,s99;O8:-0.71,-1.25,s93;O9:-0.53,-1.25,s80;O10:-2.33,0.55,s75;O11:-2.33,0.37,s60;O12:-0.89,-1.07,s59;O13:-0.53,-0.89,s51;O14:-0.89,-0.71,s28;O15:-2.33,-0.71,s23;O16:-2.33,0.73,s2;O17:-0.71,-0.71,s2","O1:-2.33,-0.53,s151;O2:-2.33,0.19,s149;O3:-2.33,0.01,s137;O4:-2.33,-0.17,s135;O5:-0.89,-1.25,s127;O6:-2.33,-0.35,s109;O7:-0.89,-0.89,s99;O8:-0.71,-1.25,s93;O9:-0.53,-1.25,s80;O10:-2.33,0.55,s75;O11:-2.33,0.37,s60;O12:-0.89,-1.07,s59;O13:-0.53,-0.89,s51;O14:-0.89,-0.71,s28;O15:-2.33,-0.71,s23;O16:-2.33,0.73,s2;O17:-0.71,-0.71,s2",RUNNING,UNKNOWN_MAP_SLAM_AVOIDANCE,unknown_map;frontier_targets;static_unknown_obstacles;dynamic_wandering_robot;costmap;slam_path_planning;obstacle_avoidance,P2_Wanderer,dynamic_wandering_robot,65.39961,65.39961,0.80333,0.86529,1,0,0,10,6,32,17,1381,17,1381,0.80333,0.86529,-1.11816,0.80333,0.86529,-1.11816
30.8,PID,HECTOR_GRID_MATCHING,HECTOR_SCAN_MATCHING_GRID,landmarks,task3,WAIT_B1_WS2_REQUEST_T2,WAIT_B1,DIRECT,T2,TRANSIT_TO_WS2,-1.46591,-0.94219,-1.67546,-1.469,-0.945,-1.686,0.00411,0.0447,-1.5,0.58845,-1.0,-1.0,0.0,88.63101,NORMAL,2,0,0,0,17,1381,17,17,70,1381,0.21344,0.91684,0,0,-1.46,-1.52,0,0,0.0,0.0,12.85213,"O1:-2.33,-0.53,s151;O2:-2.33,0.19,s149;O3:-2.33,0.01,s137;O4:-2.33,-0.17,s135;O5:-0.89,-1.25,s127;O6:-2.33,-0.35,s109;O7:-0.89,-0.89,s99;O8:-0.71,-1.25,s93;O9:-0.53,-1.25,s80;O10:-2.33,0.55,s75;O11:-2.33,0.37,s60;O12:-0.89,-1.07,s59;O13:-0.53,-0.89,s51;O14:-0.89,-0.71,s28;O15:-2.33,-0.71,s23;O16:-2.33,0.73,s2;O17:-0.71,-0.71,s2","O1:-2.33,-0.53,s151;O2:-2.33,0.19,s149;O3:-2.33,0.01,s137;O4:-2.33,-0.17,s135;O5:-0.89,-1.25,s127;O6:-2.33,-0.35,s109;O7:-0.89,-0.89,s99;O8:-0.71,-1.25,s93;O9:-0.53,-1.25,s80;O10:-2.33,0.55,s75;O11:-2.33,0.37,s60;O12:-0.89,-1.07,s59;O13:-0.53,-0.89,s51;O14:-0.89,-0.71,s28;O15:-2.33,-0.71,s23;O16:-2.33,0.73,s2;O17:-0.71,-0.71,s2",RUNNING,UNKNOWN_MAP_SLAM_AVOIDANCE,unknown_map;frontier_targets;static_unknown_obstacles;dynamic_wandering_robot;costmap;slam_path_planning;obstacle_avoidance,P2_Wanderer,dynamic_wandering_robot,65.39961,65.39961,0.81208,0.8473,1,0,0,10,6,32,17,1381,17,1381,0.81208,0.8473,-1.11816,0.81208,0.8473,-1.11816
30.9,PID,HECTOR_GRID_MATCHING,HECTOR_SCAN_MATCHING_GRID,landmarks,task3,WAIT_B1_WS2_REQUEST_T2,WAIT_B1,DIRECT,T2,TRANSIT_TO_WS2,-1.46591,-0.94217,-1.67548,-1.471,-0.95,-1.676,0.00924,0.0447,-1.5,0.55245,-1.0,-1.0,0.0,88.62851,NORMAL,2,0,0,0,17,1381,17,17,70,1381,0.21344,0.91684,0,0,-1.46,-1.52,0,0,0.0,0.0,12.85213,"O1:-2.33,-0.53,s151;O2:-2.33,0.19,s149;O3:-2.33,0.01,s137;O4:-2.33,-0.17,s135;O5:-0.89,-1.25,s127;O6:-2.33,-0.35,s109;O7:-0.89,-0.89,s99;O8:-0.71,-1.25,s93;O9:-0.53,-1.25,s80;O10:-2.33,0.55,s75;O11:-2.33,0.37,s60;O12:-0.89,-1.07,s59;O13:-0.53,-0.89,s51;O14:-0.89,-0.71,s28;O15:-2.33,-0.71,s23;O16:-2.33,0.73,s2;O17:-0.71,-0.71,s2","O1:-2.33,-0.53,s151;O2:-2.33,0.19,s149;O3:-2.33,0.01,s137;O4:-2.33,-0.17,s135;O5:-0.89,-1.25,s127;O6:-2.33,-0.35,s109;O7:-0.89,-0.89,s99;O8:-0.71,-1.25,s93;O9:-0.53,-1.25,s80;O10:-2.33,0.55,s75;O11:-2.33,0.37,s60;O12:-0.89,-1.07,s59;O13:-0.53,-0.89,s51;O14:-0.89,-0.71,s28;O15:-2.33,-0.71,s23;O16:-2.33,0.73,s2;O17:-0.71,-0.71,s2",RUNNING,UNKNOWN_MAP_SLAM_AVOIDANCE,unknown_map;frontier_targets;static_unknown_obstacles;dynamic_wandering_robot;costmap;slam_path_planning;obstacle_avoidance,P2_Wanderer,dynamic_wandering_robot,65.39961,65.39961,0.82083,0.82932,1,0,0,10,6,32,17,1381,17,1381,0.82083,0.82932,-1.11816,0.82083,0.82932,-1.11816
31.0,PID,HECTOR_GRID_MATCHING,HECTOR_SCAN_MATCHING_GRID,landmarks,task3,WAIT_B1_WS2_REQUEST_T2,WAIT_B1,DIRECT,T2,TRANSIT_TO_WS2,-1.46591,-0.94215,-1.6755,-1.457,-0.947,-1.681,0.01055,0.0447,-1.5,0.51645,-1.0,-1.0,0.0,88.62601,NORMAL,2,0,0,0,17,1381,17,17,70,1381,0.21344,0.91684,0,0,-1.46,-1.52,0,0,0.0,0.0,12.85213,"O1:-2.33,-0.53,s151;O2:-2.33,0.19,s149;O3:-2.33,0.01,s137;O4:-2.33,-0.17,s135;O5:-0.89,-1.25,s127;O6:-2.33,-0.35,s109;O7:-0.89,-0.89,s99;O8:-0.71,-1.25,s93;O9:-0.53,-1.25,s80;O10:-2.33,0.55,s75;O11:-2.33,0.37,s60;O12:-0.89,-1.07,s59;O13:-0.53,-0.89,s51;O14:-0.89,-0.71,s28;O15:-2.33,-0.71,s23;O16:-2.33,0.73,s2;O17:-0.71,-0.71,s2","O1:-2.33,-0.53,s151;O2:-2.33,0.19,s149;O3:-2.33,0.01,s137;O4:-2.33,-0.17,s135;O5:-0.89,-1.25,s127;O6:-2.33,-0.35,s109;O7:-0.89,-0.89,s99;O8:-0.71,-1.25,s93;O9:-0.53,-1.25,s80;O10:-2.33,0.55,s75;O11:-2.33,0.37,s60;O12:-0.89,-1.07,s59;O13:-0.53,-0.89,s51;O14:-0.89,-0.71,s28;O15:-2.33,-0.71,s23;O16:-2.33,0.73,s2;O17:-0.71,-0.71,s2",RUNNING,UNKNOWN_MAP_SLAM_AVOIDANCE,unknown_map;frontier_targets;static_unknown_obstacles;dynamic_wandering_robot;costmap;slam_path_planning;obstacle_avoidance,P2_Wanderer,dynamic_wandering_robot,65.39961,65.39961,0.82957,0.81133,1,0,0,10,6,32,17,1381,17,1381,0.82957,0.81133,-1.11816,0.82957,0.81133,-1.11816
31.1,PID,HECTOR_GRID_MATCHING,HECTOR_SCAN_MATCHING_GRID,landmarks,task3,WAIT_B1_WS2_REQUEST_T2,WAIT_B1,DIRECT,T2,TRANSIT_TO_WS2,-1.46591,-0.94213,-1.67552,-1.461,-0.943,-1.67,0.00504,0.0447,-1.5,0.48045,-1.0,-1.0,0.0,88.62351,NORMAL,2,0,0,0,17,1381,17,17,70,1381,0.21344,0.91684,0,0,-1.46,-1.52,0,0,0.0,0.0,12.85213,"O1:-2.33,-0.53,s151;O2:-2.33,0.19,s149;O3:-2.33,0.01,s137;O4:-2.33,-0.17,s135;O5:-0.89,-1.25,s127;O6:-2.33,-0.35,s109;O7:-0.89,-0.89,s99;O8:-0.71,-1.25,s93;O9:-0.53,-1.25,s80;O10:-2.33,0.55,s75;O11:-2.33,0.37,s60;O12:-0.89,-1.07,s59;O13:-0.53,-0.89,s51;O14:-0.89,-0.71,s28;O15:-2.33,-0.71,s23;O16:-2.33,0.73,s2;O17:-0.71,-0.71,s2","O1:-2.33,-0.53,s151;O2:-2.33,0.19,s149;O3:-2.33,0.01,s137;O4:-2.33,-0.17,s135;O5:-0.89,-1.25,s127;O6:-2.33,-0.35,s109;O7:-0.89,-0.89,s99;O8:-0.71,-1.25,s93;O9:-0.53,-1.25,s80;O10:-2.33,0.55,s75;O11:-2.33,0.37,s60;O12:-0.89,-1.07,s59;O13:-0.53,-0.89,s51;O14:-0.89,-0.71,s28;O15:-2.33,-0.71,s23;O16:-2.33,0.73,s2;O17:-0.71,-0.71,s2",RUNNING,UNKNOWN_MAP_SLAM_AVOIDANCE,unknown_map;frontier_targets;static_unknown_obstacles;dynamic_wandering_robot;costmap;slam_path_planning;obstacle_avoidance,P2_Wanderer,dynamic_wandering_robot,65.39961,65.39961,0.83832,0.79335,1,0,0,10,6,32,17,1381,17,1381,0.83832,0.79335,-1.11816,0.83832,0.79335,-1.11816
31.2,PID,HECTOR_GRID_MATCHING,HECTOR_SCAN_MATCHING_GRID,landmarks,task3,WAIT_B1_WS2_REQUEST_T2,WAIT_B1,DIRECT,T2,TRANSIT_TO_WS2,-1.46592,-0.94211,-1.67554,-1.456,-0.941,-1.671,0.0097,0.0447,-1.5,0.44445,-1.0,-1.0,0.0,88.62101,NORMAL,2,0,0,0,17,1381,17,17,70,1381,0.21344,0.91684,0,0,-1.46,-1.52,0,0,0.0,0.0,12.85213,"O1:-2.33,-0.53,s151;O2:-2.33,0.19,s149;O3:-2.33,0.01,s137;O4:-2.33,-0.17,s135;O5:-0.89,-1.25,s127;O6:-2.33,-0.35,s109;O7:-0.89,-0.89,s99;O8:-0.71,-1.25,s93;O9:-0.53,-1.25,s80;O10:-2.33,0.55,s75;O11:-2.33,0.37,s60;O12:-0.89,-1.07,s59;O13:-0.53,-0.89,s51;O14:-0.89,-0.71,s28;O15:-2.33,-0.71,s23;O16:-2.33,0.73,s2;O17:-0.71,-0.71,s2","O1:-2.33,-0.53,s151;O2:-2.33,0.19,s149;O3:-2.33,0.01,s137;O4:-2.33,-0.17,s135;O5:-0.89,-1.25,s127;O6:-2.33,-0.35,s109;O7:-0.89,-0.89,s99;O8:-0.71,-1.25,s93;O9:-0.53,-1.25,s80;O10:-2.33,0.55,s75;O11:-2.33,0.37,s60;O12:-0.89,-1.07,s59;O13:-0.53,-0.89,s51;O14:-0.89,-0.71,s28;O15:-2.33,-0.71,s23;O16:-2.33,0.73,s2;O17:-0.71,-0.71,s2",RUNNING,UNKNOWN_MAP_SLAM_AVOIDANCE,unknown_map;frontier_targets;static_unknown_obstacles;dynamic_wandering_robot;costmap;slam_path_planning;obstacle_avoidance,P2_Wanderer,dynamic_wandering_robot,65.39961,65.39961,0.84707,0.77536,1,0,0,10,6,32,17,1381,17,1381,0.84707,0.77536,-1.11816,0.84707,0.77536,-1.11816
31.3,PID,HECTOR_GRID_MATCHING,HECTOR_SCAN_MATCHING_GRID,landmarks,task3,WAIT_B1_WS2_REQUEST_T2,WAIT_B1,DIRECT,T2,TRANSIT_TO_WS2,-1.46592,-0.94208,-1.67556,-1.472,-0.933,-1.676,0.01109,0.0447,-1.5,0.40845,-1.0,-1.0,0.0,88.61851,NORMAL,2,0,0,0,17,1381,17,17,70,1381,0.21344,0.91684,0,0,-1.46,-1.52,0,0,0.0,0.0,12.85213,"O1:-2.33,-0.53,s151;O2:-2.33,0.19,s149;O3:-2.33,0.01,s137;O4:-2.33,-0.17,s135;O5:-0.89,-1.25,s127;O6:-2.33,-0.35,s109;O7:-0.89,-0.89,s99;O8:-0.71,-1.25,s93;O9:-0.53,-1.25,s80;O10:-2.33,0.55,s75;O11:-2.33,0.37,s60;O12:-0.89,-1.07,s59;O13:-0.53,-0.89,s51;O14:-0.89,-0.71,s28;O15:-2.33,-0.71,s23;O16:-2.33,0.73,s2;O17:-0.71,-0.71,s2","O1:-2.33,-0.53,s151;O2:-2.33,0.19,s149;O3:-2.33,0.01,s137;O4:-2.33,-0.17,s135;O5:-0.89,-1.25,s127;O6:-2.33,-0.35,s109;O7:-0.89,-0.89,s99;O8:-0.71,-1.25,s93;O9:-0.53,-1.25,s80;O10:-2.33,0.55,s75;O11:-2.33,0.37,s60;O12:-0.89,-1.07,s59;O13:-0.53,-0.89,s51;O14:-0.89,-0.71,s28;O15:-2.33,-0.71,s23;O16:-2.33,0.73,s2;O17:-0.71,-0.71,s2",RUNNING,UNKNOWN_MAP_SLAM_AVOIDANCE,unknown_map;frontier_targets;static_unknown_obstacles;dynamic_wandering_robot;costmap;slam_path_planning;obstacle_avoidance,P2_Wanderer,dynamic_wandering_robot,65.39961,65.39961,0.85581,0.75737,1,0,0,10,6,32,17,1381,17,1381,0.85581,0.75737,-1.11816,0.85581,0.75737,-1.11816
31.4,PID,HECTOR_GRID_MATCHING,HECTOR_SCAN_MATCHING_GRID,landmarks,task3,WAIT_B1_WS2_REQUEST_T2,WAIT_B1,DIRECT,T2,TRANSIT_TO_WS2,-1.46592,-0.94206,-1.67558,-1.464,-0.932,-1.666,0.0101,0.0447,-1.5,0.37245,-1.0,-1.0,0.0,88.61601,NORMAL,2,0,0,0,17,1381,17,17,70,1381,0.21344,0.91684,0,0,-1.46,-1.52,0,0,0.0,0.0,12.85213,"O1:-2.33,-0.53,s151;O2:-2.33,0.19,s149;O3:-2.33,0.01,s137;O4:-2.33,-0.17,s135;O5:-0.89,-1.25,s127;O6:-2.33,-0.35,s109;O7:-0.89,-0.89,s99;O8:-0.71,-1.25,s93;O9:-0.53,-1.25,s80;O10:-2.33,0.55,s75;O11:-2.33,0.37,s60;O12:-0.89,-1.07,s59;O13:-0.53,-0.89,s51;O14:-0.89,-0.71,s28;O15:-2.33,-0.71,s23;O16:-2.33,0.73,s2;O17:-0.71,-0.71,s2","O1:-2.33,-0.53,s151;O2:-2.33,0.19,s149;O3:-2.33,0.01,s137;O4:-2.33,-0.17,s135;O5:-0.89,-1.25,s127;O6:-2.33,-0.35,s109;O7:-0.89,-0.89,s99;O8:-0.71,-1.25,s93;O9:-0.53,-1.25,s80;O10:-2.33,0.55,s75;O11:-2.33,0.37,s60;O12:-0.89,-1.07,s59;O13:-0.53,-0.89,s51;O14:-0.89,-0.71,s28;O15:-2.33,-0.71,s23;O16:-2.33,0.73,s2;O17:-0.71,-0.71,s2",RUNNING,UNKNOWN_MAP_SLAM_AVOIDANCE,unknown_map;frontier_targets;static_unknown_obstacles;dynamic_wandering_robot;costmap;slam_path_planning;obstacle_avoidance,P2_Wanderer,dynamic_wandering_robot,65.39961,65.39961,0.86456,0.73939,1,0,0,10,6,32,17,1381,17,1381,0.86456,0.73939,-1.11816,0.86456,0.73939,-1.11816
31.5,PID,HECTOR_GRID_MATCHING,HECTOR_SCAN_MATCHING_GRID,landmarks,task3,WAIT_B1_WS2_REQUEST_T2,WAIT_B1,DIRECT,T2,TRANSIT_TO_WS2,-1.46593,-0.94204,-1.6756,-1.464,-0.941,-1.673,0.00248,0.0447,-1.5,0.33645,-1.0,-1.0,0.0,88.61351,NORMAL,2,0,0,0,17,1381,17,17,70,1381,0.21344,0.91684,0,0,-1.46,-1.52,0,0,0.0,0.0,12.85213,"O1:-2.33,-0.53,s151;O2:-2.33,0.19,s149;O3:-2.33,0.01,s137;O4:-2.33,-0.17,s135;O5:-0.89,-1.25,s127;O6:-2.33,-0.35,s109;O7:-0.89,-0.89,s99;O8:-0.71,-1.25,s93;O9:-0.53,-1.25,s80;O10:-2.33,0.55,s75;O11:-2.33,0.37,s60;O12:-0.89,-1.07,s59;O13:-0.53,-0.89,s51;O14:-0.89,-0.71,s28;O15:-2.33,-0.71,s23;O16:-2.33,0.73,s2;O17:-0.71,-0.71,s2","O1:-2.33,-0.53,s151;O2:-2.33,0.19,s149;O3:-2.33,0.01,s137;O4:-2.33,-0.17,s135;O5:-0.89,-1.25,s127;O6:-2.33,-0.35,s109;O7:-0.89,-0.89,s99;O8:-0.71,-1.25,s93;O9:-0.53,-1.25,s80;O10:-2.33,0.55,s75;O11:-2.33,0.37,s60;O12:-0.89,-1.07,s59;O13:-0.53,-0.89,s51;O14:-0.89,-0.71,s28;O15:-2.33,-0.71,s23;O16:-2.33,0.73,s2;O17:-0.71,-0.71,s2",RUNNING,UNKNOWN_MAP_SLAM_AVOIDANCE,unknown_map;frontier_targets;static_unknown_obstacles;dynamic_wandering_robot;costmap;slam_path_planning;obstacle_avoidance,P2_Wanderer,dynamic_wandering_robot,65.39961,65.39961,0.87331,0.7214,1,0,0,10,6,32,17,1381,17,1381,0.87331,0.7214,-1.11816,0.87331,0.7214,-1.11816
31.6,PID,HECTOR_GRID_MATCHING,HECTOR_SCAN_MATCHING_GRID,landmarks,task3,WAIT_B1_WS2_REQUEST_T2,WAIT_B1,DIRECT,T2,TRANSIT_TO_WS2,-1.46593,-0.94202,-1.67561,-1.472,-0.93,-1.675,0.01372,0.0447,-1.5,0.30045,-1.0,-1.0,0.0,88.61101,NORMAL,2,0,0,0,17,1381,17,17,70,1381,0.21344,0.91684,0,0,-1.46,-1.52,0,0,0.0,0.0,12.85213,"O1:-2.33,-0.53,s151;O2:-2.33,0.19,s149;O3:-2.33,0.01,s137;O4:-2.33,-0.17,s135;O5:-0.89,-1.25,s127;O6:-2.33,-0.35,s109;O7:-0.89,-0.89,s99;O8:-0.71,-1.25,s93;O9:-0.53,-1.25,s80;O10:-2.33,0.55,s75;O11:-2.33,0.37,s60;O12:-0.89,-1.07,s59;O13:-0.53,-0.89,s51;O14:-0.89,-0.71,s28;O15:-2.33,-0.71,s23;O16:-2.33,0.73,s2;O17:-0.71,-0.71,s2","O1:-2.33,-0.53,s151;O2:-2.33,0.19,s149;O3:-2.33,0.01,s137;O4:-2.33,-0.17,s135;O5:-0.89,-1.25,s127;O6:-2.33,-0.35,s109;O7:-0.89,-0.89,s99;O8:-0.71,-1.25,s93;O9:-0.53,-1.25,s80;O10:-2.33,0.55,s75;O11:-2.33,0.37,s60;O12:-0.89,-1.07,s59;O13:-0.53,-0.89,s51;O14:-0.89,-0.71,s28;O15:-2.33,-0.71,s23;O16:-2.33,0.73,s2;O17:-0.71,-0.71,s2",RUNNING,UNKNOWN_MAP_SLAM_AVOIDANCE,unknown_map;frontier_targets;static_unknown_obstacles;dynamic_wandering_robot;costmap;slam_path_planning;obstacle_avoidance,P2_Wanderer,dynamic_wandering_robot,65.39961,65.39961,0.88205,0.70342,1,0,0,10,6,32,17,1381,17,1381,0.88205,0.70342,-1.11816,0.88205,0.70342,-1.11816
31.7,PID,HECTOR_GRID_MATCHING,HECTOR_SCAN_MATCHING_GRID,landmarks,task3,WAIT_B1_WS2_REQUEST_T2,WAIT_B1,DIRECT,T2,TRANSIT_TO_WS2,-1.46593,-0.942,-1.67563,-1.473,-0.938,-1.677,0.00799,0.0447,-1.5,0.26445,-1.0,-1.0,0.0,88.60851,NORMAL,2,0,0,0,17,1381,17,17,70,1381,0.21344,0.91684,0,0,-1.46,-1.52,0,0,0.0,0.0,12.85213,"O1:-2.33,-0.53,s151;O2:-2.33,0.19,s149;O3:-2.33,0.01,s137;O4:-2.33,-0.17,s135;O5:-0.89,-1.25,s127;O6:-2.33,-0.35,s109;O7:-0.89,-0.89,s99;O8:-0.71,-1.25,s93;O9:-0.53,-1.25,s80;O10:-2.33,0.55,s75;O11:-2.33,0.37,s60;O12:-0.89,-1.07,s59;O13:-0.53,-0.89,s51;O14:-0.89,-0.71,s28;O15:-2.33,-0.71,s23;O16:-2.33,0.73,s2;O17:-0.71,-0.71,s2","O1:-2.33,-0.53,s151;O2:-2.33,0.19,s149;O3:-2.33,0.01,s137;O4:-2.33,-0.17,s135;O5:-0.89,-1.25,s127;O6:-2.33,-0.35,s109;O7:-0.89,-0.89,s99;O8:-0.71,-1.25,s93;O9:-0.53,-1.25,s80;O10:-2.33,0.55,s75;O11:-2.33,0.37,s60;O12:-0.89,-1.07,s59;O13:-0.53,-0.89,s51;O14:-0.89,-0.71,s28;O15:-2.33,-0.71,s23;O16:-2.33,0.73,s2;O17:-0.71,-0.71,s2",RUNNING,UNKNOWN_MAP_SLAM_AVOIDANCE,unknown_map;frontier_targets;static_unknown_obstacles;dynamic_wandering_robot;costmap;slam_path_planning;obstacle_avoidance,P2_Wanderer,dynamic_wandering_robot,65.39961,65.39961,0.8908,0.68543,1,0,0,10,6,32,17,1381,17,1381,0.8908,0.68543,-1.11816,0.8908,0.68543,-1.11816
31.8,PID,HECTOR_GRID_MATCHING,HECTOR_SCAN_MATCHING_GRID,landmarks,task3,WAIT_B1_WS2_REQUEST_T2,WAIT_B1,DIRECT,T2,TRANSIT_TO_WS2,-1.46593,-0.94197,-1.67565,-1.471,-0.944,-1.676,0.00542,0.0447,-1.5,0.22845,-1.0,-1.0,0.0,88.60601,NORMAL,2,0,0,0,17,1381,17,17,70,1381,0.21344,0.91684,0,0,-1.46,-1.52,0,0,0.0,0.0,12.85213,"O1:-2.33,-0.53,s151;O2:-2.33,0.19,s149;O3:-2.33,0.01,s137;O4:-2.33,-0.17,s135;O5:-0.89,-1.25,s127;O6:-2.33,-0.35,s109;O7:-0.89,-0.89,s99;O8:-0.71,-1.25,s93;O9:-0.53,-1.25,s80;O10:-2.33,0.55,s75;O11:-2.33,0.37,s60;O12:-0.89,-1.07,s59;O13:-0.53,-0.89,s51;O14:-0.89,-0.71,s28;O15:-2.33,-0.71,s23;O16:-2.33,0.73,s2;O17:-0.71,-0.71,s2","O1:-2.33,-0.53,s151;O2:-2.33,0.19,s149;O3:-2.33,0.01,s137;O4:-2.33,-0.17,s135;O5:-0.89,-1.25,s127;O6:-2.33,-0.35,s109;O7:-0.89,-0.89,s99;O8:-0.71,-1.25,s93;O9:-0.53,-1.25,s80;O10:-2.33,0.55,s75;O11:-2.33,0.37,s60;O12:-0.89,-1.07,s59;O13:-0.53,-0.89,s51;O14:-0.89,-0.71,s28;O15:-2.33,-0.71,s23;O16:-2.33,0.73,s2;O17:-0.71,-0.71,s2",RUNNING,UNKNOWN_MAP_SLAM_AVOIDANCE,unknown_map;frontier_targets;static_unknown_obstacles;dynamic_wandering_robot;costmap;slam_path_planning;obstacle_avoidance,P2_Wanderer,dynamic_wandering_robot,65.39961,65.39961,0.89955,0.66744,1,0,0,10,6,32,17,1381,17,1381,0.89955,0.66744,-1.11816,0.89955,0.66744,-1.11816
31.9,PID,HECTOR_GRID_MATCHING,HECTOR_SCAN_MATCHING_GRID,landmarks,task3,WAIT_B1_WS2_REQUEST_T2,WAIT_B1,DIRECT,T2,TRANSIT_TO_WS2,-1.46594,-0.94195,-1.67567,-1.471,-0.939,-1.676,0.00618,0.0447,-1.5,0.19245,-1.0,-1.0,0.0,88.60351,NORMAL,2,0,0,0,17,1381,17,17,70,1381,0.21344,0.91684,0,0,-1.46,-1.52,0,0,0.0,0.0,12.85213,"O1:-2.33,-0.53,s151;O2:-2.33,0.19,s149;O3:-2.33,0.01,s137;O4:-2.33,-0.17,s135;O5:-0.89,-1.25,s127;O6:-2.33,-0.35,s109;O7:-0.89,-0.89,s99;O8:-0.71,-1.25,s93;O9:-0.53,-1.25,s80;O10:-2.33,0.55,s75;O11:-2.33,0.37,s60;O12:-0.89,-1.07,s59;O13:-0.53,-0.89,s51;O14:-0.89,-0.71,s28;O15:-2.33,-0.71,s23;O16:-2.33,0.73,s2;O17:-0.71,-0.71,s2","O1:-2.33,-0.53,s151;O2:-2.33,0.19,s149;O3:-2.33,0.01,s137;O4:-2.33,-0.17,s135;O5:-0.89,-1.25,s127;O6:-2.33,-0.35,s109;O7:-0.89,-0.89,s99;O8:-0.71,-1.25,s93;O9:-0.53,-1.25,s80;O10:-2.33,0.55,s75;O11:-2.33,0.37,s60;O12:-0.89,-1.07,s59;O13:-0.53,-0.89,s51;O14:-0.89,-0.71,s28;O15:-2.33,-0.71,s23;O16:-2.33,0.73,s2;O17:-0.71,-0.71,s2",RUNNING,UNKNOWN_MAP_SLAM_AVOIDANCE,unknown_map;frontier_targets;static_unknown_obstacles;dynamic_wandering_robot;costmap;slam_path_planning;obstacle_avoidance,P2_Wanderer,dynamic_wandering_robot,65.39961,65.39961,0.90829,0.64946,1,0,0,10,6,32,17,1381,17,1381,0.90829,0.64946,-1.11816,0.90829,0.64946,-1.11816
32.0,PID,HECTOR_GRID_MATCHING,HECTOR_SCAN_MATCHING_GRID,landmarks,task3,WAIT_B1_WS2_REQUEST_T2,WAIT_B1,DIRECT,T2,TRANSIT_TO_WS2,-1.46594,-0.94193,-1.67569,-1.484,-0.936,-1.669,0.01939,0.0447,-1.5,0.15645,-1.0,-1.0,0.0,88.60101,NORMAL,2,0,0,0,17,1381,17,17,70,1381,0.21344,0.91684,0,0,-1.46,-1.52,0,0,0.0,0.0,12.85213,"O1:-2.33,-0.53,s151;O2:-2.33,0.19,s149;O3:-2.33,0.01,s137;O4:-2.33,-0.17,s135;O5:-0.89,-1.25,s127;O6:-2.33,-0.35,s109;O7:-0.89,-0.89,s99;O8:-0.71,-1.25,s93;O9:-0.53,-1.25,s80;O10:-2.33,0.55,s75;O11:-2.33,0.37,s60;O12:-0.89,-1.07,s59;O13:-0.53,-0.89,s51;O14:-0.89,-0.71,s28;O15:-2.33,-0.71,s23;O16:-2.33,0.73,s2;O17:-0.71,-0.71,s2","O1:-2.33,-0.53,s151;O2:-2.33,0.19,s149;O3:-2.33,0.01,s137;O4:-2.33,-0.17,s135;O5:-0.89,-1.25,s127;O6:-2.33,-0.35,s109;O7:-0.89,-0.89,s99;O8:-0.71,-1.25,s93;O9:-0.53,-1.25,s80;O10:-2.33,0.55,s75;O11:-2.33,0.37,s60;O12:-0.89,-1.07,s59;O13:-0.53,-0.89,s51;O14:-0.89,-0.71,s28;O15:-2.33,-0.71,s23;O16:-2.33,0.73,s2;O17:-0.71,-0.71,s2",RUNNING,UNKNOWN_MAP_SLAM_AVOIDANCE,unknown_map;frontier_targets;static_unknown_obstacles;dynamic_wandering_robot;costmap;slam_path_planning;obstacle_avoidance,P2_Wanderer,dynamic_wandering_robot,65.39961,65.39961,0.91704,0.63147,1,0,0,10,6,32,17,1381,17,1381,0.91704,0.63147,-1.11816,0.91704,0.63147,-1.11816
32.15,PID,HECTOR_GRID_MATCHING,HECTOR_SCAN_MATCHING_GRID,landmarks,task3,WAIT_B1_WS2_REQUEST_T2,WAIT_B1,DIRECT,T2,TRANSIT_TO_WS2,-1.46594,-0.9419,-1.67571,-1.492,-0.95,-1.672,0.02766,0.0447,-1.5,0.10245,-1.0,-1.0,0.0,88.59726,NORMAL,2,0,0,0,17,1381,17,17,70,1381,0.21344,0.91684,0,0,-1.46,-1.52,0,0,0.0,0.0,12.85213,"O1:-2.33,-0.53,s151;O2:-2.33,0.19,s149;O3:-2.33,0.01,s137;O4:-2.33,-0.17,s135;O5:-0.89,-1.25,s127;O6:-2.33,-0.35,s109;O7:-0.89,-0.89,s99;O8:-0.71,-1.25,s93;O9:-0.53,-1.25,s80;O10:-2.33,0.55,s75;O11:-2.33,0.37,s60;O12:-0.89,-1.07,s59;O13:-0.53,-0.89,s51;O14:-0.89,-0.71,s28;O15:-2.33,-0.71,s23;O16:-2.33,0.73,s2;O17:-0.71,-0.71,s2","O1:-2.33,-0.53,s151;O2:-2.33,0.19,s149;O3:-2.33,0.01,s137;O4:-2.33,-0.17,s135;O5:-0.89,-1.25,s127;O6:-2.33,-0.35,s109;O7:-0.89,-0.89,s99;O8:-0.71,-1.25,s93;O9:-0.53,-1.25,s80;O10:-2.33,0.55,s75;O11:-2.33,0.37,s60;O12:-0.89,-1.07,s59;O13:-0.53,-0.89,s51;O14:-0.89,-0.71,s28;O15:-2.33,-0.71,s23;O16:-2.33,0.73,s2;O17:-0.71,-0.71,s2",RUNNING,UNKNOWN_MAP_SLAM_AVOIDANCE,unknown_map;frontier_targets;static_unknown_obstacles;dynamic_wandering_robot;costmap;slam_path_planning;obstacle_avoidance,P2_Wanderer,dynamic_wandering_robot,65.39961,65.39961,0.93016,0.60449,1,0,0,10,6,32,17,1381,17,1381,0.93016,0.60449,-1.11816,0.93016,0.60449,-1.11816
32.3,PID,HECTOR_GRID_MATCHING,HECTOR_SCAN_MATCHING_GRID,landmarks,task3,WAIT_B1_WS2_REQUEST_T2,WAIT_B1,DIRECT,T2,TRANSIT_TO_WS2,-1.46595,-0.94187,-1.67574,-1.489,-0.935,-1.673,0.02387,0.0447,-1.5,0.04845,-1.0,-1.0,0.0,88.59351,NORMAL,2,0,0,0,17,1381,17,17,70,1381,0.21344,0.91684,0,0,-1.46,-1.52,0,0,0.0,0.0,12.85213,"O1:-2.33,-0.53,s151;O2:-2.33,0.19,s149;O3:-2.33,0.01,s137;O4:-2.33,-0.17,s135;O5:-0.89,-1.25,s127;O6:-2.33,-0.35,s109;O7:-0.89,-0.89,s99;O8:-0.71,-1.25,s93;O9:-0.53,-1.25,s80;O10:-2.33,0.55,s75;O11:-2.33,0.37,s60;O12:-0.89,-1.07,s59;O13:-0.53,-0.89,s51;O14:-0.89,-0.71,s28;O15:-2.33,-0.71,s23;O16:-2.33,0.73,s2;O17:-0.71,-0.71,s2","O1:-2.33,-0.53,s151;O2:-2.33,0.19,s149;O3:-2.33,0.01,s137;O4:-2.33,-0.17,s135;O5:-0.89,-1.25,s127;O6:-2.33,-0.35,s109;O7:-0.89,-0.89,s99;O8:-0.71,-1.25,s93;O9:-0.53,-1.25,s80;O10:-2.33,0.55,s75;O11:-2.33,0.37,s60;O12:-0.89,-1.07,s59;O13:-0.53,-0.89,s51;O14:-0.89,-0.71,s28;O15:-2.33,-0.71,s23;O16:-2.33,0.73,s2;O17:-0.71,-0.71,s2",RUNNING,UNKNOWN_MAP_SLAM_AVOIDANCE,unknown_map;frontier_targets;static_unknown_obstacles;dynamic_wandering_robot;costmap;slam_path_planning;obstacle_avoidance,P2_Wanderer,dynamic_wandering_robot,65.39961,65.39961,0.94328,0.57751,1,0,0,10,6,32,17,1381,17,1381,0.94328,0.57751,-1.11816,0.94328,0.57751,-1.11816
32.45,PID,HECTOR_GRID_MATCHING,HECTOR_SCAN_MATCHING_GRID,landmarks,task3,WAIT_B1_WS2_REQUEST_T2,WAIT_B1,DIRECT,T2,TRANSIT_TO_WS2,-1.46595,-0.94183,-1.67577,-1.472,-0.935,-1.683,0.00948,0.0447,-1.5,-0.00555,-1.0,-1.0,0.0,88.58976,NORMAL,2,0,0,0,17,1381,17,17,70,1381,0.21344,0.91684,0,0,-1.46,-1.52,0,0,0.0,0.0,12.85213,"O1:-2.33,-0.53,s151;O2:-2.33,0.19,s149;O3:-2.33,0.01,s137;O4:-2.33,-0.17,s135;O5:-0.89,-1.25,s127;O6:-2.33,-0.35,s109;O7:-0.89,-0.89,s99;O8:-0.71,-1.25,s93;O9:-0.53,-1.25,s80;O10:-2.33,0.55,s75;O11:-2.33,0.37,s60;O12:-0.89,-1.07,s59;O13:-0.53,-0.89,s51;O14:-0.89,-0.71,s28;O15:-2.33,-0.71,s23;O16:-2.33,0.73,s2;O17:-0.71,-0.71,s2","O1:-2.33,-0.53,s151;O2:-2.33,0.19,s149;O3:-2.33,0.01,s137;O4:-2.33,-0.17,s135;O5:-0.89,-1.25,s127;O6:-2.33,-0.35,s109;O7:-0.89,-0.89,s99;O8:-0.71,-1.25,s93;O9:-0.53,-1.25,s80;O10:-2.33,0.55,s75;O11:-2.33,0.37,s60;O12:-0.89,-1.07,s59;O13:-0.53,-0.89,s51;O14:-0.89,-0.71,s28;O15:-2.33,-0.71,s23;O16:-2.33,0.73,s2;O17:-0.71,-0.71,s2",RUNNING,UNKNOWN_MAP_SLAM_AVOIDANCE,unknown_map;frontier_targets;static_unknown_obstacles;dynamic_wandering_robot;costmap;slam_path_planning;obstacle_avoidance,P2_Wanderer,dynamic_wandering_robot,65.39961,65.39961,0.9564,0.55054,1,0,0,10,6,32,17,1381,17,1381,0.9564,0.55054,-1.11816,0.9564,0.55054,-1.11816
32.6,PID,HECTOR_GRID_MATCHING,HECTOR_SCAN_MATCHING_GRID,landmarks,task3,WAIT_B1_WS2_REQUEST_T2,WAIT_B1,DIRECT,T2,TRANSIT_TO_WS2,-1.46596,-0.9418,-1.67579,-1.472,-0.938,-1.681,0.00683,0.0447,-1.5,-0.05955,-1.0,-1.0,0.0,88.58601,NORMAL,2,0,0,0,17,1381,17,17,70,1381,0.21344,0.91684,0,0,-1.46,-1.52,0,0,0.0,0.0,12.85213,"O1:-2.33,-0.53,s151;O2:-2.33,0.19,s149;O3:-2.33,0.01,s137;O4:-2.33,-0.17,s135;O5:-0.89,-1.25,s127;O6:-2.33,-0.35,s109;O7:-0.89,-0.89,s99;O8:-0.71,-1.25,s93;O9:-0.53,-1.25,s80;O10:-2.33,0.55,s75;O11:-2.33,0.37,s60;O12:-0.89,-1.07,s59;O13:-0.53,-0.89,s51;O14:-0.89,-0.71,s28;O15:-2.33,-0.71,s23;O16:-2.33,0.73,s2;O17:-0.71,-0.71,s2","O1:-2.33,-0.53,s151;O2:-2.33,0.19,s149;O3:-2.33,0.01,s137;O4:-2.33,-0.17,s135;O5:-0.89,-1.25,s127;O6:-2.33,-0.35,s109;O7:-0.89,-0.89,s99;O8:-0.71,-1.25,s93;O9:-0.53,-1.25,s80;O10:-2.33,0.55,s75;O11:-2.33,0.37,s60;O12:-0.89,-1.07,s59;O13:-0.53,-0.89,s51;O14:-0.89,-0.71,s28;O15:-2.33,-0.71,s23;O16:-2.33,0.73,s2;O17:-0.71,-0.71,s2",RUNNING,UNKNOWN_MAP_SLAM_AVOIDANCE,unknown_map;frontier_targets;static_unknown_obstacles;dynamic_wandering_robot;costmap;slam_path_planning;obstacle_avoidance,P2_Wanderer,dynamic_wandering_robot,65.39961,65.39961,0.96952,0.52356,1,0,0,10,6,32,17,1381,17,1381,0.96952,0.52356,-1.11816,0.96952,0.52356,-1.11816
32.75,PID,HECTOR_GRID_MATCHING,HECTOR_SCAN_MATCHING_GRID,landmarks,task3,WAIT_B1_WS2_REQUEST_T2,WAIT_B1,DIRECT,T2,TRANSIT_TO_WS2,-1.46596,-0.94177,-1.67582,-1.471,-0.95,-1.677,0.00949,0.0447,-1.5,-0.11355,-1.0,-1.0,0.0,88.58226,NORMAL,2,0,0,0,17,1381,17,17,70,1381,0.21344,0.91684,0,0,-1.46,-1.52,0,0,0.0,0.0,12.85213,"O1:-2.33,-0.53,s151;O2:-2.33,0.19,s149;O3:-2.33,0.01,s137;O4:-2.33,-0.17,s135;O5:-0.89,-1.25,s127;O6:-2.33,-0.35,s109;O7:-0.89,-0.89,s99;O8:-0.71,-1.25,s93;O9:-0.53,-1.25,s80;O10:-2.33,0.55,s75;O11:-2.33,0.37,s60;O12:-0.89,-1.07,s59;O13:-0.53,-0.89,s51;O14:-0.89,-0.71,s28;O15:-2.33,-0.71,s23;O16:-2.33,0.73,s2;O17:-0.71,-0.71,s2","O1:-2.33,-0.53,s151;O2:-2.33,0.19,s149;O3:-2.33,0.01,s137;O4:-2.33,-0.17,s135;O5:-0.89,-1.25,s127;O6:-2.33,-0.35,s109;O7:-0.89,-0.89,s99;O8:-0.71,-1.25,s93;O9:-0.53,-1.25,s80;O10:-2.33,0.55,s75;O11:-2.33,0.37,s60;O12:-0.89,-1.07,s59;O13:-0.53,-0.89,s51;O14:-0.89,-0.71,s28;O15:-2.33,-0.71,s23;O16:-2.33,0.73,s2;O17:-0.71,-0.71,s2",RUNNING,UNKNOWN_MAP_SLAM_AVOIDANCE,unknown_map;frontier_targets;static_unknown_obstacles;dynamic_wandering_robot;costmap;slam_path_planning;obstacle_avoidance,P2_Wanderer,dynamic_wandering_robot,65.39961,65.39961,0.98264,0.49658,1,0,0,10,6,32,17,1381,17,1381,0.98264,0.49658,-1.11816,0.98264,0.49658,-1.11816
32.9,PID,HECTOR_GRID_MATCHING,HECTOR_SCAN_MATCHING_GRID,landmarks,task3,WAIT_B1_WS2_REQUEST_T2,WAIT_B1,DIRECT,T2,TRANSIT_TO_WS2,-1.46597,-0.94174,-1.67584,-1.465,-0.938,-1.676,0.00357,0.0447,-1.5,-0.16755,-1.0,-1.0,0.0,88.57851,NORMAL,2,0,0,0,17,1381,17,17,70,1381,0.21344,0.91684,0,0,-1.46,-1.52,0,0,0.0,0.0,12.85213,"O1:-2.33,-0.53,s151;O2:-2.33,0.19,s149;O3:-2.33,0.01,s137;O4:-2.33,-0.17,s135;O5:-0.89,-1.25,s127;O6:-2.33,-0.35,s109;O7:-0.89,-0.89,s99;O8:-0.71,-1.25,s93;O9:-0.53,-1.25,s80;O10:-2.33,0.55,s75;O11:-2.33,0.37,s60;O12:-0.89,-1.07,s59;O13:-0.53,-0.89,s51;O14:-0.89,-0.71,s28;O15:-2.33,-0.71,s23;O16:-2.33,0.73,s2;O17:-0.71,-0.71,s2","O1:-2.33,-0.53,s151;O2:-2.33,0.19,s149;O3:-2.33,0.01,s137;O4:-2.33,-0.17,s135;O5:-0.89,-1.25,s127;O6:-2.33,-0.35,s109;O7:-0.89,-0.89,s99;O8:-0.71,-1.25,s93;O9:-0.53,-1.25,s80;O10:-2.33,0.55,s75;O11:-2.33,0.37,s60;O12:-0.89,-1.07,s59;O13:-0.53,-0.89,s51;O14:-0.89,-0.71,s28;O15:-2.33,-0.71,s23;O16:-2.33,0.73,s2;O17:-0.71,-0.71,s2",RUNNING,UNKNOWN_MAP_SLAM_AVOIDANCE,unknown_map;frontier_targets;static_unknown_obstacles;dynamic_wandering_robot;costmap;slam_path_planning;obstacle_avoidance,P2_Wanderer,dynamic_wandering_robot,65.39961,65.39961,0.99576,0.4696,1,0,0,10,6,32,17,1381,17,1381,0.99576,0.4696,-1.11816,0.99576,0.4696,-1.11816
33.05,PID,HECTOR_GRID_MATCHING,HECTOR_SCAN_MATCHING_GRID,landmarks,task3,WAIT_B1_WS2_REQUEST_T2,WAIT_B1,DIRECT,T2,TRANSIT_TO_WS2,-1.46597,-0.94171,-1.67587,-1.465,-0.949,-1.669,0.00696,0.0447,-1.5,-0.22155,-1.0,-1.0,0.0,88.57476,NORMAL,2,0,0,0,17,1381,17,17,70,1381,0.21344,0.91684,0,0,-1.46,-1.52,0,0,0.0,0.0,12.85213,"O1:-2.33,-0.53,s151;O2:-2.33,0.19,s149;O3:-2.33,0.01,s137;O4:-2.33,-0.17,s135;O5:-0.89,-1.25,s127;O6:-2.33,-0.35,s109;O7:-0.89,-0.89,s99;O8:-0.71,-1.25,s93;O9:-0.53,-1.25,s80;O10:-2.33,0.55,s75;O11:-2.33,0.37,s60;O12:-0.89,-1.07,s59;O13:-0.53,-0.89,s51;O14:-0.89,-0.71,s28;O15:-2.33,-0.71,s23;O16:-2.33,0.73,s2;O17:-0.71,-0.71,s2","O1:-2.33,-0.53,s151;O2:-2.33,0.19,s149;O3:-2.33,0.01,s137;O4:-2.33,-0.17,s135;O5:-0.89,-1.25,s127;O6:-2.33,-0.35,s109;O7:-0.89,-0.89,s99;O8:-0.71,-1.25,s93;O9:-0.53,-1.25,s80;O10:-2.33,0.55,s75;O11:-2.33,0.37,s60;O12:-0.89,-1.07,s59;O13:-0.53,-0.89,s51;O14:-0.89,-0.71,s28;O15:-2.33,-0.71,s23;O16:-2.33,0.73,s2;O17:-0.71,-0.71,s2",RUNNING,UNKNOWN_MAP_SLAM_AVOIDANCE,unknown_map;frontier_targets;static_unknown_obstacles;dynamic_wandering_robot;costmap;slam_path_planning;obstacle_avoidance,P2_Wanderer,dynamic_wandering_robot,65.39961,65.39961,1.00888,0.44262,1,0,0,10,6,32,17,1381,17,1381,1.00888,0.44262,-1.11816,1.00888,0.44262,-1.11816
33.2,PID,HECTOR_GRID_MATCHING,HECTOR_SCAN_MATCHING_GRID,landmarks,task3,WAIT_B1_WS2_REQUEST_T2,WAIT_B1,DIRECT,T2,TRANSIT_TO_WS2,-1.46597,-0.94167,-1.6759,-1.457,-0.943,-1.669,0.00934,0.0447,-1.5,-0.27555,-1.0,-1.0,0.0,88.57101,NORMAL,2,0,0,0,17,1381,17,17,70,1381,0.21344,0.91684,0,0,-1.46,-1.52,0,0,0.0,0.0,12.85213,"O1:-2.33,-0.53,s151;O2:-2.33,0.19,s149;O3:-2.33,0.01,s137;O4:-2.33,-0.17,s135;O5:-0.89,-1.25,s127;O6:-2.33,-0.35,s109;O7:-0.89,-0.89,s99;O8:-0.71,-1.25,s93;O9:-0.53,-1.25,s80;O10:-2.33,0.55,s75;O11:-2.33,0.37,s60;O12:-0.89,-1.07,s59;O13:-0.53,-0.89,s51;O14:-0.89,-0.71,s28;O15:-2.33,-0.71,s23;O16:-2.33,0.73,s2;O17:-0.71,-0.71,s2","O1:-2.33,-0.53,s151;O2:-2.33,0.19,s149;O3:-2.33,0.01,s137;O4:-2.33,-0.17,s135;O5:-0.89,-1.25,s127;O6:-2.33,-0.35,s109;O7:-0.89,-0.89,s99;O8:-0.71,-1.25,s93;O9:-0.53,-1.25,s80;O10:-2.33,0.55,s75;O11:-2.33,0.37,s60;O12:-0.89,-1.07,s59;O13:-0.53,-0.89,s51;O14:-0.89,-0.71,s28;O15:-2.33,-0.71,s23;O16:-2.33,0.73,s2;O17:-0.71,-0.71,s2",RUNNING,UNKNOWN_MAP_SLAM_AVOIDANCE,unknown_map;frontier_targets;static_unknown_obstacles;dynamic_wandering_robot;costmap;slam_path_planning;obstacle_avoidance,P2_Wanderer,dynamic_wandering_robot,65.39961,65.39961,1.022,0.41564,1,0,0,10,6,32,17,1381,17,1381,1.022,0.41564,-1.11816,1.022,0.41564,-1.11816
33.35,PID,HECTOR_GRID_MATCHING,HECTOR_SCAN_MATCHING_GRID,landmarks,task3,WAIT_B1_WS2_REQUEST_T2,WAIT_B1,DIRECT,T2,TRANSIT_TO_WS2,-1.46598,-0.94164,-1.67593,-1.444,-0.94,-1.664,0.02163,0.0447,-1.5,-0.32955,-1.0,-1.0,0.0,88.56726,NORMAL,2,0,0,0,17,1381,17,17,70,1381,0.21344,0.91684,0,0,-1.46,-1.52,0,0,0.0,0.0,12.85213,"O1:-2.33,-0.53,s151;O2:-2.33,0.19,s149;O3:-2.33,0.01,s137;O4:-2.33,-0.17,s135;O5:-0.89,-1.25,s127;O6:-2.33,-0.35,s109;O7:-0.89,-0.89,s99;O8:-0.71,-1.25,s93;O9:-0.53,-1.25,s80;O10:-2.33,0.55,s75;O11:-2.33,0.37,s60;O12:-0.89,-1.07,s59;O13:-0.53,-0.89,s51;O14:-0.89,-0.71,s28;O15:-2.33,-0.71,s23;O16:-2.33,0.73,s2;O17:-0.71,-0.71,s2","O1:-2.33,-0.53,s151;O2:-2.33,0.19,s149;O3:-2.33,0.01,s137;O4:-2.33,-0.17,s135;O5:-0.89,-1.25,s127;O6:-2.33,-0.35,s109;O7:-0.89,-0.89,s99;O8:-0.71,-1.25,s93;O9:-0.53,-1.25,s80;O10:-2.33,0.55,s75;O11:-2.33,0.37,s60;O12:-0.89,-1.07,s59;O13:-0.53,-0.89,s51;O14:-0.89,-0.71,s28;O15:-2.33,-0.71,s23;O16:-2.33,0.73,s2;O17:-0.71,-0.71,s2",RUNNING,UNKNOWN_MAP_SLAM_AVOIDANCE,unknown_map;frontier_targets;static_unknown_obstacles;dynamic_wandering_robot;costmap;slam_path_planning;obstacle_avoidance,P2_Wanderer,dynamic_wandering_robot,65.39961,65.39961,1.03512,0.38866,1,0,0,10,6,32,17,1381,17,1381,1.03512,0.38866,-1.11816,1.03512,0.38866,-1.11816
33.5,PID,HECTOR_GRID_MATCHING,HECTOR_SCAN_MATCHING_GRID,landmarks,task3,WAIT_B1_WS2_REQUEST_T2,WAIT_B1,DIRECT,T2,TRANSIT_TO_WS2,-1.46598,-0.94161,-1.67595,-1.457,-0.946,-1.66,0.01015,0.0447,-1.5,-0.38355,-1.0,-1.0,0.0,88.56351,NORMAL,2,0,0,0,17,1381,17,17,70,1381,0.21344,0.91684,0,0,-1.46,-1.52,0,0,0.0,0.0,12.85213,"O1:-2.33,-0.53,s151;O2:-2.33,0.19,s149;O3:-2.33,0.01,s137;O4:-2.33,-0.17,s135;O5:-0.89,-1.25,s127;O6:-2.33,-0.35,s109;O7:-0.89,-0.89,s99;O8:-0.71,-1.25,s93;O9:-0.53,-1.25,s80;O10:-2.33,0.55,s75;O11:-2.33,0.37,s60;O12:-0.89,-1.07,s59;O13:-0.53,-0.89,s51;O14:-0.89,-0.71,s28;O15:-2.33,-0.71,s23;O16:-2.33,0.73,s2;O17:-0.71,-0.71,s2","O1:-2.33,-0.53,s151;O2:-2.33,0.19,s149;O3:-2.33,0.01,s137;O4:-2.33,-0.17,s135;O5:-0.89,-1.25,s127;O6:-2.33,-0.35,s109;O7:-0.89,-0.89,s99;O8:-0.71,-1.25,s93;O9:-0.53,-1.25,s80;O10:-2.33,0.55,s75;O11:-2.33,0.37,s60;O12:-0.89,-1.07,s59;O13:-0.53,-0.89,s51;O14:-0.89,-0.71,s28;O15:-2.33,-0.71,s23;O16:-2.33,0.73,s2;O17:-0.71,-0.71,s2",RUNNING,UNKNOWN_MAP_SLAM_AVOIDANCE,unknown_map;frontier_targets;static_unknown_obstacles;dynamic_wandering_robot;costmap;slam_path_planning;obstacle_avoidance,P2_Wanderer,dynamic_wandering_robot,65.39961,65.39961,1.04824,0.36168,1,0,0,10,6,32,17,1381,17,1381,1.04824,0.36168,-1.11816,1.04824,0.36168,-1.11816
33.65,PID,HECTOR_GRID_MATCHING,HECTOR_SCAN_MATCHING_GRID,landmarks,task3,WAIT_B1_WS2_REQUEST_T2,WAIT_B1,DIRECT,T2,TRANSIT_TO_WS2,-1.46599,-0.94158,-1.67598,-1.449,-0.946,-1.671,0.01747,0.0447,-1.5,-0.43755,-1.0,-1.0,0.0,88.55976,NORMAL,2,0,0,0,17,1381,17,17,70,1381,0.21344,0.91684,0,0,-1.46,-1.52,0,0,0.0,0.0,12.85213,"O1:-2.33,-0.53,s151;O2:-2.33,0.19,s149;O3:-2.33,0.01,s137;O4:-2.33,-0.17,s135;O5:-0.89,-1.25,s127;O6:-2.33,-0.35,s109;O7:-0.89,-0.89,s99;O8:-0.71,-1.25,s93;O9:-0.53,-1.25,s80;O10:-2.33,0.55,s75;O11:-2.33,0.37,s60;O12:-0.89,-1.07,s59;O13:-0.53,-0.89,s51;O14:-0.89,-0.71,s28;O15:-2.33,-0.71,s23;O16:-2.33,0.73,s2;O17:-0.71,-0.71,s2","O1:-2.33,-0.53,s151;O2:-2.33,0.19,s149;O3:-2.33,0.01,s137;O4:-2.33,-0.17,s135;O5:-0.89,-1.25,s127;O6:-2.33,-0.35,s109;O7:-0.89,-0.89,s99;O8:-0.71,-1.25,s93;O9:-0.53,-1.25,s80;O10:-2.33,0.55,s75;O11:-2.33,0.37,s60;O12:-0.89,-1.07,s59;O13:-0.53,-0.89,s51;O14:-0.89,-0.71,s28;O15:-2.33,-0.71,s23;O16:-2.33,0.73,s2;O17:-0.71,-0.71,s2",RUNNING,UNKNOWN_MAP_SLAM_AVOIDANCE,unknown_map;frontier_targets;static_unknown_obstacles;dynamic_wandering_robot;costmap;slam_path_planning;obstacle_avoidance,P2_Wanderer,dynamic_wandering_robot,65.39961,65.39961,1.02323,0.37825,1,0,0,10,6,32,17,1381,17,1381,1.02323,0.37825,2.55638,1.02323,0.37825,2.55638
33.8,PID,HECTOR_GRID_MATCHING,HECTOR_SCAN_MATCHING_GRID,landmarks,task3,WAIT_B1_WS2_REQUEST_T2,WAIT_B1,DIRECT,T2,TRANSIT_TO_WS2,-1.46599,-0.94154,-1.676,-1.454,-0.952,-1.676,0.01579,0.0447,-1.5,-0.49155,-1.0,-1.0,0.0,88.55601,NORMAL,2,0,0,0,17,1381,17,17,70,1381,0.21344,0.91684,0,0,-1.46,-1.52,0,0,0.0,0.0,12.85213,"O1:-2.33,-0.53,s151;O2:-2.33,0.19,s149;O3:-2.33,0.01,s137;O4:-2.33,-0.17,s135;O5:-0.89,-1.25,s127;O6:-2.33,-0.35,s109;O7:-0.89,-0.89,s99;O8:-0.71,-1.25,s93;O9:-0.53,-1.25,s80;O10:-2.33,0.55,s75;O11:-2.33,0.37,s60;O12:-0.89,-1.07,s59;O13:-0.53,-0.89,s51;O14:-0.89,-0.71,s28;O15:-2.33,-0.71,s23;O16:-2.33,0.73,s2;O17:-0.71,-0.71,s2","O1:-2.33,-0.53,s151;O2:-2.33,0.19,s149;O3:-2.33,0.01,s137;O4:-2.33,-0.17,s135;O5:-0.89,-1.25,s127;O6:-2.33,-0.35,s109;O7:-0.89,-0.89,s99;O8:-0.71,-1.25,s93;O9:-0.53,-1.25,s80;O10:-2.33,0.55,s75;O11:-2.33,0.37,s60;O12:-0.89,-1.07,s59;O13:-0.53,-0.89,s51;O14:-0.89,-0.71,s28;O15:-2.33,-0.71,s23;O16:-2.33,0.73,s2;O17:-0.71,-0.71,s2",RUNNING,UNKNOWN_MAP_SLAM_AVOIDANCE,unknown_map;frontier_targets;static_unknown_obstacles;dynamic_wandering_robot;costmap;slam_path_planning;obstacle_avoidance,P2_Wanderer,dynamic_wandering_robot,65.39961,65.39961,0.99823,0.39483,1,0,0,10,6,32,17,1381,17,1381,0.99823,0.39483,2.55638,0.99823,0.39483,2.55638
33.95,PID,HECTOR_GRID_MATCHING,HECTOR_SCAN_MATCHING_GRID,landmarks,task3,WAIT_B1_WS2_REQUEST_T2,WAIT_B1,DIRECT,T2,TRANSIT_TO_WS2,-1.466,-0.94151,-1.67603,-1.455,-0.945,-1.668,0.01167,0.0447,-1.5,-0.54555,-1.0,-1.0,0.0,88.55226,NORMAL,2,0,0,0,17,1381,17,17,70,1381,0.21344,0.91684,0,0,-1.46,-1.52,0,0,0.0,0.0,12.85213,"O1:-2.33,-0.53,s151;O2:-2.33,0.19,s149;O3:-2.33,0.01,s137;O4:-2.33,-0.17,s135;O5:-0.89,-1.25,s127;O6:-2.33,-0.35,s109;O7:-0.89,-0.89,s99;O8:-0.71,-1.25,s93;O9:-0.53,-1.25,s80;O10:-2.33,0.55,s75;O11:-2.33,0.37,s60;O12:-0.89,-1.07,s59;O13:-0.53,-0.89,s51;O14:-0.89,-0.71,s28;O15:-2.33,-0.71,s23;O16:-2.33,0.73,s2;O17:-0.71,-0.71,s2","O1:-2.33,-0.53,s151;O2:-2.33,0.19,s149;O3:-2.33,0.01,s137;O4:-2.33,-0.17,s135;O5:-0.89,-1.25,s127;O6:-2.33,-0.35,s109;O7:-0.89,-0.89,s99;O8:-0.71,-1.25,s93;O9:-0.53,-1.25,s80;O10:-2.33,0.55,s75;O11:-2.33,0.37,s60;O12:-0.89,-1.07,s59;O13:-0.53,-0.89,s51;O14:-0.89,-0.71,s28;O15:-2.33,-0.71,s23;O16:-2.33,0.73,s2;O17:-0.71,-0.71,s2",RUNNING,UNKNOWN_MAP_SLAM_AVOIDANCE,unknown_map;frontier_targets;static_unknown_obstacles;dynamic_wandering_robot;costmap;slam_path_planning;obstacle_avoidance,P2_Wanderer,dynamic_wandering_robot,65.39961,65.39961,0.97322,0.4114,1,0,0,10,6,32,17,1381,17,1381,0.97322,0.4114,2.55638,0.97322,0.4114,2.55638
34.1,PID,HECTOR_GRID_MATCHING,HECTOR_SCAN_MATCHING_GRID,landmarks,task3,WAIT_B1_WS2_REQUEST_T2,WAIT_B1,DIRECT,T2,TRANSIT_TO_WS2,-1.466,-0.94148,-1.67605,-1.462,-0.942,-1.669,0.00447,0.0447,-1.5,-0.59955,-1.0,-1.0,0.0,88.54851,NORMAL,2,0,0,0,17,1381,17,17,70,1381,0.21344,0.91684,0,0,-1.46,-1.52,0,0,0.0,0.0,12.85213,"O1:-2.33,-0.53,s151;O2:-2.33,0.19,s149;O3:-2.33,0.01,s137;O4:-2.33,-0.17,s135;O5:-0.89,-1.25,s127;O6:-2.33,-0.35,s109;O7:-0.89,-0.89,s99;O8:-0.71,-1.25,s93;O9:-0.53,-1.25,s80;O10:-2.33,0.55,s75;O11:-2.33,0.37,s60;O12:-0.89,-1.07,s59;O13:-0.53,-0.89,s51;O14:-0.89,-0.71,s28;O15:-2.33,-0.71,s23;O16:-2.33,0.73,s2;O17:-0.71,-0.71,s2","O1:-2.33,-0.53,s151;O2:-2.33,0.19,s149;O3:-2.33,0.01,s137;O4:-2.33,-0.17,s135;O5:-0.89,-1.25,s127;O6:-2.33,-0.35,s109;O7:-0.89,-0.89,s99;O8:-0.71,-1.25,s93;O9:-0.53,-1.25,s80;O10:-2.33,0.55,s75;O11:-2.33,0.37,s60;O12:-0.89,-1.07,s59;O13:-0.53,-0.89,s51;O14:-0.89,-0.71,s28;O15:-2.33,-0.71,s23;O16:-2.33,0.73,s2;O17:-0.71,-0.71,s2",RUNNING,UNKNOWN_MAP_SLAM_AVOIDANCE,unknown_map;frontier_targets;static_unknown_obstacles;dynamic_wandering_robot;costmap;slam_path_planning;obstacle_avoidance,P2_Wanderer,dynamic_wandering_robot,65.39961,65.39961,0.94821,0.42797,1,0,0,10,6,32,17,1381,17,1381,0.94821,0.42797,2.55638,0.94821,0.42797,2.55638
34.25,PID,HECTOR_GRID_MATCHING,HECTOR_SCAN_MATCHING_GRID,landmarks,task3,WAIT_B1_WS2_REQUEST_T2,WAIT_B1,DIRECT,T2,TRANSIT_TO_WS2,-1.466,-0.94145,-1.67608,-1.468,-0.936,-1.676,0.0063,0.0447,-1.5,-0.65355,-1.0,-1.0,0.0,88.54476,NORMAL,2,0,0,0,17,1381,17,17,70,1381,0.21344,0.91684,0,0,-1.46,-1.52,0,0,0.0,0.0,12.85213,"O1:-2.33,-0.53,s151;O2:-2.33,0.19,s149;O3:-2.33,0.01,s137;O4:-2.33,-0.17,s135;O5:-0.89,-1.25,s127;O6:-2.33,-0.35,s109;O7:-0.89,-0.89,s99;O8:-0.71,-1.25,s93;O9:-0.53,-1.25,s80;O10:-2.33,0.55,s75;O11:-2.33,0.37,s60;O12:-0.89,-1.07,s59;O13:-0.53,-0.89,s51;O14:-0.89,-0.71,s28;O15:-2.33,-0.71,s23;O16:-2.33,0.73,s2;O17:-0.71,-0.71,s2","O1:-2.33,-0.53,s151;O2:-2.33,0.19,s149;O3:-2.33,0.01,s137;O4:-2.33,-0.17,s135;O5:-0.89,-1.25,s127;O6:-2.33,-0.35,s109;O7:-0.89,-0.89,s99;O8:-0.71,-1.25,s93;O9:-0.53,-1.25,s80;O10:-2.33,0.55,s75;O11:-2.33,0.37,s60;O12:-0.89,-1.07,s59;O13:-0.53,-0.89,s51;O14:-0.89,-0.71,s28;O15:-2.33,-0.71,s23;O16:-2.33,0.73,s2;O17:-0.71,-0.71,s2",RUNNING,UNKNOWN_MAP_SLAM_AVOIDANCE,unknown_map;frontier_targets;static_unknown_obstacles;dynamic_wandering_robot;costmap;slam_path_planning;obstacle_avoidance,P2_Wanderer,dynamic_wandering_robot,65.39961,65.39961,0.9232,0.44454,1,0,0,10,6,32,17,1381,17,1381,0.9232,0.44454,2.55638,0.9232,0.44454,2.55638
34.4,PID,HECTOR_GRID_MATCHING,HECTOR_SCAN_MATCHING_GRID,landmarks,task3,WAIT_B1_WS2_REQUEST_T2,WAIT_B1,DIRECT,T2,TRANSIT_TO_WS2,-1.46601,-0.94142,-1.6761,-1.47,-0.933,-1.677,0.00953,0.0447,-1.5,-0.70755,-1.0,-1.0,0.0,88.54101,NORMAL,2,0,0,0,17,1381,17,17,70,1381,0.21344,0.91684,0,0,-1.46,-1.52,0,0,0.0,0.0,12.85213,"O1:-2.33,-0.53,s151;O2:-2.33,0.19,s149;O3:-2.33,0.01,s137;O4:-2.33,-0.17,s135;O5:-0.89,-1.25,s127;O6:-2.33,-0.35,s109;O7:-0.89,-0.89,s99;O8:-0.71,-1.25,s93;O9:-0.53,-1.25,s80;O10:-2.33,0.55,s75;O11:-2.33,0.37,s60;O12:-0.89,-1.07,s59;O13:-0.53,-0.89,s51;O14:-0.89,-0.71,s28;O15:-2.33,-0.71,s23;O16:-2.33,0.73,s2;O17:-0.71,-0.71,s2","O1:-2.33,-0.53,s151;O2:-2.33,0.19,s149;O3:-2.33,0.01,s137;O4:-2.33,-0.17,s135;O5:-0.89,-1.25,s127;O6:-2.33,-0.35,s109;O7:-0.89,-0.89,s99;O8:-0.71,-1.25,s93;O9:-0.53,-1.25,s80;O10:-2.33,0.55,s75;O11:-2.33,0.37,s60;O12:-0.89,-1.07,s59;O13:-0.53,-0.89,s51;O14:-0.89,-0.71,s28;O15:-2.33,-0.71,s23;O16:-2.33,0.73,s2;O17:-0.71,-0.71,s2",RUNNING,UNKNOWN_MAP_SLAM_AVOIDANCE,unknown_map;frontier_targets;static_unknown_obstacles;dynamic_wandering_robot;costmap;slam_path_planning;obstacle_avoidance,P2_Wanderer,dynamic_wandering_robot,65.39961,65.39961,0.8982,0.46111,1,0,0,10,6,32,17,1381,17,1381,0.8982,0.46111,2.55638,0.8982,0.46111,2.55638
34.55,PID,HECTOR_GRID_MATCHING,HECTOR_SCAN_MATCHING_GRID,landmarks,task3,WAIT_B1_WS2_REQUEST_T2,WAIT_B1,DIRECT,T2,TRANSIT_TO_WS2,-1.46601,-0.94138,-1.67612,-1.47,-0.929,-1.679,0.01261,0.0447,-1.5,-0.76155,-1.0,-1.0,0.0,88.53726,NORMAL,2,0,0,0,17,1381,17,17,70,1381,0.21344,0.91684,0,0,-1.46,-1.52,0,0,0.0,0.0,12.85213,"O1:-2.33,-0.53,s151;O2:-2.33,0.19,s149;O3:-2.33,0.01,s137;O4:-2.33,-0.17,s135;O5:-0.89,-1.25,s127;O6:-2.33,-0.35,s109;O7:-0.89,-0.89,s99;O8:-0.71,-1.25,s93;O9:-0.53,-1.25,s80;O10:-2.33,0.55,s75;O11:-2.33,0.37,s60;O12:-0.89,-1.07,s59;O13:-0.53,-0.89,s51;O14:-0.89,-0.71,s28;O15:-2.33,-0.71,s23;O16:-2.33,0.73,s2;O17:-0.71,-0.71,s2","O1:-2.33,-0.53,s151;O2:-2.33,0.19,s149;O3:-2.33,0.01,s137;O4:-2.33,-0.17,s135;O5:-0.89,-1.25,s127;O6:-2.33,-0.35,s109;O7:-0.89,-0.89,s99;O8:-0.71,-1.25,s93;O9:-0.53,-1.25,s80;O10:-2.33,0.55,s75;O11:-2.33,0.37,s60;O12:-0.89,-1.07,s59;O13:-0.53,-0.89,s51;O14:-0.89,-0.71,s28;O15:-2.33,-0.71,s23;O16:-2.33,0.73,s2;O17:-0.71,-0.71,s2",RUNNING,UNKNOWN_MAP_SLAM_AVOIDANCE,unknown_map;frontier_targets;static_unknown_obstacles;dynamic_wandering_robot;costmap;slam_path_planning;obstacle_avoidance,P2_Wanderer,dynamic_wandering_robot,65.39961,65.39961,0.87319,0.47768,1,0,0,10,6,32,17,1381,17,1381,0.87319,0.47768,2.55638,0.87319,0.47768,2.55638
34.7,PID,HECTOR_GRID_MATCHING,HECTOR_SCAN_MATCHING_GRID,landmarks,task3,WAIT_B1_WS2_REQUEST_T2,WAIT_B1,DIRECT,T2,TRANSIT_TO_WS2,-1.46602,-0.94135,-1.67615,-1.466,-0.931,-1.676,0.01047,0.0447,-1.5,-0.81555,-1.0,-1.0,0.0,88.53351,NORMAL,2,0,0,0,17,1381,17,17,70,1381,0.21344,0.91684,0,0,-1.46,-1.52,0,0,0.0,0.0,12.85213,"O1:-2.33,-0.53,s151;O2:-2.33,0.19,s149;O3:-2.33,0.01,s137;O4:-2.33,-0.17,s135;O5:-0.89,-1.25,s127;O6:-2.33,-0.35,s109;O7:-0.89,-0.89,s99;O8:-0.71,-1.25,s93;O9:-0.53,-1.25,s80;O10:-2.33,0.55,s75;O11:-2.33,0.37,s60;O12:-0.89,-1.07,s59;O13:-0.53,-0.89,s51;O14:-0.89,-0.71,s28;O15:-2.33,-0.71,s23;O16:-2.33,0.73,s2;O17:-0.71,-0.71,s2","O1:-2.33,-0.53,s151;O2:-2.33,0.19,s149;O3:-2.33,0.01,s137;O4:-2.33,-0.17,s135;O5:-0.89,-1.25,s127;O6:-2.33,-0.35,s109;O7:-0.89,-0.89,s99;O8:-0.71,-1.25,s93;O9:-0.53,-1.25,s80;O10:-2.33,0.55,s75;O11:-2.33,0.37,s60;O12:-0.89,-1.07,s59;O13:-0.53,-0.89,s51;O14:-0.89,-0.71,s28;O15:-2.33,-0.71,s23;O16:-2.33,0.73,s2;O17:-0.71,-0.71,s2",RUNNING,UNKNOWN_MAP_SLAM_AVOIDANCE,unknown_map;frontier_targets;static_unknown_obstacles;dynamic_wandering_robot;costmap;slam_path_planning;obstacle_avoidance,P2_Wanderer,dynamic_wandering_robot,65.39961,65.39961,0.84818,0.49425,1,0,0,10,6,32,17,1381,17,1381,0.84818,0.49425,2.55638,0.84818,0.49425,2.55638
34.85,PID,HECTOR_GRID_MATCHING,HECTOR_SCAN_MATCHING_GRID,landmarks,task3,WAIT_B1_WS2_REQUEST_T2,WAIT_B1,DIRECT,T2,TRANSIT_TO_WS2,-1.46602,-0.94132,-1.67618,-1.465,-0.927,-1.681,0.01394,0.0447,-1.5,-0.86955,-1.0,-1.0,0.0,88.52976,NORMAL,2,0,0,0,17,1381,17,17,70,1381,0.21344,0.91684,0,0,-1.46,-1.52,0,0,0.0,0.0,12.85213,"O1:-2.33,-0.53,s151;O2:-2.33,0.19,s149;O3:-2.33,0.01,s137;O4:-2.33,-0.17,s135;O5:-0.89,-1.25,s127;O6:-2.33,-0.35,s109;O7:-0.89,-0.89,s99;O8:-0.71,-1.25,s93;O9:-0.53,-1.25,s80;O10:-2.33,0.55,s75;O11:-2.33,0.37,s60;O12:-0.89,-1.07,s59;O13:-0.53,-0.89,s51;O14:-0.89,-0.71,s28;O15:-2.33,-0.71,s23;O16:-2.33,0.73,s2;O17:-0.71,-0.71,s2","O1:-2.33,-0.53,s151;O2:-2.33,0.19,s149;O3:-2.33,0.01,s137;O4:-2.33,-0.17,s135;O5:-0.89,-1.25,s127;O6:-2.33,-0.35,s109;O7:-0.89,-0.89,s99;O8:-0.71,-1.25,s93;O9:-0.53,-1.25,s80;O10:-2.33,0.55,s75;O11:-2.33,0.37,s60;O12:-0.89,-1.07,s59;O13:-0.53,-0.89,s51;O14:-0.89,-0.71,s28;O15:-2.33,-0.71,s23;O16:-2.33,0.73,s2;O17:-0.71,-0.71,s2",RUNNING,UNKNOWN_MAP_SLAM_AVOIDANCE,unknown_map;frontier_targets;static_unknown_obstacles;dynamic_wandering_robot;costmap;slam_path_planning;obstacle_avoidance,P2_Wanderer,dynamic_wandering_robot,65.39961,65.39961,0.82317,0.51082,1,0,0,10,6,32,17,1381,17,1381,0.82317,0.51082,2.55638,0.82317,0.51082,2.55638
35.0,PID,HECTOR_GRID_MATCHING,HECTOR_SCAN_MATCHING_GRID,landmarks,task3,WAIT_B1_WS2_REQUEST_T2,WAIT_B1,DIRECT,T2,TRANSIT_TO_WS2,-1.46603,-0.94129,-1.6762,-1.466,-0.922,-1.684,0.01958,0.0447,-1.5,-0.92355,-1.0,-1.0,0.0,88.52601,NORMAL,2,0,0,0,17,1381,17,17,70,1381,0.21344,0.91684,0,0,-1.46,-1.52,0,0,0.0,0.0,12.85213,"O1:-2.33,-0.53,s151;O2:-2.33,0.19,s149;O3:-2.33,0.01,s137;O4:-2.33,-0.17,s135;O5:-0.89,-1.25,s127;O6:-2.33,-0.35,s109;O7:-0.89,-0.89,s99;O8:-0.71,-1.25,s93;O9:-0.53,-1.25,s80;O10:-2.33,0.55,s75;O11:-2.33,0.37,s60;O12:-0.89,-1.07,s59;O13:-0.53,-0.89,s51;O14:-0.89,-0.71,s28;O15:-2.33,-0.71,s23;O16:-2.33,0.73,s2;O17:-0.71,-0.71,s2","O1:-2.33,-0.53,s151;O2:-2.33,0.19,s149;O3:-2.33,0.01,s137;O4:-2.33,-0.17,s135;O5:-0.89,-1.25,s127;O6:-2.33,-0.35,s109;O7:-0.89,-0.89,s99;O8:-0.71,-1.25,s93;O9:-0.53,-1.25,s80;O10:-2.33,0.55,s75;O11:-2.33,0.37,s60;O12:-0.89,-1.07,s59;O13:-0.53,-0.89,s51;O14:-0.89,-0.71,s28;O15:-2.33,-0.71,s23;O16:-2.33,0.73,s2;O17:-0.71,-0.71,s2",RUNNING,UNKNOWN_MAP_SLAM_AVOIDANCE,unknown_map;frontier_targets;static_unknown_obstacles;dynamic_wandering_robot;costmap;slam_path_planning;obstacle_avoidance,P2_Wanderer,dynamic_wandering_robot,65.39961,65.39961,0.79816,0.5274,1,0,0,10,6,32,17,1381,17,1381,0.79816,0.5274,2.55638,0.79816,0.5274,2.55638
35.15,PID,HECTOR_GRID_MATCHING,HECTOR_SCAN_MATCHING_GRID,landmarks,task3,WAIT_B1_WS2_REQUEST_T2,WAIT_B1,DIRECT,T2,TRANSIT_TO_WS2,-1.46603,-0.94126,-1.67622,-1.474,-0.937,-1.686,0.00895,0.0447,-1.5,-0.97755,-1.0,-1.0,0.0,88.52226,NORMAL,2,0,0,0,17,1381,17,17,70,1381,0.21344,0.91684,0,0,-1.46,-1.52,0,0,0.0,0.0,12.85213,"O1:-2.33,-0.53,s151;O2:-2.33,0.19,s149;O3:-2.33,0.01,s137;O4:-2.33,-0.17,s135;O5:-0.89,-1.25,s127;O6:-2.33,-0.35,s109;O7:-0.89,-0.89,s99;O8:-0.71,-1.25,s93;O9:-0.53,-1.25,s80;O10:-2.33,0.55,s75;O11:-2.33,0.37,s60;O12:-0.89,-1.07,s59;O13:-0.53,-0.89,s51;O14:-0.89,-0.71,s28;O15:-2.33,-0.71,s23;O16:-2.33,0.73,s2;O17:-0.71,-0.71,s2","O1:-2.33,-0.53,s151;O2:-2.33,0.19,s149;O3:-2.33,0.01,s137;O4:-2.33,-0.17,s135;O5:-0.89,-1.25,s127;O6:-2.33,-0.35,s109;O7:-0.89,-0.89,s99;O8:-0.71,-1.25,s93;O9:-0.53,-1.25,s80;O10:-2.33,0.55,s75;O11:-2.33,0.37,s60;O12:-0.89,-1.07,s59;O13:-0.53,-0.89,s51;O14:-0.89,-0.71,s28;O15:-2.33,-0.71,s23;O16:-2.33,0.73,s2;O17:-0.71,-0.71,s2",RUNNING,UNKNOWN_MAP_SLAM_AVOIDANCE,unknown_map;frontier_targets;static_unknown_obstacles;dynamic_wandering_robot;costmap;slam_path_planning;obstacle_avoidance,P2_Wanderer,dynamic_wandering_robot,65.39961,65.39961,0.77316,0.54397,1,0,0,10,6,32,17,1381,17,1381,0.77316,0.54397,2.55638,0.77316,0.54397,2.55638
35.3,PID,HECTOR_GRID_MATCHING,HECTOR_SCAN_MATCHING_GRID,landmarks,task3,WAIT_B1_WS2_REQUEST_T2,WAIT_B1,DIRECT,T2,TRANSIT_TO_WS2,-1.46604,-0.94123,-1.67625,-1.475,-0.939,-1.68,0.00951,0.0447,-1.5,-1.03155,-1.0,-1.0,0.0,88.51851,NORMAL,2,0,0,0,17,1381,17,17,70,1381,0.21344,0.91684,0,0,-1.46,-1.52,0,0,0.0,0.0,12.85213,"O1:-2.33,-0.53,s151;O2:-2.33,0.19,s149;O3:-2.33,0.01,s137;O4:-2.33,-0.17,s135;O5:-0.89,-1.25,s127;O6:-2.33,-0.35,s109;O7:-0.89,-0.89,s99;O8:-0.71,-1.25,s93;O9:-0.53,-1.25,s80;O10:-2.33,0.55,s75;O11:-2.33,0.37,s60;O12:-0.89,-1.07,s59;O13:-0.53,-0.89,s51;O14:-0.89,-0.71,s28;O15:-2.33,-0.71,s23;O16:-2.33,0.73,s2;O17:-0.71,-0.71,s2","O1:-2.33,-0.53,s151;O2:-2.33,0.19,s149;O3:-2.33,0.01,s137;O4:-2.33,-0.17,s135;O5:-0.89,-1.25,s127;O6:-2.33,-0.35,s109;O7:-0.89,-0.89,s99;O8:-0.71,-1.25,s93;O9:-0.53,-1.25,s80;O10:-2.33,0.55,s75;O11:-2.33,0.37,s60;O12:-0.89,-1.07,s59;O13:-0.53,-0.89,s51;O14:-0.89,-0.71,s28;O15:-2.33,-0.71,s23;O16:-2.33,0.73,s2;O17:-0.71,-0.71,s2",RUNNING,UNKNOWN_MAP_SLAM_AVOIDANCE,unknown_map;frontier_targets;static_unknown_obstacles;dynamic_wandering_robot;costmap;slam_path_planning;obstacle_avoidance,P2_Wanderer,dynamic_wandering_robot,65.39961,65.39961,0.74815,0.56054,1,0,0,10,6,32,17,1381,17,1381,0.74815,0.56054,2.55638,0.74815,0.56054,2.55638
35.45,PID,HECTOR_GRID_MATCHING,HECTOR_SCAN_MATCHING_GRID,landmarks,task3,WAIT_B1_WS2_REQUEST_T2,WAIT_B1,DIRECT,T2,TRANSIT_TO_WS2,-1.46604,-0.94119,-1.67627,-1.475,-0.94,-1.673,0.00953,0.0447,-1.5,-1.08555,-1.0,-1.0,0.0,88.51476,NORMAL,2,0,0,0,17,1381,17,17,70,1381,0.21344,0.91684,0,0,-1.46,-1.52,0,0,0.0,0.0,12.85213,"O1:-2.33,-0.53,s151;O2:-2.33,0.19,s149;O3:-2.33,0.01,s137;O4:-2.33,-0.17,s135;O5:-0.89,-1.25,s127;O6:-2.33,-0.35,s109;O7:-0.89,-0.89,s99;O8:-0.71,-1.25,s93;O9:-0.53,-1.25,s80;O10:-2.33,0.55,s75;O11:-2.33,0.37,s60;O12:-0.89,-1.07,s59;O13:-0.53,-0.89,s51;O14:-0.89,-0.71,s28;O15:-2.33,-0.71,s23;O16:-2.33,0.73,s2;O17:-0.71,-0.71,s2","O1:-2.33,-0.53,s151;O2:-2.33,0.19,s149;O3:-2.33,0.01,s137;O4:-2.33,-0.17,s135;O5:-0.89,-1.25,s127;O6:-2.33,-0.35,s109;O7:-0.89,-0.89,s99;O8:-0.71,-1.25,s93;O9:-0.53,-1.25,s80;O10:-2.33,0.55,s75;O11:-2.33,0.37,s60;O12:-0.89,-1.07,s59;O13:-0.53,-0.89,s51;O14:-0.89,-0.71,s28;O15:-2.33,-0.71,s23;O16:-2.33,0.73,s2;O17:-0.71,-0.71,s2",RUNNING,UNKNOWN_MAP_SLAM_AVOIDANCE,unknown_map;frontier_targets;static_unknown_obstacles;dynamic_wandering_robot;costmap;slam_path_planning;obstacle_avoidance,P2_Wanderer,dynamic_wandering_robot,65.39961,65.39961,0.72314,0.57711,1,0,0,10,6,32,17,1381,17,1381,0.72314,0.57711,2.55638,0.72314,0.57711,2.55638
35.6,PID,HECTOR_GRID_MATCHING,HECTOR_SCAN_MATCHING_GRID,landmarks,task3,WAIT_B1_WS2_REQUEST_T2,WAIT_B1,DIRECT,T2,TRANSIT_TO_WS2,-1.46604,-0.94116,-1.67629,-1.474,-0.935,-1.676,0.00983,0.0447,-1.5,-1.13955,-1.0,-1.0,0.0,88.51101,NORMAL,2,0,0,0,17,1381,17,17,70,1381,0.21344,0.91684,0,0,-1.46,-1.52,0,0,0.0,0.0,12.85213,"O1:-2.33,-0.53,s151;O2:-2.33,0.19,s149;O3:-2.33,0.01,s137;O4:-2.33,-0.17,s135;O5:-0.89,-1.25,s127;O6:-2.33,-0.35,s109;O7:-0.89,-0.89,s99;O8:-0.71,-1.25,s93;O9:-0.53,-1.25,s80;O10:-2.33,0.55,s75;O11:-2.33,0.37,s60;O12:-0.89,-1.07,s59;O13:-0.53,-0.89,s51;O14:-0.89,-0.71,s28;O15:-2.33,-0.71,s23;O16:-2.33,0.73,s2;O17:-0.71,-0.71,s2","O1:-2.33,-0.53,s151;O2:-2.33,0.19,s149;O3:-2.33,0.01,s137;O4:-2.33,-0.17,s135;O5:-0.89,-1.25,s127;O6:-2.33,-0.35,s109;O7:-0.89,-0.89,s99;O8:-0.71,-1.25,s93;O9:-0.53,-1.25,s80;O10:-2.33,0.55,s75;O11:-2.33,0.37,s60;O12:-0.89,-1.07,s59;O13:-0.53,-0.89,s51;O14:-0.89,-0.71,s28;O15:-2.33,-0.71,s23;O16:-2.33,0.73,s2;O17:-0.71,-0.71,s2",RUNNING,UNKNOWN_MAP_SLAM_AVOIDANCE,unknown_map;frontier_targets;static_unknown_obstacles;dynamic_wandering_robot;costmap;slam_path_planning;obstacle_avoidance,P2_Wanderer,dynamic_wandering_robot,65.39961,65.39961,0.69813,0.59368,1,0,0,10,6,32,17,1381,17,1381,0.69813,0.59368,2.55638,0.69813,0.59368,2.55638
35.75,PID,HECTOR_GRID_MATCHING,HECTOR_SCAN_MATCHING_GRID,landmarks,task3,WAIT_B1_WS2_REQUEST_T2,WAIT_B1,DIRECT,T2,TRANSIT_TO_WS2,-1.46605,-0.94113,-1.67632,-1.474,-0.939,-1.681,0.00767,0.0447,-1.5,-1.19355,-1.0,-1.0,0.0,88.50726,NORMAL,2,0,0,0,17,1381,17,17,70,1381,0.21344,0.91684,0,0,-1.46,-1.52,0,0,0.0,0.0,12.85213,"O1:-2.33,-0.53,s151;O2:-2.33,0.19,s149;O3:-2.33,0.01,s137;O4:-2.33,-0.17,s135;O5:-0.89,-1.25,s127;O6:-2.33,-0.35,s109;O7:-0.89,-0.89,s99;O8:-0.71,-1.25,s93;O9:-0.53,-1.25,s80;O10:-2.33,0.55,s75;O11:-2.33,0.37,s60;O12:-0.89,-1.07,s59;O13:-0.53,-0.89,s51;O14:-0.89,-0.71,s28;O15:-2.33,-0.71,s23;O16:-2.33,0.73,s2;O17:-0.71,-0.71,s2","O1:-2.33,-0.53,s151;O2:-2.33,0.19,s149;O3:-2.33,0.01,s137;O4:-2.33,-0.17,s135;O5:-0.89,-1.25,s127;O6:-2.33,-0.35,s109;O7:-0.89,-0.89,s99;O8:-0.71,-1.25,s93;O9:-0.53,-1.25,s80;O10:-2.33,0.55,s75;O11:-2.33,0.37,s60;O12:-0.89,-1.07,s59;O13:-0.53,-0.89,s51;O14:-0.89,-0.71,s28;O15:-2.33,-0.71,s23;O16:-2.33,0.73,s2;O17:-0.71,-0.71,s2",RUNNING,UNKNOWN_MAP_SLAM_AVOIDANCE,unknown_map;frontier_targets;static_unknown_obstacles;dynamic_wandering_robot;costmap;slam_path_planning;obstacle_avoidance,P2_Wanderer,dynamic_wandering_robot,65.39961,65.39961,0.67313,0.61025,1,0,0,10,6,32,17,1381,17,1381,0.67313,0.61025,2.55638,0.67313,0.61025,2.55638
35.9,PID,HECTOR_GRID_MATCHING,HECTOR_SCAN_MATCHING_GRID,landmarks,task3,WAIT_B1_WS2_REQUEST_T2,WAIT_B1,DIRECT,T2,TRANSIT_TO_WS2,-1.46605,-0.9411,-1.67634,-1.467,-0.937,-1.686,0.00449,0.0447,-1.5,-1.24755,-1.0,-1.0,0.0,88.50351,NORMAL,2,0,0,0,17,1381,17,17,70,1381,0.21344,0.91684,0,0,-1.46,-1.52,0,0,0.0,0.0,12.85213,"O1:-2.33,-0.53,s151;O2:-2.33,0.19,s149;O3:-2.33,0.01,s137;O4:-2.33,-0.17,s135;O5:-0.89,-1.25,s127;O6:-2.33,-0.35,s109;O7:-0.89,-0.89,s99;O8:-0.71,-1.25,s93;O9:-0.53,-1.25,s80;O10:-2.33,0.55,s75;O11:-2.33,0.37,s60;O12:-0.89,-1.07,s59;O13:-0.53,-0.89,s51;O14:-0.89,-0.71,s28;O15:-2.33,-0.71,s23;O16:-2.33,0.73,s2;O17:-0.71,-0.71,s2","O1:-2.33,-0.53,s151;O2:-2.33,0.19,s149;O3:-2.33,0.01,s137;O4:-2.33,-0.17,s135;O5:-0.89,-1.25,s127;O6:-2.33,-0.35,s109;O7:-0.89,-0.89,s99;O8:-0.71,-1.25,s93;O9:-0.53,-1.25,s80;O10:-2.33,0.55,s75;O11:-2.33,0.37,s60;O12:-0.89,-1.07,s59;O13:-0.53,-0.89,s51;O14:-0.89,-0.71,s28;O15:-2.33,-0.71,s23;O16:-2.33,0.73,s2;O17:-0.71,-0.71,s2",RUNNING,UNKNOWN_MAP_SLAM_AVOIDANCE,unknown_map;frontier_targets;static_unknown_obstacles;dynamic_wandering_robot;costmap;slam_path_planning;obstacle_avoidance,P2_Wanderer,dynamic_wandering_robot,65.39961,65.39961,0.64812,0.62682,1,0,0,10,6,32,17,1381,17,1381,0.64812,0.62682,2.55638,0.64812,0.62682,2.55638
36.05,PID,HECTOR_GRID_MATCHING,HECTOR_SCAN_MATCHING_GRID,landmarks,task3,WAIT_B1_WS2_REQUEST_T2,WAIT_B1,DIRECT,T2,TRANSIT_TO_WS2,-1.46606,-0.94107,-1.67636,-1.473,-0.935,-1.679,0.00898,0.0447,-1.5,-1.30155,-1.0,-1.0,0.0,88.49976,NORMAL,2,0,0,0,17,1381,17,17,70,1381,0.21344,0.91684,0,0,-1.46,-1.52,0,0,0.0,0.0,12.85213,"O1:-2.33,-0.53,s151;O2:-2.33,0.19,s149;O3:-2.33,0.01,s137;O4:-2.33,-0.17,s135;O5:-0.89,-1.25,s127;O6:-2.33,-0.35,s109;O7:-0.89,-0.89,s99;O8:-0.71,-1.25,s93;O9:-0.53,-1.25,s80;O10:-2.33,0.55,s75;O11:-2.33,0.37,s60;O12:-0.89,-1.07,s59;O13:-0.53,-0.89,s51;O14:-0.89,-0.71,s28;O15:-2.33,-0.71,s23;O16:-2.33,0.73,s2;O17:-0.71,-0.71,s2","O1:-2.33,-0.53,s151;O2:-2.33,0.19,s149;O3:-2.33,0.01,s137;O4:-2.33,-0.17,s135;O5:-0.89,-1.25,s127;O6:-2.33,-0.35,s109;O7:-0.89,-0.89,s99;O8:-0.71,-1.25,s93;O9:-0.53,-1.25,s80;O10:-2.33,0.55,s75;O11:-2.33,0.37,s60;O12:-0.89,-1.07,s59;O13:-0.53,-0.89,s51;O14:-0.89,-0.71,s28;O15:-2.33,-0.71,s23;O16:-2.33,0.73,s2;O17:-0.71,-0.71,s2",RUNNING,UNKNOWN_MAP_SLAM_AVOIDANCE,unknown_map;frontier_targets;static_unknown_obstacles;dynamic_wandering_robot;costmap;slam_path_planning;obstacle_avoidance,P2_Wanderer,dynamic_wandering_robot,65.39961,65.39961,0.62311,0.6434,1,0,0,10,6,32,17,1381,17,1381,0.62311,0.6434,2.55638,0.62311,0.6434,2.55638
36.2,PID,HECTOR_GRID_MATCHING,HECTOR_SCAN_MATCHING_GRID,landmarks,task3,WAIT_B1_WS2_REQUEST_T2,WAIT_B1,DIRECT,T2,TRANSIT_TO_WS2,-1.46606,-0.94103,-1.67638,-1.468,-0.928,-1.687,0.01284,0.0447,-1.5,-1.35555,-1.0,-1.0,0.0,88.49601,NORMAL,2,0,0,0,17,1381,17,17,70,1381,0.21344,0.91684,0,0,-1.46,-1.52,0,0,0.0,0.0,12.85213,"O1:-2.33,-0.53,s151;O2:-2.33,0.19,s149;O3:-2.33,0.01,s137;O4:-2.33,-0.17,s135;O5:-0.89,-1.25,s127;O6:-2.33,-0.35,s109;O7:-0.89,-0.89,s99;O8:-0.71,-1.25,s93;O9:-0.53,-1.25,s80;O10:-2.33,0.55,s75;O11:-2.33,0.37,s60;O12:-0.89,-1.07,s59;O13:-0.53,-0.89,s51;O14:-0.89,-0.71,s28;O15:-2.33,-0.71,s23;O16:-2.33,0.73,s2;O17:-0.71,-0.71,s2","O1:-2.33,-0.53,s151;O2:-2.33,0.19,s149;O3:-2.33,0.01,s137;O4:-2.33,-0.17,s135;O5:-0.89,-1.25,s127;O6:-2.33,-0.35,s109;O7:-0.89,-0.89,s99;O8:-0.71,-1.25,s93;O9:-0.53,-1.25,s80;O10:-2.33,0.55,s75;O11:-2.33,0.37,s60;O12:-0.89,-1.07,s59;O13:-0.53,-0.89,s51;O14:-0.89,-0.71,s28;O15:-2.33,-0.71,s23;O16:-2.33,0.73,s2;O17:-0.71,-0.71,s2",RUNNING,UNKNOWN_MAP_SLAM_AVOIDANCE,unknown_map;frontier_targets;static_unknown_obstacles;dynamic_wandering_robot;costmap;slam_path_planning;obstacle_avoidance,P2_Wanderer,dynamic_wandering_robot,65.39961,65.39961,0.5981,0.65997,1,0,0,10,6,32,17,1381,17,1381,0.5981,0.65997,2.55638,0.5981,0.65997,2.55638
36.35,PID,HECTOR_GRID_MATCHING,HECTOR_SCAN_MATCHING_GRID,landmarks,task3,WAIT_B1_WS2_REQUEST_T2,WAIT_B1,DIRECT,T2,TRANSIT_TO_WS2,-1.46607,-0.941,-1.67641,-1.47,-0.936,-1.677,0.00672,0.0447,-1.5,-1.40955,-1.0,-1.0,0.0,88.49226,NORMAL,2,0,0,0,17,1381,17,17,70,1381,0.21344,0.91684,0,0,-1.46,-1.52,0,0,0.0,0.0,12.85213,"O1:-2.33,-0.53,s151;O2:-2.33,0.19,s149;O3:-2.33,0.01,s137;O4:-2.33,-0.17,s135;O5:-0.89,-1.25,s127;O6:-2.33,-0.35,s109;O7:-0.89,-0.89,s99;O8:-0.71,-1.25,s93;O9:-0.53,-1.25,s80;O10:-2.33,0.55,s75;O11:-2.33,0.37,s60;O12:-0.89,-1.07,s59;O13:-0.53,-0.89,s51;O14:-0.89,-0.71,s28;O15:-2.33,-0.71,s23;O16:-2.33,0.73,s2;O17:-0.71,-0.71,s2","O1:-2.33,-0.53,s151;O2:-2.33,0.19,s149;O3:-2.33,0.01,s137;O4:-2.33,-0.17,s135;O5:-0.89,-1.25,s127;O6:-2.33,-0.35,s109;O7:-0.89,-0.89,s99;O8:-0.71,-1.25,s93;O9:-0.53,-1.25,s80;O10:-2.33,0.55,s75;O11:-2.33,0.37,s60;O12:-0.89,-1.07,s59;O13:-0.53,-0.89,s51;O14:-0.89,-0.71,s28;O15:-2.33,-0.71,s23;O16:-2.33,0.73,s2;O17:-0.71,-0.71,s2",RUNNING,UNKNOWN_MAP_SLAM_AVOIDANCE,unknown_map;frontier_targets;static_unknown_obstacles;dynamic_wandering_robot;costmap;slam_path_planning;obstacle_avoidance,P2_Wanderer,dynamic_wandering_robot,65.39961,65.39961,0.57309,0.67654,1,0,0,10,6,32,17,1381,17,1381,0.57309,0.67654,2.55638,0.57309,0.67654,2.55638
36.5,PID,HECTOR_GRID_MATCHING,HECTOR_SCAN_MATCHING_GRID,landmarks,task3,WAIT_B1_WS2_REQUEST_T2,WAIT_B1,DIRECT,T2,TRANSIT_TO_WS2,-1.46607,-0.94097,-1.67643,-1.463,-0.943,-1.677,0.00388,0.0447,-1.5,-1.46355,-1.0,-1.0,0.0,88.48851,NORMAL,2,0,0,0,17,1381,17,17,70,1381,0.21344,0.91684,0,0,-1.46,-1.52,0,0,0.0,0.0,12.85213,"O1:-2.33,-0.53,s151;O2:-2.33,0.19,s149;O3:-2.33,0.01,s137;O4:-2.33,-0.17,s135;O5:-0.89,-1.25,s127;O6:-2.33,-0.35,s109;O7:-0.89,-0.89,s99;O8:-0.71,-1.25,s93;O9:-0.53,-1.25,s80;O10:-2.33,0.55,s75;O11:-2.33,0.37,s60;O12:-0.89,-1.07,s59;O13:-0.53,-0.89,s51;O14:-0.89,-0.71,s28;O15:-2.33,-0.71,s23;O16:-2.33,0.73,s2;O17:-0.71,-0.71,s2","O1:-2.33,-0.53,s151;O2:-2.33,0.19,s149;O3:-2.33,0.01,s137;O4:-2.33,-0.17,s135;O5:-0.89,-1.25,s127;O6:-2.33,-0.35,s109;O7:-0.89,-0.89,s99;O8:-0.71,-1.25,s93;O9:-0.53,-1.25,s80;O10:-2.33,0.55,s75;O11:-2.33,0.37,s60;O12:-0.89,-1.07,s59;O13:-0.53,-0.89,s51;O14:-0.89,-0.71,s28;O15:-2.33,-0.71,s23;O16:-2.33,0.73,s2;O17:-0.71,-0.71,s2",RUNNING,UNKNOWN_MAP_SLAM_AVOIDANCE,unknown_map;frontier_targets;static_unknown_obstacles;dynamic_wandering_robot;costmap;slam_path_planning;obstacle_avoidance,P2_Wanderer,dynamic_wandering_robot,65.39961,65.39961,0.54809,0.69311,1,0,0,10,6,32,17,1381,17,1381,0.54809,0.69311,2.55638,0.54809,0.69311,2.55638
36.65,PID,HECTOR_GRID_MATCHING,HECTOR_SCAN_MATCHING_GRID,landmarks,task3,WAIT_B1_WS2_REQUEST_T2,WAIT_B1,DIRECT,T2,TRANSIT_TO_WS2,-1.46608,-0.94094,-1.67645,-1.467,-0.939,-1.679,0.00172,0.0447,-1.5,-1.51755,-1.0,-1.0,0.0,88.48476,NORMAL,2,0,0,0,17,1381,17,17,70,1381,0.21344,0.91684,0,0,-1.46,-1.52,0,0,0.0,0.0,12.85213,"O1:-2.33,-0.53,s151;O2:-2.33,0.19,s149;O3:-2.33,0.01,s137;O4:-2.33,-0.17,s135;O5:-0.89,-1.25,s127;O6:-2.33,-0.35,s109;O7:-0.89,-0.89,s99;O8:-0.71,-1.25,s93;O9:-0.53,-1.25,s80;O10:-2.33,0.55,s75;O11:-2.33,0.37,s60;O12:-0.89,-1.07,s59;O13:-0.53,-0.89,s51;O14:-0.89,-0.71,s28;O15:-2.33,-0.71,s23;O16:-2.33,0.73,s2;O17:-0.71,-0.71,s2","O1:-2.33,-0.53,s151;O2:-2.33,0.19,s149;O3:-2.33,0.01,s137;O4:-2.33,-0.17,s135;O5:-0.89,-1.25,s127;O6:-2.33,-0.35,s109;O7:-0.89,-0.89,s99;O8:-0.71,-1.25,s93;O9:-0.53,-1.25,s80;O10:-2.33,0.55,s75;O11:-2.33,0.37,s60;O12:-0.89,-1.07,s59;O13:-0.53,-0.89,s51;O14:-0.89,-0.71,s28;O15:-2.33,-0.71,s23;O16:-2.33,0.73,s2;O17:-0.71,-0.71,s2",RUNNING,UNKNOWN_MAP_SLAM_AVOIDANCE,unknown_map;frontier_targets;static_unknown_obstacles;dynamic_wandering_robot;costmap;slam_path_planning;obstacle_avoidance,P2_Wanderer,dynamic_wandering_robot,65.39961,65.39961,0.52308,0.70968,1,0,0,10,6,32,17,1381,17,1381,0.52308,0.70968,2.55638,0.52308,0.70968,2.55638
36.8,PID,HECTOR_GRID_MATCHING,HECTOR_SCAN_MATCHING_GRID,landmarks,task3,WAIT_B1_WS2_REQUEST_T2,WAIT_B1,DIRECT,T2,TRANSIT_TO_WS2,-1.46608,-0.94091,-1.67647,-1.458,-0.943,-1.668,0.00813,0.0447,-1.5,-1.57155,-1.0,-1.0,0.0,88.48101,NORMAL,2,0,0,0,17,1381,17,17,70,1381,0.21344,0.91684,0,0,-1.46,-1.52,0,0,0.0,0.0,12.85213,"O1:-2.33,-0.53,s151;O2:-2.33,0.19,s149;O3:-2.33,0.01,s137;O4:-2.33,-0.17,s135;O5:-0.89,-1.25,s127;O6:-2.33,-0.35,s109;O7:-0.89,-0.89,s99;O8:-0.71,-1.25,s93;O9:-0.53,-1.25,s80;O10:-2.33,0.55,s75;O11:-2.33,0.37,s60;O12:-0.89,-1.07,s59;O13:-0.53,-0.89,s51;O14:-0.89,-0.71,s28;O15:-2.33,-0.71,s23;O16:-2.33,0.73,s2;O17:-0.71,-0.71,s2","O1:-2.33,-0.53,s151;O2:-2.33,0.19,s149;O3:-2.33,0.01,s137;O4:-2.33,-0.17,s135;O5:-0.89,-1.25,s127;O6:-2.33,-0.35,s109;O7:-0.89,-0.89,s99;O8:-0.71,-1.25,s93;O9:-0.53,-1.25,s80;O10:-2.33,0.55,s75;O11:-2.33,0.37,s60;O12:-0.89,-1.07,s59;O13:-0.53,-0.89,s51;O14:-0.89,-0.71,s28;O15:-2.33,-0.71,s23;O16:-2.33,0.73,s2;O17:-0.71,-0.71,s2",RUNNING,UNKNOWN_MAP_SLAM_AVOIDANCE,unknown_map;frontier_targets;static_unknown_obstacles;dynamic_wandering_robot;costmap;slam_path_planning;obstacle_avoidance,P2_Wanderer,dynamic_wandering_robot,65.39961,65.39961,0.49807,0.72625,1,0,0,10,6,32,17,1381,17,1381,0.49807,0.72625,2.55638,0.49807,0.72625,2.55638
36.95,PID,HECTOR_GRID_MATCHING,HECTOR_SCAN_MATCHING_GRID,landmarks,task3,WAIT_B1_WS2_REQUEST_T2,WAIT_B1,DIRECT,T2,TRANSIT_TO_WS2,-1.46608,-0.94088,-1.67649,-1.453,-0.939,-1.666,0.01298,0.0447,-1.47892,-1.6,-1.0,-1.0,0.0,88.47726,NORMAL,2,0,0,0,17,1381,17,17,70,1381,0.21344,0.91684,0,0,-1.46,-1.52,0,0,0.0,0.0,12.85213,"O1:-2.33,-0.53,s151;O2:-2.33,0.19,s149;O3:-2.33,0.01,s137;O4:-2.33,-0.17,s135;O5:-0.89,-1.25,s127;O6:-2.33,-0.35,s109;O7:-0.89,-0.89,s99;O8:-0.71,-1.25,s93;O9:-0.53,-1.25,s80;O10:-2.33,0.55,s75;O11:-2.33,0.37,s60;O12:-0.89,-1.07,s59;O13:-0.53,-0.89,s51;O14:-0.89,-0.71,s28;O15:-2.33,-0.71,s23;O16:-2.33,0.73,s2;O17:-0.71,-0.71,s2","O1:-2.33,-0.53,s151;O2:-2.33,0.19,s149;O3:-2.33,0.01,s137;O4:-2.33,-0.17,s135;O5:-0.89,-1.25,s127;O6:-2.33,-0.35,s109;O7:-0.89,-0.89,s99;O8:-0.71,-1.25,s93;O9:-0.53,-1.25,s80;O10:-2.33,0.55,s75;O11:-2.33,0.37,s60;O12:-0.89,-1.07,s59;O13:-0.53,-0.89,s51;O14:-0.89,-0.71,s28;O15:-2.33,-0.71,s23;O16:-2.33,0.73,s2;O17:-0.71,-0.71,s2",RUNNING,UNKNOWN_MAP_SLAM_AVOIDANCE,unknown_map;frontier_targets;static_unknown_obstacles;dynamic_wandering_robot;costmap;slam_path_planning;obstacle_avoidance,P2_Wanderer,dynamic_wandering_robot,65.39961,65.39961,0.47306,0.74282,1,0,0,10,6,32,17,1381,17,1381,0.47306,0.74282,2.55638,0.47306,0.74282,2.55638
37.1,PID,HECTOR_GRID_MATCHING,HECTOR_SCAN_MATCHING_GRID,landmarks,task3,WAIT_B1_WS2_REQUEST_T2,WAIT_B1,DIRECT,T2,TRANSIT_TO_WS2,-1.46609,-0.94085,-1.67651,-1.458,-0.94,-1.67,0.00861,0.0447,-1.42492,-1.6,-1.0,-1.0,0.0,88.47351,NORMAL,2,0,0,0,17,1381,17,17,70,1381,0.21344,0.91684,0,0,-1.46,-1.52,0,0,0.0,0.0,12.85213,"O1:-2.33,-0.53,s151;O2:-2.33,0.19,s149;O3:-2.33,0.01,s137;O4:-2.33,-0.17,s135;O5:-0.89,-1.25,s127;O6:-2.33,-0.35,s109;O7:-0.89,-0.89,s99;O8:-0.71,-1.25,s93;O9:-0.53,-1.25,s80;O10:-2.33,0.55,s75;O11:-2.33,0.37,s60;O12:-0.89,-1.07,s59;O13:-0.53,-0.89,s51;O14:-0.89,-0.71,s28;O15:-2.33,-0.71,s23;O16:-2.33,0.73,s2;O17:-0.71,-0.71,s2","O1:-2.33,-0.53,s151;O2:-2.33,0.19,s149;O3:-2.33,0.01,s137;O4:-2.33,-0.17,s135;O5:-0.89,-1.25,s127;O6:-2.33,-0.35,s109;O7:-0.89,-0.89,s99;O8:-0.71,-1.25,s93;O9:-0.53,-1.25,s80;O10:-2.33,0.55,s75;O11:-2.33,0.37,s60;O12:-0.89,-1.07,s59;O13:-0.53,-0.89,s51;O14:-0.89,-0.71,s28;O15:-2.33,-0.71,s23;O16:-2.33,0.73,s2;O17:-0.71,-0.71,s2",RUNNING,UNKNOWN_MAP_SLAM_AVOIDANCE,unknown_map;frontier_targets;static_unknown_obstacles;dynamic_wandering_robot;costmap;slam_path_planning;obstacle_avoidance,P2_Wanderer,dynamic_wandering_robot,65.39961,65.39961,0.44805,0.7594,1,0,0,10,6,32,17,1381,17,1381,0.44805,0.7594,2.55638,0.44805,0.7594,2.55638
37.25,PID,HECTOR_GRID_MATCHING,HECTOR_SCAN_MATCHING_GRID,landmarks,task3,WAIT_B1_WS2_REQUEST_T2,WAIT_B1,DIRECT,T2,TRANSIT_TO_WS2,-1.46609,-0.94082,-1.67653,-1.452,-0.952,-1.673,0.01833,0.0447,-1.37092,-1.6,-1.0,-1.0,0.0,88.46976,NORMAL,2,0,0,0,17,1381,17,17,70,1381,0.21344,0.91684,0,0,-1.46,-1.52,0,0,0.0,0.0,12.85213,"O1:-2.33,-0.53,s151;O2:-2.33,0.19,s149;O3:-2.33,0.01,s137;O4:-2.33,-0.17,s135;O5:-0.89,-1.25,s127;O6:-2.33,-0.35,s109;O7:-0.89,-0.89,s99;O8:-0.71,-1.25,s93;O9:-0.53,-1.25,s80;O10:-2.33,0.55,s75;O11:-2.33,0.37,s60;O12:-0.89,-1.07,s59;O13:-0.53,-0.89,s51;O14:-0.89,-0.71,s28;O15:-2.33,-0.71,s23;O16:-2.33,0.73,s2;O17:-0.71,-0.71,s2","O1:-2.33,-0.53,s151;O2:-2.33,0.19,s149;O3:-2.33,0.01,s137;O4:-2.33,-0.17,s135;O5:-0.89,-1.25,s127;O6:-2.33,-0.35,s109;O7:-0.89,-0.89,s99;O8:-0.71,-1.25,s93;O9:-0.53,-1.25,s80;O10:-2.33,0.55,s75;O11:-2.33,0.37,s60;O12:-0.89,-1.07,s59;O13:-0.53,-0.89,s51;O14:-0.89,-0.71,s28;O15:-2.33,-0.71,s23;O16:-2.33,0.73,s2;O17:-0.71,-0.71,s2",RUNNING,UNKNOWN_MAP_SLAM_AVOIDANCE,unknown_map;frontier_targets;static_unknown_obstacles;dynamic_wandering_robot;costmap;slam_path_planning;obstacle_avoidance,P2_Wanderer,dynamic_wandering_robot,65.39961,65.39961,0.42305,0.77597,1,0,0,10,6,32,17,1381,17,1381,0.42305,0.77597,2.55638,0.42305,0.77597,2.55638
37.4,PID,HECTOR_GRID_MATCHING,HECTOR_SCAN_MATCHING_GRID,landmarks,task3,WAIT_B1_WS2_REQUEST_T2,WAIT_B1,DIRECT,T2,TRANSIT_TO_WS2,-1.4661,-0.94078,-1.67654,-1.447,-0.944,-1.672,0.01963,0.0447,-1.31692,-1.6,-1.0,-1.0,0.0,88.46601,NORMAL,2,0,0,0,17,1381,17,17,70,1381,0.21344,0.91684,0,0,-1.46,-1.52,0,0,0.0,0.0,12.85213,"O1:-2.33,-0.53,s151;O2:-2.33,0.19,s149;O3:-2.33,0.01,s137;O4:-2.33,-0.17,s135;O5:-0.89,-1.25,s127;O6:-2.33,-0.35,s109;O7:-0.89,-0.89,s99;O8:-0.71,-1.25,s93;O9:-0.53,-1.25,s80;O10:-2.33,0.55,s75;O11:-2.33,0.37,s60;O12:-0.89,-1.07,s59;O13:-0.53,-0.89,s51;O14:-0.89,-0.71,s28;O15:-2.33,-0.71,s23;O16:-2.33,0.73,s2;O17:-0.71,-0.71,s2","O1:-2.33,-0.53,s151;O2:-2.33,0.19,s149;O3:-2.33,0.01,s137;O4:-2.33,-0.17,s135;O5:-0.89,-1.25,s127;O6:-2.33,-0.35,s109;O7:-0.89,-0.89,s99;O8:-0.71,-1.25,s93;O9:-0.53,-1.25,s80;O10:-2.33,0.55,s75;O11:-2.33,0.37,s60;O12:-0.89,-1.07,s59;O13:-0.53,-0.89,s51;O14:-0.89,-0.71,s28;O15:-2.33,-0.71,s23;O16:-2.33,0.73,s2;O17:-0.71,-0.71,s2",RUNNING,UNKNOWN_MAP_SLAM_AVOIDANCE,unknown_map;frontier_targets;static_unknown_obstacles;dynamic_wandering_robot;costmap;slam_path_planning;obstacle_avoidance,P2_Wanderer,dynamic_wandering_robot,65.39961,65.39961,0.39804,0.79254,1,0,0,10,6,32,17,1381,17,1381,0.39804,0.79254,2.55638,0.39804,0.79254,2.55638
37.55,PID,HECTOR_GRID_MATCHING,HECTOR_SCAN_MATCHING_GRID,landmarks,task3,WAIT_B1_WS2_REQUEST_T2,WAIT_B1,DIRECT,T2,TRANSIT_TO_WS2,-1.4661,-0.94075,-1.67656,-1.449,-0.949,-1.673,0.01917,0.0447,-1.26292,-1.6,-1.0,-1.0,0.0,88.46226,NORMAL,2,0,0,0,17,1381,17,17,70,1381,0.21344,0.91684,0,0,-1.46,-1.52,0,0,0.0,0.0,12.85213,"O1:-2.33,-0.53,s151;O2:-2.33,0.19,s149;O3:-2.33,0.01,s137;O4:-2.33,-0.17,s135;O5:-0.89,-1.25,s127;O6:-2.33,-0.35,s109;O7:-0.89,-0.89,s99;O8:-0.71,-1.25,s93;O9:-0.53,-1.25,s80;O10:-2.33,0.55,s75;O11:-2.33,0.37,s60;O12:-0.89,-1.07,s59;O13:-0.53,-0.89,s51;O14:-0.89,-0.71,s28;O15:-2.33,-0.71,s23;O16:-2.33,0.73,s2;O17:-0.71,-0.71,s2","O1:-2.33,-0.53,s151;O2:-2.33,0.19,s149;O3:-2.33,0.01,s137;O4:-2.33,-0.17,s135;O5:-0.89,-1.25,s127;O6:-2.33,-0.35,s109;O7:-0.89,-0.89,s99;O8:-0.71,-1.25,s93;O9:-0.53,-1.25,s80;O10:-2.33,0.55,s75;O11:-2.33,0.37,s60;O12:-0.89,-1.07,s59;O13:-0.53,-0.89,s51;O14:-0.89,-0.71,s28;O15:-2.33,-0.71,s23;O16:-2.33,0.73,s2;O17:-0.71,-0.71,s2",RUNNING,UNKNOWN_MAP_SLAM_AVOIDANCE,unknown_map;frontier_targets;static_unknown_obstacles;dynamic_wandering_robot;costmap;slam_path_planning;obstacle_avoidance,P2_Wanderer,dynamic_wandering_robot,65.39961,65.39961,0.37303,0.80911,1,0,0,10,6,32,17,1381,17,1381,0.37303,0.80911,2.55638,0.37303,0.80911,2.55638
37.7,PID,HECTOR_GRID_MATCHING,HECTOR_SCAN_MATCHING_GRID,landmarks,task3,WAIT_B1_WS2_REQUEST_T2,WAIT_B1,DIRECT,T2,TRANSIT_TO_WS2,-1.46611,-0.94072,-1.67658,-1.447,-0.943,-1.668,0.01921,0.0447,-1.20892,-1.6,-1.0,-1.0,0.0,88.45851,NORMAL,2,0,0,0,17,1381,17,17,70,1381,0.21344,0.91684,0,0,-1.46,-1.52,0,0,0.0,0.0,12.85213,"O1:-2.33,-0.53,s151;O2:-2.33,0.19,s149;O3:-2.33,0.01,s137;O4:-2.33,-0.17,s135;O5:-0.89,-1.25,s127;O6:-2.33,-0.35,s109;O7:-0.89,-0.89,s99;O8:-0.71,-1.25,s93;O9:-0.53,-1.25,s80;O10:-2.33,0.55,s75;O11:-2.33,0.37,s60;O12:-0.89,-1.07,s59;O13:-0.53,-0.89,s51;O14:-0.89,-0.71,s28;O15:-2.33,-0.71,s23;O16:-2.33,0.73,s2;O17:-0.71,-0.71,s2","O1:-2.33,-0.53,s151;O2:-2.33,0.19,s149;O3:-2.33,0.01,s137;O4:-2.33,-0.17,s135;O5:-0.89,-1.25,s127;O6:-2.33,-0.35,s109;O7:-0.89,-0.89,s99;O8:-0.71,-1.25,s93;O9:-0.53,-1.25,s80;O10:-2.33,0.55,s75;O11:-2.33,0.37,s60;O12:-0.89,-1.07,s59;O13:-0.53,-0.89,s51;O14:-0.89,-0.71,s28;O15:-2.33,-0.71,s23;O16:-2.33,0.73,s2;O17:-0.71,-0.71,s2",RUNNING,UNKNOWN_MAP_SLAM_AVOIDANCE,unknown_map;frontier_targets;static_unknown_obstacles;dynamic_wandering_robot;costmap;slam_path_planning;obstacle_avoidance,P2_Wanderer,dynamic_wandering_robot,65.39961,65.39961,0.34802,0.82568,1,0,0,10,6,32,17,1381,17,1381,0.34802,0.82568,2.55638,0.34802,0.82568,2.55638
37.85,PID,HECTOR_GRID_MATCHING,HECTOR_SCAN_MATCHING_GRID,landmarks,task3,WAIT_B1_WS2_REQUEST_T2,WAIT_B1,DIRECT,T2,TRANSIT_TO_WS2,-1.46611,-0.94069,-1.6766,-1.454,-0.945,-1.67,0.01271,0.0447,-1.15492,-1.6,-1.0,-1.0,0.0,88.45476,NORMAL,2,0,0,0,17,1381,17,17,70,1381,0.21344,0.91684,0,0,-1.46,-1.52,0,0,0.0,0.0,12.85213,"O1:-2.33,-0.53,s151;O2:-2.33,0.19,s149;O3:-2.33,0.01,s137;O4:-2.33,-0.17,s135;O5:-0.89,-1.25,s127;O6:-2.33,-0.35,s109;O7:-0.89,-0.89,s99;O8:-0.71,-1.25,s93;O9:-0.53,-1.25,s80;O10:-2.33,0.55,s75;O11:-2.33,0.37,s60;O12:-0.89,-1.07,s59;O13:-0.53,-0.89,s51;O14:-0.89,-0.71,s28;O15:-2.33,-0.71,s23;O16:-2.33,0.73,s2;O17:-0.71,-0.71,s2","O1:-2.33,-0.53,s151;O2:-2.33,0.19,s149;O3:-2.33,0.01,s137;O4:-2.33,-0.17,s135;O5:-0.89,-1.25,s127;O6:-2.33,-0.35,s109;O7:-0.89,-0.89,s99;O8:-0.71,-1.25,s93;O9:-0.53,-1.25,s80;O10:-2.33,0.55,s75;O11:-2.33,0.37,s60;O12:-0.89,-1.07,s59;O13:-0.53,-0.89,s51;O14:-0.89,-0.71,s28;O15:-2.33,-0.71,s23;O16:-2.33,0.73,s2;O17:-0.71,-0.71,s2",RUNNING,UNKNOWN_MAP_SLAM_AVOIDANCE,unknown_map;frontier_targets;static_unknown_obstacles;dynamic_wandering_robot;costmap;slam_path_planning;obstacle_avoidance,P2_Wanderer,dynamic_wandering_robot,65.39961,65.39961,0.32302,0.84225,1,0,0,10,6,32,17,1381,17,1381,0.32302,0.84225,2.55638,0.32302,0.84225,2.55638
38.0,PID,HECTOR_GRID_MATCHING,HECTOR_SCAN_MATCHING_GRID,landmarks,task3,WAIT_B1_WS2_REQUEST_T2,WAIT_B1,DIRECT,T2,TRANSIT_TO_WS2,-1.46612,-0.94066,-1.67662,-1.457,-0.95,-1.668,0.01305,0.0447,-1.10092,-1.6,-1.0,-1.0,0.0,88.45101,NORMAL,2,0,0,0,17,1381,17,17,70,1381,0.21344,0.91684,0,0,-1.46,-1.52,0,0,0.0,0.0,12.85213,"O1:-2.33,-0.53,s151;O2:-2.33,0.19,s149;O3:-2.33,0.01,s137;O4:-2.33,-0.17,s135;O5:-0.89,-1.25,s127;O6:-2.33,-0.35,s109;O7:-0.89,-0.89,s99;O8:-0.71,-1.25,s93;O9:-0.53,-1.25,s80;O10:-2.33,0.55,s75;O11:-2.33,0.37,s60;O12:-0.89,-1.07,s59;O13:-0.53,-0.89,s51;O14:-0.89,-0.71,s28;O15:-2.33,-0.71,s23;O16:-2.33,0.73,s2;O17:-0.71,-0.71,s2","O1:-2.33,-0.53,s151;O2:-2.33,0.19,s149;O3:-2.33,0.01,s137;O4:-2.33,-0.17,s135;O5:-0.89,-1.25,s127;O6:-2.33,-0.35,s109;O7:-0.89,-0.89,s99;O8:-0.71,-1.25,s93;O9:-0.53,-1.25,s80;O10:-2.33,0.55,s75;O11:-2.33,0.37,s60;O12:-0.89,-1.07,s59;O13:-0.53,-0.89,s51;O14:-0.89,-0.71,s28;O15:-2.33,-0.71,s23;O16:-2.33,0.73,s2;O17:-0.71,-0.71,s2",RUNNING,UNKNOWN_MAP_SLAM_AVOIDANCE,unknown_map;frontier_targets;static_unknown_obstacles;dynamic_wandering_robot;costmap;slam_path_planning;obstacle_avoidance,P2_Wanderer,dynamic_wandering_robot,65.39961,65.39961,0.29801,0.85882,1,0,0,10,6,32,17,1381,17,1381,0.29801,0.85882,2.55638,0.29801,0.85882,2.55638
38.15,PID,HECTOR_GRID_MATCHING,HECTOR_SCAN_MATCHING_GRID,landmarks,task3,WAIT_B1_WS2_REQUEST_T2,WAIT_B1,DIRECT,T2,TRANSIT_TO_WS2,-1.46612,-0.94063,-1.67664,-1.474,-0.957,-1.671,0.01869,0.0447,-1.04692,-1.6,-1.0,-1.0,0.0,88.44726,NORMAL,2,0,0,0,17,1381,17,17,70,1381,0.21344,0.91684,0,0,-1.46,-1.52,0,0,0.0,0.0,12.85213,"O1:-2.33,-0.53,s151;O2:-2.33,0.19,s149;O3:-2.33,0.01,s137;O4:-2.33,-0.17,s135;O5:-0.89,-1.25,s127;O6:-2.33,-0.35,s109;O7:-0.89,-0.89,s99;O8:-0.71,-1.25,s93;O9:-0.53,-1.25,s80;O10:-2.33,0.55,s75;O11:-2.33,0.37,s60;O12:-0.89,-1.07,s59;O13:-0.53,-0.89,s51;O14:-0.89,-0.71,s28;O15:-2.33,-0.71,s23;O16:-2.33,0.73,s2;O17:-0.71,-0.71,s2","O1:-2.33,-0.53,s151;O2:-2.33,0.19,s149;O3:-2.33,0.01,s137;O4:-2.33,-0.17,s135;O5:-0.89,-1.25,s127;O6:-2.33,-0.35,s109;O7:-0.89,-0.89,s99;O8:-0.71,-1.25,s93;O9:-0.53,-1.25,s80;O10:-2.33,0.55,s75;O11:-2.33,0.37,s60;O12:-0.89,-1.07,s59;O13:-0.53,-0.89,s51;O14:-0.89,-0.71,s28;O15:-2.33,-0.71,s23;O16:-2.33,0.73,s2;O17:-0.71,-0.71,s2",RUNNING,UNKNOWN_MAP_SLAM_AVOIDANCE,unknown_map;frontier_targets;static_unknown_obstacles;dynamic_wandering_robot;costmap;slam_path_planning;obstacle_avoidance,P2_Wanderer,dynamic_wandering_robot,65.39961,65.39961,0.273,0.87539,1,0,0,10,6,32,17,1381,17,1381,0.273,0.87539,2.55638,0.273,0.87539,2.55638
38.3,PID,HECTOR_GRID_MATCHING,HECTOR_SCAN_MATCHING_GRID,landmarks,task3,WAIT_B1_WS2_REQUEST_T2,WAIT_B1,DIRECT,T2,TRANSIT_TO_WS2,-1.46613,-0.9406,-1.67665,-1.469,-0.959,-1.674,0.01836,0.0447,-0.99292,-1.6,-1.0,-1.0,0.0,88.44351,NORMAL,2,0,0,0,17,1381,17,17,70,1381,0.21344,0.91684,0,0,-1.46,-1.52,0,0,0.0,0.0,12.85213,"O1:-2.33,-0.53,s151;O2:-2.33,0.19,s149;O3:-2.33,0.01,s137;O4:-2.33,-0.17,s135;O5:-0.89,-1.25,s127;O6:-2.33,-0.35,s109;O7:-0.89,-0.89,s99;O8:-0.71,-1.25,s93;O9:-0.53,-1.25,s80;O10:-2.33,0.55,s75;O11:-2.33,0.37,s60;O12:-0.89,-1.07,s59;O13:-0.53,-0.89,s51;O14:-0.89,-0.71,s28;O15:-2.33,-0.71,s23;O16:-2.33,0.73,s2;O17:-0.71,-0.71,s2","O1:-2.33,-0.53,s151;O2:-2.33,0.19,s149;O3:-2.33,0.01,s137;O4:-2.33,-0.17,s135;O5:-0.89,-1.25,s127;O6:-2.33,-0.35,s109;O7:-0.89,-0.89,s99;O8:-0.71,-1.25,s93;O9:-0.53,-1.25,s80;O10:-2.33,0.55,s75;O11:-2.33,0.37,s60;O12:-0.89,-1.07,s59;O13:-0.53,-0.89,s51;O14:-0.89,-0.71,s28;O15:-2.33,-0.71,s23;O16:-2.33,0.73,s2;O17:-0.71,-0.71,s2",RUNNING,UNKNOWN_MAP_SLAM_AVOIDANCE,unknown_map;frontier_targets;static_unknown_obstacles;dynamic_wandering_robot;costmap;slam_path_planning;obstacle_avoidance,P2_Wanderer,dynamic_wandering_robot,65.39961,65.39961,0.24799,0.89197,1,0,0,10,6,32,17,1381,17,1381,0.24799,0.89197,2.55638,0.24799,0.89197,2.55638
38.45,PID,HECTOR_GRID_MATCHING,HECTOR_SCAN_MATCHING_GRID,landmarks,task3,WAIT_B1_WS2_REQUEST_T2,WAIT_B1,DIRECT,T2,TRANSIT_TO_WS2,-1.46613,-0.94057,-1.67667,-1.472,-0.952,-1.685,0.01274,0.0447,-0.93892,-1.6,-1.0,-1.0,0.0,88.43976,NORMAL,2,0,0,0,17,1381,17,17,70,1381,0.21344,0.91684,0,0,-1.46,-1.52,0,0,0.0,0.0,12.85213,"O1:-2.33,-0.53,s151;O2:-2.33,0.19,s149;O3:-2.33,0.01,s137;O4:-2.33,-0.17,s135;O5:-0.89,-1.25,s127;O6:-2.33,-0.35,s109;O7:-0.89,-0.89,s99;O8:-0.71,-1.25,s93;O9:-0.53,-1.25,s80;O10:-2.33,0.55,s75;O11:-2.33,0.37,s60;O12:-0.89,-1.07,s59;O13:-0.53,-0.89,s51;O14:-0.89,-0.71,s28;O15:-2.33,-0.71,s23;O16:-2.33,0.73,s2;O17:-0.71,-0.71,s2","O1:-2.33,-0.53,s151;O2:-2.33,0.19,s149;O3:-2.33,0.01,s137;O4:-2.33,-0.17,s135;O5:-0.89,-1.25,s127;O6:-2.33,-0.35,s109;O7:-0.89,-0.89,s99;O8:-0.71,-1.25,s93;O9:-0.53,-1.25,s80;O10:-2.33,0.55,s75;O11:-2.33,0.37,s60;O12:-0.89,-1.07,s59;O13:-0.53,-0.89,s51;O14:-0.89,-0.71,s28;O15:-2.33,-0.71,s23;O16:-2.33,0.73,s2;O17:-0.71,-0.71,s2",RUNNING,UNKNOWN_MAP_SLAM_AVOIDANCE,unknown_map;frontier_targets;static_unknown_obstacles;dynamic_wandering_robot;costmap;slam_path_planning;obstacle_avoidance,P2_Wanderer,dynamic_wandering_robot,65.39961,65.39961,0.22298,0.90854,1,0,0,10,6,32,17,1381,17,1381,0.22298,0.90854,2.55638,0.22298,0.90854,2.55638
38.6,PID,HECTOR_GRID_MATCHING,HECTOR_SCAN_MATCHING_GRID,landmarks,task3,WAIT_B1_WS2_REQUEST_T2,WAIT_B1,DIRECT,T2,TRANSIT_TO_WS2,-1.46614,-0.94053,-1.67669,-1.473,-0.95,-1.679,0.01192,0.0447,-0.88492,-1.6,-1.0,-1.0,0.0,88.43601,NORMAL,2,0,0,0,17,1381,17,17,70,1381,0.21344,0.91684,0,0,-1.46,-1.52,0,0,0.0,0.0,12.85213,"O1:-2.33,-0.53,s151;O2:-2.33,0.19,s149;O3:-2.33,0.01,s137;O4:-2.33,-0.17,s135;O5:-0.89,-1.25,s127;O6:-2.33,-0.35,s109;O7:-0.89,-0.89,s99;O8:-0.71,-1.25,s93;O9:-0.53,-1.25,s80;O10:-2.33,0.55,s75;O11:-2.33,0.37,s60;O12:-0.89,-1.07,s59;O13:-0.53,-0.89,s51;O14:-0.89,-0.71,s28;O15:-2.33,-0.71,s23;O16:-2.33,0.73,s2;O17:-0.71,-0.71,s2","O1:-2.33,-0.53,s151;O2:-2.33,0.19,s149;O3:-2.33,0.01,s137;O4:-2.33,-0.17,s135;O5:-0.89,-1.25,s127;O6:-2.33,-0.35,s109;O7:-0.89,-0.89,s99;O8:-0.71,-1.25,s93;O9:-0.53,-1.25,s80;O10:-2.33,0.55,s75;O11:-2.33,0.37,s60;O12:-0.89,-1.07,s59;O13:-0.53,-0.89,s51;O14:-0.89,-0.71,s28;O15:-2.33,-0.71,s23;O16:-2.33,0.73,s2;O17:-0.71,-0.71,s2",RUNNING,UNKNOWN_MAP_SLAM_AVOIDANCE,unknown_map;frontier_targets;static_unknown_obstacles;dynamic_wandering_robot;costmap;slam_path_planning;obstacle_avoidance,P2_Wanderer,dynamic_wandering_robot,65.39961,65.39961,0.19798,0.92511,1,0,0,10,6,32,17,1381,17,1381,0.19798,0.92511,2.55638,0.19798,0.92511,2.55638
38.75,PID,HECTOR_GRID_MATCHING,HECTOR_SCAN_MATCHING_GRID,landmarks,task3,WAIT_B1_WS2_REQUEST_T2,WAIT_B1,DIRECT,T2,TRANSIT_TO_WS2,-1.46614,-0.9405,-1.6767,-1.478,-0.942,-1.679,0.01196,0.0447,-0.83092,-1.6,-1.0,-1.0,0.0,88.43226,NORMAL,2,0,0,0,17,1381,17,17,70,1381,0.21344,0.91684,0,0,-1.46,-1.52,0,0,0.0,0.0,12.85213,"O1:-2.33,-0.53,s151;O2:-2.33,0.19,s149;O3:-2.33,0.01,s137;O4:-2.33,-0.17,s135;O5:-0.89,-1.25,s127;O6:-2.33,-0.35,s109;O7:-0.89,-0.89,s99;O8:-0.71,-1.25,s93;O9:-0.53,-1.25,s80;O10:-2.33,0.55,s75;O11:-2.33,0.37,s60;O12:-0.89,-1.07,s59;O13:-0.53,-0.89,s51;O14:-0.89,-0.71,s28;O15:-2.33,-0.71,s23;O16:-2.33,0.73,s2;O17:-0.71,-0.71,s2","O1:-2.33,-0.53,s151;O2:-2.33,0.19,s149;O3:-2.33,0.01,s137;O4:-2.33,-0.17,s135;O5:-0.89,-1.25,s127;O6:-2.33,-0.35,s109;O7:-0.89,-0.89,s99;O8:-0.71,-1.25,s93;O9:-0.53,-1.25,s80;O10:-2.33,0.55,s75;O11:-2.33,0.37,s60;O12:-0.89,-1.07,s59;O13:-0.53,-0.89,s51;O14:-0.89,-0.71,s28;O15:-2.33,-0.71,s23;O16:-2.33,0.73,s2;O17:-0.71,-0.71,s2",RUNNING,UNKNOWN_MAP_SLAM_AVOIDANCE,unknown_map;frontier_targets;static_unknown_obstacles;dynamic_wandering_robot;costmap;slam_path_planning;obstacle_avoidance,P2_Wanderer,dynamic_wandering_robot,65.39961,65.39961,0.17297,0.94168,1,0,0,10,6,32,17,1381,17,1381,0.17297,0.94168,2.55638,0.17297,0.94168,2.55638
38.9,PID,HECTOR_GRID_MATCHING,HECTOR_SCAN_MATCHING_GRID,landmarks,task3,WAIT_B1_WS2_REQUEST_T2,WAIT_B1,DIRECT,T2,TRANSIT_TO_WS2,-1.46615,-0.94047,-1.67672,-1.475,-0.94,-1.672,0.00865,0.0447,-0.77692,-1.6,-1.0,-1.0,0.0,88.42851,NORMAL,2,0,0,0,17,1381,17,17,70,1381,0.21344,0.91684,0,0,-1.46,-1.52,0,0,0.0,0.0,12.85213,"O1:-2.33,-0.53,s151;O2:-2.33,0.19,s149;O3:-2.33,0.01,s137;O4:-2.33,-0.17,s135;O5:-0.89,-1.25,s127;O6:-2.33,-0.35,s109;O7:-0.89,-0.89,s99;O8:-0.71,-1.25,s93;O9:-0.53,-1.25,s80;O10:-2.33,0.55,s75;O11:-2.33,0.37,s60;O12:-0.89,-1.07,s59;O13:-0.53,-0.89,s51;O14:-0.89,-0.71,s28;O15:-2.33,-0.71,s23;O16:-2.33,0.73,s2;O17:-0.71,-0.71,s2","O1:-2.33,-0.53,s151;O2:-2.33,0.19,s149;O3:-2.33,0.01,s137;O4:-2.33,-0.17,s135;O5:-0.89,-1.25,s127;O6:-2.33,-0.35,s109;O7:-0.89,-0.89,s99;O8:-0.71,-1.25,s93;O9:-0.53,-1.25,s80;O10:-2.33,0.55,s75;O11:-2.33,0.37,s60;O12:-0.89,-1.07,s59;O13:-0.53,-0.89,s51;O14:-0.89,-0.71,s28;O15:-2.33,-0.71,s23;O16:-2.33,0.73,s2;O17:-0.71,-0.71,s2",RUNNING,UNKNOWN_MAP_SLAM_AVOIDANCE,unknown_map;frontier_targets;static_unknown_obstacles;dynamic_wandering_robot;costmap;slam_path_planning;obstacle_avoidance,P2_Wanderer,dynamic_wandering_robot,65.39961,65.39961,0.14796,0.95825,1,0,0,10,6,32,17,1381,17,1381,0.14796,0.95825,2.55638,0.14796,0.95825,2.55638
39.05,PID,HECTOR_GRID_MATCHING,HECTOR_SCAN_MATCHING_GRID,landmarks,task3,WAIT_B1_WS2_REQUEST_T2,WAIT_B1,DIRECT,T2,TRANSIT_TO_WS2,-1.46615,-0.94044,-1.67674,-1.471,-0.927,-1.67,0.01409,0.0447,-0.72292,-1.6,-1.0,-1.0,0.0,88.42476,NORMAL,2,0,0,0,17,1381,17,17,70,1381,0.21344,0.91684,0,0,-1.46,-1.52,0,0,0.0,0.0,12.85213,"O1:-2.33,-0.53,s151;O2:-2.33,0.19,s149;O3:-2.33,0.01,s137;O4:-2.33,-0.17,s135;O5:-0.89,-1.25,s127;O6:-2.33,-0.35,s109;O7:-0.89,-0.89,s99;O8:-0.71,-1.25,s93;O9:-0.53,-1.25,s80;O10:-2.33,0.55,s75;O11:-2.33,0.37,s60;O12:-0.89,-1.07,s59;O13:-0.53,-0.89,s51;O14:-0.89,-0.71,s28;O15:-2.33,-0.71,s23;O16:-2.33,0.73,s2;O17:-0.71,-0.71,s2","O1:-2.33,-0.53,s151;O2:-2.33,0.19,s149;O3:-2.33,0.01,s137;O4:-2.33,-0.17,s135;O5:-0.89,-1.25,s127;O6:-2.33,-0.35,s109;O7:-0.89,-0.89,s99;O8:-0.71,-1.25,s93;O9:-0.53,-1.25,s80;O10:-2.33,0.55,s75;O11:-2.33,0.37,s60;O12:-0.89,-1.07,s59;O13:-0.53,-0.89,s51;O14:-0.89,-0.71,s28;O15:-2.33,-0.71,s23;O16:-2.33,0.73,s2;O17:-0.71,-0.71,s2",RUNNING,UNKNOWN_MAP_SLAM_AVOIDANCE,unknown_map;frontier_targets;static_unknown_obstacles;dynamic_wandering_robot;costmap;slam_path_planning;obstacle_avoidance,P2_Wanderer,dynamic_wandering_robot,65.39961,65.39961,0.12295,0.97482,1,0,0,10,6,32,17,1381,17,1381,0.12295,0.97482,2.55638,0.12295,0.97482,2.55638
39.2,PID,HECTOR_GRID_MATCHING,HECTOR_SCAN_MATCHING_GRID,landmarks,task3,WAIT_B1_WS2_REQUEST_T2,WAIT_B1,DIRECT,T2,TRANSIT_TO_WS2,-1.46615,-0.94041,-1.67675,-1.466,-0.928,-1.673,0.01252,0.0447,-0.66892,-1.6,-1.0,-1.0,0.0,88.42101,NORMAL,2,0,0,0,17,1381,17,17,70,1381,0.21344,0.91684,0,0,-1.46,-1.52,0,0,0.0,0.0,12.85213,"O1:-2.33,-0.53,s151;O2:-2.33,0.19,s149;O3:-2.33,0.01,s137;O4:-2.33,-0.17,s135;O5:-0.89,-1.25,s127;O6:-2.33,-0.35,s109;O7:-0.89,-0.89,s99;O8:-0.71,-1.25,s93;O9:-0.53,-1.25,s80;O10:-2.33,0.55,s75;O11:-2.33,0.37,s60;O12:-0.89,-1.07,s59;O13:-0.53,-0.89,s51;O14:-0.89,-0.71,s28;O15:-2.33,-0.71,s23;O16:-2.33,0.73,s2;O17:-0.71,-0.71,s2","O1:-2.33,-0.53,s151;O2:-2.33,0.19,s149;O3:-2.33,0.01,s137;O4:-2.33,-0.17,s135;O5:-0.89,-1.25,s127;O6:-2.33,-0.35,s109;O7:-0.89,-0.89,s99;O8:-0.71,-1.25,s93;O9:-0.53,-1.25,s80;O10:-2.33,0.55,s75;O11:-2.33,0.37,s60;O12:-0.89,-1.07,s59;O13:-0.53,-0.89,s51;O14:-0.89,-0.71,s28;O15:-2.33,-0.71,s23;O16:-2.33,0.73,s2;O17:-0.71,-0.71,s2",RUNNING,UNKNOWN_MAP_SLAM_AVOIDANCE,unknown_map;frontier_targets;static_unknown_obstacles;dynamic_wandering_robot;costmap;slam_path_planning;obstacle_avoidance,P2_Wanderer,dynamic_wandering_robot,65.39961,65.39961,0.09795,0.99139,1,0,0,10,6,32,17,1381,17,1381,0.09795,0.99139,2.55638,0.09795,0.99139,2.55638
39.35,PID,HECTOR_GRID_MATCHING,HECTOR_SCAN_MATCHING_GRID,landmarks,task3,WAIT_B1_WS2_REQUEST_T2,WAIT_B1,DIRECT,T2,TRANSIT_TO_WS2,-1.46616,-0.94038,-1.67677,-1.465,-0.947,-1.681,0.00662,0.0447,-0.61492,-1.6,-1.0,-1.0,0.0,88.41726,NORMAL,2,0,0,0,17,1381,17,17,70,1381,0.21344,0.91684,0,0,-1.46,-1.52,0,0,0.0,0.0,12.85213,"O1:-2.33,-0.53,s151;O2:-2.33,0.19,s149;O3:-2.33,0.01,s137;O4:-2.33,-0.17,s135;O5:-0.89,-1.25,s127;O6:-2.33,-0.35,s109;O7:-0.89,-0.89,s99;O8:-0.71,-1.25,s93;O9:-0.53,-1.25,s80;O10:-2.33,0.55,s75;O11:-2.33,0.37,s60;O12:-0.89,-1.07,s59;O13:-0.53,-0.89,s51;O14:-0.89,-0.71,s28;O15:-2.33,-0.71,s23;O16:-2.33,0.73,s2;O17:-0.71,-0.71,s2","O1:-2.33,-0.53,s151;O2:-2.33,0.19,s149;O3:-2.33,0.01,s137;O4:-2.33,-0.17,s135;O5:-0.89,-1.25,s127;O6:-2.33,-0.35,s109;O7:-0.89,-0.89,s99;O8:-0.71,-1.25,s93;O9:-0.53,-1.25,s80;O10:-2.33,0.55,s75;O11:-2.33,0.37,s60;O12:-0.89,-1.07,s59;O13:-0.53,-0.89,s51;O14:-0.89,-0.71,s28;O15:-2.33,-0.71,s23;O16:-2.33,0.73,s2;O17:-0.71,-0.71,s2",RUNNING,UNKNOWN_MAP_SLAM_AVOIDANCE,unknown_map;frontier_targets;static_unknown_obstacles;dynamic_wandering_robot;costmap;slam_path_planning;obstacle_avoidance,P2_Wanderer,dynamic_wandering_robot,65.39961,65.39961,0.07294,1.00797,1,0,0,10,6,32,17,1381,17,1381,0.07294,1.00797,2.55638,0.07294,1.00797,2.55638
39.5,PID,HECTOR_GRID_MATCHING,HECTOR_SCAN_MATCHING_GRID,landmarks,task3,WAIT_B1_WS2_REQUEST_T2,WAIT_B1,DIRECT,T2,TRANSIT_TO_WS2,-1.46616,-0.94035,-1.67679,-1.479,-0.937,-1.675,0.01335,0.0447,-0.56092,-1.6,-1.0,-1.0,0.0,88.41351,NORMAL,2,0,0,0,17,1381,17,17,70,1381,0.21344,0.91684,0,0,-1.46,-1.52,0,0,0.0,0.0,12.85213,"O1:-2.33,-0.53,s151;O2:-2.33,0.19,s149;O3:-2.33,0.01,s137;O4:-2.33,-0.17,s135;O5:-0.89,-1.25,s127;O6:-2.33,-0.35,s109;O7:-0.89,-0.89,s99;O8:-0.71,-1.25,s93;O9:-0.53,-1.25,s80;O10:-2.33,0.55,s75;O11:-2.33,0.37,s60;O12:-0.89,-1.07,s59;O13:-0.53,-0.89,s51;O14:-0.89,-0.71,s28;O15:-2.33,-0.71,s23;O16:-2.33,0.73,s2;O17:-0.71,-0.71,s2","O1:-2.33,-0.53,s151;O2:-2.33,0.19,s149;O3:-2.33,0.01,s137;O4:-2.33,-0.17,s135;O5:-0.89,-1.25,s127;O6:-2.33,-0.35,s109;O7:-0.89,-0.89,s99;O8:-0.71,-1.25,s93;O9:-0.53,-1.25,s80;O10:-2.33,0.55,s75;O11:-2.33,0.37,s60;O12:-0.89,-1.07,s59;O13:-0.53,-0.89,s51;O14:-0.89,-0.71,s28;O15:-2.33,-0.71,s23;O16:-2.33,0.73,s2;O17:-0.71,-0.71,s2",RUNNING,UNKNOWN_MAP_SLAM_AVOIDANCE,unknown_map;frontier_targets;static_unknown_obstacles;dynamic_wandering_robot;costmap;slam_path_planning;obstacle_avoidance,P2_Wanderer,dynamic_wandering_robot,65.39961,65.39961,0.04793,1.02454,1,0,0,10,6,32,17,1381,17,1381,0.04793,1.02454,2.55638,0.04793,1.02454,2.55638
39.65,PID,HECTOR_GRID_MATCHING,HECTOR_SCAN_MATCHING_GRID,landmarks,task3,WAIT_B1_WS2_REQUEST_T2,WAIT_B1,DIRECT,T2,TRANSIT_TO_WS2,-1.46617,-0.94032,-1.6768,-1.463,-0.938,-1.674,0.0041,0.0447,-0.50692,-1.6,-1.0,-1.0,0.0,88.40976,NORMAL,2,0,0,0,17,1381,17,17,70,1381,0.21344,0.91684,0,0,-1.46,-1.52,0,0,0.0,0.0,12.85213,"O1:-2.33,-0.53,s151;O2:-2.33,0.19,s149;O3:-2.33,0.01,s137;O4:-2.33,-0.17,s135;O5:-0.89,-1.25,s127;O6:-2.33,-0.35,s109;O7:-0.89,-0.89,s99;O8:-0.71,-1.25,s93;O9:-0.53,-1.25,s80;O10:-2.33,0.55,s75;O11:-2.33,0.37,s60;O12:-0.89,-1.07,s59;O13:-0.53,-0.89,s51;O14:-0.89,-0.71,s28;O15:-2.33,-0.71,s23;O16:-2.33,0.73,s2;O17:-0.71,-0.71,s2","O1:-2.33,-0.53,s151;O2:-2.33,0.19,s149;O3:-2.33,0.01,s137;O4:-2.33,-0.17,s135;O5:-0.89,-1.25,s127;O6:-2.33,-0.35,s109;O7:-0.89,-0.89,s99;O8:-0.71,-1.25,s93;O9:-0.53,-1.25,s80;O10:-2.33,0.55,s75;O11:-2.33,0.37,s60;O12:-0.89,-1.07,s59;O13:-0.53,-0.89,s51;O14:-0.89,-0.71,s28;O15:-2.33,-0.71,s23;O16:-2.33,0.73,s2;O17:-0.71,-0.71,s2",RUNNING,UNKNOWN_MAP_SLAM_AVOIDANCE,unknown_map;frontier_targets;static_unknown_obstacles;dynamic_wandering_robot;costmap;slam_path_planning;obstacle_avoidance,P2_Wanderer,dynamic_wandering_robot,65.39961,65.39961,0.02292,1.04111,1,0,0,10,6,32,17,1381,17,1381,0.02292,1.04111,2.55638,0.02292,1.04111,2.55638
39.8,PID,HECTOR_GRID_MATCHING,HECTOR_SCAN_MATCHING_GRID,landmarks,task3,WAIT_B1_WS2_REQUEST_T2,WAIT_B1,DIRECT,T2,TRANSIT_TO_WS2,-1.46617,-0.94029,-1.67682,-1.462,-0.927,-1.67,0.01383,0.0447,-0.45292,-1.6,-1.0,-1.0,0.0,88.40601,NORMAL,2,0,0,0,17,1381,17,17,70,1381,0.21344,0.91684,0,0,-1.46,-1.52,0,0,0.0,0.0,12.85213,"O1:-2.33,-0.53,s151;O2:-2.33,0.19,s149;O3:-2.33,0.01,s137;O4:-2.33,-0.17,s135;O5:-0.89,-1.25,s127;O6:-2.33,-0.35,s109;O7:-0.89,-0.89,s99;O8:-0.71,-1.25,s93;O9:-0.53,-1.25,s80;O10:-2.33,0.55,s75;O11:-2.33,0.37,s60;O12:-0.89,-1.07,s59;O13:-0.53,-0.89,s51;O14:-0.89,-0.71,s28;O15:-2.33,-0.71,s23;O16:-2.33,0.73,s2;O17:-0.71,-0.71,s2","O1:-2.33,-0.53,s151;O2:-2.33,0.19,s149;O3:-2.33,0.01,s137;O4:-2.33,-0.17,s135;O5:-0.89,-1.25,s127;O6:-2.33,-0.35,s109;O7:-0.89,-0.89,s99;O8:-0.71,-1.25,s93;O9:-0.53,-1.25,s80;O10:-2.33,0.55,s75;O11:-2.33,0.37,s60;O12:-0.89,-1.07,s59;O13:-0.53,-0.89,s51;O14:-0.89,-0.71,s28;O15:-2.33,-0.71,s23;O16:-2.33,0.73,s2;O17:-0.71,-0.71,s2",RUNNING,UNKNOWN_MAP_SLAM_AVOIDANCE,unknown_map;frontier_targets;static_unknown_obstacles;dynamic_wandering_robot;costmap;slam_path_planning;obstacle_avoidance,P2_Wanderer,dynamic_wandering_robot,65.39961,65.39961,-0.00209,1.05768,1,0,0,10,6,32,17,1381,17,1381,-0.00209,1.05768,2.55638,-0.00209,1.05768,2.55638
39.95,PID,HECTOR_GRID_MATCHING,HECTOR_SCAN_MATCHING_GRID,landmarks,task3,WAIT_B1_WS2_REQUEST_T2,WAIT_B1,DIRECT,T2,TRANSIT_TO_WS2,-1.46618,-0.94026,-1.67683,-1.456,-0.929,-1.672,0.01554,0.0447,-0.39883,-1.6,-1.0,-1.0,0.0,88.40226,NORMAL,2,0,0,0,17,1381,17,17,70,1381,0.21344,0.91684,0,0,-1.46,-1.52,0,0,0.0,0.0,12.85213,"O1:-2.33,-0.53,s151;O2:-2.33,0.19,s149;O3:-2.33,0.01,s137;O4:-2.33,-0.17,s135;O5:-0.89,-1.25,s127;O6:-2.33,-0.35,s109;O7:-0.89,-0.89,s99;O8:-0.71,-1.25,s93;O9:-0.53,-1.25,s80;O10:-2.33,0.55,s75;O11:-2.33,0.37,s60;O12:-0.89,-1.07,s59;O13:-0.53,-0.89,s51;O14:-0.89,-0.71,s28;O15:-2.33,-0.71,s23;O16:-2.33,0.73,s2;O17:-0.71,-0.71,s2","O1:-2.33,-0.53,s151;O2:-2.33,0.19,s149;O3:-2.33,0.01,s137;O4:-2.33,-0.17,s135;O5:-0.89,-1.25,s127;O6:-2.33,-0.35,s109;O7:-0.89,-0.89,s99;O8:-0.71,-1.25,s93;O9:-0.53,-1.25,s80;O10:-2.33,0.55,s75;O11:-2.33,0.37,s60;O12:-0.89,-1.07,s59;O13:-0.53,-0.89,s51;O14:-0.89,-0.71,s28;O15:-2.33,-0.71,s23;O16:-2.33,0.73,s2;O17:-0.71,-0.71,s2",RUNNING,UNKNOWN_MAP_SLAM_AVOIDANCE,unknown_map;frontier_targets;static_unknown_obstacles;dynamic_wandering_robot;costmap;slam_path_planning;obstacle_avoidance,P2_Wanderer,dynamic_wandering_robot,65.39961,65.39961,-0.02709,1.07425,1,0,0,10,6,32,17,1381,17,1381,-0.02709,1.07425,2.55638,-0.02709,1.07425,2.55638
40.1,PID,HECTOR_GRID_MATCHING,HECTOR_SCAN_MATCHING_GRID,landmarks,task3,WAIT_B1_WS2_REQUEST_T2,WAIT_B1,DIRECT,T2,TRANSIT_TO_WS2,-1.46618,-0.94023,-1.67685,-1.453,-0.928,-1.684,0.01817,0.0447,-0.34483,-1.6,-1.0,-1.0,0.0,88.39851,NORMAL,2,0,0,0,17,1381,17,17,70,1381,0.21344,0.91684,0,0,-1.46,-1.52,0,0,0.0,0.0,12.85213,"O1:-2.33,-0.53,s151;O2:-2.33,0.19,s149;O3:-2.33,0.01,s137;O4:-2.33,-0.17,s135;O5:-0.89,-1.25,s127;O6:-2.33,-0.35,s109;O7:-0.89,-0.89,s99;O8:-0.71,-1.25,s93;O9:-0.53,-1.25,s80;O10:-2.33,0.55,s75;O11:-2.33,0.37,s60;O12:-0.89,-1.07,s59;O13:-0.53,-0.89,s51;O14:-0.89,-0.71,s28;O15:-2.33,-0.71,s23;O16:-2.33,0.73,s2;O17:-0.71,-0.71,s2","O1:-2.33,-0.53,s151;O2:-2.33,0.19,s149;O3:-2.33,0.01,s137;O4:-2.33,-0.17,s135;O5:-0.89,-1.25,s127;O6:-2.33,-0.35,s109;O7:-0.89,-0.89,s99;O8:-0.71,-1.25,s93;O9:-0.53,-1.25,s80;O10:-2.33,0.55,s75;O11:-2.33,0.37,s60;O12:-0.89,-1.07,s59;O13:-0.53,-0.89,s51;O14:-0.89,-0.71,s28;O15:-2.33,-0.71,s23;O16:-2.33,0.73,s2;O17:-0.71,-0.71,s2",RUNNING,UNKNOWN_MAP_SLAM_AVOIDANCE,unknown_map;frontier_targets;static_unknown_obstacles;dynamic_wandering_robot;costmap;slam_path_planning;obstacle_avoidance,P2_Wanderer,dynamic_wandering_robot,65.39961,65.39961,-0.0521,1.09082,1,0,0,10,6,32,17,1381,17,1381,-0.0521,1.09082,2.55638,-0.0521,1.09082,2.55638
40.25,PID,HECTOR_GRID_MATCHING,HECTOR_SCAN_MATCHING_GRID,landmarks,task3,WAIT_B1_WS2_REQUEST_T2,WAIT_B1,DIRECT,T2,TRANSIT_TO_WS2,-1.46619,-0.9402,-1.67686,-1.456,-0.931,-1.688,0.01389,0.0447,-0.29083,-1.6,-1.0,-1.0,0.0,88.39476,NORMAL,2,0,0,0,17,1381,17,17,70,1381,0.21344,0.91684,0,0,-1.46,-1.52,0,0,0.0,0.0,12.85213,"O1:-2.33,-0.53,s151;O2:-2.33,0.19,s149;O3:-2.33,0.01,s137;O4:-2.33,-0.17,s135;O5:-0.89,-1.25,s127;O6:-2.33,-0.35,s109;O7:-0.89,-0.89,s99;O8:-0.71,-1.25,s93;O9:-0.53,-1.25,s80;O10:-2.33,0.55,s75;O11:-2.33,0.37,s60;O12:-0.89,-1.07,s59;O13:-0.53,-0.89,s51;O14:-0.89,-0.71,s28;O15:-2.33,-0.71,s23;O16:-2.33,0.73,s2;O17:-0.71,-0.71,s2","O1:-2.33,-0.53,s151;O2:-2.33,0.19,s149;O3:-2.33,0.01,s137;O4:-2.33,-0.17,s135;O5:-0.89,-1.25,s127;O6:-2.33,-0.35,s109;O7:-0.89,-0.89,s99;O8:-0.71,-1.25,s93;O9:-0.53,-1.25,s80;O10:-2.33,0.55,s75;O11:-2.33,0.37,s60;O12:-0.89,-1.07,s59;O13:-0.53,-0.89,s51;O14:-0.89,-0.71,s28;O15:-2.33,-0.71,s23;O16:-2.33,0.73,s2;O17:-0.71,-0.71,s2",RUNNING,UNKNOWN_MAP_SLAM_AVOIDANCE,unknown_map;frontier_targets;static_unknown_obstacles;dynamic_wandering_robot;costmap;slam_path_planning;obstacle_avoidance,P2_Wanderer,dynamic_wandering_robot,65.39961,65.39961,-0.08034,1.09836,1,0,0,10,6,32,17,1381,17,1381,-0.08034,1.09836,3.04086,-0.08034,1.09836,3.04086
40.4,PID,HECTOR_GRID_MATCHING,HECTOR_SCAN_MATCHING_GRID,landmarks,task3,WAIT_B1_WS2_REQUEST_T2,WAIT_B1,DIRECT,T2,TRANSIT_TO_WS2,-1.46619,-0.94017,-1.67688,-1.456,-0.928,-1.69,0.01617,0.0447,-0.23683,-1.6,-1.0,-1.0,0.0,88.39101,NORMAL,2,0,0,0,17,1381,17,17,70,1381,0.21344,0.91684,0,0,-1.46,-1.52,0,0,0.0,0.0,12.85213,"O1:-2.33,-0.53,s151;O2:-2.33,0.19,s149;O3:-2.33,0.01,s137;O4:-2.33,-0.17,s135;O5:-0.89,-1.25,s127;O6:-2.33,-0.35,s109;O7:-0.89,-0.89,s99;O8:-0.71,-1.25,s93;O9:-0.53,-1.25,s80;O10:-2.33,0.55,s75;O11:-2.33,0.37,s60;O12:-0.89,-1.07,s59;O13:-0.53,-0.89,s51;O14:-0.89,-0.71,s28;O15:-2.33,-0.71,s23;O16:-2.33,0.73,s2;O17:-0.71,-0.71,s2","O1:-2.33,-0.53,s151;O2:-2.33,0.19,s149;O3:-2.33,0.01,s137;O4:-2.33,-0.17,s135;O5:-0.89,-1.25,s127;O6:-2.33,-0.35,s109;O7:-0.89,-0.89,s99;O8:-0.71,-1.25,s93;O9:-0.53,-1.25,s80;O10:-2.33,0.55,s75;O11:-2.33,0.37,s60;O12:-0.89,-1.07,s59;O13:-0.53,-0.89,s51;O14:-0.89,-0.71,s28;O15:-2.33,-0.71,s23;O16:-2.33,0.73,s2;O17:-0.71,-0.71,s2",RUNNING,UNKNOWN_MAP_SLAM_AVOIDANCE,unknown_map;frontier_targets;static_unknown_obstacles;dynamic_wandering_robot;costmap;slam_path_planning;obstacle_avoidance,P2_Wanderer,dynamic_wandering_robot,65.39961,65.39961,-0.11018,1.10137,1,0,0,10,6,32,17,1381,17,1381,-0.11018,1.10137,3.04086,-0.11018,1.10137,3.04086
40.55,PID,HECTOR_GRID_MATCHING,HECTOR_SCAN_MATCHING_GRID,landmarks,task3,WAIT_B1_WS2_REQUEST_T2,WAIT_B1,DIRECT,T2,TRANSIT_TO_WS2,-1.4662,-0.94013,-1.6769,-1.472,-0.936,-1.685,0.00729,0.0447,-0.18283,-1.6,-1.0,-1.0,0.0,88.38726,NORMAL,2,0,0,0,17,1381,17,17,70,1381,0.21344,0.91684,0,0,-1.46,-1.52,0,0,0.0,0.0,12.85213,"O1:-2.33,-0.53,s151;O2:-2.33,0.19,s149;O3:-2.33,0.01,s137;O4:-2.33,-0.17,s135;O5:-0.89,-1.25,s127;O6:-2.33,-0.35,s109;O7:-0.89,-0.89,s99;O8:-0.71,-1.25,s93;O9:-0.53,-1.25,s80;O10:-2.33,0.55,s75;O11:-2.33,0.37,s60;O12:-0.89,-1.07,s59;O13:-0.53,-0.89,s51;O14:-0.89,-0.71,s28;O15:-2.33,-0.71,s23;O16:-2.33,0.73,s2;O17:-0.71,-0.71,s2","O1:-2.33,-0.53,s151;O2:-2.33,0.19,s149;O3:-2.33,0.01,s137;O4:-2.33,-0.17,s135;O5:-0.89,-1.25,s127;O6:-2.33,-0.35,s109;O7:-0.89,-0.89,s99;O8:-0.71,-1.25,s93;O9:-0.53,-1.25,s80;O10:-2.33,0.55,s75;O11:-2.33,0.37,s60;O12:-0.89,-1.07,s59;O13:-0.53,-0.89,s51;O14:-0.89,-0.71,s28;O15:-2.33,-0.71,s23;O16:-2.33,0.73,s2;O17:-0.71,-0.71,s2",RUNNING,UNKNOWN_MAP_SLAM_AVOIDANCE,unknown_map;frontier_targets;static_unknown_obstacles;dynamic_wandering_robot;costmap;slam_path_planning;obstacle_avoidance,P2_Wanderer,dynamic_wandering_robot,65.39961,65.39961,-0.14003,1.10439,1,0,0,10,6,32,17,1381,17,1381,-0.14003,1.10439,3.04086,-0.14003,1.10439,3.04086
40.7,PID,HECTOR_GRID_MATCHING,HECTOR_SCAN_MATCHING_GRID,landmarks,task3,WAIT_B1_WS2_REQUEST_T2,WAIT_B1,DIRECT,T2,TRANSIT_TO_WS2,-1.4662,-0.9401,-1.67691,-1.476,-0.94,-1.683,0.0101,0.0447,-0.12883,-1.6,-1.0,-1.0,0.0,88.38351,NORMAL,2,0,0,0,17,1381,17,17,70,1381,0.21344,0.91684,0,0,-1.46,-1.52,0,0,0.0,0.0,12.85213,"O1:-2.33,-0.53,s151;O2:-2.33,0.19,s149;O3:-2.33,0.01,s137;O4:-2.33,-0.17,s135;O5:-0.89,-1.25,s127;O6:-2.33,-0.35,s109;O7:-0.89,-0.89,s99;O8:-0.71,-1.25,s93;O9:-0.53,-1.25,s80;O10:-2.33,0.55,s75;O11:-2.33,0.37,s60;O12:-0.89,-1.07,s59;O13:-0.53,-0.89,s51;O14:-0.89,-0.71,s28;O15:-2.33,-0.71,s23;O16:-2.33,0.73,s2;O17:-0.71,-0.71,s2","O1:-2.33,-0.53,s151;O2:-2.33,0.19,s149;O3:-2.33,0.01,s137;O4:-2.33,-0.17,s135;O5:-0.89,-1.25,s127;O6:-2.33,-0.35,s109;O7:-0.89,-0.89,s99;O8:-0.71,-1.25,s93;O9:-0.53,-1.25,s80;O10:-2.33,0.55,s75;O11:-2.33,0.37,s60;O12:-0.89,-1.07,s59;O13:-0.53,-0.89,s51;O14:-0.89,-0.71,s28;O15:-2.33,-0.71,s23;O16:-2.33,0.73,s2;O17:-0.71,-0.71,s2",RUNNING,UNKNOWN_MAP_SLAM_AVOIDANCE,unknown_map;frontier_targets;static_unknown_obstacles;dynamic_wandering_robot;costmap;slam_path_planning;obstacle_avoidance,P2_Wanderer,dynamic_wandering_robot,65.39961,65.39961,-0.16988,1.10741,1,0,0,10,6,32,17,1381,17,1381,-0.16988,1.10741,3.04086,-0.16988,1.10741,3.04086
40.85,PID,HECTOR_GRID_MATCHING,HECTOR_SCAN_MATCHING_GRID,landmarks,task3,WAIT_B1_WS2_REQUEST_T2,WAIT_B1,DIRECT,T2,TRANSIT_TO_WS2,-1.46621,-0.94007,-1.67693,-1.476,-0.939,-1.684,0.00938,0.0447,-0.07483,-1.6,-1.0,-1.0,0.0,88.37976,NORMAL,2,0,0,0,17,1381,17,17,70,1381,0.21344,0.91684,0,0,-1.46,-1.52,0,0,0.0,0.0,12.85213,"O1:-2.33,-0.53,s151;O2:-2.33,0.19,s149;O3:-2.33,0.01,s137;O4:-2.33,-0.17,s135;O5:-0.89,-1.25,s127;O6:-2.33,-0.35,s109;O7:-0.89,-0.89,s99;O8:-0.71,-1.25,s93;O9:-0.53,-1.25,s80;O10:-2.33,0.55,s75;O11:-2.33,0.37,s60;O12:-0.89,-1.07,s59;O13:-0.53,-0.89,s51;O14:-0.89,-0.71,s28;O15:-2.33,-0.71,s23;O16:-2.33,0.73,s2;O17:-0.71,-0.71,s2","O1:-2.33,-0.53,s151;O2:-2.33,0.19,s149;O3:-2.33,0.01,s137;O4:-2.33,-0.17,s135;O5:-0.89,-1.25,s127;O6:-2.33,-0.35,s109;O7:-0.89,-0.89,s99;O8:-0.71,-1.25,s93;O9:-0.53,-1.25,s80;O10:-2.33,0.55,s75;O11:-2.33,0.37,s60;O12:-0.89,-1.07,s59;O13:-0.53,-0.89,s51;O14:-0.89,-0.71,s28;O15:-2.33,-0.71,s23;O16:-2.33,0.73,s2;O17:-0.71,-0.71,s2",RUNNING,UNKNOWN_MAP_SLAM_AVOIDANCE,unknown_map;frontier_targets;static_unknown_obstacles;dynamic_wandering_robot;costmap;slam_path_planning;obstacle_avoidance,P2_Wanderer,dynamic_wandering_robot,65.39961,65.39961,-0.19973,1.11042,1,0,0,10,6,32,17,1381,17,1381,-0.19973,1.11042,3.04086,-0.19973,1.11042,3.04086
41.0,PID,HECTOR_GRID_MATCHING,HECTOR_SCAN_MATCHING_GRID,landmarks,task3,WAIT_B1_WS2_REQUEST_T2,WAIT_B1,DIRECT,T2,TRANSIT_TO_WS2,-1.46621,-0.94004,-1.67694,-1.48,-0.93,-1.674,0.01674,0.0447,-0.02083,-1.6,-1.0,-1.0,0.0,88.37601,NORMAL,2,0,0,0,17,1381,17,17,70,1381,0.21344,0.91684,0,0,-1.46,-1.52,0,0,0.0,0.0,12.85213,"O1:-2.33,-0.53,s151;O2:-2.33,0.19,s149;O3:-2.33,0.01,s137;O4:-2.33,-0.17,s135;O5:-0.89,-1.25,s127;O6:-2.33,-0.35,s109;O7:-0.89,-0.89,s99;O8:-0.71,-1.25,s93;O9:-0.53,-1.25,s80;O10:-2.33,0.55,s75;O11:-2.33,0.37,s60;O12:-0.89,-1.07,s59;O13:-0.53,-0.89,s51;O14:-0.89,-0.71,s28;O15:-2.33,-0.71,s23;O16:-2.33,0.73,s2;O17:-0.71,-0.71,s2","O1:-2.33,-0.53,s151;O2:-2.33,0.19,s149;O3:-2.33,0.01,s137;O4:-2.33,-0.17,s135;O5:-0.89,-1.25,s127;O6:-2.33,-0.35,s109;O7:-0.89,-0.89,s99;O8:-0.71,-1.25,s93;O9:-0.53,-1.25,s80;O10:-2.33,0.55,s75;O11:-2.33,0.37,s60;O12:-0.89,-1.07,s59;O13:-0.53,-0.89,s51;O14:-0.89,-0.71,s28;O15:-2.33,-0.71,s23;O16:-2.33,0.73,s2;O17:-0.71,-0.71,s2",RUNNING,UNKNOWN_MAP_SLAM_AVOIDANCE,unknown_map;frontier_targets;static_unknown_obstacles;dynamic_wandering_robot;costmap;slam_path_planning;obstacle_avoidance,P2_Wanderer,dynamic_wandering_robot,65.39961,65.39961,-0.22958,1.11344,1,0,0,10,6,32,17,1381,17,1381,-0.22958,1.11344,3.04086,-0.22958,1.11344,3.04086
41.15,PID,HECTOR_GRID_MATCHING,HECTOR_SCAN_MATCHING_GRID,landmarks,task3,WAIT_B1_WS2_REQUEST_T2,WAIT_B1,DIRECT,T2,TRANSIT_TO_WS2,-1.46621,-0.94001,-1.67696,-1.468,-0.933,-1.675,0.00692,0.0447,0.03317,-1.6,-1.0,-1.0,0.0,88.37226,NORMAL,2,0,0,0,17,1381,17,17,70,1381,0.21344,0.91684,0,0,-1.46,-1.52,0,0,0.0,0.0,12.85213,"O1:-2.33,-0.53,s151;O2:-2.33,0.19,s149;O3:-2.33,0.01,s137;O4:-2.33,-0.17,s135;O5:-0.89,-1.25,s127;O6:-2.33,-0.35,s109;O7:-0.89,-0.89,s99;O8:-0.71,-1.25,s93;O9:-0.53,-1.25,s80;O10:-2.33,0.55,s75;O11:-2.33,0.37,s60;O12:-0.89,-1.07,s59;O13:-0.53,-0.89,s51;O14:-0.89,-0.71,s28;O15:-2.33,-0.71,s23;O16:-2.33,0.73,s2;O17:-0.71,-0.71,s2","O1:-2.33,-0.53,s151;O2:-2.33,0.19,s149;O3:-2.33,0.01,s137;O4:-2.33,-0.17,s135;O5:-0.89,-1.25,s127;O6:-2.33,-0.35,s109;O7:-0.89,-0.89,s99;O8:-0.71,-1.25,s93;O9:-0.53,-1.25,s80;O10:-2.33,0.55,s75;O11:-2.33,0.37,s60;O12:-0.89,-1.07,s59;O13:-0.53,-0.89,s51;O14:-0.89,-0.71,s28;O15:-2.33,-0.71,s23;O16:-2.33,0.73,s2;O17:-0.71,-0.71,s2",RUNNING,UNKNOWN_MAP_SLAM_AVOIDANCE,unknown_map;frontier_targets;static_unknown_obstacles;dynamic_wandering_robot;costmap;slam_path_planning;obstacle_avoidance,P2_Wanderer,dynamic_wandering_robot,65.39961,65.39961,-0.25942,1.11646,1,0,0,10,6,32,17,1381,17,1381,-0.25942,1.11646,3.04086,-0.25942,1.11646,3.04086
41.3,PID,HECTOR_GRID_MATCHING,HECTOR_SCAN_MATCHING_GRID,landmarks,task3,WAIT_B1_WS2_REQUEST_T2,WAIT_B1,DIRECT,T2,TRANSIT_TO_WS2,-1.46622,-0.93998,-1.67697,-1.459,-0.936,-1.672,0.00841,0.0447,0.08717,-1.6,-1.0,-1.0,0.0,88.36851,NORMAL,2,0,0,0,17,1381,17,17,70,1381,0.21344,0.91684,0,0,-1.46,-1.52,0,0,0.0,0.0,12.85213,"O1:-2.33,-0.53,s151;O2:-2.33,0.19,s149;O3:-2.33,0.01,s137;O4:-2.33,-0.17,s135;O5:-0.89,-1.25,s127;O6:-2.33,-0.35,s109;O7:-0.89,-0.89,s99;O8:-0.71,-1.25,s93;O9:-0.53,-1.25,s80;O10:-2.33,0.55,s75;O11:-2.33,0.37,s60;O12:-0.89,-1.07,s59;O13:-0.53,-0.89,s51;O14:-0.89,-0.71,s28;O15:-2.33,-0.71,s23;O16:-2.33,0.73,s2;O17:-0.71,-0.71,s2","O1:-2.33,-0.53,s151;O2:-2.33,0.19,s149;O3:-2.33,0.01,s137;O4:-2.33,-0.17,s135;O5:-0.89,-1.25,s127;O6:-2.33,-0.35,s109;O7:-0.89,-0.89,s99;O8:-0.71,-1.25,s93;O9:-0.53,-1.25,s80;O10:-2.33,0.55,s75;O11:-2.33,0.37,s60;O12:-0.89,-1.07,s59;O13:-0.53,-0.89,s51;O14:-0.89,-0.71,s28;O15:-2.33,-0.71,s23;O16:-2.33,0.73,s2;O17:-0.71,-0.71,s2",RUNNING,UNKNOWN_MAP_SLAM_AVOIDANCE,unknown_map;frontier_targets;static_unknown_obstacles;dynamic_wandering_robot;costmap;slam_path_planning;obstacle_avoidance,P2_Wanderer,dynamic_wandering_robot,65.39961,65.39961,-0.28927,1.11948,1,0,0,10,6,32,17,1381,17,1381,-0.28927,1.11948,3.04086,-0.28927,1.11948,3.04086
41.45,PID,HECTOR_GRID_MATCHING,HECTOR_SCAN_MATCHING_GRID,landmarks,task3,WAIT_B1_WS2_REQUEST_T2,WAIT_B1,DIRECT,T2,TRANSIT_TO_WS2,-1.46622,-0.93995,-1.67698,-1.452,-0.938,-1.671,0.01491,0.0447,0.14117,-1.6,-1.0,-1.0,0.0,88.36476,NORMAL,2,0,0,0,17,1381,17,17,70,1381,0.21344,0.91684,0,0,-1.46,-1.52,0,0,0.0,0.0,12.85213,"O1:-2.33,-0.53,s151;O2:-2.33,0.19,s149;O3:-2.33,0.01,s137;O4:-2.33,-0.17,s135;O5:-0.89,-1.25,s127;O6:-2.33,-0.35,s109;O7:-0.89,-0.89,s99;O8:-0.71,-1.25,s93;O9:-0.53,-1.25,s80;O10:-2.33,0.55,s75;O11:-2.33,0.37,s60;O12:-0.89,-1.07,s59;O13:-0.53,-0.89,s51;O14:-0.89,-0.71,s28;O15:-2.33,-0.71,s23;O16:-2.33,0.73,s2;O17:-0.71,-0.71,s2","O1:-2.33,-0.53,s151;O2:-2.33,0.19,s149;O3:-2.33,0.01,s137;O4:-2.33,-0.17,s135;O5:-0.89,-1.25,s127;O6:-2.33,-0.35,s109;O7:-0.89,-0.89,s99;O8:-0.71,-1.25,s93;O9:-0.53,-1.25,s80;O10:-2.33,0.55,s75;O11:-2.33,0.37,s60;O12:-0.89,-1.07,s59;O13:-0.53,-0.89,s51;O14:-0.89,-0.71,s28;O15:-2.33,-0.71,s23;O16:-2.33,0.73,s2;O17:-0.71,-0.71,s2",RUNNING,UNKNOWN_MAP_SLAM_AVOIDANCE,unknown_map;frontier_targets;static_unknown_obstacles;dynamic_wandering_robot;costmap;slam_path_planning;obstacle_avoidance,P2_Wanderer,dynamic_wandering_robot,65.39961,65.39961,-0.31912,1.12249,1,0,0,10,6,32,17,1381,17,1381,-0.31912,1.12249,3.04086,-0.31912,1.12249,3.04086
41.6,PID,HECTOR_GRID_MATCHING,HECTOR_SCAN_MATCHING_GRID,landmarks,task3,WAIT_B1_WS2_REQUEST_T2,WAIT_B1,DIRECT,T2,TRANSIT_TO_WS2,-1.46623,-0.93992,-1.677,-1.458,-0.943,-1.672,0.0091,0.0447,0.19517,-1.6,-1.0,-1.0,0.0,88.36101,NORMAL,2,0,0,0,17,1381,17,17,70,1381,0.21344,0.91684,0,0,-1.46,-1.52,0,0,0.0,0.0,12.85213,"O1:-2.33,-0.53,s151;O2:-2.33,0.19,s149;O3:-2.33,0.01,s137;O4:-2.33,-0.17,s135;O5:-0.89,-1.25,s127;O6:-2.33,-0.35,s109;O7:-0.89,-0.89,s99;O8:-0.71,-1.25,s93;O9:-0.53,-1.25,s80;O10:-2.33,0.55,s75;O11:-2.33,0.37,s60;O12:-0.89,-1.07,s59;O13:-0.53,-0.89,s51;O14:-0.89,-0.71,s28;O15:-2.33,-0.71,s23;O16:-2.33,0.73,s2;O17:-0.71,-0.71,s2","O1:-2.33,-0.53,s151;O2:-2.33,0.19,s149;O3:-2.33,0.01,s137;O4:-2.33,-0.17,s135;O5:-0.89,-1.25,s127;O6:-2.33,-0.35,s109;O7:-0.89,-0.89,s99;O8:-0.71,-1.25,s93;O9:-0.53,-1.25,s80;O10:-2.33,0.55,s75;O11:-2.33,0.37,s60;O12:-0.89,-1.07,s59;O13:-0.53,-0.89,s51;O14:-0.89,-0.71,s28;O15:-2.33,-0.71,s23;O16:-2.33,0.73,s2;O17:-0.71,-0.71,s2",RUNNING,UNKNOWN_MAP_SLAM_AVOIDANCE,unknown_map;frontier_targets;static_unknown_obstacles;dynamic_wandering_robot;costmap;slam_path_planning;obstacle_avoidance,P2_Wanderer,dynamic_wandering_robot,65.39961,65.39961,-0.34897,1.12551,1,0,0,10,6,32,17,1381,17,1381,-0.34897,1.12551,3.04086,-0.34897,1.12551,3.04086
41.75,PID,HECTOR_GRID_MATCHING,HECTOR_SCAN_MATCHING_GRID,landmarks,task3,WAIT_B1_WS2_REQUEST_T2,WAIT_B1,DIRECT,T2,TRANSIT_TO_WS2,-1.46623,-0.93989,-1.67701,-1.458,-0.949,-1.67,0.01235,0.0447,0.24917,-1.6,-1.0,-1.0,0.0,88.35726,NORMAL,2,0,0,0,17,1381,17,17,70,1381,0.21344,0.91684,0,0,-1.46,-1.52,0,0,0.0,0.0,12.85213,"O1:-2.33,-0.53,s151;O2:-2.33,0.19,s149;O3:-2.33,0.01,s137;O4:-2.33,-0.17,s135;O5:-0.89,-1.25,s127;O6:-2.33,-0.35,s109;O7:-0.89,-0.89,s99;O8:-0.71,-1.25,s93;O9:-0.53,-1.25,s80;O10:-2.33,0.55,s75;O11:-2.33,0.37,s60;O12:-0.89,-1.07,s59;O13:-0.53,-0.89,s51;O14:-0.89,-0.71,s28;O15:-2.33,-0.71,s23;O16:-2.33,0.73,s2;O17:-0.71,-0.71,s2","O1:-2.33,-0.53,s151;O2:-2.33,0.19,s149;O3:-2.33,0.01,s137;O4:-2.33,-0.17,s135;O5:-0.89,-1.25,s127;O6:-2.33,-0.35,s109;O7:-0.89,-0.89,s99;O8:-0.71,-1.25,s93;O9:-0.53,-1.25,s80;O10:-2.33,0.55,s75;O11:-2.33,0.37,s60;O12:-0.89,-1.07,s59;O13:-0.53,-0.89,s51;O14:-0.89,-0.71,s28;O15:-2.33,-0.71,s23;O16:-2.33,0.73,s2;O17:-0.71,-0.71,s2",RUNNING,UNKNOWN_MAP_SLAM_AVOIDANCE,unknown_map;frontier_targets;static_unknown_obstacles;dynamic_wandering_robot;costmap;slam_path_planning;obstacle_avoidance,P2_Wanderer,dynamic_wandering_robot,65.39961,65.39961,-0.37882,1.12853,1,0,0,10,6,32,17,1381,17,1381,-0.37882,1.12853,3.04086,-0.37882,1.12853,3.04086
41.9,PID,HECTOR_GRID_MATCHING,HECTOR_SCAN_MATCHING_GRID,landmarks,task3,WAIT_B1_WS2_REQUEST_T2,WAIT_B1,DIRECT,T2,TRANSIT_TO_WS2,-1.46624,-0.93986,-1.67703,-1.468,-0.956,-1.674,0.01639,0.0447,0.30317,-1.6,-1.0,-1.0,0.0,88.35351,NORMAL,2,0,0,0,17,1381,17,17,70,1381,0.21344,0.91684,0,0,-1.46,-1.52,0,0,0.0,0.0,12.85213,"O1:-2.33,-0.53,s151;O2:-2.33,0.19,s149;O3:-2.33,0.01,s137;O4:-2.33,-0.17,s135;O5:-0.89,-1.25,s127;O6:-2.33,-0.35,s109;O7:-0.89,-0.89,s99;O8:-0.71,-1.25,s93;O9:-0.53,-1.25,s80;O10:-2.33,0.55,s75;O11:-2.33,0.37,s60;O12:-0.89,-1.07,s59;O13:-0.53,-0.89,s51;O14:-0.89,-0.71,s28;O15:-2.33,-0.71,s23;O16:-2.33,0.73,s2;O17:-0.71,-0.71,s2","O1:-2.33,-0.53,s151;O2:-2.33,0.19,s149;O3:-2.33,0.01,s137;O4:-2.33,-0.17,s135;O5:-0.89,-1.25,s127;O6:-2.33,-0.35,s109;O7:-0.89,-0.89,s99;O8:-0.71,-1.25,s93;O9:-0.53,-1.25,s80;O10:-2.33,0.55,s75;O11:-2.33,0.37,s60;O12:-0.89,-1.07,s59;O13:-0.53,-0.89,s51;O14:-0.89,-0.71,s28;O15:-2.33,-0.71,s23;O16:-2.33,0.73,s2;O17:-0.71,-0.71,s2",RUNNING,UNKNOWN_MAP_SLAM_AVOIDANCE,unknown_map;frontier_targets;static_unknown_obstacles;dynamic_wandering_robot;costmap;slam_path_planning;obstacle_avoidance,P2_Wanderer,dynamic_wandering_robot,65.39961,65.39961,-0.40866,1.13154,1,0,0,10,6,32,17,1381,17,1381,-0.40866,1.13154,3.04086,-0.40866,1.13154,3.04086
42.05,PID,HECTOR_GRID_MATCHING,HECTOR_SCAN_MATCHING_GRID,landmarks,task3,WAIT_B1_WS2_REQUEST_T2,WAIT_B1,DIRECT,T2,TRANSIT_TO_WS2,-1.46624,-0.93983,-1.67704,-1.462,-0.942,-1.679,0.00497,0.0447,0.35717,-1.6,-1.0,-1.0,0.0,88.34976,NORMAL,2,0,0,0,17,1381,17,17,70,1381,0.21344,0.91684,0,0,-1.46,-1.52,0,0,0.0,0.0,12.85213,"O1:-2.33,-0.53,s151;O2:-2.33,0.19,s149;O3:-2.33,0.01,s137;O4:-2.33,-0.17,s135;O5:-0.89,-1.25,s127;O6:-2.33,-0.35,s109;O7:-0.89,-0.89,s99;O8:-0.71,-1.25,s93;O9:-0.53,-1.25,s80;O10:-2.33,0.55,s75;O11:-2.33,0.37,s60;O12:-0.89,-1.07,s59;O13:-0.53,-0.89,s51;O14:-0.89,-0.71,s28;O15:-2.33,-0.71,s23;O16:-2.33,0.73,s2;O17:-0.71,-0.71,s2","O1:-2.33,-0.53,s151;O2:-2.33,0.19,s149;O3:-2.33,0.01,s137;O4:-2.33,-0.17,s135;O5:-0.89,-1.25,s127;O6:-2.33,-0.35,s109;O7:-0.89,-0.89,s99;O8:-0.71,-1.25,s93;O9:-0.53,-1.25,s80;O10:-2.33,0.55,s75;O11:-2.33,0.37,s60;O12:-0.89,-1.07,s59;O13:-0.53,-0.89,s51;O14:-0.89,-0.71,s28;O15:-2.33,-0.71,s23;O16:-2.33,0.73,s2;O17:-0.71,-0.71,s2",RUNNING,UNKNOWN_MAP_SLAM_AVOIDANCE,unknown_map;frontier_targets;static_unknown_obstacles;dynamic_wandering_robot;costmap;slam_path_planning;obstacle_avoidance,P2_Wanderer,dynamic_wandering_robot,65.39961,65.39961,-0.43851,1.13456,1,0,0,10,6,32,17,1381,17,1381,-0.43851,1.13456,3.04086,-0.43851,1.13456,3.04086
42.2,PID,HECTOR_GRID_MATCHING,HECTOR_SCAN_MATCHING_GRID,landmarks,task3,WAIT_B1_WS2_REQUEST_T2,WAIT_B1,DIRECT,T2,TRANSIT_TO_WS2,-1.46625,-0.9398,-1.67705,-1.458,-0.941,-1.676,0.00848,0.0447,0.41117,-1.6,-1.0,-1.0,0.0,88.34601,NORMAL,2,0,0,0,17,1381,17,17,70,1381,0.21344,0.91684,0,0,-1.46,-1.52,0,0,0.0,0.0,12.85213,"O1:-2.33,-0.53,s151;O2:-2.33,0.19,s149;O3:-2.33,0.01,s137;O4:-2.33,-0.17,s135;O5:-0.89,-1.25,s127;O6:-2.33,-0.35,s109;O7:-0.89,-0.89,s99;O8:-0.71,-1.25,s93;O9:-0.53,-1.25,s80;O10:-2.33,0.55,s75;O11:-2.33,0.37,s60;O12:-0.89,-1.07,s59;O13:-0.53,-0.89,s51;O14:-0.89,-0.71,s28;O15:-2.33,-0.71,s23;O16:-2.33,0.73,s2;O17:-0.71,-0.71,s2","O1:-2.33,-0.53,s151;O2:-2.33,0.19,s149;O3:-2.33,0.01,s137;O4:-2.33,-0.17,s135;O5:-0.89,-1.25,s127;O6:-2.33,-0.35,s109;O7:-0.89,-0.89,s99;O8:-0.71,-1.25,s93;O9:-0.53,-1.25,s80;O10:-2.33,0.55,s75;O11:-2.33,0.37,s60;O12:-0.89,-1.07,s59;O13:-0.53,-0.89,s51;O14:-0.89,-0.71,s28;O15:-2.33,-0.71,s23;O16:-2.33,0.73,s2;O17:-0.71,-0.71,s2",RUNNING,UNKNOWN_MAP_SLAM_AVOIDANCE,unknown_map;frontier_targets;static_unknown_obstacles;dynamic_wandering_robot;costmap;slam_path_planning;obstacle_avoidance,P2_Wanderer,dynamic_wandering_robot,65.39961,65.39961,-0.46836,1.13758,1,0,0,10,6,32,17,1381,17,1381,-0.46836,1.13758,3.04086,-0.46836,1.13758,3.04086
42.35,PID,HECTOR_GRID_MATCHING,HECTOR_SCAN_MATCHING_GRID,landmarks,task3,WAIT_B1_WS2_REQUEST_T2,WAIT_B1,DIRECT,T2,TRANSIT_TO_WS2,-1.46625,-0.93977,-1.67707,-1.465,-0.948,-1.678,0.00804,0.0447,0.46517,-1.6,-1.0,-1.0,0.0,88.34226,NORMAL,2,0,0,0,17,1381,17,17,70,1381,0.21344,0.91684,0,0,-1.46,-1.52,0,0,0.0,0.0,12.85213,"O1:-2.33,-0.53,s151;O2:-2.33,0.19,s149;O3:-2.33,0.01,s137;O4:-2.33,-0.17,s135;O5:-0.89,-1.25,s127;O6:-2.33,-0.35,s109;O7:-0.89,-0.89,s99;O8:-0.71,-1.25,s93;O9:-0.53,-1.25,s80;O10:-2.33,0.55,s75;O11:-2.33,0.37,s60;O12:-0.89,-1.07,s59;O13:-0.53,-0.89,s51;O14:-0.89,-0.71,s28;O15:-2.33,-0.71,s23;O16:-2.33,0.73,s2;O17:-0.71,-0.71,s2","O1:-2.33,-0.53,s151;O2:-2.33,0.19,s149;O3:-2.33,0.01,s137;O4:-2.33,-0.17,s135;O5:-0.89,-1.25,s127;O6:-2.33,-0.35,s109;O7:-0.89,-0.89,s99;O8:-0.71,-1.25,s93;O9:-0.53,-1.25,s80;O10:-2.33,0.55,s75;O11:-2.33,0.37,s60;O12:-0.89,-1.07,s59;O13:-0.53,-0.89,s51;O14:-0.89,-0.71,s28;O15:-2.33,-0.71,s23;O16:-2.33,0.73,s2;O17:-0.71,-0.71,s2",RUNNING,UNKNOWN_MAP_SLAM_AVOIDANCE,unknown_map;frontier_targets;static_unknown_obstacles;dynamic_wandering_robot;costmap;slam_path_planning;obstacle_avoidance,P2_Wanderer,dynamic_wandering_robot,65.39961,65.39961,-0.49821,1.14059,1,0,0,10,6,32,17,1381,17,1381,-0.49821,1.14059,3.04086,-0.49821,1.14059,3.04086
42.5,PID,HECTOR_GRID_MATCHING,HECTOR_SCAN_MATCHING_GRID,landmarks,task3,WAIT_B1_WS2_REQUEST_T2,WAIT_B1,DIRECT,T2,TRANSIT_TO_WS2,-1.46626,-0.93974,-1.67708,-1.463,-0.937,-1.68,0.00459,0.0447,0.51917,-1.6,-1.0,-1.0,0.0,88.33851,NORMAL,2,0,0,0,17,1381,17,17,70,1381,0.21344,0.91684,0,0,-1.46,-1.52,0,0,0.0,0.0,12.85213,"O1:-2.33,-0.53,s151;O2:-2.33,0.19,s149;O3:-2.33,0.01,s137;O4:-2.33,-0.17,s135;O5:-0.89,-1.25,s127;O6:-2.33,-0.35,s109;O7:-0.89,-0.89,s99;O8:-0.71,-1.25,s93;O9:-0.53,-1.25,s80;O10:-2.33,0.55,s75;O11:-2.33,0.37,s60;O12:-0.89,-1.07,s59;O13:-0.53,-0.89,s51;O14:-0.89,-0.71,s28;O15:-2.33,-0.71,s23;O16:-2.33,0.73,s2;O17:-0.71,-0.71,s2","O1:-2.33,-0.53,s151;O2:-2.33,0.19,s149;O3:-2.33,0.01,s137;O4:-2.33,-0.17,s135;O5:-0.89,-1.25,s127;O6:-2.33,-0.35,s109;O7:-0.89,-0.89,s99;O8:-0.71,-1.25,s93;O9:-0.53,-1.25,s80;O10:-2.33,0.55,s75;O11:-2.33,0.37,s60;O12:-0.89,-1.07,s59;O13:-0.53,-0.89,s51;O14:-0.89,-0.71,s28;O15:-2.33,-0.71,s23;O16:-2.33,0.73,s2;O17:-0.71,-0.71,s2",RUNNING,UNKNOWN_MAP_SLAM_AVOIDANCE,unknown_map;frontier_targets;static_unknown_obstacles;dynamic_wandering_robot;costmap;slam_path_planning;obstacle_avoidance,P2_Wanderer,dynamic_wandering_robot,65.39961,65.39961,-0.52805,1.14361,1,0,0,10,6,32,17,1381,17,1381,-0.52805,1.14361,3.04086,-0.52805,1.14361,3.04086
42.65,PID,HECTOR_GRID_MATCHING,HECTOR_SCAN_MATCHING_GRID,landmarks,task3,WAIT_B1_WS2_REQUEST_T2,WAIT_B1,DIRECT,T2,TRANSIT_TO_WS2,-1.46626,-0.93971,-1.6771,-1.444,-0.937,-1.674,0.02209,0.0447,0.57317,-1.6,-1.0,-1.0,0.0,88.33476,NORMAL,2,0,0,0,17,1381,17,17,70,1381,0.21344,0.91684,0,0,-1.46,-1.52,0,0,0.0,0.0,12.85213,"O1:-2.33,-0.53,s151;O2:-2.33,0.19,s149;O3:-2.33,0.01,s137;O4:-2.33,-0.17,s135;O5:-0.89,-1.25,s127;O6:-2.33,-0.35,s109;O7:-0.89,-0.89,s99;O8:-0.71,-1.25,s93;O9:-0.53,-1.25,s80;O10:-2.33,0.55,s75;O11:-2.33,0.37,s60;O12:-0.89,-1.07,s59;O13:-0.53,-0.89,s51;O14:-0.89,-0.71,s28;O15:-2.33,-0.71,s23;O16:-2.33,0.73,s2;O17:-0.71,-0.71,s2","O1:-2.33,-0.53,s151;O2:-2.33,0.19,s149;O3:-2.33,0.01,s137;O4:-2.33,-0.17,s135;O5:-0.89,-1.25,s127;O6:-2.33,-0.35,s109;O7:-0.89,-0.89,s99;O8:-0.71,-1.25,s93;O9:-0.53,-1.25,s80;O10:-2.33,0.55,s75;O11:-2.33,0.37,s60;O12:-0.89,-1.07,s59;O13:-0.53,-0.89,s51;O14:-0.89,-0.71,s28;O15:-2.33,-0.71,s23;O16:-2.33,0.73,s2;O17:-0.71,-0.71,s2",RUNNING,UNKNOWN_MAP_SLAM_AVOIDANCE,unknown_map;frontier_targets;static_unknown_obstacles;dynamic_wandering_robot;costmap;slam_path_planning;obstacle_avoidance,P2_Wanderer,dynamic_wandering_robot,65.39961,65.39961,-0.5579,1.14663,1,0,0,10,6,32,17,1381,17,1381,-0.5579,1.14663,3.04086,-0.5579,1.14663,3.04086
42.8,PID,HECTOR_GRID_MATCHING,HECTOR_SCAN_MATCHING_GRID,landmarks,task3,WAIT_B1_WS2_REQUEST_T2,WAIT_B1,DIRECT,T2,TRANSIT_TO_WS2,-1.46627,-0.93968,-1.67711,-1.448,-0.942,-1.668,0.01873,0.0447,0.62717,-1.6,-1.0,-1.0,0.0,88.33101,NORMAL,2,0,0,0,17,1381,17,17,70,1381,0.21344,0.91684,0,0,-1.46,-1.52,0,0,0.0,0.0,12.85213,"O1:-2.33,-0.53,s151;O2:-2.33,0.19,s149;O3:-2.33,0.01,s137;O4:-2.33,-0.17,s135;O5:-0.89,-1.25,s127;O6:-2.33,-0.35,s109;O7:-0.89,-0.89,s99;O8:-0.71,-1.25,s93;O9:-0.53,-1.25,s80;O10:-2.33,0.55,s75;O11:-2.33,0.37,s60;O12:-0.89,-1.07,s59;O13:-0.53,-0.89,s51;O14:-0.89,-0.71,s28;O15:-2.33,-0.71,s23;O16:-2.33,0.73,s2;O17:-0.71,-0.71,s2","O1:-2.33,-0.53,s151;O2:-2.33,0.19,s149;O3:-2.33,0.01,s137;O4:-2.33,-0.17,s135;O5:-0.89,-1.25,s127;O6:-2.33,-0.35,s109;O7:-0.89,-0.89,s99;O8:-0.71,-1.25,s93;O9:-0.53,-1.25,s80;O10:-2.33,0.55,s75;O11:-2.33,0.37,s60;O12:-0.89,-1.07,s59;O13:-0.53,-0.89,s51;O14:-0.89,-0.71,s28;O15:-2.33,-0.71,s23;O16:-2.33,0.73,s2;O17:-0.71,-0.71,s2",RUNNING,UNKNOWN_MAP_SLAM_AVOIDANCE,unknown_map;frontier_targets;static_unknown_obstacles;dynamic_wandering_robot;costmap;slam_path_planning;obstacle_avoidance,P2_Wanderer,dynamic_wandering_robot,65.39961,65.39961,-0.58775,1.14964,1,0,0,10,6,32,17,1381,17,1381,-0.58775,1.14964,3.04086,-0.58775,1.14964,3.04086
42.95,PID,HECTOR_GRID_MATCHING,HECTOR_SCAN_MATCHING_GRID,landmarks,task3,WAIT_B1_WS2_REQUEST_T2,WAIT_B1,DIRECT,T2,TRANSIT_TO_WS2,-1.46627,-0.93965,-1.67712,-1.447,-0.94,-1.674,0.01935,0.0447,0.68117,-1.6,-1.0,-1.0,0.0,88.32726,NORMAL,2,0,0,0,17,1381,17,17,70,1381,0.21344,0.91684,0,0,-1.46,-1.52,0,0,0.0,0.0,12.85213,"O1:-2.33,-0.53,s151;O2:-2.33,0.19,s149;O3:-2.33,0.01,s137;O4:-2.33,-0.17,s135;O5:-0.89,-1.25,s127;O6:-2.33,-0.35,s109;O7:-0.89,-0.89,s99;O8:-0.71,-1.25,s93;O9:-0.53,-1.25,s80;O10:-2.33,0.55,s75;O11:-2.33,0.37,s60;O12:-0.89,-1.07,s59;O13:-0.53,-0.89,s51;O14:-0.89,-0.71,s28;O15:-2.33,-0.71,s23;O16:-2.33,0.73,s2;O17:-0.71,-0.71,s2","O1:-2.33,-0.53,s151;O2:-2.33,0.19,s149;O3:-2.33,0.01,s137;O4:-2.33,-0.17,s135;O5:-0.89,-1.25,s127;O6:-2.33,-0.35,s109;O7:-0.89,-0.89,s99;O8:-0.71,-1.25,s93;O9:-0.53,-1.25,s80;O10:-2.33,0.55,s75;O11:-2.33,0.37,s60;O12:-0.89,-1.07,s59;O13:-0.53,-0.89,s51;O14:-0.89,-0.71,s28;O15:-2.33,-0.71,s23;O16:-2.33,0.73,s2;O17:-0.71,-0.71,s2",RUNNING,UNKNOWN_MAP_SLAM_AVOIDANCE,unknown_map;frontier_targets;static_unknown_obstacles;dynamic_wandering_robot;costmap;slam_path_planning;obstacle_avoidance,P2_Wanderer,dynamic_wandering_robot,65.39961,65.39961,-0.6176,1.15266,1,0,0,10,6,32,17,1381,17,1381,-0.6176,1.15266,3.04086,-0.6176,1.15266,3.04086
43.1,PID,HECTOR_GRID_MATCHING,HECTOR_SCAN_MATCHING_GRID,landmarks,task3,WAIT_B1_WS2_REQUEST_T2,WAIT_B1,DIRECT,T2,TRANSIT_TO_WS2,-1.46628,-0.93962,-1.67713,-1.451,-0.948,-1.678,0.01752,0.0447,0.73517,-1.6,-1.0,-1.0,0.0,88.32351,NORMAL,2,0,0,0,17,1381,17,17,70,1381,0.21344,0.91684,0,0,-1.46,-1.52,0,0,0.0,0.0,12.85213,"O1:-2.33,-0.53,s151;O2:-2.33,0.19,s149;O3:-2.33,0.01,s137;O4:-2.33,-0.17,s135;O5:-0.89,-1.25,s127;O6:-2.33,-0.35,s109;O7:-0.89,-0.89,s99;O8:-0.71,-1.25,s93;O9:-0.53,-1.25,s80;O10:-2.33,0.55,s75;O11:-2.33,0.37,s60;O12:-0.89,-1.07,s59;O13:-0.53,-0.89,s51;O14:-0.89,-0.71,s28;O15:-2.33,-0.71,s23;O16:-2.33,0.73,s2;O17:-0.71,-0.71,s2","O1:-2.33,-0.53,s151;O2:-2.33,0.19,s149;O3:-2.33,0.01,s137;O4:-2.33,-0.17,s135;O5:-0.89,-1.25,s127;O6:-2.33,-0.35,s109;O7:-0.89,-0.89,s99;O8:-0.71,-1.25,s93;O9:-0.53,-1.25,s80;O10:-2.33,0.55,s75;O11:-2.33,0.37,s60;O12:-0.89,-1.07,s59;O13:-0.53,-0.89,s51;O14:-0.89,-0.71,s28;O15:-2.33,-0.71,s23;O16:-2.33,0.73,s2;O17:-0.71,-0.71,s2",RUNNING,UNKNOWN_MAP_SLAM_AVOIDANCE,unknown_map;frontier_targets;static_unknown_obstacles;dynamic_wandering_robot;costmap;slam_path_planning;obstacle_avoidance,P2_Wanderer,dynamic_wandering_robot,65.39961,65.39961,-0.64745,1.15568,1,0,0,10,6,32,17,1381,17,1381,-0.64745,1.15568,3.04086,-0.64745,1.15568,3.04086
43.25,PID,HECTOR_GRID_MATCHING,HECTOR_SCAN_MATCHING_GRID,landmarks,task3,WAIT_B1_WS2_REQUEST_T2,WAIT_B1,DIRECT,T2,TRANSIT_TO_WS2,-1.46628,-0.93959,-1.67714,-1.462,-0.95,-1.67,0.01086,0.0447,0.78917,-1.6,-1.0,-1.0,0.0,88.31976,NORMAL,2,0,0,0,17,1381,17,17,70,1381,0.21344,0.91684,0,0,-1.46,-1.52,0,0,0.0,0.0,12.85213,"O1:-2.33,-0.53,s151;O2:-2.33,0.19,s149;O3:-2.33,0.01,s137;O4:-2.33,-0.17,s135;O5:-0.89,-1.25,s127;O6:-2.33,-0.35,s109;O7:-0.89,-0.89,s99;O8:-0.71,-1.25,s93;O9:-0.53,-1.25,s80;O10:-2.33,0.55,s75;O11:-2.33,0.37,s60;O12:-0.89,-1.07,s59;O13:-0.53,-0.89,s51;O14:-0.89,-0.71,s28;O15:-2.33,-0.71,s23;O16:-2.33,0.73,s2;O17:-0.71,-0.71,s2","O1:-2.33,-0.53,s151;O2:-2.33,0.19,s149;O3:-2.33,0.01,s137;O4:-2.33,-0.17,s135;O5:-0.89,-1.25,s127;O6:-2.33,-0.35,s109;O7:-0.89,-0.89,s99;O8:-0.71,-1.25,s93;O9:-0.53,-1.25,s80;O10:-2.33,0.55,s75;O11:-2.33,0.37,s60;O12:-0.89,-1.07,s59;O13:-0.53,-0.89,s51;O14:-0.89,-0.71,s28;O15:-2.33,-0.71,s23;O16:-2.33,0.73,s2;O17:-0.71,-0.71,s2",RUNNING,UNKNOWN_MAP_SLAM_AVOIDANCE,unknown_map;frontier_targets;static_unknown_obstacles;dynamic_wandering_robot;costmap;slam_path_planning;obstacle_avoidance,P2_Wanderer,dynamic_wandering_robot,65.39961,65.39961,-0.67729,1.15869,1,0,0,10,6,32,17,1381,17,1381,-0.67729,1.15869,3.04086,-0.67729,1.15869,3.04086
43.4,PID,HECTOR_GRID_MATCHING,HECTOR_SCAN_MATCHING_GRID,landmarks,task3,WAIT_B1_WS2_REQUEST_T2,WAIT_B1,DIRECT,T2,TRANSIT_TO_WS2,-1.46629,-0.93956,-1.67715,-1.464,-0.947,-1.673,0.00743,0.0447,0.84156,-1.58426,-1.0,-1.0,0.0,88.31601,NORMAL,2,0,0,0,17,1381,17,17,70,1381,0.21344,0.91684,0,0,-1.46,-1.52,0,0,0.0,0.0,12.85213,"O1:-2.33,-0.53,s151;O2:-2.33,0.19,s149;O3:-2.33,0.01,s137;O4:-2.33,-0.17,s135;O5:-0.89,-1.25,s127;O6:-2.33,-0.35,s109;O7:-0.89,-0.89,s99;O8:-0.71,-1.25,s93;O9:-0.53,-1.25,s80;O10:-2.33,0.55,s75;O11:-2.33,0.37,s60;O12:-0.89,-1.07,s59;O13:-0.53,-0.89,s51;O14:-0.89,-0.71,s28;O15:-2.33,-0.71,s23;O16:-2.33,0.73,s2;O17:-0.71,-0.71,s2","O1:-2.33,-0.53,s151;O2:-2.33,0.19,s149;O3:-2.33,0.01,s137;O4:-2.33,-0.17,s135;O5:-0.89,-1.25,s127;O6:-2.33,-0.35,s109;O7:-0.89,-0.89,s99;O8:-0.71,-1.25,s93;O9:-0.53,-1.25,s80;O10:-2.33,0.55,s75;O11:-2.33,0.37,s60;O12:-0.89,-1.07,s59;O13:-0.53,-0.89,s51;O14:-0.89,-0.71,s28;O15:-2.33,-0.71,s23;O16:-2.33,0.73,s2;O17:-0.71,-0.71,s2",RUNNING,UNKNOWN_MAP_SLAM_AVOIDANCE,unknown_map;frontier_targets;static_unknown_obstacles;dynamic_wandering_robot;costmap;slam_path_planning;obstacle_avoidance,P2_Wanderer,dynamic_wandering_robot,65.39961,65.39961,-0.70714,1.16171,1,0,0,10,6,32,17,1381,17,1381,-0.70714,1.16171,3.04086,-0.70714,1.16171,3.04086
43.55,PID,HECTOR_GRID_MATCHING,HECTOR_SCAN_MATCHING_GRID,landmarks,task3,WAIT_B1_WS2_REQUEST_T2,WAIT_B1,DIRECT,T2,TRANSIT_TO_WS2,-1.46629,-0.93953,-1.67716,-1.468,-0.948,-1.676,0.00863,0.0447,0.89205,-1.56513,-1.0,-1.0,0.0,88.31226,NORMAL,2,0,0,0,17,1381,17,17,70,1381,0.21344,0.91684,0,0,-1.46,-1.52,0,0,0.0,0.0,12.85213,"O1:-2.33,-0.53,s151;O2:-2.33,0.19,s149;O3:-2.33,0.01,s137;O4:-2.33,-0.17,s135;O5:-0.89,-1.25,s127;O6:-2.33,-0.35,s109;O7:-0.89,-0.89,s99;O8:-0.71,-1.25,s93;O9:-0.53,-1.25,s80;O10:-2.33,0.55,s75;O11:-2.33,0.37,s60;O12:-0.89,-1.07,s59;O13:-0.53,-0.89,s51;O14:-0.89,-0.71,s28;O15:-2.33,-0.71,s23;O16:-2.33,0.73,s2;O17:-0.71,-0.71,s2","O1:-2.33,-0.53,s151;O2:-2.33,0.19,s149;O3:-2.33,0.01,s137;O4:-2.33,-0.17,s135;O5:-0.89,-1.25,s127;O6:-2.33,-0.35,s109;O7:-0.89,-0.89,s99;O8:-0.71,-1.25,s93;O9:-0.53,-1.25,s80;O10:-2.33,0.55,s75;O11:-2.33,0.37,s60;O12:-0.89,-1.07,s59;O13:-0.53,-0.89,s51;O14:-0.89,-0.71,s28;O15:-2.33,-0.71,s23;O16:-2.33,0.73,s2;O17:-0.71,-0.71,s2",RUNNING,UNKNOWN_MAP_SLAM_AVOIDANCE,unknown_map;frontier_targets;static_unknown_obstacles;dynamic_wandering_robot;costmap;slam_path_planning;obstacle_avoidance,P2_Wanderer,dynamic_wandering_robot,65.39961,65.39961,-0.73699,1.16473,1,0,0,10,6,32,17,1381,17,1381,-0.73699,1.16473,3.04086,-0.73699,1.16473,3.04086
43.7,PID,HECTOR_GRID_MATCHING,HECTOR_SCAN_MATCHING_GRID,landmarks,task3,WAIT_B1_WS2_REQUEST_T2,WAIT_B1,DIRECT,T2,TRANSIT_TO_WS2,-1.46629,-0.9395,-1.67717,-1.47,-0.946,-1.685,0.00731,0.0447,0.94255,-1.546,-1.0,-1.0,0.0,88.30851,NORMAL,2,0,0,0,17,1381,17,17,70,1381,0.21344,0.91684,0,0,-1.46,-1.52,0,0,0.0,0.0,12.85213,"O1:-2.33,-0.53,s151;O2:-2.33,0.19,s149;O3:-2.33,0.01,s137;O4:-2.33,-0.17,s135;O5:-0.89,-1.25,s127;O6:-2.33,-0.35,s109;O7:-0.89,-0.89,s99;O8:-0.71,-1.25,s93;O9:-0.53,-1.25,s80;O10:-2.33,0.55,s75;O11:-2.33,0.37,s60;O12:-0.89,-1.07,s59;O13:-0.53,-0.89,s51;O14:-0.89,-0.71,s28;O15:-2.33,-0.71,s23;O16:-2.33,0.73,s2;O17:-0.71,-0.71,s2","O1:-2.33,-0.53,s151;O2:-2.33,0.19,s149;O3:-2.33,0.01,s137;O4:-2.33,-0.17,s135;O5:-0.89,-1.25,s127;O6:-2.33,-0.35,s109;O7:-0.89,-0.89,s99;O8:-0.71,-1.25,s93;O9:-0.53,-1.25,s80;O10:-2.33,0.55,s75;O11:-2.33,0.37,s60;O12:-0.89,-1.07,s59;O13:-0.53,-0.89,s51;O14:-0.89,-0.71,s28;O15:-2.33,-0.71,s23;O16:-2.33,0.73,s2;O17:-0.71,-0.71,s2",RUNNING,UNKNOWN_MAP_SLAM_AVOIDANCE,unknown_map;frontier_targets;static_unknown_obstacles;dynamic_wandering_robot;costmap;slam_path_planning;obstacle_avoidance,P2_Wanderer,dynamic_wandering_robot,65.39961,65.39961,-0.76684,1.16774,1,0,0,10,6,32,17,1381,17,1381,-0.76684,1.16774,3.04086,-0.76684,1.16774,3.04086
43.85,PID,HECTOR_GRID_MATCHING,HECTOR_SCAN_MATCHING_GRID,landmarks,task3,WAIT_B1_WS2_REQUEST_T2,WAIT_B1,DIRECT,T2,TRANSIT_TO_WS2,-1.4663,-0.93947,-1.67718,-1.454,-0.953,-1.68,0.01785,0.0447,0.99305,-1.52687,-1.0,-1.0,0.0,88.30476,NORMAL,2,0,0,0,17,1381,17,17,70,1381,0.21344,0.91684,0,0,-1.46,-1.52,0,0,0.0,0.0,12.85213,"O1:-2.33,-0.53,s151;O2:-2.33,0.19,s149;O3:-2.33,0.01,s137;O4:-2.33,-0.17,s135;O5:-0.89,-1.25,s127;O6:-2.33,-0.35,s109;O7:-0.89,-0.89,s99;O8:-0.71,-1.25,s93;O9:-0.53,-1.25,s80;O10:-2.33,0.55,s75;O11:-2.33,0.37,s60;O12:-0.89,-1.07,s59;O13:-0.53,-0.89,s51;O14:-0.89,-0.71,s28;O15:-2.33,-0.71,s23;O16:-2.33,0.73,s2;O17:-0.71,-0.71,s2","O1:-2.33,-0.53,s151;O2:-2.33,0.19,s149;O3:-2.33,0.01,s137;O4:-2.33,-0.17,s135;O5:-0.89,-1.25,s127;O6:-2.33,-0.35,s109;O7:-0.89,-0.89,s99;O8:-0.71,-1.25,s93;O9:-0.53,-1.25,s80;O10:-2.33,0.55,s75;O11:-2.33,0.37,s60;O12:-0.89,-1.07,s59;O13:-0.53,-0.89,s51;O14:-0.89,-0.71,s28;O15:-2.33,-0.71,s23;O16:-2.33,0.73,s2;O17:-0.71,-0.71,s2",RUNNING,UNKNOWN_MAP_SLAM_AVOIDANCE,unknown_map;frontier_targets;static_unknown_obstacles;dynamic_wandering_robot;costmap;slam_path_planning;obstacle_avoidance,P2_Wanderer,dynamic_wandering_robot,65.39961,65.39961,-0.79669,1.17076,1,0,0,10,6,32,17,1381,17,1381,-0.79669,1.17076,3.04086,-0.79669,1.17076,3.04086
44.0,PID,HECTOR_GRID_MATCHING,HECTOR_SCAN_MATCHING_GRID,landmarks,task3,WAIT_B1_WS2_REQUEST_T2,WAIT_B1,DIRECT,T2,TRANSIT_TO_WS2,-1.4663,-0.93944,-1.67719,-1.46,-0.95,-1.681,0.01246,0.0447,1.04355,-1.50775,-1.0,-1.0,0.0,88.30101,NORMAL,2,0,0,0,17,1381,17,17,70,1381,0.21344,0.91684,0,0,-1.46,-1.52,0,0,0.0,0.0,12.85213,"O1:-2.33,-0.53,s151;O2:-2.33,0.19,s149;O3:-2.33,0.01,s137;O4:-2.33,-0.17,s135;O5:-0.89,-1.25,s127;O6:-2.33,-0.35,s109;O7:-0.89,-0.89,s99;O8:-0.71,-1.25,s93;O9:-0.53,-1.25,s80;O10:-2.33,0.55,s75;O11:-2.33,0.37,s60;O12:-0.89,-1.07,s59;O13:-0.53,-0.89,s51;O14:-0.89,-0.71,s28;O15:-2.33,-0.71,s23;O16:-2.33,0.73,s2;O17:-0.71,-0.71,s2","O1:-2.33,-0.53,s151;O2:-2.33,0.19,s149;O3:-2.33,0.01,s137;O4:-2.33,-0.17,s135;O5:-0.89,-1.25,s127;O6:-2.33,-0.35,s109;O7:-0.89,-0.89,s99;O8:-0.71,-1.25,s93;O9:-0.53,-1.25,s80;O10:-2.33,0.55,s75;O11:-2.33,0.37,s60;O12:-0.89,-1.07,s59;O13:-0.53,-0.89,s51;O14:-0.89,-0.71,s28;O15:-2.33,-0.71,s23;O16:-2.33,0.73,s2;O17:-0.71,-0.71,s2",RUNNING,UNKNOWN_MAP_SLAM_AVOIDANCE,unknown_map;frontier_targets;static_unknown_obstacles;dynamic_wandering_robot;costmap;slam_path_planning;obstacle_avoidance,P2_Wanderer,dynamic_wandering_robot,65.39961,65.39961,-0.82653,1.17378,1,0,0,10,6,32,17,1381,17,1381,-0.82653,1.17378,3.04086,-0.82653,1.17378,3.04086
44.15,PID,HECTOR_GRID_MATCHING,HECTOR_SCAN_MATCHING_GRID,landmarks,task3,WAIT_B1_WS2_REQUEST_T2,WAIT_B1,DIRECT,T2,TRANSIT_TO_WS2,-1.46631,-0.93941,-1.67719,-1.473,-0.936,-1.676,0.00701,0.0447,1.09405,-1.48862,-1.0,-1.0,0.0,88.29726,NORMAL,2,0,0,0,17,1381,17,17,70,1381,0.21344,0.91684,0,0,-1.46,-1.52,0,0,0.0,0.0,12.85213,"O1:-2.33,-0.53,s151;O2:-2.33,0.19,s149;O3:-2.33,0.01,s137;O4:-2.33,-0.17,s135;O5:-0.89,-1.25,s127;O6:-2.33,-0.35,s109;O7:-0.89,-0.89,s99;O8:-0.71,-1.25,s93;O9:-0.53,-1.25,s80;O10:-2.33,0.55,s75;O11:-2.33,0.37,s60;O12:-0.89,-1.07,s59;O13:-0.53,-0.89,s51;O14:-0.89,-0.71,s28;O15:-2.33,-0.71,s23;O16:-2.33,0.73,s2;O17:-0.71,-0.71,s2","O1:-2.33,-0.53,s151;O2:-2.33,0.19,s149;O3:-2.33,0.01,s137;O4:-2.33,-0.17,s135;O5:-0.89,-1.25,s127;O6:-2.33,-0.35,s109;O7:-0.89,-0.89,s99;O8:-0.71,-1.25,s93;O9:-0.53,-1.25,s80;O10:-2.33,0.55,s75;O11:-2.33,0.37,s60;O12:-0.89,-1.07,s59;O13:-0.53,-0.89,s51;O14:-0.89,-0.71,s28;O15:-2.33,-0.71,s23;O16:-2.33,0.73,s2;O17:-0.71,-0.71,s2",RUNNING,UNKNOWN_MAP_SLAM_AVOIDANCE,unknown_map;frontier_targets;static_unknown_obstacles;dynamic_wandering_robot;costmap;slam_path_planning;obstacle_avoidance,P2_Wanderer,dynamic_wandering_robot,65.39961,65.39961,-0.85638,1.1768,1,0,0,10,6,32,17,1381,17,1381,-0.85638,1.1768,3.04086,-0.85638,1.1768,3.04086
44.3,PID,HECTOR_GRID_MATCHING,HECTOR_SCAN_MATCHING_GRID,landmarks,task3,WAIT_B1_WS2_REQUEST_T2,WAIT_B1,DIRECT,T2,TRANSIT_TO_WS2,-1.46631,-0.93938,-1.6772,-1.485,-0.939,-1.678,0.01889,0.0447,1.14455,-1.46949,-1.0,-1.0,0.0,88.29351,NORMAL,2,0,0,0,17,1381,17,17,70,1381,0.21344,0.91684,0,0,-1.46,-1.52,0,0,0.0,0.0,12.85213,"O1:-2.33,-0.53,s151;O2:-2.33,0.19,s149;O3:-2.33,0.01,s137;O4:-2.33,-0.17,s135;O5:-0.89,-1.25,s127;O6:-2.33,-0.35,s109;O7:-0.89,-0.89,s99;O8:-0.71,-1.25,s93;O9:-0.53,-1.25,s80;O10:-2.33,0.55,s75;O11:-2.33,0.37,s60;O12:-0.89,-1.07,s59;O13:-0.53,-0.89,s51;O14:-0.89,-0.71,s28;O15:-2.33,-0.71,s23;O16:-2.33,0.73,s2;O17:-0.71,-0.71,s2","O1:-2.33,-0.53,s151;O2:-2.33,0.19,s149;O3:-2.33,0.01,s137;O4:-2.33,-0.17,s135;O5:-0.89,-1.25,s127;O6:-2.33,-0.35,s109;O7:-0.89,-0.89,s99;O8:-0.71,-1.25,s93;O9:-0.53,-1.25,s80;O10:-2.33,0.55,s75;O11:-2.33,0.37,s60;O12:-0.89,-1.07,s59;O13:-0.53,-0.89,s51;O14:-0.89,-0.71,s28;O15:-2.33,-0.71,s23;O16:-2.33,0.73,s2;O17:-0.71,-0.71,s2",RUNNING,UNKNOWN_MAP_SLAM_AVOIDANCE,unknown_map;frontier_targets;static_unknown_obstacles;dynamic_wandering_robot;costmap;slam_path_planning;obstacle_avoidance,P2_Wanderer,dynamic_wandering_robot,65.39961,65.39961,-0.88623,1.17981,1,0,0,10,6,32,17,1381,17,1381,-0.88623,1.17981,3.04086,-0.88623,1.17981,3.04086
44.45,PID,HECTOR_GRID_MATCHING,HECTOR_SCAN_MATCHING_GRID,landmarks,task3,WAIT_B1_WS2_REQUEST_T2,WAIT_B1,DIRECT,T2,TRANSIT_TO_WS2,-1.46632,-0.93935,-1.67721,-1.478,-0.955,-1.688,0.01958,0.0447,1.19505,-1.45036,-1.0,-1.0,0.0,88.28976,NORMAL,2,0,0,0,17,1381,17,17,70,1381,0.21344,0.91684,0,0,-1.46,-1.52,0,0,0.0,0.0,12.85213,"O1:-2.33,-0.53,s151;O2:-2.33,0.19,s149;O3:-2.33,0.01,s137;O4:-2.33,-0.17,s135;O5:-0.89,-1.25,s127;O6:-2.33,-0.35,s109;O7:-0.89,-0.89,s99;O8:-0.71,-1.25,s93;O9:-0.53,-1.25,s80;O10:-2.33,0.55,s75;O11:-2.33,0.37,s60;O12:-0.89,-1.07,s59;O13:-0.53,-0.89,s51;O14:-0.89,-0.71,s28;O15:-2.33,-0.71,s23;O16:-2.33,0.73,s2;O17:-0.71,-0.71,s2","O1:-2.33,-0.53,s151;O2:-2.33,0.19,s149;O3:-2.33,0.01,s137;O4:-2.33,-0.17,s135;O5:-0.89,-1.25,s127;O6:-2.33,-0.35,s109;O7:-0.89,-0.89,s99;O8:-0.71,-1.25,s93;O9:-0.53,-1.25,s80;O10:-2.33,0.55,s75;O11:-2.33,0.37,s60;O12:-0.89,-1.07,s59;O13:-0.53,-0.89,s51;O14:-0.89,-0.71,s28;O15:-2.33,-0.71,s23;O16:-2.33,0.73,s2;O17:-0.71,-0.71,s2",RUNNING,UNKNOWN_MAP_SLAM_AVOIDANCE,unknown_map;frontier_targets;static_unknown_obstacles;dynamic_wandering_robot;costmap;slam_path_planning;obstacle_avoidance,P2_Wanderer,dynamic_wandering_robot,65.39961,65.39961,-0.91608,1.18283,1,0,0,10,6,32,17,1381,17,1381,-0.91608,1.18283,3.04086,-0.91608,1.18283,3.04086
44.6,PID,HECTOR_GRID_MATCHING,HECTOR_SCAN_MATCHING_GRID,landmarks,task3,WAIT_B1_WS2_REQUEST_T2,WAIT_B1,DIRECT,T2,TRANSIT_TO_WS2,-1.46632,-0.93932,-1.67721,-1.484,-0.961,-1.685,0.02823,0.0447,1.24554,-1.43123,-1.0,-1.0,0.0,88.28601,NORMAL,2,0,0,0,17,1381,17,17,70,1381,0.21344,0.91684,0,0,-1.46,-1.52,0,0,0.0,0.0,12.85213,"O1:-2.33,-0.53,s151;O2:-2.33,0.19,s149;O3:-2.33,0.01,s137;O4:-2.33,-0.17,s135;O5:-0.89,-1.25,s127;O6:-2.33,-0.35,s109;O7:-0.89,-0.89,s99;O8:-0.71,-1.25,s93;O9:-0.53,-1.25,s80;O10:-2.33,0.55,s75;O11:-2.33,0.37,s60;O12:-0.89,-1.07,s59;O13:-0.53,-0.89,s51;O14:-0.89,-0.71,s28;O15:-2.33,-0.71,s23;O16:-2.33,0.73,s2;O17:-0.71,-0.71,s2","O1:-2.33,-0.53,s151;O2:-2.33,0.19,s149;O3:-2.33,0.01,s137;O4:-2.33,-0.17,s135;O5:-0.89,-1.25,s127;O6:-2.33,-0.35,s109;O7:-0.89,-0.89,s99;O8:-0.71,-1.25,s93;O9:-0.53,-1.25,s80;O10:-2.33,0.55,s75;O11:-2.33,0.37,s60;O12:-0.89,-1.07,s59;O13:-0.53,-0.89,s51;O14:-0.89,-0.71,s28;O15:-2.33,-0.71,s23;O16:-2.33,0.73,s2;O17:-0.71,-0.71,s2",RUNNING,UNKNOWN_MAP_SLAM_AVOIDANCE,unknown_map;frontier_targets;static_unknown_obstacles;dynamic_wandering_robot;costmap;slam_path_planning;obstacle_avoidance,P2_Wanderer,dynamic_wandering_robot,65.39961,65.39961,-0.94593,1.18585,1,0,0,10,6,32,17,1381,17,1381,-0.94593,1.18585,3.04086,-0.94593,1.18585,3.04086
44.75,PID,HECTOR_GRID_MATCHING,HECTOR_SCAN_MATCHING_GRID,landmarks,task3,WAIT_B1_WS2_REQUEST_T2,WAIT_B1,DIRECT,T2,TRANSIT_TO_WS2,-1.46633,-0.93929,-1.67722,-1.482,-0.953,-1.68,0.02085,0.0447,1.29604,-1.4121,-1.0,-1.0,0.0,88.28226,NORMAL,2,0,0,0,17,1381,17,17,70,1381,0.21344,0.91684,0,0,-1.46,-1.52,0,0,0.0,0.0,12.85213,"O1:-2.33,-0.53,s151;O2:-2.33,0.19,s149;O3:-2.33,0.01,s137;O4:-2.33,-0.17,s135;O5:-0.89,-1.25,s127;O6:-2.33,-0.35,s109;O7:-0.89,-0.89,s99;O8:-0.71,-1.25,s93;O9:-0.53,-1.25,s80;O10:-2.33,0.55,s75;O11:-2.33,0.37,s60;O12:-0.89,-1.07,s59;O13:-0.53,-0.89,s51;O14:-0.89,-0.71,s28;O15:-2.33,-0.71,s23;O16:-2.33,0.73,s2;O17:-0.71,-0.71,s2","O1:-2.33,-0.53,s151;O2:-2.33,0.19,s149;O3:-2.33,0.01,s137;O4:-2.33,-0.17,s135;O5:-0.89,-1.25,s127;O6:-2.33,-0.35,s109;O7:-0.89,-0.89,s99;O8:-0.71,-1.25,s93;O9:-0.53,-1.25,s80;O10:-2.33,0.55,s75;O11:-2.33,0.37,s60;O12:-0.89,-1.07,s59;O13:-0.53,-0.89,s51;O14:-0.89,-0.71,s28;O15:-2.33,-0.71,s23;O16:-2.33,0.73,s2;O17:-0.71,-0.71,s2",RUNNING,UNKNOWN_MAP_SLAM_AVOIDANCE,unknown_map;frontier_targets;static_unknown_obstacles;dynamic_wandering_robot;costmap;slam_path_planning;obstacle_avoidance,P2_Wanderer,dynamic_wandering_robot,65.39961,65.39961,-0.97577,1.18886,1,0,0,10,6,32,17,1381,17,1381,-0.97577,1.18886,3.04086,-0.97577,1.18886,3.04086
44.9,PID,HECTOR_GRID_MATCHING,HECTOR_SCAN_MATCHING_GRID,landmarks,task3,WAIT_B1_WS2_REQUEST_T2,WAIT_B1,DIRECT,T2,TRANSIT_TO_WS2,-1.46633,-0.93926,-1.67723,-1.482,-0.94,-1.671,0.01598,0.0447,1.34654,-1.39298,-1.0,-1.0,0.0,88.27851,NORMAL,2,0,0,0,17,1381,17,17,70,1381,0.21344,0.91684,0,0,-1.46,-1.52,0,0,0.0,0.0,12.85213,"O1:-2.33,-0.53,s151;O2:-2.33,0.19,s149;O3:-2.33,0.01,s137;O4:-2.33,-0.17,s135;O5:-0.89,-1.25,s127;O6:-2.33,-0.35,s109;O7:-0.89,-0.89,s99;O8:-0.71,-1.25,s93;O9:-0.53,-1.25,s80;O10:-2.33,0.55,s75;O11:-2.33,0.37,s60;O12:-0.89,-1.07,s59;O13:-0.53,-0.89,s51;O14:-0.89,-0.71,s28;O15:-2.33,-0.71,s23;O16:-2.33,0.73,s2;O17:-0.71,-0.71,s2","O1:-2.33,-0.53,s151;O2:-2.33,0.19,s149;O3:-2.33,0.01,s137;O4:-2.33,-0.17,s135;O5:-0.89,-1.25,s127;O6:-2.33,-0.35,s109;O7:-0.89,-0.89,s99;O8:-0.71,-1.25,s93;O9:-0.53,-1.25,s80;O10:-2.33,0.55,s75;O11:-2.33,0.37,s60;O12:-0.89,-1.07,s59;O13:-0.53,-0.89,s51;O14:-0.89,-0.71,s28;O15:-2.33,-0.71,s23;O16:-2.33,0.73,s2;O17:-0.71,-0.71,s2",RUNNING,UNKNOWN_MAP_SLAM_AVOIDANCE,unknown_map;frontier_targets;static_unknown_obstacles;dynamic_wandering_robot;costmap;slam_path_planning;obstacle_avoidance,P2_Wanderer,dynamic_wandering_robot,65.39961,65.39961,-0.9892,1.18325,1,0,0,10,6,32,17,1381,17,1381,-0.9892,1.18325,-0.86638,-0.9892,1.18325,-0.86638
45.05,PID,HECTOR_GRID_MATCHING,HECTOR_SCAN_MATCHING_GRID,landmarks,task3,WAIT_B1_WS2_REQUEST_T2,WAIT_B1,DIRECT,T2,TRANSIT_TO_WS2,-1.46634,-0.93923,-1.67723,-1.479,-0.945,-1.682,0.01358,0.0447,1.39704,-1.37385,-1.0,-1.0,0.0,88.27476,NORMAL,2,0,0,0,17,1381,17,17,70,1381,0.21344,0.91684,0,0,-1.46,-1.52,0,0,0.0,0.0,12.85213,"O1:-2.33,-0.53,s151;O2:-2.33,0.19,s149;O3:-2.33,0.01,s137;O4:-2.33,-0.17,s135;O5:-0.89,-1.25,s127;O6:-2.33,-0.35,s109;O7:-0.89,-0.89,s99;O8:-0.71,-1.25,s93;O9:-0.53,-1.25,s80;O10:-2.33,0.55,s75;O11:-2.33,0.37,s60;O12:-0.89,-1.07,s59;O13:-0.53,-0.89,s51;O14:-0.89,-0.71,s28;O15:-2.33,-0.71,s23;O16:-2.33,0.73,s2;O17:-0.71,-0.71,s2","O1:-2.33,-0.53,s151;O2:-2.33,0.19,s149;O3:-2.33,0.01,s137;O4:-2.33,-0.17,s135;O5:-0.89,-1.25,s127;O6:-2.33,-0.35,s109;O7:-0.89,-0.89,s99;O8:-0.71,-1.25,s93;O9:-0.53,-1.25,s80;O10:-2.33,0.55,s75;O11:-2.33,0.37,s60;O12:-0.89,-1.07,s59;O13:-0.53,-0.89,s51;O14:-0.89,-0.71,s28;O15:-2.33,-0.71,s23;O16:-2.33,0.73,s2;O17:-0.71,-0.71,s2",RUNNING,UNKNOWN_MAP_SLAM_AVOIDANCE,unknown_map;frontier_targets;static_unknown_obstacles;dynamic_wandering_robot;costmap;slam_path_planning;obstacle_avoidance,P2_Wanderer,dynamic_wandering_robot,65.39961,65.39961,-0.96977,1.16039,1,0,0,10,6,32,17,1381,17,1381,-0.96977,1.16039,-0.86638,-0.96977,1.16039,-0.86638
45.2,PID,HECTOR_GRID_MATCHING,HECTOR_SCAN_MATCHING_GRID,landmarks,task3,WAIT_B1_WS2_REQUEST_T2,WAIT_B1,DIRECT,T2,TRANSIT_TO_WS2,-1.46634,-0.9392,-1.67724,-1.475,-0.938,-1.685,0.00859,0.0447,1.44754,-1.35472,-1.0,-1.0,0.0,88.27101,NORMAL,2,0,0,0,17,1381,17,17,70,1381,0.21344,0.91684,0,0,-1.46,-1.52,0,0,0.0,0.0,12.85213,"O1:-2.33,-0.53,s151;O2:-2.33,0.19,s149;O3:-2.33,0.01,s137;O4:-2.33,-0.17,s135;O5:-0.89,-1.25,s127;O6:-2.33,-0.35,s109;O7:-0.89,-0.89,s99;O8:-0.71,-1.25,s93;O9:-0.53,-1.25,s80;O10:-2.33,0.55,s75;O11:-2.33,0.37,s60;O12:-0.89,-1.07,s59;O13:-0.53,-0.89,s51;O14:-0.89,-0.71,s28;O15:-2.33,-0.71,s23;O16:-2.33,0.73,s2;O17:-0.71,-0.71,s2","O1:-2.33,-0.53,s151;O2:-2.33,0.19,s149;O3:-2.33,0.01,s137;O4:-2.33,-0.17,s135;O5:-0.89,-1.25,s127;O6:-2.33,-0.35,s109;O7:-0.89,-0.89,s99;O8:-0.71,-1.25,s93;O9:-0.53,-1.25,s80;O10:-2.33,0.55,s75;O11:-2.33,0.37,s60;O12:-0.89,-1.07,s59;O13:-0.53,-0.89,s51;O14:-0.89,-0.71,s28;O15:-2.33,-0.71,s23;O16:-2.33,0.73,s2;O17:-0.71,-0.71,s2",RUNNING,UNKNOWN_MAP_SLAM_AVOIDANCE,unknown_map;frontier_targets;static_unknown_obstacles;dynamic_wandering_robot;costmap;slam_path_planning;obstacle_avoidance,P2_Wanderer,dynamic_wandering_robot,65.39961,65.39961,-0.95034,1.13753,1,0,0,10,6,32,17,1381,17,1381,-0.95034,1.13753,-0.86638,-0.95034,1.13753,-0.86638
45.35,PID,HECTOR_GRID_MATCHING,HECTOR_SCAN_MATCHING_GRID,landmarks,task3,WAIT_B1_WS2_REQUEST_T2,WAIT_B1,DIRECT,T2,TRANSIT_TO_WS2,-1.46635,-0.93917,-1.67725,-1.47,-0.936,-1.678,0.00511,0.0447,1.49804,-1.33559,-1.0,-1.0,0.0,88.26726,NORMAL,2,0,0,0,17,1381,17,17,70,1381,0.21344,0.91684,0,0,-1.46,-1.52,0,0,0.0,0.0,12.85213,"O1:-2.33,-0.53,s151;O2:-2.33,0.19,s149;O3:-2.33,0.01,s137;O4:-2.33,-0.17,s135;O5:-0.89,-1.25,s127;O6:-2.33,-0.35,s109;O7:-0.89,-0.89,s99;O8:-0.71,-1.25,s93;O9:-0.53,-1.25,s80;O10:-2.33,0.55,s75;O11:-2.33,0.37,s60;O12:-0.89,-1.07,s59;O13:-0.53,-0.89,s51;O14:-0.89,-0.71,s28;O15:-2.33,-0.71,s23;O16:-2.33,0.73,s2;O17:-0.71,-0.71,s2","O1:-2.33,-0.53,s151;O2:-2.33,0.19,s149;O3:-2.33,0.01,s137;O4:-2.33,-0.17,s135;O5:-0.89,-1.25,s127;O6:-2.33,-0.35,s109;O7:-0.89,-0.89,s99;O8:-0.71,-1.25,s93;O9:-0.53,-1.25,s80;O10:-2.33,0.55,s75;O11:-2.33,0.37,s60;O12:-0.89,-1.07,s59;O13:-0.53,-0.89,s51;O14:-0.89,-0.71,s28;O15:-2.33,-0.71,s23;O16:-2.33,0.73,s2;O17:-0.71,-0.71,s2",RUNNING,UNKNOWN_MAP_SLAM_AVOIDANCE,unknown_map;frontier_targets;static_unknown_obstacles;dynamic_wandering_robot;costmap;slam_path_planning;obstacle_avoidance,P2_Wanderer,dynamic_wandering_robot,65.39961,65.39961,-0.93091,1.11467,1,0,0,10,6,32,17,1381,17,1381,-0.93091,1.11467,-0.86638,-0.93091,1.11467,-0.86638
45.5,PID,HECTOR_GRID_MATCHING,HECTOR_SCAN_MATCHING_GRID,landmarks,task3,WAIT_B1_WS2_REQUEST_T2,WAIT_B1,DIRECT,T2,TRANSIT_TO_WS2,-1.46635,-0.93915,-1.67725,-1.466,-0.927,-1.684,0.01223,0.0447,1.54854,-1.31646,-1.0,-1.0,0.0,88.26351,NORMAL,2,0,0,0,17,1381,17,17,70,1381,0.21344,0.91684,0,0,-1.46,-1.52,0,0,0.0,0.0,12.85213,"O1:-2.33,-0.53,s151;O2:-2.33,0.19,s149;O3:-2.33,0.01,s137;O4:-2.33,-0.17,s135;O5:-0.89,-1.25,s127;O6:-2.33,-0.35,s109;O7:-0.89,-0.89,s99;O8:-0.71,-1.25,s93;O9:-0.53,-1.25,s80;O10:-2.33,0.55,s75;O11:-2.33,0.37,s60;O12:-0.89,-1.07,s59;O13:-0.53,-0.89,s51;O14:-0.89,-0.71,s28;O15:-2.33,-0.71,s23;O16:-2.33,0.73,s2;O17:-0.71,-0.71,s2","O1:-2.33,-0.53,s151;O2:-2.33,0.19,s149;O3:-2.33,0.01,s137;O4:-2.33,-0.17,s135;O5:-0.89,-1.25,s127;O6:-2.33,-0.35,s109;O7:-0.89,-0.89,s99;O8:-0.71,-1.25,s93;O9:-0.53,-1.25,s80;O10:-2.33,0.55,s75;O11:-2.33,0.37,s60;O12:-0.89,-1.07,s59;O13:-0.53,-0.89,s51;O14:-0.89,-0.71,s28;O15:-2.33,-0.71,s23;O16:-2.33,0.73,s2;O17:-0.71,-0.71,s2",RUNNING,UNKNOWN_MAP_SLAM_AVOIDANCE,unknown_map;frontier_targets;static_unknown_obstacles;dynamic_wandering_robot;costmap;slam_path_planning;obstacle_avoidance,P2_Wanderer,dynamic_wandering_robot,65.39961,65.39961,-0.91149,1.09181,1,0,0,10,6,32,17,1381,17,1381,-0.91149,1.09181,-0.86638,-0.91149,1.09181,-0.86638
45.65,PID,HECTOR_GRID_MATCHING,HECTOR_SCAN_MATCHING_GRID,landmarks,task3,WAIT_B1_WS2_REQUEST_T2,WAIT_B1,DIRECT,T2,TRANSIT_TO_WS2,-1.46636,-0.93912,-1.67726,-1.479,-0.931,-1.686,0.01472,0.0447,1.59904,-1.29734,-1.0,-1.0,0.0,88.25976,NORMAL,2,0,0,0,17,1381,17,17,70,1381,0.21344,0.91684,0,0,-1.46,-1.52,0,0,0.0,0.0,12.85213,"O1:-2.33,-0.53,s151;O2:-2.33,0.19,s149;O3:-2.33,0.01,s137;O4:-2.33,-0.17,s135;O5:-0.89,-1.25,s127;O6:-2.33,-0.35,s109;O7:-0.89,-0.89,s99;O8:-0.71,-1.25,s93;O9:-0.53,-1.25,s80;O10:-2.33,0.55,s75;O11:-2.33,0.37,s60;O12:-0.89,-1.07,s59;O13:-0.53,-0.89,s51;O14:-0.89,-0.71,s28;O15:-2.33,-0.71,s23;O16:-2.33,0.73,s2;O17:-0.71,-0.71,s2","O1:-2.33,-0.53,s151;O2:-2.33,0.19,s149;O3:-2.33,0.01,s137;O4:-2.33,-0.17,s135;O5:-0.89,-1.25,s127;O6:-2.33,-0.35,s109;O7:-0.89,-0.89,s99;O8:-0.71,-1.25,s93;O9:-0.53,-1.25,s80;O10:-2.33,0.55,s75;O11:-2.33,0.37,s60;O12:-0.89,-1.07,s59;O13:-0.53,-0.89,s51;O14:-0.89,-0.71,s28;O15:-2.33,-0.71,s23;O16:-2.33,0.73,s2;O17:-0.71,-0.71,s2",RUNNING,UNKNOWN_MAP_SLAM_AVOIDANCE,unknown_map;frontier_targets;static_unknown_obstacles;dynamic_wandering_robot;costmap;slam_path_planning;obstacle_avoidance,P2_Wanderer,dynamic_wandering_robot,65.39961,65.39961,-0.89206,1.06896,1,0,0,10,6,32,17,1381,17,1381,-0.89206,1.06896,-0.86638,-0.89206,1.06896,-0.86638
45.8,PID,HECTOR_GRID_MATCHING,HECTOR_SCAN_MATCHING_GRID,landmarks,task3,WAIT_B1_WS2_REQUEST_T2,WAIT_B1,DIRECT,T2,TRANSIT_TO_WS2,-1.46636,-0.93909,-1.67726,-1.473,-0.944,-1.683,0.00857,0.0447,1.64953,-1.27821,-1.0,-1.0,0.0,88.25601,NORMAL,2,0,0,0,17,1381,17,17,70,1381,0.21344,0.91684,0,0,-1.46,-1.52,0,0,0.0,0.0,12.85213,"O1:-2.33,-0.53,s151;O2:-2.33,0.19,s149;O3:-2.33,0.01,s137;O4:-2.33,-0.17,s135;O5:-0.89,-1.25,s127;O6:-2.33,-0.35,s109;O7:-0.89,-0.89,s99;O8:-0.71,-1.25,s93;O9:-0.53,-1.25,s80;O10:-2.33,0.55,s75;O11:-2.33,0.37,s60;O12:-0.89,-1.07,s59;O13:-0.53,-0.89,s51;O14:-0.89,-0.71,s28;O15:-2.33,-0.71,s23;O16:-2.33,0.73,s2;O17:-0.71,-0.71,s2","O1:-2.33,-0.53,s151;O2:-2.33,0.19,s149;O3:-2.33,0.01,s137;O4:-2.33,-0.17,s135;O5:-0.89,-1.25,s127;O6:-2.33,-0.35,s109;O7:-0.89,-0.89,s99;O8:-0.71,-1.25,s93;O9:-0.53,-1.25,s80;O10:-2.33,0.55,s75;O11:-2.33,0.37,s60;O12:-0.89,-1.07,s59;O13:-0.53,-0.89,s51;O14:-0.89,-0.71,s28;O15:-2.33,-0.71,s23;O16:-2.33,0.73,s2;O17:-0.71,-0.71,s2",RUNNING,UNKNOWN_MAP_SLAM_AVOIDANCE,unknown_map;frontier_targets;static_unknown_obstacles;dynamic_wandering_robot;costmap;slam_path_planning;obstacle_avoidance,P2_Wanderer,dynamic_wandering_robot,65.39961,65.39961,-0.87263,1.0461,1,0,0,10,6,32,17,1381,17,1381,-0.87263,1.0461,-0.86638,-0.87263,1.0461,-0.86638
45.95,PID,HECTOR_GRID_MATCHING,HECTOR_SCAN_MATCHING_GRID,landmarks,task3,WAIT_B1_WS2_REQUEST_T2,WAIT_B1,DIRECT,T2,TRANSIT_TO_WS2,-1.46637,-0.93906,-1.67727,-1.47,-0.938,-1.687,0.0041,0.0447,1.70003,-1.25908,-1.0,-1.0,0.0,88.25226,NORMAL,2,0,0,0,17,1381,17,17,70,1381,0.21344,0.91684,0,0,-1.46,-1.52,0,0,0.0,0.0,12.85213,"O1:-2.33,-0.53,s151;O2:-2.33,0.19,s149;O3:-2.33,0.01,s137;O4:-2.33,-0.17,s135;O5:-0.89,-1.25,s127;O6:-2.33,-0.35,s109;O7:-0.89,-0.89,s99;O8:-0.71,-1.25,s93;O9:-0.53,-1.25,s80;O10:-2.33,0.55,s75;O11:-2.33,0.37,s60;O12:-0.89,-1.07,s59;O13:-0.53,-0.89,s51;O14:-0.89,-0.71,s28;O15:-2.33,-0.71,s23;O16:-2.33,0.73,s2;O17:-0.71,-0.71,s2","O1:-2.33,-0.53,s151;O2:-2.33,0.19,s149;O3:-2.33,0.01,s137;O4:-2.33,-0.17,s135;O5:-0.89,-1.25,s127;O6:-2.33,-0.35,s109;O7:-0.89,-0.89,s99;O8:-0.71,-1.25,s93;O9:-0.53,-1.25,s80;O10:-2.33,0.55,s75;O11:-2.33,0.37,s60;O12:-0.89,-1.07,s59;O13:-0.53,-0.89,s51;O14:-0.89,-0.71,s28;O15:-2.33,-0.71,s23;O16:-2.33,0.73,s2;O17:-0.71,-0.71,s2",RUNNING,UNKNOWN_MAP_SLAM_AVOIDANCE,unknown_map;frontier_targets;static_unknown_obstacles;dynamic_wandering_robot;costmap;slam_path_planning;obstacle_avoidance,P2_Wanderer,dynamic_wandering_robot,65.39961,65.39961,-0.8532,1.02324,1,0,0,10,6,32,17,1381,17,1381,-0.8532,1.02324,-0.86638,-0.8532,1.02324,-0.86638
46.1,PID,HECTOR_GRID_MATCHING,HECTOR_SCAN_MATCHING_GRID,landmarks,task3,WAIT_B1_WS2_REQUEST_T2,WAIT_B1,DIRECT,T2,TRANSIT_TO_WS2,-1.46637,-0.93903,-1.67727,-1.469,-0.928,-1.676,0.01186,0.0447,1.75053,-1.23995,-1.0,-1.0,0.0,88.24851,NORMAL,2,0,0,0,17,1381,17,17,70,1381,0.21344,0.91684,0,0,-1.46,-1.52,0,0,0.0,0.0,12.85213,"O1:-2.33,-0.53,s151;O2:-2.33,0.19,s149;O3:-2.33,0.01,s137;O4:-2.33,-0.17,s135;O5:-0.89,-1.25,s127;O6:-2.33,-0.35,s109;O7:-0.89,-0.89,s99;O8:-0.71,-1.25,s93;O9:-0.53,-1.25,s80;O10:-2.33,0.55,s75;O11:-2.33,0.37,s60;O12:-0.89,-1.07,s59;O13:-0.53,-0.89,s51;O14:-0.89,-0.71,s28;O15:-2.33,-0.71,s23;O16:-2.33,0.73,s2;O17:-0.71,-0.71,s2","O1:-2.33,-0.53,s151;O2:-2.33,0.19,s149;O3:-2.33,0.01,s137;O4:-2.33,-0.17,s135;O5:-0.89,-1.25,s127;O6:-2.33,-0.35,s109;O7:-0.89,-0.89,s99;O8:-0.71,-1.25,s93;O9:-0.53,-1.25,s80;O10:-2.33,0.55,s75;O11:-2.33,0.37,s60;O12:-0.89,-1.07,s59;O13:-0.53,-0.89,s51;O14:-0.89,-0.71,s28;O15:-2.33,-0.71,s23;O16:-2.33,0.73,s2;O17:-0.71,-0.71,s2",RUNNING,UNKNOWN_MAP_SLAM_AVOIDANCE,unknown_map;frontier_targets;static_unknown_obstacles;dynamic_wandering_robot;costmap;slam_path_planning;obstacle_avoidance,P2_Wanderer,dynamic_wandering_robot,65.39961,65.39961,-0.83378,1.00038,1,0,0,10,6,32,17,1381,17,1381,-0.83378,1.00038,-0.86638,-0.83378,1.00038,-0.86638
46.25,PID,HECTOR_GRID_MATCHING,HECTOR_SCAN_MATCHING_GRID,landmarks,task3,WAIT_B1_WS2_REQUEST_T2,WAIT_B1,DIRECT,T2,TRANSIT_TO_WS2,-1.46638,-0.939,-1.67728,-1.469,-0.925,-1.675,0.01471,0.0447,1.80103,-1.22082,-1.0,-1.0,0.0,88.24476,NORMAL,2,0,0,0,17,1381,17,17,70,1381,0.21344,0.91684,0,0,-1.46,-1.52,0,0,0.0,0.0,12.85213,"O1:-2.33,-0.53,s151;O2:-2.33,0.19,s149;O3:-2.33,0.01,s137;O4:-2.33,-0.17,s135;O5:-0.89,-1.25,s127;O6:-2.33,-0.35,s109;O7:-0.89,-0.89,s99;O8:-0.71,-1.25,s93;O9:-0.53,-1.25,s80;O10:-2.33,0.55,s75;O11:-2.33,0.37,s60;O12:-0.89,-1.07,s59;O13:-0.53,-0.89,s51;O14:-0.89,-0.71,s28;O15:-2.33,-0.71,s23;O16:-2.33,0.73,s2;O17:-0.71,-0.71,s2","O1:-2.33,-0.53,s151;O2:-2.33,0.19,s149;O3:-2.33,0.01,s137;O4:-2.33,-0.17,s135;O5:-0.89,-1.25,s127;O6:-2.33,-0.35,s109;O7:-0.89,-0.89,s99;O8:-0.71,-1.25,s93;O9:-0.53,-1.25,s80;O10:-2.33,0.55,s75;O11:-2.33,0.37,s60;O12:-0.89,-1.07,s59;O13:-0.53,-0.89,s51;O14:-0.89,-0.71,s28;O15:-2.33,-0.71,s23;O16:-2.33,0.73,s2;O17:-0.71,-0.71,s2",RUNNING,UNKNOWN_MAP_SLAM_AVOIDANCE,unknown_map;frontier_targets;static_unknown_obstacles;dynamic_wandering_robot;costmap;slam_path_planning;obstacle_avoidance,P2_Wanderer,dynamic_wandering_robot,65.39961,65.39961,-0.81435,0.97752,1,0,0,10,6,32,17,1381,17,1381,-0.81435,0.97752,-0.86638,-0.81435,0.97752,-0.86638
46.4,PID,HECTOR_GRID_MATCHING,HECTOR_SCAN_MATCHING_GRID,landmarks,task3,WAIT_B1_WS2_REQUEST_T2,WAIT_B1,DIRECT,T2,TRANSIT_TO_WS2,-1.46638,-0.93897,-1.67728,-1.461,-0.931,-1.675,0.00934,0.0447,1.85153,-1.20169,-1.0,-1.0,0.0,88.24101,NORMAL,2,0,0,0,17,1381,17,17,70,1381,0.21344,0.91684,0,0,-1.46,-1.52,0,0,0.0,0.0,12.85213,"O1:-2.33,-0.53,s151;O2:-2.33,0.19,s149;O3:-2.33,0.01,s137;O4:-2.33,-0.17,s135;O5:-0.89,-1.25,s127;O6:-2.33,-0.35,s109;O7:-0.89,-0.89,s99;O8:-0.71,-1.25,s93;O9:-0.53,-1.25,s80;O10:-2.33,0.55,s75;O11:-2.33,0.37,s60;O12:-0.89,-1.07,s59;O13:-0.53,-0.89,s51;O14:-0.89,-0.71,s28;O15:-2.33,-0.71,s23;O16:-2.33,0.73,s2;O17:-0.71,-0.71,s2","O1:-2.33,-0.53,s151;O2:-2.33,0.19,s149;O3:-2.33,0.01,s137;O4:-2.33,-0.17,s135;O5:-0.89,-1.25,s127;O6:-2.33,-0.35,s109;O7:-0.89,-0.89,s99;O8:-0.71,-1.25,s93;O9:-0.53,-1.25,s80;O10:-2.33,0.55,s75;O11:-2.33,0.37,s60;O12:-0.89,-1.07,s59;O13:-0.53,-0.89,s51;O14:-0.89,-0.71,s28;O15:-2.33,-0.71,s23;O16:-2.33,0.73,s2;O17:-0.71,-0.71,s2",RUNNING,UNKNOWN_MAP_SLAM_AVOIDANCE,unknown_map;frontier_targets;static_unknown_obstacles;dynamic_wandering_robot;costmap;slam_path_planning;obstacle_avoidance,P2_Wanderer,dynamic_wandering_robot,65.39961,65.39961,-0.79492,0.95466,1,0,0,10,6,32,17,1381,17,1381,-0.79492,0.95466,-0.86638,-0.79492,0.95466,-0.86638
46.55,PID,HECTOR_GRID_MATCHING,HECTOR_SCAN_MATCHING_GRID,landmarks,task3,WAIT_B1_WS2_REQUEST_T2,WAIT_B1,DIRECT,T2,TRANSIT_TO_WS2,-1.46639,-0.93894,-1.67729,-1.463,-0.935,-1.672,0.00561,0.0447,1.90203,-1.18257,-1.0,-1.0,0.0,88.23726,NORMAL,2,0,0,0,17,1381,17,17,70,1381,0.21344,0.91684,0,0,-1.46,-1.52,0,0,0.0,0.0,12.85213,"O1:-2.33,-0.53,s151;O2:-2.33,0.19,s149;O3:-2.33,0.01,s137;O4:-2.33,-0.17,s135;O5:-0.89,-1.25,s127;O6:-2.33,-0.35,s109;O7:-0.89,-0.89,s99;O8:-0.71,-1.25,s93;O9:-0.53,-1.25,s80;O10:-2.33,0.55,s75;O11:-2.33,0.37,s60;O12:-0.89,-1.07,s59;O13:-0.53,-0.89,s51;O14:-0.89,-0.71,s28;O15:-2.33,-0.71,s23;O16:-2.33,0.73,s2;O17:-0.71,-0.71,s2","O1:-2.33,-0.53,s151;O2:-2.33,0.19,s149;O3:-2.33,0.01,s137;O4:-2.33,-0.17,s135;O5:-0.89,-1.25,s127;O6:-2.33,-0.35,s109;O7:-0.89,-0.89,s99;O8:-0.71,-1.25,s93;O9:-0.53,-1.25,s80;O10:-2.33,0.55,s75;O11:-2.33,0.37,s60;O12:-0.89,-1.07,s59;O13:-0.53,-0.89,s51;O14:-0.89,-0.71,s28;O15:-2.33,-0.71,s23;O16:-2.33,0.73,s2;O17:-0.71,-0.71,s2",RUNNING,UNKNOWN_MAP_SLAM_AVOIDANCE,unknown_map;frontier_targets;static_unknown_obstacles;dynamic_wandering_robot;costmap;slam_path_planning;obstacle_avoidance,P2_Wanderer,dynamic_wandering_robot,65.39961,65.39961,-0.77549,0.9318,1,0,0,10,6,32,17,1381,17,1381,-0.77549,0.9318,-0.86638,-0.77549,0.9318,-0.86638
46.7,PID,HECTOR_GRID_MATCHING,HECTOR_SCAN_MATCHING_GRID,landmarks,task3,WAIT_B1_WS2_REQUEST_T2,WAIT_B1,DIRECT,T2,TRANSIT_TO_WS2,-1.46639,-0.93891,-1.67729,-1.46,-0.944,-1.673,0.00811,0.0447,1.95253,-1.16344,-1.0,-1.0,0.0,88.23351,NORMAL,2,0,0,0,17,1381,17,17,70,1381,0.21344,0.91684,0,0,-1.46,-1.52,0,0,0.0,0.0,12.85213,"O1:-2.33,-0.53,s151;O2:-2.33,0.19,s149;O3:-2.33,0.01,s137;O4:-2.33,-0.17,s135;O5:-0.89,-1.25,s127;O6:-2.33,-0.35,s109;O7:-0.89,-0.89,s99;O8:-0.71,-1.25,s93;O9:-0.53,-1.25,s80;O10:-2.33,0.55,s75;O11:-2.33,0.37,s60;O12:-0.89,-1.07,s59;O13:-0.53,-0.89,s51;O14:-0.89,-0.71,s28;O15:-2.33,-0.71,s23;O16:-2.33,0.73,s2;O17:-0.71,-0.71,s2","O1:-2.33,-0.53,s151;O2:-2.33,0.19,s149;O3:-2.33,0.01,s137;O4:-2.33,-0.17,s135;O5:-0.89,-1.25,s127;O6:-2.33,-0.35,s109;O7:-0.89,-0.89,s99;O8:-0.71,-1.25,s93;O9:-0.53,-1.25,s80;O10:-2.33,0.55,s75;O11:-2.33,0.37,s60;O12:-0.89,-1.07,s59;O13:-0.53,-0.89,s51;O14:-0.89,-0.71,s28;O15:-2.33,-0.71,s23;O16:-2.33,0.73,s2;O17:-0.71,-0.71,s2",RUNNING,UNKNOWN_MAP_SLAM_AVOIDANCE,unknown_map;frontier_targets;static_unknown_obstacles;dynamic_wandering_robot;costmap;slam_path_planning;obstacle_avoidance,P2_Wanderer,dynamic_wandering_robot,65.39961,65.39961,-0.75607,0.90894,1,0,0,10,6,32,17,1381,17,1381,-0.75607,0.90894,-0.86638,-0.75607,0.90894,-0.86638
46.85,PID,HECTOR_GRID_MATCHING,HECTOR_SCAN_MATCHING_GRID,landmarks,task3,WAIT_B1_WS2_REQUEST_T2,WAIT_B1,DIRECT,T2,TRANSIT_TO_WS2,-1.4664,-0.93888,-1.67729,-1.466,-0.931,-1.674,0.00833,0.0447,2.00302,-1.14431,-1.0,-1.0,0.0,88.22976,NORMAL,2,0,0,0,17,1381,17,17,70,1381,0.21344,0.91684,0,0,-1.46,-1.52,0,0,0.0,0.0,12.85213,"O1:-2.33,-0.53,s151;O2:-2.33,0.19,s149;O3:-2.33,0.01,s137;O4:-2.33,-0.17,s135;O5:-0.89,-1.25,s127;O6:-2.33,-0.35,s109;O7:-0.89,-0.89,s99;O8:-0.71,-1.25,s93;O9:-0.53,-1.25,s80;O10:-2.33,0.55,s75;O11:-2.33,0.37,s60;O12:-0.89,-1.07,s59;O13:-0.53,-0.89,s51;O14:-0.89,-0.71,s28;O15:-2.33,-0.71,s23;O16:-2.33,0.73,s2;O17:-0.71,-0.71,s2","O1:-2.33,-0.53,s151;O2:-2.33,0.19,s149;O3:-2.33,0.01,s137;O4:-2.33,-0.17,s135;O5:-0.89,-1.25,s127;O6:-2.33,-0.35,s109;O7:-0.89,-0.89,s99;O8:-0.71,-1.25,s93;O9:-0.53,-1.25,s80;O10:-2.33,0.55,s75;O11:-2.33,0.37,s60;O12:-0.89,-1.07,s59;O13:-0.53,-0.89,s51;O14:-0.89,-0.71,s28;O15:-2.33,-0.71,s23;O16:-2.33,0.73,s2;O17:-0.71,-0.71,s2",RUNNING,UNKNOWN_MAP_SLAM_AVOIDANCE,unknown_map;frontier_targets;static_unknown_obstacles;dynamic_wandering_robot;costmap;slam_path_planning;obstacle_avoidance,P2_Wanderer,dynamic_wandering_robot,65.39961,65.39961,-0.73664,0.88608,1,0,0,10,6,32,17,1381,17,1381,-0.73664,0.88608,-0.86638,-0.73664,0.88608,-0.86638
47.0,PID,HECTOR_GRID_MATCHING,HECTOR_SCAN_MATCHING_GRID,landmarks,task3,WAIT_B1_WS2_REQUEST_T2,WAIT_B1,DIRECT,T2,TRANSIT_TO_WS2,-1.4664,-0.93885,-1.6773,-1.473,-0.939,-1.673,0.00622,0.0447,2.05352,-1.12518,-1.0,-1.0,0.0,88.22601,NORMAL,2,0,0,0,17,1381,17,17,70,1381,0.21344,0.91684,0,0,-1.46,-1.52,0,0,0.0,0.0,12.85213,"O1:-2.33,-0.53,s151;O2:-2.33,0.19,s149;O3:-2.33,0.01,s137;O4:-2.33,-0.17,s135;O5:-0.89,-1.25,s127;O6:-2.33,-0.35,s109;O7:-0.89,-0.89,s99;O8:-0.71,-1.25,s93;O9:-0.53,-1.25,s80;O10:-2.33,0.55,s75;O11:-2.33,0.37,s60;O12:-0.89,-1.07,s59;O13:-0.53,-0.89,s51;O14:-0.89,-0.71,s28;O15:-2.33,-0.71,s23;O16:-2.33,0.73,s2;O17:-0.71,-0.71,s2","O1:-2.33,-0.53,s151;O2:-2.33,0.19,s149;O3:-2.33,0.01,s137;O4:-2.33,-0.17,s135;O5:-0.89,-1.25,s127;O6:-2.33,-0.35,s109;O7:-0.89,-0.89,s99;O8:-0.71,-1.25,s93;O9:-0.53,-1.25,s80;O10:-2.33,0.55,s75;O11:-2.33,0.37,s60;O12:-0.89,-1.07,s59;O13:-0.53,-0.89,s51;O14:-0.89,-0.71,s28;O15:-2.33,-0.71,s23;O16:-2.33,0.73,s2;O17:-0.71,-0.71,s2",RUNNING,UNKNOWN_MAP_SLAM_AVOIDANCE,unknown_map;frontier_targets;static_unknown_obstacles;dynamic_wandering_robot;costmap;slam_path_planning;obstacle_avoidance,P2_Wanderer,dynamic_wandering_robot,65.39961,65.39961,-0.71721,0.86322,1,0,0,10,6,32,17,1381,17,1381,-0.71721,0.86322,-0.86638,-0.71721,0.86322,-0.86638
47.15,PID,HECTOR_GRID_MATCHING,HECTOR_SCAN_MATCHING_GRID,landmarks,task3,WAIT_B1_WS2_REQUEST_T2,WAIT_B1,DIRECT,T2,TRANSIT_TO_WS2,-1.4664,-0.93882,-1.6773,-1.469,-0.942,-1.669,0.00429,0.0447,2.10402,-1.10605,-1.0,-1.0,0.0,88.22226,NORMAL,2,0,0,0,17,1381,17,17,70,1381,0.21344,0.91684,0,0,-1.46,-1.52,0,0,0.0,0.0,12.85213,"O1:-2.33,-0.53,s151;O2:-2.33,0.19,s149;O3:-2.33,0.01,s137;O4:-2.33,-0.17,s135;O5:-0.89,-1.25,s127;O6:-2.33,-0.35,s109;O7:-0.89,-0.89,s99;O8:-0.71,-1.25,s93;O9:-0.53,-1.25,s80;O10:-2.33,0.55,s75;O11:-2.33,0.37,s60;O12:-0.89,-1.07,s59;O13:-0.53,-0.89,s51;O14:-0.89,-0.71,s28;O15:-2.33,-0.71,s23;O16:-2.33,0.73,s2;O17:-0.71,-0.71,s2","O1:-2.33,-0.53,s151;O2:-2.33,0.19,s149;O3:-2.33,0.01,s137;O4:-2.33,-0.17,s135;O5:-0.89,-1.25,s127;O6:-2.33,-0.35,s109;O7:-0.89,-0.89,s99;O8:-0.71,-1.25,s93;O9:-0.53,-1.25,s80;O10:-2.33,0.55,s75;O11:-2.33,0.37,s60;O12:-0.89,-1.07,s59;O13:-0.53,-0.89,s51;O14:-0.89,-0.71,s28;O15:-2.33,-0.71,s23;O16:-2.33,0.73,s2;O17:-0.71,-0.71,s2",RUNNING,UNKNOWN_MAP_SLAM_AVOIDANCE,unknown_map;frontier_targets;static_unknown_obstacles;dynamic_wandering_robot;costmap;slam_path_planning;obstacle_avoidance,P2_Wanderer,dynamic_wandering_robot,65.39961,65.39961,-0.69778,0.84036,1,0,0,10,6,32,17,1381,17,1381,-0.69778,0.84036,-0.86638,-0.69778,0.84036,-0.86638
47.3,PID,HECTOR_GRID_MATCHING,HECTOR_SCAN_MATCHING_GRID,landmarks,task3,TO_PICKUP_T2,AVOIDING,SLAM_WAYPOINT,T2,WS2,-1.46669,-0.93894,-1.67242,-1.469,-0.935,-1.672,0.00487,0.0447,2.12,-1.1,3.79653,0.40725,0.09363,88.21851,NORMAL,2,0,0,0,17,1384,17,17,70,1384,0.21344,0.91684,0,0,-1.221,-0.309,1,0,0.0,0.8976,13.07653,"O1:-2.33,-0.53,s151;O2:-2.33,0.19,s149;O3:-2.33,0.01,s137;O4:-2.33,-0.17,s135;O5:-0.89,-1.25,s127;O6:-2.33,-0.35,s109;O7:-0.89,-0.89,s99;O8:-0.71,-1.25,s93;O9:-0.53,-1.25,s80;O10:-2.33,0.55,s75;O11:-2.33,0.37,s60;O12:-0.89,-1.07,s59;O13:-0.53,-0.89,s51;O14:-0.89,-0.71,s28;O15:-2.33,-0.71,s23;O16:-2.33,0.73,s2;O17:-0.71,-0.71,s2","O1:-2.33,-0.53,s151;O2:-2.33,0.19,s149;O3:-2.33,0.01,s137;O4:-2.33,-0.17,s135;O5:-0.89,-1.25,s127;O6:-2.33,-0.35,s109;O7:-0.89,-0.89,s99;O8:-0.71,-1.25,s93;O9:-0.53,-1.25,s80;O10:-2.33,0.55,s75;O11:-2.33,0.37,s60;O12:-0.89,-1.07,s59;O13:-0.53,-0.89,s51;O14:-0.89,-0.71,s28;O15:-2.33,-0.71,s23;O16:-2.33,0.73,s2;O17:-0.71,-0.71,s2",RUNNING,UNKNOWN_MAP_SLAM_AVOIDANCE,unknown_map;frontier_targets;static_unknown_obstacles;dynamic_wandering_robot;costmap;slam_path_planning;obstacle_avoidance,P2_Wanderer,dynamic_wandering_robot,65.4191,65.4191,-0.67836,0.8175,1,0,0,11,6,32,17,1384,17,1384,-0.67836,0.8175,-0.86638,-0.67836,0.8175,-0.86638
47.45,PID,HECTOR_GRID_MATCHING,HECTOR_SCAN_MATCHING_GRID,landmarks,task3,TO_PICKUP_T2,AVOIDING,SLAM_WAYPOINT,T2,WS2,-1.46995,-0.94281,-1.60838,-1.463,-0.946,-1.612,0.0073,0.04459,2.12,-1.1,3.79943,0.41311,0.09614,88.20888,NORMAL,2,0,0,0,17,1393,17,17,70,1393,0.21344,0.91684,0,0,-1.222,-0.31,1,0,0.0,1.30616,13.17867,"O1:-2.33,-0.53,s153;O2:-2.33,0.19,s149;O3:-2.33,0.01,s137;O4:-2.33,-0.17,s135;O5:-0.89,-1.25,s127;O6:-2.33,-0.35,s110;O7:-0.89,-0.89,s102;O8:-0.71,-1.25,s93;O9:-0.53,-1.25,s80;O10:-2.33,0.55,s75;O11:-0.89,-1.07,s62;O12:-2.33,0.37,s60;O13:-0.53,-0.89,s51;O14:-0.89,-0.71,s28;O15:-2.33,-0.71,s23;O16:-2.33,0.73,s2;O17:-0.71,-0.71,s2","O1:-2.33,-0.53,s153;O2:-2.33,0.19,s149;O3:-2.33,0.01,s137;O4:-2.33,-0.17,s135;O5:-0.89,-1.25,s127;O6:-2.33,-0.35,s110;O7:-0.89,-0.89,s102;O8:-0.71,-1.25,s93;O9:-0.53,-1.25,s80;O10:-2.33,0.55,s75;O11:-0.89,-1.07,s62;O12:-2.33,0.37,s60;O13:-0.53,-0.89,s51;O14:-0.89,-0.71,s28;O15:-2.33,-0.71,s23;O16:-2.33,0.73,s2;O17:-0.71,-0.71,s2",RUNNING,UNKNOWN_MAP_SLAM_AVOIDANCE,unknown_map;frontier_targets;static_unknown_obstacles;dynamic_wandering_robot;costmap;slam_path_planning;obstacle_avoidance,P2_Wanderer,dynamic_wandering_robot,65.47736,65.47736,-0.65893,0.79464,1,0,0,11,6,32,17,1393,17,1393,-0.65893,0.79464,-0.86638,-0.65893,0.79464,-0.86638
47.6,PID,HECTOR_GRID_MATCHING,HECTOR_SCAN_MATCHING_GRID,landmarks,task3,TO_PICKUP_T2,AVOIDING,SLAM_WAYPOINT,T2,WS2,-1.47673,-0.94628,-1.45779,-1.464,-0.943,-1.487,0.01099,0.0445,2.12,-1.1,3.80718,0.42031,0.10373,88.19824,NORMAL,2,0,0,0,17,1402,17,17,70,1402,0.21344,0.91684,0,0,-1.222,-0.31,1,0,0.0,1.31955,13.18201,"O1:-2.33,-0.53,s153;O2:-2.33,0.19,s149;O3:-2.33,0.01,s137;O4:-2.33,-0.17,s135;O5:-0.89,-1.25,s127;O6:-2.33,-0.35,s113;O7:-0.89,-0.89,s105;O8:-0.71,-1.25,s93;O9:-0.53,-1.25,s80;O10:-2.33,0.55,s75;O11:-0.89,-1.07,s65;O12:-2.33,0.37,s60;O13:-0.53,-0.89,s51;O14:-0.89,-0.71,s28;O15:-2.33,-0.71,s23;O16:-2.33,0.73,s2;O17:-0.71,-0.71,s2","O1:-2.33,-0.53,s153;O2:-2.33,0.19,s149;O3:-2.33,0.01,s137;O4:-2.33,-0.17,s135;O5:-0.89,-1.25,s127;O6:-2.33,-0.35,s113;O7:-0.89,-0.89,s105;O8:-0.71,-1.25,s93;O9:-0.53,-1.25,s80;O10:-2.33,0.55,s75;O11:-0.89,-1.07,s65;O12:-2.33,0.37,s60;O13:-0.53,-0.89,s51;O14:-0.89,-0.71,s28;O15:-2.33,-0.71,s23;O16:-2.33,0.73,s2;O17:-0.71,-0.71,s2",RUNNING,UNKNOWN_MAP_SLAM_AVOIDANCE,unknown_map;frontier_targets;static_unknown_obstacles;dynamic_wandering_robot;costmap;slam_path_planning;obstacle_avoidance,P2_Wanderer,dynamic_wandering_robot,65.53533,65.53533,-0.6395,0.77178,1,0,0,11,6,32,17,1402,17,1402,-0.6395,0.77178,-0.86638,-0.6395,0.77178,-0.86638
47.75,PID,HECTOR_GRID_MATCHING,HECTOR_SCAN_MATCHING_GRID,landmarks,task3,TO_PICKUP_T2,AVOIDING,SLAM_WAYPOINT,T2,WS2,-1.48485,-0.94693,-1.28348,-1.466,-0.933,-1.309,0.02097,0.04458,2.12,-1.1,3.81371,0.41346,0.11097,88.18756,NORMAL,2,0,0,0,17,1414,17,17,70,1414,0.21344,0.91684,0,0,-1.221,-0.309,1,0,0.0,1.31999,13.18212,"O1:-2.33,-0.53,s156;O2:-2.33,0.19,s149;O3:-2.33,0.01,s137;O4:-2.33,-0.17,s135;O5:-0.89,-1.25,s129;O6:-2.33,-0.35,s113;O7:-0.89,-0.89,s108;O8:-0.71,-1.25,s93;O9:-0.53,-1.25,s80;O10:-2.33,0.55,s75;O11:-0.89,-1.07,s68;O12:-2.33,0.37,s60;O13:-0.53,-0.89,s51;O14:-0.89,-0.71,s28;O15:-2.33,-0.71,s23;O16:-2.33,0.73,s2;O17:-0.71,-0.71,s2","O1:-2.33,-0.53,s156;O2:-2.33,0.19,s149;O3:-2.33,0.01,s137;O4:-2.33,-0.17,s135;O5:-0.89,-1.25,s129;O6:-2.33,-0.35,s113;O7:-0.89,-0.89,s108;O8:-0.71,-1.25,s93;O9:-0.53,-1.25,s80;O10:-2.33,0.55,s75;O11:-0.89,-1.07,s68;O12:-2.33,0.37,s60;O13:-0.53,-0.89,s51;O14:-0.89,-0.71,s28;O15:-2.33,-0.71,s23;O16:-2.33,0.73,s2;O17:-0.71,-0.71,s2",RUNNING,UNKNOWN_MAP_SLAM_AVOIDANCE,unknown_map;frontier_targets;static_unknown_obstacles;dynamic_wandering_robot;costmap;slam_path_planning;obstacle_avoidance,P2_Wanderer,dynamic_wandering_robot,65.61217,65.61217,-0.62007,0.74892,1,0,0,11,6,32,17,1414,17,1414,-0.62007,0.74892,-0.86638,-0.62007,0.74892,-0.86638
47.9,PID,HECTOR_GRID_MATCHING,HECTOR_SCAN_MATCHING_GRID,landmarks,task3,TO_PICKUP_T2,AVOIDING,SLAM_WAYPOINT,T2,WS2,-1.49229,-0.94959,-1.108,-1.472,-0.942,-1.13,0.01876,0.04462,2.12,-1.1,3.82089,0.4044,0.12093,88.17688,NORMAL,2,0,0,0,17,1426,17,17,70,1426,0.21344,0.91684,0,0,-1.221,-0.309,1,0,0.0,1.32,13.18213,"O1:-2.33,-0.53,s159;O2:-2.33,0.19,s149;O3:-2.33,0.01,s137;O4:-2.33,-0.17,s135;O5:-0.89,-1.25,s129;O6:-2.33,-0.35,s116;O7:-0.89,-0.89,s110;O8:-0.71,-1.25,s93;O9:-0.53,-1.25,s80;O10:-2.33,0.55,s75;O11:-0.89,-1.07,s72;O12:-2.33,0.37,s60;O13:-0.53,-0.89,s51;O14:-0.89,-0.71,s28;O15:-2.33,-0.71,s23;O16:-2.33,0.73,s2;O17:-0.71,-0.71,s2","O1:-2.33,-0.53,s159;O2:-2.33,0.19,s149;O3:-2.33,0.01,s137;O4:-2.33,-0.17,s135;O5:-0.89,-1.25,s129;O6:-2.33,-0.35,s116;O7:-0.89,-0.89,s110;O8:-0.71,-1.25,s93;O9:-0.53,-1.25,s80;O10:-2.33,0.55,s75;O11:-0.89,-1.07,s72;O12:-2.33,0.37,s60;O13:-0.53,-0.89,s51;O14:-0.89,-0.71,s28;O15:-2.33,-0.71,s23;O16:-2.33,0.73,s2;O17:-0.71,-0.71,s2",RUNNING,UNKNOWN_MAP_SLAM_AVOIDANCE,unknown_map;frontier_targets;static_unknown_obstacles;dynamic_wandering_robot;costmap;slam_path_planning;obstacle_avoidance,P2_Wanderer,dynamic_wandering_robot,65.6885,65.6885,-0.60064,0.72606,1,0,0,11,6,32,17,1426,17,1426,-0.60064,0.72606,-0.86638,-0.60064,0.72606,-0.86638
48.05,PID,HECTOR_GRID_MATCHING,HECTOR_SCAN_MATCHING_GRID,landmarks,task3,TO_PICKUP_T2,AVOIDING,SLAM_WAYPOINT,T2,WS2,-1.49898,-0.95368,-0.93226,-1.488,-0.983,-0.974,0.03172,0.03911,2.12,-1.1,3.8286,0.39715,0.1292,88.1662,NORMAL,2,0,0,0,17,1440,17,17,70,1440,0.21344,0.95505,0,0,-1.223,-0.311,1,0,0.0,1.32,13.18213,"O1:-2.33,-0.53,s164;O2:-2.33,0.19,s149;O3:-2.33,0.01,s137;O4:-2.33,-0.17,s135;O5:-0.89,-1.25,s131;O6:-2.33,-0.35,s117;O7:-0.89,-0.89,s113;O8:-0.71,-1.25,s93;O9:-0.53,-1.25,s80;O10:-2.33,0.55,s75;O11:-0.89,-1.07,s75;O12:-2.33,0.37,s60;O13:-0.53,-0.89,s51;O14:-0.89,-0.71,s28;O15:-2.33,-0.71,s23;O16:-2.33,0.73,s2;O17:-0.71,-0.71,s2","O1:-2.33,-0.53,s164;O2:-2.33,0.19,s149;O3:-2.33,0.01,s137;O4:-2.33,-0.17,s135;O5:-0.89,-1.25,s131;O6:-2.33,-0.35,s117;O7:-0.89,-0.89,s113;O8:-0.71,-1.25,s93;O9:-0.53,-1.25,s80;O10:-2.33,0.55,s75;O11:-0.89,-1.07,s75;O12:-2.33,0.37,s60;O13:-0.53,-0.89,s51;O14:-0.89,-0.71,s28;O15:-2.33,-0.71,s23;O16:-2.33,0.73,s2;O17:-0.71,-0.71,s2",RUNNING,UNKNOWN_MAP_SLAM_AVOIDANCE,unknown_map;frontier_targets;static_unknown_obstacles;dynamic_wandering_robot;costmap;slam_path_planning;obstacle_avoidance,P2_Wanderer,dynamic_wandering_robot,65.77691,65.77691,-0.58122,0.7032,1,0,0,11,6,32,17,1440,17,1440,-0.58122,0.7032,-0.86638,-0.58122,0.7032,-0.86638
48.2,PID,HECTOR_GRID_MATCHING,HECTOR_SCAN_MATCHING_GRID,landmarks,task3,TO_PICKUP_T2,AVOIDING,SLAM_WAYPOINT,T2,WS2,-1.50489,-0.95885,-0.75656,-1.502,-0.971,-0.785,0.0145,0.04115,2.12,-1.1,3.83649,0.39556,0.13105,88.15552,NORMAL,2,0,0,0,17,1452,17,17,70,1452,0.21344,0.95505,0,0,-1.222,-0.309,1,0,0.0,1.32,13.18213,"O1:-2.33,-0.53,s168;O2:-2.33,0.19,s149;O3:-2.33,0.01,s137;O4:-2.33,-0.17,s135;O5:-0.89,-1.25,s132;O6:-2.33,-0.35,s119;O7:-0.89,-0.89,s113;O8:-0.71,-1.25,s93;O9:-0.89,-1.07,s80;O10:-0.53,-1.25,s80;O11:-2.33,0.55,s75;O12:-2.33,0.37,s60;O13:-0.53,-0.89,s51;O14:-0.89,-0.71,s28;O15:-2.33,-0.71,s23;O16:-2.33,0.73,s2;O17:-0.71,-0.71,s2","O1:-2.33,-0.53,s168;O2:-2.33,0.19,s149;O3:-2.33,0.01,s137;O4:-2.33,-0.17,s135;O5:-0.89,-1.25,s132;O6:-2.33,-0.35,s119;O7:-0.89,-0.89,s113;O8:-0.71,-1.25,s93;O9:-0.89,-1.07,s80;O10:-0.53,-1.25,s80;O11:-2.33,0.55,s75;O12:-2.33,0.37,s60;O13:-0.53,-0.89,s51;O14:-0.89,-0.71,s28;O15:-2.33,-0.71,s23;O16:-2.33,0.73,s2;O17:-0.71,-0.71,s2",RUNNING,UNKNOWN_MAP_SLAM_AVOIDANCE,unknown_map;frontier_targets;static_unknown_obstacles;dynamic_wandering_robot;costmap;slam_path_planning;obstacle_avoidance,P2_Wanderer,dynamic_wandering_robot,65.85215,65.85215,-0.56179,0.68034,1,0,0,11,6,32,17,1452,17,1452,-0.56179,0.68034,-0.86638,-0.56179,0.68034,-0.86638
48.35,PID,HECTOR_GRID_MATCHING,HECTOR_SCAN_MATCHING_GRID,landmarks,task3,TO_PICKUP_T2,AVOIDING,SLAM_WAYPOINT,T2,WS2,-1.50977,-0.96505,-0.58037,-1.504,-0.997,-0.628,0.03455,0.03724,2.12,-1.1,3.84428,0.39578,0.13079,88.14484,NORMAL,2,0,0,0,17,1467,17,17,70,1467,0.21344,0.95527,0,0,-1.223,-0.311,1,0,0.0,1.32,13.18213,"O1:-2.33,-0.53,s173;O2:-2.33,0.19,s149;O3:-2.33,0.01,s137;O4:-2.33,-0.17,s135;O5:-0.89,-1.25,s133;O6:-2.33,-0.35,s120;O7:-0.89,-0.89,s116;O8:-0.71,-1.25,s93;O9:-0.89,-1.07,s84;O10:-0.53,-1.25,s80;O11:-2.33,0.55,s75;O12:-2.33,0.37,s60;O13:-0.53,-0.89,s51;O14:-0.89,-0.71,s28;O15:-2.33,-0.71,s23;O16:-2.33,0.73,s2;O17:-0.71,-0.71,s2","O1:-2.33,-0.53,s173;O2:-2.33,0.19,s149;O3:-2.33,0.01,s137;O4:-2.33,-0.17,s135;O5:-0.89,-1.25,s133;O6:-2.33,-0.35,s120;O7:-0.89,-0.89,s116;O8:-0.71,-1.25,s93;O9:-0.89,-1.07,s84;O10:-0.53,-1.25,s80;O11:-2.33,0.55,s75;O12:-2.33,0.37,s60;O13:-0.53,-0.89,s51;O14:-0.89,-0.71,s28;O15:-2.33,-0.71,s23;O16:-2.33,0.73,s2;O17:-0.71,-0.71,s2",RUNNING,UNKNOWN_MAP_SLAM_AVOIDANCE,unknown_map;frontier_targets;static_unknown_obstacles;dynamic_wandering_robot;costmap;slam_path_planning;obstacle_avoidance,P2_Wanderer,dynamic_wandering_robot,65.94549,65.94549,-0.54236,0.65748,1,0,0,11,6,32,17,1467,17,1467,-0.54236,0.65748,-0.86638,-0.54236,0.65748,-0.86638
48.5,PID,HECTOR_GRID_MATCHING,HECTOR_SCAN_MATCHING_GRID,landmarks,task3,TO_PICKUP_T2,AVOIDING,SLAM_WAYPOINT,T2,WS2,-1.5135,-0.97193,-0.40469,-1.496,-1.07,-0.486,0.10136,0.03352,2.12,-1.1,3.85175,0.39488,0.13183,88.13416,NORMAL,2,0,0,0,17,1482,17,17,70,1482,0.21112,0.84007,0,0,-1.23,-0.316,1,0,0.0,1.32,13.18213,"O1:-2.33,-0.53,s176;O2:-2.33,0.19,s149;O3:-2.33,0.01,s137;O4:-0.89,-1.25,s135;O5:-2.33,-0.17,s135;O6:-2.33,-0.35,s121;O7:-0.89,-0.89,s117;O8:-0.71,-1.25,s93;O9:-0.89,-1.07,s90;O10:-0.53,-1.25,s80;O11:-2.33,0.55,s75;O12:-2.33,0.37,s60;O13:-0.53,-0.89,s51;O14:-0.89,-0.71,s28;O15:-2.33,-0.71,s25;O16:-2.33,0.73,s2;O17:-0.71,-0.71,s2","O1:-2.33,-0.53,s176;O2:-2.33,0.19,s149;O3:-2.33,0.01,s137;O4:-0.89,-1.25,s135;O5:-2.33,-0.17,s135;O6:-2.33,-0.35,s121;O7:-0.89,-0.89,s117;O8:-0.71,-1.25,s93;O9:-0.89,-1.07,s90;O10:-0.53,-1.25,s80;O11:-2.33,0.55,s75;O12:-2.33,0.37,s60;O13:-0.53,-0.89,s51;O14:-0.89,-0.71,s28;O15:-2.33,-0.71,s25;O16:-2.33,0.73,s2;O17:-0.71,-0.71,s2",RUNNING,UNKNOWN_MAP_SLAM_AVOIDANCE,unknown_map;frontier_targets;static_unknown_obstacles;dynamic_wandering_robot;costmap;slam_path_planning;obstacle_avoidance,P2_Wanderer,dynamic_wandering_robot,66.03806,66.03806,-0.52293,0.63462,1,0,0,11,6,32,17,1482,17,1482,-0.52293,0.63462,-0.86638,-0.52293,0.63462,-0.86638
48.65,PID,HECTOR_GRID_MATCHING,HECTOR_SCAN_MATCHING_GRID,landmarks,task3,TO_PICKUP_T2,AVOIDING,SLAM_WAYPOINT,T2,WS2,-1.51535,-0.97952,-0.22901,-1.497,-1.034,-0.287,0.05964,0.03167,2.12,-1.1,3.85856,0.39699,0.12938,88.12326,NORMAL,2,0,0,0,17,1497,17,17,70,1497,0.21227,0.95047,0,0,-1.227,-0.314,1,0,0.01057,1.32,13.1927,"O1:-2.33,-0.53,s178;O2:-2.33,0.19,s149;O3:-0.89,-1.25,s138;O4:-2.33,0.01,s137;O5:-2.33,-0.17,s135;O6:-2.33,-0.35,s122;O7:-0.89,-0.89,s118;O8:-0.89,-1.07,s95;O9:-0.71,-1.25,s93;O10:-0.53,-1.25,s80;O11:-2.33,0.55,s75;O12:-2.33,0.37,s60;O13:-0.53,-0.89,s51;O14:-0.89,-0.71,s28;O15:-2.33,-0.71,s27;O16:-2.33,0.73,s2;O17:-0.71,-0.71,s2","O1:-2.33,-0.53,s178;O2:-2.33,0.19,s149;O3:-0.89,-1.25,s138;O4:-2.33,0.01,s137;O5:-2.33,-0.17,s135;O6:-2.33,-0.35,s122;O7:-0.89,-0.89,s118;O8:-0.89,-1.07,s95;O9:-0.71,-1.25,s93;O10:-0.53,-1.25,s80;O11:-2.33,0.55,s75;O12:-2.33,0.37,s60;O13:-0.53,-0.89,s51;O14:-0.89,-0.71,s28;O15:-2.33,-0.71,s27;O16:-2.33,0.73,s2;O17:-0.71,-0.71,s2",RUNNING,UNKNOWN_MAP_SLAM_AVOIDANCE,unknown_map;frontier_targets;static_unknown_obstacles;dynamic_wandering_robot;costmap;slam_path_planning;obstacle_avoidance,P2_Wanderer,dynamic_wandering_robot,66.12986,66.12986,-0.50351,0.61176,1,0,0,11,6,32,17,1497,17,1497,-0.50351,0.61176,-0.86638,-0.50351,0.61176,-0.86638
48.8,PID,HECTOR_GRID_MATCHING,HECTOR_SCAN_MATCHING_GRID,landmarks,task3,TO_PICKUP_T2,AVOIDING,SLAM_WAYPOINT,T2,WS2,-1.51247,-0.9878,-0.05337,-1.521,-1.13,-0.157,0.14466,0.03063,2.12,-1.1,3.8629,0.39324,0.13376,88.10898,NORMAL,2,0,0,0,17,1512,17,17,70,1512,0.21213,0.9678,0,0,-1.233,-0.319,1,0,0.03549,1.32,13.21762,"O1:-2.33,-0.53,s183;O2:-2.33,0.19,s149;O3:-0.89,-1.25,s140;O4:-2.33,0.01,s137;O5:-2.33,-0.17,s135;O6:-2.33,-0.35,s123;O7:-0.89,-0.89,s120;O8:-0.89,-1.07,s100;O9:-0.71,-1.25,s93;O10:-0.53,-1.25,s80;O11:-2.33,0.55,s75;O12:-2.33,0.37,s60;O13:-0.53,-0.89,s51;O14:-0.89,-0.71,s28;O15:-2.33,-0.71,s27;O16:-2.33,0.73,s2;O17:-0.71,-0.71,s2","O1:-2.33,-0.53,s183;O2:-2.33,0.19,s149;O3:-0.89,-1.25,s140;O4:-2.33,0.01,s137;O5:-2.33,-0.17,s135;O6:-2.33,-0.35,s123;O7:-0.89,-0.89,s120;O8:-0.89,-1.07,s100;O9:-0.71,-1.25,s93;O10:-0.53,-1.25,s80;O11:-2.33,0.55,s75;O12:-2.33,0.37,s60;O13:-0.53,-0.89,s51;O14:-0.89,-0.71,s28;O15:-2.33,-0.71,s27;O16:-2.33,0.73,s2;O17:-0.71,-0.71,s2",RUNNING,UNKNOWN_MAP_SLAM_AVOIDANCE,unknown_map;frontier_targets;static_unknown_obstacles;dynamic_wandering_robot;costmap;slam_path_planning;obstacle_avoidance,P2_Wanderer,dynamic_wandering_robot,66.22089,66.22089,-0.48408,0.5889,1,0,0,11,6,32,17,1512,17,1512,-0.48408,0.5889,-0.86638,-0.48408,0.5889,-0.86638
48.95,PID,HECTOR_GRID_MATCHING,HECTOR_SCAN_MATCHING_GRID,landmarks,task3,TO_PICKUP_T2,AVOIDING,SLAM_WAYPOINT,T2,WS2,-1.5058,-0.99539,0.12231,-1.491,-0.948,0.033,0.04834,0.03002,2.12,-1.1,3.86384,0.38826,0.13971,88.09128,NORMAL,2,0,0,0,17,1527,17,17,70,1527,0.21307,0.95686,0,0,-1.22,-0.308,1,0,0.05236,1.32,13.23449,"O1:-2.33,-0.53,s185;O2:-2.33,0.19,s149;O3:-0.89,-1.25,s143;O4:-2.33,0.01,s137;O5:-2.33,-0.17,s135;O6:-2.33,-0.35,s124;O7:-0.89,-0.89,s120;O8:-0.89,-1.07,s106;O9:-0.71,-1.25,s93;O10:-0.53,-1.25,s80;O11:-2.33,0.55,s75;O12:-2.33,0.37,s60;O13:-0.53,-0.89,s51;O14:-2.33,-0.71,s28;O15:-0.89,-0.71,s28;O16:-2.33,0.73,s2;O17:-0.71,-0.71,s2","O1:-2.33,-0.53,s185;O2:-2.33,0.19,s149;O3:-0.89,-1.25,s143;O4:-2.33,0.01,s137;O5:-2.33,-0.17,s135;O6:-2.33,-0.35,s124;O7:-0.89,-0.89,s120;O8:-0.89,-1.07,s106;O9:-0.71,-1.25,s93;O10:-0.53,-1.25,s80;O11:-2.33,0.55,s75;O12:-2.33,0.37,s60;O13:-0.53,-0.89,s51;O14:-2.33,-0.71,s28;O15:-0.89,-0.71,s28;O16:-2.33,0.73,s2;O17:-0.71,-0.71,s2",RUNNING,UNKNOWN_MAP_SLAM_AVOIDANCE,unknown_map;frontier_targets;static_unknown_obstacles;dynamic_wandering_robot;costmap;slam_path_planning;obstacle_avoidance,P2_Wanderer,dynamic_wandering_robot,66.31118,66.31118,-0.46465,0.56604,1,0,0,11,6,32,17,1527,17,1527,-0.46465,0.56604,-0.86638,-0.46465,0.56604,-0.86638
49.1,PID,HECTOR_GRID_MATCHING,HECTOR_SCAN_MATCHING_GRID,landmarks,task3,TO_PICKUP_T2,AVOIDING,SLAM_WAYPOINT,T2,WS2,-1.49161,-1.00029,0.29809,-1.492,-1.088,0.235,0.08921,0.02956,2.12,-1.1,3.85902,0.37765,0.15279,88.06719,NORMAL,2,0,0,0,17,1542,17,17,70,1542,0.21012,0.75868,0,0,-1.231,-0.318,1,0,0.10231,1.32,13.28444,"O1:-2.33,-0.53,s188;O2:-2.33,0.19,s149;O3:-0.89,-1.25,s145;O4:-2.33,0.01,s137;O5:-2.33,-0.17,s135;O6:-2.33,-0.35,s125;O7:-0.89,-0.89,s121;O8:-0.89,-1.07,s112;O9:-0.71,-1.25,s93;O10:-0.53,-1.25,s80;O11:-2.33,0.55,s75;O12:-2.33,0.37,s60;O13:-0.53,-0.89,s51;O14:-2.33,-0.71,s30;O15:-0.89,-0.71,s28;O16:-2.33,0.73,s2;O17:-0.71,-0.71,s2","O1:-2.33,-0.53,s188;O2:-2.33,0.19,s149;O3:-0.89,-1.25,s145;O4:-2.33,0.01,s137;O5:-2.33,-0.17,s135;O6:-2.33,-0.35,s125;O7:-0.89,-0.89,s121;O8:-0.89,-1.07,s112;O9:-0.71,-1.25,s93;O10:-0.53,-1.25,s80;O11:-2.33,0.55,s75;O12:-2.33,0.37,s60;O13:-0.53,-0.89,s51;O14:-2.33,-0.71,s30;O15:-0.89,-0.71,s28;O16:-2.33,0.73,s2;O17:-0.71,-0.71,s2",RUNNING,UNKNOWN_MAP_SLAM_AVOIDANCE,unknown_map;frontier_targets;static_unknown_obstacles;dynamic_wandering_robot;costmap;slam_path_planning;obstacle_avoidance,P2_Wanderer,dynamic_wandering_robot,66.40071,66.40071,-0.44522,0.54318,1,0,0,11,6,32,17,1542,17,1542,-0.44522,0.54318,-0.86638,-0.44522,0.54318,-0.86638
49.25,PID,HECTOR_GRID_MATCHING,HECTOR_SCAN_MATCHING_GRID,landmarks,task3,TO_PICKUP_T2,AVOIDING,SLAM_WAYPOINT,T2,WS2,-1.47382,-1.00151,0.47342,-1.499,-1.016,0.351,0.02384,0.03304,2.12,-1.1,3.84752,0.36416,0.17027,88.0372,NORMAL,2,0,0,0,17,1554,17,17,70,1554,0.21012,0.94271,0,0,-1.225,-0.312,1,0,0.11397,1.32,13.3034,"O1:-2.33,-0.53,s190;O2:-2.33,0.19,s149;O3:-0.89,-1.25,s148;O4:-2.33,0.01,s137;O5:-2.33,-0.17,s135;O6:-2.33,-0.35,s125;O7:-0.89,-0.89,s122;O8:-0.89,-1.07,s118;O9:-0.71,-1.25,s93;O10:-0.53,-1.25,s80;O11:-2.33,0.55,s75;O12:-2.33,0.37,s60;O13:-0.53,-0.89,s51;O14:-2.33,-0.71,s31;O15:-0.89,-0.71,s28;O16:-2.33,0.73,s2;O17:-0.71,-0.71,s2","O1:-2.33,-0.53,s190;O2:-2.33,0.19,s149;O3:-0.89,-1.25,s148;O4:-2.33,0.01,s137;O5:-2.33,-0.17,s135;O6:-2.33,-0.35,s125;O7:-0.89,-0.89,s122;O8:-0.89,-1.07,s118;O9:-0.71,-1.25,s93;O10:-0.53,-1.25,s80;O11:-2.33,0.55,s75;O12:-2.33,0.37,s60;O13:-0.53,-0.89,s51;O14:-2.33,-0.71,s31;O15:-0.89,-0.71,s28;O16:-2.33,0.73,s2;O17:-0.71,-0.71,s2",RUNNING,UNKNOWN_MAP_SLAM_AVOIDANCE,unknown_map;frontier_targets;static_unknown_obstacles;dynamic_wandering_robot;costmap;slam_path_planning;obstacle_avoidance,P2_Wanderer,dynamic_wandering_robot,66.4718,66.4718,-0.4258,0.52032,1,0,0,12,6,32,17,1554,17,1554,-0.4258,0.52032,-0.86638,-0.4258,0.52032,-0.86638
49.4,PID,HECTOR_GRID_MATCHING,HECTOR_SCAN_MATCHING_GRID,landmarks,task3,TO_PICKUP_T2,AVOIDING,SLAM_WAYPOINT,T2,WS2,-1.45417,-0.99841,0.64906,-1.465,-1.008,0.57,0.00889,0.03683,2.12,-1.1,3.83174,0.34893,0.19115,88.00439,NORMAL,2,0,0,0,17,1565,17,17,70,1565,0.21012,0.94271,0,0,-1.227,-0.314,1,0,0.12686,1.32,13.31629,"O1:-2.33,-0.53,s193;O2:-2.33,0.19,s149;O3:-0.89,-1.25,s149;O4:-2.33,0.01,s137;O5:-2.33,-0.17,s135;O6:-2.33,-0.35,s125;O7:-0.89,-1.07,s124;O8:-0.89,-0.89,s124;O9:-0.71,-1.25,s93;O10:-0.53,-1.25,s80;O11:-2.33,0.55,s75;O12:-2.33,0.37,s60;O13:-0.53,-0.89,s51;O14:-2.33,-0.71,s31;O15:-0.89,-0.71,s28;O16:-2.33,0.73,s2;O17:-0.71,-0.71,s2","O1:-2.33,-0.53,s193;O2:-2.33,0.19,s149;O3:-0.89,-1.25,s149;O4:-2.33,0.01,s137;O5:-2.33,-0.17,s135;O6:-2.33,-0.35,s125;O7:-0.89,-1.07,s124;O8:-0.89,-0.89,s124;O9:-0.71,-1.25,s93;O10:-0.53,-1.25,s80;O11:-2.33,0.55,s75;O12:-2.33,0.37,s60;O13:-0.53,-0.89,s51;O14:-2.33,-0.71,s31;O15:-0.89,-0.71,s28;O16:-2.33,0.73,s2;O17:-0.71,-0.71,s2",RUNNING,UNKNOWN_MAP_SLAM_AVOIDANCE,unknown_map;frontier_targets;static_unknown_obstacles;dynamic_wandering_robot;costmap;slam_path_planning;obstacle_avoidance,P2_Wanderer,dynamic_wandering_robot,66.53655,66.53655,-0.40637,0.49746,1,0,0,12,6,32,17,1565,17,1565,-0.40637,0.49746,-0.86638,-0.40637,0.49746,-0.86638
49.55,PID,HECTOR_GRID_MATCHING,HECTOR_SCAN_MATCHING_GRID,landmarks,task3,TO_PICKUP_T2,AVOIDING,SLAM_WAYPOINT,T2,WS2,-1.43393,-0.99063,0.82486,-1.448,-0.995,0.769,0.00745,0.03941,2.12,-1.1,3.81223,0.3352,0.211,87.96893,NORMAL,2,0,0,0,17,1572,17,17,70,1572,0.21012,0.94271,0,0,-1.227,-0.314,1,0,0.13566,1.32,13.32509,"O1:-2.33,-0.53,s193;O2:-2.33,0.19,s149;O3:-0.89,-1.25,s149;O4:-2.33,0.01,s137;O5:-2.33,-0.17,s135;O6:-0.89,-0.89,s128;O7:-0.89,-1.07,s127;O8:-2.33,-0.35,s125;O9:-0.71,-1.25,s93;O10:-0.53,-1.25,s80;O11:-2.33,0.55,s75;O12:-2.33,0.37,s60;O13:-0.53,-0.89,s51;O14:-2.33,-0.71,s31;O15:-0.89,-0.71,s28;O16:-2.33,0.73,s2;O17:-0.71,-0.71,s2","O1:-2.33,-0.53,s193;O2:-2.33,0.19,s149;O3:-0.89,-1.25,s149;O4:-2.33,0.01,s137;O5:-2.33,-0.17,s135;O6:-0.89,-0.89,s128;O7:-0.89,-1.07,s127;O8:-2.33,-0.35,s125;O9:-0.71,-1.25,s93;O10:-0.53,-1.25,s80;O11:-2.33,0.55,s75;O12:-2.33,0.37,s60;O13:-0.53,-0.89,s51;O14:-2.33,-0.71,s31;O15:-0.89,-0.71,s28;O16:-2.33,0.73,s2;O17:-0.71,-0.71,s2",RUNNING,UNKNOWN_MAP_SLAM_AVOIDANCE,unknown_map;frontier_targets;static_unknown_obstacles;dynamic_wandering_robot;costmap;slam_path_planning;obstacle_avoidance,P2_Wanderer,dynamic_wandering_robot,66.57755,66.57755,-0.38694,0.4746,1,0,0,12,6,32,17,1572,17,1572,-0.38694,0.4746,-0.86638,-0.38694,0.4746,-0.86638
49.7,PID,HECTOR_GRID_MATCHING,HECTOR_SCAN_MATCHING_GRID,landmarks,task3,TO_PICKUP_T2,AVOIDING,SLAM_WAYPOINT,T2,WS2,-1.41542,-0.97902,0.98976,-1.441,-0.977,0.958,0.02084,0.04126,2.12,-1.1,3.79083,0.32249,0.23026,87.93261,NORMAL,2,0,0,0,17,1580,17,17,70,1580,0.21012,0.94271,0,0,-1.226,-0.313,1,0,0.13876,1.008,13.40619,"O1:-2.33,-0.53,s193;O2:-0.89,-1.25,s151;O3:-2.33,0.19,s149;O4:-2.33,0.01,s137;O5:-2.33,-0.17,s135;O6:-0.89,-0.89,s134;O7:-0.89,-1.07,s128;O8:-2.33,-0.35,s125;O9:-0.71,-1.25,s93;O10:-0.53,-1.25,s80;O11:-2.33,0.55,s75;O12:-2.33,0.37,s60;O13:-0.53,-0.89,s51;O14:-2.33,-0.71,s31;O15:-0.89,-0.71,s28;O16:-2.33,0.73,s2;O17:-0.71,-0.71,s2","O1:-2.33,-0.53,s193;O2:-0.89,-1.25,s151;O3:-2.33,0.19,s149;O4:-2.33,0.01,s137;O5:-2.33,-0.17,s135;O6:-0.89,-0.89,s134;O7:-0.89,-1.07,s128;O8:-2.33,-0.35,s125;O9:-0.71,-1.25,s93;O10:-0.53,-1.25,s80;O11:-2.33,0.55,s75;O12:-2.33,0.37,s60;O13:-0.53,-0.89,s51;O14:-2.33,-0.71,s31;O15:-0.89,-0.71,s28;O16:-2.33,0.73,s2;O17:-0.71,-0.71,s2",RUNNING,UNKNOWN_MAP_SLAM_AVOIDANCE,unknown_map;frontier_targets;static_unknown_obstacles;dynamic_wandering_robot;costmap;slam_path_planning;obstacle_avoidance,P2_Wanderer,dynamic_wandering_robot,66.62422,66.62422,-0.36751,0.45174,1,0,0,12,6,32,17,1580,17,1580,-0.36751,0.45174,-0.86638,-0.36751,0.45174,-0.86638
49.85,PID,HECTOR_GRID_MATCHING,HECTOR_SCAN_MATCHING_GRID,landmarks,task3,TO_PICKUP_T2,AVOIDING,SLAM_WAYPOINT,T2,WS2,-1.4006,-0.96408,1.11034,-1.421,-0.964,1.09,0.0164,0.04263,2.12,-1.1,3.76952,0.31531,0.24152,87.89812,NORMAL,2,0,0,0,17,1587,17,17,70,1587,0.21012,0.94271,0,0,-1.226,-0.313,1,0,0.13459,0.84799,13.45037,"O1:-2.33,-0.53,s193;O2:-0.89,-1.25,s151;O3:-2.33,0.19,s149;O4:-0.89,-0.89,s137;O5:-2.33,0.01,s137;O6:-2.33,-0.17,s135;O7:-0.89,-1.07,s131;O8:-2.33,-0.35,s125;O9:-0.71,-1.25,s93;O10:-0.53,-1.25,s80;O11:-2.33,0.55,s75;O12:-2.33,0.37,s60;O13:-0.53,-0.89,s51;O14:-2.33,-0.71,s31;O15:-0.89,-0.71,s28;O16:-2.33,0.73,s2;O17:-0.71,-0.71,s2","O1:-2.33,-0.53,s193;O2:-0.89,-1.25,s151;O3:-2.33,0.19,s149;O4:-0.89,-0.89,s137;O5:-2.33,0.01,s137;O6:-2.33,-0.17,s135;O7:-0.89,-1.07,s131;O8:-2.33,-0.35,s125;O9:-0.71,-1.25,s93;O10:-0.53,-1.25,s80;O11:-2.33,0.55,s75;O12:-2.33,0.37,s60;O13:-0.53,-0.89,s51;O14:-2.33,-0.71,s31;O15:-0.89,-0.71,s28;O16:-2.33,0.73,s2;O17:-0.71,-0.71,s2",RUNNING,UNKNOWN_MAP_SLAM_AVOIDANCE,unknown_map;frontier_targets;static_unknown_obstacles;dynamic_wandering_robot;costmap;slam_path_planning;obstacle_avoidance,P2_Wanderer,dynamic_wandering_robot,66.66488,66.66488,-0.34809,0.42888,1,0,0,12,6,32,17,1587,17,1587,-0.34809,0.42888,-0.86638,-0.34809,0.42888,-0.86638
50.0,PID,HECTOR_GRID_MATCHING,HECTOR_SCAN_MATCHING_GRID,landmarks,task3,TO_PICKUP_T2,AVOIDING,SLAM_WAYPOINT,T2,WS2,-1.38918,-0.94848,1.20755,-1.406,-0.931,1.197,0.0267,0.04364,2.12,-1.1,3.74973,0.31776,0.23765,87.86585,NORMAL,2,0,0,0,17,1595,17,17,70,1595,0.21012,0.94271,0,0,-1.225,-0.312,1,0,0.12214,0.52251,13.54419,"O1:-2.33,-0.53,s193;O2:-0.89,-1.25,s153;O3:-2.33,0.19,s149;O4:-0.89,-0.89,s141;O5:-2.33,0.01,s137;O6:-2.33,-0.17,s135;O7:-0.89,-1.07,s134;O8:-2.33,-0.35,s125;O9:-0.71,-1.25,s93;O10:-0.53,-1.25,s80;O11:-2.33,0.55,s75;O12:-2.33,0.37,s60;O13:-0.53,-0.89,s51;O14:-2.33,-0.71,s31;O15:-0.89,-0.71,s28;O16:-2.33,0.73,s2;O17:-0.71,-0.71,s2","O1:-2.33,-0.53,s193;O2:-0.89,-1.25,s153;O3:-2.33,0.19,s149;O4:-0.89,-0.89,s141;O5:-2.33,0.01,s137;O6:-2.33,-0.17,s135;O7:-0.89,-1.07,s134;O8:-2.33,-0.35,s125;O9:-0.71,-1.25,s93;O10:-0.53,-1.25,s80;O11:-2.33,0.55,s75;O12:-2.33,0.37,s60;O13:-0.53,-0.89,s51;O14:-2.33,-0.71,s31;O15:-0.89,-0.71,s28;O16:-2.33,0.73,s2;O17:-0.71,-0.71,s2",RUNNING,UNKNOWN_MAP_SLAM_AVOIDANCE,unknown_map;frontier_targets;static_unknown_obstacles;dynamic_wandering_robot;costmap;slam_path_planning;obstacle_avoidance,P2_Wanderer,dynamic_wandering_robot,66.71115,66.71115,-0.32866,0.40602,1,0,0,12,6,32,17,1595,17,1595,-0.32866,0.40602,-0.86638,-0.32866,0.40602,-0.86638
50.15,PID,HECTOR_GRID_MATCHING,HECTOR_SCAN_MATCHING_GRID,landmarks,task3,TO_PICKUP_T2,AVOIDING,SLAM_WAYPOINT,T2,WS2,-1.38108,-0.93232,1.26074,-1.397,-0.922,1.261,0.02055,0.04436,2.12,-1.1,3.73261,0.30981,0.25031,87.83707,NORMAL,2,0,0,0,17,1601,17,17,70,1601,0.21012,0.94271,0,0,-1.225,-0.312,1,0,0.1179,0.38132,13.59721,"O1:-2.33,-0.53,s193;O2:-0.89,-1.25,s153;O3:-2.33,0.19,s149;O4:-0.89,-0.89,s144;O5:-0.89,-1.07,s137;O6:-2.33,0.01,s137;O7:-2.33,-0.17,s135;O8:-2.33,-0.35,s125;O9:-0.71,-1.25,s93;O10:-0.53,-1.25,s80;O11:-2.33,0.55,s75;O12:-2.33,0.37,s60;O13:-0.53,-0.89,s51;O14:-2.33,-0.71,s31;O15:-0.89,-0.71,s28;O16:-2.33,0.73,s2;O17:-0.71,-0.71,s2","O1:-2.33,-0.53,s193;O2:-0.89,-1.25,s153;O3:-2.33,0.19,s149;O4:-0.89,-0.89,s144;O5:-0.89,-1.07,s137;O6:-2.33,0.01,s137;O7:-2.33,-0.17,s135;O8:-2.33,-0.35,s125;O9:-0.71,-1.25,s93;O10:-0.53,-1.25,s80;O11:-2.33,0.55,s75;O12:-2.33,0.37,s60;O13:-0.53,-0.89,s51;O14:-2.33,-0.71,s31;O15:-0.89,-0.71,s28;O16:-2.33,0.73,s2;O17:-0.71,-0.71,s2",RUNNING,UNKNOWN_MAP_SLAM_AVOIDANCE,unknown_map;frontier_targets;static_unknown_obstacles;dynamic_wandering_robot;costmap;slam_path_planning;obstacle_avoidance,P2_Wanderer,dynamic_wandering_robot,66.74572,66.74572,-0.30923,0.38316,1,0,0,12,6,32,17,1601,17,1601,-0.30923,0.38316,-0.86638,-0.30923,0.38316,-0.86638
50.3,PID,HECTOR_GRID_MATCHING,HECTOR_SCAN_MATCHING_GRID,landmarks,task3,TO_PICKUP_T2,AVOIDING,SLAM_WAYPOINT,T2,WS2,-1.37397,-0.91613,1.30941,-1.381,-0.916,1.31,0.00748,0.04486,2.12,-1.1,3.71663,0.30449,0.25897,87.80962,NORMAL,2,0,0,0,17,1607,17,17,70,1607,0.21012,0.94271,0,0,-1.225,-0.312,1,0,0.11254,0.34767,13.61099,"O1:-2.33,-0.53,s193;O2:-0.89,-1.25,s153;O3:-2.33,0.19,s149;O4:-0.89,-0.89,s147;O5:-0.89,-1.07,s140;O6:-2.33,0.01,s137;O7:-2.33,-0.17,s135;O8:-2.33,-0.35,s125;O9:-0.71,-1.25,s93;O10:-0.53,-1.25,s80;O11:-2.33,0.55,s75;O12:-2.33,0.37,s60;O13:-0.53,-0.89,s51;O14:-2.33,-0.71,s31;O15:-0.89,-0.71,s28;O16:-2.33,0.73,s2;O17:-0.71,-0.71,s2","O1:-2.33,-0.53,s193;O2:-0.89,-1.25,s153;O3:-2.33,0.19,s149;O4:-0.89,-0.89,s147;O5:-0.89,-1.07,s140;O6:-2.33,0.01,s137;O7:-2.33,-0.17,s135;O8:-2.33,-0.35,s125;O9:-0.71,-1.25,s93;O10:-0.53,-1.25,s80;O11:-2.33,0.55,s75;O12:-2.33,0.37,s60;O13:-0.53,-0.89,s51;O14:-2.33,-0.71,s31;O15:-0.89,-0.71,s28;O16:-2.33,0.73,s2;O17:-0.71,-0.71,s2",RUNNING,UNKNOWN_MAP_SLAM_AVOIDANCE,unknown_map;frontier_targets;static_unknown_obstacles;dynamic_wandering_robot;costmap;slam_path_planning;obstacle_avoidance,P2_Wanderer,dynamic_wandering_robot,66.78018,66.78018,-0.2898,0.3603,1,0,0,12,6,32,17,1607,17,1607,-0.2898,0.3603,-0.86638,-0.2898,0.3603,-0.86638
50.45,PID,HECTOR_GRID_MATCHING,HECTOR_SCAN_MATCHING_GRID,landmarks,task3,TO_PICKUP_T2,AVOIDING,SLAM_WAYPOINT,T2,WS2,-1.36789,-0.89973,1.35623,-1.37,-0.906,1.343,0.00122,0.04521,2.12,-1.1,3.701,0.3011,0.26457,87.78332,NORMAL,2,0,0,0,17,1613,17,17,70,1613,0.21012,0.94271,0,0,-1.225,-0.312,1,0,0.10701,0.32976,13.63379,"O1:-2.33,-0.53,s193;O2:-0.89,-1.25,s153;O3:-0.89,-0.89,s150;O4:-2.33,0.19,s149;O5:-0.89,-1.07,s143;O6:-2.33,0.01,s137;O7:-2.33,-0.17,s135;O8:-2.33,-0.35,s125;O9:-0.71,-1.25,s93;O10:-0.53,-1.25,s80;O11:-2.33,0.55,s75;O12:-2.33,0.37,s60;O13:-0.53,-0.89,s51;O14:-2.33,-0.71,s31;O15:-0.89,-0.71,s28;O16:-2.33,0.73,s2;O17:-0.71,-0.71,s2","O1:-2.33,-0.53,s193;O2:-0.89,-1.25,s153;O3:-0.89,-0.89,s150;O4:-2.33,0.19,s149;O5:-0.89,-1.07,s143;O6:-2.33,0.01,s137;O7:-2.33,-0.17,s135;O8:-2.33,-0.35,s125;O9:-0.71,-1.25,s93;O10:-0.53,-1.25,s80;O11:-2.33,0.55,s75;O12:-2.33,0.37,s60;O13:-0.53,-0.89,s51;O14:-2.33,-0.71,s31;O15:-0.89,-0.71,s28;O16:-2.33,0.73,s2;O17:-0.71,-0.71,s2",RUNNING,UNKNOWN_MAP_SLAM_AVOIDANCE,unknown_map;frontier_targets;static_unknown_obstacles;dynamic_wandering_robot;costmap;slam_path_planning;obstacle_avoidance,P2_Wanderer,dynamic_wandering_robot,66.81452,66.81452,-0.27038,0.33744,1,0,0,12,6,32,17,1613,17,1613,-0.27038,0.33744,-0.86638,-0.27038,0.33744,-0.86638
50.6,PID,HECTOR_GRID_MATCHING,HECTOR_SCAN_MATCHING_GRID,landmarks,task3,TO_PICKUP_T2,AVOIDING,SLAM_WAYPOINT,T2,WS2,-1.36291,-0.88401,1.39639,-1.365,-0.895,1.389,0.00541,0.04545,2.12,-1.1,3.6866,0.30041,0.26571,87.75829,NORMAL,2,0,0,0,17,1619,17,17,70,1619,0.21012,0.94271,0,0,-1.225,-0.312,1,0,0.10172,0.24163,13.66111,"O1:-2.33,-0.53,s193;O2:-0.89,-0.89,s153;O3:-0.89,-1.25,s153;O4:-2.33,0.19,s149;O5:-0.89,-1.07,s146;O6:-2.33,0.01,s137;O7:-2.33,-0.17,s135;O8:-2.33,-0.35,s125;O9:-0.71,-1.25,s93;O10:-0.53,-1.25,s80;O11:-2.33,0.55,s75;O12:-2.33,0.37,s60;O13:-0.53,-0.89,s51;O14:-2.33,-0.71,s31;O15:-0.89,-0.71,s28;O16:-2.33,0.73,s2;O17:-0.71,-0.71,s2","O1:-2.33,-0.53,s193;O2:-0.89,-0.89,s153;O3:-0.89,-1.25,s153;O4:-2.33,0.19,s149;O5:-0.89,-1.07,s146;O6:-2.33,0.01,s137;O7:-2.33,-0.17,s135;O8:-2.33,-0.35,s125;O9:-0.71,-1.25,s93;O10:-0.53,-1.25,s80;O11:-2.33,0.55,s75;O12:-2.33,0.37,s60;O13:-0.53,-0.89,s51;O14:-2.33,-0.71,s31;O15:-0.89,-0.71,s28;O16:-2.33,0.73,s2;O17:-0.71,-0.71,s2",RUNNING,UNKNOWN_MAP_SLAM_AVOIDANCE,unknown_map;frontier_targets;static_unknown_obstacles;dynamic_wandering_robot;costmap;slam_path_planning;obstacle_avoidance,P2_Wanderer,dynamic_wandering_robot,66.84875,66.84875,-0.25095,0.31458,1,0,0,12,6,32,17,1619,17,1619,-0.25095,0.31458,-0.86638,-0.25095,0.31458,-0.86638
50.75,PID,HECTOR_GRID_MATCHING,HECTOR_SCAN_MATCHING_GRID,landmarks,task3,TO_PICKUP_T2,AVOIDING,SLAM_WAYPOINT,T2,WS2,-1.35929,-0.86981,1.42579,-1.359,-0.864,1.42,0.01082,0.0456,2.12,-1.1,3.67396,0.30166,0.26363,87.73507,NORMAL,2,0,0,0,17,1625,17,17,70,1625,0.21012,0.94271,0,0,-1.222,-0.31,1,0,0.08875,0.17641,13.69039,"O1:-2.33,-0.53,s193;O2:-0.89,-0.89,s156;O3:-0.89,-1.25,s153;O4:-2.33,0.19,s149;O5:-0.89,-1.07,s149;O6:-2.33,0.01,s137;O7:-2.33,-0.17,s135;O8:-2.33,-0.35,s125;O9:-0.71,-1.25,s93;O10:-0.53,-1.25,s80;O11:-2.33,0.55,s75;O12:-2.33,0.37,s60;O13:-0.53,-0.89,s51;O14:-2.33,-0.71,s31;O15:-0.89,-0.71,s28;O16:-2.33,0.73,s2;O17:-0.71,-0.71,s2","O1:-2.33,-0.53,s193;O2:-0.89,-0.89,s156;O3:-0.89,-1.25,s153;O4:-2.33,0.19,s149;O5:-0.89,-1.07,s149;O6:-2.33,0.01,s137;O7:-2.33,-0.17,s135;O8:-2.33,-0.35,s125;O9:-0.71,-1.25,s93;O10:-0.53,-1.25,s80;O11:-2.33,0.55,s75;O12:-2.33,0.37,s60;O13:-0.53,-0.89,s51;O14:-2.33,-0.71,s31;O15:-0.89,-0.71,s28;O16:-2.33,0.73,s2;O17:-0.71,-0.71,s2",RUNNING,UNKNOWN_MAP_SLAM_AVOIDANCE,unknown_map;frontier_targets;static_unknown_obstacles;dynamic_wandering_robot;costmap;slam_path_planning;obstacle_avoidance,P2_Wanderer,dynamic_wandering_robot,66.88286,66.88286,-0.23152,0.29172,1,0,0,12,6,32,17,1625,17,1625,-0.23152,0.29172,-0.86638,-0.23152,0.29172,-0.86638
50.9,PID,HECTOR_GRID_MATCHING,HECTOR_SCAN_MATCHING_GRID,landmarks,task3,TO_PICKUP_T2,AVOIDING,SLAM_WAYPOINT,T2,WS2,-1.35644,-0.85696,1.45131,-1.347,-0.858,1.446,0.01109,0.04567,2.12,-1.1,3.66336,0.30413,0.25956,87.71445,NORMAL,2,0,0,0,17,1631,17,17,70,1631,0.21012,0.94271,0,0,-1.223,-0.31,1,0,0.08597,0.17242,13.70115,"O1:-2.33,-0.53,s193;O2:-0.89,-0.89,s161;O3:-0.89,-1.25,s153;O4:-0.89,-1.07,s150;O5:-2.33,0.19,s149;O6:-2.33,0.01,s137;O7:-2.33,-0.17,s135;O8:-2.33,-0.35,s125;O9:-0.71,-1.25,s93;O10:-0.53,-1.25,s80;O11:-2.33,0.55,s75;O12:-2.33,0.37,s60;O13:-0.53,-0.89,s51;O14:-2.33,-0.71,s31;O15:-0.89,-0.71,s28;O16:-2.33,0.73,s2;O17:-0.71,-0.71,s2","O1:-2.33,-0.53,s193;O2:-0.89,-0.89,s161;O3:-0.89,-1.25,s153;O4:-0.89,-1.07,s150;O5:-2.33,0.19,s149;O6:-2.33,0.01,s137;O7:-2.33,-0.17,s135;O8:-2.33,-0.35,s125;O9:-0.71,-1.25,s93;O10:-0.53,-1.25,s80;O11:-2.33,0.55,s75;O12:-2.33,0.37,s60;O13:-0.53,-0.89,s51;O14:-2.33,-0.71,s31;O15:-0.89,-0.71,s28;O16:-2.33,0.73,s2;O17:-0.71,-0.71,s2",RUNNING,UNKNOWN_MAP_SLAM_AVOIDANCE,unknown_map;frontier_targets;static_unknown_obstacles;dynamic_wandering_robot;costmap;slam_path_planning;obstacle_avoidance,P2_Wanderer,dynamic_wandering_robot,66.91687,66.91687,-0.21209,0.26886,1,0,0,12,6,32,17,1631,17,1631,-0.21209,0.26886,-0.86638,-0.21209,0.26886,-0.86638
51.05,PID,HECTOR_GRID_MATCHING,HECTOR_SCAN_MATCHING_GRID,landmarks,task3,TO_PICKUP_T2,AVOIDING,DIRECT_AFTER_WAYPOINT,T2,WS2,-1.35391,-0.84199,1.47083,-1.347,-0.843,1.472,0.00982,0.04573,2.12,-1.1,3.65319,0.30754,0.25398,87.69409,NORMAL,2,0,0,0,17,1640,17,17,70,1640,0.21012,0.94271,0,0,1.46,1.48,0,0,0.40054,-0.86148,14.28024,"O1:-2.33,-0.53,s193;O2:-0.89,-0.89,s166;O3:-0.89,-1.25,s155;O4:-0.89,-1.07,s151;O5:-2.33,0.19,s149;O6:-2.33,0.01,s137;O7:-2.33,-0.17,s135;O8:-2.33,-0.35,s125;O9:-0.71,-1.25,s93;O10:-0.53,-1.25,s80;O11:-2.33,0.55,s75;O12:-2.33,0.37,s60;O13:-0.53,-0.89,s51;O14:-2.33,-0.71,s31;O15:-0.89,-0.71,s28;O16:-2.33,0.73,s2;O17:-0.71,-0.71,s2","O1:-2.33,-0.53,s193;O2:-0.89,-0.89,s166;O3:-0.89,-1.25,s155;O4:-0.89,-1.07,s151;O5:-2.33,0.19,s149;O6:-2.33,0.01,s137;O7:-2.33,-0.17,s135;O8:-2.33,-0.35,s125;O9:-0.71,-1.25,s93;O10:-0.53,-1.25,s80;O11:-2.33,0.55,s75;O12:-2.33,0.37,s60;O13:-0.53,-0.89,s51;O14:-2.33,-0.71,s31;O15:-0.89,-0.71,s28;O16:-2.33,0.73,s2;O17:-0.71,-0.71,s2",RUNNING,UNKNOWN_MAP_SLAM_AVOIDANCE,unknown_map;frontier_targets;static_unknown_obstacles;dynamic_wandering_robot;costmap;slam_path_planning;obstacle_avoidance,P2_Wanderer,dynamic_wandering_robot,66.96765,66.96765,-0.19267,0.246,1,0,0,12,6,32,17,1640,17,1640,-0.19267,0.246,-0.86638,-0.19267,0.246,-0.86638
51.2,PID,HECTOR_GRID_MATCHING,HECTOR_SCAN_MATCHING_GRID,landmarks,task3,TO_PICKUP_T2,AVOIDING,DIRECT_AFTER_WAYPOINT,T2,WS2,-1.34959,-0.80069,1.49229,-1.359,-0.806,1.494,0.01422,0.04667,2.12,-1.1,3.63034,0.31232,0.04433,87.59529,NORMAL,2,0,0,0,17,1649,17,17,70,1649,0.20992,0.94271,0,0,1.46,1.48,0,0,0.5451,-1.24394,14.52041,"O1:-2.33,-0.53,s193;O2:-0.89,-0.89,s172;O3:-0.89,-1.25,s158;O4:-0.89,-1.07,s151;O5:-2.33,0.19,s149;O6:-2.33,0.01,s137;O7:-2.33,-0.17,s135;O8:-2.33,-0.35,s125;O9:-0.71,-1.25,s93;O10:-0.53,-1.25,s80;O11:-2.33,0.55,s75;O12:-2.33,0.37,s60;O13:-0.53,-0.89,s51;O14:-2.33,-0.71,s31;O15:-0.89,-0.71,s28;O16:-2.33,0.73,s2;O17:-0.71,-0.71,s2","O1:-2.33,-0.53,s193;O2:-0.89,-0.89,s172;O3:-0.89,-1.25,s158;O4:-0.89,-1.07,s151;O5:-2.33,0.19,s149;O6:-2.33,0.01,s137;O7:-2.33,-0.17,s135;O8:-2.33,-0.35,s125;O9:-0.71,-1.25,s93;O10:-0.53,-1.25,s80;O11:-2.33,0.55,s75;O12:-2.33,0.37,s60;O13:-0.53,-0.89,s51;O14:-2.33,-0.71,s31;O15:-0.89,-0.71,s28;O16:-2.33,0.73,s2;O17:-0.71,-0.71,s2",RUNNING,UNKNOWN_MAP_SLAM_AVOIDANCE,unknown_map;frontier_targets;static_unknown_obstacles;dynamic_wandering_robot;costmap;slam_path_planning;obstacle_avoidance,P2_Wanderer,dynamic_wandering_robot,67.01819,67.01819,-0.17324,0.22314,1,0,0,12,6,32,17,1649,17,1649,-0.17324,0.22314,-0.86638,-0.17324,0.22314,-0.86638
51.35,PID,HECTOR_GRID_MATCHING,HECTOR_SCAN_MATCHING_GRID,landmarks,task3,TO_PICKUP_T2,AVOIDING,DIRECT_AFTER_WAYPOINT,T2,WS2,-1.34684,-0.74388,1.44421,-1.356,-0.754,1.461,0.01318,0.04801,2.12,-1.1,3.59462,0.3113,0.04462,87.48211,NORMAL,2,0,0,0,17,1658,17,17,70,1658,0.21037,0.94271,0,0,1.46,1.48,0,0,0.54984,-1.31751,14.54354,"O1:-2.33,-0.53,s193;O2:-0.89,-0.89,s175;O3:-0.89,-1.25,s159;O4:-0.89,-1.07,s153;O5:-2.33,0.19,s149;O6:-2.33,0.01,s137;O7:-2.33,-0.17,s135;O8:-2.33,-0.35,s125;O9:-0.71,-1.25,s93;O10:-0.53,-1.25,s80;O11:-2.33,0.55,s75;O12:-2.33,0.37,s60;O13:-0.53,-0.89,s54;O14:-2.33,-0.71,s31;O15:-0.89,-0.71,s28;O16:-2.33,0.73,s2;O17:-0.71,-0.71,s2","O1:-2.33,-0.53,s193;O2:-0.89,-0.89,s175;O3:-0.89,-1.25,s159;O4:-0.89,-1.07,s153;O5:-2.33,0.19,s149;O6:-2.33,0.01,s137;O7:-2.33,-0.17,s135;O8:-2.33,-0.35,s125;O9:-0.71,-1.25,s93;O10:-0.53,-1.25,s80;O11:-2.33,0.55,s75;O12:-2.33,0.37,s60;O13:-0.53,-0.89,s54;O14:-2.33,-0.71,s31;O15:-0.89,-0.71,s28;O16:-2.33,0.73,s2;O17:-0.71,-0.71,s2",RUNNING,UNKNOWN_MAP_SLAM_AVOIDANCE,unknown_map;frontier_targets;static_unknown_obstacles;dynamic_wandering_robot;costmap;slam_path_planning;obstacle_avoidance,P2_Wanderer,dynamic_wandering_robot,67.06847,67.06847,-0.15381,0.20028,1,0,0,12,6,32,17,1658,17,1658,-0.15381,0.20028,-0.86638,-0.15381,0.20028,-0.86638
51.5,PID,HECTOR_GRID_MATCHING,HECTOR_SCAN_MATCHING_GRID,landmarks,task3,TO_PICKUP_T2,AVOIDING,DIRECT,T2,WS2,-1.33946,-0.67125,1.30037,-1.349,-0.698,1.338,0.00565,0.04943,2.12,-1.1,3.54957,0.32173,0.04166,87.36851,NORMAL,2,0,0,0,16,1667,17,16,70,1667,0.21195,0.94271,0,0,1.46,1.48,0,0,0.54999,-1.13373,14.58964,"O1:-2.33,-0.53,s193;O2:-0.89,-0.89,s178;O3:-0.89,-1.25,s159;O4:-0.89,-1.07,s156;O5:-2.33,0.19,s149;O6:-2.33,0.01,s137;O7:-2.33,-0.17,s135;O8:-2.33,-0.35,s125;O9:-0.71,-1.25,s93;O10:-0.53,-1.25,s80;O11:-2.33,0.55,s75;O12:-2.33,0.37,s60;O13:-0.53,-0.89,s57;O14:-2.33,-0.71,s31;O15:-2.33,0.73,s2;O16:-0.71,-0.71,s2","O1:-2.33,-0.53,s193;O2:-0.89,-0.89,s178;O3:-0.89,-1.25,s159;O4:-0.89,-1.07,s156;O5:-2.33,0.19,s149;O6:-2.33,0.01,s137;O7:-2.33,-0.17,s135;O8:-2.33,-0.35,s125;O9:-0.71,-1.25,s93;O10:-0.53,-1.25,s80;O11:-2.33,0.55,s75;O12:-2.33,0.37,s60;O13:-0.53,-0.89,s57;O14:-2.33,-0.71,s31;O15:-2.33,0.73,s2;O16:-0.71,-0.71,s2",RUNNING,UNKNOWN_MAP_SLAM_AVOIDANCE,unknown_map;frontier_targets;static_unknown_obstacles;dynamic_wandering_robot;costmap;slam_path_planning;obstacle_avoidance,P2_Wanderer,dynamic_wandering_robot,64.4185,64.4185,-0.13438,0.17742,1,0,0,12,6,32,16,1667,16,1667,-0.13438,0.17742,-0.86638,-0.13438,0.17742,-0.86638
51.65,PID,HECTOR_GRID_MATCHING,HECTOR_SCAN_MATCHING_GRID,landmarks,task3,TO_PICKUP_T2,AVOIDING,DIRECT,T2,WS2,-1.31903,-0.59442,1.15163,-1.325,-0.615,1.182,0.00535,0.05023,2.12,-1.1,3.48985,0.3359,0.03779,87.25615,NORMAL,2,0,0,0,16,1676,17,16,70,1676,0.21244,0.94271,0,0,1.46,1.48,0,0,0.55,-0.89699,14.64883,"O1:-2.33,-0.53,s193;O2:-0.89,-0.89,s181;O3:-0.89,-1.25,s162;O4:-0.89,-1.07,s156;O5:-2.33,0.19,s149;O6:-2.33,0.01,s137;O7:-2.33,-0.17,s135;O8:-2.33,-0.35,s125;O9:-0.71,-1.25,s93;O10:-0.53,-1.25,s80;O11:-2.33,0.55,s75;O12:-2.33,0.37,s60;O13:-0.53,-0.89,s60;O14:-2.33,-0.71,s31;O15:-2.33,0.73,s2;O16:-0.71,-0.71,s2","O1:-2.33,-0.53,s193;O2:-0.89,-0.89,s181;O3:-0.89,-1.25,s162;O4:-0.89,-1.07,s156;O5:-2.33,0.19,s149;O6:-2.33,0.01,s137;O7:-2.33,-0.17,s135;O8:-2.33,-0.35,s125;O9:-0.71,-1.25,s93;O10:-0.53,-1.25,s80;O11:-2.33,0.55,s75;O12:-2.33,0.37,s60;O13:-0.53,-0.89,s60;O14:-2.33,-0.71,s31;O15:-2.33,0.73,s2;O16:-0.71,-0.71,s2",RUNNING,UNKNOWN_MAP_SLAM_AVOIDANCE,unknown_map;frontier_targets;static_unknown_obstacles;dynamic_wandering_robot;costmap;slam_path_planning;obstacle_avoidance,P2_Wanderer,dynamic_wandering_robot,64.46829,64.46829,-0.11496,0.15456,1,0,0,12,6,32,16,1676,16,1676,-0.11496,0.15456,-0.86638,-0.11496,0.15456,-0.86638
51.8,PID,HECTOR_GRID_MATCHING,HECTOR_SCAN_MATCHING_GRID,landmarks,task3,TO_PICKUP_T2,AVOIDING,DIRECT,T2,WS2,-1.28664,-0.52101,1.03676,-1.29,-0.551,1.064,0.01047,0.05033,2.12,-1.1,3.42209,0.34604,0.03515,87.14496,NORMAL,2,0,0,0,17,1688,18,17,71,1688,0.21945,0.94271,0,0,1.46,1.48,0,0,0.55,-0.71194,14.6951,"O1:-2.33,-0.53,s193;O2:-0.89,-0.89,s184;O3:-0.89,-1.25,s165;O4:-0.89,-1.07,s156;O5:-2.33,0.19,s149;O6:-2.33,0.01,s137;O7:-2.33,-0.17,s135;O8:-2.33,-0.35,s125;O9:-0.71,-1.25,s93;O10:-0.53,-1.25,s80;O11:-2.33,0.55,s75;O12:-0.53,-0.89,s63;O13:-2.33,0.37,s60;O14:-2.33,-0.71,s31;O15:-2.33,0.73,s2;O16:-0.71,-0.71,s2;O17:-0.35,-0.53,s2","O1:-2.33,-0.53,s193;O2:-0.89,-0.89,s184;O3:-0.89,-1.25,s165;O4:-0.89,-1.07,s156;O5:-2.33,0.19,s149;O6:-2.33,0.01,s137;O7:-2.33,-0.17,s135;O8:-2.33,-0.35,s125;O9:-0.71,-1.25,s93;O10:-0.53,-1.25,s80;O11:-2.33,0.55,s75;O12:-0.53,-0.89,s63;O13:-2.33,0.37,s60;O14:-2.33,-0.71,s31;O15:-2.33,0.73,s2;O16:-0.71,-0.71,s2;O17:-0.35,-0.53,s2",RUNNING,UNKNOWN_MAP_SLAM_AVOIDANCE,unknown_map;frontier_targets;static_unknown_obstacles;dynamic_wandering_robot;costmap;slam_path_planning;obstacle_avoidance,P2_Wanderer,dynamic_wandering_robot,67.23428,67.23428,-0.09553,0.1317,1,0,0,12,6,32,17,1688,17,1688,-0.09553,0.1317,-0.86638,-0.09553,0.1317,-0.86638
51.95,PID,HECTOR_GRID_MATCHING,HECTOR_SCAN_MATCHING_GRID,landmarks,task3,TO_PICKUP_T2,AVOIDING,DIRECT,T2,WS2,-1.24573,-0.4515,0.94552,-1.252,-0.476,0.972,0.009,0.05012,2.12,-1.1,3.34954,0.3573,0.03485,87.03466,NORMAL,2,0,0,0,17,1698,18,17,73,1698,0.22941,0.94271,0,0,1.46,1.48,0,0,0.55,-0.53625,14.73902,"O1:-2.33,-0.53,s193;O2:-0.89,-0.89,s187;O3:-0.89,-1.25,s167;O4:-0.89,-1.07,s156;O5:-2.33,0.19,s149;O6:-2.33,0.01,s137;O7:-2.33,-0.17,s135;O8:-2.33,-0.35,s125;O9:-0.71,-1.25,s93;O10:-0.53,-1.25,s80;O11:-2.33,0.55,s75;O12:-0.53,-0.89,s65;O13:-2.33,0.37,s60;O14:-2.33,-0.71,s31;O15:-0.35,-0.53,s5;O16:-2.33,0.73,s2;O17:-0.71,-0.71,s2","O1:-2.33,-0.53,s193;O2:-0.89,-0.89,s187;O3:-0.89,-1.25,s167;O4:-0.89,-1.07,s156;O5:-2.33,0.19,s149;O6:-2.33,0.01,s137;O7:-2.33,-0.17,s135;O8:-2.33,-0.35,s125;O9:-0.71,-1.25,s93;O10:-0.53,-1.25,s80;O11:-2.33,0.55,s75;O12:-0.53,-0.89,s65;O13:-2.33,0.37,s60;O14:-2.33,-0.71,s31;O15:-0.35,-0.53,s5;O16:-2.33,0.73,s2;O17:-0.71,-0.71,s2",RUNNING,UNKNOWN_MAP_SLAM_AVOIDANCE,unknown_map;frontier_targets;static_unknown_obstacles;dynamic_wandering_robot;costmap;slam_path_planning;obstacle_avoidance,P2_Wanderer,dynamic_wandering_robot,67.28894,67.28894,-0.0761,0.10884,1,0,0,12,6,32,17,1698,17,1698,-0.0761,0.10884,-0.86638,-0.0761,0.10884,-0.86638
52.1,PID,HECTOR_GRID_MATCHING,HECTOR_SCAN_MATCHING_GRID,landmarks,task3,TO_PICKUP_T2,AVOIDING,DIRECT,T2,WS2,-1.19845,-0.38564,0.87468,-1.217,-0.412,0.894,0.00567,0.0498,2.12,-1.1,3.27364,0.37202,0.0288,86.92513,NORMAL,2,0,0,0,18,1707,19,18,75,1707,0.22601,0.94271,0,0,1.46,1.48,0,0,0.55,-0.4307,14.7654,"O1:-2.33,-0.53,s193;O2:-0.89,-0.89,s190;O3:-0.89,-1.25,s167;O4:-0.89,-1.07,s156;O5:-2.33,0.19,s149;O6:-2.33,0.01,s137;O7:-2.33,-0.17,s135;O8:-2.33,-0.35,s125;O9:-0.71,-1.25,s93;O10:-0.53,-1.25,s80;O11:-2.33,0.55,s75;O12:-0.53,-0.89,s65;O13:-2.33,0.37,s60;O14:-2.33,-0.71,s31;O15:-0.35,-0.53,s5;O16:-0.35,-0.35,s3;O17:-2.33,0.73,s2;O18:-0.71,-0.71,s2","O1:-2.33,-0.53,s193;O2:-0.89,-0.89,s190;O3:-0.89,-1.25,s167;O4:-0.89,-1.07,s156;O5:-2.33,0.19,s149;O6:-2.33,0.01,s137;O7:-2.33,-0.17,s135;O8:-2.33,-0.35,s125;O9:-0.71,-1.25,s93;O10:-0.53,-1.25,s80;O11:-2.33,0.55,s75;O12:-0.53,-0.89,s65;O13:-2.33,0.37,s60;O14:-2.33,-0.71,s31;O15:-0.35,-0.53,s5;O16:-0.35,-0.35,s3;O17:-2.33,0.73,s2;O18:-0.71,-0.71,s2",RUNNING,UNKNOWN_MAP_SLAM_AVOIDANCE,unknown_map;frontier_targets;static_unknown_obstacles;dynamic_wandering_robot;costmap;slam_path_planning;obstacle_avoidance,P2_Wanderer,dynamic_wandering_robot,70.03787,70.03787,-0.05667,0.08599,1,0,0,12,6,32,18,1707,18,1707,-0.05667,0.08599,-0.86638,-0.05667,0.08599,-0.86638
52.25,PID,HECTOR_GRID_MATCHING,HECTOR_SCAN_MATCHING_GRID,landmarks,task3,TO_PICKUP_T2,AVOIDING,DIRECT,T2,WS2,-1.14648,-0.32317,0.81881,-1.152,-0.352,0.832,0.01495,0.04942,2.12,-1.1,3.19579,0.39307,0.02411,86.81617,NORMAL,2,0,0,0,18,1719,20,18,75,1719,0.21588,0.94271,0,0,1.46,1.48,0,0,0.55,-0.35318,14.78479,"O1:-0.89,-0.89,s193;O2:-2.33,-0.53,s193;O3:-0.89,-1.25,s169;O4:-0.89,-1.07,s156;O5:-2.33,0.19,s149;O6:-2.33,0.01,s137;O7:-2.33,-0.17,s135;O8:-2.33,-0.35,s125;O9:-0.71,-1.25,s93;O10:-0.53,-1.25,s80;O11:-2.33,0.55,s75;O12:-0.53,-0.89,s65;O13:-2.33,0.37,s60;O14:-2.33,-0.71,s31;O15:-0.71,-0.89,s7;O16:-0.35,-0.35,s6;O17:-0.35,-0.53,s5;O18:-2.33,0.73,s2","O1:-0.89,-0.89,s193;O2:-2.33,-0.53,s193;O3:-0.89,-1.25,s169;O4:-0.89,-1.07,s156;O5:-2.33,0.19,s149;O6:-2.33,0.01,s137;O7:-2.33,-0.17,s135;O8:-2.33,-0.35,s125;O9:-0.71,-1.25,s93;O10:-0.53,-1.25,s80;O11:-2.33,0.55,s75;O12:-0.53,-0.89,s65;O13:-2.33,0.37,s60;O14:-2.33,-0.71,s31;O15:-0.71,-0.89,s7;O16:-0.35,-0.35,s6;O17:-0.35,-0.53,s5;O18:-2.33,0.73,s2",RUNNING,UNKNOWN_MAP_SLAM_AVOIDANCE,unknown_map;frontier_targets;static_unknown_obstacles;dynamic_wandering_robot;costmap;slam_path_planning;obstacle_avoidance,P2_Wanderer,dynamic_wandering_robot,70.10273,70.10273,-0.03724,0.06313,1,0,0,12,6,32,18,1719,18,1719,-0.03724,0.06313,-0.86638,-0.03724,0.06313,-0.86638
52.4,PID,HECTOR_GRID_MATCHING,HECTOR_SCAN_MATCHING_GRID,landmarks,task3,TO_PICKUP_T2,AVOIDING,DIRECT,T2,WS2,-1.09089,-0.26357,0.77179,-1.107,-0.287,0.782,0.00443,0.04912,2.12,-1.1,3.11657,0.44544,0.01427,86.70756,NORMAL,2,0,0,0,18,1731,20,18,75,1731,0.21087,0.94271,0,0,1.46,1.48,0,0,0.55,-0.29774,14.79864,"O1:-0.89,-0.89,s196;O2:-2.33,-0.53,s193;O3:-0.89,-1.25,s172;O4:-0.89,-1.07,s156;O5:-2.33,0.19,s149;O6:-2.33,0.01,s137;O7:-2.33,-0.17,s135;O8:-2.33,-0.35,s125;O9:-0.71,-1.25,s93;O10:-0.53,-1.25,s80;O11:-2.33,0.55,s75;O12:-0.53,-0.89,s65;O13:-2.33,0.37,s60;O14:-2.33,-0.71,s31;O15:-0.71,-0.89,s10;O16:-0.35,-0.35,s9;O17:-0.35,-0.53,s5;O18:-2.33,0.73,s2","O1:-0.89,-0.89,s196;O2:-2.33,-0.53,s193;O3:-0.89,-1.25,s172;O4:-0.89,-1.07,s156;O5:-2.33,0.19,s149;O6:-2.33,0.01,s137;O7:-2.33,-0.17,s135;O8:-2.33,-0.35,s125;O9:-0.71,-1.25,s93;O10:-0.53,-1.25,s80;O11:-2.33,0.55,s75;O12:-0.53,-0.89,s65;O13:-2.33,0.37,s60;O14:-2.33,-0.71,s31;O15:-0.71,-0.89,s10;O16:-0.35,-0.35,s9;O17:-0.35,-0.53,s5;O18:-2.33,0.73,s2",RUNNING,UNKNOWN_MAP_SLAM_AVOIDANCE,unknown_map;frontier_targets;static_unknown_obstacles;dynamic_wandering_robot;costmap;slam_path_planning;obstacle_avoidance,P2_Wanderer,dynamic_wandering_robot,70.16717,70.16717,-0.01782,0.04027,1,0,0,12,6,32,18,1731,18,1731,-0.01782,0.04027,-0.86638,-0.01782,0.04027,-0.86638
52.55,PID,HECTOR_GRID_MATCHING,HECTOR_SCAN_MATCHING_GRID,landmarks,task3,TO_PICKUP_T2,AVOIDING,DIRECT,T2,WS2,-1.03242,-0.20657,0.73313,-1.047,-0.229,0.745,0.00635,0.04891,2.12,-1.1,3.03643,0.50007,0.01615,86.59924,NORMAL,2,0,0,0,18,1740,20,18,77,1740,0.21726,0.94271,0,0,1.46,1.48,0,0,0.55,-0.23614,14.81404,"O1:-0.89,-0.89,s199;O2:-2.33,-0.53,s193;O3:-0.89,-1.25,s174;O4:-0.89,-1.07,s156;O5:-2.33,0.19,s149;O6:-2.33,0.01,s137;O7:-2.33,-0.17,s135;O8:-2.33,-0.35,s125;O9:-0.71,-1.25,s93;O10:-0.53,-1.25,s80;O11:-2.33,0.55,s75;O12:-0.53,-0.89,s68;O13:-2.33,0.37,s60;O14:-2.33,-0.71,s31;O15:-0.35,-0.35,s12;O16:-0.71,-0.89,s10;O17:-0.35,-0.53,s5;O18:-2.33,0.73,s2","O1:-0.89,-0.89,s199;O2:-2.33,-0.53,s193;O3:-0.89,-1.25,s174;O4:-0.89,-1.07,s156;O5:-2.33,0.19,s149;O6:-2.33,0.01,s137;O7:-2.33,-0.17,s135;O8:-2.33,-0.35,s125;O9:-0.71,-1.25,s93;O10:-0.53,-1.25,s80;O11:-2.33,0.55,s75;O12:-0.53,-0.89,s68;O13:-2.33,0.37,s60;O14:-2.33,-0.71,s31;O15:-0.35,-0.35,s12;O16:-0.71,-0.89,s10;O17:-0.35,-0.53,s5;O18:-2.33,0.73,s2",RUNNING,UNKNOWN_MAP_SLAM_AVOIDANCE,unknown_map;frontier_targets;static_unknown_obstacles;dynamic_wandering_robot;costmap;slam_path_planning;obstacle_avoidance,P2_Wanderer,dynamic_wandering_robot,70.21521,70.21521,0.00161,0.01741,1,0,0,12,6,32,18,1740,18,1740,0.00161,0.01741,-0.86638,0.00161,0.01741,-0.86638
52.7,PID,HECTOR_GRID_MATCHING,HECTOR_SCAN_MATCHING_GRID,landmarks,task3,TO_PICKUP_T2,AVOIDING,DIRECT,T2,WS2,-0.97162,-0.15178,0.70499,-0.988,-0.168,0.714,0.00457,0.0488,2.12,-1.1,2.9556,0.49074,0.04327,86.49127,NORMAL,2,0,0,0,18,1748,20,18,78,1748,0.2173,0.94271,0,0,1.46,1.48,0,0,0.55,-0.16094,14.83284,"O1:-0.89,-0.89,s199;O2:-2.33,-0.53,s193;O3:-0.89,-1.25,s174;O4:-0.89,-1.07,s156;O5:-2.33,0.19,s149;O6:-2.33,0.01,s137;O7:-2.33,-0.17,s135;O8:-2.33,-0.35,s125;O9:-0.71,-1.25,s93;O10:-0.53,-1.25,s80;O11:-2.33,0.55,s75;O12:-0.53,-0.89,s68;O13:-2.33,0.37,s60;O14:-2.33,-0.71,s31;O15:-0.35,-0.35,s15;O16:-0.71,-0.89,s13;O17:-0.35,-0.53,s5;O18:-2.33,0.73,s2","O1:-0.89,-0.89,s199;O2:-2.33,-0.53,s193;O3:-0.89,-1.25,s174;O4:-0.89,-1.07,s156;O5:-2.33,0.19,s149;O6:-2.33,0.01,s137;O7:-2.33,-0.17,s135;O8:-2.33,-0.35,s125;O9:-0.71,-1.25,s93;O10:-0.53,-1.25,s80;O11:-2.33,0.55,s75;O12:-0.53,-0.89,s68;O13:-2.33,0.37,s60;O14:-2.33,-0.71,s31;O15:-0.35,-0.35,s15;O16:-0.71,-0.89,s13;O17:-0.35,-0.53,s5;O18:-2.33,0.73,s2",RUNNING,UNKNOWN_MAP_SLAM_AVOIDANCE,unknown_map;frontier_targets;static_unknown_obstacles;dynamic_wandering_robot;costmap;slam_path_planning;obstacle_avoidance,P2_Wanderer,dynamic_wandering_robot,70.25772,70.25772,0.02104,-0.00545,1,0,0,12,6,32,18,1748,18,1748,0.02104,-0.00545,-0.86638,0.02104,-0.00545,-0.86638
52.85,PID,HECTOR_GRID_MATCHING,HECTOR_SCAN_MATCHING_GRID,landmarks,task3,TO_PICKUP_T2,AVOIDING,DIRECT,T2,WS2,-0.90905,-0.09862,0.68912,-0.936,-0.12,0.693,0.00709,0.0488,2.12,-1.1,2.87418,0.44746,0.07745,86.3837,NORMAL,2,0,0,0,18,1760,20,18,79,1760,0.20782,0.94271,0,0,1.46,1.48,0,0,0.55,-0.07033,14.8555,"O1:-0.89,-0.89,s202;O2:-2.33,-0.53,s193;O3:-0.89,-1.25,s174;O4:-0.89,-1.07,s156;O5:-2.33,0.19,s149;O6:-2.33,0.01,s137;O7:-2.33,-0.17,s135;O8:-2.33,-0.35,s125;O9:-0.71,-1.25,s93;O10:-0.53,-1.25,s80;O11:-2.33,0.55,s75;O12:-0.53,-0.89,s68;O13:-2.33,0.37,s60;O14:-2.33,-0.71,s31;O15:-0.35,-0.35,s18;O16:-0.71,-0.89,s16;O17:-0.35,-0.53,s8;O18:-2.33,0.73,s2","O1:-0.89,-0.89,s202;O2:-2.33,-0.53,s193;O3:-0.89,-1.25,s174;O4:-0.89,-1.07,s156;O5:-2.33,0.19,s149;O6:-2.33,0.01,s137;O7:-2.33,-0.17,s135;O8:-2.33,-0.35,s125;O9:-0.71,-1.25,s93;O10:-0.53,-1.25,s80;O11:-2.33,0.55,s75;O12:-0.53,-0.89,s68;O13:-2.33,0.37,s60;O14:-2.33,-0.71,s31;O15:-0.35,-0.35,s18;O16:-0.71,-0.89,s16;O17:-0.35,-0.53,s8;O18:-2.33,0.73,s2",RUNNING,UNKNOWN_MAP_SLAM_AVOIDANCE,unknown_map;frontier_targets;static_unknown_obstacles;dynamic_wandering_robot;costmap;slam_path_planning;obstacle_avoidance,P2_Wanderer,dynamic_wandering_robot,70.32112,70.32112,0.04047,-0.02831,1,0,0,12,6,32,18,1760,18,1760,0.04047,-0.02831,-0.86638,0.04047,-0.02831,-0.86638
53.0,PID,HECTOR_GRID_MATCHING,HECTOR_SCAN_MATCHING_GRID,landmarks,task3,TO_PICKUP_T2,AVOIDING,DIRECT,T2,WS2,-0.84558,-0.04634,0.67694,-0.859,-0.066,0.681,0.00847,0.04893,2.12,-1.1,2.79242,0.47345,0.05587,86.27635,NORMAL,2,0,0,0,18,1769,20,18,79,1769,0.2071,0.94271,0,0,1.46,1.48,0,0,0.55,-0.0399,14.88001,"O1:-0.89,-0.89,s205;O2:-2.33,-0.53,s193;O3:-0.89,-1.25,s174;O4:-0.89,-1.07,s156;O5:-2.33,0.19,s149;O6:-2.33,0.01,s137;O7:-2.33,-0.17,s135;O8:-2.33,-0.35,s125;O9:-0.71,-1.25,s93;O10:-0.53,-1.25,s80;O11:-2.33,0.55,s75;O12:-0.53,-0.89,s69;O13:-2.33,0.37,s60;O14:-2.33,-0.71,s31;O15:-0.35,-0.35,s20;O16:-0.71,-0.89,s18;O17:-0.35,-0.53,s10;O18:-2.33,0.73,s2","O1:-0.89,-0.89,s205;O2:-2.33,-0.53,s193;O3:-0.89,-1.25,s174;O4:-0.89,-1.07,s156;O5:-2.33,0.19,s149;O6:-2.33,0.01,s137;O7:-2.33,-0.17,s135;O8:-2.33,-0.35,s125;O9:-0.71,-1.25,s93;O10:-0.53,-1.25,s80;O11:-2.33,0.55,s75;O12:-0.53,-0.89,s69;O13:-2.33,0.37,s60;O14:-2.33,-0.71,s31;O15:-0.35,-0.35,s20;O16:-0.71,-0.89,s18;O17:-0.35,-0.53,s10;O18:-2.33,0.73,s2",RUNNING,UNKNOWN_MAP_SLAM_AVOIDANCE,unknown_map;frontier_targets;static_unknown_obstacles;dynamic_wandering_robot;costmap;slam_path_planning;obstacle_avoidance,P2_Wanderer,dynamic_wandering_robot,70.3684,70.3684,0.05989,-0.05117,1,0,0,12,6,32,18,1769,18,1769,0.05989,-0.05117,-0.86638,0.05989,-0.05117,-0.86638
53.15,PID,HECTOR_GRID_MATCHING,HECTOR_SCAN_MATCHING_GRID,landmarks,task3,TO_PICKUP_T2,AVOIDING,DIRECT,T2,WS2,-0.78109,0.00522,0.68328,-0.796,-0.018,0.676,0.00887,0.04918,2.12,-1.1,2.71041,0.3934,0.13358,86.1693,NORMAL,2,0,0,0,18,1776,20,18,79,1776,0.20923,0.94271,0,0,1.46,1.48,0,0,0.55,0.10467,14.91615,"O1:-0.89,-0.89,s208;O2:-2.33,-0.53,s193;O3:-0.89,-1.25,s174;O4:-0.89,-1.07,s156;O5:-2.33,0.19,s149;O6:-2.33,0.01,s137;O7:-2.33,-0.17,s135;O8:-2.33,-0.35,s125;O9:-0.71,-1.25,s93;O10:-0.53,-1.25,s80;O11:-2.33,0.55,s75;O12:-0.53,-0.89,s70;O13:-2.33,0.37,s60;O14:-2.33,-0.71,s31;O15:-0.35,-0.35,s23;O16:-0.71,-0.89,s18;O17:-0.35,-0.53,s10;O18:-2.33,0.73,s2","O1:-0.89,-0.89,s208;O2:-2.33,-0.53,s193;O3:-0.89,-1.25,s174;O4:-0.89,-1.07,s156;O5:-2.33,0.19,s149;O6:-2.33,0.01,s137;O7:-2.33,-0.17,s135;O8:-2.33,-0.35,s125;O9:-0.71,-1.25,s93;O10:-0.53,-1.25,s80;O11:-2.33,0.55,s75;O12:-0.53,-0.89,s70;O13:-2.33,0.37,s60;O14:-2.33,-0.71,s31;O15:-0.35,-0.35,s23;O16:-0.71,-0.89,s18;O17:-0.35,-0.53,s10;O18:-2.33,0.73,s2",RUNNING,UNKNOWN_MAP_SLAM_AVOIDANCE,unknown_map;frontier_targets;static_unknown_obstacles;dynamic_wandering_robot;costmap;slam_path_planning;obstacle_avoidance,P2_Wanderer,dynamic_wandering_robot,70.405,70.405,0.07932,-0.07403,1,0,1,12,6,32,18,1776,18,1776,0.07932,-0.07403,-0.86638,0.07932,-0.07403,-0.86638
53.3,PID,HECTOR_GRID_MATCHING,HECTOR_SCAN_MATCHING_GRID,landmarks,task3,TO_PICKUP_T2,AVOIDING,DIRECT,T2,WS2,-0.71683,0.05746,0.69852,-0.725,0.036,0.693,0.01406,0.04956,2.12,-1.1,2.62797,0.37536,0.1557,86.06188,NORMAL,2,0,0,0,18,1785,20,18,81,1785,0.20971,0.94271,0,0,1.46,1.48,0,0,0.55,0.09628,14.91825,"O1:-0.89,-0.89,s210;O2:-2.33,-0.53,s193;O3:-0.89,-1.25,s174;O4:-0.89,-1.07,s156;O5:-2.33,0.19,s149;O6:-2.33,0.01,s137;O7:-2.33,-0.17,s135;O8:-2.33,-0.35,s125;O9:-0.71,-1.25,s93;O10:-0.53,-1.25,s80;O11:-2.33,0.55,s75;O12:-0.53,-0.89,s70;O13:-2.33,0.37,s60;O14:-2.33,-0.71,s31;O15:-0.35,-0.35,s26;O16:-0.71,-0.89,s19;O17:-0.35,-0.53,s13;O18:-2.33,0.73,s2","O1:-0.89,-0.89,s210;O2:-2.33,-0.53,s193;O3:-0.89,-1.25,s174;O4:-0.89,-1.07,s156;O5:-2.33,0.19,s149;O6:-2.33,0.01,s137;O7:-2.33,-0.17,s135;O8:-2.33,-0.35,s125;O9:-0.71,-1.25,s93;O10:-0.53,-1.25,s80;O11:-2.33,0.55,s75;O12:-0.53,-0.89,s70;O13:-2.33,0.37,s60;O14:-2.33,-0.71,s31;O15:-0.35,-0.35,s26;O16:-0.71,-0.89,s19;O17:-0.35,-0.53,s13;O18:-2.33,0.73,s2",RUNNING,UNKNOWN_MAP_SLAM_AVOIDANCE,unknown_map;frontier_targets;static_unknown_obstacles;dynamic_wandering_robot;costmap;slam_path_planning;obstacle_avoidance,P2_Wanderer,dynamic_wandering_robot,70.45186,70.45186,0.09875,-0.09689,1,0,1,12,6,32,18,1785,18,1785,0.09875,-0.09689,-0.86638,0.09875,-0.09689,-0.86638
53.45,PID,HECTOR_GRID_MATCHING,HECTOR_SCAN_MATCHING_GRID,landmarks,task3,TO_PICKUP_T2,AVOIDING,DIRECT,T2,WS2,-0.6534,0.11067,0.7135,-0.676,0.079,0.701,0.01343,0.05007,2.12,-1.1,2.54574,0.38399,0.1449,85.95447,NORMAL,2,0,0,0,18,1797,20,18,82,1797,0.20848,0.94271,0,0,1.46,1.48,0,0,0.55,0.0891,14.9298,"O1:-0.89,-0.89,s212;O2:-2.33,-0.53,s193;O3:-0.89,-1.25,s174;O4:-0.89,-1.07,s156;O5:-2.33,0.19,s149;O6:-2.33,0.01,s137;O7:-2.33,-0.17,s135;O8:-2.33,-0.35,s125;O9:-0.71,-1.25,s93;O10:-0.53,-1.25,s80;O11:-2.33,0.55,s75;O12:-0.53,-0.89,s70;O13:-2.33,0.37,s60;O14:-2.33,-0.71,s31;O15:-0.35,-0.35,s31;O16:-0.71,-0.89,s22;O17:-0.35,-0.53,s14;O18:-2.33,0.73,s2","O1:-0.89,-0.89,s212;O2:-2.33,-0.53,s193;O3:-0.89,-1.25,s174;O4:-0.89,-1.07,s156;O5:-2.33,0.19,s149;O6:-2.33,0.01,s137;O7:-2.33,-0.17,s135;O8:-2.33,-0.35,s125;O9:-0.71,-1.25,s93;O10:-0.53,-1.25,s80;O11:-2.33,0.55,s75;O12:-0.53,-0.89,s70;O13:-2.33,0.37,s60;O14:-2.33,-0.71,s31;O15:-0.35,-0.35,s31;O16:-0.71,-0.89,s22;O17:-0.35,-0.53,s14;O18:-2.33,0.73,s2",RUNNING,UNKNOWN_MAP_SLAM_AVOIDANCE,unknown_map;frontier_targets;static_unknown_obstacles;dynamic_wandering_robot;costmap;slam_path_planning;obstacle_avoidance,P2_Wanderer,dynamic_wandering_robot,70.51397,70.51397,0.11818,-0.11975,1,0,1,12,6,32,18,1797,18,1797,0.11818,-0.11975,-0.86638,0.11818,-0.11975,-0.86638
53.6,PID,HECTOR_GRID_MATCHING,HECTOR_SCAN_MATCHING_GRID,landmarks,task3,TO_PICKUP_T2,AVOIDING,DIRECT,T2,WS2,-0.59104,0.16482,0.71691,-0.615,0.137,0.709,0.00983,0.05066,2.12,-1.1,2.46381,0.37839,0.08291,85.84731,NORMAL,2,0,0,0,18,1809,20,18,82,1809,0.20994,0.94271,0,0,1.46,1.48,0,0,0.55,-0.02618,14.95862,"O1:-0.89,-0.89,s215;O2:-2.33,-0.53,s193;O3:-0.89,-1.25,s174;O4:-0.89,-1.07,s156;O5:-2.33,0.19,s149;O6:-2.33,0.01,s137;O7:-2.33,-0.17,s135;O8:-2.33,-0.35,s125;O9:-0.71,-1.25,s93;O10:-0.53,-1.25,s80;O11:-2.33,0.55,s75;O12:-0.53,-0.89,s70;O13:-2.33,0.37,s60;O14:-0.35,-0.35,s37;O15:-2.33,-0.71,s31;O16:-0.71,-0.89,s25;O17:-0.35,-0.53,s14;O18:-2.33,0.73,s2","O1:-0.89,-0.89,s215;O2:-2.33,-0.53,s193;O3:-0.89,-1.25,s174;O4:-0.89,-1.07,s156;O5:-2.33,0.19,s149;O6:-2.33,0.01,s137;O7:-2.33,-0.17,s135;O8:-2.33,-0.35,s125;O9:-0.71,-1.25,s93;O10:-0.53,-1.25,s80;O11:-2.33,0.55,s75;O12:-0.53,-0.89,s70;O13:-2.33,0.37,s60;O14:-0.35,-0.35,s37;O15:-2.33,-0.71,s31;O16:-0.71,-0.89,s25;O17:-0.35,-0.53,s14;O18:-2.33,0.73,s2",RUNNING,UNKNOWN_MAP_SLAM_AVOIDANCE,unknown_map;frontier_targets;static_unknown_obstacles;dynamic_wandering_robot;costmap;slam_path_planning;obstacle_avoidance,P2_Wanderer,dynamic_wandering_robot,70.57568,70.57568,0.1376,-0.14261,1,0,1,12,6,32,18,1809,18,1809,0.1376,-0.14261,-0.86638,0.1376,-0.14261,-0.86638
53.75,PID,HECTOR_GRID_MATCHING,HECTOR_SCAN_MATCHING_GRID,landmarks,task3,TO_PICKUP_T2,AVOIDING,SLAM_WAYPOINT,T2,WS2,-0.53078,0.21763,0.71398,-0.543,0.182,0.707,0.02008,0.05129,2.12,-1.1,2.38228,0.37703,0.10199,85.7403,NORMAL,2,0,0,0,19,1818,21,19,84,1818,0.2334,0.94271,0,0,0.087,0.986,1,0,0.176,0.83838,15.5556,"O1:-0.89,-0.89,s215;O2:-2.33,-0.53,s193;O3:-0.89,-1.25,s174;O4:-0.89,-1.07,s156;O5:-2.33,0.19,s149;O6:-2.33,0.01,s137;O7:-2.33,-0.17,s135;O8:-2.33,-0.35,s125;O9:-0.71,-1.25,s93;O10:-0.53,-1.25,s80;O11:-2.33,0.55,s75;O12:-0.53,-0.89,s71;O13:-2.33,0.37,s60;O14:-0.35,-0.35,s40;O15:-2.33,-0.71,s31;O16:-0.71,-0.89,s29;O17:-0.35,-0.53,s14;O18:-2.33,0.73,s2;O19:0.37,0.55,s2","O1:-0.89,-0.89,s215;O2:-2.33,-0.53,s193;O3:-0.89,-1.25,s174;O4:-0.89,-1.07,s156;O5:-2.33,0.19,s149;O6:-2.33,0.01,s137;O7:-2.33,-0.17,s135;O8:-2.33,-0.35,s125;O9:-0.71,-1.25,s93;O10:-0.53,-1.25,s80;O11:-2.33,0.55,s75;O12:-0.53,-0.89,s71;O13:-2.33,0.37,s60;O14:-0.35,-0.35,s40;O15:-2.33,-0.71,s31;O16:-0.71,-0.89,s29;O17:-0.35,-0.53,s14;O18:-2.33,0.73,s2;O19:0.37,0.55,s2",RUNNING,UNKNOWN_MAP_SLAM_AVOIDANCE,unknown_map;frontier_targets;static_unknown_obstacles;dynamic_wandering_robot;costmap;slam_path_planning;obstacle_avoidance,P2_Wanderer,dynamic_wandering_robot,73.32168,73.32168,0.15703,-0.16547,1,0,1,13,6,32,19,1818,19,1818,0.15703,-0.16547,-0.86638,0.15703,-0.16547,-0.86638
53.9,PID,HECTOR_GRID_MATCHING,HECTOR_SCAN_MATCHING_GRID,landmarks,task3,TO_PICKUP_T2,AVOIDING,SLAM_WAYPOINT,T2,WS2,-0.49002,0.25319,0.73009,-0.496,0.233,0.724,0.01166,0.05094,2.12,-1.1,2.3196,0.38975,0.07387,85.68955,NORMAL,2,0,0,0,19,1824,21,19,88,1824,0.22865,0.94271,0,0,0.09,0.988,1,0,0.27127,0.48111,15.74019,"O1:-0.89,-0.89,s215;O2:-2.33,-0.53,s193;O3:-0.89,-1.25,s174;O4:-0.89,-1.07,s156;O5:-2.33,0.19,s149;O6:-2.33,0.01,s137;O7:-2.33,-0.17,s135;O8:-2.33,-0.35,s125;O9:-0.71,-1.25,s93;O10:-0.53,-1.25,s80;O11:-2.33,0.55,s75;O12:-0.53,-0.89,s71;O13:-2.33,0.37,s60;O14:-0.35,-0.35,s43;O15:-2.33,-0.71,s31;O16:-0.71,-0.89,s29;O17:-0.35,-0.53,s14;O18:0.37,0.55,s5;O19:-2.33,0.73,s2","O1:-0.89,-0.89,s215;O2:-2.33,-0.53,s193;O3:-0.89,-1.25,s174;O4:-0.89,-1.07,s156;O5:-2.33,0.19,s149;O6:-2.33,0.01,s137;O7:-2.33,-0.17,s135;O8:-2.33,-0.35,s125;O9:-0.71,-1.25,s93;O10:-0.53,-1.25,s80;O11:-2.33,0.55,s75;O12:-0.53,-0.89,s71;O13:-2.33,0.37,s60;O14:-0.35,-0.35,s43;O15:-2.33,-0.71,s31;O16:-0.71,-0.89,s29;O17:-0.35,-0.53,s14;O18:0.37,0.55,s5;O19:-2.33,0.73,s2",RUNNING,UNKNOWN_MAP_SLAM_AVOIDANCE,unknown_map;frontier_targets;static_unknown_obstacles;dynamic_wandering_robot;costmap;slam_path_planning;obstacle_avoidance,P2_Wanderer,dynamic_wandering_robot,73.35223,73.35223,0.17646,-0.18833,1,0,1,13,6,32,19,1824,19,1824,0.17646,-0.18833,-0.86638,0.17646,-0.18833,-0.86638
54.05,PID,HECTOR_GRID_MATCHING,HECTOR_SCAN_MATCHING_GRID,landmarks,task3,TO_PICKUP_T2,AVOIDING,SLAM_WAYPOINT,T2,WS2,-0.45498,0.28264,0.79205,-0.474,0.264,0.783,0.0106,0.05046,2.12,-1.1,2.2746,0.43433,0.04634,85.62797,NORMAL,2,0,0,0,21,1832,23,21,89,1832,0.21182,0.94271,0,0,0.093,1.17,1,0,0.33227,0.50759,15.91333,"O1:-0.89,-0.89,s215;O2:-2.33,-0.53,s193;O3:-0.89,-1.25,s174;O4:-0.89,-1.07,s156;O5:-2.33,0.19,s149;O6:-2.33,0.01,s137;O7:-2.33,-0.17,s135;O8:-2.33,-0.35,s125;O9:-0.71,-1.25,s93;O10:-0.53,-1.25,s80;O11:-2.33,0.55,s75;O12:-0.53,-0.89,s71;O13:-2.33,0.37,s60;O14:-0.35,-0.35,s45;O15:-2.33,-0.71,s31;O16:-0.71,-0.89,s29;O17:-0.35,-0.53,s14;O18:0.37,0.55,s5;O19:0.37,0.73,s3;O20:-0.17,-0.35,s2;O21:-2.33,0.73,s2","O1:-0.89,-0.89,s215;O2:-2.33,-0.53,s193;O3:-0.89,-1.25,s174;O4:-0.89,-1.07,s156;O5:-2.33,0.19,s149;O6:-2.33,0.01,s137;O7:-2.33,-0.17,s135;O8:-2.33,-0.35,s125;O9:-0.71,-1.25,s93;O10:-0.53,-1.25,s80;O11:-2.33,0.55,s75;O12:-0.53,-0.89,s71;O13:-2.33,0.37,s60;O14:-0.35,-0.35,s45;O15:-2.33,-0.71,s31;O16:-0.71,-0.89,s29;O17:-0.35,-0.53,s14;O18:0.37,0.55,s5;O19:0.37,0.73,s3;O20:-0.17,-0.35,s2;O21:-2.33,0.73,s2",RUNNING,UNKNOWN_MAP_SLAM_AVOIDANCE,unknown_map;frontier_targets;static_unknown_obstacles;dynamic_wandering_robot;costmap;slam_path_planning;obstacle_avoidance,P2_Wanderer,dynamic_wandering_robot,78.79279,78.79279,0.19589,-0.21119,1,0,1,13,6,32,21,1832,21,1832,0.19589,-0.21119,-0.86638,0.19589,-0.21119,-0.86638
54.2,PID,HECTOR_GRID_MATCHING,HECTOR_SCAN_MATCHING_GRID,landmarks,task3,TO_PICKUP_T2,AVOIDING,SLAM_WAYPOINT,T2,WS2,-0.42062,0.31481,0.86089,-0.433,0.285,0.835,0.01886,0.05055,2.12,-1.1,2.22749,0.40574,0.02288,85.56041,NORMAL,2,0,0,0,21,1844,23,21,89,1844,0.20965,0.94271,0,0,0.092,1.17,1,0,0.31723,0.42122,15.95321,"O1:-0.89,-0.89,s215;O2:-2.33,-0.53,s193;O3:-0.89,-1.25,s174;O4:-0.89,-1.07,s156;O5:-2.33,0.19,s149;O6:-2.33,0.01,s137;O7:-2.33,-0.17,s135;O8:-2.33,-0.35,s125;O9:-0.71,-1.25,s93;O10:-0.53,-1.25,s80;O11:-2.33,0.55,s75;O12:-0.53,-0.89,s71;O13:-2.33,0.37,s60;O14:-0.35,-0.35,s45;O15:-2.33,-0.71,s31;O16:-0.71,-0.89,s29;O17:-0.35,-0.53,s17;O18:0.37,0.73,s8;O19:0.37,0.55,s6;O20:-0.17,-0.35,s5;O21:-2.33,0.73,s2","O1:-0.89,-0.89,s215;O2:-2.33,-0.53,s193;O3:-0.89,-1.25,s174;O4:-0.89,-1.07,s156;O5:-2.33,0.19,s149;O6:-2.33,0.01,s137;O7:-2.33,-0.17,s135;O8:-2.33,-0.35,s125;O9:-0.71,-1.25,s93;O10:-0.53,-1.25,s80;O11:-2.33,0.55,s75;O12:-0.53,-0.89,s71;O13:-2.33,0.37,s60;O14:-0.35,-0.35,s45;O15:-2.33,-0.71,s31;O16:-0.71,-0.89,s29;O17:-0.35,-0.53,s17;O18:0.37,0.73,s8;O19:0.37,0.55,s6;O20:-0.17,-0.35,s5;O21:-2.33,0.73,s2",RUNNING,UNKNOWN_MAP_SLAM_AVOIDANCE,unknown_map;frontier_targets;static_unknown_obstacles;dynamic_wandering_robot;costmap;slam_path_planning;obstacle_avoidance,P2_Wanderer,dynamic_wandering_robot,78.8533,78.8533,0.21531,-0.23405,1,0,1,13,6,32,21,1844,21,1844,0.21531,-0.23405,-0.86638,0.21531,-0.23405,-0.86638
54.35,PID,HECTOR_GRID_MATCHING,HECTOR_SCAN_MATCHING_GRID,landmarks,task3,TO_PICKUP_T2,AVOIDING,SLAM_WAYPOINT,T2,WS2,-0.39011,0.34866,0.91153,-0.404,0.312,0.884,0.02541,0.05074,2.12,-1.1,2.18312,0.42611,0.0176,85.49594,NORMAL,2,0,0,0,21,1853,23,21,89,1853,0.21522,0.94271,0,0,0.094,1.171,1,0,0.30318,0.33322,15.98938,"O1:-0.89,-0.89,s215;O2:-2.33,-0.53,s193;O3:-0.89,-1.25,s174;O4:-0.89,-1.07,s156;O5:-2.33,0.19,s149;O6:-2.33,0.01,s137;O7:-2.33,-0.17,s135;O8:-2.33,-0.35,s125;O9:-0.71,-1.25,s93;O10:-0.53,-1.25,s80;O11:-2.33,0.55,s75;O12:-0.53,-0.89,s71;O13:-2.33,0.37,s60;O14:-0.35,-0.35,s48;O15:-2.33,-0.71,s31;O16:-0.71,-0.89,s29;O17:-0.35,-0.53,s17;O18:0.37,0.73,s11;O19:0.37,0.55,s9;O20:-0.17,-0.35,s6;O21:-2.33,0.73,s2","O1:-0.89,-0.89,s215;O2:-2.33,-0.53,s193;O3:-0.89,-1.25,s174;O4:-0.89,-1.07,s156;O5:-2.33,0.19,s149;O6:-2.33,0.01,s137;O7:-2.33,-0.17,s135;O8:-2.33,-0.35,s125;O9:-0.71,-1.25,s93;O10:-0.53,-1.25,s80;O11:-2.33,0.55,s75;O12:-0.53,-0.89,s71;O13:-2.33,0.37,s60;O14:-0.35,-0.35,s48;O15:-2.33,-0.71,s31;O16:-0.71,-0.89,s29;O17:-0.35,-0.53,s17;O18:0.37,0.73,s11;O19:0.37,0.55,s9;O20:-0.17,-0.35,s6;O21:-2.33,0.73,s2",RUNNING,UNKNOWN_MAP_SLAM_AVOIDANCE,unknown_map;frontier_targets;static_unknown_obstacles;dynamic_wandering_robot;costmap;slam_path_planning;obstacle_avoidance,P2_Wanderer,dynamic_wandering_robot,78.89843,78.89843,0.23474,-0.25691,1,0,1,13,6,32,21,1853,21,1853,0.23474,-0.25691,-0.86638,0.23474,-0.25691,-0.86638
54.5,PID,HECTOR_GRID_MATCHING,HECTOR_SCAN_MATCHING_GRID,landmarks,task3,TO_PICKUP_T2,AVOIDING,SLAM_WAYPOINT,T2,WS2,-0.36241,0.38311,0.94783,-0.378,0.347,0.93,0.02572,0.0509,2.12,-1.1,2.14078,0.45445,0.01283,85.43498,NORMAL,2,0,0,0,21,1862,23,21,91,1862,0.21177,0.94271,0,0,0.097,1.173,1,0,0.28668,0.23941,16.02933,"O1:-0.89,-0.89,s215;O2:-2.33,-0.53,s193;O3:-0.89,-1.25,s174;O4:-0.89,-1.07,s156;O5:-2.33,0.19,s149;O6:-2.33,0.01,s137;O7:-2.33,-0.17,s135;O8:-2.33,-0.35,s125;O9:-0.71,-1.25,s93;O10:-0.53,-1.25,s80;O11:-2.33,0.55,s75;O12:-0.53,-0.89,s71;O13:-2.33,0.37,s60;O14:-0.35,-0.35,s51;O15:-2.33,-0.71,s31;O16:-0.71,-0.89,s29;O17:-0.35,-0.53,s17;O18:0.37,0.73,s14;O19:0.37,0.55,s12;O20:-0.17,-0.35,s6;O21:-2.33,0.73,s2","O1:-0.89,-0.89,s215;O2:-2.33,-0.53,s193;O3:-0.89,-1.25,s174;O4:-0.89,-1.07,s156;O5:-2.33,0.19,s149;O6:-2.33,0.01,s137;O7:-2.33,-0.17,s135;O8:-2.33,-0.35,s125;O9:-0.71,-1.25,s93;O10:-0.53,-1.25,s80;O11:-2.33,0.55,s75;O12:-0.53,-0.89,s71;O13:-2.33,0.37,s60;O14:-0.35,-0.35,s51;O15:-2.33,-0.71,s31;O16:-0.71,-0.89,s29;O17:-0.35,-0.53,s17;O18:0.37,0.73,s14;O19:0.37,0.55,s12;O20:-0.17,-0.35,s6;O21:-2.33,0.73,s2",RUNNING,UNKNOWN_MAP_SLAM_AVOIDANCE,unknown_map;frontier_targets;static_unknown_obstacles;dynamic_wandering_robot;costmap;slam_path_planning;obstacle_avoidance,P2_Wanderer,dynamic_wandering_robot,78.94332,78.94332,0.25417,-0.27977,1,0,1,13,6,32,21,1862,21,1862,0.25417,-0.27977,-0.86638,0.25417,-0.27977,-0.86638
54.65,PID,HECTOR_GRID_MATCHING,HECTOR_SCAN_MATCHING_GRID,landmarks,task3,TO_PICKUP_T2,AVOIDING,SLAM_WAYPOINT,T2,WS2,-0.33756,0.41643,0.97976,-0.348,0.379,0.976,0.02621,0.05102,2.12,-1.1,2.1012,0.48563,0.02595,85.37771,NORMAL,2,0,0,0,22,1874,24,22,91,1874,0.21262,0.94271,0,0,0.1,1.174,1,0,0.26668,0.17645,16.06617,"O1:-0.89,-0.89,s215;O2:-2.33,-0.53,s193;O3:-0.89,-1.25,s174;O4:-0.89,-1.07,s156;O5:-2.33,0.19,s149;O6:-2.33,0.01,s137;O7:-2.33,-0.17,s135;O8:-2.33,-0.35,s125;O9:-0.71,-1.25,s93;O10:-0.53,-1.25,s80;O11:-2.33,0.55,s75;O12:-0.53,-0.89,s71;O13:-2.33,0.37,s60;O14:-0.35,-0.35,s54;O15:-2.33,-0.71,s31;O16:-0.71,-0.89,s29;O17:-0.35,-0.53,s19;O18:0.37,0.73,s15;O19:0.37,0.55,s15;O20:-0.17,-0.35,s6;O21:-2.33,0.73,s2;O22:0.37,0.91,s2","O1:-0.89,-0.89,s215;O2:-2.33,-0.53,s193;O3:-0.89,-1.25,s174;O4:-0.89,-1.07,s156;O5:-2.33,0.19,s149;O6:-2.33,0.01,s137;O7:-2.33,-0.17,s135;O8:-2.33,-0.35,s125;O9:-0.71,-1.25,s93;O10:-0.53,-1.25,s80;O11:-2.33,0.55,s75;O12:-0.53,-0.89,s71;O13:-2.33,0.37,s60;O14:-0.35,-0.35,s54;O15:-2.33,-0.71,s31;O16:-0.71,-0.89,s29;O17:-0.35,-0.53,s19;O18:0.37,0.73,s15;O19:0.37,0.55,s15;O20:-0.17,-0.35,s6;O21:-2.33,0.73,s2;O22:0.37,0.91,s2",RUNNING,UNKNOWN_MAP_SLAM_AVOIDANCE,unknown_map;frontier_targets;static_unknown_obstacles;dynamic_wandering_robot;costmap;slam_path_planning;obstacle_avoidance,P2_Wanderer,dynamic_wandering_robot,81.70283,81.70283,0.2736,-0.30263,1,0,1,13,6,32,22,1874,22,1874,0.2736,-0.30263,-0.86638,0.2736,-0.30263,-0.86638
54.8,PID,HECTOR_GRID_MATCHING,HECTOR_SCAN_MATCHING_GRID,landmarks,task3,TO_PICKUP_T2,AVOIDING,SLAM_WAYPOINT,T2,WS2,-0.31277,0.45166,1.01695,-0.348,0.365,0.96,0.08058,0.04475,2.12,-1.1,2.06184,0.48705,0.04598,85.31928,NORMAL,2,0,0,0,22,1889,24,22,93,1889,0.20861,0.96719,0,0,0.097,1.173,1,0,0.26895,0.27501,16.36669,"O1:-0.89,-0.89,s215;O2:-2.33,-0.53,s193;O3:-0.89,-1.25,s174;O4:-0.89,-1.07,s156;O5:-2.33,0.19,s149;O6:-2.33,0.01,s137;O7:-2.33,-0.17,s135;O8:-2.33,-0.35,s125;O9:-0.71,-1.25,s93;O10:-0.53,-1.25,s80;O11:-2.33,0.55,s75;O12:-0.53,-0.89,s71;O13:-2.33,0.37,s60;O14:-0.35,-0.35,s59;O15:-2.33,-0.71,s31;O16:-0.71,-0.89,s29;O17:0.37,0.55,s20;O18:-0.35,-0.53,s19;O19:0.37,0.73,s15;O20:-0.17,-0.35,s7;O21:0.37,0.91,s5;O22:-2.33,0.73,s2","O1:-0.89,-0.89,s215;O2:-2.33,-0.53,s193;O3:-0.89,-1.25,s174;O4:-0.89,-1.07,s156;O5:-2.33,0.19,s149;O6:-2.33,0.01,s137;O7:-2.33,-0.17,s135;O8:-2.33,-0.35,s125;O9:-0.71,-1.25,s93;O10:-0.53,-1.25,s80;O11:-2.33,0.55,s75;O12:-0.53,-0.89,s71;O13:-2.33,0.37,s60;O14:-0.35,-0.35,s59;O15:-2.33,-0.71,s31;O16:-0.71,-0.89,s29;O17:0.37,0.55,s20;O18:-0.35,-0.53,s19;O19:0.37,0.73,s15;O20:-0.17,-0.35,s7;O21:0.37,0.91,s5;O22:-2.33,0.73,s2",RUNNING,UNKNOWN_MAP_SLAM_AVOIDANCE,unknown_map;frontier_targets;static_unknown_obstacles;dynamic_wandering_robot;costmap;slam_path_planning;obstacle_avoidance,P2_Wanderer,dynamic_wandering_robot,81.77667,81.77667,0.29302,-0.32549,1,0,1,13,6,32,22,1889,22,1889,0.29302,-0.32549,-0.86638,0.29302,-0.32549,-0.86638
54.95,PID,HECTOR_GRID_MATCHING,HECTOR_SCAN_MATCHING_GRID,landmarks,task3,TO_PICKUP_T2,AVOIDING,SLAM_WAYPOINT,T2,WS2,-0.28961,0.48636,1.07631,-0.278,0.387,1.051,0.08942,0.03941,2.12,-1.1,2.0247,0.45698,0.06913,85.26137,NORMAL,2,0,0,0,22,1903,24,22,94,1903,0.21412,0.93516,0,0,0.093,1.17,1,0,0.23382,0.19991,16.69842,"O1:-0.89,-0.89,s215;O2:-2.33,-0.53,s193;O3:-0.89,-1.25,s174;O4:-0.89,-1.07,s156;O5:-2.33,0.19,s149;O6:-2.33,0.01,s137;O7:-2.33,-0.17,s135;O8:-2.33,-0.35,s125;O9:-0.71,-1.25,s93;O10:-0.53,-1.25,s80;O11:-2.33,0.55,s75;O12:-0.53,-0.89,s71;O13:-0.35,-0.35,s65;O14:-2.33,0.37,s60;O15:-2.33,-0.71,s31;O16:-0.71,-0.89,s29;O17:0.37,0.55,s26;O18:-0.35,-0.53,s19;O19:0.37,0.73,s15;O20:0.37,0.91,s8;O21:-0.17,-0.35,s7;O22:-2.33,0.73,s2","O1:-0.89,-0.89,s215;O2:-2.33,-0.53,s193;O3:-0.89,-1.25,s174;O4:-0.89,-1.07,s156;O5:-2.33,0.19,s149;O6:-2.33,0.01,s137;O7:-2.33,-0.17,s135;O8:-2.33,-0.35,s125;O9:-0.71,-1.25,s93;O10:-0.53,-1.25,s80;O11:-2.33,0.55,s75;O12:-0.53,-0.89,s71;O13:-0.35,-0.35,s65;O14:-2.33,0.37,s60;O15:-2.33,-0.71,s31;O16:-0.71,-0.89,s29;O17:0.37,0.55,s26;O18:-0.35,-0.53,s19;O19:0.37,0.73,s15;O20:0.37,0.91,s8;O21:-0.17,-0.35,s7;O22:-2.33,0.73,s2",RUNNING,UNKNOWN_MAP_SLAM_AVOIDANCE,unknown_map;frontier_targets;static_unknown_obstacles;dynamic_wandering_robot;costmap;slam_path_planning;obstacle_avoidance,P2_Wanderer,dynamic_wandering_robot,81.84503,81.84503,0.31245,-0.34835,1,0,1,13,6,32,22,1903,22,1903,0.31245,-0.34835,-0.86638,0.31245,-0.34835,-0.86638
55.1,PID,HECTOR_GRID_MATCHING,HECTOR_SCAN_MATCHING_GRID,landmarks,task3,TO_PICKUP_T2,AVOIDING,SLAM_WAYPOINT,T2,WS2,-0.26907,0.52174,1.11933,-0.266,0.456,1.107,0.05415,0.04403,2.12,-1.1,1.98938,0.4326,0.09136,85.20847,NORMAL,2,0,0,0,22,1915,24,22,96,1915,0.21118,0.93516,0,0,0.105,1.357,1,0,0.28927,0.295,16.86852,"O1:-0.89,-0.89,s215;O2:-2.33,-0.53,s193;O3:-0.89,-1.25,s174;O4:-0.89,-1.07,s156;O5:-2.33,0.19,s149;O6:-2.33,0.01,s137;O7:-2.33,-0.17,s135;O8:-2.33,-0.35,s125;O9:-0.71,-1.25,s93;O10:-0.53,-1.25,s80;O11:-2.33,0.55,s75;O12:-0.53,-0.89,s71;O13:-0.35,-0.35,s68;O14:-2.33,0.37,s60;O15:-2.33,-0.71,s31;O16:-0.71,-0.89,s29;O17:0.37,0.55,s29;O18:-0.35,-0.53,s19;O19:0.37,0.73,s18;O20:-0.17,-0.35,s10;O21:0.37,0.91,s8;O22:-2.33,0.73,s2","O1:-0.89,-0.89,s215;O2:-2.33,-0.53,s193;O3:-0.89,-1.25,s174;O4:-0.89,-1.07,s156;O5:-2.33,0.19,s149;O6:-2.33,0.01,s137;O7:-2.33,-0.17,s135;O8:-2.33,-0.35,s125;O9:-0.71,-1.25,s93;O10:-0.53,-1.25,s80;O11:-2.33,0.55,s75;O12:-0.53,-0.89,s71;O13:-0.35,-0.35,s68;O14:-2.33,0.37,s60;O15:-2.33,-0.71,s31;O16:-0.71,-0.89,s29;O17:0.37,0.55,s29;O18:-0.35,-0.53,s19;O19:0.37,0.73,s18;O20:-0.17,-0.35,s10;O21:0.37,0.91,s8;O22:-2.33,0.73,s2",RUNNING,UNKNOWN_MAP_SLAM_AVOIDANCE,unknown_map;frontier_targets;static_unknown_obstacles;dynamic_wandering_robot;costmap;slam_path_planning;obstacle_avoidance,P2_Wanderer,dynamic_wandering_robot,81.9032,81.9032,0.33188,-0.37121,1,0,1,13,6,32,22,1915,22,1915,0.33188,-0.37121,-0.86638,0.33188,-0.37121,-0.86638
55.25,PID,HECTOR_GRID_MATCHING,HECTOR_SCAN_MATCHING_GRID,landmarks,task3,TO_PICKUP_T2,AVOIDING,SLAM_WAYPOINT,T2,WS2,-0.25007,0.55915,1.15581,-0.259,0.508,1.141,0.0394,0.04721,2.12,-1.1,1.95334,0.41252,0.11199,85.1504,NORMAL,2,0,0,0,22,1927,24,22,96,1927,0.20616,0.93516,0,0,0.114,1.363,1,0,0.26539,0.20722,16.91434,"O1:-0.89,-0.89,s215;O2:-2.33,-0.53,s193;O3:-0.89,-1.25,s174;O4:-0.89,-1.07,s156;O5:-2.33,0.19,s149;O6:-2.33,0.01,s137;O7:-2.33,-0.17,s135;O8:-2.33,-0.35,s125;O9:-0.71,-1.25,s93;O10:-0.53,-1.25,s80;O11:-2.33,0.55,s75;O12:-0.35,-0.35,s71;O13:-0.53,-0.89,s71;O14:-2.33,0.37,s60;O15:0.37,0.55,s32;O16:-2.33,-0.71,s31;O17:-0.71,-0.89,s29;O18:0.37,0.73,s21;O19:-0.35,-0.53,s19;O20:-0.17,-0.35,s13;O21:0.37,0.91,s8;O22:-2.33,0.73,s2","O1:-0.89,-0.89,s215;O2:-2.33,-0.53,s193;O3:-0.89,-1.25,s174;O4:-0.89,-1.07,s156;O5:-2.33,0.19,s149;O6:-2.33,0.01,s137;O7:-2.33,-0.17,s135;O8:-2.33,-0.35,s125;O9:-0.71,-1.25,s93;O10:-0.53,-1.25,s80;O11:-2.33,0.55,s75;O12:-0.35,-0.35,s71;O13:-0.53,-0.89,s71;O14:-2.33,0.37,s60;O15:0.37,0.55,s32;O16:-2.33,-0.71,s31;O17:-0.71,-0.89,s29;O18:0.37,0.73,s21;O19:-0.35,-0.53,s19;O20:-0.17,-0.35,s13;O21:0.37,0.91,s8;O22:-2.33,0.73,s2",RUNNING,UNKNOWN_MAP_SLAM_AVOIDANCE,unknown_map;frontier_targets;static_unknown_obstacles;dynamic_wandering_robot;costmap;slam_path_planning;obstacle_avoidance,P2_Wanderer,dynamic_wandering_robot,81.96099,81.96099,0.35131,-0.39407,1,0,1,13,6,32,22,1927,22,1927,0.35131,-0.39407,-0.86638,0.35131,-0.39407,-0.86638
55.4,PID,HECTOR_GRID_MATCHING,HECTOR_SCAN_MATCHING_GRID,landmarks,task3,TO_PICKUP_T2,AVOIDING,SLAM_WAYPOINT,T2,WS2,-0.23344,0.59462,1.20183,-0.225,0.517,1.101,0.06761,0.04292,2.12,-1.1,1.92135,0.39971,0.12624,85.09667,NORMAL,2,0,0,0,22,1941,24,22,96,1941,0.20522,0.88522,0,0,0.112,1.361,1,0,0.25237,0.41683,16.97976,"O1:-0.89,-0.89,s215;O2:-2.33,-0.53,s193;O3:-0.89,-1.25,s174;O4:-0.89,-1.07,s156;O5:-2.33,0.19,s149;O6:-2.33,0.01,s137;O7:-2.33,-0.17,s135;O8:-2.33,-0.35,s125;O9:-0.71,-1.25,s93;O10:-0.53,-1.25,s80;O11:-0.35,-0.35,s76;O12:-2.33,0.55,s75;O13:-0.53,-0.89,s71;O14:-2.33,0.37,s60;O15:0.37,0.55,s35;O16:-2.33,-0.71,s31;O17:-0.71,-0.89,s29;O18:0.37,0.73,s23;O19:-0.35,-0.53,s19;O20:-0.17,-0.35,s15;O21:0.37,0.91,s9;O22:-2.33,0.73,s2","O1:-0.89,-0.89,s215;O2:-2.33,-0.53,s193;O3:-0.89,-1.25,s174;O4:-0.89,-1.07,s156;O5:-2.33,0.19,s149;O6:-2.33,0.01,s137;O7:-2.33,-0.17,s135;O8:-2.33,-0.35,s125;O9:-0.71,-1.25,s93;O10:-0.53,-1.25,s80;O11:-0.35,-0.35,s76;O12:-2.33,0.55,s75;O13:-0.53,-0.89,s71;O14:-2.33,0.37,s60;O15:0.37,0.55,s35;O16:-2.33,-0.71,s31;O17:-0.71,-0.89,s29;O18:0.37,0.73,s23;O19:-0.35,-0.53,s19;O20:-0.17,-0.35,s15;O21:0.37,0.91,s9;O22:-2.33,0.73,s2",RUNNING,UNKNOWN_MAP_SLAM_AVOIDANCE,unknown_map;frontier_targets;static_unknown_obstacles;dynamic_wandering_robot;costmap;slam_path_planning;obstacle_avoidance,P2_Wanderer,dynamic_wandering_robot,82.02792,82.02792,0.37073,-0.41693,1,0,1,13,6,32,22,1941,22,1941,0.37073,-0.41693,-0.86638,0.37073,-0.41693,-0.86638
55.55,PID,HECTOR_GRID_MATCHING,HECTOR_SCAN_MATCHING_GRID,landmarks,task3,TO_PICKUP_T2,AVOIDING,SLAM_WAYPOINT,T2,WS2,-0.21967,0.62739,1.23915,-0.208,0.569,1.186,0.04966,0.04619,2.12,-1.1,1.89249,0.39122,0.13616,85.04576,NORMAL,2,0,0,0,22,1953,24,22,96,1953,0.20241,0.88522,0,0,0.121,1.366,1,0,0.22969,0.18406,17.06063,"O1:-0.89,-0.89,s215;O2:-2.33,-0.53,s193;O3:-0.89,-1.25,s174;O4:-0.89,-1.07,s156;O5:-2.33,0.19,s149;O6:-2.33,0.01,s137;O7:-2.33,-0.17,s135;O8:-2.33,-0.35,s125;O9:-0.71,-1.25,s93;O10:-0.35,-0.35,s81;O11:-0.53,-1.25,s80;O12:-2.33,0.55,s75;O13:-0.53,-0.89,s71;O14:-2.33,0.37,s60;O15:0.37,0.55,s37;O16:-2.33,-0.71,s31;O17:-0.71,-0.89,s29;O18:0.37,0.73,s25;O19:-0.35,-0.53,s19;O20:-0.17,-0.35,s16;O21:0.37,0.91,s11;O22:-2.33,0.73,s2","O1:-0.89,-0.89,s215;O2:-2.33,-0.53,s193;O3:-0.89,-1.25,s174;O4:-0.89,-1.07,s156;O5:-2.33,0.19,s149;O6:-2.33,0.01,s137;O7:-2.33,-0.17,s135;O8:-2.33,-0.35,s125;O9:-0.71,-1.25,s93;O10:-0.35,-0.35,s81;O11:-0.53,-1.25,s80;O12:-2.33,0.55,s75;O13:-0.53,-0.89,s71;O14:-2.33,0.37,s60;O15:0.37,0.55,s37;O16:-2.33,-0.71,s31;O17:-0.71,-0.89,s29;O18:0.37,0.73,s25;O19:-0.35,-0.53,s19;O20:-0.17,-0.35,s16;O21:0.37,0.91,s11;O22:-2.33,0.73,s2",RUNNING,UNKNOWN_MAP_SLAM_AVOIDANCE,unknown_map;frontier_targets;static_unknown_obstacles;dynamic_wandering_robot;costmap;slam_path_planning;obstacle_avoidance,P2_Wanderer,dynamic_wandering_robot,82.08487,82.08487,0.39016,-0.43979,1,0,1,13,6,32,22,1953,22,1953,0.39016,-0.43979,-0.86638,0.39016,-0.43979,-0.86638
55.7,PID,HECTOR_GRID_MATCHING,HECTOR_SCAN_MATCHING_GRID,landmarks,task3,TO_PICKUP_T2,AVOIDING,SLAM_WAYPOINT,T2,WS2,-0.20835,0.65826,1.2611,-0.195,0.619,1.234,0.03387,0.04818,2.12,-1.1,1.86749,0.37859,0.15161,84.99957,NORMAL,2,0,0,0,22,1964,24,22,96,1964,0.20143,0.88522,0,0,0.13,1.371,1,0,0.20788,0.1815,17.13447,"O1:-0.89,-0.89,s215;O2:-2.33,-0.53,s193;O3:-0.89,-1.25,s174;O4:-0.89,-1.07,s156;O5:-2.33,0.19,s149;O6:-2.33,0.01,s137;O7:-2.33,-0.17,s135;O8:-2.33,-0.35,s125;O9:-0.71,-1.25,s93;O10:-0.35,-0.35,s84;O11:-0.53,-1.25,s80;O12:-2.33,0.55,s75;O13:-0.53,-0.89,s71;O14:-2.33,0.37,s60;O15:0.37,0.55,s38;O16:-2.33,-0.71,s31;O17:-0.71,-0.89,s29;O18:0.37,0.73,s28;O19:-0.17,-0.35,s19;O20:-0.35,-0.53,s19;O21:0.37,0.91,s12;O22:-2.33,0.73,s2","O1:-0.89,-0.89,s215;O2:-2.33,-0.53,s193;O3:-0.89,-1.25,s174;O4:-0.89,-1.07,s156;O5:-2.33,0.19,s149;O6:-2.33,0.01,s137;O7:-2.33,-0.17,s135;O8:-2.33,-0.35,s125;O9:-0.71,-1.25,s93;O10:-0.35,-0.35,s84;O11:-0.53,-1.25,s80;O12:-2.33,0.55,s75;O13:-0.53,-0.89,s71;O14:-2.33,0.37,s60;O15:0.37,0.55,s38;O16:-2.33,-0.71,s31;O17:-0.71,-0.89,s29;O18:0.37,0.73,s28;O19:-0.17,-0.35,s19;O20:-0.35,-0.53,s19;O21:0.37,0.91,s12;O22:-2.33,0.73,s2",RUNNING,UNKNOWN_MAP_SLAM_AVOIDANCE,unknown_map;frontier_targets;static_unknown_obstacles;dynamic_wandering_robot;costmap;slam_path_planning;obstacle_avoidance,P2_Wanderer,dynamic_wandering_robot,82.13675,82.13675,0.40959,-0.46265,1,0,1,13,6,32,22,1964,22,1964,0.40959,-0.46265,-0.86638,0.40959,-0.46265,-0.86638
55.85,PID,HECTOR_GRID_MATCHING,HECTOR_SCAN_MATCHING_GRID,landmarks,task3,TO_PICKUP_T2,AVOIDING,SLAM_WAYPOINT,T2,WS2,-0.19856,0.68664,1.28542,-0.186,0.658,1.266,0.02531,0.04929,2.12,-1.1,1.84536,0.36916,0.16369,84.95697,NORMAL,2,0,0,0,22,1976,24,22,96,1976,0.20113,0.88522,0,0,0.138,1.375,1,0,0.1913,0.12768,17.16663,"O1:-0.89,-0.89,s215;O2:-2.33,-0.53,s193;O3:-0.89,-1.25,s174;O4:-0.89,-1.07,s156;O5:-2.33,0.19,s149;O6:-2.33,0.01,s137;O7:-2.33,-0.17,s135;O8:-2.33,-0.35,s125;O9:-0.71,-1.25,s93;O10:-0.35,-0.35,s84;O11:-0.53,-1.25,s80;O12:-2.33,0.55,s75;O13:-0.53,-0.89,s71;O14:-2.33,0.37,s60;O15:0.37,0.55,s39;O16:0.37,0.73,s33;O17:-2.33,-0.71,s31;O18:-0.71,-0.89,s29;O19:-0.17,-0.35,s25;O20:-0.35,-0.53,s19;O21:0.37,0.91,s12;O22:-2.33,0.73,s2","O1:-0.89,-0.89,s215;O2:-2.33,-0.53,s193;O3:-0.89,-1.25,s174;O4:-0.89,-1.07,s156;O5:-2.33,0.19,s149;O6:-2.33,0.01,s137;O7:-2.33,-0.17,s135;O8:-2.33,-0.35,s125;O9:-0.71,-1.25,s93;O10:-0.35,-0.35,s84;O11:-0.53,-1.25,s80;O12:-2.33,0.55,s75;O13:-0.53,-0.89,s71;O14:-2.33,0.37,s60;O15:0.37,0.55,s39;O16:0.37,0.73,s33;O17:-2.33,-0.71,s31;O18:-0.71,-0.89,s29;O19:-0.17,-0.35,s25;O20:-0.35,-0.53,s19;O21:0.37,0.91,s12;O22:-2.33,0.73,s2",RUNNING,UNKNOWN_MAP_SLAM_AVOIDANCE,unknown_map;frontier_targets;static_unknown_obstacles;dynamic_wandering_robot;costmap;slam_path_planning;obstacle_avoidance,P2_Wanderer,dynamic_wandering_robot,82.19299,82.19299,0.42902,-0.48551,1,0,1,14,6,32,22,1976,22,1976,0.42902,-0.48551,-0.86638,0.42902,-0.48551,-0.86638
56.0,PID,HECTOR_GRID_MATCHING,HECTOR_SCAN_MATCHING_GRID,landmarks,task3,TO_PICKUP_T2,AVOIDING,SLAM_WAYPOINT,T2,WS2,-0.19015,0.71334,1.30279,-0.184,0.688,1.285,0.01847,0.04987,2.12,-1.1,1.8257,0.36133,0.17407,84.9173,NORMAL,2,0,0,0,22,1988,24,22,96,1988,0.20097,0.88522,0,0,0.144,1.379,1,0,0.17933,0.07594,17.20009,"O1:-0.89,-0.89,s215;O2:-2.33,-0.53,s193;O3:-0.89,-1.25,s174;O4:-0.89,-1.07,s156;O5:-2.33,0.19,s149;O6:-2.33,0.01,s137;O7:-2.33,-0.17,s135;O8:-2.33,-0.35,s125;O9:-0.71,-1.25,s93;O10:-0.35,-0.35,s84;O11:-0.53,-1.25,s80;O12:-2.33,0.55,s75;O13:-0.53,-0.89,s71;O14:-2.33,0.37,s60;O15:0.37,0.55,s39;O16:0.37,0.73,s36;O17:-0.17,-0.35,s31;O18:-2.33,-0.71,s31;O19:-0.71,-0.89,s29;O20:-0.35,-0.53,s19;O21:0.37,0.91,s15;O22:-2.33,0.73,s2","O1:-0.89,-0.89,s215;O2:-2.33,-0.53,s193;O3:-0.89,-1.25,s174;O4:-0.89,-1.07,s156;O5:-2.33,0.19,s149;O6:-2.33,0.01,s137;O7:-2.33,-0.17,s135;O8:-2.33,-0.35,s125;O9:-0.71,-1.25,s93;O10:-0.35,-0.35,s84;O11:-0.53,-1.25,s80;O12:-2.33,0.55,s75;O13:-0.53,-0.89,s71;O14:-2.33,0.37,s60;O15:0.37,0.55,s39;O16:0.37,0.73,s36;O17:-0.17,-0.35,s31;O18:-2.33,-0.71,s31;O19:-0.71,-0.89,s29;O20:-0.35,-0.53,s19;O21:0.37,0.91,s15;O22:-2.33,0.73,s2",RUNNING,UNKNOWN_MAP_SLAM_AVOIDANCE,unknown_map;frontier_targets;static_unknown_obstacles;dynamic_wandering_robot;costmap;slam_path_planning;obstacle_avoidance,P2_Wanderer,dynamic_wandering_robot,82.24885,82.24885,0.44844,-0.50837,1,0,1,14,6,32,22,1988,22,1988,0.44844,-0.50837,-0.86638,0.44844,-0.50837,-0.86638
56.15,PID,HECTOR_GRID_MATCHING,HECTOR_SCAN_MATCHING_GRID,landmarks,task3,TO_PICKUP_T2,AVOIDING,SLAM_WAYPOINT,T2,WS2,-0.18337,0.73764,1.3077,-0.178,0.737,1.302,0.00987,0.05011,2.12,-1.1,1.80845,0.35447,0.18342,84.88069,NORMAL,2,0,0,0,22,2000,24,22,97,2000,0.20412,0.88522,0,0,0.155,1.384,1,0,0.16032,0.01243,17.23498,"O1:-0.89,-0.89,s215;O2:-2.33,-0.53,s193;O3:-0.89,-1.25,s174;O4:-0.89,-1.07,s156;O5:-2.33,0.19,s149;O6:-2.33,0.01,s137;O7:-2.33,-0.17,s135;O8:-2.33,-0.35,s125;O9:-0.71,-1.25,s93;O10:-0.35,-0.35,s84;O11:-0.53,-1.25,s80;O12:-2.33,0.55,s75;O13:-0.53,-0.89,s71;O14:-2.33,0.37,s60;O15:0.37,0.73,s39;O16:0.37,0.55,s39;O17:-0.17,-0.35,s37;O18:-2.33,-0.71,s31;O19:-0.71,-0.89,s29;O20:-0.35,-0.53,s19;O21:0.37,0.91,s18;O22:-2.33,0.73,s2","O1:-0.89,-0.89,s215;O2:-2.33,-0.53,s193;O3:-0.89,-1.25,s174;O4:-0.89,-1.07,s156;O5:-2.33,0.19,s149;O6:-2.33,0.01,s137;O7:-2.33,-0.17,s135;O8:-2.33,-0.35,s125;O9:-0.71,-1.25,s93;O10:-0.35,-0.35,s84;O11:-0.53,-1.25,s80;O12:-2.33,0.55,s75;O13:-0.53,-0.89,s71;O14:-2.33,0.37,s60;O15:0.37,0.73,s39;O16:0.37,0.55,s39;O17:-0.17,-0.35,s37;O18:-2.33,-0.71,s31;O19:-0.71,-0.89,s29;O20:-0.35,-0.53,s19;O21:0.37,0.91,s18;O22:-2.33,0.73,s2",RUNNING,UNKNOWN_MAP_SLAM_AVOIDANCE,unknown_map;frontier_targets;static_unknown_obstacles;dynamic_wandering_robot;costmap;slam_path_planning;obstacle_avoidance,P2_Wanderer,dynamic_wandering_robot,82.30434,82.30434,0.46787,-0.53123,1,0,1,14,6,32,22,2000,22,2000,0.46787,-0.53123,-0.86638,0.46787,-0.53123,-0.86638
56.3,PID,HECTOR_GRID_MATCHING,HECTOR_SCAN_MATCHING_GRID,landmarks,task3,TO_PICKUP_T2,AVOIDING,SLAM_WAYPOINT,T2,WS2,-0.17736,0.76001,1.31042,-0.173,0.761,1.302,0.01038,0.05009,2.12,-1.1,1.7935,0.34849,0.19177,84.84737,NORMAL,2,0,0,0,22,2012,24,22,98,2012,0.20273,0.88522,0,0,0.161,1.386,1,0,0.15095,0.01354,17.24826,"O1:-0.89,-0.89,s215;O2:-2.33,-0.53,s193;O3:-0.89,-1.25,s174;O4:-0.89,-1.07,s156;O5:-2.33,0.19,s149;O6:-2.33,0.01,s137;O7:-2.33,-0.17,s135;O8:-2.33,-0.35,s125;O9:-0.71,-1.25,s93;O10:-0.35,-0.35,s84;O11:-0.53,-1.25,s80;O12:-2.33,0.55,s75;O13:-0.53,-0.89,s71;O14:-2.33,0.37,s60;O15:-0.17,-0.35,s43;O16:0.37,0.73,s42;O17:0.37,0.55,s39;O18:-2.33,-0.71,s31;O19:-0.71,-0.89,s29;O20:0.37,0.91,s21;O21:-0.35,-0.53,s19;O22:-2.33,0.73,s2","O1:-0.89,-0.89,s215;O2:-2.33,-0.53,s193;O3:-0.89,-1.25,s174;O4:-0.89,-1.07,s156;O5:-2.33,0.19,s149;O6:-2.33,0.01,s137;O7:-2.33,-0.17,s135;O8:-2.33,-0.35,s125;O9:-0.71,-1.25,s93;O10:-0.35,-0.35,s84;O11:-0.53,-1.25,s80;O12:-2.33,0.55,s75;O13:-0.53,-0.89,s71;O14:-2.33,0.37,s60;O15:-0.17,-0.35,s43;O16:0.37,0.73,s42;O17:0.37,0.55,s39;O18:-2.33,-0.71,s31;O19:-0.71,-0.89,s29;O20:0.37,0.91,s21;O21:-0.35,-0.53,s19;O22:-2.33,0.73,s2",RUNNING,UNKNOWN_MAP_SLAM_AVOIDANCE,unknown_map;frontier_targets;static_unknown_obstacles;dynamic_wandering_robot;costmap;slam_path_planning;obstacle_avoidance,P2_Wanderer,dynamic_wandering_robot,82.35946,82.35946,0.4873,-0.55409,1,0,1,14,6,32,22,2012,22,2012,0.4873,-0.55409,-0.86638,0.4873,-0.55409,-0.86638
56.45,PID,HECTOR_GRID_MATCHING,HECTOR_SCAN_MATCHING_GRID,landmarks,task3,TO_PICKUP_T2,AVOIDING,SLAM_WAYPOINT,T2,WS2,-0.17168,0.7812,1.31246,-0.171,0.78,1.299,0.00663,0.04998,2.12,-1.1,1.77955,0.34283,0.19985,84.81569,NORMAL,2,0,0,0,22,2021,24,22,98,2021,0.20424,0.88522,0,0,0.165,1.388,1,0,0.14381,0.01361,17.27274,"O1:-0.89,-0.89,s215;O2:-2.33,-0.53,s193;O3:-0.89,-1.25,s174;O4:-0.89,-1.07,s156;O5:-2.33,0.19,s149;O6:-2.33,0.01,s137;O7:-2.33,-0.17,s135;O8:-2.33,-0.35,s125;O9:-0.71,-1.25,s93;O10:-0.35,-0.35,s84;O11:-0.53,-1.25,s80;O12:-2.33,0.55,s75;O13:-0.53,-0.89,s71;O14:-2.33,0.37,s60;O15:-0.17,-0.35,s48;O16:0.37,0.73,s43;O17:0.37,0.55,s39;O18:-2.33,-0.71,s31;O19:-0.71,-0.89,s29;O20:0.37,0.91,s26;O21:-0.35,-0.53,s19;O22:-2.33,0.73,s2","O1:-0.89,-0.89,s215;O2:-2.33,-0.53,s193;O3:-0.89,-1.25,s174;O4:-0.89,-1.07,s156;O5:-2.33,0.19,s149;O6:-2.33,0.01,s137;O7:-2.33,-0.17,s135;O8:-2.33,-0.35,s125;O9:-0.71,-1.25,s93;O10:-0.35,-0.35,s84;O11:-0.53,-1.25,s80;O12:-2.33,0.55,s75;O13:-0.53,-0.89,s71;O14:-2.33,0.37,s60;O15:-0.17,-0.35,s48;O16:0.37,0.73,s43;O17:0.37,0.55,s39;O18:-2.33,-0.71,s31;O19:-0.71,-0.89,s29;O20:0.37,0.91,s26;O21:-0.35,-0.53,s19;O22:-2.33,0.73,s2",RUNNING,UNKNOWN_MAP_SLAM_AVOIDANCE,unknown_map;frontier_targets;static_unknown_obstacles;dynamic_wandering_robot;costmap;slam_path_planning;obstacle_avoidance,P2_Wanderer,dynamic_wandering_robot,82.40056,82.40056,0.50673,-0.57695,1,0,1,14,6,32,22,2021,22,2021,0.50673,-0.57695,-0.86638,0.50673,-0.57695,-0.86638
56.6,PID,HECTOR_GRID_MATCHING,HECTOR_SCAN_MATCHING_GRID,landmarks,task3,TO_PICKUP_T2,AVOIDING,SLAM_WAYPOINT,T2,WS2,-0.16669,0.80075,1.30702,-0.168,0.818,1.312,0.02377,0.04981,2.12,-1.1,1.76676,0.33744,0.20769,84.78565,NORMAL,2,0,0,0,22,2027,24,22,98,2027,0.20363,0.88522,0,0,0.174,1.392,1,0,0.13016,-0.06606,17.30631,"O1:-0.89,-0.89,s215;O2:-2.33,-0.53,s193;O3:-0.89,-1.25,s174;O4:-0.89,-1.07,s156;O5:-2.33,0.19,s149;O6:-2.33,0.01,s137;O7:-2.33,-0.17,s135;O8:-2.33,-0.35,s125;O9:-0.71,-1.25,s93;O10:-0.35,-0.35,s84;O11:-0.53,-1.25,s80;O12:-2.33,0.55,s75;O13:-0.53,-0.89,s71;O14:-2.33,0.37,s60;O15:-0.17,-0.35,s48;O16:0.37,0.73,s43;O17:0.37,0.55,s39;O18:0.37,0.91,s32;O19:-2.33,-0.71,s31;O20:-0.71,-0.89,s29;O21:-0.35,-0.53,s19;O22:-2.33,0.73,s2","O1:-0.89,-0.89,s215;O2:-2.33,-0.53,s193;O3:-0.89,-1.25,s174;O4:-0.89,-1.07,s156;O5:-2.33,0.19,s149;O6:-2.33,0.01,s137;O7:-2.33,-0.17,s135;O8:-2.33,-0.35,s125;O9:-0.71,-1.25,s93;O10:-0.35,-0.35,s84;O11:-0.53,-1.25,s80;O12:-2.33,0.55,s75;O13:-0.53,-0.89,s71;O14:-2.33,0.37,s60;O15:-0.17,-0.35,s48;O16:0.37,0.73,s43;O17:0.37,0.55,s39;O18:0.37,0.91,s32;O19:-2.33,-0.71,s31;O20:-0.71,-0.89,s29;O21:-0.35,-0.53,s19;O22:-2.33,0.73,s2",RUNNING,UNKNOWN_MAP_SLAM_AVOIDANCE,unknown_map;frontier_targets;static_unknown_obstacles;dynamic_wandering_robot;costmap;slam_path_planning;obstacle_avoidance,P2_Wanderer,dynamic_wandering_robot,82.42784,82.42784,0.52615,-0.59981,1,0,1,14,6,32,22,2027,22,2027,0.52615,-0.59981,-0.86638,0.52615,-0.59981,-0.86638
56.75,PID,HECTOR_GRID_MATCHING,HECTOR_SCAN_MATCHING_GRID,landmarks,task3,TO_PICKUP_T2,AVOIDING,SLAM_WAYPOINT,T2,WS2,-0.16235,0.81923,1.28902,-0.16,0.83,1.3,0.01669,0.04962,2.12,-1.1,1.75527,0.33214,0.21556,84.75684,NORMAL,2,0,0,0,22,2033,24,22,98,2033,0.20319,0.88522,0,0,0.176,1.393,1,0,0.12454,-0.18073,17.36654,"O1:-0.89,-0.89,s215;O2:-2.33,-0.53,s193;O3:-0.89,-1.25,s174;O4:-0.89,-1.07,s156;O5:-2.33,0.19,s149;O6:-2.33,0.01,s137;O7:-2.33,-0.17,s135;O8:-2.33,-0.35,s125;O9:-0.71,-1.25,s93;O10:-0.35,-0.35,s84;O11:-0.53,-1.25,s80;O12:-2.33,0.55,s75;O13:-0.53,-0.89,s71;O14:-2.33,0.37,s60;O15:-0.17,-0.35,s48;O16:0.37,0.73,s44;O17:0.37,0.55,s39;O18:0.37,0.91,s36;O19:-2.33,-0.71,s31;O20:-0.71,-0.89,s29;O21:-0.35,-0.53,s19;O22:-2.33,0.73,s2","O1:-0.89,-0.89,s215;O2:-2.33,-0.53,s193;O3:-0.89,-1.25,s174;O4:-0.89,-1.07,s156;O5:-2.33,0.19,s149;O6:-2.33,0.01,s137;O7:-2.33,-0.17,s135;O8:-2.33,-0.35,s125;O9:-0.71,-1.25,s93;O10:-0.35,-0.35,s84;O11:-0.53,-1.25,s80;O12:-2.33,0.55,s75;O13:-0.53,-0.89,s71;O14:-2.33,0.37,s60;O15:-0.17,-0.35,s48;O16:0.37,0.73,s44;O17:0.37,0.55,s39;O18:0.37,0.91,s36;O19:-2.33,-0.71,s31;O20:-0.71,-0.89,s29;O21:-0.35,-0.53,s19;O22:-2.33,0.73,s2",RUNNING,UNKNOWN_MAP_SLAM_AVOIDANCE,unknown_map;frontier_targets;static_unknown_obstacles;dynamic_wandering_robot;costmap;slam_path_planning;obstacle_avoidance,P2_Wanderer,dynamic_wandering_robot,82.45504,82.45504,0.54558,-0.62267,1,0,1,14,6,32,22,2033,22,2033,0.54558,-0.62267,-0.86638,0.54558,-0.62267,-0.86638
56.9,PID,HECTOR_GRID_MATCHING,HECTOR_SCAN_MATCHING_GRID,landmarks,task3,TO_PICKUP_T2,AVOIDING,SLAM_WAYPOINT,T2,WS2,-0.15822,0.83665,1.26828,-0.145,0.837,1.268,0.01554,0.0494,2.12,-1.1,1.74499,0.32696,0.22339,84.72903,NORMAL,2,0,0,0,22,2039,24,22,98,2039,0.20319,0.88522,0,0,0.177,1.393,1,0,0.11981,-0.10057,17.39131,"O1:-0.89,-0.89,s215;O2:-2.33,-0.53,s193;O3:-0.89,-1.25,s174;O4:-0.89,-1.07,s156;O5:-2.33,0.19,s149;O6:-2.33,0.01,s137;O7:-2.33,-0.17,s135;O8:-2.33,-0.35,s125;O9:-0.71,-1.25,s93;O10:-0.35,-0.35,s84;O11:-0.53,-1.25,s80;O12:-2.33,0.55,s75;O13:-0.53,-0.89,s71;O14:-2.33,0.37,s60;O15:-0.17,-0.35,s48;O16:0.37,0.73,s47;O17:0.37,0.55,s39;O18:0.37,0.91,s39;O19:-2.33,-0.71,s31;O20:-0.71,-0.89,s29;O21:-0.35,-0.53,s19;O22:-2.33,0.73,s2","O1:-0.89,-0.89,s215;O2:-2.33,-0.53,s193;O3:-0.89,-1.25,s174;O4:-0.89,-1.07,s156;O5:-2.33,0.19,s149;O6:-2.33,0.01,s137;O7:-2.33,-0.17,s135;O8:-2.33,-0.35,s125;O9:-0.71,-1.25,s93;O10:-0.35,-0.35,s84;O11:-0.53,-1.25,s80;O12:-2.33,0.55,s75;O13:-0.53,-0.89,s71;O14:-2.33,0.37,s60;O15:-0.17,-0.35,s48;O16:0.37,0.73,s47;O17:0.37,0.55,s39;O18:0.37,0.91,s39;O19:-2.33,-0.71,s31;O20:-0.71,-0.89,s29;O21:-0.35,-0.53,s19;O22:-2.33,0.73,s2",RUNNING,UNKNOWN_MAP_SLAM_AVOIDANCE,unknown_map;frontier_targets;static_unknown_obstacles;dynamic_wandering_robot;costmap;slam_path_planning;obstacle_avoidance,P2_Wanderer,dynamic_wandering_robot,82.48214,82.48214,0.56501,-0.64553,1,0,1,14,6,32,22,2039,22,2039,0.56501,-0.64553,-0.86638,0.56501,-0.64553,-0.86638
57.05,PID,HECTOR_GRID_MATCHING,HECTOR_SCAN_MATCHING_GRID,landmarks,task3,TO_PICKUP_T2,AVOIDING,SLAM_WAYPOINT,T2,WS2,-0.15371,0.85311,1.25334,-0.136,0.85,1.257,0.01907,0.04919,2.12,-1.1,1.73468,0.32189,0.23119,84.7026,NORMAL,2,0,0,0,22,2045,24,22,98,2045,0.20319,0.88522,0,0,0.179,1.394,1,0,0.11382,-0.08396,17.40555,"O1:-0.89,-0.89,s215;O2:-2.33,-0.53,s193;O3:-0.89,-1.25,s174;O4:-0.89,-1.07,s156;O5:-2.33,0.19,s149;O6:-2.33,0.01,s137;O7:-2.33,-0.17,s135;O8:-2.33,-0.35,s125;O9:-0.71,-1.25,s93;O10:-0.35,-0.35,s84;O11:-0.53,-1.25,s80;O12:-2.33,0.55,s75;O13:-0.53,-0.89,s71;O14:-2.33,0.37,s60;O15:0.37,0.73,s50;O16:-0.17,-0.35,s48;O17:0.37,0.91,s42;O18:0.37,0.55,s39;O19:-2.33,-0.71,s31;O20:-0.71,-0.89,s29;O21:-0.35,-0.53,s19;O22:-2.33,0.73,s2","O1:-0.89,-0.89,s215;O2:-2.33,-0.53,s193;O3:-0.89,-1.25,s174;O4:-0.89,-1.07,s156;O5:-2.33,0.19,s149;O6:-2.33,0.01,s137;O7:-2.33,-0.17,s135;O8:-2.33,-0.35,s125;O9:-0.71,-1.25,s93;O10:-0.35,-0.35,s84;O11:-0.53,-1.25,s80;O12:-2.33,0.55,s75;O13:-0.53,-0.89,s71;O14:-2.33,0.37,s60;O15:0.37,0.73,s50;O16:-0.17,-0.35,s48;O17:0.37,0.91,s42;O18:0.37,0.55,s39;O19:-2.33,-0.71,s31;O20:-0.71,-0.89,s29;O21:-0.35,-0.53,s19;O22:-2.33,0.73,s2",RUNNING,UNKNOWN_MAP_SLAM_AVOIDANCE,unknown_map;frontier_targets;static_unknown_obstacles;dynamic_wandering_robot;costmap;slam_path_planning;obstacle_avoidance,P2_Wanderer,dynamic_wandering_robot,82.50916,82.50916,0.58444,-0.66839,1,0,1,14,6,32,22,2045,22,2045,0.58444,-0.66839,-0.86638,0.58444,-0.66839,-0.86638
57.2,PID,HECTOR_GRID_MATCHING,HECTOR_SCAN_MATCHING_GRID,landmarks,task3,TO_PICKUP_T2,AVOIDING,SLAM_WAYPOINT,T2,WS2,-0.14927,0.86843,1.23726,-0.136,0.876,1.249,0.01921,0.04896,2.12,-1.1,1.72474,0.31686,0.23906,84.67753,NORMAL,2,0,0,0,22,2051,24,22,98,2051,0.20319,0.88522,0,0,0.186,1.396,1,0,0.1061,-0.13072,17.42905,"O1:-0.89,-0.89,s215;O2:-2.33,-0.53,s193;O3:-0.89,-1.25,s174;O4:-0.89,-1.07,s156;O5:-2.33,0.19,s149;O6:-2.33,0.01,s137;O7:-2.33,-0.17,s135;O8:-2.33,-0.35,s125;O9:-0.71,-1.25,s93;O10:-0.35,-0.35,s84;O11:-0.53,-1.25,s80;O12:-2.33,0.55,s75;O13:-0.53,-0.89,s71;O14:-2.33,0.37,s60;O15:0.37,0.73,s53;O16:-0.17,-0.35,s48;O17:0.37,0.91,s45;O18:0.37,0.55,s39;O19:-2.33,-0.71,s31;O20:-0.71,-0.89,s29;O21:-0.35,-0.53,s19;O22:-2.33,0.73,s2","O1:-0.89,-0.89,s215;O2:-2.33,-0.53,s193;O3:-0.89,-1.25,s174;O4:-0.89,-1.07,s156;O5:-2.33,0.19,s149;O6:-2.33,0.01,s137;O7:-2.33,-0.17,s135;O8:-2.33,-0.35,s125;O9:-0.71,-1.25,s93;O10:-0.35,-0.35,s84;O11:-0.53,-1.25,s80;O12:-2.33,0.55,s75;O13:-0.53,-0.89,s71;O14:-2.33,0.37,s60;O15:0.37,0.73,s53;O16:-0.17,-0.35,s48;O17:0.37,0.91,s45;O18:0.37,0.55,s39;O19:-2.33,-0.71,s31;O20:-0.71,-0.89,s29;O21:-0.35,-0.53,s19;O22:-2.33,0.73,s2",RUNNING,UNKNOWN_MAP_SLAM_AVOIDANCE,unknown_map;frontier_targets;static_unknown_obstacles;dynamic_wandering_robot;costmap;slam_path_planning;obstacle_avoidance,P2_Wanderer,dynamic_wandering_robot,82.53608,82.53608,0.60387,-0.69125,1,0,1,14,6,32,22,2051,22,2051,0.60387,-0.69125,-0.86638,0.60387,-0.69125,-0.86638
57.35,PID,HECTOR_GRID_MATCHING,HECTOR_SCAN_MATCHING_GRID,landmarks,task3,TO_PICKUP_T2,AVOIDING,SLAM_WAYPOINT,T2,WS2,-0.14485,0.88251,1.22602,-0.122,0.891,1.242,0.02811,0.04871,2.12,-1.1,1.7155,0.31207,0.24666,84.65415,NORMAL,2,0,0,0,22,2057,24,22,98,2057,0.20319,0.88522,0,0,0.189,1.397,1,0,0.09816,-0.09803,17.46874,"O1:-0.89,-0.89,s215;O2:-2.33,-0.53,s193;O3:-0.89,-1.25,s174;O4:-0.89,-1.07,s156;O5:-2.33,0.19,s149;O6:-2.33,0.01,s137;O7:-2.33,-0.17,s135;O8:-2.33,-0.35,s125;O9:-0.71,-1.25,s93;O10:-0.35,-0.35,s84;O11:-0.53,-1.25,s80;O12:-2.33,0.55,s75;O13:-0.53,-0.89,s71;O14:-2.33,0.37,s60;O15:0.37,0.73,s56;O16:0.37,0.91,s48;O17:-0.17,-0.35,s48;O18:0.37,0.55,s39;O19:-2.33,-0.71,s31;O20:-0.71,-0.89,s29;O21:-0.35,-0.53,s19;O22:-2.33,0.73,s2","O1:-0.89,-0.89,s215;O2:-2.33,-0.53,s193;O3:-0.89,-1.25,s174;O4:-0.89,-1.07,s156;O5:-2.33,0.19,s149;O6:-2.33,0.01,s137;O7:-2.33,-0.17,s135;O8:-2.33,-0.35,s125;O9:-0.71,-1.25,s93;O10:-0.35,-0.35,s84;O11:-0.53,-1.25,s80;O12:-2.33,0.55,s75;O13:-0.53,-0.89,s71;O14:-2.33,0.37,s60;O15:0.37,0.73,s56;O16:0.37,0.91,s48;O17:-0.17,-0.35,s48;O18:0.37,0.55,s39;O19:-2.33,-0.71,s31;O20:-0.71,-0.89,s29;O21:-0.35,-0.53,s19;O22:-2.33,0.73,s2",RUNNING,UNKNOWN_MAP_SLAM_AVOIDANCE,unknown_map;frontier_targets;static_unknown_obstacles;dynamic_wandering_robot;costmap;slam_path_planning;obstacle_avoidance,P2_Wanderer,dynamic_wandering_robot,82.56292,82.56292,0.62329,-0.71411,1,0,1,14,6,32,22,2057,22,2057,0.62329,-0.71411,-0.86638,0.62329,-0.71411,-0.86638
57.5,PID,HECTOR_GRID_MATCHING,HECTOR_SCAN_MATCHING_GRID,landmarks,task3,TO_PICKUP_T2,AVOIDING,SLAM_WAYPOINT,T2,WS2,-0.14047,0.89633,1.21163,-0.135,0.903,1.226,0.01286,0.04852,2.12,-1.1,1.70656,0.30738,0.25424,84.63139,NORMAL,2,0,0,0,22,2063,24,22,98,2063,0.20319,0.88522,0,0,0.193,1.399,1,0,0.09814,-0.12665,17.5007,"O1:-0.89,-0.89,s215;O2:-2.33,-0.53,s193;O3:-0.89,-1.25,s174;O4:-0.89,-1.07,s156;O5:-2.33,0.19,s149;O6:-2.33,0.01,s137;O7:-2.33,-0.17,s135;O8:-2.33,-0.35,s125;O9:-0.71,-1.25,s93;O10:-0.35,-0.35,s84;O11:-0.53,-1.25,s80;O12:-2.33,0.55,s75;O13:-0.53,-0.89,s71;O14:-2.33,0.37,s60;O15:0.37,0.73,s59;O16:0.37,0.91,s51;O17:-0.17,-0.35,s48;O18:0.37,0.55,s39;O19:-2.33,-0.71,s31;O20:-0.71,-0.89,s29;O21:-0.35,-0.53,s19;O22:-2.33,0.73,s2","O1:-0.89,-0.89,s215;O2:-2.33,-0.53,s193;O3:-0.89,-1.25,s174;O4:-0.89,-1.07,s156;O5:-2.33,0.19,s149;O6:-2.33,0.01,s137;O7:-2.33,-0.17,s135;O8:-2.33,-0.35,s125;O9:-0.71,-1.25,s93;O10:-0.35,-0.35,s84;O11:-0.53,-1.25,s80;O12:-2.33,0.55,s75;O13:-0.53,-0.89,s71;O14:-2.33,0.37,s60;O15:0.37,0.73,s59;O16:0.37,0.91,s51;O17:-0.17,-0.35,s48;O18:0.37,0.55,s39;O19:-2.33,-0.71,s31;O20:-0.71,-0.89,s29;O21:-0.35,-0.53,s19;O22:-2.33,0.73,s2",RUNNING,UNKNOWN_MAP_SLAM_AVOIDANCE,unknown_map;frontier_targets;static_unknown_obstacles;dynamic_wandering_robot;costmap;slam_path_planning;obstacle_avoidance,P2_Wanderer,dynamic_wandering_robot,82.58966,82.58966,0.64272,-0.73697,1,0,1,14,6,32,22,2063,22,2063,0.64272,-0.73697,-0.86638,0.64272,-0.73697,-0.86638
57.65,PID,HECTOR_GRID_MATCHING,HECTOR_SCAN_MATCHING_GRID,landmarks,task3,TO_PICKUP_T2,AVOIDING,SLAM_WAYPOINT,T2,WS2,-0.13601,0.91004,1.19507,-0.149,0.91,1.205,0.01259,0.04838,2.12,-1.1,1.69779,0.30274,0.26184,84.60869,NORMAL,2,0,0,0,22,2069,24,22,98,2069,0.20319,0.88522,0,0,0.196,1.4,1,0,0.09968,-0.12984,17.52309,"O1:-0.89,-0.89,s215;O2:-2.33,-0.53,s193;O3:-0.89,-1.25,s174;O4:-0.89,-1.07,s156;O5:-2.33,0.19,s149;O6:-2.33,0.01,s137;O7:-2.33,-0.17,s135;O8:-2.33,-0.35,s125;O9:-0.71,-1.25,s93;O10:-0.35,-0.35,s84;O11:-0.53,-1.25,s80;O12:-2.33,0.55,s75;O13:-0.53,-0.89,s71;O14:0.37,0.73,s62;O15:-2.33,0.37,s60;O16:0.37,0.91,s54;O17:-0.17,-0.35,s48;O18:0.37,0.55,s39;O19:-2.33,-0.71,s31;O20:-0.71,-0.89,s29;O21:-0.35,-0.53,s19;O22:-2.33,0.73,s2","O1:-0.89,-0.89,s215;O2:-2.33,-0.53,s193;O3:-0.89,-1.25,s174;O4:-0.89,-1.07,s156;O5:-2.33,0.19,s149;O6:-2.33,0.01,s137;O7:-2.33,-0.17,s135;O8:-2.33,-0.35,s125;O9:-0.71,-1.25,s93;O10:-0.35,-0.35,s84;O11:-0.53,-1.25,s80;O12:-2.33,0.55,s75;O13:-0.53,-0.89,s71;O14:0.37,0.73,s62;O15:-2.33,0.37,s60;O16:0.37,0.91,s54;O17:-0.17,-0.35,s48;O18:0.37,0.55,s39;O19:-2.33,-0.71,s31;O20:-0.71,-0.89,s29;O21:-0.35,-0.53,s19;O22:-2.33,0.73,s2",RUNNING,UNKNOWN_MAP_SLAM_AVOIDANCE,unknown_map;frontier_targets;static_unknown_obstacles;dynamic_wandering_robot;costmap;slam_path_planning;obstacle_avoidance,P2_Wanderer,dynamic_wandering_robot,82.61632,82.61632,0.66215,-0.75983,1,0,1,14,6,32,22,2069,22,2069,0.66215,-0.75983,-0.86638,0.66215,-0.75983,-0.86638
57.8,PID,HECTOR_GRID_MATCHING,HECTOR_SCAN_MATCHING_GRID,landmarks,task3,TO_PICKUP_T2,AVOIDING,SLAM_WAYPOINT,T2,WS2,-0.13134,0.92323,1.18228,-0.137,0.924,1.191,0.0071,0.04828,2.12,-1.1,1.68887,0.29794,0.26982,84.58612,NORMAL,2,0,0,0,22,2075,24,22,98,2075,0.20319,0.88522,0,0,0.199,1.401,1,0,0.0923,-0.08623,17.54472,"O1:-0.89,-0.89,s215;O2:-2.33,-0.53,s193;O3:-0.89,-1.25,s174;O4:-0.89,-1.07,s156;O5:-2.33,0.19,s149;O6:-2.33,0.01,s137;O7:-2.33,-0.17,s135;O8:-2.33,-0.35,s125;O9:-0.71,-1.25,s93;O10:-0.35,-0.35,s84;O11:-0.53,-1.25,s80;O12:-2.33,0.55,s75;O13:-0.53,-0.89,s71;O14:0.37,0.73,s65;O15:-2.33,0.37,s60;O16:0.37,0.91,s57;O17:-0.17,-0.35,s48;O18:0.37,0.55,s39;O19:-2.33,-0.71,s31;O20:-0.71,-0.89,s29;O21:-0.35,-0.53,s19;O22:-2.33,0.73,s2","O1:-0.89,-0.89,s215;O2:-2.33,-0.53,s193;O3:-0.89,-1.25,s174;O4:-0.89,-1.07,s156;O5:-2.33,0.19,s149;O6:-2.33,0.01,s137;O7:-2.33,-0.17,s135;O8:-2.33,-0.35,s125;O9:-0.71,-1.25,s93;O10:-0.35,-0.35,s84;O11:-0.53,-1.25,s80;O12:-2.33,0.55,s75;O13:-0.53,-0.89,s71;O14:0.37,0.73,s65;O15:-2.33,0.37,s60;O16:0.37,0.91,s57;O17:-0.17,-0.35,s48;O18:0.37,0.55,s39;O19:-2.33,-0.71,s31;O20:-0.71,-0.89,s29;O21:-0.35,-0.53,s19;O22:-2.33,0.73,s2",RUNNING,UNKNOWN_MAP_SLAM_AVOIDANCE,unknown_map;frontier_targets;static_unknown_obstacles;dynamic_wandering_robot;costmap;slam_path_planning;obstacle_avoidance,P2_Wanderer,dynamic_wandering_robot,82.64289,82.64289,0.68158,-0.78269,1,0,1,14,6,32,22,2075,22,2075,0.68158,-0.78269,-0.86638,0.68158,-0.78269,-0.86638
57.95,PID,HECTOR_GRID_MATCHING,HECTOR_SCAN_MATCHING_GRID,landmarks,task3,TO_PICKUP_T2,AVOIDING,SLAM_WAYPOINT,T2,WS2,-0.1268,0.93552,1.17019,-0.136,0.939,1.174,0.01048,0.04813,2.12,-1.1,1.68047,0.29333,0.2776,84.56493,NORMAL,2,0,0,0,22,2081,24,22,98,2081,0.20319,0.88522,0,0,0.203,1.402,1,0,0.08822,-0.07268,17.55446,"O1:-0.89,-0.89,s215;O2:-2.33,-0.53,s193;O3:-0.89,-1.25,s174;O4:-0.89,-1.07,s156;O5:-2.33,0.19,s149;O6:-2.33,0.01,s137;O7:-2.33,-0.17,s135;O8:-2.33,-0.35,s125;O9:-0.71,-1.25,s93;O10:-0.35,-0.35,s84;O11:-0.53,-1.25,s80;O12:-2.33,0.55,s75;O13:-0.53,-0.89,s71;O14:0.37,0.73,s68;O15:0.37,0.91,s60;O16:-2.33,0.37,s60;O17:-0.17,-0.35,s48;O18:0.37,0.55,s39;O19:-2.33,-0.71,s31;O20:-0.71,-0.89,s29;O21:-0.35,-0.53,s19;O22:-2.33,0.73,s2","O1:-0.89,-0.89,s215;O2:-2.33,-0.53,s193;O3:-0.89,-1.25,s174;O4:-0.89,-1.07,s156;O5:-2.33,0.19,s149;O6:-2.33,0.01,s137;O7:-2.33,-0.17,s135;O8:-2.33,-0.35,s125;O9:-0.71,-1.25,s93;O10:-0.35,-0.35,s84;O11:-0.53,-1.25,s80;O12:-2.33,0.55,s75;O13:-0.53,-0.89,s71;O14:0.37,0.73,s68;O15:0.37,0.91,s60;O16:-2.33,0.37,s60;O17:-0.17,-0.35,s48;O18:0.37,0.55,s39;O19:-2.33,-0.71,s31;O20:-0.71,-0.89,s29;O21:-0.35,-0.53,s19;O22:-2.33,0.73,s2",RUNNING,UNKNOWN_MAP_SLAM_AVOIDANCE,unknown_map;frontier_targets;static_unknown_obstacles;dynamic_wandering_robot;costmap;slam_path_planning;obstacle_avoidance,P2_Wanderer,dynamic_wandering_robot,82.66937,82.66937,0.701,-0.80555,1,0,1,14,6,32,22,2081,22,2081,0.701,-0.80555,-0.86638,0.701,-0.80555,-0.86638
58.1,PID,HECTOR_GRID_MATCHING,HECTOR_SCAN_MATCHING_GRID,landmarks,task3,TO_PICKUP_T2,AVOIDING,SLAM_WAYPOINT,T2,WS2,-0.12202,0.94743,1.16364,-0.127,0.94,1.161,0.00523,0.04799,2.12,-1.1,1.6722,0.28866,0.2856,84.54445,NORMAL,2,0,0,0,22,2087,24,22,98,2087,0.20319,0.88522,0,0,0.202,1.402,1,0,0.08565,-0.00444,17.57782,"O1:-0.89,-0.89,s215;O2:-2.33,-0.53,s193;O3:-0.89,-1.25,s174;O4:-0.89,-1.07,s156;O5:-2.33,0.19,s149;O6:-2.33,0.01,s137;O7:-2.33,-0.17,s135;O8:-2.33,-0.35,s125;O9:-0.71,-1.25,s93;O10:-0.35,-0.35,s84;O11:-0.53,-1.25,s80;O12:-2.33,0.55,s75;O13:0.37,0.73,s71;O14:-0.53,-0.89,s71;O15:0.37,0.91,s63;O16:-2.33,0.37,s60;O17:-0.17,-0.35,s48;O18:0.37,0.55,s39;O19:-2.33,-0.71,s31;O20:-0.71,-0.89,s29;O21:-0.35,-0.53,s19;O22:-2.33,0.73,s2","O1:-0.89,-0.89,s215;O2:-2.33,-0.53,s193;O3:-0.89,-1.25,s174;O4:-0.89,-1.07,s156;O5:-2.33,0.19,s149;O6:-2.33,0.01,s137;O7:-2.33,-0.17,s135;O8:-2.33,-0.35,s125;O9:-0.71,-1.25,s93;O10:-0.35,-0.35,s84;O11:-0.53,-1.25,s80;O12:-2.33,0.55,s75;O13:0.37,0.73,s71;O14:-0.53,-0.89,s71;O15:0.37,0.91,s63;O16:-2.33,0.37,s60;O17:-0.17,-0.35,s48;O18:0.37,0.55,s39;O19:-2.33,-0.71,s31;O20:-0.71,-0.89,s29;O21:-0.35,-0.53,s19;O22:-2.33,0.73,s2",RUNNING,UNKNOWN_MAP_SLAM_AVOIDANCE,unknown_map;frontier_targets;static_unknown_obstacles;dynamic_wandering_robot;costmap;slam_path_planning;obstacle_avoidance,P2_Wanderer,dynamic_wandering_robot,82.69576,82.69576,0.72043,-0.82841,1,0,1,14,6,32,22,2087,22,2087,0.72043,-0.82841,-0.86638,0.72043,-0.82841,-0.86638
58.25,PID,HECTOR_GRID_MATCHING,HECTOR_SCAN_MATCHING_GRID,landmarks,task3,TO_PICKUP_T2,AVOIDING,SLAM_WAYPOINT,T2,WS2,-0.11709,0.95877,1.1643,-0.115,0.941,1.164,0.01434,0.04786,2.12,-1.1,1.66387,0.28368,0.29426,84.5249,NORMAL,2,0,0,0,22,2093,24,22,98,2093,0.20319,0.88522,0,0,0.202,1.402,1,0,0.08208,0.02443,17.60196,"O1:-0.89,-0.89,s215;O2:-2.33,-0.53,s193;O3:-0.89,-1.25,s174;O4:-0.89,-1.07,s156;O5:-2.33,0.19,s149;O6:-2.33,0.01,s137;O7:-2.33,-0.17,s135;O8:-2.33,-0.35,s125;O9:-0.71,-1.25,s93;O10:-0.35,-0.35,s84;O11:-0.53,-1.25,s80;O12:-2.33,0.55,s75;O13:0.37,0.73,s74;O14:-0.53,-0.89,s71;O15:0.37,0.91,s66;O16:-2.33,0.37,s60;O17:-0.17,-0.35,s48;O18:0.37,0.55,s39;O19:-2.33,-0.71,s31;O20:-0.71,-0.89,s29;O21:-0.35,-0.53,s19;O22:-2.33,0.73,s2","O1:-0.89,-0.89,s215;O2:-2.33,-0.53,s193;O3:-0.89,-1.25,s174;O4:-0.89,-1.07,s156;O5:-2.33,0.19,s149;O6:-2.33,0.01,s137;O7:-2.33,-0.17,s135;O8:-2.33,-0.35,s125;O9:-0.71,-1.25,s93;O10:-0.35,-0.35,s84;O11:-0.53,-1.25,s80;O12:-2.33,0.55,s75;O13:0.37,0.73,s74;O14:-0.53,-0.89,s71;O15:0.37,0.91,s66;O16:-2.33,0.37,s60;O17:-0.17,-0.35,s48;O18:0.37,0.55,s39;O19:-2.33,-0.71,s31;O20:-0.71,-0.89,s29;O21:-0.35,-0.53,s19;O22:-2.33,0.73,s2",RUNNING,UNKNOWN_MAP_SLAM_AVOIDANCE,unknown_map;frontier_targets;static_unknown_obstacles;dynamic_wandering_robot;costmap;slam_path_planning;obstacle_avoidance,P2_Wanderer,dynamic_wandering_robot,82.72206,82.72206,0.74671,-0.84287,1,0,1,14,6,32,22,2093,22,2093,0.74671,-0.84287,-0.5032,0.74671,-0.84287,-0.5032
58.4,PID,HECTOR_GRID_MATCHING,HECTOR_SCAN_MATCHING_GRID,landmarks,task3,TO_PICKUP_T2,AVOIDING,SLAM_WAYPOINT,T2,WS2,-0.11224,0.96975,1.16607,-0.112,0.946,1.161,0.02051,0.04774,2.12,-1.1,1.65578,0.27874,0.30296,84.50586,NORMAL,2,0,0,0,22,2099,24,22,98,2099,0.20319,0.88522,0,0,0.203,1.402,1,0,0.07981,0.04028,17.63511,"O1:-0.89,-0.89,s215;O2:-2.33,-0.53,s193;O3:-0.89,-1.25,s174;O4:-0.89,-1.07,s156;O5:-2.33,0.19,s149;O6:-2.33,0.01,s137;O7:-2.33,-0.17,s135;O8:-2.33,-0.35,s125;O9:-0.71,-1.25,s93;O10:-0.35,-0.35,s84;O11:-0.53,-1.25,s80;O12:0.37,0.73,s77;O13:-2.33,0.55,s75;O14:-0.53,-0.89,s71;O15:0.37,0.91,s69;O16:-2.33,0.37,s60;O17:-0.17,-0.35,s48;O18:0.37,0.55,s39;O19:-2.33,-0.71,s31;O20:-0.71,-0.89,s29;O21:-0.35,-0.53,s19;O22:-2.33,0.73,s2","O1:-0.89,-0.89,s215;O2:-2.33,-0.53,s193;O3:-0.89,-1.25,s174;O4:-0.89,-1.07,s156;O5:-2.33,0.19,s149;O6:-2.33,0.01,s137;O7:-2.33,-0.17,s135;O8:-2.33,-0.35,s125;O9:-0.71,-1.25,s93;O10:-0.35,-0.35,s84;O11:-0.53,-1.25,s80;O12:0.37,0.73,s77;O13:-2.33,0.55,s75;O14:-0.53,-0.89,s71;O15:0.37,0.91,s69;O16:-2.33,0.37,s60;O17:-0.17,-0.35,s48;O18:0.37,0.55,s39;O19:-2.33,-0.71,s31;O20:-0.71,-0.89,s29;O21:-0.35,-0.53,s19;O22:-2.33,0.73,s2",RUNNING,UNKNOWN_MAP_SLAM_AVOIDANCE,unknown_map;frontier_targets;static_unknown_obstacles;dynamic_wandering_robot;costmap;slam_path_planning;obstacle_avoidance,P2_Wanderer,dynamic_wandering_robot,82.74828,82.74828,0.77299,-0.85734,1,0,1,14,6,32,22,2099,22,2099,0.77299,-0.85734,-0.5032,0.77299,-0.85734,-0.5032
58.55,PID,HECTOR_GRID_MATCHING,HECTOR_SCAN_MATCHING_GRID,landmarks,task3,TO_PICKUP_T2,AVOIDING,DIRECT_AFTER_WAYPOINT,T2,WS2,-0.10156,0.9941,1.15938,-0.108,0.974,1.156,0.01048,0.0487,2.12,-1.1,1.64219,0.27027,0.31819,84.44569,NORMAL,2,0,0,0,22,2105,24,22,98,2105,0.20319,0.88522,0,0,1.46,1.48,0,0,0.3581,-1.1226,18.28018,"O1:-0.89,-0.89,s215;O2:-2.33,-0.53,s193;O3:-0.89,-1.25,s174;O4:-0.89,-1.07,s156;O5:-2.33,0.19,s149;O6:-2.33,0.01,s137;O7:-2.33,-0.17,s135;O8:-2.33,-0.35,s125;O9:-0.71,-1.25,s93;O10:-0.35,-0.35,s84;O11:-0.53,-1.25,s80;O12:0.37,0.73,s80;O13:-2.33,0.55,s75;O14:0.37,0.91,s72;O15:-0.53,-0.89,s71;O16:-2.33,0.37,s60;O17:-0.17,-0.35,s48;O18:0.37,0.55,s39;O19:-2.33,-0.71,s31;O20:-0.71,-0.89,s29;O21:-0.35,-0.53,s19;O22:-2.33,0.73,s2","O1:-0.89,-0.89,s215;O2:-2.33,-0.53,s193;O3:-0.89,-1.25,s174;O4:-0.89,-1.07,s156;O5:-2.33,0.19,s149;O6:-2.33,0.01,s137;O7:-2.33,-0.17,s135;O8:-2.33,-0.35,s125;O9:-0.71,-1.25,s93;O10:-0.35,-0.35,s84;O11:-0.53,-1.25,s80;O12:0.37,0.73,s80;O13:-2.33,0.55,s75;O14:0.37,0.91,s72;O15:-0.53,-0.89,s71;O16:-2.33,0.37,s60;O17:-0.17,-0.35,s48;O18:0.37,0.55,s39;O19:-2.33,-0.71,s31;O20:-0.71,-0.89,s29;O21:-0.35,-0.53,s19;O22:-2.33,0.73,s2",RUNNING,UNKNOWN_MAP_SLAM_AVOIDANCE,unknown_map;frontier_targets;static_unknown_obstacles;dynamic_wandering_robot;costmap;slam_path_planning;obstacle_avoidance,P2_Wanderer,dynamic_wandering_robot,82.77441,82.77441,0.79927,-0.87181,1,0,1,14,6,32,22,2105,22,2105,0.79927,-0.87181,-0.5032,0.79927,-0.87181,-0.5032
58.7,PID,HECTOR_GRID_MATCHING,HECTOR_SCAN_MATCHING_GRID,landmarks,task3,TO_PICKUP_T2,AVOIDING,DIRECT_AFTER_WAYPOINT,T2,WS2,-0.0888,1.02806,1.09155,-0.095,1.012,1.098,0.0039,0.05043,2.12,-1.1,1.62162,0.26025,0.33668,84.36951,NORMAL,2,0,0,0,22,2111,24,22,98,2111,0.20319,0.88522,0,0,1.46,1.48,0,0,0.35583,-1.03682,18.30876,"O1:-0.89,-0.89,s215;O2:-2.33,-0.53,s193;O3:-0.89,-1.25,s174;O4:-0.89,-1.07,s156;O5:-2.33,0.19,s149;O6:-2.33,0.01,s137;O7:-2.33,-0.17,s135;O8:-2.33,-0.35,s125;O9:-0.71,-1.25,s93;O10:-0.35,-0.35,s84;O11:0.37,0.73,s83;O12:-0.53,-1.25,s80;O13:0.37,0.91,s75;O14:-2.33,0.55,s75;O15:-0.53,-0.89,s71;O16:-2.33,0.37,s60;O17:-0.17,-0.35,s48;O18:0.37,0.55,s39;O19:-2.33,-0.71,s31;O20:-0.71,-0.89,s29;O21:-0.35,-0.53,s19;O22:-2.33,0.73,s2","O1:-0.89,-0.89,s215;O2:-2.33,-0.53,s193;O3:-0.89,-1.25,s174;O4:-0.89,-1.07,s156;O5:-2.33,0.19,s149;O6:-2.33,0.01,s137;O7:-2.33,-0.17,s135;O8:-2.33,-0.35,s125;O9:-0.71,-1.25,s93;O10:-0.35,-0.35,s84;O11:0.37,0.73,s83;O12:-0.53,-1.25,s80;O13:0.37,0.91,s75;O14:-2.33,0.55,s75;O15:-0.53,-0.89,s71;O16:-2.33,0.37,s60;O17:-0.17,-0.35,s48;O18:0.37,0.55,s39;O19:-2.33,-0.71,s31;O20:-0.71,-0.89,s29;O21:-0.35,-0.53,s19;O22:-2.33,0.73,s2",RUNNING,UNKNOWN_MAP_SLAM_AVOIDANCE,unknown_map;frontier_targets;static_unknown_obstacles;dynamic_wandering_robot;costmap;slam_path_planning;obstacle_avoidance,P2_Wanderer,dynamic_wandering_robot,82.80045,82.80045,0.82556,-0.88627,1,0,1,14,6,32,22,2111,22,2111,0.82556,-0.88627,-0.5032,0.82556,-0.88627,-0.5032
58.85,PID,HECTOR_GRID_MATCHING,HECTOR_SCAN_MATCHING_GRID,landmarks,task3,TO_PICKUP_T2,AVOIDING,DIRECT_AFTER_WAYPOINT,T2,WS2,-0.06893,1.07393,0.96337,-0.076,1.053,0.984,0.00514,0.05269,2.12,-1.1,1.5933,0.24762,0.36074,84.29301,NORMAL,2,0,0,0,22,2117,24,22,98,2117,0.21043,0.88522,0,0,1.46,1.48,0,0,0.37192,-0.82551,18.37768,"O1:-0.89,-0.89,s215;O2:-2.33,-0.53,s193;O3:-0.89,-1.25,s174;O4:-0.89,-1.07,s156;O5:-2.33,0.19,s149;O6:-2.33,0.01,s137;O7:-2.33,-0.17,s135;O8:-2.33,-0.35,s125;O9:-0.71,-1.25,s93;O10:0.37,0.73,s86;O11:-0.35,-0.35,s84;O12:-0.53,-1.25,s80;O13:0.37,0.91,s78;O14:-2.33,0.55,s75;O15:-0.53,-0.89,s71;O16:-2.33,0.37,s60;O17:-0.17,-0.35,s48;O18:0.37,0.55,s39;O19:-2.33,-0.71,s31;O20:-0.71,-0.89,s29;O21:-0.35,-0.53,s19;O22:-2.33,0.73,s2","O1:-0.89,-0.89,s215;O2:-2.33,-0.53,s193;O3:-0.89,-1.25,s174;O4:-0.89,-1.07,s156;O5:-2.33,0.19,s149;O6:-2.33,0.01,s137;O7:-2.33,-0.17,s135;O8:-2.33,-0.35,s125;O9:-0.71,-1.25,s93;O10:0.37,0.73,s86;O11:-0.35,-0.35,s84;O12:-0.53,-1.25,s80;O13:0.37,0.91,s78;O14:-2.33,0.55,s75;O15:-0.53,-0.89,s71;O16:-2.33,0.37,s60;O17:-0.17,-0.35,s48;O18:0.37,0.55,s39;O19:-2.33,-0.71,s31;O20:-0.71,-0.89,s29;O21:-0.35,-0.53,s19;O22:-2.33,0.73,s2",RUNNING,UNKNOWN_MAP_SLAM_AVOIDANCE,unknown_map;frontier_targets;static_unknown_obstacles;dynamic_wandering_robot;costmap;slam_path_planning;obstacle_avoidance,P2_Wanderer,dynamic_wandering_robot,82.8264,82.8264,0.85184,-0.90074,1,0,1,14,6,32,22,2117,22,2117,0.85184,-0.90074,-0.5032,0.85184,-0.90074,-0.5032
59.0,PID,HECTOR_GRID_MATCHING,HECTOR_SCAN_MATCHING_GRID,landmarks,task3,TO_PICKUP_T2,AVOIDING,DIRECT_AFTER_WAYPOINT,T2,WS2,-0.04039,1.11947,0.85263,-0.048,1.111,0.875,0.00675,0.05424,2.12,-1.1,1.55698,0.23395,0.38771,84.2149,NORMAL,2,0,0,0,22,2123,24,22,100,2123,0.20869,0.88522,0,0,1.46,1.48,0,0,0.37771,-0.66259,18.4247,"O1:-0.89,-0.89,s215;O2:-2.33,-0.53,s193;O3:-0.89,-1.25,s174;O4:-0.89,-1.07,s156;O5:-2.33,0.19,s149;O6:-2.33,0.01,s137;O7:-2.33,-0.17,s135;O8:-2.33,-0.35,s125;O9:-0.71,-1.25,s93;O10:0.37,0.73,s89;O11:-0.35,-0.35,s84;O12:0.37,0.91,s81;O13:-0.53,-1.25,s80;O14:-2.33,0.55,s75;O15:-0.53,-0.89,s71;O16:-2.33,0.37,s60;O17:-0.17,-0.35,s48;O18:0.37,0.55,s39;O19:-2.33,-0.71,s31;O20:-0.71,-0.89,s29;O21:-0.35,-0.53,s19;O22:-2.33,0.73,s2","O1:-0.89,-0.89,s215;O2:-2.33,-0.53,s193;O3:-0.89,-1.25,s174;O4:-0.89,-1.07,s156;O5:-2.33,0.19,s149;O6:-2.33,0.01,s137;O7:-2.33,-0.17,s135;O8:-2.33,-0.35,s125;O9:-0.71,-1.25,s93;O10:0.37,0.73,s89;O11:-0.35,-0.35,s84;O12:0.37,0.91,s81;O13:-0.53,-1.25,s80;O14:-2.33,0.55,s75;O15:-0.53,-0.89,s71;O16:-2.33,0.37,s60;O17:-0.17,-0.35,s48;O18:0.37,0.55,s39;O19:-2.33,-0.71,s31;O20:-0.71,-0.89,s29;O21:-0.35,-0.53,s19;O22:-2.33,0.73,s2",RUNNING,UNKNOWN_MAP_SLAM_AVOIDANCE,unknown_map;frontier_targets;static_unknown_obstacles;dynamic_wandering_robot;costmap;slam_path_planning;obstacle_avoidance,P2_Wanderer,dynamic_wandering_robot,82.85227,82.85227,0.87812,-0.91521,1,0,1,14,6,32,22,2123,22,2123,0.87812,-0.91521,-0.5032,0.87812,-0.91521,-0.5032
59.15,PID,HECTOR_GRID_MATCHING,HECTOR_SCAN_MATCHING_GRID,landmarks,task3,TO_PICKUP_T2,AVOIDING,DIRECT_AFTER_WAYPOINT,T2,WS2,-0.00497,1.16182,0.76949,-0.018,1.143,0.792,0.00529,0.05503,2.12,-1.1,1.51416,0.22173,0.41263,84.13686,NORMAL,2,0,0,0,23,2131,25,23,101,2131,0.21037,0.88522,0,0,1.46,1.48,0,0,0.37821,-0.51044,18.46843,"O1:-0.89,-0.89,s215;O2:-2.33,-0.53,s193;O3:-0.89,-1.25,s174;O4:-0.89,-1.07,s156;O5:-2.33,0.19,s149;O6:-2.33,0.01,s137;O7:-2.33,-0.17,s135;O8:-2.33,-0.35,s125;O9:-0.71,-1.25,s93;O10:0.37,0.73,s92;O11:-0.35,-0.35,s84;O12:0.37,0.91,s84;O13:-0.53,-1.25,s80;O14:-2.33,0.55,s75;O15:-0.53,-0.89,s71;O16:-2.33,0.37,s60;O17:-0.17,-0.35,s48;O18:0.37,0.55,s39;O19:-2.33,-0.71,s31;O20:-0.71,-0.89,s29;O21:-0.35,-0.53,s19;O22:-2.33,0.73,s2","O1:-0.89,-0.89,s215;O2:-2.33,-0.53,s193;O3:-0.89,-1.25,s174;O4:-0.89,-1.07,s156;O5:-2.33,0.19,s149;O6:-2.33,0.01,s137;O7:-2.33,-0.17,s135;O8:-2.33,-0.35,s125;O9:-0.71,-1.25,s93;O10:0.37,0.73,s92;O11:-0.35,-0.35,s84;O12:0.37,0.91,s84;O13:-0.53,-1.25,s80;O14:-2.33,0.55,s75;O15:-0.53,-0.89,s71;O16:-2.33,0.37,s60;O17:-0.17,-0.35,s48;O18:0.37,0.55,s39;O19:-2.33,-0.71,s31;O20:-0.71,-0.89,s29;O21:-0.35,-0.53,s19;O22:-2.33,0.73,s2",RUNNING,UNKNOWN_MAP_SLAM_AVOIDANCE,unknown_map;frontier_targets;static_unknown_obstacles;dynamic_wandering_robot;costmap;slam_path_planning;obstacle_avoidance,P2_Wanderer,dynamic_wandering_robot,85.58663,85.58663,0.9044,-0.92967,1,0,1,14,6,32,23,2131,23,2131,0.9044,-0.92967,-0.5032,0.9044,-0.92967,-0.5032
59.3,PID,HECTOR_GRID_MATCHING,HECTOR_SCAN_MATCHING_GRID,landmarks,task3,TO_PICKUP_T2,AVOIDING,DIRECT_AFTER_WAYPOINT,T2,WS2,0.03329,1.20051,0.70313,0.024,1.18,0.728,0.0089,0.05529,2.12,-1.1,1.46921,0.21537,0.42591,84.0604,NORMAL,2,0,0,0,23,2140,25,23,101,2140,0.204,0.88522,0,0,1.46,1.48,0,0,0.36996,-0.40814,18.50329,"O1:-0.89,-0.89,s215;O2:-2.33,-0.53,s193;O3:-0.89,-1.25,s174;O4:-0.89,-1.07,s156;O5:-2.33,0.19,s149;O6:-2.33,0.01,s137;O7:-2.33,-0.17,s135;O8:-2.33,-0.35,s125;O9:0.37,0.73,s95;O10:-0.71,-1.25,s93;O11:0.37,0.91,s87;O12:-0.35,-0.35,s84;O13:-0.53,-1.25,s80;O14:-2.33,0.55,s75;O15:-0.53,-0.89,s71;O16:-2.33,0.37,s60;O17:-0.17,-0.35,s48;O18:0.37,0.55,s39;O19:-2.33,-0.71,s31;O20:-0.71,-0.89,s29;O21:-0.35,-0.53,s19;O22:0.73,0.91,s4;O23:-2.33,0.73,s2","O1:-0.89,-0.89,s215;O2:-2.33,-0.53,s193;O3:-0.89,-1.25,s174;O4:-0.89,-1.07,s156;O5:-2.33,0.19,s149;O6:-2.33,0.01,s137;O7:-2.33,-0.17,s135;O8:-2.33,-0.35,s125;O9:0.37,0.73,s95;O10:-0.71,-1.25,s93;O11:0.37,0.91,s87;O12:-0.35,-0.35,s84;O13:-0.53,-1.25,s80;O14:-2.33,0.55,s75;O15:-0.53,-0.89,s71;O16:-2.33,0.37,s60;O17:-0.17,-0.35,s48;O18:0.37,0.55,s39;O19:-2.33,-0.71,s31;O20:-0.71,-0.89,s29;O21:-0.35,-0.53,s19;O22:0.73,0.91,s4;O23:-2.33,0.73,s2",RUNNING,UNKNOWN_MAP_SLAM_AVOIDANCE,unknown_map;frontier_targets;static_unknown_obstacles;dynamic_wandering_robot;costmap;slam_path_planning;obstacle_avoidance,P2_Wanderer,dynamic_wandering_robot,85.6251,85.6251,0.93068,-0.94414,1,0,1,14,6,32,23,2140,23,2140,0.93068,-0.94414,-0.5032,0.93068,-0.94414,-0.5032
59.45,PID,HECTOR_GRID_MATCHING,HECTOR_SCAN_MATCHING_GRID,landmarks,task3,TO_PICKUP_T2,AVOIDING,DIRECT_AFTER_WAYPOINT,T2,WS2,0.0737,1.23598,0.65307,0.063,1.21,0.664,0.01434,0.05521,2.12,-1.1,1.42327,0.21684,0.42283,83.98595,NORMAL,2,0,0,0,23,2149,25,23,102,2149,0.20531,0.88522,0,0,1.46,1.48,0,0,0.36491,-0.3047,18.53492,"O1:-0.89,-0.89,s215;O2:-2.33,-0.53,s193;O3:-0.89,-1.25,s174;O4:-0.89,-1.07,s156;O5:-2.33,0.19,s149;O6:-2.33,0.01,s137;O7:-2.33,-0.17,s135;O8:-2.33,-0.35,s125;O9:0.37,0.73,s98;O10:-0.71,-1.25,s93;O11:0.37,0.91,s90;O12:-0.35,-0.35,s84;O13:-0.53,-1.25,s80;O14:-2.33,0.55,s75;O15:-0.53,-0.89,s71;O16:-2.33,0.37,s60;O17:-0.17,-0.35,s48;O18:0.37,0.55,s39;O19:-2.33,-0.71,s31;O20:-0.71,-0.89,s29;O21:-0.35,-0.53,s19;O22:0.73,0.91,s7;O23:-2.33,0.73,s2","O1:-0.89,-0.89,s215;O2:-2.33,-0.53,s193;O3:-0.89,-1.25,s174;O4:-0.89,-1.07,s156;O5:-2.33,0.19,s149;O6:-2.33,0.01,s137;O7:-2.33,-0.17,s135;O8:-2.33,-0.35,s125;O9:0.37,0.73,s98;O10:-0.71,-1.25,s93;O11:0.37,0.91,s90;O12:-0.35,-0.35,s84;O13:-0.53,-1.25,s80;O14:-2.33,0.55,s75;O15:-0.53,-0.89,s71;O16:-2.33,0.37,s60;O17:-0.17,-0.35,s48;O18:0.37,0.55,s39;O19:-2.33,-0.71,s31;O20:-0.71,-0.89,s29;O21:-0.35,-0.53,s19;O22:0.73,0.91,s7;O23:-2.33,0.73,s2",RUNNING,UNKNOWN_MAP_SLAM_AVOIDANCE,unknown_map;frontier_targets;static_unknown_obstacles;dynamic_wandering_robot;costmap;slam_path_planning;obstacle_avoidance,P2_Wanderer,dynamic_wandering_robot,85.66338,85.66338,0.95696,-0.95861,1,0,1,14,6,32,23,2149,23,2149,0.95696,-0.95861,-0.5032,0.95696,-0.95861,-0.5032
59.6,PID,HECTOR_GRID_MATCHING,HECTOR_SCAN_MATCHING_GRID,landmarks,task3,TO_PICKUP_T2,AVOIDING,DIRECT_AFTER_WAYPOINT,T2,WS2,0.11549,1.26887,0.60797,0.101,1.26,0.611,0.00151,0.05496,2.12,-1.1,1.37666,0.23483,0.38593,83.91267,NORMAL,2,0,0,0,23,2155,25,23,102,2155,0.20531,0.88522,0,0,1.46,1.48,0,0,0.36057,-0.31221,18.54414,"O1:-0.89,-0.89,s215;O2:-2.33,-0.53,s193;O3:-0.89,-1.25,s174;O4:-0.89,-1.07,s156;O5:-2.33,0.19,s149;O6:-2.33,0.01,s137;O7:-2.33,-0.17,s135;O8:-2.33,-0.35,s125;O9:0.37,0.73,s98;O10:0.37,0.91,s96;O11:-0.71,-1.25,s93;O12:-0.35,-0.35,s84;O13:-0.53,-1.25,s80;O14:-2.33,0.55,s75;O15:-0.53,-0.89,s71;O16:-2.33,0.37,s60;O17:-0.17,-0.35,s48;O18:0.37,0.55,s39;O19:-2.33,-0.71,s31;O20:-0.71,-0.89,s29;O21:-0.35,-0.53,s19;O22:0.73,0.91,s8;O23:-2.33,0.73,s2","O1:-0.89,-0.89,s215;O2:-2.33,-0.53,s193;O3:-0.89,-1.25,s174;O4:-0.89,-1.07,s156;O5:-2.33,0.19,s149;O6:-2.33,0.01,s137;O7:-2.33,-0.17,s135;O8:-2.33,-0.35,s125;O9:0.37,0.73,s98;O10:0.37,0.91,s96;O11:-0.71,-1.25,s93;O12:-0.35,-0.35,s84;O13:-0.53,-1.25,s80;O14:-2.33,0.55,s75;O15:-0.53,-0.89,s71;O16:-2.33,0.37,s60;O17:-0.17,-0.35,s48;O18:0.37,0.55,s39;O19:-2.33,-0.71,s31;O20:-0.71,-0.89,s29;O21:-0.35,-0.53,s19;O22:0.73,0.91,s8;O23:-2.33,0.73,s2",RUNNING,UNKNOWN_MAP_SLAM_AVOIDANCE,unknown_map;frontier_targets;static_unknown_obstacles;dynamic_wandering_robot;costmap;slam_path_planning;obstacle_avoidance,P2_Wanderer,dynamic_wandering_robot,85.68879,85.68879,0.98324,-0.97307,1,0,1,14,6,32,23,2155,23,2155,0.98324,-0.97307,-0.5032,0.98324,-0.97307,-0.5032
59.75,PID,HECTOR_GRID_MATCHING,HECTOR_SCAN_MATCHING_GRID,landmarks,task3,TO_PICKUP_T2,AVOIDING,DIRECT_AFTER_WAYPOINT,T2,WS2,0.15874,1.30001,0.56401,0.14,1.277,0.571,0.01347,0.05467,2.12,-1.1,1.32957,0.25668,0.3434,83.83959,NORMAL,2,0,0,0,23,2161,25,23,102,2161,0.20472,0.88522,0,0,1.46,1.48,0,0,0.3602,-0.28978,18.55656,"O1:-0.89,-0.89,s215;O2:-2.33,-0.53,s193;O3:-0.89,-1.25,s174;O4:-0.89,-1.07,s156;O5:-2.33,0.19,s149;O6:-2.33,0.01,s137;O7:-2.33,-0.17,s135;O8:-2.33,-0.35,s125;O9:0.37,0.91,s102;O10:0.37,0.73,s98;O11:-0.71,-1.25,s93;O12:-0.35,-0.35,s84;O13:-0.53,-1.25,s80;O14:-2.33,0.55,s75;O15:-0.53,-0.89,s71;O16:-2.33,0.37,s60;O17:-0.17,-0.35,s48;O18:0.37,0.55,s39;O19:-2.33,-0.71,s31;O20:-0.71,-0.89,s29;O21:-0.35,-0.53,s19;O22:0.73,0.91,s8;O23:-2.33,0.73,s2","O1:-0.89,-0.89,s215;O2:-2.33,-0.53,s193;O3:-0.89,-1.25,s174;O4:-0.89,-1.07,s156;O5:-2.33,0.19,s149;O6:-2.33,0.01,s137;O7:-2.33,-0.17,s135;O8:-2.33,-0.35,s125;O9:0.37,0.91,s102;O10:0.37,0.73,s98;O11:-0.71,-1.25,s93;O12:-0.35,-0.35,s84;O13:-0.53,-1.25,s80;O14:-2.33,0.55,s75;O15:-0.53,-0.89,s71;O16:-2.33,0.37,s60;O17:-0.17,-0.35,s48;O18:0.37,0.55,s39;O19:-2.33,-0.71,s31;O20:-0.71,-0.89,s29;O21:-0.35,-0.53,s19;O22:0.73,0.91,s8;O23:-2.33,0.73,s2",RUNNING,UNKNOWN_MAP_SLAM_AVOIDANCE,unknown_map;frontier_targets;static_unknown_obstacles;dynamic_wandering_robot;costmap;slam_path_planning;obstacle_avoidance,P2_Wanderer,dynamic_wandering_robot,85.71412,85.71412,1.00953,-0.98754,1,0,1,14,6,32,23,2161,23,2161,1.00953,-0.98754,-0.5032,1.00953,-0.98754,-0.5032
59.9,PID,HECTOR_GRID_MATCHING,HECTOR_SCAN_MATCHING_GRID,landmarks,task3,TO_PICKUP_T2,AVOIDING,DIRECT,T2,WS2,0.20279,1.32887,0.5222,0.186,1.299,0.528,0.02015,0.05437,2.12,-1.1,1.28209,0.27711,0.30586,83.76714,NORMAL,2,0,0,0,23,2167,25,23,102,2167,0.2075,0.88522,0,0,1.46,1.48,0,0,0.3551,-0.31119,18.58107,"O1:-0.89,-0.89,s215;O2:-2.33,-0.53,s193;O3:-0.89,-1.25,s174;O4:-0.89,-1.07,s156;O5:-2.33,0.19,s149;O6:-2.33,0.01,s137;O7:-2.33,-0.17,s135;O8:-2.33,-0.35,s125;O9:0.37,0.91,s108;O10:0.37,0.73,s98;O11:-0.71,-1.25,s93;O12:-0.35,-0.35,s84;O13:-0.53,-1.25,s80;O14:-2.33,0.55,s75;O15:-0.53,-0.89,s71;O16:-2.33,0.37,s60;O17:-0.17,-0.35,s48;O18:0.37,0.55,s39;O19:-2.33,-0.71,s31;O20:-0.71,-0.89,s29;O21:-0.35,-0.53,s19;O22:0.73,0.91,s8;O23:-2.33,0.73,s2","O1:-0.89,-0.89,s215;O2:-2.33,-0.53,s193;O3:-0.89,-1.25,s174;O4:-0.89,-1.07,s156;O5:-2.33,0.19,s149;O6:-2.33,0.01,s137;O7:-2.33,-0.17,s135;O8:-2.33,-0.35,s125;O9:0.37,0.91,s108;O10:0.37,0.73,s98;O11:-0.71,-1.25,s93;O12:-0.35,-0.35,s84;O13:-0.53,-1.25,s80;O14:-2.33,0.55,s75;O15:-0.53,-0.89,s71;O16:-2.33,0.37,s60;O17:-0.17,-0.35,s48;O18:0.37,0.55,s39;O19:-2.33,-0.71,s31;O20:-0.71,-0.89,s29;O21:-0.35,-0.53,s19;O22:0.73,0.91,s8;O23:-2.33,0.73,s2",RUNNING,UNKNOWN_MAP_SLAM_AVOIDANCE,unknown_map;frontier_targets;static_unknown_obstacles;dynamic_wandering_robot;costmap;slam_path_planning;obstacle_avoidance,P2_Wanderer,dynamic_wandering_robot,85.73937,85.73937,1.03581,-1.00201,1,0,1,14,6,32,23,2167,23,2167,1.03581,-1.00201,-0.5032,1.03581,-1.00201,-0.5032
60.05,PID,HECTOR_GRID_MATCHING,HECTOR_SCAN_MATCHING_GRID,landmarks,task3,TO_PICKUP_T2,AVOIDING,DIRECT,T2,WS2,0.2467,1.35502,0.48272,0.245,1.326,0.491,0.02401,0.05401,2.12,-1.1,1.23516,0.22374,0.27478,83.69617,NORMAL,2,0,0,0,23,2173,25,23,103,2173,0.21187,0.88522,0,0,1.46,1.48,0,0,0.34041,-0.25416,18.61148,"O1:-0.89,-0.89,s215;O2:-2.33,-0.53,s193;O3:-0.89,-1.25,s174;O4:-0.89,-1.07,s156;O5:-2.33,0.19,s149;O6:-2.33,0.01,s137;O7:-2.33,-0.17,s135;O8:-2.33,-0.35,s125;O9:0.37,0.91,s113;O10:0.37,0.73,s98;O11:-0.71,-1.25,s93;O12:-0.35,-0.35,s84;O13:-0.53,-1.25,s80;O14:-2.33,0.55,s75;O15:-0.53,-0.89,s71;O16:-2.33,0.37,s60;O17:-0.17,-0.35,s48;O18:0.37,0.55,s40;O19:-2.33,-0.71,s31;O20:-0.71,-0.89,s29;O21:-0.35,-0.53,s19;O22:0.73,0.91,s8;O23:-2.33,0.73,s2","O1:-0.89,-0.89,s215;O2:-2.33,-0.53,s193;O3:-0.89,-1.25,s174;O4:-0.89,-1.07,s156;O5:-2.33,0.19,s149;O6:-2.33,0.01,s137;O7:-2.33,-0.17,s135;O8:-2.33,-0.35,s125;O9:0.37,0.91,s113;O10:0.37,0.73,s98;O11:-0.71,-1.25,s93;O12:-0.35,-0.35,s84;O13:-0.53,-1.25,s80;O14:-2.33,0.55,s75;O15:-0.53,-0.89,s71;O16:-2.33,0.37,s60;O17:-0.17,-0.35,s48;O18:0.37,0.55,s40;O19:-2.33,-0.71,s31;O20:-0.71,-0.89,s29;O21:-0.35,-0.53,s19;O22:0.73,0.91,s8;O23:-2.33,0.73,s2",RUNNING,UNKNOWN_MAP_SLAM_AVOIDANCE,unknown_map;frontier_targets;static_unknown_obstacles;dynamic_wandering_robot;costmap;slam_path_planning;obstacle_avoidance,P2_Wanderer,dynamic_wandering_robot,85.76453,85.76453,1.06209,-1.01648,1,0,1,14,6,32,23,2173,23,2173,1.06209,-1.01648,-0.5032,1.06209,-1.01648,-0.5032
60.2,PID,HECTOR_GRID_MATCHING,HECTOR_SCAN_MATCHING_GRID,landmarks,task3,TO_PICKUP_T2,AVOIDING,DIRECT,T2,WS2,0.28996,1.37857,0.44441,0.285,1.357,0.449,0.01673,0.05357,2.12,-1.1,1.18958,0.22795,0.24844,83.62788,NORMAL,2,0,0,0,24,2179,26,24,104,2179,0.2065,0.88522,0,0,1.46,1.48,0,0,0.33078,-0.2452,18.62736,"O1:-0.89,-0.89,s215;O2:-2.33,-0.53,s193;O3:-0.89,-1.25,s174;O4:-0.89,-1.07,s156;O5:-2.33,0.19,s149;O6:-2.33,0.01,s137;O7:-2.33,-0.17,s135;O8:-2.33,-0.35,s125;O9:0.37,0.91,s116;O10:0.37,0.73,s98;O11:-0.71,-1.25,s93;O12:-0.35,-0.35,s84;O13:-0.53,-1.25,s80;O14:-2.33,0.55,s75;O15:-0.53,-0.89,s71;O16:-2.33,0.37,s60;O17:-0.17,-0.35,s48;O18:0.37,0.55,s40;O19:-2.33,-0.71,s31;O20:-0.71,-0.89,s29;O21:-0.35,-0.53,s19;O22:0.73,0.91,s8;O23:0.55,0.91,s3;O24:-2.33,0.73,s2","O1:-0.89,-0.89,s215;O2:-2.33,-0.53,s193;O3:-0.89,-1.25,s174;O4:-0.89,-1.07,s156;O5:-2.33,0.19,s149;O6:-2.33,0.01,s137;O7:-2.33,-0.17,s135;O8:-2.33,-0.35,s125;O9:0.37,0.91,s116;O10:0.37,0.73,s98;O11:-0.71,-1.25,s93;O12:-0.35,-0.35,s84;O13:-0.53,-1.25,s80;O14:-2.33,0.55,s75;O15:-0.53,-0.89,s71;O16:-2.33,0.37,s60;O17:-0.17,-0.35,s48;O18:0.37,0.55,s40;O19:-2.33,-0.71,s31;O20:-0.71,-0.89,s29;O21:-0.35,-0.53,s19;O22:0.73,0.91,s8;O23:0.55,0.91,s3;O24:-2.33,0.73,s2",RUNNING,UNKNOWN_MAP_SLAM_AVOIDANCE,unknown_map;frontier_targets;static_unknown_obstacles;dynamic_wandering_robot;costmap;slam_path_planning;obstacle_avoidance,P2_Wanderer,dynamic_wandering_robot,88.4896,88.4896,1.08837,-1.03094,1,0,1,14,6,32,24,2179,24,2179,1.08837,-1.03094,-0.5032,1.08837,-1.03094,-0.5032
60.35,PID,HECTOR_GRID_MATCHING,HECTOR_SCAN_MATCHING_GRID,landmarks,task3,TO_PICKUP_T2,AVOIDING,DIRECT,T2,WS2,0.33305,1.39991,0.4083,0.324,1.39,0.402,0.00595,0.0531,2.12,-1.1,1.1446,0.23848,0.22574,83.56123,NORMAL,2,0,0,0,24,2185,26,24,104,2185,0.20478,0.88522,0,0,1.46,1.48,0,0,0.3207,-0.23895,18.64517,"O1:-0.89,-0.89,s215;O2:-2.33,-0.53,s193;O3:-0.89,-1.25,s174;O4:-0.89,-1.07,s156;O5:-2.33,0.19,s149;O6:-2.33,0.01,s137;O7:-2.33,-0.17,s135;O8:-2.33,-0.35,s125;O9:0.37,0.91,s119;O10:0.37,0.73,s98;O11:-0.71,-1.25,s93;O12:-0.35,-0.35,s84;O13:-0.53,-1.25,s80;O14:-2.33,0.55,s75;O15:-0.53,-0.89,s71;O16:-2.33,0.37,s60;O17:-0.17,-0.35,s48;O18:0.37,0.55,s40;O19:-2.33,-0.71,s31;O20:-0.71,-0.89,s29;O21:-0.35,-0.53,s19;O22:0.73,0.91,s8;O23:0.55,0.91,s6;O24:-2.33,0.73,s2","O1:-0.89,-0.89,s215;O2:-2.33,-0.53,s193;O3:-0.89,-1.25,s174;O4:-0.89,-1.07,s156;O5:-2.33,0.19,s149;O6:-2.33,0.01,s137;O7:-2.33,-0.17,s135;O8:-2.33,-0.35,s125;O9:0.37,0.91,s119;O10:0.37,0.73,s98;O11:-0.71,-1.25,s93;O12:-0.35,-0.35,s84;O13:-0.53,-1.25,s80;O14:-2.33,0.55,s75;O15:-0.53,-0.89,s71;O16:-2.33,0.37,s60;O17:-0.17,-0.35,s48;O18:0.37,0.55,s40;O19:-2.33,-0.71,s31;O20:-0.71,-0.89,s29;O21:-0.35,-0.53,s19;O22:0.73,0.91,s8;O23:0.55,0.91,s6;O24:-2.33,0.73,s2",RUNNING,UNKNOWN_MAP_SLAM_AVOIDANCE,unknown_map;frontier_targets;static_unknown_obstacles;dynamic_wandering_robot;costmap;slam_path_planning;obstacle_avoidance,P2_Wanderer,dynamic_wandering_robot,88.5146,88.5146,1.11465,-1.04541,1,0,1,14,6,32,24,2185,24,2185,1.11465,-1.04541,-0.5032,1.11465,-1.04541,-0.5032
60.5,PID,HECTOR_GRID_MATCHING,HECTOR_SCAN_MATCHING_GRID,landmarks,task3,TO_PICKUP_T2,AVOIDING,DIRECT,T2,WS2,0.37551,1.41919,0.37028,0.364,1.405,0.38,0.00882,0.05263,2.12,-1.1,1.10054,0.25622,0.20695,83.49608,NORMAL,2,0,0,0,24,2191,26,24,104,2191,0.20341,0.88522,0,0,1.46,1.48,0,0,0.30782,-0.24481,18.67124,"O1:-0.89,-0.89,s215;O2:-2.33,-0.53,s193;O3:-0.89,-1.25,s174;O4:-0.89,-1.07,s156;O5:-2.33,0.19,s149;O6:-2.33,0.01,s137;O7:-2.33,-0.17,s135;O8:-2.33,-0.35,s125;O9:0.37,0.91,s122;O10:0.37,0.73,s98;O11:-0.71,-1.25,s93;O12:-0.35,-0.35,s84;O13:-0.53,-1.25,s80;O14:-2.33,0.55,s75;O15:-0.53,-0.89,s71;O16:-2.33,0.37,s60;O17:-0.17,-0.35,s48;O18:0.37,0.55,s40;O19:-2.33,-0.71,s31;O20:-0.71,-0.89,s29;O21:-0.35,-0.53,s19;O22:0.55,0.91,s9;O23:0.73,0.91,s8;O24:-2.33,0.73,s2","O1:-0.89,-0.89,s215;O2:-2.33,-0.53,s193;O3:-0.89,-1.25,s174;O4:-0.89,-1.07,s156;O5:-2.33,0.19,s149;O6:-2.33,0.01,s137;O7:-2.33,-0.17,s135;O8:-2.33,-0.35,s125;O9:0.37,0.91,s122;O10:0.37,0.73,s98;O11:-0.71,-1.25,s93;O12:-0.35,-0.35,s84;O13:-0.53,-1.25,s80;O14:-2.33,0.55,s75;O15:-0.53,-0.89,s71;O16:-2.33,0.37,s60;O17:-0.17,-0.35,s48;O18:0.37,0.55,s40;O19:-2.33,-0.71,s31;O20:-0.71,-0.89,s29;O21:-0.35,-0.53,s19;O22:0.55,0.91,s9;O23:0.73,0.91,s8;O24:-2.33,0.73,s2",RUNNING,UNKNOWN_MAP_SLAM_AVOIDANCE,unknown_map;frontier_targets;static_unknown_obstacles;dynamic_wandering_robot;costmap;slam_path_planning;obstacle_avoidance,P2_Wanderer,dynamic_wandering_robot,88.5395,88.5395,1.14093,-1.05988,1,0,1,14,6,32,24,2191,24,2191,1.14093,-1.05988,-0.5032,1.14093,-1.05988,-0.5032
60.65,PID,HECTOR_GRID_MATCHING,HECTOR_SCAN_MATCHING_GRID,landmarks,task3,TO_PICKUP_T2,AVOIDING,DIRECT,T2,WS2,0.41666,1.43605,0.33414,0.395,1.426,0.348,0.00953,0.05216,2.12,-1.1,1.05831,0.27465,0.1915,83.43407,NORMAL,2,0,0,0,24,2197,26,24,104,2197,0.20645,0.88522,0,0,1.46,1.48,0,0,0.29977,-0.25471,18.68932,"O1:-0.89,-0.89,s215;O2:-2.33,-0.53,s193;O3:-0.89,-1.25,s174;O4:-0.89,-1.07,s156;O5:-2.33,0.19,s149;O6:-2.33,0.01,s137;O7:-2.33,-0.17,s135;O8:-2.33,-0.35,s125;O9:0.37,0.91,s125;O10:0.37,0.73,s98;O11:-0.71,-1.25,s93;O12:-0.35,-0.35,s84;O13:-0.53,-1.25,s80;O14:-2.33,0.55,s75;O15:-0.53,-0.89,s71;O16:-2.33,0.37,s60;O17:-0.17,-0.35,s48;O18:0.37,0.55,s40;O19:-2.33,-0.71,s31;O20:-0.71,-0.89,s29;O21:-0.35,-0.53,s19;O22:0.55,0.91,s12;O23:0.73,0.91,s8;O24:-2.33,0.73,s2","O1:-0.89,-0.89,s215;O2:-2.33,-0.53,s193;O3:-0.89,-1.25,s174;O4:-0.89,-1.07,s156;O5:-2.33,0.19,s149;O6:-2.33,0.01,s137;O7:-2.33,-0.17,s135;O8:-2.33,-0.35,s125;O9:0.37,0.91,s125;O10:0.37,0.73,s98;O11:-0.71,-1.25,s93;O12:-0.35,-0.35,s84;O13:-0.53,-1.25,s80;O14:-2.33,0.55,s75;O15:-0.53,-0.89,s71;O16:-2.33,0.37,s60;O17:-0.17,-0.35,s48;O18:0.37,0.55,s40;O19:-2.33,-0.71,s31;O20:-0.71,-0.89,s29;O21:-0.35,-0.53,s19;O22:0.55,0.91,s12;O23:0.73,0.91,s8;O24:-2.33,0.73,s2",RUNNING,UNKNOWN_MAP_SLAM_AVOIDANCE,unknown_map;frontier_targets;static_unknown_obstacles;dynamic_wandering_robot;costmap;slam_path_planning;obstacle_avoidance,P2_Wanderer,dynamic_wandering_robot,88.56433,88.56433,1.16721,-1.07434,1,0,1,14,6,32,24,2197,24,2197,1.16721,-1.07434,-0.5032,1.16721,-1.07434,-0.5032
60.8,PID,HECTOR_GRID_MATCHING,HECTOR_SCAN_MATCHING_GRID,landmarks,task3,TO_PICKUP_T2,AVOIDING,DIRECT,T2,WS2,0.45673,1.45083,0.29884,0.437,1.438,0.313,0.01042,0.05171,2.12,-1.1,1.01715,0.29158,0.17882,83.37376,NORMAL,2,0,0,0,24,2203,26,24,105,2203,0.20521,0.88522,0,0,1.46,1.48,0,0,0.28492,-0.21689,18.71363,"O1:-0.89,-0.89,s215;O2:-2.33,-0.53,s193;O3:-0.89,-1.25,s174;O4:-0.89,-1.07,s156;O5:-2.33,0.19,s149;O6:-2.33,0.01,s137;O7:-2.33,-0.17,s135;O8:0.37,0.91,s128;O9:-2.33,-0.35,s125;O10:0.37,0.73,s98;O11:-0.71,-1.25,s93;O12:-0.35,-0.35,s84;O13:-0.53,-1.25,s80;O14:-2.33,0.55,s75;O15:-0.53,-0.89,s71;O16:-2.33,0.37,s60;O17:-0.17,-0.35,s48;O18:0.37,0.55,s40;O19:-2.33,-0.71,s31;O20:-0.71,-0.89,s29;O21:-0.35,-0.53,s19;O22:0.55,0.91,s15;O23:0.73,0.91,s8;O24:-2.33,0.73,s2","O1:-0.89,-0.89,s215;O2:-2.33,-0.53,s193;O3:-0.89,-1.25,s174;O4:-0.89,-1.07,s156;O5:-2.33,0.19,s149;O6:-2.33,0.01,s137;O7:-2.33,-0.17,s135;O8:0.37,0.91,s128;O9:-2.33,-0.35,s125;O10:0.37,0.73,s98;O11:-0.71,-1.25,s93;O12:-0.35,-0.35,s84;O13:-0.53,-1.25,s80;O14:-2.33,0.55,s75;O15:-0.53,-0.89,s71;O16:-2.33,0.37,s60;O17:-0.17,-0.35,s48;O18:0.37,0.55,s40;O19:-2.33,-0.71,s31;O20:-0.71,-0.89,s29;O21:-0.35,-0.53,s19;O22:0.55,0.91,s15;O23:0.73,0.91,s8;O24:-2.33,0.73,s2",RUNNING,UNKNOWN_MAP_SLAM_AVOIDANCE,unknown_map;frontier_targets;static_unknown_obstacles;dynamic_wandering_robot;costmap;slam_path_planning;obstacle_avoidance,P2_Wanderer,dynamic_wandering_robot,88.58908,88.58908,1.19349,-1.08881,1,0,1,14,6,32,24,2203,24,2203,1.19349,-1.08881,-0.5032,1.19349,-1.08881,-0.5032
60.95,PID,HECTOR_GRID_MATCHING,HECTOR_SCAN_MATCHING_GRID,landmarks,task3,TO_PICKUP_T2,AVOIDING,DIRECT,T2,WS2,0.49556,1.46361,0.26583,0.474,1.464,0.272,0.00948,0.05122,2.12,-1.1,0.97751,0.30673,0.16798,83.31602,NORMAL,2,0,0,0,24,2209,26,24,105,2209,0.20358,0.88522,0,0,1.46,1.48,0,0,0.27143,-0.20893,18.73556,"O1:-0.89,-0.89,s215;O2:-2.33,-0.53,s193;O3:-0.89,-1.25,s174;O4:-0.89,-1.07,s156;O5:-2.33,0.19,s149;O6:-2.33,0.01,s137;O7:-2.33,-0.17,s135;O8:0.37,0.91,s131;O9:-2.33,-0.35,s125;O10:0.37,0.73,s98;O11:-0.71,-1.25,s93;O12:-0.35,-0.35,s84;O13:-0.53,-1.25,s80;O14:-2.33,0.55,s75;O15:-0.53,-0.89,s71;O16:-2.33,0.37,s60;O17:-0.17,-0.35,s48;O18:0.37,0.55,s40;O19:-2.33,-0.71,s31;O20:-0.71,-0.89,s29;O21:-0.35,-0.53,s19;O22:0.55,0.91,s18;O23:0.73,0.91,s8;O24:-2.33,0.73,s2","O1:-0.89,-0.89,s215;O2:-2.33,-0.53,s193;O3:-0.89,-1.25,s174;O4:-0.89,-1.07,s156;O5:-2.33,0.19,s149;O6:-2.33,0.01,s137;O7:-2.33,-0.17,s135;O8:0.37,0.91,s131;O9:-2.33,-0.35,s125;O10:0.37,0.73,s98;O11:-0.71,-1.25,s93;O12:-0.35,-0.35,s84;O13:-0.53,-1.25,s80;O14:-2.33,0.55,s75;O15:-0.53,-0.89,s71;O16:-2.33,0.37,s60;O17:-0.17,-0.35,s48;O18:0.37,0.55,s40;O19:-2.33,-0.71,s31;O20:-0.71,-0.89,s29;O21:-0.35,-0.53,s19;O22:0.55,0.91,s18;O23:0.73,0.91,s8;O24:-2.33,0.73,s2",RUNNING,UNKNOWN_MAP_SLAM_AVOIDANCE,unknown_map;frontier_targets;static_unknown_obstacles;dynamic_wandering_robot;costmap;slam_path_planning;obstacle_avoidance,P2_Wanderer,dynamic_wandering_robot,88.61374,88.61374,1.21978,-1.10328,1,0,1,14,6,32,24,2209,24,2209,1.21978,-1.10328,-0.5032,1.21978,-1.10328,-0.5032
61.1,PID,HECTOR_GRID_MATCHING,HECTOR_SCAN_MATCHING_GRID,landmarks,task3,TO_PICKUP_T2,AVOIDING,DIRECT,T2,WS2,0.53229,1.47432,0.23829,0.526,1.47,0.239,0.00599,0.05068,2.12,-1.1,0.93982,0.32002,0.15871,83.2615,NORMAL,2,0,0,0,24,2215,26,24,105,2215,0.20254,0.88522,0,0,1.46,1.48,0,0,0.25153,-0.17553,18.76386,"O1:-0.89,-0.89,s215;O2:-2.33,-0.53,s193;O3:-0.89,-1.25,s174;O4:-0.89,-1.07,s156;O5:-2.33,0.19,s149;O6:-2.33,0.01,s137;O7:-2.33,-0.17,s135;O8:0.37,0.91,s134;O9:-2.33,-0.35,s125;O10:0.37,0.73,s98;O11:-0.71,-1.25,s93;O12:-0.35,-0.35,s84;O13:-0.53,-1.25,s80;O14:-2.33,0.55,s75;O15:-0.53,-0.89,s71;O16:-2.33,0.37,s60;O17:-0.17,-0.35,s48;O18:0.37,0.55,s40;O19:-2.33,-0.71,s31;O20:-0.71,-0.89,s29;O21:0.55,0.91,s20;O22:-0.35,-0.53,s19;O23:0.73,0.91,s9;O24:-2.33,0.73,s2","O1:-0.89,-0.89,s215;O2:-2.33,-0.53,s193;O3:-0.89,-1.25,s174;O4:-0.89,-1.07,s156;O5:-2.33,0.19,s149;O6:-2.33,0.01,s137;O7:-2.33,-0.17,s135;O8:0.37,0.91,s134;O9:-2.33,-0.35,s125;O10:0.37,0.73,s98;O11:-0.71,-1.25,s93;O12:-0.35,-0.35,s84;O13:-0.53,-1.25,s80;O14:-2.33,0.55,s75;O15:-0.53,-0.89,s71;O16:-2.33,0.37,s60;O17:-0.17,-0.35,s48;O18:0.37,0.55,s40;O19:-2.33,-0.71,s31;O20:-0.71,-0.89,s29;O21:0.55,0.91,s20;O22:-0.35,-0.53,s19;O23:0.73,0.91,s9;O24:-2.33,0.73,s2",RUNNING,UNKNOWN_MAP_SLAM_AVOIDANCE,unknown_map;frontier_targets;static_unknown_obstacles;dynamic_wandering_robot;costmap;slam_path_planning;obstacle_avoidance,P2_Wanderer,dynamic_wandering_robot,88.63832,88.63832,1.24606,-1.11774,1,0,1,14,6,32,24,2215,24,2215,1.24606,-1.11774,-0.5032,1.24606,-1.11774,-0.5032
61.25,PID,HECTOR_GRID_MATCHING,HECTOR_SCAN_MATCHING_GRID,landmarks,task3,TO_PICKUP_T2,AVOIDING,DIRECT,T2,WS2,0.56765,1.48339,0.22026,0.554,1.465,0.223,0.01566,0.05018,2.12,-1.1,0.90412,0.33115,0.15027,83.2103,NORMAL,2,0,0,0,24,2224,26,24,105,2224,0.20232,0.88522,0,0,1.46,1.48,0,0,0.24244,-0.11027,18.78927,"O1:-0.89,-0.89,s215;O2:-2.33,-0.53,s193;O3:-0.89,-1.25,s174;O4:-0.89,-1.07,s156;O5:-2.33,0.19,s149;O6:0.37,0.91,s138;O7:-2.33,0.01,s137;O8:-2.33,-0.17,s135;O9:-2.33,-0.35,s125;O10:0.37,0.73,s98;O11:-0.71,-1.25,s93;O12:-0.35,-0.35,s84;O13:-0.53,-1.25,s80;O14:-2.33,0.55,s75;O15:-0.53,-0.89,s71;O16:-2.33,0.37,s60;O17:-0.17,-0.35,s48;O18:0.37,0.55,s40;O19:-2.33,-0.71,s31;O20:-0.71,-0.89,s29;O21:0.55,0.91,s21;O22:-0.35,-0.53,s19;O23:0.73,0.91,s12;O24:-2.33,0.73,s2","O1:-0.89,-0.89,s215;O2:-2.33,-0.53,s193;O3:-0.89,-1.25,s174;O4:-0.89,-1.07,s156;O5:-2.33,0.19,s149;O6:0.37,0.91,s138;O7:-2.33,0.01,s137;O8:-2.33,-0.17,s135;O9:-2.33,-0.35,s125;O10:0.37,0.73,s98;O11:-0.71,-1.25,s93;O12:-0.35,-0.35,s84;O13:-0.53,-1.25,s80;O14:-2.33,0.55,s75;O15:-0.53,-0.89,s71;O16:-2.33,0.37,s60;O17:-0.17,-0.35,s48;O18:0.37,0.55,s40;O19:-2.33,-0.71,s31;O20:-0.71,-0.89,s29;O21:0.55,0.91,s21;O22:-0.35,-0.53,s19;O23:0.73,0.91,s12;O24:-2.33,0.73,s2",RUNNING,UNKNOWN_MAP_SLAM_AVOIDANCE,unknown_map;frontier_targets;static_unknown_obstacles;dynamic_wandering_robot;costmap;slam_path_planning;obstacle_avoidance,P2_Wanderer,dynamic_wandering_robot,88.67503,88.67503,1.27234,-1.13221,1,0,1,14,6,32,24,2224,24,2224,1.27234,-1.13221,-0.5032,1.27234,-1.13221,-0.5032
61.4,PID,HECTOR_GRID_MATCHING,HECTOR_SCAN_MATCHING_GRID,landmarks,task3,TO_PICKUP_T2,AVOIDING,DIRECT,T2,WS2,0.60138,1.49147,0.20015,0.584,1.488,0.201,0.00613,0.04976,2.12,-1.1,0.86981,0.34099,0.14302,83.16122,NORMAL,2,0,0,0,24,2233,26,24,107,2233,0.20769,0.88522,0,0,1.46,1.48,0,0,0.22961,-0.13446,18.8174,"O1:-0.89,-0.89,s215;O2:-2.33,-0.53,s193;O3:-0.89,-1.25,s174;O4:-0.89,-1.07,s156;O5:-2.33,0.19,s149;O6:0.37,0.91,s141;O7:-2.33,0.01,s137;O8:-2.33,-0.17,s135;O9:-2.33,-0.35,s125;O10:0.37,0.73,s98;O11:-0.71,-1.25,s93;O12:-0.35,-0.35,s84;O13:-0.53,-1.25,s80;O14:-2.33,0.55,s75;O15:-0.53,-0.89,s71;O16:-2.33,0.37,s60;O17:-0.17,-0.35,s48;O18:0.37,0.55,s40;O19:-2.33,-0.71,s31;O20:-0.71,-0.89,s29;O21:0.55,0.91,s24;O22:-0.35,-0.53,s19;O23:0.73,0.91,s15;O24:-2.33,0.73,s2","O1:-0.89,-0.89,s215;O2:-2.33,-0.53,s193;O3:-0.89,-1.25,s174;O4:-0.89,-1.07,s156;O5:-2.33,0.19,s149;O6:0.37,0.91,s141;O7:-2.33,0.01,s137;O8:-2.33,-0.17,s135;O9:-2.33,-0.35,s125;O10:0.37,0.73,s98;O11:-0.71,-1.25,s93;O12:-0.35,-0.35,s84;O13:-0.53,-1.25,s80;O14:-2.33,0.55,s75;O15:-0.53,-0.89,s71;O16:-2.33,0.37,s60;O17:-0.17,-0.35,s48;O18:0.37,0.55,s40;O19:-2.33,-0.71,s31;O20:-0.71,-0.89,s29;O21:0.55,0.91,s24;O22:-0.35,-0.53,s19;O23:0.73,0.91,s15;O24:-2.33,0.73,s2",RUNNING,UNKNOWN_MAP_SLAM_AVOIDANCE,unknown_map;frontier_targets;static_unknown_obstacles;dynamic_wandering_robot;costmap;slam_path_planning;obstacle_avoidance,P2_Wanderer,dynamic_wandering_robot,88.71157,88.71157,1.29862,-1.14668,1,0,1,14,6,32,24,2233,24,2233,1.29862,-1.14668,-0.5032,1.29862,-1.14668,-0.5032
61.55,PID,HECTOR_GRID_MATCHING,HECTOR_SCAN_MATCHING_GRID,landmarks,task3,TO_PICKUP_T2,AVOIDING,DIRECT,T2,WS2,0.63384,1.49862,0.18065,0.607,1.498,0.182,0.0162,0.04938,2.12,-1.1,0.8371,0.35003,0.1371,83.11416,NORMAL,2,0,0,0,24,2242,26,24,108,2242,0.20391,0.88522,0,0,1.46,1.48,0,0,0.22069,-0.13722,18.83452,"O1:-0.89,-0.89,s215;O2:-2.33,-0.53,s193;O3:-0.89,-1.25,s174;O4:-0.89,-1.07,s156;O5:-2.33,0.19,s149;O6:0.37,0.91,s144;O7:-2.33,0.01,s137;O8:-2.33,-0.17,s135;O9:-2.33,-0.35,s125;O10:0.37,0.73,s98;O11:-0.71,-1.25,s93;O12:-0.35,-0.35,s84;O13:-0.53,-1.25,s80;O14:-2.33,0.55,s75;O15:-0.53,-0.89,s71;O16:-2.33,0.37,s60;O17:-0.17,-0.35,s48;O18:0.37,0.55,s40;O19:-2.33,-0.71,s31;O20:-0.71,-0.89,s29;O21:0.55,0.91,s27;O22:-0.35,-0.53,s19;O23:0.73,0.91,s18;O24:-2.33,0.73,s2","O1:-0.89,-0.89,s215;O2:-2.33,-0.53,s193;O3:-0.89,-1.25,s174;O4:-0.89,-1.07,s156;O5:-2.33,0.19,s149;O6:0.37,0.91,s144;O7:-2.33,0.01,s137;O8:-2.33,-0.17,s135;O9:-2.33,-0.35,s125;O10:0.37,0.73,s98;O11:-0.71,-1.25,s93;O12:-0.35,-0.35,s84;O13:-0.53,-1.25,s80;O14:-2.33,0.55,s75;O15:-0.53,-0.89,s71;O16:-2.33,0.37,s60;O17:-0.17,-0.35,s48;O18:0.37,0.55,s40;O19:-2.33,-0.71,s31;O20:-0.71,-0.89,s29;O21:0.55,0.91,s27;O22:-0.35,-0.53,s19;O23:0.73,0.91,s18;O24:-2.33,0.73,s2",RUNNING,UNKNOWN_MAP_SLAM_AVOIDANCE,unknown_map;frontier_targets;static_unknown_obstacles;dynamic_wandering_robot;costmap;slam_path_planning;obstacle_avoidance,P2_Wanderer,dynamic_wandering_robot,88.74792,88.74792,1.3249,-1.16114,1,0,1,14,6,32,24,2242,24,2242,1.3249,-1.16114,-0.5032,1.3249,-1.16114,-0.5032
61.7,PID,HECTOR_GRID_MATCHING,HECTOR_SCAN_MATCHING_GRID,landmarks,task3,TO_PICKUP_T2,AVOIDING,DIRECT,T2,WS2,0.66477,1.50493,0.15756,0.638,1.51,0.165,0.01819,0.04903,2.12,-1.1,0.80604,0.35819,0.0321,83.06932,NORMAL,2,0,0,0,24,2251,26,24,108,2251,0.20769,0.88522,0,0,1.46,1.48,0,0,0.21533,-0.25584,18.88262,"O1:-0.89,-0.89,s215;O2:-2.33,-0.53,s193;O3:-0.89,-1.25,s174;O4:-0.89,-1.07,s156;O5:-2.33,0.19,s149;O6:0.37,0.91,s147;O7:-2.33,0.01,s137;O8:-2.33,-0.17,s135;O9:-2.33,-0.35,s125;O10:0.37,0.73,s98;O11:-0.71,-1.25,s93;O12:-0.35,-0.35,s84;O13:-0.53,-1.25,s80;O14:-2.33,0.55,s75;O15:-0.53,-0.89,s71;O16:-2.33,0.37,s60;O17:-0.17,-0.35,s48;O18:0.37,0.55,s40;O19:-2.33,-0.71,s31;O20:0.55,0.91,s30;O21:-0.71,-0.89,s29;O22:0.73,0.91,s21;O23:-0.35,-0.53,s19;O24:-2.33,0.73,s2","O1:-0.89,-0.89,s215;O2:-2.33,-0.53,s193;O3:-0.89,-1.25,s174;O4:-0.89,-1.07,s156;O5:-2.33,0.19,s149;O6:0.37,0.91,s147;O7:-2.33,0.01,s137;O8:-2.33,-0.17,s135;O9:-2.33,-0.35,s125;O10:0.37,0.73,s98;O11:-0.71,-1.25,s93;O12:-0.35,-0.35,s84;O13:-0.53,-1.25,s80;O14:-2.33,0.55,s75;O15:-0.53,-0.89,s71;O16:-2.33,0.37,s60;O17:-0.17,-0.35,s48;O18:0.37,0.55,s40;O19:-2.33,-0.71,s31;O20:0.55,0.91,s30;O21:-0.71,-0.89,s29;O22:0.73,0.91,s21;O23:-0.35,-0.53,s19;O24:-2.33,0.73,s2",RUNNING,UNKNOWN_MAP_SLAM_AVOIDANCE,unknown_map;frontier_targets;static_unknown_obstacles;dynamic_wandering_robot;costmap;slam_path_planning;obstacle_avoidance,P2_Wanderer,dynamic_wandering_robot,88.78409,88.78409,1.35118,-1.17561,1,0,1,14,6,32,24,2251,24,2251,1.35118,-1.17561,-0.5032,1.35118,-1.17561,-0.5032
61.85,PID,HECTOR_GRID_MATCHING,HECTOR_SCAN_MATCHING_GRID,landmarks,task3,TO_PICKUP_T2,AVOIDING,DIRECT,T2,WS2,0.69504,1.51089,0.11963,0.667,1.513,0.134,0.019,0.04876,2.12,-1.1,0.77552,0.36752,0.02985,83.02419,NORMAL,2,0,0,0,25,2260,27,25,109,2260,0.20244,0.88522,0,0,1.46,1.48,0,0,0.20629,-0.25544,18.90051,"O1:-0.89,-0.89,s215;O2:-2.33,-0.53,s193;O3:-0.89,-1.25,s174;O4:-0.89,-1.07,s156;O5:0.37,0.91,s150;O6:-2.33,0.19,s149;O7:-2.33,0.01,s137;O8:-2.33,-0.17,s135;O9:-2.33,-0.35,s125;O10:0.37,0.73,s98;O11:-0.71,-1.25,s93;O12:-0.35,-0.35,s84;O13:-0.53,-1.25,s80;O14:-2.33,0.55,s75;O15:-0.53,-0.89,s71;O16:-2.33,0.37,s60;O17:-0.17,-0.35,s48;O18:0.37,0.55,s40;O19:0.55,0.91,s33;O20:-2.33,-0.71,s31;O21:-0.71,-0.89,s29;O22:0.73,0.91,s21;O23:-0.35,-0.53,s19;O24:0.73,0.73,s3;O25:-2.33,0.73,s2","O1:-0.89,-0.89,s215;O2:-2.33,-0.53,s193;O3:-0.89,-1.25,s174;O4:-0.89,-1.07,s156;O5:0.37,0.91,s150;O6:-2.33,0.19,s149;O7:-2.33,0.01,s137;O8:-2.33,-0.17,s135;O9:-2.33,-0.35,s125;O10:0.37,0.73,s98;O11:-0.71,-1.25,s93;O12:-0.35,-0.35,s84;O13:-0.53,-1.25,s80;O14:-2.33,0.55,s75;O15:-0.53,-0.89,s71;O16:-2.33,0.37,s60;O17:-0.17,-0.35,s48;O18:0.37,0.55,s40;O19:0.55,0.91,s33;O20:-2.33,-0.71,s31;O21:-0.71,-0.89,s29;O22:0.73,0.91,s21;O23:-0.35,-0.53,s19;O24:0.73,0.73,s3;O25:-2.33,0.73,s2",RUNNING,UNKNOWN_MAP_SLAM_AVOIDANCE,unknown_map;frontier_targets;static_unknown_obstacles;dynamic_wandering_robot;costmap;slam_path_planning;obstacle_avoidance,P2_Wanderer,dynamic_wandering_robot,88.82008,88.82008,1.37746,-1.19008,1,0,1,14,6,32,25,2260,25,2260,1.37746,-1.19008,-0.5032,1.37746,-1.19008,-0.5032
62.0,PID,HECTOR_GRID_MATCHING,HECTOR_SCAN_MATCHING_GRID,landmarks,task3,TO_PICKUP_T2,AVOIDING,DIRECT,T2,WS2,0.72328,1.51534,0.08715,0.701,1.516,0.092,0.0131,0.04842,2.12,-1.1,0.74691,0.37587,0.02791,82.98173,NORMAL,2,0,0,0,25,2269,27,25,109,2269,0.19911,0.88522,0,0,1.46,1.48,0,0,0.19126,-0.18435,18.93332,"O1:-0.89,-0.89,s215;O2:-2.33,-0.53,s193;O3:-0.89,-1.25,s174;O4:-0.89,-1.07,s156;O5:0.37,0.91,s153;O6:-2.33,0.19,s149;O7:-2.33,0.01,s137;O8:-2.33,-0.17,s135;O9:-2.33,-0.35,s125;O10:0.37,0.73,s98;O11:-0.71,-1.25,s93;O12:-0.35,-0.35,s84;O13:-0.53,-1.25,s80;O14:-2.33,0.55,s75;O15:-0.53,-0.89,s71;O16:-2.33,0.37,s60;O17:-0.17,-0.35,s48;O18:0.37,0.55,s40;O19:0.55,0.91,s36;O20:-2.33,-0.71,s31;O21:-0.71,-0.89,s29;O22:0.73,0.91,s21;O23:-0.35,-0.53,s19;O24:0.73,0.73,s6;O25:-2.33,0.73,s2","O1:-0.89,-0.89,s215;O2:-2.33,-0.53,s193;O3:-0.89,-1.25,s174;O4:-0.89,-1.07,s156;O5:0.37,0.91,s153;O6:-2.33,0.19,s149;O7:-2.33,0.01,s137;O8:-2.33,-0.17,s135;O9:-2.33,-0.35,s125;O10:0.37,0.73,s98;O11:-0.71,-1.25,s93;O12:-0.35,-0.35,s84;O13:-0.53,-1.25,s80;O14:-2.33,0.55,s75;O15:-0.53,-0.89,s71;O16:-2.33,0.37,s60;O17:-0.17,-0.35,s48;O18:0.37,0.55,s40;O19:0.55,0.91,s36;O20:-2.33,-0.71,s31;O21:-0.71,-0.89,s29;O22:0.73,0.91,s21;O23:-0.35,-0.53,s19;O24:0.73,0.73,s6;O25:-2.33,0.73,s2",RUNNING,UNKNOWN_MAP_SLAM_AVOIDANCE,unknown_map;frontier_targets;static_unknown_obstacles;dynamic_wandering_robot;costmap;slam_path_planning;obstacle_avoidance,P2_Wanderer,dynamic_wandering_robot,88.85589,88.85589,1.40375,-1.20455,1,0,1,14,6,32,25,2269,25,2269,1.40375,-1.20455,-0.5032,1.40375,-1.20455,-0.5032
62.15,PID,HECTOR_GRID_MATCHING,HECTOR_SCAN_MATCHING_GRID,landmarks,task3,TO_PICKUP_T2,AVOIDING,DIRECT,T2,WS2,0.74983,1.51842,0.06163,0.732,1.516,0.072,0.00934,0.04806,2.12,-1.1,0.71992,0.38198,0.02653,82.94214,NORMAL,2,0,0,0,25,2278,27,25,109,2278,0.19829,0.88522,0,0,1.46,1.48,0,0,0.17709,-0.16905,18.95131,"O1:-0.89,-0.89,s215;O2:-2.33,-0.53,s193;O3:-0.89,-1.25,s174;O4:0.37,0.91,s156;O5:-0.89,-1.07,s156;O6:-2.33,0.19,s149;O7:-2.33,0.01,s137;O8:-2.33,-0.17,s135;O9:-2.33,-0.35,s125;O10:0.37,0.73,s98;O11:-0.71,-1.25,s93;O12:-0.35,-0.35,s84;O13:-0.53,-1.25,s80;O14:-2.33,0.55,s75;O15:-0.53,-0.89,s71;O16:-2.33,0.37,s60;O17:-0.17,-0.35,s48;O18:0.37,0.55,s40;O19:0.55,0.91,s39;O20:-2.33,-0.71,s31;O21:-0.71,-0.89,s29;O22:0.73,0.91,s21;O23:-0.35,-0.53,s19;O24:0.73,0.73,s9;O25:-2.33,0.73,s2","O1:-0.89,-0.89,s215;O2:-2.33,-0.53,s193;O3:-0.89,-1.25,s174;O4:0.37,0.91,s156;O5:-0.89,-1.07,s156;O6:-2.33,0.19,s149;O7:-2.33,0.01,s137;O8:-2.33,-0.17,s135;O9:-2.33,-0.35,s125;O10:0.37,0.73,s98;O11:-0.71,-1.25,s93;O12:-0.35,-0.35,s84;O13:-0.53,-1.25,s80;O14:-2.33,0.55,s75;O15:-0.53,-0.89,s71;O16:-2.33,0.37,s60;O17:-0.17,-0.35,s48;O18:0.37,0.55,s40;O19:0.55,0.91,s39;O20:-2.33,-0.71,s31;O21:-0.71,-0.89,s29;O22:0.73,0.91,s21;O23:-0.35,-0.53,s19;O24:0.73,0.73,s9;O25:-2.33,0.73,s2",RUNNING,UNKNOWN_MAP_SLAM_AVOIDANCE,unknown_map;frontier_targets;static_unknown_obstacles;dynamic_wandering_robot;costmap;slam_path_planning;obstacle_avoidance,P2_Wanderer,dynamic_wandering_robot,88.89152,88.89152,1.43003,-1.21901,1,0,1,14,6,32,25,2278,25,2278,1.43003,-1.21901,-0.5032,1.43003,-1.21901,-0.5032
62.3,PID,HECTOR_GRID_MATCHING,HECTOR_SCAN_MATCHING_GRID,landmarks,task3,TO_PICKUP_T2,AVOIDING,DIRECT,T2,WS2,0.7741,1.52067,0.03693,0.763,1.524,0.048,0.00535,0.04771,2.12,-1.1,0.69512,0.38706,0.02541,82.9055,NORMAL,2,0,0,0,25,2287,27,25,109,2287,0.19626,0.88522,0,0,1.46,1.48,0,0,0.16295,-0.14739,18.97712,"O1:-0.89,-0.89,s215;O2:-2.33,-0.53,s193;O3:-0.89,-1.25,s174;O4:0.37,0.91,s159;O5:-0.89,-1.07,s156;O6:-2.33,0.19,s149;O7:-2.33,0.01,s137;O8:-2.33,-0.17,s135;O9:-2.33,-0.35,s125;O10:0.37,0.73,s98;O11:-0.71,-1.25,s93;O12:-0.35,-0.35,s84;O13:-0.53,-1.25,s80;O14:-2.33,0.55,s75;O15:-0.53,-0.89,s71;O16:-2.33,0.37,s60;O17:-0.17,-0.35,s48;O18:0.55,0.91,s40;O19:0.37,0.55,s40;O20:-2.33,-0.71,s31;O21:-0.71,-0.89,s29;O22:0.73,0.91,s23;O23:-0.35,-0.53,s19;O24:0.73,0.73,s12;O25:-2.33,0.73,s2","O1:-0.89,-0.89,s215;O2:-2.33,-0.53,s193;O3:-0.89,-1.25,s174;O4:0.37,0.91,s159;O5:-0.89,-1.07,s156;O6:-2.33,0.19,s149;O7:-2.33,0.01,s137;O8:-2.33,-0.17,s135;O9:-2.33,-0.35,s125;O10:0.37,0.73,s98;O11:-0.71,-1.25,s93;O12:-0.35,-0.35,s84;O13:-0.53,-1.25,s80;O14:-2.33,0.55,s75;O15:-0.53,-0.89,s71;O16:-2.33,0.37,s60;O17:-0.17,-0.35,s48;O18:0.55,0.91,s40;O19:0.37,0.55,s40;O20:-2.33,-0.71,s31;O21:-0.71,-0.89,s29;O22:0.73,0.91,s23;O23:-0.35,-0.53,s19;O24:0.73,0.73,s12;O25:-2.33,0.73,s2",RUNNING,UNKNOWN_MAP_SLAM_AVOIDANCE,unknown_map;frontier_targets;static_unknown_obstacles;dynamic_wandering_robot;costmap;slam_path_planning;obstacle_avoidance,P2_Wanderer,dynamic_wandering_robot,88.92697,88.92697,1.45631,-1.23348,1,0,1,14,6,32,25,2287,25,2287,1.45631,-1.23348,-0.5032,1.45631,-1.23348,-0.5032
62.45,PID,HECTOR_GRID_MATCHING,HECTOR_SCAN_MATCHING_GRID,landmarks,task3,TO_PICKUP_T2,AVOIDING,DIRECT,T2,WS2,0.79744,1.52225,0.01641,0.78,1.525,0.029,0.01018,0.04739,2.12,-1.1,0.67159,0.39119,0.02451,82.87068,NORMAL,2,0,0,0,25,2296,27,25,109,2296,0.19626,0.88522,0,0,1.46,1.48,0,0,0.15479,-0.12415,18.99298,"O1:-0.89,-0.89,s215;O2:-2.33,-0.53,s193;O3:-0.89,-1.25,s174;O4:0.37,0.91,s162;O5:-0.89,-1.07,s156;O6:-2.33,0.19,s149;O7:-2.33,0.01,s137;O8:-2.33,-0.17,s135;O9:-2.33,-0.35,s125;O10:0.37,0.73,s98;O11:-0.71,-1.25,s93;O12:-0.35,-0.35,s84;O13:-0.53,-1.25,s80;O14:-2.33,0.55,s75;O15:-0.53,-0.89,s71;O16:-2.33,0.37,s60;O17:-0.17,-0.35,s48;O18:0.55,0.91,s40;O19:0.37,0.55,s40;O20:-2.33,-0.71,s31;O21:-0.71,-0.89,s29;O22:0.73,0.91,s26;O23:-0.35,-0.53,s19;O24:0.73,0.73,s15;O25:-2.33,0.73,s2","O1:-0.89,-0.89,s215;O2:-2.33,-0.53,s193;O3:-0.89,-1.25,s174;O4:0.37,0.91,s162;O5:-0.89,-1.07,s156;O6:-2.33,0.19,s149;O7:-2.33,0.01,s137;O8:-2.33,-0.17,s135;O9:-2.33,-0.35,s125;O10:0.37,0.73,s98;O11:-0.71,-1.25,s93;O12:-0.35,-0.35,s84;O13:-0.53,-1.25,s80;O14:-2.33,0.55,s75;O15:-0.53,-0.89,s71;O16:-2.33,0.37,s60;O17:-0.17,-0.35,s48;O18:0.55,0.91,s40;O19:0.37,0.55,s40;O20:-2.33,-0.71,s31;O21:-0.71,-0.89,s29;O22:0.73,0.91,s26;O23:-0.35,-0.53,s19;O24:0.73,0.73,s15;O25:-2.33,0.73,s2",RUNNING,UNKNOWN_MAP_SLAM_AVOIDANCE,unknown_map;frontier_targets;static_unknown_obstacles;dynamic_wandering_robot;costmap;slam_path_planning;obstacle_avoidance,P2_Wanderer,dynamic_wandering_robot,88.96225,88.96225,1.48259,-1.24795,1,0,1,14,6,32,25,2296,25,2296,1.48259,-1.24795,-0.5032,1.48259,-1.24795,-0.5032
62.6,PID,HECTOR_GRID_MATCHING,HECTOR_SCAN_MATCHING_GRID,landmarks,task3,TO_PICKUP_T2,AVOIDING,DIRECT,T2,WS2,0.81939,1.52319,-0.00123,0.794,1.528,0.02,0.01894,0.04712,2.12,-1.1,0.64948,0.39422,0.02387,82.83801,NORMAL,2,0,0,0,25,2305,27,25,109,2305,0.19626,0.88522,0,0,1.46,1.48,0,0,0.14896,-0.13261,19.01466,"O1:-0.89,-0.89,s215;O2:-2.33,-0.53,s193;O3:-0.89,-1.25,s174;O4:0.37,0.91,s165;O5:-0.89,-1.07,s156;O6:-2.33,0.19,s149;O7:-2.33,0.01,s137;O8:-2.33,-0.17,s135;O9:-2.33,-0.35,s125;O10:0.37,0.73,s98;O11:-0.71,-1.25,s93;O12:-0.35,-0.35,s84;O13:-0.53,-1.25,s80;O14:-2.33,0.55,s75;O15:-0.53,-0.89,s71;O16:-2.33,0.37,s60;O17:-0.17,-0.35,s48;O18:0.55,0.91,s40;O19:0.37,0.55,s40;O20:-2.33,-0.71,s31;O21:0.73,0.91,s29;O22:-0.71,-0.89,s29;O23:-0.35,-0.53,s19;O24:0.73,0.73,s18;O25:-2.33,0.73,s2","O1:-0.89,-0.89,s215;O2:-2.33,-0.53,s193;O3:-0.89,-1.25,s174;O4:0.37,0.91,s165;O5:-0.89,-1.07,s156;O6:-2.33,0.19,s149;O7:-2.33,0.01,s137;O8:-2.33,-0.17,s135;O9:-2.33,-0.35,s125;O10:0.37,0.73,s98;O11:-0.71,-1.25,s93;O12:-0.35,-0.35,s84;O13:-0.53,-1.25,s80;O14:-2.33,0.55,s75;O15:-0.53,-0.89,s71;O16:-2.33,0.37,s60;O17:-0.17,-0.35,s48;O18:0.55,0.91,s40;O19:0.37,0.55,s40;O20:-2.33,-0.71,s31;O21:0.73,0.91,s29;O22:-0.71,-0.89,s29;O23:-0.35,-0.53,s19;O24:0.73,0.73,s18;O25:-2.33,0.73,s2",RUNNING,UNKNOWN_MAP_SLAM_AVOIDANCE,unknown_map;frontier_targets;static_unknown_obstacles;dynamic_wandering_robot;costmap;slam_path_planning;obstacle_avoidance,P2_Wanderer,dynamic_wandering_robot,88.99735,88.99735,1.50887,-1.26241,1,0,1,14,6,32,25,2305,25,2305,1.50887,-1.26241,-0.5032,1.50887,-1.26241,-0.5032
62.75,PID,HECTOR_GRID_MATCHING,HECTOR_SCAN_MATCHING_GRID,landmarks,task3,TO_PICKUP_T2,AVOIDING,DIRECT,T2,WS2,0.83989,1.5237,-0.01563,0.828,1.529,-0.013,0.00768,0.04688,2.12,-1.1,0.62829,0.39679,0.02333,82.80659,NORMAL,2,0,0,0,25,2314,27,25,109,2314,0.19626,0.88522,0,0,1.46,1.48,0,0,0.13182,-0.06839,19.04786,"O1:-0.89,-0.89,s215;O2:-2.33,-0.53,s193;O3:-0.89,-1.25,s174;O4:0.37,0.91,s168;O5:-0.89,-1.07,s156;O6:-2.33,0.19,s149;O7:-2.33,0.01,s137;O8:-2.33,-0.17,s135;O9:-2.33,-0.35,s125;O10:0.37,0.73,s98;O11:-0.71,-1.25,s93;O12:-0.35,-0.35,s84;O13:-0.53,-1.25,s80;O14:-2.33,0.55,s75;O15:-0.53,-0.89,s71;O16:-2.33,0.37,s60;O17:-0.17,-0.35,s48;O18:0.55,0.91,s40;O19:0.37,0.55,s40;O20:0.73,0.91,s32;O21:-2.33,-0.71,s31;O22:-0.71,-0.89,s29;O23:0.73,0.73,s21;O24:-0.35,-0.53,s19;O25:-2.33,0.73,s2","O1:-0.89,-0.89,s215;O2:-2.33,-0.53,s193;O3:-0.89,-1.25,s174;O4:0.37,0.91,s168;O5:-0.89,-1.07,s156;O6:-2.33,0.19,s149;O7:-2.33,0.01,s137;O8:-2.33,-0.17,s135;O9:-2.33,-0.35,s125;O10:0.37,0.73,s98;O11:-0.71,-1.25,s93;O12:-0.35,-0.35,s84;O13:-0.53,-1.25,s80;O14:-2.33,0.55,s75;O15:-0.53,-0.89,s71;O16:-2.33,0.37,s60;O17:-0.17,-0.35,s48;O18:0.55,0.91,s40;O19:0.37,0.55,s40;O20:0.73,0.91,s32;O21:-2.33,-0.71,s31;O22:-0.71,-0.89,s29;O23:0.73,0.73,s21;O24:-0.35,-0.53,s19;O25:-2.33,0.73,s2",RUNNING,UNKNOWN_MAP_SLAM_AVOIDANCE,unknown_map;frontier_targets;static_unknown_obstacles;dynamic_wandering_robot;costmap;slam_path_planning;obstacle_avoidance,P2_Wanderer,dynamic_wandering_robot,89.03228,89.03228,1.53515,-1.27688,1,0,1,14,6,32,25,2314,25,2314,1.53515,-1.27688,-0.5032,1.53515,-1.27688,-0.5032
62.9,PID,HECTOR_GRID_MATCHING,HECTOR_SCAN_MATCHING_GRID,landmarks,task3,PICKUP_T2,MANIPULATING,DIRECT,T2,WS2,0.85045,1.52387,-0.0268,0.854,1.536,-0.021,0.01263,0.04649,2.12,-1.1,-1.0,-1.0,0.0,82.78636,NORMAL,2,0,0,0,25,2319,27,25,109,2319,0.20191,0.88522,0,0,1.46,1.48,0,0,0.0,0.0,19.22052,"O1:-0.89,-0.89,s215;O2:-2.33,-0.53,s193;O3:-0.89,-1.25,s174;O4:0.37,0.91,s169;O5:-0.89,-1.07,s156;O6:-2.33,0.19,s149;O7:-2.33,0.01,s137;O8:-2.33,-0.17,s135;O9:-2.33,-0.35,s125;O10:0.37,0.73,s98;O11:-0.71,-1.25,s93;O12:-0.35,-0.35,s84;O13:-0.53,-1.25,s80;O14:-2.33,0.55,s75;O15:-0.53,-0.89,s71;O16:-2.33,0.37,s60;O17:-0.17,-0.35,s48;O18:0.55,0.91,s41;O19:0.37,0.55,s40;O20:0.73,0.91,s33;O21:-2.33,-0.71,s31;O22:-0.71,-0.89,s29;O23:0.73,0.73,s23;O24:-0.35,-0.53,s19;O25:-2.33,0.73,s2","O1:-0.89,-0.89,s215;O2:-2.33,-0.53,s193;O3:-0.89,-1.25,s174;O4:0.37,0.91,s169;O5:-0.89,-1.07,s156;O6:-2.33,0.19,s149;O7:-2.33,0.01,s137;O8:-2.33,-0.17,s135;O9:-2.33,-0.35,s125;O10:0.37,0.73,s98;O11:-0.71,-1.25,s93;O12:-0.35,-0.35,s84;O13:-0.53,-1.25,s80;O14:-2.33,0.55,s75;O15:-0.53,-0.89,s71;O16:-2.33,0.37,s60;O17:-0.17,-0.35,s48;O18:0.55,0.91,s41;O19:0.37,0.55,s40;O20:0.73,0.91,s33;O21:-2.33,-0.71,s31;O22:-0.71,-0.89,s29;O23:0.73,0.73,s23;O24:-0.35,-0.53,s19;O25:-2.33,0.73,s2",RUNNING,UNKNOWN_MAP_SLAM_AVOIDANCE,unknown_map;frontier_targets;static_unknown_obstacles;dynamic_wandering_robot;costmap;slam_path_planning;obstacle_avoidance,P2_Wanderer,dynamic_wandering_robot,89.05161,89.05161,1.56143,-1.29135,1,0,1,14,6,32,25,2319,25,2319,1.56143,-1.29135,-0.5032,1.56143,-1.29135,-0.5032
63.05,PID,HECTOR_GRID_MATCHING,HECTOR_SCAN_MATCHING_GRID,landmarks,task3,PICKUP_T2,MANIPULATING,DIRECT,T2,WS2,0.85032,1.52391,-0.02691,0.859,1.54,-0.023,0.0184,0.04584,2.12,-1.1,-1.0,-1.0,0.0,82.78261,NORMAL,2,0,0,0,25,2319,27,25,109,2319,0.20191,0.88522,0,0,1.46,1.48,0,0,0.0,0.0,19.22052,"O1:-0.89,-0.89,s215;O2:-2.33,-0.53,s193;O3:-0.89,-1.25,s174;O4:0.37,0.91,s169;O5:-0.89,-1.07,s156;O6:-2.33,0.19,s149;O7:-2.33,0.01,s137;O8:-2.33,-0.17,s135;O9:-2.33,-0.35,s125;O10:0.37,0.73,s98;O11:-0.71,-1.25,s93;O12:-0.35,-0.35,s84;O13:-0.53,-1.25,s80;O14:-2.33,0.55,s75;O15:-0.53,-0.89,s71;O16:-2.33,0.37,s60;O17:-0.17,-0.35,s48;O18:0.55,0.91,s41;O19:0.37,0.55,s40;O20:0.73,0.91,s33;O21:-2.33,-0.71,s31;O22:-0.71,-0.89,s29;O23:0.73,0.73,s23;O24:-0.35,-0.53,s19;O25:-2.33,0.73,s2","O1:-0.89,-0.89,s215;O2:-2.33,-0.53,s193;O3:-0.89,-1.25,s174;O4:0.37,0.91,s169;O5:-0.89,-1.07,s156;O6:-2.33,0.19,s149;O7:-2.33,0.01,s137;O8:-2.33,-0.17,s135;O9:-2.33,-0.35,s125;O10:0.37,0.73,s98;O11:-0.71,-1.25,s93;O12:-0.35,-0.35,s84;O13:-0.53,-1.25,s80;O14:-2.33,0.55,s75;O15:-0.53,-0.89,s71;O16:-2.33,0.37,s60;O17:-0.17,-0.35,s48;O18:0.55,0.91,s41;O19:0.37,0.55,s40;O20:0.73,0.91,s33;O21:-2.33,-0.71,s31;O22:-0.71,-0.89,s29;O23:0.73,0.73,s23;O24:-0.35,-0.53,s19;O25:-2.33,0.73,s2",RUNNING,UNKNOWN_MAP_SLAM_AVOIDANCE,unknown_map;frontier_targets;static_unknown_obstacles;dynamic_wandering_robot;costmap;slam_path_planning;obstacle_avoidance,P2_Wanderer,dynamic_wandering_robot,89.05161,89.05161,1.58771,-1.30581,1,0,1,14,6,32,25,2319,25,2319,1.58771,-1.30581,-0.5032,1.58771,-1.30581,-0.5032
63.2,PID,HECTOR_GRID_MATCHING,HECTOR_SCAN_MATCHING_GRID,landmarks,task3,PICKUP_T2,MANIPULATING,DIRECT,T2,WS2,0.85026,1.52391,-0.02695,0.851,1.522,-0.018,0.00196,0.04542,2.12,-1.1,-1.0,-1.0,0.0,82.77886,NORMAL,2,0,0,0,25,2319,27,25,109,2319,0.20191,0.88522,0,0,1.46,1.48,0,0,0.0,0.0,19.22052,"O1:-0.89,-0.89,s215;O2:-2.33,-0.53,s193;O3:-0.89,-1.25,s174;O4:0.37,0.91,s169;O5:-0.89,-1.07,s156;O6:-2.33,0.19,s149;O7:-2.33,0.01,s137;O8:-2.33,-0.17,s135;O9:-2.33,-0.35,s125;O10:0.37,0.73,s98;O11:-0.71,-1.25,s93;O12:-0.35,-0.35,s84;O13:-0.53,-1.25,s80;O14:-2.33,0.55,s75;O15:-0.53,-0.89,s71;O16:-2.33,0.37,s60;O17:-0.17,-0.35,s48;O18:0.55,0.91,s41;O19:0.37,0.55,s40;O20:0.73,0.91,s33;O21:-2.33,-0.71,s31;O22:-0.71,-0.89,s29;O23:0.73,0.73,s23;O24:-0.35,-0.53,s19;O25:-2.33,0.73,s2","O1:-0.89,-0.89,s215;O2:-2.33,-0.53,s193;O3:-0.89,-1.25,s174;O4:0.37,0.91,s169;O5:-0.89,-1.07,s156;O6:-2.33,0.19,s149;O7:-2.33,0.01,s137;O8:-2.33,-0.17,s135;O9:-2.33,-0.35,s125;O10:0.37,0.73,s98;O11:-0.71,-1.25,s93;O12:-0.35,-0.35,s84;O13:-0.53,-1.25,s80;O14:-2.33,0.55,s75;O15:-0.53,-0.89,s71;O16:-2.33,0.37,s60;O17:-0.17,-0.35,s48;O18:0.55,0.91,s41;O19:0.37,0.55,s40;O20:0.73,0.91,s33;O21:-2.33,-0.71,s31;O22:-0.71,-0.89,s29;O23:0.73,0.73,s23;O24:-0.35,-0.53,s19;O25:-2.33,0.73,s2",RUNNING,UNKNOWN_MAP_SLAM_AVOIDANCE,unknown_map;frontier_targets;static_unknown_obstacles;dynamic_wandering_robot;costmap;slam_path_planning;obstacle_avoidance,P2_Wanderer,dynamic_wandering_robot,89.05161,89.05161,1.56577,-1.28536,1,0,1,14,6,32,25,2319,25,2319,1.56577,-1.28536,2.39118,1.56577,-1.28536,2.39118
63.35,PID,HECTOR_GRID_MATCHING,HECTOR_SCAN_MATCHING_GRID,landmarks,task3,PICKUP_T2,MANIPULATING,DIRECT,T2,WS2,0.85019,1.52392,-0.02695,0.856,1.525,-0.019,0.00641,0.04516,2.12,-1.1,-1.0,-1.0,0.0,82.77511,NORMAL,2,0,0,0,25,2319,27,25,109,2319,0.20191,0.88522,0,0,1.46,1.48,0,0,0.0,0.0,19.22052,"O1:-0.89,-0.89,s215;O2:-2.33,-0.53,s193;O3:-0.89,-1.25,s174;O4:0.37,0.91,s169;O5:-0.89,-1.07,s156;O6:-2.33,0.19,s149;O7:-2.33,0.01,s137;O8:-2.33,-0.17,s135;O9:-2.33,-0.35,s125;O10:0.37,0.73,s98;O11:-0.71,-1.25,s93;O12:-0.35,-0.35,s84;O13:-0.53,-1.25,s80;O14:-2.33,0.55,s75;O15:-0.53,-0.89,s71;O16:-2.33,0.37,s60;O17:-0.17,-0.35,s48;O18:0.55,0.91,s41;O19:0.37,0.55,s40;O20:0.73,0.91,s33;O21:-2.33,-0.71,s31;O22:-0.71,-0.89,s29;O23:0.73,0.73,s23;O24:-0.35,-0.53,s19;O25:-2.33,0.73,s2","O1:-0.89,-0.89,s215;O2:-2.33,-0.53,s193;O3:-0.89,-1.25,s174;O4:0.37,0.91,s169;O5:-0.89,-1.07,s156;O6:-2.33,0.19,s149;O7:-2.33,0.01,s137;O8:-2.33,-0.17,s135;O9:-2.33,-0.35,s125;O10:0.37,0.73,s98;O11:-0.71,-1.25,s93;O12:-0.35,-0.35,s84;O13:-0.53,-1.25,s80;O14:-2.33,0.55,s75;O15:-0.53,-0.89,s71;O16:-2.33,0.37,s60;O17:-0.17,-0.35,s48;O18:0.55,0.91,s41;O19:0.37,0.55,s40;O20:0.73,0.91,s33;O21:-2.33,-0.71,s31;O22:-0.71,-0.89,s29;O23:0.73,0.73,s23;O24:-0.35,-0.53,s19;O25:-2.33,0.73,s2",RUNNING,UNKNOWN_MAP_SLAM_AVOIDANCE,unknown_map;frontier_targets;static_unknown_obstacles;dynamic_wandering_robot;costmap;slam_path_planning;obstacle_avoidance,P2_Wanderer,dynamic_wandering_robot,89.05161,89.05161,1.54383,-1.2649,1,0,1,14,6,32,25,2319,25,2319,1.54383,-1.2649,2.39118,1.54383,-1.2649,2.39118
63.5,PID,HECTOR_GRID_MATCHING,HECTOR_SCAN_MATCHING_GRID,landmarks,task3,PICKUP_T2,MANIPULATING,DIRECT,T2,WS2,0.85012,1.52392,-0.02697,0.845,1.527,-0.022,0.0054,0.04499,2.12,-1.1,-1.0,-1.0,0.0,82.77136,NORMAL,2,0,0,0,25,2319,27,25,109,2319,0.20191,0.88522,0,0,1.46,1.48,0,0,0.0,0.0,19.22052,"O1:-0.89,-0.89,s215;O2:-2.33,-0.53,s193;O3:-0.89,-1.25,s174;O4:0.37,0.91,s169;O5:-0.89,-1.07,s156;O6:-2.33,0.19,s149;O7:-2.33,0.01,s137;O8:-2.33,-0.17,s135;O9:-2.33,-0.35,s125;O10:0.37,0.73,s98;O11:-0.71,-1.25,s93;O12:-0.35,-0.35,s84;O13:-0.53,-1.25,s80;O14:-2.33,0.55,s75;O15:-0.53,-0.89,s71;O16:-2.33,0.37,s60;O17:-0.17,-0.35,s48;O18:0.55,0.91,s41;O19:0.37,0.55,s40;O20:0.73,0.91,s33;O21:-2.33,-0.71,s31;O22:-0.71,-0.89,s29;O23:0.73,0.73,s23;O24:-0.35,-0.53,s19;O25:-2.33,0.73,s2","O1:-0.89,-0.89,s215;O2:-2.33,-0.53,s193;O3:-0.89,-1.25,s174;O4:0.37,0.91,s169;O5:-0.89,-1.07,s156;O6:-2.33,0.19,s149;O7:-2.33,0.01,s137;O8:-2.33,-0.17,s135;O9:-2.33,-0.35,s125;O10:0.37,0.73,s98;O11:-0.71,-1.25,s93;O12:-0.35,-0.35,s84;O13:-0.53,-1.25,s80;O14:-2.33,0.55,s75;O15:-0.53,-0.89,s71;O16:-2.33,0.37,s60;O17:-0.17,-0.35,s48;O18:0.55,0.91,s41;O19:0.37,0.55,s40;O20:0.73,0.91,s33;O21:-2.33,-0.71,s31;O22:-0.71,-0.89,s29;O23:0.73,0.73,s23;O24:-0.35,-0.53,s19;O25:-2.33,0.73,s2",RUNNING,UNKNOWN_MAP_SLAM_AVOIDANCE,unknown_map;frontier_targets;static_unknown_obstacles;dynamic_wandering_robot;costmap;slam_path_planning;obstacle_avoidance,P2_Wanderer,dynamic_wandering_robot,89.05161,89.05161,1.52189,-1.24444,1,0,1,14,6,32,25,2319,25,2319,1.52189,-1.24444,2.39118,1.52189,-1.24444,2.39118
63.65,PID,HECTOR_GRID_MATCHING,HECTOR_SCAN_MATCHING_GRID,landmarks,task3,PICKUP_T2,MANIPULATING,DIRECT,T2,WS2,0.85008,1.52392,-0.02699,0.848,1.531,-0.017,0.00725,0.04489,2.12,-1.1,-1.0,-1.0,0.0,82.76761,NORMAL,2,0,0,0,25,2319,27,25,109,2319,0.20191,0.88522,0,0,1.46,1.48,0,0,0.0,0.0,19.22052,"O1:-0.89,-0.89,s215;O2:-2.33,-0.53,s193;O3:-0.89,-1.25,s174;O4:0.37,0.91,s169;O5:-0.89,-1.07,s156;O6:-2.33,0.19,s149;O7:-2.33,0.01,s137;O8:-2.33,-0.17,s135;O9:-2.33,-0.35,s125;O10:0.37,0.73,s98;O11:-0.71,-1.25,s93;O12:-0.35,-0.35,s84;O13:-0.53,-1.25,s80;O14:-2.33,0.55,s75;O15:-0.53,-0.89,s71;O16:-2.33,0.37,s60;O17:-0.17,-0.35,s48;O18:0.55,0.91,s41;O19:0.37,0.55,s40;O20:0.73,0.91,s33;O21:-2.33,-0.71,s31;O22:-0.71,-0.89,s29;O23:0.73,0.73,s23;O24:-0.35,-0.53,s19;O25:-2.33,0.73,s2","O1:-0.89,-0.89,s215;O2:-2.33,-0.53,s193;O3:-0.89,-1.25,s174;O4:0.37,0.91,s169;O5:-0.89,-1.07,s156;O6:-2.33,0.19,s149;O7:-2.33,0.01,s137;O8:-2.33,-0.17,s135;O9:-2.33,-0.35,s125;O10:0.37,0.73,s98;O11:-0.71,-1.25,s93;O12:-0.35,-0.35,s84;O13:-0.53,-1.25,s80;O14:-2.33,0.55,s75;O15:-0.53,-0.89,s71;O16:-2.33,0.37,s60;O17:-0.17,-0.35,s48;O18:0.55,0.91,s41;O19:0.37,0.55,s40;O20:0.73,0.91,s33;O21:-2.33,-0.71,s31;O22:-0.71,-0.89,s29;O23:0.73,0.73,s23;O24:-0.35,-0.53,s19;O25:-2.33,0.73,s2",RUNNING,UNKNOWN_MAP_SLAM_AVOIDANCE,unknown_map;frontier_targets;static_unknown_obstacles;dynamic_wandering_robot;costmap;slam_path_planning;obstacle_avoidance,P2_Wanderer,dynamic_wandering_robot,89.05161,89.05161,1.49995,-1.22398,1,0,1,14,6,32,25,2319,25,2319,1.49995,-1.22398,2.39118,1.49995,-1.22398,2.39118
63.8,PID,HECTOR_GRID_MATCHING,HECTOR_SCAN_MATCHING_GRID,landmarks,task3,TO_WS2_DELIVER_T2,AVOIDING,DIRECT_AFTER_WAYPOINT,T2,WS2,0.85228,1.52399,-0.02727,0.846,1.534,-0.017,0.01092,0.04482,2.12,-1.1,2.91528,0.3988,0.02291,82.76386,NORMAL,2,0,0,0,25,2322,27,25,109,2322,0.20077,0.88522,0,0,2.12,-1.1,0,0,0.374,-0.8976,19.81892,"O1:-0.89,-0.89,s215;O2:-2.33,-0.53,s193;O3:-0.89,-1.25,s174;O4:0.37,0.91,s169;O5:-0.89,-1.07,s156;O6:-2.33,0.19,s149;O7:-2.33,0.01,s137;O8:-2.33,-0.17,s135;O9:-2.33,-0.35,s125;O10:0.37,0.73,s98;O11:-0.71,-1.25,s93;O12:-0.35,-0.35,s84;O13:-0.53,-1.25,s80;O14:-2.33,0.55,s75;O15:-0.53,-0.89,s71;O16:-2.33,0.37,s60;O17:-0.17,-0.35,s48;O18:0.55,0.91,s41;O19:0.37,0.55,s40;O20:0.73,0.91,s33;O21:-2.33,-0.71,s31;O22:-0.71,-0.89,s29;O23:0.73,0.73,s23;O24:-0.35,-0.53,s19;O25:-2.33,0.73,s2","O1:-0.89,-0.89,s215;O2:-2.33,-0.53,s193;O3:-0.89,-1.25,s174;O4:0.37,0.91,s169;O5:-0.89,-1.07,s156;O6:-2.33,0.19,s149;O7:-2.33,0.01,s137;O8:-2.33,-0.17,s135;O9:-2.33,-0.35,s125;O10:0.37,0.73,s98;O11:-0.71,-1.25,s93;O12:-0.35,-0.35,s84;O13:-0.53,-1.25,s80;O14:-2.33,0.55,s75;O15:-0.53,-0.89,s71;O16:-2.33,0.37,s60;O17:-0.17,-0.35,s48;O18:0.55,0.91,s41;O19:0.37,0.55,s40;O20:0.73,0.91,s33;O21:-2.33,-0.71,s31;O22:-0.71,-0.89,s29;O23:0.73,0.73,s23;O24:-0.35,-0.53,s19;O25:-2.33,0.73,s2",RUNNING,UNKNOWN_MAP_SLAM_AVOIDANCE,unknown_map;frontier_targets;static_unknown_obstacles;dynamic_wandering_robot;costmap;slam_path_planning;obstacle_avoidance,P2_Wanderer,dynamic_wandering_robot,89.06318,89.06318,1.478,-1.20352,1,0,1,14,6,32,25,2322,25,2322,1.478,-1.20352,2.39118,1.478,-1.20352,2.39118
63.95,PID,HECTOR_GRID_MATCHING,HECTOR_SCAN_MATCHING_GRID,landmarks,task3,TO_WS2_DELIVER_T2,AVOIDING,DIRECT,T2,WS2,0.88457,1.52372,-0.03826,0.881,1.536,-0.032,0.0163,0.04555,2.12,-1.1,2.9069,0.39956,0.02276,82.66675,NORMAL,2,0,0,0,25,2328,27,25,110,2328,0.20659,0.88522,0,0,2.12,-1.1,0,0,0.54423,-1.30616,20.09129,"O1:-0.89,-0.89,s215;O2:-2.33,-0.53,s193;O3:-0.89,-1.25,s174;O4:0.37,0.91,s169;O5:-0.89,-1.07,s156;O6:-2.33,0.19,s149;O7:-2.33,0.01,s137;O8:-2.33,-0.17,s135;O9:-2.33,-0.35,s125;O10:0.37,0.73,s98;O11:-0.71,-1.25,s93;O12:-0.35,-0.35,s84;O13:-0.53,-1.25,s80;O14:-2.33,0.55,s75;O15:-0.53,-0.89,s71;O16:-2.33,0.37,s60;O17:-0.17,-0.35,s48;O18:0.55,0.91,s43;O19:0.37,0.55,s40;O20:0.73,0.91,s35;O21:-2.33,-0.71,s31;O22:-0.71,-0.89,s29;O23:0.73,0.73,s24;O24:-0.35,-0.53,s19;O25:-2.33,0.73,s2","O1:-0.89,-0.89,s215;O2:-2.33,-0.53,s193;O3:-0.89,-1.25,s174;O4:0.37,0.91,s169;O5:-0.89,-1.07,s156;O6:-2.33,0.19,s149;O7:-2.33,0.01,s137;O8:-2.33,-0.17,s135;O9:-2.33,-0.35,s125;O10:0.37,0.73,s98;O11:-0.71,-1.25,s93;O12:-0.35,-0.35,s84;O13:-0.53,-1.25,s80;O14:-2.33,0.55,s75;O15:-0.53,-0.89,s71;O16:-2.33,0.37,s60;O17:-0.17,-0.35,s48;O18:0.55,0.91,s43;O19:0.37,0.55,s40;O20:0.73,0.91,s35;O21:-2.33,-0.71,s31;O22:-0.71,-0.89,s29;O23:0.73,0.73,s24;O24:-0.35,-0.53,s19;O25:-2.33,0.73,s2",RUNNING,UNKNOWN_MAP_SLAM_AVOIDANCE,unknown_map;frontier_targets;static_unknown_obstacles;dynamic_wandering_robot;costmap;slam_path_planning;obstacle_avoidance,P2_Wanderer,dynamic_wandering_robot,89.08626,89.08626,1.45606,-1.18306,1,0,1,14,6,32,25,2328,25,2328,1.45606,-1.18306,2.39118,1.45606,-1.18306,2.39118
64.05,PID,HECTOR_GRID_MATCHING,HECTOR_SCAN_MATCHING_GRID,landmarks,task3,TO_WS2_DELIVER_T2,AVOIDING,DIRECT,T2,WS2,0.92168,1.52299,-0.06189,0.915,1.529,-0.049,0.01301,0.0464,2.12,-1.1,2.89224,0.40216,0.02222,82.59139,NORMAL,2,0,0,0,25,2332,27,25,110,2332,0.20675,0.88522,0,0,2.12,-1.1,0,0,0.54941,-1.31858,20.09958,"O1:-0.89,-0.89,s215;O2:-2.33,-0.53,s193;O3:-0.89,-1.25,s174;O4:0.37,0.91,s169;O5:-0.89,-1.07,s156;O6:-2.33,0.19,s149;O7:-2.33,0.01,s137;O8:-2.33,-0.17,s135;O9:-2.33,-0.35,s125;O10:0.37,0.73,s98;O11:-0.71,-1.25,s93;O12:-0.35,-0.35,s84;O13:-0.53,-1.25,s80;O14:-2.33,0.55,s75;O15:-0.53,-0.89,s71;O16:-2.33,0.37,s60;O17:-0.17,-0.35,s48;O18:0.55,0.91,s43;O19:0.37,0.55,s40;O20:0.73,0.91,s35;O21:-2.33,-0.71,s31;O22:-0.71,-0.89,s29;O23:0.73,0.73,s24;O24:-0.35,-0.53,s19;O25:-2.33,0.73,s2","O1:-0.89,-0.89,s215;O2:-2.33,-0.53,s193;O3:-0.89,-1.25,s174;O4:0.37,0.91,s169;O5:-0.89,-1.07,s156;O6:-2.33,0.19,s149;O7:-2.33,0.01,s137;O8:-2.33,-0.17,s135;O9:-2.33,-0.35,s125;O10:0.37,0.73,s98;O11:-0.71,-1.25,s93;O12:-0.35,-0.35,s84;O13:-0.53,-1.25,s80;O14:-2.33,0.55,s75;O15:-0.53,-0.89,s71;O16:-2.33,0.37,s60;O17:-0.17,-0.35,s48;O18:0.55,0.91,s43;O19:0.37,0.55,s40;O20:0.73,0.91,s35;O21:-2.33,-0.71,s31;O22:-0.71,-0.89,s29;O23:0.73,0.73,s24;O24:-0.35,-0.53,s19;O25:-2.33,0.73,s2",RUNNING,UNKNOWN_MAP_SLAM_AVOIDANCE,unknown_map;frontier_targets;static_unknown_obstacles;dynamic_wandering_robot;costmap;slam_path_planning;obstacle_avoidance,P2_Wanderer,dynamic_wandering_robot,89.10161,89.10161,1.44143,-1.16943,1,0,1,14,6,32,25,2332,25,2332,1.44143,-1.16943,2.39118,1.44143,-1.16943,2.39118
64.2,PID,HECTOR_GRID_MATCHING,HECTOR_SCAN_MATCHING_GRID,landmarks,task3,TO_WS2_DELIVER_T2,AVOIDING,DIRECT,T2,WS2,0.98577,1.52065,-0.15632,0.97,1.53,-0.127,0.01117,0.04736,2.12,-1.1,2.86591,0.41657,0.01938,82.47764,NORMAL,2,0,0,0,25,2338,27,25,109,2338,0.20582,0.88522,0,0,2.12,-1.1,0,0,0.54998,-1.31995,20.10049,"O1:-0.89,-0.89,s215;O2:-2.33,-0.53,s193;O3:-0.89,-1.25,s174;O4:0.37,0.91,s169;O5:-0.89,-1.07,s156;O6:-2.33,0.19,s149;O7:-2.33,0.01,s137;O8:-2.33,-0.17,s135;O9:-2.33,-0.35,s125;O10:0.37,0.73,s98;O11:-0.71,-1.25,s93;O12:-0.35,-0.35,s84;O13:-0.53,-1.25,s80;O14:-2.33,0.55,s75;O15:-0.53,-0.89,s71;O16:-2.33,0.37,s60;O17:-0.17,-0.35,s48;O18:0.55,0.91,s44;O19:0.37,0.55,s40;O20:0.73,0.91,s36;O21:-2.33,-0.71,s31;O22:-0.71,-0.89,s29;O23:0.73,0.73,s24;O24:-0.35,-0.53,s19;O25:-2.33,0.73,s2","O1:-0.89,-0.89,s215;O2:-2.33,-0.53,s193;O3:-0.89,-1.25,s174;O4:0.37,0.91,s169;O5:-0.89,-1.07,s156;O6:-2.33,0.19,s149;O7:-2.33,0.01,s137;O8:-2.33,-0.17,s135;O9:-2.33,-0.35,s125;O10:0.37,0.73,s98;O11:-0.71,-1.25,s93;O12:-0.35,-0.35,s84;O13:-0.53,-1.25,s80;O14:-2.33,0.55,s75;O15:-0.53,-0.89,s71;O16:-2.33,0.37,s60;O17:-0.17,-0.35,s48;O18:0.55,0.91,s44;O19:0.37,0.55,s40;O20:0.73,0.91,s36;O21:-2.33,-0.71,s31;O22:-0.71,-0.89,s29;O23:0.73,0.73,s24;O24:-0.35,-0.53,s19;O25:-2.33,0.73,s2",RUNNING,UNKNOWN_MAP_SLAM_AVOIDANCE,unknown_map;frontier_targets;static_unknown_obstacles;dynamic_wandering_robot;costmap;slam_path_planning;obstacle_avoidance,P2_Wanderer,dynamic_wandering_robot,89.12456,89.12456,1.41949,-1.14897,1,0,1,14,6,32,25,2338,25,2338,1.41949,-1.14897,2.39118,1.41949,-1.14897,2.39118
64.35,PID,HECTOR_GRID_MATCHING,HECTOR_SCAN_MATCHING_GRID,landmarks,task3,TO_WS2_DELIVER_T2,AVOIDING,DIRECT,T2,WS2,1.06114,1.51086,-0.33567,1.036,1.523,-0.293,0.007,0.04754,2.12,-1.1,2.83193,0.44529,0.01429,82.36384,NORMAL,2,0,0,0,27,2346,30,27,110,2346,0.20561,0.88522,0,0,2.12,-1.1,0,0,0.55,-1.32,20.10052,"O1:-0.89,-0.89,s215;O2:-2.33,-0.53,s193;O3:-0.89,-1.25,s174;O4:0.37,0.91,s169;O5:-0.89,-1.07,s156;O6:-2.33,0.19,s149;O7:-2.33,0.01,s137;O8:-2.33,-0.17,s135;O9:-2.33,-0.35,s125;O10:0.37,0.73,s98;O11:-0.71,-1.25,s93;O12:-0.35,-0.35,s84;O13:-0.53,-1.25,s80;O14:-2.33,0.55,s75;O15:-0.53,-0.89,s71;O16:-2.33,0.37,s60;O17:-0.17,-0.35,s48;O18:0.55,0.91,s44;O19:0.37,0.55,s40;O20:0.73,0.91,s36;O21:-2.33,-0.71,s31;O22:-0.71,-0.89,s29;O23:0.73,0.73,s25;O24:-0.35,-0.53,s19;O25:0.73,1.09,s10;O26:0.55,1.09,s9;O27:-2.33,0.73,s2","O1:-0.89,-0.89,s215;O2:-2.33,-0.53,s193;O3:-0.89,-1.25,s174;O4:0.37,0.91,s169;O5:-0.89,-1.07,s156;O6:-2.33,0.19,s149;O7:-2.33,0.01,s137;O8:-2.33,-0.17,s135;O9:-2.33,-0.35,s125;O10:0.37,0.73,s98;O11:-0.71,-1.25,s93;O12:-0.35,-0.35,s84;O13:-0.53,-1.25,s80;O14:-2.33,0.55,s75;O15:-0.53,-0.89,s71;O16:-2.33,0.37,s60;O17:-0.17,-0.35,s48;O18:0.55,0.91,s44;O19:0.37,0.55,s40;O20:0.73,0.91,s36;O21:-2.33,-0.71,s31;O22:-0.71,-0.89,s29;O23:0.73,0.73,s25;O24:-0.35,-0.53,s19;O25:0.73,1.09,s10;O26:0.55,1.09,s9;O27:-2.33,0.73,s2",RUNNING,UNKNOWN_MAP_SLAM_AVOIDANCE,unknown_map;frontier_targets;static_unknown_obstacles;dynamic_wandering_robot;costmap;slam_path_planning;obstacle_avoidance,P2_Wanderer,dynamic_wandering_robot,89.15505,89.15505,1.39755,-1.12851,1,0,1,14,6,32,27,2346,27,2346,1.39755,-1.12851,2.39118,1.39755,-1.12851,2.39118
64.5,PID,HECTOR_GRID_MATCHING,HECTOR_SCAN_MATCHING_GRID,landmarks,task3,TO_WS2_DELIVER_T2,AVOIDING,DIRECT,T2,WS2,1.13585,1.4859,-0.5311,1.124,1.485,-0.48,0.01616,0.04624,2.12,-1.1,2.78526,0.47677,0.00961,82.25004,NORMAL,2,0,0,0,27,2354,30,27,112,2354,0.20977,0.88522,0,0,2.12,-1.1,0,0,0.55,-1.24186,20.12006,"O1:-0.89,-0.89,s215;O2:-2.33,-0.53,s193;O3:-0.89,-1.25,s174;O4:0.37,0.91,s170;O5:-0.89,-1.07,s156;O6:-2.33,0.19,s149;O7:-2.33,0.01,s137;O8:-2.33,-0.17,s135;O9:-2.33,-0.35,s125;O10:0.37,0.73,s98;O11:-0.71,-1.25,s93;O12:-0.35,-0.35,s84;O13:-0.53,-1.25,s80;O14:-2.33,0.55,s75;O15:-0.53,-0.89,s71;O16:-2.33,0.37,s60;O17:-0.17,-0.35,s48;O18:0.55,0.91,s44;O19:0.37,0.55,s40;O20:0.73,0.91,s38;O21:-2.33,-0.71,s31;O22:-0.71,-0.89,s29;O23:0.73,0.73,s28;O24:-0.35,-0.53,s19;O25:0.73,1.09,s11;O26:0.55,1.09,s9;O27:-2.33,0.73,s2","O1:-0.89,-0.89,s215;O2:-2.33,-0.53,s193;O3:-0.89,-1.25,s174;O4:0.37,0.91,s170;O5:-0.89,-1.07,s156;O6:-2.33,0.19,s149;O7:-2.33,0.01,s137;O8:-2.33,-0.17,s135;O9:-2.33,-0.35,s125;O10:0.37,0.73,s98;O11:-0.71,-1.25,s93;O12:-0.35,-0.35,s84;O13:-0.53,-1.25,s80;O14:-2.33,0.55,s75;O15:-0.53,-0.89,s71;O16:-2.33,0.37,s60;O17:-0.17,-0.35,s48;O18:0.55,0.91,s44;O19:0.37,0.55,s40;O20:0.73,0.91,s38;O21:-2.33,-0.71,s31;O22:-0.71,-0.89,s29;O23:0.73,0.73,s28;O24:-0.35,-0.53,s19;O25:0.73,1.09,s11;O26:0.55,1.09,s9;O27:-2.33,0.73,s2",RUNNING,UNKNOWN_MAP_SLAM_AVOIDANCE,unknown_map;frontier_targets;static_unknown_obstacles;dynamic_wandering_robot;costmap;slam_path_planning;obstacle_avoidance,P2_Wanderer,dynamic_wandering_robot,89.18541,89.18541,1.37561,-1.10805,1,0,1,14,6,32,27,2354,27,2354,1.37561,-1.10805,2.39118,1.37561,-1.10805,2.39118
64.65,PID,HECTOR_GRID_MATCHING,HECTOR_SCAN_MATCHING_GRID,landmarks,task3,TO_WS2_DELIVER_T2,AVOIDING,DIRECT,T2,WS2,1.20448,1.44625,-0.69567,1.194,1.439,-0.648,0.02455,0.04387,2.12,-1.1,2.72747,0.50045,0.00947,82.13707,NORMAL,2,0,0,0,27,2360,30,27,113,2360,0.20572,0.88522,0,0,2.12,-1.1,0,0,0.55,-0.9864,20.18392,"O1:-0.89,-0.89,s215;O2:-2.33,-0.53,s193;O3:-0.89,-1.25,s174;O4:0.37,0.91,s170;O5:-0.89,-1.07,s156;O6:-2.33,0.19,s149;O7:-2.33,0.01,s137;O8:-2.33,-0.17,s135;O9:-2.33,-0.35,s125;O10:0.37,0.73,s98;O11:-0.71,-1.25,s93;O12:-0.35,-0.35,s84;O13:-0.53,-1.25,s80;O14:-2.33,0.55,s75;O15:-0.53,-0.89,s71;O16:-2.33,0.37,s60;O17:-0.17,-0.35,s48;O18:0.55,0.91,s44;O19:0.73,0.91,s42;O20:0.37,0.55,s40;O21:-2.33,-0.71,s31;O22:0.73,0.73,s30;O23:-0.71,-0.89,s29;O24:-0.35,-0.53,s19;O25:0.73,1.09,s11;O26:0.55,1.09,s9;O27:-2.33,0.73,s2","O1:-0.89,-0.89,s215;O2:-2.33,-0.53,s193;O3:-0.89,-1.25,s174;O4:0.37,0.91,s170;O5:-0.89,-1.07,s156;O6:-2.33,0.19,s149;O7:-2.33,0.01,s137;O8:-2.33,-0.17,s135;O9:-2.33,-0.35,s125;O10:0.37,0.73,s98;O11:-0.71,-1.25,s93;O12:-0.35,-0.35,s84;O13:-0.53,-1.25,s80;O14:-2.33,0.55,s75;O15:-0.53,-0.89,s71;O16:-2.33,0.37,s60;O17:-0.17,-0.35,s48;O18:0.55,0.91,s44;O19:0.73,0.91,s42;O20:0.37,0.55,s40;O21:-2.33,-0.71,s31;O22:0.73,0.73,s30;O23:-0.71,-0.89,s29;O24:-0.35,-0.53,s19;O25:0.73,1.09,s11;O26:0.55,1.09,s9;O27:-2.33,0.73,s2",RUNNING,UNKNOWN_MAP_SLAM_AVOIDANCE,unknown_map;frontier_targets;static_unknown_obstacles;dynamic_wandering_robot;costmap;slam_path_planning;obstacle_avoidance,P2_Wanderer,dynamic_wandering_robot,89.20809,89.20809,1.35366,-1.08759,1,0,1,14,6,32,27,2360,27,2360,1.35366,-1.08759,2.39118,1.35366,-1.08759,2.39118
64.8,PID,HECTOR_GRID_MATCHING,HECTOR_SCAN_MATCHING_GRID,landmarks,task3,TO_WS2_DELIVER_T2,AVOIDING,DIRECT,T2,WS2,1.26615,1.39536,-0.82217,1.244,1.395,-0.786,0.01799,0.04112,2.12,-1.1,2.66112,0.51532,0.01123,82.02543,NORMAL,2,0,0,0,27,2366,30,27,113,2366,0.20378,0.88522,0,0,2.12,-1.1,0,0,0.55,-0.76281,20.23982,"O1:-0.89,-0.89,s215;O2:-2.33,-0.53,s193;O3:-0.89,-1.25,s174;O4:0.37,0.91,s170;O5:-0.89,-1.07,s156;O6:-2.33,0.19,s149;O7:-2.33,0.01,s137;O8:-2.33,-0.17,s135;O9:-2.33,-0.35,s125;O10:0.37,0.73,s98;O11:-0.71,-1.25,s93;O12:-0.35,-0.35,s84;O13:-0.53,-1.25,s80;O14:-2.33,0.55,s75;O15:-0.53,-0.89,s71;O16:-2.33,0.37,s60;O17:0.73,0.91,s48;O18:-0.17,-0.35,s48;O19:0.55,0.91,s44;O20:0.37,0.55,s40;O21:-2.33,-0.71,s31;O22:0.73,0.73,s30;O23:-0.71,-0.89,s29;O24:-0.35,-0.53,s19;O25:0.73,1.09,s11;O26:0.55,1.09,s9;O27:-2.33,0.73,s2","O1:-0.89,-0.89,s215;O2:-2.33,-0.53,s193;O3:-0.89,-1.25,s174;O4:0.37,0.91,s170;O5:-0.89,-1.07,s156;O6:-2.33,0.19,s149;O7:-2.33,0.01,s137;O8:-2.33,-0.17,s135;O9:-2.33,-0.35,s125;O10:0.37,0.73,s98;O11:-0.71,-1.25,s93;O12:-0.35,-0.35,s84;O13:-0.53,-1.25,s80;O14:-2.33,0.55,s75;O15:-0.53,-0.89,s71;O16:-2.33,0.37,s60;O17:0.73,0.91,s48;O18:-0.17,-0.35,s48;O19:0.55,0.91,s44;O20:0.37,0.55,s40;O21:-2.33,-0.71,s31;O22:0.73,0.73,s30;O23:-0.71,-0.89,s29;O24:-0.35,-0.53,s19;O25:0.73,1.09,s11;O26:0.55,1.09,s9;O27:-2.33,0.73,s2",RUNNING,UNKNOWN_MAP_SLAM_AVOIDANCE,unknown_map;frontier_targets;static_unknown_obstacles;dynamic_wandering_robot;costmap;slam_path_planning;obstacle_avoidance,P2_Wanderer,dynamic_wandering_robot,89.23069,89.23069,1.33172,-1.06713,1,0,1,14,6,32,27,2366,27,2366,1.33172,-1.06713,2.39118,1.33172,-1.06713,2.39118
64.95,PID,HECTOR_GRID_MATCHING,HECTOR_SCAN_MATCHING_GRID,landmarks,task3,TO_WS2_DELIVER_T2,AVOIDING,DIRECT,T2,WS2,1.32114,1.3366,-0.92114,1.288,1.346,-0.889,0.01841,0.03849,2.12,-1.1,2.58931,0.52507,0.00751,81.91485,NORMAL,2,0,0,0,27,2372,30,27,113,2372,0.20378,0.88522,0,0,2.12,-1.1,0,0,0.55,-0.60801,20.27852,"O1:-0.89,-0.89,s215;O2:-2.33,-0.53,s193;O3:-0.89,-1.25,s174;O4:0.37,0.91,s170;O5:-0.89,-1.07,s156;O6:-2.33,0.19,s149;O7:-2.33,0.01,s137;O8:-2.33,-0.17,s135;O9:-2.33,-0.35,s125;O10:0.37,0.73,s98;O11:-0.71,-1.25,s93;O12:-0.35,-0.35,s84;O13:-0.53,-1.25,s80;O14:-2.33,0.55,s75;O15:-0.53,-0.89,s71;O16:-2.33,0.37,s60;O17:0.73,0.91,s54;O18:-0.17,-0.35,s48;O19:0.55,0.91,s44;O20:0.37,0.55,s40;O21:-2.33,-0.71,s31;O22:0.73,0.73,s30;O23:-0.71,-0.89,s29;O24:-0.35,-0.53,s19;O25:0.73,1.09,s11;O26:0.55,1.09,s9;O27:-2.33,0.73,s2","O1:-0.89,-0.89,s215;O2:-2.33,-0.53,s193;O3:-0.89,-1.25,s174;O4:0.37,0.91,s170;O5:-0.89,-1.07,s156;O6:-2.33,0.19,s149;O7:-2.33,0.01,s137;O8:-2.33,-0.17,s135;O9:-2.33,-0.35,s125;O10:0.37,0.73,s98;O11:-0.71,-1.25,s93;O12:-0.35,-0.35,s84;O13:-0.53,-1.25,s80;O14:-2.33,0.55,s75;O15:-0.53,-0.89,s71;O16:-2.33,0.37,s60;O17:0.73,0.91,s54;O18:-0.17,-0.35,s48;O19:0.55,0.91,s44;O20:0.37,0.55,s40;O21:-2.33,-0.71,s31;O22:0.73,0.73,s30;O23:-0.71,-0.89,s29;O24:-0.35,-0.53,s19;O25:0.73,1.09,s11;O26:0.55,1.09,s9;O27:-2.33,0.73,s2",RUNNING,UNKNOWN_MAP_SLAM_AVOIDANCE,unknown_map;frontier_targets;static_unknown_obstacles;dynamic_wandering_robot;costmap;slam_path_planning;obstacle_avoidance,P2_Wanderer,dynamic_wandering_robot,89.25321,89.25321,1.30978,-1.04668,1,0,1,14,6,32,27,2372,27,2372,1.30978,-1.04668,2.39118,1.30978,-1.04668,2.39118
65.1,PID,HECTOR_GRID_MATCHING,HECTOR_SCAN_MATCHING_GRID,landmarks,task3,TO_WS2_DELIVER_T2,AVOIDING,DIRECT,T2,WS2,1.37027,1.27237,-0.99906,1.342,1.279,-0.975,0.01981,0.03622,2.12,-1.1,2.51399,0.53342,0.00351,81.80504,NORMAL,2,0,0,0,27,2378,30,27,115,2378,0.20815,0.88522,0,0,2.12,-1.1,0,0,0.55,-0.48503,20.30926,"O1:-0.89,-0.89,s215;O2:-2.33,-0.53,s193;O3:-0.89,-1.25,s174;O4:0.37,0.91,s170;O5:-0.89,-1.07,s156;O6:-2.33,0.19,s149;O7:-2.33,0.01,s137;O8:-2.33,-0.17,s135;O9:-2.33,-0.35,s125;O10:0.37,0.73,s98;O11:-0.71,-1.25,s93;O12:-0.35,-0.35,s84;O13:-0.53,-1.25,s80;O14:-2.33,0.55,s75;O15:-0.53,-0.89,s71;O16:0.73,0.91,s60;O17:-2.33,0.37,s60;O18:-0.17,-0.35,s48;O19:0.55,0.91,s44;O20:0.37,0.55,s40;O21:-2.33,-0.71,s31;O22:0.73,0.73,s30;O23:-0.71,-0.89,s29;O24:-0.35,-0.53,s19;O25:0.73,1.09,s11;O26:0.55,1.09,s9;O27:-2.33,0.73,s2","O1:-0.89,-0.89,s215;O2:-2.33,-0.53,s193;O3:-0.89,-1.25,s174;O4:0.37,0.91,s170;O5:-0.89,-1.07,s156;O6:-2.33,0.19,s149;O7:-2.33,0.01,s137;O8:-2.33,-0.17,s135;O9:-2.33,-0.35,s125;O10:0.37,0.73,s98;O11:-0.71,-1.25,s93;O12:-0.35,-0.35,s84;O13:-0.53,-1.25,s80;O14:-2.33,0.55,s75;O15:-0.53,-0.89,s71;O16:0.73,0.91,s60;O17:-2.33,0.37,s60;O18:-0.17,-0.35,s48;O19:0.55,0.91,s44;O20:0.37,0.55,s40;O21:-2.33,-0.71,s31;O22:0.73,0.73,s30;O23:-0.71,-0.89,s29;O24:-0.35,-0.53,s19;O25:0.73,1.09,s11;O26:0.55,1.09,s9;O27:-2.33,0.73,s2",RUNNING,UNKNOWN_MAP_SLAM_AVOIDANCE,unknown_map;frontier_targets;static_unknown_obstacles;dynamic_wandering_robot;costmap;slam_path_planning;obstacle_avoidance,P2_Wanderer,dynamic_wandering_robot,89.27567,89.27567,1.28784,-1.02622,1,0,1,14,6,32,27,2378,27,2378,1.28784,-1.02622,2.39118,1.28784,-1.02622,2.39118
65.25,PID,HECTOR_GRID_MATCHING,HECTOR_SCAN_MATCHING_GRID,landmarks,task3,TO_WS2_DELIVER_T2,AVOIDING,DIRECT,T2,WS2,1.41436,1.20417,-1.0612,1.395,1.215,-1.049,0.01322,0.03438,2.12,-1.1,2.43637,0.54312,0.00277,81.69581,NORMAL,2,0,0,0,27,2384,30,27,115,2384,0.20692,0.88522,0,0,2.12,-1.1,0,0,0.55,-0.37557,20.33663,"O1:-0.89,-0.89,s215;O2:-2.33,-0.53,s193;O3:-0.89,-1.25,s174;O4:0.37,0.91,s170;O5:-0.89,-1.07,s156;O6:-2.33,0.19,s149;O7:-2.33,0.01,s137;O8:-2.33,-0.17,s135;O9:-2.33,-0.35,s125;O10:0.37,0.73,s98;O11:-0.71,-1.25,s93;O12:-0.35,-0.35,s84;O13:-0.53,-1.25,s80;O14:-2.33,0.55,s75;O15:-0.53,-0.89,s71;O16:0.73,0.91,s66;O17:-2.33,0.37,s60;O18:-0.17,-0.35,s48;O19:0.55,0.91,s44;O20:0.37,0.55,s40;O21:-2.33,-0.71,s31;O22:0.73,0.73,s30;O23:-0.71,-0.89,s29;O24:-0.35,-0.53,s19;O25:0.73,1.09,s11;O26:0.55,1.09,s9;O27:-2.33,0.73,s2","O1:-0.89,-0.89,s215;O2:-2.33,-0.53,s193;O3:-0.89,-1.25,s174;O4:0.37,0.91,s170;O5:-0.89,-1.07,s156;O6:-2.33,0.19,s149;O7:-2.33,0.01,s137;O8:-2.33,-0.17,s135;O9:-2.33,-0.35,s125;O10:0.37,0.73,s98;O11:-0.71,-1.25,s93;O12:-0.35,-0.35,s84;O13:-0.53,-1.25,s80;O14:-2.33,0.55,s75;O15:-0.53,-0.89,s71;O16:0.73,0.91,s66;O17:-2.33,0.37,s60;O18:-0.17,-0.35,s48;O19:0.55,0.91,s44;O20:0.37,0.55,s40;O21:-2.33,-0.71,s31;O22:0.73,0.73,s30;O23:-0.71,-0.89,s29;O24:-0.35,-0.53,s19;O25:0.73,1.09,s11;O26:0.55,1.09,s9;O27:-2.33,0.73,s2",RUNNING,UNKNOWN_MAP_SLAM_AVOIDANCE,unknown_map;frontier_targets;static_unknown_obstacles;dynamic_wandering_robot;costmap;slam_path_planning;obstacle_avoidance,P2_Wanderer,dynamic_wandering_robot,89.29804,89.29804,1.2659,-1.00576,1,0,1,14,6,32,27,2384,27,2384,1.2659,-1.00576,2.39118,1.2659,-1.00576,2.39118
65.4,PID,HECTOR_GRID_MATCHING,HECTOR_SCAN_MATCHING_GRID,landmarks,task3,TO_WS2_DELIVER_T2,AVOIDING,DIRECT,T2,WS2,1.45418,1.1332,-1.11432,1.437,1.153,-1.089,0.00601,0.03296,2.12,-1.1,2.35724,0.55621,0.00191,81.587,NORMAL,2,0,0,0,27,2390,30,27,116,2390,0.20571,0.88522,0,0,2.12,-1.1,0,0,0.55,-0.33013,20.35144,"O1:-0.89,-0.89,s215;O2:-2.33,-0.53,s193;O3:-0.89,-1.25,s174;O4:0.37,0.91,s170;O5:-0.89,-1.07,s156;O6:-2.33,0.19,s149;O7:-2.33,0.01,s137;O8:-2.33,-0.17,s135;O9:-2.33,-0.35,s125;O10:0.37,0.73,s98;O11:-0.71,-1.25,s93;O12:-0.35,-0.35,s84;O13:-0.53,-1.25,s80;O14:-2.33,0.55,s75;O15:0.73,0.91,s72;O16:-0.53,-0.89,s71;O17:-2.33,0.37,s60;O18:-0.17,-0.35,s48;O19:0.55,0.91,s44;O20:0.37,0.55,s40;O21:-2.33,-0.71,s31;O22:0.73,0.73,s30;O23:-0.71,-0.89,s29;O24:-0.35,-0.53,s19;O25:0.73,1.09,s11;O26:0.55,1.09,s9;O27:-2.33,0.73,s2","O1:-0.89,-0.89,s215;O2:-2.33,-0.53,s193;O3:-0.89,-1.25,s174;O4:0.37,0.91,s170;O5:-0.89,-1.07,s156;O6:-2.33,0.19,s149;O7:-2.33,0.01,s137;O8:-2.33,-0.17,s135;O9:-2.33,-0.35,s125;O10:0.37,0.73,s98;O11:-0.71,-1.25,s93;O12:-0.35,-0.35,s84;O13:-0.53,-1.25,s80;O14:-2.33,0.55,s75;O15:0.73,0.91,s72;O16:-0.53,-0.89,s71;O17:-2.33,0.37,s60;O18:-0.17,-0.35,s48;O19:0.55,0.91,s44;O20:0.37,0.55,s40;O21:-2.33,-0.71,s31;O22:0.73,0.73,s30;O23:-0.71,-0.89,s29;O24:-0.35,-0.53,s19;O25:0.73,1.09,s11;O26:0.55,1.09,s9;O27:-2.33,0.73,s2",RUNNING,UNKNOWN_MAP_SLAM_AVOIDANCE,unknown_map;frontier_targets;static_unknown_obstacles;dynamic_wandering_robot;costmap;slam_path_planning;obstacle_avoidance,P2_Wanderer,dynamic_wandering_robot,89.32035,89.32035,1.24395,-0.9853,1,0,1,14,6,32,27,2390,27,2390,1.24395,-0.9853,2.39118,1.24395,-0.9853,2.39118
65.55,PID,HECTOR_GRID_MATCHING,HECTOR_SCAN_MATCHING_GRID,landmarks,task3,TO_WS2_DELIVER_T2,AVOIDING,DIRECT,T2,WS2,1.49025,1.06,-1.15405,1.476,1.08,-1.146,0.00536,0.0319,2.12,-1.1,2.27717,0.57383,0.001,81.47857,NORMAL,2,0,0,0,27,2396,30,27,117,2396,0.20718,0.88522,0,0,2.12,-1.1,0,0,0.55,-0.23445,20.37536,"O1:-0.89,-0.89,s215;O2:-2.33,-0.53,s193;O3:-0.89,-1.25,s174;O4:0.37,0.91,s170;O5:-0.89,-1.07,s156;O6:-2.33,0.19,s149;O7:-2.33,0.01,s137;O8:-2.33,-0.17,s135;O9:-2.33,-0.35,s125;O10:0.37,0.73,s98;O11:-0.71,-1.25,s93;O12:-0.35,-0.35,s84;O13:-0.53,-1.25,s80;O14:0.73,0.91,s77;O15:-2.33,0.55,s75;O16:-0.53,-0.89,s71;O17:-2.33,0.37,s60;O18:-0.17,-0.35,s48;O19:0.55,0.91,s44;O20:0.37,0.55,s40;O21:0.73,0.73,s31;O22:-2.33,-0.71,s31;O23:-0.71,-0.89,s29;O24:-0.35,-0.53,s19;O25:0.73,1.09,s11;O26:0.55,1.09,s9;O27:-2.33,0.73,s2","O1:-0.89,-0.89,s215;O2:-2.33,-0.53,s193;O3:-0.89,-1.25,s174;O4:0.37,0.91,s170;O5:-0.89,-1.07,s156;O6:-2.33,0.19,s149;O7:-2.33,0.01,s137;O8:-2.33,-0.17,s135;O9:-2.33,-0.35,s125;O10:0.37,0.73,s98;O11:-0.71,-1.25,s93;O12:-0.35,-0.35,s84;O13:-0.53,-1.25,s80;O14:0.73,0.91,s77;O15:-2.33,0.55,s75;O16:-0.53,-0.89,s71;O17:-2.33,0.37,s60;O18:-0.17,-0.35,s48;O19:0.55,0.91,s44;O20:0.37,0.55,s40;O21:0.73,0.73,s31;O22:-2.33,-0.71,s31;O23:-0.71,-0.89,s29;O24:-0.35,-0.53,s19;O25:0.73,1.09,s11;O26:0.55,1.09,s9;O27:-2.33,0.73,s2",RUNNING,UNKNOWN_MAP_SLAM_AVOIDANCE,unknown_map;frontier_targets;static_unknown_obstacles;dynamic_wandering_robot;costmap;slam_path_planning;obstacle_avoidance,P2_Wanderer,dynamic_wandering_robot,89.34257,89.34257,1.22201,-0.96484,1,0,1,14,6,32,27,2396,27,2396,1.22201,-0.96484,2.39118,1.22201,-0.96484,2.39118
65.7,PID,HECTOR_GRID_MATCHING,HECTOR_SCAN_MATCHING_GRID,landmarks,task3,TO_WS2_DELIVER_T2,AVOIDING,DIRECT,T2,WS2,1.52344,0.98512,-1.18446,1.504,1.012,-1.179,0.00871,0.0311,2.12,-1.1,2.19625,0.59962,0.00019,81.37055,NORMAL,2,0,0,0,27,2402,30,27,119,2402,0.21457,0.88522,0,0,2.12,-1.1,0,0,0.55,-0.18989,20.38737,"O1:-0.89,-0.89,s215;O2:-2.33,-0.53,s193;O3:-0.89,-1.25,s174;O4:0.37,0.91,s170;O5:-0.89,-1.07,s156;O6:-2.33,0.19,s149;O7:-2.33,0.01,s137;O8:-2.33,-0.17,s135;O9:-2.33,-0.35,s125;O10:0.37,0.73,s98;O11:-0.71,-1.25,s93;O12:-0.35,-0.35,s84;O13:0.73,0.91,s80;O14:-0.53,-1.25,s80;O15:-2.33,0.55,s75;O16:-0.53,-0.89,s71;O17:-2.33,0.37,s60;O18:-0.17,-0.35,s48;O19:0.55,0.91,s44;O20:0.37,0.55,s40;O21:0.73,0.73,s34;O22:-2.33,-0.71,s31;O23:-0.71,-0.89,s29;O24:-0.35,-0.53,s19;O25:0.73,1.09,s11;O26:0.55,1.09,s9;O27:-2.33,0.73,s2","O1:-0.89,-0.89,s215;O2:-2.33,-0.53,s193;O3:-0.89,-1.25,s174;O4:0.37,0.91,s170;O5:-0.89,-1.07,s156;O6:-2.33,0.19,s149;O7:-2.33,0.01,s137;O8:-2.33,-0.17,s135;O9:-2.33,-0.35,s125;O10:0.37,0.73,s98;O11:-0.71,-1.25,s93;O12:-0.35,-0.35,s84;O13:0.73,0.91,s80;O14:-0.53,-1.25,s80;O15:-2.33,0.55,s75;O16:-0.53,-0.89,s71;O17:-2.33,0.37,s60;O18:-0.17,-0.35,s48;O19:0.55,0.91,s44;O20:0.37,0.55,s40;O21:0.73,0.73,s34;O22:-2.33,-0.71,s31;O23:-0.71,-0.89,s29;O24:-0.35,-0.53,s19;O25:0.73,1.09,s11;O26:0.55,1.09,s9;O27:-2.33,0.73,s2",RUNNING,UNKNOWN_MAP_SLAM_AVOIDANCE,unknown_map;frontier_targets;static_unknown_obstacles;dynamic_wandering_robot;costmap;slam_path_planning;obstacle_avoidance,P2_Wanderer,dynamic_wandering_robot,89.36473,89.36473,1.20007,-0.94439,1,0,1,14,6,32,27,2402,27,2402,1.20007,-0.94439,2.39118,1.20007,-0.94439,2.39118
65.85,PID,HECTOR_GRID_MATCHING,HECTOR_SCAN_MATCHING_GRID,landmarks,task3,TO_WS2_DELIVER_T2,ROUTE,DIRECT,T2,WS2,1.55445,0.90922,-1.20924,1.536,0.939,-1.196,0.0089,0.03058,2.12,-1.1,2.1148,0.6307,0.0,81.26279,NORMAL,2,0,0,0,27,2408,30,27,121,2408,0.21204,0.88522,0,0,2.12,-1.1,0,0,0.55,-0.17984,20.40441,"O1:-0.89,-0.89,s215;O2:-2.33,-0.53,s193;O3:-0.89,-1.25,s174;O4:0.37,0.91,s170;O5:-0.89,-1.07,s156;O6:-2.33,0.19,s149;O7:-2.33,0.01,s137;O8:-2.33,-0.17,s135;O9:-2.33,-0.35,s125;O10:0.37,0.73,s98;O11:-0.71,-1.25,s93;O12:-0.35,-0.35,s84;O13:0.73,0.91,s83;O14:-0.53,-1.25,s80;O15:-2.33,0.55,s75;O16:-0.53,-0.89,s71;O17:-2.33,0.37,s60;O18:-0.17,-0.35,s48;O19:0.55,0.91,s44;O20:0.37,0.55,s40;O21:0.73,0.73,s37;O22:-2.33,-0.71,s31;O23:-0.71,-0.89,s29;O24:-0.35,-0.53,s19;O25:0.73,1.09,s11;O26:0.55,1.09,s9;O27:-2.33,0.73,s2","O1:-0.89,-0.89,s215;O2:-2.33,-0.53,s193;O3:-0.89,-1.25,s174;O4:0.37,0.91,s170;O5:-0.89,-1.07,s156;O6:-2.33,0.19,s149;O7:-2.33,0.01,s137;O8:-2.33,-0.17,s135;O9:-2.33,-0.35,s125;O10:0.37,0.73,s98;O11:-0.71,-1.25,s93;O12:-0.35,-0.35,s84;O13:0.73,0.91,s83;O14:-0.53,-1.25,s80;O15:-2.33,0.55,s75;O16:-0.53,-0.89,s71;O17:-2.33,0.37,s60;O18:-0.17,-0.35,s48;O19:0.55,0.91,s44;O20:0.37,0.55,s40;O21:0.73,0.73,s37;O22:-2.33,-0.71,s31;O23:-0.71,-0.89,s29;O24:-0.35,-0.53,s19;O25:0.73,1.09,s11;O26:0.55,1.09,s9;O27:-2.33,0.73,s2",RUNNING,UNKNOWN_MAP_SLAM_AVOIDANCE,unknown_map;frontier_targets;static_unknown_obstacles;dynamic_wandering_robot;costmap;slam_path_planning;obstacle_avoidance,P2_Wanderer,dynamic_wandering_robot,89.38681,89.38681,1.17813,-0.92393,1,0,1,14,6,32,27,2408,27,2408,1.17813,-0.92393,2.39118,1.17813,-0.92393,2.39118
66.0,PID,HECTOR_GRID_MATCHING,HECTOR_SCAN_MATCHING_GRID,landmarks,task3,TO_WS2_DELIVER_T2,ROUTE,DIRECT,T2,WS2,1.58349,0.83251,-1.22937,1.572,0.86,-1.23,0.00272,0.03035,2.12,-1.1,2.03326,0.66012,0.0,81.1551,NORMAL,2,0,0,0,27,2413,30,27,121,2413,0.21088,0.88522,0,0,2.12,-1.1,0,0,0.55,-0.11624,20.42031,"O1:-0.89,-0.89,s215;O2:-2.33,-0.53,s193;O3:-0.89,-1.25,s174;O4:0.37,0.91,s170;O5:-0.89,-1.07,s156;O6:-2.33,0.19,s149;O7:-2.33,0.01,s137;O8:-2.33,-0.17,s135;O9:-2.33,-0.35,s125;O10:0.37,0.73,s98;O11:-0.71,-1.25,s93;O12:0.73,0.91,s86;O13:-0.35,-0.35,s84;O14:-0.53,-1.25,s80;O15:-2.33,0.55,s75;O16:-0.53,-0.89,s71;O17:-2.33,0.37,s60;O18:-0.17,-0.35,s48;O19:0.55,0.91,s44;O20:0.37,0.55,s40;O21:0.73,0.73,s40;O22:-2.33,-0.71,s31;O23:-0.71,-0.89,s29;O24:-0.35,-0.53,s19;O25:0.73,1.09,s11;O26:0.55,1.09,s9;O27:-2.33,0.73,s2","O1:-0.89,-0.89,s215;O2:-2.33,-0.53,s193;O3:-0.89,-1.25,s174;O4:0.37,0.91,s170;O5:-0.89,-1.07,s156;O6:-2.33,0.19,s149;O7:-2.33,0.01,s137;O8:-2.33,-0.17,s135;O9:-2.33,-0.35,s125;O10:0.37,0.73,s98;O11:-0.71,-1.25,s93;O12:0.73,0.91,s86;O13:-0.35,-0.35,s84;O14:-0.53,-1.25,s80;O15:-2.33,0.55,s75;O16:-0.53,-0.89,s71;O17:-2.33,0.37,s60;O18:-0.17,-0.35,s48;O19:0.55,0.91,s44;O20:0.37,0.55,s40;O21:0.73,0.73,s40;O22:-2.33,-0.71,s31;O23:-0.71,-0.89,s29;O24:-0.35,-0.53,s19;O25:0.73,1.09,s11;O26:0.55,1.09,s9;O27:-2.33,0.73,s2",RUNNING,UNKNOWN_MAP_SLAM_AVOIDANCE,unknown_map;frontier_targets;static_unknown_obstacles;dynamic_wandering_robot;costmap;slam_path_planning;obstacle_avoidance,P2_Wanderer,dynamic_wandering_robot,89.40515,89.40515,1.15618,-0.90347,1,0,1,14,6,32,27,2413,27,2413,1.15618,-0.90347,2.39118,1.15618,-0.90347,2.39118
66.15,PID,HECTOR_GRID_MATCHING,HECTOR_SCAN_MATCHING_GRID,landmarks,task3,TO_WS2_DELIVER_T2,ROUTE,DIRECT,T2,WS2,1.61104,0.75504,-1.24349,1.598,0.782,-1.249,0.00427,0.0302,2.12,-1.1,1.95128,0.68814,0.0,81.04769,NORMAL,2,0,0,0,27,2417,30,27,123,2417,0.21117,0.88522,0,0,2.12,-1.1,0,0,0.55,-0.09069,20.4267,"O1:-0.89,-0.89,s215;O2:-2.33,-0.53,s193;O3:-0.89,-1.25,s174;O4:0.37,0.91,s170;O5:-0.89,-1.07,s156;O6:-2.33,0.19,s149;O7:-2.33,0.01,s137;O8:-2.33,-0.17,s135;O9:-2.33,-0.35,s125;O10:0.37,0.73,s98;O11:-0.71,-1.25,s93;O12:0.73,0.91,s88;O13:-0.35,-0.35,s84;O14:-0.53,-1.25,s80;O15:-2.33,0.55,s75;O16:-0.53,-0.89,s71;O17:-2.33,0.37,s60;O18:-0.17,-0.35,s48;O19:0.55,0.91,s44;O20:0.73,0.73,s41;O21:0.37,0.55,s40;O22:-2.33,-0.71,s31;O23:-0.71,-0.89,s29;O24:-0.35,-0.53,s19;O25:0.73,1.09,s11;O26:0.55,1.09,s9;O27:-2.33,0.73,s2","O1:-0.89,-0.89,s215;O2:-2.33,-0.53,s193;O3:-0.89,-1.25,s174;O4:0.37,0.91,s170;O5:-0.89,-1.07,s156;O6:-2.33,0.19,s149;O7:-2.33,0.01,s137;O8:-2.33,-0.17,s135;O9:-2.33,-0.35,s125;O10:0.37,0.73,s98;O11:-0.71,-1.25,s93;O12:0.73,0.91,s88;O13:-0.35,-0.35,s84;O14:-0.53,-1.25,s80;O15:-2.33,0.55,s75;O16:-0.53,-0.89,s71;O17:-2.33,0.37,s60;O18:-0.17,-0.35,s48;O19:0.55,0.91,s44;O20:0.73,0.73,s41;O21:0.37,0.55,s40;O22:-2.33,-0.71,s31;O23:-0.71,-0.89,s29;O24:-0.35,-0.53,s19;O25:0.73,1.09,s11;O26:0.55,1.09,s9;O27:-2.33,0.73,s2",RUNNING,UNKNOWN_MAP_SLAM_AVOIDANCE,unknown_map;frontier_targets;static_unknown_obstacles;dynamic_wandering_robot;costmap;slam_path_planning;obstacle_avoidance,P2_Wanderer,dynamic_wandering_robot,89.41979,89.41979,1.13424,-0.88301,1,0,1,14,6,32,27,2417,27,2417,1.13424,-0.88301,2.39118,1.13424,-0.88301,2.39118
66.3,PID,HECTOR_GRID_MATCHING,HECTOR_SCAN_MATCHING_GRID,landmarks,task3,TO_WS2_DELIVER_T2,ROUTE,DIRECT,T2,WS2,1.63748,0.67726,-1.25762,1.63,0.719,-1.258,0.01583,0.03027,2.12,-1.1,1.86928,0.71508,0.0,80.94032,NORMAL,2,0,0,0,27,2423,30,27,124,2423,0.2059,0.88522,0,0,2.12,-1.1,0,0,0.55,-0.09078,20.42964,"O1:-0.89,-0.89,s215;O2:-2.33,-0.53,s193;O3:-0.89,-1.25,s174;O4:0.37,0.91,s170;O5:-0.89,-1.07,s156;O6:-2.33,0.19,s149;O7:-2.33,0.01,s137;O8:-2.33,-0.17,s135;O9:-2.33,-0.35,s125;O10:0.37,0.73,s98;O11:-0.71,-1.25,s93;O12:0.73,0.91,s91;O13:-0.35,-0.35,s84;O14:-0.53,-1.25,s80;O15:-2.33,0.55,s75;O16:-0.53,-0.89,s71;O17:-2.33,0.37,s60;O18:-0.17,-0.35,s48;O19:0.73,0.73,s44;O20:0.55,0.91,s44;O21:0.37,0.55,s40;O22:-2.33,-0.71,s31;O23:-0.71,-0.89,s29;O24:-0.35,-0.53,s19;O25:0.73,1.09,s11;O26:0.55,1.09,s9;O27:-2.33,0.73,s2","O1:-0.89,-0.89,s215;O2:-2.33,-0.53,s193;O3:-0.89,-1.25,s174;O4:0.37,0.91,s170;O5:-0.89,-1.07,s156;O6:-2.33,0.19,s149;O7:-2.33,0.01,s137;O8:-2.33,-0.17,s135;O9:-2.33,-0.35,s125;O10:0.37,0.73,s98;O11:-0.71,-1.25,s93;O12:0.73,0.91,s91;O13:-0.35,-0.35,s84;O14:-0.53,-1.25,s80;O15:-2.33,0.55,s75;O16:-0.53,-0.89,s71;O17:-2.33,0.37,s60;O18:-0.17,-0.35,s48;O19:0.73,0.73,s44;O20:0.55,0.91,s44;O21:0.37,0.55,s40;O22:-2.33,-0.71,s31;O23:-0.71,-0.89,s29;O24:-0.35,-0.53,s19;O25:0.73,1.09,s11;O26:0.55,1.09,s9;O27:-2.33,0.73,s2",RUNNING,UNKNOWN_MAP_SLAM_AVOIDANCE,unknown_map;frontier_targets;static_unknown_obstacles;dynamic_wandering_robot;costmap;slam_path_planning;obstacle_avoidance,P2_Wanderer,dynamic_wandering_robot,89.44169,89.44169,1.1123,-0.86255,1,0,1,14,6,32,27,2423,27,2423,1.1123,-0.86255,2.39118,1.1123,-0.86255,2.39118
66.45,PID,HECTOR_GRID_MATCHING,HECTOR_SCAN_MATCHING_GRID,landmarks,task3,TO_WS2_DELIVER_T2,ROUTE,DIRECT,T2,WS2,1.66285,0.59902,-1.2689,1.652,0.632,-1.266,0.00739,0.03043,2.12,-1.1,1.78721,0.75027,0.0,80.83302,NORMAL,2,0,0,0,27,2428,30,27,124,2428,0.20205,0.88522,0,0,2.12,-1.1,0,0,0.55,-0.07265,20.43669,"O1:-0.89,-0.89,s215;O2:-2.33,-0.53,s193;O3:-0.89,-1.25,s174;O4:0.37,0.91,s170;O5:-0.89,-1.07,s156;O6:-2.33,0.19,s149;O7:-2.33,0.01,s137;O8:-2.33,-0.17,s135;O9:-2.33,-0.35,s125;O10:0.37,0.73,s98;O11:0.73,0.91,s94;O12:-0.71,-1.25,s93;O13:-0.35,-0.35,s84;O14:-0.53,-1.25,s80;O15:-2.33,0.55,s75;O16:-0.53,-0.89,s71;O17:-2.33,0.37,s60;O18:-0.17,-0.35,s48;O19:0.73,0.73,s47;O20:0.55,0.91,s44;O21:0.37,0.55,s40;O22:-2.33,-0.71,s31;O23:-0.71,-0.89,s29;O24:-0.35,-0.53,s19;O25:0.73,1.09,s11;O26:0.55,1.09,s9;O27:-2.33,0.73,s2","O1:-0.89,-0.89,s215;O2:-2.33,-0.53,s193;O3:-0.89,-1.25,s174;O4:0.37,0.91,s170;O5:-0.89,-1.07,s156;O6:-2.33,0.19,s149;O7:-2.33,0.01,s137;O8:-2.33,-0.17,s135;O9:-2.33,-0.35,s125;O10:0.37,0.73,s98;O11:0.73,0.91,s94;O12:-0.71,-1.25,s93;O13:-0.35,-0.35,s84;O14:-0.53,-1.25,s80;O15:-2.33,0.55,s75;O16:-0.53,-0.89,s71;O17:-2.33,0.37,s60;O18:-0.17,-0.35,s48;O19:0.73,0.73,s47;O20:0.55,0.91,s44;O21:0.37,0.55,s40;O22:-2.33,-0.71,s31;O23:-0.71,-0.89,s29;O24:-0.35,-0.53,s19;O25:0.73,1.09,s11;O26:0.55,1.09,s9;O27:-2.33,0.73,s2",RUNNING,UNKNOWN_MAP_SLAM_AVOIDANCE,unknown_map;frontier_targets;static_unknown_obstacles;dynamic_wandering_robot;costmap;slam_path_planning;obstacle_avoidance,P2_Wanderer,dynamic_wandering_robot,89.45988,89.45988,1.09036,-0.84209,1,0,1,14,6,32,27,2428,27,2428,1.09036,-0.84209,2.39118,1.09036,-0.84209,2.39118
66.6,PID,HECTOR_GRID_MATCHING,HECTOR_SCAN_MATCHING_GRID,landmarks,task3,TO_WS2_DELIVER_T2,ROUTE,DIRECT,T2,WS2,1.68735,0.52045,-1.27769,1.677,0.558,-1.276,0.01114,0.03068,2.12,-1.1,1.70501,0.77752,0.0,80.72582,NORMAL,2,0,0,0,27,2431,30,27,124,2431,0.20719,0.88522,0,0,2.12,-1.1,0,0,0.55,-0.06307,20.44455,"O1:-0.89,-0.89,s215;O2:-2.33,-0.53,s193;O3:-0.89,-1.25,s174;O4:0.37,0.91,s170;O5:-0.89,-1.07,s156;O6:-2.33,0.19,s149;O7:-2.33,0.01,s137;O8:-2.33,-0.17,s135;O9:-2.33,-0.35,s125;O10:0.37,0.73,s98;O11:0.73,0.91,s97;O12:-0.71,-1.25,s93;O13:-0.35,-0.35,s84;O14:-0.53,-1.25,s80;O15:-2.33,0.55,s75;O16:-0.53,-0.89,s71;O17:-2.33,0.37,s60;O18:-0.17,-0.35,s48;O19:0.73,0.73,s47;O20:0.55,0.91,s44;O21:0.37,0.55,s40;O22:-2.33,-0.71,s31;O23:-0.71,-0.89,s29;O24:-0.35,-0.53,s19;O25:0.73,1.09,s11;O26:0.55,1.09,s9;O27:-2.33,0.73,s2","O1:-0.89,-0.89,s215;O2:-2.33,-0.53,s193;O3:-0.89,-1.25,s174;O4:0.37,0.91,s170;O5:-0.89,-1.07,s156;O6:-2.33,0.19,s149;O7:-2.33,0.01,s137;O8:-2.33,-0.17,s135;O9:-2.33,-0.35,s125;O10:0.37,0.73,s98;O11:0.73,0.91,s97;O12:-0.71,-1.25,s93;O13:-0.35,-0.35,s84;O14:-0.53,-1.25,s80;O15:-2.33,0.55,s75;O16:-0.53,-0.89,s71;O17:-2.33,0.37,s60;O18:-0.17,-0.35,s48;O19:0.73,0.73,s47;O20:0.55,0.91,s44;O21:0.37,0.55,s40;O22:-2.33,-0.71,s31;O23:-0.71,-0.89,s29;O24:-0.35,-0.53,s19;O25:0.73,1.09,s11;O26:0.55,1.09,s9;O27:-2.33,0.73,s2",RUNNING,UNKNOWN_MAP_SLAM_AVOIDANCE,unknown_map;frontier_targets;static_unknown_obstacles;dynamic_wandering_robot;costmap;slam_path_planning;obstacle_avoidance,P2_Wanderer,dynamic_wandering_robot,89.47077,89.47077,1.06841,-0.82164,1,0,1,14,6,32,27,2431,27,2431,1.06841,-0.82164,2.39118,1.06841,-0.82164,2.39118
66.75,PID,HECTOR_GRID_MATCHING,HECTOR_SCAN_MATCHING_GRID,landmarks,task3,TO_WS2_DELIVER_T2,ROUTE,DIRECT,T2,WS2,1.71113,0.44171,-1.28619,1.711,0.485,-1.295,0.01834,0.031,2.12,-1.1,1.62278,0.80438,0.0,80.6186,NORMAL,2,0,0,0,27,2434,30,27,127,2434,0.20872,0.88522,0,0,2.12,-1.1,0,0,0.55,-0.03335,20.45724,"O1:-0.89,-0.89,s215;O2:-2.33,-0.53,s193;O3:-0.89,-1.25,s174;O4:0.37,0.91,s170;O5:-0.89,-1.07,s156;O6:-2.33,0.19,s149;O7:-2.33,0.01,s137;O8:-2.33,-0.17,s135;O9:-2.33,-0.35,s125;O10:0.37,0.73,s98;O11:0.73,0.91,s97;O12:-0.71,-1.25,s93;O13:-0.35,-0.35,s84;O14:-0.53,-1.25,s80;O15:-2.33,0.55,s75;O16:-0.53,-0.89,s71;O17:-2.33,0.37,s60;O18:0.73,0.73,s50;O19:-0.17,-0.35,s48;O20:0.55,0.91,s44;O21:0.37,0.55,s40;O22:-2.33,-0.71,s31;O23:-0.71,-0.89,s29;O24:-0.35,-0.53,s19;O25:0.73,1.09,s11;O26:0.55,1.09,s9;O27:-2.33,0.73,s2","O1:-0.89,-0.89,s215;O2:-2.33,-0.53,s193;O3:-0.89,-1.25,s174;O4:0.37,0.91,s170;O5:-0.89,-1.07,s156;O6:-2.33,0.19,s149;O7:-2.33,0.01,s137;O8:-2.33,-0.17,s135;O9:-2.33,-0.35,s125;O10:0.37,0.73,s98;O11:0.73,0.91,s97;O12:-0.71,-1.25,s93;O13:-0.35,-0.35,s84;O14:-0.53,-1.25,s80;O15:-2.33,0.55,s75;O16:-0.53,-0.89,s71;O17:-2.33,0.37,s60;O18:0.73,0.73,s50;O19:-0.17,-0.35,s48;O20:0.55,0.91,s44;O21:0.37,0.55,s40;O22:-2.33,-0.71,s31;O23:-0.71,-0.89,s29;O24:-0.35,-0.53,s19;O25:0.73,1.09,s11;O26:0.55,1.09,s9;O27:-2.33,0.73,s2",RUNNING,UNKNOWN_MAP_SLAM_AVOIDANCE,unknown_map;frontier_targets;static_unknown_obstacles;dynamic_wandering_robot;costmap;slam_path_planning;obstacle_avoidance,P2_Wanderer,dynamic_wandering_robot,89.48165,89.48165,1.04647,-0.80118,1,0,1,14,6,32,27,2434,27,2434,1.04647,-0.80118,2.39118,1.04647,-0.80118,2.39118
66.9,PID,HECTOR_GRID_MATCHING,HECTOR_SCAN_MATCHING_GRID,landmarks,task3,TO_WS2_DELIVER_T2,ROUTE,DIRECT,T2,WS2,1.73428,0.36267,-1.29224,1.722,0.399,-1.289,0.01091,0.03135,2.12,-1.1,1.54045,0.82955,0.0,80.51152,NORMAL,2,0,0,0,27,2437,30,27,127,2437,0.2146,0.88522,0,0,2.12,-1.1,0,0,0.55,-0.04166,20.46246,"O1:-0.89,-0.89,s215;O2:-2.33,-0.53,s193;O3:-0.89,-1.25,s174;O4:0.37,0.91,s170;O5:-0.89,-1.07,s156;O6:-2.33,0.19,s149;O7:-2.33,0.01,s137;O8:-2.33,-0.17,s135;O9:-2.33,-0.35,s125;O10:0.37,0.73,s98;O11:0.73,0.91,s97;O12:-0.71,-1.25,s93;O13:-0.35,-0.35,s84;O14:-0.53,-1.25,s80;O15:-2.33,0.55,s75;O16:-0.53,-0.89,s71;O17:-2.33,0.37,s60;O18:0.73,0.73,s53;O19:-0.17,-0.35,s48;O20:0.55,0.91,s44;O21:0.37,0.55,s40;O22:-2.33,-0.71,s31;O23:-0.71,-0.89,s29;O24:-0.35,-0.53,s19;O25:0.73,1.09,s11;O26:0.55,1.09,s9;O27:-2.33,0.73,s2","O1:-0.89,-0.89,s215;O2:-2.33,-0.53,s193;O3:-0.89,-1.25,s174;O4:0.37,0.91,s170;O5:-0.89,-1.07,s156;O6:-2.33,0.19,s149;O7:-2.33,0.01,s137;O8:-2.33,-0.17,s135;O9:-2.33,-0.35,s125;O10:0.37,0.73,s98;O11:0.73,0.91,s97;O12:-0.71,-1.25,s93;O13:-0.35,-0.35,s84;O14:-0.53,-1.25,s80;O15:-2.33,0.55,s75;O16:-0.53,-0.89,s71;O17:-2.33,0.37,s60;O18:0.73,0.73,s53;O19:-0.17,-0.35,s48;O20:0.55,0.91,s44;O21:0.37,0.55,s40;O22:-2.33,-0.71,s31;O23:-0.71,-0.89,s29;O24:-0.35,-0.53,s19;O25:0.73,1.09,s11;O26:0.55,1.09,s9;O27:-2.33,0.73,s2",RUNNING,UNKNOWN_MAP_SLAM_AVOIDANCE,unknown_map;frontier_targets;static_unknown_obstacles;dynamic_wandering_robot;costmap;slam_path_planning;obstacle_avoidance,P2_Wanderer,dynamic_wandering_robot,89.4925,89.4925,1.02453,-0.78072,1,0,1,14,6,32,27,2437,27,2437,1.02453,-0.78072,2.39118,1.02453,-0.78072,2.39118
67.05,PID,HECTOR_GRID_MATCHING,HECTOR_SCAN_MATCHING_GRID,landmarks,task3,TO_WS2_DELIVER_T2,ROUTE,DIRECT,T2,WS2,1.75681,0.28383,-1.29859,1.749,0.326,-1.296,0.01605,0.03179,2.12,-1.1,1.45816,0.86694,0.0,80.40441,NORMAL,2,0,0,0,27,2437,30,27,127,2437,0.2146,0.88522,0,0,2.12,-1.1,0,0,0.54257,-0.03262,20.4754,"O1:-0.89,-0.89,s215;O2:-2.33,-0.53,s193;O3:-0.89,-1.25,s174;O4:0.37,0.91,s170;O5:-0.89,-1.07,s156;O6:-2.33,0.19,s149;O7:-2.33,0.01,s137;O8:-2.33,-0.17,s135;O9:-2.33,-0.35,s125;O10:0.37,0.73,s98;O11:0.73,0.91,s97;O12:-0.71,-1.25,s93;O13:-0.35,-0.35,s84;O14:-0.53,-1.25,s80;O15:-2.33,0.55,s75;O16:-0.53,-0.89,s71;O17:-2.33,0.37,s60;O18:0.73,0.73,s54;O19:-0.17,-0.35,s48;O20:0.55,0.91,s44;O21:0.37,0.55,s40;O22:-2.33,-0.71,s31;O23:-0.71,-0.89,s29;O24:-0.35,-0.53,s19;O25:0.73,1.09,s11;O26:0.55,1.09,s9;O27:-2.33,0.73,s2","O1:-0.89,-0.89,s215;O2:-2.33,-0.53,s193;O3:-0.89,-1.25,s174;O4:0.37,0.91,s170;O5:-0.89,-1.07,s156;O6:-2.33,0.19,s149;O7:-2.33,0.01,s137;O8:-2.33,-0.17,s135;O9:-2.33,-0.35,s125;O10:0.37,0.73,s98;O11:0.73,0.91,s97;O12:-0.71,-1.25,s93;O13:-0.35,-0.35,s84;O14:-0.53,-1.25,s80;O15:-2.33,0.55,s75;O16:-0.53,-0.89,s71;O17:-2.33,0.37,s60;O18:0.73,0.73,s54;O19:-0.17,-0.35,s48;O20:0.55,0.91,s44;O21:0.37,0.55,s40;O22:-2.33,-0.71,s31;O23:-0.71,-0.89,s29;O24:-0.35,-0.53,s19;O25:0.73,1.09,s11;O26:0.55,1.09,s9;O27:-2.33,0.73,s2",RUNNING,UNKNOWN_MAP_SLAM_AVOIDANCE,unknown_map;frontier_targets;static_unknown_obstacles;dynamic_wandering_robot;costmap;slam_path_planning;obstacle_avoidance,P2_Wanderer,dynamic_wandering_robot,89.4925,89.4925,1.00259,-0.76026,1,0,1,14,6,32,27,2437,27,2437,1.00259,-0.76026,2.39118,1.00259,-0.76026,2.39118
67.2,PID,HECTOR_GRID_MATCHING,HECTOR_SCAN_MATCHING_GRID,landmarks,task3,TO_WS2_DELIVER_T2,ROUTE,DIRECT,T2,WS2,1.77769,0.20888,-1.3032,1.77,0.249,-1.3,0.01554,0.03239,2.12,-1.1,1.37859,0.91152,0.0,80.30098,NORMAL,2,0,0,0,27,2437,30,27,127,2437,0.2146,0.88522,0,0,2.12,-1.1,0,0,0.50648,-0.0311,20.51238,"O1:-0.89,-0.89,s215;O2:-2.33,-0.53,s193;O3:-0.89,-1.25,s174;O4:0.37,0.91,s170;O5:-0.89,-1.07,s156;O6:-2.33,0.19,s149;O7:-2.33,0.01,s137;O8:-2.33,-0.17,s135;O9:-2.33,-0.35,s125;O10:0.37,0.73,s98;O11:0.73,0.91,s97;O12:-0.71,-1.25,s93;O13:-0.35,-0.35,s84;O14:-0.53,-1.25,s80;O15:-2.33,0.55,s75;O16:-0.53,-0.89,s71;O17:-2.33,0.37,s60;O18:0.73,0.73,s54;O19:-0.17,-0.35,s48;O20:0.55,0.91,s44;O21:0.37,0.55,s40;O22:-2.33,-0.71,s31;O23:-0.71,-0.89,s29;O24:-0.35,-0.53,s19;O25:0.73,1.09,s11;O26:0.55,1.09,s9;O27:-2.33,0.73,s2","O1:-0.89,-0.89,s215;O2:-2.33,-0.53,s193;O3:-0.89,-1.25,s174;O4:0.37,0.91,s170;O5:-0.89,-1.07,s156;O6:-2.33,0.19,s149;O7:-2.33,0.01,s137;O8:-2.33,-0.17,s135;O9:-2.33,-0.35,s125;O10:0.37,0.73,s98;O11:0.73,0.91,s97;O12:-0.71,-1.25,s93;O13:-0.35,-0.35,s84;O14:-0.53,-1.25,s80;O15:-2.33,0.55,s75;O16:-0.53,-0.89,s71;O17:-2.33,0.37,s60;O18:0.73,0.73,s54;O19:-0.17,-0.35,s48;O20:0.55,0.91,s44;O21:0.37,0.55,s40;O22:-2.33,-0.71,s31;O23:-0.71,-0.89,s29;O24:-0.35,-0.53,s19;O25:0.73,1.09,s11;O26:0.55,1.09,s9;O27:-2.33,0.73,s2",RUNNING,UNKNOWN_MAP_SLAM_AVOIDANCE,unknown_map;frontier_targets;static_unknown_obstacles;dynamic_wandering_robot;costmap;slam_path_planning;obstacle_avoidance,P2_Wanderer,dynamic_wandering_robot,89.4925,89.4925,0.98065,-0.7398,1,0,1,14,6,32,27,2437,27,2437,0.98065,-0.7398,2.39118,0.98065,-0.7398,2.39118
67.35,PID,HECTOR_GRID_MATCHING,HECTOR_SCAN_MATCHING_GRID,landmarks,task3,TO_WS2_DELIVER_T2,ROUTE,DIRECT,T2,WS2,1.79671,0.13958,-1.30872,1.794,0.17,-1.297,0.00897,0.03323,2.12,-1.1,1.30465,0.87777,0.0,80.20469,NORMAL,2,0,0,0,27,2437,30,27,127,2437,0.2146,0.88522,0,0,2.12,-1.1,0,0,0.4661,-0.04533,20.55632,"O1:-0.89,-0.89,s215;O2:-2.33,-0.53,s193;O3:-0.89,-1.25,s174;O4:0.37,0.91,s170;O5:-0.89,-1.07,s156;O6:-2.33,0.19,s149;O7:-2.33,0.01,s137;O8:-2.33,-0.17,s135;O9:-2.33,-0.35,s125;O10:0.37,0.73,s98;O11:0.73,0.91,s97;O12:-0.71,-1.25,s93;O13:-0.35,-0.35,s84;O14:-0.53,-1.25,s80;O15:-2.33,0.55,s75;O16:-0.53,-0.89,s71;O17:-2.33,0.37,s60;O18:0.73,0.73,s54;O19:-0.17,-0.35,s48;O20:0.55,0.91,s44;O21:0.37,0.55,s40;O22:-2.33,-0.71,s31;O23:-0.71,-0.89,s29;O24:-0.35,-0.53,s19;O25:0.73,1.09,s11;O26:0.55,1.09,s9;O27:-2.33,0.73,s2","O1:-0.89,-0.89,s215;O2:-2.33,-0.53,s193;O3:-0.89,-1.25,s174;O4:0.37,0.91,s170;O5:-0.89,-1.07,s156;O6:-2.33,0.19,s149;O7:-2.33,0.01,s137;O8:-2.33,-0.17,s135;O9:-2.33,-0.35,s125;O10:0.37,0.73,s98;O11:0.73,0.91,s97;O12:-0.71,-1.25,s93;O13:-0.35,-0.35,s84;O14:-0.53,-1.25,s80;O15:-2.33,0.55,s75;O16:-0.53,-0.89,s71;O17:-2.33,0.37,s60;O18:0.73,0.73,s54;O19:-0.17,-0.35,s48;O20:0.55,0.91,s44;O21:0.37,0.55,s40;O22:-2.33,-0.71,s31;O23:-0.71,-0.89,s29;O24:-0.35,-0.53,s19;O25:0.73,1.09,s11;O26:0.55,1.09,s9;O27:-2.33,0.73,s2",RUNNING,UNKNOWN_MAP_SLAM_AVOIDANCE,unknown_map;frontier_targets;static_unknown_obstacles;dynamic_wandering_robot;costmap;slam_path_planning;obstacle_avoidance,P2_Wanderer,dynamic_wandering_robot,89.4925,89.4925,0.9587,-0.71935,1,0,1,14,6,32,27,2437,27,2437,0.9587,-0.71935,2.39118,0.9587,-0.71935,2.39118
67.5,PID,HECTOR_GRID_MATCHING,HECTOR_SCAN_MATCHING_GRID,landmarks,task3,TO_WS2_DELIVER_T2,ROUTE,DIRECT,T2,WS2,1.81374,0.0759,-1.31186,1.817,0.097,-1.316,0.00835,0.0342,2.12,-1.1,1.23692,0.84166,0.0,80.11608,NORMAL,2,0,0,0,27,2437,30,27,127,2437,0.2146,0.88522,0,0,2.12,-1.1,0,0,0.4291,-0.00596,20.60316,"O1:-0.89,-0.89,s215;O2:-2.33,-0.53,s193;O3:-0.89,-1.25,s174;O4:0.37,0.91,s170;O5:-0.89,-1.07,s156;O6:-2.33,0.19,s149;O7:-2.33,0.01,s137;O8:-2.33,-0.17,s135;O9:-2.33,-0.35,s125;O10:0.37,0.73,s98;O11:0.73,0.91,s97;O12:-0.71,-1.25,s93;O13:-0.35,-0.35,s84;O14:-0.53,-1.25,s80;O15:-2.33,0.55,s75;O16:-0.53,-0.89,s71;O17:-2.33,0.37,s60;O18:0.73,0.73,s54;O19:-0.17,-0.35,s48;O20:0.55,0.91,s44;O21:0.37,0.55,s40;O22:-2.33,-0.71,s31;O23:-0.71,-0.89,s29;O24:-0.35,-0.53,s19;O25:0.73,1.09,s11;O26:0.55,1.09,s9;O27:-2.33,0.73,s2","O1:-0.89,-0.89,s215;O2:-2.33,-0.53,s193;O3:-0.89,-1.25,s174;O4:0.37,0.91,s170;O5:-0.89,-1.07,s156;O6:-2.33,0.19,s149;O7:-2.33,0.01,s137;O8:-2.33,-0.17,s135;O9:-2.33,-0.35,s125;O10:0.37,0.73,s98;O11:0.73,0.91,s97;O12:-0.71,-1.25,s93;O13:-0.35,-0.35,s84;O14:-0.53,-1.25,s80;O15:-2.33,0.55,s75;O16:-0.53,-0.89,s71;O17:-2.33,0.37,s60;O18:0.73,0.73,s54;O19:-0.17,-0.35,s48;O20:0.55,0.91,s44;O21:0.37,0.55,s40;O22:-2.33,-0.71,s31;O23:-0.71,-0.89,s29;O24:-0.35,-0.53,s19;O25:0.73,1.09,s11;O26:0.55,1.09,s9;O27:-2.33,0.73,s2",RUNNING,UNKNOWN_MAP_SLAM_AVOIDANCE,unknown_map;frontier_targets;static_unknown_obstacles;dynamic_wandering_robot;costmap;slam_path_planning;obstacle_avoidance,P2_Wanderer,dynamic_wandering_robot,89.4925,89.4925,0.93676,-0.69889,1,0,1,14,6,32,27,2437,27,2437,0.93676,-0.69889,2.39118,0.93676,-0.69889,2.39118
67.65,PID,HECTOR_GRID_MATCHING,HECTOR_SCAN_MATCHING_GRID,landmarks,task3,TO_WS2_DELIVER_T2,ROUTE,DIRECT,T2,WS2,1.82931,0.01697,-1.31327,1.83,0.027,-1.311,0.01086,0.03511,2.12,-1.1,1.17422,0.81082,0.0,80.03398,NORMAL,2,0,0,0,27,2437,30,27,127,2437,0.2146,0.88522,0,0,2.12,-1.1,0,0,0.39362,-0.01434,20.64206,"O1:-0.89,-0.89,s215;O2:-2.33,-0.53,s193;O3:-0.89,-1.25,s174;O4:0.37,0.91,s170;O5:-0.89,-1.07,s156;O6:-2.33,0.19,s149;O7:-2.33,0.01,s137;O8:-2.33,-0.17,s135;O9:-2.33,-0.35,s125;O10:0.37,0.73,s98;O11:0.73,0.91,s97;O12:-0.71,-1.25,s93;O13:-0.35,-0.35,s84;O14:-0.53,-1.25,s80;O15:-2.33,0.55,s75;O16:-0.53,-0.89,s71;O17:-2.33,0.37,s60;O18:0.73,0.73,s54;O19:-0.17,-0.35,s48;O20:0.55,0.91,s44;O21:0.37,0.55,s40;O22:-2.33,-0.71,s31;O23:-0.71,-0.89,s29;O24:-0.35,-0.53,s19;O25:0.73,1.09,s11;O26:0.55,1.09,s9;O27:-2.33,0.73,s2","O1:-0.89,-0.89,s215;O2:-2.33,-0.53,s193;O3:-0.89,-1.25,s174;O4:0.37,0.91,s170;O5:-0.89,-1.07,s156;O6:-2.33,0.19,s149;O7:-2.33,0.01,s137;O8:-2.33,-0.17,s135;O9:-2.33,-0.35,s125;O10:0.37,0.73,s98;O11:0.73,0.91,s97;O12:-0.71,-1.25,s93;O13:-0.35,-0.35,s84;O14:-0.53,-1.25,s80;O15:-2.33,0.55,s75;O16:-0.53,-0.89,s71;O17:-2.33,0.37,s60;O18:0.73,0.73,s54;O19:-0.17,-0.35,s48;O20:0.55,0.91,s44;O21:0.37,0.55,s40;O22:-2.33,-0.71,s31;O23:-0.71,-0.89,s29;O24:-0.35,-0.53,s19;O25:0.73,1.09,s11;O26:0.55,1.09,s9;O27:-2.33,0.73,s2",RUNNING,UNKNOWN_MAP_SLAM_AVOIDANCE,unknown_map;frontier_targets;static_unknown_obstacles;dynamic_wandering_robot;costmap;slam_path_planning;obstacle_avoidance,P2_Wanderer,dynamic_wandering_robot,89.4925,89.4925,0.91482,-0.67843,1,0,1,14,6,32,27,2437,27,2437,0.91482,-0.67843,2.39118,0.91482,-0.67843,2.39118
67.8,PID,HECTOR_GRID_MATCHING,HECTOR_SCAN_MATCHING_GRID,landmarks,task3,TO_WS2_DELIVER_T2,ROUTE,DIRECT,T2,WS2,1.8438,-0.03795,-1.31539,1.848,-0.018,-1.311,0.0089,0.03604,2.12,-1.1,1.11625,0.83069,0.0,79.95777,NORMAL,2,0,0,0,27,2437,30,27,127,2437,0.2146,0.88522,0,0,2.12,-1.1,0,0,0.37082,-0.03037,20.6727,"O1:-0.89,-0.89,s215;O2:-2.33,-0.53,s193;O3:-0.89,-1.25,s174;O4:0.37,0.91,s170;O5:-0.89,-1.07,s156;O6:-2.33,0.19,s149;O7:-2.33,0.01,s137;O8:-2.33,-0.17,s135;O9:-2.33,-0.35,s125;O10:0.37,0.73,s98;O11:0.73,0.91,s97;O12:-0.71,-1.25,s93;O13:-0.35,-0.35,s84;O14:-0.53,-1.25,s80;O15:-2.33,0.55,s75;O16:-0.53,-0.89,s71;O17:-2.33,0.37,s60;O18:0.73,0.73,s54;O19:-0.17,-0.35,s48;O20:0.55,0.91,s44;O21:0.37,0.55,s40;O22:-2.33,-0.71,s31;O23:-0.71,-0.89,s29;O24:-0.35,-0.53,s19;O25:0.73,1.09,s11;O26:0.55,1.09,s9;O27:-2.33,0.73,s2","O1:-0.89,-0.89,s215;O2:-2.33,-0.53,s193;O3:-0.89,-1.25,s174;O4:0.37,0.91,s170;O5:-0.89,-1.07,s156;O6:-2.33,0.19,s149;O7:-2.33,0.01,s137;O8:-2.33,-0.17,s135;O9:-2.33,-0.35,s125;O10:0.37,0.73,s98;O11:0.73,0.91,s97;O12:-0.71,-1.25,s93;O13:-0.35,-0.35,s84;O14:-0.53,-1.25,s80;O15:-2.33,0.55,s75;O16:-0.53,-0.89,s71;O17:-2.33,0.37,s60;O18:0.73,0.73,s54;O19:-0.17,-0.35,s48;O20:0.55,0.91,s44;O21:0.37,0.55,s40;O22:-2.33,-0.71,s31;O23:-0.71,-0.89,s29;O24:-0.35,-0.53,s19;O25:0.73,1.09,s11;O26:0.55,1.09,s9;O27:-2.33,0.73,s2",RUNNING,UNKNOWN_MAP_SLAM_AVOIDANCE,unknown_map;frontier_targets;static_unknown_obstacles;dynamic_wandering_robot;costmap;slam_path_planning;obstacle_avoidance,P2_Wanderer,dynamic_wandering_robot,89.4925,89.4925,0.89288,-0.65797,1,0,1,14,6,32,27,2437,27,2437,0.89288,-0.65797,2.39118,0.89288,-0.65797,2.39118
67.95,PID,HECTOR_GRID_MATCHING,HECTOR_SCAN_MATCHING_GRID,landmarks,task3,TO_WS2_DELIVER_T2,ROUTE,DIRECT,T2,WS2,1.85721,-0.08922,-1.31817,1.862,-0.069,-1.317,0.00963,0.03687,2.12,-1.1,1.06194,0.80102,0.0,79.886,NORMAL,2,0,0,0,27,2437,30,27,127,2437,0.2146,0.88522,0,0,2.12,-1.1,0,0,0.34458,-0.01191,20.71411,"O1:-0.89,-0.89,s215;O2:-2.33,-0.53,s193;O3:-0.89,-1.25,s174;O4:0.37,0.91,s170;O5:-0.89,-1.07,s156;O6:-2.33,0.19,s149;O7:-2.33,0.01,s137;O8:-2.33,-0.17,s135;O9:-2.33,-0.35,s125;O10:0.37,0.73,s98;O11:0.73,0.91,s97;O12:-0.71,-1.25,s93;O13:-0.35,-0.35,s84;O14:-0.53,-1.25,s80;O15:-2.33,0.55,s75;O16:-0.53,-0.89,s71;O17:-2.33,0.37,s60;O18:0.73,0.73,s54;O19:-0.17,-0.35,s48;O20:0.55,0.91,s44;O21:0.37,0.55,s40;O22:-2.33,-0.71,s31;O23:-0.71,-0.89,s29;O24:-0.35,-0.53,s19;O25:0.73,1.09,s11;O26:0.55,1.09,s9;O27:-2.33,0.73,s2","O1:-0.89,-0.89,s215;O2:-2.33,-0.53,s193;O3:-0.89,-1.25,s174;O4:0.37,0.91,s170;O5:-0.89,-1.07,s156;O6:-2.33,0.19,s149;O7:-2.33,0.01,s137;O8:-2.33,-0.17,s135;O9:-2.33,-0.35,s125;O10:0.37,0.73,s98;O11:0.73,0.91,s97;O12:-0.71,-1.25,s93;O13:-0.35,-0.35,s84;O14:-0.53,-1.25,s80;O15:-2.33,0.55,s75;O16:-0.53,-0.89,s71;O17:-2.33,0.37,s60;O18:0.73,0.73,s54;O19:-0.17,-0.35,s48;O20:0.55,0.91,s44;O21:0.37,0.55,s40;O22:-2.33,-0.71,s31;O23:-0.71,-0.89,s29;O24:-0.35,-0.53,s19;O25:0.73,1.09,s11;O26:0.55,1.09,s9;O27:-2.33,0.73,s2",RUNNING,UNKNOWN_MAP_SLAM_AVOIDANCE,unknown_map;frontier_targets;static_unknown_obstacles;dynamic_wandering_robot;costmap;slam_path_planning;obstacle_avoidance,P2_Wanderer,dynamic_wandering_robot,89.4925,89.4925,0.87093,-0.63751,1,0,1,14,6,32,27,2437,27,2437,0.87093,-0.63751,2.39118,0.87093,-0.63751,2.39118
68.1,PID,HECTOR_GRID_MATCHING,HECTOR_SCAN_MATCHING_GRID,landmarks,task3,TO_WS2_DELIVER_T2,ROUTE,DIRECT,T2,WS2,1.86938,-0.13673,-1.3153,1.862,-0.13,-1.317,0.00879,0.03763,2.12,-1.1,1.0115,0.77196,0.0,79.8192,NORMAL,2,0,0,0,27,2437,30,27,127,2437,0.2146,0.88522,0,0,2.12,-1.1,0,0,0.31544,0.00843,20.75928,"O1:-0.89,-0.89,s215;O2:-2.33,-0.53,s193;O3:-0.89,-1.25,s174;O4:0.37,0.91,s170;O5:-0.89,-1.07,s156;O6:-2.33,0.19,s149;O7:-2.33,0.01,s137;O8:-2.33,-0.17,s135;O9:-2.33,-0.35,s125;O10:0.37,0.73,s98;O11:0.73,0.91,s97;O12:-0.71,-1.25,s93;O13:-0.35,-0.35,s84;O14:-0.53,-1.25,s80;O15:-2.33,0.55,s75;O16:-0.53,-0.89,s71;O17:-2.33,0.37,s60;O18:0.73,0.73,s54;O19:-0.17,-0.35,s48;O20:0.55,0.91,s44;O21:0.37,0.55,s40;O22:-2.33,-0.71,s31;O23:-0.71,-0.89,s29;O24:-0.35,-0.53,s19;O25:0.73,1.09,s11;O26:0.55,1.09,s9;O27:-2.33,0.73,s2","O1:-0.89,-0.89,s215;O2:-2.33,-0.53,s193;O3:-0.89,-1.25,s174;O4:0.37,0.91,s170;O5:-0.89,-1.07,s156;O6:-2.33,0.19,s149;O7:-2.33,0.01,s137;O8:-2.33,-0.17,s135;O9:-2.33,-0.35,s125;O10:0.37,0.73,s98;O11:0.73,0.91,s97;O12:-0.71,-1.25,s93;O13:-0.35,-0.35,s84;O14:-0.53,-1.25,s80;O15:-2.33,0.55,s75;O16:-0.53,-0.89,s71;O17:-2.33,0.37,s60;O18:0.73,0.73,s54;O19:-0.17,-0.35,s48;O20:0.55,0.91,s44;O21:0.37,0.55,s40;O22:-2.33,-0.71,s31;O23:-0.71,-0.89,s29;O24:-0.35,-0.53,s19;O25:0.73,1.09,s11;O26:0.55,1.09,s9;O27:-2.33,0.73,s2",RUNNING,UNKNOWN_MAP_SLAM_AVOIDANCE,unknown_map;frontier_targets;static_unknown_obstacles;dynamic_wandering_robot;costmap;slam_path_planning;obstacle_avoidance,P2_Wanderer,dynamic_wandering_robot,89.4925,89.4925,0.84899,-0.61705,1,0,1,14,6,32,27,2437,27,2437,0.84899,-0.61705,2.39118,0.84899,-0.61705,2.39118
68.25,PID,HECTOR_GRID_MATCHING,HECTOR_SCAN_MATCHING_GRID,landmarks,task3,TO_WS2_DELIVER_T2,ROUTE,DIRECT,T2,WS2,1.88069,-0.18025,-1.31498,1.88,-0.182,-1.317,0.01563,0.03837,2.12,-1.1,0.96517,0.77233,0.0,79.75763,NORMAL,2,0,0,0,27,2437,30,27,127,2437,0.2146,0.88522,0,0,2.12,-1.1,0,0,0.28849,0.00297,20.79305,"O1:-0.89,-0.89,s215;O2:-2.33,-0.53,s193;O3:-0.89,-1.25,s174;O4:0.37,0.91,s170;O5:-0.89,-1.07,s156;O6:-2.33,0.19,s149;O7:-2.33,0.01,s137;O8:-2.33,-0.17,s135;O9:-2.33,-0.35,s125;O10:0.37,0.73,s98;O11:0.73,0.91,s97;O12:-0.71,-1.25,s93;O13:-0.35,-0.35,s84;O14:-0.53,-1.25,s80;O15:-2.33,0.55,s75;O16:-0.53,-0.89,s71;O17:-2.33,0.37,s60;O18:0.73,0.73,s54;O19:-0.17,-0.35,s48;O20:0.55,0.91,s44;O21:0.37,0.55,s40;O22:-2.33,-0.71,s31;O23:-0.71,-0.89,s29;O24:-0.35,-0.53,s19;O25:0.73,1.09,s11;O26:0.55,1.09,s9;O27:-2.33,0.73,s2","O1:-0.89,-0.89,s215;O2:-2.33,-0.53,s193;O3:-0.89,-1.25,s174;O4:0.37,0.91,s170;O5:-0.89,-1.07,s156;O6:-2.33,0.19,s149;O7:-2.33,0.01,s137;O8:-2.33,-0.17,s135;O9:-2.33,-0.35,s125;O10:0.37,0.73,s98;O11:0.73,0.91,s97;O12:-0.71,-1.25,s93;O13:-0.35,-0.35,s84;O14:-0.53,-1.25,s80;O15:-2.33,0.55,s75;O16:-0.53,-0.89,s71;O17:-2.33,0.37,s60;O18:0.73,0.73,s54;O19:-0.17,-0.35,s48;O20:0.55,0.91,s44;O21:0.37,0.55,s40;O22:-2.33,-0.71,s31;O23:-0.71,-0.89,s29;O24:-0.35,-0.53,s19;O25:0.73,1.09,s11;O26:0.55,1.09,s9;O27:-2.33,0.73,s2",RUNNING,UNKNOWN_MAP_SLAM_AVOIDANCE,unknown_map;frontier_targets;static_unknown_obstacles;dynamic_wandering_robot;costmap;slam_path_planning;obstacle_avoidance,P2_Wanderer,dynamic_wandering_robot,89.4925,89.4925,0.82705,-0.5966,1,0,1,14,6,32,27,2437,27,2437,0.82705,-0.5966,2.39118,0.82705,-0.5966,2.39118
68.4,PID,HECTOR_GRID_MATCHING,HECTOR_SCAN_MATCHING_GRID,landmarks,task3,TO_WS2_DELIVER_T2,ROUTE,DIRECT,T2,WS2,1.89105,-0.22013,-1.31209,1.881,-0.226,-1.322,0.01964,0.03907,2.12,-1.1,0.92299,0.78114,0.0,79.7012,NORMAL,2,0,0,0,27,2437,30,27,127,2437,0.2146,0.88522,0,0,2.12,-1.1,0,0,0.26789,0.04357,20.82625,"O1:-0.89,-0.89,s215;O2:-2.33,-0.53,s193;O3:-0.89,-1.25,s174;O4:0.37,0.91,s170;O5:-0.89,-1.07,s156;O6:-2.33,0.19,s149;O7:-2.33,0.01,s137;O8:-2.33,-0.17,s135;O9:-2.33,-0.35,s125;O10:0.37,0.73,s98;O11:0.73,0.91,s97;O12:-0.71,-1.25,s93;O13:-0.35,-0.35,s84;O14:-0.53,-1.25,s80;O15:-2.33,0.55,s75;O16:-0.53,-0.89,s71;O17:-2.33,0.37,s60;O18:0.73,0.73,s54;O19:-0.17,-0.35,s48;O20:0.55,0.91,s44;O21:0.37,0.55,s40;O22:-2.33,-0.71,s31;O23:-0.71,-0.89,s29;O24:-0.35,-0.53,s19;O25:0.73,1.09,s11;O26:0.55,1.09,s9;O27:-2.33,0.73,s2","O1:-0.89,-0.89,s215;O2:-2.33,-0.53,s193;O3:-0.89,-1.25,s174;O4:0.37,0.91,s170;O5:-0.89,-1.07,s156;O6:-2.33,0.19,s149;O7:-2.33,0.01,s137;O8:-2.33,-0.17,s135;O9:-2.33,-0.35,s125;O10:0.37,0.73,s98;O11:0.73,0.91,s97;O12:-0.71,-1.25,s93;O13:-0.35,-0.35,s84;O14:-0.53,-1.25,s80;O15:-2.33,0.55,s75;O16:-0.53,-0.89,s71;O17:-2.33,0.37,s60;O18:0.73,0.73,s54;O19:-0.17,-0.35,s48;O20:0.55,0.91,s44;O21:0.37,0.55,s40;O22:-2.33,-0.71,s31;O23:-0.71,-0.89,s29;O24:-0.35,-0.53,s19;O25:0.73,1.09,s11;O26:0.55,1.09,s9;O27:-2.33,0.73,s2",RUNNING,UNKNOWN_MAP_SLAM_AVOIDANCE,unknown_map;frontier_targets;static_unknown_obstacles;dynamic_wandering_robot;costmap;slam_path_planning;obstacle_avoidance,P2_Wanderer,dynamic_wandering_robot,89.4925,89.4925,0.80511,-0.57614,1,0,1,14,6,32,27,2437,27,2437,0.80511,-0.57614,2.39118,0.80511,-0.57614,2.39118
68.55,PID,HECTOR_GRID_MATCHING,HECTOR_SCAN_MATCHING_GRID,landmarks,task3,TO_WS2_DELIVER_T2,ROUTE,DIRECT,T2,WS2,1.90074,-0.25745,-1.30928,1.894,-0.263,-1.318,0.01756,0.03966,2.12,-1.1,0.88343,0.79618,0.0,79.64805,NORMAL,2,0,0,0,27,2437,30,27,127,2437,0.2146,0.88522,0,0,2.12,-1.1,0,0,0.24865,0.02237,20.85618,"O1:-0.89,-0.89,s215;O2:-2.33,-0.53,s193;O3:-0.89,-1.25,s174;O4:0.37,0.91,s170;O5:-0.89,-1.07,s156;O6:-2.33,0.19,s149;O7:-2.33,0.01,s137;O8:-2.33,-0.17,s135;O9:-2.33,-0.35,s125;O10:0.37,0.73,s98;O11:0.73,0.91,s97;O12:-0.71,-1.25,s93;O13:-0.35,-0.35,s84;O14:-0.53,-1.25,s80;O15:-2.33,0.55,s75;O16:-0.53,-0.89,s71;O17:-2.33,0.37,s60;O18:0.73,0.73,s54;O19:-0.17,-0.35,s48;O20:0.55,0.91,s44;O21:0.37,0.55,s40;O22:-2.33,-0.71,s31;O23:-0.71,-0.89,s29;O24:-0.35,-0.53,s19;O25:0.73,1.09,s11;O26:0.55,1.09,s9;O27:-2.33,0.73,s2","O1:-0.89,-0.89,s215;O2:-2.33,-0.53,s193;O3:-0.89,-1.25,s174;O4:0.37,0.91,s170;O5:-0.89,-1.07,s156;O6:-2.33,0.19,s149;O7:-2.33,0.01,s137;O8:-2.33,-0.17,s135;O9:-2.33,-0.35,s125;O10:0.37,0.73,s98;O11:0.73,0.91,s97;O12:-0.71,-1.25,s93;O13:-0.35,-0.35,s84;O14:-0.53,-1.25,s80;O15:-2.33,0.55,s75;O16:-0.53,-0.89,s71;O17:-2.33,0.37,s60;O18:0.73,0.73,s54;O19:-0.17,-0.35,s48;O20:0.55,0.91,s44;O21:0.37,0.55,s40;O22:-2.33,-0.71,s31;O23:-0.71,-0.89,s29;O24:-0.35,-0.53,s19;O25:0.73,1.09,s11;O26:0.55,1.09,s9;O27:-2.33,0.73,s2",RUNNING,UNKNOWN_MAP_SLAM_AVOIDANCE,unknown_map;frontier_targets;static_unknown_obstacles;dynamic_wandering_robot;costmap;slam_path_planning;obstacle_avoidance,P2_Wanderer,dynamic_wandering_robot,89.4925,89.4925,0.78317,-0.55568,1,0,1,14,6,32,27,2437,27,2437,0.78317,-0.55568,2.39118,0.78317,-0.55568,2.39118
68.7,PID,HECTOR_GRID_MATCHING,HECTOR_SCAN_MATCHING_GRID,landmarks,task3,DELIVER_T2_WS2,MANIPULATING,DIRECT,T2,WS2,1.90537,-0.27457,-1.30225,1.896,-0.275,-1.316,0.00955,0.04068,2.12,-1.1,-1.0,-1.0,0.0,79.62872,NORMAL,2,0,0,0,27,2437,30,27,127,2437,0.2146,0.88522,0,0,2.12,-1.1,0,0,0.0,0.0,21.11042,"O1:-0.89,-0.89,s215;O2:-2.33,-0.53,s193;O3:-0.89,-1.25,s174;O4:0.37,0.91,s170;O5:-0.89,-1.07,s156;O6:-2.33,0.19,s149;O7:-2.33,0.01,s137;O8:-2.33,-0.17,s135;O9:-2.33,-0.35,s125;O10:0.37,0.73,s98;O11:0.73,0.91,s97;O12:-0.71,-1.25,s93;O13:-0.35,-0.35,s84;O14:-0.53,-1.25,s80;O15:-2.33,0.55,s75;O16:-0.53,-0.89,s71;O17:-2.33,0.37,s60;O18:0.73,0.73,s54;O19:-0.17,-0.35,s48;O20:0.55,0.91,s44;O21:0.37,0.55,s40;O22:-2.33,-0.71,s31;O23:-0.71,-0.89,s29;O24:-0.35,-0.53,s19;O25:0.73,1.09,s11;O26:0.55,1.09,s9;O27:-2.33,0.73,s2","O1:-0.89,-0.89,s215;O2:-2.33,-0.53,s193;O3:-0.89,-1.25,s174;O4:0.37,0.91,s170;O5:-0.89,-1.07,s156;O6:-2.33,0.19,s149;O7:-2.33,0.01,s137;O8:-2.33,-0.17,s135;O9:-2.33,-0.35,s125;O10:0.37,0.73,s98;O11:0.73,0.91,s97;O12:-0.71,-1.25,s93;O13:-0.35,-0.35,s84;O14:-0.53,-1.25,s80;O15:-2.33,0.55,s75;O16:-0.53,-0.89,s71;O17:-2.33,0.37,s60;O18:0.73,0.73,s54;O19:-0.17,-0.35,s48;O20:0.55,0.91,s44;O21:0.37,0.55,s40;O22:-2.33,-0.71,s31;O23:-0.71,-0.89,s29;O24:-0.35,-0.53,s19;O25:0.73,1.09,s11;O26:0.55,1.09,s9;O27:-2.33,0.73,s2",RUNNING,UNKNOWN_MAP_SLAM_AVOIDANCE,unknown_map;frontier_targets;static_unknown_obstacles;dynamic_wandering_robot;costmap;slam_path_planning;obstacle_avoidance,P2_Wanderer,dynamic_wandering_robot,89.4925,89.4925,0.76122,-0.53522,1,0,1,14,6,32,27,2437,27,2437,0.76122,-0.53522,2.39118,0.76122,-0.53522,2.39118
68.85,PID,HECTOR_GRID_MATCHING,HECTOR_SCAN_MATCHING_GRID,landmarks,task3,DELIVER_T2_WS2,MANIPULATING,DIRECT,T2,WS2,1.90531,-0.27457,-1.30223,1.903,-0.276,-1.309,0.00287,0.04214,2.12,-1.1,-1.0,-1.0,0.0,79.62497,NORMAL,2,0,0,0,27,2437,30,27,127,2437,0.2146,0.88522,0,0,2.12,-1.1,0,0,0.0,0.0,21.11042,"O1:-0.89,-0.89,s215;O2:-2.33,-0.53,s193;O3:-0.89,-1.25,s174;O4:0.37,0.91,s170;O5:-0.89,-1.07,s156;O6:-2.33,0.19,s149;O7:-2.33,0.01,s137;O8:-2.33,-0.17,s135;O9:-2.33,-0.35,s125;O10:0.37,0.73,s98;O11:0.73,0.91,s97;O12:-0.71,-1.25,s93;O13:-0.35,-0.35,s84;O14:-0.53,-1.25,s80;O15:-2.33,0.55,s75;O16:-0.53,-0.89,s71;O17:-2.33,0.37,s60;O18:0.73,0.73,s54;O19:-0.17,-0.35,s48;O20:0.55,0.91,s44;O21:0.37,0.55,s40;O22:-2.33,-0.71,s31;O23:-0.71,-0.89,s29;O24:-0.35,-0.53,s19;O25:0.73,1.09,s11;O26:0.55,1.09,s9;O27:-2.33,0.73,s2","O1:-0.89,-0.89,s215;O2:-2.33,-0.53,s193;O3:-0.89,-1.25,s174;O4:0.37,0.91,s170;O5:-0.89,-1.07,s156;O6:-2.33,0.19,s149;O7:-2.33,0.01,s137;O8:-2.33,-0.17,s135;O9:-2.33,-0.35,s125;O10:0.37,0.73,s98;O11:0.73,0.91,s97;O12:-0.71,-1.25,s93;O13:-0.35,-0.35,s84;O14:-0.53,-1.25,s80;O15:-2.33,0.55,s75;O16:-0.53,-0.89,s71;O17:-2.33,0.37,s60;O18:0.73,0.73,s54;O19:-0.17,-0.35,s48;O20:0.55,0.91,s44;O21:0.37,0.55,s40;O22:-2.33,-0.71,s31;O23:-0.71,-0.89,s29;O24:-0.35,-0.53,s19;O25:0.73,1.09,s11;O26:0.55,1.09,s9;O27:-2.33,0.73,s2",RUNNING,UNKNOWN_MAP_SLAM_AVOIDANCE,unknown_map;frontier_targets;static_unknown_obstacles;dynamic_wandering_robot;costmap;slam_path_planning;obstacle_avoidance,P2_Wanderer,dynamic_wandering_robot,89.4925,89.4925,0.73928,-0.51476,1,0,1,14,6,32,27,2437,27,2437,0.73928,-0.51476,2.39118,0.73928,-0.51476,2.39118
69.0,PID,HECTOR_GRID_MATCHING,HECTOR_SCAN_MATCHING_GRID,landmarks,task3,DELIVER_T2_WS2,MANIPULATING,DIRECT,T2,WS2,1.9053,-0.27458,-1.30222,1.901,-0.274,-1.307,0.00414,0.04307,2.12,-1.1,-1.0,-1.0,0.0,79.62122,NORMAL,2,0,0,0,27,2437,30,27,127,2437,0.2146,0.88522,0,0,2.12,-1.1,0,0,0.0,0.0,21.11042,"O1:-0.89,-0.89,s215;O2:-2.33,-0.53,s193;O3:-0.89,-1.25,s174;O4:0.37,0.91,s170;O5:-0.89,-1.07,s156;O6:-2.33,0.19,s149;O7:-2.33,0.01,s137;O8:-2.33,-0.17,s135;O9:-2.33,-0.35,s125;O10:0.37,0.73,s98;O11:0.73,0.91,s97;O12:-0.71,-1.25,s93;O13:-0.35,-0.35,s84;O14:-0.53,-1.25,s80;O15:-2.33,0.55,s75;O16:-0.53,-0.89,s71;O17:-2.33,0.37,s60;O18:0.73,0.73,s54;O19:-0.17,-0.35,s48;O20:0.55,0.91,s44;O21:0.37,0.55,s40;O22:-2.33,-0.71,s31;O23:-0.71,-0.89,s29;O24:-0.35,-0.53,s19;O25:0.73,1.09,s11;O26:0.55,1.09,s9;O27:-2.33,0.73,s2","O1:-0.89,-0.89,s215;O2:-2.33,-0.53,s193;O3:-0.89,-1.25,s174;O4:0.37,0.91,s170;O5:-0.89,-1.07,s156;O6:-2.33,0.19,s149;O7:-2.33,0.01,s137;O8:-2.33,-0.17,s135;O9:-2.33,-0.35,s125;O10:0.37,0.73,s98;O11:0.73,0.91,s97;O12:-0.71,-1.25,s93;O13:-0.35,-0.35,s84;O14:-0.53,-1.25,s80;O15:-2.33,0.55,s75;O16:-0.53,-0.89,s71;O17:-2.33,0.37,s60;O18:0.73,0.73,s54;O19:-0.17,-0.35,s48;O20:0.55,0.91,s44;O21:0.37,0.55,s40;O22:-2.33,-0.71,s31;O23:-0.71,-0.89,s29;O24:-0.35,-0.53,s19;O25:0.73,1.09,s11;O26:0.55,1.09,s9;O27:-2.33,0.73,s2",RUNNING,UNKNOWN_MAP_SLAM_AVOIDANCE,unknown_map;frontier_targets;static_unknown_obstacles;dynamic_wandering_robot;costmap;slam_path_planning;obstacle_avoidance,P2_Wanderer,dynamic_wandering_robot,89.4925,89.4925,0.71734,-0.49431,1,0,1,14,6,32,27,2437,27,2437,0.71734,-0.49431,2.39118,0.71734,-0.49431,2.39118
69.15,PID,HECTOR_GRID_MATCHING,HECTOR_SCAN_MATCHING_GRID,landmarks,task3,DELIVER_T2_WS2,MANIPULATING,DIRECT,T2,WS2,1.9053,-0.27457,-1.3022,1.904,-0.274,-1.303,0.00099,0.04367,2.12,-1.1,-1.0,-1.0,0.0,79.61747,NORMAL,2,0,0,0,27,2437,30,27,127,2437,0.2146,0.88522,0,0,2.12,-1.1,0,0,0.0,0.0,21.11042,"O1:-0.89,-0.89,s215;O2:-2.33,-0.53,s193;O3:-0.89,-1.25,s174;O4:0.37,0.91,s170;O5:-0.89,-1.07,s156;O6:-2.33,0.19,s149;O7:-2.33,0.01,s137;O8:-2.33,-0.17,s135;O9:-2.33,-0.35,s125;O10:0.37,0.73,s98;O11:0.73,0.91,s97;O12:-0.71,-1.25,s93;O13:-0.35,-0.35,s84;O14:-0.53,-1.25,s80;O15:-2.33,0.55,s75;O16:-0.53,-0.89,s71;O17:-2.33,0.37,s60;O18:0.73,0.73,s54;O19:-0.17,-0.35,s48;O20:0.55,0.91,s44;O21:0.37,0.55,s40;O22:-2.33,-0.71,s31;O23:-0.71,-0.89,s29;O24:-0.35,-0.53,s19;O25:0.73,1.09,s11;O26:0.55,1.09,s9;O27:-2.33,0.73,s2","O1:-0.89,-0.89,s215;O2:-2.33,-0.53,s193;O3:-0.89,-1.25,s174;O4:0.37,0.91,s170;O5:-0.89,-1.07,s156;O6:-2.33,0.19,s149;O7:-2.33,0.01,s137;O8:-2.33,-0.17,s135;O9:-2.33,-0.35,s125;O10:0.37,0.73,s98;O11:0.73,0.91,s97;O12:-0.71,-1.25,s93;O13:-0.35,-0.35,s84;O14:-0.53,-1.25,s80;O15:-2.33,0.55,s75;O16:-0.53,-0.89,s71;O17:-2.33,0.37,s60;O18:0.73,0.73,s54;O19:-0.17,-0.35,s48;O20:0.55,0.91,s44;O21:0.37,0.55,s40;O22:-2.33,-0.71,s31;O23:-0.71,-0.89,s29;O24:-0.35,-0.53,s19;O25:0.73,1.09,s11;O26:0.55,1.09,s9;O27:-2.33,0.73,s2",RUNNING,UNKNOWN_MAP_SLAM_AVOIDANCE,unknown_map;frontier_targets;static_unknown_obstacles;dynamic_wandering_robot;costmap;slam_path_planning;obstacle_avoidance,P2_Wanderer,dynamic_wandering_robot,89.4925,89.4925,0.6954,-0.47385,1,0,1,14,6,32,27,2437,27,2437,0.6954,-0.47385,2.39118,0.6954,-0.47385,2.39118
69.3,PID,HECTOR_GRID_MATCHING,HECTOR_SCAN_MATCHING_GRID,landmarks,task3,DELIVER_T2_WS2,MANIPULATING,DIRECT,T2,WS2,1.9053,-0.27457,-1.30218,1.915,-0.27,-1.304,0.01074,0.04404,2.12,-1.1,-1.0,-1.0,0.0,79.61372,NORMAL,2,0,0,0,27,2437,30,27,127,2437,0.2146,0.88522,0,0,2.12,-1.1,0,0,0.0,0.0,21.11042,"O1:-0.89,-0.89,s215;O2:-2.33,-0.53,s193;O3:-0.89,-1.25,s174;O4:0.37,0.91,s170;O5:-0.89,-1.07,s156;O6:-2.33,0.19,s149;O7:-2.33,0.01,s137;O8:-2.33,-0.17,s135;O9:-2.33,-0.35,s125;O10:0.37,0.73,s98;O11:0.73,0.91,s97;O12:-0.71,-1.25,s93;O13:-0.35,-0.35,s84;O14:-0.53,-1.25,s80;O15:-2.33,0.55,s75;O16:-0.53,-0.89,s71;O17:-2.33,0.37,s60;O18:0.73,0.73,s54;O19:-0.17,-0.35,s48;O20:0.55,0.91,s44;O21:0.37,0.55,s40;O22:-2.33,-0.71,s31;O23:-0.71,-0.89,s29;O24:-0.35,-0.53,s19;O25:0.73,1.09,s11;O26:0.55,1.09,s9;O27:-2.33,0.73,s2","O1:-0.89,-0.89,s215;O2:-2.33,-0.53,s193;O3:-0.89,-1.25,s174;O4:0.37,0.91,s170;O5:-0.89,-1.07,s156;O6:-2.33,0.19,s149;O7:-2.33,0.01,s137;O8:-2.33,-0.17,s135;O9:-2.33,-0.35,s125;O10:0.37,0.73,s98;O11:0.73,0.91,s97;O12:-0.71,-1.25,s93;O13:-0.35,-0.35,s84;O14:-0.53,-1.25,s80;O15:-2.33,0.55,s75;O16:-0.53,-0.89,s71;O17:-2.33,0.37,s60;O18:0.73,0.73,s54;O19:-0.17,-0.35,s48;O20:0.55,0.91,s44;O21:0.37,0.55,s40;O22:-2.33,-0.71,s31;O23:-0.71,-0.89,s29;O24:-0.35,-0.53,s19;O25:0.73,1.09,s11;O26:0.55,1.09,s9;O27:-2.33,0.73,s2",RUNNING,UNKNOWN_MAP_SLAM_AVOIDANCE,unknown_map;frontier_targets;static_unknown_obstacles;dynamic_wandering_robot;costmap;slam_path_planning;obstacle_avoidance,P2_Wanderer,dynamic_wandering_robot,89.4925,89.4925,0.67345,-0.45339,1,0,1,14,6,32,27,2437,27,2437,0.67345,-0.45339,2.39118,0.67345,-0.45339,2.39118
69.45,PID,HECTOR_GRID_MATCHING,HECTOR_SCAN_MATCHING_GRID,landmarks,task3,DELIVER_T2_WS2,MANIPULATING,DIRECT,T2,WS2,1.90529,-0.27457,-1.30217,1.897,-0.27,-1.311,0.00916,0.04428,2.12,-1.1,-1.0,-1.0,0.0,79.60997,NORMAL,2,0,0,0,27,2437,30,27,127,2437,0.2146,0.88522,0,0,2.12,-1.1,0,0,0.0,0.0,21.11042,"O1:-0.89,-0.89,s215;O2:-2.33,-0.53,s193;O3:-0.89,-1.25,s174;O4:0.37,0.91,s170;O5:-0.89,-1.07,s156;O6:-2.33,0.19,s149;O7:-2.33,0.01,s137;O8:-2.33,-0.17,s135;O9:-2.33,-0.35,s125;O10:0.37,0.73,s98;O11:0.73,0.91,s97;O12:-0.71,-1.25,s93;O13:-0.35,-0.35,s84;O14:-0.53,-1.25,s80;O15:-2.33,0.55,s75;O16:-0.53,-0.89,s71;O17:-2.33,0.37,s60;O18:0.73,0.73,s54;O19:-0.17,-0.35,s48;O20:0.55,0.91,s44;O21:0.37,0.55,s40;O22:-2.33,-0.71,s31;O23:-0.71,-0.89,s29;O24:-0.35,-0.53,s19;O25:0.73,1.09,s11;O26:0.55,1.09,s9;O27:-2.33,0.73,s2","O1:-0.89,-0.89,s215;O2:-2.33,-0.53,s193;O3:-0.89,-1.25,s174;O4:0.37,0.91,s170;O5:-0.89,-1.07,s156;O6:-2.33,0.19,s149;O7:-2.33,0.01,s137;O8:-2.33,-0.17,s135;O9:-2.33,-0.35,s125;O10:0.37,0.73,s98;O11:0.73,0.91,s97;O12:-0.71,-1.25,s93;O13:-0.35,-0.35,s84;O14:-0.53,-1.25,s80;O15:-2.33,0.55,s75;O16:-0.53,-0.89,s71;O17:-2.33,0.37,s60;O18:0.73,0.73,s54;O19:-0.17,-0.35,s48;O20:0.55,0.91,s44;O21:0.37,0.55,s40;O22:-2.33,-0.71,s31;O23:-0.71,-0.89,s29;O24:-0.35,-0.53,s19;O25:0.73,1.09,s11;O26:0.55,1.09,s9;O27:-2.33,0.73,s2",RUNNING,UNKNOWN_MAP_SLAM_AVOIDANCE,unknown_map;frontier_targets;static_unknown_obstacles;dynamic_wandering_robot;costmap;slam_path_planning;obstacle_avoidance,P2_Wanderer,dynamic_wandering_robot,89.4925,89.4925,0.65151,-0.43293,1,0,1,14,6,32,27,2437,27,2437,0.65151,-0.43293,2.39118,0.65151,-0.43293,2.39118
69.6,PID,HECTOR_GRID_MATCHING,HECTOR_SCAN_MATCHING_GRID,landmarks,task3,WAIT_B1_WORK_T2,WAIT_B1,DIRECT,T2,WS2,1.90528,-0.27457,-1.30215,1.902,-0.265,-1.296,0.01019,0.04443,2.12,-1.1,-1.0,-1.0,0.0,79.60622,NORMAL,3,0,0,0,27,2437,30,27,127,2437,0.2146,0.88522,0,0,2.12,-1.1,0,0,0.0,0.0,21.11042,"O1:-0.89,-0.89,s215;O2:-2.33,-0.53,s193;O3:-0.89,-1.25,s174;O4:0.37,0.91,s170;O5:-0.89,-1.07,s156;O6:-2.33,0.19,s149;O7:-2.33,0.01,s137;O8:-2.33,-0.17,s135;O9:-2.33,-0.35,s125;O10:0.37,0.73,s98;O11:0.73,0.91,s97;O12:-0.71,-1.25,s93;O13:-0.35,-0.35,s84;O14:-0.53,-1.25,s80;O15:-2.33,0.55,s75;O16:-0.53,-0.89,s71;O17:-2.33,0.37,s60;O18:0.73,0.73,s54;O19:-0.17,-0.35,s48;O20:0.55,0.91,s44;O21:0.37,0.55,s40;O22:-2.33,-0.71,s31;O23:-0.71,-0.89,s29;O24:-0.35,-0.53,s19;O25:0.73,1.09,s11;O26:0.55,1.09,s9;O27:-2.33,0.73,s2","O1:-0.89,-0.89,s215;O2:-2.33,-0.53,s193;O3:-0.89,-1.25,s174;O4:0.37,0.91,s170;O5:-0.89,-1.07,s156;O6:-2.33,0.19,s149;O7:-2.33,0.01,s137;O8:-2.33,-0.17,s135;O9:-2.33,-0.35,s125;O10:0.37,0.73,s98;O11:0.73,0.91,s97;O12:-0.71,-1.25,s93;O13:-0.35,-0.35,s84;O14:-0.53,-1.25,s80;O15:-2.33,0.55,s75;O16:-0.53,-0.89,s71;O17:-2.33,0.37,s60;O18:0.73,0.73,s54;O19:-0.17,-0.35,s48;O20:0.55,0.91,s44;O21:0.37,0.55,s40;O22:-2.33,-0.71,s31;O23:-0.71,-0.89,s29;O24:-0.35,-0.53,s19;O25:0.73,1.09,s11;O26:0.55,1.09,s9;O27:-2.33,0.73,s2",RUNNING,UNKNOWN_MAP_SLAM_AVOIDANCE,unknown_map;frontier_targets;static_unknown_obstacles;dynamic_wandering_robot;costmap;slam_path_planning;obstacle_avoidance,P2_Wanderer,dynamic_wandering_robot,89.4925,89.4925,0.62957,-0.41247,1,0,1,14,6,32,27,2437,27,2437,0.62957,-0.41247,2.39118,0.62957,-0.41247,2.39118
69.75,PID,HECTOR_GRID_MATCHING,HECTOR_SCAN_MATCHING_GRID,landmarks,task3,WAIT_B1_WORK_T2,WAIT_B1,DIRECT,T2,WS2,1.90528,-0.27456,-1.30214,1.903,-0.269,-1.296,0.00613,0.04453,2.12,-1.1,-1.0,-1.0,0.0,79.60247,NORMAL,3,0,0,0,27,2437,30,27,127,2437,0.2146,0.88522,0,0,2.12,-1.1,0,0,0.0,0.0,21.11042,"O1:-0.89,-0.89,s215;O2:-2.33,-0.53,s193;O3:-0.89,-1.25,s174;O4:0.37,0.91,s170;O5:-0.89,-1.07,s156;O6:-2.33,0.19,s149;O7:-2.33,0.01,s137;O8:-2.33,-0.17,s135;O9:-2.33,-0.35,s125;O10:0.37,0.73,s98;O11:0.73,0.91,s97;O12:-0.71,-1.25,s93;O13:-0.35,-0.35,s84;O14:-0.53,-1.25,s80;O15:-2.33,0.55,s75;O16:-0.53,-0.89,s71;O17:-2.33,0.37,s60;O18:0.73,0.73,s54;O19:-0.17,-0.35,s48;O20:0.55,0.91,s44;O21:0.37,0.55,s40;O22:-2.33,-0.71,s31;O23:-0.71,-0.89,s29;O24:-0.35,-0.53,s19;O25:0.73,1.09,s11;O26:0.55,1.09,s9;O27:-2.33,0.73,s2","O1:-0.89,-0.89,s215;O2:-2.33,-0.53,s193;O3:-0.89,-1.25,s174;O4:0.37,0.91,s170;O5:-0.89,-1.07,s156;O6:-2.33,0.19,s149;O7:-2.33,0.01,s137;O8:-2.33,-0.17,s135;O9:-2.33,-0.35,s125;O10:0.37,0.73,s98;O11:0.73,0.91,s97;O12:-0.71,-1.25,s93;O13:-0.35,-0.35,s84;O14:-0.53,-1.25,s80;O15:-2.33,0.55,s75;O16:-0.53,-0.89,s71;O17:-2.33,0.37,s60;O18:0.73,0.73,s54;O19:-0.17,-0.35,s48;O20:0.55,0.91,s44;O21:0.37,0.55,s40;O22:-2.33,-0.71,s31;O23:-0.71,-0.89,s29;O24:-0.35,-0.53,s19;O25:0.73,1.09,s11;O26:0.55,1.09,s9;O27:-2.33,0.73,s2",RUNNING,UNKNOWN_MAP_SLAM_AVOIDANCE,unknown_map;frontier_targets;static_unknown_obstacles;dynamic_wandering_robot;costmap;slam_path_planning;obstacle_avoidance,P2_Wanderer,dynamic_wandering_robot,89.4925,89.4925,0.60763,-0.39201,1,0,1,14,6,32,27,2437,27,2437,0.60763,-0.39201,2.39118,0.60763,-0.39201,2.39118
69.9,PID,HECTOR_GRID_MATCHING,HECTOR_SCAN_MATCHING_GRID,landmarks,task3,WAIT_B1_WORK_T2,WAIT_B1,DIRECT,T2,WS2,1.90528,-0.27456,-1.30211,1.907,-0.273,-1.297,0.00238,0.04459,2.12,-1.1,-1.0,-1.0,0.0,79.59872,NORMAL,3,0,0,0,27,2437,30,27,127,2437,0.2146,0.88522,0,0,2.12,-1.1,0,0,0.0,0.0,21.11042,"O1:-0.89,-0.89,s215;O2:-2.33,-0.53,s193;O3:-0.89,-1.25,s174;O4:0.37,0.91,s170;O5:-0.89,-1.07,s156;O6:-2.33,0.19,s149;O7:-2.33,0.01,s137;O8:-2.33,-0.17,s135;O9:-2.33,-0.35,s125;O10:0.37,0.73,s98;O11:0.73,0.91,s97;O12:-0.71,-1.25,s93;O13:-0.35,-0.35,s84;O14:-0.53,-1.25,s80;O15:-2.33,0.55,s75;O16:-0.53,-0.89,s71;O17:-2.33,0.37,s60;O18:0.73,0.73,s54;O19:-0.17,-0.35,s48;O20:0.55,0.91,s44;O21:0.37,0.55,s40;O22:-2.33,-0.71,s31;O23:-0.71,-0.89,s29;O24:-0.35,-0.53,s19;O25:0.73,1.09,s11;O26:0.55,1.09,s9;O27:-2.33,0.73,s2","O1:-0.89,-0.89,s215;O2:-2.33,-0.53,s193;O3:-0.89,-1.25,s174;O4:0.37,0.91,s170;O5:-0.89,-1.07,s156;O6:-2.33,0.19,s149;O7:-2.33,0.01,s137;O8:-2.33,-0.17,s135;O9:-2.33,-0.35,s125;O10:0.37,0.73,s98;O11:0.73,0.91,s97;O12:-0.71,-1.25,s93;O13:-0.35,-0.35,s84;O14:-0.53,-1.25,s80;O15:-2.33,0.55,s75;O16:-0.53,-0.89,s71;O17:-2.33,0.37,s60;O18:0.73,0.73,s54;O19:-0.17,-0.35,s48;O20:0.55,0.91,s44;O21:0.37,0.55,s40;O22:-2.33,-0.71,s31;O23:-0.71,-0.89,s29;O24:-0.35,-0.53,s19;O25:0.73,1.09,s11;O26:0.55,1.09,s9;O27:-2.33,0.73,s2",RUNNING,UNKNOWN_MAP_SLAM_AVOIDANCE,unknown_map;frontier_targets;static_unknown_obstacles;dynamic_wandering_robot;costmap;slam_path_planning;obstacle_avoidance,P2_Wanderer,dynamic_wandering_robot,89.4925,89.4925,0.58568,-0.37156,1,0,1,14,6,32,27,2437,27,2437,0.58568,-0.37156,2.39118,0.58568,-0.37156,2.39118
70.05,PID,HECTOR_GRID_MATCHING,HECTOR_SCAN_MATCHING_GRID,landmarks,task3,WAIT_B1_WORK_T2,WAIT_B1,DIRECT,T2,WS2,1.90527,-0.27456,-1.3021,1.913,-0.277,-1.302,0.0085,0.04463,2.12,-1.1,-1.0,-1.0,0.0,79.59497,NORMAL,3,0,0,0,27,2437,30,27,127,2437,0.2146,0.88522,0,0,2.12,-1.1,0,0,0.0,0.0,21.11042,"O1:-0.89,-0.89,s215;O2:-2.33,-0.53,s193;O3:-0.89,-1.25,s174;O4:0.37,0.91,s170;O5:-0.89,-1.07,s156;O6:-2.33,0.19,s149;O7:-2.33,0.01,s137;O8:-2.33,-0.17,s135;O9:-2.33,-0.35,s125;O10:0.37,0.73,s98;O11:0.73,0.91,s97;O12:-0.71,-1.25,s93;O13:-0.35,-0.35,s84;O14:-0.53,-1.25,s80;O15:-2.33,0.55,s75;O16:-0.53,-0.89,s71;O17:-2.33,0.37,s60;O18:0.73,0.73,s54;O19:-0.17,-0.35,s48;O20:0.55,0.91,s44;O21:0.37,0.55,s40;O22:-2.33,-0.71,s31;O23:-0.71,-0.89,s29;O24:-0.35,-0.53,s19;O25:0.73,1.09,s11;O26:0.55,1.09,s9;O27:-2.33,0.73,s2","O1:-0.89,-0.89,s215;O2:-2.33,-0.53,s193;O3:-0.89,-1.25,s174;O4:0.37,0.91,s170;O5:-0.89,-1.07,s156;O6:-2.33,0.19,s149;O7:-2.33,0.01,s137;O8:-2.33,-0.17,s135;O9:-2.33,-0.35,s125;O10:0.37,0.73,s98;O11:0.73,0.91,s97;O12:-0.71,-1.25,s93;O13:-0.35,-0.35,s84;O14:-0.53,-1.25,s80;O15:-2.33,0.55,s75;O16:-0.53,-0.89,s71;O17:-2.33,0.37,s60;O18:0.73,0.73,s54;O19:-0.17,-0.35,s48;O20:0.55,0.91,s44;O21:0.37,0.55,s40;O22:-2.33,-0.71,s31;O23:-0.71,-0.89,s29;O24:-0.35,-0.53,s19;O25:0.73,1.09,s11;O26:0.55,1.09,s9;O27:-2.33,0.73,s2",RUNNING,UNKNOWN_MAP_SLAM_AVOIDANCE,unknown_map;frontier_targets;static_unknown_obstacles;dynamic_wandering_robot;costmap;slam_path_planning;obstacle_avoidance,P2_Wanderer,dynamic_wandering_robot,89.4925,89.4925,0.56374,-0.3511,1,0,1,14,6,32,27,2437,27,2437,0.56374,-0.3511,2.39118,0.56374,-0.3511,2.39118
70.2,PID,HECTOR_GRID_MATCHING,HECTOR_SCAN_MATCHING_GRID,landmarks,task3,WAIT_B1_WORK_T2,WAIT_B1,DIRECT,T2,WS2,1.90527,-0.27455,-1.30208,1.906,-0.273,-1.303,0.00208,0.04466,2.12,-1.1,-1.0,-1.0,0.0,79.59122,NORMAL,3,0,0,0,27,2437,30,27,127,2437,0.2146,0.88522,0,0,2.12,-1.1,0,0,0.0,0.0,21.11042,"O1:-0.89,-0.89,s215;O2:-2.33,-0.53,s193;O3:-0.89,-1.25,s174;O4:0.37,0.91,s170;O5:-0.89,-1.07,s156;O6:-2.33,0.19,s149;O7:-2.33,0.01,s137;O8:-2.33,-0.17,s135;O9:-2.33,-0.35,s125;O10:0.37,0.73,s98;O11:0.73,0.91,s97;O12:-0.71,-1.25,s93;O13:-0.35,-0.35,s84;O14:-0.53,-1.25,s80;O15:-2.33,0.55,s75;O16:-0.53,-0.89,s71;O17:-2.33,0.37,s60;O18:0.73,0.73,s54;O19:-0.17,-0.35,s48;O20:0.55,0.91,s44;O21:0.37,0.55,s40;O22:-2.33,-0.71,s31;O23:-0.71,-0.89,s29;O24:-0.35,-0.53,s19;O25:0.73,1.09,s11;O26:0.55,1.09,s9;O27:-2.33,0.73,s2","O1:-0.89,-0.89,s215;O2:-2.33,-0.53,s193;O3:-0.89,-1.25,s174;O4:0.37,0.91,s170;O5:-0.89,-1.07,s156;O6:-2.33,0.19,s149;O7:-2.33,0.01,s137;O8:-2.33,-0.17,s135;O9:-2.33,-0.35,s125;O10:0.37,0.73,s98;O11:0.73,0.91,s97;O12:-0.71,-1.25,s93;O13:-0.35,-0.35,s84;O14:-0.53,-1.25,s80;O15:-2.33,0.55,s75;O16:-0.53,-0.89,s71;O17:-2.33,0.37,s60;O18:0.73,0.73,s54;O19:-0.17,-0.35,s48;O20:0.55,0.91,s44;O21:0.37,0.55,s40;O22:-2.33,-0.71,s31;O23:-0.71,-0.89,s29;O24:-0.35,-0.53,s19;O25:0.73,1.09,s11;O26:0.55,1.09,s9;O27:-2.33,0.73,s2",RUNNING,UNKNOWN_MAP_SLAM_AVOIDANCE,unknown_map;frontier_targets;static_unknown_obstacles;dynamic_wandering_robot;costmap;slam_path_planning;obstacle_avoidance,P2_Wanderer,dynamic_wandering_robot,89.4925,89.4925,0.5418,-0.33064,1,0,1,14,6,32,27,2437,27,2437,0.5418,-0.33064,2.39118,0.5418,-0.33064,2.39118
70.35,PID,HECTOR_GRID_MATCHING,HECTOR_SCAN_MATCHING_GRID,landmarks,task3,WAIT_B1_WORK_T2,WAIT_B1,DIRECT,T2,WS2,1.90527,-0.27455,-1.30207,1.906,-0.275,-1.309,0.00114,0.04467,2.12,-1.1,-1.0,-1.0,0.0,79.58747,NORMAL,3,0,0,0,27,2437,30,27,127,2437,0.2146,0.88522,0,0,2.12,-1.1,0,0,0.0,0.0,21.11042,"O1:-0.89,-0.89,s215;O2:-2.33,-0.53,s193;O3:-0.89,-1.25,s174;O4:0.37,0.91,s170;O5:-0.89,-1.07,s156;O6:-2.33,0.19,s149;O7:-2.33,0.01,s137;O8:-2.33,-0.17,s135;O9:-2.33,-0.35,s125;O10:0.37,0.73,s98;O11:0.73,0.91,s97;O12:-0.71,-1.25,s93;O13:-0.35,-0.35,s84;O14:-0.53,-1.25,s80;O15:-2.33,0.55,s75;O16:-0.53,-0.89,s71;O17:-2.33,0.37,s60;O18:0.73,0.73,s54;O19:-0.17,-0.35,s48;O20:0.55,0.91,s44;O21:0.37,0.55,s40;O22:-2.33,-0.71,s31;O23:-0.71,-0.89,s29;O24:-0.35,-0.53,s19;O25:0.73,1.09,s11;O26:0.55,1.09,s9;O27:-2.33,0.73,s2","O1:-0.89,-0.89,s215;O2:-2.33,-0.53,s193;O3:-0.89,-1.25,s174;O4:0.37,0.91,s170;O5:-0.89,-1.07,s156;O6:-2.33,0.19,s149;O7:-2.33,0.01,s137;O8:-2.33,-0.17,s135;O9:-2.33,-0.35,s125;O10:0.37,0.73,s98;O11:0.73,0.91,s97;O12:-0.71,-1.25,s93;O13:-0.35,-0.35,s84;O14:-0.53,-1.25,s80;O15:-2.33,0.55,s75;O16:-0.53,-0.89,s71;O17:-2.33,0.37,s60;O18:0.73,0.73,s54;O19:-0.17,-0.35,s48;O20:0.55,0.91,s44;O21:0.37,0.55,s40;O22:-2.33,-0.71,s31;O23:-0.71,-0.89,s29;O24:-0.35,-0.53,s19;O25:0.73,1.09,s11;O26:0.55,1.09,s9;O27:-2.33,0.73,s2",RUNNING,UNKNOWN_MAP_SLAM_AVOIDANCE,unknown_map;frontier_targets;static_unknown_obstacles;dynamic_wandering_robot;costmap;slam_path_planning;obstacle_avoidance,P2_Wanderer,dynamic_wandering_robot,89.4925,89.4925,0.51986,-0.31018,1,0,1,14,6,32,27,2437,27,2437,0.51986,-0.31018,2.39118,0.51986,-0.31018,2.39118
70.5,PID,HECTOR_GRID_MATCHING,HECTOR_SCAN_MATCHING_GRID,landmarks,task3,WAIT_B1_WORK_T2,WAIT_B1,DIRECT,T2,WS2,1.90526,-0.27455,-1.30205,1.89,-0.281,-1.303,0.01679,0.04468,2.12,-1.1,-1.0,-1.0,0.0,79.58372,NORMAL,3,0,0,0,27,2437,30,27,127,2437,0.2146,0.88522,0,0,2.12,-1.1,0,0,0.0,0.0,21.11042,"O1:-0.89,-0.89,s215;O2:-2.33,-0.53,s193;O3:-0.89,-1.25,s174;O4:0.37,0.91,s170;O5:-0.89,-1.07,s156;O6:-2.33,0.19,s149;O7:-2.33,0.01,s137;O8:-2.33,-0.17,s135;O9:-2.33,-0.35,s125;O10:0.37,0.73,s98;O11:0.73,0.91,s97;O12:-0.71,-1.25,s93;O13:-0.35,-0.35,s84;O14:-0.53,-1.25,s80;O15:-2.33,0.55,s75;O16:-0.53,-0.89,s71;O17:-2.33,0.37,s60;O18:0.73,0.73,s54;O19:-0.17,-0.35,s48;O20:0.55,0.91,s44;O21:0.37,0.55,s40;O22:-2.33,-0.71,s31;O23:-0.71,-0.89,s29;O24:-0.35,-0.53,s19;O25:0.73,1.09,s11;O26:0.55,1.09,s9;O27:-2.33,0.73,s2","O1:-0.89,-0.89,s215;O2:-2.33,-0.53,s193;O3:-0.89,-1.25,s174;O4:0.37,0.91,s170;O5:-0.89,-1.07,s156;O6:-2.33,0.19,s149;O7:-2.33,0.01,s137;O8:-2.33,-0.17,s135;O9:-2.33,-0.35,s125;O10:0.37,0.73,s98;O11:0.73,0.91,s97;O12:-0.71,-1.25,s93;O13:-0.35,-0.35,s84;O14:-0.53,-1.25,s80;O15:-2.33,0.55,s75;O16:-0.53,-0.89,s71;O17:-2.33,0.37,s60;O18:0.73,0.73,s54;O19:-0.17,-0.35,s48;O20:0.55,0.91,s44;O21:0.37,0.55,s40;O22:-2.33,-0.71,s31;O23:-0.71,-0.89,s29;O24:-0.35,-0.53,s19;O25:0.73,1.09,s11;O26:0.55,1.09,s9;O27:-2.33,0.73,s2",RUNNING,UNKNOWN_MAP_SLAM_AVOIDANCE,unknown_map;frontier_targets;static_unknown_obstacles;dynamic_wandering_robot;costmap;slam_path_planning;obstacle_avoidance,P2_Wanderer,dynamic_wandering_robot,89.4925,89.4925,0.49792,-0.28972,1,0,1,14,6,32,27,2437,27,2437,0.49792,-0.28972,2.39118,0.49792,-0.28972,2.39118
70.65,PID,HECTOR_GRID_MATCHING,HECTOR_SCAN_MATCHING_GRID,landmarks,task3,WAIT_B1_WORK_T2,WAIT_B1,DIRECT,T2,WS2,1.90526,-0.27454,-1.30203,1.901,-0.286,-1.304,0.0123,0.04469,2.12,-1.1,-1.0,-1.0,0.0,79.57997,NORMAL,3,0,0,0,27,2437,30,27,127,2437,0.2146,0.88522,0,0,2.12,-1.1,0,0,0.0,0.0,21.11042,"O1:-0.89,-0.89,s215;O2:-2.33,-0.53,s193;O3:-0.89,-1.25,s174;O4:0.37,0.91,s170;O5:-0.89,-1.07,s156;O6:-2.33,0.19,s149;O7:-2.33,0.01,s137;O8:-2.33,-0.17,s135;O9:-2.33,-0.35,s125;O10:0.37,0.73,s98;O11:0.73,0.91,s97;O12:-0.71,-1.25,s93;O13:-0.35,-0.35,s84;O14:-0.53,-1.25,s80;O15:-2.33,0.55,s75;O16:-0.53,-0.89,s71;O17:-2.33,0.37,s60;O18:0.73,0.73,s54;O19:-0.17,-0.35,s48;O20:0.55,0.91,s44;O21:0.37,0.55,s40;O22:-2.33,-0.71,s31;O23:-0.71,-0.89,s29;O24:-0.35,-0.53,s19;O25:0.73,1.09,s11;O26:0.55,1.09,s9;O27:-2.33,0.73,s2","O1:-0.89,-0.89,s215;O2:-2.33,-0.53,s193;O3:-0.89,-1.25,s174;O4:0.37,0.91,s170;O5:-0.89,-1.07,s156;O6:-2.33,0.19,s149;O7:-2.33,0.01,s137;O8:-2.33,-0.17,s135;O9:-2.33,-0.35,s125;O10:0.37,0.73,s98;O11:0.73,0.91,s97;O12:-0.71,-1.25,s93;O13:-0.35,-0.35,s84;O14:-0.53,-1.25,s80;O15:-2.33,0.55,s75;O16:-0.53,-0.89,s71;O17:-2.33,0.37,s60;O18:0.73,0.73,s54;O19:-0.17,-0.35,s48;O20:0.55,0.91,s44;O21:0.37,0.55,s40;O22:-2.33,-0.71,s31;O23:-0.71,-0.89,s29;O24:-0.35,-0.53,s19;O25:0.73,1.09,s11;O26:0.55,1.09,s9;O27:-2.33,0.73,s2",RUNNING,UNKNOWN_MAP_SLAM_AVOIDANCE,unknown_map;frontier_targets;static_unknown_obstacles;dynamic_wandering_robot;costmap;slam_path_planning;obstacle_avoidance,P2_Wanderer,dynamic_wandering_robot,89.4925,89.4925,0.47597,-0.26927,1,0,1,14,6,32,27,2437,27,2437,0.47597,-0.26927,2.39118,0.47597,-0.26927,2.39118
70.8,PID,HECTOR_GRID_MATCHING,HECTOR_SCAN_MATCHING_GRID,landmarks,task3,WAIT_B1_WORK_T2,WAIT_B1,DIRECT,T2,WS2,1.90526,-0.27454,-1.30201,1.9,-0.285,-1.308,0.01159,0.04469,2.12,-1.1,-1.0,-1.0,0.0,79.57622,NORMAL,3,0,0,0,27,2437,30,27,127,2437,0.2146,0.88522,0,0,2.12,-1.1,0,0,0.0,0.0,21.11042,"O1:-0.89,-0.89,s215;O2:-2.33,-0.53,s193;O3:-0.89,-1.25,s174;O4:0.37,0.91,s170;O5:-0.89,-1.07,s156;O6:-2.33,0.19,s149;O7:-2.33,0.01,s137;O8:-2.33,-0.17,s135;O9:-2.33,-0.35,s125;O10:0.37,0.73,s98;O11:0.73,0.91,s97;O12:-0.71,-1.25,s93;O13:-0.35,-0.35,s84;O14:-0.53,-1.25,s80;O15:-2.33,0.55,s75;O16:-0.53,-0.89,s71;O17:-2.33,0.37,s60;O18:0.73,0.73,s54;O19:-0.17,-0.35,s48;O20:0.55,0.91,s44;O21:0.37,0.55,s40;O22:-2.33,-0.71,s31;O23:-0.71,-0.89,s29;O24:-0.35,-0.53,s19;O25:0.73,1.09,s11;O26:0.55,1.09,s9;O27:-2.33,0.73,s2","O1:-0.89,-0.89,s215;O2:-2.33,-0.53,s193;O3:-0.89,-1.25,s174;O4:0.37,0.91,s170;O5:-0.89,-1.07,s156;O6:-2.33,0.19,s149;O7:-2.33,0.01,s137;O8:-2.33,-0.17,s135;O9:-2.33,-0.35,s125;O10:0.37,0.73,s98;O11:0.73,0.91,s97;O12:-0.71,-1.25,s93;O13:-0.35,-0.35,s84;O14:-0.53,-1.25,s80;O15:-2.33,0.55,s75;O16:-0.53,-0.89,s71;O17:-2.33,0.37,s60;O18:0.73,0.73,s54;O19:-0.17,-0.35,s48;O20:0.55,0.91,s44;O21:0.37,0.55,s40;O22:-2.33,-0.71,s31;O23:-0.71,-0.89,s29;O24:-0.35,-0.53,s19;O25:0.73,1.09,s11;O26:0.55,1.09,s9;O27:-2.33,0.73,s2",RUNNING,UNKNOWN_MAP_SLAM_AVOIDANCE,unknown_map;frontier_targets;static_unknown_obstacles;dynamic_wandering_robot;costmap;slam_path_planning;obstacle_avoidance,P2_Wanderer,dynamic_wandering_robot,89.4925,89.4925,0.45403,-0.24881,1,0,1,14,6,32,27,2437,27,2437,0.45403,-0.24881,2.39118,0.45403,-0.24881,2.39118
70.95,PID,HECTOR_GRID_MATCHING,HECTOR_SCAN_MATCHING_GRID,landmarks,task3,WAIT_B1_WORK_T2,WAIT_B1,DIRECT,T2,WS2,1.90526,-0.27454,-1.302,1.904,-0.285,-1.314,0.01092,0.0447,2.12,-1.1,-1.0,-1.0,0.0,79.57247,NORMAL,3,0,0,0,27,2437,30,27,127,2437,0.2146,0.88522,0,0,2.12,-1.1,0,0,0.0,0.0,21.11042,"O1:-0.89,-0.89,s215;O2:-2.33,-0.53,s193;O3:-0.89,-1.25,s174;O4:0.37,0.91,s170;O5:-0.89,-1.07,s156;O6:-2.33,0.19,s149;O7:-2.33,0.01,s137;O8:-2.33,-0.17,s135;O9:-2.33,-0.35,s125;O10:0.37,0.73,s98;O11:0.73,0.91,s97;O12:-0.71,-1.25,s93;O13:-0.35,-0.35,s84;O14:-0.53,-1.25,s80;O15:-2.33,0.55,s75;O16:-0.53,-0.89,s71;O17:-2.33,0.37,s60;O18:0.73,0.73,s54;O19:-0.17,-0.35,s48;O20:0.55,0.91,s44;O21:0.37,0.55,s40;O22:-2.33,-0.71,s31;O23:-0.71,-0.89,s29;O24:-0.35,-0.53,s19;O25:0.73,1.09,s11;O26:0.55,1.09,s9;O27:-2.33,0.73,s2","O1:-0.89,-0.89,s215;O2:-2.33,-0.53,s193;O3:-0.89,-1.25,s174;O4:0.37,0.91,s170;O5:-0.89,-1.07,s156;O6:-2.33,0.19,s149;O7:-2.33,0.01,s137;O8:-2.33,-0.17,s135;O9:-2.33,-0.35,s125;O10:0.37,0.73,s98;O11:0.73,0.91,s97;O12:-0.71,-1.25,s93;O13:-0.35,-0.35,s84;O14:-0.53,-1.25,s80;O15:-2.33,0.55,s75;O16:-0.53,-0.89,s71;O17:-2.33,0.37,s60;O18:0.73,0.73,s54;O19:-0.17,-0.35,s48;O20:0.55,0.91,s44;O21:0.37,0.55,s40;O22:-2.33,-0.71,s31;O23:-0.71,-0.89,s29;O24:-0.35,-0.53,s19;O25:0.73,1.09,s11;O26:0.55,1.09,s9;O27:-2.33,0.73,s2",RUNNING,UNKNOWN_MAP_SLAM_AVOIDANCE,unknown_map;frontier_targets;static_unknown_obstacles;dynamic_wandering_robot;costmap;slam_path_planning;obstacle_avoidance,P2_Wanderer,dynamic_wandering_robot,89.4925,89.4925,0.43209,-0.22835,1,0,1,14,6,32,27,2437,27,2437,0.43209,-0.22835,2.39118,0.43209,-0.22835,2.39118
71.1,PID,HECTOR_GRID_MATCHING,HECTOR_SCAN_MATCHING_GRID,landmarks,task3,WAIT_B1_WORK_T2,WAIT_B1,DIRECT,T2,WS2,1.90525,-0.27453,-1.30199,1.906,-0.283,-1.31,0.00829,0.0447,2.12,-1.1,-1.0,-1.0,0.0,79.56872,NORMAL,3,0,0,0,27,2437,30,27,127,2437,0.2146,0.88522,0,0,2.12,-1.1,0,0,0.0,0.0,21.11042,"O1:-0.89,-0.89,s215;O2:-2.33,-0.53,s193;O3:-0.89,-1.25,s174;O4:0.37,0.91,s170;O5:-0.89,-1.07,s156;O6:-2.33,0.19,s149;O7:-2.33,0.01,s137;O8:-2.33,-0.17,s135;O9:-2.33,-0.35,s125;O10:0.37,0.73,s98;O11:0.73,0.91,s97;O12:-0.71,-1.25,s93;O13:-0.35,-0.35,s84;O14:-0.53,-1.25,s80;O15:-2.33,0.55,s75;O16:-0.53,-0.89,s71;O17:-2.33,0.37,s60;O18:0.73,0.73,s54;O19:-0.17,-0.35,s48;O20:0.55,0.91,s44;O21:0.37,0.55,s40;O22:-2.33,-0.71,s31;O23:-0.71,-0.89,s29;O24:-0.35,-0.53,s19;O25:0.73,1.09,s11;O26:0.55,1.09,s9;O27:-2.33,0.73,s2","O1:-0.89,-0.89,s215;O2:-2.33,-0.53,s193;O3:-0.89,-1.25,s174;O4:0.37,0.91,s170;O5:-0.89,-1.07,s156;O6:-2.33,0.19,s149;O7:-2.33,0.01,s137;O8:-2.33,-0.17,s135;O9:-2.33,-0.35,s125;O10:0.37,0.73,s98;O11:0.73,0.91,s97;O12:-0.71,-1.25,s93;O13:-0.35,-0.35,s84;O14:-0.53,-1.25,s80;O15:-2.33,0.55,s75;O16:-0.53,-0.89,s71;O17:-2.33,0.37,s60;O18:0.73,0.73,s54;O19:-0.17,-0.35,s48;O20:0.55,0.91,s44;O21:0.37,0.55,s40;O22:-2.33,-0.71,s31;O23:-0.71,-0.89,s29;O24:-0.35,-0.53,s19;O25:0.73,1.09,s11;O26:0.55,1.09,s9;O27:-2.33,0.73,s2",RUNNING,UNKNOWN_MAP_SLAM_AVOIDANCE,unknown_map;frontier_targets;static_unknown_obstacles;dynamic_wandering_robot;costmap;slam_path_planning;obstacle_avoidance,P2_Wanderer,dynamic_wandering_robot,89.4925,89.4925,0.41015,-0.20789,1,0,1,14,6,32,27,2437,27,2437,0.41015,-0.20789,2.39118,0.41015,-0.20789,2.39118
71.25,PID,HECTOR_GRID_MATCHING,HECTOR_SCAN_MATCHING_GRID,landmarks,task3,WAIT_B1_WORK_T2,WAIT_B1,DIRECT,T2,WS2,1.90525,-0.27453,-1.30197,1.894,-0.285,-1.299,0.0152,0.0447,2.12,-1.1,-1.0,-1.0,0.0,79.56497,NORMAL,3,0,0,0,27,2437,30,27,127,2437,0.2146,0.88522,0,0,2.12,-1.1,0,0,0.0,0.0,21.11042,"O1:-0.89,-0.89,s215;O2:-2.33,-0.53,s193;O3:-0.89,-1.25,s174;O4:0.37,0.91,s170;O5:-0.89,-1.07,s156;O6:-2.33,0.19,s149;O7:-2.33,0.01,s137;O8:-2.33,-0.17,s135;O9:-2.33,-0.35,s125;O10:0.37,0.73,s98;O11:0.73,0.91,s97;O12:-0.71,-1.25,s93;O13:-0.35,-0.35,s84;O14:-0.53,-1.25,s80;O15:-2.33,0.55,s75;O16:-0.53,-0.89,s71;O17:-2.33,0.37,s60;O18:0.73,0.73,s54;O19:-0.17,-0.35,s48;O20:0.55,0.91,s44;O21:0.37,0.55,s40;O22:-2.33,-0.71,s31;O23:-0.71,-0.89,s29;O24:-0.35,-0.53,s19;O25:0.73,1.09,s11;O26:0.55,1.09,s9;O27:-2.33,0.73,s2","O1:-0.89,-0.89,s215;O2:-2.33,-0.53,s193;O3:-0.89,-1.25,s174;O4:0.37,0.91,s170;O5:-0.89,-1.07,s156;O6:-2.33,0.19,s149;O7:-2.33,0.01,s137;O8:-2.33,-0.17,s135;O9:-2.33,-0.35,s125;O10:0.37,0.73,s98;O11:0.73,0.91,s97;O12:-0.71,-1.25,s93;O13:-0.35,-0.35,s84;O14:-0.53,-1.25,s80;O15:-2.33,0.55,s75;O16:-0.53,-0.89,s71;O17:-2.33,0.37,s60;O18:0.73,0.73,s54;O19:-0.17,-0.35,s48;O20:0.55,0.91,s44;O21:0.37,0.55,s40;O22:-2.33,-0.71,s31;O23:-0.71,-0.89,s29;O24:-0.35,-0.53,s19;O25:0.73,1.09,s11;O26:0.55,1.09,s9;O27:-2.33,0.73,s2",RUNNING,UNKNOWN_MAP_SLAM_AVOIDANCE,unknown_map;frontier_targets;static_unknown_obstacles;dynamic_wandering_robot;costmap;slam_path_planning;obstacle_avoidance,P2_Wanderer,dynamic_wandering_robot,89.4925,89.4925,0.3882,-0.18743,1,0,1,14,6,32,27,2437,27,2437,0.3882,-0.18743,2.39118,0.3882,-0.18743,2.39118
71.4,PID,HECTOR_GRID_MATCHING,HECTOR_SCAN_MATCHING_GRID,landmarks,task3,WAIT_B1_WORK_T2,WAIT_B1,DIRECT,T2,WS2,1.90524,-0.27452,-1.30197,1.902,-0.287,-1.304,0.01254,0.0447,2.12,-1.1,-1.0,-1.0,0.0,79.56122,NORMAL,3,0,0,0,27,2437,30,27,127,2437,0.2146,0.88522,0,0,2.12,-1.1,0,0,0.0,0.0,21.11042,"O1:-0.89,-0.89,s215;O2:-2.33,-0.53,s193;O3:-0.89,-1.25,s174;O4:0.37,0.91,s170;O5:-0.89,-1.07,s156;O6:-2.33,0.19,s149;O7:-2.33,0.01,s137;O8:-2.33,-0.17,s135;O9:-2.33,-0.35,s125;O10:0.37,0.73,s98;O11:0.73,0.91,s97;O12:-0.71,-1.25,s93;O13:-0.35,-0.35,s84;O14:-0.53,-1.25,s80;O15:-2.33,0.55,s75;O16:-0.53,-0.89,s71;O17:-2.33,0.37,s60;O18:0.73,0.73,s54;O19:-0.17,-0.35,s48;O20:0.55,0.91,s44;O21:0.37,0.55,s40;O22:-2.33,-0.71,s31;O23:-0.71,-0.89,s29;O24:-0.35,-0.53,s19;O25:0.73,1.09,s11;O26:0.55,1.09,s9;O27:-2.33,0.73,s2","O1:-0.89,-0.89,s215;O2:-2.33,-0.53,s193;O3:-0.89,-1.25,s174;O4:0.37,0.91,s170;O5:-0.89,-1.07,s156;O6:-2.33,0.19,s149;O7:-2.33,0.01,s137;O8:-2.33,-0.17,s135;O9:-2.33,-0.35,s125;O10:0.37,0.73,s98;O11:0.73,0.91,s97;O12:-0.71,-1.25,s93;O13:-0.35,-0.35,s84;O14:-0.53,-1.25,s80;O15:-2.33,0.55,s75;O16:-0.53,-0.89,s71;O17:-2.33,0.37,s60;O18:0.73,0.73,s54;O19:-0.17,-0.35,s48;O20:0.55,0.91,s44;O21:0.37,0.55,s40;O22:-2.33,-0.71,s31;O23:-0.71,-0.89,s29;O24:-0.35,-0.53,s19;O25:0.73,1.09,s11;O26:0.55,1.09,s9;O27:-2.33,0.73,s2",RUNNING,UNKNOWN_MAP_SLAM_AVOIDANCE,unknown_map;frontier_targets;static_unknown_obstacles;dynamic_wandering_robot;costmap;slam_path_planning;obstacle_avoidance,P2_Wanderer,dynamic_wandering_robot,89.4925,89.4925,0.36626,-0.16697,1,0,1,14,6,32,27,2437,27,2437,0.36626,-0.16697,2.39118,0.36626,-0.16697,2.39118
71.55,PID,HECTOR_GRID_MATCHING,HECTOR_SCAN_MATCHING_GRID,landmarks,task3,WAIT_B1_WORK_T2,WAIT_B1,DIRECT,T2,WS2,1.90524,-0.27452,-1.30195,1.892,-0.277,-1.3,0.01372,0.0447,2.12,-1.1,-1.0,-1.0,0.0,79.55747,NORMAL,3,0,0,0,27,2437,30,27,127,2437,0.2146,0.88522,0,0,2.12,-1.1,0,0,0.0,0.0,21.11042,"O1:-0.89,-0.89,s215;O2:-2.33,-0.53,s193;O3:-0.89,-1.25,s174;O4:0.37,0.91,s170;O5:-0.89,-1.07,s156;O6:-2.33,0.19,s149;O7:-2.33,0.01,s137;O8:-2.33,-0.17,s135;O9:-2.33,-0.35,s125;O10:0.37,0.73,s98;O11:0.73,0.91,s97;O12:-0.71,-1.25,s93;O13:-0.35,-0.35,s84;O14:-0.53,-1.25,s80;O15:-2.33,0.55,s75;O16:-0.53,-0.89,s71;O17:-2.33,0.37,s60;O18:0.73,0.73,s54;O19:-0.17,-0.35,s48;O20:0.55,0.91,s44;O21:0.37,0.55,s40;O22:-2.33,-0.71,s31;O23:-0.71,-0.89,s29;O24:-0.35,-0.53,s19;O25:0.73,1.09,s11;O26:0.55,1.09,s9;O27:-2.33,0.73,s2","O1:-0.89,-0.89,s215;O2:-2.33,-0.53,s193;O3:-0.89,-1.25,s174;O4:0.37,0.91,s170;O5:-0.89,-1.07,s156;O6:-2.33,0.19,s149;O7:-2.33,0.01,s137;O8:-2.33,-0.17,s135;O9:-2.33,-0.35,s125;O10:0.37,0.73,s98;O11:0.73,0.91,s97;O12:-0.71,-1.25,s93;O13:-0.35,-0.35,s84;O14:-0.53,-1.25,s80;O15:-2.33,0.55,s75;O16:-0.53,-0.89,s71;O17:-2.33,0.37,s60;O18:0.73,0.73,s54;O19:-0.17,-0.35,s48;O20:0.55,0.91,s44;O21:0.37,0.55,s40;O22:-2.33,-0.71,s31;O23:-0.71,-0.89,s29;O24:-0.35,-0.53,s19;O25:0.73,1.09,s11;O26:0.55,1.09,s9;O27:-2.33,0.73,s2",RUNNING,UNKNOWN_MAP_SLAM_AVOIDANCE,unknown_map;frontier_targets;static_unknown_obstacles;dynamic_wandering_robot;costmap;slam_path_planning;obstacle_avoidance,P2_Wanderer,dynamic_wandering_robot,89.4925,89.4925,0.34432,-0.14652,1,0,1,14,6,32,27,2437,27,2437,0.34432,-0.14652,2.39118,0.34432,-0.14652,2.39118
71.7,PID,HECTOR_GRID_MATCHING,HECTOR_SCAN_MATCHING_GRID,landmarks,task3,WAIT_B1_WORK_T2,WAIT_B1,DIRECT,T2,WS2,1.90523,-0.27451,-1.30193,1.895,-0.276,-1.304,0.01066,0.0447,2.12,-1.1,-1.0,-1.0,0.0,79.55372,NORMAL,3,0,0,0,27,2437,30,27,127,2437,0.2146,0.88522,0,0,2.12,-1.1,0,0,0.0,0.0,21.11042,"O1:-0.89,-0.89,s215;O2:-2.33,-0.53,s193;O3:-0.89,-1.25,s174;O4:0.37,0.91,s170;O5:-0.89,-1.07,s156;O6:-2.33,0.19,s149;O7:-2.33,0.01,s137;O8:-2.33,-0.17,s135;O9:-2.33,-0.35,s125;O10:0.37,0.73,s98;O11:0.73,0.91,s97;O12:-0.71,-1.25,s93;O13:-0.35,-0.35,s84;O14:-0.53,-1.25,s80;O15:-2.33,0.55,s75;O16:-0.53,-0.89,s71;O17:-2.33,0.37,s60;O18:0.73,0.73,s54;O19:-0.17,-0.35,s48;O20:0.55,0.91,s44;O21:0.37,0.55,s40;O22:-2.33,-0.71,s31;O23:-0.71,-0.89,s29;O24:-0.35,-0.53,s19;O25:0.73,1.09,s11;O26:0.55,1.09,s9;O27:-2.33,0.73,s2","O1:-0.89,-0.89,s215;O2:-2.33,-0.53,s193;O3:-0.89,-1.25,s174;O4:0.37,0.91,s170;O5:-0.89,-1.07,s156;O6:-2.33,0.19,s149;O7:-2.33,0.01,s137;O8:-2.33,-0.17,s135;O9:-2.33,-0.35,s125;O10:0.37,0.73,s98;O11:0.73,0.91,s97;O12:-0.71,-1.25,s93;O13:-0.35,-0.35,s84;O14:-0.53,-1.25,s80;O15:-2.33,0.55,s75;O16:-0.53,-0.89,s71;O17:-2.33,0.37,s60;O18:0.73,0.73,s54;O19:-0.17,-0.35,s48;O20:0.55,0.91,s44;O21:0.37,0.55,s40;O22:-2.33,-0.71,s31;O23:-0.71,-0.89,s29;O24:-0.35,-0.53,s19;O25:0.73,1.09,s11;O26:0.55,1.09,s9;O27:-2.33,0.73,s2",RUNNING,UNKNOWN_MAP_SLAM_AVOIDANCE,unknown_map;frontier_targets;static_unknown_obstacles;dynamic_wandering_robot;costmap;slam_path_planning;obstacle_avoidance,P2_Wanderer,dynamic_wandering_robot,89.4925,89.4925,0.32238,-0.12606,1,0,1,14,6,32,27,2437,27,2437,0.32238,-0.12606,2.39118,0.32238,-0.12606,2.39118
71.85,PID,HECTOR_GRID_MATCHING,HECTOR_SCAN_MATCHING_GRID,landmarks,task3,WAIT_B1_WORK_T2,WAIT_B1,DIRECT,T2,WS2,1.90523,-0.27451,-1.30192,1.898,-0.272,-1.305,0.00742,0.0447,2.12,-1.1,-1.0,-1.0,0.0,79.54997,NORMAL,3,0,0,0,27,2437,30,27,127,2437,0.2146,0.88522,0,0,2.12,-1.1,0,0,0.0,0.0,21.11042,"O1:-0.89,-0.89,s215;O2:-2.33,-0.53,s193;O3:-0.89,-1.25,s174;O4:0.37,0.91,s170;O5:-0.89,-1.07,s156;O6:-2.33,0.19,s149;O7:-2.33,0.01,s137;O8:-2.33,-0.17,s135;O9:-2.33,-0.35,s125;O10:0.37,0.73,s98;O11:0.73,0.91,s97;O12:-0.71,-1.25,s93;O13:-0.35,-0.35,s84;O14:-0.53,-1.25,s80;O15:-2.33,0.55,s75;O16:-0.53,-0.89,s71;O17:-2.33,0.37,s60;O18:0.73,0.73,s54;O19:-0.17,-0.35,s48;O20:0.55,0.91,s44;O21:0.37,0.55,s40;O22:-2.33,-0.71,s31;O23:-0.71,-0.89,s29;O24:-0.35,-0.53,s19;O25:0.73,1.09,s11;O26:0.55,1.09,s9;O27:-2.33,0.73,s2","O1:-0.89,-0.89,s215;O2:-2.33,-0.53,s193;O3:-0.89,-1.25,s174;O4:0.37,0.91,s170;O5:-0.89,-1.07,s156;O6:-2.33,0.19,s149;O7:-2.33,0.01,s137;O8:-2.33,-0.17,s135;O9:-2.33,-0.35,s125;O10:0.37,0.73,s98;O11:0.73,0.91,s97;O12:-0.71,-1.25,s93;O13:-0.35,-0.35,s84;O14:-0.53,-1.25,s80;O15:-2.33,0.55,s75;O16:-0.53,-0.89,s71;O17:-2.33,0.37,s60;O18:0.73,0.73,s54;O19:-0.17,-0.35,s48;O20:0.55,0.91,s44;O21:0.37,0.55,s40;O22:-2.33,-0.71,s31;O23:-0.71,-0.89,s29;O24:-0.35,-0.53,s19;O25:0.73,1.09,s11;O26:0.55,1.09,s9;O27:-2.33,0.73,s2",RUNNING,UNKNOWN_MAP_SLAM_AVOIDANCE,unknown_map;frontier_targets;static_unknown_obstacles;dynamic_wandering_robot;costmap;slam_path_planning;obstacle_avoidance,P2_Wanderer,dynamic_wandering_robot,89.4925,89.4925,0.30044,-0.1056,1,0,1,14,6,32,27,2437,27,2437,0.30044,-0.1056,2.39118,0.30044,-0.1056,2.39118
72.0,PID,HECTOR_GRID_MATCHING,HECTOR_SCAN_MATCHING_GRID,landmarks,task3,WAIT_B1_WORK_T2,WAIT_B1,DIRECT,T2,WS2,1.90523,-0.2745,-1.3019,1.9,-0.285,-1.306,0.01216,0.0447,2.12,-1.1,-1.0,-1.0,0.0,79.54622,NORMAL,3,0,0,0,27,2437,30,27,127,2437,0.2146,0.88522,0,0,2.12,-1.1,0,0,0.0,0.0,21.11042,"O1:-0.89,-0.89,s215;O2:-2.33,-0.53,s193;O3:-0.89,-1.25,s174;O4:0.37,0.91,s170;O5:-0.89,-1.07,s156;O6:-2.33,0.19,s149;O7:-2.33,0.01,s137;O8:-2.33,-0.17,s135;O9:-2.33,-0.35,s125;O10:0.37,0.73,s98;O11:0.73,0.91,s97;O12:-0.71,-1.25,s93;O13:-0.35,-0.35,s84;O14:-0.53,-1.25,s80;O15:-2.33,0.55,s75;O16:-0.53,-0.89,s71;O17:-2.33,0.37,s60;O18:0.73,0.73,s54;O19:-0.17,-0.35,s48;O20:0.55,0.91,s44;O21:0.37,0.55,s40;O22:-2.33,-0.71,s31;O23:-0.71,-0.89,s29;O24:-0.35,-0.53,s19;O25:0.73,1.09,s11;O26:0.55,1.09,s9;O27:-2.33,0.73,s2","O1:-0.89,-0.89,s215;O2:-2.33,-0.53,s193;O3:-0.89,-1.25,s174;O4:0.37,0.91,s170;O5:-0.89,-1.07,s156;O6:-2.33,0.19,s149;O7:-2.33,0.01,s137;O8:-2.33,-0.17,s135;O9:-2.33,-0.35,s125;O10:0.37,0.73,s98;O11:0.73,0.91,s97;O12:-0.71,-1.25,s93;O13:-0.35,-0.35,s84;O14:-0.53,-1.25,s80;O15:-2.33,0.55,s75;O16:-0.53,-0.89,s71;O17:-2.33,0.37,s60;O18:0.73,0.73,s54;O19:-0.17,-0.35,s48;O20:0.55,0.91,s44;O21:0.37,0.55,s40;O22:-2.33,-0.71,s31;O23:-0.71,-0.89,s29;O24:-0.35,-0.53,s19;O25:0.73,1.09,s11;O26:0.55,1.09,s9;O27:-2.33,0.73,s2",RUNNING,UNKNOWN_MAP_SLAM_AVOIDANCE,unknown_map;frontier_targets;static_unknown_obstacles;dynamic_wandering_robot;costmap;slam_path_planning;obstacle_avoidance,P2_Wanderer,dynamic_wandering_robot,89.4925,89.4925,0.27849,-0.08514,1,0,1,14,6,32,27,2437,27,2437,0.27849,-0.08514,2.39118,0.27849,-0.08514,2.39118
72.15,PID,HECTOR_GRID_MATCHING,HECTOR_SCAN_MATCHING_GRID,landmarks,task3,WAIT_B1_WORK_T2,WAIT_B1,DIRECT,T2,WS2,1.90522,-0.2745,-1.30189,1.892,-0.283,-1.305,0.01531,0.0447,2.12,-1.1,-1.0,-1.0,0.0,79.54247,NORMAL,3,0,0,0,27,2437,30,27,127,2437,0.2146,0.88522,0,0,2.12,-1.1,0,0,0.0,0.0,21.11042,"O1:-0.89,-0.89,s215;O2:-2.33,-0.53,s193;O3:-0.89,-1.25,s174;O4:0.37,0.91,s170;O5:-0.89,-1.07,s156;O6:-2.33,0.19,s149;O7:-2.33,0.01,s137;O8:-2.33,-0.17,s135;O9:-2.33,-0.35,s125;O10:0.37,0.73,s98;O11:0.73,0.91,s97;O12:-0.71,-1.25,s93;O13:-0.35,-0.35,s84;O14:-0.53,-1.25,s80;O15:-2.33,0.55,s75;O16:-0.53,-0.89,s71;O17:-2.33,0.37,s60;O18:0.73,0.73,s54;O19:-0.17,-0.35,s48;O20:0.55,0.91,s44;O21:0.37,0.55,s40;O22:-2.33,-0.71,s31;O23:-0.71,-0.89,s29;O24:-0.35,-0.53,s19;O25:0.73,1.09,s11;O26:0.55,1.09,s9;O27:-2.33,0.73,s2","O1:-0.89,-0.89,s215;O2:-2.33,-0.53,s193;O3:-0.89,-1.25,s174;O4:0.37,0.91,s170;O5:-0.89,-1.07,s156;O6:-2.33,0.19,s149;O7:-2.33,0.01,s137;O8:-2.33,-0.17,s135;O9:-2.33,-0.35,s125;O10:0.37,0.73,s98;O11:0.73,0.91,s97;O12:-0.71,-1.25,s93;O13:-0.35,-0.35,s84;O14:-0.53,-1.25,s80;O15:-2.33,0.55,s75;O16:-0.53,-0.89,s71;O17:-2.33,0.37,s60;O18:0.73,0.73,s54;O19:-0.17,-0.35,s48;O20:0.55,0.91,s44;O21:0.37,0.55,s40;O22:-2.33,-0.71,s31;O23:-0.71,-0.89,s29;O24:-0.35,-0.53,s19;O25:0.73,1.09,s11;O26:0.55,1.09,s9;O27:-2.33,0.73,s2",RUNNING,UNKNOWN_MAP_SLAM_AVOIDANCE,unknown_map;frontier_targets;static_unknown_obstacles;dynamic_wandering_robot;costmap;slam_path_planning;obstacle_avoidance,P2_Wanderer,dynamic_wandering_robot,89.4925,89.4925,0.25655,-0.06468,1,0,1,14,6,32,27,2437,27,2437,0.25655,-0.06468,2.39118,0.25655,-0.06468,2.39118
72.3,PID,HECTOR_GRID_MATCHING,HECTOR_SCAN_MATCHING_GRID,landmarks,task3,WAIT_B1_WORK_T2,WAIT_B1,DIRECT,T2,WS2,1.90521,-0.27448,-1.30188,1.9,-0.276,-1.305,0.00597,0.0447,2.12,-1.1,-1.0,-1.0,0.0,79.53872,NORMAL,3,0,0,0,27,2437,30,27,127,2437,0.2146,0.88522,0,0,2.12,-1.1,0,0,0.0,0.0,21.11042,"O1:-0.89,-0.89,s215;O2:-2.33,-0.53,s193;O3:-0.89,-1.25,s174;O4:0.37,0.91,s170;O5:-0.89,-1.07,s156;O6:-2.33,0.19,s149;O7:-2.33,0.01,s137;O8:-2.33,-0.17,s135;O9:-2.33,-0.35,s125;O10:0.37,0.73,s98;O11:0.73,0.91,s97;O12:-0.71,-1.25,s93;O13:-0.35,-0.35,s84;O14:-0.53,-1.25,s80;O15:-2.33,0.55,s75;O16:-0.53,-0.89,s71;O17:-2.33,0.37,s60;O18:0.73,0.73,s54;O19:-0.17,-0.35,s48;O20:0.55,0.91,s44;O21:0.37,0.55,s40;O22:-2.33,-0.71,s31;O23:-0.71,-0.89,s29;O24:-0.35,-0.53,s19;O25:0.73,1.09,s11;O26:0.55,1.09,s9;O27:-2.33,0.73,s2","O1:-0.89,-0.89,s215;O2:-2.33,-0.53,s193;O3:-0.89,-1.25,s174;O4:0.37,0.91,s170;O5:-0.89,-1.07,s156;O6:-2.33,0.19,s149;O7:-2.33,0.01,s137;O8:-2.33,-0.17,s135;O9:-2.33,-0.35,s125;O10:0.37,0.73,s98;O11:0.73,0.91,s97;O12:-0.71,-1.25,s93;O13:-0.35,-0.35,s84;O14:-0.53,-1.25,s80;O15:-2.33,0.55,s75;O16:-0.53,-0.89,s71;O17:-2.33,0.37,s60;O18:0.73,0.73,s54;O19:-0.17,-0.35,s48;O20:0.55,0.91,s44;O21:0.37,0.55,s40;O22:-2.33,-0.71,s31;O23:-0.71,-0.89,s29;O24:-0.35,-0.53,s19;O25:0.73,1.09,s11;O26:0.55,1.09,s9;O27:-2.33,0.73,s2",RUNNING,UNKNOWN_MAP_SLAM_AVOIDANCE,unknown_map;frontier_targets;static_unknown_obstacles;dynamic_wandering_robot;costmap;slam_path_planning;obstacle_avoidance,P2_Wanderer,dynamic_wandering_robot,89.4925,89.4925,0.23461,-0.04423,1,0,1,14,6,32,27,2437,27,2437,0.23461,-0.04423,2.39118,0.23461,-0.04423,2.39118
72.45,PID,HECTOR_GRID_MATCHING,HECTOR_SCAN_MATCHING_GRID,landmarks,task3,WAIT_B1_WORK_T2,WAIT_B1,DIRECT,T2,WS2,1.90521,-0.27448,-1.30187,1.903,-0.273,-1.301,0.00237,0.0447,2.12,-1.1,-1.0,-1.0,0.0,79.53497,NORMAL,3,0,0,0,27,2437,30,27,127,2437,0.2146,0.88522,0,0,2.12,-1.1,0,0,0.0,0.0,21.11042,"O1:-0.89,-0.89,s215;O2:-2.33,-0.53,s193;O3:-0.89,-1.25,s174;O4:0.37,0.91,s170;O5:-0.89,-1.07,s156;O6:-2.33,0.19,s149;O7:-2.33,0.01,s137;O8:-2.33,-0.17,s135;O9:-2.33,-0.35,s125;O10:0.37,0.73,s98;O11:0.73,0.91,s97;O12:-0.71,-1.25,s93;O13:-0.35,-0.35,s84;O14:-0.53,-1.25,s80;O15:-2.33,0.55,s75;O16:-0.53,-0.89,s71;O17:-2.33,0.37,s60;O18:0.73,0.73,s54;O19:-0.17,-0.35,s48;O20:0.55,0.91,s44;O21:0.37,0.55,s40;O22:-2.33,-0.71,s31;O23:-0.71,-0.89,s29;O24:-0.35,-0.53,s19;O25:0.73,1.09,s11;O26:0.55,1.09,s9;O27:-2.33,0.73,s2","O1:-0.89,-0.89,s215;O2:-2.33,-0.53,s193;O3:-0.89,-1.25,s174;O4:0.37,0.91,s170;O5:-0.89,-1.07,s156;O6:-2.33,0.19,s149;O7:-2.33,0.01,s137;O8:-2.33,-0.17,s135;O9:-2.33,-0.35,s125;O10:0.37,0.73,s98;O11:0.73,0.91,s97;O12:-0.71,-1.25,s93;O13:-0.35,-0.35,s84;O14:-0.53,-1.25,s80;O15:-2.33,0.55,s75;O16:-0.53,-0.89,s71;O17:-2.33,0.37,s60;O18:0.73,0.73,s54;O19:-0.17,-0.35,s48;O20:0.55,0.91,s44;O21:0.37,0.55,s40;O22:-2.33,-0.71,s31;O23:-0.71,-0.89,s29;O24:-0.35,-0.53,s19;O25:0.73,1.09,s11;O26:0.55,1.09,s9;O27:-2.33,0.73,s2",RUNNING,UNKNOWN_MAP_SLAM_AVOIDANCE,unknown_map;frontier_targets;static_unknown_obstacles;dynamic_wandering_robot;costmap;slam_path_planning;obstacle_avoidance,P2_Wanderer,dynamic_wandering_robot,89.4925,89.4925,0.21267,-0.02377,1,0,1,14,6,32,27,2437,27,2437,0.21267,-0.02377,2.39118,0.21267,-0.02377,2.39118
72.6,PID,HECTOR_GRID_MATCHING,HECTOR_SCAN_MATCHING_GRID,landmarks,task3,WAIT_B1_WORK_T2,WAIT_B1,DIRECT,T2,WS2,1.90521,-0.27448,-1.30185,1.905,-0.285,-1.305,0.01011,0.0447,2.12,-1.1,-1.0,-1.0,0.0,79.53122,NORMAL,3,0,0,0,27,2437,30,27,127,2437,0.2146,0.88522,0,0,2.12,-1.1,0,0,0.0,0.0,21.11042,"O1:-0.89,-0.89,s215;O2:-2.33,-0.53,s193;O3:-0.89,-1.25,s174;O4:0.37,0.91,s170;O5:-0.89,-1.07,s156;O6:-2.33,0.19,s149;O7:-2.33,0.01,s137;O8:-2.33,-0.17,s135;O9:-2.33,-0.35,s125;O10:0.37,0.73,s98;O11:0.73,0.91,s97;O12:-0.71,-1.25,s93;O13:-0.35,-0.35,s84;O14:-0.53,-1.25,s80;O15:-2.33,0.55,s75;O16:-0.53,-0.89,s71;O17:-2.33,0.37,s60;O18:0.73,0.73,s54;O19:-0.17,-0.35,s48;O20:0.55,0.91,s44;O21:0.37,0.55,s40;O22:-2.33,-0.71,s31;O23:-0.71,-0.89,s29;O24:-0.35,-0.53,s19;O25:0.73,1.09,s11;O26:0.55,1.09,s9;O27:-2.33,0.73,s2","O1:-0.89,-0.89,s215;O2:-2.33,-0.53,s193;O3:-0.89,-1.25,s174;O4:0.37,0.91,s170;O5:-0.89,-1.07,s156;O6:-2.33,0.19,s149;O7:-2.33,0.01,s137;O8:-2.33,-0.17,s135;O9:-2.33,-0.35,s125;O10:0.37,0.73,s98;O11:0.73,0.91,s97;O12:-0.71,-1.25,s93;O13:-0.35,-0.35,s84;O14:-0.53,-1.25,s80;O15:-2.33,0.55,s75;O16:-0.53,-0.89,s71;O17:-2.33,0.37,s60;O18:0.73,0.73,s54;O19:-0.17,-0.35,s48;O20:0.55,0.91,s44;O21:0.37,0.55,s40;O22:-2.33,-0.71,s31;O23:-0.71,-0.89,s29;O24:-0.35,-0.53,s19;O25:0.73,1.09,s11;O26:0.55,1.09,s9;O27:-2.33,0.73,s2",RUNNING,UNKNOWN_MAP_SLAM_AVOIDANCE,unknown_map;frontier_targets;static_unknown_obstacles;dynamic_wandering_robot;costmap;slam_path_planning;obstacle_avoidance,P2_Wanderer,dynamic_wandering_robot,89.4925,89.4925,0.19072,-0.00331,1,0,1,14,6,32,27,2437,27,2437,0.19072,-0.00331,2.39118,0.19072,-0.00331,2.39118
72.75,PID,HECTOR_GRID_MATCHING,HECTOR_SCAN_MATCHING_GRID,landmarks,task3,WAIT_B1_WORK_T2,WAIT_B1,DIRECT,T2,WS2,1.90521,-0.27447,-1.30184,1.915,-0.282,-1.3,0.01219,0.0447,2.12,-1.1,-1.0,-1.0,0.0,79.52747,NORMAL,3,0,0,0,27,2437,30,27,127,2437,0.2146,0.88522,0,0,2.12,-1.1,0,0,0.0,0.0,21.11042,"O1:-0.89,-0.89,s215;O2:-2.33,-0.53,s193;O3:-0.89,-1.25,s174;O4:0.37,0.91,s170;O5:-0.89,-1.07,s156;O6:-2.33,0.19,s149;O7:-2.33,0.01,s137;O8:-2.33,-0.17,s135;O9:-2.33,-0.35,s125;O10:0.37,0.73,s98;O11:0.73,0.91,s97;O12:-0.71,-1.25,s93;O13:-0.35,-0.35,s84;O14:-0.53,-1.25,s80;O15:-2.33,0.55,s75;O16:-0.53,-0.89,s71;O17:-2.33,0.37,s60;O18:0.73,0.73,s54;O19:-0.17,-0.35,s48;O20:0.55,0.91,s44;O21:0.37,0.55,s40;O22:-2.33,-0.71,s31;O23:-0.71,-0.89,s29;O24:-0.35,-0.53,s19;O25:0.73,1.09,s11;O26:0.55,1.09,s9;O27:-2.33,0.73,s2","O1:-0.89,-0.89,s215;O2:-2.33,-0.53,s193;O3:-0.89,-1.25,s174;O4:0.37,0.91,s170;O5:-0.89,-1.07,s156;O6:-2.33,0.19,s149;O7:-2.33,0.01,s137;O8:-2.33,-0.17,s135;O9:-2.33,-0.35,s125;O10:0.37,0.73,s98;O11:0.73,0.91,s97;O12:-0.71,-1.25,s93;O13:-0.35,-0.35,s84;O14:-0.53,-1.25,s80;O15:-2.33,0.55,s75;O16:-0.53,-0.89,s71;O17:-2.33,0.37,s60;O18:0.73,0.73,s54;O19:-0.17,-0.35,s48;O20:0.55,0.91,s44;O21:0.37,0.55,s40;O22:-2.33,-0.71,s31;O23:-0.71,-0.89,s29;O24:-0.35,-0.53,s19;O25:0.73,1.09,s11;O26:0.55,1.09,s9;O27:-2.33,0.73,s2",RUNNING,UNKNOWN_MAP_SLAM_AVOIDANCE,unknown_map;frontier_targets;static_unknown_obstacles;dynamic_wandering_robot;costmap;slam_path_planning;obstacle_avoidance,P2_Wanderer,dynamic_wandering_robot,89.4925,89.4925,0.16878,0.01715,1,0,1,14,6,32,27,2437,27,2437,0.16878,0.01715,2.39118,0.16878,0.01715,2.39118
72.9,PID,HECTOR_GRID_MATCHING,HECTOR_SCAN_MATCHING_GRID,landmarks,task3,WAIT_B1_WORK_T2,WAIT_B1,DIRECT,T2,WS2,1.9052,-0.27446,-1.30182,1.904,-0.288,-1.305,0.01323,0.0447,2.12,-1.1,-1.0,-1.0,0.0,79.52372,NORMAL,3,0,0,0,27,2437,30,27,127,2437,0.2146,0.88522,0,0,2.12,-1.1,0,0,0.0,0.0,21.11042,"O1:-0.89,-0.89,s215;O2:-2.33,-0.53,s193;O3:-0.89,-1.25,s174;O4:0.37,0.91,s170;O5:-0.89,-1.07,s156;O6:-2.33,0.19,s149;O7:-2.33,0.01,s137;O8:-2.33,-0.17,s135;O9:-2.33,-0.35,s125;O10:0.37,0.73,s98;O11:0.73,0.91,s97;O12:-0.71,-1.25,s93;O13:-0.35,-0.35,s84;O14:-0.53,-1.25,s80;O15:-2.33,0.55,s75;O16:-0.53,-0.89,s71;O17:-2.33,0.37,s60;O18:0.73,0.73,s54;O19:-0.17,-0.35,s48;O20:0.55,0.91,s44;O21:0.37,0.55,s40;O22:-2.33,-0.71,s31;O23:-0.71,-0.89,s29;O24:-0.35,-0.53,s19;O25:0.73,1.09,s11;O26:0.55,1.09,s9;O27:-2.33,0.73,s2","O1:-0.89,-0.89,s215;O2:-2.33,-0.53,s193;O3:-0.89,-1.25,s174;O4:0.37,0.91,s170;O5:-0.89,-1.07,s156;O6:-2.33,0.19,s149;O7:-2.33,0.01,s137;O8:-2.33,-0.17,s135;O9:-2.33,-0.35,s125;O10:0.37,0.73,s98;O11:0.73,0.91,s97;O12:-0.71,-1.25,s93;O13:-0.35,-0.35,s84;O14:-0.53,-1.25,s80;O15:-2.33,0.55,s75;O16:-0.53,-0.89,s71;O17:-2.33,0.37,s60;O18:0.73,0.73,s54;O19:-0.17,-0.35,s48;O20:0.55,0.91,s44;O21:0.37,0.55,s40;O22:-2.33,-0.71,s31;O23:-0.71,-0.89,s29;O24:-0.35,-0.53,s19;O25:0.73,1.09,s11;O26:0.55,1.09,s9;O27:-2.33,0.73,s2",RUNNING,UNKNOWN_MAP_SLAM_AVOIDANCE,unknown_map;frontier_targets;static_unknown_obstacles;dynamic_wandering_robot;costmap;slam_path_planning;obstacle_avoidance,P2_Wanderer,dynamic_wandering_robot,89.4925,89.4925,0.14684,0.03761,1,0,1,14,6,32,27,2437,27,2437,0.14684,0.03761,2.39118,0.14684,0.03761,2.39118
73.05,PID,HECTOR_GRID_MATCHING,HECTOR_SCAN_MATCHING_GRID,landmarks,task3,WAIT_B1_WORK_T2,WAIT_B1,DIRECT,T2,WS2,1.9052,-0.27445,-1.3018,1.907,-0.291,-1.304,0.01665,0.0447,2.12,-1.1,-1.0,-1.0,0.0,79.51997,NORMAL,3,0,0,0,27,2437,30,27,127,2437,0.2146,0.88522,0,0,2.12,-1.1,0,0,0.0,0.0,21.11042,"O1:-0.89,-0.89,s215;O2:-2.33,-0.53,s193;O3:-0.89,-1.25,s174;O4:0.37,0.91,s170;O5:-0.89,-1.07,s156;O6:-2.33,0.19,s149;O7:-2.33,0.01,s137;O8:-2.33,-0.17,s135;O9:-2.33,-0.35,s125;O10:0.37,0.73,s98;O11:0.73,0.91,s97;O12:-0.71,-1.25,s93;O13:-0.35,-0.35,s84;O14:-0.53,-1.25,s80;O15:-2.33,0.55,s75;O16:-0.53,-0.89,s71;O17:-2.33,0.37,s60;O18:0.73,0.73,s54;O19:-0.17,-0.35,s48;O20:0.55,0.91,s44;O21:0.37,0.55,s40;O22:-2.33,-0.71,s31;O23:-0.71,-0.89,s29;O24:-0.35,-0.53,s19;O25:0.73,1.09,s11;O26:0.55,1.09,s9;O27:-2.33,0.73,s2","O1:-0.89,-0.89,s215;O2:-2.33,-0.53,s193;O3:-0.89,-1.25,s174;O4:0.37,0.91,s170;O5:-0.89,-1.07,s156;O6:-2.33,0.19,s149;O7:-2.33,0.01,s137;O8:-2.33,-0.17,s135;O9:-2.33,-0.35,s125;O10:0.37,0.73,s98;O11:0.73,0.91,s97;O12:-0.71,-1.25,s93;O13:-0.35,-0.35,s84;O14:-0.53,-1.25,s80;O15:-2.33,0.55,s75;O16:-0.53,-0.89,s71;O17:-2.33,0.37,s60;O18:0.73,0.73,s54;O19:-0.17,-0.35,s48;O20:0.55,0.91,s44;O21:0.37,0.55,s40;O22:-2.33,-0.71,s31;O23:-0.71,-0.89,s29;O24:-0.35,-0.53,s19;O25:0.73,1.09,s11;O26:0.55,1.09,s9;O27:-2.33,0.73,s2",RUNNING,UNKNOWN_MAP_SLAM_AVOIDANCE,unknown_map;frontier_targets;static_unknown_obstacles;dynamic_wandering_robot;costmap;slam_path_planning;obstacle_avoidance,P2_Wanderer,dynamic_wandering_robot,89.4925,89.4925,0.1249,0.05807,1,0,1,14,6,32,27,2437,27,2437,0.1249,0.05807,2.39118,0.1249,0.05807,2.39118
73.2,PID,HECTOR_GRID_MATCHING,HECTOR_SCAN_MATCHING_GRID,landmarks,task3,WAIT_B1_WORK_T2,WAIT_B1,DIRECT,T2,WS2,1.9052,-0.27444,-1.30179,1.902,-0.282,-1.305,0.00787,0.0447,2.12,-1.1,-1.0,-1.0,0.0,79.51622,NORMAL,3,0,0,0,27,2437,30,27,127,2437,0.2146,0.88522,0,0,2.12,-1.1,0,0,0.0,0.0,21.11042,"O1:-0.89,-0.89,s215;O2:-2.33,-0.53,s193;O3:-0.89,-1.25,s174;O4:0.37,0.91,s170;O5:-0.89,-1.07,s156;O6:-2.33,0.19,s149;O7:-2.33,0.01,s137;O8:-2.33,-0.17,s135;O9:-2.33,-0.35,s125;O10:0.37,0.73,s98;O11:0.73,0.91,s97;O12:-0.71,-1.25,s93;O13:-0.35,-0.35,s84;O14:-0.53,-1.25,s80;O15:-2.33,0.55,s75;O16:-0.53,-0.89,s71;O17:-2.33,0.37,s60;O18:0.73,0.73,s54;O19:-0.17,-0.35,s48;O20:0.55,0.91,s44;O21:0.37,0.55,s40;O22:-2.33,-0.71,s31;O23:-0.71,-0.89,s29;O24:-0.35,-0.53,s19;O25:0.73,1.09,s11;O26:0.55,1.09,s9;O27:-2.33,0.73,s2","O1:-0.89,-0.89,s215;O2:-2.33,-0.53,s193;O3:-0.89,-1.25,s174;O4:0.37,0.91,s170;O5:-0.89,-1.07,s156;O6:-2.33,0.19,s149;O7:-2.33,0.01,s137;O8:-2.33,-0.17,s135;O9:-2.33,-0.35,s125;O10:0.37,0.73,s98;O11:0.73,0.91,s97;O12:-0.71,-1.25,s93;O13:-0.35,-0.35,s84;O14:-0.53,-1.25,s80;O15:-2.33,0.55,s75;O16:-0.53,-0.89,s71;O17:-2.33,0.37,s60;O18:0.73,0.73,s54;O19:-0.17,-0.35,s48;O20:0.55,0.91,s44;O21:0.37,0.55,s40;O22:-2.33,-0.71,s31;O23:-0.71,-0.89,s29;O24:-0.35,-0.53,s19;O25:0.73,1.09,s11;O26:0.55,1.09,s9;O27:-2.33,0.73,s2",RUNNING,UNKNOWN_MAP_SLAM_AVOIDANCE,unknown_map;frontier_targets;static_unknown_obstacles;dynamic_wandering_robot;costmap;slam_path_planning;obstacle_avoidance,P2_Wanderer,dynamic_wandering_robot,89.4925,89.4925,0.10296,0.07852,1,0,1,14,6,32,27,2437,27,2437,0.10296,0.07852,2.39118,0.10296,0.07852,2.39118
73.35,PID,HECTOR_GRID_MATCHING,HECTOR_SCAN_MATCHING_GRID,landmarks,task3,WAIT_B1_WORK_T2,WAIT_B1,DIRECT,T2,WS2,1.90519,-0.27443,-1.30177,1.905,-0.27,-1.311,0.00442,0.0447,2.12,-1.1,-1.0,-1.0,0.0,79.51247,NORMAL,3,0,0,0,27,2437,30,27,127,2437,0.2146,0.88522,0,0,2.12,-1.1,0,0,0.0,0.0,21.11042,"O1:-0.89,-0.89,s215;O2:-2.33,-0.53,s193;O3:-0.89,-1.25,s174;O4:0.37,0.91,s170;O5:-0.89,-1.07,s156;O6:-2.33,0.19,s149;O7:-2.33,0.01,s137;O8:-2.33,-0.17,s135;O9:-2.33,-0.35,s125;O10:0.37,0.73,s98;O11:0.73,0.91,s97;O12:-0.71,-1.25,s93;O13:-0.35,-0.35,s84;O14:-0.53,-1.25,s80;O15:-2.33,0.55,s75;O16:-0.53,-0.89,s71;O17:-2.33,0.37,s60;O18:0.73,0.73,s54;O19:-0.17,-0.35,s48;O20:0.55,0.91,s44;O21:0.37,0.55,s40;O22:-2.33,-0.71,s31;O23:-0.71,-0.89,s29;O24:-0.35,-0.53,s19;O25:0.73,1.09,s11;O26:0.55,1.09,s9;O27:-2.33,0.73,s2","O1:-0.89,-0.89,s215;O2:-2.33,-0.53,s193;O3:-0.89,-1.25,s174;O4:0.37,0.91,s170;O5:-0.89,-1.07,s156;O6:-2.33,0.19,s149;O7:-2.33,0.01,s137;O8:-2.33,-0.17,s135;O9:-2.33,-0.35,s125;O10:0.37,0.73,s98;O11:0.73,0.91,s97;O12:-0.71,-1.25,s93;O13:-0.35,-0.35,s84;O14:-0.53,-1.25,s80;O15:-2.33,0.55,s75;O16:-0.53,-0.89,s71;O17:-2.33,0.37,s60;O18:0.73,0.73,s54;O19:-0.17,-0.35,s48;O20:0.55,0.91,s44;O21:0.37,0.55,s40;O22:-2.33,-0.71,s31;O23:-0.71,-0.89,s29;O24:-0.35,-0.53,s19;O25:0.73,1.09,s11;O26:0.55,1.09,s9;O27:-2.33,0.73,s2",RUNNING,UNKNOWN_MAP_SLAM_AVOIDANCE,unknown_map;frontier_targets;static_unknown_obstacles;dynamic_wandering_robot;costmap;slam_path_planning;obstacle_avoidance,P2_Wanderer,dynamic_wandering_robot,89.4925,89.4925,0.08101,0.09898,1,0,1,14,6,32,27,2437,27,2437,0.08101,0.09898,2.39118,0.08101,0.09898,2.39118
73.5,PID,HECTOR_GRID_MATCHING,HECTOR_SCAN_MATCHING_GRID,landmarks,task3,WAIT_B1_WORK_T2,WAIT_B1,DIRECT,T2,WS2,1.90519,-0.27442,-1.30176,1.906,-0.27,-1.304,0.00469,0.0447,2.12,-1.1,-1.0,-1.0,0.0,79.50872,NORMAL,3,0,0,0,27,2437,30,27,127,2437,0.2146,0.88522,0,0,2.12,-1.1,0,0,0.0,0.0,21.11042,"O1:-0.89,-0.89,s215;O2:-2.33,-0.53,s193;O3:-0.89,-1.25,s174;O4:0.37,0.91,s170;O5:-0.89,-1.07,s156;O6:-2.33,0.19,s149;O7:-2.33,0.01,s137;O8:-2.33,-0.17,s135;O9:-2.33,-0.35,s125;O10:0.37,0.73,s98;O11:0.73,0.91,s97;O12:-0.71,-1.25,s93;O13:-0.35,-0.35,s84;O14:-0.53,-1.25,s80;O15:-2.33,0.55,s75;O16:-0.53,-0.89,s71;O17:-2.33,0.37,s60;O18:0.73,0.73,s54;O19:-0.17,-0.35,s48;O20:0.55,0.91,s44;O21:0.37,0.55,s40;O22:-2.33,-0.71,s31;O23:-0.71,-0.89,s29;O24:-0.35,-0.53,s19;O25:0.73,1.09,s11;O26:0.55,1.09,s9;O27:-2.33,0.73,s2","O1:-0.89,-0.89,s215;O2:-2.33,-0.53,s193;O3:-0.89,-1.25,s174;O4:0.37,0.91,s170;O5:-0.89,-1.07,s156;O6:-2.33,0.19,s149;O7:-2.33,0.01,s137;O8:-2.33,-0.17,s135;O9:-2.33,-0.35,s125;O10:0.37,0.73,s98;O11:0.73,0.91,s97;O12:-0.71,-1.25,s93;O13:-0.35,-0.35,s84;O14:-0.53,-1.25,s80;O15:-2.33,0.55,s75;O16:-0.53,-0.89,s71;O17:-2.33,0.37,s60;O18:0.73,0.73,s54;O19:-0.17,-0.35,s48;O20:0.55,0.91,s44;O21:0.37,0.55,s40;O22:-2.33,-0.71,s31;O23:-0.71,-0.89,s29;O24:-0.35,-0.53,s19;O25:0.73,1.09,s11;O26:0.55,1.09,s9;O27:-2.33,0.73,s2",RUNNING,UNKNOWN_MAP_SLAM_AVOIDANCE,unknown_map;frontier_targets;static_unknown_obstacles;dynamic_wandering_robot;costmap;slam_path_planning;obstacle_avoidance,P2_Wanderer,dynamic_wandering_robot,89.4925,89.4925,0.05907,0.11944,1,0,1,14,6,32,27,2437,27,2437,0.05907,0.11944,2.39118,0.05907,0.11944,2.39118
73.65,PID,HECTOR_GRID_MATCHING,HECTOR_SCAN_MATCHING_GRID,landmarks,task3,WAIT_B1_WORK_T2,WAIT_B1,DIRECT,T2,WS2,1.90519,-0.2744,-1.30174,1.9,-0.275,-1.317,0.00532,0.0447,2.12,-1.1,-1.0,-1.0,0.0,79.50497,NORMAL,3,0,0,0,27,2437,30,27,127,2437,0.2146,0.88522,0,0,2.12,-1.1,0,0,0.0,0.0,21.11042,"O1:-0.89,-0.89,s215;O2:-2.33,-0.53,s193;O3:-0.89,-1.25,s174;O4:0.37,0.91,s170;O5:-0.89,-1.07,s156;O6:-2.33,0.19,s149;O7:-2.33,0.01,s137;O8:-2.33,-0.17,s135;O9:-2.33,-0.35,s125;O10:0.37,0.73,s98;O11:0.73,0.91,s97;O12:-0.71,-1.25,s93;O13:-0.35,-0.35,s84;O14:-0.53,-1.25,s80;O15:-2.33,0.55,s75;O16:-0.53,-0.89,s71;O17:-2.33,0.37,s60;O18:0.73,0.73,s54;O19:-0.17,-0.35,s48;O20:0.55,0.91,s44;O21:0.37,0.55,s40;O22:-2.33,-0.71,s31;O23:-0.71,-0.89,s29;O24:-0.35,-0.53,s19;O25:0.73,1.09,s11;O26:0.55,1.09,s9;O27:-2.33,0.73,s2","O1:-0.89,-0.89,s215;O2:-2.33,-0.53,s193;O3:-0.89,-1.25,s174;O4:0.37,0.91,s170;O5:-0.89,-1.07,s156;O6:-2.33,0.19,s149;O7:-2.33,0.01,s137;O8:-2.33,-0.17,s135;O9:-2.33,-0.35,s125;O10:0.37,0.73,s98;O11:0.73,0.91,s97;O12:-0.71,-1.25,s93;O13:-0.35,-0.35,s84;O14:-0.53,-1.25,s80;O15:-2.33,0.55,s75;O16:-0.53,-0.89,s71;O17:-2.33,0.37,s60;O18:0.73,0.73,s54;O19:-0.17,-0.35,s48;O20:0.55,0.91,s44;O21:0.37,0.55,s40;O22:-2.33,-0.71,s31;O23:-0.71,-0.89,s29;O24:-0.35,-0.53,s19;O25:0.73,1.09,s11;O26:0.55,1.09,s9;O27:-2.33,0.73,s2",RUNNING,UNKNOWN_MAP_SLAM_AVOIDANCE,unknown_map;frontier_targets;static_unknown_obstacles;dynamic_wandering_robot;costmap;slam_path_planning;obstacle_avoidance,P2_Wanderer,dynamic_wandering_robot,89.4925,89.4925,0.03713,0.1399,1,0,1,14,6,32,27,2437,27,2437,0.03713,0.1399,2.39118,0.03713,0.1399,2.39118
73.8,PID,HECTOR_GRID_MATCHING,HECTOR_SCAN_MATCHING_GRID,landmarks,task3,WAIT_B1_WORK_T2,WAIT_B1,DIRECT,T2,WS2,1.90518,-0.27439,-1.30173,1.901,-0.273,-1.316,0.00471,0.0447,2.12,-1.1,-1.0,-1.0,0.0,79.50122,NORMAL,3,0,0,0,27,2437,30,27,127,2437,0.2146,0.88522,0,0,2.12,-1.1,0,0,0.0,0.0,21.11042,"O1:-0.89,-0.89,s215;O2:-2.33,-0.53,s193;O3:-0.89,-1.25,s174;O4:0.37,0.91,s170;O5:-0.89,-1.07,s156;O6:-2.33,0.19,s149;O7:-2.33,0.01,s137;O8:-2.33,-0.17,s135;O9:-2.33,-0.35,s125;O10:0.37,0.73,s98;O11:0.73,0.91,s97;O12:-0.71,-1.25,s93;O13:-0.35,-0.35,s84;O14:-0.53,-1.25,s80;O15:-2.33,0.55,s75;O16:-0.53,-0.89,s71;O17:-2.33,0.37,s60;O18:0.73,0.73,s54;O19:-0.17,-0.35,s48;O20:0.55,0.91,s44;O21:0.37,0.55,s40;O22:-2.33,-0.71,s31;O23:-0.71,-0.89,s29;O24:-0.35,-0.53,s19;O25:0.73,1.09,s11;O26:0.55,1.09,s9;O27:-2.33,0.73,s2","O1:-0.89,-0.89,s215;O2:-2.33,-0.53,s193;O3:-0.89,-1.25,s174;O4:0.37,0.91,s170;O5:-0.89,-1.07,s156;O6:-2.33,0.19,s149;O7:-2.33,0.01,s137;O8:-2.33,-0.17,s135;O9:-2.33,-0.35,s125;O10:0.37,0.73,s98;O11:0.73,0.91,s97;O12:-0.71,-1.25,s93;O13:-0.35,-0.35,s84;O14:-0.53,-1.25,s80;O15:-2.33,0.55,s75;O16:-0.53,-0.89,s71;O17:-2.33,0.37,s60;O18:0.73,0.73,s54;O19:-0.17,-0.35,s48;O20:0.55,0.91,s44;O21:0.37,0.55,s40;O22:-2.33,-0.71,s31;O23:-0.71,-0.89,s29;O24:-0.35,-0.53,s19;O25:0.73,1.09,s11;O26:0.55,1.09,s9;O27:-2.33,0.73,s2",RUNNING,UNKNOWN_MAP_SLAM_AVOIDANCE,unknown_map;frontier_targets;static_unknown_obstacles;dynamic_wandering_robot;costmap;slam_path_planning;obstacle_avoidance,P2_Wanderer,dynamic_wandering_robot,89.4925,89.4925,0.01519,0.16036,1,0,1,14,6,32,27,2437,27,2437,0.01519,0.16036,2.39118,0.01519,0.16036,2.39118
73.95,PID,HECTOR_GRID_MATCHING,HECTOR_SCAN_MATCHING_GRID,landmarks,task3,WAIT_B1_WORK_T2,WAIT_B1,DIRECT,T2,WS2,1.90517,-0.27437,-1.30172,1.904,-0.276,-1.306,0.00175,0.0447,2.12,-1.1,-1.0,-1.0,0.0,79.49747,NORMAL,3,0,0,0,27,2437,30,27,127,2437,0.2146,0.88522,0,0,2.12,-1.1,0,0,0.0,0.0,21.11042,"O1:-0.89,-0.89,s215;O2:-2.33,-0.53,s193;O3:-0.89,-1.25,s174;O4:0.37,0.91,s170;O5:-0.89,-1.07,s156;O6:-2.33,0.19,s149;O7:-2.33,0.01,s137;O8:-2.33,-0.17,s135;O9:-2.33,-0.35,s125;O10:0.37,0.73,s98;O11:0.73,0.91,s97;O12:-0.71,-1.25,s93;O13:-0.35,-0.35,s84;O14:-0.53,-1.25,s80;O15:-2.33,0.55,s75;O16:-0.53,-0.89,s71;O17:-2.33,0.37,s60;O18:0.73,0.73,s54;O19:-0.17,-0.35,s48;O20:0.55,0.91,s44;O21:0.37,0.55,s40;O22:-2.33,-0.71,s31;O23:-0.71,-0.89,s29;O24:-0.35,-0.53,s19;O25:0.73,1.09,s11;O26:0.55,1.09,s9;O27:-2.33,0.73,s2","O1:-0.89,-0.89,s215;O2:-2.33,-0.53,s193;O3:-0.89,-1.25,s174;O4:0.37,0.91,s170;O5:-0.89,-1.07,s156;O6:-2.33,0.19,s149;O7:-2.33,0.01,s137;O8:-2.33,-0.17,s135;O9:-2.33,-0.35,s125;O10:0.37,0.73,s98;O11:0.73,0.91,s97;O12:-0.71,-1.25,s93;O13:-0.35,-0.35,s84;O14:-0.53,-1.25,s80;O15:-2.33,0.55,s75;O16:-0.53,-0.89,s71;O17:-2.33,0.37,s60;O18:0.73,0.73,s54;O19:-0.17,-0.35,s48;O20:0.55,0.91,s44;O21:0.37,0.55,s40;O22:-2.33,-0.71,s31;O23:-0.71,-0.89,s29;O24:-0.35,-0.53,s19;O25:0.73,1.09,s11;O26:0.55,1.09,s9;O27:-2.33,0.73,s2",RUNNING,UNKNOWN_MAP_SLAM_AVOIDANCE,unknown_map;frontier_targets;static_unknown_obstacles;dynamic_wandering_robot;costmap;slam_path_planning;obstacle_avoidance,P2_Wanderer,dynamic_wandering_robot,89.4925,89.4925,-0.00676,0.18081,1,0,1,14,6,32,27,2437,27,2437,-0.00676,0.18081,2.39118,-0.00676,0.18081,2.39118
74.1,PID,HECTOR_GRID_MATCHING,HECTOR_SCAN_MATCHING_GRID,landmarks,task3,WAIT_B1_WORK_T2,WAIT_B1,DIRECT,T2,WS2,1.90516,-0.27436,-1.30171,1.901,-0.264,-1.307,0.01073,0.0447,2.12,-1.1,-1.0,-1.0,0.0,79.49372,NORMAL,3,0,0,0,27,2437,30,27,127,2437,0.2146,0.88522,0,0,2.12,-1.1,0,0,0.0,0.0,21.11042,"O1:-0.89,-0.89,s215;O2:-2.33,-0.53,s193;O3:-0.89,-1.25,s174;O4:0.37,0.91,s170;O5:-0.89,-1.07,s156;O6:-2.33,0.19,s149;O7:-2.33,0.01,s137;O8:-2.33,-0.17,s135;O9:-2.33,-0.35,s125;O10:0.37,0.73,s98;O11:0.73,0.91,s97;O12:-0.71,-1.25,s93;O13:-0.35,-0.35,s84;O14:-0.53,-1.25,s80;O15:-2.33,0.55,s75;O16:-0.53,-0.89,s71;O17:-2.33,0.37,s60;O18:0.73,0.73,s54;O19:-0.17,-0.35,s48;O20:0.55,0.91,s44;O21:0.37,0.55,s40;O22:-2.33,-0.71,s31;O23:-0.71,-0.89,s29;O24:-0.35,-0.53,s19;O25:0.73,1.09,s11;O26:0.55,1.09,s9;O27:-2.33,0.73,s2","O1:-0.89,-0.89,s215;O2:-2.33,-0.53,s193;O3:-0.89,-1.25,s174;O4:0.37,0.91,s170;O5:-0.89,-1.07,s156;O6:-2.33,0.19,s149;O7:-2.33,0.01,s137;O8:-2.33,-0.17,s135;O9:-2.33,-0.35,s125;O10:0.37,0.73,s98;O11:0.73,0.91,s97;O12:-0.71,-1.25,s93;O13:-0.35,-0.35,s84;O14:-0.53,-1.25,s80;O15:-2.33,0.55,s75;O16:-0.53,-0.89,s71;O17:-2.33,0.37,s60;O18:0.73,0.73,s54;O19:-0.17,-0.35,s48;O20:0.55,0.91,s44;O21:0.37,0.55,s40;O22:-2.33,-0.71,s31;O23:-0.71,-0.89,s29;O24:-0.35,-0.53,s19;O25:0.73,1.09,s11;O26:0.55,1.09,s9;O27:-2.33,0.73,s2",RUNNING,UNKNOWN_MAP_SLAM_AVOIDANCE,unknown_map;frontier_targets;static_unknown_obstacles;dynamic_wandering_robot;costmap;slam_path_planning;obstacle_avoidance,P2_Wanderer,dynamic_wandering_robot,89.4925,89.4925,-0.0287,0.20127,1,0,1,14,6,32,27,2437,27,2437,-0.0287,0.20127,2.39118,-0.0287,0.20127,2.39118
74.25,PID,HECTOR_GRID_MATCHING,HECTOR_SCAN_MATCHING_GRID,landmarks,task3,WAIT_B1_WORK_T2,WAIT_B1,DIRECT,T2,WS2,1.90515,-0.27435,-1.3017,1.897,-0.266,-1.312,0.01195,0.0447,2.12,-1.1,-1.0,-1.0,0.0,79.48997,NORMAL,3,0,0,0,27,2437,30,27,127,2437,0.2146,0.88522,0,0,2.12,-1.1,0,0,0.0,0.0,21.11042,"O1:-0.89,-0.89,s215;O2:-2.33,-0.53,s193;O3:-0.89,-1.25,s174;O4:0.37,0.91,s170;O5:-0.89,-1.07,s156;O6:-2.33,0.19,s149;O7:-2.33,0.01,s137;O8:-2.33,-0.17,s135;O9:-2.33,-0.35,s125;O10:0.37,0.73,s98;O11:0.73,0.91,s97;O12:-0.71,-1.25,s93;O13:-0.35,-0.35,s84;O14:-0.53,-1.25,s80;O15:-2.33,0.55,s75;O16:-0.53,-0.89,s71;O17:-2.33,0.37,s60;O18:0.73,0.73,s54;O19:-0.17,-0.35,s48;O20:0.55,0.91,s44;O21:0.37,0.55,s40;O22:-2.33,-0.71,s31;O23:-0.71,-0.89,s29;O24:-0.35,-0.53,s19;O25:0.73,1.09,s11;O26:0.55,1.09,s9;O27:-2.33,0.73,s2","O1:-0.89,-0.89,s215;O2:-2.33,-0.53,s193;O3:-0.89,-1.25,s174;O4:0.37,0.91,s170;O5:-0.89,-1.07,s156;O6:-2.33,0.19,s149;O7:-2.33,0.01,s137;O8:-2.33,-0.17,s135;O9:-2.33,-0.35,s125;O10:0.37,0.73,s98;O11:0.73,0.91,s97;O12:-0.71,-1.25,s93;O13:-0.35,-0.35,s84;O14:-0.53,-1.25,s80;O15:-2.33,0.55,s75;O16:-0.53,-0.89,s71;O17:-2.33,0.37,s60;O18:0.73,0.73,s54;O19:-0.17,-0.35,s48;O20:0.55,0.91,s44;O21:0.37,0.55,s40;O22:-2.33,-0.71,s31;O23:-0.71,-0.89,s29;O24:-0.35,-0.53,s19;O25:0.73,1.09,s11;O26:0.55,1.09,s9;O27:-2.33,0.73,s2",RUNNING,UNKNOWN_MAP_SLAM_AVOIDANCE,unknown_map;frontier_targets;static_unknown_obstacles;dynamic_wandering_robot;costmap;slam_path_planning;obstacle_avoidance,P2_Wanderer,dynamic_wandering_robot,89.4925,89.4925,-0.05064,0.22173,1,0,1,14,6,32,27,2437,27,2437,-0.05064,0.22173,2.39118,-0.05064,0.22173,2.39118
74.4,PID,HECTOR_GRID_MATCHING,HECTOR_SCAN_MATCHING_GRID,landmarks,task3,WAIT_B1_WORK_T2,WAIT_B1,DIRECT,T2,WS2,1.90515,-0.27435,-1.30168,1.913,-0.265,-1.322,0.01238,0.0447,2.12,-1.1,-1.0,-1.0,0.0,79.48622,NORMAL,3,0,0,0,27,2437,30,27,127,2437,0.2146,0.88522,0,0,2.12,-1.1,0,0,0.0,0.0,21.11042,"O1:-0.89,-0.89,s215;O2:-2.33,-0.53,s193;O3:-0.89,-1.25,s174;O4:0.37,0.91,s170;O5:-0.89,-1.07,s156;O6:-2.33,0.19,s149;O7:-2.33,0.01,s137;O8:-2.33,-0.17,s135;O9:-2.33,-0.35,s125;O10:0.37,0.73,s98;O11:0.73,0.91,s97;O12:-0.71,-1.25,s93;O13:-0.35,-0.35,s84;O14:-0.53,-1.25,s80;O15:-2.33,0.55,s75;O16:-0.53,-0.89,s71;O17:-2.33,0.37,s60;O18:0.73,0.73,s54;O19:-0.17,-0.35,s48;O20:0.55,0.91,s44;O21:0.37,0.55,s40;O22:-2.33,-0.71,s31;O23:-0.71,-0.89,s29;O24:-0.35,-0.53,s19;O25:0.73,1.09,s11;O26:0.55,1.09,s9;O27:-2.33,0.73,s2","O1:-0.89,-0.89,s215;O2:-2.33,-0.53,s193;O3:-0.89,-1.25,s174;O4:0.37,0.91,s170;O5:-0.89,-1.07,s156;O6:-2.33,0.19,s149;O7:-2.33,0.01,s137;O8:-2.33,-0.17,s135;O9:-2.33,-0.35,s125;O10:0.37,0.73,s98;O11:0.73,0.91,s97;O12:-0.71,-1.25,s93;O13:-0.35,-0.35,s84;O14:-0.53,-1.25,s80;O15:-2.33,0.55,s75;O16:-0.53,-0.89,s71;O17:-2.33,0.37,s60;O18:0.73,0.73,s54;O19:-0.17,-0.35,s48;O20:0.55,0.91,s44;O21:0.37,0.55,s40;O22:-2.33,-0.71,s31;O23:-0.71,-0.89,s29;O24:-0.35,-0.53,s19;O25:0.73,1.09,s11;O26:0.55,1.09,s9;O27:-2.33,0.73,s2",RUNNING,UNKNOWN_MAP_SLAM_AVOIDANCE,unknown_map;frontier_targets;static_unknown_obstacles;dynamic_wandering_robot;costmap;slam_path_planning;obstacle_avoidance,P2_Wanderer,dynamic_wandering_robot,89.4925,89.4925,-0.07258,0.24219,1,0,1,14,6,32,27,2437,27,2437,-0.07258,0.24219,2.39118,-0.07258,0.24219,2.39118
74.55,PID,HECTOR_GRID_MATCHING,HECTOR_SCAN_MATCHING_GRID,landmarks,task4,PICK_RETURN_T2_WS2,WAIT_B1,DIRECT,T2,WS2,1.90514,-0.27433,-1.30167,1.914,-0.27,-1.328,0.00979,0.0447,2.12,-1.1,-1.0,-1.0,0.0,79.48247,NORMAL,3,0,0,0,27,2437,30,27,127,2437,0.2146,0.88522,0,0,2.12,-1.1,0,0,0.0,0.0,21.11042,"O1:-0.89,-0.89,s215;O2:-2.33,-0.53,s193;O3:-0.89,-1.25,s174;O4:0.37,0.91,s170;O5:-0.89,-1.07,s156;O6:-2.33,0.19,s149;O7:-2.33,0.01,s137;O8:-2.33,-0.17,s135;O9:-2.33,-0.35,s125;O10:0.37,0.73,s98;O11:0.73,0.91,s97;O12:-0.71,-1.25,s93;O13:-0.35,-0.35,s84;O14:-0.53,-1.25,s80;O15:-2.33,0.55,s75;O16:-0.53,-0.89,s71;O17:-2.33,0.37,s60;O18:0.73,0.73,s54;O19:-0.17,-0.35,s48;O20:0.55,0.91,s44;O21:0.37,0.55,s40;O22:-2.33,-0.71,s31;O23:-0.71,-0.89,s29;O24:-0.35,-0.53,s19;O25:0.73,1.09,s11;O26:0.55,1.09,s9;O27:-2.33,0.73,s2","O1:-0.89,-0.89,s215;O2:-2.33,-0.53,s193;O3:-0.89,-1.25,s174;O4:0.37,0.91,s170;O5:-0.89,-1.07,s156;O6:-2.33,0.19,s149;O7:-2.33,0.01,s137;O8:-2.33,-0.17,s135;O9:-2.33,-0.35,s125;O10:0.37,0.73,s98;O11:0.73,0.91,s97;O12:-0.71,-1.25,s93;O13:-0.35,-0.35,s84;O14:-0.53,-1.25,s80;O15:-2.33,0.55,s75;O16:-0.53,-0.89,s71;O17:-2.33,0.37,s60;O18:0.73,0.73,s54;O19:-0.17,-0.35,s48;O20:0.55,0.91,s44;O21:0.37,0.55,s40;O22:-2.33,-0.71,s31;O23:-0.71,-0.89,s29;O24:-0.35,-0.53,s19;O25:0.73,1.09,s11;O26:0.55,1.09,s9;O27:-2.33,0.73,s2",RUNNING,UNKNOWN_MAP_SLAM_AVOIDANCE,unknown_map;frontier_targets;static_unknown_obstacles;dynamic_wandering_robot;costmap;slam_path_planning;obstacle_avoidance,P2_Wanderer,dynamic_wandering_robot,89.4925,89.4925,-0.09453,0.26265,1,0,1,14,6,32,27,2437,27,2437,-0.09453,0.26265,2.39118,-0.09453,0.26265,2.39118
74.7,PID,HECTOR_GRID_MATCHING,HECTOR_SCAN_MATCHING_GRID,landmarks,task4,PICK_RETURN_T2_WS2,MANIPULATING,DIRECT,T2,WS2,1.90514,-0.27432,-1.30166,1.908,-0.274,-1.319,0.00338,0.0447,2.12,-1.1,-1.0,-1.0,0.0,79.47872,NORMAL,3,0,0,0,27,2437,30,27,127,2437,0.2146,0.88522,0,0,2.12,-1.1,0,0,0.0,0.0,21.11042,"O1:-0.89,-0.89,s215;O2:-2.33,-0.53,s193;O3:-0.89,-1.25,s174;O4:0.37,0.91,s170;O5:-0.89,-1.07,s156;O6:-2.33,0.19,s149;O7:-2.33,0.01,s137;O8:-2.33,-0.17,s135;O9:-2.33,-0.35,s125;O10:0.37,0.73,s98;O11:0.73,0.91,s97;O12:-0.71,-1.25,s93;O13:-0.35,-0.35,s84;O14:-0.53,-1.25,s80;O15:-2.33,0.55,s75;O16:-0.53,-0.89,s71;O17:-2.33,0.37,s60;O18:0.73,0.73,s54;O19:-0.17,-0.35,s48;O20:0.55,0.91,s44;O21:0.37,0.55,s40;O22:-2.33,-0.71,s31;O23:-0.71,-0.89,s29;O24:-0.35,-0.53,s19;O25:0.73,1.09,s11;O26:0.55,1.09,s9;O27:-2.33,0.73,s2","O1:-0.89,-0.89,s215;O2:-2.33,-0.53,s193;O3:-0.89,-1.25,s174;O4:0.37,0.91,s170;O5:-0.89,-1.07,s156;O6:-2.33,0.19,s149;O7:-2.33,0.01,s137;O8:-2.33,-0.17,s135;O9:-2.33,-0.35,s125;O10:0.37,0.73,s98;O11:0.73,0.91,s97;O12:-0.71,-1.25,s93;O13:-0.35,-0.35,s84;O14:-0.53,-1.25,s80;O15:-2.33,0.55,s75;O16:-0.53,-0.89,s71;O17:-2.33,0.37,s60;O18:0.73,0.73,s54;O19:-0.17,-0.35,s48;O20:0.55,0.91,s44;O21:0.37,0.55,s40;O22:-2.33,-0.71,s31;O23:-0.71,-0.89,s29;O24:-0.35,-0.53,s19;O25:0.73,1.09,s11;O26:0.55,1.09,s9;O27:-2.33,0.73,s2",RUNNING,UNKNOWN_MAP_SLAM_AVOIDANCE,unknown_map;frontier_targets;static_unknown_obstacles;dynamic_wandering_robot;costmap;slam_path_planning;obstacle_avoidance,P2_Wanderer,dynamic_wandering_robot,89.4925,89.4925,-0.11647,0.28311,1,0,1,14,6,32,27,2437,27,2437,-0.11647,0.28311,2.39118,-0.11647,0.28311,2.39118
74.85,PID,HECTOR_GRID_MATCHING,HECTOR_SCAN_MATCHING_GRID,landmarks,task4,PICK_RETURN_T2_WS2,MANIPULATING,DIRECT,T2,WS2,1.90513,-0.27431,-1.30165,1.906,-0.269,-1.302,0.00501,0.0447,2.12,-1.1,-1.0,-1.0,0.0,79.47497,NORMAL,3,0,0,0,27,2437,30,27,127,2437,0.2146,0.88522,0,0,2.12,-1.1,0,0,0.0,0.0,21.11042,"O1:-0.89,-0.89,s215;O2:-2.33,-0.53,s193;O3:-0.89,-1.25,s174;O4:0.37,0.91,s170;O5:-0.89,-1.07,s156;O6:-2.33,0.19,s149;O7:-2.33,0.01,s137;O8:-2.33,-0.17,s135;O9:-2.33,-0.35,s125;O10:0.37,0.73,s98;O11:0.73,0.91,s97;O12:-0.71,-1.25,s93;O13:-0.35,-0.35,s84;O14:-0.53,-1.25,s80;O15:-2.33,0.55,s75;O16:-0.53,-0.89,s71;O17:-2.33,0.37,s60;O18:0.73,0.73,s54;O19:-0.17,-0.35,s48;O20:0.55,0.91,s44;O21:0.37,0.55,s40;O22:-2.33,-0.71,s31;O23:-0.71,-0.89,s29;O24:-0.35,-0.53,s19;O25:0.73,1.09,s11;O26:0.55,1.09,s9;O27:-2.33,0.73,s2","O1:-0.89,-0.89,s215;O2:-2.33,-0.53,s193;O3:-0.89,-1.25,s174;O4:0.37,0.91,s170;O5:-0.89,-1.07,s156;O6:-2.33,0.19,s149;O7:-2.33,0.01,s137;O8:-2.33,-0.17,s135;O9:-2.33,-0.35,s125;O10:0.37,0.73,s98;O11:0.73,0.91,s97;O12:-0.71,-1.25,s93;O13:-0.35,-0.35,s84;O14:-0.53,-1.25,s80;O15:-2.33,0.55,s75;O16:-0.53,-0.89,s71;O17:-2.33,0.37,s60;O18:0.73,0.73,s54;O19:-0.17,-0.35,s48;O20:0.55,0.91,s44;O21:0.37,0.55,s40;O22:-2.33,-0.71,s31;O23:-0.71,-0.89,s29;O24:-0.35,-0.53,s19;O25:0.73,1.09,s11;O26:0.55,1.09,s9;O27:-2.33,0.73,s2",RUNNING,UNKNOWN_MAP_SLAM_AVOIDANCE,unknown_map;frontier_targets;static_unknown_obstacles;dynamic_wandering_robot;costmap;slam_path_planning;obstacle_avoidance,P2_Wanderer,dynamic_wandering_robot,89.4925,89.4925,-0.13841,0.30356,1,0,1,14,6,32,27,2437,27,2437,-0.13841,0.30356,2.39118,-0.13841,0.30356,2.39118
75.0,PID,HECTOR_GRID_MATCHING,HECTOR_SCAN_MATCHING_GRID,landmarks,task4,PICK_RETURN_T2_WS2,MANIPULATING,DIRECT,T2,WS2,1.90513,-0.27429,-1.30163,1.9,-0.274,-1.295,0.00492,0.0447,2.12,-1.1,-1.0,-1.0,0.0,79.47122,NORMAL,3,0,0,0,27,2437,30,27,127,2437,0.2146,0.88522,0,0,2.12,-1.1,0,0,0.0,0.0,21.11042,"O1:-0.89,-0.89,s215;O2:-2.33,-0.53,s193;O3:-0.89,-1.25,s174;O4:0.37,0.91,s170;O5:-0.89,-1.07,s156;O6:-2.33,0.19,s149;O7:-2.33,0.01,s137;O8:-2.33,-0.17,s135;O9:-2.33,-0.35,s125;O10:0.37,0.73,s98;O11:0.73,0.91,s97;O12:-0.71,-1.25,s93;O13:-0.35,-0.35,s84;O14:-0.53,-1.25,s80;O15:-2.33,0.55,s75;O16:-0.53,-0.89,s71;O17:-2.33,0.37,s60;O18:0.73,0.73,s54;O19:-0.17,-0.35,s48;O20:0.55,0.91,s44;O21:0.37,0.55,s40;O22:-2.33,-0.71,s31;O23:-0.71,-0.89,s29;O24:-0.35,-0.53,s19;O25:0.73,1.09,s11;O26:0.55,1.09,s9;O27:-2.33,0.73,s2","O1:-0.89,-0.89,s215;O2:-2.33,-0.53,s193;O3:-0.89,-1.25,s174;O4:0.37,0.91,s170;O5:-0.89,-1.07,s156;O6:-2.33,0.19,s149;O7:-2.33,0.01,s137;O8:-2.33,-0.17,s135;O9:-2.33,-0.35,s125;O10:0.37,0.73,s98;O11:0.73,0.91,s97;O12:-0.71,-1.25,s93;O13:-0.35,-0.35,s84;O14:-0.53,-1.25,s80;O15:-2.33,0.55,s75;O16:-0.53,-0.89,s71;O17:-2.33,0.37,s60;O18:0.73,0.73,s54;O19:-0.17,-0.35,s48;O20:0.55,0.91,s44;O21:0.37,0.55,s40;O22:-2.33,-0.71,s31;O23:-0.71,-0.89,s29;O24:-0.35,-0.53,s19;O25:0.73,1.09,s11;O26:0.55,1.09,s9;O27:-2.33,0.73,s2",RUNNING,UNKNOWN_MAP_SLAM_AVOIDANCE,unknown_map;frontier_targets;static_unknown_obstacles;dynamic_wandering_robot;costmap;slam_path_planning;obstacle_avoidance,P2_Wanderer,dynamic_wandering_robot,89.4925,89.4925,-0.16035,0.32402,1,0,1,14,6,32,27,2437,27,2437,-0.16035,0.32402,2.39118,-0.16035,0.32402,2.39118
75.15,PID,HECTOR_GRID_MATCHING,HECTOR_SCAN_MATCHING_GRID,landmarks,task4,PICK_RETURN_T2_WS2,MANIPULATING,DIRECT,T2,WS2,1.90512,-0.27428,-1.30162,1.898,-0.273,-1.297,0.00771,0.0447,2.12,-1.1,-1.0,-1.0,0.0,79.46747,NORMAL,3,0,0,0,27,2437,30,27,127,2437,0.2146,0.88522,0,0,2.12,-1.1,0,0,0.0,0.0,21.11042,"O1:-0.89,-0.89,s215;O2:-2.33,-0.53,s193;O3:-0.89,-1.25,s174;O4:0.37,0.91,s170;O5:-0.89,-1.07,s156;O6:-2.33,0.19,s149;O7:-2.33,0.01,s137;O8:-2.33,-0.17,s135;O9:-2.33,-0.35,s125;O10:0.37,0.73,s98;O11:0.73,0.91,s97;O12:-0.71,-1.25,s93;O13:-0.35,-0.35,s84;O14:-0.53,-1.25,s80;O15:-2.33,0.55,s75;O16:-0.53,-0.89,s71;O17:-2.33,0.37,s60;O18:0.73,0.73,s54;O19:-0.17,-0.35,s48;O20:0.55,0.91,s44;O21:0.37,0.55,s40;O22:-2.33,-0.71,s31;O23:-0.71,-0.89,s29;O24:-0.35,-0.53,s19;O25:0.73,1.09,s11;O26:0.55,1.09,s9;O27:-2.33,0.73,s2","O1:-0.89,-0.89,s215;O2:-2.33,-0.53,s193;O3:-0.89,-1.25,s174;O4:0.37,0.91,s170;O5:-0.89,-1.07,s156;O6:-2.33,0.19,s149;O7:-2.33,0.01,s137;O8:-2.33,-0.17,s135;O9:-2.33,-0.35,s125;O10:0.37,0.73,s98;O11:0.73,0.91,s97;O12:-0.71,-1.25,s93;O13:-0.35,-0.35,s84;O14:-0.53,-1.25,s80;O15:-2.33,0.55,s75;O16:-0.53,-0.89,s71;O17:-2.33,0.37,s60;O18:0.73,0.73,s54;O19:-0.17,-0.35,s48;O20:0.55,0.91,s44;O21:0.37,0.55,s40;O22:-2.33,-0.71,s31;O23:-0.71,-0.89,s29;O24:-0.35,-0.53,s19;O25:0.73,1.09,s11;O26:0.55,1.09,s9;O27:-2.33,0.73,s2",RUNNING,UNKNOWN_MAP_SLAM_AVOIDANCE,unknown_map;frontier_targets;static_unknown_obstacles;dynamic_wandering_robot;costmap;slam_path_planning;obstacle_avoidance,P2_Wanderer,dynamic_wandering_robot,89.4925,89.4925,-0.18229,0.34448,1,0,1,14,6,32,27,2437,27,2437,-0.18229,0.34448,2.39118,-0.18229,0.34448,2.39118
75.3,PID,HECTOR_GRID_MATCHING,HECTOR_SCAN_MATCHING_GRID,landmarks,task4,PICK_RETURN_T2_WS2,MANIPULATING,DIRECT,T2,WS2,1.90512,-0.27428,-1.3016,1.902,-0.275,-1.298,0.00283,0.0447,2.12,-1.1,-1.0,-1.0,0.0,79.46372,NORMAL,3,0,0,0,27,2437,30,27,127,2437,0.2146,0.88522,0,0,2.12,-1.1,0,0,0.0,0.0,21.11042,"O1:-0.89,-0.89,s215;O2:-2.33,-0.53,s193;O3:-0.89,-1.25,s174;O4:0.37,0.91,s170;O5:-0.89,-1.07,s156;O6:-2.33,0.19,s149;O7:-2.33,0.01,s137;O8:-2.33,-0.17,s135;O9:-2.33,-0.35,s125;O10:0.37,0.73,s98;O11:0.73,0.91,s97;O12:-0.71,-1.25,s93;O13:-0.35,-0.35,s84;O14:-0.53,-1.25,s80;O15:-2.33,0.55,s75;O16:-0.53,-0.89,s71;O17:-2.33,0.37,s60;O18:0.73,0.73,s54;O19:-0.17,-0.35,s48;O20:0.55,0.91,s44;O21:0.37,0.55,s40;O22:-2.33,-0.71,s31;O23:-0.71,-0.89,s29;O24:-0.35,-0.53,s19;O25:0.73,1.09,s11;O26:0.55,1.09,s9;O27:-2.33,0.73,s2","O1:-0.89,-0.89,s215;O2:-2.33,-0.53,s193;O3:-0.89,-1.25,s174;O4:0.37,0.91,s170;O5:-0.89,-1.07,s156;O6:-2.33,0.19,s149;O7:-2.33,0.01,s137;O8:-2.33,-0.17,s135;O9:-2.33,-0.35,s125;O10:0.37,0.73,s98;O11:0.73,0.91,s97;O12:-0.71,-1.25,s93;O13:-0.35,-0.35,s84;O14:-0.53,-1.25,s80;O15:-2.33,0.55,s75;O16:-0.53,-0.89,s71;O17:-2.33,0.37,s60;O18:0.73,0.73,s54;O19:-0.17,-0.35,s48;O20:0.55,0.91,s44;O21:0.37,0.55,s40;O22:-2.33,-0.71,s31;O23:-0.71,-0.89,s29;O24:-0.35,-0.53,s19;O25:0.73,1.09,s11;O26:0.55,1.09,s9;O27:-2.33,0.73,s2",RUNNING,UNKNOWN_MAP_SLAM_AVOIDANCE,unknown_map;frontier_targets;static_unknown_obstacles;dynamic_wandering_robot;costmap;slam_path_planning;obstacle_avoidance,P2_Wanderer,dynamic_wandering_robot,89.4925,89.4925,-0.20424,0.36494,1,0,1,14,6,32,27,2437,27,2437,-0.20424,0.36494,2.39118,-0.20424,0.36494,2.39118
75.45,PID,HECTOR_GRID_MATCHING,HECTOR_SCAN_MATCHING_GRID,landmarks,task4,TO_RACK_T2_RETURN,MANIPULATING,DIRECT,T2,WS2,1.9051,-0.27427,-1.30159,1.891,-0.278,-1.296,0.015,0.0447,2.12,-1.1,-1.0,-1.0,0.0,79.45997,NORMAL,3,0,0,0,27,2437,30,27,127,2437,0.2146,0.88522,0,0,2.12,-1.1,0,0,0.0,0.0,21.11042,"O1:-0.89,-0.89,s215;O2:-2.33,-0.53,s193;O3:-0.89,-1.25,s174;O4:0.37,0.91,s170;O5:-0.89,-1.07,s156;O6:-2.33,0.19,s149;O7:-2.33,0.01,s137;O8:-2.33,-0.17,s135;O9:-2.33,-0.35,s125;O10:0.37,0.73,s98;O11:0.73,0.91,s97;O12:-0.71,-1.25,s93;O13:-0.35,-0.35,s84;O14:-0.53,-1.25,s80;O15:-2.33,0.55,s75;O16:-0.53,-0.89,s71;O17:-2.33,0.37,s60;O18:0.73,0.73,s54;O19:-0.17,-0.35,s48;O20:0.55,0.91,s44;O21:0.37,0.55,s40;O22:-2.33,-0.71,s31;O23:-0.71,-0.89,s29;O24:-0.35,-0.53,s19;O25:0.73,1.09,s11;O26:0.55,1.09,s9;O27:-2.33,0.73,s2","O1:-0.89,-0.89,s215;O2:-2.33,-0.53,s193;O3:-0.89,-1.25,s174;O4:0.37,0.91,s170;O5:-0.89,-1.07,s156;O6:-2.33,0.19,s149;O7:-2.33,0.01,s137;O8:-2.33,-0.17,s135;O9:-2.33,-0.35,s125;O10:0.37,0.73,s98;O11:0.73,0.91,s97;O12:-0.71,-1.25,s93;O13:-0.35,-0.35,s84;O14:-0.53,-1.25,s80;O15:-2.33,0.55,s75;O16:-0.53,-0.89,s71;O17:-2.33,0.37,s60;O18:0.73,0.73,s54;O19:-0.17,-0.35,s48;O20:0.55,0.91,s44;O21:0.37,0.55,s40;O22:-2.33,-0.71,s31;O23:-0.71,-0.89,s29;O24:-0.35,-0.53,s19;O25:0.73,1.09,s11;O26:0.55,1.09,s9;O27:-2.33,0.73,s2",RUNNING,UNKNOWN_MAP_SLAM_AVOIDANCE,unknown_map;frontier_targets;static_unknown_obstacles;dynamic_wandering_robot;costmap;slam_path_planning;obstacle_avoidance,P2_Wanderer,dynamic_wandering_robot,89.4925,89.4925,-0.22618,0.3854,1,0,1,14,6,32,27,2437,27,2437,-0.22618,0.3854,2.39118,-0.22618,0.3854,2.39118
75.6,PID,HECTOR_GRID_MATCHING,HECTOR_SCAN_MATCHING_GRID,landmarks,task4,TO_RACK_T2_RETURN,ROUTE,DIRECT,T2,WS2,1.90371,-0.27542,-1.26331,1.893,-0.274,-1.273,0.01105,0.0447,2.12,-1.1,1.80996,-1.0,0.0,79.45257,NORMAL,3,0,0,0,27,2437,30,27,127,2437,0.2146,0.88522,0,0,1.46,1.48,0,0,0.0,1.27675,21.4296,"O1:-0.89,-0.89,s215;O2:-2.33,-0.53,s193;O3:-0.89,-1.25,s174;O4:0.37,0.91,s170;O5:-0.89,-1.07,s156;O6:-2.33,0.19,s149;O7:-2.33,0.01,s137;O8:-2.33,-0.17,s135;O9:-2.33,-0.35,s125;O10:0.37,0.73,s98;O11:0.73,0.91,s97;O12:-0.71,-1.25,s93;O13:-0.35,-0.35,s84;O14:-0.53,-1.25,s80;O15:-2.33,0.55,s75;O16:-0.53,-0.89,s71;O17:-2.33,0.37,s60;O18:0.73,0.73,s54;O19:-0.17,-0.35,s48;O20:0.55,0.91,s44;O21:0.37,0.55,s40;O22:-2.33,-0.71,s31;O23:-0.71,-0.89,s29;O24:-0.35,-0.53,s19;O25:0.73,1.09,s11;O26:0.55,1.09,s9;O27:-2.33,0.73,s2","O1:-0.89,-0.89,s215;O2:-2.33,-0.53,s193;O3:-0.89,-1.25,s174;O4:0.37,0.91,s170;O5:-0.89,-1.07,s156;O6:-2.33,0.19,s149;O7:-2.33,0.01,s137;O8:-2.33,-0.17,s135;O9:-2.33,-0.35,s125;O10:0.37,0.73,s98;O11:0.73,0.91,s97;O12:-0.71,-1.25,s93;O13:-0.35,-0.35,s84;O14:-0.53,-1.25,s80;O15:-2.33,0.55,s75;O16:-0.53,-0.89,s71;O17:-2.33,0.37,s60;O18:0.73,0.73,s54;O19:-0.17,-0.35,s48;O20:0.55,0.91,s44;O21:0.37,0.55,s40;O22:-2.33,-0.71,s31;O23:-0.71,-0.89,s29;O24:-0.35,-0.53,s19;O25:0.73,1.09,s11;O26:0.55,1.09,s9;O27:-2.33,0.73,s2",RUNNING,UNKNOWN_MAP_SLAM_AVOIDANCE,unknown_map;frontier_targets;static_unknown_obstacles;dynamic_wandering_robot;costmap;slam_path_planning;obstacle_avoidance,P2_Wanderer,dynamic_wandering_robot,89.4925,89.4925,-0.24812,0.40585,1,0,1,14,6,32,27,2437,27,2437,-0.24812,0.40585,2.39118,-0.24812,0.40585,2.39118
75.75,PID,HECTOR_GRID_MATCHING,HECTOR_SCAN_MATCHING_GRID,landmarks,task4,TO_RACK_T2_RETURN,ROUTE,DIRECT,T2,WS2,1.90015,-0.28077,-1.15441,1.896,-0.279,-1.187,0.00525,0.04465,2.12,-1.1,1.81315,-1.0,0.0,79.442,NORMAL,3,0,0,0,27,2437,30,27,127,2437,0.2146,0.88522,0,0,1.46,1.48,0,0,0.0,1.31858,21.44006,"O1:-0.89,-0.89,s215;O2:-2.33,-0.53,s193;O3:-0.89,-1.25,s174;O4:0.37,0.91,s170;O5:-0.89,-1.07,s156;O6:-2.33,0.19,s149;O7:-2.33,0.01,s137;O8:-2.33,-0.17,s135;O9:-2.33,-0.35,s125;O10:0.37,0.73,s98;O11:0.73,0.91,s97;O12:-0.71,-1.25,s93;O13:-0.35,-0.35,s84;O14:-0.53,-1.25,s80;O15:-2.33,0.55,s75;O16:-0.53,-0.89,s71;O17:-2.33,0.37,s60;O18:0.73,0.73,s54;O19:-0.17,-0.35,s48;O20:0.55,0.91,s44;O21:0.37,0.55,s40;O22:-2.33,-0.71,s31;O23:-0.71,-0.89,s29;O24:-0.35,-0.53,s19;O25:0.73,1.09,s11;O26:0.55,1.09,s9;O27:-2.33,0.73,s2","O1:-0.89,-0.89,s215;O2:-2.33,-0.53,s193;O3:-0.89,-1.25,s174;O4:0.37,0.91,s170;O5:-0.89,-1.07,s156;O6:-2.33,0.19,s149;O7:-2.33,0.01,s137;O8:-2.33,-0.17,s135;O9:-2.33,-0.35,s125;O10:0.37,0.73,s98;O11:0.73,0.91,s97;O12:-0.71,-1.25,s93;O13:-0.35,-0.35,s84;O14:-0.53,-1.25,s80;O15:-2.33,0.55,s75;O16:-0.53,-0.89,s71;O17:-2.33,0.37,s60;O18:0.73,0.73,s54;O19:-0.17,-0.35,s48;O20:0.55,0.91,s44;O21:0.37,0.55,s40;O22:-2.33,-0.71,s31;O23:-0.71,-0.89,s29;O24:-0.35,-0.53,s19;O25:0.73,1.09,s11;O26:0.55,1.09,s9;O27:-2.33,0.73,s2",RUNNING,UNKNOWN_MAP_SLAM_AVOIDANCE,unknown_map;frontier_targets;static_unknown_obstacles;dynamic_wandering_robot;costmap;slam_path_planning;obstacle_avoidance,P2_Wanderer,dynamic_wandering_robot,89.4925,89.4925,-0.27006,0.42631,1,0,1,14,6,32,27,2437,27,2437,-0.27006,0.42631,2.39118,-0.27006,0.42631,2.39118
75.9,PID,HECTOR_GRID_MATCHING,HECTOR_SCAN_MATCHING_GRID,landmarks,task4,TO_RACK_T2_RETURN,ROUTE,DIRECT,T2,WS2,1.89313,-0.28397,-0.97998,1.892,-0.289,-1.018,0.00747,0.04465,2.12,-1.1,1.81587,-1.0,0.0,79.43132,NORMAL,3,0,0,0,27,2437,30,27,127,2437,0.2146,0.88522,0,0,1.46,1.48,0,0,0.0,1.31995,21.44041,"O1:-0.89,-0.89,s215;O2:-2.33,-0.53,s193;O3:-0.89,-1.25,s174;O4:0.37,0.91,s170;O5:-0.89,-1.07,s156;O6:-2.33,0.19,s149;O7:-2.33,0.01,s137;O8:-2.33,-0.17,s135;O9:-2.33,-0.35,s125;O10:0.37,0.73,s98;O11:0.73,0.91,s97;O12:-0.71,-1.25,s93;O13:-0.35,-0.35,s84;O14:-0.53,-1.25,s80;O15:-2.33,0.55,s75;O16:-0.53,-0.89,s71;O17:-2.33,0.37,s60;O18:0.73,0.73,s54;O19:-0.17,-0.35,s48;O20:0.55,0.91,s44;O21:0.37,0.55,s40;O22:-2.33,-0.71,s31;O23:-0.71,-0.89,s29;O24:-0.35,-0.53,s19;O25:0.73,1.09,s11;O26:0.55,1.09,s9;O27:-2.33,0.73,s2","O1:-0.89,-0.89,s215;O2:-2.33,-0.53,s193;O3:-0.89,-1.25,s174;O4:0.37,0.91,s170;O5:-0.89,-1.07,s156;O6:-2.33,0.19,s149;O7:-2.33,0.01,s137;O8:-2.33,-0.17,s135;O9:-2.33,-0.35,s125;O10:0.37,0.73,s98;O11:0.73,0.91,s97;O12:-0.71,-1.25,s93;O13:-0.35,-0.35,s84;O14:-0.53,-1.25,s80;O15:-2.33,0.55,s75;O16:-0.53,-0.89,s71;O17:-2.33,0.37,s60;O18:0.73,0.73,s54;O19:-0.17,-0.35,s48;O20:0.55,0.91,s44;O21:0.37,0.55,s40;O22:-2.33,-0.71,s31;O23:-0.71,-0.89,s29;O24:-0.35,-0.53,s19;O25:0.73,1.09,s11;O26:0.55,1.09,s9;O27:-2.33,0.73,s2",RUNNING,UNKNOWN_MAP_SLAM_AVOIDANCE,unknown_map;frontier_targets;static_unknown_obstacles;dynamic_wandering_robot;costmap;slam_path_planning;obstacle_avoidance,P2_Wanderer,dynamic_wandering_robot,89.4925,89.4925,-0.29201,0.44677,1,0,1,14,6,32,27,2437,27,2437,-0.29201,0.44677,2.39118,-0.29201,0.44677,2.39118
76.05,PID,HECTOR_GRID_MATCHING,HECTOR_SCAN_MATCHING_GRID,landmarks,task4,TO_RACK_T2_RETURN,ROUTE,DIRECT,T2,WS2,1.88668,-0.28795,-0.8043,1.885,-0.293,-0.839,0.00726,0.04467,2.12,-1.1,1.81745,-1.0,0.0,79.42064,NORMAL,3,0,0,0,27,2437,30,27,127,2437,0.2146,0.88522,0,0,1.46,1.48,0,0,0.0,1.32,21.44042,"O1:-0.89,-0.89,s215;O2:-2.33,-0.53,s193;O3:-0.89,-1.25,s174;O4:0.37,0.91,s170;O5:-0.89,-1.07,s156;O6:-2.33,0.19,s149;O7:-2.33,0.01,s137;O8:-2.33,-0.17,s135;O9:-2.33,-0.35,s125;O10:0.37,0.73,s98;O11:0.73,0.91,s97;O12:-0.71,-1.25,s93;O13:-0.35,-0.35,s84;O14:-0.53,-1.25,s80;O15:-2.33,0.55,s75;O16:-0.53,-0.89,s71;O17:-2.33,0.37,s60;O18:0.73,0.73,s54;O19:-0.17,-0.35,s48;O20:0.55,0.91,s44;O21:0.37,0.55,s40;O22:-2.33,-0.71,s31;O23:-0.71,-0.89,s29;O24:-0.35,-0.53,s19;O25:0.73,1.09,s11;O26:0.55,1.09,s9;O27:-2.33,0.73,s2","O1:-0.89,-0.89,s215;O2:-2.33,-0.53,s193;O3:-0.89,-1.25,s174;O4:0.37,0.91,s170;O5:-0.89,-1.07,s156;O6:-2.33,0.19,s149;O7:-2.33,0.01,s137;O8:-2.33,-0.17,s135;O9:-2.33,-0.35,s125;O10:0.37,0.73,s98;O11:0.73,0.91,s97;O12:-0.71,-1.25,s93;O13:-0.35,-0.35,s84;O14:-0.53,-1.25,s80;O15:-2.33,0.55,s75;O16:-0.53,-0.89,s71;O17:-2.33,0.37,s60;O18:0.73,0.73,s54;O19:-0.17,-0.35,s48;O20:0.55,0.91,s44;O21:0.37,0.55,s40;O22:-2.33,-0.71,s31;O23:-0.71,-0.89,s29;O24:-0.35,-0.53,s19;O25:0.73,1.09,s11;O26:0.55,1.09,s9;O27:-2.33,0.73,s2",RUNNING,UNKNOWN_MAP_SLAM_AVOIDANCE,unknown_map;frontier_targets;static_unknown_obstacles;dynamic_wandering_robot;costmap;slam_path_planning;obstacle_avoidance,P2_Wanderer,dynamic_wandering_robot,89.4925,89.4925,-0.31395,0.46723,1,0,1,14,6,32,27,2437,27,2437,-0.31395,0.46723,2.39118,-0.31395,0.46723,2.39118
76.2,PID,HECTOR_GRID_MATCHING,HECTOR_SCAN_MATCHING_GRID,landmarks,task4,TO_RACK_T2_RETURN,ROUTE,DIRECT,T2,WS2,1.88156,-0.29387,-0.62854,1.886,-0.289,-0.662,0.0037,0.04468,2.12,-1.1,1.82146,-1.0,0.0,79.40996,NORMAL,3,0,0,0,27,2437,30,27,127,2437,0.2146,0.88522,0,0,1.46,1.48,0,0,0.0,1.32,21.44042,"O1:-0.89,-0.89,s215;O2:-2.33,-0.53,s193;O3:-0.89,-1.25,s174;O4:0.37,0.91,s170;O5:-0.89,-1.07,s156;O6:-2.33,0.19,s149;O7:-2.33,0.01,s137;O8:-2.33,-0.17,s135;O9:-2.33,-0.35,s125;O10:0.37,0.73,s98;O11:0.73,0.91,s97;O12:-0.71,-1.25,s93;O13:-0.35,-0.35,s84;O14:-0.53,-1.25,s80;O15:-2.33,0.55,s75;O16:-0.53,-0.89,s71;O17:-2.33,0.37,s60;O18:0.73,0.73,s54;O19:-0.17,-0.35,s48;O20:0.55,0.91,s44;O21:0.37,0.55,s40;O22:-2.33,-0.71,s31;O23:-0.71,-0.89,s29;O24:-0.35,-0.53,s19;O25:0.73,1.09,s11;O26:0.55,1.09,s9;O27:-2.33,0.73,s2","O1:-0.89,-0.89,s215;O2:-2.33,-0.53,s193;O3:-0.89,-1.25,s174;O4:0.37,0.91,s170;O5:-0.89,-1.07,s156;O6:-2.33,0.19,s149;O7:-2.33,0.01,s137;O8:-2.33,-0.17,s135;O9:-2.33,-0.35,s125;O10:0.37,0.73,s98;O11:0.73,0.91,s97;O12:-0.71,-1.25,s93;O13:-0.35,-0.35,s84;O14:-0.53,-1.25,s80;O15:-2.33,0.55,s75;O16:-0.53,-0.89,s71;O17:-2.33,0.37,s60;O18:0.73,0.73,s54;O19:-0.17,-0.35,s48;O20:0.55,0.91,s44;O21:0.37,0.55,s40;O22:-2.33,-0.71,s31;O23:-0.71,-0.89,s29;O24:-0.35,-0.53,s19;O25:0.73,1.09,s11;O26:0.55,1.09,s9;O27:-2.33,0.73,s2",RUNNING,UNKNOWN_MAP_SLAM_AVOIDANCE,unknown_map;frontier_targets;static_unknown_obstacles;dynamic_wandering_robot;costmap;slam_path_planning;obstacle_avoidance,P2_Wanderer,dynamic_wandering_robot,89.4925,89.4925,-0.33589,0.48769,1,0,1,14,6,32,27,2437,27,2437,-0.33589,0.48769,2.39118,-0.33589,0.48769,2.39118
76.35,PID,HECTOR_GRID_MATCHING,HECTOR_SCAN_MATCHING_GRID,landmarks,task4,TO_RACK_T2_RETURN,ROUTE,DIRECT,T2,WS2,1.87751,-0.30054,-0.4528,1.886,-0.296,-0.488,0.00743,0.04469,2.12,-1.1,1.82676,-1.0,0.0,79.39928,NORMAL,3,0,0,0,27,2437,30,27,127,2437,0.2146,0.88522,0,0,1.46,1.48,0,0,0.0,1.32,21.44042,"O1:-0.89,-0.89,s215;O2:-2.33,-0.53,s193;O3:-0.89,-1.25,s174;O4:0.37,0.91,s170;O5:-0.89,-1.07,s156;O6:-2.33,0.19,s149;O7:-2.33,0.01,s137;O8:-2.33,-0.17,s135;O9:-2.33,-0.35,s125;O10:0.37,0.73,s98;O11:0.73,0.91,s97;O12:-0.71,-1.25,s93;O13:-0.35,-0.35,s84;O14:-0.53,-1.25,s80;O15:-2.33,0.55,s75;O16:-0.53,-0.89,s71;O17:-2.33,0.37,s60;O18:0.73,0.73,s54;O19:-0.17,-0.35,s48;O20:0.55,0.91,s44;O21:0.37,0.55,s40;O22:-2.33,-0.71,s31;O23:-0.71,-0.89,s29;O24:-0.35,-0.53,s19;O25:0.73,1.09,s11;O26:0.55,1.09,s9;O27:-2.33,0.73,s2","O1:-0.89,-0.89,s215;O2:-2.33,-0.53,s193;O3:-0.89,-1.25,s174;O4:0.37,0.91,s170;O5:-0.89,-1.07,s156;O6:-2.33,0.19,s149;O7:-2.33,0.01,s137;O8:-2.33,-0.17,s135;O9:-2.33,-0.35,s125;O10:0.37,0.73,s98;O11:0.73,0.91,s97;O12:-0.71,-1.25,s93;O13:-0.35,-0.35,s84;O14:-0.53,-1.25,s80;O15:-2.33,0.55,s75;O16:-0.53,-0.89,s71;O17:-2.33,0.37,s60;O18:0.73,0.73,s54;O19:-0.17,-0.35,s48;O20:0.55,0.91,s44;O21:0.37,0.55,s40;O22:-2.33,-0.71,s31;O23:-0.71,-0.89,s29;O24:-0.35,-0.53,s19;O25:0.73,1.09,s11;O26:0.55,1.09,s9;O27:-2.33,0.73,s2",RUNNING,UNKNOWN_MAP_SLAM_AVOIDANCE,unknown_map;frontier_targets;static_unknown_obstacles;dynamic_wandering_robot;costmap;slam_path_planning;obstacle_avoidance,P2_Wanderer,dynamic_wandering_robot,89.4925,89.4925,-0.35783,0.50814,1,0,1,14,6,32,27,2437,27,2437,-0.35783,0.50814,2.39118,-0.35783,0.50814,2.39118
76.5,PID,HECTOR_GRID_MATCHING,HECTOR_SCAN_MATCHING_GRID,landmarks,task4,TO_RACK_T2_RETURN,ROUTE,DIRECT,T2,WS2,1.87471,-0.3078,-0.27706,1.887,-0.311,-0.306,0.01315,0.04469,2.12,-1.1,1.83295,-1.0,0.0,79.3886,NORMAL,3,0,0,0,27,2437,30,27,127,2437,0.2146,0.88522,0,0,1.46,1.48,0,0,0.0,1.32,21.44042,"O1:-0.89,-0.89,s215;O2:-2.33,-0.53,s193;O3:-0.89,-1.25,s174;O4:0.37,0.91,s170;O5:-0.89,-1.07,s156;O6:-2.33,0.19,s149;O7:-2.33,0.01,s137;O8:-2.33,-0.17,s135;O9:-2.33,-0.35,s125;O10:0.37,0.73,s98;O11:0.73,0.91,s97;O12:-0.71,-1.25,s93;O13:-0.35,-0.35,s84;O14:-0.53,-1.25,s80;O15:-2.33,0.55,s75;O16:-0.53,-0.89,s71;O17:-2.33,0.37,s60;O18:0.73,0.73,s54;O19:-0.17,-0.35,s48;O20:0.55,0.91,s44;O21:0.37,0.55,s40;O22:-2.33,-0.71,s31;O23:-0.71,-0.89,s29;O24:-0.35,-0.53,s19;O25:0.73,1.09,s11;O26:0.55,1.09,s9;O27:-2.33,0.73,s2","O1:-0.89,-0.89,s215;O2:-2.33,-0.53,s193;O3:-0.89,-1.25,s174;O4:0.37,0.91,s170;O5:-0.89,-1.07,s156;O6:-2.33,0.19,s149;O7:-2.33,0.01,s137;O8:-2.33,-0.17,s135;O9:-2.33,-0.35,s125;O10:0.37,0.73,s98;O11:0.73,0.91,s97;O12:-0.71,-1.25,s93;O13:-0.35,-0.35,s84;O14:-0.53,-1.25,s80;O15:-2.33,0.55,s75;O16:-0.53,-0.89,s71;O17:-2.33,0.37,s60;O18:0.73,0.73,s54;O19:-0.17,-0.35,s48;O20:0.55,0.91,s44;O21:0.37,0.55,s40;O22:-2.33,-0.71,s31;O23:-0.71,-0.89,s29;O24:-0.35,-0.53,s19;O25:0.73,1.09,s11;O26:0.55,1.09,s9;O27:-2.33,0.73,s2",RUNNING,UNKNOWN_MAP_SLAM_AVOIDANCE,unknown_map;frontier_targets;static_unknown_obstacles;dynamic_wandering_robot;costmap;slam_path_planning;obstacle_avoidance,P2_Wanderer,dynamic_wandering_robot,89.4925,89.4925,-0.37977,0.5286,1,0,1,14,6,32,27,2437,27,2437,-0.37977,0.5286,2.39118,-0.37977,0.5286,2.39118
76.65,PID,HECTOR_GRID_MATCHING,HECTOR_SCAN_MATCHING_GRID,landmarks,task4,TO_RACK_T2_RETURN,ROUTE,DIRECT,T2,WS2,1.87319,-0.31547,-0.10135,1.891,-0.316,-0.125,0.01826,0.0447,2.12,-1.1,1.83989,-1.0,0.0,79.37792,NORMAL,3,0,0,0,27,2437,30,27,127,2437,0.2146,0.88522,0,0,1.46,1.48,0,0,0.0,1.32,21.44042,"O1:-0.89,-0.89,s215;O2:-2.33,-0.53,s193;O3:-0.89,-1.25,s174;O4:0.37,0.91,s170;O5:-0.89,-1.07,s156;O6:-2.33,0.19,s149;O7:-2.33,0.01,s137;O8:-2.33,-0.17,s135;O9:-2.33,-0.35,s125;O10:0.37,0.73,s98;O11:0.73,0.91,s97;O12:-0.71,-1.25,s93;O13:-0.35,-0.35,s84;O14:-0.53,-1.25,s80;O15:-2.33,0.55,s75;O16:-0.53,-0.89,s71;O17:-2.33,0.37,s60;O18:0.73,0.73,s54;O19:-0.17,-0.35,s48;O20:0.55,0.91,s44;O21:0.37,0.55,s40;O22:-2.33,-0.71,s31;O23:-0.71,-0.89,s29;O24:-0.35,-0.53,s19;O25:0.73,1.09,s11;O26:0.55,1.09,s9;O27:-2.33,0.73,s2","O1:-0.89,-0.89,s215;O2:-2.33,-0.53,s193;O3:-0.89,-1.25,s174;O4:0.37,0.91,s170;O5:-0.89,-1.07,s156;O6:-2.33,0.19,s149;O7:-2.33,0.01,s137;O8:-2.33,-0.17,s135;O9:-2.33,-0.35,s125;O10:0.37,0.73,s98;O11:0.73,0.91,s97;O12:-0.71,-1.25,s93;O13:-0.35,-0.35,s84;O14:-0.53,-1.25,s80;O15:-2.33,0.55,s75;O16:-0.53,-0.89,s71;O17:-2.33,0.37,s60;O18:0.73,0.73,s54;O19:-0.17,-0.35,s48;O20:0.55,0.91,s44;O21:0.37,0.55,s40;O22:-2.33,-0.71,s31;O23:-0.71,-0.89,s29;O24:-0.35,-0.53,s19;O25:0.73,1.09,s11;O26:0.55,1.09,s9;O27:-2.33,0.73,s2",RUNNING,UNKNOWN_MAP_SLAM_AVOIDANCE,unknown_map;frontier_targets;static_unknown_obstacles;dynamic_wandering_robot;costmap;slam_path_planning;obstacle_avoidance,P2_Wanderer,dynamic_wandering_robot,89.4925,89.4925,-0.40172,0.54906,1,0,1,14,6,32,27,2437,27,2437,-0.40172,0.54906,2.39118,-0.40172,0.54906,2.39118
76.8,PID,HECTOR_GRID_MATCHING,HECTOR_SCAN_MATCHING_GRID,landmarks,task4,TO_RACK_T2_RETURN,ROUTE,DIRECT,T2,WS2,1.87306,-0.32326,0.07436,1.882,-0.318,0.058,0.00962,0.0447,2.12,-1.1,1.84736,-1.0,0.0,79.36724,NORMAL,3,0,0,0,27,2437,30,27,127,2437,0.2146,0.88522,0,0,1.46,1.48,0,0,0.0,1.32,21.44042,"O1:-0.89,-0.89,s215;O2:-2.33,-0.53,s193;O3:-0.89,-1.25,s174;O4:0.37,0.91,s170;O5:-0.89,-1.07,s156;O6:-2.33,0.19,s149;O7:-2.33,0.01,s137;O8:-2.33,-0.17,s135;O9:-2.33,-0.35,s125;O10:0.37,0.73,s98;O11:0.73,0.91,s97;O12:-0.71,-1.25,s93;O13:-0.35,-0.35,s84;O14:-0.53,-1.25,s80;O15:-2.33,0.55,s75;O16:-0.53,-0.89,s71;O17:-2.33,0.37,s60;O18:0.73,0.73,s54;O19:-0.17,-0.35,s48;O20:0.55,0.91,s44;O21:0.37,0.55,s40;O22:-2.33,-0.71,s31;O23:-0.71,-0.89,s29;O24:-0.35,-0.53,s19;O25:0.73,1.09,s11;O26:0.55,1.09,s9;O27:-2.33,0.73,s2","O1:-0.89,-0.89,s215;O2:-2.33,-0.53,s193;O3:-0.89,-1.25,s174;O4:0.37,0.91,s170;O5:-0.89,-1.07,s156;O6:-2.33,0.19,s149;O7:-2.33,0.01,s137;O8:-2.33,-0.17,s135;O9:-2.33,-0.35,s125;O10:0.37,0.73,s98;O11:0.73,0.91,s97;O12:-0.71,-1.25,s93;O13:-0.35,-0.35,s84;O14:-0.53,-1.25,s80;O15:-2.33,0.55,s75;O16:-0.53,-0.89,s71;O17:-2.33,0.37,s60;O18:0.73,0.73,s54;O19:-0.17,-0.35,s48;O20:0.55,0.91,s44;O21:0.37,0.55,s40;O22:-2.33,-0.71,s31;O23:-0.71,-0.89,s29;O24:-0.35,-0.53,s19;O25:0.73,1.09,s11;O26:0.55,1.09,s9;O27:-2.33,0.73,s2",RUNNING,UNKNOWN_MAP_SLAM_AVOIDANCE,unknown_map;frontier_targets;static_unknown_obstacles;dynamic_wandering_robot;costmap;slam_path_planning;obstacle_avoidance,P2_Wanderer,dynamic_wandering_robot,89.4925,89.4925,-0.42366,0.56952,1,0,1,14,6,32,27,2437,27,2437,-0.42366,0.56952,2.39118,-0.42366,0.56952,2.39118
76.95,PID,HECTOR_GRID_MATCHING,HECTOR_SCAN_MATCHING_GRID,landmarks,task4,TO_RACK_T2_RETURN,ROUTE,DIRECT,T2,WS2,1.87434,-0.33098,0.25005,1.88,-0.333,0.23,0.00818,0.0447,2.12,-1.1,1.85514,-1.0,0.0,79.35656,NORMAL,3,0,0,0,27,2437,30,27,127,2437,0.2146,0.88522,0,0,1.46,1.48,0,0,0.00128,1.32,21.4417,"O1:-0.89,-0.89,s215;O2:-2.33,-0.53,s193;O3:-0.89,-1.25,s174;O4:0.37,0.91,s170;O5:-0.89,-1.07,s156;O6:-2.33,0.19,s149;O7:-2.33,0.01,s137;O8:-2.33,-0.17,s135;O9:-2.33,-0.35,s125;O10:0.37,0.73,s98;O11:0.73,0.91,s97;O12:-0.71,-1.25,s93;O13:-0.35,-0.35,s84;O14:-0.53,-1.25,s80;O15:-2.33,0.55,s75;O16:-0.53,-0.89,s71;O17:-2.33,0.37,s60;O18:0.73,0.73,s54;O19:-0.17,-0.35,s48;O20:0.55,0.91,s44;O21:0.37,0.55,s40;O22:-2.33,-0.71,s31;O23:-0.71,-0.89,s29;O24:-0.35,-0.53,s19;O25:0.73,1.09,s11;O26:0.55,1.09,s9;O27:-2.33,0.73,s2","O1:-0.89,-0.89,s215;O2:-2.33,-0.53,s193;O3:-0.89,-1.25,s174;O4:0.37,0.91,s170;O5:-0.89,-1.07,s156;O6:-2.33,0.19,s149;O7:-2.33,0.01,s137;O8:-2.33,-0.17,s135;O9:-2.33,-0.35,s125;O10:0.37,0.73,s98;O11:0.73,0.91,s97;O12:-0.71,-1.25,s93;O13:-0.35,-0.35,s84;O14:-0.53,-1.25,s80;O15:-2.33,0.55,s75;O16:-0.53,-0.89,s71;O17:-2.33,0.37,s60;O18:0.73,0.73,s54;O19:-0.17,-0.35,s48;O20:0.55,0.91,s44;O21:0.37,0.55,s40;O22:-2.33,-0.71,s31;O23:-0.71,-0.89,s29;O24:-0.35,-0.53,s19;O25:0.73,1.09,s11;O26:0.55,1.09,s9;O27:-2.33,0.73,s2",RUNNING,UNKNOWN_MAP_SLAM_AVOIDANCE,unknown_map;frontier_targets;static_unknown_obstacles;dynamic_wandering_robot;costmap;slam_path_planning;obstacle_avoidance,P2_Wanderer,dynamic_wandering_robot,89.4925,89.4925,-0.4456,0.58998,1,0,1,14,6,32,27,2437,27,2437,-0.4456,0.58998,2.39118,-0.4456,0.58998,2.39118
77.1,PID,HECTOR_GRID_MATCHING,HECTOR_SCAN_MATCHING_GRID,landmarks,task4,TO_RACK_T2_RETURN,ROUTE,DIRECT,T2,WS2,1.88154,-0.33662,0.42567,1.876,-0.325,0.405,0.01061,0.04498,2.12,-1.1,1.86267,-1.0,0.0,79.34163,NORMAL,3,0,0,0,27,2437,30,27,127,2437,0.2146,0.88522,0,0,1.46,1.48,0,0,0.04067,1.32,21.48108,"O1:-0.89,-0.89,s215;O2:-2.33,-0.53,s193;O3:-0.89,-1.25,s174;O4:0.37,0.91,s170;O5:-0.89,-1.07,s156;O6:-2.33,0.19,s149;O7:-2.33,0.01,s137;O8:-2.33,-0.17,s135;O9:-2.33,-0.35,s125;O10:0.37,0.73,s98;O11:0.73,0.91,s97;O12:-0.71,-1.25,s93;O13:-0.35,-0.35,s84;O14:-0.53,-1.25,s80;O15:-2.33,0.55,s75;O16:-0.53,-0.89,s71;O17:-2.33,0.37,s60;O18:0.73,0.73,s54;O19:-0.17,-0.35,s48;O20:0.55,0.91,s44;O21:0.37,0.55,s40;O22:-2.33,-0.71,s31;O23:-0.71,-0.89,s29;O24:-0.35,-0.53,s19;O25:0.73,1.09,s11;O26:0.55,1.09,s9;O27:-2.33,0.73,s2","O1:-0.89,-0.89,s215;O2:-2.33,-0.53,s193;O3:-0.89,-1.25,s174;O4:0.37,0.91,s170;O5:-0.89,-1.07,s156;O6:-2.33,0.19,s149;O7:-2.33,0.01,s137;O8:-2.33,-0.17,s135;O9:-2.33,-0.35,s125;O10:0.37,0.73,s98;O11:0.73,0.91,s97;O12:-0.71,-1.25,s93;O13:-0.35,-0.35,s84;O14:-0.53,-1.25,s80;O15:-2.33,0.55,s75;O16:-0.53,-0.89,s71;O17:-2.33,0.37,s60;O18:0.73,0.73,s54;O19:-0.17,-0.35,s48;O20:0.55,0.91,s44;O21:0.37,0.55,s40;O22:-2.33,-0.71,s31;O23:-0.71,-0.89,s29;O24:-0.35,-0.53,s19;O25:0.73,1.09,s11;O26:0.55,1.09,s9;O27:-2.33,0.73,s2",RUNNING,UNKNOWN_MAP_SLAM_AVOIDANCE,unknown_map;frontier_targets;static_unknown_obstacles;dynamic_wandering_robot;costmap;slam_path_planning;obstacle_avoidance,P2_Wanderer,dynamic_wandering_robot,89.4925,89.4925,-0.46754,0.61044,1,0,1,14,6,32,27,2437,27,2437,-0.46754,0.61044,2.39118,-0.46754,0.61044,2.39118
77.25,PID,HECTOR_GRID_MATCHING,HECTOR_SCAN_MATCHING_GRID,landmarks,task4,TO_RACK_T2_RETURN,ROUTE,DIRECT,T2,WS2,1.89086,-0.34034,0.6015,1.884,-0.34,0.581,0.00408,0.04538,2.12,-1.1,1.86892,-1.0,0.0,79.32319,NORMAL,3,0,0,0,27,2437,30,27,127,2437,0.2146,0.88522,0,0,1.46,1.48,0,0,0.04196,1.32,21.48237,"O1:-0.89,-0.89,s215;O2:-2.33,-0.53,s193;O3:-0.89,-1.25,s174;O4:0.37,0.91,s170;O5:-0.89,-1.07,s156;O6:-2.33,0.19,s149;O7:-2.33,0.01,s137;O8:-2.33,-0.17,s135;O9:-2.33,-0.35,s125;O10:0.37,0.73,s98;O11:0.73,0.91,s97;O12:-0.71,-1.25,s93;O13:-0.35,-0.35,s84;O14:-0.53,-1.25,s80;O15:-2.33,0.55,s75;O16:-0.53,-0.89,s71;O17:-2.33,0.37,s60;O18:0.73,0.73,s54;O19:-0.17,-0.35,s48;O20:0.55,0.91,s44;O21:0.37,0.55,s40;O22:-2.33,-0.71,s31;O23:-0.71,-0.89,s29;O24:-0.35,-0.53,s19;O25:0.73,1.09,s11;O26:0.55,1.09,s9;O27:-2.33,0.73,s2","O1:-0.89,-0.89,s215;O2:-2.33,-0.53,s193;O3:-0.89,-1.25,s174;O4:0.37,0.91,s170;O5:-0.89,-1.07,s156;O6:-2.33,0.19,s149;O7:-2.33,0.01,s137;O8:-2.33,-0.17,s135;O9:-2.33,-0.35,s125;O10:0.37,0.73,s98;O11:0.73,0.91,s97;O12:-0.71,-1.25,s93;O13:-0.35,-0.35,s84;O14:-0.53,-1.25,s80;O15:-2.33,0.55,s75;O16:-0.53,-0.89,s71;O17:-2.33,0.37,s60;O18:0.73,0.73,s54;O19:-0.17,-0.35,s48;O20:0.55,0.91,s44;O21:0.37,0.55,s40;O22:-2.33,-0.71,s31;O23:-0.71,-0.89,s29;O24:-0.35,-0.53,s19;O25:0.73,1.09,s11;O26:0.55,1.09,s9;O27:-2.33,0.73,s2",RUNNING,UNKNOWN_MAP_SLAM_AVOIDANCE,unknown_map;frontier_targets;static_unknown_obstacles;dynamic_wandering_robot;costmap;slam_path_planning;obstacle_avoidance,P2_Wanderer,dynamic_wandering_robot,89.4925,89.4925,-0.48949,0.63089,1,0,1,14,6,32,27,2437,27,2437,-0.48949,0.63089,2.39118,-0.48949,0.63089,2.39118
77.4,PID,HECTOR_GRID_MATCHING,HECTOR_SCAN_MATCHING_GRID,landmarks,task4,TO_RACK_T2_RETURN,ROUTE,DIRECT,T2,WS2,1.91004,-0.33439,0.78117,1.896,-0.332,0.752,0.00863,0.0465,2.12,-1.1,1.8713,-1.0,0.0,79.27826,NORMAL,3,0,0,0,27,2437,30,27,127,2437,0.2146,0.88522,0,0,1.46,1.48,0,0,0.34089,1.32,21.7813,"O1:-0.89,-0.89,s215;O2:-2.33,-0.53,s193;O3:-0.89,-1.25,s174;O4:0.37,0.91,s170;O5:-0.89,-1.07,s156;O6:-2.33,0.19,s149;O7:-2.33,0.01,s137;O8:-2.33,-0.17,s135;O9:-2.33,-0.35,s125;O10:0.37,0.73,s98;O11:0.73,0.91,s97;O12:-0.71,-1.25,s93;O13:-0.35,-0.35,s84;O14:-0.53,-1.25,s80;O15:-2.33,0.55,s75;O16:-0.53,-0.89,s71;O17:-2.33,0.37,s60;O18:0.73,0.73,s54;O19:-0.17,-0.35,s48;O20:0.55,0.91,s44;O21:0.37,0.55,s40;O22:-2.33,-0.71,s31;O23:-0.71,-0.89,s29;O24:-0.35,-0.53,s19;O25:0.73,1.09,s11;O26:0.55,1.09,s9;O27:-2.33,0.73,s2","O1:-0.89,-0.89,s215;O2:-2.33,-0.53,s193;O3:-0.89,-1.25,s174;O4:0.37,0.91,s170;O5:-0.89,-1.07,s156;O6:-2.33,0.19,s149;O7:-2.33,0.01,s137;O8:-2.33,-0.17,s135;O9:-2.33,-0.35,s125;O10:0.37,0.73,s98;O11:0.73,0.91,s97;O12:-0.71,-1.25,s93;O13:-0.35,-0.35,s84;O14:-0.53,-1.25,s80;O15:-2.33,0.55,s75;O16:-0.53,-0.89,s71;O17:-2.33,0.37,s60;O18:0.73,0.73,s54;O19:-0.17,-0.35,s48;O20:0.55,0.91,s44;O21:0.37,0.55,s40;O22:-2.33,-0.71,s31;O23:-0.71,-0.89,s29;O24:-0.35,-0.53,s19;O25:0.73,1.09,s11;O26:0.55,1.09,s9;O27:-2.33,0.73,s2",RUNNING,UNKNOWN_MAP_SLAM_AVOIDANCE,unknown_map;frontier_targets;static_unknown_obstacles;dynamic_wandering_robot;costmap;slam_path_planning;obstacle_avoidance,P2_Wanderer,dynamic_wandering_robot,89.4925,89.4925,-0.51143,0.65135,1,0,1,14,6,32,27,2437,27,2437,-0.51143,0.65135,2.39118,-0.51143,0.65135,2.39118
77.55,PID,HECTOR_GRID_MATCHING,HECTOR_SCAN_MATCHING_GRID,landmarks,task4,TO_RACK_T2_RETURN,ROUTE,DIRECT,T2,WS2,1.94618,-0.30336,0.97035,1.916,-0.296,0.933,0.02688,0.04953,2.12,-1.1,1.85865,-1.0,0.0,79.19669,NORMAL,3,0,0,0,27,2437,30,27,127,2437,0.2146,0.88522,0,0,1.46,1.48,0,0,0.44173,1.32,21.88215,"O1:-0.89,-0.89,s215;O2:-2.33,-0.53,s193;O3:-0.89,-1.25,s174;O4:0.37,0.91,s170;O5:-0.89,-1.07,s156;O6:-2.33,0.19,s149;O7:-2.33,0.01,s137;O8:-2.33,-0.17,s135;O9:-2.33,-0.35,s125;O10:0.37,0.73,s98;O11:0.73,0.91,s97;O12:-0.71,-1.25,s93;O13:-0.35,-0.35,s84;O14:-0.53,-1.25,s80;O15:-2.33,0.55,s75;O16:-0.53,-0.89,s71;O17:-2.33,0.37,s60;O18:0.73,0.73,s54;O19:-0.17,-0.35,s48;O20:0.55,0.91,s44;O21:0.37,0.55,s40;O22:-2.33,-0.71,s31;O23:-0.71,-0.89,s29;O24:-0.35,-0.53,s19;O25:0.73,1.09,s11;O26:0.55,1.09,s9;O27:-2.33,0.73,s2","O1:-0.89,-0.89,s215;O2:-2.33,-0.53,s193;O3:-0.89,-1.25,s174;O4:0.37,0.91,s170;O5:-0.89,-1.07,s156;O6:-2.33,0.19,s149;O7:-2.33,0.01,s137;O8:-2.33,-0.17,s135;O9:-2.33,-0.35,s125;O10:0.37,0.73,s98;O11:0.73,0.91,s97;O12:-0.71,-1.25,s93;O13:-0.35,-0.35,s84;O14:-0.53,-1.25,s80;O15:-2.33,0.55,s75;O16:-0.53,-0.89,s71;O17:-2.33,0.37,s60;O18:0.73,0.73,s54;O19:-0.17,-0.35,s48;O20:0.55,0.91,s44;O21:0.37,0.55,s40;O22:-2.33,-0.71,s31;O23:-0.71,-0.89,s29;O24:-0.35,-0.53,s19;O25:0.73,1.09,s11;O26:0.55,1.09,s9;O27:-2.33,0.73,s2",RUNNING,UNKNOWN_MAP_SLAM_AVOIDANCE,unknown_map;frontier_targets;static_unknown_obstacles;dynamic_wandering_robot;costmap;slam_path_planning;obstacle_avoidance,P2_Wanderer,dynamic_wandering_robot,89.4925,89.4925,-0.53337,0.67181,1,0,1,14,6,32,27,2437,27,2437,-0.53337,0.67181,2.39118,-0.53337,0.67181,2.39118
77.7,PID,HECTOR_GRID_MATCHING,HECTOR_SCAN_MATCHING_GRID,landmarks,task4,TO_RACK_T2_RETURN,ROUTE,DIRECT,T2,WS2,1.98668,-0.24657,1.16225,1.955,-0.229,1.11,0.04204,0.05354,2.12,-1.1,1.82116,-1.0,0.0,79.09904,NORMAL,3,0,0,0,27,2437,30,27,127,2437,0.2146,0.88522,0,0,1.46,1.48,0,0,0.50135,1.2835,21.95089,"O1:-0.89,-0.89,s215;O2:-2.33,-0.53,s193;O3:-0.89,-1.25,s174;O4:0.37,0.91,s170;O5:-0.89,-1.07,s156;O6:-2.33,0.19,s149;O7:-2.33,0.01,s137;O8:-2.33,-0.17,s135;O9:-2.33,-0.35,s125;O10:0.37,0.73,s98;O11:0.73,0.91,s97;O12:-0.71,-1.25,s93;O13:-0.35,-0.35,s84;O14:-0.53,-1.25,s80;O15:-2.33,0.55,s75;O16:-0.53,-0.89,s71;O17:-2.33,0.37,s60;O18:0.73,0.73,s54;O19:-0.17,-0.35,s48;O20:0.55,0.91,s44;O21:0.37,0.55,s40;O22:-2.33,-0.71,s31;O23:-0.71,-0.89,s29;O24:-0.35,-0.53,s19;O25:0.73,1.09,s11;O26:0.55,1.09,s9;O27:-2.33,0.73,s2","O1:-0.89,-0.89,s215;O2:-2.33,-0.53,s193;O3:-0.89,-1.25,s174;O4:0.37,0.91,s170;O5:-0.89,-1.07,s156;O6:-2.33,0.19,s149;O7:-2.33,0.01,s137;O8:-2.33,-0.17,s135;O9:-2.33,-0.35,s125;O10:0.37,0.73,s98;O11:0.73,0.91,s97;O12:-0.71,-1.25,s93;O13:-0.35,-0.35,s84;O14:-0.53,-1.25,s80;O15:-2.33,0.55,s75;O16:-0.53,-0.89,s71;O17:-2.33,0.37,s60;O18:0.73,0.73,s54;O19:-0.17,-0.35,s48;O20:0.55,0.91,s44;O21:0.37,0.55,s40;O22:-2.33,-0.71,s31;O23:-0.71,-0.89,s29;O24:-0.35,-0.53,s19;O25:0.73,1.09,s11;O26:0.55,1.09,s9;O27:-2.33,0.73,s2",RUNNING,UNKNOWN_MAP_SLAM_AVOIDANCE,unknown_map;frontier_targets;static_unknown_obstacles;dynamic_wandering_robot;costmap;slam_path_planning;obstacle_avoidance,P2_Wanderer,dynamic_wandering_robot,89.4925,89.4925,-0.55531,0.69227,1,0,1,14,6,32,27,2437,27,2437,-0.55531,0.69227,2.39118,-0.55531,0.69227,2.39118
77.85,PID,HECTOR_GRID_MATCHING,HECTOR_SCAN_MATCHING_GRID,landmarks,task4,TO_RACK_T2_RETURN,ROUTE,DIRECT,T2,WS2,2.01745,-0.17767,1.3373,1.992,-0.179,1.288,0.02837,0.05644,2.12,-1.1,1.76925,-1.0,0.0,78.99165,NORMAL,3,0,0,0,27,2437,30,27,127,2437,0.2146,0.88522,0,0,1.46,1.48,0,0,0.54577,1.04046,22.05607,"O1:-0.89,-0.89,s215;O2:-2.33,-0.53,s193;O3:-0.89,-1.25,s174;O4:0.37,0.91,s170;O5:-0.89,-1.07,s156;O6:-2.33,0.19,s149;O7:-2.33,0.01,s137;O8:-2.33,-0.17,s135;O9:-2.33,-0.35,s125;O10:0.37,0.73,s98;O11:0.73,0.91,s97;O12:-0.71,-1.25,s93;O13:-0.35,-0.35,s84;O14:-0.53,-1.25,s80;O15:-2.33,0.55,s75;O16:-0.53,-0.89,s71;O17:-2.33,0.37,s60;O18:0.73,0.73,s54;O19:-0.17,-0.35,s48;O20:0.55,0.91,s44;O21:0.37,0.55,s40;O22:-2.33,-0.71,s31;O23:-0.71,-0.89,s29;O24:-0.35,-0.53,s19;O25:0.73,1.09,s11;O26:0.55,1.09,s9;O27:-2.33,0.73,s2","O1:-0.89,-0.89,s215;O2:-2.33,-0.53,s193;O3:-0.89,-1.25,s174;O4:0.37,0.91,s170;O5:-0.89,-1.07,s156;O6:-2.33,0.19,s149;O7:-2.33,0.01,s137;O8:-2.33,-0.17,s135;O9:-2.33,-0.35,s125;O10:0.37,0.73,s98;O11:0.73,0.91,s97;O12:-0.71,-1.25,s93;O13:-0.35,-0.35,s84;O14:-0.53,-1.25,s80;O15:-2.33,0.55,s75;O16:-0.53,-0.89,s71;O17:-2.33,0.37,s60;O18:0.73,0.73,s54;O19:-0.17,-0.35,s48;O20:0.55,0.91,s44;O21:0.37,0.55,s40;O22:-2.33,-0.71,s31;O23:-0.71,-0.89,s29;O24:-0.35,-0.53,s19;O25:0.73,1.09,s11;O26:0.55,1.09,s9;O27:-2.33,0.73,s2",RUNNING,UNKNOWN_MAP_SLAM_AVOIDANCE,unknown_map;frontier_targets;static_unknown_obstacles;dynamic_wandering_robot;costmap;slam_path_planning;obstacle_avoidance,P2_Wanderer,dynamic_wandering_robot,89.4925,89.4925,-0.57726,0.71273,1,0,1,14,6,32,27,2437,27,2437,-0.57726,0.71273,2.39118,-0.57726,0.71273,2.39118
78.0,PID,HECTOR_GRID_MATCHING,HECTOR_SCAN_MATCHING_GRID,landmarks,task4,TO_RACK_T2_RETURN,ROUTE,DIRECT,T2,WS2,2.03633,-0.10023,1.47344,2.02,-0.117,1.437,0.01473,0.0582,2.12,-1.1,1.70514,-1.0,0.0,78.88005,NORMAL,3,0,0,0,27,2437,30,27,127,2437,0.2146,0.88522,0,0,1.46,1.48,0,0,0.54986,0.82665,22.11362,"O1:-0.89,-0.89,s215;O2:-2.33,-0.53,s193;O3:-0.89,-1.25,s174;O4:0.37,0.91,s170;O5:-0.89,-1.07,s156;O6:-2.33,0.19,s149;O7:-2.33,0.01,s137;O8:-2.33,-0.17,s135;O9:-2.33,-0.35,s125;O10:0.37,0.73,s98;O11:0.73,0.91,s97;O12:-0.71,-1.25,s93;O13:-0.35,-0.35,s84;O14:-0.53,-1.25,s80;O15:-2.33,0.55,s75;O16:-0.53,-0.89,s71;O17:-2.33,0.37,s60;O18:0.73,0.73,s54;O19:-0.17,-0.35,s48;O20:0.55,0.91,s44;O21:0.37,0.55,s40;O22:-2.33,-0.71,s31;O23:-0.71,-0.89,s29;O24:-0.35,-0.53,s19;O25:0.73,1.09,s11;O26:0.55,1.09,s9;O27:-2.33,0.73,s2","O1:-0.89,-0.89,s215;O2:-2.33,-0.53,s193;O3:-0.89,-1.25,s174;O4:0.37,0.91,s170;O5:-0.89,-1.07,s156;O6:-2.33,0.19,s149;O7:-2.33,0.01,s137;O8:-2.33,-0.17,s135;O9:-2.33,-0.35,s125;O10:0.37,0.73,s98;O11:0.73,0.91,s97;O12:-0.71,-1.25,s93;O13:-0.35,-0.35,s84;O14:-0.53,-1.25,s80;O15:-2.33,0.55,s75;O16:-0.53,-0.89,s71;O17:-2.33,0.37,s60;O18:0.73,0.73,s54;O19:-0.17,-0.35,s48;O20:0.55,0.91,s44;O21:0.37,0.55,s40;O22:-2.33,-0.71,s31;O23:-0.71,-0.89,s29;O24:-0.35,-0.53,s19;O25:0.73,1.09,s11;O26:0.55,1.09,s9;O27:-2.33,0.73,s2",RUNNING,UNKNOWN_MAP_SLAM_AVOIDANCE,unknown_map;frontier_targets;static_unknown_obstacles;dynamic_wandering_robot;costmap;slam_path_planning;obstacle_avoidance,P2_Wanderer,dynamic_wandering_robot,89.4925,89.4925,-0.5992,0.73318,1,0,1,14,6,32,27,2437,27,2437,-0.5992,0.73318,2.39118,-0.5992,0.73318,2.39118
78.15,PID,HECTOR_GRID_MATCHING,HECTOR_SCAN_MATCHING_GRID,landmarks,task4,TO_RACK_T2_RETURN,ROUTE,DIRECT,T2,WS2,2.04461,-0.02037,1.58172,2.03,-0.043,1.552,0.01387,0.05892,2.12,-1.1,1.63473,-1.0,0.0,78.76914,NORMAL,3,0,0,0,27,2437,30,27,127,2437,0.2146,0.88522,0,0,1.46,1.48,0,0,0.55,0.66168,22.15499,"O1:-0.89,-0.89,s215;O2:-2.33,-0.53,s193;O3:-0.89,-1.25,s174;O4:0.37,0.91,s170;O5:-0.89,-1.07,s156;O6:-2.33,0.19,s149;O7:-2.33,0.01,s137;O8:-2.33,-0.17,s135;O9:-2.33,-0.35,s125;O10:0.37,0.73,s98;O11:0.73,0.91,s97;O12:-0.71,-1.25,s93;O13:-0.35,-0.35,s84;O14:-0.53,-1.25,s80;O15:-2.33,0.55,s75;O16:-0.53,-0.89,s71;O17:-2.33,0.37,s60;O18:0.73,0.73,s54;O19:-0.17,-0.35,s48;O20:0.55,0.91,s44;O21:0.37,0.55,s40;O22:-2.33,-0.71,s31;O23:-0.71,-0.89,s29;O24:-0.35,-0.53,s19;O25:0.73,1.09,s11;O26:0.55,1.09,s9;O27:-2.33,0.73,s2","O1:-0.89,-0.89,s215;O2:-2.33,-0.53,s193;O3:-0.89,-1.25,s174;O4:0.37,0.91,s170;O5:-0.89,-1.07,s156;O6:-2.33,0.19,s149;O7:-2.33,0.01,s137;O8:-2.33,-0.17,s135;O9:-2.33,-0.35,s125;O10:0.37,0.73,s98;O11:0.73,0.91,s97;O12:-0.71,-1.25,s93;O13:-0.35,-0.35,s84;O14:-0.53,-1.25,s80;O15:-2.33,0.55,s75;O16:-0.53,-0.89,s71;O17:-2.33,0.37,s60;O18:0.73,0.73,s54;O19:-0.17,-0.35,s48;O20:0.55,0.91,s44;O21:0.37,0.55,s40;O22:-2.33,-0.71,s31;O23:-0.71,-0.89,s29;O24:-0.35,-0.53,s19;O25:0.73,1.09,s11;O26:0.55,1.09,s9;O27:-2.33,0.73,s2",RUNNING,UNKNOWN_MAP_SLAM_AVOIDANCE,unknown_map;frontier_targets;static_unknown_obstacles;dynamic_wandering_robot;costmap;slam_path_planning;obstacle_avoidance,P2_Wanderer,dynamic_wandering_robot,89.4925,89.4925,-0.62114,0.75364,1,0,1,14,6,32,27,2437,27,2437,-0.62114,0.75364,2.39118,-0.62114,0.75364,2.39118
78.3,PID,HECTOR_GRID_MATCHING,HECTOR_SCAN_MATCHING_GRID,landmarks,task4,TO_RACK_T2_RETURN,ROUTE,DIRECT,T2,WS2,2.04409,0.0603,1.66885,2.039,0.035,1.646,0.00625,0.05902,2.12,-1.1,1.56058,-1.0,0.0,78.65902,NORMAL,3,0,0,0,27,2437,30,27,127,2437,0.2146,0.88522,0,0,1.46,1.48,0,0,0.55,0.54155,22.18503,"O1:-0.89,-0.89,s215;O2:-2.33,-0.53,s193;O3:-0.89,-1.25,s174;O4:0.37,0.91,s170;O5:-0.89,-1.07,s156;O6:-2.33,0.19,s149;O7:-2.33,0.01,s137;O8:-2.33,-0.17,s135;O9:-2.33,-0.35,s125;O10:0.37,0.73,s98;O11:0.73,0.91,s97;O12:-0.71,-1.25,s93;O13:-0.35,-0.35,s84;O14:-0.53,-1.25,s80;O15:-2.33,0.55,s75;O16:-0.53,-0.89,s71;O17:-2.33,0.37,s60;O18:0.73,0.73,s54;O19:-0.17,-0.35,s48;O20:0.55,0.91,s44;O21:0.37,0.55,s40;O22:-2.33,-0.71,s31;O23:-0.71,-0.89,s29;O24:-0.35,-0.53,s19;O25:0.73,1.09,s11;O26:0.55,1.09,s9;O27:-2.33,0.73,s2","O1:-0.89,-0.89,s215;O2:-2.33,-0.53,s193;O3:-0.89,-1.25,s174;O4:0.37,0.91,s170;O5:-0.89,-1.07,s156;O6:-2.33,0.19,s149;O7:-2.33,0.01,s137;O8:-2.33,-0.17,s135;O9:-2.33,-0.35,s125;O10:0.37,0.73,s98;O11:0.73,0.91,s97;O12:-0.71,-1.25,s93;O13:-0.35,-0.35,s84;O14:-0.53,-1.25,s80;O15:-2.33,0.55,s75;O16:-0.53,-0.89,s71;O17:-2.33,0.37,s60;O18:0.73,0.73,s54;O19:-0.17,-0.35,s48;O20:0.55,0.91,s44;O21:0.37,0.55,s40;O22:-2.33,-0.71,s31;O23:-0.71,-0.89,s29;O24:-0.35,-0.53,s19;O25:0.73,1.09,s11;O26:0.55,1.09,s9;O27:-2.33,0.73,s2",RUNNING,UNKNOWN_MAP_SLAM_AVOIDANCE,unknown_map;frontier_targets;static_unknown_obstacles;dynamic_wandering_robot;costmap;slam_path_planning;obstacle_avoidance,P2_Wanderer,dynamic_wandering_robot,89.4925,89.4925,-0.64308,0.7741,1,0,1,14,6,32,27,2437,27,2437,-0.64308,0.7741,2.39118,-0.64308,0.7741,2.39118
78.45,PID,HECTOR_GRID_MATCHING,HECTOR_SCAN_MATCHING_GRID,landmarks,task4,TO_RACK_T2_RETURN,ROUTE,DIRECT,T2,WS2,2.0365,0.13971,1.73897,2.033,0.108,1.72,0.00891,0.05873,2.12,-1.1,1.4844,-1.0,0.0,78.55021,NORMAL,3,0,0,0,27,2437,30,27,127,2437,0.2146,0.88522,0,0,1.46,1.48,0,0,0.53491,0.43596,22.22651,"O1:-0.89,-0.89,s215;O2:-2.33,-0.53,s193;O3:-0.89,-1.25,s174;O4:0.37,0.91,s170;O5:-0.89,-1.07,s156;O6:-2.33,0.19,s149;O7:-2.33,0.01,s137;O8:-2.33,-0.17,s135;O9:-2.33,-0.35,s125;O10:0.37,0.73,s98;O11:0.73,0.91,s97;O12:-0.71,-1.25,s93;O13:-0.35,-0.35,s84;O14:-0.53,-1.25,s80;O15:-2.33,0.55,s75;O16:-0.53,-0.89,s71;O17:-2.33,0.37,s60;O18:0.73,0.73,s54;O19:-0.17,-0.35,s48;O20:0.55,0.91,s44;O21:0.37,0.55,s40;O22:-2.33,-0.71,s31;O23:-0.71,-0.89,s29;O24:-0.35,-0.53,s19;O25:0.73,1.09,s11;O26:0.55,1.09,s9;O27:-2.33,0.73,s2","O1:-0.89,-0.89,s215;O2:-2.33,-0.53,s193;O3:-0.89,-1.25,s174;O4:0.37,0.91,s170;O5:-0.89,-1.07,s156;O6:-2.33,0.19,s149;O7:-2.33,0.01,s137;O8:-2.33,-0.17,s135;O9:-2.33,-0.35,s125;O10:0.37,0.73,s98;O11:0.73,0.91,s97;O12:-0.71,-1.25,s93;O13:-0.35,-0.35,s84;O14:-0.53,-1.25,s80;O15:-2.33,0.55,s75;O16:-0.53,-0.89,s71;O17:-2.33,0.37,s60;O18:0.73,0.73,s54;O19:-0.17,-0.35,s48;O20:0.55,0.91,s44;O21:0.37,0.55,s40;O22:-2.33,-0.71,s31;O23:-0.71,-0.89,s29;O24:-0.35,-0.53,s19;O25:0.73,1.09,s11;O26:0.55,1.09,s9;O27:-2.33,0.73,s2",RUNNING,UNKNOWN_MAP_SLAM_AVOIDANCE,unknown_map;frontier_targets;static_unknown_obstacles;dynamic_wandering_robot;costmap;slam_path_planning;obstacle_avoidance,P2_Wanderer,dynamic_wandering_robot,89.4925,89.4925,-0.66502,0.79456,1,0,1,14,6,32,27,2437,27,2437,-0.66502,0.79456,2.39118,-0.66502,0.79456,2.39118
78.6,PID,HECTOR_GRID_MATCHING,HECTOR_SCAN_MATCHING_GRID,landmarks,task4,TO_RACK_T2_RETURN,ROUTE,DIRECT,T2,WS2,2.02419,0.2144,1.79601,2.029,0.194,1.784,0.00411,0.05811,2.12,-1.1,1.40987,-1.0,0.0,78.44631,NORMAL,3,0,0,0,27,2437,30,27,127,2437,0.2146,0.88522,0,0,1.46,1.48,0,0,0.50186,0.36405,22.27754,"O1:-0.89,-0.89,s215;O2:-2.33,-0.53,s193;O3:-0.89,-1.25,s174;O4:0.37,0.91,s170;O5:-0.89,-1.07,s156;O6:-2.33,0.19,s149;O7:-2.33,0.01,s137;O8:-2.33,-0.17,s135;O9:-2.33,-0.35,s125;O10:0.37,0.73,s98;O11:0.73,0.91,s97;O12:-0.71,-1.25,s93;O13:-0.35,-0.35,s84;O14:-0.53,-1.25,s80;O15:-2.33,0.55,s75;O16:-0.53,-0.89,s71;O17:-2.33,0.37,s60;O18:0.73,0.73,s54;O19:-0.17,-0.35,s48;O20:0.55,0.91,s44;O21:0.37,0.55,s40;O22:-2.33,-0.71,s31;O23:-0.71,-0.89,s29;O24:-0.35,-0.53,s19;O25:0.73,1.09,s11;O26:0.55,1.09,s9;O27:-2.33,0.73,s2","O1:-0.89,-0.89,s215;O2:-2.33,-0.53,s193;O3:-0.89,-1.25,s174;O4:0.37,0.91,s170;O5:-0.89,-1.07,s156;O6:-2.33,0.19,s149;O7:-2.33,0.01,s137;O8:-2.33,-0.17,s135;O9:-2.33,-0.35,s125;O10:0.37,0.73,s98;O11:0.73,0.91,s97;O12:-0.71,-1.25,s93;O13:-0.35,-0.35,s84;O14:-0.53,-1.25,s80;O15:-2.33,0.55,s75;O16:-0.53,-0.89,s71;O17:-2.33,0.37,s60;O18:0.73,0.73,s54;O19:-0.17,-0.35,s48;O20:0.55,0.91,s44;O21:0.37,0.55,s40;O22:-2.33,-0.71,s31;O23:-0.71,-0.89,s29;O24:-0.35,-0.53,s19;O25:0.73,1.09,s11;O26:0.55,1.09,s9;O27:-2.33,0.73,s2",RUNNING,UNKNOWN_MAP_SLAM_AVOIDANCE,unknown_map;frontier_targets;static_unknown_obstacles;dynamic_wandering_robot;costmap;slam_path_planning;obstacle_avoidance,P2_Wanderer,dynamic_wandering_robot,89.4925,89.4925,-0.68697,0.81502,1,0,1,14,6,32,27,2437,27,2437,-0.68697,0.81502,2.39118,-0.68697,0.81502,2.39118
78.75,PID,HECTOR_GRID_MATCHING,HECTOR_SCAN_MATCHING_GRID,landmarks,task4,TO_RACK_T2_RETURN,ROUTE,DIRECT,T2,WS2,2.00846,0.28448,1.8431,2.008,0.254,1.835,0.0094,0.05731,2.12,-1.1,1.33855,-1.0,0.0,78.34821,NORMAL,3,0,0,0,27,2437,30,27,127,2437,0.2146,0.88522,0,0,1.46,1.48,0,0,0.4755,0.2694,22.32756,"O1:-0.89,-0.89,s215;O2:-2.33,-0.53,s193;O3:-0.89,-1.25,s174;O4:0.37,0.91,s170;O5:-0.89,-1.07,s156;O6:-2.33,0.19,s149;O7:-2.33,0.01,s137;O8:-2.33,-0.17,s135;O9:-2.33,-0.35,s125;O10:0.37,0.73,s98;O11:0.73,0.91,s97;O12:-0.71,-1.25,s93;O13:-0.35,-0.35,s84;O14:-0.53,-1.25,s80;O15:-2.33,0.55,s75;O16:-0.53,-0.89,s71;O17:-2.33,0.37,s60;O18:0.73,0.73,s54;O19:-0.17,-0.35,s48;O20:0.55,0.91,s44;O21:0.37,0.55,s40;O22:-2.33,-0.71,s31;O23:-0.71,-0.89,s29;O24:-0.35,-0.53,s19;O25:0.73,1.09,s11;O26:0.55,1.09,s9;O27:-2.33,0.73,s2","O1:-0.89,-0.89,s215;O2:-2.33,-0.53,s193;O3:-0.89,-1.25,s174;O4:0.37,0.91,s170;O5:-0.89,-1.07,s156;O6:-2.33,0.19,s149;O7:-2.33,0.01,s137;O8:-2.33,-0.17,s135;O9:-2.33,-0.35,s125;O10:0.37,0.73,s98;O11:0.73,0.91,s97;O12:-0.71,-1.25,s93;O13:-0.35,-0.35,s84;O14:-0.53,-1.25,s80;O15:-2.33,0.55,s75;O16:-0.53,-0.89,s71;O17:-2.33,0.37,s60;O18:0.73,0.73,s54;O19:-0.17,-0.35,s48;O20:0.55,0.91,s44;O21:0.37,0.55,s40;O22:-2.33,-0.71,s31;O23:-0.71,-0.89,s29;O24:-0.35,-0.53,s19;O25:0.73,1.09,s11;O26:0.55,1.09,s9;O27:-2.33,0.73,s2",RUNNING,UNKNOWN_MAP_SLAM_AVOIDANCE,unknown_map;frontier_targets;static_unknown_obstacles;dynamic_wandering_robot;costmap;slam_path_planning;obstacle_avoidance,P2_Wanderer,dynamic_wandering_robot,89.4925,89.4925,-0.70891,0.83548,1,0,1,14,6,32,27,2437,27,2437,-0.70891,0.83548,2.39118,-0.70891,0.83548,2.39118
78.9,PID,HECTOR_GRID_MATCHING,HECTOR_SCAN_MATCHING_GRID,landmarks,task4,TO_RACK_T2_RETURN,ROUTE,DIRECT,T2,WS2,1.99054,0.34992,1.88007,2.003,0.325,1.877,0.00722,0.05646,2.12,-1.1,1.27051,-1.0,0.0,78.25574,NORMAL,3,0,0,0,27,2437,30,27,127,2437,0.2146,0.88522,0,0,1.46,1.48,0,0,0.44505,0.23402,22.36761,"O1:-0.89,-0.89,s215;O2:-2.33,-0.53,s193;O3:-0.89,-1.25,s174;O4:0.37,0.91,s170;O5:-0.89,-1.07,s156;O6:-2.33,0.19,s149;O7:-2.33,0.01,s137;O8:-2.33,-0.17,s135;O9:-2.33,-0.35,s125;O10:0.37,0.73,s98;O11:0.73,0.91,s97;O12:-0.71,-1.25,s93;O13:-0.35,-0.35,s84;O14:-0.53,-1.25,s80;O15:-2.33,0.55,s75;O16:-0.53,-0.89,s71;O17:-2.33,0.37,s60;O18:0.73,0.73,s54;O19:-0.17,-0.35,s48;O20:0.55,0.91,s44;O21:0.37,0.55,s40;O22:-2.33,-0.71,s31;O23:-0.71,-0.89,s29;O24:-0.35,-0.53,s19;O25:0.73,1.09,s11;O26:0.55,1.09,s9;O27:-2.33,0.73,s2","O1:-0.89,-0.89,s215;O2:-2.33,-0.53,s193;O3:-0.89,-1.25,s174;O4:0.37,0.91,s170;O5:-0.89,-1.07,s156;O6:-2.33,0.19,s149;O7:-2.33,0.01,s137;O8:-2.33,-0.17,s135;O9:-2.33,-0.35,s125;O10:0.37,0.73,s98;O11:0.73,0.91,s97;O12:-0.71,-1.25,s93;O13:-0.35,-0.35,s84;O14:-0.53,-1.25,s80;O15:-2.33,0.55,s75;O16:-0.53,-0.89,s71;O17:-2.33,0.37,s60;O18:0.73,0.73,s54;O19:-0.17,-0.35,s48;O20:0.55,0.91,s44;O21:0.37,0.55,s40;O22:-2.33,-0.71,s31;O23:-0.71,-0.89,s29;O24:-0.35,-0.53,s19;O25:0.73,1.09,s11;O26:0.55,1.09,s9;O27:-2.33,0.73,s2",RUNNING,UNKNOWN_MAP_SLAM_AVOIDANCE,unknown_map;frontier_targets;static_unknown_obstacles;dynamic_wandering_robot;costmap;slam_path_planning;obstacle_avoidance,P2_Wanderer,dynamic_wandering_robot,89.4925,89.4925,-0.69919,0.83181,1,0,1,14,6,32,27,2437,27,2437,-0.69919,0.83181,-0.55176,-0.69919,0.83181,-0.55176
79.05,PID,HECTOR_GRID_MATCHING,HECTOR_SCAN_MATCHING_GRID,landmarks,task4,TO_RACK_T2_RETURN,ROUTE,DIRECT,T2,WS2,1.97139,0.41067,1.90919,1.979,0.391,1.903,0.00128,0.05559,2.12,-1.1,1.20591,-1.0,0.0,78.16929,NORMAL,3,0,0,0,27,2437,30,27,127,2437,0.2146,0.88522,0,0,1.46,1.48,0,0,0.41218,0.20283,22.41491,"O1:-0.89,-0.89,s215;O2:-2.33,-0.53,s193;O3:-0.89,-1.25,s174;O4:0.37,0.91,s170;O5:-0.89,-1.07,s156;O6:-2.33,0.19,s149;O7:-2.33,0.01,s137;O8:-2.33,-0.17,s135;O9:-2.33,-0.35,s125;O10:0.37,0.73,s98;O11:0.73,0.91,s97;O12:-0.71,-1.25,s93;O13:-0.35,-0.35,s84;O14:-0.53,-1.25,s80;O15:-2.33,0.55,s75;O16:-0.53,-0.89,s71;O17:-2.33,0.37,s60;O18:0.73,0.73,s54;O19:-0.17,-0.35,s48;O20:0.55,0.91,s44;O21:0.37,0.55,s40;O22:-2.33,-0.71,s31;O23:-0.71,-0.89,s29;O24:-0.35,-0.53,s19;O25:0.73,1.09,s11;O26:0.55,1.09,s9;O27:-2.33,0.73,s2","O1:-0.89,-0.89,s215;O2:-2.33,-0.53,s193;O3:-0.89,-1.25,s174;O4:0.37,0.91,s170;O5:-0.89,-1.07,s156;O6:-2.33,0.19,s149;O7:-2.33,0.01,s137;O8:-2.33,-0.17,s135;O9:-2.33,-0.35,s125;O10:0.37,0.73,s98;O11:0.73,0.91,s97;O12:-0.71,-1.25,s93;O13:-0.35,-0.35,s84;O14:-0.53,-1.25,s80;O15:-2.33,0.55,s75;O16:-0.53,-0.89,s71;O17:-2.33,0.37,s60;O18:0.73,0.73,s54;O19:-0.17,-0.35,s48;O20:0.55,0.91,s44;O21:0.37,0.55,s40;O22:-2.33,-0.71,s31;O23:-0.71,-0.89,s29;O24:-0.35,-0.53,s19;O25:0.73,1.09,s11;O26:0.55,1.09,s9;O27:-2.33,0.73,s2",RUNNING,UNKNOWN_MAP_SLAM_AVOIDANCE,unknown_map;frontier_targets;static_unknown_obstacles;dynamic_wandering_robot;costmap;slam_path_planning;obstacle_avoidance,P2_Wanderer,dynamic_wandering_robot,89.4925,89.4925,-0.67364,0.81609,1,0,1,14,6,32,27,2437,27,2437,-0.67364,0.81609,-0.55176,-0.67364,0.81609,-0.55176
79.2,PID,HECTOR_GRID_MATCHING,HECTOR_SCAN_MATCHING_GRID,landmarks,task4,TO_RACK_T2_RETURN,ROUTE,DIRECT,T2,WS2,1.95219,0.46633,1.93434,1.963,0.457,1.929,0.00938,0.05476,2.12,-1.1,1.14604,-1.0,0.0,78.08927,NORMAL,3,0,0,0,27,2437,30,27,127,2437,0.2146,0.88522,0,0,1.46,1.48,0,0,0.38038,0.17764,22.45478,"O1:-0.89,-0.89,s215;O2:-2.33,-0.53,s193;O3:-0.89,-1.25,s174;O4:0.37,0.91,s170;O5:-0.89,-1.07,s156;O6:-2.33,0.19,s149;O7:-2.33,0.01,s137;O8:-2.33,-0.17,s135;O9:-2.33,-0.35,s125;O10:0.37,0.73,s98;O11:0.73,0.91,s97;O12:-0.71,-1.25,s93;O13:-0.35,-0.35,s84;O14:-0.53,-1.25,s80;O15:-2.33,0.55,s75;O16:-0.53,-0.89,s71;O17:-2.33,0.37,s60;O18:0.73,0.73,s54;O19:-0.17,-0.35,s48;O20:0.55,0.91,s44;O21:0.37,0.55,s40;O22:-2.33,-0.71,s31;O23:-0.71,-0.89,s29;O24:-0.35,-0.53,s19;O25:0.73,1.09,s11;O26:0.55,1.09,s9;O27:-2.33,0.73,s2","O1:-0.89,-0.89,s215;O2:-2.33,-0.53,s193;O3:-0.89,-1.25,s174;O4:0.37,0.91,s170;O5:-0.89,-1.07,s156;O6:-2.33,0.19,s149;O7:-2.33,0.01,s137;O8:-2.33,-0.17,s135;O9:-2.33,-0.35,s125;O10:0.37,0.73,s98;O11:0.73,0.91,s97;O12:-0.71,-1.25,s93;O13:-0.35,-0.35,s84;O14:-0.53,-1.25,s80;O15:-2.33,0.55,s75;O16:-0.53,-0.89,s71;O17:-2.33,0.37,s60;O18:0.73,0.73,s54;O19:-0.17,-0.35,s48;O20:0.55,0.91,s44;O21:0.37,0.55,s40;O22:-2.33,-0.71,s31;O23:-0.71,-0.89,s29;O24:-0.35,-0.53,s19;O25:0.73,1.09,s11;O26:0.55,1.09,s9;O27:-2.33,0.73,s2",RUNNING,UNKNOWN_MAP_SLAM_AVOIDANCE,unknown_map;frontier_targets;static_unknown_obstacles;dynamic_wandering_robot;costmap;slam_path_planning;obstacle_avoidance,P2_Wanderer,dynamic_wandering_robot,89.4925,89.4925,-0.64809,0.80036,1,0,1,14,6,32,27,2437,27,2437,-0.64809,0.80036,-0.55176,-0.64809,0.80036,-0.55176
79.35,PID,HECTOR_GRID_MATCHING,HECTOR_SCAN_MATCHING_GRID,landmarks,task4,TO_RACK_T2_RETURN,ROUTE,DIRECT,T2,WS2,1.93299,0.51812,1.95691,1.945,0.501,1.958,0.0054,0.05397,2.12,-1.1,1.08997,-1.0,0.0,78.01487,NORMAL,3,0,0,0,27,2437,30,27,127,2437,0.2146,0.88522,0,0,1.46,1.48,0,0,0.35829,0.12308,22.49051,"O1:-0.89,-0.89,s215;O2:-2.33,-0.53,s193;O3:-0.89,-1.25,s174;O4:0.37,0.91,s170;O5:-0.89,-1.07,s156;O6:-2.33,0.19,s149;O7:-2.33,0.01,s137;O8:-2.33,-0.17,s135;O9:-2.33,-0.35,s125;O10:0.37,0.73,s98;O11:0.73,0.91,s97;O12:-0.71,-1.25,s93;O13:-0.35,-0.35,s84;O14:-0.53,-1.25,s80;O15:-2.33,0.55,s75;O16:-0.53,-0.89,s71;O17:-2.33,0.37,s60;O18:0.73,0.73,s54;O19:-0.17,-0.35,s48;O20:0.55,0.91,s44;O21:0.37,0.55,s40;O22:-2.33,-0.71,s31;O23:-0.71,-0.89,s29;O24:-0.35,-0.53,s19;O25:0.73,1.09,s11;O26:0.55,1.09,s9;O27:-2.33,0.73,s2","O1:-0.89,-0.89,s215;O2:-2.33,-0.53,s193;O3:-0.89,-1.25,s174;O4:0.37,0.91,s170;O5:-0.89,-1.07,s156;O6:-2.33,0.19,s149;O7:-2.33,0.01,s137;O8:-2.33,-0.17,s135;O9:-2.33,-0.35,s125;O10:0.37,0.73,s98;O11:0.73,0.91,s97;O12:-0.71,-1.25,s93;O13:-0.35,-0.35,s84;O14:-0.53,-1.25,s80;O15:-2.33,0.55,s75;O16:-0.53,-0.89,s71;O17:-2.33,0.37,s60;O18:0.73,0.73,s54;O19:-0.17,-0.35,s48;O20:0.55,0.91,s44;O21:0.37,0.55,s40;O22:-2.33,-0.71,s31;O23:-0.71,-0.89,s29;O24:-0.35,-0.53,s19;O25:0.73,1.09,s11;O26:0.55,1.09,s9;O27:-2.33,0.73,s2",RUNNING,UNKNOWN_MAP_SLAM_AVOIDANCE,unknown_map;frontier_targets;static_unknown_obstacles;dynamic_wandering_robot;costmap;slam_path_planning;obstacle_avoidance,P2_Wanderer,dynamic_wandering_robot,89.4925,89.4925,-0.62255,0.78463,1,0,1,14,6,32,27,2437,27,2437,-0.62255,0.78463,-0.55176,-0.62255,0.78463,-0.55176
79.5,PID,HECTOR_GRID_MATCHING,HECTOR_SCAN_MATCHING_GRID,landmarks,task4,TO_RACK_T2_RETURN,ROUTE,DIRECT,T2,WS2,1.91395,0.5659,1.97426,1.925,0.552,1.973,0.00521,0.05327,2.12,-1.1,1.03739,0.99643,0.0,77.9451,NORMAL,3,0,0,0,27,2437,30,27,127,2437,0.2146,0.88522,0,0,1.46,1.48,0,0,0.33193,0.11377,22.51958,"O1:-0.89,-0.89,s215;O2:-2.33,-0.53,s193;O3:-0.89,-1.25,s174;O4:0.37,0.91,s170;O5:-0.89,-1.07,s156;O6:-2.33,0.19,s149;O7:-2.33,0.01,s137;O8:-2.33,-0.17,s135;O9:-2.33,-0.35,s125;O10:0.37,0.73,s98;O11:0.73,0.91,s97;O12:-0.71,-1.25,s93;O13:-0.35,-0.35,s84;O14:-0.53,-1.25,s80;O15:-2.33,0.55,s75;O16:-0.53,-0.89,s71;O17:-2.33,0.37,s60;O18:0.73,0.73,s54;O19:-0.17,-0.35,s48;O20:0.55,0.91,s44;O21:0.37,0.55,s40;O22:-2.33,-0.71,s31;O23:-0.71,-0.89,s29;O24:-0.35,-0.53,s19;O25:0.73,1.09,s11;O26:0.55,1.09,s9;O27:-2.33,0.73,s2","O1:-0.89,-0.89,s215;O2:-2.33,-0.53,s193;O3:-0.89,-1.25,s174;O4:0.37,0.91,s170;O5:-0.89,-1.07,s156;O6:-2.33,0.19,s149;O7:-2.33,0.01,s137;O8:-2.33,-0.17,s135;O9:-2.33,-0.35,s125;O10:0.37,0.73,s98;O11:0.73,0.91,s97;O12:-0.71,-1.25,s93;O13:-0.35,-0.35,s84;O14:-0.53,-1.25,s80;O15:-2.33,0.55,s75;O16:-0.53,-0.89,s71;O17:-2.33,0.37,s60;O18:0.73,0.73,s54;O19:-0.17,-0.35,s48;O20:0.55,0.91,s44;O21:0.37,0.55,s40;O22:-2.33,-0.71,s31;O23:-0.71,-0.89,s29;O24:-0.35,-0.53,s19;O25:0.73,1.09,s11;O26:0.55,1.09,s9;O27:-2.33,0.73,s2",RUNNING,UNKNOWN_MAP_SLAM_AVOIDANCE,unknown_map;frontier_targets;static_unknown_obstacles;dynamic_wandering_robot;costmap;slam_path_planning;obstacle_avoidance,P2_Wanderer,dynamic_wandering_robot,89.4925,89.4925,-0.597,0.76891,1,0,1,14,6,32,27,2437,27,2437,-0.597,0.76891,-0.55176,-0.597,0.76891,-0.55176
79.65,PID,HECTOR_GRID_MATCHING,HECTOR_SCAN_MATCHING_GRID,landmarks,task4,TO_RACK_T2_RETURN,ROUTE,DIRECT,T2,WS2,1.89534,0.61027,1.98786,1.904,0.586,1.981,0.00978,0.05264,2.12,-1.1,0.98841,0.97556,0.0,77.87986,NORMAL,3,0,0,0,27,2437,30,27,127,2437,0.2146,0.88522,0,0,1.46,1.48,0,0,0.31255,0.09514,22.5503,"O1:-0.89,-0.89,s215;O2:-2.33,-0.53,s193;O3:-0.89,-1.25,s174;O4:0.37,0.91,s170;O5:-0.89,-1.07,s156;O6:-2.33,0.19,s149;O7:-2.33,0.01,s137;O8:-2.33,-0.17,s135;O9:-2.33,-0.35,s125;O10:0.37,0.73,s98;O11:0.73,0.91,s97;O12:-0.71,-1.25,s93;O13:-0.35,-0.35,s84;O14:-0.53,-1.25,s80;O15:-2.33,0.55,s75;O16:-0.53,-0.89,s71;O17:-2.33,0.37,s60;O18:0.73,0.73,s54;O19:-0.17,-0.35,s48;O20:0.55,0.91,s44;O21:0.37,0.55,s40;O22:-2.33,-0.71,s31;O23:-0.71,-0.89,s29;O24:-0.35,-0.53,s19;O25:0.73,1.09,s11;O26:0.55,1.09,s9;O27:-2.33,0.73,s2","O1:-0.89,-0.89,s215;O2:-2.33,-0.53,s193;O3:-0.89,-1.25,s174;O4:0.37,0.91,s170;O5:-0.89,-1.07,s156;O6:-2.33,0.19,s149;O7:-2.33,0.01,s137;O8:-2.33,-0.17,s135;O9:-2.33,-0.35,s125;O10:0.37,0.73,s98;O11:0.73,0.91,s97;O12:-0.71,-1.25,s93;O13:-0.35,-0.35,s84;O14:-0.53,-1.25,s80;O15:-2.33,0.55,s75;O16:-0.53,-0.89,s71;O17:-2.33,0.37,s60;O18:0.73,0.73,s54;O19:-0.17,-0.35,s48;O20:0.55,0.91,s44;O21:0.37,0.55,s40;O22:-2.33,-0.71,s31;O23:-0.71,-0.89,s29;O24:-0.35,-0.53,s19;O25:0.73,1.09,s11;O26:0.55,1.09,s9;O27:-2.33,0.73,s2",RUNNING,UNKNOWN_MAP_SLAM_AVOIDANCE,unknown_map;frontier_targets;static_unknown_obstacles;dynamic_wandering_robot;costmap;slam_path_planning;obstacle_avoidance,P2_Wanderer,dynamic_wandering_robot,89.4925,89.4925,-0.57145,0.75318,1,0,1,14,6,32,27,2437,27,2437,-0.57145,0.75318,-0.55176,-0.57145,0.75318,-0.55176
79.8,PID,HECTOR_GRID_MATCHING,HECTOR_SCAN_MATCHING_GRID,landmarks,task4,TO_RACK_T2_RETURN,ROUTE,DIRECT,T2,WS2,1.87777,0.65074,2.00116,1.899,0.649,2.004,0.0187,0.05208,2.12,-1.1,0.94297,0.95593,0.0,77.81915,NORMAL,3,0,0,0,27,2437,30,27,127,2437,0.2146,0.88522,0,0,1.46,1.48,0,0,0.28383,0.10167,22.59089,"O1:-0.89,-0.89,s215;O2:-2.33,-0.53,s193;O3:-0.89,-1.25,s174;O4:0.37,0.91,s170;O5:-0.89,-1.07,s156;O6:-2.33,0.19,s149;O7:-2.33,0.01,s137;O8:-2.33,-0.17,s135;O9:-2.33,-0.35,s125;O10:0.37,0.73,s98;O11:0.73,0.91,s97;O12:-0.71,-1.25,s93;O13:-0.35,-0.35,s84;O14:-0.53,-1.25,s80;O15:-2.33,0.55,s75;O16:-0.53,-0.89,s71;O17:-2.33,0.37,s60;O18:0.73,0.73,s54;O19:-0.17,-0.35,s48;O20:0.55,0.91,s44;O21:0.37,0.55,s40;O22:-2.33,-0.71,s31;O23:-0.71,-0.89,s29;O24:-0.35,-0.53,s19;O25:0.73,1.09,s11;O26:0.55,1.09,s9;O27:-2.33,0.73,s2","O1:-0.89,-0.89,s215;O2:-2.33,-0.53,s193;O3:-0.89,-1.25,s174;O4:0.37,0.91,s170;O5:-0.89,-1.07,s156;O6:-2.33,0.19,s149;O7:-2.33,0.01,s137;O8:-2.33,-0.17,s135;O9:-2.33,-0.35,s125;O10:0.37,0.73,s98;O11:0.73,0.91,s97;O12:-0.71,-1.25,s93;O13:-0.35,-0.35,s84;O14:-0.53,-1.25,s80;O15:-2.33,0.55,s75;O16:-0.53,-0.89,s71;O17:-2.33,0.37,s60;O18:0.73,0.73,s54;O19:-0.17,-0.35,s48;O20:0.55,0.91,s44;O21:0.37,0.55,s40;O22:-2.33,-0.71,s31;O23:-0.71,-0.89,s29;O24:-0.35,-0.53,s19;O25:0.73,1.09,s11;O26:0.55,1.09,s9;O27:-2.33,0.73,s2",RUNNING,UNKNOWN_MAP_SLAM_AVOIDANCE,unknown_map;frontier_targets;static_unknown_obstacles;dynamic_wandering_robot;costmap;slam_path_planning;obstacle_avoidance,P2_Wanderer,dynamic_wandering_robot,89.4925,89.4925,-0.5459,0.73746,1,0,1,14,6,32,27,2437,27,2437,-0.5459,0.73746,-0.55176,-0.5459,0.73746,-0.55176
79.95,PID,HECTOR_GRID_MATCHING,HECTOR_SCAN_MATCHING_GRID,landmarks,task4,TO_RACK_T2_RETURN,ROUTE,DIRECT,T2,WS2,1.86101,0.68809,2.01445,1.875,0.678,2.01,0.0089,0.05154,2.12,-1.1,0.90117,0.9374,0.0,77.76298,NORMAL,3,0,0,0,27,2437,30,27,127,2437,0.2146,0.88522,0,0,1.46,1.48,0,0,0.26648,0.06221,22.61849,"O1:-0.89,-0.89,s215;O2:-2.33,-0.53,s193;O3:-0.89,-1.25,s174;O4:0.37,0.91,s170;O5:-0.89,-1.07,s156;O6:-2.33,0.19,s149;O7:-2.33,0.01,s137;O8:-2.33,-0.17,s135;O9:-2.33,-0.35,s125;O10:0.37,0.73,s98;O11:0.73,0.91,s97;O12:-0.71,-1.25,s93;O13:-0.35,-0.35,s84;O14:-0.53,-1.25,s80;O15:-2.33,0.55,s75;O16:-0.53,-0.89,s71;O17:-2.33,0.37,s60;O18:0.73,0.73,s54;O19:-0.17,-0.35,s48;O20:0.55,0.91,s44;O21:0.37,0.55,s40;O22:-2.33,-0.71,s31;O23:-0.71,-0.89,s29;O24:-0.35,-0.53,s19;O25:0.73,1.09,s11;O26:0.55,1.09,s9;O27:-2.33,0.73,s2","O1:-0.89,-0.89,s215;O2:-2.33,-0.53,s193;O3:-0.89,-1.25,s174;O4:0.37,0.91,s170;O5:-0.89,-1.07,s156;O6:-2.33,0.19,s149;O7:-2.33,0.01,s137;O8:-2.33,-0.17,s135;O9:-2.33,-0.35,s125;O10:0.37,0.73,s98;O11:0.73,0.91,s97;O12:-0.71,-1.25,s93;O13:-0.35,-0.35,s84;O14:-0.53,-1.25,s80;O15:-2.33,0.55,s75;O16:-0.53,-0.89,s71;O17:-2.33,0.37,s60;O18:0.73,0.73,s54;O19:-0.17,-0.35,s48;O20:0.55,0.91,s44;O21:0.37,0.55,s40;O22:-2.33,-0.71,s31;O23:-0.71,-0.89,s29;O24:-0.35,-0.53,s19;O25:0.73,1.09,s11;O26:0.55,1.09,s9;O27:-2.33,0.73,s2",RUNNING,UNKNOWN_MAP_SLAM_AVOIDANCE,unknown_map;frontier_targets;static_unknown_obstacles;dynamic_wandering_robot;costmap;slam_path_planning;obstacle_avoidance,P2_Wanderer,dynamic_wandering_robot,89.4925,89.4925,-0.52035,0.72173,1,0,1,14,6,32,27,2437,27,2437,-0.52035,0.72173,-0.55176,-0.52035,0.72173,-0.55176
80.1,PID,HECTOR_GRID_MATCHING,HECTOR_SCAN_MATCHING_GRID,landmarks,task4,TO_RACK_T2_RETURN,ROUTE,DIRECT,T2,WS2,1.84507,0.72229,2.02492,1.861,0.723,2.025,0.0156,0.05105,2.12,-1.1,0.8623,0.92005,0.0,77.71056,NORMAL,3,0,0,0,27,2437,30,27,127,2437,0.2146,0.88522,0,0,1.46,1.48,0,0,0.24349,0.05699,22.65756,"O1:-0.89,-0.89,s215;O2:-2.33,-0.53,s193;O3:-0.89,-1.25,s174;O4:0.37,0.91,s170;O5:-0.89,-1.07,s156;O6:-2.33,0.19,s149;O7:-2.33,0.01,s137;O8:-2.33,-0.17,s135;O9:-2.33,-0.35,s125;O10:0.37,0.73,s98;O11:0.73,0.91,s97;O12:-0.71,-1.25,s93;O13:-0.35,-0.35,s84;O14:-0.53,-1.25,s80;O15:-2.33,0.55,s75;O16:-0.53,-0.89,s71;O17:-2.33,0.37,s60;O18:0.73,0.73,s54;O19:-0.17,-0.35,s48;O20:0.55,0.91,s44;O21:0.37,0.55,s40;O22:-2.33,-0.71,s31;O23:-0.71,-0.89,s29;O24:-0.35,-0.53,s19;O25:0.73,1.09,s11;O26:0.55,1.09,s9;O27:-2.33,0.73,s2","O1:-0.89,-0.89,s215;O2:-2.33,-0.53,s193;O3:-0.89,-1.25,s174;O4:0.37,0.91,s170;O5:-0.89,-1.07,s156;O6:-2.33,0.19,s149;O7:-2.33,0.01,s137;O8:-2.33,-0.17,s135;O9:-2.33,-0.35,s125;O10:0.37,0.73,s98;O11:0.73,0.91,s97;O12:-0.71,-1.25,s93;O13:-0.35,-0.35,s84;O14:-0.53,-1.25,s80;O15:-2.33,0.55,s75;O16:-0.53,-0.89,s71;O17:-2.33,0.37,s60;O18:0.73,0.73,s54;O19:-0.17,-0.35,s48;O20:0.55,0.91,s44;O21:0.37,0.55,s40;O22:-2.33,-0.71,s31;O23:-0.71,-0.89,s29;O24:-0.35,-0.53,s19;O25:0.73,1.09,s11;O26:0.55,1.09,s9;O27:-2.33,0.73,s2",RUNNING,UNKNOWN_MAP_SLAM_AVOIDANCE,unknown_map;frontier_targets;static_unknown_obstacles;dynamic_wandering_robot;costmap;slam_path_planning;obstacle_avoidance,P2_Wanderer,dynamic_wandering_robot,89.4925,89.4925,-0.49481,0.70601,1,0,1,14,6,32,27,2437,27,2437,-0.49481,0.70601,-0.55176,-0.49481,0.70601,-0.55176
80.25,PID,HECTOR_GRID_MATCHING,HECTOR_SCAN_MATCHING_GRID,landmarks,task4,TO_RACK_T2_RETURN,ROUTE,DIRECT,T2,WS2,1.82987,0.75377,2.02965,1.837,0.749,2.032,0.00614,0.05059,2.12,-1.1,0.82645,0.90403,0.0,77.66196,NORMAL,3,0,0,0,27,2437,30,27,127,2437,0.2146,0.88522,0,0,1.46,1.48,0,0,0.22643,0.02374,22.68765,"O1:-0.89,-0.89,s215;O2:-2.33,-0.53,s193;O3:-0.89,-1.25,s174;O4:0.37,0.91,s170;O5:-0.89,-1.07,s156;O6:-2.33,0.19,s149;O7:-2.33,0.01,s137;O8:-2.33,-0.17,s135;O9:-2.33,-0.35,s125;O10:0.37,0.73,s98;O11:0.73,0.91,s97;O12:-0.71,-1.25,s93;O13:-0.35,-0.35,s84;O14:-0.53,-1.25,s80;O15:-2.33,0.55,s75;O16:-0.53,-0.89,s71;O17:-2.33,0.37,s60;O18:0.73,0.73,s54;O19:-0.17,-0.35,s48;O20:0.55,0.91,s44;O21:0.37,0.55,s40;O22:-2.33,-0.71,s31;O23:-0.71,-0.89,s29;O24:-0.35,-0.53,s19;O25:0.73,1.09,s11;O26:0.55,1.09,s9;O27:-2.33,0.73,s2","O1:-0.89,-0.89,s215;O2:-2.33,-0.53,s193;O3:-0.89,-1.25,s174;O4:0.37,0.91,s170;O5:-0.89,-1.07,s156;O6:-2.33,0.19,s149;O7:-2.33,0.01,s137;O8:-2.33,-0.17,s135;O9:-2.33,-0.35,s125;O10:0.37,0.73,s98;O11:0.73,0.91,s97;O12:-0.71,-1.25,s93;O13:-0.35,-0.35,s84;O14:-0.53,-1.25,s80;O15:-2.33,0.55,s75;O16:-0.53,-0.89,s71;O17:-2.33,0.37,s60;O18:0.73,0.73,s54;O19:-0.17,-0.35,s48;O20:0.55,0.91,s44;O21:0.37,0.55,s40;O22:-2.33,-0.71,s31;O23:-0.71,-0.89,s29;O24:-0.35,-0.53,s19;O25:0.73,1.09,s11;O26:0.55,1.09,s9;O27:-2.33,0.73,s2",RUNNING,UNKNOWN_MAP_SLAM_AVOIDANCE,unknown_map;frontier_targets;static_unknown_obstacles;dynamic_wandering_robot;costmap;slam_path_planning;obstacle_avoidance,P2_Wanderer,dynamic_wandering_robot,89.4925,89.4925,-0.46926,0.69028,1,0,1,14,6,32,27,2437,27,2437,-0.46926,0.69028,-0.55176,-0.46926,0.69028,-0.55176
80.4,PID,HECTOR_GRID_MATCHING,HECTOR_SCAN_MATCHING_GRID,landmarks,task4,TO_RACK_T2_RETURN,ROUTE,DIRECT,T2,WS2,1.81574,0.78269,2.03447,1.827,0.779,2.034,0.00883,0.05016,2.12,-1.1,0.79354,0.88925,0.0,77.61703,NORMAL,3,0,0,0,27,2437,30,27,127,2437,0.2146,0.88522,0,0,1.46,1.48,0,0,0.2114,0.03896,22.71553,"O1:-0.89,-0.89,s215;O2:-2.33,-0.53,s193;O3:-0.89,-1.25,s174;O4:0.37,0.91,s170;O5:-0.89,-1.07,s156;O6:-2.33,0.19,s149;O7:-2.33,0.01,s137;O8:-2.33,-0.17,s135;O9:-2.33,-0.35,s125;O10:0.37,0.73,s98;O11:0.73,0.91,s97;O12:-0.71,-1.25,s93;O13:-0.35,-0.35,s84;O14:-0.53,-1.25,s80;O15:-2.33,0.55,s75;O16:-0.53,-0.89,s71;O17:-2.33,0.37,s60;O18:0.73,0.73,s54;O19:-0.17,-0.35,s48;O20:0.55,0.91,s44;O21:0.37,0.55,s40;O22:-2.33,-0.71,s31;O23:-0.71,-0.89,s29;O24:-0.35,-0.53,s19;O25:0.73,1.09,s11;O26:0.55,1.09,s9;O27:-2.33,0.73,s2","O1:-0.89,-0.89,s215;O2:-2.33,-0.53,s193;O3:-0.89,-1.25,s174;O4:0.37,0.91,s170;O5:-0.89,-1.07,s156;O6:-2.33,0.19,s149;O7:-2.33,0.01,s137;O8:-2.33,-0.17,s135;O9:-2.33,-0.35,s125;O10:0.37,0.73,s98;O11:0.73,0.91,s97;O12:-0.71,-1.25,s93;O13:-0.35,-0.35,s84;O14:-0.53,-1.25,s80;O15:-2.33,0.55,s75;O16:-0.53,-0.89,s71;O17:-2.33,0.37,s60;O18:0.73,0.73,s54;O19:-0.17,-0.35,s48;O20:0.55,0.91,s44;O21:0.37,0.55,s40;O22:-2.33,-0.71,s31;O23:-0.71,-0.89,s29;O24:-0.35,-0.53,s19;O25:0.73,1.09,s11;O26:0.55,1.09,s9;O27:-2.33,0.73,s2",RUNNING,UNKNOWN_MAP_SLAM_AVOIDANCE,unknown_map;frontier_targets;static_unknown_obstacles;dynamic_wandering_robot;costmap;slam_path_planning;obstacle_avoidance,P2_Wanderer,dynamic_wandering_robot,89.4925,89.4925,-0.44371,0.67455,1,0,1,14,6,32,27,2437,27,2437,-0.44371,0.67455,-0.55176,-0.44371,0.67455,-0.55176
80.55,PID,HECTOR_GRID_MATCHING,HECTOR_SCAN_MATCHING_GRID,landmarks,task4,TO_RACK_T2_RETURN,ROUTE,DIRECT,T2,WS2,1.80221,0.80999,2.03715,1.812,0.805,2.039,0.00623,0.04983,2.12,-1.1,0.76233,0.87516,0.0,77.57423,NORMAL,3,0,0,0,27,2437,30,27,127,2437,0.2146,0.88522,0,0,1.46,1.48,0,0,0.19668,0.0238,22.74199,"O1:-0.89,-0.89,s215;O2:-2.33,-0.53,s193;O3:-0.89,-1.25,s174;O4:0.37,0.91,s170;O5:-0.89,-1.07,s156;O6:-2.33,0.19,s149;O7:-2.33,0.01,s137;O8:-2.33,-0.17,s135;O9:-2.33,-0.35,s125;O10:0.37,0.73,s98;O11:0.73,0.91,s97;O12:-0.71,-1.25,s93;O13:-0.35,-0.35,s84;O14:-0.53,-1.25,s80;O15:-2.33,0.55,s75;O16:-0.53,-0.89,s71;O17:-2.33,0.37,s60;O18:0.73,0.73,s54;O19:-0.17,-0.35,s48;O20:0.55,0.91,s44;O21:0.37,0.55,s40;O22:-2.33,-0.71,s31;O23:-0.71,-0.89,s29;O24:-0.35,-0.53,s19;O25:0.73,1.09,s11;O26:0.55,1.09,s9;O27:-2.33,0.73,s2","O1:-0.89,-0.89,s215;O2:-2.33,-0.53,s193;O3:-0.89,-1.25,s174;O4:0.37,0.91,s170;O5:-0.89,-1.07,s156;O6:-2.33,0.19,s149;O7:-2.33,0.01,s137;O8:-2.33,-0.17,s135;O9:-2.33,-0.35,s125;O10:0.37,0.73,s98;O11:0.73,0.91,s97;O12:-0.71,-1.25,s93;O13:-0.35,-0.35,s84;O14:-0.53,-1.25,s80;O15:-2.33,0.55,s75;O16:-0.53,-0.89,s71;O17:-2.33,0.37,s60;O18:0.73,0.73,s54;O19:-0.17,-0.35,s48;O20:0.55,0.91,s44;O21:0.37,0.55,s40;O22:-2.33,-0.71,s31;O23:-0.71,-0.89,s29;O24:-0.35,-0.53,s19;O25:0.73,1.09,s11;O26:0.55,1.09,s9;O27:-2.33,0.73,s2",RUNNING,UNKNOWN_MAP_SLAM_AVOIDANCE,unknown_map;frontier_targets;static_unknown_obstacles;dynamic_wandering_robot;costmap;slam_path_planning;obstacle_avoidance,P2_Wanderer,dynamic_wandering_robot,89.4925,89.4925,-0.41816,0.65883,1,0,1,14,6,32,27,2437,27,2437,-0.41816,0.65883,-0.55176,-0.41816,0.65883,-0.55176
80.7,PID,HECTOR_GRID_MATCHING,HECTOR_SCAN_MATCHING_GRID,landmarks,task4,TO_RACK_T2_RETURN,ROUTE,DIRECT,T2,WS2,1.78971,0.83478,2.03547,1.786,0.827,2.044,0.00819,0.0495,2.12,-1.1,0.73375,0.86232,0.0,77.53472,NORMAL,3,0,0,0,27,2437,30,27,127,2437,0.2146,0.88522,0,0,1.46,1.48,0,0,0.18116,-0.02518,22.77021,"O1:-0.89,-0.89,s215;O2:-2.33,-0.53,s193;O3:-0.89,-1.25,s174;O4:0.37,0.91,s170;O5:-0.89,-1.07,s156;O6:-2.33,0.19,s149;O7:-2.33,0.01,s137;O8:-2.33,-0.17,s135;O9:-2.33,-0.35,s125;O10:0.37,0.73,s98;O11:0.73,0.91,s97;O12:-0.71,-1.25,s93;O13:-0.35,-0.35,s84;O14:-0.53,-1.25,s80;O15:-2.33,0.55,s75;O16:-0.53,-0.89,s71;O17:-2.33,0.37,s60;O18:0.73,0.73,s54;O19:-0.17,-0.35,s48;O20:0.55,0.91,s44;O21:0.37,0.55,s40;O22:-2.33,-0.71,s31;O23:-0.71,-0.89,s29;O24:-0.35,-0.53,s19;O25:0.73,1.09,s11;O26:0.55,1.09,s9;O27:-2.33,0.73,s2","O1:-0.89,-0.89,s215;O2:-2.33,-0.53,s193;O3:-0.89,-1.25,s174;O4:0.37,0.91,s170;O5:-0.89,-1.07,s156;O6:-2.33,0.19,s149;O7:-2.33,0.01,s137;O8:-2.33,-0.17,s135;O9:-2.33,-0.35,s125;O10:0.37,0.73,s98;O11:0.73,0.91,s97;O12:-0.71,-1.25,s93;O13:-0.35,-0.35,s84;O14:-0.53,-1.25,s80;O15:-2.33,0.55,s75;O16:-0.53,-0.89,s71;O17:-2.33,0.37,s60;O18:0.73,0.73,s54;O19:-0.17,-0.35,s48;O20:0.55,0.91,s44;O21:0.37,0.55,s40;O22:-2.33,-0.71,s31;O23:-0.71,-0.89,s29;O24:-0.35,-0.53,s19;O25:0.73,1.09,s11;O26:0.55,1.09,s9;O27:-2.33,0.73,s2",RUNNING,UNKNOWN_MAP_SLAM_AVOIDANCE,unknown_map;frontier_targets;static_unknown_obstacles;dynamic_wandering_robot;costmap;slam_path_planning;obstacle_avoidance,P2_Wanderer,dynamic_wandering_robot,89.4925,89.4925,-0.39261,0.6431,1,0,1,14,6,32,27,2437,27,2437,-0.39261,0.6431,-0.55176,-0.39261,0.6431,-0.55176
80.85,PID,HECTOR_GRID_MATCHING,HECTOR_SCAN_MATCHING_GRID,landmarks,task4,TO_RACK_T2_RETURN,ROUTE,DIRECT,T2,WS2,1.77812,0.85794,2.03705,1.781,0.854,2.035,0.00409,0.04921,2.12,-1.1,0.70724,0.85043,0.0,77.49771,NORMAL,3,0,0,0,27,2437,30,27,127,2437,0.2146,0.88522,0,0,1.46,1.48,0,0,0.16821,0.02101,22.79781,"O1:-0.89,-0.89,s215;O2:-2.33,-0.53,s193;O3:-0.89,-1.25,s174;O4:0.37,0.91,s170;O5:-0.89,-1.07,s156;O6:-2.33,0.19,s149;O7:-2.33,0.01,s137;O8:-2.33,-0.17,s135;O9:-2.33,-0.35,s125;O10:0.37,0.73,s98;O11:0.73,0.91,s97;O12:-0.71,-1.25,s93;O13:-0.35,-0.35,s84;O14:-0.53,-1.25,s80;O15:-2.33,0.55,s75;O16:-0.53,-0.89,s71;O17:-2.33,0.37,s60;O18:0.73,0.73,s54;O19:-0.17,-0.35,s48;O20:0.55,0.91,s44;O21:0.37,0.55,s40;O22:-2.33,-0.71,s31;O23:-0.71,-0.89,s29;O24:-0.35,-0.53,s19;O25:0.73,1.09,s11;O26:0.55,1.09,s9;O27:-2.33,0.73,s2","O1:-0.89,-0.89,s215;O2:-2.33,-0.53,s193;O3:-0.89,-1.25,s174;O4:0.37,0.91,s170;O5:-0.89,-1.07,s156;O6:-2.33,0.19,s149;O7:-2.33,0.01,s137;O8:-2.33,-0.17,s135;O9:-2.33,-0.35,s125;O10:0.37,0.73,s98;O11:0.73,0.91,s97;O12:-0.71,-1.25,s93;O13:-0.35,-0.35,s84;O14:-0.53,-1.25,s80;O15:-2.33,0.55,s75;O16:-0.53,-0.89,s71;O17:-2.33,0.37,s60;O18:0.73,0.73,s54;O19:-0.17,-0.35,s48;O20:0.55,0.91,s44;O21:0.37,0.55,s40;O22:-2.33,-0.71,s31;O23:-0.71,-0.89,s29;O24:-0.35,-0.53,s19;O25:0.73,1.09,s11;O26:0.55,1.09,s9;O27:-2.33,0.73,s2",RUNNING,UNKNOWN_MAP_SLAM_AVOIDANCE,unknown_map;frontier_targets;static_unknown_obstacles;dynamic_wandering_robot;costmap;slam_path_planning;obstacle_avoidance,P2_Wanderer,dynamic_wandering_robot,89.4925,89.4925,-0.36707,0.62738,1,0,1,14,6,32,27,2437,27,2437,-0.36707,0.62738,-0.55176,-0.36707,0.62738,-0.55176
81.0,PID,HECTOR_GRID_MATCHING,HECTOR_SCAN_MATCHING_GRID,landmarks,task4,TO_RACK_T2_RETURN,ROUTE,DIRECT,T2,WS2,1.76733,0.8796,2.03924,1.77,0.87,2.04,0.00292,0.04894,2.12,-1.1,0.68259,0.83922,0.0,77.46305,NORMAL,3,0,0,0,27,2437,30,27,127,2437,0.2146,0.88522,0,0,1.46,1.48,0,0,0.15914,-0.00702,22.8155,"O1:-0.89,-0.89,s215;O2:-2.33,-0.53,s193;O3:-0.89,-1.25,s174;O4:0.37,0.91,s170;O5:-0.89,-1.07,s156;O6:-2.33,0.19,s149;O7:-2.33,0.01,s137;O8:-2.33,-0.17,s135;O9:-2.33,-0.35,s125;O10:0.37,0.73,s98;O11:0.73,0.91,s97;O12:-0.71,-1.25,s93;O13:-0.35,-0.35,s84;O14:-0.53,-1.25,s80;O15:-2.33,0.55,s75;O16:-0.53,-0.89,s71;O17:-2.33,0.37,s60;O18:0.73,0.73,s54;O19:-0.17,-0.35,s48;O20:0.55,0.91,s44;O21:0.37,0.55,s40;O22:-2.33,-0.71,s31;O23:-0.71,-0.89,s29;O24:-0.35,-0.53,s19;O25:0.73,1.09,s11;O26:0.55,1.09,s9;O27:-2.33,0.73,s2","O1:-0.89,-0.89,s215;O2:-2.33,-0.53,s193;O3:-0.89,-1.25,s174;O4:0.37,0.91,s170;O5:-0.89,-1.07,s156;O6:-2.33,0.19,s149;O7:-2.33,0.01,s137;O8:-2.33,-0.17,s135;O9:-2.33,-0.35,s125;O10:0.37,0.73,s98;O11:0.73,0.91,s97;O12:-0.71,-1.25,s93;O13:-0.35,-0.35,s84;O14:-0.53,-1.25,s80;O15:-2.33,0.55,s75;O16:-0.53,-0.89,s71;O17:-2.33,0.37,s60;O18:0.73,0.73,s54;O19:-0.17,-0.35,s48;O20:0.55,0.91,s44;O21:0.37,0.55,s40;O22:-2.33,-0.71,s31;O23:-0.71,-0.89,s29;O24:-0.35,-0.53,s19;O25:0.73,1.09,s11;O26:0.55,1.09,s9;O27:-2.33,0.73,s2",RUNNING,UNKNOWN_MAP_SLAM_AVOIDANCE,unknown_map;frontier_targets;static_unknown_obstacles;dynamic_wandering_robot;costmap;slam_path_planning;obstacle_avoidance,P2_Wanderer,dynamic_wandering_robot,89.4925,89.4925,-0.34152,0.61165,1,0,1,14,6,32,27,2437,27,2437,-0.34152,0.61165,-0.55176,-0.34152,0.61165,-0.55176
81.15,PID,HECTOR_GRID_MATCHING,HECTOR_SCAN_MATCHING_GRID,landmarks,task4,TO_RACK_T2_RETURN,ROUTE,DIRECT,T2,WS2,1.75709,0.8998,2.036,1.753,0.882,2.043,0.01318,0.04869,2.12,-1.1,0.65943,0.82892,0.0,77.43022,NORMAL,3,0,0,0,27,2440,30,27,127,2440,0.21643,0.88522,0,0,1.46,1.48,0,0,0.15001,-0.03644,22.83237,"O1:-0.89,-0.89,s215;O2:-2.33,-0.53,s193;O3:-0.89,-1.25,s174;O4:0.37,0.91,s170;O5:-0.89,-1.07,s156;O6:-2.33,0.19,s149;O7:-2.33,0.01,s137;O8:-2.33,-0.17,s135;O9:-2.33,-0.35,s125;O10:0.73,0.91,s99;O11:0.37,0.73,s98;O12:-0.71,-1.25,s93;O13:-0.35,-0.35,s84;O14:-0.53,-1.25,s80;O15:-2.33,0.55,s75;O16:-0.53,-0.89,s71;O17:-2.33,0.37,s60;O18:0.73,0.73,s54;O19:-0.17,-0.35,s48;O20:0.55,0.91,s44;O21:0.37,0.55,s40;O22:-2.33,-0.71,s31;O23:-0.71,-0.89,s29;O24:-0.35,-0.53,s19;O25:0.73,1.09,s11;O26:0.55,1.09,s9;O27:-2.33,0.73,s2","O1:-0.89,-0.89,s215;O2:-2.33,-0.53,s193;O3:-0.89,-1.25,s174;O4:0.37,0.91,s170;O5:-0.89,-1.07,s156;O6:-2.33,0.19,s149;O7:-2.33,0.01,s137;O8:-2.33,-0.17,s135;O9:-2.33,-0.35,s125;O10:0.73,0.91,s99;O11:0.37,0.73,s98;O12:-0.71,-1.25,s93;O13:-0.35,-0.35,s84;O14:-0.53,-1.25,s80;O15:-2.33,0.55,s75;O16:-0.53,-0.89,s71;O17:-2.33,0.37,s60;O18:0.73,0.73,s54;O19:-0.17,-0.35,s48;O20:0.55,0.91,s44;O21:0.37,0.55,s40;O22:-2.33,-0.71,s31;O23:-0.71,-0.89,s29;O24:-0.35,-0.53,s19;O25:0.73,1.09,s11;O26:0.55,1.09,s9;O27:-2.33,0.73,s2",RUNNING,UNKNOWN_MAP_SLAM_AVOIDANCE,unknown_map;frontier_targets;static_unknown_obstacles;dynamic_wandering_robot;costmap;slam_path_planning;obstacle_avoidance,P2_Wanderer,dynamic_wandering_robot,89.50334,89.50334,-0.31597,0.59593,1,0,1,14,6,32,27,2440,27,2440,-0.31597,0.59593,-0.55176,-0.31597,0.59593,-0.55176
81.3,PID,HECTOR_GRID_MATCHING,HECTOR_SCAN_MATCHING_GRID,landmarks,task4,TO_RACK_T2_RETURN,ROUTE,DIRECT,T2,WS2,1.74791,0.91782,2.03551,1.744,0.921,2.035,0.01112,0.04844,2.12,-1.1,0.6383,0.81952,0.0,77.39981,NORMAL,3,0,0,0,27,2443,30,27,128,2443,0.21587,0.88522,0,0,1.46,1.48,0,0,0.13083,0.01765,22.86861,"O1:-0.89,-0.89,s215;O2:-2.33,-0.53,s193;O3:-0.89,-1.25,s174;O4:0.37,0.91,s170;O5:-0.89,-1.07,s156;O6:-2.33,0.19,s149;O7:-2.33,0.01,s137;O8:-2.33,-0.17,s135;O9:-2.33,-0.35,s125;O10:0.73,0.91,s102;O11:0.37,0.73,s98;O12:-0.71,-1.25,s93;O13:-0.35,-0.35,s84;O14:-0.53,-1.25,s80;O15:-2.33,0.55,s75;O16:-0.53,-0.89,s71;O17:-2.33,0.37,s60;O18:0.73,0.73,s54;O19:-0.17,-0.35,s48;O20:0.55,0.91,s44;O21:0.37,0.55,s40;O22:-2.33,-0.71,s31;O23:-0.71,-0.89,s29;O24:-0.35,-0.53,s19;O25:0.73,1.09,s11;O26:0.55,1.09,s9;O27:-2.33,0.73,s2","O1:-0.89,-0.89,s215;O2:-2.33,-0.53,s193;O3:-0.89,-1.25,s174;O4:0.37,0.91,s170;O5:-0.89,-1.07,s156;O6:-2.33,0.19,s149;O7:-2.33,0.01,s137;O8:-2.33,-0.17,s135;O9:-2.33,-0.35,s125;O10:0.73,0.91,s102;O11:0.37,0.73,s98;O12:-0.71,-1.25,s93;O13:-0.35,-0.35,s84;O14:-0.53,-1.25,s80;O15:-2.33,0.55,s75;O16:-0.53,-0.89,s71;O17:-2.33,0.37,s60;O18:0.73,0.73,s54;O19:-0.17,-0.35,s48;O20:0.55,0.91,s44;O21:0.37,0.55,s40;O22:-2.33,-0.71,s31;O23:-0.71,-0.89,s29;O24:-0.35,-0.53,s19;O25:0.73,1.09,s11;O26:0.55,1.09,s9;O27:-2.33,0.73,s2",RUNNING,UNKNOWN_MAP_SLAM_AVOIDANCE,unknown_map;frontier_targets;static_unknown_obstacles;dynamic_wandering_robot;costmap;slam_path_planning;obstacle_avoidance,P2_Wanderer,dynamic_wandering_robot,89.51416,89.51416,-0.29042,0.5802,1,0,1,14,6,32,27,2443,27,2443,-0.29042,0.5802,-0.55176,-0.29042,0.5802,-0.55176
81.45,PID,HECTOR_GRID_MATCHING,HECTOR_SCAN_MATCHING_GRID,landmarks,task4,TO_RACK_T2_RETURN,ROUTE,DIRECT,T2,WS2,1.7392,0.93553,2.03936,1.747,0.926,2.042,0.00588,0.04823,2.12,-1.1,0.6185,0.84203,0.0,77.3712,NORMAL,3,0,0,0,27,2443,30,27,128,2443,0.21587,0.88522,0,0,1.46,1.48,0,0,0.12945,0.00788,22.89104,"O1:-0.89,-0.89,s215;O2:-2.33,-0.53,s193;O3:-0.89,-1.25,s174;O4:0.37,0.91,s170;O5:-0.89,-1.07,s156;O6:-2.33,0.19,s149;O7:-2.33,0.01,s137;O8:-2.33,-0.17,s135;O9:-2.33,-0.35,s125;O10:0.73,0.91,s103;O11:0.37,0.73,s98;O12:-0.71,-1.25,s93;O13:-0.35,-0.35,s84;O14:-0.53,-1.25,s80;O15:-2.33,0.55,s75;O16:-0.53,-0.89,s71;O17:-2.33,0.37,s60;O18:0.73,0.73,s54;O19:-0.17,-0.35,s48;O20:0.55,0.91,s44;O21:0.37,0.55,s40;O22:-2.33,-0.71,s31;O23:-0.71,-0.89,s29;O24:-0.35,-0.53,s19;O25:0.73,1.09,s11;O26:0.55,1.09,s9;O27:-2.33,0.73,s2","O1:-0.89,-0.89,s215;O2:-2.33,-0.53,s193;O3:-0.89,-1.25,s174;O4:0.37,0.91,s170;O5:-0.89,-1.07,s156;O6:-2.33,0.19,s149;O7:-2.33,0.01,s137;O8:-2.33,-0.17,s135;O9:-2.33,-0.35,s125;O10:0.73,0.91,s103;O11:0.37,0.73,s98;O12:-0.71,-1.25,s93;O13:-0.35,-0.35,s84;O14:-0.53,-1.25,s80;O15:-2.33,0.55,s75;O16:-0.53,-0.89,s71;O17:-2.33,0.37,s60;O18:0.73,0.73,s54;O19:-0.17,-0.35,s48;O20:0.55,0.91,s44;O21:0.37,0.55,s40;O22:-2.33,-0.71,s31;O23:-0.71,-0.89,s29;O24:-0.35,-0.53,s19;O25:0.73,1.09,s11;O26:0.55,1.09,s9;O27:-2.33,0.73,s2",RUNNING,UNKNOWN_MAP_SLAM_AVOIDANCE,unknown_map;frontier_targets;static_unknown_obstacles;dynamic_wandering_robot;costmap;slam_path_planning;obstacle_avoidance,P2_Wanderer,dynamic_wandering_robot,89.51416,89.51416,-0.26487,0.56447,1,0,1,14,6,32,27,2443,27,2443,-0.26487,0.56447,-0.55176,-0.26487,0.56447,-0.55176
81.6,PID,HECTOR_GRID_MATCHING,HECTOR_SCAN_MATCHING_GRID,landmarks,task4,TO_RACK_T2_RETURN,ROUTE,DIRECT,T2,WS2,1.73082,0.9524,2.04213,1.743,0.935,2.042,0.01488,0.04805,2.12,-1.1,0.59943,0.83382,0.0,77.34356,NORMAL,3,0,0,0,27,2445,30,27,128,2445,0.2154,0.88522,0,0,1.46,1.48,0,0,0.1248,0.01164,22.90156,"O1:-0.89,-0.89,s215;O2:-2.33,-0.53,s193;O3:-0.89,-1.25,s174;O4:0.37,0.91,s170;O5:-0.89,-1.07,s156;O6:-2.33,0.19,s149;O7:-2.33,0.01,s137;O8:-2.33,-0.17,s135;O9:-2.33,-0.35,s125;O10:0.73,0.91,s103;O11:0.37,0.73,s98;O12:-0.71,-1.25,s93;O13:-0.35,-0.35,s84;O14:-0.53,-1.25,s80;O15:-2.33,0.55,s75;O16:-0.53,-0.89,s71;O17:-2.33,0.37,s60;O18:0.73,0.73,s55;O19:-0.17,-0.35,s48;O20:0.55,0.91,s44;O21:0.37,0.55,s40;O22:-2.33,-0.71,s31;O23:-0.71,-0.89,s29;O24:-0.35,-0.53,s19;O25:0.73,1.09,s11;O26:0.55,1.09,s9;O27:-2.33,0.73,s2","O1:-0.89,-0.89,s215;O2:-2.33,-0.53,s193;O3:-0.89,-1.25,s174;O4:0.37,0.91,s170;O5:-0.89,-1.07,s156;O6:-2.33,0.19,s149;O7:-2.33,0.01,s137;O8:-2.33,-0.17,s135;O9:-2.33,-0.35,s125;O10:0.73,0.91,s103;O11:0.37,0.73,s98;O12:-0.71,-1.25,s93;O13:-0.35,-0.35,s84;O14:-0.53,-1.25,s80;O15:-2.33,0.55,s75;O16:-0.53,-0.89,s71;O17:-2.33,0.37,s60;O18:0.73,0.73,s55;O19:-0.17,-0.35,s48;O20:0.55,0.91,s44;O21:0.37,0.55,s40;O22:-2.33,-0.71,s31;O23:-0.71,-0.89,s29;O24:-0.35,-0.53,s19;O25:0.73,1.09,s11;O26:0.55,1.09,s9;O27:-2.33,0.73,s2",RUNNING,UNKNOWN_MAP_SLAM_AVOIDANCE,unknown_map;frontier_targets;static_unknown_obstacles;dynamic_wandering_robot;costmap;slam_path_planning;obstacle_avoidance,P2_Wanderer,dynamic_wandering_robot,89.52136,89.52136,-0.24686,0.54404,1,0,1,14,6,32,27,2445,27,2445,-0.24686,0.54404,-1.47193,-0.24686,0.54404,-1.47193
81.75,PID,HECTOR_GRID_MATCHING,HECTOR_SCAN_MATCHING_GRID,landmarks,task4,TO_RACK_T2_RETURN,ROUTE,DIRECT,T2,WS2,1.72298,0.96798,2.04218,1.727,0.949,2.044,0.01426,0.04787,2.12,-1.1,0.58148,0.82581,0.0,77.31733,NORMAL,3,0,0,0,27,2448,30,27,128,2448,0.21468,0.88522,0,0,1.46,1.48,0,0,0.1154,-0.0229,22.93013,"O1:-0.89,-0.89,s215;O2:-2.33,-0.53,s193;O3:-0.89,-1.25,s174;O4:0.37,0.91,s170;O5:-0.89,-1.07,s156;O6:-2.33,0.19,s149;O7:-2.33,0.01,s137;O8:-2.33,-0.17,s135;O9:-2.33,-0.35,s125;O10:0.73,0.91,s103;O11:0.37,0.73,s98;O12:-0.71,-1.25,s93;O13:-0.35,-0.35,s84;O14:-0.53,-1.25,s80;O15:-2.33,0.55,s75;O16:-0.53,-0.89,s71;O17:-2.33,0.37,s60;O18:0.73,0.73,s58;O19:-0.17,-0.35,s48;O20:0.55,0.91,s44;O21:0.37,0.55,s40;O22:-2.33,-0.71,s31;O23:-0.71,-0.89,s29;O24:-0.35,-0.53,s19;O25:0.73,1.09,s11;O26:0.55,1.09,s9;O27:-2.33,0.73,s2","O1:-0.89,-0.89,s215;O2:-2.33,-0.53,s193;O3:-0.89,-1.25,s174;O4:0.37,0.91,s170;O5:-0.89,-1.07,s156;O6:-2.33,0.19,s149;O7:-2.33,0.01,s137;O8:-2.33,-0.17,s135;O9:-2.33,-0.35,s125;O10:0.73,0.91,s103;O11:0.37,0.73,s98;O12:-0.71,-1.25,s93;O13:-0.35,-0.35,s84;O14:-0.53,-1.25,s80;O15:-2.33,0.55,s75;O16:-0.53,-0.89,s71;O17:-2.33,0.37,s60;O18:0.73,0.73,s58;O19:-0.17,-0.35,s48;O20:0.55,0.91,s44;O21:0.37,0.55,s40;O22:-2.33,-0.71,s31;O23:-0.71,-0.89,s29;O24:-0.35,-0.53,s19;O25:0.73,1.09,s11;O26:0.55,1.09,s9;O27:-2.33,0.73,s2",RUNNING,UNKNOWN_MAP_SLAM_AVOIDANCE,unknown_map;frontier_targets;static_unknown_obstacles;dynamic_wandering_robot;costmap;slam_path_planning;obstacle_avoidance,P2_Wanderer,dynamic_wandering_robot,89.53215,89.53215,-0.24389,0.51419,1,0,1,14,6,32,27,2448,27,2448,-0.24389,0.51419,-1.47193,-0.24389,0.51419,-1.47193
81.9,PID,HECTOR_GRID_MATCHING,HECTOR_SCAN_MATCHING_GRID,landmarks,task4,RETURN_T2_RACK,MANIPULATING,DIRECT,T2,WS2,1.72151,0.97115,2.04114,1.719,0.967,2.041,0.00526,0.04707,2.12,-1.1,-1.0,-1.0,0.0,77.30633,NORMAL,3,0,0,0,27,2449,30,27,128,2449,0.21446,0.88522,0,0,1.46,1.48,0,0,0.0,0.0,23.05126,"O1:-0.89,-0.89,s215;O2:-2.33,-0.53,s193;O3:-0.89,-1.25,s174;O4:0.37,0.91,s170;O5:-0.89,-1.07,s156;O6:-2.33,0.19,s149;O7:-2.33,0.01,s137;O8:-2.33,-0.17,s135;O9:-2.33,-0.35,s125;O10:0.73,0.91,s103;O11:0.37,0.73,s98;O12:-0.71,-1.25,s93;O13:-0.35,-0.35,s84;O14:-0.53,-1.25,s80;O15:-2.33,0.55,s75;O16:-0.53,-0.89,s71;O17:-2.33,0.37,s60;O18:0.73,0.73,s60;O19:-0.17,-0.35,s48;O20:0.55,0.91,s44;O21:0.37,0.55,s40;O22:-2.33,-0.71,s31;O23:-0.71,-0.89,s29;O24:-0.35,-0.53,s19;O25:0.73,1.09,s11;O26:0.55,1.09,s9;O27:-2.33,0.73,s2","O1:-0.89,-0.89,s215;O2:-2.33,-0.53,s193;O3:-0.89,-1.25,s174;O4:0.37,0.91,s170;O5:-0.89,-1.07,s156;O6:-2.33,0.19,s149;O7:-2.33,0.01,s137;O8:-2.33,-0.17,s135;O9:-2.33,-0.35,s125;O10:0.73,0.91,s103;O11:0.37,0.73,s98;O12:-0.71,-1.25,s93;O13:-0.35,-0.35,s84;O14:-0.53,-1.25,s80;O15:-2.33,0.55,s75;O16:-0.53,-0.89,s71;O17:-2.33,0.37,s60;O18:0.73,0.73,s60;O19:-0.17,-0.35,s48;O20:0.55,0.91,s44;O21:0.37,0.55,s40;O22:-2.33,-0.71,s31;O23:-0.71,-0.89,s29;O24:-0.35,-0.53,s19;O25:0.73,1.09,s11;O26:0.55,1.09,s9;O27:-2.33,0.73,s2",RUNNING,UNKNOWN_MAP_SLAM_AVOIDANCE,unknown_map;frontier_targets;static_unknown_obstacles;dynamic_wandering_robot;costmap;slam_path_planning;obstacle_avoidance,P2_Wanderer,dynamic_wandering_robot,89.53574,89.53574,-0.24093,0.48433,1,0,1,14,6,32,27,2449,27,2449,-0.24093,0.48433,-1.47193,-0.24093,0.48433,-1.47193
82.05,PID,HECTOR_GRID_MATCHING,HECTOR_SCAN_MATCHING_GRID,landmarks,task4,RETURN_T2_RACK,MANIPULATING,DIRECT,T2,WS2,1.72153,0.97111,2.04102,1.727,0.969,2.045,0.00643,0.04621,2.12,-1.1,-1.0,-1.0,0.0,77.30258,NORMAL,3,0,0,0,27,2449,30,27,128,2449,0.21446,0.88522,0,0,1.46,1.48,0,0,0.0,0.0,23.05126,"O1:-0.89,-0.89,s215;O2:-2.33,-0.53,s193;O3:-0.89,-1.25,s174;O4:0.37,0.91,s170;O5:-0.89,-1.07,s156;O6:-2.33,0.19,s149;O7:-2.33,0.01,s137;O8:-2.33,-0.17,s135;O9:-2.33,-0.35,s125;O10:0.73,0.91,s103;O11:0.37,0.73,s98;O12:-0.71,-1.25,s93;O13:-0.35,-0.35,s84;O14:-0.53,-1.25,s80;O15:-2.33,0.55,s75;O16:-0.53,-0.89,s71;O17:-2.33,0.37,s60;O18:0.73,0.73,s60;O19:-0.17,-0.35,s48;O20:0.55,0.91,s44;O21:0.37,0.55,s40;O22:-2.33,-0.71,s31;O23:-0.71,-0.89,s29;O24:-0.35,-0.53,s19;O25:0.73,1.09,s11;O26:0.55,1.09,s9;O27:-2.33,0.73,s2","O1:-0.89,-0.89,s215;O2:-2.33,-0.53,s193;O3:-0.89,-1.25,s174;O4:0.37,0.91,s170;O5:-0.89,-1.07,s156;O6:-2.33,0.19,s149;O7:-2.33,0.01,s137;O8:-2.33,-0.17,s135;O9:-2.33,-0.35,s125;O10:0.73,0.91,s103;O11:0.37,0.73,s98;O12:-0.71,-1.25,s93;O13:-0.35,-0.35,s84;O14:-0.53,-1.25,s80;O15:-2.33,0.55,s75;O16:-0.53,-0.89,s71;O17:-2.33,0.37,s60;O18:0.73,0.73,s60;O19:-0.17,-0.35,s48;O20:0.55,0.91,s44;O21:0.37,0.55,s40;O22:-2.33,-0.71,s31;O23:-0.71,-0.89,s29;O24:-0.35,-0.53,s19;O25:0.73,1.09,s11;O26:0.55,1.09,s9;O27:-2.33,0.73,s2",RUNNING,UNKNOWN_MAP_SLAM_AVOIDANCE,unknown_map;frontier_targets;static_unknown_obstacles;dynamic_wandering_robot;costmap;slam_path_planning;obstacle_avoidance,P2_Wanderer,dynamic_wandering_robot,89.53574,89.53574,-0.23797,0.45448,1,0,1,14,6,32,27,2449,27,2449,-0.23797,0.45448,-1.47193,-0.23797,0.45448,-1.47193
82.2,PID,HECTOR_GRID_MATCHING,HECTOR_SCAN_MATCHING_GRID,landmarks,task4,RETURN_T2_RACK,MANIPULATING,DIRECT,T2,WS2,1.72155,0.97107,2.04094,1.714,0.961,2.042,0.01267,0.04566,2.12,-1.1,-1.0,-1.0,0.0,77.29883,NORMAL,3,0,0,0,27,2449,30,27,128,2449,0.21446,0.88522,0,0,1.46,1.48,0,0,0.0,0.0,23.05126,"O1:-0.89,-0.89,s215;O2:-2.33,-0.53,s193;O3:-0.89,-1.25,s174;O4:0.37,0.91,s170;O5:-0.89,-1.07,s156;O6:-2.33,0.19,s149;O7:-2.33,0.01,s137;O8:-2.33,-0.17,s135;O9:-2.33,-0.35,s125;O10:0.73,0.91,s103;O11:0.37,0.73,s98;O12:-0.71,-1.25,s93;O13:-0.35,-0.35,s84;O14:-0.53,-1.25,s80;O15:-2.33,0.55,s75;O16:-0.53,-0.89,s71;O17:-2.33,0.37,s60;O18:0.73,0.73,s60;O19:-0.17,-0.35,s48;O20:0.55,0.91,s44;O21:0.37,0.55,s40;O22:-2.33,-0.71,s31;O23:-0.71,-0.89,s29;O24:-0.35,-0.53,s19;O25:0.73,1.09,s11;O26:0.55,1.09,s9;O27:-2.33,0.73,s2","O1:-0.89,-0.89,s215;O2:-2.33,-0.53,s193;O3:-0.89,-1.25,s174;O4:0.37,0.91,s170;O5:-0.89,-1.07,s156;O6:-2.33,0.19,s149;O7:-2.33,0.01,s137;O8:-2.33,-0.17,s135;O9:-2.33,-0.35,s125;O10:0.73,0.91,s103;O11:0.37,0.73,s98;O12:-0.71,-1.25,s93;O13:-0.35,-0.35,s84;O14:-0.53,-1.25,s80;O15:-2.33,0.55,s75;O16:-0.53,-0.89,s71;O17:-2.33,0.37,s60;O18:0.73,0.73,s60;O19:-0.17,-0.35,s48;O20:0.55,0.91,s44;O21:0.37,0.55,s40;O22:-2.33,-0.71,s31;O23:-0.71,-0.89,s29;O24:-0.35,-0.53,s19;O25:0.73,1.09,s11;O26:0.55,1.09,s9;O27:-2.33,0.73,s2",RUNNING,UNKNOWN_MAP_SLAM_AVOIDANCE,unknown_map;frontier_targets;static_unknown_obstacles;dynamic_wandering_robot;costmap;slam_path_planning;obstacle_avoidance,P2_Wanderer,dynamic_wandering_robot,89.53574,89.53574,-0.23501,0.42463,1,0,1,14,6,32,27,2449,27,2449,-0.23501,0.42463,-1.47193,-0.23501,0.42463,-1.47193
82.35,PID,HECTOR_GRID_MATCHING,HECTOR_SCAN_MATCHING_GRID,landmarks,task4,RETURN_T2_RACK,MANIPULATING,DIRECT,T2,WS2,1.72157,0.97103,2.04086,1.72,0.978,2.043,0.0074,0.04531,2.12,-1.1,-1.0,-1.0,0.0,77.29508,NORMAL,3,0,0,0,27,2449,30,27,128,2449,0.21446,0.88522,0,0,1.46,1.48,0,0,0.0,0.0,23.05126,"O1:-0.89,-0.89,s215;O2:-2.33,-0.53,s193;O3:-0.89,-1.25,s174;O4:0.37,0.91,s170;O5:-0.89,-1.07,s156;O6:-2.33,0.19,s149;O7:-2.33,0.01,s137;O8:-2.33,-0.17,s135;O9:-2.33,-0.35,s125;O10:0.73,0.91,s103;O11:0.37,0.73,s98;O12:-0.71,-1.25,s93;O13:-0.35,-0.35,s84;O14:-0.53,-1.25,s80;O15:-2.33,0.55,s75;O16:-0.53,-0.89,s71;O17:-2.33,0.37,s60;O18:0.73,0.73,s60;O19:-0.17,-0.35,s48;O20:0.55,0.91,s44;O21:0.37,0.55,s40;O22:-2.33,-0.71,s31;O23:-0.71,-0.89,s29;O24:-0.35,-0.53,s19;O25:0.73,1.09,s11;O26:0.55,1.09,s9;O27:-2.33,0.73,s2","O1:-0.89,-0.89,s215;O2:-2.33,-0.53,s193;O3:-0.89,-1.25,s174;O4:0.37,0.91,s170;O5:-0.89,-1.07,s156;O6:-2.33,0.19,s149;O7:-2.33,0.01,s137;O8:-2.33,-0.17,s135;O9:-2.33,-0.35,s125;O10:0.73,0.91,s103;O11:0.37,0.73,s98;O12:-0.71,-1.25,s93;O13:-0.35,-0.35,s84;O14:-0.53,-1.25,s80;O15:-2.33,0.55,s75;O16:-0.53,-0.89,s71;O17:-2.33,0.37,s60;O18:0.73,0.73,s60;O19:-0.17,-0.35,s48;O20:0.55,0.91,s44;O21:0.37,0.55,s40;O22:-2.33,-0.71,s31;O23:-0.71,-0.89,s29;O24:-0.35,-0.53,s19;O25:0.73,1.09,s11;O26:0.55,1.09,s9;O27:-2.33,0.73,s2",RUNNING,UNKNOWN_MAP_SLAM_AVOIDANCE,unknown_map;frontier_targets;static_unknown_obstacles;dynamic_wandering_robot;costmap;slam_path_planning;obstacle_avoidance,P2_Wanderer,dynamic_wandering_robot,89.53574,89.53574,-0.23205,0.39477,1,0,1,14,6,32,27,2449,27,2449,-0.23205,0.39477,-1.47193,-0.23205,0.39477,-1.47193
82.5,PID,HECTOR_GRID_MATCHING,HECTOR_SCAN_MATCHING_GRID,landmarks,task4,RETURN_T2_RACK,MANIPULATING,DIRECT,T2,WS2,1.72159,0.97099,2.04078,1.715,0.972,2.04,0.00657,0.04509,2.12,-1.1,-1.0,-1.0,0.0,77.29133,NORMAL,3,0,0,0,27,2449,30,27,128,2449,0.21446,0.88522,0,0,1.46,1.48,0,0,0.0,0.0,23.05126,"O1:-0.89,-0.89,s215;O2:-2.33,-0.53,s193;O3:-0.89,-1.25,s174;O4:0.37,0.91,s170;O5:-0.89,-1.07,s156;O6:-2.33,0.19,s149;O7:-2.33,0.01,s137;O8:-2.33,-0.17,s135;O9:-2.33,-0.35,s125;O10:0.73,0.91,s103;O11:0.37,0.73,s98;O12:-0.71,-1.25,s93;O13:-0.35,-0.35,s84;O14:-0.53,-1.25,s80;O15:-2.33,0.55,s75;O16:-0.53,-0.89,s71;O17:-2.33,0.37,s60;O18:0.73,0.73,s60;O19:-0.17,-0.35,s48;O20:0.55,0.91,s44;O21:0.37,0.55,s40;O22:-2.33,-0.71,s31;O23:-0.71,-0.89,s29;O24:-0.35,-0.53,s19;O25:0.73,1.09,s11;O26:0.55,1.09,s9;O27:-2.33,0.73,s2","O1:-0.89,-0.89,s215;O2:-2.33,-0.53,s193;O3:-0.89,-1.25,s174;O4:0.37,0.91,s170;O5:-0.89,-1.07,s156;O6:-2.33,0.19,s149;O7:-2.33,0.01,s137;O8:-2.33,-0.17,s135;O9:-2.33,-0.35,s125;O10:0.73,0.91,s103;O11:0.37,0.73,s98;O12:-0.71,-1.25,s93;O13:-0.35,-0.35,s84;O14:-0.53,-1.25,s80;O15:-2.33,0.55,s75;O16:-0.53,-0.89,s71;O17:-2.33,0.37,s60;O18:0.73,0.73,s60;O19:-0.17,-0.35,s48;O20:0.55,0.91,s44;O21:0.37,0.55,s40;O22:-2.33,-0.71,s31;O23:-0.71,-0.89,s29;O24:-0.35,-0.53,s19;O25:0.73,1.09,s11;O26:0.55,1.09,s9;O27:-2.33,0.73,s2",RUNNING,UNKNOWN_MAP_SLAM_AVOIDANCE,unknown_map;frontier_targets;static_unknown_obstacles;dynamic_wandering_robot;costmap;slam_path_planning;obstacle_avoidance,P2_Wanderer,dynamic_wandering_robot,89.53574,89.53574,-0.22909,0.36492,1,0,1,14,6,32,27,2449,27,2449,-0.22909,0.36492,-1.47193,-0.22909,0.36492,-1.47193
82.65,PID,HECTOR_GRID_MATCHING,HECTOR_SCAN_MATCHING_GRID,landmarks,task4,RETURN_T2_RACK,MANIPULATING,DIRECT,T2,WS2,1.72162,0.97095,2.0407,1.716,0.966,2.049,0.00794,0.04495,2.12,-1.1,-1.0,-1.0,0.0,77.28758,NORMAL,3,0,0,0,27,2449,30,27,128,2449,0.21446,0.88522,0,0,1.46,1.48,0,0,0.0,0.0,23.05126,"O1:-0.89,-0.89,s215;O2:-2.33,-0.53,s193;O3:-0.89,-1.25,s174;O4:0.37,0.91,s170;O5:-0.89,-1.07,s156;O6:-2.33,0.19,s149;O7:-2.33,0.01,s137;O8:-2.33,-0.17,s135;O9:-2.33,-0.35,s125;O10:0.73,0.91,s103;O11:0.37,0.73,s98;O12:-0.71,-1.25,s93;O13:-0.35,-0.35,s84;O14:-0.53,-1.25,s80;O15:-2.33,0.55,s75;O16:-0.53,-0.89,s71;O17:-2.33,0.37,s60;O18:0.73,0.73,s60;O19:-0.17,-0.35,s48;O20:0.55,0.91,s44;O21:0.37,0.55,s40;O22:-2.33,-0.71,s31;O23:-0.71,-0.89,s29;O24:-0.35,-0.53,s19;O25:0.73,1.09,s11;O26:0.55,1.09,s9;O27:-2.33,0.73,s2","O1:-0.89,-0.89,s215;O2:-2.33,-0.53,s193;O3:-0.89,-1.25,s174;O4:0.37,0.91,s170;O5:-0.89,-1.07,s156;O6:-2.33,0.19,s149;O7:-2.33,0.01,s137;O8:-2.33,-0.17,s135;O9:-2.33,-0.35,s125;O10:0.73,0.91,s103;O11:0.37,0.73,s98;O12:-0.71,-1.25,s93;O13:-0.35,-0.35,s84;O14:-0.53,-1.25,s80;O15:-2.33,0.55,s75;O16:-0.53,-0.89,s71;O17:-2.33,0.37,s60;O18:0.73,0.73,s60;O19:-0.17,-0.35,s48;O20:0.55,0.91,s44;O21:0.37,0.55,s40;O22:-2.33,-0.71,s31;O23:-0.71,-0.89,s29;O24:-0.35,-0.53,s19;O25:0.73,1.09,s11;O26:0.55,1.09,s9;O27:-2.33,0.73,s2",RUNNING,UNKNOWN_MAP_SLAM_AVOIDANCE,unknown_map;frontier_targets;static_unknown_obstacles;dynamic_wandering_robot;costmap;slam_path_planning;obstacle_avoidance,P2_Wanderer,dynamic_wandering_robot,89.53574,89.53574,-0.22613,0.33506,1,0,1,14,6,32,27,2449,27,2449,-0.22613,0.33506,-1.47193,-0.22613,0.33506,-1.47193
82.8,PID,HECTOR_GRID_MATCHING,HECTOR_SCAN_MATCHING_GRID,landmarks,task4,TO_CHARGE,ROUTE,DIRECT,T2,TRANSIT_TO_WS1,1.72195,0.97144,2.05993,1.717,0.969,2.061,0.00528,0.04481,2.084,-1.1,3.53635,0.82231,0.0,77.28226,NORMAL,4,1,0,0,27,2451,30,27,128,2451,0.21405,0.88522,0,0,-0.1,-2.06,0,0,0.0,1.18483,23.34746,"O1:-0.89,-0.89,s215;O2:-2.33,-0.53,s193;O3:-0.89,-1.25,s174;O4:0.37,0.91,s170;O5:-0.89,-1.07,s156;O6:-2.33,0.19,s149;O7:-2.33,0.01,s137;O8:-2.33,-0.17,s135;O9:-2.33,-0.35,s125;O10:0.73,0.91,s103;O11:0.37,0.73,s98;O12:-0.71,-1.25,s93;O13:-0.35,-0.35,s84;O14:-0.53,-1.25,s80;O15:-2.33,0.55,s75;O16:-0.53,-0.89,s71;O17:0.73,0.73,s61;O18:-2.33,0.37,s60;O19:-0.17,-0.35,s48;O20:0.55,0.91,s44;O21:0.37,0.55,s40;O22:-2.33,-0.71,s31;O23:-0.71,-0.89,s29;O24:-0.35,-0.53,s19;O25:0.73,1.09,s11;O26:0.55,1.09,s9;O27:-2.33,0.73,s2","O1:-0.89,-0.89,s215;O2:-2.33,-0.53,s193;O3:-0.89,-1.25,s174;O4:0.37,0.91,s170;O5:-0.89,-1.07,s156;O6:-2.33,0.19,s149;O7:-2.33,0.01,s137;O8:-2.33,-0.17,s135;O9:-2.33,-0.35,s125;O10:0.73,0.91,s103;O11:0.37,0.73,s98;O12:-0.71,-1.25,s93;O13:-0.35,-0.35,s84;O14:-0.53,-1.25,s80;O15:-2.33,0.55,s75;O16:-0.53,-0.89,s71;O17:0.73,0.73,s61;O18:-2.33,0.37,s60;O19:-0.17,-0.35,s48;O20:0.55,0.91,s44;O21:0.37,0.55,s40;O22:-2.33,-0.71,s31;O23:-0.71,-0.89,s29;O24:-0.35,-0.53,s19;O25:0.73,1.09,s11;O26:0.55,1.09,s9;O27:-2.33,0.73,s2",RUNNING,UNKNOWN_MAP_SLAM_AVOIDANCE,unknown_map;frontier_targets;static_unknown_obstacles;dynamic_wandering_robot;costmap;slam_path_planning;obstacle_avoidance,P2_Wanderer,dynamic_wandering_robot,89.54292,89.54292,-0.22317,0.30521,1,0,1,14,6,32,27,2451,27,2451,-0.22317,0.30521,-1.47193,-0.22317,0.30521,-1.47193
82.95,PID,HECTOR_GRID_MATCHING,HECTOR_SCAN_MATCHING_GRID,landmarks,task4,TO_CHARGE,ROUTE,DIRECT,T2,TRANSIT_TO_WS1,1.72382,0.97478,2.1423,1.714,0.968,2.12,0.01035,0.04475,2.03,-1.1,3.53882,0.78804,0.0,77.27192,NORMAL,4,1,0,0,27,2455,30,27,128,2455,0.21341,0.88522,0,0,-0.1,-2.06,0,0,0.0,1.31557,23.38015,"O1:-0.89,-0.89,s215;O2:-2.33,-0.53,s193;O3:-0.89,-1.25,s174;O4:0.37,0.91,s170;O5:-0.89,-1.07,s156;O6:-2.33,0.19,s149;O7:-2.33,0.01,s137;O8:-2.33,-0.17,s135;O9:-2.33,-0.35,s125;O10:0.73,0.91,s103;O11:0.37,0.73,s98;O12:-0.71,-1.25,s93;O13:-0.35,-0.35,s84;O14:-0.53,-1.25,s80;O15:-2.33,0.55,s75;O16:-0.53,-0.89,s71;O17:0.73,0.73,s64;O18:-2.33,0.37,s60;O19:-0.17,-0.35,s48;O20:0.55,0.91,s44;O21:0.37,0.55,s40;O22:-2.33,-0.71,s31;O23:-0.71,-0.89,s29;O24:-0.35,-0.53,s19;O25:0.73,1.09,s11;O26:0.55,1.09,s9;O27:-2.33,0.73,s2","O1:-0.89,-0.89,s215;O2:-2.33,-0.53,s193;O3:-0.89,-1.25,s174;O4:0.37,0.91,s170;O5:-0.89,-1.07,s156;O6:-2.33,0.19,s149;O7:-2.33,0.01,s137;O8:-2.33,-0.17,s135;O9:-2.33,-0.35,s125;O10:0.73,0.91,s103;O11:0.37,0.73,s98;O12:-0.71,-1.25,s93;O13:-0.35,-0.35,s84;O14:-0.53,-1.25,s80;O15:-2.33,0.55,s75;O16:-0.53,-0.89,s71;O17:0.73,0.73,s64;O18:-2.33,0.37,s60;O19:-0.17,-0.35,s48;O20:0.55,0.91,s44;O21:0.37,0.55,s40;O22:-2.33,-0.71,s31;O23:-0.71,-0.89,s29;O24:-0.35,-0.53,s19;O25:0.73,1.09,s11;O26:0.55,1.09,s9;O27:-2.33,0.73,s2",RUNNING,UNKNOWN_MAP_SLAM_AVOIDANCE,unknown_map;frontier_targets;static_unknown_obstacles;dynamic_wandering_robot;costmap;slam_path_planning;obstacle_avoidance,P2_Wanderer,dynamic_wandering_robot,89.55725,89.55725,-0.2202,0.27536,1,0,1,14,6,32,27,2455,27,2455,-0.2202,0.27536,-1.47193,-0.2202,0.27536,-1.47193
83.1,PID,HECTOR_GRID_MATCHING,HECTOR_SCAN_MATCHING_GRID,landmarks,task4,TO_CHARGE,ROUTE,DIRECT,T2,TRANSIT_TO_WS1,1.72847,0.98079,2.30547,1.722,0.974,2.268,0.00646,0.04475,1.976,-1.1,3.54573,0.78239,0.0,77.26125,NORMAL,4,1,0,0,27,2458,30,27,128,2458,0.21318,0.88522,0,0,-0.1,-2.06,0,0,0.0,1.31985,23.38122,"O1:-0.89,-0.89,s215;O2:-2.33,-0.53,s193;O3:-0.89,-1.25,s174;O4:0.37,0.91,s170;O5:-0.89,-1.07,s156;O6:-2.33,0.19,s149;O7:-2.33,0.01,s137;O8:-2.33,-0.17,s135;O9:-2.33,-0.35,s125;O10:0.73,0.91,s106;O11:0.37,0.73,s98;O12:-0.71,-1.25,s93;O13:-0.35,-0.35,s84;O14:-0.53,-1.25,s80;O15:-2.33,0.55,s75;O16:-0.53,-0.89,s71;O17:0.73,0.73,s65;O18:-2.33,0.37,s60;O19:-0.17,-0.35,s48;O20:0.55,0.91,s44;O21:0.37,0.55,s40;O22:-2.33,-0.71,s31;O23:-0.71,-0.89,s29;O24:-0.35,-0.53,s19;O25:0.73,1.09,s11;O26:0.55,1.09,s9;O27:-2.33,0.73,s2","O1:-0.89,-0.89,s215;O2:-2.33,-0.53,s193;O3:-0.89,-1.25,s174;O4:0.37,0.91,s170;O5:-0.89,-1.07,s156;O6:-2.33,0.19,s149;O7:-2.33,0.01,s137;O8:-2.33,-0.17,s135;O9:-2.33,-0.35,s125;O10:0.73,0.91,s106;O11:0.37,0.73,s98;O12:-0.71,-1.25,s93;O13:-0.35,-0.35,s84;O14:-0.53,-1.25,s80;O15:-2.33,0.55,s75;O16:-0.53,-0.89,s71;O17:0.73,0.73,s65;O18:-2.33,0.37,s60;O19:-0.17,-0.35,s48;O20:0.55,0.91,s44;O21:0.37,0.55,s40;O22:-2.33,-0.71,s31;O23:-0.71,-0.89,s29;O24:-0.35,-0.53,s19;O25:0.73,1.09,s11;O26:0.55,1.09,s9;O27:-2.33,0.73,s2",RUNNING,UNKNOWN_MAP_SLAM_AVOIDANCE,unknown_map;frontier_targets;static_unknown_obstacles;dynamic_wandering_robot;costmap;slam_path_planning;obstacle_avoidance,P2_Wanderer,dynamic_wandering_robot,89.56798,89.56798,-0.21724,0.2455,1,0,1,14,6,32,27,2458,27,2458,-0.21724,0.2455,-1.47193,-0.21724,0.2455,-1.47193
83.25,PID,HECTOR_GRID_MATCHING,HECTOR_SCAN_MATCHING_GRID,landmarks,task4,TO_CHARGE,ROUTE,DIRECT,T2,TRANSIT_TO_WS1,1.73414,0.98638,2.48701,1.723,0.972,2.449,0.01527,0.04471,1.922,-1.1,3.55306,0.78332,0.0,77.25057,NORMAL,4,1,0,0,27,2461,30,27,128,2461,0.21318,0.88522,0,0,-0.1,-2.06,0,0,0.0,1.32,23.38125,"O1:-0.89,-0.89,s215;O2:-2.33,-0.53,s193;O3:-0.89,-1.25,s174;O4:0.37,0.91,s170;O5:-0.89,-1.07,s156;O6:-2.33,0.19,s149;O7:-2.33,0.01,s137;O8:-2.33,-0.17,s135;O9:-2.33,-0.35,s125;O10:0.73,0.91,s109;O11:0.37,0.73,s98;O12:-0.71,-1.25,s93;O13:-0.35,-0.35,s84;O14:-0.53,-1.25,s80;O15:-2.33,0.55,s75;O16:-0.53,-0.89,s71;O17:0.73,0.73,s65;O18:-2.33,0.37,s60;O19:-0.17,-0.35,s48;O20:0.55,0.91,s44;O21:0.37,0.55,s40;O22:-2.33,-0.71,s31;O23:-0.71,-0.89,s29;O24:-0.35,-0.53,s19;O25:0.73,1.09,s11;O26:0.55,1.09,s9;O27:-2.33,0.73,s2","O1:-0.89,-0.89,s215;O2:-2.33,-0.53,s193;O3:-0.89,-1.25,s174;O4:0.37,0.91,s170;O5:-0.89,-1.07,s156;O6:-2.33,0.19,s149;O7:-2.33,0.01,s137;O8:-2.33,-0.17,s135;O9:-2.33,-0.35,s125;O10:0.73,0.91,s109;O11:0.37,0.73,s98;O12:-0.71,-1.25,s93;O13:-0.35,-0.35,s84;O14:-0.53,-1.25,s80;O15:-2.33,0.55,s75;O16:-0.53,-0.89,s71;O17:0.73,0.73,s65;O18:-2.33,0.37,s60;O19:-0.17,-0.35,s48;O20:0.55,0.91,s44;O21:0.37,0.55,s40;O22:-2.33,-0.71,s31;O23:-0.71,-0.89,s29;O24:-0.35,-0.53,s19;O25:0.73,1.09,s11;O26:0.55,1.09,s9;O27:-2.33,0.73,s2",RUNNING,UNKNOWN_MAP_SLAM_AVOIDANCE,unknown_map;frontier_targets;static_unknown_obstacles;dynamic_wandering_robot;costmap;slam_path_planning;obstacle_avoidance,P2_Wanderer,dynamic_wandering_robot,89.57869,89.57869,-0.21428,0.21565,1,0,1,14,6,32,27,2461,27,2461,-0.21428,0.21565,-1.47193,-0.21428,0.21565,-1.47193
83.4,PID,HECTOR_GRID_MATCHING,HECTOR_SCAN_MATCHING_GRID,landmarks,task4,TO_CHARGE,ROUTE,DIRECT,T2,TRANSIT_TO_WS1,1.73744,0.99363,2.66374,1.721,0.972,2.643,0.0248,0.04471,1.868,-1.1,3.5612,0.78137,0.0,77.23989,NORMAL,4,1,0,0,27,2467,30,27,128,2467,0.21318,0.88522,0,0,-0.1,-2.06,0,0,0.02856,1.32,23.40982,"O1:-0.89,-0.89,s215;O2:-2.33,-0.53,s193;O3:-0.89,-1.25,s174;O4:0.37,0.91,s170;O5:-0.89,-1.07,s156;O6:-2.33,0.19,s149;O7:-2.33,0.01,s137;O8:-2.33,-0.17,s135;O9:-2.33,-0.35,s125;O10:0.73,0.91,s114;O11:0.37,0.73,s98;O12:-0.71,-1.25,s93;O13:-0.35,-0.35,s84;O14:-0.53,-1.25,s80;O15:-2.33,0.55,s75;O16:-0.53,-0.89,s71;O17:0.73,0.73,s65;O18:-2.33,0.37,s60;O19:-0.17,-0.35,s48;O20:0.55,0.91,s44;O21:0.37,0.55,s40;O22:-2.33,-0.71,s31;O23:-0.71,-0.89,s29;O24:-0.35,-0.53,s19;O25:0.73,1.09,s11;O26:0.55,1.09,s9;O27:-2.33,0.73,s2","O1:-0.89,-0.89,s215;O2:-2.33,-0.53,s193;O3:-0.89,-1.25,s174;O4:0.37,0.91,s170;O5:-0.89,-1.07,s156;O6:-2.33,0.19,s149;O7:-2.33,0.01,s137;O8:-2.33,-0.17,s135;O9:-2.33,-0.35,s125;O10:0.73,0.91,s114;O11:0.37,0.73,s98;O12:-0.71,-1.25,s93;O13:-0.35,-0.35,s84;O14:-0.53,-1.25,s80;O15:-2.33,0.55,s75;O16:-0.53,-0.89,s71;O17:0.73,0.73,s65;O18:-2.33,0.37,s60;O19:-0.17,-0.35,s48;O20:0.55,0.91,s44;O21:0.37,0.55,s40;O22:-2.33,-0.71,s31;O23:-0.71,-0.89,s29;O24:-0.35,-0.53,s19;O25:0.73,1.09,s11;O26:0.55,1.09,s9;O27:-2.33,0.73,s2",RUNNING,UNKNOWN_MAP_SLAM_AVOIDANCE,unknown_map;frontier_targets;static_unknown_obstacles;dynamic_wandering_robot;costmap;slam_path_planning;obstacle_avoidance,P2_Wanderer,dynamic_wandering_robot,89.60006,89.60006,-0.21132,0.1858,1,0,1,14,6,32,27,2467,27,2467,-0.21132,0.1858,-1.47193,-0.21132,0.1858,-1.47193
83.55,PID,HECTOR_GRID_MATCHING,HECTOR_SCAN_MATCHING_GRID,landmarks,task4,TO_CHARGE,ROUTE,DIRECT,T2,TRANSIT_TO_WS1,1.73462,1.00336,2.84177,1.712,0.979,2.815,0.03239,0.04464,1.814,-1.1,3.56859,0.77852,0.0,77.22253,NORMAL,4,1,0,0,27,2473,30,27,128,2473,0.21318,0.88522,0,0,-0.1,-2.06,0,0,0.04156,1.32,23.42282,"O1:-0.89,-0.89,s215;O2:-2.33,-0.53,s193;O3:-0.89,-1.25,s174;O4:0.37,0.91,s170;O5:-0.89,-1.07,s156;O6:-2.33,0.19,s149;O7:-2.33,0.01,s137;O8:-2.33,-0.17,s135;O9:-2.33,-0.35,s125;O10:0.73,0.91,s118;O11:0.37,0.73,s98;O12:-0.71,-1.25,s93;O13:-0.35,-0.35,s84;O14:-0.53,-1.25,s80;O15:-2.33,0.55,s75;O16:-0.53,-0.89,s71;O17:0.73,0.73,s67;O18:-2.33,0.37,s60;O19:-0.17,-0.35,s48;O20:0.55,0.91,s44;O21:0.37,0.55,s40;O22:-2.33,-0.71,s31;O23:-0.71,-0.89,s29;O24:-0.35,-0.53,s19;O25:0.73,1.09,s11;O26:0.55,1.09,s9;O27:-2.33,0.73,s2","O1:-0.89,-0.89,s215;O2:-2.33,-0.53,s193;O3:-0.89,-1.25,s174;O4:0.37,0.91,s170;O5:-0.89,-1.07,s156;O6:-2.33,0.19,s149;O7:-2.33,0.01,s137;O8:-2.33,-0.17,s135;O9:-2.33,-0.35,s125;O10:0.73,0.91,s118;O11:0.37,0.73,s98;O12:-0.71,-1.25,s93;O13:-0.35,-0.35,s84;O14:-0.53,-1.25,s80;O15:-2.33,0.55,s75;O16:-0.53,-0.89,s71;O17:0.73,0.73,s67;O18:-2.33,0.37,s60;O19:-0.17,-0.35,s48;O20:0.55,0.91,s44;O21:0.37,0.55,s40;O22:-2.33,-0.71,s31;O23:-0.71,-0.89,s29;O24:-0.35,-0.53,s19;O25:0.73,1.09,s11;O26:0.55,1.09,s9;O27:-2.33,0.73,s2",RUNNING,UNKNOWN_MAP_SLAM_AVOIDANCE,unknown_map;frontier_targets;static_unknown_obstacles;dynamic_wandering_robot;costmap;slam_path_planning;obstacle_avoidance,P2_Wanderer,dynamic_wandering_robot,89.62136,89.62136,-0.20836,0.15594,1,0,1,14,6,32,27,2473,27,2473,-0.20836,0.15594,-1.47193,-0.20836,0.15594,-1.47193
83.7,PID,HECTOR_GRID_MATCHING,HECTOR_SCAN_MATCHING_GRID,landmarks,task4,TO_CHARGE,ROUTE,DIRECT,T2,TRANSIT_TO_WS1,1.72859,1.01256,3.01826,1.722,0.999,2.988,0.01457,0.04448,1.76,-1.1,3.57445,0.77174,0.0,77.20401,NORMAL,4,1,0,0,27,2479,30,27,128,2479,0.21318,0.88522,0,0,-0.1,-2.06,0,0,0.38743,1.32,23.76868,"O1:-0.89,-0.89,s215;O2:-2.33,-0.53,s193;O3:-0.89,-1.25,s174;O4:0.37,0.91,s170;O5:-0.89,-1.07,s156;O6:-2.33,0.19,s149;O7:-2.33,0.01,s137;O8:-2.33,-0.17,s135;O9:-2.33,-0.35,s125;O10:0.73,0.91,s123;O11:0.37,0.73,s98;O12:-0.71,-1.25,s93;O13:-0.35,-0.35,s84;O14:-0.53,-1.25,s80;O15:-2.33,0.55,s75;O16:-0.53,-0.89,s71;O17:0.73,0.73,s68;O18:-2.33,0.37,s60;O19:-0.17,-0.35,s48;O20:0.55,0.91,s44;O21:0.37,0.55,s40;O22:-2.33,-0.71,s31;O23:-0.71,-0.89,s29;O24:-0.35,-0.53,s19;O25:0.73,1.09,s11;O26:0.55,1.09,s9;O27:-2.33,0.73,s2","O1:-0.89,-0.89,s215;O2:-2.33,-0.53,s193;O3:-0.89,-1.25,s174;O4:0.37,0.91,s170;O5:-0.89,-1.07,s156;O6:-2.33,0.19,s149;O7:-2.33,0.01,s137;O8:-2.33,-0.17,s135;O9:-2.33,-0.35,s125;O10:0.73,0.91,s123;O11:0.37,0.73,s98;O12:-0.71,-1.25,s93;O13:-0.35,-0.35,s84;O14:-0.53,-1.25,s80;O15:-2.33,0.55,s75;O16:-0.53,-0.89,s71;O17:0.73,0.73,s68;O18:-2.33,0.37,s60;O19:-0.17,-0.35,s48;O20:0.55,0.91,s44;O21:0.37,0.55,s40;O22:-2.33,-0.71,s31;O23:-0.71,-0.89,s29;O24:-0.35,-0.53,s19;O25:0.73,1.09,s11;O26:0.55,1.09,s9;O27:-2.33,0.73,s2",RUNNING,UNKNOWN_MAP_SLAM_AVOIDANCE,unknown_map;frontier_targets;static_unknown_obstacles;dynamic_wandering_robot;costmap;slam_path_planning;obstacle_avoidance,P2_Wanderer,dynamic_wandering_robot,89.64259,89.64259,-0.2054,0.12609,1,0,1,14,6,32,27,2479,27,2479,-0.2054,0.12609,-1.47193,-0.2054,0.12609,-1.47193
83.85,PID,HECTOR_GRID_MATCHING,HECTOR_SCAN_MATCHING_GRID,landmarks,task4,TO_CHARGE,ROUTE,DIRECT,T2,TRANSIT_TO_WS1,1.70324,1.02075,-3.08142,1.691,1.007,-3.107,0.02609,0.04341,1.706,-1.1,3.57361,0.75567,0.0,77.10466,NORMAL,4,1,0,0,27,2485,30,27,128,2485,0.21598,0.88522,0,0,-0.1,-2.06,0,0,0.54467,1.32,23.92593,"O1:-0.89,-0.89,s215;O2:-2.33,-0.53,s193;O3:-0.89,-1.25,s174;O4:0.37,0.91,s170;O5:-0.89,-1.07,s156;O6:-2.33,0.19,s149;O7:-2.33,0.01,s137;O8:-2.33,-0.17,s135;O9:0.73,0.91,s127;O10:-2.33,-0.35,s125;O11:0.37,0.73,s98;O12:-0.71,-1.25,s93;O13:-0.35,-0.35,s84;O14:-0.53,-1.25,s80;O15:-2.33,0.55,s75;O16:-0.53,-0.89,s71;O17:0.73,0.73,s70;O18:-2.33,0.37,s60;O19:-0.17,-0.35,s48;O20:0.55,0.91,s44;O21:0.37,0.55,s40;O22:-2.33,-0.71,s31;O23:-0.71,-0.89,s29;O24:-0.35,-0.53,s19;O25:0.73,1.09,s11;O26:0.55,1.09,s9;O27:-2.33,0.73,s2","O1:-0.89,-0.89,s215;O2:-2.33,-0.53,s193;O3:-0.89,-1.25,s174;O4:0.37,0.91,s170;O5:-0.89,-1.07,s156;O6:-2.33,0.19,s149;O7:-2.33,0.01,s137;O8:-2.33,-0.17,s135;O9:0.73,0.91,s127;O10:-2.33,-0.35,s125;O11:0.37,0.73,s98;O12:-0.71,-1.25,s93;O13:-0.35,-0.35,s84;O14:-0.53,-1.25,s80;O15:-2.33,0.55,s75;O16:-0.53,-0.89,s71;O17:0.73,0.73,s70;O18:-2.33,0.37,s60;O19:-0.17,-0.35,s48;O20:0.55,0.91,s44;O21:0.37,0.55,s40;O22:-2.33,-0.71,s31;O23:-0.71,-0.89,s29;O24:-0.35,-0.53,s19;O25:0.73,1.09,s11;O26:0.55,1.09,s9;O27:-2.33,0.73,s2",RUNNING,UNKNOWN_MAP_SLAM_AVOIDANCE,unknown_map;frontier_targets;static_unknown_obstacles;dynamic_wandering_robot;costmap;slam_path_planning;obstacle_avoidance,P2_Wanderer,dynamic_wandering_robot,89.66374,89.66374,-0.20244,0.09624,1,0,1,14,6,32,27,2485,27,2485,-0.20244,0.09624,-1.47193,-0.20244,0.09624,-1.47193
84.0,PID,HECTOR_GRID_MATCHING,HECTOR_SCAN_MATCHING_GRID,landmarks,task4,TO_CHARGE,ROUTE,DIRECT,T2,TRANSIT_TO_WS1,1.64406,1.01888,-2.89394,1.648,1.01,-2.925,0.02357,0.04016,1.652,-1.1,3.5529,0.70807,0.0,76.99133,NORMAL,4,1,0,0,27,2492,30,27,129,2492,0.2177,0.88522,0,0,-0.1,-2.06,0,0,0.54983,1.32,23.93108,"O1:-0.89,-0.89,s215;O2:-2.33,-0.53,s193;O3:-0.89,-1.25,s174;O4:0.37,0.91,s170;O5:-0.89,-1.07,s156;O6:-2.33,0.19,s149;O7:-2.33,0.01,s137;O8:-2.33,-0.17,s135;O9:0.73,0.91,s132;O10:-2.33,-0.35,s125;O11:0.37,0.73,s98;O12:-0.71,-1.25,s93;O13:-0.35,-0.35,s84;O14:-0.53,-1.25,s80;O15:-2.33,0.55,s75;O16:0.73,0.73,s71;O17:-0.53,-0.89,s71;O18:-2.33,0.37,s60;O19:-0.17,-0.35,s48;O20:0.55,0.91,s44;O21:0.37,0.55,s40;O22:-2.33,-0.71,s31;O23:-0.71,-0.89,s29;O24:-0.35,-0.53,s19;O25:0.73,1.09,s11;O26:0.55,1.09,s9;O27:-2.33,0.73,s2","O1:-0.89,-0.89,s215;O2:-2.33,-0.53,s193;O3:-0.89,-1.25,s174;O4:0.37,0.91,s170;O5:-0.89,-1.07,s156;O6:-2.33,0.19,s149;O7:-2.33,0.01,s137;O8:-2.33,-0.17,s135;O9:0.73,0.91,s132;O10:-2.33,-0.35,s125;O11:0.37,0.73,s98;O12:-0.71,-1.25,s93;O13:-0.35,-0.35,s84;O14:-0.53,-1.25,s80;O15:-2.33,0.55,s75;O16:0.73,0.73,s71;O17:-0.53,-0.89,s71;O18:-2.33,0.37,s60;O19:-0.17,-0.35,s48;O20:0.55,0.91,s44;O21:0.37,0.55,s40;O22:-2.33,-0.71,s31;O23:-0.71,-0.89,s29;O24:-0.35,-0.53,s19;O25:0.73,1.09,s11;O26:0.55,1.09,s9;O27:-2.33,0.73,s2",RUNNING,UNKNOWN_MAP_SLAM_AVOIDANCE,unknown_map;frontier_targets;static_unknown_obstacles;dynamic_wandering_robot;costmap;slam_path_planning;obstacle_avoidance,P2_Wanderer,dynamic_wandering_robot,89.68833,89.68833,-0.19948,0.06638,1,0,1,14,6,32,27,2492,27,2492,-0.19948,0.06638,-1.47193,-0.19948,0.06638,-1.47193
84.15,PID,HECTOR_GRID_MATCHING,HECTOR_SCAN_MATCHING_GRID,landmarks,task4,TO_CHARGE,ROUTE,DIRECT,T2,TRANSIT_TO_WS1,1.56714,0.99906,-2.71091,1.58,0.998,-2.753,0.01549,0.03544,1.598,-1.1,3.50301,0.63672,0.0,76.87763,NORMAL,4,1,0,0,27,2499,30,27,129,2499,0.21749,0.88522,0,0,-0.1,-2.06,0,0,0.54999,1.19401,23.96275,"O1:-0.89,-0.89,s215;O2:-2.33,-0.53,s193;O3:-0.89,-1.25,s174;O4:0.37,0.91,s170;O5:-0.89,-1.07,s156;O6:-2.33,0.19,s149;O7:-2.33,0.01,s137;O8:0.73,0.91,s136;O9:-2.33,-0.17,s135;O10:-2.33,-0.35,s125;O11:0.37,0.73,s98;O12:-0.71,-1.25,s93;O13:-0.35,-0.35,s84;O14:-0.53,-1.25,s80;O15:-2.33,0.55,s75;O16:0.73,0.73,s73;O17:-0.53,-0.89,s71;O18:-2.33,0.37,s60;O19:-0.17,-0.35,s48;O20:0.55,0.91,s44;O21:0.37,0.55,s40;O22:-2.33,-0.71,s31;O23:-0.71,-0.89,s29;O24:-0.35,-0.53,s19;O25:0.73,1.09,s11;O26:0.55,1.09,s9;O27:-2.33,0.73,s2","O1:-0.89,-0.89,s215;O2:-2.33,-0.53,s193;O3:-0.89,-1.25,s174;O4:0.37,0.91,s170;O5:-0.89,-1.07,s156;O6:-2.33,0.19,s149;O7:-2.33,0.01,s137;O8:0.73,0.91,s136;O9:-2.33,-0.17,s135;O10:-2.33,-0.35,s125;O11:0.37,0.73,s98;O12:-0.71,-1.25,s93;O13:-0.35,-0.35,s84;O14:-0.53,-1.25,s80;O15:-2.33,0.55,s75;O16:0.73,0.73,s73;O17:-0.53,-0.89,s71;O18:-2.33,0.37,s60;O19:-0.17,-0.35,s48;O20:0.55,0.91,s44;O21:0.37,0.55,s40;O22:-2.33,-0.71,s31;O23:-0.71,-0.89,s29;O24:-0.35,-0.53,s19;O25:0.73,1.09,s11;O26:0.55,1.09,s9;O27:-2.33,0.73,s2",RUNNING,UNKNOWN_MAP_SLAM_AVOIDANCE,unknown_map;frontier_targets;static_unknown_obstacles;dynamic_wandering_robot;costmap;slam_path_planning;obstacle_avoidance,P2_Wanderer,dynamic_wandering_robot,89.71283,89.71283,-0.19652,0.03653,1,0,1,14,6,32,27,2499,27,2499,-0.19652,0.03653,-1.47193,-0.19652,0.03653,-1.47193
84.3,PID,HECTOR_GRID_MATCHING,HECTOR_SCAN_MATCHING_GRID,landmarks,task4,TO_CHARGE,AVOIDING,DIRECT,T2,TRANSIT_TO_WS1,1.49495,0.96737,-2.55143,1.52,0.976,-2.6,0.00378,0.03173,1.544,-1.1,3.44343,0.56473,0.00795,76.76493,NORMAL,4,1,0,0,27,2505,30,27,129,2505,0.21749,0.88522,0,0,-0.1,-2.06,0,0,0.55,0.95756,24.02186,"O1:-0.89,-0.89,s215;O2:-2.33,-0.53,s193;O3:-0.89,-1.25,s174;O4:0.37,0.91,s170;O5:-0.89,-1.07,s156;O6:-2.33,0.19,s149;O7:0.73,0.91,s142;O8:-2.33,0.01,s137;O9:-2.33,-0.17,s135;O10:-2.33,-0.35,s125;O11:0.37,0.73,s98;O12:-0.71,-1.25,s93;O13:-0.35,-0.35,s84;O14:-0.53,-1.25,s80;O15:-2.33,0.55,s75;O16:0.73,0.73,s74;O17:-0.53,-0.89,s71;O18:-2.33,0.37,s60;O19:-0.17,-0.35,s48;O20:0.55,0.91,s44;O21:0.37,0.55,s40;O22:-2.33,-0.71,s31;O23:-0.71,-0.89,s29;O24:-0.35,-0.53,s19;O25:0.73,1.09,s11;O26:0.55,1.09,s9;O27:-2.33,0.73,s2","O1:-0.89,-0.89,s215;O2:-2.33,-0.53,s193;O3:-0.89,-1.25,s174;O4:0.37,0.91,s170;O5:-0.89,-1.07,s156;O6:-2.33,0.19,s149;O7:0.73,0.91,s142;O8:-2.33,0.01,s137;O9:-2.33,-0.17,s135;O10:-2.33,-0.35,s125;O11:0.37,0.73,s98;O12:-0.71,-1.25,s93;O13:-0.35,-0.35,s84;O14:-0.53,-1.25,s80;O15:-2.33,0.55,s75;O16:0.73,0.73,s74;O17:-0.53,-0.89,s71;O18:-2.33,0.37,s60;O19:-0.17,-0.35,s48;O20:0.55,0.91,s44;O21:0.37,0.55,s40;O22:-2.33,-0.71,s31;O23:-0.71,-0.89,s29;O24:-0.35,-0.53,s19;O25:0.73,1.09,s11;O26:0.55,1.09,s9;O27:-2.33,0.73,s2",RUNNING,UNKNOWN_MAP_SLAM_AVOIDANCE,unknown_map;frontier_targets;static_unknown_obstacles;dynamic_wandering_robot;costmap;slam_path_planning;obstacle_avoidance,P2_Wanderer,dynamic_wandering_robot,89.73375,89.73375,-0.19355,0.00668,1,0,1,14,6,32,27,2505,27,2505,-0.19355,0.00668,-1.47193,-0.19355,0.00668,-1.47193
84.45,PID,HECTOR_GRID_MATCHING,HECTOR_SCAN_MATCHING_GRID,landmarks,task4,TO_CHARGE,AVOIDING,DIRECT,T2,TRANSIT_TO_WS1,1.42828,0.92331,-2.42363,1.445,0.936,-2.459,0.006,0.02888,1.5,-1.06452,3.37594,0.50228,0.03605,76.65336,NORMAL,4,1,0,0,27,2513,30,27,129,2513,0.21749,0.88522,0,0,-0.1,-2.06,0,0,0.55,0.80587,24.05979,"O1:-0.89,-0.89,s215;O2:-2.33,-0.53,s193;O3:-0.89,-1.25,s174;O4:0.37,0.91,s170;O5:-0.89,-1.07,s156;O6:-2.33,0.19,s149;O7:0.73,0.91,s146;O8:-2.33,0.01,s137;O9:-2.33,-0.17,s135;O10:-2.33,-0.35,s125;O11:0.37,0.73,s98;O12:-0.71,-1.25,s93;O13:-0.35,-0.35,s84;O14:-0.53,-1.25,s80;O15:0.73,0.73,s77;O16:-2.33,0.55,s75;O17:-0.53,-0.89,s71;O18:-2.33,0.37,s60;O19:-0.17,-0.35,s48;O20:0.55,0.91,s44;O21:0.37,0.55,s40;O22:-2.33,-0.71,s31;O23:-0.71,-0.89,s29;O24:-0.35,-0.53,s19;O25:0.73,1.09,s11;O26:0.55,1.09,s9;O27:-2.33,0.73,s2","O1:-0.89,-0.89,s215;O2:-2.33,-0.53,s193;O3:-0.89,-1.25,s174;O4:0.37,0.91,s170;O5:-0.89,-1.07,s156;O6:-2.33,0.19,s149;O7:0.73,0.91,s146;O8:-2.33,0.01,s137;O9:-2.33,-0.17,s135;O10:-2.33,-0.35,s125;O11:0.37,0.73,s98;O12:-0.71,-1.25,s93;O13:-0.35,-0.35,s84;O14:-0.53,-1.25,s80;O15:0.73,0.73,s77;O16:-2.33,0.55,s75;O17:-0.53,-0.89,s71;O18:-2.33,0.37,s60;O19:-0.17,-0.35,s48;O20:0.55,0.91,s44;O21:0.37,0.55,s40;O22:-2.33,-0.71,s31;O23:-0.71,-0.89,s29;O24:-0.35,-0.53,s19;O25:0.73,1.09,s11;O26:0.55,1.09,s9;O27:-2.33,0.73,s2",RUNNING,UNKNOWN_MAP_SLAM_AVOIDANCE,unknown_map;frontier_targets;static_unknown_obstacles;dynamic_wandering_robot;costmap;slam_path_planning;obstacle_avoidance,P2_Wanderer,dynamic_wandering_robot,89.76154,89.76154,-0.19059,-0.02318,1,0,1,14,6,32,27,2513,27,2513,-0.19059,-0.02318,-1.47193,-0.19059,-0.02318,-1.47193
84.6,PID,HECTOR_GRID_MATCHING,HECTOR_SCAN_MATCHING_GRID,landmarks,task4,TO_CHARGE,AVOIDING,DIRECT,T2,TRANSIT_TO_WS1,1.36756,0.87084,-2.3125,1.386,0.875,-2.349,0.01368,0.02682,1.5,-1.01052,3.30288,0.44239,0.08206,76.54244,NORMAL,4,1,0,0,27,2520,30,27,129,2520,0.21749,0.88522,0,0,-0.1,-2.06,0,0,0.55,0.70985,24.08379,"O1:-0.89,-0.89,s215;O2:-2.33,-0.53,s193;O3:-0.89,-1.25,s174;O4:0.37,0.91,s170;O5:-0.89,-1.07,s156;O6:0.73,0.91,s152;O7:-2.33,0.19,s149;O8:-2.33,0.01,s137;O9:-2.33,-0.17,s135;O10:-2.33,-0.35,s125;O11:0.37,0.73,s98;O12:-0.71,-1.25,s93;O13:-0.35,-0.35,s84;O14:-0.53,-1.25,s80;O15:0.73,0.73,s79;O16:-2.33,0.55,s75;O17:-0.53,-0.89,s71;O18:-2.33,0.37,s60;O19:-0.17,-0.35,s48;O20:0.55,0.91,s44;O21:0.37,0.55,s40;O22:-2.33,-0.71,s31;O23:-0.71,-0.89,s29;O24:-0.35,-0.53,s19;O25:0.73,1.09,s11;O26:0.55,1.09,s9;O27:-2.33,0.73,s2","O1:-0.89,-0.89,s215;O2:-2.33,-0.53,s193;O3:-0.89,-1.25,s174;O4:0.37,0.91,s170;O5:-0.89,-1.07,s156;O6:0.73,0.91,s152;O7:-2.33,0.19,s149;O8:-2.33,0.01,s137;O9:-2.33,-0.17,s135;O10:-2.33,-0.35,s125;O11:0.37,0.73,s98;O12:-0.71,-1.25,s93;O13:-0.35,-0.35,s84;O14:-0.53,-1.25,s80;O15:0.73,0.73,s79;O16:-2.33,0.55,s75;O17:-0.53,-0.89,s71;O18:-2.33,0.37,s60;O19:-0.17,-0.35,s48;O20:0.55,0.91,s44;O21:0.37,0.55,s40;O22:-2.33,-0.71,s31;O23:-0.71,-0.89,s29;O24:-0.35,-0.53,s19;O25:0.73,1.09,s11;O26:0.55,1.09,s9;O27:-2.33,0.73,s2",RUNNING,UNKNOWN_MAP_SLAM_AVOIDANCE,unknown_map;frontier_targets;static_unknown_obstacles;dynamic_wandering_robot;costmap;slam_path_planning;obstacle_avoidance,P2_Wanderer,dynamic_wandering_robot,89.78576,89.78576,-0.18763,-0.05303,1,0,1,14,6,32,27,2520,27,2520,-0.18763,-0.05303,-1.47193,-0.18763,-0.05303,-1.47193
84.75,PID,HECTOR_GRID_MATCHING,HECTOR_SCAN_MATCHING_GRID,landmarks,task4,TO_CHARGE,AVOIDING,DIRECT,T2,TRANSIT_TO_WS1,1.31288,0.8118,-2.21179,1.339,0.811,-2.251,0.02301,0.02544,1.5,-0.95652,3.22655,0.38949,0.13823,76.43194,NORMAL,4,1,0,0,27,2526,30,27,129,2526,0.21749,0.88522,0,0,-0.1,-2.06,0,0,0.55,0.65054,24.09862,"O1:-0.89,-0.89,s215;O2:-2.33,-0.53,s193;O3:-0.89,-1.25,s174;O4:0.37,0.91,s170;O5:-0.89,-1.07,s156;O6:0.73,0.91,s154;O7:-2.33,0.19,s149;O8:-2.33,0.01,s137;O9:-2.33,-0.17,s135;O10:-2.33,-0.35,s125;O11:0.37,0.73,s98;O12:-0.71,-1.25,s93;O13:-0.35,-0.35,s84;O14:0.73,0.73,s83;O15:-0.53,-1.25,s80;O16:-2.33,0.55,s75;O17:-0.53,-0.89,s71;O18:-2.33,0.37,s60;O19:-0.17,-0.35,s48;O20:0.55,0.91,s44;O21:0.37,0.55,s40;O22:-2.33,-0.71,s31;O23:-0.71,-0.89,s29;O24:-0.35,-0.53,s19;O25:0.73,1.09,s11;O26:0.55,1.09,s9;O27:-2.33,0.73,s2","O1:-0.89,-0.89,s215;O2:-2.33,-0.53,s193;O3:-0.89,-1.25,s174;O4:0.37,0.91,s170;O5:-0.89,-1.07,s156;O6:0.73,0.91,s154;O7:-2.33,0.19,s149;O8:-2.33,0.01,s137;O9:-2.33,-0.17,s135;O10:-2.33,-0.35,s125;O11:0.37,0.73,s98;O12:-0.71,-1.25,s93;O13:-0.35,-0.35,s84;O14:0.73,0.73,s83;O15:-0.53,-1.25,s80;O16:-2.33,0.55,s75;O17:-0.53,-0.89,s71;O18:-2.33,0.37,s60;O19:-0.17,-0.35,s48;O20:0.55,0.91,s44;O21:0.37,0.55,s40;O22:-2.33,-0.71,s31;O23:-0.71,-0.89,s29;O24:-0.35,-0.53,s19;O25:0.73,1.09,s11;O26:0.55,1.09,s9;O27:-2.33,0.73,s2",RUNNING,UNKNOWN_MAP_SLAM_AVOIDANCE,unknown_map;frontier_targets;static_unknown_obstacles;dynamic_wandering_robot;costmap;slam_path_planning;obstacle_avoidance,P2_Wanderer,dynamic_wandering_robot,89.80644,89.80644,-0.18467,-0.08288,1,0,1,14,6,32,27,2526,27,2526,-0.18467,-0.08288,-1.47193,-0.18467,-0.08288,-1.47193
84.9,PID,HECTOR_GRID_MATCHING,HECTOR_SCAN_MATCHING_GRID,landmarks,task4,TO_CHARGE,AVOIDING,DIRECT,T2,TRANSIT_TO_WS1,1.26425,0.74739,-2.12211,1.283,0.757,-2.156,0.01313,0.02458,1.5,-0.90252,3.14789,0.34397,0.19821,76.32184,NORMAL,4,1,0,0,27,2532,30,27,129,2532,0.21749,0.88522,0,0,-0.1,-2.06,0,0,0.55,0.59887,24.11413,"O1:-0.89,-0.89,s215;O2:-2.33,-0.53,s193;O3:-0.89,-1.25,s174;O4:0.37,0.91,s170;O5:0.73,0.91,s156;O6:-0.89,-1.07,s156;O7:-2.33,0.19,s149;O8:-2.33,0.01,s137;O9:-2.33,-0.17,s135;O10:-2.33,-0.35,s125;O11:0.37,0.73,s98;O12:-0.71,-1.25,s93;O13:0.73,0.73,s87;O14:-0.35,-0.35,s84;O15:-0.53,-1.25,s80;O16:-2.33,0.55,s75;O17:-0.53,-0.89,s71;O18:-2.33,0.37,s60;O19:-0.17,-0.35,s48;O20:0.55,0.91,s44;O21:0.37,0.55,s40;O22:-2.33,-0.71,s31;O23:-0.71,-0.89,s29;O24:-0.35,-0.53,s19;O25:0.73,1.09,s11;O26:0.55,1.09,s9;O27:-2.33,0.73,s2","O1:-0.89,-0.89,s215;O2:-2.33,-0.53,s193;O3:-0.89,-1.25,s174;O4:0.37,0.91,s170;O5:0.73,0.91,s156;O6:-0.89,-1.07,s156;O7:-2.33,0.19,s149;O8:-2.33,0.01,s137;O9:-2.33,-0.17,s135;O10:-2.33,-0.35,s125;O11:0.37,0.73,s98;O12:-0.71,-1.25,s93;O13:0.73,0.73,s87;O14:-0.35,-0.35,s84;O15:-0.53,-1.25,s80;O16:-2.33,0.55,s75;O17:-0.53,-0.89,s71;O18:-2.33,0.37,s60;O19:-0.17,-0.35,s48;O20:0.55,0.91,s44;O21:0.37,0.55,s40;O22:-2.33,-0.71,s31;O23:-0.71,-0.89,s29;O24:-0.35,-0.53,s19;O25:0.73,1.09,s11;O26:0.55,1.09,s9;O27:-2.33,0.73,s2",RUNNING,UNKNOWN_MAP_SLAM_AVOIDANCE,unknown_map;frontier_targets;static_unknown_obstacles;dynamic_wandering_robot;costmap;slam_path_planning;obstacle_avoidance,P2_Wanderer,dynamic_wandering_robot,89.82705,89.82705,-0.18171,-0.11274,1,0,1,15,6,32,27,2532,27,2532,-0.18171,-0.11274,-1.47193,-0.18171,-0.11274,-1.47193
85.05,PID,HECTOR_GRID_MATCHING,HECTOR_SCAN_MATCHING_GRID,landmarks,task4,TO_CHARGE,AVOIDING,DIRECT,T2,TRANSIT_TO_WS1,1.22186,0.67895,-2.03828,1.256,0.689,-2.069,0.02476,0.02414,1.5,-0.84852,3.06796,0.32321,0.22914,76.21184,NORMAL,4,1,0,0,28,2538,31,28,129,2538,0.21641,0.88522,0,0,-0.1,-2.06,0,0,0.55,0.39677,24.16564,"O1:-0.89,-0.89,s215;O2:-2.33,-0.53,s193;O3:-0.89,-1.25,s174;O4:0.37,0.91,s170;O5:0.73,0.91,s158;O6:-0.89,-1.07,s156;O7:-2.33,0.19,s149;O8:-2.33,0.01,s137;O9:-2.33,-0.17,s135;O10:-2.33,-0.35,s125;O11:0.37,0.73,s98;O12:-0.71,-1.25,s93;O13:0.73,0.73,s90;O14:-0.35,-0.35,s84;O15:-0.53,-1.25,s80;O16:-2.33,0.55,s75;O17:-0.53,-0.89,s71;O18:-2.33,0.37,s60;O19:-0.17,-0.35,s48;O20:0.55,0.91,s44;O21:0.37,0.55,s40;O22:-2.33,-0.71,s31;O23:-0.71,-0.89,s29;O24:-0.35,-0.53,s19;O25:0.73,1.09,s11;O26:0.55,1.09,s9;O27:-2.33,0.73,s2;O28:0.73,0.55,s2","O1:-0.89,-0.89,s215;O2:-2.33,-0.53,s193;O3:-0.89,-1.25,s174;O4:0.37,0.91,s170;O5:0.73,0.91,s158;O6:-0.89,-1.07,s156;O7:-2.33,0.19,s149;O8:-2.33,0.01,s137;O9:-2.33,-0.17,s135;O10:-2.33,-0.35,s125;O11:0.37,0.73,s98;O12:-0.71,-1.25,s93;O13:0.73,0.73,s90;O14:-0.35,-0.35,s84;O15:-0.53,-1.25,s80;O16:-2.33,0.55,s75;O17:-0.53,-0.89,s71;O18:-2.33,0.37,s60;O19:-0.17,-0.35,s48;O20:0.55,0.91,s44;O21:0.37,0.55,s40;O22:-2.33,-0.71,s31;O23:-0.71,-0.89,s29;O24:-0.35,-0.53,s19;O25:0.73,1.09,s11;O26:0.55,1.09,s9;O27:-2.33,0.73,s2;O28:0.73,0.55,s2",RUNNING,UNKNOWN_MAP_SLAM_AVOIDANCE,unknown_map;frontier_targets;static_unknown_obstacles;dynamic_wandering_robot;costmap;slam_path_planning;obstacle_avoidance,P2_Wanderer,dynamic_wandering_robot,89.84759,89.84759,-0.17875,-0.14259,1,0,1,15,6,32,28,2538,28,2538,-0.17875,-0.14259,-1.47193,-0.17875,-0.14259,-1.47193
85.2,PID,HECTOR_GRID_MATCHING,HECTOR_SCAN_MATCHING_GRID,landmarks,task4,TO_CHARGE,AVOIDING,DIRECT_AFTER_WAYPOINT,T2,TRANSIT_TO_WS1,1.18535,0.60629,-1.98514,1.2,0.621,-2.018,0.01031,0.02405,1.5,-0.79452,2.98718,0.28313,0.29522,76.10304,NORMAL,4,1,0,0,28,2544,31,28,131,2544,0.21611,0.88522,0,0,-0.1,-2.06,0,0,0.55,0.34497,24.1834,"O1:-0.89,-0.89,s215;O2:-2.33,-0.53,s193;O3:-0.89,-1.25,s174;O4:0.37,0.91,s170;O5:0.73,0.91,s161;O6:-0.89,-1.07,s156;O7:-2.33,0.19,s149;O8:-2.33,0.01,s137;O9:-2.33,-0.17,s135;O10:-2.33,-0.35,s125;O11:0.37,0.73,s98;O12:0.73,0.73,s93;O13:-0.71,-1.25,s93;O14:-0.35,-0.35,s84;O15:-0.53,-1.25,s80;O16:-2.33,0.55,s75;O17:-0.53,-0.89,s71;O18:-2.33,0.37,s60;O19:-0.17,-0.35,s48;O20:0.55,0.91,s44;O21:0.37,0.55,s40;O22:-2.33,-0.71,s31;O23:-0.71,-0.89,s29;O24:-0.35,-0.53,s19;O25:0.73,1.09,s11;O26:0.55,1.09,s9;O27:-2.33,0.73,s2;O28:0.73,0.55,s2","O1:-0.89,-0.89,s215;O2:-2.33,-0.53,s193;O3:-0.89,-1.25,s174;O4:0.37,0.91,s170;O5:0.73,0.91,s161;O6:-0.89,-1.07,s156;O7:-2.33,0.19,s149;O8:-2.33,0.01,s137;O9:-2.33,-0.17,s135;O10:-2.33,-0.35,s125;O11:0.37,0.73,s98;O12:0.73,0.73,s93;O13:-0.71,-1.25,s93;O14:-0.35,-0.35,s84;O15:-0.53,-1.25,s80;O16:-2.33,0.55,s75;O17:-0.53,-0.89,s71;O18:-2.33,0.37,s60;O19:-0.17,-0.35,s48;O20:0.55,0.91,s44;O21:0.37,0.55,s40;O22:-2.33,-0.71,s31;O23:-0.71,-0.89,s29;O24:-0.35,-0.53,s19;O25:0.73,1.09,s11;O26:0.55,1.09,s9;O27:-2.33,0.73,s2;O28:0.73,0.55,s2",RUNNING,UNKNOWN_MAP_SLAM_AVOIDANCE,unknown_map;frontier_targets;static_unknown_obstacles;dynamic_wandering_robot;costmap;slam_path_planning;obstacle_avoidance,P2_Wanderer,dynamic_wandering_robot,89.86806,89.86806,-0.17579,-0.17244,1,0,1,15,6,32,28,2544,28,2544,-0.17579,-0.17244,-1.47193,-0.17579,-0.17244,-1.47193
85.35,PID,HECTOR_GRID_MATCHING,HECTOR_SCAN_MATCHING_GRID,landmarks,task4,TO_CHARGE,AVOIDING,DIRECT_AFTER_WAYPOINT,T2,TRANSIT_TO_WS1,1.15236,0.53162,-1.94191,1.16,0.56,-1.958,0.00414,0.02419,1.5,-0.74052,2.90561,0.28225,0.29676,75.99453,NORMAL,4,1,0,0,28,2550,31,28,131,2550,0.21438,0.88522,0,0,-0.1,-2.06,0,0,0.55,0.26593,24.20316,"O1:-0.89,-0.89,s215;O2:-2.33,-0.53,s193;O3:-0.89,-1.25,s174;O4:0.37,0.91,s170;O5:0.73,0.91,s163;O6:-0.89,-1.07,s156;O7:-2.33,0.19,s149;O8:-2.33,0.01,s137;O9:-2.33,-0.17,s135;O10:-2.33,-0.35,s125;O11:0.37,0.73,s98;O12:0.73,0.73,s97;O13:-0.71,-1.25,s93;O14:-0.35,-0.35,s84;O15:-0.53,-1.25,s80;O16:-2.33,0.55,s75;O17:-0.53,-0.89,s71;O18:-2.33,0.37,s60;O19:-0.17,-0.35,s48;O20:0.55,0.91,s44;O21:0.37,0.55,s40;O22:-2.33,-0.71,s31;O23:-0.71,-0.89,s29;O24:-0.35,-0.53,s19;O25:0.73,1.09,s11;O26:0.55,1.09,s9;O27:-2.33,0.73,s2;O28:0.73,0.55,s2","O1:-0.89,-0.89,s215;O2:-2.33,-0.53,s193;O3:-0.89,-1.25,s174;O4:0.37,0.91,s170;O5:0.73,0.91,s163;O6:-0.89,-1.07,s156;O7:-2.33,0.19,s149;O8:-2.33,0.01,s137;O9:-2.33,-0.17,s135;O10:-2.33,-0.35,s125;O11:0.37,0.73,s98;O12:0.73,0.73,s97;O13:-0.71,-1.25,s93;O14:-0.35,-0.35,s84;O15:-0.53,-1.25,s80;O16:-2.33,0.55,s75;O17:-0.53,-0.89,s71;O18:-2.33,0.37,s60;O19:-0.17,-0.35,s48;O20:0.55,0.91,s44;O21:0.37,0.55,s40;O22:-2.33,-0.71,s31;O23:-0.71,-0.89,s29;O24:-0.35,-0.53,s19;O25:0.73,1.09,s11;O26:0.55,1.09,s9;O27:-2.33,0.73,s2;O28:0.73,0.55,s2",RUNNING,UNKNOWN_MAP_SLAM_AVOIDANCE,unknown_map;frontier_targets;static_unknown_obstacles;dynamic_wandering_robot;costmap;slam_path_planning;obstacle_avoidance,P2_Wanderer,dynamic_wandering_robot,89.88847,89.88847,-0.17283,-0.2023,1,0,1,15,6,32,28,2550,28,2550,-0.17283,-0.2023,-1.47193,-0.17283,-0.2023,-1.47193
85.5,PID,HECTOR_GRID_MATCHING,HECTOR_SCAN_MATCHING_GRID,landmarks,task4,TO_CHARGE,AVOIDING,DIRECT,T2,TRANSIT_TO_WS1,1.12272,0.45515,-1.94078,1.138,0.478,-1.943,0.00601,0.02452,1.5,-0.68652,2.82399,0.29501,0.04946,75.88704,NORMAL,4,1,0,0,27,2556,31,27,131,2556,0.21613,0.88522,0,0,-0.1,-2.06,0,0,0.55,-0.08483,24.29085,"O1:-0.89,-0.89,s215;O2:-2.33,-0.53,s193;O3:-0.89,-1.25,s174;O4:0.37,0.91,s170;O5:0.73,0.91,s163;O6:-0.89,-1.07,s156;O7:-2.33,0.19,s149;O8:-2.33,0.01,s137;O9:-2.33,-0.17,s135;O10:-2.33,-0.35,s125;O11:0.73,0.73,s101;O12:0.37,0.73,s100;O13:-0.71,-1.25,s93;O14:-0.35,-0.35,s84;O15:-0.53,-1.25,s80;O16:-2.33,0.55,s75;O17:-0.53,-0.89,s71;O18:-2.33,0.37,s60;O19:-0.17,-0.35,s48;O20:0.55,0.91,s44;O21:0.37,0.55,s40;O22:-2.33,-0.71,s31;O23:-0.71,-0.89,s29;O24:-0.35,-0.53,s19;O25:0.73,1.09,s11;O26:0.55,1.09,s9;O27:-2.33,0.73,s2","O1:-0.89,-0.89,s215;O2:-2.33,-0.53,s193;O3:-0.89,-1.25,s174;O4:0.37,0.91,s170;O5:0.73,0.91,s163;O6:-0.89,-1.07,s156;O7:-2.33,0.19,s149;O8:-2.33,0.01,s137;O9:-2.33,-0.17,s135;O10:-2.33,-0.35,s125;O11:0.73,0.73,s101;O12:0.37,0.73,s100;O13:-0.71,-1.25,s93;O14:-0.35,-0.35,s84;O15:-0.53,-1.25,s80;O16:-2.33,0.55,s75;O17:-0.53,-0.89,s71;O18:-2.33,0.37,s60;O19:-0.17,-0.35,s48;O20:0.55,0.91,s44;O21:0.37,0.55,s40;O22:-2.33,-0.71,s31;O23:-0.71,-0.89,s29;O24:-0.35,-0.53,s19;O25:0.73,1.09,s11;O26:0.55,1.09,s9;O27:-2.33,0.73,s2",RUNNING,UNKNOWN_MAP_SLAM_AVOIDANCE,unknown_map;frontier_targets;static_unknown_obstacles;dynamic_wandering_robot;costmap;slam_path_planning;obstacle_avoidance,P2_Wanderer,dynamic_wandering_robot,89.90881,89.90881,-0.16987,-0.23215,1,0,1,15,6,32,27,2556,27,2556,-0.16987,-0.23215,-1.47193,-0.16987,-0.23215,-1.47193
85.65,PID,HECTOR_GRID_MATCHING,HECTOR_SCAN_MATCHING_GRID,landmarks,task4,TO_CHARGE,AVOIDING,DIRECT,T2,TRANSIT_TO_WS1,1.09315,0.37837,-1.95329,1.116,0.407,-1.95,0.01331,0.02493,1.5,-0.63252,2.74195,0.2813,0.05372,75.77972,NORMAL,4,1,0,0,27,2564,31,27,132,2564,0.21627,0.88522,0,0,-0.1,-2.06,0,0,0.55,-0.07323,24.29648,"O1:-0.89,-0.89,s215;O2:-2.33,-0.53,s193;O3:-0.89,-1.25,s174;O4:0.37,0.91,s170;O5:0.73,0.91,s164;O6:-0.89,-1.07,s156;O7:-2.33,0.19,s149;O8:-2.33,0.01,s137;O9:-2.33,-0.17,s135;O10:-2.33,-0.35,s125;O11:0.73,0.73,s104;O12:0.37,0.73,s103;O13:-0.71,-1.25,s93;O14:-0.35,-0.35,s84;O15:-0.53,-1.25,s80;O16:-2.33,0.55,s75;O17:-0.53,-0.89,s71;O18:-2.33,0.37,s60;O19:-0.17,-0.35,s48;O20:0.55,0.91,s44;O21:0.37,0.55,s40;O22:-2.33,-0.71,s31;O23:-0.71,-0.89,s29;O24:-0.35,-0.53,s19;O25:0.73,1.09,s11;O26:0.55,1.09,s9;O27:-2.33,0.73,s2","O1:-0.89,-0.89,s215;O2:-2.33,-0.53,s193;O3:-0.89,-1.25,s174;O4:0.37,0.91,s170;O5:0.73,0.91,s164;O6:-0.89,-1.07,s156;O7:-2.33,0.19,s149;O8:-2.33,0.01,s137;O9:-2.33,-0.17,s135;O10:-2.33,-0.35,s125;O11:0.73,0.73,s104;O12:0.37,0.73,s103;O13:-0.71,-1.25,s93;O14:-0.35,-0.35,s84;O15:-0.53,-1.25,s80;O16:-2.33,0.55,s75;O17:-0.53,-0.89,s71;O18:-2.33,0.37,s60;O19:-0.17,-0.35,s48;O20:0.55,0.91,s44;O21:0.37,0.55,s40;O22:-2.33,-0.71,s31;O23:-0.71,-0.89,s29;O24:-0.35,-0.53,s19;O25:0.73,1.09,s11;O26:0.55,1.09,s9;O27:-2.33,0.73,s2",RUNNING,UNKNOWN_MAP_SLAM_AVOIDANCE,unknown_map;frontier_targets;static_unknown_obstacles;dynamic_wandering_robot;costmap;slam_path_planning;obstacle_avoidance,P2_Wanderer,dynamic_wandering_robot,89.93582,89.93582,-0.1669,-0.26201,1,0,1,15,6,32,27,2564,27,2564,-0.1669,-0.26201,-1.47193,-0.1669,-0.26201,-1.47193
85.8,PID,HECTOR_GRID_MATCHING,HECTOR_SCAN_MATCHING_GRID,landmarks,task4,TO_CHARGE,AVOIDING,DIRECT,T2,TRANSIT_TO_WS1,1.06249,0.30208,-1.96482,1.081,0.324,-1.955,0.00918,0.02539,1.5,-0.57852,2.66001,0.29047,0.05085,75.67244,NORMAL,4,1,0,0,27,2573,31,27,133,2573,0.21597,0.88522,0,0,-0.1,-2.06,0,0,0.55,-0.07271,24.30445,"O1:-0.89,-0.89,s215;O2:-2.33,-0.53,s193;O3:-0.89,-1.25,s174;O4:0.37,0.91,s170;O5:0.73,0.91,s167;O6:-0.89,-1.07,s156;O7:-2.33,0.19,s149;O8:-2.33,0.01,s137;O9:-2.33,-0.17,s135;O10:-2.33,-0.35,s125;O11:0.73,0.73,s106;O12:0.37,0.73,s105;O13:-0.71,-1.25,s93;O14:-0.35,-0.35,s84;O15:-0.53,-1.25,s80;O16:-2.33,0.55,s75;O17:-0.53,-0.89,s71;O18:-2.33,0.37,s60;O19:-0.17,-0.35,s48;O20:0.55,0.91,s44;O21:0.37,0.55,s41;O22:-2.33,-0.71,s31;O23:-0.71,-0.89,s29;O24:-0.35,-0.53,s19;O25:0.73,1.09,s11;O26:0.55,1.09,s9;O27:-2.33,0.73,s2","O1:-0.89,-0.89,s215;O2:-2.33,-0.53,s193;O3:-0.89,-1.25,s174;O4:0.37,0.91,s170;O5:0.73,0.91,s167;O6:-0.89,-1.07,s156;O7:-2.33,0.19,s149;O8:-2.33,0.01,s137;O9:-2.33,-0.17,s135;O10:-2.33,-0.35,s125;O11:0.73,0.73,s106;O12:0.37,0.73,s105;O13:-0.71,-1.25,s93;O14:-0.35,-0.35,s84;O15:-0.53,-1.25,s80;O16:-2.33,0.55,s75;O17:-0.53,-0.89,s71;O18:-2.33,0.37,s60;O19:-0.17,-0.35,s48;O20:0.55,0.91,s44;O21:0.37,0.55,s41;O22:-2.33,-0.71,s31;O23:-0.71,-0.89,s29;O24:-0.35,-0.53,s19;O25:0.73,1.09,s11;O26:0.55,1.09,s9;O27:-2.33,0.73,s2",RUNNING,UNKNOWN_MAP_SLAM_AVOIDANCE,unknown_map;frontier_targets;static_unknown_obstacles;dynamic_wandering_robot;costmap;slam_path_planning;obstacle_avoidance,P2_Wanderer,dynamic_wandering_robot,89.96606,89.96606,-0.16394,-0.29186,1,0,1,15,6,32,27,2573,27,2573,-0.16394,-0.29186,-1.47193,-0.16394,-0.29186,-1.47193
85.95,PID,HECTOR_GRID_MATCHING,HECTOR_SCAN_MATCHING_GRID,landmarks,task4,TO_CHARGE,AVOIDING,DIRECT,T2,TRANSIT_TO_WS1,1.03098,0.2262,-1.98032,1.053,0.25,-1.978,0.01171,0.0259,1.5,-0.52452,2.57803,0.59662,0.00026,75.56506,NORMAL,4,1,0,0,27,2580,31,27,134,2580,0.21618,0.88522,0,0,-0.1,-2.06,0,0,0.55,-0.09137,24.31964,"O1:-0.89,-0.89,s215;O2:-2.33,-0.53,s193;O3:-0.89,-1.25,s174;O4:0.37,0.91,s170;O5:0.73,0.91,s170;O6:-0.89,-1.07,s156;O7:-2.33,0.19,s149;O8:-2.33,0.01,s137;O9:-2.33,-0.17,s135;O10:-2.33,-0.35,s125;O11:0.37,0.73,s109;O12:0.73,0.73,s107;O13:-0.71,-1.25,s93;O14:-0.35,-0.35,s84;O15:-0.53,-1.25,s80;O16:-2.33,0.55,s75;O17:-0.53,-0.89,s71;O18:-2.33,0.37,s60;O19:-0.17,-0.35,s48;O20:0.55,0.91,s44;O21:0.37,0.55,s41;O22:-2.33,-0.71,s31;O23:-0.71,-0.89,s29;O24:-0.35,-0.53,s19;O25:0.73,1.09,s11;O26:0.55,1.09,s9;O27:-2.33,0.73,s2","O1:-0.89,-0.89,s215;O2:-2.33,-0.53,s193;O3:-0.89,-1.25,s174;O4:0.37,0.91,s170;O5:0.73,0.91,s170;O6:-0.89,-1.07,s156;O7:-2.33,0.19,s149;O8:-2.33,0.01,s137;O9:-2.33,-0.17,s135;O10:-2.33,-0.35,s125;O11:0.37,0.73,s109;O12:0.73,0.73,s107;O13:-0.71,-1.25,s93;O14:-0.35,-0.35,s84;O15:-0.53,-1.25,s80;O16:-2.33,0.55,s75;O17:-0.53,-0.89,s71;O18:-2.33,0.37,s60;O19:-0.17,-0.35,s48;O20:0.55,0.91,s44;O21:0.37,0.55,s41;O22:-2.33,-0.71,s31;O23:-0.71,-0.89,s29;O24:-0.35,-0.53,s19;O25:0.73,1.09,s11;O26:0.55,1.09,s9;O27:-2.33,0.73,s2",RUNNING,UNKNOWN_MAP_SLAM_AVOIDANCE,unknown_map;frontier_targets;static_unknown_obstacles;dynamic_wandering_robot;costmap;slam_path_planning;obstacle_avoidance,P2_Wanderer,dynamic_wandering_robot,89.98948,89.98948,-0.16098,-0.32171,1,0,1,15,6,32,27,2580,27,2580,-0.16098,-0.32171,-1.47193,-0.16098,-0.32171,-1.47193
86.1,PID,HECTOR_GRID_MATCHING,HECTOR_SCAN_MATCHING_GRID,landmarks,task4,TO_CHARGE,AVOIDING,DIRECT,T2,TRANSIT_TO_WS1,0.99816,0.15073,-1.99031,1.017,0.178,-1.994,0.00793,0.02642,1.5,-0.47052,2.4959,0.35199,0.03364,75.45777,NORMAL,4,1,0,0,27,2586,31,27,135,2586,0.22044,0.88522,0,0,-0.1,-2.06,0,0,0.55,-0.04525,24.33117,"O1:-0.89,-0.89,s215;O2:-2.33,-0.53,s193;O3:-0.89,-1.25,s174;O4:0.73,0.91,s172;O5:0.37,0.91,s170;O6:-0.89,-1.07,s156;O7:-2.33,0.19,s149;O8:-2.33,0.01,s137;O9:-2.33,-0.17,s135;O10:-2.33,-0.35,s125;O11:0.37,0.73,s112;O12:0.73,0.73,s107;O13:-0.71,-1.25,s93;O14:-0.35,-0.35,s84;O15:-0.53,-1.25,s80;O16:-2.33,0.55,s75;O17:-0.53,-0.89,s71;O18:-2.33,0.37,s60;O19:-0.17,-0.35,s48;O20:0.55,0.91,s44;O21:0.37,0.55,s41;O22:-2.33,-0.71,s31;O23:-0.71,-0.89,s29;O24:-0.35,-0.53,s19;O25:0.73,1.09,s12;O26:0.55,1.09,s9;O27:-2.33,0.73,s2","O1:-0.89,-0.89,s215;O2:-2.33,-0.53,s193;O3:-0.89,-1.25,s174;O4:0.73,0.91,s172;O5:0.37,0.91,s170;O6:-0.89,-1.07,s156;O7:-2.33,0.19,s149;O8:-2.33,0.01,s137;O9:-2.33,-0.17,s135;O10:-2.33,-0.35,s125;O11:0.37,0.73,s112;O12:0.73,0.73,s107;O13:-0.71,-1.25,s93;O14:-0.35,-0.35,s84;O15:-0.53,-1.25,s80;O16:-2.33,0.55,s75;O17:-0.53,-0.89,s71;O18:-2.33,0.37,s60;O19:-0.17,-0.35,s48;O20:0.55,0.91,s44;O21:0.37,0.55,s41;O22:-2.33,-0.71,s31;O23:-0.71,-0.89,s29;O24:-0.35,-0.53,s19;O25:0.73,1.09,s12;O26:0.55,1.09,s9;O27:-2.33,0.73,s2",RUNNING,UNKNOWN_MAP_SLAM_AVOIDANCE,unknown_map;frontier_targets;static_unknown_obstacles;dynamic_wandering_robot;costmap;slam_path_planning;obstacle_avoidance,P2_Wanderer,dynamic_wandering_robot,90.00949,90.00949,-0.15802,-0.35157,1,0,1,15,6,32,27,2586,27,2586,-0.15802,-0.35157,-1.47193,-0.15802,-0.35157,-1.47193
86.25,PID,HECTOR_GRID_MATCHING,HECTOR_SCAN_MATCHING_GRID,landmarks,task4,TO_CHARGE,AVOIDING,DIRECT,T2,TRANSIT_TO_WS1,0.96468,0.07551,-1.99687,0.982,0.11,-1.991,0.01124,0.02696,1.5,-0.41652,2.41366,0.39841,0.02299,75.35066,NORMAL,4,1,0,0,27,2593,31,27,137,2593,0.22103,0.88522,0,0,-0.1,-2.06,0,0,0.55,-0.04928,24.33768,"O1:-0.89,-0.89,s215;O2:-2.33,-0.53,s193;O3:-0.89,-1.25,s174;O4:0.73,0.91,s172;O5:0.37,0.91,s170;O6:-0.89,-1.07,s156;O7:-2.33,0.19,s149;O8:-2.33,0.01,s137;O9:-2.33,-0.17,s135;O10:-2.33,-0.35,s125;O11:0.37,0.73,s115;O12:0.73,0.73,s110;O13:-0.71,-1.25,s93;O14:-0.35,-0.35,s84;O15:-0.53,-1.25,s80;O16:-2.33,0.55,s75;O17:-0.53,-0.89,s71;O18:-2.33,0.37,s60;O19:-0.17,-0.35,s48;O20:0.55,0.91,s44;O21:0.37,0.55,s41;O22:-2.33,-0.71,s31;O23:-0.71,-0.89,s29;O24:-0.35,-0.53,s19;O25:0.73,1.09,s12;O26:0.55,1.09,s9;O27:-2.33,0.73,s2","O1:-0.89,-0.89,s215;O2:-2.33,-0.53,s193;O3:-0.89,-1.25,s174;O4:0.73,0.91,s172;O5:0.37,0.91,s170;O6:-0.89,-1.07,s156;O7:-2.33,0.19,s149;O8:-2.33,0.01,s137;O9:-2.33,-0.17,s135;O10:-2.33,-0.35,s125;O11:0.37,0.73,s115;O12:0.73,0.73,s110;O13:-0.71,-1.25,s93;O14:-0.35,-0.35,s84;O15:-0.53,-1.25,s80;O16:-2.33,0.55,s75;O17:-0.53,-0.89,s71;O18:-2.33,0.37,s60;O19:-0.17,-0.35,s48;O20:0.55,0.91,s44;O21:0.37,0.55,s41;O22:-2.33,-0.71,s31;O23:-0.71,-0.89,s29;O24:-0.35,-0.53,s19;O25:0.73,1.09,s12;O26:0.55,1.09,s9;O27:-2.33,0.73,s2",RUNNING,UNKNOWN_MAP_SLAM_AVOIDANCE,unknown_map;frontier_targets;static_unknown_obstacles;dynamic_wandering_robot;costmap;slam_path_planning;obstacle_avoidance,P2_Wanderer,dynamic_wandering_robot,90.03274,90.03274,-0.15506,-0.38142,1,0,1,15,6,32,27,2593,27,2593,-0.15506,-0.38142,-1.47193,-0.15506,-0.38142,-1.47193
86.4,PID,HECTOR_GRID_MATCHING,HECTOR_SCAN_MATCHING_GRID,landmarks,task4,TO_CHARGE,AVOIDING,DIRECT,T2,TRANSIT_TO_WS1,0.93066,0.00052,-2.00312,0.938,0.027,-1.998,0.00419,0.02751,1.5,-0.36252,2.33136,0.45448,0.01283,75.24357,NORMAL,4,1,0,0,27,2600,31,27,138,2600,0.21837,0.88522,0,0,-0.1,-2.06,0,0,0.55,-0.04618,24.34568,"O1:-0.89,-0.89,s215;O2:-2.33,-0.53,s193;O3:-0.89,-1.25,s174;O4:0.73,0.91,s173;O5:0.37,0.91,s170;O6:-0.89,-1.07,s156;O7:-2.33,0.19,s149;O8:-2.33,0.01,s137;O9:-2.33,-0.17,s135;O10:-2.33,-0.35,s125;O11:0.37,0.73,s117;O12:0.73,0.73,s113;O13:-0.71,-1.25,s93;O14:-0.35,-0.35,s84;O15:-0.53,-1.25,s80;O16:-2.33,0.55,s75;O17:-0.53,-0.89,s71;O18:-2.33,0.37,s60;O19:-0.17,-0.35,s48;O20:0.55,0.91,s44;O21:0.37,0.55,s41;O22:-2.33,-0.71,s31;O23:-0.71,-0.89,s29;O24:-0.35,-0.53,s19;O25:0.73,1.09,s14;O26:0.55,1.09,s9;O27:-2.33,0.73,s2","O1:-0.89,-0.89,s215;O2:-2.33,-0.53,s193;O3:-0.89,-1.25,s174;O4:0.73,0.91,s173;O5:0.37,0.91,s170;O6:-0.89,-1.07,s156;O7:-2.33,0.19,s149;O8:-2.33,0.01,s137;O9:-2.33,-0.17,s135;O10:-2.33,-0.35,s125;O11:0.37,0.73,s117;O12:0.73,0.73,s113;O13:-0.71,-1.25,s93;O14:-0.35,-0.35,s84;O15:-0.53,-1.25,s80;O16:-2.33,0.55,s75;O17:-0.53,-0.89,s71;O18:-2.33,0.37,s60;O19:-0.17,-0.35,s48;O20:0.55,0.91,s44;O21:0.37,0.55,s41;O22:-2.33,-0.71,s31;O23:-0.71,-0.89,s29;O24:-0.35,-0.53,s19;O25:0.73,1.09,s14;O26:0.55,1.09,s9;O27:-2.33,0.73,s2",RUNNING,UNKNOWN_MAP_SLAM_AVOIDANCE,unknown_map;frontier_targets;static_unknown_obstacles;dynamic_wandering_robot;costmap;slam_path_planning;obstacle_avoidance,P2_Wanderer,dynamic_wandering_robot,90.0559,90.0559,-0.1521,-0.41127,1,0,1,15,6,32,27,2600,27,2600,-0.1521,-0.41127,-1.47193,-0.1521,-0.41127,-1.47193
86.55,PID,HECTOR_GRID_MATCHING,HECTOR_SCAN_MATCHING_GRID,landmarks,task4,TO_CHARGE,AVOIDING,DIRECT,T2,TRANSIT_TO_WS1,0.89616,-0.07429,-2.00977,0.91,-0.047,-2.009,0.00313,0.02807,1.5,-0.30852,2.24907,0.51708,0.00496,75.13645,NORMAL,4,1,0,0,27,2605,31,27,138,2605,0.21889,0.88522,0,0,-0.1,-2.06,0,0,0.55,-0.03799,24.34829,"O1:-0.89,-0.89,s215;O2:-2.33,-0.53,s193;O3:0.73,0.91,s176;O4:-0.89,-1.25,s174;O5:0.37,0.91,s170;O6:-0.89,-1.07,s156;O7:-2.33,0.19,s149;O8:-2.33,0.01,s137;O9:-2.33,-0.17,s135;O10:-2.33,-0.35,s125;O11:0.37,0.73,s117;O12:0.73,0.73,s116;O13:-0.71,-1.25,s93;O14:-0.35,-0.35,s84;O15:-0.53,-1.25,s80;O16:-2.33,0.55,s75;O17:-0.53,-0.89,s71;O18:-2.33,0.37,s60;O19:-0.17,-0.35,s48;O20:0.55,0.91,s44;O21:0.37,0.55,s41;O22:-2.33,-0.71,s31;O23:-0.71,-0.89,s29;O24:-0.35,-0.53,s19;O25:0.73,1.09,s14;O26:0.55,1.09,s9;O27:-2.33,0.73,s2","O1:-0.89,-0.89,s215;O2:-2.33,-0.53,s193;O3:0.73,0.91,s176;O4:-0.89,-1.25,s174;O5:0.37,0.91,s170;O6:-0.89,-1.07,s156;O7:-2.33,0.19,s149;O8:-2.33,0.01,s137;O9:-2.33,-0.17,s135;O10:-2.33,-0.35,s125;O11:0.37,0.73,s117;O12:0.73,0.73,s116;O13:-0.71,-1.25,s93;O14:-0.35,-0.35,s84;O15:-0.53,-1.25,s80;O16:-2.33,0.55,s75;O17:-0.53,-0.89,s71;O18:-2.33,0.37,s60;O19:-0.17,-0.35,s48;O20:0.55,0.91,s44;O21:0.37,0.55,s41;O22:-2.33,-0.71,s31;O23:-0.71,-0.89,s29;O24:-0.35,-0.53,s19;O25:0.73,1.09,s14;O26:0.55,1.09,s9;O27:-2.33,0.73,s2",RUNNING,UNKNOWN_MAP_SLAM_AVOIDANCE,unknown_map;frontier_targets;static_unknown_obstacles;dynamic_wandering_robot;costmap;slam_path_planning;obstacle_avoidance,P2_Wanderer,dynamic_wandering_robot,90.07239,90.07239,-0.14914,-0.44113,1,0,1,15,6,32,27,2605,27,2605,-0.14914,-0.44113,-1.47193,-0.14914,-0.44113,-1.47193
86.7,PID,HECTOR_GRID_MATCHING,HECTOR_SCAN_MATCHING_GRID,landmarks,task4,TO_CHARGE,AVOIDING,DIRECT,T2,TRANSIT_TO_WS1,0.86122,-0.14881,-2.01564,0.879,-0.126,-2.014,0.00664,0.02864,1.5,-0.25452,2.16675,0.58045,0.00073,75.02938,NORMAL,4,1,0,0,27,2611,31,27,140,2611,0.21582,0.88522,0,0,-0.1,-2.06,0,0,0.55,-0.04616,24.35273,"O1:-0.89,-0.89,s215;O2:-2.33,-0.53,s193;O3:0.73,0.91,s176;O4:-0.89,-1.25,s174;O5:0.37,0.91,s170;O6:-0.89,-1.07,s156;O7:-2.33,0.19,s149;O8:-2.33,0.01,s137;O9:-2.33,-0.17,s135;O10:-2.33,-0.35,s125;O11:0.73,0.73,s121;O12:0.37,0.73,s117;O13:-0.71,-1.25,s93;O14:-0.35,-0.35,s84;O15:-0.53,-1.25,s80;O16:-2.33,0.55,s75;O17:-0.53,-0.89,s71;O18:-2.33,0.37,s60;O19:-0.17,-0.35,s48;O20:0.55,0.91,s44;O21:0.37,0.55,s41;O22:-2.33,-0.71,s31;O23:-0.71,-0.89,s29;O24:-0.35,-0.53,s19;O25:0.73,1.09,s14;O26:0.55,1.09,s9;O27:-2.33,0.73,s2","O1:-0.89,-0.89,s215;O2:-2.33,-0.53,s193;O3:0.73,0.91,s176;O4:-0.89,-1.25,s174;O5:0.37,0.91,s170;O6:-0.89,-1.07,s156;O7:-2.33,0.19,s149;O8:-2.33,0.01,s137;O9:-2.33,-0.17,s135;O10:-2.33,-0.35,s125;O11:0.73,0.73,s121;O12:0.37,0.73,s117;O13:-0.71,-1.25,s93;O14:-0.35,-0.35,s84;O15:-0.53,-1.25,s80;O16:-2.33,0.55,s75;O17:-0.53,-0.89,s71;O18:-2.33,0.37,s60;O19:-0.17,-0.35,s48;O20:0.55,0.91,s44;O21:0.37,0.55,s41;O22:-2.33,-0.71,s31;O23:-0.71,-0.89,s29;O24:-0.35,-0.53,s19;O25:0.73,1.09,s14;O26:0.55,1.09,s9;O27:-2.33,0.73,s2",RUNNING,UNKNOWN_MAP_SLAM_AVOIDANCE,unknown_map;frontier_targets;static_unknown_obstacles;dynamic_wandering_robot;costmap;slam_path_planning;obstacle_avoidance,P2_Wanderer,dynamic_wandering_robot,90.09211,90.09211,-0.14618,-0.47098,1,0,1,15,6,32,27,2611,27,2611,-0.14618,-0.47098,-1.47193,-0.14618,-0.47098,-1.47193
86.85,PID,HECTOR_GRID_MATCHING,HECTOR_SCAN_MATCHING_GRID,landmarks,task4,TO_CHARGE,ROUTE,DIRECT,T2,TRANSIT_TO_WS1,0.82577,-0.22319,-2.02123,0.841,-0.188,-2.016,0.01041,0.02921,1.5,-0.20052,2.0844,0.64695,0.0,74.9223,NORMAL,4,1,0,0,27,2617,31,27,141,2617,0.21502,0.88522,0,0,-0.1,-2.06,0,0,0.55,-0.03828,24.36059,"O1:-0.89,-0.89,s215;O2:-2.33,-0.53,s193;O3:0.73,0.91,s176;O4:-0.89,-1.25,s174;O5:0.37,0.91,s170;O6:-0.89,-1.07,s156;O7:-2.33,0.19,s149;O8:-2.33,0.01,s137;O9:-2.33,-0.17,s135;O10:0.73,0.73,s127;O11:-2.33,-0.35,s125;O12:0.37,0.73,s117;O13:-0.71,-1.25,s93;O14:-0.35,-0.35,s84;O15:-0.53,-1.25,s80;O16:-2.33,0.55,s75;O17:-0.53,-0.89,s71;O18:-2.33,0.37,s60;O19:-0.17,-0.35,s48;O20:0.55,0.91,s44;O21:0.37,0.55,s41;O22:-2.33,-0.71,s31;O23:-0.71,-0.89,s29;O24:-0.35,-0.53,s19;O25:0.73,1.09,s14;O26:0.55,1.09,s9;O27:-2.33,0.73,s2","O1:-0.89,-0.89,s215;O2:-2.33,-0.53,s193;O3:0.73,0.91,s176;O4:-0.89,-1.25,s174;O5:0.37,0.91,s170;O6:-0.89,-1.07,s156;O7:-2.33,0.19,s149;O8:-2.33,0.01,s137;O9:-2.33,-0.17,s135;O10:0.73,0.73,s127;O11:-2.33,-0.35,s125;O12:0.37,0.73,s117;O13:-0.71,-1.25,s93;O14:-0.35,-0.35,s84;O15:-0.53,-1.25,s80;O16:-2.33,0.55,s75;O17:-0.53,-0.89,s71;O18:-2.33,0.37,s60;O19:-0.17,-0.35,s48;O20:0.55,0.91,s44;O21:0.37,0.55,s41;O22:-2.33,-0.71,s31;O23:-0.71,-0.89,s29;O24:-0.35,-0.53,s19;O25:0.73,1.09,s14;O26:0.55,1.09,s9;O27:-2.33,0.73,s2",RUNNING,UNKNOWN_MAP_SLAM_AVOIDANCE,unknown_map;frontier_targets;static_unknown_obstacles;dynamic_wandering_robot;costmap;slam_path_planning;obstacle_avoidance,P2_Wanderer,dynamic_wandering_robot,90.11177,90.11177,-0.14322,-0.50083,1,0,1,15,6,32,27,2617,27,2617,-0.14322,-0.50083,-1.47193,-0.14322,-0.50083,-1.47193
87.0,PID,HECTOR_GRID_MATCHING,HECTOR_SCAN_MATCHING_GRID,landmarks,task4,TO_CHARGE,ROUTE,DIRECT,T2,TRANSIT_TO_WS1,0.7899,-0.2974,-2.02342,0.808,-0.267,-2.027,0.00837,0.02979,1.5,-0.14652,2.00196,0.62917,0.0,74.81532,NORMAL,4,1,0,0,27,2623,31,27,142,2623,0.21413,0.88522,0,0,-0.1,-2.06,0,0,0.55,-0.02453,24.37345,"O1:-0.89,-0.89,s215;O2:-2.33,-0.53,s193;O3:0.73,0.91,s176;O4:-0.89,-1.25,s174;O5:0.37,0.91,s170;O6:-0.89,-1.07,s156;O7:-2.33,0.19,s149;O8:-2.33,0.01,s137;O9:-2.33,-0.17,s135;O10:0.73,0.73,s133;O11:-2.33,-0.35,s125;O12:0.37,0.73,s117;O13:-0.71,-1.25,s93;O14:-0.35,-0.35,s84;O15:-0.53,-1.25,s80;O16:-2.33,0.55,s75;O17:-0.53,-0.89,s71;O18:-2.33,0.37,s60;O19:-0.17,-0.35,s48;O20:0.55,0.91,s44;O21:0.37,0.55,s41;O22:-2.33,-0.71,s31;O23:-0.71,-0.89,s29;O24:-0.35,-0.53,s19;O25:0.73,1.09,s14;O26:0.55,1.09,s9;O27:-2.33,0.73,s2","O1:-0.89,-0.89,s215;O2:-2.33,-0.53,s193;O3:0.73,0.91,s176;O4:-0.89,-1.25,s174;O5:0.37,0.91,s170;O6:-0.89,-1.07,s156;O7:-2.33,0.19,s149;O8:-2.33,0.01,s137;O9:-2.33,-0.17,s135;O10:0.73,0.73,s133;O11:-2.33,-0.35,s125;O12:0.37,0.73,s117;O13:-0.71,-1.25,s93;O14:-0.35,-0.35,s84;O15:-0.53,-1.25,s80;O16:-2.33,0.55,s75;O17:-0.53,-0.89,s71;O18:-2.33,0.37,s60;O19:-0.17,-0.35,s48;O20:0.55,0.91,s44;O21:0.37,0.55,s41;O22:-2.33,-0.71,s31;O23:-0.71,-0.89,s29;O24:-0.35,-0.53,s19;O25:0.73,1.09,s14;O26:0.55,1.09,s9;O27:-2.33,0.73,s2",RUNNING,UNKNOWN_MAP_SLAM_AVOIDANCE,unknown_map;frontier_targets;static_unknown_obstacles;dynamic_wandering_robot;costmap;slam_path_planning;obstacle_avoidance,P2_Wanderer,dynamic_wandering_robot,90.13137,90.13137,-0.14025,-0.53069,1,0,1,15,6,32,27,2623,27,2623,-0.14025,-0.53069,-1.47193,-0.14025,-0.53069,-1.47193
87.15,PID,HECTOR_GRID_MATCHING,HECTOR_SCAN_MATCHING_GRID,landmarks,task4,TO_CHARGE,AVOIDING,DIRECT,T2,TRANSIT_TO_WS1,0.75385,-0.37154,-2.02666,0.769,-0.34,-2.028,0.00769,0.03036,1.5,-0.09252,1.91957,0.58586,0.00303,74.70832,NORMAL,4,1,0,0,28,2629,32,28,142,2629,0.21111,0.88522,0,0,-0.1,-2.06,0,0,0.55,-0.01631,24.37957,"O1:-0.89,-0.89,s215;O2:-2.33,-0.53,s193;O3:0.73,0.91,s176;O4:-0.89,-1.25,s174;O5:0.37,0.91,s170;O6:-0.89,-1.07,s156;O7:-2.33,0.19,s149;O8:-2.33,0.01,s137;O9:0.73,0.73,s137;O10:-2.33,-0.17,s135;O11:-2.33,-0.35,s125;O12:0.37,0.73,s117;O13:-0.71,-1.25,s93;O14:-0.35,-0.35,s84;O15:-0.53,-1.25,s80;O16:-2.33,0.55,s75;O17:-0.53,-0.89,s71;O18:-2.33,0.37,s60;O19:-0.17,-0.35,s48;O20:0.55,0.91,s44;O21:0.37,0.55,s41;O22:-2.33,-0.71,s31;O23:-0.71,-0.89,s29;O24:-0.35,-0.53,s19;O25:0.73,1.09,s14;O26:0.55,1.09,s9;O27:-2.33,0.73,s2;O28:0.55,0.73,s2","O1:-0.89,-0.89,s215;O2:-2.33,-0.53,s193;O3:0.73,0.91,s176;O4:-0.89,-1.25,s174;O5:0.37,0.91,s170;O6:-0.89,-1.07,s156;O7:-2.33,0.19,s149;O8:-2.33,0.01,s137;O9:0.73,0.73,s137;O10:-2.33,-0.17,s135;O11:-2.33,-0.35,s125;O12:0.37,0.73,s117;O13:-0.71,-1.25,s93;O14:-0.35,-0.35,s84;O15:-0.53,-1.25,s80;O16:-2.33,0.55,s75;O17:-0.53,-0.89,s71;O18:-2.33,0.37,s60;O19:-0.17,-0.35,s48;O20:0.55,0.91,s44;O21:0.37,0.55,s41;O22:-2.33,-0.71,s31;O23:-0.71,-0.89,s29;O24:-0.35,-0.53,s19;O25:0.73,1.09,s14;O26:0.55,1.09,s9;O27:-2.33,0.73,s2;O28:0.55,0.73,s2",RUNNING,UNKNOWN_MAP_SLAM_AVOIDANCE,unknown_map;frontier_targets;static_unknown_obstacles;dynamic_wandering_robot;costmap;slam_path_planning;obstacle_avoidance,P2_Wanderer,dynamic_wandering_robot,90.1509,90.1509,-0.13729,-0.56054,1,0,1,15,6,32,28,2629,28,2629,-0.13729,-0.56054,-1.47193,-0.13729,-0.56054,-1.47193
87.3,PID,HECTOR_GRID_MATCHING,HECTOR_SCAN_MATCHING_GRID,landmarks,task4,TO_CHARGE,AVOIDING,DIRECT,T2,TRANSIT_TO_WS1,0.71755,-0.44557,-2.02867,0.73,-0.422,-2.026,0.00091,0.03094,1.5,-0.03852,1.83717,0.54236,0.01568,74.60137,NORMAL,4,1,0,0,29,2633,33,29,143,2633,0.21916,0.88522,0,0,-0.1,-2.06,0,0,0.55,-0.01071,24.38097,"O1:-0.89,-0.89,s215;O2:-2.33,-0.53,s193;O3:0.73,0.91,s176;O4:-0.89,-1.25,s174;O5:0.37,0.91,s170;O6:-0.89,-1.07,s156;O7:-2.33,0.19,s149;O8:0.73,0.73,s140;O9:-2.33,0.01,s137;O10:-2.33,-0.17,s135;O11:-2.33,-0.35,s125;O12:0.37,0.73,s117;O13:-0.71,-1.25,s93;O14:-0.35,-0.35,s84;O15:-0.53,-1.25,s80;O16:-2.33,0.55,s75;O17:-0.53,-0.89,s71;O18:-2.33,0.37,s60;O19:-0.17,-0.35,s48;O20:0.55,0.91,s44;O21:0.37,0.55,s41;O22:-2.33,-0.71,s31;O23:-0.71,-0.89,s29;O24:-0.35,-0.53,s19;O25:0.73,1.09,s14;O26:0.55,1.09,s9;O27:0.55,0.73,s3;O28:-2.33,0.73,s2;O29:0.01,-0.35,s2","O1:-0.89,-0.89,s215;O2:-2.33,-0.53,s193;O3:0.73,0.91,s176;O4:-0.89,-1.25,s174;O5:0.37,0.91,s170;O6:-0.89,-1.07,s156;O7:-2.33,0.19,s149;O8:0.73,0.73,s140;O9:-2.33,0.01,s137;O10:-2.33,-0.17,s135;O11:-2.33,-0.35,s125;O12:0.37,0.73,s117;O13:-0.71,-1.25,s93;O14:-0.35,-0.35,s84;O15:-0.53,-1.25,s80;O16:-2.33,0.55,s75;O17:-0.53,-0.89,s71;O18:-2.33,0.37,s60;O19:-0.17,-0.35,s48;O20:0.55,0.91,s44;O21:0.37,0.55,s41;O22:-2.33,-0.71,s31;O23:-0.71,-0.89,s29;O24:-0.35,-0.53,s19;O25:0.73,1.09,s14;O26:0.55,1.09,s9;O27:0.55,0.73,s3;O28:-2.33,0.73,s2;O29:0.01,-0.35,s2",RUNNING,UNKNOWN_MAP_SLAM_AVOIDANCE,unknown_map;frontier_targets;static_unknown_obstacles;dynamic_wandering_robot;costmap;slam_path_planning;obstacle_avoidance,P2_Wanderer,dynamic_wandering_robot,90.16388,90.16388,-0.13433,-0.59039,1,0,2,15,6,32,29,2633,29,2633,-0.13433,-0.59039,-1.47193,-0.13433,-0.59039,-1.47193
87.45,PID,HECTOR_GRID_MATCHING,HECTOR_SCAN_MATCHING_GRID,landmarks,task4,TO_CHARGE,AVOIDING,DIRECT,T2,TRANSIT_TO_WS1,0.68106,-0.51956,-2.02784,0.696,-0.492,-2.024,0.00463,0.03152,1.5,0.01548,1.75468,0.49877,0.03824,74.49446,NORMAL,4,1,0,0,29,2636,33,29,145,2636,0.22191,0.88522,0,0,-0.1,-2.06,0,0,0.55,0.0133,24.38697,"O1:-0.89,-0.89,s215;O2:-2.33,-0.53,s193;O3:0.73,0.91,s176;O4:-0.89,-1.25,s174;O5:0.37,0.91,s170;O6:-0.89,-1.07,s156;O7:-2.33,0.19,s149;O8:0.73,0.73,s140;O9:-2.33,0.01,s137;O10:-2.33,-0.17,s135;O11:-2.33,-0.35,s125;O12:0.37,0.73,s117;O13:-0.71,-1.25,s93;O14:-0.35,-0.35,s84;O15:-0.53,-1.25,s80;O16:-2.33,0.55,s75;O17:-0.53,-0.89,s71;O18:-2.33,0.37,s60;O19:-0.17,-0.35,s48;O20:0.55,0.91,s44;O21:0.37,0.55,s41;O22:-2.33,-0.71,s31;O23:-0.71,-0.89,s29;O24:-0.35,-0.53,s19;O25:0.73,1.09,s14;O26:0.55,1.09,s9;O27:0.01,-0.35,s5;O28:0.55,0.73,s3;O29:-2.33,0.73,s2","O1:-0.89,-0.89,s215;O2:-2.33,-0.53,s193;O3:0.73,0.91,s176;O4:-0.89,-1.25,s174;O5:0.37,0.91,s170;O6:-0.89,-1.07,s156;O7:-2.33,0.19,s149;O8:0.73,0.73,s140;O9:-2.33,0.01,s137;O10:-2.33,-0.17,s135;O11:-2.33,-0.35,s125;O12:0.37,0.73,s117;O13:-0.71,-1.25,s93;O14:-0.35,-0.35,s84;O15:-0.53,-1.25,s80;O16:-2.33,0.55,s75;O17:-0.53,-0.89,s71;O18:-2.33,0.37,s60;O19:-0.17,-0.35,s48;O20:0.55,0.91,s44;O21:0.37,0.55,s41;O22:-2.33,-0.71,s31;O23:-0.71,-0.89,s29;O24:-0.35,-0.53,s19;O25:0.73,1.09,s14;O26:0.55,1.09,s9;O27:0.01,-0.35,s5;O28:0.55,0.73,s3;O29:-2.33,0.73,s2",RUNNING,UNKNOWN_MAP_SLAM_AVOIDANCE,unknown_map;frontier_targets;static_unknown_obstacles;dynamic_wandering_robot;costmap;slam_path_planning;obstacle_avoidance,P2_Wanderer,dynamic_wandering_robot,90.1736,90.1736,-0.13137,-0.62025,1,0,2,15,6,32,29,2636,29,2636,-0.13137,-0.62025,-1.47193,-0.13137,-0.62025,-1.47193
87.6,PID,HECTOR_GRID_MATCHING,HECTOR_SCAN_MATCHING_GRID,landmarks,task4,TO_CHARGE,AVOIDING,DIRECT,T2,TRANSIT_TO_WS1,0.64447,-0.59369,-2.02094,0.666,-0.572,-2.023,0.00952,0.0321,1.5,0.06948,1.6721,0.45535,0.07053,74.38744,NORMAL,4,1,0,0,29,2636,33,29,145,2636,0.22191,0.88522,0,0,-0.1,-2.06,0,0,0.55,0.0828,24.40435,"O1:-0.89,-0.89,s215;O2:-2.33,-0.53,s193;O3:0.73,0.91,s176;O4:-0.89,-1.25,s174;O5:0.37,0.91,s170;O6:-0.89,-1.07,s156;O7:-2.33,0.19,s149;O8:0.73,0.73,s140;O9:-2.33,0.01,s137;O10:-2.33,-0.17,s135;O11:-2.33,-0.35,s125;O12:0.37,0.73,s117;O13:-0.71,-1.25,s93;O14:-0.35,-0.35,s84;O15:-0.53,-1.25,s80;O16:-2.33,0.55,s75;O17:-0.53,-0.89,s71;O18:-2.33,0.37,s60;O19:-0.17,-0.35,s48;O20:0.55,0.91,s44;O21:0.37,0.55,s41;O22:-2.33,-0.71,s31;O23:-0.71,-0.89,s29;O24:-0.35,-0.53,s19;O25:0.73,1.09,s14;O26:0.55,1.09,s9;O27:0.01,-0.35,s6;O28:0.55,0.73,s3;O29:-2.33,0.73,s2","O1:-0.89,-0.89,s215;O2:-2.33,-0.53,s193;O3:0.73,0.91,s176;O4:-0.89,-1.25,s174;O5:0.37,0.91,s170;O6:-0.89,-1.07,s156;O7:-2.33,0.19,s149;O8:0.73,0.73,s140;O9:-2.33,0.01,s137;O10:-2.33,-0.17,s135;O11:-2.33,-0.35,s125;O12:0.37,0.73,s117;O13:-0.71,-1.25,s93;O14:-0.35,-0.35,s84;O15:-0.53,-1.25,s80;O16:-2.33,0.55,s75;O17:-0.53,-0.89,s71;O18:-2.33,0.37,s60;O19:-0.17,-0.35,s48;O20:0.55,0.91,s44;O21:0.37,0.55,s41;O22:-2.33,-0.71,s31;O23:-0.71,-0.89,s29;O24:-0.35,-0.53,s19;O25:0.73,1.09,s14;O26:0.55,1.09,s9;O27:0.01,-0.35,s6;O28:0.55,0.73,s3;O29:-2.33,0.73,s2",RUNNING,UNKNOWN_MAP_SLAM_AVOIDANCE,unknown_map;frontier_targets;static_unknown_obstacles;dynamic_wandering_robot;costmap;slam_path_planning;obstacle_avoidance,P2_Wanderer,dynamic_wandering_robot,90.1736,90.1736,-0.12841,-0.6501,1,0,2,15,6,32,29,2636,29,2636,-0.12841,-0.6501,-1.47193,-0.12841,-0.6501,-1.47193
87.75,PID,HECTOR_GRID_MATCHING,HECTOR_SCAN_MATCHING_GRID,landmarks,task4,TO_CHARGE,AVOIDING,DIRECT,T2,TRANSIT_TO_WS1,0.60833,-0.6682,-2.00417,0.629,-0.645,-2.011,0.00897,0.03267,1.5,0.12348,1.58932,0.41275,0.11174,74.28008,NORMAL,4,1,0,0,29,2639,33,29,147,2639,0.2225,0.88522,0,0,-0.1,-2.06,0,0,0.55,0.14756,24.42198,"O1:-0.89,-0.89,s215;O2:-2.33,-0.53,s193;O3:0.73,0.91,s176;O4:-0.89,-1.25,s174;O5:0.37,0.91,s170;O6:-0.89,-1.07,s156;O7:-2.33,0.19,s149;O8:0.73,0.73,s140;O9:-2.33,0.01,s137;O10:-2.33,-0.17,s135;O11:-2.33,-0.35,s125;O12:0.37,0.73,s117;O13:-0.71,-1.25,s93;O14:-0.35,-0.35,s84;O15:-0.53,-1.25,s80;O16:-2.33,0.55,s75;O17:-0.53,-0.89,s71;O18:-2.33,0.37,s60;O19:-0.17,-0.35,s48;O20:0.55,0.91,s44;O21:0.37,0.55,s41;O22:-2.33,-0.71,s31;O23:-0.71,-0.89,s29;O24:-0.35,-0.53,s19;O25:0.73,1.09,s14;O26:0.55,1.09,s9;O27:0.01,-0.35,s8;O28:0.55,0.73,s3;O29:-2.33,0.73,s2","O1:-0.89,-0.89,s215;O2:-2.33,-0.53,s193;O3:0.73,0.91,s176;O4:-0.89,-1.25,s174;O5:0.37,0.91,s170;O6:-0.89,-1.07,s156;O7:-2.33,0.19,s149;O8:0.73,0.73,s140;O9:-2.33,0.01,s137;O10:-2.33,-0.17,s135;O11:-2.33,-0.35,s125;O12:0.37,0.73,s117;O13:-0.71,-1.25,s93;O14:-0.35,-0.35,s84;O15:-0.53,-1.25,s80;O16:-2.33,0.55,s75;O17:-0.53,-0.89,s71;O18:-2.33,0.37,s60;O19:-0.17,-0.35,s48;O20:0.55,0.91,s44;O21:0.37,0.55,s41;O22:-2.33,-0.71,s31;O23:-0.71,-0.89,s29;O24:-0.35,-0.53,s19;O25:0.73,1.09,s14;O26:0.55,1.09,s9;O27:0.01,-0.35,s8;O28:0.55,0.73,s3;O29:-2.33,0.73,s2",RUNNING,UNKNOWN_MAP_SLAM_AVOIDANCE,unknown_map;frontier_targets;static_unknown_obstacles;dynamic_wandering_robot;costmap;slam_path_planning;obstacle_avoidance,P2_Wanderer,dynamic_wandering_robot,90.1833,90.1833,-0.12545,-0.67995,1,0,2,15,6,32,29,2639,29,2639,-0.12545,-0.67995,-1.47193,-0.12545,-0.67995,-1.47193
87.9,PID,HECTOR_GRID_MATCHING,HECTOR_SCAN_MATCHING_GRID,landmarks,task4,TO_CHARGE,AVOIDING,DIRECT,T2,TRANSIT_TO_WS1,0.57441,-0.74095,-1.97676,0.586,-0.724,-1.984,0.00726,0.03331,1.5,0.17748,1.50751,0.37237,0.15952,74.17375,NORMAL,4,1,0,0,29,2642,33,29,148,2642,0.22901,0.88522,0,0,-0.1,-2.06,0,0,0.51566,0.19979,24.46938,"O1:-0.89,-0.89,s215;O2:-2.33,-0.53,s193;O3:0.73,0.91,s176;O4:-0.89,-1.25,s174;O5:0.37,0.91,s170;O6:-0.89,-1.07,s156;O7:-2.33,0.19,s149;O8:0.73,0.73,s140;O9:-2.33,0.01,s137;O10:-2.33,-0.17,s135;O11:-2.33,-0.35,s125;O12:0.37,0.73,s117;O13:-0.71,-1.25,s93;O14:-0.35,-0.35,s84;O15:-0.53,-1.25,s80;O16:-2.33,0.55,s75;O17:-0.53,-0.89,s71;O18:-2.33,0.37,s60;O19:-0.17,-0.35,s48;O20:0.55,0.91,s44;O21:0.37,0.55,s41;O22:-2.33,-0.71,s31;O23:-0.71,-0.89,s29;O24:-0.35,-0.53,s19;O25:0.73,1.09,s14;O26:0.01,-0.35,s11;O27:0.55,1.09,s9;O28:0.55,0.73,s3;O29:-2.33,0.73,s2","O1:-0.89,-0.89,s215;O2:-2.33,-0.53,s193;O3:0.73,0.91,s176;O4:-0.89,-1.25,s174;O5:0.37,0.91,s170;O6:-0.89,-1.07,s156;O7:-2.33,0.19,s149;O8:0.73,0.73,s140;O9:-2.33,0.01,s137;O10:-2.33,-0.17,s135;O11:-2.33,-0.35,s125;O12:0.37,0.73,s117;O13:-0.71,-1.25,s93;O14:-0.35,-0.35,s84;O15:-0.53,-1.25,s80;O16:-2.33,0.55,s75;O17:-0.53,-0.89,s71;O18:-2.33,0.37,s60;O19:-0.17,-0.35,s48;O20:0.55,0.91,s44;O21:0.37,0.55,s41;O22:-2.33,-0.71,s31;O23:-0.71,-0.89,s29;O24:-0.35,-0.53,s19;O25:0.73,1.09,s14;O26:0.01,-0.35,s11;O27:0.55,1.09,s9;O28:0.55,0.73,s3;O29:-2.33,0.73,s2",RUNNING,UNKNOWN_MAP_SLAM_AVOIDANCE,unknown_map;frontier_targets;static_unknown_obstacles;dynamic_wandering_robot;costmap;slam_path_planning;obstacle_avoidance,P2_Wanderer,dynamic_wandering_robot,90.19299,90.19299,-0.12249,-0.70981,1,0,2,15,6,32,29,2642,29,2642,-0.12249,-0.70981,-1.47193,-0.12249,-0.70981,-1.47193
88.05,PID,HECTOR_GRID_MATCHING,HECTOR_SCAN_MATCHING_GRID,landmarks,task4,TO_CHARGE,AVOIDING,DIRECT,T2,TRANSIT_TO_WS1,0.54514,-0.80895,-1.95489,0.553,-0.785,-1.962,0.00173,0.03418,1.5,0.23148,1.43156,0.35469,0.18312,74.07482,NORMAL,4,1,0,0,29,2643,33,29,148,2643,0.22818,0.88522,0,0,-0.1,-2.06,0,0,0.47759,0.08335,24.55036,"O1:-0.89,-0.89,s215;O2:-2.33,-0.53,s193;O3:0.73,0.91,s176;O4:-0.89,-1.25,s174;O5:0.37,0.91,s170;O6:-0.89,-1.07,s156;O7:-2.33,0.19,s149;O8:0.73,0.73,s140;O9:-2.33,0.01,s137;O10:-2.33,-0.17,s135;O11:-2.33,-0.35,s125;O12:0.37,0.73,s117;O13:-0.71,-1.25,s93;O14:-0.35,-0.35,s84;O15:-0.53,-1.25,s80;O16:-2.33,0.55,s75;O17:-0.53,-0.89,s71;O18:-2.33,0.37,s60;O19:-0.17,-0.35,s48;O20:0.55,0.91,s44;O21:0.37,0.55,s41;O22:-2.33,-0.71,s31;O23:-0.71,-0.89,s29;O24:-0.35,-0.53,s19;O25:0.73,1.09,s14;O26:0.01,-0.35,s11;O27:0.55,1.09,s9;O28:0.55,0.73,s3;O29:-2.33,0.73,s2","O1:-0.89,-0.89,s215;O2:-2.33,-0.53,s193;O3:0.73,0.91,s176;O4:-0.89,-1.25,s174;O5:0.37,0.91,s170;O6:-0.89,-1.07,s156;O7:-2.33,0.19,s149;O8:0.73,0.73,s140;O9:-2.33,0.01,s137;O10:-2.33,-0.17,s135;O11:-2.33,-0.35,s125;O12:0.37,0.73,s117;O13:-0.71,-1.25,s93;O14:-0.35,-0.35,s84;O15:-0.53,-1.25,s80;O16:-2.33,0.55,s75;O17:-0.53,-0.89,s71;O18:-2.33,0.37,s60;O19:-0.17,-0.35,s48;O20:0.55,0.91,s44;O21:0.37,0.55,s41;O22:-2.33,-0.71,s31;O23:-0.71,-0.89,s29;O24:-0.35,-0.53,s19;O25:0.73,1.09,s14;O26:0.01,-0.35,s11;O27:0.55,1.09,s9;O28:0.55,0.73,s3;O29:-2.33,0.73,s2",RUNNING,UNKNOWN_MAP_SLAM_AVOIDANCE,unknown_map;frontier_targets;static_unknown_obstacles;dynamic_wandering_robot;costmap;slam_path_planning;obstacle_avoidance,P2_Wanderer,dynamic_wandering_robot,90.19621,90.19621,-0.11953,-0.73966,1,0,2,16,6,32,29,2643,29,2643,-0.11953,-0.73966,-1.47193,-0.11953,-0.73966,-1.47193
88.2,PID,HECTOR_GRID_MATCHING,HECTOR_SCAN_MATCHING_GRID,landmarks,task4,TO_CHARGE,AVOIDING,DIRECT,T2,TRANSIT_TO_WS1,0.51953,-0.87186,-1.94264,0.527,-0.847,-1.948,0.00438,0.03515,1.5,0.28548,1.36184,0.32024,0.23376,73.98373,NORMAL,4,1,0,0,29,2643,33,29,148,2643,0.22818,0.88522,0,0,-0.1,-2.06,0,0,0.43533,0.09681,24.59819,"O1:-0.89,-0.89,s215;O2:-2.33,-0.53,s193;O3:0.73,0.91,s176;O4:-0.89,-1.25,s174;O5:0.37,0.91,s170;O6:-0.89,-1.07,s156;O7:-2.33,0.19,s149;O8:0.73,0.73,s140;O9:-2.33,0.01,s137;O10:-2.33,-0.17,s135;O11:-2.33,-0.35,s125;O12:0.37,0.73,s117;O13:-0.71,-1.25,s93;O14:-0.35,-0.35,s84;O15:-0.53,-1.25,s80;O16:-2.33,0.55,s75;O17:-0.53,-0.89,s71;O18:-2.33,0.37,s60;O19:-0.17,-0.35,s48;O20:0.55,0.91,s44;O21:0.37,0.55,s41;O22:-2.33,-0.71,s31;O23:-0.71,-0.89,s29;O24:-0.35,-0.53,s19;O25:0.73,1.09,s14;O26:0.01,-0.35,s11;O27:0.55,1.09,s9;O28:0.55,0.73,s3;O29:-2.33,0.73,s2","O1:-0.89,-0.89,s215;O2:-2.33,-0.53,s193;O3:0.73,0.91,s176;O4:-0.89,-1.25,s174;O5:0.37,0.91,s170;O6:-0.89,-1.07,s156;O7:-2.33,0.19,s149;O8:0.73,0.73,s140;O9:-2.33,0.01,s137;O10:-2.33,-0.17,s135;O11:-2.33,-0.35,s125;O12:0.37,0.73,s117;O13:-0.71,-1.25,s93;O14:-0.35,-0.35,s84;O15:-0.53,-1.25,s80;O16:-2.33,0.55,s75;O17:-0.53,-0.89,s71;O18:-2.33,0.37,s60;O19:-0.17,-0.35,s48;O20:0.55,0.91,s44;O21:0.37,0.55,s41;O22:-2.33,-0.71,s31;O23:-0.71,-0.89,s29;O24:-0.35,-0.53,s19;O25:0.73,1.09,s14;O26:0.01,-0.35,s11;O27:0.55,1.09,s9;O28:0.55,0.73,s3;O29:-2.33,0.73,s2",RUNNING,UNKNOWN_MAP_SLAM_AVOIDANCE,unknown_map;frontier_targets;static_unknown_obstacles;dynamic_wandering_robot;costmap;slam_path_planning;obstacle_avoidance,P2_Wanderer,dynamic_wandering_robot,90.19621,90.19621,-0.11656,-0.76952,1,0,2,16,6,32,29,2643,29,2643,-0.11656,-0.76952,-1.47193,-0.11656,-0.76952,-1.47193
88.35,PID,HECTOR_GRID_MATCHING,HECTOR_SCAN_MATCHING_GRID,landmarks,task4,TO_CHARGE,AVOIDING,DIRECT,T2,TRANSIT_TO_WS1,0.49683,-0.9293,-1.9247,0.5,-0.911,-1.932,0.00401,0.03616,1.5,0.33948,1.29829,0.28943,0.28428,73.90016,NORMAL,4,1,0,0,29,2643,33,29,148,2643,0.22818,0.88522,0,0,-0.1,-2.06,0,0,0.39296,0.12425,24.64742,"O1:-0.89,-0.89,s215;O2:-2.33,-0.53,s193;O3:0.73,0.91,s176;O4:-0.89,-1.25,s174;O5:0.37,0.91,s170;O6:-0.89,-1.07,s156;O7:-2.33,0.19,s149;O8:0.73,0.73,s140;O9:-2.33,0.01,s137;O10:-2.33,-0.17,s135;O11:-2.33,-0.35,s125;O12:0.37,0.73,s117;O13:-0.71,-1.25,s93;O14:-0.35,-0.35,s84;O15:-0.53,-1.25,s80;O16:-2.33,0.55,s75;O17:-0.53,-0.89,s71;O18:-2.33,0.37,s60;O19:-0.17,-0.35,s48;O20:0.55,0.91,s44;O21:0.37,0.55,s41;O22:-2.33,-0.71,s31;O23:-0.71,-0.89,s29;O24:-0.35,-0.53,s19;O25:0.73,1.09,s14;O26:0.01,-0.35,s11;O27:0.55,1.09,s9;O28:0.55,0.73,s3;O29:-2.33,0.73,s2","O1:-0.89,-0.89,s215;O2:-2.33,-0.53,s193;O3:0.73,0.91,s176;O4:-0.89,-1.25,s174;O5:0.37,0.91,s170;O6:-0.89,-1.07,s156;O7:-2.33,0.19,s149;O8:0.73,0.73,s140;O9:-2.33,0.01,s137;O10:-2.33,-0.17,s135;O11:-2.33,-0.35,s125;O12:0.37,0.73,s117;O13:-0.71,-1.25,s93;O14:-0.35,-0.35,s84;O15:-0.53,-1.25,s80;O16:-2.33,0.55,s75;O17:-0.53,-0.89,s71;O18:-2.33,0.37,s60;O19:-0.17,-0.35,s48;O20:0.55,0.91,s44;O21:0.37,0.55,s41;O22:-2.33,-0.71,s31;O23:-0.71,-0.89,s29;O24:-0.35,-0.53,s19;O25:0.73,1.09,s14;O26:0.01,-0.35,s11;O27:0.55,1.09,s9;O28:0.55,0.73,s3;O29:-2.33,0.73,s2",RUNNING,UNKNOWN_MAP_SLAM_AVOIDANCE,unknown_map;frontier_targets;static_unknown_obstacles;dynamic_wandering_robot;costmap;slam_path_planning;obstacle_avoidance,P2_Wanderer,dynamic_wandering_robot,90.19621,90.19621,-0.1136,-0.79937,1,0,2,16,6,32,29,2643,29,2643,-0.1136,-0.79937,-1.47193,-0.1136,-0.79937,-1.47193
88.5,PID,HECTOR_GRID_MATCHING,HECTOR_SCAN_MATCHING_GRID,landmarks,task4,TO_CHARGE,AVOIDING,DIRECT,T2,TRANSIT_TO_WS1,0.47717,-0.98147,-1.90507,0.472,-0.969,-1.905,0.0122,0.03715,1.5,0.39348,1.24108,0.26709,0.324,73.82437,NORMAL,4,1,0,0,29,2644,33,29,149,2644,0.23288,0.88522,0,0,-0.1,-2.06,0,0,0.35577,0.12733,24.69096,"O1:-0.89,-0.89,s215;O2:-2.33,-0.53,s193;O3:0.73,0.91,s176;O4:-0.89,-1.25,s174;O5:0.37,0.91,s170;O6:-0.89,-1.07,s156;O7:-2.33,0.19,s149;O8:0.73,0.73,s140;O9:-2.33,0.01,s137;O10:-2.33,-0.17,s135;O11:-2.33,-0.35,s125;O12:0.37,0.73,s117;O13:-0.71,-1.25,s93;O14:-0.35,-0.35,s84;O15:-0.53,-1.25,s80;O16:-2.33,0.55,s75;O17:-0.53,-0.89,s71;O18:-2.33,0.37,s60;O19:-0.17,-0.35,s48;O20:0.55,0.91,s44;O21:0.37,0.55,s41;O22:-2.33,-0.71,s31;O23:-0.71,-0.89,s29;O24:-0.35,-0.53,s19;O25:0.73,1.09,s14;O26:0.01,-0.35,s11;O27:0.55,1.09,s9;O28:0.55,0.73,s3;O29:-2.33,0.73,s2","O1:-0.89,-0.89,s215;O2:-2.33,-0.53,s193;O3:0.73,0.91,s176;O4:-0.89,-1.25,s174;O5:0.37,0.91,s170;O6:-0.89,-1.07,s156;O7:-2.33,0.19,s149;O8:0.73,0.73,s140;O9:-2.33,0.01,s137;O10:-2.33,-0.17,s135;O11:-2.33,-0.35,s125;O12:0.37,0.73,s117;O13:-0.71,-1.25,s93;O14:-0.35,-0.35,s84;O15:-0.53,-1.25,s80;O16:-2.33,0.55,s75;O17:-0.53,-0.89,s71;O18:-2.33,0.37,s60;O19:-0.17,-0.35,s48;O20:0.55,0.91,s44;O21:0.37,0.55,s41;O22:-2.33,-0.71,s31;O23:-0.71,-0.89,s29;O24:-0.35,-0.53,s19;O25:0.73,1.09,s14;O26:0.01,-0.35,s11;O27:0.55,1.09,s9;O28:0.55,0.73,s3;O29:-2.33,0.73,s2",RUNNING,UNKNOWN_MAP_SLAM_AVOIDANCE,unknown_map;frontier_targets;static_unknown_obstacles;dynamic_wandering_robot;costmap;slam_path_planning;obstacle_avoidance,P2_Wanderer,dynamic_wandering_robot,90.19944,90.19944,-0.11064,-0.82922,1,0,2,16,6,32,29,2644,29,2644,-0.11064,-0.82922,-1.47193,-0.11064,-0.82922,-1.47193
88.65,PID,HECTOR_GRID_MATCHING,HECTOR_SCAN_MATCHING_GRID,landmarks,task4,TO_CHARGE,AVOIDING,DIRECT,T2,TRANSIT_TO_WS1,0.45978,-1.03032,-1.88418,0.458,-1.005,-1.889,0.01241,0.03805,1.5,0.44748,1.18866,0.2528,0.35078,73.75427,NORMAL,4,1,0,0,29,2647,33,29,151,2647,0.23146,0.88522,0,0,-0.1,-2.06,0,0,0.33372,0.13205,24.72337,"O1:-0.89,-0.89,s215;O2:-2.33,-0.53,s193;O3:0.73,0.91,s176;O4:-0.89,-1.25,s174;O5:0.37,0.91,s170;O6:-0.89,-1.07,s156;O7:-2.33,0.19,s149;O8:0.73,0.73,s140;O9:-2.33,0.01,s137;O10:-2.33,-0.17,s135;O11:-2.33,-0.35,s125;O12:0.37,0.73,s117;O13:-0.71,-1.25,s93;O14:-0.35,-0.35,s84;O15:-0.53,-1.25,s80;O16:-2.33,0.55,s75;O17:-0.53,-0.89,s71;O18:-2.33,0.37,s60;O19:-0.17,-0.35,s48;O20:0.55,0.91,s44;O21:0.37,0.55,s41;O22:-2.33,-0.71,s31;O23:-0.71,-0.89,s29;O24:-0.35,-0.53,s19;O25:0.01,-0.35,s14;O26:0.73,1.09,s14;O27:0.55,1.09,s9;O28:0.55,0.73,s3;O29:-2.33,0.73,s2","O1:-0.89,-0.89,s215;O2:-2.33,-0.53,s193;O3:0.73,0.91,s176;O4:-0.89,-1.25,s174;O5:0.37,0.91,s170;O6:-0.89,-1.07,s156;O7:-2.33,0.19,s149;O8:0.73,0.73,s140;O9:-2.33,0.01,s137;O10:-2.33,-0.17,s135;O11:-2.33,-0.35,s125;O12:0.37,0.73,s117;O13:-0.71,-1.25,s93;O14:-0.35,-0.35,s84;O15:-0.53,-1.25,s80;O16:-2.33,0.55,s75;O17:-0.53,-0.89,s71;O18:-2.33,0.37,s60;O19:-0.17,-0.35,s48;O20:0.55,0.91,s44;O21:0.37,0.55,s41;O22:-2.33,-0.71,s31;O23:-0.71,-0.89,s29;O24:-0.35,-0.53,s19;O25:0.01,-0.35,s14;O26:0.73,1.09,s14;O27:0.55,1.09,s9;O28:0.55,0.73,s3;O29:-2.33,0.73,s2",RUNNING,UNKNOWN_MAP_SLAM_AVOIDANCE,unknown_map;frontier_targets;static_unknown_obstacles;dynamic_wandering_robot;costmap;slam_path_planning;obstacle_avoidance,P2_Wanderer,dynamic_wandering_robot,90.2091,90.2091,-0.10768,-0.85908,1,0,2,16,6,32,29,2647,29,2647,-0.10768,-0.85908,-1.47193,-0.10768,-0.85908,-1.47193
88.8,PID,HECTOR_GRID_MATCHING,HECTOR_SCAN_MATCHING_GRID,landmarks,task4,TO_CHARGE,AVOIDING,DIRECT,T2,TRANSIT_TO_WS1,0.44452,-1.07607,-1.8651,0.441,-1.04,-1.871,0.02272,0.03883,1.5,0.50148,1.14011,0.24229,0.37113,73.68881,NORMAL,4,1,0,0,29,2650,33,29,151,2650,0.23156,0.88522,0,0,-0.1,-2.06,0,0,0.31284,0.14049,24.75426,"O1:-0.89,-0.89,s215;O2:-2.33,-0.53,s193;O3:0.73,0.91,s176;O4:-0.89,-1.25,s174;O5:0.37,0.91,s170;O6:-0.89,-1.07,s156;O7:-2.33,0.19,s149;O8:0.73,0.73,s140;O9:-2.33,0.01,s137;O10:-2.33,-0.17,s135;O11:-2.33,-0.35,s125;O12:0.37,0.73,s117;O13:-0.71,-1.25,s93;O14:-0.35,-0.35,s84;O15:-0.53,-1.25,s80;O16:-2.33,0.55,s75;O17:-0.53,-0.89,s71;O18:-2.33,0.37,s60;O19:-0.17,-0.35,s48;O20:0.55,0.91,s44;O21:0.37,0.55,s41;O22:-2.33,-0.71,s31;O23:-0.71,-0.89,s29;O24:-0.35,-0.53,s19;O25:0.01,-0.35,s17;O26:0.73,1.09,s14;O27:0.55,1.09,s9;O28:0.55,0.73,s3;O29:-2.33,0.73,s2","O1:-0.89,-0.89,s215;O2:-2.33,-0.53,s193;O3:0.73,0.91,s176;O4:-0.89,-1.25,s174;O5:0.37,0.91,s170;O6:-0.89,-1.07,s156;O7:-2.33,0.19,s149;O8:0.73,0.73,s140;O9:-2.33,0.01,s137;O10:-2.33,-0.17,s135;O11:-2.33,-0.35,s125;O12:0.37,0.73,s117;O13:-0.71,-1.25,s93;O14:-0.35,-0.35,s84;O15:-0.53,-1.25,s80;O16:-2.33,0.55,s75;O17:-0.53,-0.89,s71;O18:-2.33,0.37,s60;O19:-0.17,-0.35,s48;O20:0.55,0.91,s44;O21:0.37,0.55,s41;O22:-2.33,-0.71,s31;O23:-0.71,-0.89,s29;O24:-0.35,-0.53,s19;O25:0.01,-0.35,s17;O26:0.73,1.09,s14;O27:0.55,1.09,s9;O28:0.55,0.73,s3;O29:-2.33,0.73,s2",RUNNING,UNKNOWN_MAP_SLAM_AVOIDANCE,unknown_map;frontier_targets;static_unknown_obstacles;dynamic_wandering_robot;costmap;slam_path_planning;obstacle_avoidance,P2_Wanderer,dynamic_wandering_robot,90.21874,90.21874,-0.10472,-0.88893,1,0,2,16,6,32,29,2650,29,2650,-0.10472,-0.88893,-1.47193,-0.10472,-0.88893,-1.47193
88.95,PID,HECTOR_GRID_MATCHING,HECTOR_SCAN_MATCHING_GRID,landmarks,task4,TO_CHARGE,AVOIDING,DIRECT,T2,TRANSIT_TO_WS1,0.43115,-1.1189,-1.84951,0.439,-1.091,-1.856,0.01401,0.0395,1.5,0.55548,1.09494,0.23463,0.38635,73.62736,NORMAL,4,1,0,0,30,2653,34,30,151,2653,0.23231,0.88522,0,0,-0.1,-2.06,0,0,0.28967,0.09481,24.78956,"O1:-0.89,-0.89,s215;O2:-2.33,-0.53,s193;O3:0.73,0.91,s176;O4:-0.89,-1.25,s174;O5:0.37,0.91,s170;O6:-0.89,-1.07,s156;O7:-2.33,0.19,s149;O8:0.73,0.73,s140;O9:-2.33,0.01,s137;O10:-2.33,-0.17,s135;O11:-2.33,-0.35,s125;O12:0.37,0.73,s117;O13:-0.71,-1.25,s93;O14:-0.35,-0.35,s84;O15:-0.53,-1.25,s80;O16:-2.33,0.55,s75;O17:-0.53,-0.89,s71;O18:-2.33,0.37,s60;O19:-0.17,-0.35,s48;O20:0.55,0.91,s44;O21:0.37,0.55,s41;O22:-2.33,-0.71,s31;O23:-0.71,-0.89,s29;O24:-0.35,-0.53,s19;O25:0.01,-0.35,s17;O26:0.73,1.09,s14;O27:0.55,1.09,s9;O28:0.01,-0.53,s5;O29:0.55,0.73,s3;O30:-2.33,0.73,s2","O1:-0.89,-0.89,s215;O2:-2.33,-0.53,s193;O3:0.73,0.91,s176;O4:-0.89,-1.25,s174;O5:0.37,0.91,s170;O6:-0.89,-1.07,s156;O7:-2.33,0.19,s149;O8:0.73,0.73,s140;O9:-2.33,0.01,s137;O10:-2.33,-0.17,s135;O11:-2.33,-0.35,s125;O12:0.37,0.73,s117;O13:-0.71,-1.25,s93;O14:-0.35,-0.35,s84;O15:-0.53,-1.25,s80;O16:-2.33,0.55,s75;O17:-0.53,-0.89,s71;O18:-2.33,0.37,s60;O19:-0.17,-0.35,s48;O20:0.55,0.91,s44;O21:0.37,0.55,s41;O22:-2.33,-0.71,s31;O23:-0.71,-0.89,s29;O24:-0.35,-0.53,s19;O25:0.01,-0.35,s17;O26:0.73,1.09,s14;O27:0.55,1.09,s9;O28:0.01,-0.53,s5;O29:0.55,0.73,s3;O30:-2.33,0.73,s2",RUNNING,UNKNOWN_MAP_SLAM_AVOIDANCE,unknown_map;frontier_targets;static_unknown_obstacles;dynamic_wandering_robot;costmap;slam_path_planning;obstacle_avoidance,P2_Wanderer,dynamic_wandering_robot,90.22837,90.22837,-0.10176,-0.91878,1,0,2,16,6,32,30,2653,30,2653,-0.10176,-0.91878,-1.47193,-0.10176,-0.91878,-1.47193
89.1,PID,HECTOR_GRID_MATCHING,HECTOR_SCAN_MATCHING_GRID,landmarks,task4,TO_CHARGE,AVOIDING,DIRECT,T2,TRANSIT_TO_WS1,0.41952,-1.15912,-1.84538,0.427,-1.141,-1.836,0.00602,0.0401,1.5,0.60948,1.05337,0.26717,0.32386,73.57029,NORMAL,4,1,0,0,30,2656,34,30,154,2656,0.22958,0.88522,0,0,-0.1,-2.06,0,0,0.27702,-0.02092,24.83114,"O1:-0.89,-0.89,s215;O2:-2.33,-0.53,s193;O3:0.73,0.91,s176;O4:-0.89,-1.25,s174;O5:0.37,0.91,s170;O6:-0.89,-1.07,s156;O7:-2.33,0.19,s149;O8:0.73,0.73,s140;O9:-2.33,0.01,s137;O10:-2.33,-0.17,s135;O11:-2.33,-0.35,s125;O12:0.37,0.73,s117;O13:-0.71,-1.25,s93;O14:-0.35,-0.35,s84;O15:-0.53,-1.25,s80;O16:-2.33,0.55,s75;O17:-0.53,-0.89,s71;O18:-2.33,0.37,s60;O19:-0.17,-0.35,s48;O20:0.55,0.91,s44;O21:0.37,0.55,s41;O22:-2.33,-0.71,s31;O23:-0.71,-0.89,s29;O24:-0.35,-0.53,s19;O25:0.01,-0.35,s17;O26:0.73,1.09,s14;O27:0.55,1.09,s9;O28:0.01,-0.53,s8;O29:0.55,0.73,s3;O30:-2.33,0.73,s2","O1:-0.89,-0.89,s215;O2:-2.33,-0.53,s193;O3:0.73,0.91,s176;O4:-0.89,-1.25,s174;O5:0.37,0.91,s170;O6:-0.89,-1.07,s156;O7:-2.33,0.19,s149;O8:0.73,0.73,s140;O9:-2.33,0.01,s137;O10:-2.33,-0.17,s135;O11:-2.33,-0.35,s125;O12:0.37,0.73,s117;O13:-0.71,-1.25,s93;O14:-0.35,-0.35,s84;O15:-0.53,-1.25,s80;O16:-2.33,0.55,s75;O17:-0.53,-0.89,s71;O18:-2.33,0.37,s60;O19:-0.17,-0.35,s48;O20:0.55,0.91,s44;O21:0.37,0.55,s41;O22:-2.33,-0.71,s31;O23:-0.71,-0.89,s29;O24:-0.35,-0.53,s19;O25:0.01,-0.35,s17;O26:0.73,1.09,s14;O27:0.55,1.09,s9;O28:0.01,-0.53,s8;O29:0.55,0.73,s3;O30:-2.33,0.73,s2",RUNNING,UNKNOWN_MAP_SLAM_AVOIDANCE,unknown_map;frontier_targets;static_unknown_obstacles;dynamic_wandering_robot;costmap;slam_path_planning;obstacle_avoidance,P2_Wanderer,dynamic_wandering_robot,90.23798,90.23798,-0.09708,-0.88915,1,0,2,16,6,32,30,2656,30,2656,-0.09708,-0.88915,1.41423,-0.09708,-0.88915,1.41423
89.25,PID,HECTOR_GRID_MATCHING,HECTOR_SCAN_MATCHING_GRID,landmarks,task4,TO_CHARGE,AVOIDING,DIRECT,T2,TRANSIT_TO_WS1,0.40838,-1.20162,-1.87991,0.413,-1.179,-1.862,0.00862,0.04048,1.5,0.66348,1.01198,0.27769,0.05487,73.51006,NORMAL,4,1,0,0,30,2657,34,30,154,2657,0.22871,0.88522,0,0,-0.1,-2.06,0,0,0.30424,-0.30964,24.94096,"O1:-0.89,-0.89,s215;O2:-2.33,-0.53,s193;O3:0.73,0.91,s176;O4:-0.89,-1.25,s174;O5:0.37,0.91,s170;O6:-0.89,-1.07,s156;O7:-2.33,0.19,s149;O8:0.73,0.73,s140;O9:-2.33,0.01,s137;O10:-2.33,-0.17,s135;O11:-2.33,-0.35,s125;O12:0.37,0.73,s117;O13:-0.71,-1.25,s93;O14:-0.35,-0.35,s84;O15:-0.53,-1.25,s80;O16:-2.33,0.55,s75;O17:-0.53,-0.89,s71;O18:-2.33,0.37,s60;O19:-0.17,-0.35,s48;O20:0.55,0.91,s44;O21:0.37,0.55,s41;O22:-2.33,-0.71,s31;O23:-0.71,-0.89,s29;O24:-0.35,-0.53,s19;O25:0.01,-0.35,s17;O26:0.73,1.09,s14;O27:0.01,-0.53,s10;O28:0.55,1.09,s9;O29:0.55,0.73,s3;O30:-2.33,0.73,s2","O1:-0.89,-0.89,s215;O2:-2.33,-0.53,s193;O3:0.73,0.91,s176;O4:-0.89,-1.25,s174;O5:0.37,0.91,s170;O6:-0.89,-1.07,s156;O7:-2.33,0.19,s149;O8:0.73,0.73,s140;O9:-2.33,0.01,s137;O10:-2.33,-0.17,s135;O11:-2.33,-0.35,s125;O12:0.37,0.73,s117;O13:-0.71,-1.25,s93;O14:-0.35,-0.35,s84;O15:-0.53,-1.25,s80;O16:-2.33,0.55,s75;O17:-0.53,-0.89,s71;O18:-2.33,0.37,s60;O19:-0.17,-0.35,s48;O20:0.55,0.91,s44;O21:0.37,0.55,s41;O22:-2.33,-0.71,s31;O23:-0.71,-0.89,s29;O24:-0.35,-0.53,s19;O25:0.01,-0.35,s17;O26:0.73,1.09,s14;O27:0.01,-0.53,s10;O28:0.55,1.09,s9;O29:0.55,0.73,s3;O30:-2.33,0.73,s2",RUNNING,UNKNOWN_MAP_SLAM_AVOIDANCE,unknown_map;frontier_targets;static_unknown_obstacles;dynamic_wandering_robot;costmap;slam_path_planning;obstacle_avoidance,P2_Wanderer,dynamic_wandering_robot,90.24118,90.24118,-0.0924,-0.85952,1,0,2,16,6,32,30,2657,30,2657,-0.0924,-0.85952,1.41423,-0.0924,-0.85952,1.41423
89.4,PID,HECTOR_GRID_MATCHING,HECTOR_SCAN_MATCHING_GRID,landmarks,task4,TO_CHARGE,AVOIDING,DIRECT,T2,TRANSIT_TO_WS1,0.39604,-1.24311,-1.92488,0.406,-1.222,-1.912,0.00999,0.04076,1.5,0.71748,0.96951,0.27877,0.05452,73.44865,NORMAL,4,1,0,0,30,2657,34,30,154,2657,0.22871,0.88522,0,0,-0.1,-2.06,0,0,0.28923,-0.26001,24.96837,"O1:-0.89,-0.89,s215;O2:-2.33,-0.53,s193;O3:0.73,0.91,s176;O4:-0.89,-1.25,s174;O5:0.37,0.91,s170;O6:-0.89,-1.07,s156;O7:-2.33,0.19,s149;O8:0.73,0.73,s140;O9:-2.33,0.01,s137;O10:-2.33,-0.17,s135;O11:-2.33,-0.35,s125;O12:0.37,0.73,s117;O13:-0.71,-1.25,s93;O14:-0.35,-0.35,s84;O15:-0.53,-1.25,s80;O16:-2.33,0.55,s75;O17:-0.53,-0.89,s71;O18:-2.33,0.37,s60;O19:-0.17,-0.35,s48;O20:0.55,0.91,s44;O21:0.37,0.55,s41;O22:-2.33,-0.71,s31;O23:-0.71,-0.89,s29;O24:-0.35,-0.53,s19;O25:0.01,-0.35,s17;O26:0.73,1.09,s14;O27:0.01,-0.53,s10;O28:0.55,1.09,s9;O29:0.55,0.73,s3;O30:-2.33,0.73,s2","O1:-0.89,-0.89,s215;O2:-2.33,-0.53,s193;O3:0.73,0.91,s176;O4:-0.89,-1.25,s174;O5:0.37,0.91,s170;O6:-0.89,-1.07,s156;O7:-2.33,0.19,s149;O8:0.73,0.73,s140;O9:-2.33,0.01,s137;O10:-2.33,-0.17,s135;O11:-2.33,-0.35,s125;O12:0.37,0.73,s117;O13:-0.71,-1.25,s93;O14:-0.35,-0.35,s84;O15:-0.53,-1.25,s80;O16:-2.33,0.55,s75;O17:-0.53,-0.89,s71;O18:-2.33,0.37,s60;O19:-0.17,-0.35,s48;O20:0.55,0.91,s44;O21:0.37,0.55,s41;O22:-2.33,-0.71,s31;O23:-0.71,-0.89,s29;O24:-0.35,-0.53,s19;O25:0.01,-0.35,s17;O26:0.73,1.09,s14;O27:0.01,-0.53,s10;O28:0.55,1.09,s9;O29:0.55,0.73,s3;O30:-2.33,0.73,s2",RUNNING,UNKNOWN_MAP_SLAM_AVOIDANCE,unknown_map;frontier_targets;static_unknown_obstacles;dynamic_wandering_robot;costmap;slam_path_planning;obstacle_avoidance,P2_Wanderer,dynamic_wandering_robot,90.24118,90.24118,-0.08773,-0.82988,1,0,2,16,6,32,30,2657,30,2657,-0.08773,-0.82988,1.41423,-0.08773,-0.82988,1.41423
89.55,PID,HECTOR_GRID_MATCHING,HECTOR_SCAN_MATCHING_GRID,landmarks,task4,TO_CHARGE,AVOIDING,DIRECT,T2,TRANSIT_TO_WS1,0.38281,-1.28131,-1.95995,0.391,-1.27,-1.948,0.00414,0.04105,1.5,0.77148,0.9291,0.28615,0.05219,73.39094,NORMAL,4,1,0,0,30,2659,34,30,156,2659,0.23474,0.88522,0,0,-0.1,-2.06,0,0,0.26782,-0.23593,25.00027,"O1:-0.89,-0.89,s215;O2:-2.33,-0.53,s193;O3:0.73,0.91,s176;O4:-0.89,-1.25,s174;O5:0.37,0.91,s170;O6:-0.89,-1.07,s156;O7:-2.33,0.19,s149;O8:0.73,0.73,s140;O9:-2.33,0.01,s137;O10:-2.33,-0.17,s135;O11:-2.33,-0.35,s125;O12:0.37,0.73,s117;O13:-0.71,-1.25,s93;O14:-0.35,-0.35,s84;O15:-0.53,-1.25,s81;O16:-2.33,0.55,s75;O17:-0.53,-0.89,s71;O18:-2.33,0.37,s60;O19:-0.17,-0.35,s48;O20:0.55,0.91,s44;O21:0.37,0.55,s41;O22:-2.33,-0.71,s31;O23:-0.71,-0.89,s29;O24:-0.35,-0.53,s19;O25:0.01,-0.35,s17;O26:0.73,1.09,s14;O27:0.01,-0.53,s10;O28:0.55,1.09,s9;O29:0.55,0.73,s3;O30:-2.33,0.73,s2","O1:-0.89,-0.89,s215;O2:-2.33,-0.53,s193;O3:0.73,0.91,s176;O4:-0.89,-1.25,s174;O5:0.37,0.91,s170;O6:-0.89,-1.07,s156;O7:-2.33,0.19,s149;O8:0.73,0.73,s140;O9:-2.33,0.01,s137;O10:-2.33,-0.17,s135;O11:-2.33,-0.35,s125;O12:0.37,0.73,s117;O13:-0.71,-1.25,s93;O14:-0.35,-0.35,s84;O15:-0.53,-1.25,s81;O16:-2.33,0.55,s75;O17:-0.53,-0.89,s71;O18:-2.33,0.37,s60;O19:-0.17,-0.35,s48;O20:0.55,0.91,s44;O21:0.37,0.55,s41;O22:-2.33,-0.71,s31;O23:-0.71,-0.89,s29;O24:-0.35,-0.53,s19;O25:0.01,-0.35,s17;O26:0.73,1.09,s14;O27:0.01,-0.53,s10;O28:0.55,1.09,s9;O29:0.55,0.73,s3;O30:-2.33,0.73,s2",RUNNING,UNKNOWN_MAP_SLAM_AVOIDANCE,unknown_map;frontier_targets;static_unknown_obstacles;dynamic_wandering_robot;costmap;slam_path_planning;obstacle_avoidance,P2_Wanderer,dynamic_wandering_robot,90.24757,90.24757,-0.08305,-0.80025,1,0,2,16,6,32,30,2659,30,2659,-0.08305,-0.80025,1.41423,-0.08305,-0.80025,1.41423
89.7,PID,HECTOR_GRID_MATCHING,HECTOR_SCAN_MATCHING_GRID,landmarks,task4,TO_CHARGE,AVOIDING,DIRECT,T2,TRANSIT_TO_WS1,0.36894,-1.31698,-1.98833,0.38,-1.297,-1.981,0.01057,0.04136,1.5,0.82548,0.89107,0.30559,0.04629,73.33691,NORMAL,4,1,0,0,30,2662,34,30,157,2662,0.23146,0.88522,0,0,-0.1,-2.06,0,0,0.25676,-0.19365,25.03438,"O1:-0.89,-0.89,s215;O2:-2.33,-0.53,s193;O3:0.73,0.91,s176;O4:-0.89,-1.25,s174;O5:0.37,0.91,s170;O6:-0.89,-1.07,s156;O7:-2.33,0.19,s149;O8:0.73,0.73,s140;O9:-2.33,0.01,s137;O10:-2.33,-0.17,s135;O11:-2.33,-0.35,s125;O12:0.37,0.73,s117;O13:-0.71,-1.25,s93;O14:-0.35,-0.35,s84;O15:-0.53,-1.25,s84;O16:-2.33,0.55,s75;O17:-0.53,-0.89,s71;O18:-2.33,0.37,s60;O19:-0.17,-0.35,s48;O20:0.55,0.91,s44;O21:0.37,0.55,s41;O22:-2.33,-0.71,s31;O23:-0.71,-0.89,s29;O24:-0.35,-0.53,s19;O25:0.01,-0.35,s17;O26:0.73,1.09,s14;O27:0.01,-0.53,s10;O28:0.55,1.09,s9;O29:0.55,0.73,s3;O30:-2.33,0.73,s2","O1:-0.89,-0.89,s215;O2:-2.33,-0.53,s193;O3:0.73,0.91,s176;O4:-0.89,-1.25,s174;O5:0.37,0.91,s170;O6:-0.89,-1.07,s156;O7:-2.33,0.19,s149;O8:0.73,0.73,s140;O9:-2.33,0.01,s137;O10:-2.33,-0.17,s135;O11:-2.33,-0.35,s125;O12:0.37,0.73,s117;O13:-0.71,-1.25,s93;O14:-0.35,-0.35,s84;O15:-0.53,-1.25,s84;O16:-2.33,0.55,s75;O17:-0.53,-0.89,s71;O18:-2.33,0.37,s60;O19:-0.17,-0.35,s48;O20:0.55,0.91,s44;O21:0.37,0.55,s41;O22:-2.33,-0.71,s31;O23:-0.71,-0.89,s29;O24:-0.35,-0.53,s19;O25:0.01,-0.35,s17;O26:0.73,1.09,s14;O27:0.01,-0.53,s10;O28:0.55,1.09,s9;O29:0.55,0.73,s3;O30:-2.33,0.73,s2",RUNNING,UNKNOWN_MAP_SLAM_AVOIDANCE,unknown_map;frontier_targets;static_unknown_obstacles;dynamic_wandering_robot;costmap;slam_path_planning;obstacle_avoidance,P2_Wanderer,dynamic_wandering_robot,90.25715,90.25715,-0.07837,-0.77062,1,0,2,16,6,32,30,2662,30,2662,-0.07837,-0.77062,1.41423,-0.07837,-0.77062,1.41423
89.85,PID,HECTOR_GRID_MATCHING,HECTOR_SCAN_MATCHING_GRID,landmarks,task4,TO_CHARGE,AVOIDING,DIRECT,T2,TRANSIT_TO_WS1,0.3552,-1.35007,-2.01999,0.369,-1.343,-2.016,0.00968,0.04165,1.5,0.87948,0.8549,0.40596,0.02145,73.28536,NORMAL,4,1,0,0,30,2665,34,30,157,2665,0.22827,0.88522,0,0,-0.1,-2.06,0,0,0.2385,-0.21265,25.062,"O1:-0.89,-0.89,s215;O2:-2.33,-0.53,s193;O3:0.73,0.91,s176;O4:-0.89,-1.25,s174;O5:0.37,0.91,s170;O6:-0.89,-1.07,s156;O7:-2.33,0.19,s149;O8:0.73,0.73,s140;O9:-2.33,0.01,s137;O10:-2.33,-0.17,s135;O11:-2.33,-0.35,s125;O12:0.37,0.73,s117;O13:-0.71,-1.25,s93;O14:-0.53,-1.25,s87;O15:-0.35,-0.35,s84;O16:-2.33,0.55,s75;O17:-0.53,-0.89,s71;O18:-2.33,0.37,s60;O19:-0.17,-0.35,s48;O20:0.55,0.91,s44;O21:0.37,0.55,s41;O22:-2.33,-0.71,s31;O23:-0.71,-0.89,s29;O24:-0.35,-0.53,s19;O25:0.01,-0.35,s17;O26:0.73,1.09,s14;O27:0.01,-0.53,s10;O28:0.55,1.09,s9;O29:0.55,0.73,s3;O30:-2.33,0.73,s2","O1:-0.89,-0.89,s215;O2:-2.33,-0.53,s193;O3:0.73,0.91,s176;O4:-0.89,-1.25,s174;O5:0.37,0.91,s170;O6:-0.89,-1.07,s156;O7:-2.33,0.19,s149;O8:0.73,0.73,s140;O9:-2.33,0.01,s137;O10:-2.33,-0.17,s135;O11:-2.33,-0.35,s125;O12:0.37,0.73,s117;O13:-0.71,-1.25,s93;O14:-0.53,-1.25,s87;O15:-0.35,-0.35,s84;O16:-2.33,0.55,s75;O17:-0.53,-0.89,s71;O18:-2.33,0.37,s60;O19:-0.17,-0.35,s48;O20:0.55,0.91,s44;O21:0.37,0.55,s41;O22:-2.33,-0.71,s31;O23:-0.71,-0.89,s29;O24:-0.35,-0.53,s19;O25:0.01,-0.35,s17;O26:0.73,1.09,s14;O27:0.01,-0.53,s10;O28:0.55,1.09,s9;O29:0.55,0.73,s3;O30:-2.33,0.73,s2",RUNNING,UNKNOWN_MAP_SLAM_AVOIDANCE,unknown_map;frontier_targets;static_unknown_obstacles;dynamic_wandering_robot;costmap;slam_path_planning;obstacle_avoidance,P2_Wanderer,dynamic_wandering_robot,90.26672,90.26672,-0.07369,-0.74098,1,0,2,16,6,32,30,2665,30,2665,-0.07369,-0.74098,1.41423,-0.07369,-0.74098,1.41423
90.0,PID,HECTOR_GRID_MATCHING,HECTOR_SCAN_MATCHING_GRID,landmarks,task4,TO_CHARGE,AVOIDING,DIRECT,T2,TRANSIT_TO_WS1,0.34128,-1.38075,-2.05048,0.36,-1.373,-2.04,0.0146,0.04192,1.5,0.93348,0.82099,0.41403,0.01986,73.23681,NORMAL,4,1,0,0,30,2668,34,30,157,2668,0.22828,0.88522,0,0,-0.1,-2.06,0,0,0.22537,-0.19556,25.0798,"O1:-0.89,-0.89,s215;O2:-2.33,-0.53,s193;O3:0.73,0.91,s176;O4:-0.89,-1.25,s174;O5:0.37,0.91,s170;O6:-0.89,-1.07,s156;O7:-2.33,0.19,s149;O8:0.73,0.73,s140;O9:-2.33,0.01,s137;O10:-2.33,-0.17,s135;O11:-2.33,-0.35,s125;O12:0.37,0.73,s117;O13:-0.71,-1.25,s93;O14:-0.53,-1.25,s90;O15:-0.35,-0.35,s84;O16:-2.33,0.55,s75;O17:-0.53,-0.89,s71;O18:-2.33,0.37,s60;O19:-0.17,-0.35,s48;O20:0.55,0.91,s44;O21:0.37,0.55,s41;O22:-2.33,-0.71,s31;O23:-0.71,-0.89,s29;O24:-0.35,-0.53,s19;O25:0.01,-0.35,s17;O26:0.73,1.09,s14;O27:0.01,-0.53,s10;O28:0.55,1.09,s9;O29:0.55,0.73,s3;O30:-2.33,0.73,s2","O1:-0.89,-0.89,s215;O2:-2.33,-0.53,s193;O3:0.73,0.91,s176;O4:-0.89,-1.25,s174;O5:0.37,0.91,s170;O6:-0.89,-1.07,s156;O7:-2.33,0.19,s149;O8:0.73,0.73,s140;O9:-2.33,0.01,s137;O10:-2.33,-0.17,s135;O11:-2.33,-0.35,s125;O12:0.37,0.73,s117;O13:-0.71,-1.25,s93;O14:-0.53,-1.25,s90;O15:-0.35,-0.35,s84;O16:-2.33,0.55,s75;O17:-0.53,-0.89,s71;O18:-2.33,0.37,s60;O19:-0.17,-0.35,s48;O20:0.55,0.91,s44;O21:0.37,0.55,s41;O22:-2.33,-0.71,s31;O23:-0.71,-0.89,s29;O24:-0.35,-0.53,s19;O25:0.01,-0.35,s17;O26:0.73,1.09,s14;O27:0.01,-0.53,s10;O28:0.55,1.09,s9;O29:0.55,0.73,s3;O30:-2.33,0.73,s2",RUNNING,UNKNOWN_MAP_SLAM_AVOIDANCE,unknown_map;frontier_targets;static_unknown_obstacles;dynamic_wandering_robot;costmap;slam_path_planning;obstacle_avoidance,P2_Wanderer,dynamic_wandering_robot,90.27626,90.27626,-0.06901,-0.71135,1,0,2,16,6,32,30,2668,30,2668,-0.06901,-0.71135,1.41423,-0.06901,-0.71135,1.41423
90.15,PID,HECTOR_GRID_MATCHING,HECTOR_SCAN_MATCHING_GRID,landmarks,task4,TO_CHARGE,ROUTE,DIRECT,T2,TRANSIT_TO_WS1,0.32705,-1.40954,-2.07604,0.347,-1.393,-2.069,0.01697,0.04218,1.5,0.98748,0.78875,0.6438,0.0,73.19077,NORMAL,4,1,0,0,30,2671,34,30,158,2671,0.2294,0.88522,0,0,-0.1,-2.06,0,0,0.2165,-0.15742,25.09956,"O1:-0.89,-0.89,s215;O2:-2.33,-0.53,s193;O3:0.73,0.91,s176;O4:-0.89,-1.25,s174;O5:0.37,0.91,s170;O6:-0.89,-1.07,s156;O7:-2.33,0.19,s149;O8:0.73,0.73,s140;O9:-2.33,0.01,s137;O10:-2.33,-0.17,s135;O11:-2.33,-0.35,s125;O12:0.37,0.73,s117;O13:-0.53,-1.25,s93;O14:-0.71,-1.25,s93;O15:-0.35,-0.35,s84;O16:-2.33,0.55,s75;O17:-0.53,-0.89,s71;O18:-2.33,0.37,s60;O19:-0.17,-0.35,s48;O20:0.55,0.91,s44;O21:0.37,0.55,s41;O22:-2.33,-0.71,s31;O23:-0.71,-0.89,s29;O24:-0.35,-0.53,s19;O25:0.01,-0.35,s17;O26:0.73,1.09,s14;O27:0.01,-0.53,s10;O28:0.55,1.09,s9;O29:0.55,0.73,s3;O30:-2.33,0.73,s2","O1:-0.89,-0.89,s215;O2:-2.33,-0.53,s193;O3:0.73,0.91,s176;O4:-0.89,-1.25,s174;O5:0.37,0.91,s170;O6:-0.89,-1.07,s156;O7:-2.33,0.19,s149;O8:0.73,0.73,s140;O9:-2.33,0.01,s137;O10:-2.33,-0.17,s135;O11:-2.33,-0.35,s125;O12:0.37,0.73,s117;O13:-0.53,-1.25,s93;O14:-0.71,-1.25,s93;O15:-0.35,-0.35,s84;O16:-2.33,0.55,s75;O17:-0.53,-0.89,s71;O18:-2.33,0.37,s60;O19:-0.17,-0.35,s48;O20:0.55,0.91,s44;O21:0.37,0.55,s41;O22:-2.33,-0.71,s31;O23:-0.71,-0.89,s29;O24:-0.35,-0.53,s19;O25:0.01,-0.35,s17;O26:0.73,1.09,s14;O27:0.01,-0.53,s10;O28:0.55,1.09,s9;O29:0.55,0.73,s3;O30:-2.33,0.73,s2",RUNNING,UNKNOWN_MAP_SLAM_AVOIDANCE,unknown_map;frontier_targets;static_unknown_obstacles;dynamic_wandering_robot;costmap;slam_path_planning;obstacle_avoidance,P2_Wanderer,dynamic_wandering_robot,90.2858,90.2858,-0.06434,-0.68172,1,0,2,16,6,32,30,2671,30,2671,-0.06434,-0.68172,1.41423,-0.06434,-0.68172,1.41423
90.3,PID,HECTOR_GRID_MATCHING,HECTOR_SCAN_MATCHING_GRID,landmarks,task4,TO_CHARGE,AVOIDING,DIRECT,T2,TRANSIT_TO_WS1,0.31308,-1.43593,-2.09679,0.327,-1.431,-2.092,0.01045,0.04241,1.5,1.04148,0.75797,0.44186,0.01486,73.14698,NORMAL,4,1,0,0,30,2674,34,30,159,2674,0.22783,0.88522,0,0,-0.1,-2.06,0,0,0.1939,-0.11683,25.13231,"O1:-0.89,-0.89,s215;O2:-2.33,-0.53,s193;O3:0.73,0.91,s176;O4:-0.89,-1.25,s174;O5:0.37,0.91,s170;O6:-0.89,-1.07,s156;O7:-2.33,0.19,s149;O8:0.73,0.73,s140;O9:-2.33,0.01,s137;O10:-2.33,-0.17,s135;O11:-2.33,-0.35,s125;O12:0.37,0.73,s117;O13:-0.53,-1.25,s96;O14:-0.71,-1.25,s93;O15:-0.35,-0.35,s84;O16:-2.33,0.55,s75;O17:-0.53,-0.89,s71;O18:-2.33,0.37,s60;O19:-0.17,-0.35,s48;O20:0.55,0.91,s44;O21:0.37,0.55,s41;O22:-2.33,-0.71,s31;O23:-0.71,-0.89,s29;O24:-0.35,-0.53,s19;O25:0.01,-0.35,s17;O26:0.73,1.09,s14;O27:0.01,-0.53,s10;O28:0.55,1.09,s9;O29:0.55,0.73,s3;O30:-2.33,0.73,s2","O1:-0.89,-0.89,s215;O2:-2.33,-0.53,s193;O3:0.73,0.91,s176;O4:-0.89,-1.25,s174;O5:0.37,0.91,s170;O6:-0.89,-1.07,s156;O7:-2.33,0.19,s149;O8:0.73,0.73,s140;O9:-2.33,0.01,s137;O10:-2.33,-0.17,s135;O11:-2.33,-0.35,s125;O12:0.37,0.73,s117;O13:-0.53,-1.25,s96;O14:-0.71,-1.25,s93;O15:-0.35,-0.35,s84;O16:-2.33,0.55,s75;O17:-0.53,-0.89,s71;O18:-2.33,0.37,s60;O19:-0.17,-0.35,s48;O20:0.55,0.91,s44;O21:0.37,0.55,s41;O22:-2.33,-0.71,s31;O23:-0.71,-0.89,s29;O24:-0.35,-0.53,s19;O25:0.01,-0.35,s17;O26:0.73,1.09,s14;O27:0.01,-0.53,s10;O28:0.55,1.09,s9;O29:0.55,0.73,s3;O30:-2.33,0.73,s2",RUNNING,UNKNOWN_MAP_SLAM_AVOIDANCE,unknown_map;frontier_targets;static_unknown_obstacles;dynamic_wandering_robot;costmap;slam_path_planning;obstacle_avoidance,P2_Wanderer,dynamic_wandering_robot,90.29531,90.29531,-0.05966,-0.65209,1,0,2,16,6,32,30,2674,30,2674,-0.05966,-0.65209,1.41423,-0.05966,-0.65209,1.41423
90.45,PID,HECTOR_GRID_MATCHING,HECTOR_SCAN_MATCHING_GRID,landmarks,task4,TO_CHARGE,AVOIDING,DIRECT,T2,TRANSIT_TO_WS1,0.29959,-1.45989,-2.11002,0.309,-1.453,-2.107,0.00487,0.04265,1.5,1.09548,0.72996,0.48138,0.009,73.10725,NORMAL,4,1,0,0,30,2677,34,30,159,2677,0.22843,0.88522,0,0,-0.1,-2.06,0,0,0.18115,-0.08964,25.15541,"O1:-0.89,-0.89,s215;O2:-2.33,-0.53,s193;O3:0.73,0.91,s176;O4:-0.89,-1.25,s174;O5:0.37,0.91,s170;O6:-0.89,-1.07,s156;O7:-2.33,0.19,s149;O8:0.73,0.73,s140;O9:-2.33,0.01,s137;O10:-2.33,-0.17,s135;O11:-2.33,-0.35,s125;O12:0.37,0.73,s117;O13:-0.53,-1.25,s99;O14:-0.71,-1.25,s93;O15:-0.35,-0.35,s84;O16:-2.33,0.55,s75;O17:-0.53,-0.89,s71;O18:-2.33,0.37,s60;O19:-0.17,-0.35,s48;O20:0.55,0.91,s44;O21:0.37,0.55,s41;O22:-2.33,-0.71,s31;O23:-0.71,-0.89,s29;O24:-0.35,-0.53,s19;O25:0.01,-0.35,s17;O26:0.73,1.09,s14;O27:0.01,-0.53,s10;O28:0.55,1.09,s9;O29:0.55,0.73,s3;O30:-2.33,0.73,s2","O1:-0.89,-0.89,s215;O2:-2.33,-0.53,s193;O3:0.73,0.91,s176;O4:-0.89,-1.25,s174;O5:0.37,0.91,s170;O6:-0.89,-1.07,s156;O7:-2.33,0.19,s149;O8:0.73,0.73,s140;O9:-2.33,0.01,s137;O10:-2.33,-0.17,s135;O11:-2.33,-0.35,s125;O12:0.37,0.73,s117;O13:-0.53,-1.25,s99;O14:-0.71,-1.25,s93;O15:-0.35,-0.35,s84;O16:-2.33,0.55,s75;O17:-0.53,-0.89,s71;O18:-2.33,0.37,s60;O19:-0.17,-0.35,s48;O20:0.55,0.91,s44;O21:0.37,0.55,s41;O22:-2.33,-0.71,s31;O23:-0.71,-0.89,s29;O24:-0.35,-0.53,s19;O25:0.01,-0.35,s17;O26:0.73,1.09,s14;O27:0.01,-0.53,s10;O28:0.55,1.09,s9;O29:0.55,0.73,s3;O30:-2.33,0.73,s2",RUNNING,UNKNOWN_MAP_SLAM_AVOIDANCE,unknown_map;frontier_targets;static_unknown_obstacles;dynamic_wandering_robot;costmap;slam_path_planning;obstacle_avoidance,P2_Wanderer,dynamic_wandering_robot,90.30481,90.30481,-0.05498,-0.62245,1,0,2,16,6,32,30,2677,30,2677,-0.05498,-0.62245,1.41423,-0.05498,-0.62245,1.41423
90.6,PID,HECTOR_GRID_MATCHING,HECTOR_SCAN_MATCHING_GRID,landmarks,task4,TO_CHARGE,AVOIDING,DIRECT,T2,TRANSIT_TO_WS1,0.28645,-1.48215,-2.11741,0.289,-1.468,-2.124,0.00707,0.04286,1.4591,1.1,0.70365,0.52219,0.00448,73.07003,NORMAL,4,1,0,0,30,2680,34,30,160,2680,0.2269,0.88522,0,0,-0.1,-2.06,0,0,0.17032,-0.03891,25.1858,"O1:-0.89,-0.89,s215;O2:-2.33,-0.53,s193;O3:0.73,0.91,s176;O4:-0.89,-1.25,s174;O5:0.37,0.91,s170;O6:-0.89,-1.07,s156;O7:-2.33,0.19,s149;O8:0.73,0.73,s140;O9:-2.33,0.01,s137;O10:-2.33,-0.17,s135;O11:-2.33,-0.35,s125;O12:0.37,0.73,s117;O13:-0.53,-1.25,s102;O14:-0.71,-1.25,s93;O15:-0.35,-0.35,s84;O16:-2.33,0.55,s75;O17:-0.53,-0.89,s71;O18:-2.33,0.37,s60;O19:-0.17,-0.35,s48;O20:0.55,0.91,s44;O21:0.37,0.55,s41;O22:-2.33,-0.71,s31;O23:-0.71,-0.89,s29;O24:-0.35,-0.53,s19;O25:0.01,-0.35,s17;O26:0.73,1.09,s14;O27:0.01,-0.53,s10;O28:0.55,1.09,s9;O29:0.55,0.73,s3;O30:-2.33,0.73,s2","O1:-0.89,-0.89,s215;O2:-2.33,-0.53,s193;O3:0.73,0.91,s176;O4:-0.89,-1.25,s174;O5:0.37,0.91,s170;O6:-0.89,-1.07,s156;O7:-2.33,0.19,s149;O8:0.73,0.73,s140;O9:-2.33,0.01,s137;O10:-2.33,-0.17,s135;O11:-2.33,-0.35,s125;O12:0.37,0.73,s117;O13:-0.53,-1.25,s102;O14:-0.71,-1.25,s93;O15:-0.35,-0.35,s84;O16:-2.33,0.55,s75;O17:-0.53,-0.89,s71;O18:-2.33,0.37,s60;O19:-0.17,-0.35,s48;O20:0.55,0.91,s44;O21:0.37,0.55,s41;O22:-2.33,-0.71,s31;O23:-0.71,-0.89,s29;O24:-0.35,-0.53,s19;O25:0.01,-0.35,s17;O26:0.73,1.09,s14;O27:0.01,-0.53,s10;O28:0.55,1.09,s9;O29:0.55,0.73,s3;O30:-2.33,0.73,s2",RUNNING,UNKNOWN_MAP_SLAM_AVOIDANCE,unknown_map;frontier_targets;static_unknown_obstacles;dynamic_wandering_robot;costmap;slam_path_planning;obstacle_avoidance,P2_Wanderer,dynamic_wandering_robot,90.3143,90.3143,-0.0503,-0.59282,1,0,2,16,6,32,30,2680,30,2680,-0.0503,-0.59282,1.41423,-0.0503,-0.59282,1.41423
90.75,PID,HECTOR_GRID_MATCHING,HECTOR_SCAN_MATCHING_GRID,landmarks,task4,TO_CHARGE,AVOIDING,DIRECT,T2,TRANSIT_TO_WS1,0.27433,-1.50228,-2.12186,0.268,-1.502,-2.132,0.01187,0.04305,1.4051,1.1,0.67923,0.56357,0.00149,73.03542,NORMAL,4,1,0,0,30,2686,34,30,160,2686,0.22901,0.88522,0,0,-0.1,-2.06,0,0,0.15075,-0.03825,25.21326,"O1:-0.89,-0.89,s215;O2:-2.33,-0.53,s193;O3:0.73,0.91,s176;O4:-0.89,-1.25,s174;O5:0.37,0.91,s170;O6:-0.89,-1.07,s156;O7:-2.33,0.19,s149;O8:0.73,0.73,s140;O9:-2.33,0.01,s137;O10:-2.33,-0.17,s135;O11:-2.33,-0.35,s125;O12:0.37,0.73,s117;O13:-0.53,-1.25,s105;O14:-0.71,-1.25,s93;O15:-0.35,-0.35,s84;O16:-2.33,0.55,s75;O17:-0.53,-0.89,s71;O18:-2.33,0.37,s60;O19:-0.17,-0.35,s48;O20:0.55,0.91,s44;O21:0.37,0.55,s41;O22:-2.33,-0.71,s31;O23:-0.71,-0.89,s29;O24:-0.35,-0.53,s19;O25:0.01,-0.35,s17;O26:0.73,1.09,s14;O27:0.01,-0.53,s10;O28:0.55,1.09,s9;O29:0.55,0.73,s3;O30:-2.33,0.73,s2","O1:-0.89,-0.89,s215;O2:-2.33,-0.53,s193;O3:0.73,0.91,s176;O4:-0.89,-1.25,s174;O5:0.37,0.91,s170;O6:-0.89,-1.07,s156;O7:-2.33,0.19,s149;O8:0.73,0.73,s140;O9:-2.33,0.01,s137;O10:-2.33,-0.17,s135;O11:-2.33,-0.35,s125;O12:0.37,0.73,s117;O13:-0.53,-1.25,s105;O14:-0.71,-1.25,s93;O15:-0.35,-0.35,s84;O16:-2.33,0.55,s75;O17:-0.53,-0.89,s71;O18:-2.33,0.37,s60;O19:-0.17,-0.35,s48;O20:0.55,0.91,s44;O21:0.37,0.55,s41;O22:-2.33,-0.71,s31;O23:-0.71,-0.89,s29;O24:-0.35,-0.53,s19;O25:0.01,-0.35,s17;O26:0.73,1.09,s14;O27:0.01,-0.53,s10;O28:0.55,1.09,s9;O29:0.55,0.73,s3;O30:-2.33,0.73,s2",RUNNING,UNKNOWN_MAP_SLAM_AVOIDANCE,unknown_map;frontier_targets;static_unknown_obstacles;dynamic_wandering_robot;costmap;slam_path_planning;obstacle_avoidance,P2_Wanderer,dynamic_wandering_robot,90.33322,90.33322,-0.04562,-0.56319,1,0,2,16,6,32,30,2686,30,2686,-0.04562,-0.56319,1.41423,-0.04562,-0.56319,1.41423
90.9,PID,HECTOR_GRID_MATCHING,HECTOR_SCAN_MATCHING_GRID,landmarks,task4,TO_CHARGE,AVOIDING,DIRECT,T2,TRANSIT_TO_WS1,0.26326,-1.52078,-2.12975,0.258,-1.522,-2.132,0.01141,0.04324,1.3511,1.1,0.65716,0.60532,0.0001,73.0036,NORMAL,4,1,0,0,30,2692,34,30,159,2692,0.22878,0.88522,0,0,-0.1,-2.06,0,0,0.14003,-0.04573,25.23749,"O1:-0.89,-0.89,s215;O2:-2.33,-0.53,s193;O3:0.73,0.91,s176;O4:-0.89,-1.25,s174;O5:0.37,0.91,s170;O6:-0.89,-1.07,s156;O7:-2.33,0.19,s149;O8:0.73,0.73,s140;O9:-2.33,0.01,s137;O10:-2.33,-0.17,s135;O11:-2.33,-0.35,s125;O12:0.37,0.73,s117;O13:-0.53,-1.25,s108;O14:-0.71,-1.25,s93;O15:-0.35,-0.35,s84;O16:-2.33,0.55,s75;O17:-0.53,-0.89,s71;O18:-2.33,0.37,s60;O19:-0.17,-0.35,s48;O20:0.55,0.91,s44;O21:0.37,0.55,s41;O22:-2.33,-0.71,s31;O23:-0.71,-0.89,s29;O24:-0.35,-0.53,s19;O25:0.01,-0.35,s17;O26:0.73,1.09,s14;O27:0.01,-0.53,s10;O28:0.55,1.09,s9;O29:0.55,0.73,s3;O30:-2.33,0.73,s2","O1:-0.89,-0.89,s215;O2:-2.33,-0.53,s193;O3:0.73,0.91,s176;O4:-0.89,-1.25,s174;O5:0.37,0.91,s170;O6:-0.89,-1.07,s156;O7:-2.33,0.19,s149;O8:0.73,0.73,s140;O9:-2.33,0.01,s137;O10:-2.33,-0.17,s135;O11:-2.33,-0.35,s125;O12:0.37,0.73,s117;O13:-0.53,-1.25,s108;O14:-0.71,-1.25,s93;O15:-0.35,-0.35,s84;O16:-2.33,0.55,s75;O17:-0.53,-0.89,s71;O18:-2.33,0.37,s60;O19:-0.17,-0.35,s48;O20:0.55,0.91,s44;O21:0.37,0.55,s41;O22:-2.33,-0.71,s31;O23:-0.71,-0.89,s29;O24:-0.35,-0.53,s19;O25:0.01,-0.35,s17;O26:0.73,1.09,s14;O27:0.01,-0.53,s10;O28:0.55,1.09,s9;O29:0.55,0.73,s3;O30:-2.33,0.73,s2",RUNNING,UNKNOWN_MAP_SLAM_AVOIDANCE,unknown_map;frontier_targets;static_unknown_obstacles;dynamic_wandering_robot;costmap;slam_path_planning;obstacle_avoidance,P2_Wanderer,dynamic_wandering_robot,90.35207,90.35207,-0.04095,-0.53355,1,0,2,16,6,32,30,2692,30,2692,-0.04095,-0.53355,1.41423,-0.04095,-0.53355,1.41423
91.05,PID,HECTOR_GRID_MATCHING,HECTOR_SCAN_MATCHING_GRID,landmarks,task4,TO_CHARGE,ROUTE,DIRECT,T2,TRANSIT_TO_WS1,0.25261,-1.53807,-2.13397,0.248,-1.535,-2.136,0.00844,0.04339,1.2971,1.1,0.63649,0.64709,0.0,72.97371,NORMAL,4,1,0,0,31,2698,35,31,159,2698,0.22617,0.88522,0,0,-0.1,-2.06,0,0,0.13209,-0.04554,25.2759,"O1:-0.89,-0.89,s215;O2:-2.33,-0.53,s193;O3:0.73,0.91,s176;O4:-0.89,-1.25,s174;O5:0.37,0.91,s170;O6:-0.89,-1.07,s156;O7:-2.33,0.19,s149;O8:0.73,0.73,s140;O9:-2.33,0.01,s137;O10:-2.33,-0.17,s135;O11:-2.33,-0.35,s125;O12:0.37,0.73,s117;O13:-0.53,-1.25,s111;O14:-0.71,-1.25,s93;O15:-0.35,-0.35,s84;O16:-2.33,0.55,s75;O17:-0.53,-0.89,s71;O18:-2.33,0.37,s60;O19:-0.17,-0.35,s48;O20:0.55,0.91,s44;O21:0.37,0.55,s41;O22:-2.33,-0.71,s31;O23:-0.71,-0.89,s29;O24:-0.35,-0.53,s19;O25:0.01,-0.35,s17;O26:0.73,1.09,s14;O27:0.01,-0.53,s10;O28:0.55,1.09,s9;O29:-0.53,-1.07,s8;O30:0.55,0.73,s3;O31:-2.33,0.73,s2","O1:-0.89,-0.89,s215;O2:-2.33,-0.53,s193;O3:0.73,0.91,s176;O4:-0.89,-1.25,s174;O5:0.37,0.91,s170;O6:-0.89,-1.07,s156;O7:-2.33,0.19,s149;O8:0.73,0.73,s140;O9:-2.33,0.01,s137;O10:-2.33,-0.17,s135;O11:-2.33,-0.35,s125;O12:0.37,0.73,s117;O13:-0.53,-1.25,s111;O14:-0.71,-1.25,s93;O15:-0.35,-0.35,s84;O16:-2.33,0.55,s75;O17:-0.53,-0.89,s71;O18:-2.33,0.37,s60;O19:-0.17,-0.35,s48;O20:0.55,0.91,s44;O21:0.37,0.55,s41;O22:-2.33,-0.71,s31;O23:-0.71,-0.89,s29;O24:-0.35,-0.53,s19;O25:0.01,-0.35,s17;O26:0.73,1.09,s14;O27:0.01,-0.53,s10;O28:0.55,1.09,s9;O29:-0.53,-1.07,s8;O30:0.55,0.73,s3;O31:-2.33,0.73,s2",RUNNING,UNKNOWN_MAP_SLAM_AVOIDANCE,unknown_map;frontier_targets;static_unknown_obstacles;dynamic_wandering_robot;costmap;slam_path_planning;obstacle_avoidance,P2_Wanderer,dynamic_wandering_robot,90.37087,90.37087,-0.03627,-0.50392,1,0,2,16,6,32,31,2698,31,2698,-0.03627,-0.50392,1.41423,-0.03627,-0.50392,1.41423
91.2,PID,HECTOR_GRID_MATCHING,HECTOR_SCAN_MATCHING_GRID,landmarks,task4,TO_CHARGE,ROUTE,DIRECT,T2,TRANSIT_TO_WS1,0.24299,-1.55405,-2.14557,0.254,-1.557,-2.144,0.01172,0.04353,1.2431,1.1,0.61746,0.68892,0.0,72.94554,NORMAL,4,1,0,0,31,2704,35,31,159,2704,0.22581,0.88522,0,0,-0.1,-2.06,0,0,0.12519,-0.078,25.29555,"O1:-0.89,-0.89,s215;O2:-2.33,-0.53,s193;O3:0.73,0.91,s176;O4:-0.89,-1.25,s174;O5:0.37,0.91,s170;O6:-0.89,-1.07,s156;O7:-2.33,0.19,s149;O8:0.73,0.73,s140;O9:-2.33,0.01,s137;O10:-2.33,-0.17,s135;O11:-2.33,-0.35,s125;O12:0.37,0.73,s117;O13:-0.53,-1.25,s114;O14:-0.71,-1.25,s93;O15:-0.35,-0.35,s84;O16:-2.33,0.55,s75;O17:-0.53,-0.89,s71;O18:-2.33,0.37,s60;O19:-0.17,-0.35,s48;O20:0.55,0.91,s44;O21:0.37,0.55,s41;O22:-2.33,-0.71,s31;O23:-0.71,-0.89,s29;O24:-0.35,-0.53,s19;O25:0.01,-0.35,s17;O26:0.73,1.09,s14;O27:-0.53,-1.07,s11;O28:0.01,-0.53,s10;O29:0.55,1.09,s9;O30:0.55,0.73,s3;O31:-2.33,0.73,s2","O1:-0.89,-0.89,s215;O2:-2.33,-0.53,s193;O3:0.73,0.91,s176;O4:-0.89,-1.25,s174;O5:0.37,0.91,s170;O6:-0.89,-1.07,s156;O7:-2.33,0.19,s149;O8:0.73,0.73,s140;O9:-2.33,0.01,s137;O10:-2.33,-0.17,s135;O11:-2.33,-0.35,s125;O12:0.37,0.73,s117;O13:-0.53,-1.25,s114;O14:-0.71,-1.25,s93;O15:-0.35,-0.35,s84;O16:-2.33,0.55,s75;O17:-0.53,-0.89,s71;O18:-2.33,0.37,s60;O19:-0.17,-0.35,s48;O20:0.55,0.91,s44;O21:0.37,0.55,s41;O22:-2.33,-0.71,s31;O23:-0.71,-0.89,s29;O24:-0.35,-0.53,s19;O25:0.01,-0.35,s17;O26:0.73,1.09,s14;O27:-0.53,-1.07,s11;O28:0.01,-0.53,s10;O29:0.55,1.09,s9;O30:0.55,0.73,s3;O31:-2.33,0.73,s2",RUNNING,UNKNOWN_MAP_SLAM_AVOIDANCE,unknown_map;frontier_targets;static_unknown_obstacles;dynamic_wandering_robot;costmap;slam_path_planning;obstacle_avoidance,P2_Wanderer,dynamic_wandering_robot,90.3896,90.3896,-0.03159,-0.47429,1,0,2,16,6,32,31,2704,31,2704,-0.03159,-0.47429,1.41423,-0.03159,-0.47429,1.41423
91.35,PID,HECTOR_GRID_MATCHING,HECTOR_SCAN_MATCHING_GRID,landmarks,task4,TO_CHARGE,ROUTE,DIRECT,T2,TRANSIT_TO_WS1,0.23361,-1.56901,-2.15283,0.239,-1.575,-2.158,0.01057,0.04365,1.1891,1.1,0.59929,0.70799,0.0,72.91848,NORMAL,4,1,0,0,31,2710,35,31,159,2710,0.22805,0.88522,0,0,-0.1,-2.06,0,0,0.1134,-0.03335,25.32026,"O1:-0.89,-0.89,s215;O2:-2.33,-0.53,s193;O3:0.73,0.91,s176;O4:-0.89,-1.25,s174;O5:0.37,0.91,s170;O6:-0.89,-1.07,s156;O7:-2.33,0.19,s149;O8:0.73,0.73,s140;O9:-2.33,0.01,s137;O10:-2.33,-0.17,s135;O11:-2.33,-0.35,s125;O12:0.37,0.73,s117;O13:-0.53,-1.25,s117;O14:-0.71,-1.25,s93;O15:-0.35,-0.35,s84;O16:-2.33,0.55,s75;O17:-0.53,-0.89,s71;O18:-2.33,0.37,s60;O19:-0.17,-0.35,s48;O20:0.55,0.91,s44;O21:0.37,0.55,s41;O22:-2.33,-0.71,s31;O23:-0.71,-0.89,s29;O24:-0.35,-0.53,s19;O25:0.01,-0.35,s17;O26:0.73,1.09,s14;O27:-0.53,-1.07,s14;O28:0.01,-0.53,s10;O29:0.55,1.09,s9;O30:0.55,0.73,s3;O31:-2.33,0.73,s2","O1:-0.89,-0.89,s215;O2:-2.33,-0.53,s193;O3:0.73,0.91,s176;O4:-0.89,-1.25,s174;O5:0.37,0.91,s170;O6:-0.89,-1.07,s156;O7:-2.33,0.19,s149;O8:0.73,0.73,s140;O9:-2.33,0.01,s137;O10:-2.33,-0.17,s135;O11:-2.33,-0.35,s125;O12:0.37,0.73,s117;O13:-0.53,-1.25,s117;O14:-0.71,-1.25,s93;O15:-0.35,-0.35,s84;O16:-2.33,0.55,s75;O17:-0.53,-0.89,s71;O18:-2.33,0.37,s60;O19:-0.17,-0.35,s48;O20:0.55,0.91,s44;O21:0.37,0.55,s41;O22:-2.33,-0.71,s31;O23:-0.71,-0.89,s29;O24:-0.35,-0.53,s19;O25:0.01,-0.35,s17;O26:0.73,1.09,s14;O27:-0.53,-1.07,s14;O28:0.01,-0.53,s10;O29:0.55,1.09,s9;O30:0.55,0.73,s3;O31:-2.33,0.73,s2",RUNNING,UNKNOWN_MAP_SLAM_AVOIDANCE,unknown_map;frontier_targets;static_unknown_obstacles;dynamic_wandering_robot;costmap;slam_path_planning;obstacle_avoidance,P2_Wanderer,dynamic_wandering_robot,90.40827,90.40827,-0.02691,-0.44465,1,0,2,16,6,32,31,2710,31,2710,-0.02691,-0.44465,1.41423,-0.02691,-0.44465,1.41423
91.5,PID,HECTOR_GRID_MATCHING,HECTOR_SCAN_MATCHING_GRID,landmarks,task4,TO_CHARGE,ROUTE,DIRECT,T2,TRANSIT_TO_WS1,0.22475,-1.58265,-2.15598,0.227,-1.583,-2.163,0.00499,0.04376,1.1351,1.1,0.58271,0.70601,0.0,72.89378,NORMAL,4,1,0,0,31,2716,35,31,160,2716,0.22731,0.88522,0,0,-0.1,-2.06,0,0,0.10725,-0.01431,25.33414,"O1:-0.89,-0.89,s215;O2:-2.33,-0.53,s193;O3:0.73,0.91,s176;O4:-0.89,-1.25,s174;O5:0.37,0.91,s170;O6:-0.89,-1.07,s156;O7:-2.33,0.19,s149;O8:0.73,0.73,s140;O9:-2.33,0.01,s137;O10:-2.33,-0.17,s135;O11:-2.33,-0.35,s125;O12:-0.53,-1.25,s120;O13:0.37,0.73,s117;O14:-0.71,-1.25,s93;O15:-0.35,-0.35,s84;O16:-2.33,0.55,s75;O17:-0.53,-0.89,s71;O18:-2.33,0.37,s60;O19:-0.17,-0.35,s48;O20:0.55,0.91,s44;O21:0.37,0.55,s41;O22:-2.33,-0.71,s31;O23:-0.71,-0.89,s29;O24:-0.35,-0.53,s19;O25:0.01,-0.35,s17;O26:-0.53,-1.07,s17;O27:0.73,1.09,s14;O28:0.01,-0.53,s10;O29:0.55,1.09,s9;O30:0.55,0.73,s3;O31:-2.33,0.73,s2","O1:-0.89,-0.89,s215;O2:-2.33,-0.53,s193;O3:0.73,0.91,s176;O4:-0.89,-1.25,s174;O5:0.37,0.91,s170;O6:-0.89,-1.07,s156;O7:-2.33,0.19,s149;O8:0.73,0.73,s140;O9:-2.33,0.01,s137;O10:-2.33,-0.17,s135;O11:-2.33,-0.35,s125;O12:-0.53,-1.25,s120;O13:0.37,0.73,s117;O14:-0.71,-1.25,s93;O15:-0.35,-0.35,s84;O16:-2.33,0.55,s75;O17:-0.53,-0.89,s71;O18:-2.33,0.37,s60;O19:-0.17,-0.35,s48;O20:0.55,0.91,s44;O21:0.37,0.55,s41;O22:-2.33,-0.71,s31;O23:-0.71,-0.89,s29;O24:-0.35,-0.53,s19;O25:0.01,-0.35,s17;O26:-0.53,-1.07,s17;O27:0.73,1.09,s14;O28:0.01,-0.53,s10;O29:0.55,1.09,s9;O30:0.55,0.73,s3;O31:-2.33,0.73,s2",RUNNING,UNKNOWN_MAP_SLAM_AVOIDANCE,unknown_map;frontier_targets;static_unknown_obstacles;dynamic_wandering_robot;costmap;slam_path_planning;obstacle_avoidance,P2_Wanderer,dynamic_wandering_robot,90.42688,90.42688,-0.02223,-0.41502,1,0,2,16,6,32,31,2716,31,2716,-0.02223,-0.41502,1.41423,-0.02223,-0.41502,1.41423
91.55,PID,HECTOR_GRID_MATCHING,HECTOR_SCAN_MATCHING_GRID,landmarks,task4,CHARGING,ARRIVED_TARGET,DIRECT,T2,TRANSIT_TO_WS1,0.22303,-1.58523,-2.156,0.227,-1.586,-2.165,0.00393,0.04379,1.1171,1.1,0.57738,0.70548,0.0,72.8858,NORMAL,4,1,0,0,31,2718,35,31,160,2718,0.22691,0.88522,0,0,-0.1,-2.06,0,0,0.0,0.0,25.44497,"O1:-0.89,-0.89,s215;O2:-2.33,-0.53,s193;O3:0.73,0.91,s176;O4:-0.89,-1.25,s174;O5:0.37,0.91,s170;O6:-0.89,-1.07,s156;O7:-2.33,0.19,s149;O8:0.73,0.73,s140;O9:-2.33,0.01,s137;O10:-2.33,-0.17,s135;O11:-2.33,-0.35,s125;O12:-0.53,-1.25,s121;O13:0.37,0.73,s117;O14:-0.71,-1.25,s93;O15:-0.35,-0.35,s84;O16:-2.33,0.55,s75;O17:-0.53,-0.89,s71;O18:-2.33,0.37,s60;O19:-0.17,-0.35,s48;O20:0.55,0.91,s44;O21:0.37,0.55,s41;O22:-2.33,-0.71,s31;O23:-0.71,-0.89,s29;O24:-0.35,-0.53,s19;O25:-0.53,-1.07,s18;O26:0.01,-0.35,s17;O27:0.73,1.09,s14;O28:0.01,-0.53,s10;O29:0.55,1.09,s9;O30:0.55,0.73,s3;O31:-2.33,0.73,s2","O1:-0.89,-0.89,s215;O2:-2.33,-0.53,s193;O3:0.73,0.91,s176;O4:-0.89,-1.25,s174;O5:0.37,0.91,s170;O6:-0.89,-1.07,s156;O7:-2.33,0.19,s149;O8:0.73,0.73,s140;O9:-2.33,0.01,s137;O10:-2.33,-0.17,s135;O11:-2.33,-0.35,s125;O12:-0.53,-1.25,s121;O13:0.37,0.73,s117;O14:-0.71,-1.25,s93;O15:-0.35,-0.35,s84;O16:-2.33,0.55,s75;O17:-0.53,-0.89,s71;O18:-2.33,0.37,s60;O19:-0.17,-0.35,s48;O20:0.55,0.91,s44;O21:0.37,0.55,s41;O22:-2.33,-0.71,s31;O23:-0.71,-0.89,s29;O24:-0.35,-0.53,s19;O25:-0.53,-1.07,s18;O26:0.01,-0.35,s17;O27:0.73,1.09,s14;O28:0.01,-0.53,s10;O29:0.55,1.09,s9;O30:0.55,0.73,s3;O31:-2.33,0.73,s2",RUNNING,UNKNOWN_MAP_SLAM_AVOIDANCE,unknown_map;frontier_targets;static_unknown_obstacles;dynamic_wandering_robot;costmap;slam_path_planning;obstacle_avoidance,P2_Wanderer,dynamic_wandering_robot,90.43307,90.43307,-0.02068,-0.40514,1,0,2,16,6,32,31,2718,31,2718,-0.02068,-0.40514,1.41423,-0.02068,-0.40514,1.41423
