t,mode,bill_x,bill_y,pioneer_x,pioneer_y,distance,error,heading_error,control_v,control_w,integral,derivative,bill_state,bill_speed,wheel_left_linear,wheel_right_linear,wheel_left_omega,wheel_right_omega,u_left,u_right,du_left,du_right,wheel_left_power,wheel_right_power,yaw_power,total_power,energy_j
0.000,"PI",1.09602,1.09602,1.82026,0.39976,-1.00000,0.00000,0.00000,0.00000,0.00000,0.00000,0.00000,"WALKING",0.13000,0.00000,0.00000,0.00000,0.00000,0.00000,0.00000,0.00000,0.00000,0.00000,0.00000,0.00000,0.00000,0.00000
0.050,"PI",1.09141,1.10060,1.81921,0.40082,1.00464,0.18464,0.01979,0.03472,0.01009,0.00923,0.00000,"WALKING",0.13001,0.03305,0.03639,0.33902,0.37328,0.33902,0.37328,0.33902,0.37328,0.23635,0.26032,0.00147,0.49814,0.02491
0.100,"PI",1.08678,1.10517,1.81726,0.40278,1.00965,0.18965,0.01925,0.06036,0.01676,0.01871,0.02203,"WALKING",0.13004,0.05759,0.06313,0.59065,0.64753,0.59065,0.64753,0.25163,0.27425,0.32632,0.35797,0.00161,0.68590,0.05920
0.150,"PI",1.08214,1.10972,1.81462,0.40541,1.01339,0.19339,0.01843,0.07941,0.02093,0.02838,0.03363,"WALKING",0.13008,0.07594,0.08287,0.77892,0.84998,0.77892,0.84998,0.18827,0.20245,0.34864,0.38081,0.00126,0.73072,0.09574
0.250,"PI",1.07278,1.11877,1.80801,0.41199,1.01825,0.19825,0.01638,0.10446,0.02442,0.04810,0.03916,"WALKING",0.13023,0.10042,0.10850,1.02993,1.11282,1.02993,1.11282,0.10878,0.11252,0.32570,0.35247,0.00039,0.67856,0.16542
0.350,"PI",1.03405,1.15536,1.79978,0.42012,1.08633,0.26633,0.01452,0.13144,0.02446,0.07141,0.32186,"WALKING",0.13044,0.12739,0.13549,1.30660,1.38964,1.30660,1.38964,0.19222,0.19165,0.58195,0.61963,0.00006,1.20164,0.25747
0.450,"PI",1.01851,1.16938,1.78978,0.42995,1.09403,0.27403,0.01309,0.15336,0.02322,0.09719,0.25364,"WALKING",0.13073,0.14951,0.15720,1.53347,1.61229,1.53347,1.61229,0.13340,0.13149,0.54200,0.57062,0.00019,1.11281,0.35489
0.550,"PI",1.02003,1.16752,1.77892,0.44059,1.05330,0.23330,0.01111,0.15920,0.02094,0.12128,-0.00015,"WALKING",0.13109,0.15573,0.16266,1.59725,1.66835,1.59725,1.66835,0.01266,0.00857,0.25992,0.27221,0.00036,0.53249,0.41780
0.600,"PI",1.01508,1.17183,1.77343,0.44594,1.05087,0.23087,0.01043,0.15996,0.01982,0.13282,-0.01078,"WALKING",0.13130,0.15668,0.16324,1.60694,1.67423,1.60694,1.67423,0.00969,0.00588,0.25446,0.26579,0.00032,0.52058,0.44382
0.650,"PI",1.01010,1.17612,1.76792,0.45132,1.04976,0.22976,0.00987,0.16076,0.01877,0.14431,-0.01330,"WALKING",0.13153,0.15766,0.16387,1.61701,1.68073,1.61701,1.68073,0.01006,0.00650,0.25741,0.26820,0.00028,0.52590,0.47012
0.700,"PI",0.99316,1.19100,1.76236,0.45673,1.04862,0.22862,0.00938,0.16160,0.01780,0.15574,-0.01539,"WALKING",0.13177,0.15865,0.16454,1.62719,1.68764,1.62719,1.68764,0.01019,0.00691,0.25981,0.27008,0.00025,0.53014,0.49663
0.750,"PI",0.97953,1.20276,1.75667,0.46226,1.06341,0.24341,0.00950,0.16544,0.01734,0.16791,0.05305,"WALKING",0.13203,0.16257,0.16831,1.66741,1.72628,1.66741,1.72628,0.04021,0.03864,0.34740,0.36027,0.00012,0.70779,0.53202
0.800,"PI",0.96336,1.21656,1.75079,0.46797,1.07344,0.25344,0.00960,0.17053,0.01706,0.18059,0.08555,"WALKING",0.13231,0.16771,0.17336,1.72009,1.77801,1.72009,1.77801,0.05268,0.05173,0.39340,0.40726,0.00007,0.80073,0.57205
0.850,"PI",0.96281,1.21663,1.74466,0.47390,1.08648,0.26648,0.00993,0.17708,0.01709,0.19391,0.12408,"WALKING",0.13261,0.17425,0.17991,1.78719,1.84520,1.78719,1.84520,0.06710,0.06719,0.45135,0.46664,0.00001,0.91799,0.61795
0.900,"PI",0.96184,1.21709,1.73841,0.47996,1.07840,0.25840,0.00954,0.18070,0.01673,0.20683,0.06124,"WALKING",0.13292,0.17793,0.18347,1.82496,1.88175,1.82496,1.88175,0.03777,0.03655,0.37546,0.38779,0.00009,0.76334,0.65612
0.950,"PI",0.96436,1.21461,1.73209,0.48607,1.07071,0.25071,0.00914,0.18233,0.01628,0.21937,0.01392,"WALKING",0.13325,0.17964,0.18503,1.84247,1.89773,1.84247,1.89773,0.01751,0.01597,0.32025,0.33048,0.00011,0.65084,0.68866
1.050,"PI",0.96926,1.21000,1.71947,0.49825,1.04117,0.22117,0.00761,0.17911,0.01458,0.24234,-0.10957,"WALKING",0.13397,0.17670,0.18152,1.81226,1.86174,1.81226,1.86174,-0.02582,-0.02928,0.34539,0.35538,0.00021,0.70098,0.75288
1.100,"PI",0.96401,1.21419,1.71331,0.50419,1.03412,0.21412,0.00724,0.17638,0.01381,0.25305,-0.11647,"WALKING",0.13435,0.17409,0.17866,1.78554,1.83242,1.78554,1.83242,-0.02671,-0.02933,0.34133,0.35081,0.00015,0.69229,0.78749
1.150,"PI",0.95873,1.21836,1.70722,0.51005,1.03225,0.21225,0.00722,0.17441,0.01334,0.26366,-0.09909,"WALKING",0.13475,0.17220,0.17662,1.76615,1.81145,1.76615,1.81145,-0.01940,-0.02097,0.31571,0.32430,0.00009,0.64009,0.81950
1.200,"PI",0.95342,1.22252,1.70116,0.51587,1.03050,0.21050,0.00726,0.17303,0.01305,0.27419,-0.08501,"WALKING",0.13517,0.17087,0.17519,1.75249,1.79680,1.75249,1.79680,-0.01365,-0.01465,0.29654,0.30451,0.00006,0.60111,0.84955
1.250,"PI",0.92860,1.24239,1.69514,0.52165,1.02882,0.20882,0.00733,0.17210,0.01289,0.28463,-0.07369,"WALKING",0.13561,0.16997,0.17423,1.74324,1.78699,1.74324,1.78699,-0.00925,-0.00981,0.28225,0.28980,0.00003,0.57208,0.87816
1.300,"PI",0.91389,1.25385,1.68897,0.52757,1.05216,0.23216,0.00927,0.17609,0.01422,0.29624,0.04521,"WALKING",0.13606,0.17374,0.17844,1.78191,1.83018,1.78191,1.83018,0.03867,0.04319,0.37669,0.38742,0.00027,0.76439,0.91637
1.350,"PI",0.91168,1.25523,1.68262,0.53364,1.06218,0.24218,0.01032,0.18126,0.01547,0.30834,0.07935,"WALKING",0.13653,0.17870,0.18381,1.83277,1.88528,1.83277,1.88528,0.05086,0.05510,0.42263,0.43533,0.00028,0.85823,0.95929
1.400,"PI",0.91698,1.25072,1.67615,0.53983,1.05595,0.23595,0.01016,0.18421,0.01597,0.32014,0.03450,"WALKING",0.13701,0.18157,0.18685,1.86222,1.91642,1.86222,1.91642,0.02944,0.03114,0.36348,0.37468,0.00012,0.73828,0.99620
1.450,"PI",0.90678,1.25839,1.66968,0.54601,1.04005,0.22005,0.00919,0.18385,0.01563,0.33114,-0.04307,"WALKING",0.13752,0.18126,0.18644,1.85912,1.91220,1.85912,1.91220,-0.00309,-0.00422,0.28518,0.29393,0.00007,0.57918,1.02516
1.500,"PI",0.89850,1.26447,1.66318,0.55220,1.04379,0.22379,0.00987,0.18470,0.01614,0.34233,-0.01712,"WALKING",0.13804,0.18203,0.18737,1.86693,1.92171,1.86693,1.92171,0.00781,0.00952,0.30112,0.31059,0.00012,0.61182,1.05575
1.550,"PI",0.90967,1.25562,1.65662,0.55844,1.04502,0.22502,0.01036,0.18599,0.01670,0.35359,-0.00796,"WALKING",0.13857,0.18322,0.18875,1.87922,1.93592,1.87922,1.93592,0.01229,0.01420,0.31675,0.32696,0.00014,0.64384,1.08794
1.600,"PI",0.90959,1.25547,1.65017,0.56457,1.02176,0.20176,0.00856,0.18349,0.01562,0.36367,-0.10853,"WALKING",0.13912,0.18091,0.18608,1.85544,1.90848,1.85544,1.90848,-0.02379,-0.02744,0.34846,0.35903,0.00024,0.70774,1.12333
1.650,"PI",0.90394,1.25955,1.64380,0.57061,1.01281,0.19281,0.00807,0.18057,0.01493,0.37331,-0.12403,"WALKING",0.13969,0.17810,0.18304,1.82664,1.87733,1.82664,1.87733,-0.02880,-0.03115,0.35523,0.36566,0.00015,0.72105,1.15938
1.700,"PI",0.89824,1.26362,1.63751,0.57657,1.01096,0.19096,0.00832,0.17842,0.01475,0.38286,-0.10489,"WALKING",0.14028,0.17598,0.18087,1.80495,1.85503,1.80495,1.85503,-0.02169,-0.02230,0.32819,0.33786,0.00004,0.66609,1.19269
1.750,"PI",0.88644,1.27214,1.63127,0.58248,1.00923,0.18923,0.00860,0.17688,0.01478,0.39232,-0.08943,"WALKING",0.14088,0.17443,0.17932,1.78905,1.83922,1.78905,1.83922,-0.01590,-0.01581,0.30790,0.31708,0.00001,0.62498,1.22394
1.800,"PI",0.86801,1.28537,1.62503,0.58837,1.01509,0.19509,0.00976,0.17699,0.01560,0.40208,-0.04397,"WALKING",0.14150,0.17440,0.17957,1.78876,1.84173,1.78876,1.84173,-0.00029,0.00251,0.26647,0.27495,0.00018,0.54160,1.25102
1.850,"PI",0.85253,1.29625,1.61867,0.59437,1.02902,0.20902,0.01187,0.18009,0.01748,0.41253,0.02700,"WALKING",0.14213,0.17720,0.18298,1.81741,1.87675,1.81741,1.87675,0.02865,0.03503,0.35866,0.37104,0.00047,0.73017,1.28752
1.900,"PI",0.84127,1.30394,1.61213,0.60052,1.03905,0.21905,0.01354,0.18459,0.01954,0.42348,0.06518,"WALKING",0.14278,0.18135,0.18782,1.86004,1.92637,1.86004,1.92637,0.04263,0.04961,0.40921,0.42457,0.00058,0.83435,1.32924
1.950,"PI",0.84326,1.30213,1.60544,0.60681,1.04357,0.22357,0.01458,0.18904,0.02137,0.43466,0.07074,"WALKING",0.14344,0.18551,0.19258,1.90265,1.97519,1.90265,1.97519,0.04262,0.04882,0.41787,0.43466,0.00056,0.85309,1.37190
2.050,"PI",0.84722,1.29874,1.59193,0.61946,1.02361,0.20361,0.01322,0.19011,0.02184,0.45000,-0.03329,"WALKING",0.14481,0.18649,0.19372,1.91274,1.98689,1.91274,1.98689,-0.00321,-0.00283,0.29211,0.30431,0.00003,0.59646,1.43493
2.150,"PI",0.84496,1.29985,1.57874,0.63176,0.99408,0.17408,0.01036,0.18333,0.01959,0.45000,-0.13507,"WALKING",0.14625,0.18008,0.18657,1.84702,1.91353,1.84702,1.91353,-0.04020,-0.04465,0.39549,0.41050,0.00037,0.80636,1.51190
2.250,"PI",0.83260,1.30780,1.56600,0.64358,0.99085,0.17085,0.01111,0.17720,0.01925,0.45000,-0.09471,"WALKING",0.14774,0.17401,0.18038,1.78474,1.85009,1.78474,1.85009,-0.02829,-0.02834,0.34199,0.35523,0.00000,0.69722,1.58401
2.350,"PI",0.78562,1.33819,1.55349,0.65512,0.99490,0.17490,0.01287,0.17404,0.02049,0.45000,-0.03847,"WALKING",0.14929,0.17065,0.17743,1.75026,1.81982,1.75026,1.81982,-0.01078,-0.00712,0.28186,0.29382,0.00032,0.57599,1.64582
2.450,"PI",0.78187,1.33982,1.54054,0.66700,1.01798,0.19798,0.01744,0.18126,0.02620,0.45000,0.04637,"WALKING",0.15090,0.17693,0.18560,1.81465,1.90359,1.81465,1.90359,0.01761,0.02155,0.32319,0.34004,0.00044,0.66367,1.72195
2.550,"PI",0.75966,1.35308,1.52756,0.67886,0.99201,0.17201,0.01417,0.17881,0.02546,0.45000,-0.08224,"WALKING",0.15257,0.17459,0.18302,1.79070,1.87714,1.79070,1.87714,-0.02857,-0.03420,0.35182,0.36977,0.00061,0.72220,1.78744
2.650,"PI",0.78104,1.33923,1.51454,0.69069,0.99268,0.17268,0.01516,0.17871,0.02704,0.45000,-0.07599,"WALKING",0.15429,0.17424,0.18319,1.78706,1.87885,1.78706,1.87885,-0.02617,-0.03312,0.34619,0.36501,0.00080,0.71199,1.85900
2.750,"PI",0.76759,1.34699,1.50204,0.70200,0.97819,0.15819,0.01368,0.17110,0.02474,0.45000,-0.09686,"WALKING",0.15606,0.16700,0.17519,1.71284,1.79683,1.71284,1.79683,-0.03346,-0.03516,0.34358,0.36134,0.00018,0.70510,1.93293
2.850,"PI",0.73814,1.36391,1.48993,0.71291,0.97692,0.15692,0.01465,0.16642,0.02484,0.45000,-0.06380,"WALKING",0.15788,0.16231,0.17054,1.66475,1.74908,1.66475,1.74908,-0.02137,-0.02069,0.29878,0.31480,0.00007,0.61365,1.99628
2.950,"PI",0.70183,1.38412,1.47765,0.72390,1.00412,0.18412,0.02103,0.17062,0.03079,0.45000,0.06388,"WALKING",0.15976,0.16553,0.17572,1.69773,1.80226,1.69773,1.80226,0.02354,0.03354,0.32503,0.34617,0.00131,0.67251,2.05917
3.050,"PI",0.69973,1.38448,1.46483,0.73530,1.00854,0.18854,0.02281,0.17665,0.03559,0.45000,0.04417,"WALKING",0.16168,0.17076,0.18254,1.75142,1.87223,1.75142,1.87223,0.01259,0.01551,0.29607,0.31785,0.00044,0.61435,2.12994
3.150,"PI",0.70868,1.37897,1.45199,0.74664,0.99158,0.17158,0.02027,0.17483,0.03514,0.45000,-0.04279,"WALKING",0.16365,0.16901,0.18064,1.73346,1.85277,1.73346,1.85277,-0.01710,-0.02040,0.30563,0.32799,0.00049,0.63412,2.18837
3.250,"PI",0.69674,1.38496,1.43959,0.75751,0.97250,0.15250,0.01717,0.16765,0.03165,0.45000,-0.09477,"WALKING",0.16566,0.16242,0.17289,1.66580,1.77325,1.66580,1.77325,-0.03269,-0.03654,0.33447,0.35719,0.00052,0.69217,2.25955
3.350,"PI",0.68180,1.39238,1.42754,0.76801,0.97242,0.15242,0.01826,0.16320,0.03136,0.45000,-0.05792,"WALKING",0.16772,0.15801,0.16839,1.62057,1.72703,1.62057,1.72703,-0.01966,-0.01947,0.28670,0.30663,0.00002,0.59335,2.32101
3.450,"PI",0.63468,1.41575,1.41548,0.77844,1.00217,0.18217,0.02617,0.16602,0.03731,0.45000,0.09549,"WALKING",0.16982,0.15985,0.17219,1.63944,1.76609,1.63944,1.76609,0.03389,0.05282,0.35141,0.37990,0.00300,0.73430,2.38579
3.550,"PI",0.63694,1.41391,1.40283,0.78929,1.00484,0.18484,0.02763,0.17229,0.04256,0.45000,0.06433,"WALKING",0.17196,0.16524,0.17933,1.69479,1.83929,1.69479,1.83929,0.02002,0.02611,0.30988,0.33790,0.00110,0.64889,2.45524
3.650,"PI",0.61308,1.42475,1.39013,0.80009,1.00116,0.18116,0.02747,0.17230,0.04368,0.45000,0.03894,"WALKING",0.17414,0.16507,0.17953,1.69306,1.84136,1.69306,1.84136,0.00880,0.01712,0.28272,0.30912,0.00154,0.59338,2.51426
3.750,"PI",0.61935,1.42126,1.37739,0.81082,0.97831,0.15831,0.02250,0.16959,0.04129,0.45000,-0.07280,"WALKING",0.17636,0.16276,0.17642,1.66931,1.80947,1.66931,1.80947,-0.02428,-0.03368,0.32046,0.34889,0.00165,0.67099,2.57416
3.850,"PI",0.60304,1.42825,1.36501,0.82114,0.97368,0.15368,0.02219,0.16458,0.03926,0.45000,-0.05979,"WALKING",0.17861,0.15808,0.17108,1.62135,1.75462,1.62135,1.75462,-0.02089,-0.02243,0.29217,0.31759,0.00026,0.61001,2.63778
3.950,"PI",0.56414,1.44481,1.35278,0.83126,0.98447,0.16447,0.02606,0.16363,0.04157,0.45000,0.01052,"WALKING",0.18089,0.15675,0.17051,1.60773,1.74884,1.60773,1.74884,0.00176,0.00950,0.24916,0.27251,0.00136,0.52304,2.69247
4.050,"PI",0.53269,1.45740,1.34007,0.84168,1.01201,0.19201,0.03407,0.17131,0.05020,0.45000,0.11330,"WALKING",0.18321,0.16300,0.17962,1.67178,1.84221,1.67178,1.84221,0.03896,0.05449,0.36750,0.40685,0.00331,0.77766,2.76516
4.150,"PI",0.52995,1.45770,1.32678,0.85246,1.00723,0.18723,0.03335,0.17628,0.05393,0.45000,0.04465,"WALKING",0.18556,0.16735,0.18520,1.71643,1.89953,1.71643,1.89953,0.01097,0.01279,0.28396,0.31634,0.00042,0.60071,2.83280
4.250,"PI",0.53486,1.45516,1.31349,0.86312,0.98743,0.16743,0.02839,0.17363,0.05118,0.45000,-0.05357,"WALKING",0.18793,0.16516,0.18211,1.69399,1.86775,1.69399,1.86775,-0.01947,-0.02769,0.31111,0.34497,0.00178,0.65786,2.89329
4.350,"PI",0.51706,1.46158,1.30058,0.87337,0.97886,0.15886,0.02666,0.16822,0.04773,0.45000,-0.06129,"WALKING",0.19033,0.16032,0.17612,1.64428,1.80633,1.64428,1.80633,-0.02178,-0.02457,0.30044,0.33180,0.00056,0.63280,2.95961
4.450,"PI",0.48796,1.47186,1.28788,0.88336,0.98075,0.16075,0.02812,0.16564,0.04780,0.45000,-0.02984,"WALKING",0.19275,0.15773,0.17355,1.61777,1.78005,1.61777,1.78005,-0.01085,-0.00995,0.26292,0.29103,0.00018,0.55414,3.01670
4.550,"PI",0.44973,1.48476,1.27478,0.89353,1.02125,0.20125,0.04091,0.17320,0.05858,0.45000,0.14810,"WALKING",0.19520,0.16350,0.18289,1.67693,1.87581,1.67693,1.87581,0.05040,0.07637,0.41250,0.46365,0.00645,0.88260,3.08988
4.650,"PI",0.44905,1.48425,1.26105,0.90406,1.01030,0.19030,0.03816,0.17771,0.06166,0.45000,0.04796,"WALKING",0.19766,0.16751,0.18792,1.71802,1.92737,1.71802,1.92737,0.01214,0.01547,0.28942,0.32711,0.00087,0.61739,3.15673
4.750,"PI",0.43227,1.48915,1.24716,0.91459,1.02156,0.20156,0.04202,0.17996,0.06518,0.45000,0.09066,"WALKING",0.20015,0.16917,0.19075,1.73507,1.95636,1.73507,1.95636,0.02563,0.04333,0.34873,0.39581,0.00489,0.74944,3.22423
4.850,"PI",0.42346,1.49139,1.23334,0.92493,0.98733,0.16733,0.03178,0.17527,0.05859,0.45000,-0.07176,"WALKING",0.20265,0.16557,0.18497,1.69817,1.89708,1.69817,1.89708,-0.02443,-0.03444,0.32750,0.36813,0.00249,0.69812,3.29159
4.950,"PI",0.40248,1.49722,1.21979,0.93494,0.98947,0.16947,0.03318,0.17195,0.05750,0.45000,-0.03520,"WALKING",0.20516,0.16243,0.18146,1.66595,1.86117,1.66595,1.86117,-0.01321,-0.01393,0.27950,0.31443,0.00018,0.59411,3.35320
5.050,"PI",0.35507,1.51008,1.20631,0.94478,1.01124,0.19124,0.04111,0.17437,0.06325,0.45000,0.07187,"WALKING",0.20769,0.16390,0.18484,1.68105,1.89577,1.68105,1.89577,0.02223,0.03968,0.32805,0.37239,0.00468,0.70513,3.41602
5.150,"PI",0.33184,1.51548,1.19209,0.95503,1.03795,0.21795,0.05005,0.18428,0.07440,0.45000,0.15101,"WALKING",0.21022,0.17196,0.19659,1.76374,2.01631,1.76374,2.01631,0.04898,0.07063,0.42487,0.48876,0.00683,0.92046,3.50128
5.250,"PI",0.32645,1.51605,1.17735,0.96549,1.02444,0.20444,0.04568,0.18726,0.07555,0.45000,0.04328,"WALKING",0.21277,0.17476,0.19976,1.79240,2.04887,1.79240,2.04887,0.00897,0.01116,0.29224,0.33721,0.00070,0.63016,3.56725
5.350,"PI",0.32205,1.51653,1.16271,0.97574,0.99953,0.17953,0.03728,0.18316,0.06928,0.45000,-0.07267,"WALKING",0.21531,0.17169,0.19462,1.76092,1.99612,1.76092,1.99612,-0.02360,-0.03773,0.34367,0.39240,0.00415,0.74022,3.63605
5.450,"PI",0.30083,1.52088,1.14829,0.98569,1.00092,0.18092,0.03825,0.17945,0.06706,0.45000,-0.03815,"WALKING",0.21787,0.16835,0.19055,1.72669,1.95435,1.72669,1.95435,-0.01403,-0.01613,0.29442,0.33591,0.00060,0.63093,3.70175
5.550,"PI",0.24502,1.53200,1.13386,0.99548,1.00379,0.18379,0.03993,0.17812,0.06752,0.45000,-0.01192,"WALKING",0.22042,0.16695,0.18930,1.71229,1.94152,1.71229,1.94152,-0.00526,-0.00374,0.26341,0.30134,0.00043,0.56518,3.75965
5.650,"PI",0.22538,1.53492,1.11870,1.00558,1.03909,0.21909,0.05296,0.18843,0.08106,0.45000,0.11475,"WALKING",0.22298,0.17502,0.20185,1.79504,2.07022,1.79504,2.07022,0.03771,0.05130,0.38966,0.45282,0.00467,0.84715,3.84859
5.750,"PI",0.20263,1.53811,1.10307,1.01582,1.02067,0.20067,0.04647,0.19031,0.08072,0.45000,-0.01052,"WALKING",0.22553,0.17695,0.20366,1.81485,2.08886,1.81485,2.08886,-0.00564,-0.01550,0.29757,0.34593,0.00338,0.64687,3.91937
5.850,"PI",0.20901,1.53628,1.08714,1.02606,1.03076,0.21076,0.05023,0.19321,0.08478,0.45000,0.01833,"WALKING",0.22808,0.17918,0.20724,1.83778,2.12559,1.83778,2.12559,0.00261,-0.00076,0.27379,0.32033,0.00121,0.59533,3.98783
5.950,"PI",0.19012,1.53864,1.07151,1.03595,1.01320,0.19320,0.04389,0.18885,0.07874,0.45000,-0.05141,"WALKING",0.23062,0.17582,0.20188,1.80329,2.07060,1.80329,2.07060,-0.01791,-0.02478,0.32603,0.37768,0.00229,0.70600,4.05959
6.050,"PI",0.15505,1.54287,1.05608,1.04554,1.01625,0.19625,0.04554,0.18676,0.07809,0.45000,-0.01930,"WALKING",0.23315,0.17383,0.19968,1.78290,2.04802,1.78290,2.04802,-0.00779,-0.00777,0.28420,0.32972,0.00001,0.61393,4.12294
6.150,"PI",0.10518,1.54808,1.04031,1.05514,1.04316,0.22316,0.05636,0.19224,0.08737,0.45000,0.09418,"WALKING",0.23567,0.17778,0.20670,1.82334,2.11995,1.82334,2.11995,0.02935,0.04807,0.37953,0.44505,0.00694,0.83151,4.19867
6.250,"PI",0.08939,1.54872,1.02366,1.06508,1.05794,0.23794,0.06190,0.20125,0.09734,0.45000,0.10884,"WALKING",0.23818,0.18514,0.21736,1.89885,2.22929,1.89885,2.22929,0.03312,0.04489,0.39700,0.47051,0.00486,0.87236,4.28982
6.350,"PI",0.08805,1.54804,1.00651,1.07509,1.04537,0.22537,0.05692,0.20272,0.09696,0.45000,0.01662,"WALKING",0.24067,0.18667,0.21876,1.91456,2.24372,1.91456,2.24372,0.00060,-0.00276,0.28657,0.34027,0.00138,0.62822,4.35755
6.450,"PI",0.07209,1.54867,0.98954,1.08478,1.02668,0.20668,0.04946,0.19829,0.08986,0.45000,-0.06022,"WALKING",0.24315,0.18342,0.21316,1.88119,2.18626,1.88119,2.18626,-0.01955,-0.03091,0.35246,0.41362,0.00433,0.77041,4.43350
6.550,"PI",0.04766,1.54961,0.97280,1.09415,1.02957,0.20957,0.05107,0.19566,0.08833,0.45000,-0.02525,"WALKING",0.24561,0.18104,0.21028,1.85686,2.15673,1.85686,2.15673,-0.00958,-0.01079,0.30381,0.35675,0.00045,0.66102,4.50191
6.650,"PI",-0.01579,1.55157,0.95610,1.10330,1.04828,0.22828,0.05940,0.19787,0.09409,0.45000,0.06540,"WALKING",0.24805,0.18229,0.21344,1.86968,2.18911,1.86968,2.18911,0.01843,0.03701,0.35748,0.42275,0.00742,0.78765,4.57266
6.750,"PI",-0.02593,1.55082,0.93852,1.11272,1.06599,0.24599,0.06663,0.20718,0.10559,0.45000,0.09642,"WALKING",0.25047,0.18970,0.22465,1.94565,2.30410,1.94565,2.30410,0.02997,0.03914,0.39375,0.47124,0.00411,0.86910,4.66791
6.850,"PI",-0.06103,1.55023,0.92058,1.12207,1.05477,0.23477,0.06188,0.20827,0.10515,0.45000,0.01579,"WALKING",0.25286,0.19086,0.22567,1.95759,2.31455,1.95759,2.31455,0.00074,-0.00146,0.29131,0.34939,0.00098,0.64168,4.73581
6.950,"PI",-0.05252,1.54945,0.90237,1.13132,1.04979,0.22979,0.05954,0.20968,0.10529,0.45000,-0.02793,"WALKING",0.25522,0.19225,0.22711,1.97184,2.32929,1.97184,2.32929,-0.00747,-0.02379,0.34083,0.40761,0.00729,0.75573,4.81663
7.050,"PI",-0.07814,1.54837,0.88440,1.14020,1.04392,0.22392,0.05716,0.20593,0.10053,0.45000,-0.03573,"WALKING",0.25756,0.18929,0.22257,1.94146,2.28274,1.94146,2.28274,-0.01317,-0.01713,0.33376,0.39710,0.00169,0.73255,4.89307
7.150,"PI",-0.12518,1.54588,0.86647,1.14885,1.05051,0.23051,0.06045,0.20521,0.10154,0.45000,0.00573,"WALKING",0.25987,0.18840,0.22201,1.93234,2.27705,1.93234,2.27705,-0.00082,0.00374,0.29058,0.34713,0.00196,0.63968,4.95938
7.250,"PI",-0.17398,1.54211,0.84792,1.15756,1.07932,0.25932,0.07301,0.21294,0.11382,0.45000,0.11315,"WALKING",0.26214,0.19411,0.23178,1.99083,2.37722,1.99083,2.37722,0.03478,0.05524,0.43608,0.52623,0.00988,0.97219,5.05195
7.350,"PI",-0.18441,1.54020,0.82849,1.16640,1.08227,0.26227,0.07377,0.22032,0.12108,0.45000,0.06968,"WALKING",0.26438,0.20028,0.24036,2.05413,2.46520,2.05413,2.46520,0.01992,0.02118,0.37192,0.45243,0.00065,0.82500,5.14675
7.450,"PI",-0.18262,1.53955,0.80882,1.17506,1.06894,0.24894,0.06744,0.22015,0.11814,0.45000,-0.01372,"WALKING",0.26658,0.20059,0.23970,2.05737,2.45844,2.05737,2.45844,-0.00585,-0.01668,0.34259,0.41529,0.00543,0.76330,5.22241
7.550,"PI",-0.20918,1.53617,0.78945,1.18333,1.05766,0.23766,0.06229,0.21553,0.11084,0.45000,-0.04579,"WALKING",0.26875,0.19718,0.23387,2.02239,2.39867,2.02239,2.39867,-0.01589,-0.02232,0.36120,0.43382,0.00302,0.79805,5.30607
7.650,"PI",-0.23589,1.53229,0.77020,1.19130,1.06069,0.24069,0.06399,0.21371,0.10982,0.45000,-0.01595,"WALKING",0.27088,0.19554,0.23189,2.00553,2.37834,2.00553,2.37834,-0.00633,-0.00681,0.31856,0.38310,0.00022,0.70189,5.37831
7.750,"PI",-0.29578,1.52295,0.75060,1.19915,1.09991,0.27991,0.08206,0.22016,0.12311,0.45000,0.16131,"WALKING",0.27297,0.19979,0.24053,2.04909,2.46702,2.04909,2.46702,0.04663,0.09040,0.52511,0.63840,0.02286,1.18636,5.47127
7.850,"PI",-0.29923,1.52143,0.73012,1.20706,1.09582,0.27582,0.07996,0.22678,0.12928,0.45000,0.08457,"WALKING",0.27501,0.20538,0.24818,2.10649,2.54539,2.10649,2.54539,0.02364,0.03334,0.40830,0.50007,0.00531,0.91368,5.56601
7.950,"PI",-0.33426,1.51437,0.70936,1.21477,1.10232,0.28232,0.08261,0.22896,0.13206,0.45000,0.09899,"WALKING",0.27701,0.20711,0.25082,2.12417,2.57250,2.12417,2.57250,0.02338,0.04929,0.43810,0.53748,0.01451,0.99009,5.65580
8.050,"PI",-0.34394,1.51171,0.68850,1.22222,1.07312,0.25312,0.06877,0.22623,0.12374,0.45000,-0.05228,"WALKING",0.27896,0.20575,0.24671,2.11031,2.53039,2.11031,2.53039,-0.01481,-0.03184,0.39198,0.47639,0.00894,0.87730,5.73700
8.100,"PI",-0.35755,1.50855,0.67817,1.22580,1.07225,0.25225,0.06839,0.22440,0.12141,0.45000,-0.04458,"WALKING",0.27992,0.20430,0.24449,2.09542,2.50758,2.09542,2.50758,-0.01489,-0.02281,0.37431,0.45414,0.00408,0.83253,5.77863
8.150,"PI",-0.37118,1.50525,0.66787,1.22930,1.07362,0.25362,0.06919,0.22323,0.12046,0.45000,-0.02875,"WALKING",0.28087,0.20329,0.24316,2.08502,2.49398,2.08502,2.49398,-0.01039,-0.01360,0.34993,0.42468,0.00164,0.77625,5.81744
8.200,"PI",-0.39887,1.49854,0.65758,1.23272,1.07507,0.25507,0.07007,0.22257,0.12027,0.45000,-0.01606,"WALKING",0.28180,0.20266,0.24247,2.07862,2.48692,2.07862,2.48692,-0.00641,-0.00707,0.33162,0.40285,0.00033,0.73481,5.85418
8.250,"PI",-0.42433,1.49196,0.64718,1.23612,1.08938,0.26938,0.07716,0.22460,0.12524,0.45000,0.05046,"WALKING",0.28273,0.20387,0.24533,2.09099,2.51616,2.09099,2.51616,0.01237,0.02924,0.37990,0.46356,0.00896,0.85242,5.89680
8.300,"PI",-0.45164,1.48456,0.63658,1.23950,1.10163,0.28163,0.08300,0.22826,0.13140,0.45000,0.09325,"WALKING",0.28364,0.20651,0.25000,2.11804,2.56414,2.11804,2.56414,0.02706,0.04798,0.44068,0.54035,0.01166,0.99269,5.94644
8.350,"PI",-0.46152,1.48133,0.62571,1.24288,1.11547,0.29547,0.08931,0.23334,0.13905,0.45000,0.13364,"WALKING",0.28453,0.21033,0.25636,2.15724,2.62928,2.15724,2.62928,0.03919,0.06514,0.49890,0.61552,0.01531,1.12972,6.00292
8.400,"PI",-0.46896,1.47871,0.61467,1.24624,1.11307,0.29307,0.08796,0.23647,0.14187,0.45000,0.09367,"WALKING",0.28542,0.21299,0.25995,2.18450,2.66611,2.18450,2.66611,0.02726,0.03683,0.43661,0.54058,0.00576,0.98294,6.05207
8.450,"PI",-0.47352,1.47688,0.60355,1.24953,1.10828,0.28828,0.08543,0.23778,0.14227,0.45000,0.05201,"WALKING",0.28629,0.21424,0.26133,2.19731,2.68029,2.19731,2.68029,0.01282,0.01418,0.37543,0.46572,0.00082,0.84198,6.09417
8.500,"PI",-0.47296,1.47659,0.59242,1.25274,1.10080,0.28080,0.08161,0.23741,0.14029,0.45000,0.00765,"WALKING",0.28714,0.21420,0.26063,2.19689,2.67316,2.19689,2.67316,-0.00043,-0.00713,0.34186,0.42361,0.00399,0.76946,6.13264
8.550,"PI",-0.48060,1.47397,0.58137,1.25584,1.08864,0.26864,0.07551,0.23529,0.13525,0.45000,-0.04754,"WALKING",0.28799,0.21290,0.25767,2.18362,2.64279,2.18362,2.64279,-0.01327,-0.03037,0.40141,0.49310,0.00981,0.90433,6.17786
8.600,"PI",-0.49429,1.46944,0.57041,1.25885,1.08413,0.26413,0.07327,0.23300,0.13151,0.45000,-0.05692,"WALKING",0.28882,0.21124,0.25477,2.16656,2.61301,2.16656,2.61301,-0.01706,-0.02978,0.40348,0.49362,0.00709,0.90420,6.22307
8.650,"PI",-0.50798,1.46476,0.55950,1.26176,1.08532,0.26532,0.07400,0.23147,0.12997,0.45000,-0.03917,"WALKING",0.28963,0.20996,0.25298,2.15346,2.59469,2.15346,2.59469,-0.01310,-0.01832,0.37484,0.45851,0.00288,0.83622,6.26488
8.700,"PI",-0.52166,1.45995,0.54862,1.26459,1.08661,0.26661,0.07484,0.23052,0.12935,0.45000,-0.02490,"WALKING",0.29044,0.20911,0.25193,2.14473,2.58386,2.14473,2.58386,-0.00873,-0.01083,0.35326,0.43240,0.00115,0.78681,6.30422
8.750,"PI",-0.55582,1.44793,0.53775,1.26734,1.08796,0.26796,0.07575,0.23001,0.12940,0.45000,-0.01346,"WALKING",0.29122,0.20859,0.25142,2.13942,2.57871,2.13942,2.57871,-0.00531,-0.00515,0.33704,0.41304,0.00009,0.75016,6.34173
8.800,"PI",-0.58447,1.43730,0.52670,1.27006,1.10838,0.28838,0.08616,0.23328,0.13702,0.45000,0.07933,"WALKING",0.29200,0.21060,0.25595,2.15999,2.62515,2.15999,2.62515,0.02057,0.04644,0.43635,0.53764,0.01503,0.98902,6.39118
8.850,"PI",-0.59331,1.43344,0.51537,1.27275,1.12369,0.30369,0.09358,0.23835,0.14542,0.45000,0.12923,"WALKING",0.29276,0.21428,0.26242,2.19775,2.69144,2.19775,2.69144,0.03776,0.06630,0.50833,0.63049,0.01760,1.15643,6.44900
8.900,"PI",-0.59586,1.43189,0.50389,1.27539,1.12027,0.30027,0.09175,0.24128,0.14815,0.45000,0.08575,"WALKING",0.29350,0.21676,0.26580,2.22318,2.72613,2.22318,2.72613,0.02542,0.03469,0.43793,0.54523,0.00582,0.98898,6.49845
8.950,"PI",-0.61033,1.42582,0.49238,1.27796,1.11084,0.29084,0.08693,0.24162,0.14688,0.45000,0.02540,"WALKING",0.29423,0.21731,0.26592,2.22878,2.72742,2.22878,2.72742,0.00561,0.00129,0.34609,0.43168,0.00269,0.78045,6.53747
9.000,"PI",-0.63179,1.41680,0.48082,1.28044,1.11259,0.29259,0.08764,0.24217,0.14768,0.45000,0.02751,"WALKING",0.29495,0.21773,0.26661,2.23312,2.73447,2.23312,2.73447,0.00433,0.00705,0.35468,0.44253,0.00171,0.79892,6.57742
9.050,"PI",-0.62448,1.41922,0.46915,1.28286,1.12094,0.30094,0.09160,0.24408,0.15104,0.45000,0.05821,"WALKING",0.29565,0.21908,0.26908,2.24700,2.75977,2.24700,2.75977,0.01388,0.02529,0.40604,0.50719,0.00731,0.92055,6.62345
9.100,"PI",-0.63062,1.41629,0.45754,1.28517,1.10209,0.28209,0.08194,0.24233,0.14520,0.45000,-0.03753,"WALKING",0.29633,0.21830,0.26637,2.23900,2.73195,2.23900,2.73195,-0.00799,-0.02781,0.39857,0.49441,0.01221,0.90519,6.66870
9.150,"PI",-0.64415,1.41019,0.44603,1.28738,1.09603,0.27603,0.07881,0.24010,0.14108,0.45000,-0.05592,"WALKING",0.29700,0.21676,0.26345,2.22313,2.70209,2.22313,2.70209,-0.01587,-0.02987,0.41286,0.50957,0.00838,0.93081,6.71525
9.200,"PI",-0.65764,1.40395,0.43458,1.28950,1.09707,0.27707,0.07950,0.23859,0.13947,0.45000,-0.03905,"WALKING",0.29765,0.21551,0.26167,2.21033,2.68380,2.21033,2.68380,-0.01280,-0.01828,0.38490,0.47498,0.00324,0.86312,6.75840
9.250,"PI",-0.67655,1.39509,0.42315,1.29152,1.09820,0.27820,0.08029,0.23762,0.13877,0.45000,-0.02549,"WALKING",0.29829,0.21466,0.26059,2.20162,2.67271,2.20162,2.67271,-0.00872,-0.01109,0.36381,0.44921,0.00140,0.81442,6.79912
9.300,"PI",-0.70482,1.38158,0.41170,1.29347,1.10456,0.28456,0.08387,0.23791,0.14077,0.45000,0.00810,"WALKING",0.29891,0.21462,0.26121,2.20118,2.67907,2.20118,2.67907,-0.00044,0.00636,0.33976,0.42121,0.00406,0.76503,6.83737
9.350,"PI",-0.72833,1.36983,0.40009,1.29536,1.11999,0.29999,0.09198,0.24092,0.14739,0.45000,0.07419,"WALKING",0.29952,0.21653,0.26531,2.22079,2.72117,2.22079,2.72117,0.01961,0.04210,0.44020,0.54755,0.01406,1.00182,6.88746
9.400,"PI",-0.74948,1.35884,0.38826,1.29720,1.13088,0.31088,0.09746,0.24500,0.15419,0.45000,0.10578,"WALKING",0.30011,0.21948,0.27052,2.25112,2.77459,2.25112,2.77459,0.03034,0.05342,0.48555,0.60717,0.01510,1.10781,6.94286
9.450,"PI",-0.75313,1.35627,0.37620,1.29897,1.13941,0.31941,0.10151,0.24941,0.16068,0.45000,0.12004,"WALKING",0.30068,0.22282,0.27600,2.28529,2.83078,2.28529,2.83078,0.03417,0.05620,0.50524,0.63510,0.01501,1.15536,7.00062
9.500,"PI",-0.76165,1.35126,0.36404,1.30065,1.13079,0.31079,0.09691,0.25093,0.16079,0.45000,0.05570,"WALKING",0.30124,0.22432,0.27754,2.30073,2.84660,2.30073,2.84660,0.01544,0.01582,0.40220,0.50695,0.00026,0.90941,7.04609
9.550,"PI",-0.76291,1.35003,0.35186,1.30224,1.12683,0.30683,0.09464,0.25128,0.16027,0.45000,0.02605,"WALKING",0.30178,0.22476,0.27781,2.30521,2.84932,2.30521,2.84932,0.00448,0.00272,0.35957,0.45374,0.00120,0.81451,7.08682
9.600,"PI",-0.76428,1.34887,0.33975,1.30373,1.11580,0.29580,0.08871,0.24982,0.15601,0.45000,-0.02821,"WALKING",0.30231,0.22400,0.27564,2.29744,2.82707,2.29744,2.82707,-0.00777,-0.02225,0.39937,0.50042,0.00958,0.90937,7.13229
9.650,"PI",-0.77741,1.34134,0.32775,1.30511,1.10495,0.28495,0.08287,0.24708,0.15007,0.45000,-0.06977,"WALKING",0.30282,0.22224,0.27191,2.27937,2.78885,2.27937,2.78885,-0.01806,-0.03822,0.44292,0.55045,0.01283,1.00620,7.18260
9.700,"PI",-0.79048,1.33368,0.31584,1.30639,1.10576,0.28576,0.08346,0.24514,0.14775,0.45000,-0.05086,"WALKING",0.30331,0.22069,0.26959,2.26345,2.76506,2.26345,2.76506,-0.01592,-0.02379,0.41019,0.50942,0.00493,0.92454,7.22882
9.750,"PI",-0.80350,1.32588,0.30399,1.30758,1.10666,0.28666,0.08418,0.24382,0.14654,0.45000,-0.03570,"WALKING",0.30378,0.21957,0.26808,2.25202,2.74949,2.25202,2.74949,-0.01143,-0.01557,0.38552,0.47888,0.00257,0.86697,7.27217
9.800,"PI",-0.81937,1.31622,0.29217,1.30867,1.10764,0.28764,0.08500,0.24298,0.14612,0.45000,-0.02352,"WALKING",0.30424,0.21880,0.26717,2.24412,2.74018,2.24412,2.74018,-0.00790,-0.00932,0.36684,0.45608,0.00088,0.82380,7.31336
9.850,"PI",-0.86521,1.28820,0.28034,1.30968,1.11157,0.29157,0.08744,0.24295,0.14746,0.45000,-0.00108,"WALKING",0.30468,0.21854,0.26735,2.24147,2.74208,2.24147,2.74208,-0.00265,0.00190,0.33742,0.42101,0.00285,0.76128,7.35143
9.900,"PI",-0.86999,1.28447,0.26821,1.31062,1.14575,0.32575,0.10559,0.24911,0.16143,0.45000,0.14959,"WALKING",0.30511,0.22239,0.27583,2.28097,2.82901,2.28097,2.82901,0.03950,0.08692,0.56873,0.71467,0.03247,1.31587,7.41722
9.950,"PI",-0.88221,1.27609,0.25591,1.31147,1.13850,0.31850,0.10173,0.25212,0.16396,0.45000,0.08477,"WALKING",0.30551,0.22498,0.27925,2.30748,2.86411,2.30748,2.86411,0.02651,0.03510,0.45842,0.57857,0.00597,1.04297,7.46937
10.000,"PI",-0.87325,1.28120,0.24350,1.31222,1.13866,0.31866,0.10163,0.25425,0.16658,0.45000,0.06684,"WALKING",0.30590,0.22668,0.28182,2.32492,2.89044,2.32492,2.89044,0.01744,0.02633,0.42959,0.54389,0.00629,0.97976,7.51836
10.050,"PI",-0.91509,1.25324,0.23118,1.31287,1.11718,0.29718,0.09000,0.25225,0.15971,0.45000,-0.04240,"WALKING",0.30628,0.22582,0.27868,2.31607,2.85828,2.31607,2.85828,-0.00885,-0.03216,0.42283,0.53111,0.01579,0.96973,7.56684
10.100,"PI",-0.90482,1.25937,0.21867,1.31343,1.14782,0.32782,0.10621,0.25600,0.16985,0.45000,0.10176,"WALKING",0.30663,0.22789,0.28411,2.33732,2.91396,2.33732,2.91396,0.02125,0.05568,0.49284,0.62451,0.02480,1.14215,7.62395
10.150,"PI",-0.90611,1.25801,0.20622,1.31387,1.12479,0.30479,0.09381,0.25471,0.16376,0.45000,-0.02199,"WALKING",0.30697,0.22761,0.28182,2.33448,2.89044,2.33448,2.89044,-0.00284,-0.02351,0.39961,0.50442,0.01436,0.91838,7.66987
10.200,"PI",-0.91784,1.24945,0.19390,1.31422,1.11373,0.29373,0.08772,0.25208,0.15791,0.45000,-0.06579,"WALKING",0.30729,0.22594,0.27821,2.31738,2.85348,2.31738,2.85348,-0.01710,-0.03697,0.44680,0.55934,0.01331,1.01945,7.72084
10.250,"PI",-0.93019,1.24029,0.18167,1.31447,1.11363,0.29363,0.08783,0.25009,0.15536,0.45000,-0.05178,"WALKING",0.30759,0.22437,0.27580,2.30126,2.82869,2.30126,2.82869,-0.01612,-0.02478,0.41971,0.52486,0.00571,0.95028,7.76836
10.300,"PI",-0.94246,1.23099,0.16951,1.31462,1.11433,0.29433,0.08850,0.24869,0.15405,0.45000,-0.03730,"WALKING",0.30788,0.22320,0.27419,2.28923,2.81220,2.28923,2.81220,-0.01203,-0.01649,0.39514,0.49423,0.00291,0.89228,7.81297
10.350,"PI",-0.96803,1.21155,0.15740,1.31468,1.11511,0.29511,0.08924,0.24777,0.15353,0.45000,-0.02567,"WALKING",0.30814,0.22236,0.27318,2.28061,2.80181,2.28061,2.80181,-0.00862,-0.01039,0.37652,0.47133,0.00115,0.84900,7.85542
10.400,"PI",-0.98879,1.19517,0.14519,1.31464,1.13015,0.31015,0.09789,0.24966,0.15947,0.45000,0.04616,"WALKING",0.30839,0.22327,0.27605,2.28992,2.83128,2.28992,2.83128,0.00931,0.02947,0.41368,0.52068,0.01364,0.94799,7.90282
10.450,"PI",-1.01239,1.17611,0.13281,1.31450,1.14026,0.32026,0.10349,0.25281,0.16575,0.45000,0.08051,"WALKING",0.30862,0.22538,0.28024,2.31156,2.87428,2.31156,2.87428,0.02165,0.04300,0.46478,0.58763,0.01501,1.06742,7.95619
10.500,"PI",-1.01835,1.17051,0.12023,1.31425,1.15354,0.33354,0.11052,0.25741,0.17408,0.45000,0.12120,"WALKING",0.30884,0.22860,0.28622,2.34463,2.93560,2.34463,2.93560,0.03306,0.06132,0.52657,0.66970,0.02086,1.21714,8.01705
10.550,"PI",-1.02590,1.16360,0.10753,1.31388,1.14762,0.32762,0.10714,0.25957,0.17568,0.45000,0.06849,"WALKING",0.30903,0.23049,0.28864,2.36401,2.96043,2.36401,2.96043,0.01939,0.02483,0.43820,0.55935,0.00406,1.00162,8.06713
10.600,"PI",-1.02933,1.16005,0.09478,1.31341,1.14335,0.32335,0.10460,0.26031,0.17571,0.45000,0.03465,"WALKING",0.30921,0.23123,0.28939,2.37156,2.96809,2.37156,2.96809,0.00754,0.00766,0.38573,0.49338,0.00008,0.87920,8.11109
10.650,"PI",-1.02926,1.15952,0.08210,1.31282,1.13452,0.31452,0.09958,0.25941,0.17258,0.45000,-0.01184,"WALKING",0.30937,0.23085,0.28797,2.36768,2.95358,2.36768,2.95358,-0.00388,-0.01451,0.39096,0.49809,0.00778,0.89683,8.15593
10.700,"PI",-1.03746,1.15206,0.06955,1.31214,1.12188,0.30188,0.09244,0.25683,0.16624,0.45000,-0.06482,"WALKING",0.30951,0.22932,0.28435,2.35201,2.91637,2.35201,2.91637,-0.01567,-0.03721,0.45178,0.57006,0.01519,1.03704,8.20778
10.750,"PI",-1.04891,1.14165,0.05713,1.31137,1.11852,0.29852,0.09066,0.25439,0.16217,0.45000,-0.06537,"WALKING",0.30964,0.22755,0.28123,2.33386,2.88442,2.33386,2.88442,-0.01816,-0.03195,0.44297,0.55700,0.00949,1.00945,8.25825
10.800,"PI",-1.06026,1.13111,0.04481,1.31050,1.11898,0.29898,0.09120,0.25263,0.16017,0.45000,-0.04894,"WALKING",0.30974,0.22612,0.27914,2.31918,2.86292,2.31918,2.86292,-0.01467,-0.02149,0.41462,0.52117,0.00463,0.94043,8.30528
10.850,"PI",-1.07151,1.12046,0.03255,1.30953,1.11953,0.29953,0.09186,0.25139,0.15912,0.45000,-0.03575,"WALKING",0.30983,0.22505,0.27772,2.30823,2.84842,2.30823,2.84842,-0.01095,-0.01451,0.39313,0.49436,0.00240,0.88989,8.34977
10.900,"PI",-1.10212,1.09149,0.02034,1.30848,1.12014,0.30014,0.09259,0.25054,0.15878,0.45000,-0.02524,"WALKING",0.30990,0.22427,0.27682,2.30017,2.83920,2.30017,2.83920,-0.00806,-0.00922,0.37689,0.47439,0.00078,0.85206,8.39237
10.950,"PI",-1.12010,1.07362,0.00796,1.30730,1.14324,0.32324,0.10599,0.25396,0.16841,0.45000,0.08197,"WALKING",0.30995,0.22609,0.28183,2.31885,2.89059,2.31885,2.89059,0.01868,0.05139,0.47621,0.60355,0.02337,1.10313,8.44753
11.000,"PI",-1.12802,1.06505,-0.00459,1.30600,1.15201,0.33201,0.11086,0.25793,0.17560,0.45000,0.10253,"WALKING",0.30998,0.22887,0.28699,2.34737,2.94351,2.34737,2.94351,0.02853,0.05292,0.50342,0.64180,0.01817,1.16339,8.50570
11.050,"PI",-1.12812,1.06414,-0.01724,1.30457,1.14898,0.32898,0.10909,0.26017,0.17813,0.45000,0.06664,"WALKING",0.31000,0.23068,0.28965,2.36600,2.97074,2.36600,2.97074,0.01862,0.02722,0.44161,0.56527,0.00650,1.01338,8.55637
11.100,"PI",-1.14452,1.04691,-0.02985,1.30304,1.13660,0.31660,0.10206,0.25961,0.17506,0.45000,-0.00249,"WALKING",0.31000,0.23064,0.28858,2.36552,2.95981,2.36552,2.95981,-0.00048,-0.01092,0.37762,0.48304,0.00776,0.86841,8.59979
11.150,"PI",-1.15554,1.03479,-0.04249,1.30138,1.14371,0.32371,0.10601,0.26039,0.17755,0.45000,0.02935,"WALKING",0.30998,0.23101,0.28978,2.36931,2.97209,2.36931,2.97209,0.00379,0.01227,0.38695,0.49614,0.00639,0.88948,8.64426
11.200,"PI",-1.15170,1.03809,-0.05515,1.29962,1.14453,0.32453,0.10637,0.26109,0.17862,0.45000,0.02650,"WALKING",0.30994,0.23153,0.29065,2.37465,2.98104,2.37465,2.98104,0.00534,0.00896,0.38460,0.49365,0.00274,0.88099,8.68831
11.250,"PI",-1.15761,1.03126,-0.06769,1.29775,1.12730,0.30730,0.09647,0.25891,0.17186,0.45000,-0.05513,"WALKING",0.30988,0.23046,0.28735,2.36371,2.94716,2.36371,2.94716,-0.01093,-0.03389,0.43926,0.55800,0.01673,1.01398,8.73901
11.300,"PI",-1.16786,1.01964,-0.08008,1.29581,1.12203,0.30203,0.09354,0.25647,0.16731,0.45000,-0.06622,"WALKING",0.30980,0.22878,0.28416,2.34647,2.91445,2.34647,2.91445,-0.01725,-0.03271,0.44527,0.56298,0.01097,1.01923,8.78997
11.350,"PI",-1.17799,1.00792,-0.09237,1.29377,1.12229,0.30229,0.09399,0.25468,0.16516,0.45000,-0.05051,"WALKING",0.30971,0.22735,0.28201,2.33176,2.89245,2.33176,2.89245,-0.01471,-0.02199,0.41802,0.52827,0.00510,0.95139,8.83754
11.400,"PI",-1.19345,0.98987,-0.10458,1.29165,1.12262,0.30262,0.09457,0.25339,0.16398,0.45000,-0.03792,"WALKING",0.30960,0.22625,0.28053,2.32049,2.87719,2.32049,2.87719,-0.01127,-0.01527,0.39734,0.50228,0.00278,0.90240,8.88266
11.450,"PI",-1.21320,0.96633,-0.11678,1.28942,1.12991,0.30991,0.09927,0.25354,0.16654,0.45000,0.00250,"WALKING",0.30947,0.22597,0.28110,2.31769,2.88309,2.31769,2.88309,-0.00280,0.00590,0.35423,0.45042,0.00614,0.81079,8.92320
11.500,"PI",-1.23056,0.94492,-0.12908,1.28706,1.14303,0.32303,0.10714,0.25601,0.17311,0.45000,0.05968,"WALKING",0.30932,0.22736,0.28466,2.33187,2.91957,2.33187,2.91957,0.01418,0.03648,0.44358,0.56567,0.01637,1.02563,8.97448
11.550,"PI",-1.24335,0.92844,-0.14154,1.28456,1.15339,0.33339,0.11309,0.25960,0.18028,0.45000,0.09214,"WALKING",0.30916,0.22976,0.28944,2.35654,2.96858,2.35654,2.96858,0.02467,0.04902,0.49117,0.62964,0.01862,1.13943,9.03146
11.600,"PI",-1.24660,0.92336,-0.15413,1.28191,1.15793,0.33793,0.11552,0.26293,0.18570,0.45000,0.09182,"WALKING",0.30897,0.23220,0.29366,2.38151,3.01193,2.38151,3.01193,0.02497,0.04334,0.48669,0.62692,0.01447,1.12808,9.08786
11.650,"PI",-1.25182,0.91586,-0.16674,1.27913,1.14980,0.32980,0.11075,0.26380,0.18532,0.45000,0.03587,"WALKING",0.30877,0.23313,0.29447,2.39110,3.02025,2.39110,3.02025,0.00959,0.00832,0.39427,0.50941,0.00100,0.90468,9.13309
11.700,"PI",-1.25244,0.91424,-0.17932,1.27625,1.14427,0.32427,0.10742,0.26348,0.18371,0.45000,0.00361,"WALKING",0.30855,0.23308,0.29389,2.39055,3.01423,2.39055,3.01423,-0.00055,-0.00601,0.37290,0.48147,0.00426,0.85863,9.17602
11.750,"PI",-1.25456,0.91084,-0.19177,1.27327,1.13254,0.31254,0.10054,0.26148,0.17822,0.45000,-0.04879,"WALKING",0.30831,0.23199,0.29098,2.37934,2.98438,2.37934,2.98438,-0.01121,-0.02985,0.43536,0.55691,0.01409,1.00636,9.22634
11.800,"PI",-1.26356,0.89833,-0.20405,1.27022,1.12289,0.30289,0.09493,0.25853,0.17182,0.45000,-0.08051,"WALKING",0.30806,0.23009,0.28696,2.35990,2.94321,2.35990,2.94321,-0.01944,-0.04117,0.46772,0.59363,0.01584,1.07718,9.28020
11.850,"PI",-1.27242,0.88573,-0.21617,1.26710,1.12288,0.30288,0.09526,0.25631,0.16894,0.45000,-0.06284,"WALKING",0.30779,0.22835,0.28427,2.34203,2.91556,2.34203,2.91556,-0.01788,-0.02765,0.43622,0.55308,0.00701,0.99631,9.33002
11.900,"PI",-1.28114,0.87306,-0.22820,1.26389,1.12298,0.30298,0.09572,0.25466,0.16719,0.45000,-0.04857,"WALKING",0.30750,0.22699,0.28232,2.32806,2.89564,2.32806,2.89564,-0.01397,-0.01992,0.41217,0.52251,0.00422,0.93890,9.37696
11.950,"PI",-1.29452,0.85347,-0.24013,1.26060,1.12314,0.30314,0.09627,0.25344,0.16626,0.45000,-0.03719,"WALKING",0.30719,0.22592,0.28095,2.31714,2.88158,2.31714,2.88158,-0.01092,-0.01406,0.39390,0.49961,0.00221,0.89572,9.42175
12.000,"PI",-1.32116,0.81388,-0.25206,1.25720,1.13026,0.31026,0.10104,0.25362,0.16905,0.45000,0.00231,"WALKING",0.30686,0.22564,0.28160,2.31431,2.88822,2.31431,2.88822,-0.00284,0.00664,0.35495,0.45292,0.00680,0.81466,9.46248
12.050,"PI",-1.32467,0.80748,-0.26419,1.25362,1.15738,0.33738,0.11718,0.25863,0.18198,0.45000,0.12113,"WALKING",0.30652,0.22851,0.28875,2.34370,2.96150,2.34370,2.96150,0.02940,0.07327,0.54159,0.69533,0.03387,1.27079,9.52602
12.100,"PI",-1.33065,0.79731,-0.27639,1.24991,1.15050,0.33050,0.11323,0.26090,0.18418,0.45000,0.06424,"WALKING",0.30616,0.23042,0.29138,2.36325,2.98853,2.36325,2.98853,0.01954,0.02703,0.44241,0.57067,0.00585,1.01893,9.57697
12.150,"PI",-1.32849,0.79968,-0.28861,1.24606,1.14730,0.32730,0.11132,0.26191,0.18524,0.45000,0.03601,"WALKING",0.30578,0.23126,0.29257,2.37185,3.00073,2.37185,3.00073,0.00861,0.01220,0.39622,0.51259,0.00282,0.91164,9.62255
12.200,"PI",-1.35172,0.76195,-0.30071,1.24214,1.13164,0.31164,0.10202,0.26016,0.17947,0.45000,-0.04082,"WALKING",0.30538,0.23045,0.28986,2.36363,2.97290,2.36363,2.97290,-0.00822,-0.02783,0.42298,0.54288,0.01493,0.98079,9.67159
12.250,"PI",-1.34474,0.77212,-0.31291,1.23805,1.15551,0.33551,0.11611,0.26287,0.18823,0.45000,0.07319,"WALKING",0.30497,0.23171,0.29402,2.37656,3.01557,2.37656,3.01557,0.01293,0.04267,0.46192,0.59769,0.02375,1.08336,9.72576
12.300,"PI",-1.34605,0.76924,-0.32498,1.23390,1.13215,0.31215,0.10230,0.26095,0.18062,0.45000,-0.04569,"WALKING",0.30454,0.23106,0.29084,2.36981,2.98297,2.36981,2.98297,-0.00676,-0.03260,0.43032,0.55263,0.01980,1.00274,9.77589
12.350,"PI",-1.35353,0.75599,-0.33688,1.22968,1.12182,0.30182,0.09617,0.25795,0.17400,0.45000,-0.08111,"WALKING",0.30410,0.22916,0.28675,2.35032,2.94104,2.35032,2.94104,-0.01949,-0.04193,0.46718,0.59502,0.01657,1.07877,9.82983
12.400,"PI",-1.36088,0.74268,-0.34862,1.22541,1.12160,0.30160,0.09640,0.25567,0.17102,0.45000,-0.06424,"WALKING",0.30363,0.22737,0.28398,2.33198,2.91258,2.33198,2.91258,-0.01834,-0.02846,0.43653,0.55535,0.00734,0.99922,9.87979
12.450,"PI",-1.36808,0.72933,-0.36025,1.22107,1.12146,0.30146,0.09678,0.25394,0.16916,0.45000,-0.05068,"WALKING",0.30315,0.22594,0.28194,2.31736,2.89165,2.31736,2.89165,-0.01462,-0.02093,0.41316,0.52552,0.00453,0.94320,9.92695
12.500,"PI",-1.38428,0.69924,-0.37178,1.21665,1.12139,0.30139,0.09726,0.25262,0.16813,0.45000,-0.03985,"WALKING",0.30266,0.22480,0.28045,2.30563,2.87641,2.30563,2.87641,-0.01172,-0.01523,0.39536,0.50309,0.00250,0.90095,9.97200
12.550,"PI",-1.39569,0.67700,-0.38335,1.21210,1.13704,0.31704,0.10733,0.25426,0.17485,0.45000,0.03775,"WALKING",0.30214,0.22532,0.28320,2.31098,2.90457,2.31098,2.90457,0.00535,0.02816,0.40822,0.52341,0.01691,0.94855,10.01943
12.600,"PI",-1.40948,0.64949,-0.39498,1.20740,1.14506,0.32506,0.11241,0.25684,0.18094,0.45000,0.06476,"WALKING",0.30161,0.22690,0.28679,2.32714,2.94141,2.32714,2.94141,0.01615,0.03684,0.44687,0.57566,0.01588,1.03841,10.07135
12.650,"PI",-1.41084,0.64532,-0.40675,1.20251,1.15778,0.33778,0.11988,0.26093,0.18959,0.45000,0.10649,"WALKING",0.30106,0.22955,0.29231,2.35439,2.99803,2.35439,2.99803,0.02726,0.05662,0.50950,0.66037,0.02361,1.19348,10.13102
12.700,"PI",-1.41522,0.63526,-0.41853,1.19749,1.14833,0.32833,0.11419,0.26210,0.18959,0.45000,0.04146,"WALKING",0.30050,0.23072,0.29348,2.36640,3.01002,2.36640,3.01002,0.01200,0.01199,0.40114,0.52186,0.00001,0.92301,10.17717
12.750,"PI",-1.41619,0.63205,-0.43027,1.19235,1.14433,0.32433,0.11168,0.26220,0.18906,0.45000,0.01473,"WALKING",0.29992,0.23091,0.29349,2.36832,3.01016,2.36832,3.01016,0.00193,0.00015,0.36079,0.47016,0.00143,0.83237,10.21879
12.800,"PI",-1.41556,0.63239,-0.44191,1.18712,1.13401,0.31401,0.10538,0.26071,0.18458,0.45000,-0.03393,"WALKING",0.29933,0.23017,0.29126,2.36069,2.98730,2.36069,2.98730,-0.00763,-0.02286,0.41214,0.53276,0.01192,0.95682,10.26663
12.850,"PI",-1.42055,0.62096,-0.45336,1.18185,1.12059,0.30059,0.09723,0.25758,0.17683,0.45000,-0.08550,"WALKING",0.29872,0.22832,0.28685,2.34171,2.94204,2.34171,2.94204,-0.01898,-0.04526,0.47053,0.60175,0.01972,1.09200,10.32123
12.900,"PI",-1.42647,0.60726,-0.46465,1.17654,1.11806,0.29806,0.09603,0.25485,0.17247,0.45000,-0.07783,"WALKING",0.29809,0.22631,0.28339,2.32109,2.90660,2.32109,2.90660,-0.02062,-0.03543,0.45118,0.57520,0.01084,1.03722,10.37310
12.950,"PI",-1.43223,0.59353,-0.47579,1.17118,1.11766,0.29766,0.09631,0.25274,0.16991,0.45000,-0.06244,"WALKING",0.29745,0.22462,0.28086,2.30378,2.88061,2.30378,2.88061,-0.01731,-0.02600,0.42457,0.54084,0.00626,0.97167,10.42168
13.000,"PI",-1.43786,0.57977,-0.48681,1.16576,1.11734,0.29734,0.09670,0.25110,0.16835,0.45000,-0.05011,"WALKING",0.29679,0.22324,0.27897,2.28966,2.86118,2.28966,2.86118,-0.01412,-0.01942,0.40423,0.51494,0.00378,0.92295,10.46783
13.050,"PI",-1.45550,0.53680,-0.49771,1.16029,1.11707,0.29707,0.09716,0.24983,0.16751,0.45000,-0.04027,"WALKING",0.29611,0.22211,0.27756,2.27805,2.84672,2.27805,2.84672,-0.01161,-0.01446,0.38866,0.49540,0.00203,0.88609,10.51213
13.100,"PI",-1.46195,0.51945,-0.50872,1.15465,1.14285,0.32285,0.11362,0.25332,0.17915,0.45000,0.08199,"WALKING",0.29542,0.22367,0.28297,2.29409,2.90229,2.29409,2.90229,0.01604,0.05557,0.47355,0.60968,0.03004,1.11327,10.56779
13.150,"PI",-1.46584,0.50802,-0.51980,1.14884,1.14548,0.32548,0.11538,0.25624,0.18467,0.45000,0.07555,"WALKING",0.29472,0.22567,0.28680,2.31461,2.94155,2.31461,2.94155,0.02053,0.03926,0.45662,0.59136,0.01467,1.06265,10.62093
13.200,"PI",-1.46420,0.51075,-0.53090,1.14289,1.14265,0.32265,0.11371,0.25777,0.18686,0.45000,0.04645,"WALKING",0.29400,0.22684,0.28869,2.32660,2.96097,2.32660,2.96097,0.01199,0.01942,0.40737,0.52971,0.00590,0.94298,10.66808
13.250,"PI",-1.47441,0.48228,-0.54188,1.13686,1.12723,0.30723,0.10430,0.25635,0.18173,0.45000,-0.03159,"WALKING",0.29326,0.22628,0.28643,2.32078,2.93775,2.32078,2.93775,-0.00582,-0.02322,0.40196,0.51969,0.01342,0.93507,10.71483
13.300,"PI",-1.47659,0.47471,-0.55284,1.13072,1.13933,0.31933,0.11188,0.25725,0.18609,0.45000,0.02860,"WALKING",0.29252,0.22646,0.28805,2.32263,2.95438,2.32263,2.95438,0.00184,0.01663,0.38305,0.49844,0.01167,0.89317,10.75949
13.350,"PI",-1.47482,0.47835,-0.56373,1.12449,1.13299,0.31299,0.10804,0.25683,0.18444,0.45000,-0.00562,"WALKING",0.29175,0.22630,0.28735,2.32106,2.94722,2.32106,2.94722,-0.00156,-0.00716,0.36503,0.47457,0.00438,0.84398,10.80169
13.400,"PI",-1.47766,0.46914,-0.57444,1.11823,1.11695,0.29695,0.09816,0.25410,0.17680,0.45000,-0.07492,"WALKING",0.29097,0.22484,0.28336,2.30607,2.90628,2.30607,2.90628,-0.01499,-0.04094,0.44784,0.57487,0.01945,1.04216,10.85379
13.450,"PI",-1.48199,0.45526,-0.58500,1.11194,1.11226,0.29226,0.09557,0.25135,0.17188,0.45000,-0.07908,"WALKING",0.29018,0.22290,0.27979,2.28619,2.86968,2.28619,2.86968,-0.01988,-0.03660,0.44469,0.56823,0.01219,1.02511,10.90505
13.500,"PI",-1.48618,0.44139,-0.59542,1.10563,1.11167,0.29167,0.09578,0.24919,0.16921,0.45000,-0.06428,"WALKING",0.28937,0.22119,0.27720,2.26858,2.84304,2.26858,2.84304,-0.01761,-0.02664,0.41927,0.53524,0.00649,0.96100,10.95310
13.550,"PI",-1.49336,0.41741,-0.60572,1.09927,1.11115,0.29115,0.09612,0.24749,0.16755,0.45000,-0.05242,"WALKING",0.28855,0.21976,0.27522,2.25396,2.82278,2.25396,2.82278,-0.01462,-0.02025,0.39980,0.51032,0.00400,0.91412,10.99881
13.600,"PI",-1.50123,0.39001,-0.61595,1.09282,1.11930,0.29930,0.10203,0.24744,0.17074,0.45000,-0.00503,"WALKING",0.28772,0.21918,0.27569,2.24800,2.82764,2.24800,2.82764,-0.00596,0.00485,0.33912,0.43640,0.00783,0.78335,11.03797
13.650,"PI",-1.50835,0.36374,-0.62621,1.08623,1.13033,0.31033,0.10947,0.24937,0.17713,0.45000,0.04461,"WALKING",0.28687,0.22005,0.27868,2.25697,2.85830,2.25697,2.85830,0.00897,0.03066,0.40879,0.52802,0.01630,0.95311,11.08563
13.700,"PI",-1.51217,0.34792,-0.63654,1.07947,1.14025,0.32025,0.11584,0.25250,0.18460,0.45000,0.07842,"WALKING",0.28601,0.22195,0.28305,2.27639,2.90308,2.27639,2.90308,0.01942,0.04478,0.45643,0.59300,0.01986,1.06928,11.13909
13.750,"PI",-1.51314,0.34200,-0.64690,1.07254,1.14100,0.32100,0.11636,0.25482,0.18869,0.45000,0.06447,"WALKING",0.28513,0.22360,0.28605,2.29329,2.93386,2.29329,2.93386,0.01690,0.03078,0.43035,0.56183,0.01111,1.00329,11.18926
13.800,"PI",-1.51434,0.33533,-0.65721,1.06551,1.13317,0.31317,0.11156,0.25505,0.18783,0.45000,0.01582,"WALKING",0.28425,0.22396,0.28613,2.29703,2.93468,2.29703,2.93468,0.00374,0.00081,0.35341,0.46274,0.00233,0.81848,11.23018
13.850,"PI",-1.51391,0.33518,-0.66741,1.05841,1.12598,0.30598,0.10714,0.25410,0.18506,0.45000,-0.01927,"WALKING",0.28334,0.22347,0.28473,2.29201,2.92027,2.29201,2.92027,-0.00502,-0.01440,0.37929,0.49426,0.00737,0.88091,11.27423
13.900,"PI",-1.51468,0.33061,-0.67744,1.05130,1.11338,0.29338,0.09933,0.25150,0.17833,0.45000,-0.07046,"WALKING",0.28243,0.22198,0.28101,2.27676,2.88215,2.27676,2.88215,-0.01525,-0.03812,0.43719,0.56390,0.01730,1.01839,11.32515
13.950,"PI",-1.51763,0.31682,-0.68728,1.04419,1.10470,0.28470,0.09411,0.24824,0.17157,0.45000,-0.09317,"WALKING",0.28150,0.21984,0.27663,2.25479,2.83724,2.25479,2.83724,-0.02197,-0.04491,0.45656,0.58441,0.01669,1.05766,11.37803
14.000,"PI",-1.52044,0.30305,-0.69695,1.03708,1.10388,0.28388,0.09419,0.24566,0.16815,0.45000,-0.07627,"WALKING",0.28057,0.21783,0.27349,2.23420,2.80506,2.23420,2.80506,-0.02059,-0.03218,0.42738,0.54618,0.00827,0.98182,11.42712
14.050,"PI",-1.52311,0.28930,-0.70649,1.02995,1.10314,0.28314,0.09442,0.24362,0.16592,0.45000,-0.06274,"WALKING",0.27961,0.21616,0.27108,2.21703,2.78029,2.21703,2.78029,-0.01717,-0.02477,0.40503,0.51733,0.00535,0.92770,11.47351
14.100,"PI",-1.52830,0.26250,-0.71590,1.02279,1.10247,0.28247,0.09474,0.24198,0.16454,0.45000,-0.05189,"WALKING",0.27865,0.21475,0.26921,2.20256,2.76115,2.20256,2.76115,-0.01447,-0.01915,0.38782,0.49543,0.00327,0.88652,11.51783
14.150,"PI",-1.53557,0.22302,-0.72526,1.01554,1.11267,0.29267,0.10214,0.24234,0.16904,0.45000,0.00441,"WALKING",0.27768,0.21436,0.27032,2.19862,2.77249,2.19862,2.77249,-0.00395,0.01134,0.34187,0.44065,0.01097,0.79348,11.55751
14.200,"PI",-1.53625,0.21609,-0.73471,1.00809,1.13344,0.31344,0.11571,0.24632,0.18060,0.45000,0.09483,"WALKING",0.27669,0.21643,0.27621,2.21983,2.83295,2.21983,2.83295,0.02121,0.06046,0.47476,0.61631,0.03006,1.12114,11.61356
14.250,"PI",-1.53698,0.20889,-0.74416,1.00049,1.12682,0.30682,0.11180,0.24792,0.18250,0.45000,0.04484,"WALKING",0.27569,0.21772,0.27812,2.23300,2.85256,2.23300,2.85256,0.01317,0.01961,0.39212,0.51152,0.00498,0.90863,11.65899
14.300,"PI",-1.53695,0.20627,-0.75353,0.99282,1.12036,0.30036,0.10789,0.24788,0.18183,0.45000,0.00653,"WALKING",0.27468,0.21779,0.27798,2.23375,2.85105,2.23375,2.85105,0.00075,-0.00150,0.33617,0.43963,0.00174,0.77754,11.69787
14.350,"PI",-1.54201,0.17157,-0.76278,0.98511,1.11013,0.29013,0.10155,0.24632,0.17756,0.45000,-0.03992,"WALKING",0.27366,0.21693,0.27571,2.22497,2.82775,2.22497,2.82775,-0.00878,-0.02330,0.38939,0.50512,0.01094,0.90545,11.74314
14.400,"PI",-1.53972,0.18336,-0.77201,0.97726,1.12652,0.30652,0.11222,0.24786,0.18408,0.45000,0.04098,"WALKING",0.27263,0.21739,0.27832,2.22967,2.85461,2.22967,2.85461,0.00471,0.02686,0.38938,0.50922,0.01730,0.91591,11.78894
14.450,"PI",-1.53982,0.18031,-0.78109,0.96942,1.10438,0.28438,0.09825,0.24543,0.17561,0.45000,-0.06545,"WALKING",0.27159,0.21637,0.27450,2.21919,2.81536,2.21919,2.81536,-0.01048,-0.03925,0.41902,0.54166,0.02143,0.98211,11.83804
14.500,"PI",-1.54134,0.16683,-0.78997,0.96161,1.09471,0.27471,0.09231,0.24216,0.16858,0.45000,-0.09361,"WALKING",0.27054,0.21426,0.27006,2.19750,2.76982,2.19750,2.76982,-0.02169,-0.04555,0.44480,0.57016,0.01706,1.03202,11.88965
14.550,"PI",-1.54274,0.15340,-0.79873,0.95377,1.09372,0.27372,0.09232,0.23955,0.16509,0.45000,-0.07735,"WALKING",0.26948,0.21222,0.26687,2.17665,2.73712,2.17665,2.73712,-0.02085,-0.03269,0.41694,0.53350,0.00830,0.95874,11.93758
14.600,"PI",-1.54425,0.13789,-0.80735,0.94593,1.09277,0.27277,0.09248,0.23744,0.16277,0.45000,-0.06453,"WALKING",0.26841,0.21050,0.26438,2.15900,2.71158,2.15900,2.71158,-0.01765,-0.02555,0.39581,0.50611,0.00545,0.90737,11.98295
14.650,"PI",-1.54726,0.10632,-0.81586,0.93806,1.09359,0.27359,0.09388,0.23598,0.16215,0.45000,-0.04673,"WALKING",0.26732,0.20914,0.26282,2.14507,2.69555,2.14507,2.69555,-0.01393,-0.01603,0.37081,0.47487,0.00144,0.84713,12.02531
14.700,"PI",-1.54906,0.08301,-0.82435,0.93008,1.10758,0.28758,0.10386,0.23719,0.16887,0.45000,0.02513,"WALKING",0.26623,0.20924,0.26513,2.14604,2.71932,2.14604,2.71932,0.00096,0.02377,0.36220,0.46830,0.01634,0.84684,12.06765
14.750,"PI",-1.55097,0.05518,-0.83284,0.92195,1.11478,0.29478,0.10900,0.23932,0.17503,0.45000,0.05128,"WALKING",0.26513,0.21035,0.26829,2.15748,2.75169,2.15748,2.75169,0.01144,0.03237,0.39656,0.51559,0.01553,0.92768,12.11403
14.800,"PI",-1.55042,0.05444,-0.84134,0.91367,1.12561,0.30561,0.11607,0.24276,0.18342,0.45000,0.08762,"WALKING",0.26402,0.21240,0.27311,2.17849,2.80117,2.17849,2.80117,0.02101,0.04948,0.44627,0.58429,0.02215,1.05270,12.16667
14.850,"PI",-1.55060,0.04451,-0.84977,0.90531,1.11404,0.29404,0.10884,0.24309,0.18217,0.45000,0.01746,"WALKING",0.26290,0.21294,0.27324,2.18398,2.80241,2.18398,2.80241,0.00549,0.00125,0.33826,0.44445,0.00328,0.78599,12.20597
14.900,"PI",-1.55015,0.04416,-0.85811,0.89689,1.11002,0.29002,0.10636,0.24267,0.18116,0.45000,-0.00407,"WALKING",0.26178,0.21269,0.27266,2.18146,2.79649,2.18146,2.79649,-0.00252,-0.00592,0.34077,0.44716,0.00261,0.79054,12.24550
14.950,"PI",-1.54964,0.04701,-0.86630,0.88847,1.09821,0.27821,0.09887,0.24059,0.17544,0.45000,-0.05511,"WALKING",0.26064,0.21156,0.26963,2.16981,2.76541,2.16981,2.76541,-0.01165,-0.03108,0.39714,0.51603,0.01446,0.92763,12.29188
15.000,"PI",-1.54996,0.03458,-0.87429,0.88011,1.08398,0.26398,0.08977,0.23688,0.16641,0.45000,-0.10564,"WALKING",0.25950,0.20934,0.26442,2.14709,2.71203,2.14709,2.71203,-0.02272,-0.05338,0.44888,0.57618,0.02164,1.04670,12.34421
15.050,"PI",-1.55019,0.02163,-0.88216,0.87175,1.08233,0.26233,0.08934,0.23385,0.16194,0.45000,-0.08963,"WALKING",0.25835,0.20705,0.26065,2.12356,2.67333,2.12356,2.67333,-0.02353,-0.03870,0.42056,0.53826,0.01042,0.96925,12.39267
15.100,"PI",-1.55032,0.00874,-0.88988,0.86341,1.08119,0.26119,0.08940,0.23140,0.15897,0.45000,-0.07495,"WALKING",0.25719,0.20509,0.25771,2.10345,2.64314,2.10345,2.64314,-0.02011,-0.03020,0.39666,0.50699,0.00680,0.91045,12.43820
15.150,"PI",-1.55034,-0.00409,-0.89745,0.85510,1.08011,0.26011,0.08959,0.22939,0.15702,0.45000,-0.06320,"WALKING",0.25602,0.20340,0.25538,2.08619,2.61924,2.08619,2.61924,-0.01726,-0.02390,0.37822,0.48324,0.00442,0.86588,12.48149
15.200,"PI",-1.55062,-0.05348,-0.90491,0.84679,1.07911,0.25911,0.08984,0.22773,0.15579,0.45000,-0.05370,"WALKING",0.25484,0.20194,0.25351,2.07123,2.60013,2.07123,2.60013,-0.01496,-0.01911,0.36380,0.46495,0.00274,0.83149,12.52307
15.250,"PI",-1.55013,-0.06378,-0.91243,0.83827,1.10789,0.28789,0.10964,0.23142,0.16972,0.45000,0.08474,"WALKING",0.25366,0.20333,0.25951,2.08547,2.66166,2.08547,2.66166,0.01424,0.06153,0.43468,0.56398,0.03405,1.03272,12.57470
15.300,"PI",-1.54957,-0.07488,-0.91993,0.82961,1.10469,0.28469,0.10798,0.23343,0.17348,0.45000,0.05203,"WALKING",0.25248,0.20472,0.26214,2.09968,2.68862,2.09968,2.68862,0.01421,0.02697,0.38087,0.49720,0.00938,0.88745,12.61907
15.350,"PI",-1.54921,-0.06655,-0.92739,0.82086,1.10207,0.28207,0.10657,0.23436,0.17545,0.45000,0.02904,"WALKING",0.25128,0.20532,0.26340,2.10588,2.70151,2.10588,2.70151,0.00620,0.01289,0.34559,0.45299,0.00497,0.80356,12.65925
15.400,"PI",-1.54811,-0.10190,-0.93471,0.81212,1.08358,0.26358,0.09471,0.23212,0.16827,0.45000,-0.05870,"WALKING",0.25008,0.20427,0.25997,2.09511,2.66636,2.09511,2.66636,-0.01078,-0.03515,0.38779,0.50266,0.01740,0.90785,12.70464
15.450,"PI",-1.54768,-0.09992,-0.94199,0.80327,1.10076,0.28076,0.10644,0.23320,0.17489,0.45000,0.02983,"WALKING",0.24887,0.20426,0.26215,2.09498,2.68870,2.09498,2.68870,-0.00013,0.02235,0.34880,0.45723,0.01667,0.82271,12.74578
15.500,"PI",-1.54747,-0.09561,-0.94915,0.79442,1.08747,0.26747,0.09804,0.23184,0.17040,0.45000,-0.03521,"WALKING",0.24766,0.20364,0.26004,2.08857,2.66707,2.08857,2.66707,-0.00641,-0.02164,0.35721,0.46540,0.01101,0.83362,12.78746
15.550,"PI",-1.54682,-0.10454,-0.95613,0.78564,1.07244,0.25244,0.08839,0.22854,0.16204,0.45000,-0.09359,"WALKING",0.24644,0.20172,0.25536,2.06896,2.61909,2.06896,2.61909,-0.01960,-0.04798,0.41776,0.53748,0.01951,0.97474,12.83620
15.600,"PI",-1.54594,-0.11680,-0.96294,0.77693,1.06833,0.24833,0.08629,0.22545,0.15694,0.45000,-0.09109,"WALKING",0.24522,0.19947,0.25142,2.04588,2.57867,2.04588,2.57867,-0.02308,-0.04042,0.40627,0.52031,0.01154,0.93812,12.88310
15.650,"PI",-1.54497,-0.12900,-0.96961,0.76826,1.06707,0.24707,0.08629,0.22293,0.15387,0.45000,-0.07659,"WALKING",0.24399,0.19747,0.24840,2.02529,2.54764,2.02529,2.54764,-0.02059,-0.03102,0.38305,0.48982,0.00681,0.87968,12.92709
15.700,"PI",-1.54301,-0.15397,-0.97617,0.75962,1.06588,0.24588,0.08641,0.22086,0.15181,0.45000,-0.06498,"WALKING",0.24276,0.19573,0.24598,2.00754,2.52290,2.00754,2.52290,-0.01775,-0.02474,0.36512,0.46665,0.00450,0.83626,12.96890
15.750,"PI",-1.54075,-0.17893,-0.98264,0.75095,1.07515,0.25515,0.09371,0.22070,0.15581,0.45000,-0.00993,"WALKING",0.24152,0.19491,0.24649,1.99910,2.52806,1.99910,2.52806,-0.00843,0.00516,0.30199,0.38992,0.00898,0.70089,13.00395
15.800,"PI",-1.53815,-0.20446,-0.98910,0.74215,1.08451,0.26451,0.10068,0.22224,0.16208,0.45000,0.03345,"WALKING",0.24027,0.19542,0.24907,2.00429,2.55454,2.00429,2.55454,0.00519,0.02648,0.34747,0.45130,0.01464,0.81341,13.04462
15.850,"PI",-1.53666,-0.21484,-0.99555,0.73319,1.09432,0.27432,0.10754,0.22509,0.16995,0.45000,0.06925,"WALKING",0.23903,0.19696,0.25322,2.02013,2.59709,2.02013,2.59709,0.01584,0.04255,0.39273,0.51389,0.01926,0.92588,13.09091
15.900,"PI",-1.53569,-0.21953,-1.00197,0.72412,1.09159,0.27159,0.10598,0.22659,0.17264,0.45000,0.04200,"WALKING",0.23778,0.19802,0.25516,2.03093,2.61703,2.03093,2.61703,0.01080,0.01994,0.35094,0.46141,0.00669,0.81904,13.13186
15.950,"PI",-1.53490,-0.22269,-1.00830,0.71500,1.08412,0.26412,0.10127,0.22634,0.17137,0.45000,-0.00009,"WALKING",0.23652,0.19798,0.25470,2.03055,2.61232,2.03055,2.61232,-0.00038,-0.00472,0.31003,0.40797,0.00315,0.72115,13.16792
16.000,"PI",-1.53485,-0.21992,-1.01452,0.70590,1.07543,0.25543,0.09574,0.22484,0.16746,0.45000,-0.03829,"WALKING",0.23527,0.19713,0.25256,2.02184,2.59034,2.02184,2.59034,-0.00871,-0.02198,0.34917,0.45618,0.00943,0.81477,13.20866
16.050,"PI",-1.53408,-0.22399,-1.02057,0.69687,1.06202,0.24202,0.08704,0.22169,0.15952,0.45000,-0.08889,"WALKING",0.23401,0.19529,0.24809,2.00301,2.54456,2.00301,2.54456,-0.01883,-0.04577,0.39896,0.51510,0.01823,0.93230,13.25527
16.100,"PI",-1.53235,-0.23553,-1.02646,0.68794,1.05436,0.23436,0.08240,0.21817,0.15258,0.45000,-0.10306,"WALKING",0.23274,0.19292,0.24342,1.97864,2.49662,1.97864,2.49662,-0.02437,-0.04794,0.40579,0.51977,0.01525,0.94081,13.30231
16.150,"PI",-1.53054,-0.24700,-1.03220,0.67909,1.05296,0.23296,0.08230,0.21531,0.14875,0.45000,-0.08653,"WALKING",0.23148,0.19069,0.23993,1.95581,2.46080,1.95581,2.46080,-0.02284,-0.03582,0.37988,0.48543,0.00819,0.87350,13.34599
16.200,"PI",-1.52866,-0.25839,-1.03782,0.67030,1.05166,0.23166,0.08236,0.21296,0.14614,0.45000,-0.07322,"WALKING",0.23021,0.18878,0.23715,1.93618,2.43232,1.93618,2.43232,-0.01963,-0.02849,0.35984,0.45929,0.00549,0.82462,13.38722
16.250,"PI",-1.52390,-0.28780,-1.04332,0.66155,1.05042,0.23042,0.08251,0.21101,0.14442,0.45000,-0.06256,"WALKING",0.22894,0.18711,0.23491,1.91909,2.40938,1.91909,2.40938,-0.01709,-0.02294,0.34430,0.43935,0.00359,0.78723,13.42658
16.300,"PI",-1.51851,-0.31886,-1.04877,0.65273,1.06406,0.24406,0.09289,0.21173,0.15096,0.45000,0.01123,"WALKING",0.22767,0.18674,0.23671,1.91532,2.42780,1.91532,2.42780,-0.00377,0.01843,0.30547,0.39467,0.01421,0.71435,13.46230
16.350,"PI",-1.51710,-0.32428,-1.05423,0.64372,1.07919,0.25919,0.10361,0.21496,0.16108,0.45000,0.07531,"WALKING",0.22639,0.18830,0.24162,1.93127,2.47813,1.93127,2.47813,0.01595,0.05032,0.38637,0.50391,0.02349,0.91377,13.50799
16.400,"PI",-1.51639,-0.32581,-1.05965,0.63463,1.07298,0.25298,0.09987,0.21610,0.16279,0.45000,0.03144,"WALKING",0.22512,0.18915,0.24304,1.94004,2.49271,1.94004,2.49271,0.00877,0.01458,0.32293,0.42319,0.00401,0.75013,13.54549
16.450,"PI",-1.51470,-0.33294,-1.06498,0.62552,1.06350,0.24350,0.09386,0.21533,0.16038,0.45000,-0.01718,"WALKING",0.22384,0.18879,0.24187,1.93628,2.48076,1.93628,2.48076,-0.00377,-0.01195,0.31067,0.40613,0.00557,0.72237,13.58161
16.500,"PI",-1.50968,-0.35729,-1.07020,0.61642,1.05872,0.23872,0.09103,0.21403,0.15802,0.45000,-0.03444,"WALKING",0.22257,0.18788,0.24018,1.92697,2.46341,1.92697,2.46341,-0.00930,-0.01734,0.32558,0.42415,0.00539,0.75512,13.61937
16.550,"PI",-1.51174,-0.34480,-1.07536,0.60725,1.06829,0.24829,0.09787,0.21459,0.16217,0.45000,0.01524,"WALKING",0.22129,0.18775,0.24143,1.92568,2.47622,1.92568,2.47622,-0.00129,0.01281,0.30249,0.39716,0.00970,0.70935,13.65484
16.600,"PI",-1.51108,-0.34671,-1.08038,0.59816,1.04730,0.22730,0.08398,0.21175,0.15301,0.45000,-0.08048,"WALKING",0.22001,0.18642,0.23707,1.91202,2.43149,1.91202,2.43149,-0.01365,-0.04474,0.37048,0.47872,0.02017,0.86937,13.69830
16.650,"PI",-1.50859,-0.35739,-1.08525,0.58919,1.03840,0.21840,0.07844,0.20826,0.14578,0.45000,-0.10191,"WALKING",0.21873,0.18413,0.23239,1.88854,2.38345,1.88854,2.38345,-0.02348,-0.04803,0.38511,0.49311,0.01518,0.89339,13.74297
16.700,"PI",-1.50604,-0.36800,-1.09000,0.58032,1.03694,0.21694,0.07832,0.20542,0.14196,0.45000,-0.08595,"WALKING",0.21746,0.18192,0.22891,1.86589,2.34782,1.86589,2.34782,-0.02265,-0.03563,0.36087,0.46087,0.00782,0.82955,13.78445
16.750,"PI",-1.50243,-0.38284,-1.09461,0.57152,1.03556,0.21556,0.07835,0.20308,0.13934,0.45000,-0.07308,"WALKING",0.21618,0.18001,0.22614,1.84630,2.31934,1.84630,2.31934,-0.01959,-0.02848,0.34207,0.43630,0.00526,0.78363,13.82363
16.800,"PI",-1.49578,-0.40999,-1.09914,0.56276,1.03784,0.21784,0.08101,0.20166,0.13949,0.45000,-0.04696,"WALKING",0.21490,0.17857,0.22475,1.83153,2.30508,1.83153,2.30508,-0.01477,-0.01426,0.31183,0.39900,0.00030,0.71114,13.85919
16.850,"PI",-1.50578,-0.36761,-1.10363,0.55391,1.05050,0.23050,0.09072,0.20268,0.14624,0.45000,0.01906,"WALKING",0.21363,0.17848,0.22688,1.83055,2.32701,1.83055,2.32701,-0.00098,0.02193,0.30006,0.38837,0.01421,0.70263,13.89432
16.900,"PI",-1.50321,-0.37795,-1.10792,0.54531,1.00545,0.18545,0.05910,0.19643,0.12492,0.45000,-0.18336,"WALKING",0.21236,0.17575,0.21710,1.80260,2.22669,1.80260,2.22669,-0.02795,-0.10032,0.44689,0.55770,0.03835,1.04294,13.94647
16.950,"PI",-1.50060,-0.38821,-1.11207,0.53688,1.00432,0.18432,0.05982,0.19156,0.11813,0.45000,-0.14797,"WALKING",0.21108,0.17201,0.21111,1.76422,2.16525,1.76422,2.16525,-0.03838,-0.06144,0.39760,0.49319,0.01156,0.90234,13.99159
17.000,"PI",-1.49793,-0.39838,-1.11608,0.52861,1.00336,0.18336,0.06083,0.18776,0.11396,0.45000,-0.11966,"WALKING",0.20981,0.16890,0.20662,1.73231,2.11919,1.73231,2.11919,-0.03191,-0.04607,0.36041,0.44581,0.00684,0.81306,14.03224
17.050,"PI",-1.49521,-0.40848,-1.11998,0.52044,1.00256,0.18256,0.06202,0.18478,0.11169,0.45000,-0.09686,"WALKING",0.20855,0.16630,0.20327,1.70563,2.08479,1.70563,2.08479,-0.02669,-0.03440,0.33199,0.41053,0.00366,0.74617,14.06955
17.100,"PI",-1.49243,-0.41850,-1.12377,0.51239,1.00185,0.18185,0.06329,0.18244,0.11076,0.45000,-0.07869,"WALKING",0.20728,0.16410,0.20077,1.68312,2.05914,1.68312,2.05914,-0.02251,-0.02565,0.31031,0.38428,0.00147,0.69605,14.10435
17.150,"PI",-1.48961,-0.42844,-1.12748,0.50441,1.00124,0.18124,0.06461,0.18058,0.11080,0.45000,-0.06405,"WALKING",0.20602,0.16224,0.19891,1.66400,2.04014,1.66400,2.04014,-0.01912,-0.01899,0.29349,0.36444,0.00006,0.65800,14.13725
17.200,"PI",-1.48674,-0.43830,-1.13111,0.49646,1.00067,0.18067,0.06591,0.17909,0.11148,0.45000,-0.05246,"WALKING",0.20476,0.16064,0.19754,1.64760,2.02608,1.64760,2.02608,-0.01640,-0.01407,0.28055,0.34960,0.00110,0.63125,14.16881
17.250,"PI",-1.48382,-0.44808,-1.13467,0.48856,1.00012,0.18012,0.06714,0.17789,0.11258,0.45000,-0.04332,"WALKING",0.20350,0.15926,0.19652,1.63341,2.01561,1.63341,2.01561,-0.01419,-0.01047,0.27056,0.33848,0.00178,0.61081,14.19935
17.300,"PI",-1.48086,-0.45778,-1.13818,0.48067,0.99960,0.17960,0.06831,0.17690,0.11392,0.45000,-0.03609,"WALKING",0.20225,0.15805,0.19576,1.62102,2.00778,1.62102,2.00778,-0.01239,-0.00783,0.26274,0.33009,0.00221,0.59503,14.22910
17.350,"PI",-1.47785,-0.46740,-1.14161,0.47280,0.99906,0.17906,0.06937,0.17608,0.11538,0.45000,-0.03055,"WALKING",0.20099,0.15698,0.19517,1.61007,2.00177,1.61007,2.00177,-0.01095,-0.00601,0.25675,0.32391,0.00242,0.58308,14.25826
17.400,"PI",-1.47480,-0.47695,-1.14500,0.46493,0.99852,0.17852,0.07033,0.17537,0.11687,0.45000,-0.02621,"WALKING",0.19975,0.15603,0.19471,1.60030,1.99705,1.60030,1.99705,-0.00977,-0.00473,0.25200,0.31923,0.00250,0.57374,14.28695
17.450,"PI",-1.47170,-0.48641,-1.14832,0.45708,0.99795,0.17795,0.07119,0.17475,0.11832,0.45000,-0.02294,"WALKING",0.19851,0.15517,0.19433,1.59147,1.99314,1.59147,1.99314,-0.00883,-0.00390,0.24832,0.31579,0.00247,0.56658,14.31527
17.500,"PI",-1.46857,-0.49579,-1.15159,0.44923,0.99737,0.17737,0.07192,0.17419,0.11968,0.45000,-0.02045,"WALKING",0.19727,0.15439,0.19400,1.58344,1.98974,1.58344,1.98974,-0.00803,-0.00341,0.24539,0.31320,0.00235,0.56093,14.34332
17.550,"PI",-1.46539,-0.50510,-1.15479,0.44141,0.99677,0.17677,0.07257,0.17368,0.12094,0.45000,-0.01857,"WALKING",0.19603,0.15367,0.19370,1.57605,1.98662,1.57605,1.98662,-0.00739,-0.00311,0.24302,0.31122,0.00219,0.55643,14.37114
17.600,"PI",-1.46218,-0.51433,-1.15794,0.43359,0.99617,0.17617,0.07306,0.17320,0.12204,0.45000,-0.01711,"WALKING",0.19480,0.15301,0.19340,1.56929,1.98358,1.56929,1.98358,-0.00677,-0.00304,0.24105,0.30962,0.00193,0.55260,14.39877
17.650,"PI",-1.45893,-0.52348,-1.16103,0.42577,0.99554,0.17554,0.07346,0.17275,0.12299,0.45000,-0.01612,"WALKING",0.19358,0.15239,0.19310,1.56298,1.98051,1.56298,1.98051,-0.00631,-0.00307,0.23950,0.30844,0.00169,0.54963,14.42625
17.700,"PI",-1.45564,-0.53255,-1.16406,0.41795,0.99489,0.17489,0.07379,0.17230,0.12380,0.45000,-0.01544,"WALKING",0.19236,0.15181,0.19279,1.55704,1.97733,1.55704,1.97733,-0.00594,-0.00318,0.23822,0.30750,0.00145,0.54717,14.45361
17.750,"PI",-1.45232,-0.54154,-1.16704,0.41013,0.99421,0.17421,0.07403,0.17186,0.12447,0.45000,-0.01504,"WALKING",0.19115,0.15126,0.19246,1.55140,1.97396,1.55140,1.97396,-0.00564,-0.00337,0.23717,0.30678,0.00120,0.54515,14.48087
17.800,"PI",-1.44896,-0.55046,-1.16996,0.40232,0.99351,0.17351,0.07420,0.17142,0.12501,0.45000,-0.01480,"WALKING",0.18994,0.15073,0.19211,1.54599,1.97039,1.54599,1.97039,-0.00541,-0.00358,0.23626,0.30614,0.00097,0.54337,14.50804
17.850,"PI",-1.44557,-0.55930,-1.17282,0.39449,0.99279,0.17279,0.07429,0.17098,0.12542,0.45000,-0.01472,"WALKING",0.18874,0.15023,0.19174,1.54078,1.96656,1.54078,1.96656,-0.00521,-0.00382,0.23548,0.30557,0.00074,0.54179,14.53513
17.900,"PI",-1.44215,-0.56806,-1.17563,0.38667,0.99202,0.17202,0.07433,0.17053,0.12571,0.45000,-0.01486,"WALKING",0.18755,0.14973,0.19134,1.53569,1.96245,1.53569,1.96245,-0.00509,-0.00412,0.23486,0.30516,0.00052,0.54054,14.56216
17.950,"PI",-1.43870,-0.57675,-1.17838,0.37886,0.99124,0.17124,0.07432,0.17008,0.12589,0.45000,-0.01505,"WALKING",0.18636,0.14924,0.19091,1.53067,1.95806,1.53067,1.95806,-0.00502,-0.00438,0.23428,0.30472,0.00034,0.53933,14.58912
18.000,"PI",-1.43522,-0.58536,-1.18107,0.37105,0.99043,0.17043,0.07426,0.16961,0.12598,0.45000,-0.01529,"WALKING",0.18518,0.14876,0.19046,1.52572,1.95341,1.52572,1.95341,-0.00495,-0.00465,0.23372,0.30425,0.00016,0.53813,14.61603
18.050,"PI",-1.43171,-0.59389,-1.18371,0.36324,0.98960,0.16960,0.07415,0.16913,0.12598,0.45000,-0.01557,"WALKING",0.18400,0.14828,0.18998,1.52081,1.94850,1.52081,1.94850,-0.00490,-0.00492,0.23318,0.30376,0.00001,0.53695,14.64288
18.100,"PI",-1.42817,-0.60236,-1.18629,0.35541,0.98875,0.16875,0.07401,0.16864,0.12590,0.45000,-0.01592,"WALKING",0.18284,0.14780,0.18947,1.51591,1.94332,1.51591,1.94332,-0.00490,-0.00518,0.23269,0.30328,0.00015,0.53612,14.66968
18.150,"PI",-1.42460,-0.61074,-1.18881,0.34762,0.98784,0.16784,0.07387,0.16813,0.12577,0.45000,-0.01641,"WALKING",0.18168,0.14731,0.18894,1.51092,1.93788,1.51092,1.93788,-0.00499,-0.00544,0.23229,0.30290,0.00024,0.53543,14.69645
18.200,"PI",-1.42101,-0.61905,-1.19127,0.33984,0.98694,0.16694,0.07368,0.16761,0.12557,0.45000,-0.01674,"WALKING",0.18052,0.14683,0.18839,1.50593,1.93222,1.50593,1.93222,-0.00499,-0.00566,0.23175,0.30229,0.00036,0.53439,14.72317
18.250,"PI",-1.41739,-0.62729,-1.19367,0.33207,0.98603,0.16603,0.07347,0.16708,0.12532,0.45000,-0.01705,"WALKING",0.17938,0.14634,0.18782,1.50093,1.92637,1.50093,1.92637,-0.00500,-0.00585,0.23117,0.30161,0.00045,0.53323,14.74983
18.300,"PI",-1.41375,-0.63546,-1.19603,0.32429,0.98510,0.16510,0.07324,0.16654,0.12502,0.45000,-0.01741,"WALKING",0.17824,0.14585,0.18723,1.49589,1.92032,1.49589,1.92032,-0.00503,-0.00606,0.23062,0.30095,0.00054,0.53211,14.77644
18.350,"PI",-1.41009,-0.64355,-1.19832,0.31653,0.98413,0.16413,0.07299,0.16599,0.12468,0.45000,-0.01786,"WALKING",0.17712,0.14535,0.18662,1.49078,1.91405,1.49078,1.91405,-0.00511,-0.00627,0.23013,0.30033,0.00061,0.53107,14.80299
18.400,"PI",-1.40640,-0.65157,-1.20056,0.30879,0.98315,0.16315,0.07273,0.16542,0.12431,0.45000,-0.01821,"WALKING",0.17600,0.14485,0.18599,1.48561,1.90762,1.48561,1.90762,-0.00517,-0.00643,0.22955,0.29959,0.00066,0.52981,14.82948
18.450,"PI",-1.40269,-0.65952,-1.20274,0.30107,0.98217,0.16217,0.07246,0.16484,0.12391,0.45000,-0.01853,"WALKING",0.17489,0.14434,0.18535,1.48038,1.90103,1.48038,1.90103,-0.00522,-0.00658,0.22893,0.29878,0.00071,0.52842,14.85591
18.500,"PI",-1.39896,-0.66740,-1.20487,0.29336,0.98117,0.16117,0.07218,0.16426,0.12348,0.45000,-0.01885,"WALKING",0.17379,0.14382,0.18469,1.47511,1.89430,1.47511,1.89430,-0.00527,-0.00673,0.22829,0.29794,0.00076,0.52699,14.88225
18.550,"PI",-1.39521,-0.67520,-1.20694,0.28566,0.98017,0.16017,0.07189,0.16367,0.12303,0.45000,-0.01913,"WALKING",0.17270,0.14330,0.18403,1.46978,1.88745,1.46978,1.88745,-0.00532,-0.00685,0.22762,0.29704,0.00080,0.52545,14.90853
18.600,"PI",-1.39143,-0.68294,-1.20896,0.27799,0.97914,0.15914,0.07161,0.16306,0.12257,0.45000,-0.01946,"WALKING",0.17161,0.14278,0.18335,1.46436,1.88049,1.46436,1.88049,-0.00542,-0.00697,0.22698,0.29617,0.00080,0.52395,14.93472
18.650,"PI",-1.38764,-0.69061,-1.21093,0.27034,0.97811,0.15811,0.07133,0.16245,0.12212,0.45000,-0.01970,"WALKING",0.17054,0.14224,0.18266,1.45887,1.87344,1.45887,1.87344,-0.00549,-0.00705,0.22625,0.29520,0.00081,0.52225,14.96084
18.700,"PI",-1.38384,-0.69821,-1.21284,0.26269,0.97706,0.15706,0.07104,0.16183,0.12164,0.45000,-0.01997,"WALKING",0.16948,0.14170,0.18196,1.45333,1.86628,1.45333,1.86628,-0.00554,-0.00716,0.22553,0.29424,0.00083,0.52060,14.98687
18.750,"PI",-1.38001,-0.70574,-1.21470,0.25506,0.97600,0.15600,0.07073,0.16120,0.12115,0.45000,-0.02025,"WALKING",0.16843,0.14115,0.18125,1.44773,1.85901,1.44773,1.85901,-0.00560,-0.00727,0.22481,0.29326,0.00086,0.51892,15.01281
18.800,"PI",-1.37617,-0.71321,-1.21651,0.24745,0.97492,0.15492,0.07041,0.16057,0.12063,0.45000,-0.02054,"WALKING",0.16739,0.14060,0.18053,1.44208,1.85161,1.44208,1.85161,-0.00565,-0.00740,0.22409,0.29227,0.00090,0.51726,15.03868
18.850,"PI",-1.37231,-0.72060,-1.21828,0.23985,0.97383,0.15383,0.07009,0.15992,0.12011,0.45000,-0.02082,"WALKING",0.16636,0.14004,0.17980,1.43634,1.84410,1.43634,1.84410,-0.00573,-0.00750,0.22335,0.29127,0.00090,0.51552,15.06445
18.900,"PI",-1.36843,-0.72793,-1.21998,0.23230,0.97272,0.15272,0.06977,0.15927,0.11959,0.45000,-0.02111,"WALKING",0.16533,0.13948,0.17906,1.43052,1.83650,1.43052,1.83650,-0.00582,-0.00760,0.22260,0.29025,0.00090,0.51375,15.09014
18.950,"PI",-1.36454,-0.73520,-1.22164,0.22476,0.97164,0.15164,0.06943,0.15861,0.11904,0.45000,-0.02123,"WALKING",0.16433,0.13891,0.17831,1.42471,1.82884,1.42471,1.82884,-0.00581,-0.00767,0.22171,0.28904,0.00094,0.51168,15.11572
19.000,"PI",-1.36064,-0.74240,-1.22326,0.21722,0.97054,0.15054,0.06909,0.15795,0.11848,0.45000,-0.02140,"WALKING",0.16333,0.13834,0.17756,1.41887,1.82110,1.41887,1.82110,-0.00585,-0.00773,0.22086,0.28787,0.00095,0.50968,15.14121
19.050,"PI",-1.35672,-0.74954,-1.22481,0.20974,0.96941,0.14941,0.06880,0.15728,0.11796,0.45000,-0.02168,"WALKING",0.16234,0.13776,0.17680,1.41287,1.81333,1.41287,1.81333,-0.00599,-0.00777,0.22009,0.28682,0.00089,0.50780,15.16660
19.100,"PI",-1.35279,-0.75661,-1.22632,0.20227,0.96831,0.14831,0.06846,0.15661,0.11740,0.45000,-0.02174,"WALKING",0.16137,0.13717,0.17604,1.40692,1.80550,1.40692,1.80550,-0.00595,-0.00784,0.21914,0.28554,0.00094,0.50561,15.19188
19.150,"PI",-1.34884,-0.76362,-1.22778,0.19483,0.96719,0.14719,0.06811,0.15593,0.11683,0.45000,-0.02189,"WALKING",0.16040,0.13659,0.17526,1.40096,1.79759,1.40096,1.79759,-0.00597,-0.00791,0.21825,0.28432,0.00096,0.50353,15.21706
19.200,"PI",-1.34489,-0.77057,-1.22918,0.18741,0.96607,0.14607,0.06775,0.15525,0.11625,0.45000,-0.02200,"WALKING",0.15945,0.13601,0.17449,1.39497,1.78963,1.39497,1.78963,-0.00599,-0.00796,0.21734,0.28307,0.00097,0.50138,15.24212
19.250,"PI",-1.34092,-0.77746,-1.23054,0.18002,0.96494,0.14494,0.06740,0.15457,0.11566,0.45000,-0.02211,"WALKING",0.15851,0.13542,0.17371,1.38897,1.78163,1.38897,1.78163,-0.00600,-0.00800,0.21643,0.28181,0.00098,0.49922,15.26709
19.300,"PI",-1.33694,-0.78428,-1.23185,0.17265,0.96381,0.14381,0.06704,0.15388,0.11507,0.45000,-0.02222,"WALKING",0.15759,0.13484,0.17292,1.38294,1.77358,1.38294,1.77358,-0.00603,-0.00804,0.21551,0.28054,0.00098,0.49703,15.29194
19.350,"PI",-1.33294,-0.79105,-1.23311,0.16532,0.96269,0.14269,0.06668,0.15319,0.11447,0.45000,-0.02229,"WALKING",0.15667,0.13425,0.17214,1.37690,1.76551,1.37690,1.76551,-0.00603,-0.00807,0.21456,0.27923,0.00099,0.49478,15.31668
19.400,"PI",-1.32894,-0.79776,-1.23432,0.15800,0.96156,0.14156,0.06633,0.15250,0.11387,0.45000,-0.02233,"WALKING",0.15577,0.13366,0.17135,1.37086,1.75743,1.37086,1.75743,-0.00605,-0.00808,0.21359,0.27789,0.00098,0.49246,15.34130
19.450,"PI",-1.32493,-0.80441,-1.23549,0.15071,0.96043,0.14043,0.06598,0.15181,0.11328,0.45000,-0.02241,"WALKING",0.15488,0.13307,0.17056,1.36477,1.74933,1.36477,1.74933,-0.00609,-0.00809,0.21265,0.27660,0.00096,0.49021,15.36581
19.500,"PI",-1.32090,-0.81100,-1.23662,0.14345,0.95929,0.13929,0.06563,0.15112,0.11268,0.45000,-0.02247,"WALKING",0.15401,0.13247,0.16977,1.35867,1.74122,1.35867,1.74122,-0.00610,-0.00812,0.21168,0.27528,0.00096,0.48792,15.39021
19.550,"PI",-1.31687,-0.81753,-1.23769,0.13623,0.95816,0.13816,0.06529,0.15043,0.11209,0.45000,-0.02250,"WALKING",0.15315,0.13187,0.16898,1.35256,1.73310,1.35256,1.73310,-0.00611,-0.00812,0.21069,0.27393,0.00095,0.48558,15.41448
19.600,"PI",-1.31283,-0.82401,-1.23872,0.12904,0.95704,0.13704,0.06494,0.14973,0.11150,0.45000,-0.02251,"WALKING",0.15230,0.13128,0.16819,1.34645,1.72498,1.34645,1.72498,-0.00611,-0.00812,0.20969,0.27256,0.00095,0.48320,15.43865
19.650,"PI",-1.30877,-0.83043,-1.23970,0.12187,0.95592,0.13592,0.06460,0.14904,0.11091,0.45000,-0.02245,"WALKING",0.15146,0.13068,0.16740,1.34036,1.71689,1.34036,1.71689,-0.00609,-0.00809,0.20865,0.27114,0.00094,0.48073,15.46268
19.700,"PI",-1.30471,-0.83680,-1.24065,0.11471,0.95480,0.13480,0.06425,0.14835,0.11033,0.45000,-0.02248,"WALKING",0.15064,0.13009,0.16661,1.33425,1.70879,1.33425,1.70879,-0.00611,-0.00810,0.20767,0.26980,0.00093,0.47840,15.48660
19.750,"PI",-1.30064,-0.84311,-1.24154,0.10761,0.95366,0.13366,0.06393,0.14765,0.10975,0.45000,-0.02251,"WALKING",0.14983,0.12949,0.16582,1.32811,1.70071,1.32811,1.70071,-0.00614,-0.00809,0.20669,0.26848,0.00091,0.47607,15.51041
19.800,"PI",-1.29656,-0.84937,-1.24240,0.10052,0.95255,0.13255,0.06359,0.14696,0.10918,0.45000,-0.02246,"WALKING",0.14904,0.12889,0.16503,1.32200,1.69263,1.32200,1.69263,-0.00612,-0.00807,0.20565,0.26707,0.00091,0.47363,15.53409
19.850,"PI",-1.29247,-0.85558,-1.24321,0.09347,0.95143,0.13143,0.06326,0.14627,0.10860,0.45000,-0.02244,"WALKING",0.14826,0.12830,0.16425,1.31588,1.68457,1.31588,1.68457,-0.00612,-0.00806,0.20464,0.26570,0.00089,0.47123,15.55765
19.900,"PI",-1.28838,-0.86173,-1.24398,0.08645,0.95033,0.13033,0.06293,0.14558,0.10804,0.45000,-0.02237,"WALKING",0.14750,0.12770,0.16346,1.30978,1.67655,1.30978,1.67655,-0.00610,-0.00803,0.20359,0.26429,0.00088,0.46876,15.58109
19.950,"PI",-1.28427,-0.86784,-1.24471,0.07946,0.94923,0.12923,0.06260,0.14490,0.10747,0.45000,-0.02229,"WALKING",0.14675,0.12711,0.16268,1.30370,1.66855,1.30370,1.66855,-0.00608,-0.00799,0.20254,0.26287,0.00087,0.46628,15.60440
20.000,"PI",-1.28016,-0.87389,-1.24539,0.07250,0.94812,0.12812,0.06228,0.14421,0.10692,0.45000,-0.02224,"WALKING",0.14601,0.12652,0.16191,1.29763,1.66059,1.29763,1.66059,-0.00607,-0.00796,0.20151,0.26150,0.00086,0.46387,15.62759
20.050,"PI",-1.27604,-0.87990,-1.24604,0.06557,0.94703,0.12703,0.06196,0.14353,0.10636,0.45000,-0.02214,"WALKING",0.14529,0.12593,0.16114,1.29158,1.65267,1.29158,1.65267,-0.00605,-0.00792,0.20046,0.26008,0.00085,0.46139,15.65066
20.100,"PI",-1.27191,-0.88585,-1.24665,0.05869,0.94595,0.12595,0.06165,0.14285,0.10582,0.45000,-0.02206,"WALKING",0.14459,0.12534,0.16037,1.28555,1.64479,1.28555,1.64479,-0.00603,-0.00788,0.19943,0.25870,0.00083,0.45896,15.67361
20.150,"PI",-1.26778,-0.89176,-1.24722,0.05181,0.94488,0.12488,0.06133,0.14218,0.10528,0.45000,-0.02189,"WALKING",0.14390,0.12476,0.15960,1.27956,1.63696,1.27956,1.63696,-0.00598,-0.00782,0.19834,0.25725,0.00082,0.45641,15.69643
20.200,"PI",-1.26363,-0.89762,-1.24775,0.04498,0.94380,0.12380,0.06103,0.14151,0.10475,0.45000,-0.02182,"WALKING",0.14323,0.12417,0.15885,1.27358,1.62918,1.27358,1.62918,-0.00598,-0.00778,0.19732,0.25590,0.00080,0.45402,15.71913
20.250,"PI",-1.25948,-0.90344,-1.24824,0.03824,0.94274,0.12274,0.06073,0.14084,0.10422,0.45000,-0.02171,"WALKING",0.14257,0.12359,0.15809,1.26762,1.62145,1.26762,1.62145,-0.00596,-0.00773,0.19628,0.25451,0.00079,0.45158,15.74171
20.300,"PI",-1.25532,-0.90921,-1.24869,0.03153,0.94175,0.12175,0.06043,0.14019,0.10370,0.45000,-0.02128,"WALKING",0.14192,0.12303,0.15735,1.26182,1.61386,1.26182,1.61386,-0.00581,-0.00758,0.19504,0.25287,0.00078,0.44869,15.76415
20.350,"PI",-1.25116,-0.91493,-1.24910,0.02485,0.94077,0.12077,0.06013,0.13955,0.10318,0.45000,-0.02091,"WALKING",0.14130,0.12247,0.15663,1.25612,1.60642,1.25612,1.60642,-0.00570,-0.00745,0.19387,0.25132,0.00077,0.44596,15.78644
20.400,"PI",-1.24698,-0.92061,-1.24948,0.01821,0.93979,0.11979,0.05984,0.13892,0.10268,0.45000,-0.02061,"WALKING",0.14068,0.12192,0.15591,1.25050,1.59909,1.25050,1.59909,-0.00562,-0.00733,0.19277,0.24986,0.00075,0.44337,15.80861
20.450,"PI",-1.24280,-0.92625,-1.24982,0.01159,0.93882,0.11882,0.05955,0.13830,0.10218,0.45000,-0.02033,"WALKING",0.14009,0.12138,0.15521,1.24497,1.59186,1.24497,1.59186,-0.00553,-0.00723,0.19170,0.24843,0.00074,0.44086,15.83066
20.500,"PI",-1.23861,-0.93185,-1.25013,0.00500,0.93787,0.11787,0.05927,0.13768,0.10168,0.45000,-0.02006,"WALKING",0.13951,0.12085,0.15451,1.23952,1.58472,1.23952,1.58472,-0.00546,-0.00713,0.19065,0.24703,0.00072,0.43841,15.85258
20.550,"PI",-1.23441,-0.93740,-1.25040,-0.00156,0.93692,0.11692,0.05899,0.13708,0.10120,0.45000,-0.01981,"WALKING",0.13895,0.12033,0.15382,1.23412,1.57768,1.23412,1.57768,-0.00539,-0.00704,0.18963,0.24568,0.00071,0.43602,15.87438
20.600,"PI",-1.23021,-0.94291,-1.25064,-0.00809,0.93598,0.11598,0.05871,0.13647,0.10071,0.45000,-0.01961,"WALKING",0.13840,0.11981,0.15314,1.22879,1.57070,1.22879,1.57070,-0.00534,-0.00698,0.18866,0.24437,0.00070,0.43373,15.89606
20.650,"PI",-1.22600,-0.94839,-1.25085,-0.01460,0.93505,0.11505,0.05845,0.13588,0.10024,0.45000,-0.01939,"WALKING",0.13787,0.11929,0.15247,1.22350,1.56381,1.22350,1.56381,-0.00529,-0.00689,0.18767,0.24307,0.00068,0.43142,15.91763
20.700,"PI",-1.22177,-0.95382,-1.25102,-0.02108,0.93412,0.11412,0.05816,0.13529,0.09977,0.45000,-0.01922,"WALKING",0.13735,0.11878,0.15180,1.21827,1.55696,1.21827,1.55696,-0.00523,-0.00685,0.18674,0.24182,0.00069,0.42925,15.93910
20.750,"PI",-1.21754,-0.95921,-1.25116,-0.02752,0.93320,0.11320,0.05790,0.13471,0.09930,0.45000,-0.01904,"WALKING",0.13686,0.11827,0.15114,1.21307,1.55019,1.21307,1.55019,-0.00520,-0.00677,0.18580,0.24057,0.00067,0.42704,15.96045
20.800,"PI",-1.21330,-0.96457,-1.25126,-0.03394,0.93229,0.11229,0.05764,0.13413,0.09885,0.45000,-0.01882,"WALKING",0.13638,0.11777,0.15049,1.20793,1.54350,1.20793,1.54350,-0.00514,-0.00669,0.18484,0.23930,0.00065,0.42479,15.98169
20.850,"PI",-1.20906,-0.96989,-1.25134,-0.04033,0.93140,0.11140,0.05740,0.13356,0.09840,0.45000,-0.01859,"WALKING",0.13591,0.11728,0.14985,1.20284,1.53691,1.20284,1.53691,-0.00510,-0.00659,0.18389,0.23805,0.00062,0.42256,16.00282
20.900,"PI",-1.16387,-1.02574,-1.25138,-0.04669,0.93052,0.11052,0.05715,0.13300,0.09797,0.45000,-0.01839,"WALKING",0.13547,0.11678,0.14921,1.19779,1.53040,1.19779,1.53040,-0.00505,-0.00651,0.18296,0.23682,0.00061,0.42039,16.02384
20.950,"PI",-1.20053,-0.98042,-1.25139,-0.05351,0.98295,0.16295,0.09593,0.14208,0.12681,0.45000,0.21633,"WALKING",0.13504,0.12109,0.16307,1.24199,1.67250,1.24199,1.67250,0.04420,0.14210,0.36026,0.48945,0.05266,0.90237,16.06895
21.000,"PI",-1.19626,-0.98563,-1.25136,-0.06017,0.92830,0.10830,0.05523,0.13905,0.10717,0.45000,-0.07169,"WALKING",0.13462,0.12131,0.15679,1.24423,1.60806,1.24423,1.60806,0.00223,-0.06444,0.23983,0.31347,0.03031,0.58361,16.09814
21.050,"PI",-1.19197,-0.99081,-1.25129,-0.06671,0.92710,0.10710,0.05454,0.13659,0.10267,0.45000,-0.06122,"WALKING",0.13423,0.11960,0.15358,1.22664,1.57518,1.22664,1.57518,-0.01758,-0.03288,0.22501,0.29224,0.00666,0.52390,16.12433
21.100,"PI",-1.13871,-1.05435,-1.25119,-0.07315,0.92600,0.10600,0.05403,0.13457,0.09930,0.45000,-0.05259,"WALKING",0.13385,0.11814,0.15101,1.21169,1.54881,1.21169,1.54881,-0.01495,-0.02637,0.21347,0.27599,0.00481,0.49427,16.14904
21.150,"PI",-1.14150,-1.05056,-1.25104,-0.08006,0.98762,0.16762,0.09911,0.14403,0.13087,0.45000,0.23011,"WALKING",0.13349,0.12237,0.16569,1.25512,1.69942,1.25512,1.69942,0.04343,0.15061,0.37178,0.50791,0.05950,0.93919,16.19600
21.200,"PI",-1.13984,-1.05210,-1.25083,-0.08721,0.97666,0.15666,0.09081,0.14866,0.13594,0.45000,0.13124,"WALKING",0.13314,0.12617,0.17116,1.29402,1.75550,1.29402,1.75550,0.03889,0.05608,0.28306,0.38887,0.00991,0.68185,16.23010
21.250,"PI",-1.14388,-1.04703,-1.25058,-0.09447,0.97126,0.15126,0.08616,0.15092,0.13798,0.45000,0.07863,"WALKING",0.13282,0.12809,0.17376,1.31373,1.78216,1.31373,1.78216,0.01972,0.02666,0.23746,0.32714,0.00406,0.56866,16.25853
21.300,"PI",-1.14899,-1.04086,-1.25028,-0.10169,0.95852,0.13852,0.07627,0.15031,0.13311,0.45000,0.00528,"WALKING",0.13251,0.12828,0.17234,1.31565,1.76755,1.31565,1.76755,0.00192,-0.01461,0.20307,0.27761,0.00933,0.49001,16.28303
21.350,"PI",-1.14453,-1.04576,-1.24993,-0.10879,0.94462,0.12462,0.06551,0.14772,0.12400,0.45000,-0.05706,"WALKING",0.13222,0.12720,0.16824,1.30459,1.72556,1.30459,1.72556,-0.01106,-0.04199,0.24256,0.32519,0.01627,0.58402,16.31223
21.400,"PI",-1.14007,-1.05063,-1.24956,-0.11576,0.94288,0.12288,0.06390,0.14552,0.11901,0.45000,-0.05213,"WALKING",0.13195,0.12582,0.16521,1.29047,1.69448,1.29047,1.69448,-0.01412,-0.03109,0.23190,0.30860,0.00856,0.54906,16.33968
21.450,"PI",-1.13559,-1.05547,-1.24915,-0.12264,0.94125,0.12125,0.06251,0.14361,0.11485,0.45000,-0.04784,"WALKING",0.13169,0.12461,0.16262,1.27801,1.66792,1.27801,1.66792,-0.01246,-0.02656,0.22336,0.29541,0.00687,0.52563,16.36596
21.500,"PI",-1.13108,-1.06029,-1.24870,-0.12944,0.93971,0.11971,0.06132,0.14195,0.11139,0.45000,-0.04411,"WALKING",0.13145,0.12352,0.16039,1.26684,1.64498,1.26684,1.64498,-0.01117,-0.02294,0.21644,0.28478,0.00556,0.50679,16.39130
21.550,"PI",-1.09866,-1.09588,-1.24823,-0.13617,0.93825,0.11825,0.06031,0.14048,0.10848,0.45000,-0.04083,"WALKING",0.13123,0.12253,0.15843,1.25668,1.62496,1.25668,1.62496,-0.01016,-0.02001,0.21075,0.27610,0.00454,0.49139,16.41587
21.600,"PI",-1.09979,-1.09421,-1.24769,-0.14312,0.97129,0.15129,0.08380,0.14521,0.12432,0.45000,0.11353,"WALKING",0.13103,0.12464,0.16578,1.27832,1.70036,1.27832,1.70036,0.02164,0.07539,0.28158,0.37885,0.02834,0.68878,16.45031
21.650,"PI",-1.09542,-1.09855,-1.24711,-0.15016,0.96252,0.14252,0.07727,0.14692,0.12486,0.45000,0.04995,"WALKING",0.13085,0.12626,0.16758,1.29493,1.71881,1.29493,1.71881,0.01661,0.01845,0.22243,0.29960,0.00098,0.52301,16.47646
21.700,"PI",-1.10711,-1.08559,-1.24647,-0.15724,0.96045,0.14045,0.07534,0.14774,0.12536,0.45000,0.02986,"WALKING",0.13068,0.12699,0.16849,1.30248,1.72807,1.30248,1.72807,0.00755,0.00926,0.20514,0.27658,0.00091,0.48263,16.50059
21.750,"PI",-1.08193,-1.11222,-1.24581,-0.16416,0.93876,0.11876,0.05949,0.14490,0.11429,0.45000,-0.07215,"WALKING",0.13053,0.12599,0.16382,1.29217,1.68017,1.29217,1.68017,-0.01032,-0.04790,0.24540,0.32299,0.01822,0.58661,16.52992
21.800,"PI",-1.09243,-1.10069,-1.24510,-0.17116,0.96212,0.14212,0.07595,0.14663,0.12269,0.45000,0.04650,"WALKING",0.13040,0.12633,0.16694,1.29568,1.71219,1.29568,1.71219,0.00352,0.03202,0.22304,0.29902,0.01483,0.53689,16.55677
21.850,"PI",-1.09800,-1.09457,-1.24436,-0.17806,0.94198,0.12198,0.06143,0.14457,0.11372,0.45000,-0.05231,"WALKING",0.13029,0.12575,0.16339,1.28970,1.67578,1.28970,1.67578,-0.00598,-0.03641,0.22890,0.30130,0.01468,0.54487,16.58401
21.900,"PI",-1.09469,-1.09782,-1.24360,-0.18477,0.92812,0.10812,0.05131,0.14089,0.10334,0.45000,-0.10179,"WALKING",0.13020,0.12379,0.15800,1.26962,1.62046,1.26962,1.62046,-0.02008,-0.05532,0.25805,0.33277,0.01545,0.60627,16.61433
21.950,"PI",-1.09007,-1.10241,-1.24283,-0.19132,0.92512,0.10512,0.04946,0.13767,0.09712,0.45000,-0.09261,"WALKING",0.13012,0.12160,0.15375,1.24718,1.57688,1.24718,1.57688,-0.02245,-0.04358,0.24415,0.31182,0.00871,0.56467,16.64256
22.000,"PI",-1.08544,-1.10698,-1.24205,-0.19773,0.92381,0.10381,0.04906,0.13506,0.09291,0.45000,-0.07798,"WALKING",0.13007,0.11968,0.15043,1.22750,1.54291,1.22750,1.54291,-0.01968,-0.03397,0.22824,0.28981,0.00563,0.52369,16.66874
22.050,"PI",-1.07013,-1.12233,-1.24125,-0.20403,0.92264,0.10264,0.04886,0.13291,0.08991,0.45000,-0.06600,"WALKING",0.13003,0.11803,0.14779,1.21061,1.51583,1.21061,1.51583,-0.01689,-0.02707,0.21579,0.27297,0.00388,0.49264,16.69338
22.100,"PI",-1.05709,-1.13517,-1.24042,-0.21035,0.93410,0.11410,0.05803,0.13310,0.09473,0.45000,-0.00104,"WALKING",0.13000,0.11742,0.14877,1.20428,1.52588,1.20428,1.52588,-0.00633,0.01005,0.17659,0.22670,0.00658,0.40987,16.71387
22.150,"PI",-1.04214,-1.14975,-1.23955,-0.21674,0.94281,0.12281,0.06475,0.13482,0.10095,0.45000,0.03753,"WALKING",0.13000,0.11812,0.15153,1.21144,1.55415,1.21144,1.55415,0.00716,0.02827,0.20784,0.26983,0.00904,0.48670,16.73821
22.200,"PI",-1.04084,-1.15062,-1.23862,-0.22328,0.95367,0.13367,0.07251,0.13802,0.10951,0.45000,0.07702,"WALKING",0.13002,0.11990,0.15615,1.22973,1.60150,1.22973,1.60150,0.01829,0.04735,0.24024,0.31644,0.01350,0.57018,16.76671
22.250,"PI",-1.04029,-1.15077,-1.23764,-0.22988,0.94819,0.12819,0.06865,0.13926,0.11074,0.45000,0.03600,"WALKING",0.13005,0.12093,0.15759,1.24032,1.61628,1.24032,1.61628,0.01059,0.01478,0.20321,0.26845,0.00197,0.47362,16.79039
22.300,"PI",-1.04246,-1.14831,-1.23663,-0.23646,0.94180,0.12180,0.06409,0.13900,0.10911,0.45000,-0.00007,"WALKING",0.13010,0.12094,0.15706,1.24044,1.61087,1.24044,1.61087,0.00012,-0.00541,0.18369,0.24213,0.00256,0.42837,16.81181
22.350,"PI",-1.04837,-1.14232,-1.23560,-0.24295,0.93229,0.11229,0.05733,0.13735,0.10400,0.45000,-0.04190,"WALKING",0.13017,0.12014,0.15456,1.23220,1.58526,1.23220,1.58526,-0.00824,-0.02562,0.21002,0.27356,0.00767,0.49125,16.83638
22.400,"PI",-1.04768,-1.14278,-1.23455,-0.24934,0.91864,0.09864,0.04756,0.13402,0.09471,0.45000,-0.09271,"WALKING",0.13026,0.11834,0.14969,1.21378,1.53531,1.21378,1.53531,-0.01842,-0.04995,0.23960,0.30604,0.01266,0.55831,16.86429
22.450,"PI",-1.04286,-1.14717,-1.23350,-0.25556,0.91277,0.09277,0.04377,0.13061,0.08771,0.45000,-0.09814,"WALKING",0.13036,0.11610,0.14513,1.19075,1.48852,1.19075,1.48852,-0.02303,-0.04679,0.23625,0.29798,0.00884,0.54307,16.89144
22.500,"PI",-1.03803,-1.15155,-1.23245,-0.26166,0.91176,0.09176,0.04383,0.12790,0.08377,0.45000,-0.08101,"WALKING",0.13049,0.11404,0.14177,1.16966,1.45403,1.16966,1.45403,-0.02110,-0.03448,0.21885,0.27454,0.00476,0.49815,16.91635
22.550,"PI",-1.03317,-1.15591,-1.23140,-0.26763,0.91088,0.09088,0.04409,0.12574,0.08119,0.45000,-0.06705,"WALKING",0.13063,0.11230,0.13917,1.15180,1.42741,1.15180,1.42741,-0.01786,-0.02662,0.20536,0.25686,0.00302,0.46524,16.93961
22.600,"PI",-1.01118,-1.17607,-1.23034,-0.27350,0.91013,0.09013,0.04449,0.12399,0.07961,0.45000,-0.05560,"WALKING",0.13079,0.11082,0.13717,1.13659,1.40687,1.13659,1.40687,-0.01520,-0.02055,0.19477,0.24336,0.00180,0.43993,16.96161
22.650,"PI",-0.99591,-1.18977,-1.22923,-0.27947,0.92880,0.10880,0.05914,0.12586,0.08941,0.45000,0.03875,"WALKING",0.13096,0.11107,0.14066,1.13914,1.44267,1.13914,1.44267,0.00255,0.03580,0.19754,0.25280,0.01261,0.46295,16.98476
22.700,"PI",-0.99429,-1.19086,-1.22806,-0.28560,0.93972,0.11972,0.06737,0.12918,0.09892,0.45000,0.07831,"WALKING",0.13116,0.11281,0.14555,1.15700,1.49283,1.15700,1.49283,0.01786,0.05016,0.22769,0.29679,0.01355,0.53803,17.01166
22.750,"PI",-0.99869,-1.18654,-1.22685,-0.29180,0.93496,0.11496,0.06424,0.13063,0.10126,0.45000,0.04014,"WALKING",0.13137,0.11387,0.14738,1.16788,1.51163,1.16788,1.51163,0.01087,0.01880,0.19478,0.25522,0.00340,0.45340,17.03433
22.800,"PI",-0.99113,-1.19302,-1.22561,-0.29795,0.92337,0.10337,0.05613,0.12969,0.09756,0.45000,-0.01971,"WALKING",0.13160,0.11355,0.14584,1.16458,1.49576,1.16458,1.49576,-0.00330,-0.01587,0.18461,0.24008,0.00520,0.42989,17.05582
22.850,"PI",-0.98154,-1.20122,-1.22435,-0.30406,0.92527,0.10527,0.05778,0.12928,0.09815,0.45000,-0.00699,"WALKING",0.13185,0.11304,0.14553,1.15937,1.49259,1.15937,1.49259,-0.00521,-0.00318,0.17395,0.22692,0.00085,0.40172,17.07591
22.900,"PI",-0.99281,-1.19098,-1.22306,-0.31019,0.92943,0.10943,0.06097,0.12968,0.10057,0.45000,0.01285,"WALKING",0.13212,0.11304,0.14632,1.15934,1.50076,1.15934,1.50076,-0.00003,0.00817,0.17372,0.22795,0.00350,0.40517,17.09617
22.950,"PI",-0.99338,-1.19028,-1.22176,-0.31618,0.91039,0.09039,0.04731,0.12699,0.09124,0.45000,-0.07379,"WALKING",0.13240,0.11189,0.14209,1.14754,1.45731,1.14754,1.45731,-0.01179,-0.04345,0.21426,0.27481,0.01225,0.50133,17.12124
23.000,"PI",-0.98828,-1.19452,-1.22048,-0.32202,0.90344,0.08344,0.04261,0.12390,0.08448,0.45000,-0.08811,"WALKING",0.13271,0.10992,0.13788,1.12734,1.41414,1.12734,1.41414,-0.02020,-0.04317,0.21753,0.27531,0.00823,0.50107,17.14629
23.050,"PI",-0.98315,-1.19874,-1.21920,-0.32773,0.90286,0.08286,0.04292,0.12149,0.08110,0.45000,-0.07128,"WALKING",0.13303,0.10807,0.13491,1.10839,1.38371,1.10839,1.38371,-0.01895,-0.03043,0.20159,0.25394,0.00395,0.45948,17.16926
23.100,"PI",-0.97286,-1.20731,-1.21791,-0.33335,0.90242,0.08242,0.04340,0.11962,0.07902,0.45000,-0.05753,"WALKING",0.13336,0.10654,0.13269,1.09271,1.36096,1.09271,1.36096,-0.01569,-0.02275,0.18926,0.23791,0.00237,0.42953,17.19074
23.150,"PI",-0.95539,-1.22180,-1.21661,-0.33892,0.90767,0.08767,0.04817,0.11902,0.08102,0.45000,-0.02180,"WALKING",0.13372,0.10561,0.13243,1.08315,1.35821,1.08315,1.35821,-0.00955,-0.00275,0.16534,0.20957,0.00234,0.37725,17.20960
23.200,"PI",-0.94122,-1.23333,-1.21526,-0.34459,0.92072,0.10072,0.05841,0.12088,0.08896,0.45000,0.04042,"WALKING",0.13409,0.10616,0.13560,1.08879,1.39081,1.08879,1.39081,0.00564,0.03260,0.18839,0.24316,0.01017,0.44172,17.23169
23.250,"PI",-0.92993,-1.24230,-1.21385,-0.35039,0.93003,0.11003,0.06539,0.12390,0.09730,0.45000,0.07251,"WALKING",0.13448,0.10780,0.14000,1.10560,1.43591,1.10560,1.43591,0.01680,0.04510,0.21192,0.27808,0.01168,0.50168,17.25677
23.300,"PI",-0.93244,-1.23984,-1.21238,-0.35635,0.93601,0.11601,0.06960,0.12711,0.10462,0.45000,0.08285,"WALKING",0.13489,0.10979,0.14442,1.12609,1.48125,1.12609,1.48125,0.02050,0.04534,0.21947,0.29184,0.01103,0.52233,17.28289
23.350,"PI",-0.93134,-1.24039,-1.21086,-0.36231,0.92679,0.10679,0.06302,0.12766,0.10379,0.45000,0.02406,"WALKING",0.13531,0.11048,0.14484,1.13317,1.48552,1.13317,1.48552,0.00708,0.00427,0.17247,0.22924,0.00123,0.40294,17.30304
23.400,"PI",-0.93643,-1.23598,-1.20932,-0.36825,0.92149,0.10149,0.05916,0.12717,0.10190,0.45000,-0.00453,"WALKING",0.13575,0.11031,0.14404,1.13136,1.47730,1.13136,1.47730,-0.00181,-0.00822,0.17101,0.22636,0.00277,0.40014,17.32304
23.450,"PI",-0.94095,-1.23214,-1.20777,-0.37410,0.90963,0.08963,0.05056,0.12498,0.09505,0.45000,-0.05574,"WALKING",0.13621,0.10925,0.14071,1.12054,1.44323,1.12054,1.44323,-0.01082,-0.03407,0.19994,0.26031,0.00938,0.46962,17.34652
23.500,"PI",-0.93552,-1.23627,-1.20624,-0.37975,0.89857,0.07857,0.04263,0.12164,0.08638,0.45000,-0.09212,"WALKING",0.13668,0.10735,0.13594,1.10098,1.39422,1.10098,1.39422,-0.01956,-0.04901,0.21676,0.27695,0.01079,0.50450,17.37175
23.550,"PI",-0.93005,-1.24039,-1.20474,-0.38526,0.89829,0.07829,0.04297,0.11909,0.08246,0.45000,-0.07309,"WALKING",0.13717,0.10544,0.13274,1.08147,1.36141,1.08147,1.36141,-0.01951,-0.03281,0.19902,0.25282,0.00465,0.45649,17.39457
23.600,"PI",-0.92454,-1.24450,-1.20323,-0.39069,0.89816,0.07816,0.04352,0.11716,0.08005,0.45000,-0.05757,"WALKING",0.13768,0.10391,0.13040,1.06573,1.33749,1.06573,1.33749,-0.01573,-0.02393,0.18544,0.23490,0.00278,0.42312,17.41573
23.650,"PI",-0.91503,-1.25165,-1.20172,-0.39604,0.89814,0.07814,0.04419,0.11570,0.07873,0.45000,-0.04499,"WALKING",0.13821,0.10267,0.12873,1.05305,1.32034,1.05305,1.32034,-0.01268,-0.01714,0.17503,0.22157,0.00149,0.39809,17.43563
23.700,"PI",-0.88041,-1.27784,-1.20020,-0.40136,0.90237,0.08237,0.04807,0.11526,0.08056,0.45000,-0.01653,"WALKING",0.13875,0.10193,0.12859,1.04542,1.31890,1.04542,1.31890,-0.00763,-0.00144,0.15669,0.19985,0.00211,0.35866,17.45357
23.750,"PI",-0.88172,-1.27645,-1.19857,-0.40691,0.93300,0.11300,0.07056,0.12050,0.09777,0.45000,0.12192,"WALKING",0.13931,0.10432,0.13668,1.06995,1.40188,1.06995,1.40188,0.02453,0.08298,0.24313,0.32135,0.02424,0.58872,17.48300
23.800,"PI",-0.87714,-1.27953,-1.19689,-0.41259,0.92547,0.10547,0.06525,0.12279,0.10045,0.45000,0.06193,"WALKING",0.13988,0.10616,0.13941,1.08884,1.42985,1.08884,1.42985,0.01889,0.02796,0.19575,0.25998,0.00386,0.45960,17.50598
23.850,"PI",-0.89012,-1.26957,-1.19515,-0.41832,0.92403,0.10403,0.06414,0.12412,0.10276,0.45000,0.04197,"WALKING",0.14047,0.10711,0.14113,1.09861,1.44746,1.09861,1.44746,0.00976,0.01761,0.18079,0.24122,0.00342,0.42543,17.52725
23.900,"PI",-0.85679,-1.29382,-1.19341,-0.42394,0.90425,0.08425,0.04977,0.12186,0.09386,0.45000,-0.05429,"WALKING",0.14108,0.10633,0.13740,1.09056,1.40920,1.09056,1.40920,-0.00805,-0.03825,0.19560,0.25545,0.01202,0.46307,17.55041
23.950,"PI",-0.87416,-1.28080,-1.19161,-0.42968,0.93275,0.11275,0.07025,0.12508,0.10645,0.45000,0.08305,"WALKING",0.14170,0.10746,0.14269,1.10215,1.46352,1.10215,1.46352,0.01160,0.05432,0.21471,0.28829,0.01929,0.52229,17.57652
24.000,"PI",-0.87874,-1.27727,-1.18980,-0.43535,0.90839,0.08839,0.05269,0.12322,0.09717,0.45000,-0.04239,"WALKING",0.14233,0.10714,0.13930,1.09882,1.42871,1.09882,1.42871,-0.00333,-0.03482,0.19011,0.25001,0.01298,0.45309,17.59918
24.050,"PI",-0.87313,-1.28110,-1.18801,-0.44084,0.89755,0.07755,0.04475,0.12015,0.08894,0.45000,-0.08078,"WALKING",0.14299,0.10544,0.13487,1.08139,1.38332,1.08139,1.38332,-0.01744,-0.04539,0.20790,0.26846,0.01054,0.48691,17.62352
24.100,"PI",-0.86719,-1.28512,-1.18625,-0.44621,0.89732,0.07732,0.04495,0.11782,0.08523,0.45000,-0.06399,"WALKING",0.14366,0.10372,0.13193,1.06377,1.35312,1.06377,1.35312,-0.01762,-0.03021,0.19190,0.24644,0.00455,0.44289,17.64567
24.150,"PI",-0.86121,-1.28914,-1.18449,-0.45150,0.89753,0.07753,0.04556,0.11611,0.08304,0.45000,-0.04899,"WALKING",0.14434,0.10236,0.12985,1.04988,1.33178,1.04988,1.33178,-0.01389,-0.02133,0.17892,0.22922,0.00262,0.41077,17.66620
24.200,"PI",-0.84082,-1.30309,-1.18272,-0.45673,0.89785,0.07785,0.04628,0.11487,0.08191,0.45000,-0.03680,"WALKING",0.14504,0.10131,0.12842,1.03909,1.31715,1.03909,1.31715,-0.01078,-0.01463,0.16903,0.21645,0.00134,0.38682,17.68555
24.250,"PI",-0.82591,-1.31304,-1.18090,-0.46202,0.91281,0.09281,0.05778,0.11651,0.08957,0.45000,0.03711,"WALKING",0.14575,0.10169,0.13133,1.04294,1.34700,1.04294,1.34700,0.00384,0.02985,0.17644,0.23034,0.00988,0.41666,17.70638
24.300,"PI",-0.80717,-1.32542,-1.17902,-0.46743,0.92209,0.10209,0.06457,0.11937,0.09725,0.45000,0.06979,"WALKING",0.14648,0.10327,0.13546,1.05919,1.38936,1.05919,1.38936,0.01625,0.04236,0.20000,0.26510,0.01077,0.47587,17.73017
24.350,"PI",-0.80787,-1.32454,-1.17703,-0.47304,0.93510,0.11510,0.07346,0.12376,0.10767,0.45000,0.11166,"WALKING",0.14723,0.10594,0.14158,1.08653,1.45207,1.08653,1.45207,0.02734,0.06271,0.23212,0.31340,0.01616,0.56168,17.75826
24.400,"PI",-0.80560,-1.32568,-1.17498,-0.47872,0.92808,0.10808,0.06819,0.12554,0.10889,0.45000,0.05621,"WALKING",0.14799,0.10752,0.14356,1.10278,1.47243,1.10278,1.47243,0.01626,0.02037,0.18950,0.25629,0.00190,0.44769,17.78064
24.450,"PI",-0.80838,-1.32352,-1.17289,-0.48442,0.92400,0.10400,0.06491,0.12604,0.10854,0.45000,0.02591,"WALKING",0.14876,0.10808,0.14401,1.10851,1.47699,1.10851,1.47699,0.00573,0.00456,0.16763,0.22661,0.00054,0.39478,17.80038
24.500,"PI",-0.81483,-1.31904,-1.17078,-0.49006,0.91485,0.09485,0.05800,0.12493,0.10390,0.45000,-0.02006,"WALKING",0.14955,0.10774,0.14213,1.10501,1.45772,1.10501,1.45772,-0.00350,-0.01927,0.17789,0.23776,0.00695,0.42260,17.82151
24.550,"PI",-0.81161,-1.32093,-1.16870,-0.49556,0.90218,0.08218,0.04856,0.12215,0.09523,0.45000,-0.07142,"WALKING",0.15035,0.10639,0.13791,1.09121,1.41451,1.09121,1.41451,-0.01380,-0.04322,0.20489,0.26834,0.01188,0.48511,17.84577
24.600,"PI",-0.80518,-1.32486,-1.16663,-0.50094,0.89930,0.07930,0.04655,0.11963,0.08992,0.45000,-0.06835,"WALKING",0.15117,0.10475,0.13451,1.07431,1.37957,1.07431,1.37957,-0.01690,-0.03493,0.19724,0.25581,0.00688,0.45993,17.86876
24.650,"PI",-0.79869,-1.32878,-1.16458,-0.50621,0.89972,0.07972,0.04708,0.11780,0.08708,0.45000,-0.05147,"WALKING",0.15200,0.10338,0.13221,1.06035,1.35598,1.06035,1.35598,-0.01396,-0.02360,0.18271,0.23606,0.00356,0.42234,17.88988
24.700,"PI",-0.79215,-1.33269,-1.16253,-0.51143,0.90028,0.08028,0.04784,0.11651,0.08554,0.45000,-0.03768,"WALKING",0.15284,0.10235,0.13066,1.04977,1.34015,1.04977,1.34015,-0.01058,-0.01583,0.17165,0.22146,0.00190,0.39502,17.90963
24.750,"PI",-0.76147,-1.35143,-1.16047,-0.51658,0.90092,0.08092,0.04869,0.11564,0.08491,0.45000,-0.02657,"WALKING",0.15370,0.10159,0.12969,1.04193,1.33019,1.04193,1.33019,-0.00784,-0.00996,0.16328,0.21076,0.00076,0.37480,17.92837
24.800,"PI",-0.74805,-1.35928,-1.15831,-0.52192,0.92530,0.10530,0.06653,0.11935,0.09765,0.45000,0.08652,"WALKING",0.15457,0.10319,0.13551,1.05833,1.38984,1.05833,1.38984,0.01641,0.05965,0.21431,0.28420,0.01791,0.51642,17.95419
24.850,"PI",-0.74422,-1.36121,-1.15605,-0.52741,0.93246,0.11246,0.07134,0.12326,0.10589,0.45000,0.09900,"WALKING",0.15545,0.10573,0.14079,1.08446,1.44395,1.08446,1.44395,0.02613,0.05411,0.22333,0.30047,0.01257,0.53637,17.98101
24.900,"PI",-0.75093,-1.35685,-1.15372,-0.53300,0.92996,0.10996,0.06924,0.12554,0.10894,0.45000,0.06624,"WALKING",0.15635,0.10751,0.14357,1.10269,1.47251,1.10269,1.47251,0.01823,0.02856,0.19828,0.26804,0.00478,0.47110,18.00456
24.950,"PI",-0.73488,-1.36604,-1.15137,-0.53855,0.91705,0.09705,0.05975,0.12489,0.10445,0.45000,-0.00516,"WALKING",0.15726,0.10761,0.14218,1.10366,1.45826,1.10366,1.45826,0.00097,-0.01426,0.16946,0.22701,0.00675,0.40321,18.02472
25.000,"PI",-0.72933,-1.36894,-1.14897,-0.54413,0.92639,0.10639,0.06609,0.12603,0.10835,0.45000,0.03709,"WALKING",0.15818,0.10810,0.14396,1.10870,1.47653,1.10870,1.47653,0.00505,0.01827,0.17899,0.24163,0.00608,0.42669,18.04606
25.050,"PI",-0.73957,-1.36273,-1.14653,-0.54972,0.92543,0.10543,0.06501,0.12665,0.10874,0.45000,0.02470,"WALKING",0.15911,0.10865,0.14465,1.11439,1.48355,1.11439,1.48355,0.00569,0.00703,0.17068,0.23051,0.00062,0.40181,18.06615
25.100,"PI",-0.73773,-1.36357,-1.14410,-0.55521,0.90917,0.08917,0.05300,0.12452,0.10026,0.45000,-0.05227,"WALKING",0.16006,0.10792,0.14111,1.10691,1.44730,1.10691,1.44730,-0.00748,-0.03626,0.19642,0.25977,0.01224,0.46843,18.08957
25.150,"PI",-0.73066,-1.36737,-1.14170,-0.56059,0.90475,0.08475,0.04965,0.12224,0.09470,0.45000,-0.06024,"WALKING",0.16102,0.10657,0.13791,1.09298,1.41448,1.09298,1.41448,-0.01394,-0.03281,0.19643,0.25694,0.00758,0.46095,18.11262
25.200,"PI",-0.72353,-1.37116,-1.13930,-0.56588,0.90545,0.08545,0.05029,0.12064,0.09210,0.45000,-0.04388,"WALKING",0.16199,0.10540,0.13588,1.08099,1.39364,1.08099,1.39364,-0.01199,-0.02085,0.18241,0.23778,0.00346,0.42364,18.13380
25.250,"PI",-0.70841,-1.37927,-1.13689,-0.57111,0.90628,0.08628,0.05109,0.11956,0.09072,0.45000,-0.03061,"WALKING",0.16297,0.10455,0.13458,1.07231,1.38028,1.07231,1.38028,-0.00868,-0.01336,0.17180,0.22370,0.00180,0.39730,18.15367
25.300,"PI",-0.68805,-1.39007,-1.13446,-0.57635,0.91472,0.09472,0.05741,0.12015,0.09430,0.45000,0.01329,"WALKING",0.16397,0.10455,0.13576,1.07227,1.39241,1.07227,1.39241,-0.00004,0.01213,0.16343,0.21490,0.00487,0.38320,18.17283
25.350,"PI",-0.66979,-1.39951,-1.13193,-0.58172,0.92812,0.10812,0.06696,0.12303,0.10245,0.45000,0.06933,"WALKING",0.16497,0.10608,0.13999,1.08795,1.43575,1.08795,1.43575,0.01568,0.04335,0.20597,0.27482,0.01202,0.49282,18.19747
25.400,"PI",-0.65854,-1.40505,-1.12929,-0.58724,0.93934,0.11934,0.07443,0.12711,0.11147,0.45000,0.10344,"WALKING",0.16599,0.10866,0.14555,1.11444,1.49285,1.11444,1.49285,0.02649,0.05710,0.23263,0.31501,0.01447,0.56211,18.22557
25.450,"PI",-0.65904,-1.40437,-1.12654,-0.59292,0.94362,0.12362,0.07669,0.13074,0.11768,0.45000,0.09949,"WALKING",0.16702,0.11127,0.15022,1.14121,1.54071,1.14121,1.54071,0.02677,0.04785,0.23038,0.31472,0.01052,0.55562,18.25335
25.500,"PI",-0.65741,-1.40485,-1.12372,-0.59864,0.93649,0.11649,0.07107,0.13199,0.11727,0.45000,0.04625,"WALKING",0.16805,0.11258,0.15139,1.15463,1.55276,1.15463,1.55276,0.01343,0.01206,0.18868,0.25745,0.00068,0.44681,18.27569
25.550,"PI",-0.66215,-1.40212,-1.12087,-0.60433,0.93135,0.11135,0.06687,0.13193,0.11519,0.45000,0.01346,"WALKING",0.16910,0.11286,0.15099,1.15755,1.54860,1.15755,1.54860,0.00292,-0.00416,0.16717,0.22728,0.00346,0.39792,18.29559
25.600,"PI",-0.66414,-1.40089,-1.11803,-0.60993,0.92027,0.10027,0.05850,0.13018,0.10846,0.45000,-0.03828,"WALKING",0.17016,0.11223,0.14813,1.15110,1.51929,1.15110,1.51929,-0.00645,-0.02931,0.19736,0.26385,0.01052,0.47173,18.31918
25.650,"PI",-0.65641,-1.40452,-1.11522,-0.61541,0.91194,0.09194,0.05222,0.12760,0.10104,0.45000,-0.06649,"WALKING",0.17123,0.11087,0.14432,1.13716,1.48019,1.13716,1.48019,-0.01394,-0.03910,0.21028,0.27676,0.01078,0.49782,18.34407
25.700,"PI",-0.64862,-1.40814,-1.11242,-0.62079,0.91280,0.09280,0.05283,0.12579,0.09782,0.45000,-0.04808,"WALKING",0.17231,0.10960,0.14198,1.12410,1.45619,1.12410,1.45619,-0.01306,-0.02400,0.19370,0.25383,0.00454,0.45207,18.36667
25.750,"PI",-0.64076,-1.41173,-1.10963,-0.62610,0.91380,0.09380,0.05363,0.12459,0.09602,0.45000,-0.03311,"WALKING",0.17340,0.10870,0.14048,1.11483,1.44080,1.11483,1.44080,-0.00927,-0.01539,0.18119,0.23698,0.00249,0.42066,18.38770
25.800,"PI",-0.62380,-1.41957,-1.10683,-0.63137,0.91491,0.09491,0.05455,0.12386,0.09525,0.45000,-0.02094,"WALKING",0.17449,0.10809,0.13962,1.10863,1.43200,1.10863,1.43200,-0.00619,-0.00880,0.17174,0.22461,0.00105,0.39741,18.40757
25.850,"PI",-0.58826,-1.43589,-1.10398,-0.63667,0.92444,0.10444,0.06149,0.12495,0.09970,0.45000,0.02559,"WALKING",0.17560,0.10845,0.14145,1.11232,1.45080,1.11232,1.45080,0.00368,0.01880,0.17887,0.23625,0.00639,0.42152,18.42865
25.900,"PI",-0.58708,-1.43600,-1.10096,-0.64220,0.95117,0.13117,0.07976,0.13063,0.11486,0.45000,0.13757,"WALKING",0.17672,0.11162,0.14963,1.14479,1.53472,1.14479,1.53472,0.03247,0.08391,0.26862,0.36370,0.02506,0.65738,18.46152
25.950,"PI",-0.58299,-1.43747,-1.09783,-0.64785,0.94561,0.12561,0.07549,0.13358,0.11787,0.45000,0.08287,"WALKING",0.17784,0.11407,0.15309,1.16999,1.57015,1.16999,1.57015,0.02520,0.03544,0.22356,0.30379,0.00512,0.53246,18.48814
26.000,"PI",-0.58940,-1.43426,-1.09463,-0.65356,0.94263,0.12263,0.07286,0.13511,0.11904,0.45000,0.05152,"WALKING",0.17897,0.11541,0.15481,1.18364,1.58776,1.18364,1.58776,0.01366,0.01761,0.19900,0.27079,0.00200,0.47178,18.51173
26.050,"PI",-0.55680,-1.44829,-1.09143,-0.65917,0.92992,0.10992,0.06349,0.13405,0.11346,0.45000,-0.01576,"WALKING",0.18011,0.11527,0.15283,1.18228,1.56747,1.18228,1.56747,-0.00136,-0.02029,0.18985,0.25532,0.00911,0.45428,18.53444
26.100,"PI",-0.57310,-1.44084,-1.08812,-0.66493,0.95318,0.13318,0.07893,0.13737,0.12338,0.45000,0.09005,"WALKING",0.18126,0.11695,0.15779,1.19949,1.61835,1.19949,1.61835,0.01721,0.05089,0.23642,0.32305,0.01762,0.57709,18.56330
26.150,"PI",-0.57531,-1.43965,-1.08478,-0.67061,0.93128,0.11128,0.06327,0.13596,0.11487,0.45000,-0.02609,"WALKING",0.18242,0.11695,0.15497,1.19947,1.58945,1.19947,1.58945,-0.00002,-0.02890,0.19956,0.26817,0.01407,0.48180,18.58739
26.200,"PI",-0.56680,-1.44302,-1.08150,-0.67617,0.92248,0.10248,0.05661,0.13355,0.10768,0.45000,-0.05907,"WALKING",0.18358,0.11573,0.15138,1.18701,1.55257,1.18701,1.55257,-0.01247,-0.03688,0.21642,0.28648,0.01115,0.51405,18.61309
26.250,"PI",-0.55822,-1.44636,-1.07822,-0.68163,0.92357,0.10357,0.05723,0.13192,0.10472,0.45000,-0.04131,"WALKING",0.18476,0.11459,0.14925,1.17524,1.53074,1.17524,1.53074,-0.01177,-0.02183,0.19968,0.26334,0.00447,0.46749,18.63647
26.300,"PI",-0.54902,-1.44989,-1.07493,-0.68705,0.92478,0.10478,0.05804,0.13087,0.10310,0.45000,-0.02688,"WALKING",0.18594,0.11381,0.14794,1.16730,1.51730,1.16730,1.51730,-0.00794,-0.01344,0.18708,0.24636,0.00240,0.43585,18.65826
26.350,"PI",-0.52253,-1.46021,-1.07163,-0.69242,0.92656,0.10656,0.05930,0.13037,0.10271,0.45000,-0.01314,"WALKING",0.18712,0.11337,0.14736,1.16273,1.51143,1.16273,1.51143,-0.00457,-0.00587,0.17634,0.23239,0.00057,0.40930,18.67872
26.400,"PI",-0.50474,-1.46682,-1.06824,-0.69789,0.94393,0.12393,0.07141,0.13310,0.11123,0.45000,0.06619,"WALKING",0.18831,0.11469,0.15151,1.17633,1.55393,1.17633,1.55393,0.01360,0.04250,0.22062,0.29496,0.01364,0.52922,18.70518
26.450,"PI",-0.48092,-1.47556,-1.06472,-0.70348,0.95331,0.13331,0.07742,0.13673,0.11879,0.45000,0.09289,"WALKING",0.18951,0.11708,0.15639,1.20077,1.60404,1.20077,1.60404,0.02445,0.05011,0.24276,0.32817,0.01293,0.58386,18.73438
26.500,"PI",-0.48297,-1.47431,-1.06103,-0.70927,0.96794,0.14794,0.08647,0.14196,0.12942,0.45000,0.13685,"WALKING",0.19072,0.12054,0.16338,1.23630,1.67566,1.23630,1.67566,0.03553,0.07162,0.28182,0.38639,0.01981,0.68803,18.76878
26.550,"PI",-0.47734,-1.47598,-1.05723,-0.71514,0.95887,0.13887,0.07964,0.14396,0.12957,0.45000,0.06682,"WALKING",0.19193,0.12251,0.16540,1.25656,1.69644,1.25656,1.69644,0.02025,0.02078,0.22143,0.30343,0.00029,0.52515,18.79504
26.600,"PI",-0.47953,-1.47481,-1.05338,-0.72100,0.95664,0.13664,0.07733,0.14495,0.12959,0.45000,0.04229,"WALKING",0.19314,0.12351,0.16640,1.26673,1.70666,1.26673,1.70666,0.01017,0.01022,0.20280,0.27773,0.00003,0.48056,18.81906
26.650,"PI",-0.48509,-1.47254,-1.04949,-0.72682,0.94738,0.12738,0.07028,0.14412,0.12486,0.45000,-0.00774,"WALKING",0.19437,0.12346,0.16479,1.26623,1.69010,1.26623,1.69010,-0.00050,-0.01656,0.19940,0.27045,0.00850,0.47836,18.84298
26.700,"PI",-0.47757,-1.47496,-1.04566,-0.73250,0.93523,0.11523,0.06125,0.14164,0.11647,0.45000,-0.05949,"WALKING",0.19559,0.12236,0.16091,1.25500,1.65041,1.25500,1.65041,-0.01122,-0.03970,0.23088,0.30753,0.01407,0.55247,18.87061
26.750,"PI",-0.46822,-1.47795,-1.04184,-0.73809,0.93486,0.11486,0.06067,0.13972,0.11234,0.45000,-0.04802,"WALKING",0.19683,0.12113,0.15831,1.24236,1.62372,1.24236,1.62372,-0.01265,-0.02669,0.21717,0.28754,0.00669,0.51140,18.89618
26.800,"PI",-0.45880,-1.48090,-1.03804,-0.74360,0.93618,0.11618,0.06143,0.13848,0.11015,0.45000,-0.03168,"WALKING",0.19806,0.12026,0.15671,1.23339,1.60732,1.23339,1.60732,-0.00897,-0.01640,0.20202,0.26688,0.00347,0.47237,18.91979
26.850,"PI",-0.44930,-1.48381,-1.03422,-0.74906,0.93762,0.11762,0.06232,0.13778,0.10910,0.45000,-0.01837,"WALKING",0.19930,0.11972,0.15583,1.22793,1.59829,1.22793,1.59829,-0.00546,-0.00903,0.19061,0.25166,0.00165,0.44393,18.94199
26.900,"PI",-0.40803,-1.49678,-1.03039,-0.75448,0.93915,0.11915,0.06329,0.13748,0.10888,0.45000,-0.00760,"WALKING",0.20055,0.11946,0.15550,1.22527,1.59489,1.22527,1.59489,-0.00266,-0.00340,0.18208,0.24055,0.00034,0.42297,18.96314
26.950,"PI",-0.39668,-1.49991,-1.02637,-0.76011,0.96868,0.14868,0.08322,0.14263,0.12344,0.45000,0.12400,"WALKING",0.20180,0.12220,0.16306,1.25334,1.67242,1.25334,1.67242,0.02808,0.07752,0.28430,0.38357,0.02589,0.69377,18.99783
27.000,"PI",-0.38910,-1.50179,-1.02218,-0.76586,0.97150,0.15150,0.08447,0.14675,0.12979,0.45000,0.10913,"WALKING",0.20305,0.12527,0.16823,1.28484,1.72546,1.28484,1.72546,0.03149,0.05305,0.27047,0.36779,0.01187,0.65014,19.03033
27.050,"PI",-0.39730,-1.49894,-1.01788,-0.77169,0.97077,0.15077,0.08322,0.14951,0.13300,0.45000,0.08192,"WALKING",0.20431,0.12750,0.17152,1.30765,1.75916,1.30765,1.75916,0.02281,0.03370,0.24671,0.33666,0.00614,0.58951,19.05981
27.100,"PI",-0.37016,-1.50653,-1.01355,-0.77748,0.95604,0.13604,0.07257,0.14887,0.12755,0.45000,-0.00093,"WALKING",0.20557,0.12776,0.16998,1.31035,1.74338,1.31035,1.74338,0.00270,-0.01579,0.20261,0.27410,0.01000,0.48672,19.08415
27.150,"PI",-0.36907,-1.50643,-1.00913,-0.78333,0.97235,0.15235,0.08281,0.15128,0.13398,0.45000,0.07105,"WALKING",0.20683,0.12911,0.17346,1.32420,1.77905,1.32420,1.77905,0.01386,0.03567,0.24271,0.33093,0.01239,0.58604,19.11345
27.200,"PI",-0.37633,-1.50408,-1.00466,-0.78916,0.96569,0.14569,0.07759,0.15176,0.13210,0.45000,0.02610,"WALKING",0.20809,0.12989,0.17362,1.33225,1.78072,1.33225,1.78072,0.00805,0.00168,0.20266,0.27568,0.00357,0.48191,19.13754
27.250,"PI",-0.37048,-1.50543,-1.00020,-0.79489,0.95179,0.13179,0.06749,0.14991,0.12447,0.45000,-0.04078,"WALKING",0.20936,0.12931,0.17051,1.32629,1.74885,1.32629,1.74885,-0.00596,-0.03187,0.23095,0.30896,0.01368,0.55359,19.16522
27.300,"PI",-0.36027,-1.50790,-0.99575,-0.80054,0.94943,0.12943,0.06548,0.14817,0.12004,0.45000,-0.04218,"WALKING",0.21063,0.12830,0.16804,1.31593,1.72346,1.31593,1.72346,-0.01036,-0.02539,0.22692,0.30140,0.00765,0.53597,19.19202
27.350,"PI",-0.34999,-1.51032,-0.99130,-0.80613,0.95089,0.13089,0.06626,0.14709,0.11801,0.45000,-0.02648,"WALKING",0.21190,0.12756,0.16662,1.30827,1.70890,1.30827,1.70890,-0.00766,-0.01456,0.21165,0.28057,0.00345,0.49567,19.21680
27.400,"PI",-0.32862,-1.51540,-0.98685,-0.81166,0.95246,0.13246,0.06715,0.14651,0.11707,0.45000,-0.01375,"WALKING",0.21317,0.12714,0.16589,1.30400,1.70143,1.30400,1.70143,-0.00426,-0.00747,0.20020,0.26527,0.00159,0.46705,19.24016
27.450,"PI",-0.30482,-1.52083,-0.98230,-0.81724,0.96359,0.14359,0.07460,0.14804,0.12178,0.45000,0.03824,"WALKING",0.21445,0.12789,0.16820,1.31165,1.72509,1.31165,1.72509,0.00765,0.02366,0.22157,0.29569,0.00827,0.52554,19.26643
27.500,"PI",-0.28149,-1.52587,-0.97762,-0.82291,0.97674,0.15674,0.08303,0.15152,0.12961,0.45000,0.08770,"WALKING",0.21572,0.13007,0.17297,1.33401,1.77404,1.33401,1.77404,0.02236,0.04894,0.26737,0.36025,0.01461,0.64224,19.29855
27.550,"PI",-0.27005,-1.52797,-0.97273,-0.82874,0.98931,0.16931,0.09056,0.15625,0.13872,0.45000,0.12372,"WALKING",0.21700,0.13329,0.17921,1.36707,1.83802,1.36707,1.83802,0.03305,0.06398,0.30185,0.41104,0.01820,0.73109,19.33510
27.600,"PI",-0.26707,-1.52815,-0.96769,-0.83468,0.99130,0.17130,0.09100,0.15993,0.14362,0.45000,0.10525,"WALKING",0.21828,0.13616,0.18370,1.39647,1.88405,1.39647,1.88405,0.02940,0.04603,0.28494,0.38994,0.01013,0.68501,19.36935
27.650,"PI",-0.26396,-1.52838,-0.96256,-0.84063,0.98578,0.16578,0.08649,0.16150,0.14356,0.45000,0.05782,"WALKING",0.21955,0.13774,0.18526,1.41270,1.90008,1.41270,1.90008,0.01623,0.01602,0.24054,0.32908,0.00012,0.56974,19.39784
27.700,"PI",-0.26709,-1.52738,-0.95739,-0.84654,0.98033,0.16033,0.08201,0.16161,0.14125,0.45000,0.02108,"WALKING",0.22083,0.13823,0.18498,1.41774,1.89724,1.41774,1.89724,0.00504,-0.00283,0.20803,0.28385,0.00472,0.49660,19.42267
27.750,"PI",-0.26490,-1.52754,-0.95223,-0.85237,0.96956,0.14956,0.07403,0.16003,0.13471,0.45000,-0.03092,"WALKING",0.22211,0.13773,0.18232,1.41266,1.86999,1.41266,1.86999,-0.00507,-0.02726,0.24062,0.32365,0.01268,0.57694,19.45151
27.800,"PI",-0.25392,-1.52941,-0.94709,-0.85808,0.96347,0.14347,0.06927,0.15792,0.12848,0.45000,-0.05091,"WALKING",0.22339,0.13666,0.17918,1.40160,1.83777,1.40160,1.83777,-0.01107,-0.03222,0.25069,0.33351,0.01153,0.59573,19.48130
27.850,"PI",-0.24286,-1.53120,-0.94198,-0.86370,0.96497,0.14497,0.06988,0.15657,0.12572,0.45000,-0.03310,"WALKING",0.22466,0.13576,0.17737,1.39241,1.81922,1.39241,1.81922,-0.00919,-0.01854,0.23198,0.30775,0.00499,0.54472,19.50854
27.900,"PI",-0.23173,-1.53293,-0.93689,-0.86920,0.96660,0.14660,0.07064,0.15580,0.12421,0.45000,-0.01866,"WALKING",0.22594,0.13525,0.17636,1.38713,1.80882,1.38713,1.80882,-0.00528,-0.01041,0.21795,0.28878,0.00270,0.50943,19.53401
27.950,"PI",-0.20575,-1.53702,-0.93179,-0.87466,0.96840,0.14840,0.07156,0.15550,0.12366,0.45000,-0.00666,"WALKING",0.22721,0.13504,0.17597,1.38500,1.80483,1.38500,1.80483,-0.00213,-0.00399,0.20721,0.27457,0.00097,0.48275,19.55815
28.000,"PI",-0.17052,-1.54227,-0.92652,-0.88023,0.98278,0.16278,0.08094,0.15787,0.13009,0.45000,0.05808,"WALKING",0.22848,0.13634,0.17940,1.39834,1.83999,1.39834,1.83999,0.01334,0.03516,0.25579,0.34146,0.01204,0.60929,19.58861
28.050,"PI",-0.16558,-1.54251,-0.92101,-0.88596,1.00490,0.18490,0.09476,0.16356,0.14271,0.45000,0.14264,"WALKING",0.22975,0.13994,0.18718,1.43530,1.91978,1.43530,1.91978,0.03696,0.07979,0.33969,0.45994,0.02593,0.82556,19.62989
28.100,"PI",-0.16164,-1.54263,-0.91535,-0.89177,1.00086,0.18086,0.09140,0.16681,0.14571,0.45000,0.09351,"WALKING",0.23102,0.14270,0.19093,1.46358,1.95823,1.46358,1.95823,0.02828,0.03846,0.28924,0.39281,0.00629,0.68833,19.66430
28.150,"PI",-0.15883,-1.54262,-0.90960,-0.89759,0.99584,0.17584,0.08729,0.16818,0.14553,0.45000,0.05083,"WALKING",0.23229,0.14409,0.19226,1.47789,1.97194,1.47789,1.97194,0.01431,0.01371,0.24731,0.33583,0.00037,0.58351,19.69348
28.200,"PI",-0.12854,-1.54615,-0.90382,-0.90336,0.98981,0.16981,0.08253,0.16806,0.14282,0.45000,0.01310,"WALKING",0.23355,0.14443,0.19170,1.48128,1.96612,1.48128,1.96612,0.00339,-0.00582,0.21817,0.29530,0.00558,0.51906,19.71943
28.250,"PI",-0.14171,-1.54410,-0.89793,-0.90914,1.00710,0.18710,0.09293,0.17111,0.14986,0.45000,0.08630,"WALKING",0.23482,0.14631,0.19591,1.50061,2.00936,1.50061,2.00936,0.01932,0.04324,0.29198,0.39710,0.01520,0.70428,19.75465
28.300,"PI",-0.13998,-1.54401,-0.89204,-0.91483,0.98745,0.16745,0.07921,0.16991,0.14201,0.45000,-0.01915,"WALKING",0.23607,0.14640,0.19341,1.50158,1.98368,1.50158,1.98368,0.00098,-0.02568,0.24759,0.33282,0.01606,0.59646,19.78447
28.350,"PI",-0.12819,-1.54504,-0.88619,-0.92042,0.98055,0.16055,0.07390,0.16795,0.13582,0.45000,-0.04530,"WALKING",0.23733,0.14548,0.19043,1.49206,1.95315,1.49206,1.95315,-0.00952,-0.03054,0.26390,0.35086,0.01210,0.62686,19.81581
28.400,"PI",-0.11632,-1.54597,-0.88034,-0.92592,0.98220,0.16220,0.07455,0.16674,0.13325,0.45000,-0.02806,"WALKING",0.23858,0.14469,0.18879,1.48400,1.93636,1.48400,1.93636,-0.00806,-0.01679,0.24469,0.32454,0.00494,0.57417,19.84452
28.450,"PI",-0.10152,-1.54708,-0.87447,-0.93137,0.98396,0.16396,0.07535,0.16610,0.13190,0.45000,-0.01413,"WALKING",0.23983,0.14428,0.18793,1.47975,1.92752,1.47975,1.92752,-0.00425,-0.00884,0.23032,0.30519,0.00257,0.53808,19.87143
28.500,"PI",-0.07163,-1.54927,-0.86857,-0.93678,0.98821,0.16821,0.07787,0.16631,0.13264,0.45000,0.00769,"WALKING",0.24107,0.14436,0.18826,1.48058,1.93089,1.48058,1.93089,0.00083,0.00337,0.22012,0.29229,0.00143,0.51384,19.89712
28.550,"PI",-0.04928,-1.55053,-0.86250,-0.94226,1.00511,0.18511,0.08861,0.16954,0.14062,0.45000,0.08035,"WALKING",0.24231,0.14627,0.19281,1.50016,1.97755,1.50016,1.97755,0.01958,0.04666,0.29621,0.39613,0.01615,0.70849,19.93254
28.600,"PI",-0.02369,-1.55174,-0.85624,-0.94784,1.01554,0.19554,0.09464,0.17370,0.14815,0.45000,0.10853,"WALKING",0.24355,0.14918,0.19822,1.53005,2.03300,1.53005,2.03300,0.02989,0.05545,0.32531,0.43839,0.01606,0.77976,19.97153
28.650,"PI",-0.02360,-1.55119,-0.84974,-0.95354,1.02851,0.20851,0.10189,0.17897,0.15741,0.45000,0.14175,"WALKING",0.24478,0.15292,0.20502,1.56844,2.10281,1.56844,2.10281,0.03838,0.06981,0.36194,0.49199,0.02098,0.87491,20.01528
28.700,"PI",-0.01495,-1.55115,-0.84311,-0.95926,1.01965,0.19965,0.09528,0.18106,0.15719,0.45000,0.07156,"WALKING",0.24600,0.15505,0.20708,1.59021,2.12387,1.59021,2.12387,0.02178,0.02106,0.28566,0.38832,0.00048,0.67446,20.04900
28.750,"PI",-0.01547,-1.55068,-0.83640,-0.96497,1.01793,0.19793,0.09317,0.18222,0.15704,0.45000,0.04825,"WALKING",0.24722,0.15622,0.20821,1.60231,2.13545,1.60231,2.13545,0.01209,0.01159,0.26387,0.35851,0.00034,0.62272,20.08013
28.800,"PI",-0.01900,-1.55023,-0.82967,-0.97060,1.00845,0.18845,0.08612,0.18146,0.15216,0.45000,-0.00404,"WALKING",0.24844,0.15627,0.20664,1.60281,2.11936,1.60281,2.11936,0.00050,-0.01609,0.25380,0.34216,0.01071,0.60666,20.11047
28.850,"PI",-0.00654,-1.55033,-0.82300,-0.97611,0.99657,0.17657,0.07756,0.17908,0.14401,0.45000,-0.05543,"WALKING",0.24965,0.15525,0.20292,1.59228,2.08118,1.59228,2.08118,-0.01053,-0.03818,0.29338,0.38957,0.01689,0.69985,20.14546
28.900,"PI",0.00597,-1.55033,-0.81635,-0.98151,0.99817,0.17817,0.07817,0.17754,0.14082,0.45000,-0.03622,"WALKING",0.25085,0.15424,0.20085,1.58193,2.06001,1.58193,2.06001,-0.01035,-0.02118,0.27006,0.35758,0.00647,0.63411,20.17717
28.950,"PI",0.01855,-1.55023,-0.80964,-0.98690,0.99988,0.17988,0.07895,0.17665,0.13903,0.45000,-0.02070,"WALKING",0.25205,0.15364,0.19966,1.57584,2.04783,1.57584,2.04783,-0.00609,-0.01217,0.25257,0.33401,0.00359,0.59017,20.20667
29.000,"PI",0.03118,-1.55003,-0.80290,-0.99223,1.00162,0.18162,0.07985,0.17625,0.13826,0.45000,-0.00852,"WALKING",0.25324,0.15337,0.19913,1.57302,2.04240,1.57302,2.04240,-0.00283,-0.00544,0.23976,0.31705,0.00153,0.55834,20.23459
29.050,"PI",0.08211,-1.54945,-0.79613,-0.99751,1.00341,0.18341,0.08081,0.17622,0.13823,0.45000,0.00126,"WALKING",0.25442,0.15335,0.19910,1.57279,2.04205,1.57279,2.04205,-0.00022,-0.00035,0.23023,0.30467,0.00007,0.53498,20.26134
29.100,"PI",0.09044,-1.54879,-0.78913,-1.00288,1.03728,0.21728,0.10231,0.18236,0.15409,0.45000,0.14998,"WALKING",0.25560,0.15686,0.20786,1.60879,2.13192,1.60879,2.13192,0.03600,0.08987,0.39395,0.52874,0.03521,0.95790,20.30923
29.150,"PI",0.10206,-1.54801,-0.78193,-1.00832,1.03521,0.21521,0.10024,0.18628,0.15849,0.45000,0.10788,"WALKING",0.25677,0.16005,0.21252,1.64158,2.17964,1.64158,2.17964,0.03279,0.04772,0.34389,0.46365,0.01004,0.81758,20.35011
29.200,"PI",0.09299,-1.54782,-0.77458,-1.01379,1.03572,0.21572,0.09963,0.18913,0.16161,0.45000,0.08639,"WALKING",0.25793,0.16238,0.21588,1.66548,2.21412,1.66548,2.21412,0.02389,0.03447,0.32022,0.43299,0.00725,0.76046,20.38814
29.250,"PI",0.13109,-1.54597,-0.76722,-1.01917,1.01875,0.19875,0.08784,0.18823,0.15509,0.45000,-0.00725,"WALKING",0.25909,0.16256,0.21389,1.66725,2.19377,1.66725,2.19377,0.00178,-0.02034,0.26853,0.36027,0.01455,0.64335,20.42030
29.300,"PI",0.12710,-1.54564,-0.75963,-1.02462,1.04139,0.22139,0.10147,0.19153,0.16359,0.45000,0.09392,"WALKING",0.26023,0.16445,0.21860,1.68669,2.24205,1.68669,2.24205,0.01944,0.04828,0.33688,0.45528,0.02001,0.81217,20.46091
29.350,"PI",0.12404,-1.54544,-0.75197,-1.03001,1.02848,0.20848,0.09242,0.19150,0.15947,0.45000,0.01645,"WALKING",0.26137,0.16511,0.21790,1.69344,2.23483,1.69344,2.23483,0.00675,-0.00722,0.24899,0.33585,0.00945,0.59428,20.49063
29.400,"PI",0.13420,-1.54452,-0.74435,-1.03530,1.01640,0.19640,0.08386,0.18966,0.15234,0.45000,-0.04031,"WALKING",0.26250,0.16444,0.21487,1.68661,2.20380,1.68661,2.20380,-0.00684,-0.03104,0.29739,0.39542,0.01564,0.70845,20.52605
29.450,"PI",0.14730,-1.54333,-0.73676,-1.04048,1.01546,0.19546,0.08277,0.18813,0.14859,0.45000,-0.03558,"WALKING",0.26362,0.16354,0.21272,1.67732,2.18178,1.67732,2.18178,-0.00928,-0.02202,0.28701,0.37993,0.00803,0.67496,20.55980
29.500,"PI",0.16045,-1.54202,-0.72915,-1.04560,1.01707,0.19707,0.08348,0.18723,0.14676,0.45000,-0.02067,"WALKING",0.26474,0.16294,0.21152,1.67122,2.16945,1.67122,2.16945,-0.00610,-0.01233,0.26904,0.35573,0.00388,0.62865,20.59123
29.550,"PI",0.18721,-1.53935,-0.72154,-1.05063,1.01874,0.19874,0.08431,0.18681,0.14593,0.45000,-0.00876,"WALKING",0.26584,0.16266,0.21096,1.66834,2.16374,1.66834,2.16374,-0.00288,-0.00571,0.25567,0.33802,0.00175,0.59544,20.62100
29.600,"PI",0.21295,-1.53643,-0.71379,-1.05567,1.03183,0.21183,0.09257,0.18882,0.15134,0.45000,0.05077,"WALKING",0.26693,0.16377,0.21387,1.67973,2.19352,1.67973,2.19352,0.01139,0.02978,0.30044,0.39910,0.01180,0.71135,20.65657
29.650,"PI",0.23998,-1.53304,-0.70586,-1.06075,1.04402,0.22402,0.09987,0.19244,0.15863,0.45000,0.09322,"WALKING",0.26802,0.16619,0.21869,1.70448,2.24300,1.70448,2.24300,0.02475,0.04949,0.34934,0.46696,0.01664,0.83294,20.69822
29.700,"PI",0.25063,-1.53121,-0.69768,-1.06589,1.05720,0.23720,0.10736,0.19736,0.16759,0.45000,0.13070,"WALKING",0.26910,0.16963,0.22510,1.73977,2.30872,1.73977,2.30872,0.03529,0.06572,0.39345,0.53000,0.02163,0.94509,20.74547
29.750,"PI",0.25721,-1.52982,-0.68931,-1.07105,1.05631,0.23631,0.10592,0.20066,0.17099,0.45000,0.09806,"WALKING",0.27016,0.17236,0.22896,1.76778,2.34826,1.76778,2.34826,0.02801,0.03954,0.35370,0.47803,0.00837,0.84010,20.78748
29.800,"PI",0.26163,-1.52872,-0.68084,-1.07618,1.05184,0.23184,0.10220,0.20216,0.17092,0.45000,0.05679,"WALKING",0.27122,0.17387,0.23045,1.78328,2.36355,1.78328,2.36355,0.01551,0.01528,0.30556,0.41322,0.00016,0.71894,20.82342
29.850,"PI",0.26051,-1.52846,-0.67233,-1.08122,1.04549,0.22549,0.09731,0.20208,0.16810,0.45000,0.01635,"WALKING",0.27226,0.17426,0.22990,1.78727,2.35795,1.78727,2.35795,0.00398,-0.00560,0.26540,0.35821,0.00683,0.63044,20.85494
29.900,"PI",0.26705,-1.52717,-0.66385,-1.08616,1.03451,0.21451,0.08949,0.20036,0.16144,0.45000,-0.03553,"WALKING",0.27330,0.17365,0.22708,1.78097,2.32903,1.78097,2.32903,-0.00629,-0.02892,0.31131,0.41477,0.01549,0.74157,20.89202
29.950,"PI",0.28053,-1.52475,-0.65541,-1.09098,1.03008,0.21008,0.08605,0.19841,0.15607,0.45000,-0.04722,"WALKING",0.27432,0.17258,0.22423,1.77001,2.29984,1.77001,2.29984,-0.01096,-0.02918,0.31613,0.41807,0.01206,0.74627,20.92934
30.000,"PI",0.29404,-1.52221,-0.64700,-1.09570,1.03158,0.21158,0.08668,0.19717,0.15361,0.45000,-0.03024,"WALKING",0.27533,0.17174,0.22259,1.76148,2.28295,1.76148,2.28295,-0.00853,-0.01689,0.29417,0.38841,0.00545,0.68803,20.96374
30.050,"PI",0.30757,-1.51953,-0.63858,-1.10035,1.03317,0.21317,0.08745,0.19648,0.15231,0.45000,-0.01657,"WALKING",0.27633,0.17127,0.22169,1.75665,2.27372,1.75665,2.27372,-0.00484,-0.00924,0.27769,0.36648,0.00284,0.64701,20.99609
30.100,"PI",0.34072,-1.51300,-0.63013,-1.10493,1.03485,0.21485,0.08830,0.19622,0.15186,0.45000,-0.00554,"WALKING",0.27733,0.17109,0.22135,1.75475,2.27029,1.75475,2.27029,-0.00189,-0.00343,0.26532,0.35029,0.00099,0.61661,21.02692
30.150,"PI",0.37202,-1.50635,-0.62150,-1.10951,1.05313,0.23313,0.09986,0.19931,0.16000,0.45000,0.07611,"WALKING",0.27830,0.17283,0.22579,1.77258,2.31576,1.77258,2.31576,0.01783,0.04547,0.34881,0.46324,0.01876,0.83080,21.06846
30.200,"PI",0.38027,-1.50405,-0.61262,-1.11414,1.06984,0.24984,0.10974,0.20449,0.17034,0.45000,0.13289,"WALKING",0.27927,0.17630,0.23268,1.80822,2.38648,1.80822,2.38648,0.03563,0.07073,0.41728,0.55900,0.02536,1.00163,21.11854
30.250,"PI",0.38340,-1.50283,-0.60356,-1.11876,1.06670,0.24670,0.10703,0.20756,0.17317,0.45000,0.08983,"WALKING",0.28023,0.17890,0.23622,1.83487,2.42276,1.83487,2.42276,0.02665,0.03628,0.36122,0.48550,0.00707,0.85379,21.16123
30.300,"PI",0.39551,-1.49963,-0.59440,-1.12333,1.05906,0.23906,0.10145,0.20833,0.17162,0.45000,0.03644,"WALKING",0.28117,0.17993,0.23673,1.84541,2.42804,1.84541,2.42804,0.01054,0.00527,0.29521,0.39691,0.00383,0.69596,21.19603
30.350,"PI",0.42001,-1.49340,-0.58520,-1.12783,1.05902,0.23902,0.10072,0.20887,0.17132,0.45000,0.02827,"WALKING",0.28210,0.18051,0.23722,1.85143,2.43305,1.85143,2.43305,0.00602,0.00501,0.28931,0.38868,0.00073,0.67872,21.22996
30.400,"PI",0.41115,-1.49504,-0.57585,-1.13229,1.06961,0.24961,0.10660,0.21116,0.17570,0.45000,0.06865,"WALKING",0.28302,0.18209,0.24024,1.86755,2.46404,1.86755,2.46404,0.01612,0.03099,0.34485,0.46381,0.01108,0.81974,21.27095
30.450,"PI",0.41654,-1.49334,-0.56653,-1.13665,1.05156,0.23156,0.09441,0.20979,0.16821,0.45000,-0.02590,"WALKING",0.28392,0.18195,0.23762,1.86611,2.43717,1.86611,2.43717,-0.00144,-0.02687,0.31704,0.42241,0.01814,0.75760,21.30883
30.500,"PI",0.43023,-1.48945,-0.55727,-1.14088,1.04578,0.22578,0.09013,0.20788,0.16269,0.45000,-0.04561,"WALKING",0.28482,0.18095,0.23480,1.85594,2.40825,1.85594,2.40825,-0.01017,-0.02892,0.33091,0.43737,0.01294,0.78122,21.34789
30.550,"PI",0.44391,-1.48543,-0.54803,-1.14502,1.04721,0.22721,0.09072,0.20667,0.16029,0.45000,-0.02930,"WALKING",0.28570,0.18014,0.23320,1.84757,2.39175,1.84757,2.39175,-0.00836,-0.01650,0.30870,0.40744,0.00553,0.72167,21.38398
30.600,"PI",0.46259,-1.47985,-0.53879,-1.14907,1.04873,0.22873,0.09145,0.20599,0.15902,0.45000,-0.01614,"WALKING",0.28656,0.17967,0.23231,1.84279,2.38265,1.84279,2.38265,-0.00478,-0.00911,0.29199,0.38525,0.00292,0.68015,21.41798
30.650,"PI",0.49237,-1.47073,-0.52950,-1.15306,1.05460,0.23460,0.09504,0.20645,0.16065,0.45000,0.01322,"WALKING",0.28742,0.17986,0.23303,1.84471,2.39009,1.84471,2.39009,0.00192,0.00745,0.28577,0.37808,0.00377,0.66761,21.45136
30.700,"PI",0.51658,-1.46286,-0.52002,-1.15703,1.07011,0.25011,0.10463,0.20958,0.16812,0.45000,0.07857,"WALKING",0.28826,0.18175,0.23740,1.86413,2.43487,1.86413,2.43487,0.01942,0.04478,0.36915,0.49051,0.01808,0.87775,21.49525
30.750,"PI",0.53973,-1.45496,-0.51033,-1.16099,1.08078,0.26078,0.11073,0.21369,0.17562,0.45000,0.10821,"WALKING",0.28908,0.18463,0.24276,1.89365,2.48984,1.89365,2.48984,0.02952,0.05497,0.40548,0.54205,0.01896,0.96649,21.54358
30.800,"PI",0.54284,-1.45328,-0.50038,-1.16495,1.09043,0.27043,0.11586,0.21832,0.18325,0.45000,0.12689,"WALKING",0.28989,0.18800,0.24865,1.92815,2.55027,1.92815,2.55027,0.03451,0.06043,0.42907,0.57702,0.02015,1.02624,21.59489
30.850,"PI",0.55189,-1.44966,-0.49032,-1.16885,1.08233,0.26233,0.11001,0.22011,0.18297,0.45000,0.06331,"WALKING",0.29069,0.18983,0.25039,1.94695,2.56813,1.94695,2.56813,0.01880,0.01786,0.34447,0.46394,0.00073,0.80914,21.63534
30.900,"PI",0.55296,-1.44876,-0.48020,-1.17267,1.07938,0.25938,0.10731,0.22084,0.18217,0.45000,0.03641,"WALKING",0.29147,0.19069,0.25098,1.95576,2.57419,1.95576,2.57419,0.00881,0.00607,0.31273,0.42117,0.00212,0.73602,21.67215
30.950,"PI",0.55338,-1.44822,-0.47009,-1.17638,1.06941,0.24941,0.10025,0.21976,0.17695,0.45000,-0.01548,"WALKING",0.29224,0.19048,0.24905,1.95360,2.55432,1.95360,2.55432,-0.00216,-0.01987,0.32332,0.43194,0.01329,0.76855,21.71057
31.000,"PI",0.56702,-1.44293,-0.46006,-1.17996,1.05895,0.23895,0.09291,0.21738,0.16949,0.45000,-0.05809,"WALKING",0.29300,0.18933,0.24543,1.94185,2.51724,1.94185,2.51724,-0.01176,-0.03708,0.36206,0.47804,0.01820,0.85831,21.75349
31.050,"PI",0.58065,-1.43750,-0.45007,-1.18343,1.06021,0.24021,0.09336,0.21579,0.16637,0.45000,-0.03976,"WALKING",0.29374,0.18825,0.24332,1.93081,2.49560,1.93081,2.49560,-0.01104,-0.02165,0.33542,0.44199,0.00749,0.78489,21.79273
31.100,"PI",0.59426,-1.43193,-0.44010,-1.18679,1.06158,0.24158,0.09401,0.21480,0.16456,0.45000,-0.02501,"WALKING",0.29446,0.18757,0.24203,1.92375,2.48240,1.92375,2.48240,-0.00706,-0.01320,0.31536,0.41526,0.00428,0.73490,21.82948
31.150,"PI",0.60939,-1.42560,-0.43013,-1.19007,1.06301,0.24301,0.09477,0.21428,0.16370,0.45000,-0.01319,"WALKING",0.29517,0.18718,0.24137,1.91983,2.47559,1.91983,2.47559,-0.00392,-0.00681,0.30033,0.39552,0.00201,0.69786,21.86437
31.200,"PI",0.66049,-1.40423,-0.42012,-1.19327,1.06587,0.24587,0.09646,0.21432,0.16419,0.45000,0.00228,"WALKING",0.29587,0.18715,0.24150,1.91949,2.47690,1.91949,2.47690,-0.00034,0.00132,0.28559,0.37681,0.00115,0.66356,21.89755
31.250,"PI",0.66505,-1.40160,-0.40978,-1.19647,1.10101,0.28101,0.11825,0.22070,0.18047,0.45000,0.15642,"WALKING",0.29655,0.19083,0.25057,1.95723,2.56992,1.95723,2.56992,0.03774,0.09302,0.49085,0.65395,0.04232,1.18712,21.95690
31.300,"PI",0.67842,-1.39517,-0.39928,-1.19962,1.09423,0.27423,0.11345,0.22395,0.18304,0.45000,0.09216,"WALKING",0.29721,0.19365,0.25424,1.98619,2.60758,1.98619,2.60758,0.02896,0.03766,0.39856,0.53297,0.00675,0.93828,22.00382
31.350,"PI",0.66896,-1.39879,-0.38861,-1.20271,1.09529,0.27529,0.11338,0.22642,0.18593,0.45000,0.07657,"WALKING",0.29786,0.19565,0.25719,2.00662,2.63783,2.00662,2.63783,0.02042,0.03026,0.37782,0.50666,0.00775,0.89223,22.04843
31.400,"PI",0.71193,-1.37875,-0.37799,-1.20568,1.07559,0.25559,0.10026,0.22490,0.17814,0.45000,-0.02696,"WALKING",0.29849,0.19542,0.25438,2.00431,2.60906,2.00431,2.60906,-0.00231,-0.02877,0.34655,0.46058,0.01999,0.82713,22.08979
31.450,"PI",0.70290,-1.38230,-0.36716,-1.20860,1.10357,0.28357,0.11720,0.22858,0.18854,0.45000,0.10209,"WALKING",0.29911,0.19738,0.25979,2.02443,2.66449,2.02443,2.66449,0.02012,0.05542,0.42087,0.56416,0.02823,1.01326,22.14045
31.500,"PI",0.70346,-1.38160,-0.35635,-1.21142,1.08406,0.26406,0.10434,0.22781,0.18210,0.45000,-0.00622,"WALKING",0.29971,0.19767,0.25795,2.02740,2.64562,2.02740,2.64562,0.00298,-0.01887,0.32667,0.43609,0.01687,0.77963,22.17943
31.550,"PI",0.71557,-1.37533,-0.34562,-1.21411,1.07338,0.25338,0.09694,0.22562,0.17513,0.45000,-0.05185,"WALKING",0.30030,0.19664,0.25461,2.01680,2.61137,2.01680,2.61137,-0.01060,-0.03425,0.37065,0.48923,0.01757,0.87745,22.22330
31.600,"PI",0.72887,-1.36833,-0.33494,-1.21669,1.07336,0.25336,0.09662,0.22398,0.17179,0.45000,-0.04053,"WALKING",0.30087,0.19555,0.25241,2.00564,2.58886,2.00564,2.58886,-0.01117,-0.02251,0.35087,0.46196,0.00826,0.82109,22.26436
31.650,"PI",0.74213,-1.36118,-0.32429,-1.21917,1.07456,0.25456,0.09721,0.22293,0.16998,0.45000,-0.02633,"WALKING",0.30142,0.19480,0.25106,1.99797,2.57502,1.99797,2.57502,-0.00767,-0.01384,0.33039,0.43472,0.00445,0.76956,22.30284
31.700,"PI",0.76941,-1.34643,-0.31365,-1.22155,1.07583,0.25583,0.09790,0.22234,0.16908,0.45000,-0.01496,"WALKING",0.30195,0.19436,0.25032,1.99339,2.56739,1.99339,2.56739,-0.00458,-0.00763,0.31502,0.41457,0.00219,0.73177,22.33943
31.750,"PI",0.79254,-1.33341,-0.30288,-1.22386,1.09023,0.27023,0.10704,0.22440,0.17514,0.45000,0.05169,"WALKING",0.30247,0.19542,0.25339,2.00429,2.59886,2.00429,2.59886,0.01090,0.03147,0.36429,0.48163,0.01528,0.86120,22.38249
31.800,"PI",0.81831,-1.31850,-0.29195,-1.22610,1.10089,0.28089,0.11339,0.22777,0.18195,0.45000,0.08720,"WALKING",0.30298,0.19766,0.25788,2.02726,2.64495,2.02726,2.64495,0.02297,0.04609,0.41118,0.54626,0.01785,0.97529,22.43125
31.850,"PI",0.82587,-1.31344,-0.28075,-1.22829,1.11410,0.29410,0.12094,0.23250,0.19085,0.45000,0.12617,"WALKING",0.30346,0.20092,0.26409,2.06070,2.70862,2.06070,2.70862,0.03344,0.06367,0.46371,0.62003,0.02447,1.10821,22.48666
31.900,"PI",0.83383,-1.30812,-0.26947,-1.23037,1.10989,0.28989,0.11762,0.23507,0.19279,0.45000,0.07989,"WALKING",0.30393,0.20316,0.26698,2.08373,2.73822,2.08373,2.73822,0.02303,0.02960,0.39648,0.53177,0.00537,0.93362,22.53334
31.950,"PI",0.83790,-1.30507,-0.25812,-1.23236,1.10604,0.28604,0.11442,0.23618,0.19254,0.45000,0.04535,"WALKING",0.30439,0.20432,0.26805,2.09554,2.74918,2.09554,2.74918,0.01181,0.01096,0.34982,0.46972,0.00069,0.82024,22.57435
32.000,"PI",0.83783,-1.30460,-0.24677,-1.23423,1.09842,0.27842,0.10890,0.23569,0.18899,0.45000,0.00188,"WALKING",0.30482,0.20441,0.26697,2.09656,2.73815,2.09656,2.73815,0.00101,-0.01103,0.32902,0.44025,0.00965,0.77893,22.61330
32.100,"PI",0.85908,-1.29056,-0.22434,-1.23763,1.08367,0.26367,0.09846,0.23154,0.17691,0.45000,-0.05261,"WALKING",0.30564,0.20226,0.26082,2.07448,2.67506,2.07448,2.67506,-0.01271,-0.02943,0.37755,0.49649,0.01255,0.88660,22.70285
32.200,"PI",0.88439,-1.27335,-0.20213,-1.24060,1.08584,0.26584,0.09955,0.22929,0.17301,0.45000,-0.02347,"WALKING",0.30639,0.20066,0.25792,2.05804,2.64537,2.05804,2.64537,-0.00651,-0.01127,0.33503,0.43997,0.00349,0.77849,22.78296
32.300,"PI",0.93974,-1.23459,-0.17979,-1.24319,1.10866,0.28866,0.11400,0.23229,0.18212,0.45000,0.08500,"WALKING",0.30707,0.20215,0.26243,2.07336,2.69162,2.07336,2.69162,0.01914,0.05212,0.42468,0.56131,0.02548,1.01147,22.87078
32.400,"PI",0.94947,-1.22624,-0.15666,-1.24543,1.11689,0.29689,0.11808,0.23928,0.19295,0.45000,0.07736,"WALKING",0.30768,0.20735,0.27122,2.12668,2.78171,2.12668,2.78171,0.02230,0.03102,0.40637,0.54246,0.00714,0.95597,22.97360
32.500,"PI",0.98106,-1.20155,-0.13332,-1.24724,1.11174,0.29174,0.11373,0.24015,0.19159,0.45000,0.03467,"WALKING",0.30822,0.20844,0.27185,2.13781,2.78824,2.13781,2.78824,0.00653,0.01245,0.35105,0.46874,0.00481,0.82460,23.05267
32.600,"PI",0.98259,-1.19920,-0.10986,-1.24861,1.09856,0.27856,0.10420,0.23969,0.18581,0.45000,-0.04037,"WALKING",0.30869,0.20894,0.27044,2.14293,2.77372,2.14293,2.77372,-0.00517,-0.03079,0.38050,0.50300,0.02020,0.90370,23.14081
32.700,"PI",1.00629,-1.17938,-0.08674,-1.24954,1.09439,0.27439,0.10108,0.23620,0.17804,0.45000,-0.03807,"WALKING",0.30909,0.20674,0.26567,2.12036,2.72477,2.12036,2.72477,-0.01032,-0.01887,0.36495,0.47886,0.00646,0.85026,23.22898
32.800,"PI",1.04724,-1.14407,-0.06374,-1.25006,1.10231,0.28231,0.10621,0.23569,0.17888,0.45000,0.01083,"WALKING",0.30942,0.20609,0.26530,2.11374,2.72102,2.11374,2.72102,0.00050,0.00826,0.32986,0.43454,0.00589,0.77029,23.30778
32.900,"PI",1.08364,-1.11073,-0.04025,-1.25015,1.12651,0.30651,0.12106,0.24228,0.19334,0.45000,0.09978,"WALKING",0.30967,0.21028,0.27427,2.15671,2.81306,2.15671,2.81306,0.02648,0.05182,0.45474,0.60420,0.02078,1.07971,23.41062
33.000,"PI",1.09402,-1.09956,-0.01615,-1.24977,1.12480,0.30480,0.11878,0.24728,0.19888,0.45000,0.04741,"WALKING",0.30985,0.21436,0.28019,2.19861,2.87378,2.19861,2.87378,0.01378,0.01192,0.37344,0.49976,0.00157,0.87476,23.50879
33.100,"PI",1.09722,-1.09530,0.00794,-1.24893,1.10948,0.28948,0.10797,0.24578,0.19134,0.45000,-0.03422,"WALKING",0.30996,0.21411,0.27745,2.19602,2.84561,2.19602,2.84561,-0.00615,-0.02609,0.38422,0.50896,0.01619,0.90937,23.59334
33.200,"PI",1.11890,-1.07314,0.03157,-1.24765,1.10061,0.28061,0.10185,0.24133,0.18095,0.45000,-0.05073,"WALKING",0.31000,0.21138,0.27128,2.16802,2.78232,2.16802,2.78232,-0.01358,-0.02457,0.38901,0.50949,0.00844,0.90694,23.68787
33.300,"PI",1.14474,-1.04576,0.05492,-1.24598,1.10194,0.28194,0.10288,0.23916,0.17788,0.45000,-0.02561,"WALKING",0.30996,0.20972,0.26860,2.15097,2.75485,2.15097,2.75485,-0.00709,-0.01077,0.35150,0.46016,0.00277,0.81443,23.77129
33.400,"PI",1.18307,-1.00355,0.07854,-1.24385,1.13693,0.31693,0.12526,0.24487,0.19432,0.45000,0.13246,"WALKING",0.30986,0.21271,0.27703,2.18167,2.84136,2.18167,2.84136,0.03120,0.07951,0.51578,0.68299,0.03982,1.23859,23.87196
33.500,"PI",1.18732,-0.99726,0.10280,-1.24118,1.12856,0.30856,0.11930,0.24899,0.19808,0.45000,0.05012,"WALKING",0.30968,0.21620,0.28177,2.21748,2.88994,2.21748,2.88994,0.01290,0.01800,0.38593,0.51463,0.00429,0.90485,23.96675
33.600,"PI",1.20922,-0.97073,0.12705,-1.23803,1.13770,0.31770,0.12437,0.25052,0.20111,0.45000,0.08711,"WALKING",0.30942,0.21724,0.28381,2.22811,2.91085,2.22811,2.91085,0.01573,0.04970,0.44827,0.59755,0.02898,1.07480,24.06674
33.700,"PI",1.22036,-0.95619,0.15113,-1.23443,1.10459,0.28459,0.10264,0.24626,0.18581,0.45000,-0.07042,"WALKING",0.30910,0.21551,0.27701,2.21036,2.84117,2.21036,2.84117,-0.01544,-0.03978,0.42675,0.55929,0.01919,1.00522,24.16341
33.800,"PI",1.23917,-0.93168,0.17471,-1.23047,1.10519,0.28519,0.10330,0.24284,0.18061,0.45000,-0.04047,"WALKING",0.30870,0.21295,0.27273,2.18414,2.79728,2.18414,2.79728,-0.01133,-0.01812,0.37720,0.49338,0.00520,0.87579,24.25363
33.900,"PI",1.27462,-0.88407,0.19816,-1.22608,1.12079,0.30079,0.11397,0.24364,0.18620,0.45000,0.04364,"WALKING",0.30823,0.21282,0.27446,2.18281,2.81494,2.18281,2.81494,0.00720,0.03000,0.39022,0.51390,0.01801,0.92213,24.34155
34.000,"PI",1.29536,-0.85383,0.22210,-1.22113,1.14225,0.32225,0.12723,0.25073,0.20157,0.45000,0.11255,"WALKING",0.30769,0.21737,0.28409,2.22941,2.91372,2.22941,2.91372,0.02850,0.05890,0.48695,0.64837,0.02599,1.16131,24.45040
34.100,"PI",1.30305,-0.84095,0.24630,-1.21561,1.13058,0.31058,0.11906,0.25274,0.20143,0.45000,0.02474,"WALKING",0.30708,0.21940,0.28608,2.25030,2.93413,2.25030,2.93413,0.00537,0.00349,0.35318,0.47255,0.00160,0.82733,24.53782
34.200,"PI",1.30916,-0.83047,0.27017,-1.20967,1.10857,0.28857,0.10426,0.24885,0.18901,0.45000,-0.07268,"WALKING",0.30640,0.21756,0.28013,2.23143,2.87311,2.23143,2.87311,-0.01472,-0.04166,0.43313,0.56874,0.02160,1.02348,24.63367
34.300,"PI",1.32530,-0.80446,0.29347,-1.20341,1.10612,0.28612,0.10288,0.24458,0.18151,0.45000,-0.05256,"WALKING",0.30566,0.21454,0.27462,2.20043,2.81662,2.20043,2.81662,-0.01402,-0.02332,0.39384,0.51455,0.00716,0.91555,24.72841
34.400,"PI",1.35644,-0.75266,0.31639,-1.19679,1.10647,0.28647,0.10379,0.24226,0.17893,0.45000,-0.03054,"WALKING",0.30484,0.21264,0.27187,2.18096,2.78841,2.18096,2.78841,-0.00852,-0.01157,0.36060,0.47120,0.00231,0.83411,24.81358
34.500,"PI",1.37233,-0.72351,0.33961,-1.18962,1.13571,0.31571,0.12299,0.24906,0.19669,0.45000,0.08639,"WALKING",0.30395,0.21651,0.28162,2.22063,2.88838,2.22063,2.88838,0.02319,0.04467,0.45088,0.59804,0.01792,1.06684,24.92096
34.600,"PI",1.38441,-0.69979,0.36297,-1.18190,1.11915,0.29915,0.11189,0.24991,0.19414,0.45000,-0.01771,"WALKING",0.30299,0.21778,0.28204,2.23363,2.89271,2.23363,2.89271,-0.00203,-0.01842,0.37064,0.49145,0.01350,0.87559,25.01185
34.700,"PI",1.38681,-0.69333,0.38623,-1.17371,1.12583,0.30583,0.11586,0.25088,0.19698,0.45000,0.00861,"WALKING",0.30197,0.21828,0.28348,2.23881,2.90753,2.23881,2.90753,0.00169,-0.00135,0.33627,0.44837,0.00254,0.78718,25.09487
34.800,"PI",1.39756,-0.67110,0.40902,-1.16520,1.10529,0.28529,0.10231,0.24604,0.18380,0.45000,-0.06974,"WALKING",0.30089,0.21562,0.27646,2.21153,2.83550,2.21153,2.83550,-0.01645,-0.03426,0.41918,0.54807,0.01389,0.98113,25.19347
34.900,"PI",1.41455,-0.63509,0.43128,-1.15643,1.10508,0.28508,0.10287,0.24275,0.17924,0.45000,-0.04321,"WALKING",0.29973,0.21308,0.27241,2.18544,2.79394,2.18544,2.79394,-0.01159,-0.01755,0.37691,0.49205,0.00453,0.87349,25.28308
35.000,"PI",1.43784,-0.58305,0.45341,-1.14725,1.12461,0.30461,0.11642,0.24506,0.18879,0.45000,0.05203,"WALKING",0.29852,0.21381,0.27630,2.19297,2.83389,2.19297,2.83389,0.01116,0.03362,0.40521,0.53454,0.01799,0.95774,25.36966
35.100,"PI",1.44655,-0.56043,0.47586,-1.13740,1.13683,0.31683,0.12398,0.25110,0.20095,0.45000,0.07569,"WALKING",0.29724,0.21784,0.28436,2.23429,2.91648,2.23429,2.91648,0.02007,0.03567,0.43261,0.57663,0.01329,1.02253,25.47421
35.200,"PI",1.44895,-0.55216,0.49826,-1.12703,1.12289,0.30289,0.11446,0.25102,0.19734,0.45000,-0.00792,"WALKING",0.29589,0.21836,0.28368,2.23961,2.90954,2.23961,2.90954,-0.00186,-0.01095,0.35829,0.47717,0.00761,0.84307,25.55806
35.300,"PI",1.45549,-0.53395,0.52012,-1.11639,1.10229,0.28229,0.10075,0.24578,0.18338,0.45000,-0.08392,"WALKING",0.29449,0.21543,0.27613,2.20957,2.83212,2.20957,2.83212,-0.01853,-0.04280,0.43719,0.57095,0.01888,1.02703,25.65837
35.400,"PI",1.46535,-0.50627,0.54138,-1.10557,1.10158,0.28158,0.10109,0.24170,0.17749,0.45000,-0.05380,"WALKING",0.29303,0.21233,0.27107,2.17771,2.78024,2.17771,2.78024,-0.01428,-0.02220,0.38801,0.50542,0.00596,0.89939,25.75094
35.500,"PI",1.48777,-0.44081,0.56223,-1.09449,1.11044,0.29044,0.10806,0.24072,0.17993,0.45000,0.00650,"WALKING",0.29150,0.21094,0.27050,2.16353,2.77437,2.16353,2.77437,-0.00252,0.01070,0.33729,0.44269,0.01009,0.79006,25.83343
35.600,"PI",1.49178,-0.42504,0.58333,-1.08275,1.12667,0.30667,0.11887,0.24695,0.19425,0.45000,0.05342,"WALKING",0.28992,0.21480,0.27909,2.20305,2.86251,2.20305,2.86251,0.01610,0.02259,0.39669,0.52675,0.00535,0.92879,25.93729
35.700,"PI",1.50247,-0.38729,0.60429,-1.07056,1.10979,0.28979,0.10763,0.24583,0.18884,0.45000,-0.03682,"WALKING",0.28829,0.21458,0.27708,2.20079,2.84186,2.20079,2.84186,-0.00681,-0.02441,0.38336,0.50596,0.01409,0.90341,26.02270
35.800,"PI",1.49909,-0.39533,0.62503,-1.05797,1.10647,0.28647,0.10538,0.24568,0.18767,0.45000,-0.05514,"WALKING",0.28660,0.21462,0.27674,2.20128,2.83839,2.20128,2.83839,-0.00724,-0.03657,0.40518,0.53330,0.02335,0.96183,26.11863
35.900,"PI",1.50612,-0.36763,0.64506,-1.04531,1.09624,0.27624,0.09912,0.24026,0.17683,0.45000,-0.06923,"WALKING",0.28485,0.21099,0.26952,2.16402,2.76434,2.16402,2.76434,-0.01837,-0.03043,0.40631,0.52898,0.00905,0.94433,26.21673
36.000,"PI",1.51742,-0.32051,0.66458,-1.03249,1.09637,0.27637,0.10034,0.23709,0.17356,0.45000,-0.04110,"WALKING",0.28305,0.20837,0.26581,2.13708,2.72629,2.13708,2.72629,-0.01184,-0.01497,0.36405,0.47406,0.00231,0.84041,26.30338
36.100,"PI",1.52868,-0.26791,0.68402,-1.01921,1.11832,0.29832,0.11590,0.24086,0.18668,0.45000,0.05745,"WALKING",0.28120,0.20997,0.27176,2.15351,2.78726,2.15351,2.78726,0.01335,0.03440,0.40243,0.53145,0.01666,0.95054,26.39454
36.200,"PI",1.52997,-0.25602,0.70365,-1.00524,1.11911,0.29911,0.11630,0.24529,0.19450,0.45000,0.02672,"WALKING",0.27931,0.21310,0.27748,2.18567,2.84596,2.18567,2.84596,0.00850,0.00451,0.34930,0.46609,0.00329,0.81868,26.49016
36.300,"PI",1.52904,-0.25627,0.72292,-0.99096,1.10436,0.28436,0.10638,0.24332,0.18798,0.45000,-0.04506,"WALKING",0.27736,0.21221,0.27443,2.17652,2.81468,2.17652,2.81468,-0.00887,-0.02784,0.38818,0.51277,0.01513,0.91607,26.57500
36.400,"PI",1.53316,-0.23018,0.74149,-0.97667,1.08885,0.26885,0.09647,0.23710,0.17430,0.45000,-0.08242,"WALKING",0.27537,0.20825,0.26595,2.13591,2.72766,2.13591,2.72766,-0.02102,-0.03694,0.41603,0.54097,0.01177,0.96877,26.67532
36.500,"PI",1.53700,-0.20301,0.75947,-0.96235,1.08743,0.26743,0.09677,0.23308,0.16930,0.45000,-0.05571,"WALKING",0.27333,0.20506,0.26110,2.10321,2.67795,2.10321,2.67795,-0.01492,-0.02165,0.37395,0.48538,0.00483,0.86416,26.76397
36.600,"PI",1.54497,-0.14170,0.77716,-0.94774,1.11428,0.29428,0.11619,0.23529,0.18150,0.45000,0.08487,"WALKING",0.27125,0.20525,0.26533,2.10517,2.72135,2.10517,2.72135,0.01459,0.06019,0.43740,0.57549,0.03511,1.04801,26.85787
36.700,"PI",1.54465,-0.13640,0.79495,-0.93249,1.11065,0.29065,0.11409,0.23884,0.18795,0.45000,0.03668,"WALKING",0.26913,0.20774,0.26995,2.13062,2.76869,2.13062,2.76869,0.00879,0.01564,0.35888,0.47696,0.00546,0.84130,26.94667
36.800,"PI",1.54763,-0.10119,0.81238,-0.91699,1.10889,0.28889,0.11320,0.23805,0.18711,0.45000,0.03116,"WALKING",0.26697,0.20708,0.26902,2.12393,2.75914,2.12393,2.75914,0.00106,0.02104,0.35380,0.47012,0.01586,0.83978,27.03362
36.900,"PI",1.54738,-0.09586,0.82939,-0.90129,1.08316,0.26316,0.09609,0.23409,0.17499,0.45000,-0.08396,"WALKING",0.26478,0.20513,0.26305,2.10388,2.69796,2.10388,2.69796,-0.01636,-0.04502,0.41501,0.54182,0.02127,0.97810,27.12359
37.000,"PI",1.54878,-0.06953,0.84573,-0.88569,1.07808,0.25808,0.09372,0.22892,0.16660,0.45000,-0.06940,"WALKING",0.26254,0.20135,0.25649,2.06510,2.63067,2.06510,2.63067,-0.01827,-0.02884,0.38378,0.49782,0.00747,0.88906,27.21545
37.100,"PI",1.55098,-0.01800,0.86150,-0.87014,1.08617,0.26617,0.10077,0.22701,0.16822,0.45000,-0.00580,"WALKING",0.26027,0.19917,0.25485,2.04281,2.61388,2.04281,2.61388,-0.00677,0.00576,0.30551,0.39987,0.00894,0.71431,27.29346
37.200,"PI",1.55149,0.02095,0.87721,-0.85409,1.10605,0.28605,0.11483,0.23176,0.18240,0.45000,0.07431,"WALKING",0.25797,0.20158,0.26195,2.06745,2.68669,2.06745,2.68669,0.01752,0.04405,0.40769,0.53979,0.02052,0.96801,27.38464
37.300,"PI",1.55068,0.03087,0.89285,-0.83751,1.09734,0.27734,0.10899,0.23361,0.18430,0.45000,0.00819,"WALKING",0.25564,0.20310,0.26411,2.08311,2.70879,2.08311,2.70879,0.00199,-0.00233,0.31094,0.41450,0.00337,0.72881,27.46488
37.400,"PI",1.54998,0.03365,0.90806,-0.82079,1.07656,0.25656,0.09501,0.22957,0.17280,0.45000,-0.07877,"WALKING",0.25328,0.20097,0.25817,2.06124,2.64787,2.06124,2.64787,-0.01583,-0.04231,0.40085,0.52425,0.01941,0.94450,27.55319
37.500,"PI",1.54923,0.05885,0.92263,-0.80423,1.06759,0.24759,0.08990,0.22360,0.16179,0.45000,-0.07977,"WALKING",0.25090,0.19682,0.25038,2.01871,2.56795,2.01871,2.56795,-0.02068,-0.03380,0.38626,0.49981,0.00900,0.89507,27.64612
37.600,"PI",1.54753,0.10039,0.93665,-0.78777,1.06557,0.24557,0.09014,0.21968,0.15742,0.45000,-0.05643,"WALKING",0.24848,0.19363,0.24573,1.98592,2.52034,1.98592,2.52034,-0.01518,-0.02107,0.35120,0.45379,0.00393,0.80892,27.72888
37.700,"PI",1.54495,0.14109,0.95050,-0.77096,1.09491,0.27491,0.11157,0.22383,0.17406,0.45000,0.08279,"WALKING",0.24605,0.19502,0.25263,2.00019,2.59110,2.00019,2.59110,0.01759,0.05422,0.40968,0.53989,0.02704,0.97661,27.81470
37.800,"PI",1.54350,0.15048,0.96424,-0.75369,1.08036,0.26036,0.10220,0.22468,0.17386,0.45000,-0.00761,"WALKING",0.24359,0.19590,0.25345,2.00926,2.59951,2.00926,2.59951,-0.00162,-0.00812,0.31384,0.41524,0.00480,0.73387,27.89131
37.900,"PI",1.54160,0.16656,0.97760,-0.73627,1.08567,0.26567,0.10632,0.22426,0.17568,0.45000,0.02506,"WALKING",0.24112,0.19519,0.25334,2.00193,2.59835,2.00193,2.59835,0.00099,0.01805,0.32720,0.43398,0.01272,0.77390,27.96981
38.000,"PI",1.53976,0.18088,0.99044,-0.71894,1.05549,0.23549,0.08620,0.21827,0.15911,0.45000,-0.09706,"WALKING",0.23863,0.19194,0.24461,1.96862,2.50878,1.96862,2.50878,-0.02180,-0.04688,0.39800,0.51534,0.01693,0.93027,28.06127
38.100,"PI",1.53640,0.20806,1.00270,-0.70186,1.05308,0.23308,0.08610,0.21336,0.15259,0.45000,-0.06846,"WALKING",0.23612,0.18811,0.23862,1.92932,2.44735,1.92932,2.44735,-0.01814,-0.02714,0.35420,0.45691,0.00583,0.81694,28.14532
38.200,"PI",1.52953,0.25920,1.01457,-0.68475,1.06794,0.24794,0.09824,0.21309,0.15915,0.45000,0.02197,"WALKING",0.23360,0.18675,0.23943,1.91535,2.45564,1.91535,2.45564,-0.00012,0.02288,0.31765,0.41521,0.01553,0.74839,28.22016
38.300,"PI",1.52539,0.28265,1.02640,-0.66710,1.08396,0.26396,0.10984,0.21822,0.17343,0.45000,0.07678,"WALKING",0.23107,0.18951,0.24692,1.94373,2.53252,1.94373,2.53252,0.01789,0.04430,0.38280,0.50770,0.01943,0.90993,28.30698
38.400,"PI",1.52368,0.28843,1.03798,-0.64914,1.06802,0.24802,0.09931,0.21768,0.17022,0.45000,-0.01269,"WALKING",0.22853,0.18951,0.24585,1.94368,2.52154,1.94368,2.52154,-0.00390,-0.00961,0.30857,0.40905,0.00413,0.72175,28.37732
38.500,"PI",1.52189,0.29566,1.04904,-0.63138,1.04208,0.22208,0.08182,0.21152,0.15407,0.45000,-0.11013,"WALKING",0.22598,0.18603,0.23702,1.90795,2.43099,1.90795,2.43099,-0.02299,-0.05567,0.39998,0.51726,0.02136,0.93860,28.46640
38.600,"PI",1.51744,0.31769,1.05950,-0.61400,1.03937,0.21937,0.08155,0.20591,0.14616,0.45000,-0.07755,"WALKING",0.22343,0.18172,0.23010,1.86380,2.36001,1.86380,2.36001,-0.02035,-0.03134,0.35081,0.45124,0.00681,0.80886,28.54994
38.700,"PI",1.50483,0.37849,1.06949,-0.59682,1.03699,0.21699,0.08181,0.20209,0.14254,0.45000,-0.05651,"WALKING",0.22088,0.17850,0.22568,1.83077,2.31469,1.83077,2.31469,-0.01542,-0.02028,0.32127,0.41291,0.00294,0.73711,28.62521
38.800,"PI",1.50085,0.39271,1.07940,-0.57914,1.06146,0.24146,0.10027,0.20779,0.16105,0.45000,0.04321,"WALKING",0.21832,0.18114,0.23445,1.85786,2.40459,1.85786,2.40459,0.01241,0.02135,0.32350,0.42658,0.00611,0.75619,28.71021
38.900,"PI",1.49415,0.41824,1.08904,-0.56129,1.03917,0.21917,0.08533,0.20596,0.15431,0.45000,-0.06967,"WALKING",0.21577,0.18042,0.23149,1.85045,2.37430,1.85045,2.37430,-0.01192,-0.04137,0.35047,0.45715,0.01928,0.82690,28.78639
39.000,"PI",1.49657,0.40497,1.09838,-0.54333,1.04257,0.22257,0.08851,0.20559,0.15624,0.45000,-0.04759,"WALKING",0.21322,0.17974,0.23145,1.84345,2.37385,1.84345,2.37385,-0.00737,-0.02947,0.32527,0.42642,0.01464,0.76634,28.86239
39.100,"PI",1.49150,0.42307,1.10717,-0.52579,1.02513,0.20513,0.07730,0.19899,0.14217,0.45000,-0.09208,"WALKING",0.21068,0.17546,0.22252,1.79958,2.28224,1.79958,2.28224,-0.02325,-0.04086,0.35556,0.45753,0.01062,0.82371,28.94703
39.200,"PI",1.48183,0.45705,1.11551,-0.50853,1.02243,0.20243,0.07729,0.19431,0.13666,0.45000,-0.06658,"WALKING",0.20814,0.17169,0.21693,1.76095,2.22488,1.76095,2.22488,-0.01796,-0.02558,0.31911,0.40937,0.00441,0.73289,29.02226
39.300,"PI",1.46827,0.50206,1.12359,-0.49120,1.04130,0.22130,0.09249,0.19580,0.14778,0.45000,0.03255,"WALKING",0.20561,0.17134,0.22026,1.75734,2.25903,1.75734,2.25903,0.00479,0.02643,0.30143,0.39428,0.01357,0.70928,29.08793
39.400,"PI",1.46449,0.51164,1.13158,-0.47335,1.04666,0.22666,0.09686,0.19985,0.15798,0.45000,0.03366,"WALKING",0.20310,0.17371,0.22600,1.78161,2.31793,1.78161,2.31793,0.00886,0.01509,0.29570,0.39218,0.00418,0.69206,29.16328
39.500,"PI",1.46503,0.50764,1.13926,-0.45546,1.03036,0.21036,0.08594,0.19779,0.15188,0.45000,-0.04452,"WALKING",0.20059,0.17266,0.22293,1.77083,2.28644,1.77083,2.28644,-0.00948,-0.02525,0.30877,0.40575,0.01016,0.72469,29.23137
39.600,"PI",1.46039,0.52041,1.14643,-0.43803,1.01001,0.19001,0.07246,0.19092,0.13615,0.45000,-0.10341,"WALKING",0.19811,0.16839,0.21345,1.72703,2.18925,1.72703,2.18925,-0.02435,-0.04803,0.35167,0.45187,0.01368,0.81722,29.31351
39.700,"PI",1.45366,0.53892,1.15316,-0.42106,1.00720,0.18720,0.07242,0.18568,0.12948,0.45000,-0.07388,"WALKING",0.19564,0.16425,0.20711,1.68466,2.12424,1.68466,2.12424,-0.01965,-0.02883,0.31103,0.39779,0.00504,0.71387,29.38708
39.800,"PI",1.43400,0.59253,1.15958,-0.40424,1.02210,0.20210,0.08534,0.18488,0.13597,0.45000,0.02186,"WALKING",0.19319,0.16238,0.20739,1.66545,2.12704,1.66545,2.12704,-0.00204,0.02606,0.27536,0.35756,0.01621,0.64913,29.45356
39.900,"PI",1.43241,0.59462,1.16589,-0.38697,1.02825,0.20825,0.09062,0.18888,0.14710,0.45000,0.02899,"WALKING",0.19076,0.16454,0.21323,1.68758,2.18695,1.68758,2.18695,0.00778,0.01372,0.27589,0.36409,0.00370,0.64368,29.52443
40.000,"PI",1.42157,0.62099,1.17191,-0.36971,1.01622,0.19622,0.08280,0.18686,0.14263,0.45000,-0.02456,"WALKING",0.18836,0.16326,0.21047,1.67443,2.15863,1.67443,2.15863,-0.00819,-0.01123,0.27088,0.35549,0.00184,0.62821,29.58810
40.100,"PI",1.42538,0.60980,1.17763,-0.35252,1.00175,0.18175,0.07304,0.18406,0.13554,0.45000,-0.08386,"WALKING",0.18598,0.16162,0.20649,1.65767,2.11782,1.65767,2.11782,-0.01382,-0.04661,0.32131,0.41636,0.01885,0.75652,29.65504
40.200,"PI",1.41801,0.62675,1.18293,-0.33584,0.99226,0.17226,0.06756,0.17782,0.12413,0.45000,-0.08501,"WALKING",0.18363,0.15727,0.19836,1.61306,2.03445,1.61306,2.03445,-0.02187,-0.03559,0.30849,0.39422,0.00722,0.70993,29.72884
40.300,"PI",1.40168,0.66393,1.18791,-0.31952,0.99439,0.17439,0.07114,0.17430,0.12207,0.45000,-0.04100,"WALKING",0.18131,0.15410,0.19450,1.58048,1.99489,1.58048,1.99489,-0.01363,-0.01106,0.26132,0.33480,0.00133,0.59745,29.79220
40.400,"PI",1.38566,0.69863,1.19271,-0.30299,1.01427,0.19427,0.08691,0.17761,0.13606,0.45000,0.05088,"WALKING",0.17901,0.15510,0.20013,1.59072,2.05263,1.59072,2.05263,0.01054,0.03467,0.28871,0.37824,0.01393,0.68087,29.85662
40.500,"PI",1.38414,0.70014,1.19739,-0.28603,1.00965,0.18965,0.08413,0.18014,0.14116,0.45000,0.00503,"WALKING",0.17676,0.15678,0.20350,1.60795,2.08718,1.60795,2.08718,0.00210,-0.00344,0.23669,0.31323,0.00332,0.55323,29.91999
40.600,"PI",1.38755,0.69158,1.20177,-0.26930,0.99111,0.17111,0.07144,0.17655,0.13146,0.45000,-0.07276,"WALKING",0.17453,0.15480,0.19831,1.58765,2.03394,1.58765,2.03394,-0.01464,-0.03936,0.29907,0.38858,0.01378,0.70144,29.98526
40.700,"PI",1.37972,0.70706,1.20579,-0.25312,0.97717,0.15717,0.06270,0.16954,0.11735,0.45000,-0.09354,"WALKING",0.17235,0.15012,0.18896,1.53969,1.93809,1.53969,1.93809,-0.02425,-0.04009,0.30208,0.38488,0.00789,0.69485,30.05796
40.800,"PI",1.37036,0.72520,1.20953,-0.23739,0.97451,0.15451,0.06287,0.16485,0.11200,0.45000,-0.06732,"WALKING",0.17020,0.14632,0.18339,1.50068,1.88092,1.50068,1.88092,-0.01815,-0.02542,0.26964,0.34225,0.00345,0.61535,30.12121
40.900,"PI",1.34895,0.76623,1.21307,-0.22165,1.00621,0.18621,0.08782,0.16776,0.12873,0.45000,0.09717,"WALKING",0.16809,0.14646,0.18907,1.50212,1.93914,1.50212,1.93914,0.01577,0.07216,0.32217,0.42098,0.03079,0.77394,30.18823
41.000,"PI",1.35273,0.75773,1.21649,-0.20551,0.99530,0.17530,0.08093,0.16972,0.13237,0.45000,0.01983,"WALKING",0.16603,0.14781,0.19162,1.51600,1.96538,1.51600,1.96538,0.00296,0.00939,0.23540,0.31048,0.00361,0.54950,30.24516
41.100,"PI",1.34090,0.77891,1.21967,-0.18947,0.99981,0.17981,0.08497,0.16881,0.13351,0.45000,0.05367,"WALKING",0.16400,0.14671,0.19090,1.50471,1.95797,1.50471,1.95797,0.00258,0.04178,0.27133,0.35839,0.02220,0.65193,30.31223
41.200,"PI",1.33962,0.78037,1.22261,-0.17368,0.96335,0.14335,0.05946,0.16273,0.11518,0.45000,-0.10464,"WALKING",0.16203,0.14366,0.18179,1.47348,1.86449,1.47348,1.86449,-0.02266,-0.05334,0.30199,0.38650,0.01499,0.70348,30.37983
41.300,"PI",1.33144,0.79424,1.22525,-0.15849,0.95987,0.13987,0.05877,0.15708,0.10727,0.45000,-0.07690,"WALKING",0.16010,0.13932,0.17483,1.42895,1.79313,1.42895,1.79313,-0.02070,-0.03138,0.26566,0.33728,0.00486,0.60780,30.44277
41.400,"PI",1.30927,0.83184,1.22768,-0.14362,0.97104,0.15104,0.06922,0.15537,0.11140,0.45000,0.00356,"WALKING",0.15821,0.13693,0.17380,1.40443,1.78261,1.40443,1.78261,-0.00660,0.01453,0.21227,0.27348,0.00998,0.49574,30.49630
41.500,"PI",1.29684,0.85167,1.22999,-0.12833,0.98976,0.16976,0.08381,0.16025,0.12738,0.45000,0.07697,"WALKING",0.15638,0.13917,0.18133,1.42733,1.85976,1.42733,1.85976,0.01686,0.04834,0.28004,0.36971,0.01701,0.66676,30.55819
41.600,"PI",1.29645,0.85115,1.23213,-0.11282,0.97636,0.15636,0.07469,0.16070,0.12679,0.45000,-0.00491,"WALKING",0.15460,0.13972,0.18169,1.43299,1.86344,1.43299,1.86344,-0.00189,-0.00636,0.21719,0.28724,0.00240,0.50683,30.61009
41.700,"PI",1.29831,0.84733,1.23404,-0.09767,0.95219,0.13219,0.05759,0.15531,0.11201,0.45000,-0.09941,"WALKING",0.15287,0.13677,0.17384,1.40276,1.78300,1.40276,1.78300,-0.02017,-0.05224,0.28294,0.36371,0.01523,0.66188,30.67240
41.800,"PI",1.28993,0.86002,1.23569,-0.08329,0.94597,0.12597,0.05452,0.14914,0.10164,0.45000,-0.08298,"WALKING",0.15120,0.13232,0.16596,1.35712,1.70218,1.35712,1.70218,-0.02166,-0.03473,0.25631,0.32501,0.00564,0.58696,30.73354
41.900,"PI",1.26705,0.89476,1.23715,-0.06934,0.94384,0.12384,0.05489,0.14507,0.09739,0.45000,-0.05879,"WALKING",0.14958,0.12896,0.16119,1.32262,1.65325,1.32262,1.65325,-0.01599,-0.02163,0.23006,0.29085,0.00233,0.52324,30.78725
42.000,"PI",1.25503,0.91195,1.23849,-0.05511,0.97166,0.15166,0.07686,0.15003,0.11645,0.45000,0.06656,"WALKING",0.14802,0.13075,0.16930,1.34105,1.73639,1.34105,1.73639,0.01516,0.04232,0.25429,0.33338,0.01342,0.60109,30.84539
42.100,"PI",1.25001,0.91838,1.23968,-0.04069,0.95375,0.13375,0.06436,0.14979,0.11349,0.45000,-0.03397,"WALKING",0.14651,0.13100,0.16857,1.34362,1.72890,1.34362,1.72890,-0.00569,-0.02275,0.22421,0.29250,0.00821,0.52491,30.89730
42.200,"PI",1.25245,0.91401,1.24069,-0.02635,0.95863,0.13863,0.06855,0.14932,0.11578,0.45000,-0.00442,"WALKING",0.14507,0.13016,0.16848,1.33499,1.72805,1.33499,1.72805,-0.00297,-0.00198,0.19811,0.26051,0.00049,0.45910,30.94334
42.300,"PI",1.24762,0.92033,1.24153,-0.01248,0.93392,0.11392,0.05104,0.14313,0.09927,0.45000,-0.09380,"WALKING",0.14368,0.12670,0.15956,1.29951,1.63652,1.29951,1.63652,-0.02147,-0.04470,0.25495,0.32437,0.00978,0.58910,31.00256
42.400,"PI",1.23427,0.93848,1.24220,0.00088,0.93183,0.11183,0.05123,0.13845,0.09304,0.45000,-0.06518,"WALKING",0.14236,0.12305,0.15385,1.26206,1.57791,1.26206,1.57791,-0.01726,-0.02571,0.22436,0.28350,0.00333,0.51120,31.05531
42.500,"PI",1.20946,0.97178,1.24274,0.01415,0.94925,0.12925,0.06606,0.13928,0.10266,0.45000,0.03134,"WALKING",0.14110,0.12229,0.15627,1.25427,1.60280,1.25427,1.60280,0.00304,0.02806,0.21124,0.27329,0.01089,0.49543,31.10229
42.600,"PI",1.20302,0.97947,1.24315,0.02790,0.96156,0.14156,0.07555,0.14449,0.11667,0.45000,0.06457,"WALKING",0.13990,0.12518,0.16380,1.28391,1.67999,1.28391,1.67999,0.01566,0.03574,0.23690,0.31397,0.00994,0.56081,31.15848
42.700,"PI",1.20633,0.97427,1.24340,0.04175,0.94587,0.12587,0.06443,0.14361,0.11248,0.45000,-0.02088,"WALKING",0.13877,0.12500,0.16223,1.28204,1.66388,1.28204,1.66388,-0.00496,-0.01463,0.20456,0.26930,0.00462,0.47847,31.20429
42.800,"PI",1.20463,0.97593,1.24351,0.05509,0.92270,0.10270,0.04771,0.13736,0.09582,0.45000,-0.10248,"WALKING",0.13770,0.12150,0.15321,1.24613,1.57143,1.24613,1.57143,-0.02192,-0.05212,0.25177,0.32057,0.01228,0.58462,31.26127
42.900,"PI",1.19594,0.98655,1.24350,0.06786,0.92075,0.10075,0.04788,0.13220,0.08844,0.45000,-0.06991,"WALKING",0.13670,0.11756,0.14683,1.20574,1.50599,1.20574,1.50599,-0.01849,-0.02852,0.21776,0.27470,0.00376,0.49622,31.31272
43.000,"PI",1.16169,1.02877,1.24337,0.08030,0.92593,0.10593,0.05378,0.12988,0.08936,0.45000,-0.01894,"WALKING",0.13577,0.11510,0.14467,1.18046,1.48384,1.18046,1.48384,-0.00950,-0.00003,0.17832,0.22685,0.00359,0.40875,31.35658
43.100,"PI",1.15999,1.02992,1.24311,0.09323,0.94431,0.12431,0.06833,0.13590,0.10698,0.45000,0.04415,"WALKING",0.13490,0.11819,0.15360,1.21225,1.57543,1.21225,1.57543,0.01332,0.02052,0.20646,0.27174,0.00327,0.48147,31.41145
43.200,"PI",1.14425,1.04807,1.24271,0.10616,0.92396,0.10396,0.05360,0.13407,0.09984,0.45000,-0.05888,"WALKING",0.13410,0.11754,0.15059,1.20556,1.54452,1.20556,1.54452,-0.00989,-0.03656,0.21720,0.28140,0.01129,0.50989,31.45825
43.300,"PI",1.16087,1.02760,1.24218,0.11908,0.92311,0.10311,0.05339,0.13389,0.10016,0.45000,-0.06192,"WALKING",0.13338,0.11731,0.15047,1.20319,1.54323,1.20319,1.54323,-0.00741,-0.04142,0.21901,0.28405,0.01445,0.51750,31.51016
43.400,"PI",1.15200,1.03752,1.24156,0.13139,0.91128,0.09128,0.04553,0.12768,0.08721,0.45000,-0.07910,"WALKING",0.13272,0.11325,0.14212,1.16152,1.45759,1.16152,1.45759,-0.02097,-0.03517,0.21778,0.27589,0.00525,0.49892,31.56250
43.500,"PI",1.13057,1.06159,1.24086,0.14327,0.90989,0.08989,0.04618,0.12379,0.08277,0.45000,-0.05353,"WALKING",0.13213,0.11009,0.13749,1.12911,1.41010,1.12911,1.41010,-0.01484,-0.02059,0.19315,0.24359,0.00202,0.43876,31.60767
43.600,"PI",1.10448,1.09022,1.24004,0.15527,0.93247,0.11247,0.06450,0.12724,0.09783,0.45000,0.05224,"WALKING",0.13161,0.11105,0.14343,1.13893,1.47106,1.13893,1.47106,0.01082,0.03507,0.20423,0.26672,0.01006,0.48102,31.65324
43.700,"PI",1.10514,1.08861,1.23906,0.16781,0.93490,0.11490,0.06638,0.13192,0.10783,0.45000,0.03061,"WALKING",0.13117,0.11407,0.14976,1.16998,1.53605,1.16998,1.53605,0.00939,0.00841,0.18425,0.24527,0.00045,0.42996,31.70324
43.800,"PI",1.11439,1.07791,1.23795,0.18026,0.91983,0.09983,0.05524,0.12999,0.10110,0.45000,-0.04344,"WALKING",0.13079,0.11325,0.14672,1.16159,1.50482,1.16159,1.50482,-0.00827,-0.02788,0.19958,0.26165,0.00841,0.46964,31.74673
43.900,"PI",1.10699,1.08543,1.23678,0.19212,0.90329,0.08329,0.04346,0.12355,0.08570,0.45000,-0.08591,"WALKING",0.13049,0.10937,0.13773,1.12172,1.41266,1.12172,1.41266,-0.02130,-0.04037,0.21492,0.27313,0.00693,0.49499,31.79802
44.000,"PI",1.09782,1.09470,1.23556,0.20350,0.90218,0.08218,0.04412,0.11936,0.08024,0.45000,-0.05654,"WALKING",0.13026,0.10608,0.13264,1.08803,1.36042,1.08803,1.36042,-0.01529,-0.02244,0.18782,0.23706,0.00243,0.42731,31.84219
44.100,"PI",1.06393,1.12924,1.23426,0.21481,0.92748,0.10748,0.06467,0.12135,0.09313,0.45000,0.07729,"WALKING",0.13010,0.10594,0.13677,1.08657,1.40272,1.08657,1.40272,0.01133,0.05911,0.21543,0.28077,0.01887,0.51507,31.88822
44.200,"PI",1.06885,1.12353,1.23278,0.22664,0.92724,0.10724,0.06476,0.12574,0.10238,0.45000,0.04338,"WALKING",0.13002,0.10879,0.14268,1.11584,1.46342,1.11584,1.46342,0.01089,0.01969,0.18654,0.24770,0.00382,0.43806,31.93492
44.300,"PI",1.05316,1.13865,1.23118,0.23842,0.92388,0.10388,0.06249,0.12511,0.10136,0.45000,0.02659,"WALKING",0.13000,0.10833,0.14188,1.11111,1.45522,1.11111,1.45522,0.00013,0.01785,0.17474,0.23186,0.00762,0.41423,31.97754
44.400,"PI",1.06046,1.13092,1.22950,0.25003,0.90157,0.08157,0.04593,0.12186,0.09013,0.45000,-0.07595,"WALKING",0.13006,0.10695,0.13678,1.09690,1.40288,1.09690,1.40288,-0.01300,-0.04450,0.20641,0.26657,0.01204,0.48502,32.02129
44.500,"PI",1.05093,1.13979,1.22779,0.26112,0.89657,0.07657,0.04311,0.11688,0.08098,0.45000,-0.06375,"WALKING",0.13020,0.10348,0.13028,1.06132,1.33624,1.06132,1.33624,-0.01685,-0.02767,0.18868,0.23976,0.00372,0.43216,32.06636
44.600,"PI",1.02340,1.16552,1.22604,0.27191,0.90479,0.08479,0.05079,0.11527,0.08295,0.45000,-0.00237,"WALKING",0.13040,0.10154,0.12900,1.04148,1.32308,1.04148,1.32308,-0.00602,0.00730,0.14972,0.19243,0.00469,0.34684,32.10396
44.700,"PI",1.00269,1.18420,1.22412,0.28308,0.92671,0.10671,0.06755,0.12087,0.09983,0.45000,0.08389,"WALKING",0.13068,0.10434,0.13739,1.07019,1.40911,1.07019,1.40911,0.01978,0.05056,0.21199,0.28200,0.01304,0.50702,32.15134
44.800,"PI",1.00431,1.18197,1.22201,0.29467,0.92041,0.10041,0.06262,0.12394,0.10400,0.45000,0.02212,"WALKING",0.13102,0.10673,0.14116,1.09470,1.44776,1.09470,1.44776,0.00617,0.00317,0.16463,0.22080,0.00132,0.38675,32.19468
44.900,"PI",1.01189,1.17458,1.21981,0.30607,0.90134,0.08134,0.04826,0.12070,0.09302,0.45000,-0.06385,"WALKING",0.13144,0.10531,0.13610,1.08008,1.39585,1.08008,1.39585,-0.01196,-0.03864,0.19730,0.25762,0.01053,0.46545,32.23798
45.000,"PI",1.00187,1.18314,1.21763,0.31691,0.89281,0.07281,0.04245,0.11519,0.08132,0.45000,-0.06837,"WALKING",0.13194,0.10173,0.12865,1.04343,1.31949,1.04343,1.31949,-0.01795,-0.03092,0.18896,0.24114,0.00447,0.43457,32.28360
45.100,"PI",0.98175,1.20033,1.21543,0.32737,0.89268,0.07268,0.04357,0.11203,0.07763,0.45000,-0.04205,"WALKING",0.13250,0.09918,0.12488,1.01725,1.28080,1.01725,1.28080,-0.01169,-0.01614,0.16727,0.21263,0.00147,0.38137,32.32288
45.200,"PI",0.95667,1.22129,1.21310,0.33804,0.92569,0.10569,0.06891,0.11746,0.09738,0.45000,0.10902,"WALKING",0.13313,0.10134,0.13357,1.03938,1.36998,1.03938,1.36998,0.02345,0.07122,0.22553,0.29999,0.01973,0.54525,32.36860
45.300,"PI",0.95980,1.21801,1.21055,0.34914,0.91401,0.09401,0.06021,0.12003,0.09969,0.45000,0.02068,"WALKING",0.13384,0.10353,0.13653,1.06190,1.40032,1.06190,1.40032,0.00511,0.00397,0.15927,0.21287,0.00048,0.37263,32.40930
45.400,"PI",0.95245,1.22360,1.20789,0.36023,0.92206,0.10206,0.06581,0.12096,0.10318,0.45000,0.05738,"WALKING",0.13461,0.10389,0.13804,1.06552,1.41579,1.06552,1.41579,0.00832,0.03597,0.18927,0.25447,0.01210,0.45584,32.45235
45.500,"PI",0.94999,1.22519,1.20519,0.37105,0.89144,0.07144,0.04302,0.11597,0.08593,0.45000,-0.07880,"WALKING",0.13545,0.10175,0.13019,1.04359,1.33530,1.04359,1.33530,-0.01680,-0.04320,0.19809,0.25580,0.00962,0.46351,32.49778
45.600,"PI",0.93757,1.23477,1.20251,0.38142,0.89157,0.07157,0.04394,0.11215,0.08020,0.45000,-0.04737,"WALKING",0.13636,0.09888,0.12542,1.01414,1.28639,1.01414,1.28639,-0.01299,-0.02036,0.17113,0.21917,0.00250,0.39280,32.53851
45.700,"PI",0.90428,1.26046,1.19976,0.39170,0.90904,0.08904,0.05796,0.11326,0.08848,0.45000,0.04614,"WALKING",0.13734,0.09862,0.12791,1.01151,1.31187,1.01151,1.31187,0.00653,0.03516,0.17728,0.23229,0.01075,0.42032,32.57758
45.800,"PI",0.89136,1.26974,1.19675,0.40255,0.93002,0.11002,0.07283,0.12065,0.10656,0.45000,0.11208,"WALKING",0.13838,0.10301,0.13828,1.05654,1.41828,1.05654,1.41828,0.02739,0.06245,0.22536,0.30559,0.01584,0.54679,32.62837
45.900,"PI",0.89275,1.26804,1.19352,0.41369,0.91654,0.09654,0.06244,0.12202,0.10530,0.45000,0.01917,"WALKING",0.13949,0.10459,0.13944,1.07273,1.43020,1.07273,1.43020,0.00344,0.00183,0.15776,0.21340,0.00072,0.37188,32.66726
46.000,"PI",0.89456,1.26623,1.19027,0.42452,0.89248,0.07248,0.04418,0.11734,0.08969,0.45000,-0.08374,"WALKING",0.14066,0.10250,0.13219,1.05125,1.35575,1.05125,1.35575,-0.01603,-0.04897,0.20372,0.26520,0.01253,0.48145,32.71256
46.100,"PI",0.88298,1.27433,1.18708,0.43485,0.89244,0.07244,0.04469,0.11314,0.08262,0.45000,-0.05079,"WALKING",0.14190,0.09946,0.12681,1.02012,1.30060,1.02012,1.30060,-0.01371,-0.02272,0.17464,0.22484,0.00316,0.40264,32.75450
46.200,"PI",0.84145,1.30355,1.18388,0.44490,0.89337,0.07337,0.04621,0.11099,0.08058,0.45000,-0.02724,"WALKING",0.14320,0.09766,0.12433,1.00162,1.27516,1.00162,1.27516,-0.00796,-0.00996,0.15682,0.20174,0.00068,0.35924,32.79135
46.300,"PI",0.83250,1.30909,1.18040,0.45550,0.92284,0.10284,0.06792,0.11909,0.10239,0.45000,0.08307,"WALKING",0.14456,0.10214,0.13603,1.04761,1.39521,1.04761,1.39521,0.02371,0.04119,0.20291,0.27314,0.00759,0.48364,32.84322
46.400,"PI",0.81868,1.31787,1.17667,0.46645,0.90443,0.08443,0.05393,0.11962,0.09824,0.45000,-0.02943,"WALKING",0.14599,0.10336,0.13588,1.06014,1.39366,1.06014,1.39366,-0.00293,-0.02746,0.17672,0.23511,0.01022,0.42205,32.88649
46.500,"PI",0.83197,1.30829,1.17279,0.47748,0.91175,0.09175,0.05877,0.12129,0.10242,0.45000,-0.00424,"WALKING",0.14747,0.10433,0.13824,1.07010,1.41782,1.07010,1.41782,0.00149,-0.01247,0.16215,0.21780,0.00607,0.38601,32.92886
46.600,"PI",0.82229,1.31431,1.16893,0.48812,0.89548,0.07548,0.04662,0.11650,0.08908,0.45000,-0.06086,"WALKING",0.14901,0.10175,0.13124,1.04364,1.34607,1.04364,1.34607,-0.01512,-0.03151,0.18715,0.24383,0.00619,0.43717,32.97375
46.700,"PI",0.79875,1.32912,1.16510,0.49841,0.89656,0.07656,0.04796,0.11374,0.08525,0.45000,-0.03273,"WALKING",0.15061,0.09963,0.12784,1.02183,1.31122,1.02183,1.31122,-0.00933,-0.01387,0.16434,0.21316,0.00164,0.37914,33.01289
46.800,"PI",0.76322,1.35100,1.16108,0.50886,0.91941,0.09941,0.06510,0.11768,0.09870,0.45000,0.06964,"WALKING",0.15227,0.10134,0.13401,1.03941,1.37450,1.03941,1.37450,0.01585,0.04301,0.19634,0.26240,0.01137,0.47010,33.05570
46.900,"PI",0.75719,1.35395,1.15670,0.51993,0.93056,0.11056,0.07216,0.12468,0.11243,0.45000,0.07984,"WALKING",0.15398,0.10608,0.14329,1.08796,1.46964,1.08796,1.46964,0.02186,0.03550,0.20455,0.27967,0.00650,0.49072,33.10748
47.000,"PI",0.76346,1.34953,1.15214,0.53111,0.91783,0.09783,0.06214,0.12504,0.10884,0.45000,-0.00187,"WALKING",0.15574,0.10702,0.14305,1.09768,1.46717,1.09768,1.46717,-0.00004,-0.01106,0.16662,0.22596,0.00509,0.39766,33.14784
47.100,"PI",0.75638,1.35331,1.14761,0.54190,0.90017,0.08017,0.04872,0.12026,0.09459,0.45000,-0.06741,"WALKING",0.15755,0.10460,0.13591,1.07286,1.39397,1.07286,1.39397,-0.01512,-0.03745,0.19758,0.25940,0.00896,0.46594,33.19435
47.200,"PI",0.74250,1.36098,1.14312,0.55230,0.90159,0.08159,0.05005,0.11719,0.08975,0.45000,-0.03539,"WALKING",0.15942,0.10233,0.13204,1.04957,1.35426,1.04957,1.35426,-0.00985,-0.01576,0.17096,0.22306,0.00225,0.39627,33.23541
47.300,"PI",0.69483,1.38736,1.13855,0.56264,0.91864,0.09864,0.06289,0.11864,0.09725,0.45000,0.05264,"WALKING",0.16133,0.10255,0.13474,1.05179,1.38193,1.05179,1.38193,0.00916,0.03715,0.18841,0.25028,0.01154,0.45023,33.27667
47.400,"PI",0.69378,1.38718,1.13358,0.57358,0.93234,0.11234,0.07186,0.12615,0.11242,0.45000,0.07500,"WALKING",0.16329,0.10754,0.14475,1.10298,1.48463,1.10298,1.48463,0.02196,0.03220,0.20470,0.27893,0.00489,0.48852,33.33024
47.500,"PI",0.67039,1.39906,1.12841,0.58462,0.92210,0.10210,0.06366,0.12648,0.10959,0.45000,0.00783,"WALKING",0.16530,0.10834,0.14462,1.11119,1.48324,1.11119,1.48324,0.00095,-0.00390,0.16166,0.21909,0.00225,0.38300,33.36926
47.600,"PI",0.68450,1.39105,1.12305,0.59571,0.91506,0.09506,0.05754,0.12689,0.10662,0.45000,-0.03812,"WALKING",0.16735,0.10925,0.14454,1.12047,1.48241,1.12047,1.48241,-0.00294,-0.03231,0.19145,0.25652,0.01328,0.46126,33.41638
47.700,"PI",0.66934,1.39841,1.11775,0.60642,0.90911,0.08911,0.05294,0.12294,0.09718,0.45000,-0.04278,"WALKING",0.16944,0.10685,0.13902,1.09592,1.42584,1.09592,1.42584,-0.01175,-0.02145,0.18534,0.24395,0.00400,0.43329,33.46176
47.800,"PI",0.63455,1.41520,1.11243,0.61690,0.91487,0.09487,0.05725,0.12181,0.09697,0.45000,-0.00165,"WALKING",0.17157,0.10576,0.13786,1.08476,1.41397,1.08476,1.41397,-0.00298,0.00165,0.15626,0.20647,0.00190,0.36463,33.50024
47.900,"PI",0.59889,1.43166,1.10680,0.62773,0.94054,0.12054,0.07499,0.12843,0.11361,0.45000,0.09688,"WALKING",0.17375,0.10963,0.14724,1.12442,1.51010,1.12442,1.51010,0.02519,0.05316,0.23016,0.31260,0.01348,0.55624,33.55289
48.000,"PI",0.59702,1.43168,1.10070,0.63912,0.94204,0.12204,0.07461,0.13459,0.12222,0.45000,0.05549,"WALKING",0.17596,0.11436,0.15482,1.17296,1.58790,1.17296,1.58790,0.01680,0.01560,0.19817,0.27223,0.00062,0.47102,33.60705
48.100,"PI",0.60598,1.42701,1.09442,0.65051,0.92878,0.10878,0.06394,0.13391,0.11577,0.45000,-0.02172,"WALKING",0.17820,0.11475,0.15307,1.17691,1.56995,1.17691,1.56995,-0.00305,-0.02249,0.19254,0.26054,0.00955,0.46262,33.65160
48.200,"PI",0.58943,1.43392,1.08823,0.66145,0.91837,0.09837,0.05584,0.12937,0.10363,0.45000,-0.04793,"WALKING",0.18048,0.11222,0.14652,1.15094,1.50274,1.15094,1.50274,-0.01304,-0.02505,0.19943,0.26357,0.00528,0.46828,33.70097
48.300,"PI",0.57259,1.44073,1.08205,0.67212,0.92078,0.10078,0.05749,0.12743,0.10064,0.45000,-0.01966,"WALKING",0.18279,0.11078,0.14409,1.13616,1.47784,1.13616,1.47784,-0.00577,-0.00897,0.17596,0.23191,0.00137,0.40923,33.74315
48.400,"PI",0.52483,1.45992,1.07562,0.68294,0.95838,0.13838,0.08342,0.13345,0.11888,0.45000,0.15217,"WALKING",0.18513,0.11378,0.15313,1.16696,1.57056,1.16696,1.57056,0.03396,0.09636,0.28674,0.38971,0.03147,0.70791,33.79808
48.500,"PI",0.52990,1.45720,1.06867,0.69433,0.95308,0.13308,0.07854,0.13928,0.12560,0.45000,0.07504,"WALKING",0.18750,0.11850,0.16007,1.21536,1.64176,1.21536,1.64176,0.01979,0.03099,0.22316,0.30565,0.00597,0.53478,33.85306
48.600,"PI",0.50463,1.46638,1.06149,0.70578,0.96021,0.14021,0.08205,0.14129,0.12830,0.45000,0.09554,"WALKING",0.18990,0.12006,0.16252,1.23134,1.66691,1.23134,1.66691,0.01747,0.05403,0.24623,0.33768,0.01990,0.60381,33.90781
48.700,"PI",0.50222,1.46674,1.05417,0.71714,0.93126,0.11126,0.06085,0.13842,0.11450,0.45000,-0.05223,"WALKING",0.19232,0.11947,0.15737,1.22534,1.61404,1.22534,1.61404,-0.00983,-0.03584,0.22016,0.29376,0.01263,0.52656,33.95714
48.800,"PI",0.48387,1.47290,1.04692,0.72811,0.93221,0.11221,0.06102,0.13560,0.10882,0.45000,-0.02724,"WALKING",0.19476,0.11759,0.15361,1.20606,1.57550,1.20606,1.57550,-0.00792,-0.01447,0.19454,0.25762,0.00302,0.45518,34.00443
48.900,"PI",0.43967,1.48753,1.03955,0.73899,0.94786,0.12786,0.07162,0.13708,0.11442,0.45000,0.05085,"WALKING",0.19722,0.11814,0.15601,1.21170,1.60014,1.21170,1.60014,0.01023,0.03224,0.21457,0.28708,0.01069,0.51233,34.05151
49.000,"PI",0.41158,1.49595,1.03164,0.75036,0.97273,0.15273,0.08719,0.14556,0.13193,0.45000,0.12933,"WALKING",0.19970,0.12372,0.16739,1.26897,1.71685,1.26897,1.71685,0.03404,0.06735,0.28378,0.38856,0.01864,0.69098,34.11591
49.100,"PI",0.40724,1.49650,1.02323,0.76211,0.96570,0.14570,0.08072,0.14978,0.13458,0.45000,0.05065,"WALKING",0.20220,0.12751,0.17206,1.30780,1.76467,1.30780,1.76467,0.01358,0.01324,0.21629,0.29668,0.00019,0.51316,34.17118
49.200,"PI",0.40735,1.49587,1.01471,0.77368,0.94716,0.12716,0.06647,0.14747,0.12362,0.45000,-0.04381,"WALKING",0.20471,0.12701,0.16793,1.30269,1.72237,1.30269,1.72237,-0.00762,-0.03304,0.22953,0.30782,0.01333,0.55068,34.22222
49.300,"PI",0.38744,1.50115,1.00626,0.78491,0.94504,0.12504,0.06428,0.14414,0.11573,0.45000,-0.03259,"WALKING",0.20723,0.12499,0.16330,1.28195,1.67483,1.28195,1.67483,-0.00910,-0.01764,0.21173,0.28057,0.00419,0.49650,34.27409
49.400,"PI",0.34478,1.51220,0.99779,0.79587,0.94816,0.12816,0.06606,0.14308,0.11401,0.45000,-0.00755,"WALKING",0.20977,0.12422,0.16195,1.27400,1.66107,1.27400,1.66107,-0.00250,-0.00390,0.19004,0.25164,0.00068,0.44235,34.31947
49.500,"PI",0.31501,1.51906,0.98882,0.80720,0.98273,0.16273,0.08859,0.15165,0.13409,0.45000,0.12704,"WALKING",0.21231,0.12946,0.17384,1.32777,1.78300,1.32777,1.78300,0.03413,0.06783,0.29799,0.40502,0.01917,0.72218,34.38711
49.600,"PI",0.30322,1.52108,0.97932,0.81886,0.97075,0.15075,0.07909,0.15506,0.13469,0.45000,0.02707,"WALKING",0.21486,0.13277,0.17735,1.36176,1.81901,1.36176,1.81901,0.00831,-0.00025,0.20561,0.27964,0.00489,0.49013,34.44283
49.700,"PI",0.29730,1.52175,0.96954,0.83054,0.98129,0.16129,0.08453,0.15798,0.13920,0.45000,0.05893,"WALKING",0.21741,0.13494,0.18102,1.38404,1.85661,1.38404,1.85661,0.01420,0.02482,0.24277,0.33093,0.00627,0.57997,34.49800
49.800,"PI",0.28317,1.52426,0.95971,0.84199,0.95930,0.13930,0.06840,0.15462,0.12591,0.45000,-0.04436,"WALKING",0.21996,0.13378,0.17546,1.37212,1.79958,1.37212,1.79958,-0.00988,-0.02843,0.23981,0.31913,0.00991,0.56885,34.55452
49.900,"PI",0.25482,1.52942,0.94987,0.85315,0.96247,0.14247,0.06997,0.15283,0.12238,0.45000,-0.01455,"WALKING",0.22252,0.13258,0.17308,1.35977,1.77522,1.35977,1.77522,-0.00440,-0.00840,0.21035,0.27905,0.00207,0.49147,34.60525
50.000,"PI",0.20554,1.53777,0.93977,0.86432,0.98495,0.16495,0.08451,0.15693,0.13289,0.45000,0.08302,"WALKING",0.22507,0.13494,0.17892,1.38397,1.83511,1.38397,1.83511,0.02053,0.04762,0.27437,0.36877,0.01527,0.65841,34.66339
50.100,"PI",0.18551,1.54021,0.92894,0.87598,1.00432,0.18432,0.09553,0.16587,0.14858,0.45000,0.12474,"WALKING",0.22762,0.14128,0.19046,1.44903,1.95346,1.44903,1.95346,0.03405,0.05913,0.31628,0.43229,0.01580,0.76438,34.73843
50.200,"PI",0.18159,1.54000,0.91761,0.88779,0.99349,0.17349,0.08665,0.16838,0.14734,0.45000,0.03539,"WALKING",0.23016,0.14399,0.19276,1.47683,1.97703,1.47683,1.97703,0.00869,0.00493,0.23045,0.31444,0.00235,0.54725,34.79619
50.300,"PI",0.17122,1.54086,0.90625,0.89931,0.97409,0.15409,0.07219,0.16495,0.13434,0.45000,-0.05408,"WALKING",0.23270,0.14272,0.18719,1.46382,1.91987,1.46382,1.91987,-0.01086,-0.03585,0.26629,0.35451,0.01423,0.63504,34.85689
50.400,"PI",0.14795,1.54327,0.89500,0.91042,0.97733,0.15733,0.07362,0.16264,0.12966,0.45000,-0.02016,"WALKING",0.23522,0.14118,0.18410,1.44800,1.88819,1.44800,1.88819,-0.00584,-0.01148,0.22990,0.30477,0.00310,0.53776,34.91263
50.500,"PI",0.08309,1.54955,0.88365,0.92133,0.98498,0.16498,0.07826,0.16303,0.13110,0.45000,0.01974,"WALKING",0.23773,0.14133,0.18472,1.44953,1.89461,1.44953,1.89461,0.00415,0.01130,0.22803,0.30311,0.00397,0.53512,34.96484
50.600,"PI",0.06943,1.54976,0.87153,0.93266,1.01170,0.19170,0.09445,0.17297,0.15014,0.45000,0.09798,"WALKING",0.24023,0.14812,0.19782,1.51917,2.02888,1.51917,2.02888,0.03055,0.04047,0.30583,0.41465,0.00631,0.72679,35.04659
50.700,"PI",0.03448,1.55142,0.85903,0.94400,0.99375,0.17375,0.08087,0.17413,0.14506,0.45000,-0.01968,"WALKING",0.24271,0.15012,0.19814,1.53974,2.03221,1.53974,2.03221,-0.00056,-0.02654,0.25713,0.34537,0.01598,0.61848,35.11154
50.800,"PI",0.05169,1.54949,0.84611,0.95536,1.00131,0.18131,0.08405,0.17756,0.14893,0.45000,-0.00812,"WALKING",0.24517,0.15291,0.20221,1.56830,2.07391,1.56830,2.07391,0.00404,-0.02294,0.25207,0.33963,0.01704,0.60874,35.18315
50.900,"PI",0.02742,1.55010,0.83328,0.96632,0.99335,0.17335,0.07751,0.17408,0.13897,0.45000,-0.03099,"WALKING",0.24762,0.15108,0.19708,1.54956,2.02135,1.54956,2.02135,-0.00907,-0.01910,0.26015,0.34508,0.00591,0.61114,35.24705
51.000,"PI",-0.01490,1.55074,0.82042,0.97700,0.99693,0.17693,0.07915,0.17303,0.13675,0.45000,-0.00478,"WALKING",0.25004,0.15040,0.19566,1.54254,2.00677,1.54254,2.00677,-0.00190,-0.00407,0.23205,0.30748,0.00126,0.54079,35.30262
51.100,"PI",-0.06584,1.55046,0.80705,0.98778,1.02413,0.20413,0.09594,0.17964,0.15121,0.45000,0.10085,"WALKING",0.25243,0.15462,0.20467,1.58584,2.09917,1.58584,2.09917,0.02744,0.05207,0.33045,0.44388,0.01579,0.79013,35.37741
51.200,"PI",-0.07797,1.54931,0.79283,0.99887,1.03293,0.21293,0.09961,0.18770,0.16236,0.45000,0.08615,"WALKING",0.25480,0.16083,0.21457,1.64951,2.20070,1.64951,2.20070,0.02547,0.03038,0.31374,0.42585,0.00338,0.74297,35.46005
51.300,"PI",-0.07735,1.54850,0.77823,1.00990,1.02236,0.20236,0.09088,0.18875,0.15858,0.45000,0.00857,"WALKING",0.25714,0.16251,0.21500,1.66676,2.20513,1.66676,2.20513,0.00280,-0.01010,0.25373,0.34280,0.00867,0.60520,35.52350
51.400,"PI",-0.09934,1.54716,0.76365,1.02056,1.00930,0.18930,0.08100,0.18502,0.14674,0.45000,-0.04125,"WALKING",0.25945,0.16073,0.20930,1.64854,2.14670,1.64854,2.14670,-0.01039,-0.02545,0.28767,0.38102,0.00938,0.67806,35.59273
51.500,"PI",-0.12533,1.54527,0.74905,1.03092,1.01267,0.19267,0.08252,0.18343,0.14347,0.45000,-0.01188,"WALKING",0.26173,0.15969,0.20717,1.63782,2.12487,1.63782,2.12487,-0.00363,-0.00728,0.25366,0.33531,0.00222,0.59120,35.65365
51.600,"PI",-0.18755,1.54015,0.73426,1.04110,1.03985,0.21985,0.09950,0.18781,0.15484,0.45000,0.11062,"WALKING",0.26398,0.16218,0.21343,1.66340,2.18907,1.66340,2.18907,0.02644,0.06597,0.36421,0.48621,0.02597,0.87639,35.72570
51.700,"PI",-0.19472,1.53852,0.71862,1.05151,1.04683,0.22683,0.10221,0.19551,0.16546,0.45000,0.08989,"WALKING",0.26619,0.16813,0.22289,1.72439,2.28610,1.72439,2.28610,0.02603,0.03603,0.33714,0.45467,0.00702,0.79883,35.81073
51.800,"PI",-0.23020,1.53393,0.70261,1.06180,1.04532,0.22532,0.09951,0.19736,0.16528,0.45000,0.05946,"WALKING",0.26837,0.17001,0.22472,1.74367,2.30478,1.74367,2.30478,0.01293,0.02519,0.30839,0.41538,0.00860,0.73237,35.87764
51.900,"PI",-0.23110,1.53302,0.68629,1.07189,1.03024,0.21024,0.08807,0.19717,0.15845,0.45000,-0.03036,"WALKING",0.27050,0.17095,0.22340,1.75333,2.29126,1.75333,2.29126,-0.00309,-0.02819,0.30078,0.40045,0.01687,0.71811,35.94835
52.000,"PI",-0.25792,1.52874,0.66992,1.08165,1.02831,0.20831,0.08589,0.19449,0.15155,0.45000,-0.02360,"WALKING",0.27259,0.16941,0.21957,1.73752,2.25201,1.73752,2.25201,-0.00677,-0.01405,0.28366,0.37461,0.00468,0.66295,36.01723
52.100,"PI",-0.30843,1.52006,0.65345,1.09115,1.03910,0.21910,0.09243,0.19518,0.15386,0.45000,0.03154,"WALKING",0.27465,0.16972,0.22064,1.74069,2.26303,1.74069,2.26303,0.00664,0.01807,0.28952,0.38349,0.00746,0.68048,36.08258
52.200,"PI",-0.35177,1.51133,0.63626,1.10068,1.06501,0.24501,0.10783,0.20310,0.16953,0.45000,0.11958,"WALKING",0.27665,0.17505,0.23116,1.79534,2.37088,1.79534,2.37088,0.03244,0.06036,0.39507,0.52991,0.02008,0.94506,36.17217
52.300,"PI",-0.36331,1.50791,0.61830,1.11024,1.06354,0.24354,0.10516,0.20886,0.17519,0.45000,0.06149,"WALKING",0.27862,0.17987,0.23786,1.84483,2.43958,1.84483,2.43958,0.01760,0.01712,0.32248,0.43515,0.00035,0.75798,36.25648
52.400,"PI",-0.36630,1.50645,0.60012,1.11952,1.04870,0.22870,0.09411,0.20791,0.16768,0.45000,-0.02361,"WALKING",0.28053,0.18016,0.23566,1.84778,2.41705,1.84778,2.41705,-0.00385,-0.02367,0.31258,0.41714,0.01410,0.74381,36.32732
52.500,"PI",-0.39359,1.49955,0.58209,1.12836,1.04240,0.22240,0.08909,0.20433,0.15840,0.45000,-0.03463,"WALKING",0.28240,0.17811,0.23054,1.82680,2.36456,1.82680,2.36456,-0.00977,-0.01921,0.31091,0.41006,0.00634,0.72731,36.40332
52.600,"PI",-0.43051,1.48962,0.56410,1.13682,1.04550,0.22550,0.09064,0.20312,0.15623,0.45000,-0.00887,"WALKING",0.28421,0.17726,0.22898,1.81808,2.34846,1.81808,2.34846,-0.00281,-0.00499,0.27911,0.36801,0.00145,0.64857,36.46986
52.700,"PI",-0.47975,1.47533,0.54559,1.14516,1.08230,0.26230,0.11331,0.21045,0.17390,0.45000,0.14698,"WALKING",0.28598,0.18167,0.23923,1.86324,2.45361,1.86324,2.45361,0.03713,0.08358,0.45155,0.60331,0.03426,1.08912,36.56097
52.800,"PI",-0.48715,1.47213,0.52628,1.15347,1.07466,0.25466,0.10711,0.21544,0.17770,0.45000,0.06078,"WALKING",0.28769,0.18603,0.24485,1.90804,2.51131,1.90804,2.51131,0.01656,0.02021,0.33731,0.45305,0.00275,0.79312,36.64511
52.900,"PI",-0.51415,1.46291,0.50665,1.16150,1.08573,0.26573,0.11258,0.21814,0.18161,0.45000,0.09760,"WALKING",0.28934,0.18808,0.24820,1.92905,2.54560,1.92905,2.54560,0.02067,0.05117,0.39433,0.52978,0.02350,0.94760,36.72899
53.000,"PI",-0.53044,1.45678,0.48694,1.16916,1.05594,0.23594,0.09242,0.21483,0.16744,0.45000,-0.05101,"WALKING",0.29094,0.18712,0.24254,1.91913,2.48756,1.91913,2.48756,-0.01100,-0.03301,0.35030,0.46253,0.01563,0.82846,36.80896
53.100,"PI",-0.55827,1.44635,0.46737,1.17641,1.05865,0.23865,0.09364,0.21257,0.16324,0.45000,-0.02040,"WALKING",0.29249,0.18556,0.23959,1.90313,2.45731,1.90313,2.45731,-0.00611,-0.01122,0.30738,0.40506,0.00354,0.71597,36.88284
53.200,"PI",-0.61234,1.42526,0.44762,1.18334,1.07787,0.25787,0.10560,0.21505,0.17045,0.45000,0.07032,"WALKING",0.29397,0.18684,0.24326,1.91633,2.49499,1.91633,2.49499,0.01601,0.04190,0.37064,0.49122,0.01872,0.88059,36.96072
53.300,"PI",-0.64313,1.41182,0.42702,1.19016,1.10171,0.28171,0.11919,0.22389,0.18681,0.45000,0.13861,"WALKING",0.29540,0.19298,0.25481,1.97925,2.61345,1.97925,2.61345,0.03682,0.06936,0.45849,0.61535,0.02579,1.09963,37.06349
53.400,"PI",-0.65546,1.40549,0.40581,1.19676,1.09070,0.27070,0.11079,0.22698,0.18680,0.45000,0.04444,"WALKING",0.29676,0.19606,0.25790,2.01092,2.64509,2.01092,2.64509,0.01086,0.01057,0.33254,0.44748,0.00023,0.78025,37.14504
53.500,"PI",-0.66629,1.39987,0.38461,1.20293,1.06965,0.24965,0.09605,0.22386,0.17469,0.45000,-0.05678,"WALKING",0.29806,0.19495,0.25278,1.99952,2.59258,1.99952,2.59258,-0.01112,-0.03734,0.37292,0.49276,0.01943,0.88511,37.22764
53.600,"PI",-0.69314,1.38677,0.36380,1.20860,1.07048,0.25048,0.09600,0.22084,0.16866,0.45000,-0.03043,"WALKING",0.29930,0.19293,0.24876,1.97878,2.55135,1.97878,2.55135,-0.00849,-0.01577,0.33125,0.43587,0.00521,0.77233,37.30771
53.700,"PI",-0.74954,1.35832,0.34302,1.21388,1.07327,0.25327,0.09746,0.21987,0.16717,0.45000,-0.00758,"WALKING",0.30048,0.19220,0.24753,1.97130,2.53882,1.97130,2.53882,-0.00240,-0.00366,0.30176,0.39728,0.00089,0.69994,37.37925
53.800,"PI",-0.77531,1.34375,0.32151,1.21895,1.10480,0.28480,0.11662,0.22874,0.18592,0.45000,0.10623,"WALKING",0.30159,0.19797,0.25951,2.03047,2.66166,2.03047,2.66166,0.03086,0.05007,0.43076,0.57475,0.01515,1.02065,37.48497
53.900,"PI",-0.80048,1.32886,0.29948,1.22370,1.08930,0.26930,0.10549,0.23068,0.18350,0.45000,-0.00266,"WALKING",0.30264,0.20031,0.26105,2.05450,2.67746,2.05450,2.67746,0.00196,-0.01559,0.32772,0.43710,0.01366,0.77849,37.57005
54.000,"PI",-0.80272,1.32647,0.27717,1.22809,1.09830,0.27830,0.10986,0.23328,0.18729,0.45000,0.02279,"WALKING",0.30362,0.20228,0.26427,2.07466,2.71048,2.07466,2.71048,0.00696,0.00052,0.32118,0.42995,0.00511,0.75625,37.65329
54.100,"PI",-0.82476,1.31276,0.25501,1.23202,1.08170,0.26170,0.09829,0.22959,0.17563,0.45000,-0.04566,"WALKING",0.30453,0.20052,0.25866,2.05665,2.65289,2.05665,2.65289,-0.01111,-0.02596,0.36589,0.48146,0.01107,0.85842,37.74016
54.200,"PI",-0.85999,1.29029,0.23305,1.23553,1.08396,0.26396,0.09941,0.22768,0.17226,0.45000,-0.01890,"WALKING",0.30537,0.19917,0.25619,2.04282,2.62761,2.04282,2.62761,-0.00534,-0.00935,0.32740,0.43035,0.00293,0.76069,37.81827
54.300,"PI",-0.90773,1.25838,0.21079,1.23869,1.10688,0.28688,0.11370,0.23204,0.18321,0.45000,0.07921,"WALKING",0.30614,0.20172,0.26236,2.06892,2.69090,2.06892,2.69090,0.02016,0.04372,0.41175,0.54557,0.01831,0.97563,37.90767
54.400,"PI",-0.92659,1.24418,0.18772,1.24151,1.12023,0.30023,0.12078,0.23964,0.19561,0.45000,0.09548,"WALKING",0.30685,0.20727,0.27201,2.12582,2.78988,2.12582,2.78988,0.02657,0.04099,0.42992,0.57534,0.01196,1.01722,38.01312
54.500,"PI",-0.93305,1.23840,0.16433,1.24392,1.10847,0.28847,0.11203,0.24075,0.19275,0.45000,0.01209,"WALKING",0.30748,0.20885,0.27265,2.14208,2.79644,2.14208,2.79644,0.00278,-0.00564,0.32473,0.43491,0.00688,0.76651,38.09393
54.600,"PI",-0.95029,1.22496,0.14117,1.24586,1.09083,0.27083,0.09979,0.23668,0.18023,0.45000,-0.05954,"WALKING",0.30805,0.20686,0.26651,2.12161,2.73346,2.12161,2.73346,-0.01328,-0.03403,0.39533,0.51937,0.01586,0.93055,38.18539
54.700,"PI",-0.97446,1.20581,0.11832,1.24738,1.09260,0.27260,0.10074,0.23402,0.17565,0.45000,-0.02926,"WALKING",0.30854,0.20495,0.26309,2.10204,2.69836,2.10204,2.69836,-0.00802,-0.01377,0.34935,0.45811,0.00429,0.81175,38.26902
54.800,"PI",-1.02882,1.16155,0.09545,1.24848,1.10672,0.28672,0.10988,0.23515,0.18045,0.45000,0.04340,"WALKING",0.30896,0.20529,0.26502,2.10554,2.71814,2.10554,2.71814,0.00872,0.02786,0.37442,0.49334,0.01465,0.88241,38.35191
54.900,"PI",-1.04097,1.14988,0.07185,1.24917,1.12289,0.30289,0.11934,0.24281,0.19445,0.45000,0.07730,"WALKING",0.30932,0.21063,0.27499,2.16029,2.82041,2.16029,2.82041,0.02310,0.03138,0.41519,0.55323,0.00683,0.97524,38.45940
55.000,"PI",-1.07129,1.12224,0.04806,1.24941,1.11045,0.29045,0.11046,0.24315,0.19092,0.45000,-0.00223,"WALKING",0.30959,0.21155,0.27474,2.16973,2.81789,2.16973,2.81789,-0.00021,-0.01037,0.34242,0.45567,0.00823,0.80632,38.54114
55.100,"PI",-1.06750,1.12428,0.02414,1.24920,1.10645,0.28645,0.10692,0.24399,0.18943,0.45000,-0.03453,"WALKING",0.30980,0.21264,0.27534,2.18089,2.82397,2.18089,2.82397,-0.00298,-0.02957,0.38189,0.50539,0.02136,0.90865,38.63556
55.200,"PI",-1.08976,1.10272,0.00062,1.24855,1.09938,0.27938,0.10197,0.23998,0.18030,0.45000,-0.04469,"WALKING",0.30993,0.21014,0.26982,2.15529,2.76737,2.15529,2.76737,-0.01221,-0.02193,0.37976,0.49778,0.00743,0.88497,38.72755
55.300,"PI",-1.12641,1.06610,-0.02268,1.24749,1.10314,0.28314,0.10455,0.23844,0.17883,0.45000,-0.01132,"WALKING",0.31000,0.20884,0.26804,2.14198,2.74909,2.14198,2.74909,-0.00450,-0.00366,0.33363,0.43820,0.00064,0.77246,38.80799
55.400,"PI",-1.16412,1.02630,-0.04633,1.24597,1.12758,0.30758,0.12002,0.24416,0.19272,0.45000,0.08576,"WALKING",0.30998,0.21226,0.27605,2.17704,2.83130,2.17704,2.83130,0.02250,0.04537,0.44149,0.58528,0.01869,1.04546,38.90823
55.500,"PI",-1.17362,1.01435,-0.07061,1.24394,1.12943,0.30943,0.12013,0.24989,0.20049,0.45000,0.04907,"WALKING",0.30990,0.21670,0.28307,2.22262,2.90324,2.22262,2.90324,0.01486,0.01259,0.38088,0.50937,0.00194,0.89218,39.01084
55.600,"PI",-1.17438,1.01212,-0.09489,1.24141,1.11631,0.29631,0.11077,0.24905,0.19472,0.45000,-0.02518,"WALKING",0.30975,0.21682,0.28127,2.22381,2.88485,2.22381,2.88485,-0.00438,-0.02193,0.37911,0.50325,0.01449,0.89685,39.09667
55.700,"PI",-1.19436,0.98846,-0.11867,1.23849,1.10392,0.28392,0.10240,0.24408,0.18272,0.45000,-0.05750,"WALKING",0.30952,0.21384,0.27432,2.19321,2.81352,2.19321,2.81352,-0.01538,-0.02770,0.40233,0.52659,0.00955,0.93846,39.19472
55.800,"PI",-1.21385,0.96443,-0.14209,1.23518,1.10488,0.28488,0.10331,0.24151,0.17911,0.45000,-0.03120,"WALKING",0.30922,0.21187,0.27116,2.17304,2.78109,2.17304,2.78109,-0.00860,-0.01306,0.36186,0.47326,0.00339,0.83852,39.28072
55.900,"PI",-1.25392,0.91357,-0.16563,1.23141,1.13703,0.31703,0.12430,0.24583,0.19324,0.45000,0.12196,"WALKING",0.30884,0.21385,0.27781,2.19331,2.84935,2.19331,2.84935,0.02652,0.07658,0.50559,0.66804,0.04103,1.21466,39.38178
56.000,"PI",-1.25786,0.90674,-0.18980,1.22706,1.13286,0.31286,0.12114,0.25066,0.19943,0.45000,0.05903,"WALKING",0.30840,0.21766,0.28367,2.23237,2.90943,2.23237,2.90943,0.01525,0.02369,0.40279,0.53677,0.00714,0.94669,39.48048
56.100,"PI",-1.28052,0.87489,-0.21393,1.22222,1.13551,0.31551,0.12231,0.25139,0.20029,0.45000,0.06481,"WALKING",0.30789,0.21824,0.28453,2.23834,2.91828,2.23834,2.91828,0.01024,0.03636,0.41739,0.55609,0.02219,0.99568,39.57644
56.200,"PI",-1.28668,0.86489,-0.23789,1.21693,1.10860,0.28860,0.10450,0.24814,0.18823,0.45000,-0.06562,"WALKING",0.30730,0.21699,0.27930,2.22556,2.86458,2.22556,2.86458,-0.01297,-0.03853,0.42339,0.55593,0.02041,0.99973,39.66921
56.300,"PI",-1.30355,0.83924,-0.26130,1.21130,1.10644,0.28644,0.10338,0.24426,0.18158,0.45000,-0.04719,"WALKING",0.30664,0.21421,0.27432,2.19705,2.81349,2.19705,2.81349,-0.01287,-0.02100,0.38722,0.50627,0.00626,0.89975,39.76211
56.400,"PI",-1.33408,0.79132,-0.28446,1.20528,1.11790,0.29790,0.11149,0.24399,0.18481,0.45000,0.02146,"WALKING",0.30592,0.21340,0.27457,2.18874,2.81614,2.18874,2.81614,0.00163,0.01745,0.36025,0.47412,0.01240,0.84677,39.84728
56.500,"PI",-1.35535,0.75528,-0.30795,1.19869,1.13964,0.31964,0.12531,0.25029,0.19953,0.45000,0.09865,"WALKING",0.30512,0.21727,0.28331,2.22840,2.90577,2.22840,2.90577,0.02494,0.05275,0.46975,0.62434,0.02354,1.11763,39.95270
56.600,"PI",-1.36189,0.74209,-0.33176,1.19150,1.13155,0.31155,0.11948,0.25308,0.20154,0.45000,0.02663,"WALKING",0.30426,0.21973,0.28644,2.25361,2.93780,2.25361,2.93780,0.00674,0.00430,0.35760,0.47823,0.00209,0.83793,40.04383
56.700,"PI",-1.36552,0.73412,-0.35523,1.18390,1.11175,0.29175,0.10612,0.24982,0.19084,0.45000,-0.06355,"WALKING",0.30333,0.21824,0.28140,2.23831,2.88619,2.23831,2.88619,-0.01265,-0.03732,0.42332,0.55706,0.01997,1.00035,40.13718
56.800,"PI",-1.37960,0.70730,-0.37810,1.17602,1.10578,0.28578,0.10249,0.24507,0.18170,0.45000,-0.05925,"WALKING",0.30233,0.21499,0.27514,2.20507,2.82193,2.20507,2.82193,-0.01569,-0.02632,0.40281,0.52594,0.00819,0.93694,40.23437
56.900,"PI",-1.40220,0.66265,-0.40053,1.16786,1.10579,0.28579,0.10326,0.24237,0.17856,0.45000,-0.03598,"WALKING",0.30126,0.21282,0.27192,2.18276,2.78896,2.18276,2.78896,-0.00988,-0.01379,0.36705,0.47913,0.00296,0.84914,40.32116
57.000,"PI",-1.42042,0.62384,-0.42310,1.15916,1.13659,0.31659,0.12382,0.24814,0.19558,0.45000,0.09805,"WALKING",0.30013,0.21577,0.28051,2.21305,2.87703,2.21305,2.87703,0.02386,0.05664,0.47119,0.62402,0.02720,1.12240,40.42372
57.100,"PI",-1.42702,0.60739,-0.44586,1.14986,1.12290,0.30290,0.11468,0.24983,0.19544,0.45000,0.00396,"WALKING",0.29894,0.21748,0.28217,2.23059,2.89408,2.23059,2.89408,0.00153,-0.00617,0.34244,0.45582,0.00638,0.80464,40.51117
57.200,"PI",-1.43365,0.59062,-0.46842,1.14013,1.12991,0.30991,0.11897,0.25058,0.19805,0.45000,0.03495,"WALKING",0.29768,0.21780,0.28336,2.23387,2.90623,2.23387,2.90623,0.00586,0.01840,0.37736,0.50267,0.01054,0.89057,40.59652
57.300,"PI",-1.44139,0.57093,-0.49053,1.13007,1.10339,0.28339,0.10146,0.24567,0.18343,0.45000,-0.07683,"WALKING",0.29636,0.21531,0.27603,2.20830,2.83103,2.20830,2.83103,-0.01729,-0.03875,0.42775,0.55895,0.01670,1.00340,40.69550
57.400,"PI",-1.45392,0.53856,-0.51208,1.11979,1.10283,0.28283,0.10187,0.24196,0.17819,0.45000,-0.04889,"WALKING",0.29497,0.21247,0.27145,2.17914,2.78408,2.17914,2.78408,-0.01305,-0.02003,0.38248,0.49876,0.00527,0.88652,40.78657
57.500,"PI",-1.47370,0.48479,-0.53338,1.10916,1.12009,0.30009,0.11427,0.24316,0.18583,0.45000,0.04241,"WALKING",0.29353,0.21241,0.27392,2.17855,2.80941,2.17855,2.80941,0.00725,0.03029,0.38999,0.51355,0.01816,0.92170,40.87276
57.600,"PI",-1.48228,0.45775,-0.55494,1.09788,1.13645,0.31645,0.12476,0.24935,0.19962,0.45000,0.08941,"WALKING",0.29203,0.21631,0.28239,2.21858,2.89626,2.21858,2.89626,0.02258,0.04630,0.45222,0.60213,0.02008,1.07444,40.97723
57.700,"PI",-1.48491,0.44690,-0.57647,1.08607,1.12222,0.30222,0.11512,0.24967,0.19692,0.45000,0.00113,"WALKING",0.29047,0.21708,0.28226,2.22642,2.89494,2.22642,2.89494,-0.00049,-0.00597,0.34493,0.46011,0.00458,0.80962,41.05948
57.800,"PI",-1.48880,0.43248,-0.59745,1.07403,1.09878,0.27878,0.09949,0.24446,0.18239,0.45000,-0.09138,"WALKING",0.28885,0.21427,0.27464,2.19765,2.81686,2.19765,2.81686,-0.01916,-0.04772,0.44422,0.57984,0.02210,1.04616,41.15921
57.900,"PI",-1.49658,0.40475,-0.61775,1.06191,1.09776,0.27776,0.09969,0.23995,0.17579,0.45000,-0.05955,"WALKING",0.28718,0.21086,0.26905,2.16269,2.75946,2.16269,2.75946,-0.01574,-0.02469,0.39185,0.50985,0.00667,0.90837,41.25287
58.000,"PI",-1.51494,0.33624,-0.63760,1.04958,1.09823,0.27823,0.10123,0.23738,0.17381,0.45000,-0.03375,"WALKING",0.28545,0.20862,0.26615,2.13968,2.72975,2.13968,2.72975,-0.01001,-0.01109,0.35494,0.46249,0.00080,0.81822,41.33707
58.100,"PI",-1.51849,0.31772,-0.65767,1.03659,1.12233,0.30233,0.11780,0.24421,0.19162,0.45000,0.05403,"WALKING",0.28367,0.21250,0.27593,2.17948,2.83001,2.17948,2.83001,0.01662,0.02291,0.39357,0.52208,0.00511,0.92076,41.44257
58.200,"PI",-1.52573,0.28273,-0.67754,1.02319,1.10056,0.28056,0.10330,0.24298,0.18500,0.45000,-0.06211,"WALKING",0.28184,0.21237,0.27360,2.17812,2.80616,2.17812,2.80616,-0.01001,-0.03988,0.41101,0.54009,0.02344,0.97454,41.53470
58.300,"PI",-1.52246,0.29285,-0.69718,1.00940,1.10522,0.28522,0.10654,0.24363,0.18746,0.45000,-0.04188,"WALKING",0.27996,0.21260,0.27465,2.18052,2.81694,2.18052,2.81694,-0.00505,-0.03019,0.38642,0.50996,0.01999,0.91637,41.62966
58.400,"PI",-1.52722,0.26677,-0.71615,0.99555,1.09105,0.27105,0.09757,0.23786,0.17518,0.45000,-0.07591,"WALKING",0.27803,0.20887,0.26685,2.14224,2.73695,2.14224,2.73695,-0.01977,-0.03429,0.41077,0.53457,0.01079,0.95614,41.72830
58.500,"PI",-1.53453,0.22379,-0.73453,0.98165,1.08978,0.26978,0.09792,0.23413,0.17072,0.45000,-0.05113,"WALKING",0.27605,0.20587,0.26238,2.11151,2.69109,2.11151,2.69109,-0.01400,-0.01994,0.37117,0.48241,0.00430,0.85788,41.81619
58.600,"PI",-1.54237,0.17079,-0.75274,0.96736,1.11055,0.29055,0.11299,0.23686,0.18241,0.45000,0.04847,"WALKING",0.27403,0.20667,0.26705,2.11968,2.73894,2.11968,2.73894,0.01021,0.03141,0.38548,0.50828,0.01641,0.91017,41.90152
58.700,"PI",-1.54350,0.15517,-0.77107,0.95243,1.11575,0.29575,0.11646,0.24159,0.19204,0.45000,0.04166,"WALKING",0.27197,0.20981,0.27337,2.15188,2.80384,2.15188,2.80384,0.01161,0.01571,0.36761,0.48996,0.00334,0.86090,41.99655
58.800,"PI",-1.54288,0.15315,-0.78911,0.93712,1.10074,0.28074,0.10642,0.24007,0.18645,0.45000,-0.03520,"WALKING",0.26986,0.20921,0.27093,2.14577,2.77876,2.14577,2.77876,-0.00721,-0.02253,0.37058,0.49045,0.01211,0.87315,42.07820
58.900,"PI",-1.54476,0.13144,-0.80645,0.92188,1.08249,0.26249,0.09452,0.23394,0.17219,0.45000,-0.08895,"WALKING",0.26771,0.20544,0.26243,2.10706,2.69162,2.10706,2.69162,-0.02128,-0.04161,0.41818,0.54363,0.01484,0.97665,42.17688
59.000,"PI",-1.54679,0.10485,-0.82318,0.90667,1.08082,0.26082,0.09467,0.22955,0.16643,0.45000,-0.06064,"WALKING",0.26553,0.20201,0.25710,2.07187,2.63689,2.07187,2.63689,-0.01609,-0.02391,0.37356,0.48437,0.00552,0.86345,42.26561
59.100,"PI",-1.55100,0.04163,-0.83955,0.89126,1.09929,0.27929,0.10877,0.23001,0.17427,0.45000,0.04509,"WALKING",0.26331,0.20117,0.25885,2.06325,2.65489,2.06325,2.65489,0.00508,0.03670,0.37479,0.49169,0.02337,0.88985,42.35146
59.200,"PI",-1.55050,0.03330,-0.85593,0.87529,1.10364,0.28364,0.11215,0.23433,0.18401,0.45000,0.03800,"WALKING",0.26105,0.20387,0.26478,2.09100,2.71569,2.09100,2.71569,0.01016,0.01649,0.35536,0.47170,0.00494,0.83200,42.44180
59.300,"PI",-1.55120,-0.00198,-0.87193,0.85909,1.09491,0.27491,0.10653,0.23298,0.18088,0.45000,-0.00353,"WALKING",0.25876,0.20304,0.26291,2.08249,2.69656,2.08249,2.69656,-0.00453,-0.00132,0.31984,0.42409,0.00246,0.74639,42.51989
59.400,"PI",-1.55034,0.00049,-0.88754,0.84273,1.07848,0.25848,0.09554,0.23035,0.17313,0.45000,-0.07624,"WALKING",0.25644,0.20169,0.25900,2.06866,2.65641,2.06866,2.65641,-0.01276,-0.04269,0.39801,0.52046,0.02198,0.94045,42.60344
59.500,"PI",-1.55014,-0.02504,-0.90249,0.82653,1.07078,0.25078,0.09124,0.22487,0.16323,0.45000,-0.07377,"WALKING",0.25409,0.19786,0.25189,2.02931,2.58346,2.02931,2.58346,-0.01901,-0.03090,0.38114,0.49381,0.00823,0.88318,42.69491
59.600,"PI",-1.54926,-0.07343,-0.91694,0.81036,1.07497,0.25497,0.09566,0.22220,0.16243,0.45000,-0.02556,"WALKING",0.25171,0.19532,0.24908,2.00324,2.55466,2.00324,2.55466,-0.00994,-0.00461,0.32038,0.41703,0.00367,0.74108,42.77385
59.700,"PI",-1.54737,-0.11690,-0.93136,0.79365,1.09520,0.27520,0.11043,0.22623,0.17608,0.45000,0.06210,"WALKING",0.24931,0.19709,0.25537,2.02141,2.61919,2.02141,2.61919,0.01421,0.03826,0.38362,0.50646,0.01796,0.90805,42.86001
59.800,"PI",-1.54598,-0.12587,-0.94573,0.77638,1.08992,0.26992,0.10710,0.22884,0.18035,0.45000,0.01056,"WALKING",0.24688,0.19900,0.25869,2.04098,2.65326,2.04098,2.65326,0.00320,-0.00155,0.30622,0.40783,0.00363,0.71768,42.94159
59.900,"PI",-1.54533,-0.12464,-0.95965,0.75906,1.07125,0.25125,0.09465,0.22541,0.17072,0.45000,-0.06968,"WALKING",0.24443,0.19716,0.25367,2.02216,2.60173,2.02216,2.60173,-0.01406,-0.03802,0.38316,0.50202,0.01736,0.90253,43.02565
60.000,"PI",-1.54318,-0.14887,-0.97289,0.74201,1.05892,0.23892,0.08716,0.21896,0.15800,0.45000,-0.08594,"WALKING",0.24196,0.19281,0.24511,1.97752,2.51392,1.97752,2.51392,-0.02227,-0.03675,0.38492,0.49742,0.00970,0.89205,43.11855
60.100,"PI",-1.54009,-0.17933,-0.98558,0.72512,1.05670,0.23670,0.08731,0.21471,0.15311,0.45000,-0.06091,"WALKING",0.23948,0.18937,0.24005,1.94223,2.46202,1.94223,2.46202,-0.01633,-0.02298,0.34763,0.44834,0.00432,0.80030,43.20056
60.200,"PI",-1.53439,-0.22894,-0.99801,0.70804,1.08780,0.26780,0.11030,0.21802,0.16908,0.45000,0.09570,"WALKING",0.23697,0.19004,0.24601,1.94915,2.52313,1.94915,2.52313,0.01777,0.06682,0.41816,0.54998,0.03517,1.00331,43.28662
60.300,"PI",-1.53358,-0.22889,-1.01036,0.69045,1.07629,0.25629,0.10302,0.21983,0.17153,0.45000,0.01549,"WALKING",0.23446,0.19144,0.24821,1.96346,2.54578,1.96346,2.54578,0.00254,0.00537,0.30333,0.40219,0.00206,0.70757,43.36114
60.400,"PI",-1.52948,-0.25544,-1.02236,0.67272,1.08209,0.26209,0.10755,0.21934,0.17320,0.45000,0.05285,"WALKING",0.23193,0.19068,0.24801,1.95568,2.54366,1.95568,2.54366,0.00438,0.03828,0.35534,0.47114,0.02490,0.85138,43.44731
60.500,"PI",-1.52741,-0.26566,-1.03388,0.65507,1.04603,0.22603,0.08329,0.21327,0.15521,0.45000,-0.10290,"WALKING",0.22939,0.18758,0.23895,1.92387,2.45080,1.92387,2.45080,-0.02263,-0.05145,0.39659,0.51296,0.01897,0.92852,43.53706
60.600,"PI",-1.52334,-0.28811,-1.04484,0.63774,1.04340,0.22340,0.08311,0.20796,0.14808,0.45000,-0.07285,"WALKING",0.22685,0.18346,0.23247,1.88160,2.38431,1.88160,2.38431,-0.01951,-0.02940,0.35025,0.45102,0.00622,0.80749,43.62030
60.700,"PI",-1.51387,-0.33827,-1.05537,0.62051,1.05566,0.23566,0.09368,0.20665,0.15257,0.45000,0.01080,"WALKING",0.22430,0.18140,0.23190,1.86051,2.37846,1.86051,2.37846,-0.00419,0.01775,0.29451,0.38389,0.01420,0.69260,43.69340
60.800,"PI",-1.50771,-0.36581,-1.06582,0.60279,1.07392,0.25392,0.10710,0.21163,0.16762,0.45000,0.08001,"WALKING",0.22175,0.18389,0.23937,1.88600,2.45506,1.88600,2.45506,0.01804,0.04823,0.37681,0.49888,0.02147,0.89715,43.77693
60.900,"PI",-1.50563,-0.37177,-1.07605,0.58471,1.05934,0.23934,0.09751,0.21176,0.16605,0.45000,-0.00649,"WALKING",0.21919,0.18427,0.23924,1.89000,2.45372,1.89000,2.45372,-0.00247,-0.00691,0.29331,0.38910,0.00313,0.68554,43.84589
61.000,"PI",-1.50437,-0.37476,-1.08582,0.56681,1.03447,0.21447,0.08070,0.20617,0.15123,0.45000,-0.10290,"WALKING",0.21664,0.18114,0.23120,1.85784,2.37124,1.85784,2.37124,-0.02129,-0.05280,0.38225,0.49519,0.02021,0.89766,43.93045
61.100,"PI",-1.49901,-0.39563,-1.09501,0.54936,1.02903,0.20903,0.07845,0.20013,0.14176,0.45000,-0.08262,"WALKING",0.21409,0.17667,0.22359,1.81200,2.29326,1.81200,2.29326,-0.02162,-0.03395,0.34600,0.44452,0.00741,0.79794,44.01312
61.200,"PI",-1.50154,-0.38454,-1.10368,0.53236,1.00052,0.18052,0.05911,0.19208,0.12300,0.45000,-0.17446,"WALKING",0.21154,0.17172,0.21243,1.76125,2.17880,1.76125,2.17880,-0.03205,-0.08736,0.42396,0.52993,0.02886,0.98275,44.10001
61.300,"PI",-1.49619,-0.40488,-1.11173,0.51609,0.99872,0.17872,0.06120,0.18404,0.11334,0.45000,-0.11307,"WALKING",0.20900,0.16528,0.20279,1.69515,2.07993,1.69515,2.07993,-0.03000,-0.04217,0.34458,0.42760,0.00585,0.77803,44.18192
61.400,"PI",-1.49063,-0.42489,-1.11937,0.50020,0.99737,0.17737,0.06384,0.17912,0.11095,0.45000,-0.07401,"WALKING",0.20647,0.16075,0.19748,1.64875,2.02541,1.64875,2.02541,-0.02124,-0.02318,0.29881,0.37164,0.00091,0.67136,44.25135
61.500,"PI",-1.48487,-0.44459,-1.12667,0.48456,0.99629,0.17629,0.06650,0.17603,0.11209,0.45000,-0.04927,"WALKING",0.20395,0.15748,0.19458,1.61516,1.99569,1.61516,1.99569,-0.01551,-0.01261,0.27175,0.34032,0.00138,0.61345,44.31391
61.600,"PI",-1.47893,-0.46397,-1.13369,0.46908,0.99534,0.17534,0.06897,0.17402,0.11480,0.45000,-0.03365,"WALKING",0.20144,0.15502,0.19302,1.58994,1.97967,1.58994,1.97967,-0.01176,-0.00679,0.25533,0.32255,0.00242,0.58029,44.37266
61.700,"PI",-1.47281,-0.48303,-1.14045,0.45369,0.99442,0.17442,0.07104,0.17263,0.11791,0.45000,-0.02407,"WALKING",0.19895,0.15311,0.19214,1.57037,1.97066,1.57037,1.97066,-0.00920,-0.00389,0.24528,0.31253,0.00265,0.56046,44.42915
61.800,"PI",-1.46653,-0.50178,-1.14700,0.43829,0.99342,0.17342,0.07265,0.17157,0.12082,0.45000,-0.01858,"WALKING",0.19647,0.15157,0.19157,1.55459,1.96477,1.55459,1.96477,-0.00751,-0.00273,0.23919,0.30714,0.00245,0.54877,44.48428
61.900,"PI",-1.46010,-0.52021,-1.15332,0.42292,0.99235,0.17235,0.07385,0.17068,0.12328,0.45000,-0.01551,"WALKING",0.19402,0.15028,0.19108,1.54131,1.95983,1.54131,1.95983,-0.00638,-0.00243,0.23529,0.30410,0.00206,0.54145,44.53859
62.000,"PI",-1.45351,-0.53833,-1.15943,0.40753,0.99116,0.17116,0.07458,0.16986,0.12510,0.45000,-0.01412,"WALKING",0.19158,0.14916,0.19057,1.52984,1.95452,1.52984,1.95452,-0.00557,-0.00274,0.23284,0.30245,0.00150,0.53679,44.59238
62.100,"PI",-1.44679,-0.55614,-1.16531,0.39213,0.98986,0.16986,0.07497,0.16905,0.12632,0.45000,-0.01369,"WALKING",0.18917,0.14815,0.18996,1.51948,1.94831,1.51948,1.94831,-0.00508,-0.00324,0.23117,0.30143,0.00099,0.53359,44.64580
62.200,"PI",-1.43994,-0.57365,-1.17097,0.37674,0.98845,0.16845,0.07511,0.16822,0.12703,0.45000,-0.01386,"WALKING",0.18678,0.14720,0.18925,1.50976,1.94100,1.50976,1.94100,-0.00480,-0.00380,0.22994,0.30064,0.00053,0.53112,44.69898
62.300,"PI",-1.43297,-0.59085,-1.17640,0.36135,0.98696,0.16696,0.07501,0.16736,0.12728,0.45000,-0.01429,"WALKING",0.18442,0.14629,0.18843,1.50045,1.93256,1.50045,1.93256,-0.00463,-0.00436,0.22889,0.29982,0.00014,0.52885,44.75191
62.400,"PI",-1.42588,-0.60775,-1.18160,0.34599,0.98535,0.16535,0.07474,0.16645,0.12717,0.45000,-0.01498,"WALKING",0.18209,0.14540,0.18749,1.49127,1.92300,1.49127,1.92300,-0.00458,-0.00491,0.22800,0.29899,0.00018,0.52717,44.80467
62.500,"PI",-1.41869,-0.62435,-1.18658,0.33064,0.98366,0.16366,0.07436,0.16548,0.12678,0.45000,-0.01576,"WALKING",0.17979,0.14450,0.18646,1.48205,1.91244,1.48205,1.91244,-0.00462,-0.00540,0.22713,0.29803,0.00042,0.52559,44.85727
62.600,"PI",-1.41140,-0.64066,-1.19133,0.31533,0.98191,0.16191,0.07383,0.16447,0.12612,0.45000,-0.01645,"WALKING",0.17752,0.14360,0.18534,1.47281,1.90096,1.47281,1.90096,-0.00466,-0.00582,0.22615,0.29678,0.00062,0.52355,44.90968
62.700,"PI",-1.40402,-0.65668,-1.19586,0.30004,0.98006,0.16006,0.07331,0.16341,0.12535,0.45000,-0.01727,"WALKING",0.17528,0.14267,0.18415,1.46323,1.88877,1.46323,1.88877,-0.00483,-0.00618,0.22521,0.29553,0.00072,0.52146,44.96188
62.800,"PI",-1.39655,-0.67242,-1.20018,0.28479,0.97813,0.15813,0.07274,0.16230,0.12447,0.45000,-0.01806,"WALKING",0.17309,0.14170,0.18290,1.45333,1.87588,1.45333,1.87588,-0.00499,-0.00652,0.22418,0.29411,0.00081,0.51910,45.01385
62.900,"PI",-1.38900,-0.68787,-1.20427,0.26961,0.97615,0.15615,0.07212,0.16114,0.12351,0.45000,-0.01877,"WALKING",0.17092,0.14070,0.18158,1.44311,1.86239,1.44311,1.86239,-0.00515,-0.00681,0.22301,0.29249,0.00087,0.51638,45.06556
63.000,"PI",-1.38138,-0.70305,-1.20816,0.25454,0.97415,0.15415,0.07153,0.15996,0.12252,0.45000,-0.01922,"WALKING",0.16880,0.13968,0.18023,1.43261,1.84855,1.43261,1.84855,-0.00527,-0.00696,0.22160,0.29055,0.00088,0.51304,45.11695
63.100,"PI",-1.37369,-0.71796,-1.21183,0.23952,0.97210,0.15210,0.07091,0.15874,0.12150,0.45000,-0.01973,"WALKING",0.16672,0.13863,0.17885,1.42188,1.83436,1.42188,1.83436,-0.00539,-0.00714,0.22020,0.28862,0.00090,0.50971,45.16801
63.200,"PI",-1.36594,-0.73261,-1.21530,0.22458,0.97003,0.15003,0.07025,0.15750,0.12042,0.45000,-0.02013,"WALKING",0.16469,0.13757,0.17743,1.41099,1.81981,1.41099,1.81981,-0.00548,-0.00730,0.21869,0.28652,0.00093,0.50614,45.21871
63.300,"PI",-1.35813,-0.74699,-1.21858,0.20972,0.96790,0.14790,0.06956,0.15623,0.11930,0.45000,-0.02057,"WALKING",0.16269,0.13649,0.17598,1.39991,1.80491,1.39991,1.80491,-0.00556,-0.00750,0.21718,0.28440,0.00098,0.50256,45.26906
63.400,"PI",-1.35026,-0.76112,-1.22165,0.19493,0.96575,0.14575,0.06885,0.15495,0.11813,0.45000,-0.02094,"WALKING",0.16075,0.13540,0.17450,1.38867,1.78970,1.38867,1.78970,-0.00564,-0.00764,0.21558,0.28215,0.00100,0.49873,45.31903
63.500,"PI",-1.34234,-0.77500,-1.22452,0.18025,0.96357,0.14357,0.06815,0.15363,0.11695,0.45000,-0.02130,"WALKING",0.15885,0.13428,0.17299,1.37721,1.77424,1.37721,1.77424,-0.00574,-0.00776,0.21396,0.27987,0.00100,0.49483,45.36861
63.600,"PI",-1.33437,-0.78863,-1.22720,0.16567,0.96140,0.14140,0.06743,0.15231,0.11575,0.45000,-0.02145,"WALKING",0.15700,0.13316,0.17147,1.36569,1.75864,1.36569,1.75864,-0.00577,-0.00781,0.21215,0.27734,0.00100,0.49050,45.41777
63.700,"PI",-1.32636,-0.80203,-1.22969,0.15119,0.95921,0.13921,0.06671,0.15098,0.11454,0.45000,-0.02162,"WALKING",0.15520,0.13202,0.16993,1.35408,1.74292,1.35408,1.74292,-0.00581,-0.00787,0.21036,0.27483,0.00100,0.48619,45.46650
63.800,"PI",-1.31831,-0.81520,-1.23199,0.13680,0.95701,0.13701,0.06599,0.14964,0.11331,0.45000,-0.02176,"WALKING",0.15345,0.13089,0.16839,1.34241,1.72710,1.34241,1.72710,-0.00585,-0.00792,0.20854,0.27229,0.00100,0.48183,45.51479
63.900,"PI",-1.31022,-0.82814,-1.23411,0.12251,0.95480,0.13480,0.06529,0.14829,0.11211,0.45000,-0.02190,"WALKING",0.15176,0.12974,0.16684,1.33063,1.71122,1.33063,1.71122,-0.00591,-0.00794,0.20671,0.26974,0.00097,0.47742,45.56264
64.000,"PI",-1.30210,-0.84086,-1.23606,0.10835,0.95259,0.13259,0.06460,0.14694,0.11092,0.45000,-0.02199,"WALKING",0.15012,0.12858,0.16529,1.31875,1.69531,1.31875,1.69531,-0.00595,-0.00796,0.20483,0.26715,0.00094,0.47292,45.61005
64.050,"PI",-1.29802,-0.84714,-1.23696,0.10131,0.95150,0.13150,0.06425,0.14626,0.11033,0.45000,-0.02192,"WALKING",0.14932,0.12800,0.16452,1.31282,1.68738,1.31282,1.68738,-0.00592,-0.00793,0.20381,0.26574,0.00094,0.47049,45.63357
64.150,"PI",-1.28984,-0.85954,-1.23864,0.08738,0.94931,0.12931,0.06354,0.14491,0.10914,0.45000,-0.02192,"WALKING",0.14777,0.12685,0.16297,1.30100,1.67150,1.30100,1.67150,-0.00589,-0.00796,0.20187,0.26307,0.00096,0.46590,45.68028
64.250,"PI",-1.28163,-0.87173,-1.24015,0.07364,0.94729,0.12729,0.06286,0.14359,0.10796,0.45000,-0.02127,"WALKING",0.14628,0.12573,0.16146,1.28951,1.65603,1.28951,1.65603,-0.00570,-0.00768,0.19953,0.25989,0.00091,0.46033,45.72644
64.350,"PI",-1.27339,-0.88373,-1.24149,0.06000,0.94528,0.12528,0.06221,0.14231,0.10682,0.45000,-0.02079,"WALKING",0.14484,0.12464,0.15999,1.27831,1.64094,1.27831,1.64094,-0.00557,-0.00750,0.19739,0.25696,0.00088,0.45523,45.77209
64.450,"PI",-1.26512,-0.89553,-1.24268,0.04649,0.94328,0.12328,0.06158,0.14105,0.10571,0.45000,-0.02049,"WALKING",0.14346,0.12356,0.15855,1.26724,1.62612,1.26724,1.62612,-0.00551,-0.00737,0.19542,0.25426,0.00084,0.45052,45.81726
64.550,"PI",-1.25681,-0.90715,-1.24371,0.03308,0.94130,0.12130,0.06096,0.13981,0.10464,0.45000,-0.02022,"WALKING",0.14215,0.12249,0.15713,1.25632,1.61154,1.25632,1.61154,-0.00545,-0.00728,0.19350,0.25164,0.00081,0.44595,45.86197
64.650,"PI",-1.24848,-0.91859,-1.24460,0.01980,0.93936,0.11936,0.06036,0.13858,0.10358,0.45000,-0.01990,"WALKING",0.14090,0.12144,0.15573,1.24554,1.59719,1.24554,1.59719,-0.00538,-0.00715,0.19156,0.24901,0.00078,0.44135,45.90622
64.750,"PI",-1.24011,-0.92985,-1.24535,0.00662,0.93744,0.11744,0.05977,0.13738,0.10256,0.45000,-0.01961,"WALKING",0.13971,0.12040,0.15435,1.23488,1.58307,1.23488,1.58307,-0.00531,-0.00703,0.18966,0.24645,0.00075,0.43686,45.95001
64.850,"PI",-1.23172,-0.94094,-1.24595,-0.00643,0.93555,0.11555,0.05923,0.13618,0.10159,0.45000,-0.01932,"WALKING",0.13859,0.11937,0.15300,1.22432,1.56921,1.22432,1.56921,-0.00526,-0.00690,0.18779,0.24394,0.00071,0.43244,45.99337
64.950,"PI",-1.22329,-0.95188,-1.24641,-0.01937,0.93370,0.11370,0.05869,0.13501,0.10065,0.45000,-0.01899,"WALKING",0.13754,0.11836,0.15167,1.21391,1.55560,1.21391,1.55560,-0.00518,-0.00677,0.18592,0.24144,0.00068,0.42804,46.03628
65.050,"PI",-1.21482,-0.96266,-1.24675,-0.03221,0.93189,0.11189,0.05818,0.13386,0.09975,0.45000,-0.01864,"WALKING",0.13655,0.11736,0.15037,1.20366,1.54228,1.20366,1.54228,-0.00511,-0.00662,0.18407,0.23899,0.00064,0.42370,46.07876
65.150,"PI",-1.18582,-0.99869,-1.24696,-0.04493,0.93012,0.11012,0.05770,0.13274,0.09889,0.45000,-0.01828,"WALKING",0.13562,0.11637,0.14910,1.19355,1.52926,1.19355,1.52926,-0.00503,-0.00648,0.18224,0.23657,0.00061,0.41941,46.12081
65.250,"PI",-1.19779,-0.98377,-1.24703,-0.05796,0.92815,0.10815,0.05649,0.13516,0.10328,0.45000,-0.04457,"WALKING",0.13477,0.11806,0.15225,1.21091,1.56153,1.21091,1.56153,-0.00052,-0.03580,0.20858,0.27226,0.01546,0.49629,46.17668
65.350,"PI",-1.14915,-1.04204,-1.24697,-0.07069,0.92616,0.10616,0.05565,0.13241,0.09881,0.45000,-0.03489,"WALKING",0.13398,0.11605,0.14876,1.19029,1.52576,1.19029,1.52576,-0.00968,-0.01624,0.19517,0.25324,0.00275,0.45115,46.22255
65.450,"PI",-1.13829,-1.05407,-1.24674,-0.08447,0.97987,0.15987,0.09504,0.14673,0.13693,0.45000,0.16660,"WALKING",0.13327,0.12406,0.16939,1.27245,1.73731,1.27245,1.73731,0.04547,0.08342,0.31203,0.43087,0.02204,0.76494,46.30279
65.550,"PI",-1.13172,-1.06089,-1.24630,-0.09891,0.95996,0.13996,0.07900,0.15010,0.13635,0.45000,0.01787,"WALKING",0.13262,0.12753,0.17266,1.30802,1.77089,1.30802,1.77089,0.00586,-0.01124,0.19433,0.26801,0.00989,0.47223,46.35838
65.650,"PI",-1.13803,-1.05301,-1.24565,-0.11347,0.96355,0.14355,0.07974,0.15149,0.13739,0.45000,0.01811,"WALKING",0.13204,0.12875,0.17423,1.32050,1.78693,1.32050,1.78693,0.00417,-0.00392,0.19097,0.26343,0.00472,0.45912,46.40782
65.750,"PI",-1.13271,-1.05856,-1.24484,-0.12760,0.93936,0.11936,0.06096,0.14576,0.11847,0.45000,-0.07812,"WALKING",0.13154,0.12616,0.16537,1.29392,1.69611,1.29392,1.69611,-0.01708,-0.04457,0.24922,0.33078,0.01382,0.59382,46.46742
65.850,"PI",-1.11714,-1.07532,-1.24391,-0.14121,0.93613,0.11613,0.05852,0.14113,0.10868,0.45000,-0.06011,"WALKING",0.13110,0.12315,0.15912,1.26304,1.63201,1.26304,1.63201,-0.01442,-0.02909,0.22507,0.29444,0.00676,0.52627,46.52148
65.950,"PI",-1.08960,-1.10458,-1.24283,-0.15471,0.95322,0.13322,0.07126,0.14195,0.11498,0.45000,0.03230,"WALKING",0.13074,0.12292,0.16098,1.26071,1.65105,1.26071,1.65105,0.00545,0.02337,0.21012,0.27905,0.00874,0.49791,46.56877
66.050,"PI",-1.08405,-1.10969,-1.24155,-0.16863,0.96316,0.14316,0.07768,0.14659,0.12468,0.45000,0.05474,"WALKING",0.13045,0.12595,0.16722,1.29183,1.71511,1.29183,1.71511,0.01517,0.02627,0.22833,0.30750,0.00587,0.54170,46.62425
66.150,"PI",-1.08927,-1.10355,-1.24011,-0.18255,0.94655,0.12655,0.06524,0.14508,0.11719,0.45000,-0.03108,"WALKING",0.13023,0.12569,0.16448,1.28912,1.68697,1.28912,1.68697,-0.00553,-0.02132,0.21308,0.28287,0.00785,0.50380,46.67204
66.250,"PI",-1.08710,-1.10534,-1.23857,-0.19590,0.92333,0.10333,0.04831,0.13828,0.09851,0.45000,-0.10822,"WALKING",0.13008,0.12198,0.15458,1.25105,1.58548,1.25105,1.58548,-0.02277,-0.05494,0.25640,0.32813,0.01344,0.59797,46.73090
66.350,"PI",-1.07779,-1.11443,-1.23699,-0.20861,0.92077,0.10077,0.04767,0.13276,0.08955,0.45000,-0.07577,"WALKING",0.13001,0.11794,0.14758,1.20961,1.51362,1.20961,1.51362,-0.01907,-0.03167,0.22202,0.28058,0.00479,0.50739,46.78353
66.450,"PI",-1.04001,-1.15159,-1.23534,-0.22098,0.92821,0.10821,0.05486,0.13053,0.09060,0.45000,-0.01234,"WALKING",0.13001,0.11553,0.14552,1.18493,1.49251,1.18493,1.49251,-0.00829,0.00397,0.17418,0.22215,0.00471,0.40103,46.82750
66.550,"PI",-1.03949,-1.15132,-1.23350,-0.23379,0.94361,0.12361,0.06671,0.13595,0.10564,0.45000,0.03829,"WALKING",0.13008,0.11847,0.15343,1.21503,1.57366,1.21503,1.57366,0.01210,0.01759,0.20300,0.26631,0.00246,0.47177,46.88091
66.650,"PI",-1.02234,-1.16715,-1.23153,-0.24654,0.92513,0.10513,0.05362,0.13393,0.09864,0.45000,-0.05241,"WALKING",0.13022,0.11760,0.15025,1.20619,1.54105,1.20619,1.54105,-0.00958,-0.03099,0.21175,0.27364,0.00896,0.49435,46.92598
66.750,"PI",-1.03976,-1.14998,-1.22943,-0.25922,0.92098,0.10098,0.05097,0.13308,0.09681,0.45000,-0.06848,"WALKING",0.13044,0.11706,0.14911,1.20064,1.52929,1.20064,1.52929,-0.00909,-0.04316,0.22174,0.28545,0.01399,0.52118,46.97665
66.850,"PI",-1.03004,-1.15870,-1.22733,-0.27129,0.90984,0.08984,0.04380,0.12685,0.08419,0.45000,-0.08074,"WALKING",0.13073,0.11291,0.14078,1.15808,1.44389,1.15808,1.44389,-0.02119,-0.03527,0.21740,0.27353,0.00503,0.49597,47.02866
66.950,"PI",-1.00541,-1.18086,-1.22521,-0.28291,0.90951,0.08951,0.04532,0.12309,0.08046,0.45000,-0.04984,"WALKING",0.13109,0.10978,0.13641,1.12590,1.39903,1.12590,1.39903,-0.01435,-0.01789,0.18976,0.23809,0.00121,0.42905,47.07321
67.050,"PI",-0.97630,-1.20643,-1.22295,-0.29466,0.93198,0.11198,0.06322,0.12675,0.09555,0.45000,0.05409,"WALKING",0.13152,0.11094,0.14256,1.13782,1.46220,1.13782,1.46220,0.01169,0.03591,0.20556,0.26701,0.00982,0.48238,47.11900
67.150,"PI",-0.97812,-1.20401,-1.22047,-0.30693,0.93295,0.11295,0.06402,0.13130,0.10480,0.45000,0.02499,"WALKING",0.13202,0.11396,0.14865,1.16880,1.52459,1.16880,1.52459,0.00822,0.00454,0.17944,0.23732,0.00164,0.41840,47.16857
67.250,"PI",-0.98915,-1.19383,-1.21787,-0.31909,0.91801,0.09801,0.05322,0.12922,0.09799,0.45000,-0.04695,"WALKING",0.13260,0.11300,0.14544,1.15900,1.49168,1.15900,1.49168,-0.00905,-0.02945,0.20127,0.26201,0.00848,0.47176,47.21212
67.350,"PI",-0.97984,-1.20145,-1.21530,-0.33064,0.90251,0.08251,0.04248,0.12278,0.08322,0.45000,-0.08332,"WALKING",0.13324,0.10900,0.13655,1.11797,1.40050,1.11797,1.40050,-0.02142,-0.03820,0.21238,0.26842,0.00592,0.48672,47.26302
67.450,"PI",-0.96945,-1.20985,-1.21274,-0.34172,0.90177,0.08177,0.04343,0.11879,0.07844,0.45000,-0.05353,"WALKING",0.13395,0.10581,0.13178,1.08526,1.35155,1.08526,1.35155,-0.01475,-0.02081,0.18548,0.23315,0.00202,0.42064,47.30650
67.550,"PI",-0.93219,-1.24018,-1.21010,-0.35278,0.93036,0.11036,0.06597,0.12156,0.09318,0.45000,0.09342,"WALKING",0.13474,0.10614,0.13699,1.08865,1.40499,1.08865,1.40499,0.01557,0.06861,0.22758,0.29637,0.02096,0.54491,47.35370
67.650,"PI",-0.93828,-1.23459,-1.20720,-0.36434,0.92784,0.10784,0.06435,0.12592,0.10159,0.45000,0.04616,"WALKING",0.13559,0.10911,0.14274,1.11907,1.46397,1.11907,1.46397,0.01129,0.02094,0.18855,0.24970,0.00416,0.44241,47.40034
67.750,"PI",-0.92073,-1.24807,-1.20420,-0.37588,0.92729,0.10729,0.06406,0.12574,0.10184,0.45000,0.04212,"WALKING",0.13651,0.10889,0.14259,1.11677,1.46250,1.11677,1.46250,0.00328,0.02761,0.18698,0.24790,0.01051,0.44539,47.44493
67.850,"PI",-0.92652,-1.24303,-1.20112,-0.38725,0.90226,0.08226,0.04581,0.12226,0.08965,0.45000,-0.07465,"WALKING",0.13750,0.10742,0.13710,1.10179,1.40615,1.10179,1.40615,-0.01376,-0.04355,0.20720,0.26701,0.01133,0.48554,47.48937
67.950,"PI",-0.91541,-1.25123,-1.19808,-0.39811,0.89868,0.07868,0.04405,0.11764,0.08168,0.45000,-0.05776,"WALKING",0.13855,0.10412,0.13116,1.06791,1.34521,1.06791,1.34521,-0.01573,-0.02505,0.18677,0.23751,0.00323,0.42751,47.53393
68.050,"PI",-0.88382,-1.27465,-1.19502,-0.40872,0.90886,0.08886,0.05288,0.11669,0.08502,0.45000,0.00959,"WALKING",0.13967,0.10262,0.13076,1.05248,1.34112,1.05248,1.34112,-0.00286,0.01378,0.15932,0.20533,0.00600,0.37065,47.57252
68.150,"PI",-0.86172,-1.29035,-1.19171,-0.41976,0.93136,0.11136,0.06949,0.12291,0.10241,0.45000,0.09390,"WALKING",0.14086,0.10596,0.13986,1.08681,1.43449,1.08681,1.43449,0.02262,0.05483,0.22145,0.29529,0.01399,0.53073,47.62199
68.250,"PI",-0.86271,-1.28891,-1.18816,-0.43121,0.92446,0.10446,0.06407,0.12610,0.10623,0.45000,0.02711,"WALKING",0.14210,0.10852,0.14368,1.11300,1.47365,1.11300,1.47365,0.00711,0.00525,0.17015,0.22847,0.00084,0.39945,47.66623
68.350,"PI",-0.86932,-1.28368,-1.18453,-0.44246,0.90523,0.08523,0.04968,0.12295,0.09529,0.45000,-0.06127,"WALKING",0.14342,0.10718,0.13872,1.09927,1.42275,1.09927,1.42275,-0.01165,-0.03791,0.20003,0.26165,0.01062,0.47229,47.71016
68.450,"PI",-0.85735,-1.29171,-1.18097,-0.45319,0.89850,0.07850,0.04514,0.11795,0.08492,0.45000,-0.06021,"WALKING",0.14479,0.10389,0.13200,1.06557,1.35386,1.06557,1.35386,-0.01617,-0.02752,0.18877,0.24218,0.00409,0.43504,47.75579
68.550,"PI",-0.83154,-1.30899,-1.17743,-0.46360,0.89921,0.07921,0.04658,0.11529,0.08202,0.45000,-0.03383,"WALKING",0.14622,0.10172,0.12887,1.04327,1.32171,1.04327,1.32171,-0.00971,-0.01290,0.16744,0.21433,0.00111,0.38288,47.79519
68.650,"PI",-0.80566,-1.32577,-1.17367,-0.47429,0.93256,0.11256,0.07127,0.12158,0.10222,0.45000,0.11241,"WALKING",0.14771,0.10466,0.13850,1.07344,1.42047,1.07344,1.42047,0.02602,0.06954,0.23388,0.31245,0.01887,0.56520,47.84431
68.750,"PI",-0.80557,-1.32517,-1.16962,-0.48545,0.92060,0.10060,0.06228,0.12429,0.10408,0.45000,0.02058,"WALKING",0.14926,0.10706,0.14151,1.09810,1.45143,1.09810,1.45143,0.00545,0.00192,0.16348,0.21916,0.00156,0.38420,47.88689
68.850,"PI",-0.79941,-1.32862,-1.16540,-0.49670,0.92921,0.10921,0.06798,0.12570,0.10811,0.45000,0.05558,"WALKING",0.15087,0.10780,0.14359,1.10568,1.47270,1.10568,1.47270,0.00959,0.03182,0.19417,0.26186,0.01019,0.46622,47.92993
68.950,"PI",-0.79450,-1.33129,-1.16114,-0.50770,0.90111,0.08111,0.04739,0.12111,0.09223,0.45000,-0.07011,"WALKING",0.15254,0.10584,0.13637,1.08557,1.39867,1.08557,1.39867,-0.01535,-0.03897,0.20150,0.26224,0.00924,0.47298,47.97649
69.050,"PI",-0.77821,-1.34097,-1.15693,-0.51830,0.90204,0.08204,0.04854,0.11782,0.08728,0.45000,-0.03898,"WALKING",0.15425,0.10337,0.13226,1.06026,1.35655,1.06026,1.35655,-0.01091,-0.01705,0.17472,0.22596,0.00227,0.40296,48.01822
69.150,"PI",-0.74063,-1.36313,-1.15262,-0.52888,0.92101,0.10101,0.06300,0.11976,0.09656,0.45000,0.05626,"WALKING",0.15603,0.10378,0.13574,1.06439,1.39222,1.06439,1.39222,0.01037,0.03900,0.19330,0.25558,0.01173,0.46061,48.05952
69.250,"PI",-0.72627,-1.37086,-1.14795,-0.54002,0.94136,0.12136,0.07678,0.12757,0.11416,0.45000,0.11464,"WALKING",0.15785,0.10868,0.14647,1.11469,1.50223,1.11469,1.50223,0.02901,0.06120,0.23847,0.32487,0.01559,0.57892,48.11424
69.350,"PI",-0.72693,-1.36981,-1.14299,-0.55146,0.92863,0.10863,0.06688,0.12924,0.11302,0.45000,0.02307,"WALKING",0.15972,0.11053,0.14794,1.13369,1.51738,1.13369,1.51738,0.00468,0.00254,0.16887,0.22952,0.00103,0.39942,48.15616
69.450,"PI",-0.72609,-1.36980,-1.13802,-0.56259,0.90565,0.08565,0.04957,0.12486,0.09811,0.45000,-0.07683,"WALKING",0.16164,0.10862,0.14109,1.11404,1.44712,1.11404,1.44712,-0.01491,-0.04592,0.21266,0.27913,0.01290,0.50470,48.20378
69.550,"PI",-0.71168,-1.37735,-1.13314,-0.57327,0.90698,0.08698,0.05081,0.12124,0.09213,0.45000,-0.04145,"WALKING",0.16361,0.10599,0.13648,1.08708,1.39984,1.08708,1.39984,-0.01148,-0.01901,0.18147,0.23631,0.00294,0.42071,48.24754
69.650,"PI",-0.66186,-1.40346,-1.12824,-0.58371,0.90876,0.08876,0.05262,0.11966,0.09080,0.45000,-0.01820,"WALKING",0.16562,0.10463,0.13469,1.07312,1.38139,1.07312,1.38139,-0.00568,-0.00653,0.16367,0.21324,0.00033,0.37724,48.28619
69.750,"PI",-0.65307,-1.40722,-1.12294,-0.59472,0.93861,0.11861,0.07355,0.12866,0.11278,0.45000,0.08696,"WALKING",0.16768,0.10999,0.14732,1.12812,1.51098,1.12812,1.51098,0.02614,0.03989,0.22004,0.29819,0.00658,0.52480,48.34437
69.850,"PI",-0.63361,-1.41631,-1.11737,-0.60596,0.92000,0.10000,0.05938,0.12938,0.10824,0.45000,-0.02893,"WALKING",0.16978,0.11146,0.14729,1.14319,1.51066,1.14319,1.51066,-0.00248,-0.02894,0.19206,0.25712,0.01215,0.46132,48.39200
69.950,"PI",-0.64924,-1.40791,-1.11158,-0.61731,0.92812,0.10812,0.06422,0.13171,0.11278,0.45000,-0.00487,"WALKING",0.17192,0.11305,0.15038,1.15948,1.54235,1.15948,1.54235,0.00262,-0.01593,0.17844,0.24090,0.00887,0.42822,48.44045
70.050,"PI",-0.63568,-1.41403,-1.10585,-0.62825,0.91471,0.09471,0.05407,0.12740,0.10072,0.45000,-0.05013,"WALKING",0.17410,0.11073,0.14407,1.13567,1.47759,1.13567,1.47759,-0.01306,-0.02699,0.19842,0.26119,0.00595,0.46556,48.48856
70.150,"PI",-0.60663,-1.42713,-1.10014,-0.63891,0.91682,0.09682,0.05566,0.12527,0.09763,0.45000,-0.02218,"WALKING",0.17632,0.10911,0.14143,1.11912,1.45057,1.11912,1.45057,-0.00665,-0.01001,0.17490,0.22959,0.00139,0.40588,48.53040
70.250,"PI",-0.56623,-1.44474,-1.09416,-0.64978,0.94136,0.12136,0.07290,0.13024,0.11173,0.45000,0.08179,"WALKING",0.17857,0.11174,0.14873,1.14609,1.52541,1.14609,1.52541,0.02020,0.04699,0.22471,0.30255,0.01270,0.53996,48.58021
70.350,"PI",-0.55874,-1.44717,-1.08766,-0.66126,0.95199,0.13199,0.07893,0.13774,0.12483,0.45000,0.08401,"WALKING",0.18085,0.11708,0.15840,1.20085,1.62465,1.20085,1.62465,0.02370,0.03467,0.22754,0.31197,0.00581,0.54532,48.63878
70.450,"PI",-0.56397,-1.44429,-1.08091,-0.67285,0.94018,0.12018,0.06938,0.13846,0.12131,0.45000,0.00369,"WALKING",0.18317,0.11838,0.15853,1.21415,1.62599,1.21415,1.62599,0.00137,-0.01008,0.18287,0.24892,0.00589,0.43768,48.68397
70.550,"PI",-0.55267,-1.44849,-1.07421,-0.68406,0.92428,0.10428,0.05723,0.13414,0.10800,0.45000,-0.05656,"WALKING",0.18551,0.11626,0.15201,1.19245,1.55910,1.19245,1.55910,-0.01309,-0.03268,0.21411,0.28338,0.00897,0.50647,48.73490
70.650,"PI",-0.53518,-1.45504,-1.06754,-0.69495,0.92664,0.10664,0.05874,0.13170,0.10387,0.45000,-0.02508,"WALKING",0.18789,0.11451,0.14889,1.17447,1.52709,1.17447,1.52709,-0.00716,-0.01201,0.18626,0.24541,0.00214,0.43380,48.77978
70.750,"PI",-0.48214,-1.47478,-1.06072,-0.70582,0.94736,0.12736,0.07323,0.13432,0.11296,0.45000,0.07461,"WALKING",0.19028,0.11562,0.15301,1.18589,1.56936,1.18589,1.56936,0.01566,0.04822,0.22972,0.30761,0.01560,0.55292,48.82801
70.850,"PI",-0.47953,-1.47493,-1.05336,-0.71726,0.95919,0.13919,0.08014,0.14211,0.12678,0.45000,0.08296,"WALKING",0.19271,0.12113,0.16309,1.24237,1.67277,1.24237,1.67277,0.02420,0.03475,0.23629,0.32247,0.00567,0.56443,48.88923
70.950,"PI",-0.45203,-1.48397,-1.04572,-0.72880,0.95211,0.13211,0.07400,0.14312,0.12511,0.45000,0.02779,"WALKING",0.19515,0.12242,0.16383,1.25555,1.68027,1.25555,1.68027,0.00532,0.00691,0.19288,0.26241,0.00084,0.45613,48.93446
71.050,"PI",-0.46218,-1.47985,-1.03786,-0.74034,0.94273,0.12273,0.06612,0.14352,0.12100,0.45000,-0.03261,"WALKING",0.19762,0.12349,0.16354,1.26661,1.67737,1.26661,1.67737,-0.00240,-0.02996,0.21467,0.28842,0.01414,0.51722,48.98710
71.150,"PI",-0.44316,-1.48566,-1.03006,-0.75152,0.93848,0.11848,0.06244,0.14016,0.11261,0.45000,-0.03316,"WALKING",0.20010,0.12152,0.15880,1.24640,1.62869,1.24640,1.62869,-0.00928,-0.01788,0.20600,0.27292,0.00411,0.48303,49.03758
71.250,"PI",-0.40247,-1.49785,-1.02222,-0.76249,0.94635,0.12635,0.06767,0.13987,0.11347,0.45000,0.01310,"WALKING",0.20260,0.12109,0.15865,1.24200,1.62723,1.24200,1.62723,0.00132,0.00869,0.18855,0.25079,0.00355,0.44288,49.08237
71.350,"PI",-0.36331,-1.50870,-1.01389,-0.77384,0.97260,0.15260,0.08468,0.14723,0.12995,0.45000,0.10864,"WALKING",0.20511,0.12573,0.16874,1.28951,1.73068,1.28951,1.73068,0.02903,0.05726,0.27326,0.37133,0.01556,0.66015,49.14487
71.450,"PI",-0.35840,-1.50917,-1.00497,-0.78568,0.97356,0.15356,0.08360,0.15356,0.13771,0.45000,0.06174,"WALKING",0.20764,0.13077,0.17635,1.34119,1.80869,1.34119,1.80869,0.01835,0.01769,0.23178,0.31764,0.00039,0.54981,49.20733
71.550,"PI",-0.36393,-1.50702,-0.99583,-0.79745,0.96016,0.14016,0.07299,0.15302,0.13113,0.45000,-0.01825,"WALKING",0.21018,0.13132,0.17472,1.34686,1.79203,1.34686,1.79203,-0.00251,-0.02155,0.22015,0.29771,0.01059,0.52845,49.25859
71.650,"PI",-0.34334,-1.51185,-0.98678,-0.80883,0.95152,0.13152,0.06625,0.14902,0.12036,0.45000,-0.03942,"WALKING",0.21272,0.12910,0.16894,1.32407,1.73267,1.32407,1.73267,-0.01117,-0.02158,0.22526,0.29902,0.00531,0.52959,49.31428
71.750,"PI",-0.31933,-1.51717,-0.97773,-0.81994,0.95462,0.13462,0.06800,0.14757,0.11796,0.45000,-0.01180,"WALKING",0.21527,0.12805,0.16709,1.31330,1.71375,1.31330,1.71375,-0.00375,-0.00610,0.19976,0.26479,0.00117,0.46573,49.36221
71.850,"PI",-0.26933,-1.52782,-0.96833,-0.83121,0.99322,0.17322,0.09328,0.15445,0.13653,0.45000,0.15844,"WALKING",0.21782,0.13186,0.17705,1.35236,1.81585,1.35236,1.81585,0.03773,0.09593,0.33734,0.45800,0.03371,0.82905,49.42679
71.950,"PI",-0.27312,-1.52625,-0.95824,-0.84296,0.98786,0.16786,0.08823,0.16042,0.14259,0.45000,0.07899,"WALKING",0.22037,0.13682,0.18402,1.40333,1.88742,1.40333,1.88742,0.02109,0.03165,0.26142,0.35708,0.00639,0.62488,49.49090
72.050,"PI",-0.24365,-1.53146,-0.94789,-0.85467,0.99821,0.17821,0.09343,0.16301,0.14619,0.45000,0.11320,"WALKING",0.22293,0.13882,0.18721,1.42377,1.92005,1.42377,1.92005,0.02220,0.06329,0.30197,0.41294,0.02547,0.74038,49.55675
72.150,"PI",-0.23572,-1.53232,-0.93737,-0.86624,0.96671,0.14671,0.07091,0.16003,0.13147,0.45000,-0.04896,"WALKING",0.22548,0.13827,0.18178,1.41813,1.86446,1.41813,1.86446,-0.00976,-0.03438,0.25473,0.33990,0.01373,0.60837,49.61454
72.250,"PI",-0.21328,-1.53560,-0.92688,-0.87747,0.96905,0.14905,0.07172,0.15765,0.12651,0.45000,-0.02018,"WALKING",0.22803,0.13671,0.17859,1.40216,1.83166,1.40216,1.83166,-0.00612,-0.01190,0.22301,0.29603,0.00311,0.52215,49.66867
72.350,"PI",-0.16312,-1.54257,-0.91628,-0.88853,0.98644,0.16644,0.08289,0.15976,0.13281,0.45000,0.06256,"WALKING",0.23057,0.13778,0.18174,1.41315,1.86402,1.41315,1.86402,0.01387,0.03764,0.26196,0.35058,0.01339,0.62593,49.72467
72.450,"PI",-0.13238,-1.54584,-0.90504,-0.89993,1.01169,0.19169,0.09780,0.16877,0.15003,0.45000,0.13846,"WALKING",0.23310,0.14394,0.19360,1.47635,1.98567,1.47635,1.98567,0.03705,0.07025,0.33884,0.46181,0.02113,0.82178,49.80133
72.550,"PI",-0.12468,-1.54586,-0.89309,-0.91169,1.00389,0.18389,0.09080,0.17300,0.15193,0.45000,0.05437,"WALKING",0.23562,0.14786,0.19815,1.51652,2.03229,1.51652,2.03229,0.01439,0.01441,0.25506,0.34809,0.00001,0.60316,49.86562
72.650,"PI",-0.12058,-1.54565,-0.88101,-0.92323,0.98493,0.16493,0.07660,0.17070,0.14085,0.45000,-0.04298,"WALKING",0.23813,0.14739,0.19401,1.51169,1.98985,1.51169,1.98985,-0.00768,-0.03284,0.26810,0.35861,0.01504,0.64174,49.92513
72.750,"PI",-0.09669,-1.54733,-0.86911,-0.93428,0.98435,0.16435,0.07524,0.16777,0.13382,0.45000,-0.02651,"WALKING",0.24063,0.14562,0.18991,1.49351,1.94782,1.49351,1.94782,-0.00751,-0.01528,0.24394,0.32345,0.00441,0.57181,49.98474
72.850,"PI",-0.04613,-1.55044,-0.85716,-0.94509,0.98799,0.16799,0.07710,0.16707,0.13246,0.45000,-0.00184,"WALKING",0.24311,0.14515,0.18899,1.48867,1.93836,1.48867,1.93836,-0.00092,-0.00188,0.21977,0.29138,0.00054,0.51169,50.03718
72.950,"PI",-0.01551,-1.55130,-0.84456,-0.95616,1.02226,0.20226,0.09835,0.17618,0.15210,0.45000,0.12640,"WALKING",0.24557,0.15101,0.20135,1.54880,2.06517,1.54880,2.06517,0.03538,0.06407,0.34660,0.46855,0.01851,0.83366,50.11795
73.050,"PI",0.00252,-1.55111,-0.83136,-0.96740,1.00968,0.18968,0.08844,0.17946,0.15180,0.45000,0.02318,"WALKING",0.24801,0.15433,0.20458,1.58289,2.09824,1.58289,2.09824,0.00759,-0.00373,0.23588,0.31917,0.00729,0.56234,50.18271
73.150,"PI",0.00801,-1.55047,-0.81781,-0.97860,1.02031,0.20031,0.09359,0.18267,0.15619,0.45000,0.05295,"WALKING",0.25042,0.15682,0.20852,1.60842,2.13868,1.60842,2.13868,0.01376,0.01879,0.27613,0.37397,0.00334,0.65344,50.24803
73.250,"PI",0.02665,-1.55011,-0.80422,-0.98950,1.00063,0.18063,0.07932,0.17951,0.14381,0.45000,-0.03909,"WALKING",0.25281,0.15571,0.20331,1.59701,2.08524,1.59701,2.08524,-0.00898,-0.02570,0.27673,0.36743,0.01020,0.65436,50.31343
73.350,"PI",0.06025,-1.54937,-0.79052,-1.00017,1.00404,0.18404,0.08090,0.17801,0.14062,0.45000,-0.01041,"WALKING",0.25518,0.15473,0.20128,1.58701,2.06441,1.58701,2.06441,-0.00331,-0.00683,0.24435,0.32377,0.00210,0.57023,50.37217
73.450,"PI",0.11320,-1.54736,-0.77658,-1.01072,1.02725,0.20725,0.09540,0.18258,0.15147,0.45000,0.08749,"WALKING",0.25752,0.15751,0.20765,1.61550,2.12972,1.61550,2.12972,0.02232,0.04843,0.32581,0.43608,0.01677,0.77866,50.44189
73.550,"PI",0.13502,-1.54544,-0.76179,-1.02156,1.04524,0.22524,0.10493,0.19146,0.16599,0.45000,0.12094,"WALKING",0.25982,0.16399,0.21893,1.68195,2.24547,1.68195,2.24547,0.03362,0.05495,0.36339,0.49274,0.01502,0.87116,50.52894
73.650,"PI",0.14101,-1.54420,-0.74643,-1.03240,1.03463,0.21463,0.09625,0.19385,0.16432,0.45000,0.03330,"WALKING",0.26210,0.16666,0.22105,1.70929,2.26714,1.70929,2.26714,0.00832,0.00321,0.26631,0.36081,0.00357,0.63069,50.59579
73.750,"PI",0.15574,-1.54250,-0.73103,-1.04292,1.01630,0.19630,0.08275,0.19050,0.15172,0.45000,-0.05055,"WALKING",0.26434,0.16539,0.21561,1.69629,2.21137,1.69629,2.21137,-0.01041,-0.03353,0.30726,0.40740,0.01487,0.72953,50.66613
73.850,"PI",0.18213,-1.53961,-0.71564,-1.05308,1.01942,0.19942,0.08409,0.18834,0.14726,0.45000,-0.01848,"WALKING",0.26654,0.16397,0.21271,1.68170,2.18164,1.68170,2.18164,-0.00537,-0.01075,0.26778,0.35393,0.00336,0.62507,50.73075
73.950,"PI",0.24918,-1.53160,-0.70014,-1.06300,1.02968,0.20968,0.09030,0.18927,0.14997,0.45000,0.03225,"WALKING",0.26871,0.16445,0.21409,1.68668,2.19581,1.68668,2.19581,0.00724,0.01864,0.28154,0.37323,0.00725,0.66202,50.79353
74.050,"PI",0.26437,-1.52854,-0.68374,-1.07312,1.05334,0.23334,0.10412,0.19875,0.16724,0.45000,0.09566,"WALKING",0.27084,0.17108,0.22643,1.75462,2.32238,1.75462,2.32238,0.02953,0.03898,0.35226,0.47415,0.00670,0.83310,50.88652
74.150,"PI",0.30160,-1.52210,-0.66688,-1.08314,1.03748,0.21748,0.09238,0.19986,0.16291,0.45000,-0.01013,"WALKING",0.27293,0.17290,0.22682,1.77336,2.32640,1.77336,2.32640,0.00023,-0.01987,0.28824,0.38585,0.01389,0.68798,50.95867
74.250,"PI",0.28920,-1.52313,-0.64964,-1.09300,1.04145,0.22145,0.09333,0.20262,0.16508,0.45000,-0.01370,"WALKING",0.27497,0.17530,0.22994,1.79797,2.35839,1.79797,2.35839,0.00226,-0.02411,0.29563,0.39571,0.01846,0.70980,51.03944
74.350,"PI",0.31627,-1.51774,-0.63256,-1.10242,1.03416,0.21416,0.08757,0.19913,0.15568,0.45000,-0.03194,"WALKING",0.27697,0.17337,0.22490,1.77812,2.30662,1.77812,2.30662,-0.00940,-0.01866,0.30081,0.39754,0.00611,0.70446,51.11310
74.450,"PI",0.36199,-1.50802,-0.61546,-1.11150,1.03739,0.21739,0.08911,0.19801,0.15357,0.45000,-0.00673,"WALKING",0.27893,0.17259,0.22343,1.77020,2.29154,1.77020,2.29154,-0.00242,-0.00449,0.27004,0.35673,0.00135,0.62811,51.17753
74.550,"PI",0.41410,-1.49565,-0.59779,-1.12053,1.06467,0.24467,0.10578,0.20466,0.16814,0.45000,0.09906,"WALKING",0.28083,0.17683,0.23248,1.81365,2.38446,1.81365,2.38446,0.02703,0.05067,0.37782,0.50489,0.01686,0.89957,51.26358
74.650,"PI",0.42690,-1.49136,-0.57919,-1.12962,1.07148,0.25148,0.10837,0.21224,0.17838,0.45000,0.07619,"WALKING",0.28269,0.18272,0.24176,1.87406,2.47963,1.87406,2.47963,0.02270,0.02469,0.34655,0.46754,0.00151,0.81559,51.35609
74.750,"PI",0.42780,-1.49021,-0.56029,-1.13845,1.06055,0.24055,0.09976,0.21285,0.17424,0.45000,0.00051,"WALKING",0.28450,0.18402,0.24169,1.88736,2.47887,1.88736,2.47887,0.00098,-0.01308,0.29691,0.39876,0.01040,0.70606,51.42844
74.850,"PI",0.45270,-1.48278,-0.54155,-1.14683,1.04804,0.22804,0.09057,0.20887,0.16262,0.45000,-0.04339,"WALKING",0.28626,0.18196,0.23578,1.86621,2.41830,1.86621,2.41830,-0.01134,-0.02506,0.32891,0.43423,0.00946,0.77261,51.50800
74.950,"PI",0.48009,-1.47414,-0.52289,-1.15481,1.05100,0.23100,0.09197,0.20716,0.15944,0.45000,-0.01475,"WALKING",0.28796,0.18077,0.23354,1.85403,2.39531,1.85403,2.39531,-0.00437,-0.00798,0.29166,0.38459,0.00244,0.67870,51.57785
75.050,"PI",0.54114,-1.45406,-0.50387,-1.16258,1.08025,0.26025,0.11018,0.21176,0.17176,0.45000,0.11818,"WALKING",0.28960,0.18333,0.24019,1.88035,2.46344,1.88035,2.46344,0.02796,0.07080,0.42353,0.56348,0.03121,1.01822,51.66123
75.150,"PI",0.54892,-1.45033,-0.48401,-1.17029,1.08384,0.26384,0.11105,0.21874,0.18099,0.45000,0.08317,"WALKING",0.29120,0.18878,0.24869,1.93623,2.55067,1.93623,2.55067,0.02348,0.03319,0.37284,0.50056,0.00746,0.88085,51.75434
75.250,"PI",0.58439,-1.43672,-0.46391,-1.17768,1.08407,0.26407,0.10979,0.22042,0.18137,0.45000,0.06481,"WALKING",0.29273,0.19040,0.25044,1.95285,2.56859,1.95285,2.56859,0.01318,0.03022,0.35592,0.47763,0.01311,0.84666,51.83244
75.350,"PI",0.58939,-1.43394,-0.44366,-1.18469,1.06555,0.24555,0.09646,0.21942,0.17308,0.45000,-0.03797,"WALKING",0.29421,0.19077,0.24806,1.95664,2.54421,1.95664,2.54421,-0.00535,-0.03006,0.34439,0.45678,0.01814,0.81931,51.91028
75.450,"PI",0.61657,-1.42247,-0.42357,-1.19126,1.06407,0.24407,0.09469,0.21661,0.16645,0.45000,-0.02682,"WALKING",0.29562,0.18907,0.24416,1.93913,2.50420,1.93913,2.50420,-0.00745,-0.01474,0.32101,0.42305,0.00515,0.74921,51.98799
75.550,"PI",0.66627,-1.40067,-0.40341,-1.19749,1.07567,0.25567,0.10173,0.21732,0.16913,0.45000,0.03328,"WALKING",0.29698,0.18933,0.24532,1.94188,2.51607,1.94188,2.51607,0.00692,0.01983,0.32843,0.43421,0.00926,0.77189,52.06206
75.650,"PI",0.70659,-1.38146,-0.38258,-1.20353,1.10078,0.28078,0.11650,0.22507,0.18442,0.45000,0.11804,"WALKING",0.29827,0.19455,0.25559,1.99538,2.62147,1.99538,2.62147,0.03186,0.05963,0.43942,0.58715,0.02172,1.04829,52.16135
75.750,"PI",0.71885,-1.37439,-0.36097,-1.20935,1.09762,0.27762,0.11289,0.23018,0.18893,0.45000,0.05516,"WALKING",0.29950,0.19892,0.26145,2.04016,2.68154,2.04016,2.68154,0.01562,0.01466,0.35190,0.47285,0.00077,0.82551,52.25238
75.850,"PI",0.72411,-1.37085,-0.33925,-1.21477,1.08162,0.26162,0.10127,0.22872,0.18056,0.45000,-0.03176,"WALKING",0.30066,0.19884,0.25860,2.03934,2.65233,2.03934,2.65233,-0.00547,-0.02647,0.35440,0.47068,0.01608,0.84115,52.33073
75.950,"PI",0.75061,-1.35652,-0.31780,-1.21973,1.07590,0.25590,0.09680,0.22504,0.17152,0.45000,-0.03784,"WALKING",0.30176,0.19666,0.25343,2.01700,2.59928,2.01700,2.59928,-0.01034,-0.01992,0.34760,0.45703,0.00697,0.81161,52.41531
76.050,"PI",0.78844,-1.33527,-0.29645,-1.22428,1.07843,0.25843,0.09813,0.22363,0.16915,0.45000,-0.01308,"WALKING",0.30280,0.19564,0.25162,2.00654,2.58077,2.00654,2.58077,-0.00379,-0.00633,0.31397,0.41271,0.00182,0.72851,52.48994
76.150,"PI",0.83130,-1.30985,-0.27464,-1.22854,1.11366,0.29366,0.11993,0.23076,0.18651,0.45000,0.13534,"WALKING",0.30377,0.19989,0.26162,2.05017,2.68333,2.05017,2.68333,0.03435,0.07600,0.48250,0.64171,0.03295,1.15717,52.58974
76.250,"PI",0.84149,-1.30255,-0.25210,-1.23249,1.10444,0.28444,0.11298,0.23492,0.18916,0.45000,0.04635,"WALKING",0.30467,0.20362,0.26623,2.08839,2.73057,2.08839,2.73057,0.01266,0.01287,0.35305,0.47213,0.00018,0.82536,52.67885
76.350,"PI",0.86351,-1.28792,-0.22935,-1.23604,1.11455,0.29455,0.11808,0.23723,0.19274,0.45000,0.08099,"WALKING",0.30550,0.20533,0.26913,2.10593,2.76027,2.10593,2.76027,0.01708,0.04166,0.41109,0.54966,0.02010,0.98084,52.76688
76.450,"PI",0.87988,-1.27647,-0.20665,-1.23916,1.08623,0.26623,0.09905,0.23361,0.17870,0.45000,-0.05552,"WALKING",0.30626,0.20404,0.26319,2.09271,2.69936,2.09271,2.69936,-0.01210,-0.03350,0.38677,0.50872,0.01622,0.91171,52.85550
76.550,"PI",0.90665,-1.25765,-0.18421,-1.24184,1.08822,0.26822,0.10005,0.23110,0.17431,0.45000,-0.02596,"WALKING",0.30696,0.20226,0.25995,2.07443,2.66618,2.07443,2.66618,-0.00737,-0.01285,0.34187,0.44886,0.00406,0.79479,52.93737
76.650,"PI",0.95446,-1.22290,-0.16168,-1.24413,1.10712,0.28712,0.11207,0.23340,0.18166,0.45000,0.06472,"WALKING",0.30758,0.20333,0.26346,2.08546,2.70218,2.08546,2.70218,0.01443,0.03925,0.39856,0.52642,0.01913,0.94410,53.02154
76.750,"PI",0.98028,-1.20241,-0.13839,-1.24605,1.12931,0.30931,0.12491,0.24166,0.19736,0.45000,0.12810,"WALKING",0.30813,0.20899,0.27432,2.14354,2.81355,2.14354,2.81355,0.03371,0.06414,0.48467,0.64748,0.02547,1.15762,53.13074
76.850,"PI",0.99138,-1.19251,-0.11462,-1.24754,1.11739,0.29739,0.11617,0.24399,0.19653,0.45000,0.03496,"WALKING",0.30861,0.21147,0.27652,2.16887,2.83607,2.16887,2.83607,0.00806,0.00710,0.35007,0.46912,0.00080,0.81998,53.21607
76.950,"PI",1.00208,-1.18296,-0.09104,-1.24857,1.09491,0.27491,0.10076,0.24026,0.18348,0.45000,-0.06794,"WALKING",0.30903,0.20989,0.27063,2.15277,2.77566,2.15277,2.77566,-0.01355,-0.04114,0.41399,0.54415,0.02148,0.97962,53.30779
77.050,"PI",1.02548,-1.16274,-0.06785,-1.24917,1.09587,0.27587,0.10118,0.23693,0.17756,0.45000,-0.03728,"WALKING",0.30936,0.20754,0.26631,2.12862,2.73143,2.12862,2.73143,-0.01019,-0.01772,0.36434,0.47740,0.00567,0.84741,53.39540
77.150,"PI",1.07584,-1.11796,-0.04483,-1.24935,1.09764,0.27764,0.10243,0.23550,0.17583,0.45000,-0.01574,"WALKING",0.30963,0.20640,0.26460,2.11695,2.71388,2.11695,2.71388,-0.00461,-0.00632,0.33400,0.43790,0.00128,0.77318,53.47430
77.250,"PI",1.09517,-1.09880,-0.02116,-1.24910,1.12721,0.30721,0.12087,0.24386,0.19436,0.45000,0.09081,"WALKING",0.30983,0.21170,0.27603,2.17123,2.83107,2.17123,2.83107,0.02666,0.04155,0.44081,0.58597,0.01227,1.03905,53.58556
77.350,"PI",1.11819,-1.07547,0.00282,-1.24838,1.10979,0.28979,0.10884,0.24485,0.19073,0.45000,-0.02063,"WALKING",0.30995,0.21328,0.27641,2.18750,2.83500,2.18750,2.83500,-0.00179,-0.02292,0.36969,0.49014,0.01709,0.87692,53.67699
77.450,"PI",1.11751,-1.07470,0.02696,-1.24718,1.11742,0.29742,0.11285,0.24682,0.19414,0.45000,0.00271,"WALKING",0.31000,0.21469,0.27895,2.20200,2.86107,2.20200,2.86107,0.00268,-0.00951,0.34146,0.45498,0.01004,0.80649,53.76627
77.550,"PI",1.13637,-1.05462,0.05071,-1.24556,1.10177,0.28177,0.10227,0.24255,0.18249,0.45000,-0.05432,"WALKING",0.30998,0.21235,0.27275,2.17795,2.79746,2.17795,2.79746,-0.01361,-0.02807,0.39694,0.52025,0.01119,0.92839,53.86080
77.650,"PI",1.16595,-1.02232,0.07413,-1.24353,1.10296,0.28296,0.10319,0.24012,0.17889,0.45000,-0.02837,"WALKING",0.30988,0.21052,0.26973,2.15916,2.76647,2.15916,2.76647,-0.00790,-0.01234,0.35697,0.46745,0.00337,0.82779,53.94570
77.750,"PI",1.20386,-0.97899,0.09773,-1.24105,1.12519,0.30519,0.11765,0.24400,0.19007,0.45000,0.06986,"WALKING",0.30971,0.21254,0.27545,2.17991,2.82516,2.17991,2.82516,0.01709,0.03983,0.42338,0.55964,0.01833,1.00135,54.03823
77.850,"PI",1.21757,-0.96127,0.12192,-1.23803,1.13585,0.31585,0.12359,0.25066,0.20158,0.45000,0.07824,"WALKING",0.30947,0.21730,0.28402,2.22872,2.91307,2.22872,2.91307,0.02162,0.03281,0.42916,0.57290,0.00956,1.01162,54.14507
77.950,"PI",1.22182,-0.95462,0.14624,-1.23450,1.12311,0.30311,0.11455,0.25094,0.19796,0.45000,-0.00285,"WALKING",0.30916,0.21818,0.28370,2.23770,2.90977,2.23770,2.90977,-0.00046,-0.01085,0.35533,0.47378,0.00872,0.83783,54.22975
78.050,"PI",1.23584,-0.93609,0.17012,-1.23056,1.10536,0.28536,0.10257,0.24625,0.18508,0.45000,-0.06849,"WALKING",0.30878,0.21562,0.27688,2.21146,2.83977,2.21146,2.83977,-0.01577,-0.03608,0.42113,0.55149,0.01595,0.98856,54.32781
78.150,"PI",1.25423,-0.91131,0.19355,-1.22626,1.10603,0.28603,0.10329,0.24306,0.18023,0.45000,-0.03903,"WALKING",0.30832,0.21323,0.27289,2.18699,2.79886,2.18699,2.79886,-0.01056,-0.01682,0.37418,0.48915,0.00479,0.86812,54.41712
78.250,"PI",1.29474,-0.85511,0.21683,-1.22155,1.12159,0.30159,0.11393,0.24399,0.18599,0.45000,0.04431,"WALKING",0.30780,0.21321,0.27478,2.18680,2.81821,2.18680,2.81821,0.00772,0.03070,0.39308,0.51725,0.01812,0.92845,54.50508
78.350,"PI",1.30265,-0.84185,0.24064,-1.21625,1.13386,0.31386,0.12137,0.25054,0.19853,0.45000,0.06460,"WALKING",0.30720,0.21768,0.28340,2.23265,2.90665,2.23265,2.90665,0.01887,0.02648,0.41407,0.55083,0.00640,0.97130,54.61159
78.450,"PI",1.32451,-0.80775,0.26446,-1.21046,1.12265,0.30265,0.11362,0.25028,0.19519,0.45000,-0.00249,"WALKING",0.30653,0.21798,0.28258,2.23566,2.89830,2.23566,2.89830,-0.00137,-0.00720,0.35018,0.46550,0.00483,0.82051,54.69263
78.550,"PI",1.32245,-0.80913,0.28814,-1.20420,1.11455,0.29455,0.10773,0.25000,0.19173,0.45000,-0.04814,"WALKING",0.30579,0.21827,0.28173,2.23865,2.88954,2.23865,2.88954,-0.00611,-0.03358,0.40533,0.53446,0.02234,0.96213,54.78762
78.650,"PI",1.33813,-0.78292,0.31139,-1.19757,1.10723,0.28723,0.10301,0.24554,0.18240,0.45000,-0.05437,"WALKING",0.30499,0.21535,0.27572,2.20870,2.82793,2.20870,2.82793,-0.01442,-0.02477,0.39865,0.52093,0.00801,0.92758,54.88383
78.750,"PI",1.36417,-0.73788,0.33431,-1.19060,1.11094,0.29094,0.10616,0.24359,0.18115,0.45000,-0.01683,"WALKING",0.30411,0.21361,0.27357,2.19084,2.80583,2.19084,2.80583,-0.00651,-0.00426,0.34636,0.45394,0.00172,0.80203,54.96790
78.850,"PI",1.38915,-0.69179,0.35739,-1.18309,1.13373,0.31373,0.12129,0.24863,0.19485,0.45000,0.07647,"WALKING",0.30317,0.21638,0.28088,2.21930,2.88080,2.21930,2.88080,0.01921,0.04227,0.43949,0.58193,0.01906,1.04048,55.06740
78.950,"PI",1.39494,-0.67845,0.38081,-1.17496,1.13310,0.31310,0.12031,0.25322,0.20146,0.45000,0.03500,"WALKING",0.30216,0.21988,0.28656,2.25517,2.93909,2.25517,2.93909,0.01052,0.00747,0.37016,0.49448,0.00261,0.86725,55.16674
79.050,"PI",1.39522,-0.67596,0.40407,-1.16637,1.11807,0.29807,0.11002,0.25144,0.19449,0.45000,-0.04102,"WALKING",0.30109,0.21925,0.28362,2.24870,2.90896,2.24870,2.90896,-0.00780,-0.02727,0.39914,0.52786,0.01606,0.94305,55.25394
79.150,"PI",1.40807,-0.64878,0.42665,-1.15756,1.10559,0.28559,0.10196,0.24595,0.18232,0.45000,-0.06803,"WALKING",0.29994,0.21577,0.27612,2.21307,2.83201,2.21307,2.83201,-0.01787,-0.03085,0.41603,0.54290,0.01003,0.96896,55.35498
79.250,"PI",1.42033,-0.62147,0.44873,-1.14849,1.10537,0.28537,0.10259,0.24277,0.17828,0.45000,-0.04222,"WALKING",0.29874,0.21327,0.27228,2.18737,2.79262,2.18737,2.79262,-0.01143,-0.01663,0.37543,0.48945,0.00393,0.86881,55.44401
79.350,"PI",1.44534,-0.56375,0.47074,-1.13896,1.13877,0.31877,0.12525,0.24680,0.19343,0.45000,0.12130,"WALKING",0.29747,0.21478,0.27881,2.20292,2.85958,2.20292,2.85958,0.02476,0.07898,0.50903,0.67203,0.04449,1.22555,55.54711
79.450,"PI",1.44651,-0.55841,0.49304,-1.12877,1.13090,0.31090,0.11997,0.25053,0.19810,0.45000,0.04602,"WALKING",0.29614,0.21774,0.28331,2.23325,2.90577,2.23325,2.90577,0.01106,0.01877,0.38701,0.51528,0.00648,0.90877,55.64109
79.550,"PI",1.45984,-0.52328,0.51514,-1.11814,1.13471,0.31471,0.12223,0.25075,0.19903,0.45000,0.06399,"WALKING",0.29475,0.21781,0.28369,2.23391,2.90959,2.23391,2.90959,0.00860,0.03931,0.41880,0.55727,0.02592,1.00200,55.73971
79.650,"PI",1.46363,-0.51123,0.53687,-1.10717,1.10383,0.28383,0.10187,0.24646,0.18480,0.45000,-0.07922,"WALKING",0.29329,0.21588,0.27705,2.21415,2.84152,2.21415,2.84152,-0.01655,-0.04314,0.43531,0.56934,0.02085,1.02549,55.83642
79.750,"PI",1.47302,-0.48351,0.55793,-1.09606,1.10148,0.28148,0.10099,0.24206,0.17791,0.45000,-0.05660,"WALKING",0.29178,0.21262,0.27151,2.18069,2.78467,2.18069,2.78467,-0.01525,-0.02411,0.39351,0.51259,0.00668,0.91278,55.93059
79.850,"PI",1.49029,-0.43020,0.57864,-1.08465,1.11301,0.29301,0.10973,0.24136,0.18137,0.45000,0.01660,"WALKING",0.29021,0.21134,0.27138,2.16764,2.78335,2.16764,2.78335,-0.00064,0.01676,0.35149,0.46161,0.01338,0.82647,56.01541
79.950,"PI",1.50089,-0.39322,0.59951,-1.07264,1.13340,0.31340,0.12329,0.24710,0.19598,0.45000,0.09086,"WALKING",0.28858,0.21467,0.27953,2.20169,2.86702,2.20169,2.86702,0.02217,0.05037,0.45488,0.60379,0.02344,1.08211,56.11713
80.050,"PI",1.50353,-0.38045,0.62047,-1.06004,1.12303,0.30303,0.11626,0.24888,0.19675,0.45000,0.01416,"WALKING",0.28690,0.21632,0.28144,2.21864,2.88658,2.21864,2.88658,0.00296,-0.00027,0.33705,0.45009,0.00270,0.78984,56.20243
80.150,"PI",1.50491,-0.37259,0.64096,-1.04717,1.10145,0.28145,0.10187,0.24481,0.18475,0.45000,-0.07786,"WALKING",0.28517,0.21423,0.27538,2.19722,2.82442,2.19722,2.82442,-0.01580,-0.04256,0.42946,0.56268,0.02097,1.01312,56.29728
80.250,"PI",1.51149,-0.34493,0.66077,-1.03422,1.09547,0.27547,0.09864,0.23956,0.17548,0.45000,-0.06853,"WALKING",0.28338,0.21052,0.26860,2.15920,2.75492,2.15920,2.75492,-0.01800,-0.02924,0.40271,0.52366,0.00837,0.93474,56.39412
80.350,"PI",1.52273,-0.29480,0.68004,-1.02115,1.09442,0.27442,0.09918,0.23631,0.17197,0.45000,-0.04578,"WALKING",0.28154,0.20785,0.26477,2.13179,2.71561,2.13179,2.71561,-0.01249,-0.01703,0.36761,0.47780,0.00331,0.84872,56.48085
80.450,"PI",1.52979,-0.25787,0.69932,-1.00757,1.12339,0.30339,0.11942,0.24158,0.18910,0.45000,0.08211,"WALKING",0.27965,0.21029,0.27288,2.15677,2.79874,2.15677,2.79874,0.01957,0.04842,0.43732,0.57826,0.02314,1.03872,56.57859
80.550,"PI",1.53238,-0.23966,0.71855,-0.99347,1.10771,0.28771,0.10917,0.24230,0.18767,0.45000,-0.01461,"WALKING",0.27771,0.21124,0.27336,2.16653,2.80366,2.16653,2.80366,-0.00229,-0.01381,0.35124,0.46525,0.00917,0.82567,56.66399
80.650,"PI",1.53372,-0.22761,0.73747,-0.97905,1.11346,0.29346,0.11317,0.24237,0.18995,0.45000,0.01486,"WALKING",0.27573,0.21094,0.27381,2.16347,2.80831,2.16347,2.80831,0.00098,0.00783,0.33835,0.45006,0.00552,0.79393,56.74275
80.750,"PI",1.53635,-0.20786,0.75582,-0.96452,1.08789,0.26789,0.09635,0.23688,0.17504,0.45000,-0.08542,"WALKING",0.27370,0.20792,0.26585,2.13247,2.72670,2.13247,2.72670,-0.01951,-0.04102,0.41960,0.54625,0.01597,0.98182,56.84027
80.850,"PI",1.54068,-0.17422,0.77354,-0.94999,1.08636,0.26636,0.09652,0.23268,0.16944,0.45000,-0.05792,"WALKING",0.27163,0.20464,0.26072,2.09887,2.67409,2.09887,2.67409,-0.01534,-0.02294,0.37593,0.48819,0.00546,0.86958,56.92957
80.950,"PI",1.54680,-0.11989,0.79097,-0.93519,1.10324,0.28324,0.10929,0.23354,0.17740,0.45000,0.03451,"WALKING",0.26952,0.20418,0.26290,2.09418,2.69642,2.09418,2.69642,0.00475,0.02729,0.36479,0.47944,0.01697,0.86120,57.01141
81.050,"PI",1.54840,-0.09552,0.80845,-0.91978,1.11715,0.29715,0.11880,0.23896,0.19051,0.45000,0.07394,"WALKING",0.26736,0.20743,0.27049,2.12748,2.77424,2.12748,2.77424,0.01830,0.03911,0.41335,0.54977,0.01681,0.97994,57.10817
81.150,"PI",1.54818,-0.08785,0.82576,-0.90394,1.10199,0.28199,0.10875,0.23852,0.18702,0.45000,-0.01254,"WALKING",0.26517,0.20757,0.26947,2.12892,2.76382,2.12892,2.76382,-0.00340,-0.01092,0.34169,0.45412,0.00596,0.80177,57.18663
81.250,"PI",1.54857,-0.07423,0.84244,-0.88810,1.07851,0.25851,0.09313,0.23272,0.17191,0.45000,-0.09923,"WALKING",0.26295,0.20426,0.26117,2.09502,2.67862,2.09502,2.67862,-0.02130,-0.04985,0.42921,0.55816,0.02082,1.00819,57.28366
81.350,"PI",1.54960,-0.04806,0.85847,-0.87237,1.07656,0.25656,0.09310,0.22774,0.16493,0.45000,-0.06798,"WALKING",0.26068,0.20045,0.25504,2.05589,2.61579,2.05589,2.61579,-0.01790,-0.02750,0.37920,0.49126,0.00672,0.87717,57.37406
81.450,"PI",1.55165,0.01940,0.87398,-0.85663,1.07876,0.25876,0.09621,0.22506,0.16392,0.45000,-0.03085,"WALKING",0.25839,0.19794,0.25219,2.03011,2.58658,2.03011,2.58658,-0.01056,-0.00767,0.33087,0.43020,0.00201,0.76308,57.45402
81.550,"PI",1.55093,0.03490,0.88947,-0.84036,1.09933,0.27933,0.11097,0.23103,0.18051,0.45000,0.04389,"WALKING",0.25606,0.20115,0.26090,2.06311,2.67593,2.06311,2.67593,0.01345,0.01913,0.35987,0.47660,0.00435,0.84082,57.55005
81.650,"PI",1.55017,0.07123,0.90470,-0.82377,1.07680,0.25680,0.09587,0.22910,0.17294,0.45000,-0.07026,"WALKING",0.25371,0.20048,0.25772,2.05622,2.64332,2.05622,2.64332,-0.01182,-0.04222,0.39320,0.51478,0.02230,0.93028,57.63534
81.750,"PI",1.54939,0.05475,0.91965,-0.80690,1.07892,0.25892,0.09769,0.22926,0.17443,0.45000,-0.05926,"WALKING",0.25132,0.20040,0.25813,2.05534,2.64752,2.05534,2.64752,-0.00757,-0.03893,0.38086,0.50000,0.02320,0.90406,57.72710
81.850,"PI",1.54831,0.07935,0.93394,-0.79023,1.06574,0.24574,0.08960,0.22298,0.16189,0.45000,-0.08273,"WALKING",0.24892,0.19618,0.24977,2.01213,2.56174,2.01213,2.56174,-0.02183,-0.03615,0.39044,0.50554,0.00983,0.90581,57.82116
81.950,"PI",1.54604,0.12146,0.94771,-0.77362,1.06368,0.24368,0.08974,0.21883,0.15712,0.45000,-0.05842,"WALKING",0.24649,0.19282,0.24483,1.97769,2.51110,1.97769,2.51110,-0.01593,-0.02242,0.35291,0.45613,0.00433,0.81336,57.90447
82.050,"PI",1.54233,0.17167,0.96123,-0.75678,1.08425,0.26425,0.10537,0.22131,0.16934,0.45000,0.04242,"WALKING",0.24403,0.19329,0.24934,1.98244,2.55733,1.98244,2.55733,0.00828,0.02920,0.35246,0.46349,0.01502,0.83097,57.98293
82.150,"PI",1.54047,0.18266,0.97471,-0.73937,1.08720,0.26720,0.10770,0.22541,0.17826,0.45000,0.02806,"WALKING",0.24156,0.19591,0.25491,2.00928,2.61447,2.00928,2.61447,0.00808,0.00888,0.32522,0.43266,0.00060,0.75848,58.06875
82.250,"PI",1.53989,0.18046,0.98786,-0.72173,1.07144,0.25144,0.09720,0.22327,0.17182,0.45000,-0.04703,"WALKING",0.23907,0.19483,0.25171,1.99829,2.58161,1.99829,2.58161,-0.00971,-0.02731,0.35474,0.46733,0.01283,0.83490,58.14665
82.350,"PI",1.53736,0.20025,1.00036,-0.70439,1.05326,0.23326,0.08541,0.21660,0.15697,0.45000,-0.09527,"WALKING",0.23657,0.19062,0.24258,1.95504,2.48795,1.95504,2.48795,-0.02324,-0.04331,0.39183,0.50659,0.01336,0.91178,58.23961
82.450,"PI",1.53414,0.22356,1.01229,-0.68730,1.05087,0.23087,0.08539,0.21182,0.15093,0.45000,-0.06728,"WALKING",0.23405,0.18685,0.23680,1.91637,2.42876,1.91637,2.42876,-0.01786,-0.02617,0.34979,0.45078,0.00532,0.80588,58.32245
82.550,"PI",1.52561,0.28239,1.02387,-0.67016,1.07129,0.25129,0.10148,0.21233,0.16010,0.45000,0.05002,"WALKING",0.23152,0.18584,0.23883,1.90602,2.44955,1.90602,2.44955,0.00517,0.04180,0.35218,0.46060,0.02487,0.83766,58.40291
82.650,"PI",1.52418,0.28605,1.03540,-0.65246,1.07236,0.25236,0.10291,0.21592,0.16866,0.45000,0.02997,"WALKING",0.22899,0.18800,0.24383,1.92822,2.50082,1.92822,2.50082,0.00744,0.01354,0.31723,0.42002,0.00436,0.74162,58.48293
82.750,"PI",1.51830,0.31733,1.04657,-0.63467,1.06507,0.24507,0.09858,0.21425,0.16592,0.45000,-0.00009,"WALKING",0.22644,0.18680,0.24171,1.91585,2.47912,1.91585,2.47912,-0.00543,0.00301,0.28716,0.37997,0.00594,0.67307,58.55561
82.850,"PI",1.51826,0.31377,1.05735,-0.61688,1.04480,0.22480,0.08506,0.21074,0.15620,0.45000,-0.08671,"WALKING",0.22389,0.18489,0.23659,1.89631,2.42658,1.89631,2.42658,-0.01567,-0.04651,0.37290,0.48490,0.02043,0.87823,58.63416
82.950,"PI",1.51360,0.33555,1.06757,-0.59945,1.03722,0.21722,0.08111,0.20489,0.14623,0.45000,-0.08004,"WALKING",0.22134,0.18069,0.22909,1.85326,2.34968,1.85326,2.34968,-0.02076,-0.03301,0.35174,0.45295,0.00760,0.81229,58.71832
83.050,"PI",1.50368,0.38033,1.07731,-0.58220,1.04192,0.22192,0.08644,0.20201,0.14598,0.45000,-0.02679,"WALKING",0.21878,0.17785,0.22617,1.82407,2.31965,1.82407,2.31965,-0.01118,-0.00362,0.29013,0.37585,0.00468,0.67066,58.79036
83.150,"PI",1.49446,0.41766,1.08688,-0.56463,1.06141,0.24141,0.10127,0.20580,0.15999,0.45000,0.05899,"WALKING",0.21623,0.17932,0.23227,1.83916,2.38230,1.83916,2.38230,0.01285,0.03805,0.34475,0.45433,0.01710,0.81618,58.86740
83.250,"PI",1.49227,0.42300,1.09633,-0.54660,1.05442,0.23442,0.09686,0.20777,0.16336,0.45000,0.00311,"WALKING",0.21368,0.18074,0.23481,1.85369,2.40827,1.85369,2.40827,0.00116,-0.00395,0.27770,0.36879,0.00354,0.65003,58.93960
83.350,"PI",1.49253,0.41944,1.10538,-0.52866,1.03442,0.21442,0.08341,0.20376,0.15259,0.45000,-0.07924,"WALKING",0.21113,0.17851,0.22902,1.83086,2.34889,1.83086,2.34889,-0.01612,-0.04202,0.35352,0.46084,0.01676,0.83112,59.01718
83.450,"PI",1.48671,0.43961,1.11389,-0.51114,1.02262,0.20262,0.07636,0.19707,0.13985,0.45000,-0.09015,"WALKING",0.20859,0.17392,0.22021,1.78383,2.25861,1.78383,2.25861,-0.02334,-0.03817,0.34865,0.44788,0.00880,0.80532,59.10108
83.550,"PI",1.47799,0.46888,1.12194,-0.49397,1.01994,0.19994,0.07643,0.19256,0.13477,0.45000,-0.06530,"WALKING",0.20606,0.17025,0.21486,1.74619,2.20373,1.74619,2.20373,-0.01753,-0.02448,0.31418,0.40255,0.00398,0.72071,59.17499
83.650,"PI",1.46507,0.51024,1.12977,-0.47663,1.05009,0.23009,0.09950,0.19581,0.15128,0.45000,0.08653,"WALKING",0.20355,0.17077,0.22085,1.75152,2.26508,1.75152,2.26508,0.01578,0.06184,0.36411,0.47785,0.02956,0.87151,59.24979
83.750,"PI",1.46454,0.50951,1.13745,-0.45891,1.03708,0.21708,0.09121,0.19697,0.15275,0.45000,0.00295,"WALKING",0.20104,0.17169,0.22225,1.76094,2.27952,1.76094,2.27952,-0.00046,-0.00095,0.26092,0.34485,0.00032,0.60608,59.31435
83.850,"PI",1.45792,0.52813,1.14480,-0.44125,1.04234,0.22234,0.09571,0.19624,0.15440,0.45000,0.03940,"WALKING",0.19855,0.17069,0.22180,1.75065,2.27482,1.75065,2.27482,0.00164,0.03080,0.30190,0.39945,0.01910,0.72044,59.38821
83.950,"PI",1.45488,0.53563,1.15173,-0.42386,1.00770,0.18770,0.07208,0.18991,0.13627,0.45000,-0.10555,"WALKING",0.19608,0.16736,0.21247,1.71653,2.17916,1.71653,2.17916,-0.02334,-0.05190,0.35328,0.45454,0.01651,0.82432,59.46844
84.050,"PI",1.44786,0.55435,1.15822,-0.40695,1.00487,0.18487,0.07193,0.18449,0.12911,0.45000,-0.07529,"WALKING",0.19363,0.16313,0.20586,1.67309,2.11138,1.67309,2.11138,-0.02012,-0.03004,0.31098,0.39800,0.00543,0.71441,59.54215
84.150,"PI",1.43084,0.59920,1.16439,-0.39022,1.01821,0.19821,0.08361,0.18334,0.13450,0.45000,0.01377,"WALKING",0.19119,0.16108,0.20560,1.65207,2.10868,1.65207,2.10868,-0.00374,0.02048,0.26357,0.34220,0.01382,0.61958,59.60691
84.250,"PI",1.42189,0.62056,1.17045,-0.37304,1.03619,0.21619,0.09709,0.18839,0.14999,0.45000,0.08122,"WALKING",0.18879,0.16356,0.21321,1.67758,2.18677,1.67758,2.18677,0.01815,0.04972,0.33516,0.44357,0.02008,0.79881,59.68091
84.350,"PI",1.42014,0.62307,1.17630,-0.35564,1.02015,0.20015,0.08621,0.18810,0.14733,0.45000,-0.01023,"WALKING",0.18640,0.16371,0.21248,1.67910,2.17926,1.67910,2.17926,-0.00337,-0.00822,0.26138,0.34577,0.00303,0.61018,59.74109
84.450,"PI",1.41934,0.62374,1.18178,-0.33856,0.99429,0.17429,0.06821,0.18211,0.13116,0.45000,-0.10885,"WALKING",0.18405,0.16040,0.20382,1.64513,2.09041,1.64513,2.09041,-0.02222,-0.05602,0.34175,0.43983,0.01880,0.80038,59.81666
84.550,"PI",1.41188,0.64044,1.18684,-0.32204,0.98975,0.16975,0.06659,0.17605,0.12176,0.45000,-0.08322,"WALKING",0.18172,0.15590,0.19620,1.59892,2.01230,1.59892,2.01230,-0.02166,-0.03424,0.30368,0.38718,0.00650,0.69736,59.88895
84.650,"PI",1.39094,0.68710,1.19159,-0.30587,0.98717,0.16717,0.06677,0.17192,0.11755,0.45000,-0.06074,"WALKING",0.17942,0.15246,0.19137,1.56374,1.96279,1.56374,1.96279,-0.01645,-0.02216,0.27548,0.35047,0.00285,0.62880,59.95331
84.750,"PI",1.38312,0.70266,1.19620,-0.28936,1.01296,0.19296,0.08692,0.17701,0.13616,0.45000,0.05176,"WALKING",0.17716,0.15448,0.19955,1.58438,2.04664,1.58438,2.04664,0.01291,0.03049,0.28525,0.37415,0.01015,0.66955,60.02310
84.850,"PI",1.37551,0.71735,1.20062,-0.27274,0.99258,0.17258,0.07309,0.17578,0.13110,0.45000,-0.05481,"WALKING",0.17493,0.15408,0.19748,1.58033,2.02541,1.58033,2.02541,-0.00950,-0.03311,0.28351,0.36877,0.01313,0.66541,60.08597
84.950,"PI",1.37917,0.70835,1.20479,-0.25612,0.99639,0.17639,0.07677,0.17515,0.13315,0.45000,-0.02904,"WALKING",0.17274,0.15312,0.19719,1.57041,2.02243,1.57041,2.02243,-0.00585,-0.01671,0.25694,0.33638,0.00613,0.59945,60.14449
85.050,"PI",1.37324,0.71956,1.20864,-0.23998,0.97496,0.15496,0.06236,0.16857,0.11774,0.45000,-0.09618,"WALKING",0.17058,0.14909,0.18806,1.52910,1.92883,1.52910,1.92883,-0.02325,-0.04381,0.30317,0.38705,0.01027,0.70050,60.21568
85.150,"PI",1.36017,0.74455,1.21220,-0.22432,0.97224,0.15224,0.06241,0.16370,0.11178,0.45000,-0.06915,"WALKING",0.16847,0.14520,0.18220,1.48922,1.86871,1.48922,1.86871,-0.01854,-0.02671,0.26944,0.34236,0.00387,0.61567,60.27904
85.250,"PI",1.33958,0.78296,1.21556,-0.20869,0.99006,0.17006,0.07745,0.16465,0.12215,0.45000,0.02872,"WALKING",0.16639,0.14443,0.18486,1.48138,1.89605,1.48138,1.89605,0.00277,0.02607,0.24888,0.32326,0.01207,0.58421,60.33433
85.350,"PI",1.33449,0.79101,1.21880,-0.19264,0.99862,0.17862,0.08434,0.16907,0.13421,0.45000,0.04613,"WALKING",0.16436,0.14686,0.19128,1.50625,1.96186,1.50625,1.96186,0.01131,0.02435,0.26134,0.34576,0.00742,0.61452,60.39846
85.450,"PI",1.33675,0.78570,1.22183,-0.17652,0.98235,0.16235,0.07318,0.16743,0.12892,0.45000,-0.03558,"WALKING",0.16238,0.14610,0.18877,1.49844,1.93611,1.49844,1.93611,-0.00790,-0.02091,0.25187,0.33052,0.00712,0.58950,60.45418
85.550,"PI",1.33291,0.79178,1.22457,-0.16092,0.96024,0.14024,0.05798,0.16069,0.11257,0.45000,-0.10608,"WALKING",0.16044,0.14206,0.17932,1.45699,1.83915,1.45699,1.83915,-0.02395,-0.05120,0.29749,0.37973,0.01301,0.69024,60.52252
85.650,"PI",1.32469,0.80545,1.22704,-0.14589,0.95754,0.13754,0.05795,0.15530,0.10537,0.45000,-0.07508,"WALKING",0.15855,0.13786,0.17274,1.41394,1.77166,1.41394,1.77166,-0.01992,-0.02982,0.26015,0.32978,0.00442,0.59435,60.58396
85.750,"PI",1.29642,0.85262,1.22930,-0.13116,0.96722,0.14722,0.06736,0.15348,0.10899,0.45000,-0.00193,"WALKING",0.15671,0.13545,0.17152,1.38918,1.75919,1.38918,1.75919,-0.00745,0.01133,0.20543,0.26405,0.00868,0.47815,60.63604
85.850,"PI",1.29508,0.85358,1.23145,-0.11597,0.97925,0.15925,0.07722,0.15832,0.12329,0.45000,0.03354,"WALKING",0.15491,0.13792,0.17872,1.41452,1.83306,1.41452,1.83306,0.00969,0.01612,0.23372,0.30747,0.00336,0.54455,60.69719
85.950,"PI",1.28123,0.87496,1.23341,-0.10082,0.96274,0.14274,0.06590,0.15621,0.11739,0.45000,-0.04489,"WALKING",0.15318,0.13678,0.17564,1.40289,1.80143,1.40289,1.80143,-0.00976,-0.02471,0.24124,0.31407,0.00745,0.56276,60.75028
86.050,"PI",1.29144,0.85776,1.23517,-0.08576,0.95487,0.13487,0.06084,0.15456,0.11393,0.45000,-0.07569,"WALKING",0.15149,0.13571,0.17342,1.39185,1.77862,1.39185,1.77862,-0.01123,-0.04493,0.26292,0.34010,0.01629,0.61931,60.80825
86.150,"PI",1.28304,0.87028,1.23671,-0.07132,0.94392,0.12392,0.05411,0.14818,0.10163,0.45000,-0.08488,"WALKING",0.14986,0.13136,0.16500,1.34724,1.69226,1.34724,1.69226,-0.02218,-0.03629,0.25656,0.32577,0.00608,0.58842,60.86971
86.250,"PI",1.26313,0.89992,1.23805,-0.05732,0.94392,0.12392,0.05617,0.14429,0.09828,0.45000,-0.05049,"WALKING",0.14829,0.12803,0.16056,1.31310,1.64676,1.31310,1.64676,-0.01511,-0.01691,0.22256,0.28241,0.00075,0.50572,60.92256
86.350,"PI",1.24116,0.93166,1.23926,-0.04325,0.96488,0.14488,0.07326,0.14750,0.11286,0.45000,0.04831,"WALKING",0.14678,0.12882,0.16618,1.32124,1.70437,1.32124,1.70437,0.00967,0.03357,0.23563,0.30787,0.01144,0.55494,60.97522
86.450,"PI",1.24129,0.93032,1.24033,-0.02862,0.96339,0.14339,0.07256,0.15102,0.12040,0.45000,0.01312,"WALKING",0.14532,0.13109,0.17094,1.34452,1.75326,1.34452,1.75326,0.00469,-0.00041,0.19888,0.26364,0.00260,0.46513,61.03008
86.550,"PI",1.24914,0.91826,1.24123,-0.01414,0.94689,0.12689,0.06090,0.14820,0.11229,0.45000,-0.06032,"WALKING",0.14392,0.12961,0.16678,1.32934,1.71056,1.32934,1.71056,-0.01182,-0.03459,0.24044,0.31330,0.01084,0.56459,61.08234
86.650,"PI",1.24061,0.92976,1.24194,-0.00045,0.93126,0.11126,0.05032,0.14117,0.09691,0.45000,-0.09146,"WALKING",0.14259,0.12513,0.15720,1.28335,1.61236,1.28335,1.61236,-0.02362,-0.04031,0.24940,0.31652,0.00686,0.57279,61.14259
86.750,"PI",1.23204,0.94108,1.24249,0.01280,0.92928,0.10928,0.05065,0.13664,0.09139,0.45000,-0.06337,"WALKING",0.14132,0.12152,0.15177,1.24636,1.55661,1.24636,1.55661,-0.01702,-0.02442,0.21996,0.27761,0.00287,0.50044,61.19420
86.850,"PI",1.20322,0.97938,1.24292,0.02592,0.95878,0.13878,0.07442,0.13908,0.10662,0.45000,0.09218,"WALKING",0.14011,0.12143,0.15672,1.24548,1.60743,1.24548,1.60743,0.01388,0.07011,0.26135,0.34080,0.02543,0.62758,61.24942
86.950,"PI",1.20828,0.97183,1.24321,0.03951,0.95214,0.13214,0.07014,0.14216,0.11273,0.45000,0.03121,"WALKING",0.13897,0.12350,0.16081,1.26667,1.64936,1.26667,1.64936,0.00667,0.01457,0.20362,0.26893,0.00378,0.47633,61.29933
87.050,"PI",1.19449,0.98913,1.24336,0.05299,0.95239,0.13239,0.07084,0.14129,0.11259,0.45000,0.03862,"WALKING",0.13789,0.12266,0.15993,1.25804,1.64028,1.25804,1.64028,0.00082,0.02927,0.21091,0.27875,0.01358,0.50324,61.35134
87.150,"PI",1.19750,0.98466,1.24336,0.06626,0.92300,0.10300,0.04952,0.13657,0.09752,0.45000,-0.09129,"WALKING",0.13687,0.12043,0.15271,1.23518,1.56626,1.23518,1.56626,-0.01789,-0.04955,0.24308,0.31135,0.01309,0.56753,61.40430
87.250,"PI",1.18879,0.99516,1.24325,0.07893,0.91865,0.09865,0.04774,0.13118,0.08884,0.45000,-0.07136,"WALKING",0.13593,0.11648,0.14589,1.19468,1.49629,1.19468,1.49629,-0.01899,-0.02999,0.21753,0.27515,0.00414,0.49683,61.45595
87.350,"PI",1.16350,1.02578,1.24303,0.09130,0.92822,0.10822,0.05683,0.12945,0.09182,0.45000,-0.00054,"WALKING",0.13505,0.11426,0.14465,1.17188,1.48359,1.17188,1.48359,-0.00672,0.01051,0.17168,0.22013,0.00671,0.39852,61.49926
87.450,"PI",1.14731,1.04456,1.24268,0.10402,0.94848,0.12848,0.07263,0.13463,0.10834,0.45000,0.07947,"WALKING",0.13424,0.11670,0.15256,1.19694,1.56474,1.19694,1.56474,0.01796,0.04927,0.23509,0.31078,0.01439,0.56025,61.55141
87.550,"PI",1.14844,1.04237,1.24217,0.11708,0.93858,0.11858,0.06550,0.13632,0.11008,0.45000,0.00784,"WALKING",0.13350,0.11810,0.15454,1.21133,1.58505,1.21133,1.58505,0.00163,-0.00227,0.17476,0.23223,0.00182,0.40882,61.59624
87.650,"PI",1.15359,1.03575,1.24155,0.12984,0.91690,0.09690,0.04959,0.13197,0.09701,0.45000,-0.08237,"WALKING",0.13283,0.11592,0.14803,1.18890,1.51824,1.18890,1.51824,-0.01606,-0.04581,0.22845,0.29474,0.01224,0.53543,61.64638
87.750,"PI",1.14470,1.04558,1.24084,0.14199,0.90938,0.08938,0.04505,0.12608,0.08580,0.45000,-0.07669,"WALKING",0.13223,0.11188,0.14028,1.14749,1.43878,1.14749,1.43878,-0.02000,-0.03325,0.21245,0.26890,0.00482,0.48618,61.69724
87.850,"PI",1.12261,1.07005,1.24005,0.15371,0.90811,0.08811,0.04578,0.12240,0.08174,0.45000,-0.05158,"WALKING",0.13170,0.10887,0.13592,1.11660,1.39409,1.11660,1.39409,-0.01414,-0.01932,0.18919,0.23853,0.00180,0.42952,61.74141
87.950,"PI",1.10484,1.08908,1.23915,0.16566,0.93843,0.11843,0.06968,0.12751,0.10131,0.45000,0.08679,"WALKING",0.13124,0.11074,0.14427,1.13578,1.47973,1.13578,1.47973,0.01882,0.05667,0.23002,0.30273,0.01626,0.54901,61.79065
88.050,"PI",1.10396,1.08930,1.23809,0.17792,0.92353,0.10353,0.05900,0.12857,0.10099,0.45000,-0.00763,"WALKING",0.13085,0.11186,0.14529,1.14729,1.49013,1.14729,1.49013,-0.00094,-0.01006,0.17440,0.22958,0.00391,0.40789,61.83378
88.150,"PI",1.10275,1.09002,1.23692,0.19012,0.92989,0.10989,0.06395,0.12873,0.10389,0.45000,0.02559,"WALKING",0.13054,0.11153,0.14592,1.14394,1.49665,1.14394,1.49665,0.00208,0.01667,0.18082,0.23974,0.00643,0.42699,61.87577
88.250,"PI",1.09946,1.09305,1.23567,0.20193,0.90206,0.08206,0.04355,0.12308,0.08683,0.45000,-0.08749,"WALKING",0.13030,0.10871,0.13745,1.11500,1.40977,1.11500,1.40977,-0.01930,-0.04440,0.21536,0.27479,0.00924,0.49939,61.92538
88.350,"PI",1.08669,1.10591,1.23438,0.21325,0.90098,0.08098,0.04411,0.11877,0.08078,0.45000,-0.05738,"WALKING",0.13013,0.10540,0.13214,1.08104,1.35528,1.08104,1.35528,-0.01540,-0.02338,0.18746,0.23724,0.00274,0.42743,61.96961
88.450,"PI",1.05781,1.13483,1.23300,0.22447,0.91834,0.09834,0.05869,0.11968,0.08982,0.45000,0.03779,"WALKING",0.13003,0.10482,0.13455,1.07506,1.37999,1.07506,1.37999,0.00435,0.03148,0.18388,0.23857,0.01034,0.43279,62.01034
88.550,"PI",1.05025,1.14178,1.23144,0.23620,0.93496,0.11496,0.07104,0.12594,0.10607,0.45000,0.08768,"STOPPED",0.00000,0.10838,0.14349,1.11163,1.47172,1.11163,1.47172,0.02118,0.04915,0.22047,0.29506,0.01259,0.52812,62.06114
88.650,"PI",1.06297,1.12906,1.22974,0.24805,0.91357,0.09357,0.05484,0.12489,0.09899,0.45000,-0.02970,"STOPPED",0.00000,0.10850,0.14127,1.11286,1.44893,1.11286,1.44893,-0.00518,-0.02254,0.18353,0.24187,0.00729,0.43269,62.10224
88.750,"PI",1.07293,1.11910,1.22983,0.24747,0.88535,0.06535,0.03304,0.00000,0.00000,0.45000,-0.12589,"STOPPED",0.00000,0.00000,0.00000,0.00000,0.00000,0.00000,0.00000,0.00000,0.00000,0.00000,0.00000,0.00000,0.00000,62.10224
88.850,"PI",1.07293,1.11910,1.22992,0.24690,0.88593,0.06593,0.03302,0.00000,0.00000,0.45000,-0.07430,"STOPPED",0.00000,0.00000,0.00000,0.00000,0.00000,0.00000,0.00000,0.00000,0.00000,0.00000,0.00000,0.00000,0.00000,62.10224
88.950,"PI",1.04301,1.14902,1.23001,0.24632,0.88772,0.06772,0.03394,0.00000,0.00000,0.45000,-0.03762,"STOPPED",0.00000,0.00000,0.00000,0.00000,0.00000,0.00000,0.00000,0.00000,0.00000,0.00000,0.00000,0.00000,0.00000,62.10224
89.050,"PI",1.04984,1.14219,1.23010,0.24574,0.91415,0.09415,0.05340,0.00000,0.00000,0.45000,0.06035,"STOPPED",0.00000,0.00000,0.00000,0.00000,0.00000,0.00000,0.00000,0.00000,0.00000,0.00000,0.00000,0.00000,0.00000,62.10224
89.150,"PI",1.04464,1.14739,1.23018,0.24517,0.89407,0.07407,0.03792,0.00000,0.00000,0.45000,-0.05187,"STOPPED",0.00000,0.00000,0.00000,0.00000,0.00000,0.00000,0.00000,0.00000,0.00000,0.00000,0.00000,0.00000,0.00000,62.10224
89.250,"PI",1.07192,1.12011,1.23027,0.24459,0.90117,0.08117,0.04286,0.00000,0.00000,0.45000,-0.02649,"STOPPED",0.00000,0.00000,0.00000,0.00000,0.00000,0.00000,0.00000,0.00000,0.00000,0.00000,0.00000,0.00000,0.00000,62.10224
89.350,"PI",1.07293,1.11910,1.23035,0.24401,0.88885,0.06885,0.03292,0.00000,0.00000,0.45000,-0.05925,"STOPPED",0.00000,0.00000,0.00000,0.00000,0.00000,0.00000,0.00000,0.00000,0.00000,0.00000,0.00000,0.00000,0.00000,62.10224
89.450,"PI",1.06172,1.13031,1.23044,0.24343,0.88943,0.06943,0.03289,0.00000,0.00000,0.45000,-0.03376,"STOPPED",0.00000,0.00000,0.00000,0.00000,0.00000,0.00000,0.00000,0.00000,0.00000,0.00000,0.00000,0.00000,0.00000,62.10224
89.550,"PI",1.04329,1.14874,1.23053,0.24285,0.91257,0.09257,0.04994,0.00000,0.00000,0.45000,0.06837,"STOPPED",0.00000,0.00000,0.00000,0.00000,0.00000,0.00000,0.00000,0.00000,0.00000,0.00000,0.00000,0.00000,0.00000,62.10224
89.650,"PI",1.05152,1.14051,1.23062,0.24228,0.92035,0.10035,0.05512,0.00000,0.00000,0.45000,0.06372,"STOPPED",0.00000,0.00000,0.00000,0.00000,0.00000,0.00000,0.00000,0.00000,0.00000,0.00000,0.00000,0.00000,0.00000,62.10224
89.750,"PI",1.06930,1.12273,1.23070,0.24170,0.90781,0.08781,0.04547,0.00000,0.00000,0.45000,-0.01210,"STOPPED",0.00000,0.00000,0.00000,0.00000,0.00000,0.00000,0.00000,0.00000,0.00000,0.00000,0.00000,0.00000,0.00000,62.10224
89.850,"PI",1.07293,1.11910,1.23079,0.24112,0.89177,0.07177,0.03277,0.00000,0.00000,0.45000,-0.06621,"STOPPED",0.00000,0.00000,0.00000,0.00000,0.00000,0.00000,0.00000,0.00000,0.00000,0.00000,0.00000,0.00000,0.00000,62.10224
89.950,"PI",1.07293,1.11910,1.23087,0.24055,0.89234,0.07234,0.03274,0.00000,0.00000,0.45000,-0.03803,"STOPPED",0.00000,0.00000,0.00000,0.00000,0.00000,0.00000,0.00000,0.00000,0.00000,0.00000,0.00000,0.00000,0.00000,62.10224
90.050,"PI",1.04681,1.14522,1.23096,0.23998,0.91335,0.09335,0.04817,0.00000,0.00000,0.45000,0.06901,"STOPPED",0.00000,0.00000,0.00000,0.00000,0.00000,0.00000,0.00000,0.00000,0.00000,0.00000,0.00000,0.00000,0.00000,62.10224
90.150,"PI",1.05947,1.13256,1.23105,0.23940,0.92051,0.10051,0.05293,0.00000,0.00000,0.45000,0.06337,"STOPPED",0.00000,0.00000,0.00000,0.00000,0.00000,0.00000,0.00000,0.00000,0.00000,0.00000,0.00000,0.00000,0.00000,62.10224
90.250,"PI",1.05290,1.13913,1.23114,0.23882,0.91434,0.09434,0.04796,0.00000,0.00000,0.45000,0.02207,"STOPPED",0.00000,0.00000,0.00000,0.00000,0.00000,0.00000,0.00000,0.00000,0.00000,0.00000,0.00000,0.00000,0.00000,62.10224
90.350,"PI",1.07293,1.11910,1.23123,0.23824,0.90048,0.08048,0.03710,0.00000,0.00000,0.45000,-0.05087,"STOPPED",0.00000,0.00000,0.00000,0.00000,0.00000,0.00000,0.00000,0.00000,0.00000,0.00000,0.00000,0.00000,0.00000,62.10224
90.450,"PI",1.07293,1.11910,1.23131,0.23767,0.89526,0.07526,0.03261,0.00000,0.00000,0.45000,-0.04858,"STOPPED",0.00000,0.00000,0.00000,0.00000,0.00000,0.00000,0.00000,0.00000,0.00000,0.00000,0.00000,0.00000,0.00000,62.10224
90.550,"PI",1.05660,1.13543,1.23140,0.23710,0.90192,0.08192,0.03726,0.00000,0.00000,0.45000,-0.00054,"STOPPED",0.00000,0.00000,0.00000,0.00000,0.00000,0.00000,0.00000,0.00000,0.00000,0.00000,0.00000,0.00000,0.00000,62.10224
90.650,"PI",1.04353,1.14850,1.23149,0.23652,0.92527,0.10527,0.05407,0.00000,0.00000,0.45000,0.08957,"STOPPED",0.00000,0.00000,0.00000,0.00000,0.00000,0.00000,0.00000,0.00000,0.00000,0.00000,0.00000,0.00000,0.00000,62.10224
90.750,"PI",1.05469,1.13734,1.23158,0.23594,0.92319,0.10319,0.05212,0.00000,0.00000,0.45000,0.03967,"STOPPED",0.00000,0.00000,0.00000,0.00000,0.00000,0.00000,0.00000,0.00000,0.00000,0.00000,0.00000,0.00000,0.00000,62.10224
90.850,"PI",1.07293,1.11910,1.23167,0.23536,0.90761,0.08761,0.04015,0.00000,0.00000,0.45000,-0.03998,"STOPPED",0.00000,0.00000,0.00000,0.00000,0.00000,0.00000,0.00000,0.00000,0.00000,0.00000,0.00000,0.00000,0.00000,62.10224
90.950,"PI",1.07293,1.11910,1.23176,0.23478,0.89818,0.07818,0.03247,0.00000,0.00000,0.45000,-0.05640,"STOPPED",0.00000,0.00000,0.00000,0.00000,0.00000,0.00000,0.00000,0.00000,0.00000,0.00000,0.00000,0.00000,0.00000,62.10224
91.050,"PI",1.06837,1.12366,1.23184,0.23422,0.89876,0.07876,0.03245,0.00000,0.00000,0.45000,-0.03203,"STOPPED",0.00000,0.00000,0.00000,0.00000,0.00000,0.00000,0.00000,0.00000,0.00000,0.00000,0.00000,0.00000,0.00000,62.10224
91.150,"PI",1.04984,1.14219,1.23192,0.23364,0.93342,0.11342,0.05762,0.00000,0.00000,0.45000,0.12759,"STOPPED",0.00000,0.00000,0.00000,0.00000,0.00000,0.00000,0.00000,0.00000,0.00000,0.00000,0.00000,0.00000,0.00000,62.10224
91.250,"PI",1.06654,1.12549,1.23201,0.23306,0.92494,0.10494,0.05110,0.00000,0.00000,0.45000,0.04692,"STOPPED",0.00000,0.00000,0.00000,0.00000,0.00000,0.00000,0.00000,0.00000,0.00000,0.00000,0.00000,0.00000,0.00000,62.10224
91.350,"PI",1.06396,1.12807,1.23210,0.23249,0.93444,0.11444,0.05743,0.00000,0.00000,0.45000,0.08711,"STOPPED",0.00000,0.00000,0.00000,0.00000,0.00000,0.00000,0.00000,0.00000,0.00000,0.00000,0.00000,0.00000,0.00000,62.10224
91.450,"PI",1.07293,1.11910,1.23219,0.23191,0.90108,0.08108,0.03236,0.00000,0.00000,0.45000,-0.07133,"STOPPED",0.00000,0.00000,0.00000,0.00000,0.00000,0.00000,0.00000,0.00000,0.00000,0.00000,0.00000,0.00000,0.00000,62.10224
91.550,"PI",1.07293,1.11910,1.23227,0.23133,0.90167,0.08167,0.03233,0.00000,0.00000,0.45000,-0.04111,"STOPPED",0.00000,0.00000,0.00000,0.00000,0.00000,0.00000,0.00000,0.00000,0.00000,0.00000,0.00000,0.00000,0.00000,62.10224
91.650,"PI",1.05280,1.13923,1.23236,0.23075,0.91721,0.09721,0.04359,0.00000,0.00000,0.45000,0.04309,"STOPPED",0.00000,0.00000,0.00000,0.00000,0.00000,0.00000,0.00000,0.00000,0.00000,0.00000,0.00000,0.00000,0.00000,62.10224
91.750,"PI",1.04859,1.14344,1.23245,0.23017,0.93915,0.11915,0.05893,0.00000,0.00000,0.45000,0.11421,"STOPPED",0.00000,0.00000,0.00000,0.00000,0.00000,0.00000,0.00000,0.00000,0.00000,0.00000,0.00000,0.00000,0.00000,62.10224
91.850,"PI",1.05976,1.13227,1.23253,0.22960,0.92811,0.10811,0.05063,0.00000,0.00000,0.45000,0.02824,"STOPPED",0.00000,0.00000,0.00000,0.00000,0.00000,0.00000,0.00000,0.00000,0.00000,0.00000,0.00000,0.00000,0.00000,62.10224
91.950,"PI",1.07293,1.11910,1.23261,0.22909,0.90658,0.08658,0.03423,0.00000,0.00000,0.45000,-0.06883,"STOPPED",0.00000,0.00000,0.00000,0.00000,0.00000,0.00000,0.00000,0.00000,0.00000,0.00000,0.00000,0.00000,0.00000,62.10224
92.050,"PI",1.07293,1.11910,1.23270,0.22851,0.90452,0.08452,0.03218,0.00000,0.00000,0.45000,-0.04864,"STOPPED",0.00000,0.00000,0.00000,0.00000,0.00000,0.00000,0.00000,0.00000,0.00000,0.00000,0.00000,0.00000,0.00000,62.10224
92.150,"PI",1.05191,1.14012,1.23279,0.22793,0.90510,0.08510,0.03216,0.00000,0.00000,0.45000,-0.02730,"STOPPED",0.00000,0.00000,0.00000,0.00000,0.00000,0.00000,0.00000,0.00000,0.00000,0.00000,0.00000,0.00000,0.00000,62.10224
92.250,"PI",1.04984,1.14219,1.23288,0.22735,0.93529,0.11529,0.05400,0.00000,0.00000,0.45000,0.09213,"STOPPED",0.00000,0.00000,0.00000,0.00000,0.00000,0.00000,0.00000,0.00000,0.00000,0.00000,0.00000,0.00000,0.00000,62.10224
92.350,"PI",1.05261,1.13942,1.23297,0.22678,0.91942,0.09942,0.04203,0.00000,0.00000,0.45000,-0.01150,"STOPPED",0.00000,0.00000,0.00000,0.00000,0.00000,0.00000,0.00000,0.00000,0.00000,0.00000,0.00000,0.00000,0.00000,62.10224
92.450,"PI",1.06903,1.12301,1.23305,0.22620,0.92739,0.10739,0.04742,0.00000,0.00000,0.45000,0.01751,"STOPPED",0.00000,0.00000,0.00000,0.00000,0.00000,0.00000,0.00000,0.00000,0.00000,0.00000,0.00000,0.00000,0.00000,62.10224
92.550,"PI",1.07293,1.11910,1.23314,0.22562,0.90744,0.08744,0.03208,0.00000,0.00000,0.45000,-0.06192,"STOPPED",0.00000,0.00000,0.00000,0.00000,0.00000,0.00000,0.00000,0.00000,0.00000,0.00000,0.00000,0.00000,0.00000,62.10224
92.650,"PI",1.06607,1.12596,1.23322,0.22505,0.90802,0.08802,0.03205,0.00000,0.00000,0.45000,-0.03539,"STOPPED",0.00000,0.00000,0.00000,0.00000,0.00000,0.00000,0.00000,0.00000,0.00000,0.00000,0.00000,0.00000,0.00000,62.10224
92.750,"PI",1.04691,1.14512,1.23331,0.22447,0.92860,0.10860,0.04693,0.00000,0.00000,0.45000,0.06100,"STOPPED",0.00000,0.00000,0.00000,0.00000,0.00000,0.00000,0.00000,0.00000,0.00000,0.00000,0.00000,0.00000,0.00000,62.10224
92.850,"PI",1.05080,1.14123,1.23309,0.22595,0.94233,0.12233,0.05627,0.04159,0.02915,0.45000,0.08716,"STOPPED",0.00000,0.03676,0.04641,0.37705,0.47602,0.37705,0.47602,0.37705,0.47602,0.30458,0.38481,0.01224,0.70164,62.13732
92.950,"PI",1.06568,1.12635,1.23201,0.23306,0.92426,0.10426,0.04347,0.08658,0.05161,0.45000,-0.01771,"STOPPED",0.00000,0.07803,0.09512,0.80034,0.97557,0.80034,0.97557,0.16742,0.19253,0.33902,0.41427,0.00550,0.75879,62.21696
93.050,"PI",1.07293,1.11910,1.23137,0.23722,0.89571,0.07571,0.02364,0.00000,0.00000,0.45000,-0.12129,"STOPPED",0.00000,0.00000,0.00000,0.00000,0.00000,0.00000,0.00000,-0.89938,-1.06928,0.00000,0.00000,0.00000,0.00000,62.24592
93.150,"PI",1.07293,1.11910,1.23146,0.23666,0.89628,0.07628,0.02364,0.00000,0.00000,0.45000,-0.07156,"STOPPED",0.00000,0.00000,0.00000,0.00000,0.00000,0.00000,0.00000,0.00000,0.00000,0.00000,0.00000,0.00000,0.00000,62.24592
93.250,"PI",1.04464,1.14739,1.23155,0.23608,0.90628,0.08628,0.03083,0.00000,0.00000,0.45000,0.00018,"STOPPED",0.00000,0.00000,0.00000,0.00000,0.00000,0.00000,0.00000,0.00000,0.00000,0.00000,0.00000,0.00000,0.00000,62.24592
93.350,"PI",1.05368,1.13835,1.23164,0.23550,0.92444,0.10444,0.04378,0.00000,0.00000,0.45000,0.05680,"STOPPED",0.00000,0.00000,0.00000,0.00000,0.00000,0.00000,0.00000,0.00000,0.00000,0.00000,0.00000,0.00000,0.00000,62.24592
93.450,"PI",1.04638,1.14565,1.23173,0.23492,0.90895,0.08895,0.03193,0.00000,0.00000,0.45000,-0.02951,"STOPPED",0.00000,0.00000,0.00000,0.00000,0.00000,0.00000,0.00000,0.00000,0.00000,0.00000,0.00000,0.00000,0.00000,62.24592
93.550,"PI",1.07293,1.11910,1.23183,0.23434,0.90780,0.08780,0.03060,0.00000,0.00000,0.45000,-0.04282,"STOPPED",0.00000,0.00000,0.00000,0.00000,0.00000,0.00000,0.00000,0.00000,0.00000,0.00000,0.00000,0.00000,0.00000,62.24592
93.650,"PI",1.07293,1.11910,1.23192,0.23376,0.89921,0.07921,0.02358,0.00000,0.00000,0.45000,-0.05525,"STOPPED",0.00000,0.00000,0.00000,0.00000,0.00000,0.00000,0.00000,0.00000,0.00000,0.00000,0.00000,0.00000,0.00000,62.24592
93.750,"PI",1.05878,1.13326,1.23201,0.23318,0.90083,0.08083,0.02436,0.00000,0.00000,0.45000,-0.02677,"STOPPED",0.00000,0.00000,0.00000,0.00000,0.00000,0.00000,0.00000,0.00000,0.00000,0.00000,0.00000,0.00000,0.00000,62.24592
93.850,"PI",1.04063,1.15140,1.23210,0.23260,0.92498,0.10498,0.04192,0.00000,0.00000,0.45000,0.07468,"STOPPED",0.00000,0.00000,0.00000,0.00000,0.00000,0.00000,0.00000,0.00000,0.00000,0.00000,0.00000,0.00000,0.00000,62.24592
93.950,"PI",1.05206,1.13997,1.23219,0.23202,0.92816,0.10816,0.04375,0.00000,0.00000,0.45000,0.04632,"STOPPED",0.00000,0.00000,0.00000,0.00000,0.00000,0.00000,0.00000,0.00000,0.00000,0.00000,0.00000,0.00000,0.00000,62.24592
94.050,"PI",1.07201,1.12002,1.23228,0.23144,0.91565,0.09565,0.03417,0.00000,0.00000,0.45000,-0.02445,"STOPPED",0.00000,0.00000,0.00000,0.00000,0.00000,0.00000,0.00000,0.00000,0.00000,0.00000,0.00000,0.00000,0.00000,62.24592
94.150,"PI",1.07293,1.11910,1.23237,0.23086,0.90214,0.08214,0.02350,0.00000,0.00000,0.45000,-0.06196,"STOPPED",0.00000,0.00000,0.00000,0.00000,0.00000,0.00000,0.00000,0.00000,0.00000,0.00000,0.00000,0.00000,0.00000,62.24592
94.250,"PI",1.07293,1.11910,1.23246,0.23028,0.90273,0.08273,0.02348,0.00000,0.00000,0.45000,-0.03539,"STOPPED",0.00000,0.00000,0.00000,0.00000,0.00000,0.00000,0.00000,0.00000,0.00000,0.00000,0.00000,0.00000,0.00000,62.24592
94.350,"PI",1.04844,1.14359,1.23255,0.22970,0.93203,0.11203,0.04474,0.00000,0.00000,0.45000,0.10707,"STOPPED",0.00000,0.00000,0.00000,0.00000,0.00000,0.00000,0.00000,0.00000,0.00000,0.00000,0.00000,0.00000,0.00000,62.24592
94.450,"PI",1.06381,1.12822,1.23265,0.22912,0.93090,0.11090,0.04349,0.00000,0.00000,0.45000,0.05994,"STOPPED",0.00000,0.00000,0.00000,0.00000,0.00000,0.00000,0.00000,0.00000,0.00000,0.00000,0.00000,0.00000,0.00000,62.24592
94.550,"PI",1.05778,1.13425,1.23274,0.22854,0.93173,0.11173,0.04364,0.00000,0.00000,0.45000,0.05572,"STOPPED",0.00000,0.00000,0.00000,0.00000,0.00000,0.00000,0.00000,0.00000,0.00000,0.00000,0.00000,0.00000,0.00000,62.24592
94.650,"PI",1.07293,1.11910,1.23283,0.22796,0.90835,0.08835,0.02592,0.00000,0.00000,0.45000,-0.06000,"STOPPED",0.00000,0.00000,0.00000,0.00000,0.00000,0.00000,0.00000,0.00000,0.00000,0.00000,0.00000,0.00000,0.00000,62.24592
94.750,"PI",1.07293,1.11910,1.23292,0.22738,0.90566,0.08566,0.02340,0.00000,0.00000,0.45000,-0.04545,"STOPPED",0.00000,0.00000,0.00000,0.00000,0.00000,0.00000,0.00000,0.00000,0.00000,0.00000,0.00000,0.00000,0.00000,62.24592
94.850,"PI",1.05498,1.13705,1.23301,0.22681,0.91612,0.09612,0.03088,0.00000,0.00000,0.45000,0.01809,"STOPPED",0.00000,0.00000,0.00000,0.00000,0.00000,0.00000,0.00000,0.00000,0.00000,0.00000,0.00000,0.00000,0.00000,62.24592
94.950,"PI",1.04570,1.14633,1.23310,0.22623,0.93887,0.11887,0.04694,0.00000,0.00000,0.45000,0.10008,"STOPPED",0.00000,0.00000,0.00000,0.00000,0.00000,0.00000,0.00000,0.00000,0.00000,0.00000,0.00000,0.00000,0.00000,62.24592
95.050,"PI",1.05686,1.13517,1.23319,0.22565,0.93296,0.11296,0.04231,0.00000,0.00000,0.45000,0.03476,"STOPPED",0.00000,0.00000,0.00000,0.00000,0.00000,0.00000,0.00000,0.00000,0.00000,0.00000,0.00000,0.00000,0.00000,62.24592
95.150,"PI",1.07293,1.11910,1.23328,0.22507,0.91485,0.09485,0.02857,0.00000,0.00000,0.45000,-0.05221,"STOPPED",0.00000,0.00000,0.00000,0.00000,0.00000,0.00000,0.00000,0.00000,0.00000,0.00000,0.00000,0.00000,0.00000,62.24592
95.250,"PI",1.07293,1.11910,1.23337,0.22449,0.90859,0.08859,0.02336,0.00000,0.00000,0.45000,-0.05299,"STOPPED",0.00000,0.00000,0.00000,0.00000,0.00000,0.00000,0.00000,0.00000,0.00000,0.00000,0.00000,0.00000,0.00000,62.24592
95.350,"PI",1.06132,1.13071,1.23346,0.22391,0.90918,0.08918,0.02334,0.00000,0.00000,0.45000,-0.02993,"STOPPED",0.00000,0.00000,0.00000,0.00000,0.00000,0.00000,0.00000,0.00000,0.00000,0.00000,0.00000,0.00000,0.00000,62.24592
95.450,"PI",1.04984,1.14219,1.23323,0.22538,0.94192,0.12192,0.04689,0.04153,0.02713,0.45000,0.11249,"STOPPED",0.00000,0.03704,0.04602,0.37991,0.47201,0.37991,0.47201,0.37991,0.47201,0.30656,0.38113,0.01060,0.69829,62.28083
95.550,"PI",1.06058,1.13146,1.23210,0.23252,0.92474,0.10474,0.03505,0.08688,0.04366,0.45000,-0.00041,"STOPPED",0.00000,0.07966,0.09411,0.81700,0.96521,0.81700,0.96521,0.17257,0.18769,0.34636,0.41005,0.00280,0.75920,62.36093
95.650,"PI",1.06613,1.12590,1.23053,0.24201,0.92438,0.10438,0.03698,0.10647,0.05149,0.45000,0.00742,"STOPPED",0.00000,0.09795,0.11499,1.00459,1.17939,1.00459,1.17939,0.08003,0.10597,0.28973,0.34137,0.00567,0.63676,62.42392
95.750,"PI",1.07293,1.11910,1.23063,0.24143,0.89144,0.07144,0.01342,0.00000,0.00000,0.45000,-0.11591,"STOPPED",0.00000,0.00000,0.00000,0.00000,0.00000,0.00000,0.00000,0.00000,0.00000,0.00000,0.00000,0.00000,0.00000,62.42392
95.850,"PI",1.07042,1.12162,1.23073,0.24085,0.89202,0.07202,0.01340,0.00000,0.00000,0.45000,-0.06822,"STOPPED",0.00000,0.00000,0.00000,0.00000,0.00000,0.00000,0.00000,0.00000,0.00000,0.00000,0.00000,0.00000,0.00000,62.42392
95.950,"PI",1.05053,1.14150,1.23082,0.24027,0.91007,0.09007,0.02668,0.00000,0.00000,0.45000,0.03477,"STOPPED",0.00000,0.00000,0.00000,0.00000,0.00000,0.00000,0.00000,0.00000,0.00000,0.00000,0.00000,0.00000,0.00000,62.42392
96.050,"PI",1.05007,1.14196,1.23092,0.23969,0.92978,0.10978,0.04050,0.00000,0.00000,0.45000,0.09916,"STOPPED",0.00000,0.00000,0.00000,0.00000,0.00000,0.00000,0.00000,0.00000,0.00000,0.00000,0.00000,0.00000,0.00000,62.42392
96.150,"PI",1.06206,1.12997,1.23102,0.23911,0.91720,0.09720,0.03104,0.00000,0.00000,0.45000,0.01426,"STOPPED",0.00000,0.00000,0.00000,0.00000,0.00000,0.00000,0.00000,0.00000,0.00000,0.00000,0.00000,0.00000,0.00000,62.42392
96.250,"PI",1.07293,1.11910,1.23112,0.23853,0.89437,0.07437,0.01338,0.00000,0.00000,0.45000,-0.08166,"STOPPED",0.00000,0.00000,0.00000,0.00000,0.00000,0.00000,0.00000,0.00000,0.00000,0.00000,0.00000,0.00000,0.00000,62.42392
96.350,"PI",1.07293,1.11910,1.23122,0.23796,0.89496,0.07496,0.01337,0.00000,0.00000,0.45000,-0.04737,"STOPPED",0.00000,0.00000,0.00000,0.00000,0.00000,0.00000,0.00000,0.00000,0.00000,0.00000,0.00000,0.00000,0.00000,62.42392
96.450,"PI",1.04486,1.14717,1.23131,0.23738,0.89554,0.07554,0.01338,0.00000,0.00000,0.45000,-0.02655,"STOPPED",0.00000,0.00000,0.00000,0.00000,0.00000,0.00000,0.00000,0.00000,0.00000,0.00000,0.00000,0.00000,0.00000,62.42392
96.550,"PI",1.04984,1.14219,1.23141,0.23680,0.92382,0.10382,0.03407,0.00000,0.00000,0.45000,0.07618,"STOPPED",0.00000,0.00000,0.00000,0.00000,0.00000,0.00000,0.00000,0.00000,0.00000,0.00000,0.00000,0.00000,0.00000,62.42392
96.650,"PI",1.04665,1.14538,1.23151,0.23622,0.90481,0.08481,0.01958,0.00000,0.00000,0.45000,-0.03691,"STOPPED",0.00000,0.00000,0.00000,0.00000,0.00000,0.00000,0.00000,0.00000,0.00000,0.00000,0.00000,0.00000,0.00000,62.42392
96.750,"PI",1.07119,1.12084,1.23161,0.23563,0.91213,0.09213,0.02463,0.00000,0.00000,0.45000,-0.01247,"STOPPED",0.00000,0.00000,0.00000,0.00000,0.00000,0.00000,0.00000,0.00000,0.00000,0.00000,0.00000,0.00000,0.00000,62.42392
96.850,"PI",1.07293,1.11910,1.23170,0.23507,0.89790,0.07790,0.01336,0.00000,0.00000,0.45000,-0.05810,"STOPPED",0.00000,0.00000,0.00000,0.00000,0.00000,0.00000,0.00000,0.00000,0.00000,0.00000,0.00000,0.00000,0.00000,62.42392
96.950,"PI",1.06282,1.12921,1.23180,0.23449,0.89847,0.07847,0.01334,0.00000,0.00000,0.45000,-0.03309,"STOPPED",0.00000,0.00000,0.00000,0.00000,0.00000,0.00000,0.00000,0.00000,0.00000,0.00000,0.00000,0.00000,0.00000,62.42392
97.050,"PI",1.04420,1.14783,1.23190,0.23391,0.92097,0.10097,0.02979,0.00000,0.00000,0.45000,0.06717,"STOPPED",0.00000,0.00000,0.00000,0.00000,0.00000,0.00000,0.00000,0.00000,0.00000,0.00000,0.00000,0.00000,0.00000,62.42392
97.150,"PI",1.05134,1.14069,1.23198,0.23347,0.93017,0.11017,0.03602,0.00000,0.00000,0.45000,0.06973,"STOPPED",0.00000,0.00000,0.00000,0.00000,0.00000,0.00000,0.00000,0.00000,0.00000,0.00000,0.00000,0.00000,0.00000,62.42392
97.250,"PI",1.06839,1.12364,1.23207,0.23289,0.91757,0.09757,0.02650,0.00000,0.00000,0.45000,-0.00805,"STOPPED",0.00000,0.00000,0.00000,0.00000,0.00000,0.00000,0.00000,0.00000,0.00000,0.00000,0.00000,0.00000,0.00000,62.42392
97.350,"PI",1.07293,1.11910,1.23217,0.23232,0.90067,0.08067,0.01329,0.00000,0.00000,0.45000,-0.06773,"STOPPED",0.00000,0.00000,0.00000,0.00000,0.00000,0.00000,0.00000,0.00000,0.00000,0.00000,0.00000,0.00000,0.00000,62.42392
97.450,"PI",1.07293,1.11910,1.23227,0.23176,0.90124,0.08124,0.01324,0.00000,0.00000,0.45000,-0.03898,"STOPPED",0.00000,0.00000,0.00000,0.00000,0.00000,0.00000,0.00000,0.00000,0.00000,0.00000,0.00000,0.00000,0.00000,62.42392
97.550,"PI",1.04627,1.14576,1.23237,0.23118,0.91948,0.09948,0.02651,0.00000,0.00000,0.45000,0.05623,"STOPPED",0.00000,0.00000,0.00000,0.00000,0.00000,0.00000,0.00000,0.00000,0.00000,0.00000,0.00000,0.00000,0.00000,62.42392
97.650,"PI",1.05802,1.13402,1.23246,0.23060,0.92941,0.10941,0.03327,0.00000,0.00000,0.45000,0.06448,"STOPPED",0.00000,0.00000,0.00000,0.00000,0.00000,0.00000,0.00000,0.00000,0.00000,0.00000,0.00000,0.00000,0.00000,62.42392
97.750,"PI",1.05126,1.14077,1.23256,0.23002,0.92089,0.10089,0.02663,0.00000,0.00000,0.45000,0.01076,"STOPPED",0.00000,0.00000,0.00000,0.00000,0.00000,0.00000,0.00000,0.00000,0.00000,0.00000,0.00000,0.00000,0.00000,62.42392
97.850,"PI",1.07293,1.11910,1.23265,0.22952,0.91024,0.09024,0.01825,0.00000,0.00000,0.45000,-0.04779,"STOPPED",0.00000,0.00000,0.00000,0.00000,0.00000,0.00000,0.00000,0.00000,0.00000,0.00000,0.00000,0.00000,0.00000,62.42392
97.950,"PI",1.07293,1.11910,1.23274,0.22894,0.90410,0.08410,0.01316,0.00000,0.00000,0.45000,-0.04988,"STOPPED",0.00000,0.00000,0.00000,0.00000,0.00000,0.00000,0.00000,0.00000,0.00000,0.00000,0.00000,0.00000,0.00000,62.42392
98.050,"PI",1.05715,1.13488,1.23284,0.22837,0.90949,0.08949,0.01681,0.00000,0.00000,0.45000,-0.00689,"STOPPED",0.00000,0.00000,0.00000,0.00000,0.00000,0.00000,0.00000,0.00000,0.00000,0.00000,0.00000,0.00000,0.00000,62.42392
98.150,"PI",1.04280,1.14923,1.23294,0.22780,0.93304,0.11304,0.03369,0.00000,0.00000,0.45000,0.08599,"STOPPED",0.00000,0.00000,0.00000,0.00000,0.00000,0.00000,0.00000,0.00000,0.00000,0.00000,0.00000,0.00000,0.00000,62.42392
98.250,"PI",1.05396,1.13807,1.23213,0.23263,0.93018,0.11018,0.03170,0.06832,0.02923,0.45000,0.03215,"STOPPED",0.00000,0.06348,0.07315,0.65105,0.75029,0.65105,0.75029,0.26291,0.29031,0.37388,0.43132,0.00340,0.80860,62.49877
98.350,"PI",1.07293,1.11910,1.23070,0.24098,0.90774,0.08774,0.01751,0.09529,0.02990,0.45000,-0.07204,"STOPPED",0.00000,0.09034,0.10024,0.92661,1.02811,0.92661,1.02811,0.10286,0.09130,0.27273,0.30323,0.00147,0.57743,62.56503
98.450,"PI",1.07293,1.11910,1.23081,0.24040,0.89248,0.07248,0.00758,0.00000,0.00000,0.45000,-0.09591,"STOPPED",0.00000,0.00000,0.00000,0.00000,0.00000,0.00000,0.00000,0.00000,0.00000,0.00000,0.00000,0.00000,0.00000,62.56503
98.550,"PI",1.07074,1.12129,1.23091,0.23982,0.89306,0.07306,0.00757,0.00000,0.00000,0.45000,-0.05606,"STOPPED",0.00000,0.00000,0.00000,0.00000,0.00000,0.00000,0.00000,0.00000,0.00000,0.00000,0.00000,0.00000,0.00000,62.56503
98.650,"PI",1.04984,1.14219,1.23101,0.23925,0.92838,0.10838,0.03335,0.00000,0.00000,0.45000,0.11853,"STOPPED",0.00000,0.00000,0.00000,0.00000,0.00000,0.00000,0.00000,0.00000,0.00000,0.00000,0.00000,0.00000,0.00000,62.56503
98.750,"PI",1.06814,1.12389,1.23110,0.23874,0.92097,0.10097,0.02761,0.00000,0.00000,0.45000,0.04675,"STOPPED",0.00000,0.00000,0.00000,0.00000,0.00000,0.00000,0.00000,0.00000,0.00000,0.00000,0.00000,0.00000,0.00000,62.56503
98.850,"PI",1.06265,1.12938,1.23120,0.23816,0.92903,0.10903,0.03297,0.00000,0.00000,0.45000,0.08415,"STOPPED",0.00000,0.00000,0.00000,0.00000,0.00000,0.00000,0.00000,0.00000,0.00000,0.00000,0.00000,0.00000,0.00000,62.56503
98.950,"PI",1.07293,1.11910,1.23130,0.23758,0.89610,0.07610,0.00812,0.00000,0.00000,0.45000,-0.07238,"STOPPED",0.00000,0.00000,0.00000,0.00000,0.00000,0.00000,0.00000,0.00000,0.00000,0.00000,0.00000,0.00000,0.00000,62.56503
99.050,"PI",1.07293,1.11910,1.23139,0.23707,0.89592,0.07592,0.00753,0.00000,0.00000,0.45000,-0.04436,"STOPPED",0.00000,0.00000,0.00000,0.00000,0.00000,0.00000,0.00000,0.00000,0.00000,0.00000,0.00000,0.00000,0.00000,62.56503
99.150,"PI",1.05335,1.13868,1.23149,0.23649,0.91013,0.09013,0.01792,0.00000,0.00000,0.45000,0.03528,"STOPPED",0.00000,0.00000,0.00000,0.00000,0.00000,0.00000,0.00000,0.00000,0.00000,0.00000,0.00000,0.00000,0.00000,62.56503
99.250,"PI",1.04786,1.14417,1.23159,0.23597,0.93228,0.11228,0.03356,0.00000,0.00000,0.45000,0.10978,"STOPPED",0.00000,0.00000,0.00000,0.00000,0.00000,0.00000,0.00000,0.00000,0.00000,0.00000,0.00000,0.00000,0.00000,62.56503
99.350,"PI",1.05903,1.13300,1.23169,0.23540,0.92247,0.10247,0.02615,0.00000,0.00000,0.45000,0.02912,"STOPPED",0.00000,0.00000,0.00000,0.00000,0.00000,0.00000,0.00000,0.00000,0.00000,0.00000,0.00000,0.00000,0.00000,62.56503
99.450,"PI",1.07293,1.11910,1.23178,0.23488,0.90179,0.08179,0.01033,0.00000,0.00000,0.45000,-0.06515,"STOPPED",0.00000,0.00000,0.00000,0.00000,0.00000,0.00000,0.00000,0.00000,0.00000,0.00000,0.00000,0.00000,0.00000,62.56503
99.550,"PI",1.07293,1.11910,1.23189,0.23430,0.89867,0.07867,0.00747,0.00000,0.00000,0.45000,-0.05006,"STOPPED",0.00000,0.00000,0.00000,0.00000,0.00000,0.00000,0.00000,0.00000,0.00000,0.00000,0.00000,0.00000,0.00000,62.56503
99.650,"PI",1.05428,1.13775,1.23197,0.23381,0.89918,0.07918,0.00742,0.00000,0.00000,0.45000,-0.02851,"STOPPED",0.00000,0.00000,0.00000,0.00000,0.00000,0.00000,0.00000,0.00000,0.00000,0.00000,0.00000,0.00000,0.00000,62.56503
99.750,"PI",1.04984,1.14219,1.23207,0.23323,0.93001,0.11001,0.02986,0.00000,0.00000,0.45000,0.09695,"STOPPED",0.00000,0.00000,0.00000,0.00000,0.00000,0.00000,0.00000,0.00000,0.00000,0.00000,0.00000,0.00000,0.00000,62.56503
99.850,"PI",1.05461,1.13742,1.23217,0.23266,0.91520,0.09520,0.01864,0.00000,0.00000,0.45000,-0.00330,"STOPPED",0.00000,0.00000,0.00000,0.00000,0.00000,0.00000,0.00000,0.00000,0.00000,0.00000,0.00000,0.00000,0.00000,62.56503
99.950,"PI",1.06830,1.12373,1.23228,0.23208,0.92339,0.10339,0.02420,0.00000,0.00000,0.45000,0.02742,"STOPPED",0.00000,0.00000,0.00000,0.00000,0.00000,0.00000,0.00000,0.00000,0.00000,0.00000,0.00000,0.00000,0.00000,62.56503
100.050,"PI",1.07293,1.11910,1.23238,0.23150,0.90151,0.08151,0.00737,0.00000,0.00000,0.45000,-0.06332,"STOPPED",0.00000,0.00000,0.00000,0.00000,0.00000,0.00000,0.00000,0.00000,0.00000,0.00000,0.00000,0.00000,0.00000,62.56503
100.150,"PI",1.06716,1.12487,1.23248,0.23092,0.90210,0.08210,0.00736,0.00000,0.00000,0.45000,-0.03623,"STOPPED",0.00000,0.00000,0.00000,0.00000,0.00000,0.00000,0.00000,0.00000,0.00000,0.00000,0.00000,0.00000,0.00000,62.56503
100.250,"PI",1.04782,1.14421,1.23257,0.23041,0.92205,0.10205,0.02188,0.00000,0.00000,0.45000,0.05897,"STOPPED",0.00000,0.00000,0.00000,0.00000,0.00000,0.00000,0.00000,0.00000,0.00000,0.00000,0.00000,0.00000,0.00000,62.56503
100.350,"PI",1.05061,1.14142,1.23268,0.22983,0.93723,0.11723,0.03237,0.00000,0.00000,0.45000,0.09275,"STOPPED",0.00000,0.00000,0.00000,0.00000,0.00000,0.00000,0.00000,0.00000,0.00000,0.00000,0.00000,0.00000,0.00000,62.56503
100.450,"PI",1.06477,1.12726,1.23277,0.22932,0.92467,0.10467,0.02294,0.00000,0.00000,0.45000,0.00858,"STOPPED",0.00000,0.00000,0.00000,0.00000,0.00000,0.00000,0.00000,0.00000,0.00000,0.00000,0.00000,0.00000,0.00000,62.56503
100.550,"PI",1.07293,1.11910,1.23287,0.22875,0.90431,0.08431,0.00731,0.00000,0.00000,0.45000,-0.07359,"STOPPED",0.00000,0.00000,0.00000,0.00000,0.00000,0.00000,0.00000,0.00000,0.00000,0.00000,0.00000,0.00000,0.00000,62.56503
100.650,"PI",1.07293,1.11910,1.23297,0.22817,0.90490,0.08490,0.00730,0.00000,0.00000,0.45000,-0.04246,"STOPPED",0.00000,0.00000,0.00000,0.00000,0.00000,0.00000,0.00000,0.00000,0.00000,0.00000,0.00000,0.00000,0.00000,62.56503
100.750,"PI",1.04409,1.14794,1.23307,0.22760,0.91213,0.09213,0.01236,0.00000,0.00000,0.45000,0.00569,"STOPPED",0.00000,0.00000,0.00000,0.00000,0.00000,0.00000,0.00000,0.00000,0.00000,0.00000,0.00000,0.00000,0.00000,62.56503
100.850,"PI",1.05222,1.13981,1.23318,0.22702,0.93306,0.11306,0.02727,0.00000,0.00000,0.45000,0.06903,"STOPPED",0.00000,0.00000,0.00000,0.00000,0.00000,0.00000,0.00000,0.00000,0.00000,0.00000,0.00000,0.00000,0.00000,62.56503
100.950,"PI",1.04474,1.14729,1.23328,0.22644,0.91523,0.09523,0.01378,0.00000,0.00000,0.45000,-0.03403,"STOPPED",0.00000,0.00000,0.00000,0.00000,0.00000,0.00000,0.00000,0.00000,0.00000,0.00000,0.00000,0.00000,0.00000,62.56503
101.050,"PI",1.07293,1.11910,1.23338,0.22586,0.91727,0.09727,0.01486,0.00000,0.00000,0.45000,-0.03567,"STOPPED",0.00000,0.00000,0.00000,0.00000,0.00000,0.00000,0.00000,0.00000,0.00000,0.00000,0.00000,0.00000,0.00000,62.56503
101.150,"PI",1.07293,1.11910,1.23349,0.22529,0.90783,0.08783,0.00727,0.00000,0.00000,0.45000,-0.05382,"STOPPED",0.00000,0.00000,0.00000,0.00000,0.00000,0.00000,0.00000,0.00000,0.00000,0.00000,0.00000,0.00000,0.00000,62.56503
101.250,"PI",1.05957,1.13246,1.23358,0.22472,0.90841,0.08841,0.00726,0.00000,0.00000,0.45000,-0.03045,"STOPPED",0.00000,0.00000,0.00000,0.00000,0.00000,0.00000,0.00000,0.00000,0.00000,0.00000,0.00000,0.00000,0.00000,62.56503
101.350,"PI",1.04149,1.15054,1.23369,0.22414,0.93281,0.11281,0.02489,0.00000,0.00000,0.45000,0.07347,"STOPPED",0.00000,0.00000,0.00000,0.00000,0.00000,0.00000,0.00000,0.00000,0.00000,0.00000,0.00000,0.00000,0.00000,62.56503
101.450,"PI",1.05188,1.14015,1.23283,0.22910,0.93550,0.11550,0.02695,0.07000,0.02574,0.45000,0.04366,"STOPPED",0.00000,0.06574,0.07426,0.67429,0.76168,0.67429,0.76168,0.27331,0.29425,0.39490,0.44648,0.00229,0.84367,62.64310
101.550,"PI",1.07110,1.12093,1.23131,0.23771,0.91507,0.09507,0.01486,0.09828,0.02586,0.45000,-0.05688,"STOPPED",0.00000,0.09399,0.10256,0.96405,1.05185,0.96405,1.05185,0.10933,0.09864,0.29441,0.32178,0.00117,0.61737,62.71324
101.650,"PI",1.07293,1.11910,1.23141,0.23714,0.89580,0.07580,0.00226,0.00000,0.00000,0.45000,-0.10252,"STOPPED",0.00000,0.00000,0.00000,0.00000,0.00000,0.00000,0.00000,0.00000,0.00000,0.00000,0.00000,0.00000,0.00000,62.71324
101.750,"PI",1.07293,1.11910,1.23152,0.23656,0.89639,0.07639,0.00225,0.00000,0.00000,0.45000,-0.06008,"STOPPED",0.00000,0.00000,0.00000,0.00000,0.00000,0.00000,0.00000,0.00000,0.00000,0.00000,0.00000,0.00000,0.00000,62.71324
101.850,"PI",1.04789,1.14414,1.23163,0.23598,0.92290,0.10290,0.02164,0.00000,0.00000,0.45000,0.07980,"STOPPED",0.00000,0.00000,0.00000,0.00000,0.00000,0.00000,0.00000,0.00000,0.00000,0.00000,0.00000,0.00000,0.00000,62.71324
101.950,"PI",1.06235,1.12968,1.23173,0.23541,0.92455,0.10455,0.02241,0.00000,0.00000,0.45000,0.05230,"STOPPED",0.00000,0.00000,0.00000,0.00000,0.00000,0.00000,0.00000,0.00000,0.00000,0.00000,0.00000,0.00000,0.00000,62.71324
102.050,"PI",1.05614,1.13590,1.23183,0.23484,0.92302,0.10302,0.02087,0.00000,0.00000,0.45000,0.03901,"STOPPED",0.00000,0.00000,0.00000,0.00000,0.00000,0.00000,0.00000,0.00000,0.00000,0.00000,0.00000,0.00000,0.00000,62.71324
102.150,"PI",1.07293,1.11910,1.23193,0.23433,0.90278,0.08278,0.00541,0.00000,0.00000,0.45000,-0.06050,"STOPPED",0.00000,0.00000,0.00000,0.00000,0.00000,0.00000,0.00000,0.00000,0.00000,0.00000,0.00000,0.00000,0.00000,62.71324
102.250,"PI",1.07293,1.11910,1.23203,0.23375,0.89924,0.07924,0.00223,0.00000,0.00000,0.45000,-0.04868,"STOPPED",0.00000,0.00000,0.00000,0.00000,0.00000,0.00000,0.00000,0.00000,0.00000,0.00000,0.00000,0.00000,0.00000,62.71324
102.350,"PI",1.05552,1.13651,1.23213,0.23319,0.90842,0.08842,0.00879,0.00000,0.00000,0.45000,0.01051,"STOPPED",0.00000,0.00000,0.00000,0.00000,0.00000,0.00000,0.00000,0.00000,0.00000,0.00000,0.00000,0.00000,0.00000,62.71324
102.450,"PI",1.04497,1.14706,1.23222,0.23268,0.93137,0.11137,0.02517,0.00000,0.00000,0.45000,0.09574,"STOPPED",0.00000,0.00000,0.00000,0.00000,0.00000,0.00000,0.00000,0.00000,0.00000,0.00000,0.00000,0.00000,0.00000,62.71324
102.550,"PI",1.05613,1.13590,1.23233,0.23210,0.92668,0.10668,0.02143,0.00000,0.00000,0.45000,0.03568,"STOPPED",0.00000,0.00000,0.00000,0.00000,0.00000,0.00000,0.00000,0.00000,0.00000,0.00000,0.00000,0.00000,0.00000,62.71324
102.650,"PI",1.07293,1.11910,1.23244,0.23153,0.90942,0.08942,0.00826,0.00000,0.00000,0.45000,-0.04855,"STOPPED",0.00000,0.00000,0.00000,0.00000,0.00000,0.00000,0.00000,0.00000,0.00000,0.00000,0.00000,0.00000,0.00000,62.71324
102.750,"PI",1.07293,1.11910,1.23254,0.23095,0.90209,0.08209,0.00221,0.00000,0.00000,0.45000,-0.05441,"STOPPED",0.00000,0.00000,0.00000,0.00000,0.00000,0.00000,0.00000,0.00000,0.00000,0.00000,0.00000,0.00000,0.00000,62.71324
102.850,"PI",1.06369,1.12834,1.23264,0.23039,0.90266,0.08266,0.00221,0.00000,0.00000,0.45000,-0.03087,"STOPPED",0.00000,0.00000,0.00000,0.00000,0.00000,0.00000,0.00000,0.00000,0.00000,0.00000,0.00000,0.00000,0.00000,62.71324
102.950,"PI",1.04984,1.14219,1.23275,0.22981,0.93606,0.11606,0.02638,0.00000,0.00000,0.45000,0.11748,"STOPPED",0.00000,0.00000,0.00000,0.00000,0.00000,0.00000,0.00000,0.00000,0.00000,0.00000,0.00000,0.00000,0.00000,62.71324
103.050,"PI",1.06258,1.12945,1.23285,0.22924,0.92547,0.10547,0.01838,0.00000,0.00000,0.45000,0.03025,"STOPPED",0.00000,0.00000,0.00000,0.00000,0.00000,0.00000,0.00000,0.00000,0.00000,0.00000,0.00000,0.00000,0.00000,62.71324
103.150,"PI",1.06540,1.12663,1.23296,0.22866,0.93454,0.11454,0.02446,0.00000,0.00000,0.45000,0.06730,"STOPPED",0.00000,0.00000,0.00000,0.00000,0.00000,0.00000,0.00000,0.00000,0.00000,0.00000,0.00000,0.00000,0.00000,62.71324
103.250,"PI",1.07293,1.11910,1.23306,0.22808,0.90500,0.08500,0.00220,0.00000,0.00000,0.45000,-0.06863,"STOPPED",0.00000,0.00000,0.00000,0.00000,0.00000,0.00000,0.00000,0.00000,0.00000,0.00000,0.00000,0.00000,0.00000,62.71324
103.350,"PI",1.07151,1.12052,1.23317,0.22750,0.90559,0.08559,0.00220,0.00000,0.00000,0.45000,-0.03945,"STOPPED",0.00000,0.00000,0.00000,0.00000,0.00000,0.00000,0.00000,0.00000,0.00000,0.00000,0.00000,0.00000,0.00000,62.71324
103.450,"PI",1.05144,1.14059,1.23327,0.22693,0.92299,0.10299,0.01480,0.00000,0.00000,0.45000,0.05069,"STOPPED",0.00000,0.00000,0.00000,0.00000,0.00000,0.00000,0.00000,0.00000,0.00000,0.00000,0.00000,0.00000,0.00000,62.71324
103.550,"PI",1.04989,1.14214,1.23300,0.22844,0.94419,0.12419,0.02950,0.04198,0.01713,0.45000,0.11582,"STOPPED",0.00000,0.03915,0.04482,0.40151,0.45966,0.40151,0.45966,0.40151,0.45966,0.32694,0.37446,0.00422,0.70562,62.74852
103.650,"PI",1.06120,1.13084,1.23172,0.23555,0.92604,0.10604,0.01839,0.08698,0.02330,0.45000,0.00253,"STOPPED",0.00000,0.08312,0.09083,0.85253,0.93162,0.85253,0.93162,0.17939,0.18762,0.36612,0.40053,0.00081,0.76746,62.82782
103.750,"PI",1.07293,1.11910,1.23096,0.23973,0.89372,0.07372,-0.00145,0.00000,0.00000,0.45000,-0.12651,"STOPPED",0.00000,0.00000,0.00000,0.00000,0.00000,0.00000,0.00000,-0.96034,-1.02489,0.00000,0.00000,0.00000,0.00000,62.85767
103.850,"PI",1.07293,1.11910,1.23106,0.23917,0.89375,0.07375,-0.00190,0.00000,0.00000,0.45000,-0.07658,"STOPPED",0.00000,0.00000,0.00000,0.00000,0.00000,0.00000,0.00000,0.00000,0.00000,0.00000,0.00000,0.00000,0.00000,62.85767
103.950,"PI",1.04723,1.14480,1.23116,0.23868,0.89431,0.07431,-0.00188,0.00000,0.00000,0.45000,-0.04441,"STOPPED",0.00000,0.00000,0.00000,0.00000,0.00000,0.00000,0.00000,0.00000,0.00000,0.00000,0.00000,0.00000,0.00000,62.85767
104.050,"PI",1.04984,1.14219,1.23126,0.23810,0.92315,0.10315,0.01931,0.00000,0.00000,0.45000,0.07059,"STOPPED",0.00000,0.00000,0.00000,0.00000,0.00000,0.00000,0.00000,0.00000,0.00000,0.00000,0.00000,0.00000,0.00000,62.85767
104.150,"PI",1.04865,1.14338,1.23137,0.23752,0.90520,0.08520,0.00561,0.00000,0.00000,0.45000,-0.03503,"STOPPED",0.00000,0.00000,0.00000,0.00000,0.00000,0.00000,0.00000,0.00000,0.00000,0.00000,0.00000,0.00000,0.00000,62.85767
104.250,"PI",1.07046,1.12157,1.23147,0.23695,0.91274,0.09274,0.01080,0.00000,0.00000,0.45000,-0.00646,"STOPPED",0.00000,0.00000,0.00000,0.00000,0.00000,0.00000,0.00000,0.00000,0.00000,0.00000,0.00000,0.00000,0.00000,62.85767
104.350,"PI",1.07293,1.11910,1.23158,0.23638,0.89657,0.07657,-0.00190,0.00000,0.00000,0.45000,-0.06189,"STOPPED",0.00000,0.00000,0.00000,0.00000,0.00000,0.00000,0.00000,0.00000,0.00000,0.00000,0.00000,0.00000,0.00000,62.85767
104.450,"PI",1.06391,1.12812,1.23169,0.23580,0.89716,0.07716,-0.00192,0.00000,0.00000,0.45000,-0.03534,"STOPPED",0.00000,0.00000,0.00000,0.00000,0.00000,0.00000,0.00000,0.00000,0.00000,0.00000,0.00000,0.00000,0.00000,62.85767
104.550,"PI",1.04511,1.14692,1.23179,0.23523,0.91902,0.09902,0.01408,0.00000,0.00000,0.45000,0.06421,"STOPPED",0.00000,0.00000,0.00000,0.00000,0.00000,0.00000,0.00000,0.00000,0.00000,0.00000,0.00000,0.00000,0.00000,62.85767
104.650,"PI",1.05116,1.14088,1.23190,0.23465,0.92980,0.10980,0.02141,0.00000,0.00000,0.45000,0.07526,"STOPPED",0.00000,0.00000,0.00000,0.00000,0.00000,0.00000,0.00000,0.00000,0.00000,0.00000,0.00000,0.00000,0.00000,62.85767
104.750,"PI",1.06748,1.12455,1.23201,0.23407,0.91725,0.09725,0.01190,0.00000,0.00000,0.45000,-0.00386,"STOPPED",0.00000,0.00000,0.00000,0.00000,0.00000,0.00000,0.00000,0.00000,0.00000,0.00000,0.00000,0.00000,0.00000,62.85767
104.850,"PI",1.07293,1.11910,1.23212,0.23350,0.89950,0.07950,-0.00193,0.00000,0.00000,0.45000,-0.06911,"STOPPED",0.00000,0.00000,0.00000,0.00000,0.00000,0.00000,0.00000,0.00000,0.00000,0.00000,0.00000,0.00000,0.00000,62.85767
104.950,"PI",1.07293,1.11910,1.23222,0.23293,0.90009,0.08009,-0.00193,0.00000,0.00000,0.45000,-0.03976,"STOPPED",0.00000,0.00000,0.00000,0.00000,0.00000,0.00000,0.00000,0.00000,0.00000,0.00000,0.00000,0.00000,0.00000,62.85767
105.050,"PI",1.04572,1.14631,1.23233,0.23235,0.91555,0.09555,0.00932,0.00000,0.00000,0.45000,0.04355,"STOPPED",0.00000,0.00000,0.00000,0.00000,0.00000,0.00000,0.00000,0.00000,0.00000,0.00000,0.00000,0.00000,0.00000,62.85767
105.150,"PI",1.05656,1.13547,1.23243,0.23184,0.92826,0.10826,0.01814,0.00000,0.00000,0.45000,0.06569,"STOPPED",0.00000,0.00000,0.00000,0.00000,0.00000,0.00000,0.00000,0.00000,0.00000,0.00000,0.00000,0.00000,0.00000,62.85767
105.250,"PI",1.04962,1.14241,1.23253,0.23127,0.91731,0.09731,0.00977,0.00000,0.00000,0.45000,-0.00077,"STOPPED",0.00000,0.00000,0.00000,0.00000,0.00000,0.00000,0.00000,0.00000,0.00000,0.00000,0.00000,0.00000,0.00000,62.85767
105.350,"PI",1.07293,1.11910,1.23264,0.23069,0.90985,0.08985,0.00377,0.00000,0.00000,0.45000,-0.04490,"STOPPED",0.00000,0.00000,0.00000,0.00000,0.00000,0.00000,0.00000,0.00000,0.00000,0.00000,0.00000,0.00000,0.00000,62.85767
105.450,"PI",1.07293,1.11910,1.23275,0.23012,0.90294,0.08294,-0.00196,0.00000,0.00000,0.45000,-0.05077,"STOPPED",0.00000,0.00000,0.00000,0.00000,0.00000,0.00000,0.00000,0.00000,0.00000,0.00000,0.00000,0.00000,0.00000,62.85767
105.550,"PI",1.05770,1.13433,1.23285,0.22960,0.90707,0.08707,0.00075,0.00000,0.00000,0.45000,-0.01302,"STOPPED",0.00000,0.00000,0.00000,0.00000,0.00000,0.00000,0.00000,0.00000,0.00000,0.00000,0.00000,0.00000,0.00000,62.85767
105.650,"PI",1.04207,1.14996,1.23295,0.22903,0.93076,0.11076,0.01785,0.00000,0.00000,0.45000,0.08233,"STOPPED",0.00000,0.00000,0.00000,0.00000,0.00000,0.00000,0.00000,0.00000,0.00000,0.00000,0.00000,0.00000,0.00000,62.85767
105.750,"PI",1.05323,1.13880,1.23207,0.23383,0.92919,0.10919,0.01711,0.06811,0.01682,0.45000,0.03375,"STOPPED",0.00000,0.06533,0.07090,0.67006,0.72717,0.67006,0.72717,0.27041,0.27961,0.38319,0.41610,0.00066,0.79995,62.93185
105.850,"PI",1.07293,1.11910,1.23054,0.24214,0.90762,0.08762,0.00483,0.09514,0.01290,0.45000,-0.06787,"STOPPED",0.00000,0.09301,0.09728,0.95392,0.99770,0.95392,0.99770,0.10607,0.08892,0.28155,0.29473,0.00094,0.57722,62.99793
105.950,"PI",1.07293,1.11910,1.23065,0.24157,0.89130,0.07130,-0.00512,0.00000,0.00000,0.45000,-0.09701,"STOPPED",0.00000,0.00000,0.00000,0.00000,0.00000,0.00000,0.00000,0.00000,0.00000,0.00000,0.00000,0.00000,0.00000,62.99793
106.050,"PI",1.07293,1.11910,1.23076,0.24099,0.89189,0.07189,-0.00513,0.00000,0.00000,0.45000,-0.05673,"STOPPED",0.00000,0.00000,0.00000,0.00000,0.00000,0.00000,0.00000,0.00000,0.00000,0.00000,0.00000,0.00000,0.00000,62.99793
106.150,"PI",1.04952,1.14251,1.23087,0.24042,0.92670,0.10670,0.02033,0.00000,0.00000,0.45000,0.11838,"STOPPED",0.00000,0.00000,0.00000,0.00000,0.00000,0.00000,0.00000,0.00000,0.00000,0.00000,0.00000,0.00000,0.00000,62.99793
106.250,"PI",1.06669,1.12534,1.23097,0.23990,0.92000,0.10000,0.01512,0.00000,0.00000,0.45000,0.04890,"STOPPED",0.00000,0.00000,0.00000,0.00000,0.00000,0.00000,0.00000,0.00000,0.00000,0.00000,0.00000,0.00000,0.00000,62.99793
106.350,"PI",1.06101,1.13102,1.23108,0.23932,0.92550,0.10550,0.01864,0.00000,0.00000,0.45000,0.07276,"STOPPED",0.00000,0.00000,0.00000,0.00000,0.00000,0.00000,0.00000,0.00000,0.00000,0.00000,0.00000,0.00000,0.00000,62.99793
106.450,"PI",1.07293,1.11910,1.23118,0.23875,0.89578,0.07578,-0.00389,0.00000,0.00000,0.45000,-0.06933,"STOPPED",0.00000,0.00000,0.00000,0.00000,0.00000,0.00000,0.00000,0.00000,0.00000,0.00000,0.00000,0.00000,0.00000,62.99793
106.550,"PI",1.07293,1.11910,1.23129,0.23818,0.89475,0.07475,-0.00515,0.00000,0.00000,0.45000,-0.04542,"STOPPED",0.00000,0.00000,0.00000,0.00000,0.00000,0.00000,0.00000,0.00000,0.00000,0.00000,0.00000,0.00000,0.00000,62.99793
106.650,"PI",1.05390,1.13813,1.23140,0.23760,0.90774,0.08774,0.00430,0.00000,0.00000,0.45000,0.02922,"STOPPED",0.00000,0.00000,0.00000,0.00000,0.00000,0.00000,0.00000,0.00000,0.00000,0.00000,0.00000,0.00000,0.00000,62.99793
106.750,"PI",1.04713,1.14490,1.23151,0.23702,0.93010,0.11010,0.02016,0.00000,0.00000,0.45000,0.10636,"STOPPED",0.00000,0.00000,0.00000,0.00000,0.00000,0.00000,0.00000,0.00000,0.00000,0.00000,0.00000,0.00000,0.00000,62.99793
106.850,"PI",1.05830,1.13373,1.23162,0.23644,0.92165,0.10165,0.01367,0.00000,0.00000,0.45000,0.03109,"STOPPED",0.00000,0.00000,0.00000,0.00000,0.00000,0.00000,0.00000,0.00000,0.00000,0.00000,0.00000,0.00000,0.00000,62.99793
106.950,"PI",1.07293,1.11910,1.23173,0.23586,0.90187,0.08187,-0.00150,0.00000,0.00000,0.45000,-0.06059,"STOPPED",0.00000,0.00000,0.00000,0.00000,0.00000,0.00000,0.00000,0.00000,0.00000,0.00000,0.00000,0.00000,0.00000,62.99793
107.050,"PI",1.07293,1.11910,1.23184,0.23530,0.89769,0.07769,-0.00517,0.00000,0.00000,0.45000,-0.05090,"STOPPED",0.00000,0.00000,0.00000,0.00000,0.00000,0.00000,0.00000,0.00000,0.00000,0.00000,0.00000,0.00000,0.00000,62.99793
107.150,"PI",1.05665,1.13538,1.23194,0.23473,0.89827,0.07827,-0.00519,0.00000,0.00000,0.45000,-0.02871,"STOPPED",0.00000,0.00000,0.00000,0.00000,0.00000,0.00000,0.00000,0.00000,0.00000,0.00000,0.00000,0.00000,0.00000,62.99793
107.250,"PI",1.04984,1.14219,1.23205,0.23415,0.92975,0.10975,0.01773,0.00000,0.00000,0.45000,0.10236,"STOPPED",0.00000,0.00000,0.00000,0.00000,0.00000,0.00000,0.00000,0.00000,0.00000,0.00000,0.00000,0.00000,0.00000,62.99793
107.350,"PI",1.05662,1.13541,1.23216,0.23358,0.91600,0.09600,0.00733,0.00000,0.00000,0.45000,0.00529,"STOPPED",0.00000,0.00000,0.00000,0.00000,0.00000,0.00000,0.00000,0.00000,0.00000,0.00000,0.00000,0.00000,0.00000,62.99793
107.450,"PI",1.06757,1.12446,1.23227,0.23300,0.92441,0.10441,0.01304,0.00000,0.00000,0.45000,0.03756,"STOPPED",0.00000,0.00000,0.00000,0.00000,0.00000,0.00000,0.00000,0.00000,0.00000,0.00000,0.00000,0.00000,0.00000,62.99793
107.550,"PI",1.07293,1.11910,1.23238,0.23242,0.90061,0.08061,-0.00519,0.00000,0.00000,0.45000,-0.06460,"STOPPED",0.00000,0.00000,0.00000,0.00000,0.00000,0.00000,0.00000,0.00000,0.00000,0.00000,0.00000,0.00000,0.00000,62.99793
107.650,"PI",1.06826,1.12377,1.23249,0.23185,0.90119,0.08119,-0.00520,0.00000,0.00000,0.45000,-0.03701,"STOPPED",0.00000,0.00000,0.00000,0.00000,0.00000,0.00000,0.00000,0.00000,0.00000,0.00000,0.00000,0.00000,0.00000,62.99793
107.750,"PI",1.04873,1.14330,1.23261,0.23126,0.92051,0.10051,0.00888,0.00000,0.00000,0.45000,0.05691,"STOPPED",0.00000,0.00000,0.00000,0.00000,0.00000,0.00000,0.00000,0.00000,0.00000,0.00000,0.00000,0.00000,0.00000,62.99793
107.850,"PI",1.05043,1.14160,1.23273,0.23066,0.93728,0.11728,0.02047,0.00000,0.00000,0.45000,0.09885,"STOPPED",0.00000,0.00000,0.00000,0.00000,0.00000,0.00000,0.00000,0.00000,0.00000,0.00000,0.00000,0.00000,0.00000,62.99793
107.950,"PI",1.06386,1.12817,1.23285,0.23007,0.92473,0.10473,0.01108,0.00000,0.00000,0.45000,0.01293,"STOPPED",0.00000,0.00000,0.00000,0.00000,0.00000,0.00000,0.00000,0.00000,0.00000,0.00000,0.00000,0.00000,0.00000,62.99793
108.050,"PI",1.07293,1.11910,1.23297,0.22948,0.90360,0.08360,-0.00517,0.00000,0.00000,0.45000,-0.07457,"STOPPED",0.00000,0.00000,0.00000,0.00000,0.00000,0.00000,0.00000,0.00000,0.00000,0.00000,0.00000,0.00000,0.00000,62.99793
108.150,"PI",1.07293,1.11910,1.23309,0.22889,0.90421,0.08421,-0.00516,0.00000,0.00000,0.45000,-0.04300,"STOPPED",0.00000,0.00000,0.00000,0.00000,0.00000,0.00000,0.00000,0.00000,0.00000,0.00000,0.00000,0.00000,0.00000,62.99793
108.250,"PI",1.04355,1.14848,1.23320,0.22830,0.90870,0.08870,-0.00218,0.00000,0.00000,0.45000,-0.00669,"STOPPED",0.00000,0.00000,0.00000,0.00000,0.00000,0.00000,0.00000,0.00000,0.00000,0.00000,0.00000,0.00000,0.00000,62.99793
108.350,"PI",1.05076,1.14127,1.23333,0.22773,0.93240,0.11240,0.01485,0.00000,0.00000,0.45000,0.07040,"STOPPED",0.00000,0.00000,0.00000,0.00000,0.00000,0.00000,0.00000,0.00000,0.00000,0.00000,0.00000,0.00000,0.00000,62.99793
108.450,"PI",1.04310,1.14893,1.23345,0.22713,0.91223,0.09223,-0.00035,0.00000,0.00000,0.45000,-0.04515,"STOPPED",0.00000,0.00000,0.00000,0.00000,0.00000,0.00000,0.00000,0.00000,0.00000,0.00000,0.00000,0.00000,0.00000,62.99793
108.550,"PI",1.07263,1.11940,1.23259,0.23181,0.91556,0.09556,0.00247,0.06568,0.00775,0.45000,-0.04093,"STOPPED",0.00000,0.06440,0.06697,0.66052,0.68683,0.66052,0.68683,0.26168,0.23555,0.35036,0.36442,0.00086,0.71564,63.06813
108.650,"PI",1.07293,1.11910,1.23197,0.23516,0.89783,0.07783,-0.00633,0.00000,0.00000,0.45000,-0.08967,"STOPPED",0.00000,0.00000,0.00000,0.00000,0.00000,0.00000,0.00000,-0.82109,-0.82215,0.00000,0.00000,0.00000,0.00000,63.09882
108.750,"PI",1.06066,1.13137,1.23209,0.23457,0.89843,0.07843,-0.00633,0.00000,0.00000,0.45000,-0.05218,"STOPPED",0.00000,0.00000,0.00000,0.00000,0.00000,0.00000,0.00000,0.00000,0.00000,0.00000,0.00000,0.00000,0.00000,63.09882
108.850,"PI",1.04240,1.14963,1.23221,0.23397,0.92223,0.10223,0.01105,0.00000,0.00000,0.45000,0.05882,"STOPPED",0.00000,0.00000,0.00000,0.00000,0.00000,0.00000,0.00000,0.00000,0.00000,0.00000,0.00000,0.00000,0.00000,63.09882
108.950,"PI",1.05170,1.14033,1.23233,0.23338,0.92856,0.10856,0.01517,0.00000,0.00000,0.45000,0.05114,"STOPPED",0.00000,0.00000,0.00000,0.00000,0.00000,0.00000,0.00000,0.00000,0.00000,0.00000,0.00000,0.00000,0.00000,63.09882
109.050,"PI",1.07019,1.12184,1.23245,0.23278,0.91605,0.09605,0.00564,0.00000,0.00000,0.45000,-0.02024,"STOPPED",0.00000,0.00000,0.00000,0.00000,0.00000,0.00000,0.00000,0.00000,0.00000,0.00000,0.00000,0.00000,0.00000,63.09882
109.150,"PI",1.07293,1.11910,1.23257,0.23218,0.90087,0.08087,-0.00629,0.00000,0.00000,0.45000,-0.06723,"STOPPED",0.00000,0.00000,0.00000,0.00000,0.00000,0.00000,0.00000,0.00000,0.00000,0.00000,0.00000,0.00000,0.00000,63.09882
109.250,"PI",1.07293,1.11910,1.23268,0.23160,0.90146,0.08146,-0.00630,0.00000,0.00000,0.45000,-0.03859,"STOPPED",0.00000,0.00000,0.00000,0.00000,0.00000,0.00000,0.00000,0.00000,0.00000,0.00000,0.00000,0.00000,0.00000,63.09882
109.350,"PI",1.04734,1.14469,1.23279,0.23101,0.92521,0.10521,0.01099,0.00000,0.00000,0.45000,0.08073,"STOPPED",0.00000,0.00000,0.00000,0.00000,0.00000,0.00000,0.00000,0.00000,0.00000,0.00000,0.00000,0.00000,0.00000,63.09882
109.450,"PI",1.06089,1.13114,1.23291,0.23042,0.92967,0.10967,0.01374,0.00000,0.00000,0.45000,0.06186,"STOPPED",0.00000,0.00000,0.00000,0.00000,0.00000,0.00000,0.00000,0.00000,0.00000,0.00000,0.00000,0.00000,0.00000,63.09882
109.550,"PI",1.05450,1.13754,1.23303,0.22982,0.92581,0.10581,0.01053,0.00000,0.00000,0.45000,0.03291,"STOPPED",0.00000,0.00000,0.00000,0.00000,0.00000,0.00000,0.00000,0.00000,0.00000,0.00000,0.00000,0.00000,0.00000,63.09882
109.650,"PI",1.07293,1.11910,1.23315,0.22923,0.90885,0.08885,-0.00248,0.00000,0.00000,0.45000,-0.05392,"STOPPED",0.00000,0.00000,0.00000,0.00000,0.00000,0.00000,0.00000,0.00000,0.00000,0.00000,0.00000,0.00000,0.00000,63.09882
109.750,"PI",1.07293,1.11910,1.23327,0.22865,0.90449,0.08449,-0.00627,0.00000,0.00000,0.45000,-0.04747,"STOPPED",0.00000,0.00000,0.00000,0.00000,0.00000,0.00000,0.00000,0.00000,0.00000,0.00000,0.00000,0.00000,0.00000,63.09882
109.850,"PI",1.05607,1.13596,1.23339,0.22805,0.91241,0.09241,-0.00068,0.00000,0.00000,0.45000,0.00569,"STOPPED",0.00000,0.00000,0.00000,0.00000,0.00000,0.00000,0.00000,0.00000,0.00000,0.00000,0.00000,0.00000,0.00000,63.09882
109.950,"PI",1.04424,1.14779,1.23351,0.22746,0.93559,0.11559,0.01581,0.00000,0.00000,0.45000,0.09323,"STOPPED",0.00000,0.00000,0.00000,0.00000,0.00000,0.00000,0.00000,0.00000,0.00000,0.00000,0.00000,0.00000,0.00000,63.09882
110.050,"PI",1.05540,1.13663,1.23363,0.22686,0.93228,0.11228,0.01301,0.00000,0.00000,0.45000,0.03827,"STOPPED",0.00000,0.00000,0.00000,0.00000,0.00000,0.00000,0.00000,0.00000,0.00000,0.00000,0.00000,0.00000,0.00000,63.09882
110.150,"PI",1.07293,1.11910,1.23375,0.22626,0.91589,0.09589,0.00058,0.00000,0.00000,0.45000,-0.04379,"STOPPED",0.00000,0.00000,0.00000,0.00000,0.00000,0.00000,0.00000,0.00000,0.00000,0.00000,0.00000,0.00000,0.00000,63.09882
110.250,"PI",1.07293,1.11910,1.23387,0.22567,0.90751,0.08751,-0.00621,0.00000,0.00000,0.45000,-0.05511,"STOPPED",0.00000,0.00000,0.00000,0.00000,0.00000,0.00000,0.00000,0.00000,0.00000,0.00000,0.00000,0.00000,0.00000,63.09882
110.350,"PI",1.06606,1.12597,1.23398,0.22508,0.90811,0.08811,-0.00621,0.00000,0.00000,0.45000,-0.03119,"STOPPED",0.00000,0.00000,0.00000,0.00000,0.00000,0.00000,0.00000,0.00000,0.00000,0.00000,0.00000,0.00000,0.00000,63.09882
110.450,"PI",1.04984,1.14219,1.23372,0.22653,0.94219,0.12219,0.01826,0.04162,0.01374,0.45000,0.12294,"STOPPED",0.00000,0.03935,0.04389,0.40355,0.45019,0.40355,0.45019,0.40355,0.45019,0.32626,0.36409,0.00272,0.69307,63.13348
110.550,"PI",1.06459,1.12745,1.23239,0.23362,0.92715,0.10715,0.00972,0.08729,0.01466,0.45000,0.01663,"STOPPED",0.00000,0.08486,0.08971,0.87034,0.92012,0.87034,0.92012,0.18583,0.18467,0.37624,0.39803,0.00007,0.77434,63.21373
110.650,"PI",1.06467,1.12736,1.23062,0.24301,0.92727,0.10727,0.01499,0.10649,0.01650,0.45000,0.02778,"STOPPED",0.00000,0.10376,0.10922,1.06423,1.12023,1.06423,1.12023,0.08522,0.11697,0.32082,0.33808,0.00222,0.66113,63.27585
110.750,"PI",1.07293,1.11910,1.23074,0.24241,0.89047,0.07047,-0.00972,0.00000,0.00000,0.45000,-0.11840,"STOPPED",0.00000,0.00000,0.00000,0.00000,0.00000,0.00000,0.00000,0.00000,0.00000,0.00000,0.00000,0.00000,0.00000,63.27585
110.850,"PI",1.07260,1.11943,1.23086,0.24182,0.89108,0.07108,-0.00970,0.00000,0.00000,0.45000,-0.06964,"STOPPED",0.00000,0.00000,0.00000,0.00000,0.00000,0.00000,0.00000,0.00000,0.00000,0.00000,0.00000,0.00000,0.00000,63.27585
110.950,"PI",1.05227,1.13976,1.23098,0.24123,0.90787,0.08787,0.00265,0.00000,0.00000,0.45000,0.03084,"STOPPED",0.00000,0.00000,0.00000,0.00000,0.00000,0.00000,0.00000,0.00000,0.00000,0.00000,0.00000,0.00000,0.00000,63.27585
111.050,"PI",1.04930,1.14273,1.23110,0.24063,0.92968,0.10968,0.01800,0.00000,0.00000,0.45000,0.10671,"STOPPED",0.00000,0.00000,0.00000,0.00000,0.00000,0.00000,0.00000,0.00000,0.00000,0.00000,0.00000,0.00000,0.00000,63.27585
111.150,"PI",1.06047,1.13156,1.23123,0.24003,0.91741,0.09741,0.00877,0.00000,0.00000,0.45000,0.02007,"STOPPED",0.00000,0.00000,0.00000,0.00000,0.00000,0.00000,0.00000,0.00000,0.00000,0.00000,0.00000,0.00000,0.00000,63.27585
111.250,"PI",1.07293,1.11910,1.23135,0.23944,0.89512,0.07512,-0.00842,0.00000,0.00000,0.45000,-0.07652,"STOPPED",0.00000,0.00000,0.00000,0.00000,0.00000,0.00000,0.00000,0.00000,0.00000,0.00000,0.00000,0.00000,0.00000,63.27585
111.350,"PI",1.07293,1.11910,1.23147,0.23885,0.89412,0.07412,-0.00965,0.00000,0.00000,0.45000,-0.04968,"STOPPED",0.00000,0.00000,0.00000,0.00000,0.00000,0.00000,0.00000,0.00000,0.00000,0.00000,0.00000,0.00000,0.00000,63.27585
111.450,"PI",1.04960,1.14243,1.23159,0.23826,0.89471,0.07471,-0.00964,0.00000,0.00000,0.45000,-0.02788,"STOPPED",0.00000,0.00000,0.00000,0.00000,0.00000,0.00000,0.00000,0.00000,0.00000,0.00000,0.00000,0.00000,0.00000,63.27585
111.550,"PI",1.04984,1.14219,1.23171,0.23766,0.92431,0.10431,0.01200,0.00000,0.00000,0.45000,0.08655,"STOPPED",0.00000,0.00000,0.00000,0.00000,0.00000,0.00000,0.00000,0.00000,0.00000,0.00000,0.00000,0.00000,0.00000,63.27585
111.650,"PI",1.05066,1.14137,1.23183,0.23708,0.90743,0.08743,-0.00082,0.00000,0.00000,0.45000,-0.02000,"STOPPED",0.00000,0.00000,0.00000,0.00000,0.00000,0.00000,0.00000,0.00000,0.00000,0.00000,0.00000,0.00000,0.00000,63.27585
111.750,"PI",1.06973,1.12230,1.23195,0.23648,0.91520,0.09520,0.00452,0.00000,0.00000,0.45000,0.00767,"STOPPED",0.00000,0.00000,0.00000,0.00000,0.00000,0.00000,0.00000,0.00000,0.00000,0.00000,0.00000,0.00000,0.00000,63.27585
111.850,"PI",1.07293,1.11910,1.23207,0.23588,0.89714,0.07714,-0.00957,0.00000,0.00000,0.45000,-0.06060,"STOPPED",0.00000,0.00000,0.00000,0.00000,0.00000,0.00000,0.00000,0.00000,0.00000,0.00000,0.00000,0.00000,0.00000,63.27585
111.950,"PI",1.06501,1.12703,1.23219,0.23530,0.89775,0.07775,-0.00956,0.00000,0.00000,0.45000,-0.03448,"STOPPED",0.00000,0.00000,0.00000,0.00000,0.00000,0.00000,0.00000,0.00000,0.00000,0.00000,0.00000,0.00000,0.00000,63.27585
112.050,"PI",1.04602,1.14601,1.23232,0.23472,0.91896,0.09896,0.00597,0.00000,0.00000,0.45000,0.06313,"STOPPED",0.00000,0.00000,0.00000,0.00000,0.00000,0.00000,0.00000,0.00000,0.00000,0.00000,0.00000,0.00000,0.00000,63.27585
112.150,"PI",1.05097,1.14106,1.23244,0.23411,0.93128,0.11128,0.01439,0.00000,0.00000,0.45000,0.08177,"STOPPED",0.00000,0.00000,0.00000,0.00000,0.00000,0.00000,0.00000,0.00000,0.00000,0.00000,0.00000,0.00000,0.00000,63.27585
112.250,"PI",1.06657,1.12546,1.23255,0.23352,0.91875,0.09875,0.00492,0.00000,0.00000,0.45000,0.00079,"STOPPED",0.00000,0.00000,0.00000,0.00000,0.00000,0.00000,0.00000,0.00000,0.00000,0.00000,0.00000,0.00000,0.00000,63.27585
112.350,"PI",1.07293,1.11910,1.23268,0.23293,0.90015,0.08015,-0.00951,0.00000,0.00000,0.45000,-0.07021,"STOPPED",0.00000,0.00000,0.00000,0.00000,0.00000,0.00000,0.00000,0.00000,0.00000,0.00000,0.00000,0.00000,0.00000,63.27585
112.450,"PI",1.07293,1.11910,1.23280,0.23233,0.90076,0.08076,-0.00949,0.00000,0.00000,0.45000,-0.04035,"STOPPED",0.00000,0.00000,0.00000,0.00000,0.00000,0.00000,0.00000,0.00000,0.00000,0.00000,0.00000,0.00000,0.00000,63.27585
112.550,"PI",1.04517,1.14686,1.23292,0.23173,0.91348,0.09348,-0.00031,0.00000,0.00000,0.45000,0.03112,"STOPPED",0.00000,0.00000,0.00000,0.00000,0.00000,0.00000,0.00000,0.00000,0.00000,0.00000,0.00000,0.00000,0.00000,63.27585
112.650,"PI",1.05510,1.13693,1.23304,0.23114,0.92899,0.10899,0.01057,0.00000,0.00000,0.45000,0.06713,"STOPPED",0.00000,0.00000,0.00000,0.00000,0.00000,0.00000,0.00000,0.00000,0.00000,0.00000,0.00000,0.00000,0.00000,63.27585
112.750,"PI",1.04798,1.14405,1.23316,0.23055,0.91578,0.09578,0.00050,0.00000,0.00000,0.45000,-0.01156,"STOPPED",0.00000,0.00000,0.00000,0.00000,0.00000,0.00000,0.00000,0.00000,0.00000,0.00000,0.00000,0.00000,0.00000,63.27585
112.850,"PI",1.07293,1.11910,1.23328,0.22995,0.91155,0.09155,-0.00312,0.00000,0.00000,0.45000,-0.04146,"STOPPED",0.00000,0.00000,0.00000,0.00000,0.00000,0.00000,0.00000,0.00000,0.00000,0.00000,0.00000,0.00000,0.00000,63.27585
112.950,"PI",1.07293,1.11910,1.23341,0.22936,0.90381,0.08381,-0.00946,0.00000,0.00000,0.45000,-0.05149,"STOPPED",0.00000,0.00000,0.00000,0.00000,0.00000,0.00000,0.00000,0.00000,0.00000,0.00000,0.00000,0.00000,0.00000,63.27585
113.050,"PI",1.05824,1.13379,1.23352,0.22878,0.90666,0.08666,-0.00772,0.00000,0.00000,0.45000,-0.01906,"STOPPED",0.00000,0.00000,0.00000,0.00000,0.00000,0.00000,0.00000,0.00000,0.00000,0.00000,0.00000,0.00000,0.00000,63.27585
113.150,"PI",1.04134,1.15069,1.23365,0.22818,0.93064,0.11064,0.00956,0.00000,0.00000,0.45000,0.07925,"STOPPED",0.00000,0.00000,0.00000,0.00000,0.00000,0.00000,0.00000,0.00000,0.00000,0.00000,0.00000,0.00000,0.00000,63.27585
113.250,"PI",1.05251,1.13953,1.23273,0.23299,0.93037,0.11037,0.00989,0.06858,0.01083,0.45000,0.03570,"STOPPED",0.00000,0.06679,0.07037,0.68501,0.72178,0.68501,0.72178,0.27635,0.27610,0.39312,0.41438,0.00001,0.80750,63.35088
113.350,"PI",1.07290,1.11913,1.23113,0.24136,0.90960,0.08960,-0.00111,0.09598,0.00488,0.45000,-0.06379,"STOPPED",0.00000,0.09517,0.09678,0.97609,0.99264,0.97609,0.99264,0.10901,0.08944,0.29087,0.29590,0.00040,0.58718,63.41802
113.450,"PI",1.07293,1.11910,1.23126,0.24076,0.89219,0.07219,-0.01145,0.00000,0.00000,0.45000,-0.09827,"STOPPED",0.00000,0.00000,0.00000,0.00000,0.00000,0.00000,0.00000,0.00000,0.00000,0.00000,0.00000,0.00000,0.00000,63.41802
113.550,"PI",1.07293,1.11910,1.23138,0.24016,0.89281,0.07281,-0.01144,0.00000,0.00000,0.45000,-0.05739,"STOPPED",0.00000,0.00000,0.00000,0.00000,0.00000,0.00000,0.00000,0.00000,0.00000,0.00000,0.00000,0.00000,0.00000,63.41802
113.650,"PI",1.04897,1.14306,1.23150,0.23957,0.92486,0.10486,0.01200,0.00000,0.00000,0.45000,0.10582,"STOPPED",0.00000,0.00000,0.00000,0.00000,0.00000,0.00000,0.00000,0.00000,0.00000,0.00000,0.00000,0.00000,0.00000,63.41802
113.750,"PI",1.06523,1.12680,1.23163,0.23897,0.92102,0.10102,0.00881,0.00000,0.00000,0.45000,0.05052,"STOPPED",0.00000,0.00000,0.00000,0.00000,0.00000,0.00000,0.00000,0.00000,0.00000,0.00000,0.00000,0.00000,0.00000,63.41802
113.850,"PI",1.05937,1.13266,1.23175,0.23837,0.92419,0.10419,0.01064,0.00000,0.00000,0.45000,0.06182,"STOPPED",0.00000,0.00000,0.00000,0.00000,0.00000,0.00000,0.00000,0.00000,0.00000,0.00000,0.00000,0.00000,0.00000,63.41802
113.950,"PI",1.07293,1.11910,1.23187,0.23778,0.89770,0.07770,-0.00949,0.00000,0.00000,0.45000,-0.06594,"STOPPED",0.00000,0.00000,0.00000,0.00000,0.00000,0.00000,0.00000,0.00000,0.00000,0.00000,0.00000,0.00000,0.00000,63.41802
114.050,"PI",1.07293,1.11910,1.23199,0.23718,0.89585,0.07585,-0.01138,0.00000,0.00000,0.45000,-0.04618,"STOPPED",0.00000,0.00000,0.00000,0.00000,0.00000,0.00000,0.00000,0.00000,0.00000,0.00000,0.00000,0.00000,0.00000,63.41802
114.150,"PI",1.05444,1.13759,1.23211,0.23658,0.90758,0.08758,-0.00288,0.00000,0.00000,0.45000,0.02324,"STOPPED",0.00000,0.00000,0.00000,0.00000,0.00000,0.00000,0.00000,0.00000,0.00000,0.00000,0.00000,0.00000,0.00000,63.41802
114.250,"PI",1.04641,1.14563,1.23223,0.23599,0.93018,0.11018,0.01315,0.00000,0.00000,0.45000,0.10314,"STOPPED",0.00000,0.00000,0.00000,0.00000,0.00000,0.00000,0.00000,0.00000,0.00000,0.00000,0.00000,0.00000,0.00000,63.41802
114.350,"PI",1.05757,1.13446,1.23236,0.23540,0.92302,0.10302,0.00761,0.00000,0.00000,0.45000,0.03296,"STOPPED",0.00000,0.00000,0.00000,0.00000,0.00000,0.00000,0.00000,0.00000,0.00000,0.00000,0.00000,0.00000,0.00000,63.41802
114.450,"PI",1.07293,1.11910,1.23248,0.23482,0.90408,0.08408,-0.00683,0.00000,0.00000,0.45000,-0.05637,"STOPPED",0.00000,0.00000,0.00000,0.00000,0.00000,0.00000,0.00000,0.00000,0.00000,0.00000,0.00000,0.00000,0.00000,63.41802
114.550,"PI",1.07293,1.11910,1.23260,0.23423,0.89887,0.07887,-0.01128,0.00000,0.00000,0.45000,-0.05189,"STOPPED",0.00000,0.00000,0.00000,0.00000,0.00000,0.00000,0.00000,0.00000,0.00000,0.00000,0.00000,0.00000,0.00000,63.41802
114.650,"PI",1.05902,1.13301,1.23272,0.23363,0.89947,0.07947,-0.01128,0.00000,0.00000,0.45000,-0.02921,"STOPPED",0.00000,0.00000,0.00000,0.00000,0.00000,0.00000,0.00000,0.00000,0.00000,0.00000,0.00000,0.00000,0.00000,63.41802
114.750,"PI",1.04984,1.14219,1.23284,0.23303,0.93164,0.11164,0.01205,0.00000,0.00000,0.45000,0.10774,"STOPPED",0.00000,0.00000,0.00000,0.00000,0.00000,0.00000,0.00000,0.00000,0.00000,0.00000,0.00000,0.00000,0.00000,63.41802
114.850,"PI",1.05862,1.13341,1.23296,0.23244,0.91898,0.09898,0.00249,0.00000,0.00000,0.45000,0.01395,"STOPPED",0.00000,0.00000,0.00000,0.00000,0.00000,0.00000,0.00000,0.00000,0.00000,0.00000,0.00000,0.00000,0.00000,63.41802
114.950,"PI",1.06684,1.12519,1.23308,0.23185,0.92762,0.10762,0.00834,0.00000,0.00000,0.45000,0.04778,"STOPPED",0.00000,0.00000,0.00000,0.00000,0.00000,0.00000,0.00000,0.00000,0.00000,0.00000,0.00000,0.00000,0.00000,63.41802
115.050,"PI",1.07293,1.11910,1.23321,0.23125,0.90190,0.08190,-0.01122,0.00000,0.00000,0.45000,-0.06576,"STOPPED",0.00000,0.00000,0.00000,0.00000,0.00000,0.00000,0.00000,0.00000,0.00000,0.00000,0.00000,0.00000,0.00000,63.41802
115.150,"PI",1.06935,1.12268,1.23333,0.23066,0.90251,0.08251,-0.01121,0.00000,0.00000,0.45000,-0.03760,"STOPPED",0.00000,0.00000,0.00000,0.00000,0.00000,0.00000,0.00000,0.00000,0.00000,0.00000,0.00000,0.00000,0.00000,63.41802
115.250,"PI",1.04964,1.14239,1.23345,0.23006,0.92121,0.10121,0.00237,0.00000,0.00000,0.45000,0.05506,"STOPPED",0.00000,0.00000,0.00000,0.00000,0.00000,0.00000,0.00000,0.00000,0.00000,0.00000,0.00000,0.00000,0.00000,63.41802
115.350,"PI",1.05025,1.14178,1.23358,0.22946,0.93949,0.11949,0.01500,0.00000,0.00000,0.45000,0.10478,"STOPPED",0.00000,0.00000,0.00000,0.00000,0.00000,0.00000,0.00000,0.00000,0.00000,0.00000,0.00000,0.00000,0.00000,63.41802
115.450,"PI",1.06295,1.12909,1.23369,0.22888,0.92693,0.10693,0.00565,0.00000,0.00000,0.45000,0.01712,"STOPPED",0.00000,0.00000,0.00000,0.00000,0.00000,0.00000,0.00000,0.00000,0.00000,0.00000,0.00000,0.00000,0.00000,63.41802
115.550,"PI",1.07293,1.11910,1.23382,0.22829,0.90492,0.08492,-0.01115,0.00000,0.00000,0.45000,-0.07608,"STOPPED",0.00000,0.00000,0.00000,0.00000,0.00000,0.00000,0.00000,0.00000,0.00000,0.00000,0.00000,0.00000,0.00000,63.41802
115.650,"PI",1.07293,1.11910,1.23394,0.22769,0.90553,0.08553,-0.01113,0.00000,0.00000,0.45000,-0.04389,"STOPPED",0.00000,0.00000,0.00000,0.00000,0.00000,0.00000,0.00000,0.00000,0.00000,0.00000,0.00000,0.00000,0.00000,63.41802
115.750,"PI",1.04300,1.14903,1.23406,0.22711,0.90727,0.08727,-0.01026,0.00000,0.00000,0.45000,-0.01937,"STOPPED",0.00000,0.00000,0.00000,0.00000,0.00000,0.00000,0.00000,0.00000,0.00000,0.00000,0.00000,0.00000,0.00000,63.41802
115.850,"PI",1.04984,1.14219,1.23314,0.23192,0.93174,0.11174,0.00821,0.06873,0.01201,0.45000,0.06275,"STOPPED",0.00000,0.06674,0.07072,0.68453,0.72532,0.68453,0.72532,0.28156,0.27707,0.39615,0.41993,0.00023,0.81632,63.49330
115.950,"PI",1.04470,1.14733,1.23152,0.24031,0.90390,0.08390,-0.00817,0.09554,0.00054,0.45000,-0.08122,"STOPPED",0.00000,0.09545,0.09563,0.97901,0.98085,0.97901,0.98085,0.10526,0.06592,0.27082,0.27134,0.00009,0.54225,63.55967
116.050,"PI",1.07190,1.12013,1.22960,0.25020,0.90098,0.08098,-0.00387,0.10782,0.00198,0.45000,-0.08373,"STOPPED",0.00000,0.10749,0.10814,1.10243,1.10916,1.10243,1.10916,0.03880,0.00858,0.19874,0.19999,0.00025,0.39899,63.61251
116.150,"PI",1.07293,1.11910,1.22972,0.24960,0.88322,0.06322,-0.01401,0.00000,0.00000,0.45000,-0.11275,"STOPPED",0.00000,0.00000,0.00000,0.00000,0.00000,0.00000,0.00000,0.00000,0.00000,0.00000,0.00000,0.00000,0.00000,63.61251
116.250,"PI",1.06175,1.13028,1.22985,0.24900,0.88383,0.06383,-0.01400,0.00000,0.00000,0.45000,-0.06619,"STOPPED",0.00000,0.00000,0.00000,0.00000,0.00000,0.00000,0.00000,0.00000,0.00000,0.00000,0.00000,0.00000,0.00000,63.61251
116.350,"PI",1.04331,1.14872,1.22997,0.24841,0.90698,0.08698,0.00317,0.00000,0.00000,0.45000,0.04868,"STOPPED",0.00000,0.00000,0.00000,0.00000,0.00000,0.00000,0.00000,0.00000,0.00000,0.00000,0.00000,0.00000,0.00000,63.61251
116.450,"PI",1.05152,1.14052,1.23010,0.24781,0.91483,0.09483,0.00845,0.00000,0.00000,0.45000,0.05207,"STOPPED",0.00000,0.00000,0.00000,0.00000,0.00000,0.00000,0.00000,0.00000,0.00000,0.00000,0.00000,0.00000,0.00000,63.61251
116.550,"PI",1.06928,1.12275,1.23022,0.24721,0.90231,0.08231,-0.00120,0.00000,0.00000,0.45000,-0.01909,"STOPPED",0.00000,0.00000,0.00000,0.00000,0.00000,0.00000,0.00000,0.00000,0.00000,0.00000,0.00000,0.00000,0.00000,63.61251
116.650,"PI",1.07293,1.11910,1.23034,0.24664,0.88626,0.06626,-0.01396,0.00000,0.00000,0.45000,-0.07055,"STOPPED",0.00000,0.00000,0.00000,0.00000,0.00000,0.00000,0.00000,0.00000,0.00000,0.00000,0.00000,0.00000,0.00000,63.61251
116.750,"PI",1.07293,1.11910,1.23047,0.24604,0.88686,0.06686,-0.01395,0.00000,0.00000,0.45000,-0.04057,"STOPPED",0.00000,0.00000,0.00000,0.00000,0.00000,0.00000,0.00000,0.00000,0.00000,0.00000,0.00000,0.00000,0.00000,63.61251
116.850,"PI",1.04680,1.14523,1.23060,0.24545,0.90783,0.08783,0.00155,0.00000,0.00000,0.45000,0.06732,"STOPPED",0.00000,0.00000,0.00000,0.00000,0.00000,0.00000,0.00000,0.00000,0.00000,0.00000,0.00000,0.00000,0.00000,63.61251
116.950,"PI",1.05943,1.13260,1.23072,0.24486,0.91508,0.09508,0.00642,0.00000,0.00000,0.45000,0.06265,"STOPPED",0.00000,0.00000,0.00000,0.00000,0.00000,0.00000,0.00000,0.00000,0.00000,0.00000,0.00000,0.00000,0.00000,63.61251
117.050,"PI",1.05285,1.13918,1.23084,0.24426,0.90886,0.08886,0.00142,0.00000,0.00000,0.45000,0.02138,"STOPPED",0.00000,0.00000,0.00000,0.00000,0.00000,0.00000,0.00000,0.00000,0.00000,0.00000,0.00000,0.00000,0.00000,63.61251
117.150,"PI",1.07293,1.11910,1.23097,0.24366,0.89511,0.07511,-0.00939,0.00000,0.00000,0.45000,-0.05097,"STOPPED",0.00000,0.00000,0.00000,0.00000,0.00000,0.00000,0.00000,0.00000,0.00000,0.00000,0.00000,0.00000,0.00000,63.61251
117.250,"PI",1.07293,1.11910,1.23109,0.24306,0.88990,0.06990,-0.01389,0.00000,0.00000,0.45000,-0.04860,"STOPPED",0.00000,0.00000,0.00000,0.00000,0.00000,0.00000,0.00000,0.00000,0.00000,0.00000,0.00000,0.00000,0.00000,63.61251
117.350,"PI",1.05662,1.13541,1.23121,0.24247,0.89655,0.07655,-0.00921,0.00000,0.00000,0.45000,-0.00058,"STOPPED",0.00000,0.00000,0.00000,0.00000,0.00000,0.00000,0.00000,0.00000,0.00000,0.00000,0.00000,0.00000,0.00000,63.61251
117.450,"PI",1.04351,1.14852,1.23134,0.24187,0.91995,0.09995,0.00773,0.00000,0.00000,0.45000,0.08974,"STOPPED",0.00000,0.00000,0.00000,0.00000,0.00000,0.00000,0.00000,0.00000,0.00000,0.00000,0.00000,0.00000,0.00000,63.61251
117.550,"PI",1.05467,1.13736,1.23146,0.24130,0.91793,0.09793,0.00585,0.00000,0.00000,0.45000,0.03993,"STOPPED",0.00000,0.00000,0.00000,0.00000,0.00000,0.00000,0.00000,0.00000,0.00000,0.00000,0.00000,0.00000,0.00000,63.61251
117.650,"PI",1.07293,1.11910,1.23158,0.24071,0.90235,0.08235,-0.00610,0.00000,0.00000,0.45000,-0.03979,"STOPPED",0.00000,0.00000,0.00000,0.00000,0.00000,0.00000,0.00000,0.00000,0.00000,0.00000,0.00000,0.00000,0.00000,63.61251
117.750,"PI",1.07293,1.11910,1.23171,0.24011,0.89291,0.07291,-0.01379,0.00000,0.00000,0.45000,-0.05631,"STOPPED",0.00000,0.00000,0.00000,0.00000,0.00000,0.00000,0.00000,0.00000,0.00000,0.00000,0.00000,0.00000,0.00000,63.61251
117.850,"PI",1.06843,1.12360,1.23183,0.23951,0.89352,0.07352,-0.01377,0.00000,0.00000,0.45000,-0.03188,"STOPPED",0.00000,0.00000,0.00000,0.00000,0.00000,0.00000,0.00000,0.00000,0.00000,0.00000,0.00000,0.00000,0.00000,63.61251
117.950,"PI",1.04984,1.14219,1.23195,0.23893,0.92825,0.10825,0.01154,0.00000,0.00000,0.45000,0.12803,"STOPPED",0.00000,0.00000,0.00000,0.00000,0.00000,0.00000,0.00000,0.00000,0.00000,0.00000,0.00000,0.00000,0.00000,63.61251
118.050,"PI",1.06659,1.12544,1.23208,0.23833,0.91982,0.09982,0.00507,0.00000,0.00000,0.45000,0.04742,"STOPPED",0.00000,0.00000,0.00000,0.00000,0.00000,0.00000,0.00000,0.00000,0.00000,0.00000,0.00000,0.00000,0.00000,63.61251
118.150,"PI",1.06394,1.12809,1.23221,0.23773,0.92937,0.10937,0.01146,0.00000,0.00000,0.45000,0.08770,"STOPPED",0.00000,0.00000,0.00000,0.00000,0.00000,0.00000,0.00000,0.00000,0.00000,0.00000,0.00000,0.00000,0.00000,63.61251
118.250,"PI",1.07293,1.11910,1.23233,0.23714,0.89594,0.07594,-0.01371,0.00000,0.00000,0.45000,-0.07121,"STOPPED",0.00000,0.00000,0.00000,0.00000,0.00000,0.00000,0.00000,0.00000,0.00000,0.00000,0.00000,0.00000,0.00000,63.61251
118.350,"PI",1.07293,1.11910,1.23245,0.23656,0.89655,0.07655,-0.01370,0.00000,0.00000,0.45000,-0.04094,"STOPPED",0.00000,0.00000,0.00000,0.00000,0.00000,0.00000,0.00000,0.00000,0.00000,0.00000,0.00000,0.00000,0.00000,63.61251
118.450,"PI",1.05282,1.13921,1.23258,0.23596,0.91209,0.09209,-0.00238,0.00000,0.00000,0.45000,0.04316,"STOPPED",0.00000,0.00000,0.00000,0.00000,0.00000,0.00000,0.00000,0.00000,0.00000,0.00000,0.00000,0.00000,0.00000,63.61251
118.550,"PI",1.04857,1.14346,1.23270,0.23537,0.93407,0.11407,0.01305,0.00000,0.00000,0.45000,0.11441,"STOPPED",0.00000,0.00000,0.00000,0.00000,0.00000,0.00000,0.00000,0.00000,0.00000,0.00000,0.00000,0.00000,0.00000,63.61251
118.650,"PI",1.05974,1.13229,1.23282,0.23477,0.92309,0.10309,0.00480,0.00000,0.00000,0.45000,0.02853,"STOPPED",0.00000,0.00000,0.00000,0.00000,0.00000,0.00000,0.00000,0.00000,0.00000,0.00000,0.00000,0.00000,0.00000,63.61251
118.750,"PI",1.07293,1.11910,1.23295,0.23417,0.90165,0.08165,-0.01159,0.00000,0.00000,0.45000,-0.06823,"STOPPED",0.00000,0.00000,0.00000,0.00000,0.00000,0.00000,0.00000,0.00000,0.00000,0.00000,0.00000,0.00000,0.00000,63.61251
118.850,"PI",1.07293,1.11910,1.23307,0.23358,0.89959,0.07959,-0.01363,0.00000,0.00000,0.45000,-0.04829,"STOPPED",0.00000,0.00000,0.00000,0.00000,0.00000,0.00000,0.00000,0.00000,0.00000,0.00000,0.00000,0.00000,0.00000,63.61251
118.950,"PI",1.05197,1.14006,1.23320,0.23300,0.90019,0.08019,-0.01362,0.00000,0.00000,0.45000,-0.02704,"STOPPED",0.00000,0.00000,0.00000,0.00000,0.00000,0.00000,0.00000,0.00000,0.00000,0.00000,0.00000,0.00000,0.00000,63.61251
119.050,"PI",1.04984,1.14219,1.23332,0.23240,0.93043,0.11043,0.00833,0.00000,0.00000,0.45000,0.09260,"STOPPED",0.00000,0.00000,0.00000,0.00000,0.00000,0.00000,0.00000,0.00000,0.00000,0.00000,0.00000,0.00000,0.00000,63.61251
119.150,"PI",1.05266,1.13937,1.23345,0.23181,0.91460,0.09460,-0.00361,0.00000,0.00000,0.45000,-0.01104,"STOPPED",0.00000,0.00000,0.00000,0.00000,0.00000,0.00000,0.00000,0.00000,0.00000,0.00000,0.00000,0.00000,0.00000,63.61251
119.250,"PI",1.06901,1.12303,1.23357,0.23122,0.92260,0.10260,0.00182,0.00000,0.00000,0.45000,0.01801,"STOPPED",0.00000,0.00000,0.00000,0.00000,0.00000,0.00000,0.00000,0.00000,0.00000,0.00000,0.00000,0.00000,0.00000,63.61251
119.350,"PI",1.07293,1.11910,1.23369,0.23063,0.90260,0.08260,-0.01355,0.00000,0.00000,0.45000,-0.06180,"STOPPED",0.00000,0.00000,0.00000,0.00000,0.00000,0.00000,0.00000,0.00000,0.00000,0.00000,0.00000,0.00000,0.00000,63.61251
119.450,"PI",1.06610,1.12593,1.23382,0.23003,0.90320,0.08320,-0.01355,0.00000,0.00000,0.45000,-0.03523,"STOPPED",0.00000,0.00000,0.00000,0.00000,0.00000,0.00000,0.00000,0.00000,0.00000,0.00000,0.00000,0.00000,0.00000,63.61251
119.550,"PI",1.04693,1.14510,1.23394,0.22945,0.92382,0.10382,0.00139,0.00000,0.00000,0.45000,0.06127,"STOPPED",0.00000,0.00000,0.00000,0.00000,0.00000,0.00000,0.00000,0.00000,0.00000,0.00000,0.00000,0.00000,0.00000,63.61251
119.650,"PI",1.05079,1.14124,1.23406,0.22885,0.93762,0.11762,0.01082,0.00000,0.00000,0.45000,0.08762,"STOPPED",0.00000,0.00000,0.00000,0.00000,0.00000,0.00000,0.00000,0.00000,0.00000,0.00000,0.00000,0.00000,0.00000,63.61251
119.750,"PI",1.06566,1.12638,1.23419,0.22825,0.92508,0.10508,0.00144,0.00000,0.00000,0.45000,0.00493,"STOPPED",0.00000,0.00000,0.00000,0.00000,0.00000,0.00000,0.00000,0.00000,0.00000,0.00000,0.00000,0.00000,0.00000,63.61251
119.850,"PI",1.07293,1.11910,1.23430,0.22767,0.90563,0.08563,-0.01351,0.00000,0.00000,0.45000,-0.07167,"STOPPED",0.00000,0.00000,0.00000,0.00000,0.00000,0.00000,0.00000,0.00000,0.00000,0.00000,0.00000,0.00000,0.00000,63.61251
119.950,"PI",1.07293,1.11910,1.23443,0.22707,0.90623,0.08623,-0.01350,0.00000,0.00000,0.45000,-0.04125,"STOPPED",0.00000,0.00000,0.00000,0.00000,0.00000,0.00000,0.00000,0.00000,0.00000,0.00000,0.00000,0.00000,0.00000,63.61251
120.050,"PI",1.04463,1.14741,1.23456,0.22647,0.91619,0.09619,-0.00644,0.00000,0.00000,0.45000,0.01842,"STOPPED",0.00000,0.00000,0.00000,0.00000,0.00000,0.00000,0.00000,0.00000,0.00000,0.00000,0.00000,0.00000,0.00000,63.61251
120.150,"PI",1.05364,1.13839,1.23363,0.23126,0.93241,0.11241,0.00597,0.06870,0.00863,0.45000,0.05922,"STOPPED",0.00000,0.06727,0.07013,0.68998,0.71927,0.68998,0.71927,0.28297,0.27958,0.40145,0.41861,0.00012,0.82019,63.68759
120.250,"PI",1.04634,1.14569,1.23199,0.23964,0.90909,0.08909,-0.00658,0.09601,-0.00104,0.45000,-0.05920,"STOPPED",0.00000,0.09618,0.09584,0.98649,0.98295,0.98649,0.98295,0.11027,0.08511,0.29166,0.29059,0.00011,0.58236,63.75468
120.350,"PI",1.07293,1.11910,1.23110,0.24422,0.89797,0.07797,-0.00820,0.00000,0.00000,0.45000,-0.10025,"STOPPED",0.00000,0.00000,0.00000,0.00000,0.00000,0.00000,0.00000,-1.07119,-1.09525,0.00000,0.00000,0.00000,0.00000,63.78694
120.450,"PI",1.07293,1.11910,1.23122,0.24362,0.88937,0.06937,-0.01528,0.00000,0.00000,0.45000,-0.09021,"STOPPED",0.00000,0.00000,0.00000,0.00000,0.00000,0.00000,0.00000,0.00000,0.00000,0.00000,0.00000,0.00000,0.00000,63.78694
120.550,"PI",1.05879,1.13324,1.23134,0.24303,0.89097,0.07097,-0.01449,0.00000,0.00000,0.45000,-0.04814,"STOPPED",0.00000,0.00000,0.00000,0.00000,0.00000,0.00000,0.00000,0.00000,0.00000,0.00000,0.00000,0.00000,0.00000,63.78694
120.650,"PI",1.04061,1.15142,1.23147,0.24244,0.91516,0.09516,0.00327,0.00000,0.00000,0.45000,0.06185,"STOPPED",0.00000,0.00000,0.00000,0.00000,0.00000,0.00000,0.00000,0.00000,0.00000,0.00000,0.00000,0.00000,0.00000,63.78694
120.750,"PI",1.05206,1.13997,1.23160,0.24184,0.91842,0.09842,0.00520,0.00000,0.00000,0.45000,0.03878,"STOPPED",0.00000,0.00000,0.00000,0.00000,0.00000,0.00000,0.00000,0.00000,0.00000,0.00000,0.00000,0.00000,0.00000,63.78694
120.850,"PI",1.07199,1.12004,1.23172,0.24126,0.90591,0.08591,-0.00444,0.00000,0.00000,0.45000,-0.02902,"STOPPED",0.00000,0.00000,0.00000,0.00000,0.00000,0.00000,0.00000,0.00000,0.00000,0.00000,0.00000,0.00000,0.00000,63.78694
120.950,"PI",1.07293,1.11910,1.23185,0.24065,0.89240,0.07240,-0.01519,0.00000,0.00000,0.45000,-0.06479,"STOPPED",0.00000,0.00000,0.00000,0.00000,0.00000,0.00000,0.00000,0.00000,0.00000,0.00000,0.00000,0.00000,0.00000,63.78694
121.050,"PI",1.07293,1.11910,1.23197,0.24006,0.89301,0.07301,-0.01518,0.00000,0.00000,0.45000,-0.03702,"STOPPED",0.00000,0.00000,0.00000,0.00000,0.00000,0.00000,0.00000,0.00000,0.00000,0.00000,0.00000,0.00000,0.00000,63.78694
121.150,"PI",1.04842,1.14361,1.23210,0.23946,0.92228,0.10228,0.00624,0.00000,0.00000,0.45000,0.10598,"STOPPED",0.00000,0.00000,0.00000,0.00000,0.00000,0.00000,0.00000,0.00000,0.00000,0.00000,0.00000,0.00000,0.00000,63.78694
121.250,"PI",1.06377,1.12826,1.23222,0.23887,0.92124,0.10124,0.00505,0.00000,0.00000,0.45000,0.05956,"STOPPED",0.00000,0.00000,0.00000,0.00000,0.00000,0.00000,0.00000,0.00000,0.00000,0.00000,0.00000,0.00000,0.00000,63.78694
121.350,"PI",1.05773,1.13430,1.23235,0.23827,0.92204,0.10204,0.00519,0.00000,0.00000,0.45000,0.05529,"STOPPED",0.00000,0.00000,0.00000,0.00000,0.00000,0.00000,0.00000,0.00000,0.00000,0.00000,0.00000,0.00000,0.00000,63.78694
121.450,"PI",1.07293,1.11910,1.23247,0.23767,0.89875,0.07875,-0.01257,0.00000,0.00000,0.45000,-0.05999,"STOPPED",0.00000,0.00000,0.00000,0.00000,0.00000,0.00000,0.00000,0.00000,0.00000,0.00000,0.00000,0.00000,0.00000,63.78694
121.550,"PI",1.07293,1.11910,1.23260,0.23709,0.89605,0.07605,-0.01510,0.00000,0.00000,0.45000,-0.04549,"STOPPED",0.00000,0.00000,0.00000,0.00000,0.00000,0.00000,0.00000,0.00000,0.00000,0.00000,0.00000,0.00000,0.00000,63.78694
121.650,"PI",1.05499,1.13704,1.23272,0.23649,0.90651,0.08651,-0.00757,0.00000,0.00000,0.45000,0.01807,"STOPPED",0.00000,0.00000,0.00000,0.00000,0.00000,0.00000,0.00000,0.00000,0.00000,0.00000,0.00000,0.00000,0.00000,63.78694
121.750,"PI",1.04568,1.14635,1.23285,0.23589,0.92932,0.10932,0.00865,0.00000,0.00000,0.45000,0.10029,"STOPPED",0.00000,0.00000,0.00000,0.00000,0.00000,0.00000,0.00000,0.00000,0.00000,0.00000,0.00000,0.00000,0.00000,63.78694
121.850,"PI",1.05684,1.13519,1.23297,0.23530,0.92345,0.10345,0.00402,0.00000,0.00000,0.45000,0.03501,"STOPPED",0.00000,0.00000,0.00000,0.00000,0.00000,0.00000,0.00000,0.00000,0.00000,0.00000,0.00000,0.00000,0.00000,63.78694
121.950,"PI",1.07293,1.11910,1.23310,0.23470,0.90537,0.08537,-0.00978,0.00000,0.00000,0.45000,-0.05195,"STOPPED",0.00000,0.00000,0.00000,0.00000,0.00000,0.00000,0.00000,0.00000,0.00000,0.00000,0.00000,0.00000,0.00000,63.78694
122.050,"PI",1.07293,1.11910,1.23322,0.23411,0.89909,0.07909,-0.01503,0.00000,0.00000,0.45000,-0.05286,"STOPPED",0.00000,0.00000,0.00000,0.00000,0.00000,0.00000,0.00000,0.00000,0.00000,0.00000,0.00000,0.00000,0.00000,63.78694
122.150,"PI",1.06139,1.13065,1.23334,0.23352,0.89970,0.07970,-0.01500,0.00000,0.00000,0.45000,-0.02980,"STOPPED",0.00000,0.00000,0.00000,0.00000,0.00000,0.00000,0.00000,0.00000,0.00000,0.00000,0.00000,0.00000,0.00000,63.78694
122.250,"PI",1.04984,1.14219,1.23347,0.23293,0.93251,0.11251,0.00877,0.00000,0.00000,0.45000,0.11294,"STOPPED",0.00000,0.00000,0.00000,0.00000,0.00000,0.00000,0.00000,0.00000,0.00000,0.00000,0.00000,0.00000,0.00000,63.78694
122.350,"PI",1.06063,1.13140,1.23360,0.23233,0.92091,0.10091,-0.00000,0.00000,0.00000,0.45000,0.02239,"STOPPED",0.00000,0.00000,0.00000,0.00000,0.00000,0.00000,0.00000,0.00000,0.00000,0.00000,0.00000,0.00000,0.00000,63.78694
122.450,"PI",1.06611,1.12592,1.23372,0.23173,0.92979,0.10979,0.00597,0.00000,0.00000,0.45000,0.05788,"STOPPED",0.00000,0.00000,0.00000,0.00000,0.00000,0.00000,0.00000,0.00000,0.00000,0.00000,0.00000,0.00000,0.00000,63.78694
122.550,"PI",1.07293,1.11910,1.23384,0.23115,0.90211,0.08211,-0.01494,0.00000,0.00000,0.45000,-0.06718,"STOPPED",0.00000,0.00000,0.00000,0.00000,0.00000,0.00000,0.00000,0.00000,0.00000,0.00000,0.00000,0.00000,0.00000,63.78694
122.650,"PI",1.07044,1.12159,1.23397,0.23055,0.90272,0.08272,-0.01492,0.00000,0.00000,0.45000,-0.03849,"STOPPED",0.00000,0.00000,0.00000,0.00000,0.00000,0.00000,0.00000,0.00000,0.00000,0.00000,0.00000,0.00000,0.00000,63.78694
122.750,"PI",1.05055,1.14148,1.23410,0.22995,0.92079,0.10079,-0.00182,0.00000,0.00000,0.45000,0.05299,"STOPPED",0.00000,0.00000,0.00000,0.00000,0.00000,0.00000,0.00000,0.00000,0.00000,0.00000,0.00000,0.00000,0.00000,63.78694
122.850,"PI",1.05007,1.14196,1.23382,0.23139,0.94057,0.12057,0.01185,0.04132,0.00781,0.45000,0.11054,"STOPPED",0.00000,0.04003,0.04262,0.41057,0.43709,0.41057,0.43709,0.41057,0.43709,0.33000,0.35138,0.00088,0.68226,63.82106
122.950,"PI",1.06203,1.13000,1.23246,0.23833,0.92254,0.10254,0.00186,0.08563,0.00452,0.45000,-0.00080,"STOPPED",0.00000,0.08489,0.08638,0.87063,0.88596,0.87063,0.88596,0.18250,0.17744,0.36916,0.37574,0.00010,0.74499,63.89820
123.050,"PI",1.07293,1.11910,1.23166,0.24240,0.89065,0.07065,-0.01595,0.00000,0.00000,0.45000,-0.12656,"STOPPED",0.00000,0.00000,0.00000,0.00000,0.00000,0.00000,0.00000,-0.97955,-0.97274,0.00000,0.00000,0.00000,0.00000,63.92709
123.150,"PI",1.07293,1.11910,1.23178,0.24182,0.89126,0.07126,-0.01593,0.00000,0.00000,0.45000,-0.07462,"STOPPED",0.00000,0.00000,0.00000,0.00000,0.00000,0.00000,0.00000,0.00000,0.00000,0.00000,0.00000,0.00000,0.00000,63.92709
123.250,"PI",1.04493,1.14710,1.23191,0.24122,0.89186,0.07186,-0.01593,0.00000,0.00000,0.45000,-0.04304,"STOPPED",0.00000,0.00000,0.00000,0.00000,0.00000,0.00000,0.00000,0.00000,0.00000,0.00000,0.00000,0.00000,0.00000,63.92709
123.350,"PI",1.04984,1.14219,1.23204,0.24062,0.92020,0.10020,0.00484,0.00000,0.00000,0.45000,0.06647,"STOPPED",0.00000,0.00000,0.00000,0.00000,0.00000,0.00000,0.00000,0.00000,0.00000,0.00000,0.00000,0.00000,0.00000,63.92709
123.450,"PI",1.04670,1.14533,1.23216,0.24003,0.90123,0.08123,-0.00965,0.00000,0.00000,0.45000,-0.04266,"STOPPED",0.00000,0.00000,0.00000,0.00000,0.00000,0.00000,0.00000,0.00000,0.00000,0.00000,0.00000,0.00000,0.00000,63.92709
123.550,"PI",1.07117,1.12086,1.23229,0.23943,0.90857,0.08857,-0.00458,0.00000,0.00000,0.45000,-0.01578,"STOPPED",0.00000,0.00000,0.00000,0.00000,0.00000,0.00000,0.00000,0.00000,0.00000,0.00000,0.00000,0.00000,0.00000,63.92709
123.650,"PI",1.07293,1.11910,1.23241,0.23884,0.89429,0.07429,-0.01588,0.00000,0.00000,0.45000,-0.06028,"STOPPED",0.00000,0.00000,0.00000,0.00000,0.00000,0.00000,0.00000,0.00000,0.00000,0.00000,0.00000,0.00000,0.00000,63.92709
123.750,"PI",1.06285,1.12918,1.23254,0.23824,0.89490,0.07490,-0.01585,0.00000,0.00000,0.45000,-0.03429,"STOPPED",0.00000,0.00000,0.00000,0.00000,0.00000,0.00000,0.00000,0.00000,0.00000,0.00000,0.00000,0.00000,0.00000,63.92709
123.850,"PI",1.04422,1.14781,1.23266,0.23766,0.91741,0.09741,0.00061,0.00000,0.00000,0.45000,0.06653,"STOPPED",0.00000,0.00000,0.00000,0.00000,0.00000,0.00000,0.00000,0.00000,0.00000,0.00000,0.00000,0.00000,0.00000,63.92709
123.950,"PI",1.05133,1.14070,1.23279,0.23706,0.92676,0.10676,0.00691,0.00000,0.00000,0.45000,0.06995,"STOPPED",0.00000,0.00000,0.00000,0.00000,0.00000,0.00000,0.00000,0.00000,0.00000,0.00000,0.00000,0.00000,0.00000,63.92709
124.050,"PI",1.06837,1.12367,1.23292,0.23646,0.91424,0.09424,-0.00260,0.00000,0.00000,0.45000,-0.00761,"STOPPED",0.00000,0.00000,0.00000,0.00000,0.00000,0.00000,0.00000,0.00000,0.00000,0.00000,0.00000,0.00000,0.00000,63.92709
124.150,"PI",1.07293,1.11910,1.23304,0.23587,0.89733,0.07733,-0.01581,0.00000,0.00000,0.45000,-0.06754,"STOPPED",0.00000,0.00000,0.00000,0.00000,0.00000,0.00000,0.00000,0.00000,0.00000,0.00000,0.00000,0.00000,0.00000,63.92709
124.250,"PI",1.07293,1.11910,1.23317,0.23527,0.89793,0.07793,-0.01580,0.00000,0.00000,0.45000,-0.03872,"STOPPED",0.00000,0.00000,0.00000,0.00000,0.00000,0.00000,0.00000,0.00000,0.00000,0.00000,0.00000,0.00000,0.00000,63.92709
124.350,"PI",1.04625,1.14578,1.23329,0.23468,0.91614,0.09614,-0.00254,0.00000,0.00000,0.45000,0.05624,"STOPPED",0.00000,0.00000,0.00000,0.00000,0.00000,0.00000,0.00000,0.00000,0.00000,0.00000,0.00000,0.00000,0.00000,63.92709
124.450,"PI",1.05798,1.13405,1.23341,0.23409,0.92616,0.10616,0.00430,0.00000,0.00000,0.45000,0.06481,"STOPPED",0.00000,0.00000,0.00000,0.00000,0.00000,0.00000,0.00000,0.00000,0.00000,0.00000,0.00000,0.00000,0.00000,63.92709
124.550,"PI",1.05121,1.14082,1.23354,0.23349,0.91760,0.09760,-0.00235,0.00000,0.00000,0.45000,0.01070,"STOPPED",0.00000,0.00000,0.00000,0.00000,0.00000,0.00000,0.00000,0.00000,0.00000,0.00000,0.00000,0.00000,0.00000,63.92709
124.650,"PI",1.07293,1.11910,1.23367,0.23289,0.90704,0.08704,-0.01066,0.00000,0.00000,0.45000,-0.04754,"STOPPED",0.00000,0.00000,0.00000,0.00000,0.00000,0.00000,0.00000,0.00000,0.00000,0.00000,0.00000,0.00000,0.00000,63.92709
124.750,"PI",1.07293,1.11910,1.23379,0.23230,0.90096,0.08096,-0.01574,0.00000,0.00000,0.45000,-0.04950,"STOPPED",0.00000,0.00000,0.00000,0.00000,0.00000,0.00000,0.00000,0.00000,0.00000,0.00000,0.00000,0.00000,0.00000,63.92709
124.850,"PI",1.05716,1.13487,1.23392,0.23170,0.90636,0.08636,-0.01206,0.00000,0.00000,0.45000,-0.00667,"STOPPED",0.00000,0.00000,0.00000,0.00000,0.00000,0.00000,0.00000,0.00000,0.00000,0.00000,0.00000,0.00000,0.00000,63.92709
124.950,"PI",1.04278,1.14925,1.23404,0.23111,0.92997,0.10997,0.00486,0.00000,0.00000,0.45000,0.08634,"STOPPED",0.00000,0.00000,0.00000,0.00000,0.00000,0.00000,0.00000,0.00000,0.00000,0.00000,0.00000,0.00000,0.00000,63.92709
125.050,"PI",1.05394,1.13809,1.23416,0.23052,0.92924,0.10924,0.00390,0.00000,0.00000,0.45000,0.04168,"STOPPED",0.00000,0.00000,0.00000,0.00000,0.00000,0.00000,0.00000,0.00000,0.00000,0.00000,0.00000,0.00000,0.00000,63.92709
125.150,"PI",1.07293,1.11910,1.23429,0.22992,0.91452,0.09452,-0.00728,0.00000,0.00000,0.45000,-0.03559,"STOPPED",0.00000,0.00000,0.00000,0.00000,0.00000,0.00000,0.00000,0.00000,0.00000,0.00000,0.00000,0.00000,0.00000,63.92709
125.250,"PI",1.07293,1.11910,1.23442,0.22932,0.90401,0.08401,-0.01566,0.00000,0.00000,0.45000,-0.05742,"STOPPED",0.00000,0.00000,0.00000,0.00000,0.00000,0.00000,0.00000,0.00000,0.00000,0.00000,0.00000,0.00000,0.00000,63.92709
125.350,"PI",1.07080,1.12123,1.23455,0.22872,0.90462,0.08462,-0.01565,0.00000,0.00000,0.45000,-0.03254,"STOPPED",0.00000,0.00000,0.00000,0.00000,0.00000,0.00000,0.00000,0.00000,0.00000,0.00000,0.00000,0.00000,0.00000,63.92709
125.450,"PI",1.04984,1.14219,1.23427,0.23016,0.94001,0.12001,0.00977,0.04122,0.01063,0.45000,0.13322,"STOPPED",0.00000,0.03946,0.04298,0.40472,0.44081,0.40472,0.44081,0.40472,0.44081,0.32461,0.35365,0.00163,0.67989,63.96109
125.550,"PI",1.06811,1.12393,1.23288,0.23716,0.92718,0.10718,0.00326,0.08665,0.00709,0.45000,0.03380,"STOPPED",0.00000,0.08547,0.08782,0.87666,0.90074,0.87666,0.90074,0.18956,0.18671,0.38298,0.39363,0.00009,0.77669,64.04032
125.650,"PI",1.06261,1.12942,1.23106,0.24638,0.92614,0.10614,0.00853,0.10500,0.00569,0.45000,0.04043,"STOPPED",0.00000,0.10405,0.10594,1.06723,1.08654,1.06723,1.08654,0.08585,0.12345,0.32769,0.33374,0.00091,0.66234,64.10006
125.750,"PI",1.07293,1.11910,1.23119,0.24578,0.88802,0.06802,-0.01664,0.00000,0.00000,0.45000,-0.11682,"STOPPED",0.00000,0.00000,0.00000,0.00000,0.00000,0.00000,0.00000,0.00000,0.00000,0.00000,0.00000,0.00000,0.00000,64.10006
125.850,"PI",1.07293,1.11910,1.23132,0.24517,0.88786,0.06786,-0.01722,0.00000,0.00000,0.45000,-0.07134,"STOPPED",0.00000,0.00000,0.00000,0.00000,0.00000,0.00000,0.00000,0.00000,0.00000,0.00000,0.00000,0.00000,0.00000,64.10006
125.950,"PI",1.05337,1.13867,1.23145,0.24457,0.90213,0.08213,-0.00676,0.00000,0.00000,0.45000,0.01908,"STOPPED",0.00000,0.00000,0.00000,0.00000,0.00000,0.00000,0.00000,0.00000,0.00000,0.00000,0.00000,0.00000,0.00000,64.10006
126.050,"PI",1.04784,1.14419,1.23157,0.24399,0.92433,0.10433,0.00901,0.00000,0.00000,0.45000,0.10007,"STOPPED",0.00000,0.00000,0.00000,0.00000,0.00000,0.00000,0.00000,0.00000,0.00000,0.00000,0.00000,0.00000,0.00000,64.10006
126.150,"PI",1.05901,1.13302,1.23170,0.24339,0.91463,0.09463,0.00162,0.00000,0.00000,0.45000,0.02361,"STOPPED",0.00000,0.00000,0.00000,0.00000,0.00000,0.00000,0.00000,0.00000,0.00000,0.00000,0.00000,0.00000,0.00000,64.10006
126.250,"PI",1.07293,1.11910,1.23183,0.24279,0.89403,0.07403,-0.01426,0.00000,0.00000,0.45000,-0.06816,"STOPPED",0.00000,0.00000,0.00000,0.00000,0.00000,0.00000,0.00000,0.00000,0.00000,0.00000,0.00000,0.00000,0.00000,64.10006
126.350,"PI",1.07293,1.11910,1.23195,0.24221,0.89090,0.07090,-0.01714,0.00000,0.00000,0.45000,-0.05194,"STOPPED",0.00000,0.00000,0.00000,0.00000,0.00000,0.00000,0.00000,0.00000,0.00000,0.00000,0.00000,0.00000,0.00000,64.10006
126.450,"PI",1.05434,1.13769,1.23208,0.24161,0.89150,0.07150,-0.01712,0.00000,0.00000,0.45000,-0.02922,"STOPPED",0.00000,0.00000,0.00000,0.00000,0.00000,0.00000,0.00000,0.00000,0.00000,0.00000,0.00000,0.00000,0.00000,64.10006
126.550,"PI",1.04984,1.14219,1.23221,0.24101,0.92242,0.10242,0.00548,0.00000,0.00000,0.45000,0.09692,"STOPPED",0.00000,0.00000,0.00000,0.00000,0.00000,0.00000,0.00000,0.00000,0.00000,0.00000,0.00000,0.00000,0.00000,64.10006
126.650,"PI",1.05467,1.13736,1.23233,0.24043,0.90763,0.08763,-0.00575,0.00000,0.00000,0.45000,-0.00321,"STOPPED",0.00000,0.00000,0.00000,0.00000,0.00000,0.00000,0.00000,0.00000,0.00000,0.00000,0.00000,0.00000,0.00000,64.10006
126.750,"PI",1.06828,1.12375,1.23245,0.23983,0.91586,0.09586,-0.00012,0.00000,0.00000,0.45000,0.02774,"STOPPED",0.00000,0.00000,0.00000,0.00000,0.00000,0.00000,0.00000,0.00000,0.00000,0.00000,0.00000,0.00000,0.00000,64.10006
126.850,"PI",1.07293,1.11910,1.23258,0.23924,0.89393,0.07393,-0.01706,0.00000,0.00000,0.45000,-0.06335,"STOPPED",0.00000,0.00000,0.00000,0.00000,0.00000,0.00000,0.00000,0.00000,0.00000,0.00000,0.00000,0.00000,0.00000,64.10006
126.950,"PI",1.06719,1.12484,1.23270,0.23866,0.89453,0.07453,-0.01704,0.00000,0.00000,0.45000,-0.03617,"STOPPED",0.00000,0.00000,0.00000,0.00000,0.00000,0.00000,0.00000,0.00000,0.00000,0.00000,0.00000,0.00000,0.00000,64.10006
127.050,"PI",1.04785,1.14419,1.23283,0.23806,0.91450,0.09450,-0.00243,0.00000,0.00000,0.45000,0.05908,"STOPPED",0.00000,0.00000,0.00000,0.00000,0.00000,0.00000,0.00000,0.00000,0.00000,0.00000,0.00000,0.00000,0.00000,64.10006
127.150,"PI",1.05061,1.14142,1.23296,0.23746,0.92982,0.10982,0.00817,0.00000,0.00000,0.45000,0.09339,"STOPPED",0.00000,0.00000,0.00000,0.00000,0.00000,0.00000,0.00000,0.00000,0.00000,0.00000,0.00000,0.00000,0.00000,64.10006
127.250,"PI",1.06474,1.12729,1.23308,0.23687,0.91726,0.09726,-0.00129,0.00000,0.00000,0.45000,0.00897,"STOPPED",0.00000,0.00000,0.00000,0.00000,0.00000,0.00000,0.00000,0.00000,0.00000,0.00000,0.00000,0.00000,0.00000,64.10006
127.350,"PI",1.07293,1.11910,1.23321,0.23628,0.89695,0.07695,-0.01699,0.00000,0.00000,0.45000,-0.07319,"STOPPED",0.00000,0.00000,0.00000,0.00000,0.00000,0.00000,0.00000,0.00000,0.00000,0.00000,0.00000,0.00000,0.00000,64.10006
127.450,"PI",1.07293,1.11910,1.23334,0.23568,0.89756,0.07756,-0.01697,0.00000,0.00000,0.45000,-0.04214,"STOPPED",0.00000,0.00000,0.00000,0.00000,0.00000,0.00000,0.00000,0.00000,0.00000,0.00000,0.00000,0.00000,0.00000,64.10006
127.550,"PI",1.04408,1.14795,1.23346,0.23509,0.90474,0.08474,-0.01192,0.00000,0.00000,0.45000,0.00565,"STOPPED",0.00000,0.00000,0.00000,0.00000,0.00000,0.00000,0.00000,0.00000,0.00000,0.00000,0.00000,0.00000,0.00000,64.10006
127.650,"PI",1.05218,1.13985,1.23359,0.23450,0.92580,0.10580,0.00314,0.00000,0.00000,0.45000,0.06942,"STOPPED",0.00000,0.00000,0.00000,0.00000,0.00000,0.00000,0.00000,0.00000,0.00000,0.00000,0.00000,0.00000,0.00000,64.10006
127.750,"PI",1.04470,1.14733,1.23372,0.23389,0.90791,0.08791,-0.01043,0.00000,0.00000,0.45000,-0.03412,"STOPPED",0.00000,0.00000,0.00000,0.00000,0.00000,0.00000,0.00000,0.00000,0.00000,0.00000,0.00000,0.00000,0.00000,64.10006
127.850,"PI",1.07293,1.11910,1.23384,0.23330,0.91005,0.09005,-0.00927,0.00000,0.00000,0.45000,-0.03541,"STOPPED",0.00000,0.00000,0.00000,0.00000,0.00000,0.00000,0.00000,0.00000,0.00000,0.00000,0.00000,0.00000,0.00000,64.10006
127.950,"PI",1.07293,1.11910,1.23397,0.23272,0.90060,0.08060,-0.01689,0.00000,0.00000,0.45000,-0.05369,"STOPPED",0.00000,0.00000,0.00000,0.00000,0.00000,0.00000,0.00000,0.00000,0.00000,0.00000,0.00000,0.00000,0.00000,64.10006
128.050,"PI",1.05960,1.13243,1.23410,0.23212,0.90120,0.08120,-0.01688,0.00000,0.00000,0.45000,-0.03031,"STOPPED",0.00000,0.00000,0.00000,0.00000,0.00000,0.00000,0.00000,0.00000,0.00000,0.00000,0.00000,0.00000,0.00000,64.10006
128.100,"PI",1.05255,1.13948,1.23416,0.23182,0.91707,0.09707,-0.00517,0.00000,0.00000,0.45000,0.04619,"STOPPED",0.00000,0.00000,0.00000,0.00000,0.00000,0.00000,0.00000,0.00000,0.00000,0.00000,0.00000,0.00000,0.00000,64.10006
128.150,"PI",1.04151,1.15052,1.23422,0.23153,0.92565,0.10565,0.00086,0.00000,0.00000,0.45000,0.07377,"STOPPED",0.00000,0.00000,0.00000,0.00000,0.00000,0.00000,0.00000,0.00000,0.00000,0.00000,0.00000,0.00000,0.00000,64.10006
128.200,"PI",1.04893,1.14310,1.23429,0.23123,0.93897,0.11897,0.01008,0.00000,0.00000,0.45000,0.11616,"STOPPED",0.00000,0.00000,0.00000,0.00000,0.00000,0.00000,0.00000,0.00000,0.00000,0.00000,0.00000,0.00000,0.00000,64.10006
128.250,"PI",1.05188,1.14016,1.23435,0.23094,0.93052,0.11052,0.00391,0.00000,0.00000,0.45000,0.05341,"STOPPED",0.00000,0.00000,0.00000,0.00000,0.00000,0.00000,0.00000,0.00000,0.00000,0.00000,0.00000,0.00000,0.00000,64.10006
128.300,"PI",1.06009,1.13194,1.23442,0.23064,0.92735,0.10735,0.00143,0.00000,0.00000,0.45000,0.02773,"STOPPED",0.00000,0.00000,0.00000,0.00000,0.00000,0.00000,0.00000,0.00000,0.00000,0.00000,0.00000,0.00000,0.00000,64.10006
128.350,"PI",1.07107,1.12096,1.23448,0.23034,0.91800,0.09800,-0.00558,0.00000,0.00000,0.45000,-0.01949,"STOPPED",0.00000,0.00000,0.00000,0.00000,0.00000,0.00000,0.00000,0.00000,0.00000,0.00000,0.00000,0.00000,0.00000,64.10006
128.400,"PI",1.07293,1.11910,1.23454,0.23004,0.90549,0.08549,-0.01518,0.00000,0.00000,0.45000,-0.07029,"STOPPED",0.00000,0.00000,0.00000,0.00000,0.00000,0.00000,0.00000,0.00000,0.00000,0.00000,0.00000,0.00000,0.00000,64.10006
128.450,"PI",1.07293,1.11910,1.23460,0.22975,0.90363,0.08363,-0.01681,0.00000,0.00000,0.45000,-0.06300,"STOPPED",0.00000,0.00000,0.00000,0.00000,0.00000,0.00000,0.00000,0.00000,0.00000,0.00000,0.00000,0.00000,0.00000,64.10006
128.500,"PI",1.07293,1.11910,1.23467,0.22945,0.90392,0.08392,-0.01681,0.00000,0.00000,0.45000,-0.04784,"STOPPED",0.00000,0.00000,0.00000,0.00000,0.00000,0.00000,0.00000,0.00000,0.00000,0.00000,0.00000,0.00000,0.00000,64.10006
128.550,"PI",1.07293,1.11910,1.23473,0.22916,0.90423,0.08423,-0.01680,0.00000,0.00000,0.45000,-0.03597,"STOPPED",0.00000,0.00000,0.00000,0.00000,0.00000,0.00000,0.00000,0.00000,0.00000,0.00000,0.00000,0.00000,0.00000,64.10006
128.600,"PI",1.05082,1.14121,1.23480,0.22886,0.90454,0.08454,-0.01679,0.00000,0.00000,0.45000,-0.02671,"STOPPED",0.00000,0.00000,0.00000,0.00000,0.00000,0.00000,0.00000,0.00000,0.00000,0.00000,0.00000,0.00000,0.00000,64.10006
128.650,"PI",1.04788,1.14415,1.23486,0.22856,0.93072,0.11072,0.00234,0.00000,0.00000,0.45000,0.09437,"STOPPED",0.00000,0.00000,0.00000,0.00000,0.00000,0.00000,0.00000,0.00000,0.00000,0.00000,0.00000,0.00000,0.00000,64.10006
128.700,"PI",1.04984,1.14219,1.23492,0.22826,0.93449,0.11449,0.00481,0.00000,0.00000,0.45000,0.09022,"STOPPED",0.00000,0.00000,0.00000,0.00000,0.00000,0.00000,0.00000,0.00000,0.00000,0.00000,0.00000,0.00000,0.00000,64.10006
128.750,"PI",1.06231,1.12972,1.23498,0.22798,0.93248,0.11248,0.00316,0.00000,0.00000,0.45000,0.06152,"STOPPED",0.00000,0.00000,0.00000,0.00000,0.00000,0.00000,0.00000,0.00000,0.00000,0.00000,0.00000,0.00000,0.00000,64.10006
128.800,"PI",1.05169,1.14034,1.23504,0.22768,0.91813,0.09813,-0.00745,0.00000,0.00000,0.45000,-0.01518,"STOPPED",0.00000,0.00000,0.00000,0.00000,0.00000,0.00000,0.00000,0.00000,0.00000,0.00000,0.00000,0.00000,0.00000,64.10006
128.850,"PI",1.05609,1.13594,1.23511,0.22738,0.93090,0.11090,0.00162,0.00000,0.00000,0.45000,0.04438,"STOPPED",0.00000,0.00000,0.00000,0.00000,0.00000,0.00000,0.00000,0.00000,0.00000,0.00000,0.00000,0.00000,0.00000,64.10006
128.900,"PI",1.06936,1.12267,1.23517,0.22708,0.92603,0.10603,-0.00210,0.00000,0.00000,0.45000,0.01317,"STOPPED",0.00000,0.00000,0.00000,0.00000,0.00000,0.00000,0.00000,0.00000,0.00000,0.00000,0.00000,0.00000,0.00000,64.10006
128.950,"PI",1.07293,1.11910,1.23524,0.22679,0.91081,0.09081,-0.01357,0.00000,0.00000,0.45000,-0.05669,"STOPPED",0.00000,0.00000,0.00000,0.00000,0.00000,0.00000,0.00000,0.00000,0.00000,0.00000,0.00000,0.00000,0.00000,64.10006
129.000,"PI",1.07293,1.11910,1.23529,0.22650,0.90696,0.08696,-0.01672,0.00000,0.00000,0.45000,-0.06117,"STOPPED",0.00000,0.00000,0.00000,0.00000,0.00000,0.00000,0.00000,0.00000,0.00000,0.00000,0.00000,0.00000,0.00000,64.10006
129.050,"PI",1.07293,1.11910,1.23536,0.22620,0.90725,0.08725,-0.01672,0.00000,0.00000,0.45000,-0.04641,"STOPPED",0.00000,0.00000,0.00000,0.00000,0.00000,0.00000,0.00000,0.00000,0.00000,0.00000,0.00000,0.00000,0.00000,64.10006
129.100,"PI",1.06557,1.12646,1.23542,0.22590,0.90756,0.08756,-0.01671,0.00000,0.00000,0.45000,-0.03485,"STOPPED",0.00000,0.00000,0.00000,0.00000,0.00000,0.00000,0.00000,0.00000,0.00000,0.00000,0.00000,0.00000,0.00000,64.10006
129.150,"PI",1.05554,1.13649,1.23549,0.22560,0.91644,0.09644,-0.01023,0.00000,0.00000,0.45000,0.01189,"STOPPED",0.00000,0.00000,0.00000,0.00000,0.00000,0.00000,0.00000,0.00000,0.00000,0.00000,0.00000,0.00000,0.00000,64.10006
129.200,"PI",1.04649,1.14554,1.23555,0.22531,0.92849,0.10849,-0.00161,0.00000,0.00000,0.45000,0.06230,"STOPPED",0.00000,0.00000,0.00000,0.00000,0.00000,0.00000,0.00000,0.00000,0.00000,0.00000,0.00000,0.00000,0.00000,64.10006
129.250,"PI",1.04495,1.14708,1.23561,0.22500,0.93945,0.11945,0.00598,0.00000,0.00000,0.45000,0.09683,"STOPPED",0.00000,0.00000,0.00000,0.00000,0.00000,0.00000,0.00000,0.00000,0.00000,0.00000,0.00000,0.00000,0.00000,64.10006
129.300,"PI",1.05088,1.14115,1.23527,0.22675,0.94159,0.12159,0.00725,0.04151,0.00400,0.45000,0.08490,"STOPPED",0.00000,0.04085,0.04218,0.41899,0.43258,0.41899,0.43258,0.41899,0.43258,0.33807,0.34907,0.00023,0.68737,64.13443
129.350,"PI",1.05611,1.13592,1.23466,0.22983,0.93281,0.11281,0.00212,0.06894,0.00265,0.45000,0.02759,"STOPPED",0.00000,0.06850,0.06938,0.70259,0.71159,0.70259,0.71159,0.28360,0.27901,0.40888,0.41415,0.00005,0.82308,64.17558
129.400,"PI",1.06610,1.12593,1.23387,0.23377,0.92351,0.10351,-0.00244,0.08641,-0.00048,0.45000,-0.01938,"STOPPED",0.00000,0.08649,0.08633,0.88709,0.88546,0.88709,0.88546,0.18450,0.17387,0.37513,0.37443,0.00002,0.74958,64.21306
129.450,"PI",1.07293,1.11910,1.23300,0.23817,0.90780,0.08780,-0.01109,0.09572,-0.00807,0.45000,-0.08424,"STOPPED",0.00000,0.09705,0.09438,0.99540,0.96801,0.99540,0.96801,0.10831,0.08255,0.29082,0.28266,0.00088,0.57436,64.24178
129.500,"PI",1.07293,1.11910,1.23307,0.23787,0.89536,0.07536,-0.01683,0.00000,0.00000,0.45000,-0.12044,"STOPPED",0.00000,0.00000,0.00000,0.00000,0.00000,0.00000,0.00000,-0.99540,-0.96801,0.00000,0.00000,0.00000,0.00000,64.24178
129.550,"PI",1.07293,1.11910,1.23313,0.23757,0.89567,0.07567,-0.01682,0.00000,0.00000,0.45000,-0.09259,"STOPPED",0.00000,0.00000,0.00000,0.00000,0.00000,0.00000,0.00000,0.00000,0.00000,0.00000,0.00000,0.00000,0.00000,64.24178
129.600,"PI",1.07293,1.11910,1.23320,0.23727,0.89597,0.07597,-0.01681,0.00000,0.00000,0.45000,-0.07089,"STOPPED",0.00000,0.00000,0.00000,0.00000,0.00000,0.00000,0.00000,0.00000,0.00000,0.00000,0.00000,0.00000,0.00000,64.24178
129.650,"PI",1.06376,1.12828,1.23326,0.23699,0.89628,0.07628,-0.01680,0.00000,0.00000,0.45000,-0.05395,"STOPPED",0.00000,0.00000,0.00000,0.00000,0.00000,0.00000,0.00000,0.00000,0.00000,0.00000,0.00000,0.00000,0.00000,64.24178
129.700,"PI",1.04489,1.14714,1.23332,0.23669,0.90726,0.08726,-0.00865,0.00000,0.00000,0.45000,0.00627,"STOPPED",0.00000,0.00000,0.00000,0.00000,0.00000,0.00000,0.00000,0.00000,0.00000,0.00000,0.00000,0.00000,0.00000,64.24178
129.750,"PI",1.04984,1.14219,1.23339,0.23639,0.92974,0.10974,0.00750,0.00000,0.00000,0.45000,0.10381,"STOPPED",0.00000,0.00000,0.00000,0.00000,0.00000,0.00000,0.00000,0.00000,0.00000,0.00000,0.00000,0.00000,0.00000,64.24178
129.800,"PI",1.05435,1.13768,1.23345,0.23609,0.92421,0.10421,0.00333,0.00000,0.00000,0.45000,0.05661,"STOPPED",0.00000,0.00000,0.00000,0.00000,0.00000,0.00000,0.00000,0.00000,0.00000,0.00000,0.00000,0.00000,0.00000,64.24178
129.850,"PI",1.06263,1.12940,1.23351,0.23579,0.91921,0.09921,-0.00050,0.00000,0.00000,0.45000,0.02215,"STOPPED",0.00000,0.00000,0.00000,0.00000,0.00000,0.00000,0.00000,0.00000,0.00000,0.00000,0.00000,0.00000,0.00000,64.24178
129.900,"PI",1.04714,1.14490,1.23358,0.23549,0.90980,0.08980,-0.00765,0.00000,0.00000,0.45000,-0.02413,"STOPPED",0.00000,0.00000,0.00000,0.00000,0.00000,0.00000,0.00000,0.00000,0.00000,0.00000,0.00000,0.00000,0.00000,64.24178
129.950,"PI",1.06538,1.12665,1.23364,0.23521,0.92832,0.10832,0.00561,0.00000,0.00000,0.45000,0.06267,"STOPPED",0.00000,0.00000,0.00000,0.00000,0.00000,0.00000,0.00000,0.00000,0.00000,0.00000,0.00000,0.00000,0.00000,64.24178
130.000,"PI",1.07293,1.11910,1.23370,0.23491,0.90718,0.08718,-0.01005,0.00000,0.00000,0.45000,-0.04411,"STOPPED",0.00000,0.00000,0.00000,0.00000,0.00000,0.00000,0.00000,0.00000,0.00000,0.00000,0.00000,0.00000,0.00000,64.24178
130.050,"PI",1.07293,1.11910,1.23376,0.23461,0.89869,0.07869,-0.01674,0.00000,0.00000,0.45000,-0.07177,"STOPPED",0.00000,0.00000,0.00000,0.00000,0.00000,0.00000,0.00000,0.00000,0.00000,0.00000,0.00000,0.00000,0.00000,64.24178
130.100,"PI",1.07293,1.11910,1.23383,0.23431,0.89899,0.07899,-0.01674,0.00000,0.00000,0.45000,-0.05464,"STOPPED",0.00000,0.00000,0.00000,0.00000,0.00000,0.00000,0.00000,0.00000,0.00000,0.00000,0.00000,0.00000,0.00000,64.24178
130.150,"PI",1.07154,1.12049,1.23389,0.23401,0.89930,0.07930,-0.01673,0.00000,0.00000,0.45000,-0.04126,"STOPPED",0.00000,0.00000,0.00000,0.00000,0.00000,0.00000,0.00000,0.00000,0.00000,0.00000,0.00000,0.00000,0.00000,64.24178
130.200,"PI",1.05852,1.13351,1.23396,0.23371,0.90123,0.08123,-0.01548,0.00000,0.00000,0.45000,-0.02372,"STOPPED",0.00000,0.00000,0.00000,0.00000,0.00000,0.00000,0.00000,0.00000,0.00000,0.00000,0.00000,0.00000,0.00000,64.24178
130.250,"PI",1.05147,1.14056,1.23402,0.23342,0.91674,0.09674,-0.00407,0.00000,0.00000,0.45000,0.04976,"STOPPED",0.00000,0.00000,0.00000,0.00000,0.00000,0.00000,0.00000,0.00000,0.00000,0.00000,0.00000,0.00000,0.00000,64.24178
130.300,"PI",1.04097,1.15106,1.23408,0.23312,0.92533,0.10533,0.00196,0.00000,0.00000,0.45000,0.07662,"STOPPED",0.00000,0.00000,0.00000,0.00000,0.00000,0.00000,0.00000,0.00000,0.00000,0.00000,0.00000,0.00000,0.00000,64.24178
130.350,"PI",1.04988,1.14215,1.23415,0.23282,0.93804,0.11804,0.01073,0.00000,0.00000,0.45000,0.11567,"STOPPED",0.00000,0.00000,0.00000,0.00000,0.00000,0.00000,0.00000,0.00000,0.00000,0.00000,0.00000,0.00000,0.00000,64.24178
130.400,"PI",1.05215,1.13988,1.23421,0.23252,0.92781,0.10781,0.00330,0.00000,0.00000,0.45000,0.04520,"STOPPED",0.00000,0.00000,0.00000,0.00000,0.00000,0.00000,0.00000,0.00000,0.00000,0.00000,0.00000,0.00000,0.00000,64.24178
130.450,"PI",1.06118,1.13086,1.23428,0.23222,0.92545,0.10545,0.00139,0.00000,0.00000,0.45000,0.02490,"STOPPED",0.00000,0.00000,0.00000,0.00000,0.00000,0.00000,0.00000,0.00000,0.00000,0.00000,0.00000,0.00000,0.00000,64.24178
130.500,"PI",1.07243,1.11960,1.23434,0.23192,0.91516,0.09516,-0.00634,0.00000,0.00000,0.45000,-0.02587,"STOPPED",0.00000,0.00000,0.00000,0.00000,0.00000,0.00000,0.00000,0.00000,0.00000,0.00000,0.00000,0.00000,0.00000,64.24178
130.550,"PI",1.07293,1.11910,1.23441,0.23162,0.90233,0.08233,-0.01622,0.00000,0.00000,0.45000,-0.07663,"STOPPED",0.00000,0.00000,0.00000,0.00000,0.00000,0.00000,0.00000,0.00000,0.00000,0.00000,0.00000,0.00000,0.00000,64.24178
130.600,"PI",1.07293,1.11910,1.23446,0.23133,0.90205,0.08205,-0.01666,0.00000,0.00000,0.45000,-0.06098,"STOPPED",0.00000,0.00000,0.00000,0.00000,0.00000,0.00000,0.00000,0.00000,0.00000,0.00000,0.00000,0.00000,0.00000,64.24178
130.650,"PI",1.07293,1.11910,1.23453,0.23103,0.90235,0.08235,-0.01666,0.00000,0.00000,0.45000,-0.04627,"STOPPED",0.00000,0.00000,0.00000,0.00000,0.00000,0.00000,0.00000,0.00000,0.00000,0.00000,0.00000,0.00000,0.00000,64.24178
130.700,"PI",1.07293,1.11910,1.23459,0.23073,0.90266,0.08266,-0.01665,0.00000,0.00000,0.45000,-0.03474,"STOPPED",0.00000,0.00000,0.00000,0.00000,0.00000,0.00000,0.00000,0.00000,0.00000,0.00000,0.00000,0.00000,0.00000,64.24178
130.750,"PI",1.04730,1.14474,1.23466,0.23043,0.90296,0.08296,-0.01664,0.00000,0.00000,0.45000,-0.02575,"STOPPED",0.00000,0.00000,0.00000,0.00000,0.00000,0.00000,0.00000,0.00000,0.00000,0.00000,0.00000,0.00000,0.00000,64.24178
130.800,"PI",1.04869,1.14334,1.23472,0.23013,0.93331,0.11331,0.00546,0.00000,0.00000,0.45000,0.11343,"STOPPED",0.00000,0.00000,0.00000,0.00000,0.00000,0.00000,0.00000,0.00000,0.00000,0.00000,0.00000,0.00000,0.00000,64.24178
130.850,"PI",1.04984,1.14219,1.23479,0.22983,0.93196,0.11196,0.00430,0.00000,0.00000,0.45000,0.08257,"STOPPED",0.00000,0.00000,0.00000,0.00000,0.00000,0.00000,0.00000,0.00000,0.00000,0.00000,0.00000,0.00000,0.00000,64.24178
130.900,"PI",1.06448,1.12755,1.23484,0.22954,0.93091,0.11091,0.00334,0.00000,0.00000,0.45000,0.05978,"STOPPED",0.00000,0.00000,0.00000,0.00000,0.00000,0.00000,0.00000,0.00000,0.00000,0.00000,0.00000,0.00000,0.00000,64.24178
130.950,"PI",1.04871,1.14332,1.23491,0.22924,0.91403,0.09403,-0.00918,0.00000,0.00000,0.45000,-0.02767,"STOPPED",0.00000,0.00000,0.00000,0.00000,0.00000,0.00000,0.00000,0.00000,0.00000,0.00000,0.00000,0.00000,0.00000,64.24178
131.000,"PI",1.05853,1.13350,1.23497,0.22894,0.93285,0.11285,0.00429,0.00000,0.00000,0.45000,0.06125,"STOPPED",0.00000,0.00000,0.00000,0.00000,0.00000,0.00000,0.00000,0.00000,0.00000,0.00000,0.00000,0.00000,0.00000,64.24178
131.050,"PI",1.07044,1.12159,1.23504,0.22864,0.92161,0.10161,-0.00403,0.00000,0.00000,0.45000,-0.00171,"STOPPED",0.00000,0.00000,0.00000,0.00000,0.00000,0.00000,0.00000,0.00000,0.00000,0.00000,0.00000,0.00000,0.00000,64.24178
131.100,"PI",1.07293,1.11910,1.23510,0.22834,0.90799,0.08799,-0.01439,0.00000,0.00000,0.45000,-0.06126,"STOPPED",0.00000,0.00000,0.00000,0.00000,0.00000,0.00000,0.00000,0.00000,0.00000,0.00000,0.00000,0.00000,0.00000,64.24178
131.150,"PI",1.07293,1.11910,1.23517,0.22804,0.90540,0.08540,-0.01658,0.00000,0.00000,0.45000,-0.05917,"STOPPED",0.00000,0.00000,0.00000,0.00000,0.00000,0.00000,0.00000,0.00000,0.00000,0.00000,0.00000,0.00000,0.00000,64.24178
131.200,"PI",1.07293,1.11910,1.23523,0.22775,0.90571,0.08571,-0.01658,0.00000,0.00000,0.45000,-0.04480,"STOPPED",0.00000,0.00000,0.00000,0.00000,0.00000,0.00000,0.00000,0.00000,0.00000,0.00000,0.00000,0.00000,0.00000,64.24178
131.250,"PI",1.06394,1.12809,1.23529,0.22746,0.90601,0.08601,-0.01657,0.00000,0.00000,0.45000,-0.03362,"STOPPED",0.00000,0.00000,0.00000,0.00000,0.00000,0.00000,0.00000,0.00000,0.00000,0.00000,0.00000,0.00000,0.00000,64.24178
131.300,"PI",1.05473,1.13731,1.23536,0.22716,0.91678,0.09678,-0.00868,0.00000,0.00000,0.45000,0.02119,"STOPPED",0.00000,0.00000,0.00000,0.00000,0.00000,0.00000,0.00000,0.00000,0.00000,0.00000,0.00000,0.00000,0.00000,64.24178
131.350,"PI",1.04514,1.14690,1.23542,0.22686,0.92790,0.10790,-0.00078,0.00000,0.00000,0.45000,0.06542,"STOPPED",0.00000,0.00000,0.00000,0.00000,0.00000,0.00000,0.00000,0.00000,0.00000,0.00000,0.00000,0.00000,0.00000,64.24178
131.400,"PI",1.04603,1.14600,1.23548,0.22656,0.93951,0.11951,0.00725,0.00000,0.00000,0.45000,0.10211,"STOPPED",0.00000,0.00000,0.00000,0.00000,0.00000,0.00000,0.00000,0.00000,0.00000,0.00000,0.00000,0.00000,0.00000,64.24178
131.450,"PI",1.05115,1.14088,1.23555,0.22626,0.93875,0.11875,0.00651,0.00000,0.00000,0.45000,0.07633,"STOPPED",0.00000,0.00000,0.00000,0.00000,0.00000,0.00000,0.00000,0.00000,0.00000,0.00000,0.00000,0.00000,0.00000,64.24178
131.500,"PI",1.05720,1.13484,1.23561,0.22596,0.93302,0.11302,0.00225,0.00000,0.00000,0.45000,0.03431,"STOPPED",0.00000,0.00000,0.00000,0.00000,0.00000,0.00000,0.00000,0.00000,0.00000,0.00000,0.00000,0.00000,0.00000,64.24178
131.550,"PI",1.06745,1.12458,1.23567,0.22568,0.92622,0.10622,-0.00287,0.00000,0.00000,0.45000,-0.00315,"STOPPED",0.00000,0.00000,0.00000,0.00000,0.00000,0.00000,0.00000,0.00000,0.00000,0.00000,0.00000,0.00000,0.00000,64.24178
131.600,"PI",1.07293,1.11910,1.23573,0.22538,0.91450,0.09450,-0.01173,0.00000,0.00000,0.45000,-0.05404,"STOPPED",0.00000,0.00000,0.00000,0.00000,0.00000,0.00000,0.00000,0.00000,0.00000,0.00000,0.00000,0.00000,0.00000,64.24178
131.650,"PI",1.07293,1.11910,1.23580,0.22508,0.90843,0.08843,-0.01654,0.00000,0.00000,0.45000,-0.06886,"STOPPED",0.00000,0.00000,0.00000,0.00000,0.00000,0.00000,0.00000,0.00000,0.00000,0.00000,0.00000,0.00000,0.00000,64.24178
131.700,"PI",1.07293,1.11910,1.23585,0.22479,0.90873,0.08873,-0.01652,0.00000,0.00000,0.45000,-0.05237,"STOPPED",0.00000,0.00000,0.00000,0.00000,0.00000,0.00000,0.00000,0.00000,0.00000,0.00000,0.00000,0.00000,0.00000,64.24178
131.750,"PI",1.07293,1.11910,1.23592,0.22450,0.90903,0.08903,-0.01652,0.00000,0.00000,0.45000,-0.03954,"STOPPED",0.00000,0.00000,0.00000,0.00000,0.00000,0.00000,0.00000,0.00000,0.00000,0.00000,0.00000,0.00000,0.00000,64.24178
131.800,"PI",1.06023,1.13180,1.23598,0.22420,0.90933,0.08933,-0.01652,0.00000,0.00000,0.45000,-0.02950,"STOPPED",0.00000,0.00000,0.00000,0.00000,0.00000,0.00000,0.00000,0.00000,0.00000,0.00000,0.00000,0.00000,0.00000,64.24178
131.850,"PI",1.04570,1.14633,1.23605,0.22390,0.92446,0.10446,-0.00546,0.00000,0.00000,0.45000,0.04355,"STOPPED",0.00000,0.00000,0.00000,0.00000,0.00000,0.00000,0.00000,0.00000,0.00000,0.00000,0.00000,0.00000,0.00000,64.24178
131.900,"PI",1.04984,1.14219,1.23570,0.22563,0.94186,0.12186,0.00675,0.04157,0.00638,0.45000,0.11054,"STOPPED",0.00000,0.04051,0.04262,0.41549,0.43714,0.41549,0.43714,0.41549,0.43714,0.33558,0.35312,0.00059,0.68929,64.27625
131.950,"PI",1.05652,1.13551,1.23509,0.22874,0.93521,0.11521,0.00301,0.06942,0.00510,0.45000,0.05694,"STOPPED",0.00000,0.06858,0.07027,0.70339,0.72070,0.70339,0.72070,0.28790,0.28357,0.41423,0.42450,0.00009,0.83882,64.31819
132.000,"PI",1.05965,1.13238,1.23430,0.23270,0.92419,0.10419,-0.00287,0.08688,0.00069,0.45000,-0.00408,"STOPPED",0.00000,0.08676,0.08699,0.88986,0.89221,0.88986,0.89221,0.18647,0.17151,0.37605,0.37705,0.00004,0.75314,64.35584
132.050,"PI",1.04957,1.14246,1.23340,0.23720,0.91647,0.09647,-0.00560,0.09766,-0.00303,0.45000,-0.03712,"STOPPED",0.00000,0.09816,0.09716,1.00675,0.99647,1.00675,0.99647,0.11689,0.10426,0.31811,0.31480,0.00016,0.63307,64.38750
132.100,"PI",1.06646,1.12557,1.23243,0.24212,0.92374,0.10374,0.00315,0.10655,0.00159,0.45000,0.00301,"STOPPED",0.00000,0.10629,0.10682,1.09018,1.09556,1.09018,1.09556,0.08343,0.09910,0.31200,0.31357,0.00011,0.62567,64.41878
132.150,"PI",1.07293,1.11910,1.23249,0.24182,0.89890,0.07890,-0.01159,0.00000,0.00000,0.45000,-0.10693,"STOPPED",0.00000,0.00000,0.00000,0.00000,0.00000,0.00000,0.00000,-1.09018,-1.09556,0.00000,0.00000,0.00000,0.00000,64.41878
132.200,"PI",1.07293,1.11910,1.23255,0.24152,0.89168,0.07168,-0.01737,0.00000,0.00000,0.45000,-0.11520,"STOPPED",0.00000,0.00000,0.00000,0.00000,0.00000,0.00000,0.00000,0.00000,0.00000,0.00000,0.00000,0.00000,0.00000,64.41878
132.250,"PI",1.07293,1.11910,1.23262,0.24122,0.89198,0.07198,-0.01736,0.00000,0.00000,0.45000,-0.08852,"STOPPED",0.00000,0.00000,0.00000,0.00000,0.00000,0.00000,0.00000,0.00000,0.00000,0.00000,0.00000,0.00000,0.00000,64.41878
132.300,"PI",1.06991,1.12212,1.23268,0.24092,0.89229,0.07229,-0.01735,0.00000,0.00000,0.45000,-0.06770,"STOPPED",0.00000,0.00000,0.00000,0.00000,0.00000,0.00000,0.00000,0.00000,0.00000,0.00000,0.00000,0.00000,0.00000,64.41878
132.350,"PI",1.05771,1.13432,1.23274,0.24064,0.89610,0.07610,-0.01463,0.00000,0.00000,0.45000,-0.03601,"STOPPED",0.00000,0.00000,0.00000,0.00000,0.00000,0.00000,0.00000,0.00000,0.00000,0.00000,0.00000,0.00000,0.00000,64.41878
132.400,"PI",1.05011,1.14192,1.23280,0.24034,0.91066,0.09066,-0.00389,0.00000,0.00000,0.45000,0.03596,"STOPPED",0.00000,0.00000,0.00000,0.00000,0.00000,0.00000,0.00000,0.00000,0.00000,0.00000,0.00000,0.00000,0.00000,64.41878
132.450,"PI",1.04205,1.14998,1.23287,0.24004,0.91990,0.09990,0.00262,0.00000,0.00000,0.45000,0.06872,"STOPPED",0.00000,0.00000,0.00000,0.00000,0.00000,0.00000,0.00000,0.00000,0.00000,0.00000,0.00000,0.00000,0.00000,64.41878
132.500,"PI",1.05016,1.14188,1.23293,0.23974,0.92973,0.10973,0.00940,0.00000,0.00000,0.45000,0.09685,"STOPPED",0.00000,0.00000,0.00000,0.00000,0.00000,0.00000,0.00000,0.00000,0.00000,0.00000,0.00000,0.00000,0.00000,64.41878
132.550,"PI",1.05321,1.13882,1.23300,0.23944,0.92046,0.10046,0.00259,0.00000,0.00000,0.45000,0.03476,"STOPPED",0.00000,0.00000,0.00000,0.00000,0.00000,0.00000,0.00000,0.00000,0.00000,0.00000,0.00000,0.00000,0.00000,64.41878
132.600,"PI",1.06248,1.12955,1.23306,0.23914,0.91717,0.09717,-0.00002,0.00000,0.00000,0.45000,0.01260,"STOPPED",0.00000,0.00000,0.00000,0.00000,0.00000,0.00000,0.00000,0.00000,0.00000,0.00000,0.00000,0.00000,0.00000,64.41878
132.650,"PI",1.07293,1.11910,1.23312,0.23886,0.90660,0.08660,-0.00803,0.00000,0.00000,0.45000,-0.03665,"STOPPED",0.00000,0.00000,0.00000,0.00000,0.00000,0.00000,0.00000,0.00000,0.00000,0.00000,0.00000,0.00000,0.00000,64.41878
132.700,"PI",1.07293,1.11910,1.23318,0.23856,0.89470,0.07470,-0.01731,0.00000,0.00000,0.45000,-0.08093,"STOPPED",0.00000,0.00000,0.00000,0.00000,0.00000,0.00000,0.00000,0.00000,0.00000,0.00000,0.00000,0.00000,0.00000,64.41878
132.750,"PI",1.07293,1.11910,1.23325,0.23826,0.89500,0.07500,-0.01730,0.00000,0.00000,0.45000,-0.06181,"STOPPED",0.00000,0.00000,0.00000,0.00000,0.00000,0.00000,0.00000,0.00000,0.00000,0.00000,0.00000,0.00000,0.00000,64.41878
132.800,"PI",1.07293,1.11910,1.23331,0.23796,0.89531,0.07531,-0.01730,0.00000,0.00000,0.45000,-0.04687,"STOPPED",0.00000,0.00000,0.00000,0.00000,0.00000,0.00000,0.00000,0.00000,0.00000,0.00000,0.00000,0.00000,0.00000,64.41878
132.850,"PI",1.07293,1.11910,1.23338,0.23766,0.89562,0.07562,-0.01729,0.00000,0.00000,0.45000,-0.03521,"STOPPED",0.00000,0.00000,0.00000,0.00000,0.00000,0.00000,0.00000,0.00000,0.00000,0.00000,0.00000,0.00000,0.00000,64.41878
132.900,"PI",1.04377,1.14826,1.23344,0.23736,0.89592,0.07592,-0.01728,0.00000,0.00000,0.45000,-0.02612,"STOPPED",0.00000,0.00000,0.00000,0.00000,0.00000,0.00000,0.00000,0.00000,0.00000,0.00000,0.00000,0.00000,0.00000,64.41878
132.950,"PI",1.04950,1.14253,1.23350,0.23708,0.93043,0.11043,0.00795,0.00000,0.00000,0.45000,0.13146,"STOPPED",0.00000,0.00000,0.00000,0.00000,0.00000,0.00000,0.00000,0.00000,0.00000,0.00000,0.00000,0.00000,0.00000,64.41878
133.000,"PI",1.04984,1.14219,1.23356,0.23678,0.92395,0.10395,0.00314,0.00000,0.00000,0.45000,0.07405,"STOPPED",0.00000,0.00000,0.00000,0.00000,0.00000,0.00000,0.00000,0.00000,0.00000,0.00000,0.00000,0.00000,0.00000,64.41878
133.050,"PI",1.06665,1.12538,1.23363,0.23648,0.92386,0.10386,0.00285,0.00000,0.00000,0.45000,0.05733,"STOPPED",0.00000,0.00000,0.00000,0.00000,0.00000,0.00000,0.00000,0.00000,0.00000,0.00000,0.00000,0.00000,0.00000,64.41878
133.100,"PI",1.04573,1.14630,1.23369,0.23619,0.90445,0.08445,-0.01167,0.00000,0.00000,0.45000,-0.04069,"STOPPED",0.00000,0.00000,0.00000,0.00000,0.00000,0.00000,0.00000,0.00000,0.00000,0.00000,0.00000,0.00000,0.00000,64.41878
133.150,"PI",1.06097,1.13106,1.23375,0.23589,0.92932,0.10932,0.00631,0.00000,0.00000,0.45000,0.07773,"STOPPED",0.00000,0.00000,0.00000,0.00000,0.00000,0.00000,0.00000,0.00000,0.00000,0.00000,0.00000,0.00000,0.00000,64.41878
133.200,"PI",1.07153,1.12050,1.23381,0.23560,0.91170,0.09170,-0.00668,0.00000,0.00000,0.45000,-0.01693,"STOPPED",0.00000,0.00000,0.00000,0.00000,0.00000,0.00000,0.00000,0.00000,0.00000,0.00000,0.00000,0.00000,0.00000,64.41878
133.250,"PI",1.07293,1.11910,1.23388,0.23530,0.89966,0.07966,-0.01598,0.00000,0.00000,0.45000,-0.06616,"STOPPED",0.00000,0.00000,0.00000,0.00000,0.00000,0.00000,0.00000,0.00000,0.00000,0.00000,0.00000,0.00000,0.00000,64.41878
133.300,"PI",1.07293,1.11910,1.23394,0.23501,0.89833,0.07833,-0.01723,0.00000,0.00000,0.45000,-0.05746,"STOPPED",0.00000,0.00000,0.00000,0.00000,0.00000,0.00000,0.00000,0.00000,0.00000,0.00000,0.00000,0.00000,0.00000,64.41878
133.350,"PI",1.07293,1.11910,1.23400,0.23471,0.89863,0.07863,-0.01721,0.00000,0.00000,0.45000,-0.04349,"STOPPED",0.00000,0.00000,0.00000,0.00000,0.00000,0.00000,0.00000,0.00000,0.00000,0.00000,0.00000,0.00000,0.00000,64.41878
133.400,"PI",1.06232,1.12972,1.23407,0.23441,0.89894,0.07894,-0.01720,0.00000,0.00000,0.45000,-0.03258,"STOPPED",0.00000,0.00000,0.00000,0.00000,0.00000,0.00000,0.00000,0.00000,0.00000,0.00000,0.00000,0.00000,0.00000,64.41878
133.450,"PI",1.05391,1.13812,1.23413,0.23411,0.91163,0.09163,-0.00783,0.00000,0.00000,0.45000,0.03042,"STOPPED",0.00000,0.00000,0.00000,0.00000,0.00000,0.00000,0.00000,0.00000,0.00000,0.00000,0.00000,0.00000,0.00000,64.41878
133.500,"PI",1.04378,1.14825,1.23419,0.23383,0.92179,0.10179,-0.00059,0.00000,0.00000,0.45000,0.06845,"STOPPED",0.00000,0.00000,0.00000,0.00000,0.00000,0.00000,0.00000,0.00000,0.00000,0.00000,0.00000,0.00000,0.00000,64.41878
133.550,"PI",1.04711,1.14492,1.23426,0.23353,0.93404,0.11404,0.00794,0.00000,0.00000,0.45000,0.10727,"STOPPED",0.00000,0.00000,0.00000,0.00000,0.00000,0.00000,0.00000,0.00000,0.00000,0.00000,0.00000,0.00000,0.00000,64.41878
133.600,"PI",1.05142,1.14061,1.23432,0.23323,0.93040,0.11040,0.00516,0.00000,0.00000,0.45000,0.06768,"STOPPED",0.00000,0.00000,0.00000,0.00000,0.00000,0.00000,0.00000,0.00000,0.00000,0.00000,0.00000,0.00000,0.00000,64.41878
133.650,"PI",1.05828,1.13375,1.23439,0.23293,0.92563,0.10563,0.00154,0.00000,0.00000,0.45000,0.03179,"STOPPED",0.00000,0.00000,0.00000,0.00000,0.00000,0.00000,0.00000,0.00000,0.00000,0.00000,0.00000,0.00000,0.00000,64.41878
