t,mode,bill_x,bill_y,pioneer_x,pioneer_y,distance,error,heading_error,control_v,control_w,integral,derivative,bill_state,bill_speed,wheel_left_linear,wheel_right_linear,wheel_left_omega,wheel_right_omega,u_left,u_right,du_left,du_right,wheel_left_power,wheel_right_power,yaw_power,total_power,energy_j
0.000,"PID",1.09602,1.09602,1.67608,0.51596,-1.00000,0.00000,0.00000,0.00000,0.00000,0.00000,0.00000,"WALKING",0.13000,0.00000,0.00000,0.00000,0.00000,0.00000,0.00000,0.00000,0.00000,0.00000,0.00000,0.00000,0.00000,0.00000
0.050,"PID",1.09141,1.10060,1.67632,0.51572,0.82033,0.00033,0.00006,0.00009,0.00004,0.00002,0.00000,"WALKING",0.13001,0.00009,0.00010,0.00089,0.00104,0.00089,0.00104,0.00089,0.00104,0.00012,0.00014,0.00000,0.00027,0.00001
0.100,"PID",1.08678,1.10517,1.67635,0.51570,0.82716,0.00716,0.00013,0.00592,0.00017,0.00037,0.03006,"WALKING",0.13004,0.00589,0.00595,0.06043,0.06102,0.06043,0.06102,0.05954,0.05998,0.01394,0.01407,0.00000,0.02801,0.00141
0.150,"PID",1.08214,1.10972,1.67608,0.51597,0.83370,0.01370,0.00023,0.01425,0.00034,0.00106,0.05221,"WALKING",0.13008,0.01420,0.01431,0.14559,0.14674,0.14559,0.14674,0.08516,0.08572,0.03951,0.03982,0.00000,0.07934,0.00538
0.250,"PID",1.07278,1.11877,1.67462,0.51745,0.84550,0.02550,0.00051,0.03171,0.00080,0.00333,0.07777,"WALKING",0.13023,0.03157,0.03184,0.32382,0.32654,0.32382,0.32654,0.08695,0.08778,0.08921,0.08996,0.00000,0.17917,0.02104
0.350,"PID",1.03484,1.15462,1.67069,0.52139,0.90220,0.08220,0.00212,0.08522,0.00314,0.00897,0.29167,"WALKING",0.13044,0.08470,0.08574,0.86876,0.87943,0.86876,0.87943,0.46719,0.47419,0.76452,0.77396,0.00009,1.53858,0.10852
0.450,"PID",1.01839,1.16950,1.66401,0.52808,0.89037,0.07037,0.00219,0.10063,0.00376,0.01636,0.13008,"WALKING",0.13073,0.10000,0.10125,1.02567,1.03844,1.02567,1.03844,-0.01253,-0.01191,0.16598,0.16813,0.00001,0.33412,0.16801
0.550,"PID",1.02139,1.16628,1.65651,0.53558,0.90623,0.08623,0.00325,0.11238,0.00559,0.02518,0.12985,"WALKING",0.13109,0.11145,0.11330,1.14310,1.16208,1.14310,1.16208,-0.00704,-0.00576,0.17535,0.17839,0.00003,0.35377,0.22541
0.600,"PID",1.02127,1.16623,1.65324,0.53885,0.89508,0.07508,0.00295,0.09910,0.00535,0.02893,0.05223,"WALKING",0.13130,0.09821,0.09998,1.00730,1.02545,1.00730,1.02545,-0.13580,-0.13663,0.35880,0.36538,0.00002,0.72420,0.26162
0.650,"PID",1.01708,1.16987,1.65045,0.54164,0.89050,0.07050,0.00289,0.08561,0.00531,0.03246,0.02060,"WALKING",0.13153,0.08473,0.08649,0.86902,0.88705,0.86902,0.88705,-0.13828,-0.13840,0.31172,0.31829,0.00000,0.63001,0.29312
0.700,"PID",1.01210,1.17418,1.64792,0.54417,0.89209,0.07209,0.00311,0.07807,0.00563,0.03606,0.02305,"WALKING",0.13177,0.07714,0.07901,0.79119,0.81031,0.79119,0.81031,-0.07783,-0.07674,0.20766,0.21277,0.00003,0.42046,0.31414
0.750,"PID",1.00710,1.17847,1.64549,0.54660,0.89509,0.07509,0.00340,0.07538,0.00608,0.03982,0.03116,"WALKING",0.13203,0.07437,0.07639,0.76281,0.78344,0.76281,0.78344,-0.02838,-0.02687,0.14067,0.14457,0.00004,0.28527,0.32841
0.800,"PID",1.00206,1.18276,1.64305,0.54904,0.89823,0.07823,0.00370,0.07561,0.00657,0.04373,0.03812,"WALKING",0.13231,0.07453,0.07670,0.76436,0.78668,0.76436,0.78668,0.00155,0.00324,0.11071,0.11405,0.00005,0.22481,0.33965
0.850,"PID",0.99295,1.19053,1.64054,0.55154,0.90137,0.08137,0.00399,0.07749,0.00709,0.04780,0.04356,"WALKING",0.13261,0.07632,0.07866,0.78273,0.80679,0.78273,0.80679,0.01837,0.02011,0.13414,0.13838,0.00005,0.27257,0.35327
0.900,"PID",0.98087,1.20076,1.63778,0.55429,0.90977,0.08977,0.00464,0.08469,0.00811,0.05228,0.07096,"WALKING",0.13292,0.08335,0.08603,0.85482,0.88234,0.85482,0.88234,0.07209,0.07556,0.22005,0.22728,0.00012,0.44746,0.37565
0.950,"PID",0.97199,1.20812,1.63456,0.55749,0.92165,0.10165,0.00562,0.09739,0.00965,0.05737,0.10761,"WALKING",0.13325,0.09579,0.09899,0.98250,1.01525,0.98250,1.01525,0.12768,0.13291,0.34069,0.35225,0.00021,0.69315,0.41030
1.050,"PID",0.95270,1.22385,1.62695,0.56506,0.93725,0.11725,0.00711,0.11953,0.01231,0.06866,0.12739,"WALKING",0.13397,0.11749,0.12157,1.20502,1.24682,1.20502,1.24682,0.11192,0.11686,0.38940,0.40322,0.00026,0.79288,0.48551
1.100,"PID",0.95240,1.22381,1.62266,0.56932,0.94267,0.12267,0.00773,0.12771,0.01350,0.07479,0.12318,"WALKING",0.13435,0.12548,0.12995,1.28697,1.33281,1.28697,1.33281,0.08195,0.08599,0.35511,0.36813,0.00023,0.72347,0.52169
1.150,"PID",0.94901,1.22635,1.61846,0.57347,0.93680,0.11680,0.00741,0.12465,0.01338,0.08063,0.07026,"WALKING",0.13475,0.12244,0.12687,1.25576,1.30119,1.25576,1.30119,-0.03121,-0.03161,0.24274,0.25188,0.00002,0.49465,0.54642
1.200,"PID",0.94640,1.22823,1.61445,0.57744,0.93510,0.11510,0.00744,0.11955,0.01355,0.08639,0.04733,"WALKING",0.13517,0.11731,0.12179,1.20317,1.24917,1.20317,1.24917,-0.05259,-0.05202,0.27163,0.28236,0.00003,0.55402,0.57412
1.250,"PID",0.94609,1.22827,1.61063,0.58119,0.93264,0.11264,0.00736,0.11318,0.01353,0.09202,0.02609,"WALKING",0.13561,0.11094,0.11542,1.13781,1.18375,1.13781,1.18375,-0.06536,-0.06542,0.27978,0.29140,0.00000,0.57118,0.60268
1.300,"PID",0.94700,1.22736,1.60712,0.58463,0.92753,0.10753,0.00691,0.10436,0.01294,0.09740,-0.00213,"WALKING",0.13606,0.10222,0.10650,1.04838,1.09231,1.04838,1.09231,-0.08944,-0.09144,0.29842,0.31121,0.00011,0.60974,0.63317
1.350,"PID",0.94461,1.22913,1.60398,0.58770,0.92133,0.10133,0.00630,0.09388,0.01204,0.10246,-0.02893,"WALKING",0.13653,0.09189,0.09587,0.94242,0.98327,0.94242,0.98327,-0.10596,-0.10904,0.29288,0.30582,0.00016,0.59885,0.66311
1.400,"PID",0.93917,1.23329,1.60108,0.59054,0.91990,0.09990,0.00615,0.08711,0.01167,0.10746,-0.02889,"WALKING",0.13701,0.08518,0.08905,0.87367,0.91329,0.87367,0.91329,-0.06875,-0.06998,0.21889,0.22904,0.00006,0.44799,0.68551
1.450,"PID",0.93370,1.23743,1.59821,0.59333,0.92263,0.10263,0.00645,0.08619,0.01197,0.11259,-0.01050,"WALKING",0.13752,0.08421,0.08818,0.86373,0.90436,0.86373,0.90436,-0.00994,-0.00893,0.13516,0.14173,0.00005,0.27694,0.69936
1.500,"PID",0.92819,1.24157,1.59526,0.59621,0.92544,0.10544,0.00676,0.08847,0.01238,0.11786,0.00415,"WALKING",0.13804,0.08642,0.09052,0.88641,0.92843,0.88641,0.92843,0.02268,0.02407,0.15821,0.16594,0.00007,0.32422,0.71557
1.550,"PID",0.92265,1.24570,1.59215,0.59923,0.92815,0.10815,0.00707,0.09227,0.01286,0.12327,0.01517,"WALKING",0.13857,0.09014,0.09440,0.92453,0.96818,0.92453,0.96818,0.03812,0.03975,0.18778,0.19690,0.00009,0.38478,0.73481
1.600,"PID",0.91706,1.24982,1.58891,0.60238,0.93068,0.11068,0.00736,0.09656,0.01335,0.12880,0.02298,"WALKING",0.13912,0.09435,0.09877,0.96766,1.01298,0.96766,1.01298,0.04314,0.04481,0.20444,0.21429,0.00009,0.41883,0.75575
1.650,"PID",0.89785,1.26411,1.58551,0.60568,0.93304,0.11304,0.00769,0.10079,0.01392,0.13446,0.02829,"WALKING",0.13969,0.09849,0.10309,1.01010,1.05735,1.01010,1.05735,0.04244,0.04437,0.21277,0.22302,0.00011,0.43590,0.77754
1.700,"PID",0.88291,1.27501,1.58146,0.60961,0.95205,0.13205,0.01020,0.11890,0.01750,0.14106,0.10572,"WALKING",0.14028,0.11600,0.12179,1.18977,1.24917,1.18977,1.24917,0.17966,0.19182,0.51753,0.54381,0.00090,1.06223,0.83065
1.750,"PID",0.88105,1.27611,1.57672,0.61421,0.96474,0.14474,0.01191,0.13821,0.02041,0.14830,0.13832,"WALKING",0.14088,0.13484,0.14159,1.38293,1.45221,1.38293,1.45221,0.19316,0.20304,0.62996,0.66212,0.00086,1.29294,0.89530
1.800,"PID",0.87547,1.27993,1.57180,0.61896,0.96024,0.14024,0.01146,0.14288,0.02043,0.15531,0.08808,"WALKING",0.14150,0.13950,0.14626,1.43073,1.50010,1.43073,1.50010,0.04780,0.04789,0.31495,0.33084,0.00001,0.64580,0.92759
1.850,"PID",0.87496,1.28005,1.56686,0.62373,0.96008,0.14008,0.01161,0.14345,0.02095,0.16231,0.06800,"WALKING",0.14213,0.13998,0.14692,1.43573,1.50685,1.43573,1.50685,0.00500,0.00675,0.22158,0.23320,0.00016,0.45494,0.95034
1.900,"PID",0.87773,1.27787,1.56215,0.62827,0.95366,0.13366,0.01089,0.13675,0.02017,0.16899,0.02479,"WALKING",0.14278,0.13341,0.14008,1.36828,1.43675,1.36828,1.43675,-0.06745,-0.07010,0.34561,0.36349,0.00023,0.70933,0.98580
1.950,"PID",0.85722,1.29225,1.55791,0.63235,0.94361,0.12361,0.00959,0.12362,0.01837,0.17518,-0.02490,"WALKING",0.14344,0.12058,0.12666,1.23674,1.29911,1.23674,1.29911,-0.13154,-0.13764,0.43908,0.46171,0.00048,0.90126,1.03087
2.050,"PID",0.85831,1.29104,1.54872,0.64116,0.96022,0.14022,0.01231,0.13428,0.02227,0.18931,0.03966,"WALKING",0.14481,0.13060,0.13797,1.33945,1.41505,1.33945,1.41505,0.02012,0.02040,0.23616,0.25013,0.00003,0.48632,1.09383
2.150,"PID",0.85270,1.29458,1.54050,0.64900,0.94296,0.12296,0.00985,0.11484,0.01888,0.20187,-0.04015,"WALKING",0.14625,0.11171,0.11796,1.14579,1.20988,1.14579,1.20988,-0.09697,-0.10099,0.34217,0.36177,0.00032,0.70426,1.16760
2.250,"PID",0.84039,1.30261,1.53293,0.65620,0.94531,0.12531,0.01045,0.11047,0.01932,0.21430,-0.01444,"WALKING",0.14774,0.10727,0.11367,1.10025,1.16583,1.10025,1.16583,-0.00065,0.00094,0.15770,0.16756,0.00013,0.32538,1.20809
2.350,"PID",0.82388,1.31320,1.52504,0.66366,0.94929,0.12929,0.01133,0.11626,0.02062,0.22713,0.00675,"WALKING",0.14929,0.11285,0.11967,1.15742,1.22742,1.15742,1.22742,0.03394,0.03629,0.22978,0.24419,0.00021,0.47418,1.25281
2.450,"PID",0.79902,1.32886,1.51598,0.67220,0.96659,0.14659,0.01468,0.13716,0.02570,0.24125,0.07396,"WALKING",0.15090,0.13291,0.14142,1.36317,1.45043,1.36317,1.45043,0.13020,0.14101,0.48717,0.51912,0.00118,1.00747,1.33724
2.550,"PID",0.77562,1.34309,1.50520,0.68234,0.97934,0.15934,0.01726,0.15937,0.03040,0.25683,0.09563,"WALKING",0.15257,0.15434,0.16440,1.58292,1.68614,1.58292,1.68614,0.10830,0.11704,0.51085,0.54520,0.00113,1.05718,1.43978
2.650,"PID",0.77022,1.34585,1.49344,0.69333,0.97729,0.15729,0.01741,0.16514,0.03181,0.27291,0.04432,"WALKING",0.15429,0.15988,0.17041,1.63978,1.74777,1.63978,1.74777,-0.02841,-0.03121,0.31664,0.33863,0.00038,0.65565,1.52200
2.750,"PID",0.76507,1.34849,1.48241,0.70359,0.97077,0.15077,0.01673,0.15318,0.03107,0.28815,0.00139,"WALKING",0.15606,0.14804,0.15832,1.51831,1.62380,1.51831,1.62380,-0.06587,-0.06746,0.37984,0.40726,0.00021,0.78731,1.59974
2.850,"PID",0.76199,1.34997,1.47263,0.71262,0.95752,0.13752,0.01450,0.13355,0.02773,0.30226,-0.05149,"WALKING",0.15788,0.12896,0.13813,1.32264,1.41676,1.32264,1.41676,-0.10562,-0.11218,0.41696,0.44743,0.00077,0.86516,1.68596
2.950,"PID",0.74812,1.35770,1.46382,0.72072,0.95628,0.13628,0.01461,0.12467,0.02722,0.31580,-0.03392,"WALKING",0.15976,0.12017,0.12918,1.23247,1.32490,1.23247,1.32490,-0.01568,-0.01417,0.20620,0.22240,0.00017,0.42877,1.74152
3.050,"PID",0.73401,1.36539,1.45478,0.72898,0.95989,0.13989,0.01574,0.12993,0.02876,0.32970,-0.00656,"WALKING",0.16168,0.12517,0.13469,1.28383,1.38146,1.28383,1.38146,0.03369,0.03653,0.25583,0.27610,0.00035,0.53228,1.79071
3.150,"PID",0.70586,1.38050,1.44515,0.73772,0.96302,0.14302,0.01686,0.13785,0.03064,0.34393,0.00820,"WALKING",0.16365,0.13278,0.14292,1.36184,1.46584,1.36184,1.46584,0.03883,0.04208,0.28344,0.30600,0.00042,0.58985,1.84888
3.250,"PID",0.68391,1.39176,1.43339,0.74832,0.99296,0.17296,0.02417,0.17402,0.04184,0.36056,0.12062,"WALKING",0.16566,0.16709,0.18094,1.71376,1.85580,1.71376,1.85580,0.19214,0.21039,0.79258,0.85985,0.00324,1.65567,1.99708
3.350,"PID",0.67460,1.39609,1.42047,0.75987,0.98661,0.16661,0.02337,0.17921,0.04241,0.37728,0.05045,"WALKING",0.16772,0.17219,0.18623,1.76605,1.91001,1.76605,1.91001,0.00245,0.00466,0.26963,0.29326,0.00040,0.56329,2.06661
3.450,"PID",0.65456,1.40576,1.40849,0.77049,0.96795,0.14795,0.01958,0.15870,0.03750,0.39269,-0.04535,"WALKING",0.16982,0.15249,0.16491,1.56404,1.69133,1.56404,1.69133,-0.14089,-0.15345,0.58921,0.63846,0.00200,1.22967,2.17183
3.550,"PID",0.65207,1.40652,1.39631,0.78120,0.98499,0.16499,0.02438,0.16957,0.04421,0.40924,0.03004,"WALKING",0.17196,0.16225,0.17689,1.66415,1.81422,1.66415,1.81422,0.03131,0.03342,0.32826,0.35950,0.00040,0.68815,2.25267
3.650,"PID",0.64384,1.41015,1.38504,0.79103,0.96638,0.14638,0.02022,0.15061,0.03847,0.42416,-0.05114,"WALKING",0.17414,0.14425,0.15698,1.47944,1.61004,1.47944,1.61004,-0.09408,-0.10075,0.44113,0.48133,0.00109,0.92354,2.34798
3.750,"PID",0.62786,1.41734,1.37446,0.80018,0.96718,0.14718,0.02098,0.14556,0.03886,0.43881,-0.02699,"WALKING",0.17636,0.13913,0.15199,1.42695,1.55886,1.42695,1.55886,-0.00420,-0.00201,0.21394,0.23495,0.00036,0.44926,2.40366
3.850,"PID",0.60778,1.42613,1.36360,0.80949,0.97009,0.15009,0.02222,0.15071,0.04066,0.45000,-0.00502,"WALKING",0.17861,0.14399,0.15744,1.47677,1.61480,1.47677,1.61480,0.02986,0.03300,0.28746,0.31567,0.00054,0.60368,2.46101
3.950,"PID",0.57775,1.43892,1.35160,0.81967,0.98592,0.16592,0.02708,0.16964,0.04798,0.45000,0.06139,"WALKING",0.18089,0.16170,0.17758,1.65849,1.82137,1.65849,1.82137,0.11865,0.13486,0.57263,0.63065,0.00330,1.20658,2.56205
4.050,"PID",0.54891,1.45060,1.33789,0.83117,0.99758,0.17758,0.03087,0.18996,0.05489,0.45000,0.08362,"WALKING",0.18321,0.18087,0.19904,1.85511,2.04144,1.85511,2.04144,0.09556,0.10826,0.57042,0.62999,0.00296,1.20337,2.68042
4.150,"PID",0.54050,1.45342,1.32320,0.84335,0.99597,0.17597,0.03110,0.19527,0.05697,0.45000,0.03846,"WALKING",0.18556,0.18584,0.20470,1.90604,2.09944,1.90604,2.09944,-0.03035,-0.03497,0.37961,0.42057,0.00112,0.80130,2.77872
4.250,"PID",0.53175,1.45638,1.30930,0.85474,0.98926,0.16926,0.02991,0.18234,0.05558,0.45000,-0.00264,"WALKING",0.18793,0.17315,0.19154,1.77585,1.96453,1.77585,1.96453,-0.06872,-0.07126,0.45628,0.50698,0.00060,0.96386,2.87472
4.350,"PID",0.52582,1.45827,1.29674,0.86491,0.97622,0.15622,0.02657,0.16215,0.05052,0.45000,-0.05305,"WALKING",0.19033,0.15379,0.17051,1.57731,1.74882,1.57731,1.74882,-0.10638,-0.11608,0.50542,0.56218,0.00208,1.06968,2.98109
4.450,"PID",0.50776,1.46466,1.28528,0.87411,0.97452,0.15452,0.02648,0.15192,0.04938,0.45000,-0.03647,"WALKING",0.19275,0.14375,0.16009,1.47433,1.64195,1.47433,1.64195,-0.02232,-0.02053,0.26384,0.29549,0.00038,0.55970,3.05288
4.550,"PID",0.48939,1.47090,1.27363,0.88334,0.97819,0.15819,0.02798,0.15609,0.05133,0.45000,-0.00781,"WALKING",0.19520,0.14759,0.16459,1.51378,1.68805,1.51378,1.68805,0.02794,0.03160,0.29107,0.32634,0.00080,0.61821,3.10996
4.650,"PID",0.45706,1.48156,1.26140,0.89294,0.98153,0.16153,0.02952,0.16307,0.05388,0.45000,0.00827,"WALKING",0.19766,0.15415,0.17199,1.58106,1.76397,1.58106,1.76397,0.03354,0.03807,0.31961,0.35852,0.00103,0.67917,3.17711
4.750,"PID",0.42870,1.49029,1.24701,0.90409,1.01143,0.19143,0.03961,0.19731,0.06925,0.45000,0.12189,"WALKING",0.20015,0.18584,0.20877,1.90610,2.14119,1.90610,2.14119,0.18675,0.21362,0.88048,0.99210,0.00789,1.88048,3.34153
4.850,"PID",0.41496,1.49400,1.23141,0.91603,1.00540,0.18540,0.03831,0.20190,0.06979,0.45000,0.05230,"WALKING",0.20265,0.19035,0.21345,1.95233,2.18925,1.95233,2.18925,-0.00252,-0.00015,0.29344,0.33216,0.00070,0.62631,3.41948
4.950,"PID",0.39192,1.50031,1.21678,0.92706,0.98802,0.16802,0.03320,0.18158,0.06318,0.45000,-0.03973,"WALKING",0.20516,0.17113,0.19204,1.75513,1.96963,1.75513,1.96963,-0.13980,-0.15757,0.66739,0.75149,0.00476,1.42365,3.53945
5.050,"PID",0.38446,1.50190,1.20205,0.93801,1.00587,0.18587,0.03971,0.19117,0.07215,0.45000,0.03842,"WALKING",0.20769,0.17923,0.20311,1.83824,2.08317,1.83824,2.08317,0.03520,0.04037,0.38013,0.43384,0.00158,0.81556,3.62734
5.150,"PID",0.37261,1.50473,1.18825,0.94812,0.98803,0.16803,0.03405,0.17222,0.06440,0.45000,-0.04285,"WALKING",0.21022,0.16156,0.18287,1.65700,1.87563,1.65700,1.87563,-0.09317,-0.10196,0.49623,0.56417,0.00240,1.06280,3.73657
5.250,"PID",0.35204,1.50967,1.17525,0.95754,0.98930,0.16930,0.03479,0.16628,0.06451,0.45000,-0.01994,"WALKING",0.21277,0.15561,0.17696,1.59596,1.81496,1.59596,1.81496,-0.00853,-0.00609,0.25144,0.28833,0.00067,0.54044,3.80315
5.350,"PID",0.32768,1.51521,1.16190,0.96710,0.99309,0.17309,0.03640,0.17086,0.06679,0.45000,0.00270,"WALKING",0.21531,0.15981,0.18192,1.63908,1.86583,1.63908,1.86583,0.02715,0.03137,0.31509,0.36122,0.00120,0.67750,3.86718
5.450,"PID",0.29187,1.52285,1.14744,0.97729,1.00887,0.18887,0.04250,0.18888,0.07595,0.45000,0.06615,"WALKING",0.21787,0.17631,0.20145,1.80833,2.06617,1.80833,2.06617,0.11312,0.13391,0.61679,0.70794,0.00670,1.33143,3.97808
5.550,"PID",0.25699,1.52955,1.13107,0.98861,1.02129,0.20129,0.04735,0.20944,0.08478,0.45000,0.08927,"WALKING",0.22042,0.19541,0.22347,2.00418,2.29199,2.00418,2.29199,0.09448,0.11021,0.61941,0.71232,0.00566,1.33739,4.11045
5.650,"PID",0.24480,1.53122,1.11352,1.00051,1.02140,0.20140,0.04787,0.21630,0.08779,0.45000,0.04834,"WALKING",0.22298,0.20178,0.23083,2.06949,2.36752,2.06949,2.36752,-0.02204,-0.02798,0.38936,0.44967,0.00221,0.84124,4.22006
5.750,"PID",0.23164,1.53303,1.09669,1.01172,1.01561,0.19561,0.04631,0.20434,0.08595,0.45000,0.00724,"WALKING",0.22553,0.19012,0.21857,1.94994,2.24175,1.94994,2.24175,-0.06243,-0.06536,0.48440,0.56082,0.00107,1.04629,4.32463
5.850,"PID",0.22211,1.53418,1.08119,1.02185,1.00369,0.18369,0.04209,0.18525,0.07958,0.45000,-0.04262,"WALKING",0.22808,0.17207,0.19842,1.76487,2.03505,1.76487,2.03505,-0.09930,-0.11145,0.55129,0.63899,0.00410,1.19438,4.44279
5.950,"PID",0.19938,1.53730,1.06685,1.03108,1.00224,0.18224,0.04171,0.17509,0.07774,0.45000,-0.02898,"WALKING",0.23062,0.16222,0.18795,1.66380,1.92770,1.66380,1.92770,-0.02191,-0.02008,0.29850,0.34890,0.00060,0.64800,4.52582
6.050,"PID",0.17636,1.54011,1.05228,1.04029,1.00649,0.18649,0.04346,0.17939,0.07995,0.45000,-0.00100,"WALKING",0.23315,0.16616,0.19262,1.70419,1.97561,1.70419,1.97561,0.02843,0.03264,0.33167,0.38772,0.00143,0.72082,4.59246
6.150,"PID",0.14002,1.54409,1.03703,1.04975,1.01035,0.19035,0.04522,0.18654,0.08283,0.45000,0.01447,"WALKING",0.23567,0.17283,0.20024,1.77258,2.05379,1.77258,2.05379,0.03412,0.03915,0.36266,0.42366,0.00177,0.78809,4.67047
6.250,"PID",0.10511,1.54717,1.01955,1.06036,1.04031,0.22031,0.05752,0.21990,0.10142,0.45000,0.12721,"WALKING",0.23818,0.20311,0.23668,2.08321,2.42750,2.08321,2.42750,0.18669,0.22155,0.97737,1.14392,0.01500,2.13629,4.85279
6.350,"PID",0.08660,1.54816,1.00069,1.07158,1.03481,0.21481,0.05577,0.22517,0.10190,0.45000,0.05739,"WALKING",0.24067,0.20831,0.24204,2.13648,2.48241,2.13648,2.48241,-0.00060,0.00178,0.32099,0.37812,0.00103,0.70014,4.94192
6.450,"PID",0.06081,1.54943,0.98270,1.08203,1.01915,0.19915,0.04977,0.20663,0.09418,0.45000,-0.03016,"WALKING",0.24315,0.19105,0.22222,1.95946,2.27920,1.95946,2.27920,-0.12924,-0.15082,0.72088,0.84288,0.00862,1.57239,5.07230
6.550,"PID",0.04792,1.54960,0.96467,1.09227,1.03703,0.21703,0.05748,0.21561,0.10465,0.45000,0.04635,"WALKING",0.24561,0.19829,0.23293,2.03378,2.38904,2.03378,2.38904,0.04190,0.05106,0.45070,0.53453,0.00407,0.98930,5.17021
6.650,"PID",0.03234,1.54984,0.94751,1.10178,1.01969,0.19969,0.05040,0.19750,0.09499,0.45000,-0.03598,"WALKING",0.24805,0.18178,0.21322,1.86441,2.18688,1.86441,2.18688,-0.08816,-0.09894,0.54891,0.64808,0.00434,1.20134,5.29302
6.750,"PID",0.00741,1.55016,0.93121,1.11065,1.02095,0.20095,0.05114,0.19144,0.09486,0.45000,-0.01563,"WALKING",0.25047,0.17574,0.20713,1.80243,2.12445,1.80243,2.12445,-0.00929,-0.00651,0.28786,0.34340,0.00112,0.63238,5.37075
6.850,"PID",-0.02074,1.55008,0.91441,1.11956,1.02496,0.20496,0.05297,0.19590,0.09739,0.45000,0.00612,"WALKING",0.25286,0.17978,0.21202,1.84390,2.17454,1.84390,2.17454,0.02609,0.03076,0.35430,0.42215,0.00193,0.77839,5.44455
6.950,"PID",-0.06140,1.54934,0.89642,1.12885,1.04000,0.22000,0.05984,0.21274,0.10766,0.45000,0.06548,"WALKING",0.25522,0.19492,0.23055,1.99916,2.36465,1.99916,2.36465,0.10557,0.12962,0.66561,0.79249,0.01098,1.46908,5.56683
7.050,"PID",-0.10130,1.54769,0.87645,1.13889,1.05238,0.23238,0.06547,0.23277,0.11789,0.45000,0.08846,"WALKING",0.25756,0.21326,0.25229,2.18731,2.58755,2.18731,2.58755,0.08990,0.10766,0.66619,0.79430,0.00888,1.46937,5.71343
7.150,"PID",-0.11694,1.54626,0.85515,1.14929,1.05354,0.23354,0.06619,0.24053,0.12158,0.45000,0.05177,"WALKING",0.25987,0.22041,0.26065,2.26057,2.67333,2.26057,2.67333,-0.01657,-0.02400,0.41115,0.49284,0.00383,0.90782,5.83596
7.250,"PID",-0.13412,1.54462,0.83458,1.15903,1.04802,0.22802,0.06411,0.22900,0.11902,0.45000,0.01064,"WALKING",0.26214,0.20931,0.24870,2.14674,2.55079,2.14674,2.55079,-0.05865,-0.06222,0.52417,0.62901,0.00180,1.15498,5.95206
7.350,"PID",-0.14689,1.54320,0.81545,1.16780,1.03664,0.21664,0.05905,0.21059,0.11132,0.45000,-0.03837,"WALKING",0.26438,0.19217,0.22902,1.97098,2.34891,1.97098,2.34891,-0.09426,-0.10878,0.60620,0.72776,0.00686,1.34082,6.08431
7.450,"PID",-0.17330,1.54046,0.79759,1.17575,1.03498,0.21498,0.05817,0.20026,0.10845,0.45000,-0.02711,"WALKING",0.26658,0.18231,0.21821,1.86985,2.23801,1.86985,2.23801,-0.02263,-0.02136,0.34072,0.41275,0.00058,0.75405,6.18057
7.550,"PID",-0.19988,1.53723,0.77936,1.18364,1.03918,0.21918,0.05994,0.20429,0.11053,0.45000,-0.00009,"WALKING",0.26875,0.18600,0.22258,1.90768,2.28292,1.90768,2.28292,0.02683,0.03083,0.36851,0.44614,0.00188,0.81652,6.25632
7.650,"PID",-0.23834,1.53197,0.76046,1.19157,1.04295,0.22295,0.06173,0.21109,0.11340,0.45000,0.01463,"WALKING",0.27088,0.19232,0.22986,1.97255,2.35752,1.97255,2.35752,0.03244,0.03746,0.40073,0.48438,0.00241,0.88752,6.34425
7.750,"PID",-0.27796,1.52563,0.73926,1.20015,1.07228,0.25228,0.07557,0.24304,0.13412,0.45000,0.12608,"WALKING",0.27297,0.22084,0.26523,2.26502,2.72034,2.26502,2.72034,0.18377,0.22542,1.06683,1.28871,0.02369,2.37923,6.54252
7.850,"PID",-0.30002,1.52130,0.71652,1.20901,1.06659,0.24659,0.07313,0.24836,0.13403,0.45000,0.05579,"WALKING",0.27501,0.22617,0.27054,2.31974,2.77474,2.31974,2.77474,-0.00124,-0.00012,0.35141,0.42792,0.00064,0.77997,6.64234
7.950,"PID",-0.32682,1.51576,0.69481,1.21714,1.05206,0.23206,0.06652,0.23111,0.12547,0.45000,-0.02691,"WALKING",0.27701,0.21034,0.25187,2.15736,2.58330,2.15736,2.58330,-0.12099,-0.14573,0.77368,0.93304,0.01317,1.71989,6.78352
8.050,"PID",-0.34431,1.51164,0.67308,1.22495,1.06946,0.24946,0.07493,0.23920,0.13667,0.45000,0.04825,"WALKING",0.27896,0.21658,0.26182,2.22134,2.68533,2.22134,2.68533,0.04652,0.05936,0.51727,0.63279,0.00745,1.15751,6.88968
8.100,"PID",-0.35133,1.50989,0.66246,1.22864,1.05701,0.23701,0.06882,0.23066,0.12902,0.45000,-0.01713,"WALKING",0.27992,0.20931,0.25201,2.14672,2.58472,2.14672,2.58472,-0.07463,-0.10061,0.61571,0.74812,0.01422,1.37805,6.95858
8.150,"PID",-0.36204,1.50730,0.65225,1.23213,1.05208,0.23208,0.06643,0.22167,0.12504,0.45000,-0.03506,"WALKING",0.28087,0.20097,0.24236,2.06125,2.48575,2.06125,2.48575,-0.08547,-0.09897,0.60501,0.73594,0.00716,1.34811,7.02599
8.200,"PID",-0.37571,1.50396,0.64227,1.23546,1.05096,0.23096,0.06588,0.21609,0.12342,0.45000,-0.03229,"WALKING",0.28180,0.19566,0.23651,2.00678,2.42577,2.00678,2.42577,-0.05446,-0.05997,0.47820,0.58414,0.00288,1.06522,7.07925
8.250,"PID",-0.38939,1.50047,0.63232,1.23872,1.05279,0.23279,0.06675,0.21504,0.12401,0.45000,-0.01710,"WALKING",0.28273,0.19452,0.23557,1.99509,2.41608,1.99509,2.41608,-0.01169,-0.00969,0.32967,0.40534,0.00105,0.73606,7.11605
8.300,"PID",-0.40308,1.49685,0.62229,1.24193,1.05471,0.23471,0.06763,0.21647,0.12502,0.45000,-0.00492,"WALKING",0.28364,0.19578,0.23716,2.00804,2.43245,2.00804,2.43245,0.01295,0.01637,0.34445,0.42345,0.00181,0.76972,7.15454
8.350,"PID",-0.41909,1.49249,0.61211,1.24513,1.05658,0.23658,0.06851,0.21907,0.12627,0.45000,0.00439,"WALKING",0.28453,0.19817,0.23997,2.03256,2.46123,2.03256,2.46123,0.02452,0.02878,0.38719,0.47518,0.00228,0.86466,7.19777
8.400,"PID",-0.44221,1.48600,0.60169,1.24832,1.06046,0.24046,0.07045,0.22382,0.12913,0.45000,0.02050,"WALKING",0.28542,0.20245,0.24519,2.07640,2.51480,2.07640,2.51480,0.04385,0.05357,0.46793,0.57334,0.00532,1.04659,7.25010
8.450,"PID",-0.46147,1.48029,0.59070,1.25160,1.07061,0.25061,0.07555,0.23471,0.13665,0.45000,0.06067,"WALKING",0.28629,0.21210,0.25733,2.17535,2.63927,2.17535,2.63927,0.09895,0.12447,0.70649,0.86451,0.01480,1.58579,7.32939
8.500,"PID",-0.48101,1.47423,0.57922,1.25495,1.07673,0.25673,0.07856,0.24494,0.14205,0.45000,0.07425,"WALKING",0.28714,0.22143,0.26845,2.27107,2.75331,2.27107,2.75331,0.09573,0.11405,0.71458,0.87428,0.01104,1.59989,7.40939
8.550,"PID",-0.50245,1.46735,0.56727,1.25834,1.08267,0.26267,0.08152,0.25422,0.14746,0.45000,0.08405,"WALKING",0.28799,0.22981,0.27862,2.35706,2.85765,2.35706,2.85765,0.08598,0.10434,0.70689,0.86561,0.01148,1.58398,7.48859
8.600,"PID",-0.51056,1.46434,0.55483,1.26177,1.08995,0.26995,0.08514,0.26374,0.15380,0.45000,0.09757,"WALKING",0.28882,0.23829,0.28920,2.44399,2.96611,2.44399,2.96611,0.08694,0.10846,0.74397,0.91221,0.01404,1.67022,7.57210
8.650,"PID",-0.52042,1.46074,0.54243,1.26508,1.08448,0.26448,0.08251,0.26240,0.15164,0.45000,0.05204,"WALKING",0.28963,0.23730,0.28750,2.43389,2.94870,2.43389,2.94870,-0.01011,-0.01741,0.42030,0.51831,0.00470,0.94331,7.61926
8.700,"PID",-0.53211,1.45646,0.53027,1.26823,1.08071,0.26071,0.08077,0.25696,0.14965,0.45000,0.02400,"WALKING",0.29044,0.23219,0.28172,2.38143,2.88947,2.38143,2.88947,-0.05246,-0.05923,0.56769,0.69760,0.00429,1.26958,7.68274
8.750,"PID",-0.53960,1.45352,0.51835,1.27122,1.07893,0.25893,0.07999,0.25139,0.14848,0.45000,0.01090,"WALKING",0.29122,0.22682,0.27597,2.32637,2.83045,2.32637,2.83045,-0.05506,-0.05902,0.55817,0.68767,0.00250,1.24834,7.74516
8.800,"PID",-0.54611,1.45091,0.50682,1.27403,1.07355,0.25355,0.07729,0.24311,0.14455,0.45000,-0.01519,"WALKING",0.29200,0.21919,0.26704,2.24810,2.73882,2.24810,2.73882,-0.07827,-0.09163,0.63673,0.78379,0.00819,1.42871,7.81659
8.850,"PID",-0.55385,1.44786,0.49574,1.27665,1.06769,0.24769,0.07425,0.23346,0.13973,0.45000,-0.03763,"WALKING",0.29276,0.21033,0.25658,2.15726,2.63163,2.15726,2.63163,-0.09084,-0.10719,0.65743,0.80948,0.00969,1.47660,7.89042
8.900,"PID",-0.56752,1.44256,0.48505,1.27909,1.06346,0.24346,0.07199,0.22494,0.13567,0.45000,-0.04795,"WALKING",0.29350,0.20249,0.24739,2.07679,2.53737,2.07679,2.53737,-0.08047,-0.09426,0.59396,0.73269,0.00794,1.33459,7.95715
8.950,"PID",-0.58116,1.43711,0.47447,1.28144,1.06518,0.24518,0.07284,0.22240,0.13584,0.45000,-0.02982,"WALKING",0.29423,0.19992,0.24488,2.05045,2.51162,2.05045,2.51162,-0.02633,-0.02576,0.38888,0.48329,0.00033,0.87250,8.00078
9.000,"PID",-0.59479,1.43152,0.46384,1.28372,1.06705,0.24705,0.07369,0.22321,0.13658,0.45000,-0.01502,"WALKING",0.29495,0.20061,0.24582,2.05754,2.52122,2.05754,2.52122,0.00708,0.00961,0.33319,0.41529,0.00146,0.74994,8.03827
9.050,"PID",-0.60840,1.42579,0.45306,1.28595,1.06890,0.24890,0.07455,0.22569,0.13766,0.45000,-0.00358,"WALKING",0.29565,0.20291,0.24847,2.08111,2.54845,2.08111,2.54845,0.02357,0.02722,0.39296,0.48835,0.00213,0.88345,8.08245
9.100,"PID",-0.62199,1.41992,0.44212,1.28814,1.07063,0.25063,0.07540,0.22879,0.13894,0.45000,0.00481,"WALKING",0.29633,0.20579,0.25178,2.11068,2.58236,2.11068,2.58236,0.02957,0.03392,0.41994,0.52109,0.00256,0.94358,8.12963
9.150,"PID",-0.64524,1.40972,0.43101,1.29029,1.07224,0.25224,0.07623,0.23193,0.14031,0.45000,0.01081,"WALKING",0.29700,0.20871,0.25515,2.14058,2.61689,2.14058,2.61689,0.02990,0.03453,0.42784,0.53052,0.00276,0.96112,8.17768
9.200,"PID",-0.67646,1.39561,0.41937,1.29244,1.08286,0.26286,0.08190,0.24246,0.14842,0.45000,0.05517,"WALKING",0.29765,0.21790,0.26703,2.23488,2.73874,2.23488,2.73874,0.09430,0.12185,0.71388,0.88311,0.01734,1.61432,8.25840
9.250,"PID",-0.68540,1.39107,0.40672,1.29468,1.10067,0.28067,0.09112,0.26237,0.16237,0.45000,0.12142,"WALKING",0.29829,0.23550,0.28925,2.41538,2.96662,2.41538,2.96662,0.18051,0.22789,1.13832,1.40792,0.03263,2.57888,8.38734
9.300,"PID",-0.69716,1.38515,0.39380,1.29685,1.09636,0.27636,0.08883,0.26783,0.16170,0.45000,0.07575,"WALKING",0.29891,0.24107,0.29459,2.47253,3.02148,2.47253,3.02148,0.05715,0.05485,0.59136,0.73261,0.00157,1.32555,8.45362
9.350,"PID",-0.70809,1.37951,0.38087,1.29893,1.09452,0.27452,0.08801,0.26759,0.16162,0.45000,0.05097,"WALKING",0.29952,0.24084,0.29434,2.47015,3.01885,2.47015,3.01885,-0.00238,-0.00263,0.38349,0.47861,0.00017,0.86227,8.49673
9.400,"PID",-0.70971,1.37832,0.36810,1.30087,1.09193,0.27193,0.08683,0.26385,0.16047,0.45000,0.02837,"WALKING",0.30011,0.23729,0.29041,2.43377,2.97854,2.43377,2.97854,-0.03638,-0.04031,0.51413,0.63895,0.00267,1.15574,8.55452
9.450,"PID",-0.73276,1.36649,0.35595,1.30262,1.08059,0.26059,0.08093,0.25125,0.15239,0.45000,-0.02777,"WALKING",0.30068,0.22603,0.27647,2.31824,2.83559,2.31824,2.83559,-0.11553,-0.14296,0.81864,1.01013,0.01773,1.84650,8.64684
9.500,"PID",-0.75202,1.35622,0.34372,1.30429,1.09058,0.27058,0.08644,0.25249,0.15893,0.45000,0.02231,"WALKING",0.30124,0.22619,0.27880,2.31991,2.85945,2.31991,2.85945,0.00167,0.02387,0.39542,0.49664,0.01496,0.90703,8.69220
9.550,"PID",-0.75222,1.35566,0.33121,1.30589,1.09697,0.27697,0.08973,0.25798,0.16386,0.45000,0.04549,"WALKING",0.30178,0.23086,0.28509,2.36777,2.92404,2.36777,2.92404,0.04786,0.06459,0.56566,0.70831,0.01163,1.28560,8.75648
9.600,"PID",-0.75902,1.35170,0.31908,1.30735,1.08457,0.26457,0.08298,0.24978,0.15540,0.45000,-0.01909,"WALKING",0.30231,0.22406,0.27550,2.29807,2.82563,2.29807,2.82563,-0.06971,-0.09841,0.64838,0.80617,0.01892,1.47347,8.83015
9.650,"PID",-0.76921,1.34587,0.30740,1.30866,1.07902,0.25902,0.07999,0.24055,0.15052,0.45000,-0.03930,"WALKING",0.30282,0.21564,0.26547,2.21173,2.72273,2.21173,2.72273,-0.08633,-0.10290,0.65950,0.82022,0.01058,1.49030,8.90467
9.700,"PID",-0.78233,1.33828,0.29602,1.30985,1.07725,0.25725,0.07903,0.23441,0.14818,0.45000,-0.03841,"WALKING",0.30331,0.20989,0.25894,2.15271,2.65578,2.15271,2.65578,-0.05902,-0.06695,0.53432,0.66720,0.00498,1.20650,8.96499
9.750,"PID",-0.79540,1.33056,0.28471,1.31095,1.07873,0.25873,0.07981,0.23288,0.14846,0.45000,-0.02349,"WALKING",0.30378,0.20831,0.25745,2.13650,2.64052,2.13650,2.64052,-0.01621,-0.01526,0.37175,0.46744,0.00060,0.83978,9.00698
9.800,"PID",-0.80841,1.32269,0.27334,1.31197,1.08029,0.26029,0.08059,0.23388,0.14921,0.45000,-0.01146,"WALKING",0.30424,0.20919,0.25858,2.14552,2.65207,2.14552,2.65207,0.00901,0.01155,0.35508,0.44698,0.00160,0.80366,9.04716
9.850,"PID",-0.82290,1.31376,0.26186,1.31291,1.08180,0.26180,0.08136,0.23610,0.15023,0.45000,-0.00226,"WALKING",0.30468,0.21123,0.26096,2.16650,2.67651,2.16650,2.67651,0.02098,0.02445,0.40109,0.50370,0.00221,0.90699,9.09251
9.900,"PID",-0.84409,1.30047,0.25016,1.31378,1.08476,0.26476,0.08298,0.24001,0.15257,0.45000,0.01124,"WALKING",0.30511,0.21476,0.26526,2.20268,2.72065,2.20268,2.72065,0.03618,0.04413,0.46851,0.58713,0.00515,1.06079,9.14555
9.950,"PID",-0.86200,1.28885,0.23796,1.31459,1.09433,0.27433,0.08830,0.25013,0.16029,0.45000,0.05087,"WALKING",0.30551,0.22360,0.27666,2.29337,2.83753,2.29337,2.83753,0.09069,0.11689,0.71795,0.89757,0.01781,1.63334,9.22722
10.000,"PID",-0.87965,1.27707,0.22526,1.31533,1.10026,0.28026,0.09152,0.25998,0.16596,0.45000,0.06579,"WALKING",0.30590,0.23252,0.28745,2.38480,2.94820,2.38480,2.94820,0.09143,0.11066,0.73762,0.92184,0.01354,1.67300,9.31087
10.050,"PID",-0.89901,1.26385,0.21212,1.31599,1.10557,0.28557,0.09442,0.26873,0.17131,0.45000,0.07468,"WALKING",0.30628,0.24038,0.29708,2.46539,3.04696,2.46539,3.04696,0.08060,0.09877,0.71979,0.90022,0.01320,1.63322,9.39253
10.100,"PID",-0.90739,1.25764,0.19852,1.31654,1.11235,0.29235,0.09814,0.27775,0.17778,0.45000,0.08806,"WALKING",0.30663,0.24833,0.30717,2.54694,3.15048,2.54694,3.15048,0.08155,0.10352,0.75624,0.94686,0.01657,1.71967,9.47851
10.150,"PID",-0.91628,1.25101,0.18497,1.31698,1.10748,0.28748,0.09557,0.27688,0.17574,0.45000,0.04728,"WALKING",0.30697,0.24779,0.30596,2.54146,3.13808,2.54146,3.13808,-0.00548,-0.01240,0.42130,0.53144,0.00515,0.95790,9.52641
10.200,"PID",-0.92719,1.24289,0.17167,1.31729,1.10322,0.28322,0.09339,0.27146,0.17316,0.45000,0.01812,"WALKING",0.30729,0.24280,0.30012,2.49025,3.07811,2.49025,3.07811,-0.05121,-0.05997,0.59427,0.74541,0.00644,1.34612,9.59371
10.250,"PID",-0.93418,1.23742,0.15865,1.31748,1.10138,0.28138,0.09251,0.26603,0.17179,0.45000,0.00603,"WALKING",0.30759,0.23760,0.29446,2.43689,3.02010,2.43689,3.02010,-0.05335,-0.05801,0.58110,0.73074,0.00339,1.31523,9.65948
10.300,"PID",-0.94039,1.23251,0.14604,1.31756,1.09576,0.27576,0.08943,0.25778,0.16729,0.45000,-0.02001,"WALKING",0.30788,0.23010,0.28547,2.35995,2.92787,2.35995,2.92787,-0.07694,-0.09223,0.66865,0.83954,0.01085,1.51905,9.73543
10.350,"PID",-0.94714,1.22718,0.13391,1.31754,1.08975,0.26975,0.08607,0.24817,0.16191,0.45000,-0.04204,"WALKING",0.30814,0.22138,0.27497,2.27052,2.82020,2.27052,2.82020,-0.08944,-0.10767,0.69184,0.86864,0.01252,1.57300,9.81408
10.400,"PID",-0.95930,1.21770,0.12223,1.31743,1.08482,0.26482,0.08324,0.23923,0.15693,0.45000,-0.05447,"WALKING",0.30839,0.21325,0.26520,2.18722,2.72000,2.18722,2.72000,-0.08329,-0.10020,0.64202,0.80710,0.01126,1.46037,9.88710
10.450,"PID",-0.97137,1.20809,0.11069,1.31723,1.08612,0.26612,0.08395,0.23624,0.15674,0.45000,-0.03679,"WALKING",0.30862,0.21030,0.26218,2.15694,2.68903,2.15694,2.68903,-0.03029,-0.03096,0.42595,0.53961,0.00045,0.96601,9.93540
10.500,"PID",-0.98335,1.19836,0.09914,1.31694,1.08755,0.26755,0.08467,0.23660,0.15715,0.45000,-0.02239,"WALKING",0.30884,0.21059,0.26261,2.15992,2.69343,2.15992,2.69343,0.00298,0.00440,0.33532,0.42677,0.00095,0.76304,9.97355
10.550,"PID",-0.99525,1.18850,0.08750,1.31655,1.08897,0.26897,0.08540,0.23864,0.15795,0.45000,-0.01121,"WALKING",0.30903,0.21250,0.26478,2.17946,2.71568,2.17946,2.71568,0.01954,0.02225,0.39743,0.50395,0.00181,0.90319,10.01871
10.600,"PID",-1.00705,1.17851,0.07572,1.31607,1.09029,0.27029,0.08611,0.24132,0.15895,0.45000,-0.00295,"WALKING",0.30921,0.21502,0.26763,2.20531,2.74493,2.20531,2.74493,0.02586,0.02925,0.42551,0.53852,0.00229,0.96631,10.06702
10.650,"PID",-1.02584,1.16242,0.06379,1.31548,1.09147,0.27147,0.08680,0.24407,0.16005,0.45000,0.00289,"WALKING",0.30937,0.21758,0.27056,2.23161,2.77495,2.23161,2.77495,0.02629,0.03002,0.43306,0.54754,0.00253,0.98313,10.11618
10.700,"PID",-1.05326,1.13842,0.05143,1.31477,1.10033,0.28033,0.09201,0.25309,0.16744,0.45000,0.04123,"WALKING",0.30951,0.22538,0.28080,2.31157,2.88002,2.31157,2.88002,0.07996,0.10507,0.68303,0.86083,0.01783,1.56170,10.19427
10.750,"PID",-1.06091,1.13107,0.03809,1.31389,1.11868,0.29868,0.10237,0.27285,0.18286,0.45000,0.11291,"WALKING",0.30964,0.24259,0.30312,2.48811,3.10888,2.48811,3.10888,0.17653,0.22886,1.16783,1.47078,0.04058,2.67920,10.32823
10.800,"PID",-1.07062,1.12180,0.02450,1.31286,1.11411,0.29411,0.09978,0.27825,0.18189,0.45000,0.06794,"WALKING",0.30974,0.24815,0.30835,2.54510,3.16258,2.54510,3.16258,0.05700,0.05370,0.60723,0.76627,0.00254,1.37604,10.39703
10.850,"PID",-1.08039,1.11232,0.01094,1.31171,1.11166,0.29166,0.09857,0.27769,0.18130,0.45000,0.04221,"WALKING",0.30983,0.24768,0.30769,2.54030,3.15580,2.54030,3.15580,-0.00480,-0.00678,0.40854,0.51919,0.00153,0.92926,10.44349
10.900,"PID",-1.08195,1.11035,-0.00244,1.31046,1.10939,0.28939,0.09751,0.27427,0.18026,0.45000,0.02297,"WALKING",0.30990,0.24444,0.30410,2.50703,3.11898,2.50703,3.11898,-0.03327,-0.03682,0.51774,0.65556,0.00271,1.17601,10.50229
10.950,"PID",-1.09952,1.09326,-0.01519,1.30915,1.09790,0.27790,0.09107,0.26191,0.17142,0.45000,-0.03266,"WALKING",0.30995,0.23354,0.29028,2.39530,2.97725,2.39530,2.97725,-0.11173,-0.14173,0.83752,1.05140,0.02181,1.91073,10.59783
11.000,"PID",-1.11666,1.07611,-0.02791,1.30773,1.10561,0.28561,0.09575,0.26153,0.17670,0.45000,0.00847,"WALKING",0.30998,0.23228,0.29077,2.38240,2.98228,2.38240,2.98228,-0.01289,0.00502,0.37396,0.47885,0.01343,0.86624,10.64114
11.050,"PID",-1.11698,1.07521,-0.04091,1.30617,1.11311,0.29311,0.10000,0.26730,0.18274,0.45000,0.03961,"WALKING",0.31000,0.23705,0.29754,2.43133,3.05170,2.43133,3.05170,0.04893,0.06942,0.59302,0.75569,0.01588,1.36459,10.70937
11.100,"PID",-1.12225,1.06948,-0.05349,1.30454,1.10058,0.28058,0.09267,0.25936,0.17353,0.45000,-0.02427,"WALKING",0.31000,0.23064,0.28808,2.36551,2.95463,2.36551,2.95463,-0.06582,-0.09706,0.65866,0.83314,0.02300,1.51479,10.78511
11.150,"PID",-1.13025,1.06093,-0.06559,1.30287,1.09430,0.27430,0.08906,0.24983,0.16771,0.45000,-0.04657,"WALKING",0.30998,0.22208,0.27759,2.27770,2.84706,2.27770,2.84706,-0.08781,-0.10757,0.69105,0.87352,0.01406,1.57862,10.86404
11.200,"PID",-1.14080,1.04958,-0.07735,1.30115,1.09180,0.27180,0.08764,0.24310,0.16457,0.45000,-0.04729,"WALKING",0.30994,0.21586,0.27034,2.21399,2.77268,2.21399,2.77268,-0.06370,-0.07438,0.57138,0.72486,0.00745,1.30369,10.92922
11.250,"PID",-1.15124,1.03812,-0.08898,1.29935,1.09281,0.27281,0.08825,0.24105,0.16443,0.45000,-0.03246,"WALKING",0.30988,0.21384,0.26827,2.19324,2.75147,2.19324,2.75147,-0.02075,-0.02122,0.40043,0.51157,0.00032,0.91232,10.97484
11.300,"PID",-1.16156,1.02656,-0.10063,1.29745,1.09391,0.27391,0.08887,0.24160,0.16482,0.45000,-0.02050,"WALKING",0.30980,0.21432,0.26887,2.19815,2.75768,2.19815,2.75768,0.00491,0.00621,0.34820,0.44609,0.00091,0.79521,11.01460
11.350,"PID",-1.17256,1.01400,-0.11236,1.29543,1.09496,0.27496,0.08948,0.24339,0.16550,0.45000,-0.01134,"WALKING",0.30971,0.21600,0.27078,2.21536,2.77721,2.21536,2.77721,0.01722,0.01954,0.39570,0.50542,0.00163,0.90274,11.05974
11.400,"PID",-1.18906,0.99489,-0.12421,1.29330,1.09693,0.27693,0.09068,0.24646,0.16717,0.45000,-0.00020,"WALKING",0.30960,0.21880,0.27413,2.24406,2.81159,2.24406,2.81159,0.02869,0.03437,0.44752,0.57027,0.00403,1.02182,11.11083
11.450,"PID",-1.20309,0.97813,-0.13651,1.29097,1.10587,0.28587,0.09608,0.25584,0.17485,0.45000,0.03920,"WALKING",0.30947,0.22690,0.28478,2.32721,2.92082,2.32721,2.92082,0.08315,0.10923,0.70129,0.89057,0.01934,1.61120,11.19139
11.500,"PID",-1.21648,0.96168,-0.14932,1.28842,1.11151,0.29151,0.09942,0.26530,0.18063,0.45000,0.05540,"WALKING",0.30932,0.23541,0.29520,2.41447,3.02768,2.41447,3.02768,0.08726,0.10686,0.73213,0.92921,0.01502,1.67635,11.27521
11.550,"PID",-1.23118,0.94322,-0.16252,1.28567,1.11606,0.29606,0.10219,0.27345,0.18577,0.45000,0.06320,"WALKING",0.30916,0.24271,0.30419,2.48928,3.11994,2.48928,3.11994,0.07482,0.09226,0.70315,0.89310,0.01374,1.60999,11.35571
11.600,"PID",-1.23800,0.93402,-0.17608,1.28271,1.12219,0.30219,0.10591,0.28187,0.19221,0.45000,0.07629,"WALKING",0.30897,0.25006,0.31368,2.56476,3.21728,2.56476,3.21728,0.07547,0.09734,0.73717,0.93732,0.01783,1.69232,11.44032
11.650,"PID",-1.24442,0.92522,-0.18959,1.27963,1.11770,0.29770,0.10345,0.28128,0.19030,0.45000,0.03975,"WALKING",0.30877,0.24978,0.31277,2.56186,3.20792,2.56186,3.20792,-0.00289,-0.00936,0.41369,0.53045,0.00522,0.94935,11.48779
11.700,"PID",-1.25257,0.91407,-0.20280,1.27648,1.11277,0.29277,0.10081,0.27569,0.18709,0.45000,0.00932,"WALKING",0.30855,0.24473,0.30666,2.51006,3.14521,2.51006,3.14521,-0.05180,-0.06272,0.60587,0.77116,0.00866,1.38569,11.55707
11.750,"PID",-1.25777,0.90662,-0.21571,1.27328,1.11056,0.29056,0.09975,0.27011,0.18539,0.45000,-0.00244,"WALKING",0.30831,0.23942,0.30079,2.45562,3.08500,2.45562,3.08500,-0.05444,-0.06020,0.59217,0.75559,0.00453,1.35228,11.62469
11.800,"PID",-1.26232,0.89999,-0.22818,1.27006,1.10468,0.28468,0.09640,0.26178,0.18042,0.45000,-0.02778,"WALKING",0.30806,0.23192,0.29164,2.37869,2.99120,2.37869,2.99120,-0.07692,-0.09380,0.67713,0.86249,0.01292,1.55254,11.70231
11.850,"PID",-1.26691,0.89330,-0.24014,1.26686,1.09836,0.27836,0.09268,0.25209,0.17446,0.45000,-0.04949,"WALKING",0.30779,0.22321,0.28096,2.28937,2.88163,2.28937,2.88163,-0.08932,-0.10957,0.70105,0.89266,0.01498,1.60869,11.78275
11.900,"PID",-1.27571,0.88069,-0.25162,1.26369,1.09261,0.27261,0.08922,0.24262,0.16849,0.45000,-0.06389,"WALKING",0.30750,0.21473,0.27050,2.20238,2.77437,2.20238,2.77437,-0.08699,-0.10726,0.66525,0.84756,0.01448,1.52729,11.85911
11.950,"PID",-1.28438,0.86800,-0.26291,1.26047,1.09336,0.27336,0.08974,0.23911,0.16783,0.45000,-0.04653,"WALKING",0.30719,0.21133,0.26688,2.16751,2.73727,2.16751,2.73727,-0.03486,-0.03710,0.44638,0.57308,0.00159,1.02105,11.91017
12.000,"PID",-1.29291,0.85523,-0.27417,1.25715,1.09428,0.27428,0.09030,0.23897,0.16787,0.45000,-0.03229,"WALKING",0.30686,0.21119,0.26676,2.16607,2.73598,2.16607,2.73598,-0.00145,-0.00129,0.32847,0.42425,0.00011,0.75283,11.94781
12.050,"PID",-1.30131,0.84240,-0.28548,1.25371,1.09516,0.27516,0.09085,0.24053,0.16831,0.45000,-0.02131,"WALKING",0.30652,0.21267,0.26838,2.18125,2.75264,2.18125,2.75264,0.01518,0.01666,0.38076,0.48994,0.00106,0.87176,11.99140
12.100,"PID",-1.30957,0.82950,-0.29679,1.25017,1.09594,0.27594,0.09139,0.24275,0.16896,0.45000,-0.01317,"WALKING",0.30616,0.21478,0.27071,2.20291,2.77650,2.20291,2.77650,0.02166,0.02386,0.40846,0.52437,0.00158,0.93441,12.03812
12.150,"PID",-1.32200,0.80980,-0.30824,1.24648,1.09667,0.27667,0.09190,0.24511,0.16971,0.45000,-0.00705,"WALKING",0.30578,0.21702,0.27320,2.22589,2.80202,2.22589,2.80202,0.02297,0.02552,0.41821,0.53614,0.00183,0.95619,12.08593
12.200,"PID",-1.34116,0.77881,-0.32003,1.24257,1.10381,0.28381,0.09645,0.25273,0.17611,0.45000,0.02592,"WALKING",0.30538,0.22359,0.28188,2.29318,2.89105,2.29318,2.89105,0.06730,0.08903,0.62573,0.79924,0.01624,1.44121,12.15799
12.250,"PID",-1.34693,0.76855,-0.33267,1.23824,1.12151,0.30151,0.10722,0.27148,0.19190,0.45000,0.09806,"WALKING",0.30497,0.23972,0.30324,2.45866,3.11012,2.45866,3.11012,0.16547,0.21907,1.11336,1.42052,0.04362,2.57751,12.28686
12.300,"PID",-1.35321,0.75730,-0.34555,1.23370,1.11774,0.29774,0.10499,0.27733,0.19141,0.45000,0.05992,"WALKING",0.30454,0.24565,0.30901,2.51953,3.16934,2.51953,3.16934,0.06087,0.05922,0.61930,0.79139,0.00133,1.41203,12.35746
12.350,"PID",-1.36003,0.74492,-0.35837,1.22904,1.11460,0.29460,0.10336,0.27671,0.19028,0.45000,0.03291,"WALKING",0.30410,0.24521,0.30820,2.51501,3.16100,2.51501,3.16100,-0.00452,-0.00835,0.40663,0.52333,0.00309,0.93305,12.40412
12.400,"PID",-1.36079,0.74284,-0.37097,1.22432,1.11252,0.29252,0.10242,0.27366,0.18936,0.45000,0.01652,"WALKING",0.30363,0.24232,0.30500,2.48538,3.12822,2.48538,3.12822,-0.02963,-0.03278,0.49796,0.63883,0.00253,1.13932,12.46108
12.450,"PID",-1.37148,0.72326,-0.38298,1.21971,1.10071,0.28071,0.09546,0.26147,0.17981,0.45000,-0.03907,"WALKING",0.30315,0.23171,0.29123,2.37652,2.98693,2.37652,2.98693,-0.10886,-0.14129,0.82451,1.04723,0.02473,1.89646,12.55590
12.500,"PID",-1.38363,0.70042,-0.39485,1.21502,1.10617,0.28617,0.09916,0.25948,0.18362,0.45000,-0.00646,"WALKING",0.30266,0.22909,0.28987,2.34963,2.97301,2.34963,2.97301,-0.02689,-0.01393,0.42905,0.55401,0.01010,0.99315,12.60556
12.550,"PID",-1.38349,0.69980,-0.40695,1.21011,1.11468,0.29468,0.10441,0.26550,0.19080,0.45000,0.03243,"WALKING",0.30214,0.23392,0.29707,2.39918,3.04691,2.39918,3.04691,0.04955,0.07391,0.59432,0.76662,0.01971,1.38065,12.67460
12.600,"PID",-1.38643,0.69358,-0.41865,1.20522,1.10184,0.28184,0.09651,0.25767,0.18084,0.45000,-0.03122,"WALKING",0.30161,0.22774,0.28760,2.33579,2.94973,2.33579,2.94973,-0.06339,-0.09718,0.64573,0.82631,0.02592,1.49796,12.74949
12.650,"PID",-1.39121,0.68380,-0.42983,1.20045,1.09470,0.27470,0.09223,0.24770,0.17401,0.45000,-0.05574,"WALKING",0.30106,0.21890,0.27650,2.24515,2.83591,2.24515,2.83591,-0.09064,-0.11382,0.69672,0.89009,0.01711,1.60392,12.82969
12.700,"PID",-1.39778,0.67026,-0.44065,1.19571,1.09141,0.27141,0.09031,0.24028,0.17001,0.45000,-0.05797,"WALKING",0.30050,0.21214,0.26842,2.17584,2.75300,2.17584,2.75300,-0.06931,-0.08291,0.58516,0.74991,0.00981,1.34488,12.89693
12.750,"PID",-1.40420,0.65670,-0.45130,1.19094,1.09187,0.27187,0.09074,0.23765,0.16942,0.45000,-0.04318,"WALKING",0.29992,0.20961,0.26569,2.14984,2.72501,2.14984,2.72501,-0.02600,-0.02799,0.41221,0.53190,0.00143,0.94554,12.94421
12.800,"PID",-1.41049,0.64309,-0.46193,1.18607,1.09245,0.27245,0.09118,0.23769,0.16941,0.45000,-0.03117,"WALKING",0.29933,0.20965,0.26572,2.15024,2.72536,2.15024,2.72536,0.00040,0.00034,0.32250,0.41816,0.00004,0.74070,12.98124
12.850,"PID",-1.41688,0.62890,-0.47257,1.18108,1.09297,0.27297,0.09162,0.23901,0.16972,0.45000,-0.02201,"WALKING",0.29872,0.21092,0.26710,2.16332,2.73950,2.16332,2.73950,0.01308,0.01414,0.36956,0.47746,0.00076,0.84778,13.02363
12.900,"PID",-1.42688,0.60633,-0.48325,1.17596,1.09391,0.27391,0.09236,0.24124,0.17065,0.45000,-0.01301,"WALKING",0.29809,0.21300,0.26949,2.18462,2.76396,2.18462,2.76396,0.02130,0.02446,0.40523,0.52230,0.00229,0.92982,13.07013
12.950,"PID",-1.43533,0.58649,-0.49429,1.17055,1.10223,0.28223,0.09780,0.24993,0.17824,0.45000,0.02646,"WALKING",0.29745,0.22043,0.27943,2.26081,2.86592,2.26081,2.86592,0.07619,0.10196,0.65515,0.84091,0.01949,1.51555,13.14590
13.000,"PID",-1.44306,0.56762,-0.50567,1.16485,1.10756,0.28756,0.10125,0.25905,0.18408,0.45000,0.04409,"WALKING",0.29679,0.22858,0.28951,2.34445,2.96937,2.34445,2.96937,0.08364,0.10345,0.69699,0.89391,0.01547,1.60636,13.22622
13.050,"PID",-1.45155,0.54628,-0.51734,1.15886,1.11148,0.29148,0.10382,0.26677,0.18892,0.45000,0.05162,"WALKING",0.29611,0.23551,0.29804,2.41545,3.05680,2.41545,3.05680,0.07100,0.08742,0.66483,0.85312,0.01316,1.53111,13.30278
13.100,"PID",-1.45552,0.53530,-0.52932,1.15257,1.11714,0.29714,0.10747,0.27486,0.19522,0.45000,0.06516,"WALKING",0.29542,0.24255,0.30717,2.48769,3.15043,2.48769,3.15043,0.07224,0.09363,0.70031,0.89941,0.01771,1.61744,13.38365
13.150,"PID",-1.45877,0.52595,-0.54123,1.14616,1.11304,0.29304,0.10515,0.27469,0.19345,0.45000,0.03279,"WALKING",0.29472,0.24267,0.30670,2.48894,3.14568,2.48894,3.14568,0.00125,-0.00475,0.38374,0.49740,0.00492,0.88606,13.42795
13.200,"PID",-1.46311,0.51359,-0.55284,1.13977,1.10750,0.28750,0.10200,0.26906,0.18954,0.45000,0.00119,"WALKING",0.29400,0.23769,0.30043,2.43781,3.08128,2.43781,3.08128,-0.05112,-0.06439,0.58927,0.75670,0.01067,1.35664,13.49578
13.250,"PID",-1.46580,0.50538,-0.56412,1.13343,1.10485,0.28485,0.10067,0.26330,0.18736,0.45000,-0.01069,"WALKING",0.29326,0.23229,0.29431,2.38251,3.01858,2.38251,3.01858,-0.05530,-0.06270,0.57976,0.74607,0.00588,1.33171,13.56237
13.300,"PID",-1.46803,0.49835,-0.57500,1.12718,1.09885,0.27885,0.09712,0.25501,0.18201,0.45000,-0.03475,"WALKING",0.29252,0.22488,0.28513,2.30651,2.92441,2.30651,2.92441,-0.07601,-0.09417,0.65460,0.84081,0.01403,1.50943,13.63784
13.350,"PID",-1.47008,0.49184,-0.58539,1.12109,1.09221,0.27221,0.09310,0.24526,0.17553,0.45000,-0.05632,"WALKING",0.29175,0.21621,0.27431,2.21752,2.81344,2.21752,2.81344,-0.08898,-0.11097,0.67994,0.87272,0.01637,1.56904,13.71629
13.400,"PID",-1.47464,0.47800,-0.59531,1.11516,1.08566,0.26566,0.08906,0.23527,0.16863,0.45000,-0.07278,"WALKING",0.29097,0.20736,0.26318,2.12681,2.69929,2.12681,2.69929,-0.09071,-0.11414,0.65914,0.84584,0.01676,1.52174,13.79238
13.450,"PID",-1.47905,0.46415,-0.60501,1.10926,1.08591,0.26591,0.08942,0.23127,0.16759,0.45000,-0.05565,"WALKING",0.29018,0.20354,0.25901,2.08757,2.65651,2.08757,2.65651,-0.03924,-0.04279,0.44540,0.57586,0.00252,1.02377,13.84357
13.500,"PID",-1.48333,0.45031,-0.61463,1.10329,1.08633,0.26633,0.08981,0.23068,0.16726,0.45000,-0.04155,"WALKING",0.28937,0.20300,0.25836,2.08205,2.64988,2.08205,2.64988,-0.00552,-0.00663,0.33004,0.42909,0.00079,0.75992,13.88156
13.550,"PID",-1.48746,0.43646,-0.62425,1.09721,1.08675,0.26675,0.09020,0.23182,0.16735,0.45000,-0.03058,"WALKING",0.28855,0.20412,0.25951,2.09353,2.66168,2.09353,2.66168,0.01149,0.01180,0.35029,0.45442,0.00022,0.80493,13.92181
13.600,"PID",-1.49145,0.42262,-0.63391,1.09100,1.08707,0.26707,0.09057,0.23365,0.16767,0.45000,-0.02243,"WALKING",0.28772,0.20590,0.26140,2.11178,2.68101,2.11178,2.68101,0.01825,0.01933,0.37726,0.48811,0.00077,0.86615,13.96512
13.650,"PID",-1.49717,0.40233,-0.64359,1.08464,1.08725,0.26725,0.09092,0.23557,0.16811,0.45000,-0.01670,"WALKING",0.28687,0.20775,0.26339,2.13075,2.70145,2.13075,2.70145,0.01896,0.02044,0.38394,0.49603,0.00106,0.88103,14.00917
13.700,"PID",-1.50652,0.36811,-0.65348,1.07804,1.09277,0.27277,0.09481,0.24183,0.17351,0.45000,0.01127,"WALKING",0.28601,0.21312,0.27055,2.18582,2.77486,2.18582,2.77486,0.05507,0.07341,0.54728,0.70456,0.01349,1.26533,14.07244
13.750,"PID",-1.50935,0.35606,-0.66403,1.07085,1.10981,0.28981,0.10587,0.25960,0.18953,0.45000,0.08375,"WALKING",0.28513,0.22823,0.29096,2.34083,2.98425,2.34083,2.98425,0.15501,0.20939,1.02138,1.31364,0.04371,2.37873,14.19137
13.800,"PID",-1.51189,0.34477,-0.67478,1.06337,1.10702,0.28702,0.10422,0.26604,0.18979,0.45000,0.05303,"WALKING",0.28425,0.23463,0.29745,2.40649,3.05079,2.40649,3.05079,0.06565,0.06654,0.61273,0.78858,0.00072,1.40203,14.26147
13.850,"PID",-1.51491,0.33120,-0.68543,1.05581,1.10324,0.28324,0.10218,0.26545,0.18818,0.45000,0.02476,"WALKING",0.28334,0.23431,0.29659,2.40314,3.04199,2.40314,3.04199,-0.00335,-0.00880,0.38558,0.49974,0.00435,0.88966,14.30596
13.900,"PID",-1.51483,0.33002,-0.69591,1.04822,1.10140,0.28140,0.10142,0.26286,0.18747,0.45000,0.01122,"WALKING",0.28243,0.23183,0.29388,2.37774,3.01419,2.37774,3.01419,-0.02539,-0.02781,0.45769,0.59171,0.00192,1.05132,14.35852
13.950,"PID",-1.51895,0.31109,-0.70582,1.04091,1.08924,0.26924,0.09400,0.25079,0.17729,0.45000,-0.04476,"WALKING",0.28150,0.22145,0.28014,2.27131,2.87318,2.27131,2.87318,-0.10644,-0.14100,0.78175,0.99928,0.02599,1.80702,14.44887
14.000,"PID",-1.52445,0.28492,-0.71554,1.03361,1.09262,0.27262,0.09661,0.24731,0.17954,0.45000,-0.02005,"WALKING",0.28057,0.21760,0.27703,2.23179,2.84131,2.23179,2.84131,-0.03951,-0.03188,0.45948,0.59535,0.00581,1.06065,14.50191
14.050,"PID",-1.52393,0.28546,-0.72544,1.02603,1.10222,0.28222,0.10293,0.25368,0.18793,0.45000,0.02659,"WALKING",0.27961,0.22258,0.28478,2.28287,2.92087,2.28287,2.92087,0.05107,0.07956,0.57677,0.74914,0.02271,1.34861,14.56934
14.100,"PID",-1.52471,0.28027,-0.73497,1.01859,1.08905,0.26905,0.09456,0.24596,0.17737,0.45000,-0.03718,"WALKING",0.27865,0.21661,0.27532,2.22163,2.82379,2.22163,2.82379,-0.06124,-0.09708,0.60872,0.78391,0.02696,1.41959,14.64032
14.150,"PID",-1.52629,0.27106,-0.74403,1.01140,1.08112,0.26112,0.08967,0.23556,0.16965,0.45000,-0.06391,"WALKING",0.27768,0.20749,0.26364,2.12805,2.70400,2.12805,2.70400,-0.09358,-0.11979,0.67374,0.86543,0.01886,1.55804,14.71822
14.200,"PID",-1.52865,0.25741,-0.75272,1.00438,1.07705,0.25705,0.08728,0.22745,0.16485,0.45000,-0.06776,"WALKING",0.27669,0.20017,0.25473,2.05300,2.61265,2.05300,2.61265,-0.07505,-0.09135,0.57344,0.73854,0.01140,1.32337,14.78439
14.250,"PID",-1.53089,0.24378,-0.76122,0.99740,1.07706,0.25706,0.08755,0.22428,0.16388,0.45000,-0.05282,"WALKING",0.27569,0.19716,0.25140,2.02212,2.57846,2.02212,2.57846,-0.03088,-0.03420,0.40375,0.52344,0.00230,0.92950,14.83086
14.300,"PID",-1.53299,0.23018,-0.76965,0.99036,1.07719,0.25719,0.08784,0.22388,0.16351,0.45000,-0.04060,"WALKING",0.27468,0.19682,0.25094,2.01870,2.57379,2.01870,2.57379,-0.00342,-0.00466,0.31280,0.40738,0.00086,0.72104,14.86691
14.350,"PID",-1.53497,0.21658,-0.77805,0.98323,1.07730,0.25730,0.08812,0.22486,0.16349,0.45000,-0.03120,"WALKING",0.27366,0.19780,0.25192,2.02872,2.58376,2.02872,2.58376,0.01002,0.00997,0.33342,0.43324,0.00003,0.76669,14.90525
14.400,"PID",-1.53824,0.19339,-0.78646,0.97597,1.07735,0.25735,0.08840,0.22638,0.16369,0.45000,-0.02412,"WALKING",0.27263,0.19929,0.25347,2.04398,2.59970,2.04398,2.59970,0.01526,0.01594,0.35408,0.45902,0.00047,0.81358,14.94593
14.450,"PID",-1.54084,0.17298,-0.79511,0.96837,1.08518,0.26518,0.09390,0.23453,0.17122,0.45000,0.01564,"WALKING",0.27159,0.20619,0.26286,2.11476,2.69602,2.11476,2.69602,0.07078,0.09632,0.59264,0.76493,0.01855,1.37612,15.01473
14.500,"PID",-1.54298,0.15421,-0.80402,0.96040,1.09030,0.27030,0.09748,0.24344,0.17717,0.45000,0.03474,"WALKING",0.27054,0.21412,0.27276,2.19613,2.79759,2.19613,2.79759,0.08137,0.10156,0.64378,0.83019,0.01517,1.48915,15.08919
14.550,"PID",-1.54524,0.13269,-0.81314,0.95210,1.09362,0.27362,0.09990,0.25080,0.18177,0.45000,0.04170,"WALKING",0.26948,0.22072,0.28089,2.26381,2.88089,2.26381,2.88089,0.06768,0.08331,0.60783,0.78418,0.01205,1.40406,15.15939
14.600,"PID",-1.54608,0.12150,-0.82245,0.94346,1.09882,0.27882,0.10354,0.25857,0.18801,0.45000,0.05543,"WALKING",0.26841,0.22745,0.28968,2.33282,2.97110,2.33282,2.97110,0.06901,0.09020,0.64237,0.82950,0.01690,1.48877,15.23383
14.650,"PID",-1.54654,0.11326,-0.83170,0.93471,1.09511,0.27511,0.10146,0.25878,0.18655,0.45000,0.02688,"WALKING",0.26732,0.22790,0.28965,2.33747,2.97079,2.33747,2.97079,0.00465,-0.00031,0.35981,0.46858,0.00392,0.83231,15.27545
14.700,"PID",-1.54731,0.10157,-0.84061,0.92613,1.08893,0.26893,0.09788,0.25302,0.18207,0.45000,-0.00620,"WALKING",0.26623,0.22289,0.28315,2.28601,2.90413,2.28601,2.90413,-0.05146,-0.06666,0.55516,0.71605,0.01174,1.28295,15.33960
14.750,"PID",-1.54763,0.09404,-0.84924,0.91768,1.08597,0.26597,0.09632,0.24712,0.17952,0.45000,-0.01789,"WALKING",0.26513,0.21741,0.27683,2.22984,2.83930,2.22984,2.83930,-0.05617,-0.06483,0.54581,0.70538,0.00659,1.25778,15.40249
14.800,"PID",-1.54782,0.08799,-0.85750,0.90944,1.07988,0.25988,0.09263,0.23886,0.17390,0.45000,-0.04073,"WALKING",0.26402,0.21008,0.26764,2.15467,2.74503,2.15467,2.74503,-0.07517,-0.09426,0.60829,0.78468,0.01408,1.40704,15.47284
14.850,"PID",-1.54796,0.08294,-0.86539,0.90144,1.07300,0.25300,0.08836,0.22909,0.16699,0.45000,-0.06206,"WALKING",0.26290,0.20146,0.25673,2.06621,2.63314,2.06621,2.63314,-0.08845,-0.11190,0.63231,0.81476,0.01661,1.46368,15.54602
14.900,"PID",-1.54859,0.06998,-0.87282,0.89379,1.06575,0.24575,0.08380,0.21868,0.15929,0.45000,-0.08028,"WALKING",0.26178,0.19231,0.24504,1.97245,2.51320,1.97245,2.51320,-0.09377,-0.11993,0.62316,0.80216,0.01768,1.44300,15.61817
14.950,"PID",-1.54913,0.05693,-0.88002,0.88625,1.06553,0.24553,0.08392,0.21422,0.15776,0.45000,-0.06362,"WALKING",0.26064,0.18811,0.24032,1.92930,2.46486,1.92930,2.46486,-0.04314,-0.04834,0.42411,0.54976,0.00348,0.97735,15.66704
15.000,"PID",-1.54955,0.04393,-0.88713,0.87869,1.06559,0.24559,0.08416,0.21326,0.15708,0.45000,-0.04935,"WALKING",0.25950,0.18726,0.23925,1.92063,2.45390,1.92063,2.45390,-0.00867,-0.01096,0.31388,0.40888,0.00153,0.72428,15.70325
15.050,"PID",-1.54987,0.03099,-0.89429,0.87097,1.06565,0.24565,0.08439,0.21409,0.15685,0.45000,-0.03820,"WALKING",0.25835,0.18813,0.24005,1.92958,2.46206,1.92958,2.46206,0.00895,0.00817,0.31163,0.40549,0.00052,0.71764,15.73913
15.100,"PID",-1.55007,0.01810,-0.90141,0.86315,1.06553,0.24553,0.08462,0.21557,0.15688,0.45000,-0.03035,"WALKING",0.25719,0.18961,0.24154,1.94473,2.47730,1.94473,2.47730,0.01515,0.01524,0.33449,0.43401,0.00006,0.76856,15.77756
15.150,"PID",-1.55027,-0.00016,-0.90852,0.85523,1.06530,0.24530,0.08483,0.21716,0.15703,0.45000,-0.02467,"WALKING",0.25602,0.19117,0.24315,1.96071,2.49381,1.96071,2.49381,0.01599,0.01651,0.34067,0.44127,0.00035,0.78228,15.81668
15.200,"PID",-1.55043,-0.03408,-0.91574,0.84705,1.06936,0.24936,0.08799,0.22221,0.16135,0.45000,-0.00141,"WALKING",0.25484,0.19551,0.24892,2.00525,2.55300,2.00525,2.55300,0.04453,0.05920,0.46098,0.59529,0.01004,1.06631,15.86999
15.250,"PID",-1.55010,-0.04646,-0.92345,0.83816,1.08592,0.26592,0.09935,0.23920,0.17760,0.45000,0.07176,"WALKING",0.25366,0.20981,0.26859,2.15188,2.75480,2.15188,2.75480,0.14664,0.20179,0.90954,1.17434,0.04155,2.12544,15.97626
15.300,"PID",-1.54968,-0.05616,-0.93130,0.82894,1.08409,0.26409,0.09837,0.24629,0.17873,0.45000,0.04792,"WALKING",0.25248,0.21671,0.27587,2.22267,2.82942,2.22267,2.82942,0.07079,0.07462,0.58651,0.75692,0.00291,1.34633,16.04358
15.350,"PID",-1.54917,-0.06875,-0.93904,0.81968,1.07972,0.25972,0.09594,0.24574,0.17667,0.45000,0.01817,"WALKING",0.25128,0.21650,0.27498,2.22056,2.82034,2.22056,2.82034,-0.00212,-0.00908,0.35218,0.45746,0.00522,0.81486,16.08432
15.400,"PID",-1.54885,-0.06875,-0.94662,0.81045,1.07776,0.25776,0.09515,0.24326,0.17591,0.45000,0.00556,"WALKING",0.25008,0.21415,0.27238,2.19640,2.79359,2.19640,2.79359,-0.02416,-0.02675,0.41645,0.53970,0.00194,0.95808,16.13223
15.450,"PID",-1.54814,-0.08460,-0.95376,0.80162,1.06568,0.24568,0.08758,0.23148,0.16551,0.45000,-0.04882,"WALKING",0.24887,0.20409,0.25887,2.09322,2.65510,2.09322,2.65510,-0.10318,-0.13849,0.70874,0.90794,0.02479,1.64147,16.21430
15.500,"PID",-1.54685,-0.11165,-0.96069,0.79290,1.06709,0.24709,0.08909,0.22665,0.16619,0.45000,-0.03189,"WALKING",0.24766,0.19915,0.25416,2.04252,2.60672,2.04252,2.60672,-0.05070,-0.04838,0.46255,0.59914,0.00163,1.06333,16.26747
15.550,"PID",-1.54659,-0.10935,-0.96774,0.78385,1.07786,0.25786,0.09658,0.23350,0.17598,0.45000,0.02254,"WALKING",0.24644,0.20438,0.26262,2.09616,2.69358,2.09616,2.69358,0.05364,0.08686,0.54346,0.70801,0.02479,1.27626,16.33128
15.600,"PID",-1.54618,-0.11241,-0.97448,0.77506,1.06437,0.24437,0.08775,0.22590,0.16487,0.45000,-0.04181,"WALKING",0.24522,0.19861,0.25319,2.03708,2.59679,2.03708,2.59679,-0.05909,-0.09679,0.55199,0.71237,0.02637,1.29073,16.39582
15.650,"PID",-1.54555,-0.11965,-0.98084,0.76664,1.05567,0.23567,0.08225,0.21506,0.15626,0.45000,-0.07085,"WALKING",0.24399,0.18920,0.24092,1.94052,2.47102,1.94052,2.47102,-0.09655,-0.12577,0.62583,0.80478,0.01937,1.44998,16.46832
15.700,"PID",-1.54456,-0.13178,-0.98686,0.75853,1.05091,0.23091,0.07940,0.20629,0.15070,0.45000,-0.07621,"WALKING",0.24276,0.18135,0.23123,1.86000,2.37160,1.86000,2.37160,-0.08052,-0.09942,0.53713,0.69215,0.01208,1.24136,16.53038
15.750,"PID",-1.54349,-0.14384,-0.99271,0.75053,1.05057,0.23057,0.07955,0.20265,0.14938,0.45000,-0.06095,"WALKING",0.24152,0.17793,0.22737,1.82489,2.33203,1.82489,2.33203,-0.03511,-0.03957,0.37596,0.48753,0.00283,0.86631,16.57370
15.800,"PID",-1.54232,-0.15583,-0.99849,0.74250,1.05036,0.23036,0.07972,0.20190,0.14873,0.45000,-0.04848,"WALKING",0.24027,0.17728,0.22651,1.81830,2.32323,1.81830,2.32323,-0.00660,-0.00880,0.28999,0.37756,0.00139,0.66894,16.60715
15.850,"PID",-1.54107,-0.16775,-1.00423,0.73441,1.05012,0.23012,0.07991,0.20259,0.14849,0.45000,-0.03884,"WALKING",0.23903,0.17801,0.22716,1.82577,2.32988,1.82577,2.32988,0.00748,0.00665,0.28944,0.37640,0.00052,0.66637,16.64046
15.900,"PID",-1.53881,-0.18875,-1.00994,0.72622,1.04980,0.22980,0.08007,0.20383,0.14845,0.45000,-0.03171,"WALKING",0.23778,0.17927,0.22840,1.83863,2.34259,1.83863,2.34259,0.01286,0.01271,0.30813,0.39967,0.00009,0.70789,16.67586
15.950,"PID",-1.53653,-0.20774,-1.01580,0.71768,1.05682,0.23682,0.08534,0.21135,0.15559,0.45000,0.00614,"WALKING",0.23652,0.18560,0.23710,1.90363,2.43184,1.90363,2.43184,0.06500,0.08925,0.51188,0.66162,0.01600,1.18951,16.73533
16.000,"PID",-1.53431,-0.22453,-1.02184,0.70872,1.06186,0.24186,0.08911,0.22008,0.16172,0.45000,0.02696,"WALKING",0.23527,0.19332,0.24685,1.98274,2.53175,1.98274,2.53175,0.07911,0.09991,0.57260,0.73949,0.01427,1.32637,16.80165
16.050,"PID",-1.53156,-0.24421,-1.02799,0.69943,1.06470,0.24470,0.09140,0.22714,0.16613,0.45000,0.03351,"WALKING",0.23401,0.19965,0.25464,2.04767,2.61168,2.04767,2.61168,0.06493,0.07993,0.53730,0.69414,0.01057,1.24201,16.86375
16.100,"PID",-1.52985,-0.25439,-1.03427,0.68976,1.06959,0.24959,0.09507,0.23469,0.17238,0.45000,0.04767,"WALKING",0.23274,0.20617,0.26322,2.11452,2.69973,2.11452,2.69973,0.06684,0.08805,0.57232,0.74019,0.01550,1.32801,16.93015
16.150,"PID",-1.52866,-0.26044,-1.04049,0.68002,1.06632,0.24632,0.09329,0.23535,0.17133,0.45000,0.02278,"WALKING",0.23148,0.20700,0.26371,2.12306,2.70469,2.12306,2.70469,0.00854,0.00496,0.33932,0.44172,0.00260,0.78364,16.96934
16.200,"PID",-1.52692,-0.27021,-1.04647,0.67047,1.05961,0.23961,0.08930,0.22953,0.16633,0.45000,-0.01175,"WALKING",0.23021,0.20201,0.25706,2.07186,2.63651,2.07186,2.63651,-0.05120,-0.06818,0.50254,0.64843,0.01198,1.16294,17.02748
16.250,"PID",-1.52571,-0.27611,-1.05221,0.66113,1.05627,0.23627,0.08757,0.22343,0.16349,0.45000,-0.02387,"WALKING",0.22894,0.19637,0.25049,2.01409,2.56912,2.01409,2.56912,-0.05777,-0.06739,0.49696,0.64246,0.00667,1.14610,17.08479
16.300,"PID",-1.52477,-0.28035,-1.05766,0.65211,1.05007,0.23007,0.08380,0.21511,0.15769,0.45000,-0.04590,"WALKING",0.22767,0.18901,0.24121,1.93856,2.47391,1.93856,2.47391,-0.07553,-0.09521,0.54674,0.70568,0.01316,1.26558,17.14807
16.350,"PID",-1.52404,-0.28349,-1.06279,0.64346,1.04292,0.22292,0.07932,0.20521,0.15045,0.45000,-0.06726,"WALKING",0.22639,0.18031,0.23011,1.84938,2.36013,1.84938,2.36013,-0.08918,-0.11379,0.56734,0.73126,0.01570,1.31431,17.21378
16.400,"PID",-1.52205,-0.29396,-1.06759,0.63525,1.03537,0.21537,0.07449,0.19460,0.14230,0.45000,-0.08566,"WALKING",0.22512,0.17105,0.21815,1.75437,2.23744,1.75437,2.23744,-0.09501,-0.12269,0.55747,0.71745,0.01670,1.29162,17.27836
16.450,"PID",-1.51988,-0.30497,-1.07221,0.62720,1.03439,0.21439,0.07422,0.18954,0.14013,0.45000,-0.07115,"WALKING",0.22384,0.16634,0.21273,1.70610,2.18183,1.70610,2.18183,-0.04827,-0.05561,0.38934,0.50413,0.00436,0.89783,17.32326
16.500,"PID",-1.51764,-0.31591,-1.07672,0.61920,1.03410,0.21410,0.07439,0.18812,0.13924,0.45000,-0.05677,"WALKING",0.22257,0.16508,0.21116,1.69308,2.16577,1.69308,2.16577,-0.01302,-0.01606,0.28691,0.37316,0.00180,0.66187,17.35635
16.550,"PID",-1.51534,-0.32676,-1.08121,0.61111,1.03384,0.21384,0.07457,0.18861,0.13884,0.45000,-0.04539,"WALKING",0.22129,0.16563,0.21159,1.69877,2.17010,1.69877,2.17010,0.00569,0.00433,0.26255,0.34153,0.00080,0.60489,17.38659
16.600,"PID",-1.51298,-0.33754,-1.08566,0.60296,1.03348,0.21348,0.07474,0.18987,0.13873,0.45000,-0.03701,"WALKING",0.22001,0.16692,0.21283,1.71196,2.18291,1.71196,2.18291,0.01318,0.01281,0.28616,0.37105,0.00022,0.65744,17.41947
16.650,"PID",-1.50968,-0.35229,-1.09009,0.59472,1.03303,0.21303,0.07488,0.19132,0.13874,0.45000,-0.03084,"WALKING",0.21873,0.16836,0.21429,1.72681,2.19781,1.72681,2.19781,0.01485,0.01490,0.29389,0.38026,0.00003,0.67418,17.45317
16.700,"PID",-1.50258,-0.38355,-1.09455,0.58628,1.03580,0.21580,0.07736,0.19541,0.14207,0.45000,-0.01186,"WALKING",0.21746,0.17189,0.21892,1.76302,2.24535,1.76302,2.24535,0.03622,0.04754,0.37512,0.48424,0.00682,0.86617,17.49648
16.750,"PID",-1.51073,-0.34670,-1.09934,0.57705,1.05217,0.23217,0.08912,0.21195,0.15872,0.45000,0.06276,"WALKING",0.21618,0.18568,0.23822,1.90439,2.44323,1.90439,2.44323,0.14136,0.19788,0.78839,1.01936,0.03805,1.84580,17.58877
16.800,"PID",-1.50828,-0.35720,-1.10348,0.56894,1.01122,0.19122,0.06047,0.18629,0.12165,0.45000,-0.13124,"WALKING",0.21490,0.16616,0.20642,1.70417,2.11716,1.70417,2.11716,-0.20022,-0.32608,0.95345,1.18976,0.06494,2.20815,17.69918
16.850,"PID",-1.50578,-0.36761,-1.10728,0.56138,1.01074,0.19074,0.06133,0.17352,0.11893,0.45000,-0.10447,"WALKING",0.21363,0.15384,0.19321,1.57786,1.98160,1.57786,1.98160,-0.12631,-0.13556,0.55436,0.70102,0.00466,1.26005,17.76218
16.900,"PID",-1.50321,-0.37795,-1.11094,0.55401,1.01085,0.19085,0.06225,0.16856,0.11801,0.45000,-0.08099,"WALKING",0.21236,0.14903,0.18809,1.52852,1.92916,1.52852,1.92916,-0.04934,-0.05244,0.34467,0.43965,0.00155,0.78586,17.80148
16.950,"PID",-1.50060,-0.38821,-1.11454,0.54664,1.01115,0.19115,0.06320,0.16798,0.11818,0.45000,-0.06185,"WALKING",0.21108,0.14842,0.18754,1.52224,1.92344,1.52224,1.92344,-0.00628,-0.00572,0.23601,0.30284,0.00028,0.53913,17.82843
17.000,"PID",-1.49793,-0.39838,-1.11813,0.53916,1.01142,0.19142,0.06406,0.16957,0.11887,0.45000,-0.04705,"WALKING",0.20981,0.14989,0.18924,1.53738,1.94092,1.53738,1.94092,0.01514,0.01748,0.26336,0.33719,0.00118,0.60173,17.85852
17.050,"PID",-1.49521,-0.40848,-1.12173,0.53156,1.01155,0.19155,0.06487,0.17198,0.11984,0.45000,-0.03612,"WALKING",0.20855,0.15215,0.19182,1.56053,1.96736,1.56053,1.96736,0.02315,0.02644,0.28831,0.36828,0.00167,0.65827,17.89143
17.100,"PID",-1.49243,-0.41850,-1.12532,0.52385,1.01151,0.19151,0.06560,0.17447,0.12092,0.45000,-0.02835,"WALKING",0.20728,0.15446,0.19448,1.58419,1.99469,1.58419,1.99469,0.02366,0.02732,0.29465,0.37591,0.00188,0.67244,17.92505
17.150,"PID",-1.48961,-0.42844,-1.12892,0.51601,1.01134,0.19134,0.06631,0.17666,0.12207,0.45000,-0.02289,"WALKING",0.20602,0.15646,0.19687,1.60474,2.01915,1.60474,2.01915,0.02055,0.02447,0.29115,0.37136,0.00203,0.66454,17.95828
17.200,"PID",-1.48674,-0.43830,-1.13250,0.50807,1.01098,0.19098,0.06693,0.17837,0.12317,0.45000,-0.01944,"WALKING",0.20476,0.15799,0.19876,1.62039,2.03853,1.62039,2.03853,0.01565,0.01938,0.28146,0.35920,0.00195,0.64261,17.99041
17.250,"PID",-1.48382,-0.44808,-1.13606,0.50006,1.01050,0.19050,0.06747,0.17958,0.12417,0.45000,-0.01726,"WALKING",0.20350,0.15903,0.20013,1.63107,2.05262,1.63107,2.05262,0.01067,0.01409,0.27027,0.34532,0.00180,0.61739,18.02128
17.300,"PID",-1.48086,-0.45778,-1.13958,0.49200,1.00991,0.18991,0.06793,0.18032,0.12507,0.45000,-0.01608,"WALKING",0.20225,0.15962,0.20102,1.63710,2.06169,1.63710,2.06169,0.00603,0.00907,0.25894,0.33135,0.00162,0.59190,18.05088
17.350,"PID",-1.47785,-0.46740,-1.14305,0.48389,1.00924,0.18924,0.06834,0.18066,0.12587,0.45000,-0.01548,"WALKING",0.20099,0.15983,0.20149,1.63929,2.06660,1.63929,2.06660,0.00219,0.00491,0.24902,0.31923,0.00145,0.56970,18.07936
17.400,"PID",-1.47480,-0.47695,-1.14648,0.47576,1.00849,0.18849,0.06866,0.18068,0.12654,0.45000,-0.01537,"WALKING",0.19975,0.15974,0.20162,1.63835,2.06794,1.63835,2.06794,-0.00094,0.00134,0.24025,0.30858,0.00122,0.55005,18.10686
17.450,"PID",-1.47170,-0.48641,-1.14985,0.46765,1.00769,0.18769,0.06892,0.18045,0.12709,0.45000,-0.01550,"WALKING",0.19851,0.15942,0.20149,1.63506,2.06653,1.63506,2.06653,-0.00329,-0.00141,0.24526,0.31533,0.00101,0.56160,18.13494
17.500,"PID",-1.46857,-0.49579,-1.15316,0.45952,1.00688,0.18688,0.06907,0.18006,0.12746,0.45000,-0.01565,"WALKING",0.19727,0.15897,0.20116,1.63044,2.06315,1.63044,2.06315,-0.00462,-0.00338,0.24873,0.32010,0.00067,0.56950,18.16342
17.550,"PID",-1.46539,-0.50510,-1.15641,0.45139,1.00603,0.18603,0.06916,0.17954,0.12772,0.45000,-0.01595,"WALKING",0.19603,0.15840,0.20068,1.62467,2.05824,1.62467,2.05824,-0.00578,-0.00490,0.25121,0.32361,0.00047,0.57529,18.19218
17.600,"PID",-1.46218,-0.51433,-1.15959,0.44328,1.00516,0.18516,0.06921,0.17893,0.12787,0.45000,-0.01627,"WALKING",0.19480,0.15777,0.20009,1.61815,2.05225,1.61815,2.05225,-0.00652,-0.00600,0.25247,0.32555,0.00028,0.57831,18.22110
17.650,"PID",-1.45893,-0.52348,-1.16271,0.43517,1.00428,0.18428,0.06920,0.17826,0.12793,0.45000,-0.01658,"WALKING",0.19358,0.15709,0.19943,1.61118,2.04549,1.61118,2.04549,-0.00697,-0.00676,0.25284,0.32633,0.00011,0.57929,18.25006
17.700,"PID",-1.45564,-0.53255,-1.16576,0.42706,1.00337,0.18337,0.06916,0.17754,0.12791,0.45000,-0.01693,"WALKING",0.19236,0.15637,0.19871,1.60384,2.03809,1.60384,2.03809,-0.00734,-0.00740,0.25290,0.32668,0.00004,0.57961,18.27904
17.750,"PID",-1.45232,-0.54154,-1.16875,0.41899,1.00244,0.18244,0.06907,0.17679,0.12781,0.45000,-0.01730,"WALKING",0.19115,0.15564,0.19794,1.59628,2.03016,1.59628,2.03016,-0.00757,-0.00793,0.25258,0.32651,0.00020,0.57929,18.30801
17.800,"PID",-1.44896,-0.55046,-1.17167,0.41093,1.00151,0.18151,0.06895,0.17602,0.12763,0.45000,-0.01756,"WALKING",0.18994,0.15490,0.19715,1.58872,2.02201,1.58872,2.02201,-0.00755,-0.00815,0.25157,0.32544,0.00032,0.57734,18.33687
17.850,"PID",-1.44557,-0.55930,-1.17454,0.40287,1.00058,0.18058,0.06880,0.17525,0.12739,0.45000,-0.01781,"WALKING",0.18874,0.15417,0.19634,1.58121,2.01369,1.58121,2.01369,-0.00751,-0.00831,0.25046,0.32418,0.00044,0.57507,18.36563
17.900,"PID",-1.44215,-0.56806,-1.17733,0.39484,0.99962,0.17962,0.06861,0.17446,0.12708,0.45000,-0.01812,"WALKING",0.18755,0.15343,0.19549,1.57364,2.00506,1.57364,2.00506,-0.00758,-0.00863,0.24967,0.32330,0.00057,0.57354,18.39430
17.950,"PID",-1.43870,-0.57675,-1.18006,0.38683,0.99866,0.17866,0.06840,0.17367,0.12674,0.45000,-0.01837,"WALKING",0.18636,0.15269,0.19464,1.56607,1.99632,1.56607,1.99632,-0.00757,-0.00873,0.24851,0.32194,0.00063,0.57108,18.42286
18.000,"PID",-1.43522,-0.58536,-1.18272,0.37884,0.99769,0.17769,0.06819,0.17287,0.12636,0.45000,-0.01859,"WALKING",0.18518,0.15196,0.19378,1.55856,1.98753,1.55856,1.98753,-0.00751,-0.00879,0.24724,0.32041,0.00069,0.56834,18.45128
18.050,"PID",-1.43171,-0.59389,-1.18533,0.37087,0.99672,0.17672,0.06795,0.17208,0.12595,0.45000,-0.01878,"WALKING",0.18400,0.15123,0.19292,1.55112,1.97871,1.55112,1.97871,-0.00744,-0.00883,0.24595,0.31882,0.00074,0.56551,18.47955
18.100,"PID",-1.42817,-0.60236,-1.18787,0.36292,0.99573,0.17573,0.06771,0.17128,0.12552,0.45000,-0.01897,"WALKING",0.18284,0.15051,0.19206,1.54370,1.96982,1.54370,1.96982,-0.00742,-0.00889,0.24475,0.31735,0.00078,0.56288,18.50770
18.150,"PID",-1.42460,-0.61074,-1.19035,0.35499,0.99474,0.17474,0.06746,0.17049,0.12507,0.45000,-0.01917,"WALKING",0.18168,0.14979,0.19118,1.53627,1.96086,1.53627,1.96086,-0.00743,-0.00896,0.24361,0.31594,0.00081,0.56036,18.53571
18.200,"PID",-1.42101,-0.61905,-1.19277,0.34708,0.99374,0.17374,0.06719,0.16968,0.12459,0.45000,-0.01936,"WALKING",0.18052,0.14906,0.19030,1.52882,1.95179,1.52882,1.95179,-0.00745,-0.00906,0.24251,0.31456,0.00085,0.55792,18.56361
18.250,"PID",-1.41739,-0.62729,-1.19512,0.33920,0.99273,0.17273,0.06692,0.16887,0.12411,0.45000,-0.01954,"WALKING",0.17938,0.14833,0.18941,1.52137,1.94269,1.52137,1.94269,-0.00745,-0.00910,0.24130,0.31303,0.00087,0.55520,18.59137
18.300,"PID",-1.41375,-0.63546,-1.19742,0.33133,0.99172,0.17172,0.06665,0.16807,0.12361,0.45000,-0.01968,"WALKING",0.17824,0.14761,0.18853,1.51396,1.93359,1.51396,1.93359,-0.00741,-0.00910,0.24002,0.31141,0.00089,0.55231,18.61899
18.350,"PID",-1.41009,-0.64355,-1.19966,0.32348,0.99069,0.17069,0.06637,0.16725,0.12310,0.45000,-0.01987,"WALKING",0.17712,0.14688,0.18763,1.50648,1.92437,1.50648,1.92437,-0.00748,-0.00922,0.23898,0.31009,0.00091,0.54998,18.64648
18.400,"PID",-1.40640,-0.65157,-1.20184,0.31568,0.98966,0.16966,0.06608,0.16644,0.12258,0.45000,-0.02003,"WALKING",0.17600,0.14615,0.18672,1.49898,1.91512,1.49898,1.91512,-0.00750,-0.00926,0.23779,0.30859,0.00091,0.54729,18.67385
18.450,"PID",-1.40269,-0.65952,-1.20396,0.30790,0.98864,0.16864,0.06579,0.16563,0.12205,0.45000,-0.02012,"WALKING",0.17489,0.14543,0.18583,1.49160,1.90594,1.49160,1.90594,-0.00738,-0.00917,0.23632,0.30670,0.00093,0.54394,18.70105
18.500,"PID",-1.39896,-0.66740,-1.20602,0.30016,0.98762,0.16762,0.06553,0.16483,0.12156,0.45000,-0.02019,"WALKING",0.17379,0.14471,0.18495,1.48424,1.89691,1.48424,1.89691,-0.00736,-0.00903,0.23490,0.30490,0.00086,0.54067,18.72808
18.550,"PID",-1.39521,-0.67520,-1.20804,0.29242,0.98660,0.16660,0.06525,0.16405,0.12104,0.45000,-0.02021,"WALKING",0.17270,0.14401,0.18408,1.47707,1.88797,1.47707,1.88797,-0.00718,-0.00894,0.23339,0.30297,0.00091,0.53726,18.75494
18.600,"PID",-1.39143,-0.68294,-1.20999,0.28473,0.98556,0.16556,0.06496,0.16324,0.12051,0.45000,-0.02037,"WALKING",0.17161,0.14330,0.18319,1.46970,1.87883,1.46970,1.87883,-0.00736,-0.00913,0.23259,0.30195,0.00091,0.53544,18.78171
18.650,"PID",-1.38764,-0.69061,-1.21189,0.27706,0.98453,0.16453,0.06466,0.16245,0.11997,0.45000,-0.02040,"WALKING",0.17054,0.14259,0.18230,1.46249,1.86976,1.46249,1.86976,-0.00722,-0.00907,0.23114,0.30008,0.00094,0.53216,18.80832
18.700,"PID",-1.38384,-0.69821,-1.21373,0.26943,0.98350,0.16350,0.06436,0.16166,0.11942,0.45000,-0.02044,"WALKING",0.16948,0.14189,0.18142,1.45533,1.86074,1.45533,1.86074,-0.00715,-0.00902,0.22982,0.29837,0.00095,0.52914,18.83478
18.750,"PID",-1.38001,-0.70574,-1.21553,0.26181,0.98248,0.16248,0.06406,0.16088,0.11886,0.45000,-0.02047,"WALKING",0.16843,0.14120,0.18055,1.44825,1.85176,1.44825,1.85176,-0.00709,-0.00898,0.22852,0.29667,0.00095,0.52615,18.86109
18.800,"PID",-1.37617,-0.71321,-1.21728,0.25421,0.98143,0.16143,0.06375,0.16008,0.11830,0.45000,-0.02057,"WALKING",0.16739,0.14050,0.17966,1.44105,1.84265,1.44105,1.84265,-0.00720,-0.00911,0.22759,0.29546,0.00096,0.52402,18.88729
18.850,"PID",-1.37231,-0.72060,-1.21897,0.24665,0.98038,0.16038,0.06344,0.15928,0.11772,0.45000,-0.02067,"WALKING",0.16636,0.13979,0.17876,1.43378,1.83342,1.43378,1.83342,-0.00727,-0.00923,0.22659,0.29415,0.00098,0.52172,18.91337
18.900,"PID",-1.36843,-0.72793,-1.22061,0.23913,0.97933,0.15933,0.06312,0.15847,0.11714,0.45000,-0.02074,"WALKING",0.16533,0.13909,0.17786,1.42652,1.82419,1.42652,1.82419,-0.00726,-0.00923,0.22538,0.29256,0.00098,0.51891,18.93932
18.950,"PID",-1.36454,-0.73520,-1.22219,0.23163,0.97830,0.15830,0.06280,0.15769,0.11654,0.45000,-0.02071,"WALKING",0.16433,0.13840,0.17697,1.41946,1.81511,1.41946,1.81511,-0.00706,-0.00908,0.22381,0.29051,0.00099,0.51531,18.96509
19.000,"PID",-1.36064,-0.74240,-1.22373,0.22414,0.97725,0.15725,0.06247,0.15689,0.11595,0.45000,-0.02076,"WALKING",0.16333,0.13770,0.17608,1.41235,1.80599,1.41235,1.80599,-0.00711,-0.00912,0.22274,0.28908,0.00099,0.51281,18.99073
19.050,"PID",-1.35672,-0.74954,-1.22522,0.21671,0.97619,0.15619,0.06214,0.15609,0.11534,0.45000,-0.02085,"WALKING",0.16234,0.13700,0.17518,1.40518,1.79673,1.40518,1.79673,-0.00717,-0.00926,0.22176,0.28777,0.00102,0.51055,19.01625
19.100,"PID",-1.35279,-0.75661,-1.22665,0.20930,0.97515,0.15515,0.06182,0.15530,0.11475,0.45000,-0.02083,"WALKING",0.16137,0.13631,0.17429,1.39808,1.78763,1.39808,1.78763,-0.00710,-0.00910,0.22032,0.28589,0.00097,0.50719,19.04161
19.150,"PID",-1.34884,-0.76362,-1.22804,0.20192,0.97411,0.15411,0.06150,0.15452,0.11416,0.45000,-0.02085,"WALKING",0.16040,0.13562,0.17341,1.39101,1.77855,1.39101,1.77855,-0.00708,-0.00908,0.21911,0.28429,0.00097,0.50437,19.06683
19.200,"PID",-1.34489,-0.77057,-1.22937,0.19457,0.97307,0.15307,0.06118,0.15374,0.11356,0.45000,-0.02081,"WALKING",0.15945,0.13494,0.17253,1.38404,1.76957,1.38404,1.76957,-0.00696,-0.00898,0.21772,0.28245,0.00097,0.50114,19.09189
19.250,"PID",-1.34092,-0.77746,-1.23066,0.18726,0.97203,0.15203,0.06086,0.15296,0.11297,0.45000,-0.02083,"WALKING",0.15851,0.13426,0.17166,1.37705,1.76057,1.37705,1.76057,-0.00700,-0.00900,0.21662,0.28101,0.00096,0.49859,19.11682
19.300,"PID",-1.33694,-0.78428,-1.23190,0.17997,0.97100,0.15100,0.06054,0.15219,0.11237,0.45000,-0.02079,"WALKING",0.15759,0.13359,0.17079,1.37016,1.75165,1.37016,1.75165,-0.00689,-0.00892,0.21527,0.27922,0.00097,0.49546,19.14159
19.350,"PID",-1.33294,-0.79105,-1.23309,0.17272,0.96996,0.14996,0.06022,0.15142,0.11178,0.45000,-0.02077,"WALKING",0.15667,0.13292,0.16992,1.36328,1.74276,1.36328,1.74276,-0.00688,-0.00890,0.21411,0.27767,0.00096,0.49274,19.16623
19.400,"PID",-1.32894,-0.79776,-1.23424,0.16548,0.96893,0.14893,0.05990,0.15065,0.11119,0.45000,-0.02074,"WALKING",0.15577,0.13225,0.16906,1.35642,1.73391,1.35642,1.73391,-0.00686,-0.00884,0.21289,0.27607,0.00094,0.48990,19.19072
19.450,"PID",-1.32493,-0.80441,-1.23534,0.15828,0.96788,0.14788,0.05958,0.14988,0.11059,0.45000,-0.02078,"WALKING",0.15488,0.13157,0.16818,1.34948,1.72493,1.34948,1.72493,-0.00694,-0.00898,0.21198,0.27484,0.00095,0.48778,19.21511
19.500,"PID",-1.32090,-0.81100,-1.23640,0.15111,0.96684,0.14684,0.05926,0.14910,0.11000,0.45000,-0.02079,"WALKING",0.15401,0.13090,0.16731,1.34251,1.71596,1.34251,1.71596,-0.00697,-0.00898,0.21085,0.27335,0.00094,0.48514,19.23937
19.550,"PID",-1.31687,-0.81753,-1.23741,0.14398,0.96582,0.14582,0.05894,0.14833,0.10942,0.45000,-0.02074,"WALKING",0.15315,0.13022,0.16644,1.33563,1.70709,1.33563,1.70709,-0.00689,-0.00886,0.20952,0.27159,0.00092,0.48202,19.26347
19.600,"PID",-1.31283,-0.82401,-1.23838,0.13688,0.96479,0.14479,0.05863,0.14757,0.10884,0.45000,-0.02069,"WALKING",0.15230,0.12956,0.16559,1.32881,1.69831,1.32881,1.69831,-0.00681,-0.00878,0.20823,0.26989,0.00091,0.47903,19.28742
19.650,"PID",-1.30877,-0.83043,-1.23930,0.12982,0.96377,0.14377,0.05832,0.14682,0.10826,0.45000,-0.02063,"WALKING",0.15146,0.12890,0.16474,1.32207,1.68961,1.32207,1.68961,-0.00674,-0.00871,0.20696,0.26822,0.00090,0.47609,19.31123
19.700,"PID",-1.30471,-0.83680,-1.24018,0.12279,0.96276,0.14276,0.05801,0.14608,0.10769,0.45000,-0.02052,"WALKING",0.15064,0.12826,0.16391,1.31548,1.68108,1.31548,1.68108,-0.00660,-0.00853,0.20555,0.26637,0.00088,0.47281,19.33487
19.750,"PID",-1.30064,-0.84311,-1.24102,0.11580,0.96175,0.14175,0.05771,0.14535,0.10713,0.45000,-0.02045,"WALKING",0.14983,0.12762,0.16308,1.30890,1.67258,1.30890,1.67258,-0.00657,-0.00849,0.20441,0.26486,0.00087,0.47014,19.35837
19.800,"PID",-1.29656,-0.84937,-1.24182,0.10884,0.96077,0.14077,0.05740,0.14463,0.10655,0.45000,-0.02029,"WALKING",0.14904,0.12700,0.16227,1.30253,1.66427,1.30253,1.66427,-0.00637,-0.00832,0.20298,0.26296,0.00088,0.46682,19.38172
19.850,"PID",-1.29247,-0.85558,-1.24258,0.10190,0.95977,0.13977,0.05710,0.14392,0.10600,0.45000,-0.02019,"WALKING",0.14826,0.12638,0.16146,1.29617,1.65602,1.29617,1.65602,-0.00636,-0.00825,0.20186,0.26148,0.00085,0.46419,19.40492
19.900,"PID",-1.28838,-0.86173,-1.24330,0.09500,0.95878,0.13878,0.05681,0.14320,0.10545,0.45000,-0.02013,"WALKING",0.14750,0.12575,0.16066,1.28977,1.64775,1.28977,1.64775,-0.00640,-0.00826,0.20087,0.26016,0.00083,0.46187,19.42802
19.950,"PID",-1.28427,-0.86784,-1.24397,0.08812,0.95779,0.13779,0.05652,0.14249,0.10491,0.45000,-0.02003,"WALKING",0.14675,0.12513,0.15985,1.28340,1.63954,1.28340,1.63954,-0.00637,-0.00822,0.19975,0.25868,0.00082,0.45925,19.45098
20.000,"PID",-1.28016,-0.87389,-1.24461,0.08128,0.95680,0.13680,0.05623,0.14178,0.10437,0.45000,-0.01998,"WALKING",0.14601,0.12451,0.15905,1.27698,1.63130,1.27698,1.63130,-0.00642,-0.00824,0.19877,0.25739,0.00081,0.45697,19.47383
20.050,"PID",-1.27604,-0.87990,-1.24521,0.07454,0.95584,0.13584,0.05594,0.14108,0.10384,0.45000,-0.01984,"WALKING",0.14529,0.12389,0.15826,1.27070,1.62322,1.27070,1.62322,-0.00628,-0.00808,0.19745,0.25565,0.00079,0.45390,19.49652
20.100,"PID",-1.27191,-0.88585,-1.24576,0.06783,0.95494,0.13494,0.05566,0.14044,0.10331,0.45000,-0.01943,"WALKING",0.14459,0.12334,0.15754,1.26507,1.61579,1.26507,1.61579,-0.00563,-0.00742,0.19524,0.25276,0.00079,0.44878,19.51896
20.150,"PID",-1.26778,-0.89176,-1.24628,0.06115,0.95404,0.13404,0.05537,0.13984,0.10278,0.45000,-0.01909,"WALKING",0.14390,0.12283,0.15685,1.25977,1.60869,1.25977,1.60869,-0.00531,-0.00710,0.19374,0.25077,0.00078,0.44530,19.54123
20.200,"PID",-1.26363,-0.89762,-1.24677,0.05449,0.95315,0.13315,0.05509,0.13925,0.10226,0.45000,-0.01881,"WALKING",0.14323,0.12232,0.15617,1.25459,1.60173,1.25459,1.60173,-0.00518,-0.00696,0.19264,0.24927,0.00077,0.44268,19.56336
20.250,"PID",-1.25948,-0.90344,-1.24722,0.04786,0.95226,0.13226,0.05481,0.13866,0.10173,0.45000,-0.01858,"WALKING",0.14257,0.12182,0.15549,1.24943,1.59480,1.24943,1.59480,-0.00516,-0.00693,0.19176,0.24807,0.00077,0.44060,19.58539
20.300,"PID",-1.25532,-0.90921,-1.24763,0.04126,0.95138,0.13138,0.05454,0.13806,0.10123,0.45000,-0.01839,"WALKING",0.14192,0.12131,0.15482,1.24422,1.58786,1.24422,1.58786,-0.00521,-0.00694,0.19098,0.24700,0.00074,0.43872,19.60733
20.350,"PID",-1.25116,-0.91493,-1.24801,0.03468,0.95050,0.13050,0.05428,0.13747,0.10073,0.45000,-0.01823,"WALKING",0.14130,0.12080,0.15414,1.23894,1.58091,1.23894,1.58091,-0.00527,-0.00695,0.19020,0.24594,0.00072,0.43686,19.62917
20.400,"PID",-1.24698,-0.92061,-1.24835,0.02814,0.94962,0.12962,0.05401,0.13687,0.10024,0.45000,-0.01806,"WALKING",0.14068,0.12028,0.15346,1.23366,1.57397,1.23366,1.57397,-0.00528,-0.00694,0.18935,0.24480,0.00071,0.43486,19.65091
20.450,"PID",-1.24280,-0.92625,-1.24866,0.02160,0.94875,0.12875,0.05376,0.13627,0.09976,0.45000,-0.01792,"WALKING",0.14009,0.11976,0.15278,1.22833,1.56701,1.22833,1.56701,-0.00533,-0.00696,0.18856,0.24374,0.00069,0.43299,19.67256
20.500,"PID",-1.23861,-0.93185,-1.24893,0.01511,0.94787,0.12787,0.05353,0.13566,0.09932,0.45000,-0.01784,"WALKING",0.13951,0.11923,0.15210,1.22283,1.56001,1.22283,1.56001,-0.00550,-0.00700,0.18788,0.24284,0.00063,0.43136,19.69413
20.550,"PID",-1.23441,-0.93740,-1.24917,0.00865,0.94702,0.12702,0.05328,0.13506,0.09886,0.45000,-0.01768,"WALKING",0.13895,0.11870,0.15142,1.21744,1.55307,1.21744,1.55307,-0.00539,-0.00694,0.18684,0.24148,0.00065,0.42897,19.71558
20.600,"PID",-1.23021,-0.94291,-1.24938,0.00222,0.94617,0.12617,0.05304,0.13447,0.09842,0.45000,-0.01754,"WALKING",0.13840,0.11818,0.15075,1.21208,1.54620,1.21208,1.54620,-0.00535,-0.00687,0.18588,0.24022,0.00063,0.42673,19.73692
20.650,"PID",-1.22600,-0.94839,-1.24956,-0.00419,0.94533,0.12533,0.05281,0.13388,0.09798,0.45000,-0.01738,"WALKING",0.13787,0.11766,0.15010,1.20681,1.53944,1.20681,1.53944,-0.00528,-0.00676,0.18486,0.23889,0.00062,0.42437,19.75814
20.700,"PID",-1.22177,-0.95382,-1.24971,-0.01056,0.94449,0.12449,0.05258,0.13330,0.09754,0.45000,-0.01722,"WALKING",0.13735,0.11716,0.14944,1.20160,1.53276,1.20160,1.53276,-0.00520,-0.00668,0.18388,0.23760,0.00061,0.42210,19.77924
20.750,"PID",-1.21754,-0.95921,-1.24982,-0.01690,0.94367,0.12367,0.05235,0.13273,0.09712,0.45000,-0.01704,"WALKING",0.13686,0.11666,0.14880,1.19647,1.52619,1.19647,1.52619,-0.00513,-0.00657,0.18289,0.23631,0.00059,0.41979,19.80023
20.800,"PID",-1.21330,-0.96457,-1.24990,-0.02324,0.94286,0.12286,0.05212,0.13217,0.09670,0.45000,-0.01687,"WALKING",0.13638,0.11616,0.14817,1.19143,1.51971,1.19143,1.51971,-0.00504,-0.00648,0.18191,0.23502,0.00059,0.41752,19.82111
20.850,"PID",-1.20906,-0.96989,-1.24995,-0.02953,0.94204,0.12204,0.05187,0.13160,0.09625,0.45000,-0.01675,"WALKING",0.13591,0.11567,0.14753,1.18640,1.51315,1.18640,1.51315,-0.00503,-0.00656,0.18118,0.23405,0.00063,0.41585,19.84190
20.900,"PID",-1.20480,-0.97517,-1.24997,-0.03579,0.94125,0.12125,0.05166,0.13105,0.09584,0.45000,-0.01655,"WALKING",0.13547,0.11519,0.14692,1.18144,1.50682,1.18144,1.50682,-0.00496,-0.00632,0.18009,0.23264,0.00056,0.41329,19.86256
20.950,"PID",-1.20053,-0.98042,-1.24997,-0.04203,0.94047,0.12047,0.05146,0.13052,0.09546,0.45000,-0.01635,"WALKING",0.13504,0.11472,0.14631,1.17660,1.50066,1.17660,1.50066,-0.00484,-0.00616,0.17906,0.23130,0.00053,0.41089,19.88311
21.000,"PID",-1.19626,-0.98563,-1.24993,-0.04824,0.93969,0.11969,0.05128,0.12998,0.09510,0.45000,-0.01619,"WALKING",0.13462,0.11424,0.14572,1.17173,1.49459,1.17173,1.49459,-0.00487,-0.00608,0.17824,0.23024,0.00049,0.40897,19.90356
21.050,"PID",-1.16012,-1.02913,-1.24986,-0.05442,0.93893,0.11893,0.05108,0.12946,0.09474,0.45000,-0.01598,"WALKING",0.13423,0.11378,0.14514,1.16700,1.48862,1.16700,1.48862,-0.00472,-0.00597,0.17725,0.22898,0.00050,0.40673,19.92389
21.100,"PID",-1.15775,-1.03164,-1.24972,-0.06228,0.97882,0.15882,0.08096,0.16298,0.13588,0.45000,0.16309,"WALKING",0.13385,0.14049,0.18547,1.44096,1.90225,1.44096,1.90225,0.27396,0.41363,0.98620,1.30717,0.08050,2.37387,20.04259
21.150,"PID",-1.15329,-1.03662,-1.24952,-0.07076,0.97371,0.15371,0.07695,0.17510,0.13590,0.45000,0.10471,"WALKING",0.13349,0.15261,0.19759,1.56524,2.02661,1.56524,2.02661,0.12427,0.12435,0.53356,0.69644,0.00005,1.23004,20.10409
21.200,"PID",-1.15644,-1.03264,-1.24925,-0.07933,0.97064,0.15064,0.07482,0.17718,0.13555,0.45000,0.06818,"WALKING",0.13314,0.15475,0.19962,1.58719,2.04737,1.58719,2.04737,0.02196,0.02076,0.28494,0.37321,0.00069,0.65884,20.13703
21.250,"PID",-1.15101,-1.03875,-1.24895,-0.08734,0.95782,0.13782,0.06580,0.16585,0.12425,0.45000,-0.00324,"WALKING",0.13282,0.14528,0.18641,1.49007,1.91190,1.49007,1.91190,-0.09712,-0.13547,0.48853,0.63166,0.02021,1.14040,20.19405
21.300,"PID",-1.13565,-1.05622,-1.24861,-0.09493,0.95643,0.13643,0.06513,0.15769,0.12232,0.45000,-0.00863,"WALKING",0.13251,0.13744,0.17793,1.40966,1.82491,1.40966,1.82491,-0.08042,-0.08698,0.38941,0.50867,0.00341,0.90149,20.23912
21.350,"PID",-1.14078,-1.05005,-1.24822,-0.10277,0.96791,0.14791,0.07341,0.16243,0.13301,0.45000,0.04376,"WALKING",0.13222,0.14042,0.18445,1.44022,1.89177,1.44022,1.89177,0.03056,0.06686,0.31908,0.42425,0.02048,0.76380,20.27731
21.400,"PID",-1.14271,-1.04763,-1.24781,-0.11007,0.95336,0.13336,0.06274,0.15199,0.11940,0.45000,-0.02991,"WALKING",0.13195,0.13223,0.17175,1.35620,1.76155,1.35620,1.76155,-0.08402,-0.13022,0.42403,0.55506,0.02340,1.00249,20.32744
21.450,"PID",-1.14182,-1.04847,-1.24741,-0.11667,0.94343,0.12343,0.05546,0.13797,0.10803,0.45000,-0.06701,"WALKING",0.13169,0.12009,0.15585,1.23174,1.59847,1.23174,1.59847,-0.12446,-0.16308,0.45500,0.59399,0.01770,1.06668,20.38077
21.500,"PID",-1.13736,-1.05331,-1.24700,-0.12270,0.93777,0.11777,0.05126,0.12634,0.10007,0.45000,-0.07716,"WALKING",0.13145,0.10978,0.14290,1.12594,1.46564,1.12594,1.46564,-0.10580,-0.13283,0.37202,0.48725,0.01147,0.87074,20.42431
21.550,"PID",-1.13288,-1.05812,-1.24659,-0.12845,0.93704,0.11704,0.05072,0.12062,0.09723,0.45000,-0.06338,"WALKING",0.13123,0.10453,0.13671,1.07210,1.40218,1.07210,1.40218,-0.05383,-0.06347,0.25187,0.33219,0.00397,0.58802,20.45371
21.600,"PID",-1.12840,-1.06290,-1.24617,-0.13406,0.93660,0.11660,0.05027,0.11845,0.09524,0.45000,-0.05139,"WALKING",0.13103,0.10269,0.13421,1.05321,1.37655,1.05321,1.37655,-0.01889,-0.02562,0.18719,0.24732,0.00272,0.43723,20.47557
21.650,"PID",-1.12390,-1.06766,-1.24572,-0.13967,0.93627,0.11627,0.04992,0.11826,0.09386,0.45000,-0.04151,"WALKING",0.13085,0.10273,0.13379,1.05361,1.37225,1.05361,1.37225,0.00040,-0.00430,0.15370,0.20281,0.00187,0.35838,20.49349
21.700,"PID",-1.11353,-1.07869,-1.24523,-0.14531,0.93595,0.11595,0.04962,0.11904,0.09285,0.45000,-0.03379,"WALKING",0.13068,0.10367,0.13440,1.06328,1.37850,1.06328,1.37850,0.00967,0.00624,0.16519,0.21677,0.00135,0.38330,20.51266
21.750,"PID",-1.10380,-1.08889,-1.24469,-0.15130,0.94263,0.12263,0.05465,0.12607,0.09937,0.45000,0.00300,"WALKING",0.13053,0.10962,0.14251,1.12432,1.46167,1.12432,1.46167,0.06104,0.08317,0.28822,0.37765,0.00933,0.67519,20.54642
21.800,"PID",-1.09581,-1.09712,-1.24407,-0.15773,0.94812,0.12812,0.05865,0.13498,0.10558,0.45000,0.02650,"WALKING",0.13040,0.11751,0.15246,1.20520,1.56364,1.20520,1.56364,0.08088,0.10198,0.34606,0.45235,0.00945,0.80786,20.58681
21.850,"PID",-1.08558,-1.10760,-1.24338,-0.16452,0.95102,0.13102,0.06075,0.14224,0.10965,0.45000,0.03343,"WALKING",0.13029,0.12409,0.16039,1.27277,1.64501,1.27277,1.64501,0.06756,0.08137,0.33211,0.43292,0.00642,0.77145,20.62538
21.900,"PID",-1.08123,-1.11182,-1.24261,-0.17171,0.95620,0.13620,0.06453,0.15019,0.11596,0.45000,0.04888,"WALKING",0.13020,0.13100,0.16938,1.34354,1.73720,1.34354,1.73720,0.07077,0.09219,0.36594,0.47726,0.01053,0.85374,20.66807
21.950,"PID",-1.08056,-1.11223,-1.24179,-0.17896,0.95386,0.13386,0.06297,0.15182,0.11518,0.45000,0.02784,"WALKING",0.13012,0.13276,0.17089,1.36167,1.75269,1.36167,1.75269,0.01813,0.01548,0.23289,0.30388,0.00129,0.53806,20.69497
22.000,"PID",-1.07702,-1.11559,-1.24096,-0.18594,0.94709,0.12709,0.05829,0.14639,0.10925,0.45000,-0.00810,"WALKING",0.13007,0.12831,0.16447,1.31598,1.68686,1.31598,1.68686,-0.04568,-0.06583,0.30511,0.39485,0.00933,0.70929,20.73044
22.050,"PID",-1.07595,-1.11642,-1.24013,-0.19263,0.94399,0.12399,0.05631,0.14062,0.10595,0.45000,-0.01995,"WALKING",0.13003,0.12308,0.15815,1.26239,1.62209,1.26239,1.62209,-0.05359,-0.06477,0.29906,0.38778,0.00502,0.69186,20.76503
22.100,"PID",-1.07618,-1.11597,-1.23932,-0.19893,0.93826,0.11826,0.05234,0.13277,0.09976,0.45000,-0.04075,"WALKING",0.13000,0.11625,0.14928,1.19236,1.53103,1.19236,1.53103,-0.07004,-0.09106,0.32193,0.41648,0.00890,0.74731,20.80239
22.150,"PID",-1.07725,-1.11473,-1.23853,-0.20476,0.93144,0.11144,0.04751,0.12327,0.09192,0.45000,-0.06181,"WALKING",0.13000,0.10806,0.13848,1.10827,1.42035,1.10827,1.42035,-0.08408,-0.11069,0.32794,0.42294,0.01037,0.76125,20.84046
22.200,"PID",-1.07337,-1.11845,-1.23780,-0.21007,0.92415,0.10415,0.04232,0.11294,0.08314,0.45000,-0.08029,"WALKING",0.13002,0.09918,0.12670,1.01724,1.29951,1.01724,1.29951,-0.09103,-0.12084,0.31409,0.40344,0.01051,0.72804,20.87686
22.250,"PID",-1.06867,-1.12294,-1.23709,-0.21512,0.92314,0.10314,0.04182,0.10789,0.08051,0.45000,-0.06708,"WALKING",0.13005,0.09456,0.12121,0.96986,1.24319,0.96986,1.24319,-0.04738,-0.05632,0.21691,0.28008,0.00305,0.50004,20.90186
22.300,"PID",-1.06395,-1.12741,-1.23636,-0.22011,0.92331,0.10331,0.04214,0.10675,0.07970,0.45000,-0.05158,"WALKING",0.13010,0.09356,0.11994,0.95956,1.23013,0.95956,1.23013,-0.01030,-0.01306,0.15408,0.19953,0.00093,0.35455,20.91959
22.350,"PID",-1.05921,-1.13187,-1.23560,-0.22515,0.92353,0.10353,0.04251,0.10767,0.07951,0.45000,-0.03923,"WALKING",0.13017,0.09451,0.12083,0.96936,1.23928,0.96936,1.23928,0.00980,0.00916,0.15236,0.19680,0.00021,0.34938,20.93706
22.400,"PID",-1.05444,-1.13631,-1.23481,-0.23027,0.92372,0.10372,0.04289,0.10950,0.07968,0.45000,-0.02979,"WALKING",0.13026,0.09632,0.12269,0.98786,1.25837,0.98786,1.25837,0.01850,0.01909,0.16982,0.21836,0.00020,0.38838,20.95648
22.450,"PID",-1.04758,-1.14270,-1.23398,-0.23549,0.92382,0.10382,0.04326,0.11157,0.08006,0.45000,-0.02280,"WALKING",0.13036,0.09832,0.12482,1.00837,1.28016,1.00837,1.28016,0.02051,0.02179,0.17720,0.22705,0.00043,0.40468,20.97671
22.500,"PID",-1.02735,-1.16158,-1.23310,-0.24090,0.92616,0.10616,0.04540,0.11546,0.08300,0.45000,-0.00745,"WALKING",0.13049,0.10173,0.12920,1.04337,1.32514,1.04337,1.32514,0.03500,0.04498,0.21439,0.27453,0.00351,0.49244,21.00133
22.550,"PID",-1.02039,-1.16783,-1.23205,-0.24715,0.94340,0.12340,0.05845,0.13257,0.10141,0.45000,0.07001,"WALKING",0.13063,0.11579,0.14935,1.18755,1.53182,1.18755,1.53182,0.14418,0.20669,0.49735,0.64469,0.02688,1.16893,21.05978
22.600,"PID",-1.01806,-1.16971,-1.23089,-0.25387,0.94470,0.12470,0.05949,0.14239,0.10553,0.45000,0.06033,"WALKING",0.13079,0.12492,0.15985,1.28127,1.63953,1.28127,1.63953,0.09371,0.10770,0.38714,0.49891,0.00626,0.89231,21.10439
22.650,"PID",-1.01311,-1.17400,-1.22968,-0.26062,0.94024,0.12024,0.05656,0.14310,0.10330,0.45000,0.02745,"WALKING",0.13096,0.12600,0.16020,1.29233,1.64304,1.29233,1.64304,0.01107,0.00351,0.20120,0.25925,0.00331,0.46376,21.12758
22.700,"PID",-1.01624,-1.17091,-1.22845,-0.26729,0.93870,0.11870,0.05587,0.14148,0.10288,0.45000,0.01461,"WALKING",0.13116,0.12445,0.15850,1.27640,1.62568,1.27640,1.62568,-0.01593,-0.01736,0.21733,0.28021,0.00062,0.49816,21.15249
22.750,"PID",-1.01154,-1.17496,-1.22729,-0.27345,0.92820,0.10820,0.04858,0.13124,0.09302,0.45000,-0.03479,"WALKING",0.13137,0.11585,0.14664,1.18817,1.50396,1.18817,1.50396,-0.08822,-0.12172,0.36629,0.46649,0.01322,0.84600,21.19479
22.800,"PID",-0.99320,-1.19117,-1.22616,-0.27929,0.92697,0.10697,0.04817,0.12479,0.09119,0.45000,-0.03255,"WALKING",0.13160,0.10969,0.13988,1.12506,1.43464,1.12506,1.43464,-0.06312,-0.06932,0.27802,0.35719,0.00240,0.63761,21.22667
22.850,"PID",-0.99856,-1.18614,-1.22492,-0.28555,0.94116,0.12116,0.05882,0.13357,0.10506,0.45000,0.03707,"WALKING",0.13185,0.11619,0.15096,1.19165,1.54832,1.19165,1.54832,0.06659,0.11368,0.33966,0.44463,0.02099,0.80527,21.26693
22.900,"PID",-1.00116,-1.18365,-1.22370,-0.29152,0.92860,0.10860,0.04968,0.12749,0.09395,0.45000,-0.02637,"WALKING",0.13212,0.11194,0.14303,1.14806,1.46702,1.14806,1.46702,-0.04358,-0.08130,0.27706,0.35684,0.01503,0.64893,21.29938
22.950,"PID",-1.00044,-1.18413,-1.22256,-0.29696,0.91947,0.09947,0.04321,0.11675,0.08421,0.45000,-0.06075,"WALKING",0.13240,0.10281,0.13068,1.05448,1.34035,1.05448,1.34035,-0.09358,-0.12667,0.33276,0.42526,0.01182,0.76984,21.33787
23.000,"PID",-0.99537,-1.18840,-1.22151,-0.30194,0.91456,0.09456,0.03985,0.10761,0.07786,0.45000,-0.06899,"WALKING",0.13271,0.09473,0.12050,0.97155,1.23589,0.97155,1.23589,-0.08294,-0.10446,0.28107,0.35950,0.00711,0.64768,21.37026
23.050,"PID",-0.99026,-1.19265,-1.22047,-0.30674,0.91485,0.09485,0.04041,0.10408,0.07697,0.45000,-0.05252,"WALKING",0.13303,0.09134,0.11682,0.93685,1.19817,0.93685,1.19817,-0.03470,-0.03772,0.18635,0.24021,0.00099,0.42755,21.39163
23.100,"PID",-0.98513,-1.19690,-1.21942,-0.31151,0.91534,0.09534,0.04101,0.10376,0.07691,0.45000,-0.03882,"WALKING",0.13336,0.09103,0.11649,0.93362,1.19473,0.93362,1.19473,-0.00323,-0.00344,0.13755,0.17789,0.00007,0.31551,21.40741
23.150,"PID",-0.97997,-1.20113,-1.21833,-0.31635,0.91586,0.09586,0.04161,0.10508,0.07732,0.45000,-0.02799,"WALKING",0.13372,0.09228,0.11788,0.94648,1.20898,0.94648,1.20898,0.01286,0.01425,0.15469,0.19950,0.00046,0.35464,21.42514
23.200,"PID",-0.96862,-1.21048,-1.21721,-0.32128,0.91632,0.09632,0.04221,0.10708,0.07801,0.45000,-0.01978,"WALKING",0.13409,0.09417,0.11999,0.96585,1.23069,0.96585,1.23069,0.01937,0.02171,0.16855,0.21672,0.00077,0.38604,21.44444
23.250,"PID",-0.95730,-1.21967,-1.21597,-0.32659,0.92329,0.10329,0.04775,0.11474,0.08569,0.45000,0.01523,"WALKING",0.13448,0.10056,0.12892,1.03136,1.32226,1.03136,1.32226,0.06551,0.09158,0.27422,0.35388,0.00947,0.63757,21.47632
23.300,"PID",-0.94822,-1.22691,-1.21460,-0.33236,0.92979,0.10979,0.05278,0.12455,0.09369,0.45000,0.04048,"WALKING",0.13489,0.10905,0.14006,1.11844,1.43650,1.11844,1.43650,0.08708,0.11424,0.33676,0.43527,0.01079,0.78282,21.51546
23.350,"PID",-0.93666,-1.23607,-1.21310,-0.33851,0.93338,0.11338,0.05558,0.13256,0.09914,0.45000,0.04734,"WALKING",0.13531,0.11615,0.14897,1.19130,1.52786,1.19130,1.52786,0.07286,0.09136,0.32455,0.41933,0.00778,0.75166,21.55305
23.400,"PID",-0.93091,-1.24042,-1.21145,-0.34514,0.93917,0.11917,0.05998,0.14110,0.10668,0.45000,0.06244,"WALKING",0.13575,0.12344,0.15876,1.26608,1.62826,1.26608,1.62826,0.07478,0.10040,0.35638,0.46187,0.01159,0.82984,21.59454
23.450,"PID",-0.93019,-1.24073,-1.20972,-0.35193,0.93821,0.11821,0.05952,0.14388,0.10776,0.45000,0.04447,"WALKING",0.13621,0.12605,0.16171,1.29277,1.65862,1.29277,1.65862,0.02669,0.03036,0.24433,0.31711,0.00168,0.56312,21.62269
23.500,"PID",-0.92599,-1.24380,-1.20802,-0.35844,0.93172,0.11172,0.05518,0.13893,0.10272,0.45000,0.00613,"WALKING",0.13668,0.12193,0.15593,1.25056,1.59927,1.25056,1.59927,-0.04221,-0.05934,0.27969,0.36102,0.00747,0.64817,21.65510
23.550,"PID",-0.92432,-1.24488,-1.20637,-0.36466,0.92920,0.10920,0.05373,0.13354,0.10046,0.45000,-0.00633,"WALKING",0.13717,0.11692,0.15017,1.19914,1.54018,1.19914,1.54018,-0.05142,-0.05909,0.27624,0.35795,0.00327,0.63745,21.68698
23.600,"PID",-0.92423,-1.24474,-1.20478,-0.37054,0.92430,0.10430,0.05041,0.12624,0.09545,0.45000,-0.02649,"WALKING",0.13768,0.11044,0.14204,1.13275,1.45681,1.13275,1.45681,-0.06639,-0.08337,0.29536,0.38269,0.00688,0.68493,21.72122
23.650,"PID",-0.92513,-1.24389,-1.20328,-0.37597,0.91811,0.09811,0.04607,0.11723,0.08859,0.45000,-0.04787,"WALKING",0.13821,0.10256,0.13189,1.05194,1.35269,1.05194,1.35269,-0.08081,-0.10412,0.30280,0.39181,0.00876,0.70336,21.75639
23.700,"PID",-0.92086,-1.24702,-1.20189,-0.38093,0.91140,0.09140,0.04124,0.10729,0.08058,0.45000,-0.06689,"WALKING",0.13875,0.09395,0.12062,0.96363,1.23718,0.96363,1.23718,-0.08831,-0.11551,0.29115,0.37582,0.00930,0.67627,21.79020
23.750,"PID",-0.91525,-1.25114,-1.20056,-0.38563,0.91055,0.09055,0.04083,0.10224,0.07830,0.45000,-0.05591,"WALKING",0.13931,0.08928,0.11520,0.91571,1.18153,0.91571,1.18153,-0.04792,-0.05565,0.20440,0.26562,0.00257,0.47260,21.81383
23.800,"PID",-0.90961,-1.25525,-1.19922,-0.39028,0.91132,0.09132,0.04156,0.10130,0.07819,0.45000,-0.04022,"WALKING",0.13988,0.08836,0.11424,0.90623,1.17169,0.90623,1.17169,-0.00948,-0.00984,0.14236,0.18593,0.00012,0.32841,21.83025
23.850,"PID",-0.90393,-1.25935,-1.19784,-0.39499,0.91216,0.09216,0.04230,0.10254,0.07870,0.45000,-0.02767,"WALKING",0.14047,0.08952,0.11557,0.91815,1.18533,0.91815,1.18533,0.01192,0.01364,0.14879,0.19399,0.00057,0.34336,21.84742
23.900,"PID",-0.89820,-1.26344,-1.19642,-0.39979,0.91297,0.09297,0.04304,0.10478,0.07954,0.45000,-0.01804,"WALKING",0.14108,0.09161,0.11794,0.93960,1.20964,0.93960,1.20964,0.02144,0.02431,0.16727,0.21730,0.00097,0.38554,21.86670
23.950,"PID",-0.89115,-1.26845,-1.19494,-0.40471,0.91368,0.09368,0.04376,0.10728,0.08057,0.45000,-0.01091,"WALKING",0.14170,0.09394,0.12061,0.96350,1.23704,0.96350,1.23704,0.02390,0.02740,0.17586,0.22782,0.00120,0.40487,21.88694
24.000,"PID",-0.86816,-1.28488,-1.19338,-0.40980,0.91561,0.09561,0.04544,0.11077,0.08305,0.45000,-0.00003,"WALKING",0.14233,0.09702,0.12451,0.99509,1.27702,0.99509,1.27702,0.03159,0.03997,0.19762,0.25577,0.00295,0.45634,21.90976
24.050,"PID",-0.85866,-1.29141,-1.19154,-0.41569,0.93356,0.11356,0.05891,0.12800,0.10204,0.45000,0.07894,"WALKING",0.14299,0.11112,0.14489,1.13967,1.48607,1.13967,1.48607,0.14458,0.20906,0.47944,0.62826,0.02791,1.13561,21.96654
24.100,"PID",-0.85582,-1.29315,-1.18950,-0.42213,0.93686,0.11686,0.06124,0.13934,0.10803,0.45000,0.07611,"WALKING",0.14366,0.12146,0.15722,1.24573,1.61249,1.24573,1.61249,0.10606,0.12641,0.40647,0.52969,0.00933,0.94549,22.01381
24.150,"PID",-0.84980,-1.29711,-1.18741,-0.42860,0.93275,0.11275,0.05842,0.14085,0.10625,0.45000,0.04129,"WALKING",0.14434,0.12326,0.15843,1.26423,1.62493,1.26423,1.62493,0.01850,0.01244,0.21283,0.27707,0.00273,0.49264,22.03845
24.200,"PID",-0.85209,-1.29529,-1.18527,-0.43506,0.93182,0.11182,0.05799,0.13985,0.10639,0.45000,0.02810,"WALKING",0.14504,0.12224,0.15746,1.25377,1.61494,1.25377,1.61494,-0.01046,-0.00999,0.20067,0.26198,0.00021,0.46286,22.06159
24.250,"PID",-0.84784,-1.29801,-1.18327,-0.44104,0.92250,0.10250,0.05144,0.13062,0.09771,0.45000,-0.01909,"WALKING",0.14575,0.11445,0.14679,1.17382,1.50552,1.17382,1.50552,-0.07996,-0.10942,0.34283,0.44270,0.01221,0.79774,22.10148
24.300,"PID",-0.82691,-1.31204,-1.18136,-0.44667,0.92028,0.10028,0.05010,0.12351,0.09484,0.45000,-0.02468,"WALKING",0.14648,0.10782,0.13921,1.10583,1.42781,1.10583,1.42781,-0.06799,-0.07772,0.28465,0.37029,0.00391,0.65884,22.13442
24.350,"PID",-0.83061,-1.30927,-1.17925,-0.45274,0.93514,0.11514,0.06103,0.13224,0.10906,0.45000,0.04615,"WALKING",0.14723,0.11419,0.15029,1.17115,1.54141,1.17115,1.54141,0.06532,0.11360,0.33243,0.44095,0.02233,0.79571,22.17420
24.400,"PID",-0.83327,-1.30730,-1.17721,-0.45855,0.92477,0.10477,0.05338,0.12770,0.10005,0.45000,-0.00962,"WALKING",0.14799,0.11114,0.14426,1.13991,1.47956,1.13991,1.47956,-0.03124,-0.06185,0.24661,0.32311,0.01299,0.58271,22.20334
24.450,"PID",-0.83214,-1.30789,-1.17530,-0.46389,0.91579,0.09579,0.04683,0.11759,0.09048,0.45000,-0.04704,"WALKING",0.14876,0.10261,0.13256,1.05244,1.35962,1.05244,1.35962,-0.08747,-0.11994,0.32150,0.41784,0.01246,0.75180,22.24093
24.500,"PID",-0.82584,-1.31188,-1.17353,-0.46880,0.91110,0.09110,0.04347,0.10865,0.08431,0.45000,-0.05731,"WALKING",0.14955,0.09469,0.12260,0.97123,1.25746,0.97123,1.25746,-0.08122,-0.10216,0.27791,0.36197,0.00749,0.64737,22.27330
24.550,"PID",-0.81948,-1.31586,-1.17179,-0.47353,0.91197,0.09197,0.04423,0.10540,0.08380,0.45000,-0.04089,"WALKING",0.15035,0.09153,0.11926,0.93873,1.22323,0.93873,1.22323,-0.03250,-0.03423,0.18255,0.23997,0.00062,0.42313,22.29445
24.600,"PID",-0.81307,-1.31983,-1.17003,-0.47826,0.91304,0.09304,0.04502,0.10541,0.08411,0.45000,-0.02718,"WALKING",0.15117,0.09149,0.11933,0.93835,1.22388,0.93835,1.22388,-0.00038,0.00065,0.13357,0.17631,0.00037,0.31025,22.30997
24.650,"PID",-0.80661,-1.32379,-1.16823,-0.48306,0.91414,0.09414,0.04578,0.10711,0.08482,0.45000,-0.01634,"WALKING",0.15200,0.09307,0.12114,0.95455,1.24250,0.95455,1.24250,0.01620,0.01862,0.16183,0.21279,0.00087,0.37549,22.32874
24.700,"PID",-0.79380,-1.33166,-1.16636,-0.48796,0.91520,0.09520,0.04657,0.10952,0.08586,0.45000,-0.00808,"WALKING",0.15284,0.09531,0.12372,0.97750,1.26897,0.97750,1.26897,0.02295,0.02647,0.17705,0.23207,0.00128,0.41040,22.34926
24.750,"PID",-0.78026,-1.33985,-1.16433,-0.49321,0.92230,0.10230,0.05189,0.11721,0.09332,0.45000,0.02494,"WALKING",0.15370,0.10176,0.13266,1.04374,1.36057,1.04374,1.36057,0.06624,0.09160,0.27821,0.36524,0.01004,0.65349,22.38193
24.800,"PID",-0.76942,-1.34626,-1.16208,-0.49894,0.92968,0.10968,0.05726,0.12751,0.10180,0.45000,0.05192,"WALKING",0.15457,0.11066,0.14436,1.13501,1.48061,1.13501,1.48061,0.09126,0.12004,0.35075,0.46062,0.01243,0.82380,22.42312
24.850,"PID",-0.75600,-1.35411,-1.15965,-0.50504,0.93388,0.11388,0.06024,0.13601,0.10757,0.45000,0.05897,"WALKING",0.15545,0.11821,0.15382,1.21243,1.57761,1.21243,1.57761,0.07742,0.09700,0.34017,0.44609,0.00894,0.79519,22.46288
24.900,"PID",-0.74805,-1.35857,-1.15701,-0.51154,0.94013,0.12013,0.06464,0.14492,0.11519,0.45000,0.07351,"WALKING",0.15635,0.12586,0.16398,1.29082,1.68186,1.29082,1.68186,0.07840,0.10425,0.37110,0.48746,0.01263,0.87119,22.50644
24.950,"PID",-0.74663,-1.35912,-1.15426,-0.51822,0.94058,0.12058,0.06491,0.14880,0.11732,0.45000,0.05932,"WALKING",0.15726,0.12939,0.16822,1.32706,1.72533,1.32706,1.72533,0.03623,0.04346,0.27465,0.36121,0.00360,0.63946,22.53842
25.000,"PID",-0.74111,-1.36208,-1.15155,-0.52469,0.93449,0.11449,0.06061,0.14446,0.11248,0.45000,0.01944,"WALKING",0.15818,0.12585,0.16308,1.29072,1.67259,1.29072,1.67259,-0.03633,-0.05274,0.27634,0.36193,0.00783,0.64610,22.57072
25.050,"PID",-0.73809,-1.36358,-1.14891,-0.53089,0.93257,0.11257,0.05935,0.13960,0.11060,0.45000,0.00673,"WALKING",0.15911,0.12129,0.15790,1.24401,1.61949,1.24401,1.61949,-0.04671,-0.05310,0.27647,0.36357,0.00300,0.64304,22.60287
25.100,"PID",-0.73696,-1.36400,-1.14637,-0.53679,0.92851,0.10851,0.05636,0.13296,0.10616,0.45000,-0.01260,"WALKING",0.16006,0.11539,0.15053,1.18351,1.54392,1.18351,1.54392,-0.06050,-0.07557,0.29626,0.38981,0.00679,0.69285,22.63752
25.150,"PID",-0.73698,-1.36382,-1.14397,-0.54228,0.92299,0.10299,0.05229,0.12453,0.09979,0.45000,-0.03415,"WALKING",0.16102,0.10802,0.14105,1.10786,1.44663,1.10786,1.44663,-0.07565,-0.09729,0.30885,0.40623,0.00916,0.72424,22.67373
25.200,"PID",-0.73172,-1.36661,-1.14174,-0.54732,0.91682,0.09682,0.04768,0.11504,0.09220,0.45000,-0.05375,"WALKING",0.16199,0.09978,0.13030,1.02343,1.33643,1.02343,1.33643,-0.08443,-0.11020,0.30220,0.39713,0.01008,0.70941,22.70920
25.250,"PID",-0.72454,-1.37043,-1.13957,-0.55214,0.91616,0.09616,0.04711,0.11006,0.08982,0.45000,-0.04484,"WALKING",0.16297,0.09520,0.12493,0.97639,1.28131,0.97639,1.28131,-0.04703,-0.05512,0.21722,0.28740,0.00308,0.50770,22.73458
25.300,"PID",-0.71731,-1.37423,-1.13741,-0.55690,0.91753,0.09753,0.04799,0.10935,0.08996,0.45000,-0.02897,"WALKING",0.16397,0.09447,0.12424,0.96887,1.27428,0.96887,1.27428,-0.00752,-0.00703,0.14894,0.19822,0.00019,0.34735,22.75195
25.350,"PID",-0.71001,-1.37802,-1.13520,-0.56172,0.91898,0.09898,0.04888,0.11094,0.09072,0.45000,-0.01619,"WALKING",0.16497,0.09593,0.12596,0.98390,1.29189,0.98390,1.29189,0.01503,0.01760,0.16529,0.21942,0.00099,0.38570,22.77124
25.400,"PID",-0.70264,-1.38179,-1.13290,-0.56666,0.92040,0.10040,0.04977,0.11358,0.09183,0.45000,-0.00641,"WALKING",0.16599,0.09838,0.12878,1.00905,1.32079,1.00905,1.32079,0.02515,0.02891,0.18662,0.24675,0.00146,0.43484,22.79298
25.450,"PID",-0.69494,-1.38568,-1.13051,-0.57173,0.92172,0.10172,0.05063,0.11651,0.09312,0.45000,0.00080,"WALKING",0.16702,0.10110,0.13192,1.03695,1.35307,1.03695,1.35307,0.02790,0.03228,0.19694,0.25955,0.00173,0.45822,22.81589
25.500,"PID",-0.66863,-1.39908,-1.12803,-0.57693,0.92316,0.10316,0.05162,0.11954,0.09470,0.45000,0.00700,"WALKING",0.16805,0.10387,0.13521,1.06532,1.38682,1.06532,1.38682,0.02837,0.03374,0.20412,0.26839,0.00216,0.47467,22.83962
25.550,"PID",-0.65568,-1.40540,-1.12515,-0.58289,0.94180,0.12180,0.06507,0.13686,0.11358,0.45000,0.08744,"WALKING",0.16910,0.11806,0.15566,1.21091,1.59650,1.21091,1.59650,0.14559,0.20968,0.51148,0.67804,0.03088,1.22039,22.90064
25.600,"PID",-0.65169,-1.40712,-1.12195,-0.58940,0.94706,0.12706,0.06842,0.14965,0.12093,0.45000,0.09136,"WALKING",0.17016,0.12963,0.16966,1.32957,1.74010,1.32957,1.74010,0.11866,0.14360,0.46556,0.61360,0.01279,1.09195,22.95524
25.650,"PID",-0.64393,-1.41068,-1.11866,-0.59601,0.94329,0.12329,0.06564,0.15193,0.11934,0.45000,0.05469,"WALKING",0.17123,0.13217,0.17168,1.35564,1.76080,1.35564,1.76080,0.02607,0.02070,0.24579,0.32353,0.00272,0.57204,22.98384
25.700,"PID",-0.64453,-1.41013,-1.11534,-0.60256,0.94290,0.12290,0.06537,0.15149,0.11981,0.45000,0.04094,"WALKING",0.17231,0.13166,0.17132,1.35041,1.75716,1.35041,1.75716,-0.00523,-0.00363,0.20465,0.27059,0.00081,0.47605,23.00764
25.750,"PID",-0.64035,-1.41193,-1.11216,-0.60875,0.93479,0.11479,0.05956,0.14328,0.11224,0.45000,-0.00375,"WALKING",0.17340,0.12470,0.16186,1.27902,1.66006,1.27902,1.66006,-0.07139,-0.09711,0.35342,0.46250,0.01224,0.82817,23.04905
25.800,"PID",-0.61624,-1.42315,-1.10914,-0.61456,0.93150,0.11150,0.05723,0.13549,0.10820,0.45000,-0.01740,"WALKING",0.17449,0.11758,0.15340,1.20599,1.57333,1.20599,1.57333,-0.07303,-0.08673,0.32445,0.42674,0.00629,0.75747,23.08693
25.850,"PID",-0.61725,-1.42239,-1.10588,-0.62073,0.94698,0.12698,0.06811,0.14408,0.12229,0.45000,0.05452,"WALKING",0.17560,0.12384,0.16432,1.27019,1.68535,1.27019,1.68535,0.06420,0.11203,0.35861,0.48002,0.02481,0.86344,23.13010
25.900,"PID",-0.61931,-1.42121,-1.10265,-0.62675,0.93884,0.11884,0.06196,0.14111,0.11529,0.45000,0.00673,"WALKING",0.17672,0.12203,0.16019,1.25160,1.64299,1.25160,1.64299,-0.01859,-0.04236,0.24008,0.31901,0.01162,0.57071,23.15863
25.950,"PID",-0.61711,-1.42205,-1.09962,-0.63234,0.92994,0.10994,0.05536,0.13160,0.10591,0.45000,-0.03392,"WALKING",0.17784,0.11407,0.14913,1.16995,1.52952,1.16995,1.52952,-0.08165,-0.11347,0.34694,0.45687,0.01430,0.81811,23.19954
26.000,"PID",-0.60895,-1.42556,-1.09678,-0.63752,0.92546,0.10546,0.05196,0.12284,0.09982,0.45000,-0.04619,"WALKING",0.17897,0.10632,0.13936,1.09046,1.42935,1.09046,1.42935,-0.07949,-0.10017,0.30963,0.40876,0.00876,0.72715,23.23590
26.050,"PID",-0.60068,-1.42906,-1.09398,-0.64256,0.92681,0.10681,0.05280,0.11980,0.09950,0.45000,-0.03006,"WALKING",0.18011,0.10333,0.13627,1.05981,1.39759,1.05981,1.39759,-0.03065,-0.03176,0.20327,0.27089,0.00047,0.47464,23.25963
26.100,"PID",-0.59234,-1.43254,-1.09115,-0.64759,0.92840,0.10840,0.05369,0.12008,0.10001,0.45000,-0.01644,"WALKING",0.18126,0.10352,0.13663,1.06179,1.40130,1.06179,1.40130,0.00198,0.00371,0.15644,0.20931,0.00073,0.36648,23.27795
26.150,"PID",-0.58393,-1.43599,-1.08824,-0.65271,0.93003,0.11003,0.05460,0.12208,0.10099,0.45000,-0.00567,"WALKING",0.18242,0.10536,0.13879,1.08064,1.42347,1.08064,1.42347,0.01884,0.02217,0.18928,0.25226,0.00143,0.44296,23.30010
26.200,"PID",-0.56914,-1.44204,-1.08524,-0.65792,0.93159,0.11159,0.05549,0.12480,0.10223,0.45000,0.00245,"WALKING",0.18358,0.10788,0.14171,1.10643,1.45348,1.10643,1.45348,0.02579,0.03001,0.20679,0.27468,0.00183,0.48330,23.32427
26.250,"PID",-0.55274,-1.44861,-1.08202,-0.66345,0.93873,0.11873,0.06044,0.13241,0.10923,0.45000,0.03331,"WALKING",0.18476,0.11434,0.15049,1.17267,1.54349,1.17267,1.54349,0.06624,0.09001,0.31202,0.41412,0.01102,0.73716,23.36112
26.300,"PID",-0.53955,-1.45371,-1.07848,-0.66943,0.94689,0.12689,0.06600,0.14308,0.11793,0.45000,0.06191,"WALKING",0.18594,0.12357,0.16260,1.26735,1.66771,1.26735,1.66771,0.09468,0.12422,0.40021,0.53065,0.01478,0.94563,23.40841
26.350,"PID",-0.52372,-1.45973,-1.07469,-0.67576,0.95160,0.13160,0.06901,0.15196,0.12376,0.45000,0.06898,"WALKING",0.18712,0.13148,0.17244,1.34850,1.76865,1.34850,1.76865,0.08115,0.10094,0.38755,0.51276,0.01039,0.91069,23.45394
26.400,"PID",-0.51282,-1.46368,-1.07063,-0.68244,0.95822,0.13822,0.07335,0.16112,0.13131,0.45000,0.08293,"WALKING",0.18831,0.13939,0.18285,1.42962,1.87540,1.42962,1.87540,0.08113,0.10674,0.41805,0.55342,0.01427,0.98573,23.50323
26.450,"PID",-0.50997,-1.46445,-1.06637,-0.68932,0.95993,0.13993,0.07425,0.16596,0.13431,0.45000,0.07224,"WALKING",0.18951,0.14373,0.18819,1.47418,1.93014,1.47418,1.93014,0.04456,0.05475,0.32907,0.43614,0.00580,0.77101,23.54178
26.500,"PID",-0.50262,-1.46693,-1.06219,-0.69601,0.95416,0.13416,0.07005,0.16213,0.12973,0.45000,0.03093,"WALKING",0.19072,0.14066,0.18360,1.44268,1.88310,1.44268,1.88310,-0.03150,-0.04704,0.29828,0.39432,0.00855,0.70115,23.57683
26.550,"PID",-0.49757,-1.46853,-1.05808,-0.70247,0.95259,0.13259,0.06883,0.15756,0.12799,0.45000,0.01725,"WALKING",0.19193,0.13638,0.17875,1.39879,1.83330,1.39879,1.83330,-0.04389,-0.04980,0.30545,0.40512,0.00321,0.71378,23.61252
26.600,"PID",-0.49473,-1.46932,-1.05411,-0.70863,0.94922,0.12922,0.06625,0.15140,0.12418,0.45000,-0.00140,"WALKING",0.19314,0.13085,0.17195,1.34204,1.76360,1.34204,1.76360,-0.05674,-0.06970,0.32708,0.43428,0.00682,0.76819,23.65093
26.650,"PID",-0.49320,-1.46967,-1.05032,-0.71443,0.94422,0.12422,0.06244,0.14340,0.11826,0.45000,-0.02306,"WALKING",0.19437,0.12383,0.16298,1.27005,1.67154,1.27005,1.67154,-0.07199,-0.09206,0.34645,0.45999,0.01007,0.81651,23.69176
26.700,"PID",-0.48641,-1.47188,-1.04674,-0.71985,0.93848,0.11848,0.05802,0.13424,0.11107,0.45000,-0.04325,"WALKING",0.19559,0.11585,0.15262,1.18825,1.56532,1.18825,1.56532,-0.08180,-0.10622,0.34589,0.45919,0.01150,0.81659,23.73259
26.750,"PID",-0.47709,-1.47493,-1.04328,-0.72503,0.93783,0.11783,0.05725,0.12917,0.10851,0.45000,-0.03661,"WALKING",0.19683,0.11121,0.14713,1.14063,1.50901,1.14063,1.50901,-0.04761,-0.05631,0.25647,0.34263,0.00400,0.60310,23.76274
26.800,"PID",-0.46768,-1.47794,-1.03980,-0.73017,0.93964,0.11964,0.05818,0.12855,0.10875,0.45000,-0.02060,"WALKING",0.19806,0.11055,0.14655,1.13384,1.50303,1.13384,1.50303,-0.00679,-0.00598,0.17384,0.23377,0.00037,0.40798,23.78314
26.850,"PID",-0.45820,-1.48091,-1.03624,-0.73536,0.94153,0.12153,0.05911,0.13032,0.10959,0.45000,-0.00775,"WALKING",0.19930,0.11219,0.14846,1.15062,1.52265,1.15062,1.52265,0.01677,0.01961,0.19784,0.26520,0.00132,0.46436,23.80636
26.900,"PID",-0.44864,-1.48383,-1.03256,-0.74066,0.94338,0.12338,0.06004,0.13320,0.11078,0.45000,0.00212,"WALKING",0.20055,0.11487,0.15154,1.17815,1.55424,1.17815,1.55424,0.02753,0.03159,0.22378,0.29872,0.00191,0.52440,23.83258
26.950,"PID",-0.43900,-1.48671,-1.02877,-0.74606,0.94513,0.12513,0.06094,0.13641,0.11213,0.45000,0.00935,"WALKING",0.20180,0.11786,0.15497,1.20878,1.58945,1.20878,1.58945,0.03063,0.03521,0.23618,0.31419,0.00218,0.55256,23.86021
27.000,"PID",-0.40999,-1.49542,-1.02484,-0.75158,0.94678,0.12678,0.06182,0.13954,0.11360,0.45000,0.01455,"WALKING",0.20305,0.12074,0.15834,1.23839,1.62403,1.23839,1.62403,0.02961,0.03458,0.24059,0.31926,0.00240,0.56225,23.88832
27.050,"PID",-0.39292,-1.50024,-1.02041,-0.75774,0.96506,0.14506,0.07444,0.15640,0.13131,0.45000,0.09178,"WALKING",0.20431,0.13467,0.17813,1.38119,1.82698,1.38119,1.82698,0.14280,0.20295,0.57450,0.76481,0.03350,1.37281,23.95696
27.100,"PID",-0.38725,-1.50157,-1.01552,-0.76444,0.97213,0.15213,0.07879,0.17028,0.13987,0.45000,0.10270,"WALKING",0.20557,0.14713,0.19343,1.50903,1.98388,1.50903,1.98388,0.12784,0.15690,0.55663,0.73744,0.01724,1.31132,24.02253
27.150,"PID",-0.37726,-1.50411,-1.01050,-0.77121,0.96854,0.14854,0.07598,0.17308,0.13835,0.45000,0.06431,"WALKING",0.20683,0.15019,0.19598,1.54038,2.01006,1.54038,2.01006,0.03135,0.02617,0.29399,0.38930,0.00304,0.68633,24.05684
27.200,"PID",-0.37545,-1.50432,-1.00545,-0.77794,0.96858,0.14858,0.07580,0.17307,0.13898,0.45000,0.05032,"WALKING",0.20809,0.15007,0.19607,1.53916,2.01099,1.53916,2.01099,-0.00123,0.00093,0.22466,0.29923,0.00127,0.52516,24.08310
27.250,"PID",-0.37108,-1.50526,-1.00056,-0.78435,0.96152,0.14152,0.07071,0.16575,0.13246,0.45000,0.00819,"WALKING",0.20936,0.14382,0.18767,1.47512,1.92481,1.47512,1.92481,-0.06404,-0.08618,0.38819,0.51172,0.01244,0.91235,24.12872
27.300,"PID",-0.34357,-1.51227,-0.99589,-0.79039,0.95706,0.13706,0.06748,0.15720,0.12734,0.45000,-0.01324,"WALKING",0.21063,0.13613,0.17828,1.39620,1.82850,1.39620,1.82850,-0.07892,-0.09631,0.39415,0.52094,0.00939,0.92449,24.17494
27.350,"PID",-0.34102,-1.51260,-0.99092,-0.79674,0.97295,0.15295,0.07820,0.16554,0.14113,0.45000,0.05959,"WALKING",0.21190,0.14218,0.18889,1.45824,1.93737,1.45824,1.93737,0.06204,0.10887,0.40727,0.54666,0.02803,0.98197,24.22404
27.400,"PID",-0.34197,-1.51211,-0.98596,-0.80299,0.96686,0.14686,0.07349,0.16399,0.13605,0.45000,0.01971,"WALKING",0.21317,0.14147,0.18651,1.45101,1.91287,1.45101,1.91287,-0.00723,-0.02450,0.24680,0.33066,0.00997,0.58743,24.25341
27.450,"PID",-0.33787,-1.51291,-0.98125,-0.80886,0.95790,0.13790,0.06686,0.15496,0.12686,0.45000,-0.02409,"WALKING",0.21445,0.13397,0.17596,1.37403,1.80470,1.37403,1.80470,-0.07698,-0.10818,0.39841,0.52795,0.01679,0.94314,24.30057
27.500,"PID",-0.32778,-1.51512,-0.97675,-0.81439,0.95375,0.13375,0.06361,0.14652,0.12111,0.45000,-0.03705,"WALKING",0.21572,0.12647,0.16656,1.29716,1.70833,1.29716,1.70833,-0.07687,-0.09637,0.36339,0.48279,0.01002,0.85621,24.34338
27.550,"PID",-0.31720,-1.51737,-0.97233,-0.81975,0.95508,0.13508,0.06421,0.14340,0.12056,0.45000,-0.02302,"WALKING",0.21700,0.12345,0.16335,1.26611,1.67539,1.26611,1.67539,-0.03106,-0.03294,0.24599,0.32962,0.00096,0.57657,24.37221
27.600,"PID",-0.30654,-1.51956,-0.96786,-0.82512,0.95701,0.13701,0.06512,0.14371,0.12111,0.45000,-0.00947,"WALKING",0.21828,0.12367,0.16375,1.26839,1.67952,1.26839,1.67952,0.00228,0.00414,0.18917,0.25463,0.00095,0.44475,24.39445
27.650,"PID",-0.29580,-1.52169,-0.96329,-0.83053,0.95896,0.13896,0.06604,0.14581,0.12212,0.45000,0.00119,"WALKING",0.21955,0.12559,0.16602,1.28815,1.70274,1.28815,1.70274,0.01977,0.02322,0.22921,0.30722,0.00179,0.53822,24.42136
27.700,"PID",-0.27887,-1.52499,-0.95861,-0.83600,0.96086,0.14086,0.06693,0.14868,0.12338,0.45000,0.00929,"WALKING",0.22083,0.12826,0.16909,1.31546,1.73430,1.31546,1.73430,0.02730,0.03156,0.25067,0.33484,0.00223,0.58774,24.45074
27.750,"PID",-0.25938,-1.52862,-0.95365,-0.84174,0.96786,0.14786,0.07143,0.15607,0.12976,0.45000,0.03804,"WALKING",0.22211,0.13459,0.17755,1.38046,1.82099,1.38046,1.82099,0.06500,0.08669,0.36409,0.48510,0.01193,0.86112,24.49380
27.800,"PID",-0.24360,-1.53135,-0.94829,-0.84783,0.97663,0.15663,0.07704,0.16697,0.13846,0.45000,0.06828,"WALKING",0.22339,0.14406,0.18989,1.47750,1.94755,1.47750,1.94755,0.09704,0.12656,0.47387,0.63012,0.01734,1.12134,24.54987
27.850,"PID",-0.22524,-1.53438,-0.94257,-0.85423,0.98173,0.16173,0.07999,0.17614,0.14415,0.45000,0.07568,"WALKING",0.22466,0.15228,0.19999,1.56185,2.05122,1.56185,2.05122,0.08435,0.10367,0.45814,0.60771,0.01181,1.07766,24.60375
27.900,"PID",-0.21104,-1.53650,-0.93650,-0.86093,0.98852,0.16852,0.08407,0.18543,0.15132,0.45000,0.08892,"WALKING",0.22594,0.16038,0.21047,1.64497,2.15867,1.64497,2.15867,0.08312,0.10745,0.48664,0.64526,0.01562,1.14751,24.66113
27.950,"PID",-0.20622,-1.53694,-0.93018,-0.86780,0.99131,0.17131,0.08544,0.19108,0.15489,0.45000,0.08162,"WALKING",0.22721,0.16545,0.21671,1.69687,2.22270,1.69687,2.22270,0.05190,0.06403,0.40318,0.53513,0.00797,0.94627,24.70844
28.000,"PID",-0.19695,-1.53810,-0.92392,-0.87450,0.98584,0.16584,0.08142,0.18776,0.15061,0.45000,0.03959,"WALKING",0.22848,0.16284,0.21269,1.67012,2.18141,1.67012,2.18141,-0.02675,-0.04129,0.33382,0.44271,0.00929,0.78582,24.74773
28.050,"PID",-0.18951,-1.53892,-0.91781,-0.88092,0.98430,0.16430,0.08010,0.18330,0.14879,0.45000,0.02413,"WALKING",0.22975,0.15868,0.20793,1.62746,2.13258,1.62746,2.13258,-0.04267,-0.04884,0.35483,0.47143,0.00389,0.83015,24.78924
28.100,"PID",-0.18459,-1.53936,-0.91186,-0.88710,0.98153,0.16153,0.07779,0.17752,0.14536,0.45000,0.00660,"WALKING",0.23102,0.15346,0.20157,1.57396,2.06743,1.57396,2.06743,-0.05350,-0.06515,0.37617,0.50023,0.00718,0.88357,24.83342
28.150,"PID",-0.18114,-1.53961,-0.90608,-0.89302,0.97692,0.15692,0.07416,0.16987,0.13977,0.45000,-0.01511,"WALKING",0.23229,0.14674,0.19300,1.50499,1.97950,1.50499,1.97950,-0.06897,-0.08793,0.40421,0.53729,0.01124,0.95274,24.88105
28.200,"PID",-0.17264,-1.54053,-0.90059,-0.89856,0.97140,0.15140,0.06991,0.16089,0.13288,0.45000,-0.03608,"WALKING",0.23355,0.13890,0.18288,1.42460,1.87572,1.42460,1.87572,-0.08038,-0.10378,0.41239,0.54806,0.01319,0.97364,24.92974
28.250,"PID",-0.16100,-1.54179,-0.89524,-0.90389,0.97058,0.15058,0.06888,0.15561,0.13003,0.45000,-0.03173,"WALKING",0.23482,0.13409,0.17713,1.37524,1.81669,1.37524,1.81669,-0.04936,-0.05903,0.31597,0.42221,0.00533,0.74352,24.96691
28.300,"PID",-0.14928,-1.54297,-0.88988,-0.90917,0.97264,0.15264,0.06979,0.15491,0.13025,0.45000,-0.01572,"WALKING",0.23607,0.13336,0.17647,1.36776,1.80994,1.36776,1.80994,-0.00748,-0.00675,0.21319,0.28691,0.00040,0.50051,24.99194
28.350,"PID",-0.13750,-1.54406,-0.88447,-0.91441,0.97477,0.15477,0.07072,0.15671,0.13108,0.45000,-0.00286,"WALKING",0.23733,0.13502,0.17840,1.38479,1.82978,1.38479,1.82978,0.01703,0.01984,0.24057,0.32276,0.00156,0.56490,25.02018
28.400,"PID",-0.12564,-1.54507,-0.87892,-0.91973,0.97695,0.15695,0.07163,0.15974,0.13224,0.45000,0.00733,"WALKING",0.23858,0.13785,0.18162,1.41384,1.86279,1.41384,1.86279,0.02905,0.03300,0.27379,0.36575,0.00222,0.64176,25.05227
28.450,"PID",-0.11372,-1.54600,-0.87321,-0.92512,0.97902,0.15902,0.07253,0.16316,0.13359,0.45000,0.01486,"WALKING",0.23983,0.14105,0.18527,1.44670,1.90023,1.44670,1.90023,0.03285,0.03744,0.28979,0.38581,0.00260,0.67820,25.08618
28.500,"PID",-0.08290,-1.54836,-0.86733,-0.93059,0.98098,0.16098,0.07340,0.16653,0.13503,0.45000,0.02018,"WALKING",0.24107,0.14418,0.18887,1.47875,1.93717,1.47875,1.93717,0.03205,0.03694,0.29498,0.39175,0.00280,0.68953,25.12066
28.550,"PID",-0.06171,-1.54962,-0.86083,-0.93656,0.99849,0.17849,0.08488,0.18270,0.15117,0.45000,0.09278,"WALKING",0.24231,0.15768,0.20772,1.61722,2.13044,1.61722,2.13044,0.13848,0.19327,0.65721,0.87233,0.03514,1.56468,25.19889
28.600,"PID",-0.05429,-1.54975,-0.85373,-0.94298,1.00719,0.18719,0.09000,0.19748,0.16059,0.45000,0.11065,"WALKING",0.24355,0.17090,0.22405,1.75282,2.29800,1.75282,2.29800,0.13560,0.16756,0.67443,0.89172,0.02177,1.58792,25.27829
28.650,"PID",-0.04208,-1.55013,-0.84645,-0.94944,1.00363,0.18363,0.08714,0.20066,0.15900,0.45000,0.07065,"WALKING",0.24478,0.17434,0.22697,1.78814,2.32792,1.78814,2.32792,0.03532,0.02992,0.35475,0.46938,0.00364,0.82778,25.31967
28.700,"PID",-0.03759,-1.55003,-0.83912,-0.95586,1.00391,0.18391,0.08699,0.20091,0.15967,0.45000,0.05634,"WALKING",0.24600,0.17448,0.22733,1.78956,2.33162,1.78956,2.33162,0.00142,0.00370,0.27068,0.36026,0.00155,0.63248,25.35130
28.750,"PID",-0.03310,-1.54996,-0.83199,-0.96200,0.99774,0.17774,0.08252,0.19434,0.15401,0.45000,0.01680,"WALKING",0.24722,0.16885,0.21983,1.73179,2.25465,1.73179,2.25465,-0.05777,-0.07697,0.43738,0.57651,0.01255,1.02644,25.40262
28.800,"PID",-0.00282,-1.55077,-0.82517,-0.96779,0.99192,0.17192,0.07826,0.18490,0.14760,0.45000,-0.01250,"WALKING",0.24844,0.16047,0.20933,1.64588,2.14696,1.64588,2.14696,-0.08591,-0.10769,0.49082,0.64670,0.01364,1.15116,25.46018
28.850,"PID",0.00359,-1.55059,-0.81800,-0.97378,1.00802,0.18802,0.08865,0.19280,0.16080,0.45000,0.06109,"WALKING",0.24965,0.16619,0.21942,1.70451,2.25041,1.70451,2.25041,0.05863,0.10345,0.46677,0.62363,0.03057,1.12097,25.51623
28.900,"PID",0.00395,-1.55030,-0.81079,-0.97970,1.00385,0.18385,0.08518,0.19256,0.15730,0.45000,0.02931,"WALKING",0.25085,0.16653,0.21859,1.70796,2.24197,1.70796,2.24197,0.00345,-0.00844,0.25732,0.34495,0.00794,0.61021,25.54674
28.950,"PID",0.01001,-1.55016,-0.80388,-0.98530,0.99468,0.17468,0.07852,0.18392,0.14822,0.45000,-0.01751,"WALKING",0.25205,0.15939,0.20845,1.63479,2.13797,1.63479,2.13797,-0.07317,-0.10400,0.46633,0.61632,0.01938,1.10204,25.60184
29.000,"PID",0.02182,-1.55002,-0.79725,-0.99060,0.99070,0.17070,0.07541,0.17569,0.14274,0.45000,-0.03115,"WALKING",0.25324,0.15207,0.19931,1.55966,2.04426,1.55966,2.04426,-0.07513,-0.09372,0.43403,0.57483,0.01125,1.02010,25.65284
29.050,"PID",0.03451,-1.54979,-0.79065,-0.99579,0.99188,0.17188,0.07578,0.17241,0.14196,0.45000,-0.01909,"WALKING",0.25442,0.14891,0.19590,1.52733,2.00928,1.52733,2.00928,-0.03233,-0.03498,0.30310,0.40456,0.00159,0.70926,25.68831
29.100,"PID",0.04726,-1.54945,-0.78407,-1.00089,0.99389,0.17389,0.07667,0.17257,0.14249,0.45000,-0.00607,"WALKING",0.25560,0.14899,0.19615,1.52810,2.01183,1.52810,2.01183,0.00077,0.00255,0.22657,0.30414,0.00108,0.53179,25.71490
29.150,"PID",0.06006,-1.54901,-0.77737,-1.00601,0.99601,0.17601,0.07757,0.17462,0.14347,0.45000,0.00459,"WALKING",0.25677,0.15087,0.19836,1.54744,2.03449,1.54744,2.03449,0.01934,0.02266,0.27657,0.36956,0.00202,0.64815,25.74730
29.200,"PID",0.07856,-1.54828,-0.77052,-1.01118,0.99807,0.17807,0.07848,0.17750,0.14474,0.45000,0.01267,"WALKING",0.25793,0.15354,0.20145,1.57481,2.06619,1.57481,2.06619,0.02737,0.03170,0.30280,0.40337,0.00265,0.70883,25.78275
29.250,"PID",0.10050,-1.54720,-0.76334,-1.01651,1.00470,0.18470,0.08249,0.18448,0.15045,0.45000,0.03903,"WALKING",0.25909,0.15958,0.20938,1.63675,2.14752,1.63675,2.14752,0.06194,0.08133,0.42339,0.56210,0.01237,0.99787,25.83264
29.300,"PID",0.11834,-1.54607,-0.75567,-1.02210,1.01384,0.19384,0.08809,0.19539,0.15904,0.45000,0.07067,"WALKING",0.26023,0.16907,0.22171,1.73407,2.27398,1.73407,2.27398,0.09732,0.12647,0.55909,0.74054,0.01966,1.31929,25.89860
29.350,"PID",0.13853,-1.54461,-0.74752,-1.02793,1.01903,0.19903,0.09099,0.20457,0.16461,0.45000,0.07795,"WALKING",0.26137,0.17733,0.23181,1.81873,2.37755,1.81873,2.37755,0.08466,0.10357,0.53658,0.70942,0.01320,1.25921,25.96156
29.400,"PID",0.15555,-1.54312,-0.73895,-1.03396,1.02569,0.20569,0.09489,0.21368,0.17148,0.45000,0.09012,"WALKING",0.26250,0.18530,0.24206,1.90056,2.48271,1.90056,2.48271,0.08183,0.10516,0.55981,0.73995,0.01697,1.31672,26.02740
29.450,"PID",0.16215,-1.54223,-0.73007,-1.04010,1.02926,0.20926,0.09675,0.21984,0.17567,0.45000,0.08598,"WALKING",0.26362,0.19076,0.24891,1.95655,2.55294,1.95655,2.55294,0.05599,0.07023,0.48372,0.64030,0.01061,1.13463,26.08413
29.500,"PID",0.17295,-1.54098,-0.72126,-1.04607,1.02381,0.20381,0.09281,0.21675,0.17156,0.45000,0.04310,"WALKING",0.26474,0.18835,0.24514,1.93184,2.51426,1.93184,2.51426,-0.02471,-0.03868,0.38212,0.50611,0.01017,0.89840,26.12905
29.550,"PID",0.18246,-1.53978,-0.71260,-1.05183,1.02203,0.20203,0.09133,0.21213,0.16957,0.45000,0.02581,"WALKING",0.26584,0.18407,0.24020,1.88789,2.46357,1.88789,2.46357,-0.04395,-0.05069,0.41921,0.55555,0.00485,0.97960,26.17803
29.600,"PID",0.18921,-1.53881,-0.70414,-1.05736,1.01943,0.19943,0.08922,0.20636,0.16642,0.45000,0.00866,"WALKING",0.26693,0.17881,0.23390,1.83399,2.39898,1.83399,2.39898,-0.05390,-0.06459,0.44095,0.58492,0.00755,1.03343,26.22970
29.650,"PID",0.19441,-1.53799,-0.69595,-1.06262,1.01482,0.19482,0.08572,0.19866,0.16105,0.45000,-0.01351,"WALKING",0.26802,0.17201,0.22532,1.76420,2.31093,1.76420,2.31093,-0.06980,-0.08804,0.47787,0.63355,0.01246,1.12389,26.28590
29.700,"PID",0.20416,-1.53667,-0.68810,-1.06756,1.00932,0.18932,0.08155,0.18963,0.15431,0.45000,-0.03477,"WALKING",0.26910,0.16409,0.21517,1.68303,2.20688,1.68303,2.20688,-0.08117,-0.10406,0.49122,0.65105,0.01498,1.15724,26.34376
29.750,"PID",0.21752,-1.53484,-0.68047,-1.07230,1.00807,0.18807,0.08021,0.18392,0.15108,0.45000,-0.03262,"WALKING",0.27016,0.15892,0.20892,1.62991,2.14279,1.62991,2.14279,-0.05312,-0.06408,0.38824,0.51700,0.00703,0.91226,26.38937
29.800,"PID",0.23091,-1.53288,-0.67283,-1.07695,1.01011,0.19011,0.08104,0.18297,0.15115,0.45000,-0.01647,"WALKING",0.27122,0.15795,0.20798,1.62003,2.13316,1.62003,2.13316,-0.00987,-0.00963,0.26166,0.35111,0.00016,0.61293,26.42002
29.850,"PID",0.24434,-1.53080,-0.66509,-1.08159,1.01223,0.19223,0.08188,0.18462,0.15182,0.45000,-0.00348,"WALKING",0.27226,0.15949,0.20974,1.63579,2.15120,1.63579,2.15120,0.01575,0.01804,0.28269,0.37841,0.00147,0.66257,26.45315
29.900,"PID",0.25780,-1.52859,-0.65719,-1.08625,1.01432,0.19432,0.08272,0.18749,0.15285,0.45000,0.00647,"WALKING",0.27330,0.16219,0.21279,1.66352,2.18242,1.66352,2.18242,0.02774,0.03122,0.32059,0.42738,0.00226,0.75023,26.49066
29.950,"PID",0.27129,-1.52625,-0.64911,-1.09092,1.01630,0.19630,0.08356,0.19076,0.15407,0.45000,0.01376,"WALKING",0.27432,0.16526,0.21626,1.69501,2.21807,1.69501,2.21807,0.03149,0.03565,0.33786,0.44908,0.00272,0.78965,26.53014
30.000,"PID",0.30216,-1.52081,-0.64087,-1.09561,1.01816,0.19816,0.08438,0.19398,0.15542,0.45000,0.01892,"WALKING",0.27533,0.16826,0.21970,1.72573,2.25335,1.72573,2.25335,0.03072,0.03528,0.34275,0.45468,0.00301,0.80044,26.57016
30.050,"PID",0.32622,-1.51616,-0.63195,-1.10059,1.03445,0.21445,0.09481,0.20905,0.17008,0.45000,0.08644,"WALKING",0.27633,0.18090,0.23720,1.85542,2.43283,1.85542,2.43283,0.12969,0.17948,0.72381,0.95749,0.03592,1.71721,26.65602
30.100,"PID",0.33495,-1.51410,-0.62228,-1.10586,1.04441,0.22441,0.10066,0.22435,0.18029,0.45000,0.11124,"WALKING",0.27733,0.19452,0.25419,1.99504,2.60709,1.99504,2.60709,0.13962,0.17426,0.78733,1.03844,0.02649,1.85226,26.74864
30.150,"PID",0.34836,-1.51106,-0.61242,-1.11113,1.04065,0.22065,0.09776,0.22769,0.17865,0.45000,0.07022,"WALKING",0.27830,0.19812,0.25725,2.03201,2.63851,2.03201,2.63851,0.03696,0.03142,0.41112,0.54343,0.00420,0.95875,26.79658
30.200,"PID",0.35508,-1.50930,-0.60251,-1.11631,1.04069,0.22069,0.09749,0.22785,0.17916,0.45000,0.05496,"WALKING",0.27927,0.19820,0.25750,2.03279,2.64102,2.03279,2.64102,0.00078,0.00251,0.30752,0.40918,0.00131,0.71801,26.83248
30.250,"PID",0.35919,-1.50810,-0.59285,-1.12126,1.03510,0.21510,0.09354,0.22175,0.17419,0.45000,0.01825,"WALKING",0.28023,0.19293,0.25058,1.97873,2.57008,1.97873,2.57008,-0.05406,-0.07095,0.48758,0.64241,0.01248,1.14248,26.88960
30.300,"PID",0.39028,-1.50082,-0.58359,-1.12591,1.02763,0.20763,0.08830,0.21121,0.16650,0.45000,-0.01862,"WALKING",0.28117,0.18365,0.23877,1.88362,2.44887,1.88362,2.44887,-0.09511,-0.12120,0.59796,0.78570,0.01843,1.40209,26.95970
30.350,"PID",0.39994,-1.49815,-0.57397,-1.13062,1.04354,0.22354,0.09844,0.21841,0.17924,0.45000,0.05550,"WALKING",0.28210,0.18874,0.24807,1.93584,2.54433,1.93584,2.54433,0.05222,0.09545,0.51092,0.68081,0.03287,1.22460,27.02093
30.400,"PID",0.40129,-1.49748,-0.56427,-1.13527,1.04095,0.22095,0.09611,0.21920,0.17717,0.45000,0.03186,"WALKING",0.28302,0.18988,0.24852,1.94748,2.54894,1.94748,2.54894,0.01164,0.00462,0.31342,0.41941,0.00528,0.73811,27.05784
30.450,"PID",0.40866,-1.49536,-0.55492,-1.13966,1.03126,0.21126,0.08921,0.21073,0.16790,0.45000,-0.01779,"WALKING",0.28392,0.18294,0.23852,1.87631,2.44631,1.87631,2.44631,-0.07117,-0.10263,0.53299,0.70327,0.02241,1.25867,27.12077
30.500,"PID",0.42118,-1.49186,-0.54591,-1.14379,1.02714,0.20714,0.08606,0.20249,0.16240,0.45000,-0.03200,"WALKING",0.28482,0.17562,0.22937,1.80119,2.35253,1.80119,2.35253,-0.07512,-0.09378,0.50392,0.66595,0.01285,1.18271,27.17991
30.550,"PID",0.43489,-1.48792,-0.53704,-1.14778,1.02782,0.20782,0.08608,0.19882,0.16116,0.45000,-0.02195,"WALKING",0.28570,0.17215,0.22549,1.76560,2.31270,1.76560,2.31270,-0.03559,-0.03983,0.36415,0.48458,0.00290,0.85164,27.22249
30.600,"PID",0.44860,-1.48385,-0.52815,-1.15169,1.02973,0.20973,0.08684,0.19873,0.16144,0.45000,-0.00872,"WALKING",0.28656,0.17201,0.22545,1.76421,2.31229,1.76421,2.31229,-0.00139,-0.00041,0.26198,0.35097,0.00067,0.61361,27.25317
30.650,"PID",0.46232,-1.47963,-0.51913,-1.15557,1.03168,0.21168,0.08761,0.20055,0.16219,0.45000,0.00177,"WALKING",0.28742,0.17370,0.22739,1.78158,2.33221,1.78158,2.33221,0.01737,0.01992,0.31433,0.41918,0.00175,0.73527,27.28993
30.700,"PID",0.48087,-1.47379,-0.50995,-1.15944,1.03356,0.21356,0.08838,0.20321,0.16320,0.45000,0.00966,"WALKING",0.28826,0.17620,0.23022,1.80715,2.36121,1.80715,2.36121,0.02557,0.02900,0.34363,0.45683,0.00237,0.80283,27.33008
30.750,"PID",0.50348,-1.46643,-0.50045,-1.16334,1.03949,0.21949,0.09189,0.20955,0.16817,0.45000,0.03363,"WALKING",0.28908,0.18172,0.23738,1.86376,2.43468,1.86376,2.43468,0.05661,0.07347,0.46538,0.61628,0.01203,1.09369,27.38476
30.800,"PID",0.52179,-1.46015,-0.49042,-1.16736,1.04868,0.22868,0.09749,0.22024,0.17663,0.45000,0.06668,"WALKING",0.28989,0.19100,0.24947,1.95902,2.55864,1.95902,2.55864,0.09526,0.12396,0.62725,0.82844,0.02150,1.47719,27.45862
30.850,"PID",0.54208,-1.45296,-0.47993,-1.17145,1.05370,0.23370,0.10028,0.22923,0.18197,0.45000,0.07409,"WALKING",0.29069,0.19912,0.25935,2.04225,2.66001,2.04225,2.66001,0.08323,0.10136,0.59944,0.79063,0.01400,1.40407,27.52882
30.900,"PID",0.56029,-1.44621,-0.46900,-1.17560,1.06008,0.24008,0.10396,0.23810,0.18847,0.45000,0.08585,"WALKING",0.29147,0.20691,0.26929,2.12212,2.76196,2.12212,2.76196,0.07987,0.10196,0.61931,0.81665,0.01766,1.45362,27.60150
30.950,"PID",0.56776,-1.44307,-0.45772,-1.17976,1.06428,0.24428,0.10622,0.24474,0.19313,0.45000,0.08544,"WALKING",0.29224,0.21278,0.27670,2.18232,2.83799,2.18232,2.83799,0.06020,0.07602,0.55961,0.73891,0.01296,1.31148,27.66708
31.000,"PID",0.57888,-1.43856,-0.44654,-1.18376,1.05874,0.23874,0.10231,0.24191,0.18909,0.45000,0.04229,"WALKING",0.29300,0.21061,0.27320,2.16014,2.80207,2.16014,2.80207,-0.02219,-0.03591,0.42128,0.55727,0.01101,0.98957,27.71656
31.050,"PID",0.58930,-1.43422,-0.43556,-1.18756,1.05660,0.23660,0.10063,0.23718,0.18685,0.45000,0.02355,"WALKING",0.29374,0.20625,0.26810,2.11541,2.74973,2.11541,2.74973,-0.04473,-0.05234,0.47665,0.63004,0.00603,1.11271,27.77219
31.100,"PID",0.59682,-1.43093,-0.42479,-1.19118,1.05412,0.23412,0.09863,0.23151,0.18381,0.45000,0.00748,"WALKING",0.29446,0.20109,0.26192,2.06241,2.68641,2.06241,2.68641,-0.05300,-0.06332,0.49518,0.65506,0.00805,1.15830,27.83011
31.150,"PID",0.60296,-1.42818,-0.41435,-1.19458,1.04936,0.22936,0.09512,0.22378,0.17843,0.45000,-0.01513,"WALKING",0.29517,0.19426,0.25331,1.99236,2.59810,1.99236,2.59810,-0.07005,-0.08831,0.54322,0.71782,0.01382,1.27486,27.89385
31.200,"PID",0.61277,-1.42392,-0.40431,-1.19775,1.04378,0.22378,0.09100,0.21474,0.17175,0.45000,-0.03634,"WALKING",0.29587,0.18631,0.24316,1.91087,2.49395,1.91087,2.49395,-0.08150,-0.10414,0.56095,0.74084,0.01650,1.31828,27.95976
31.250,"PID",0.62635,-1.41800,-0.39455,-1.20075,1.04193,0.22193,0.08931,0.20855,0.16806,0.45000,-0.03651,"WALKING",0.29655,0.18074,0.23636,1.85370,2.42423,1.85370,2.42423,-0.05717,-0.06973,0.45813,0.60743,0.00895,1.07451,28.01349
31.300,"PID",0.63990,-1.41194,-0.38482,-1.20365,1.04375,0.22375,0.09002,0.20723,0.16790,0.45000,-0.02044,"WALKING",0.29721,0.17944,0.23502,1.84043,2.41043,1.84043,2.41043,-0.01327,-0.01379,0.31060,0.41504,0.00038,0.72602,28.04979
31.350,"PID",0.65342,-1.40573,-0.37500,-1.20648,1.04567,0.22567,0.09076,0.20858,0.16838,0.45000,-0.00750,"WALKING",0.29786,0.18071,0.23645,1.85348,2.42512,1.85348,2.42512,0.01305,0.01468,0.31393,0.41907,0.00117,0.73416,28.08650
31.400,"PID",0.66691,-1.39938,-0.36504,-1.20927,1.04754,0.22754,0.09151,0.21120,0.16923,0.45000,0.00238,"WALKING",0.29849,0.18319,0.23921,1.87889,2.45339,1.87889,2.45339,0.02541,0.02827,0.35675,0.47428,0.00205,0.83309,28.12815
31.450,"PID",0.68037,-1.39289,-0.35490,-1.21201,1.04931,0.22931,0.09223,0.21425,0.17025,0.45000,0.00965,"WALKING",0.29911,0.18607,0.24242,1.90842,2.48640,1.90842,2.48640,0.02953,0.03301,0.37596,0.49845,0.00252,0.87693,28.17200
31.500,"PID",0.70849,-1.37917,-0.34466,-1.21468,1.05095,0.23095,0.09293,0.21725,0.17136,0.45000,0.01471,"WALKING",0.29971,0.18889,0.24561,1.93730,2.51906,1.93730,2.51906,0.02888,0.03266,0.38046,0.50351,0.00274,0.88671,28.21633
31.550,"PID",0.73283,-1.36681,-0.33372,-1.21743,1.06592,0.24592,0.10239,0.23118,0.18465,0.45000,0.07736,"WALKING",0.30030,0.20062,0.26174,2.05767,2.68452,2.05767,2.68452,0.12037,0.16546,0.76753,1.01145,0.03532,1.81430,28.30705
31.600,"PID",0.74169,-1.36184,-0.32200,-1.22026,1.07696,0.25696,0.10892,0.24691,0.19557,0.45000,0.10890,"WALKING",0.30087,0.21454,0.27927,2.20040,2.86434,2.20040,2.86434,0.14273,0.17982,0.88605,1.16481,0.03077,2.08162,28.41113
31.650,"PID",0.75449,-1.35478,-0.31007,-1.22301,1.07307,0.25307,0.10596,0.25047,0.19386,0.45000,0.06782,"WALKING",0.30142,0.21839,0.28256,2.23988,2.89800,2.23988,2.89800,0.03948,0.03366,0.46432,0.61219,0.00478,1.08129,28.46520
31.700,"PID",0.76215,-1.35028,-0.29812,-1.22565,1.07268,0.25268,0.10545,0.25049,0.19401,0.45000,0.05121,"WALKING",0.30195,0.21838,0.28260,2.23981,2.89846,2.23981,2.89846,-0.00007,0.00046,0.33652,0.44693,0.00044,0.78388,28.50439
31.750,"PID",0.76509,-1.34832,-0.28642,-1.22811,1.06756,0.24756,0.10188,0.24482,0.18952,0.45000,0.01743,"WALKING",0.30247,0.21346,0.27619,2.18929,2.83269,2.18929,2.83269,-0.05052,-0.06578,0.52727,0.69317,0.01227,1.23271,28.56603
31.800,"PID",0.79386,-1.33209,-0.27527,-1.23035,1.05835,0.23835,0.09559,0.23312,0.18042,0.45000,-0.02694,"WALKING",0.30298,0.20326,0.26298,2.08475,2.69726,2.08475,2.69726,-0.10454,-0.13542,0.70298,0.91943,0.02364,1.64605,28.64833
31.850,"PID",0.80503,-1.32530,-0.26378,-1.23255,1.07395,0.25395,0.10552,0.23955,0.19269,0.45000,0.04763,"WALKING",0.30346,0.20766,0.27144,2.12984,2.78401,2.12984,2.78401,0.04508,0.08674,0.53814,0.71435,0.03405,1.28654,28.71265
31.900,"PID",0.80660,-1.32396,-0.25219,-1.23465,1.07282,0.25282,0.10419,0.24130,0.19187,0.45000,0.03218,"WALKING",0.30393,0.20955,0.27306,2.14923,2.80060,2.14923,2.80060,0.01940,0.01659,0.38175,0.50839,0.00228,0.89243,28.75728
31.950,"PID",0.81396,-1.31931,-0.24099,-1.23657,1.06255,0.24255,0.09700,0.23296,0.18229,0.45000,-0.02009,"WALKING",0.30439,0.20279,0.26313,2.07990,2.69876,2.07990,2.69876,-0.06933,-0.10184,0.58908,0.77438,0.02514,1.38860,28.82671
32.000,"PID",0.82550,-1.31209,-0.23017,-1.23834,1.05819,0.23819,0.09377,0.22467,0.17670,0.45000,-0.03487,"WALKING",0.30482,0.19543,0.25391,2.00437,2.60425,2.00437,2.60425,-0.07553,-0.09451,0.56500,0.74347,0.01423,1.32270,28.89284
32.100,"PID",0.85118,-1.29558,-0.20894,-1.24150,1.05985,0.23985,0.09407,0.22001,0.17498,0.45000,-0.01395,"WALKING",0.30564,0.19105,0.24897,1.95948,2.55352,1.95948,2.55352,-0.00522,-0.00509,0.30635,0.40832,0.00010,0.71476,28.97793
32.200,"PID",0.88031,-1.27606,-0.18742,-1.24433,1.06308,0.24308,0.09534,0.22379,0.17625,0.45000,0.00412,"WALKING",0.30639,0.19462,0.25296,1.99612,2.59445,1.99612,2.59445,0.02261,0.02517,0.37118,0.49175,0.00192,0.86485,29.06069
32.300,"PID",0.91732,-1.25012,-0.16467,-1.24690,1.07729,0.25729,0.10399,0.23975,0.18884,0.45000,0.06009,"WALKING",0.30707,0.20850,0.27100,2.13846,2.77953,2.13846,2.77953,0.09202,0.12034,0.67549,0.88869,0.02268,1.58687,29.19731
32.400,"PID",0.95212,-1.22433,-0.14008,-1.24919,1.08788,0.26788,0.11009,0.25690,0.20002,0.45000,0.07856,"WALKING",0.30768,0.22380,0.29000,2.29535,2.97440,2.29535,2.97440,0.07620,0.09692,0.65658,0.86294,0.01758,1.53710,29.34932
32.500,"PID",0.96871,-1.21085,-0.11447,-1.25106,1.08665,0.26665,0.10868,0.26102,0.20090,0.45000,0.03797,"WALKING",0.30822,0.22777,0.29427,2.33612,3.01816,2.33612,3.01816,-0.02149,-0.03564,0.45630,0.60187,0.01205,1.07022,29.47504
32.600,"PID",0.98506,-1.19726,-0.08976,-1.25238,1.08133,0.26133,0.10480,0.25014,0.19528,0.45000,0.00230,"WALKING",0.30869,0.21782,0.28246,2.23406,2.89701,2.23406,2.89701,-0.05455,-0.06469,0.54382,0.71672,0.00840,1.26895,29.60030
32.700,"PID",0.99905,-1.18531,-0.06656,-1.25317,1.07041,0.25041,0.09699,0.23298,0.18293,0.45000,-0.04171,"WALKING",0.30909,0.20270,0.26325,2.07901,2.70004,2.07901,2.70004,-0.08314,-0.10619,0.61843,0.81323,0.01789,1.44954,29.74291
32.800,"PID",1.02250,-1.16514,-0.04458,-1.25353,1.06921,0.24921,0.09548,0.22436,0.17821,0.45000,-0.02810,"WALKING",0.30942,0.19487,0.25386,1.99867,2.60369,1.99867,2.60369,-0.01789,-0.01934,0.35514,0.47209,0.00110,0.82833,29.84520
32.900,"PID",1.04556,-1.14449,-0.02247,-1.25349,1.07220,0.25220,0.09670,0.22751,0.17901,0.45000,-0.00542,"WALKING",0.30967,0.19788,0.25713,2.02956,2.63727,2.02956,2.63727,0.02189,0.02377,0.37443,0.49616,0.00143,0.87201,29.92704
33.000,"PID",1.07927,-1.11317,0.00012,-1.25305,1.07483,0.25483,0.09784,0.23288,0.18062,0.45000,0.00696,"WALKING",0.30985,0.20299,0.26278,2.08197,2.69514,2.08197,2.69514,0.02603,0.02890,0.39990,0.52759,0.00220,0.92969,30.01950
33.100,"PID",1.10780,-1.08514,0.02490,-1.25209,1.10000,0.28000,0.11374,0.26135,0.20442,0.45000,0.10203,"WALKING",0.30996,0.22752,0.29518,2.33351,3.02749,2.33351,3.02749,0.14290,0.18282,0.94729,1.24162,0.03462,2.22353,30.22156
33.200,"PID",1.12492,-1.06713,0.05076,-1.25057,1.09460,0.27460,0.10985,0.26446,0.20231,0.45000,0.04249,"WALKING",0.31000,0.23098,0.29795,2.36902,3.05586,2.36902,3.05586,-0.00366,-0.00453,0.37227,0.49279,0.00075,0.86581,30.32205
33.300,"PID",1.14910,-1.04123,0.07539,-1.24864,1.07891,0.25891,0.09939,0.24623,0.18785,0.45000,-0.03841,"WALKING",0.30996,0.21514,0.27732,2.20659,2.84431,2.20659,2.84431,-0.11308,-0.14811,0.78242,1.01943,0.02791,1.82975,30.47818
33.400,"PID",1.16034,-1.02816,0.09999,-1.24621,1.09361,0.27361,0.10858,0.25391,0.19978,0.45000,0.02714,"WALKING",0.30986,0.22085,0.28698,2.26513,2.94335,2.26513,2.94335,0.02403,0.02514,0.42734,0.56727,0.00094,0.99555,30.59083
33.500,"PID",1.17501,-1.01114,0.12340,-1.24346,1.07771,0.25771,0.09761,0.23692,0.18391,0.45000,-0.04274,"WALKING",0.30968,0.20648,0.26735,2.11772,2.74208,2.11772,2.74208,-0.07766,-0.09743,0.60678,0.79595,0.01543,1.41816,30.73561
33.600,"PID",1.19496,-0.98747,0.14580,-1.24040,1.07807,0.25807,0.09739,0.23112,0.18135,0.45000,-0.02369,"WALKING",0.30942,0.20111,0.26114,2.06267,2.67833,2.06267,2.67833,-0.01011,-0.01098,0.34120,0.45294,0.00067,0.79481,30.82986
33.700,"PID",1.21688,-0.96044,0.16828,-1.23692,1.08032,0.26032,0.09838,0.23400,0.18206,0.45000,-0.00565,"WALKING",0.30910,0.20387,0.26413,2.09097,2.70904,2.09097,2.70904,0.01863,0.02029,0.37548,0.49652,0.00128,0.87328,30.91326
33.800,"PID",1.24492,-0.92435,0.19174,-1.23283,1.09309,0.27309,0.10650,0.24857,0.19371,0.45000,0.04878,"WALKING",0.30870,0.21651,0.28063,2.22060,2.87823,2.22060,2.87823,0.08668,0.11427,0.68265,0.89617,0.02267,1.60149,31.04969
33.900,"PID",1.27105,-0.88881,0.21694,-1.22793,1.10256,0.28256,0.11235,0.26483,0.20439,0.45000,0.06714,"WALKING",0.30823,0.23100,0.29866,2.36926,3.06315,2.36926,3.06315,0.07121,0.09068,0.65789,0.86332,0.01689,1.53810,31.20299
34.000,"PID",1.28275,-0.87127,0.24295,-1.22231,1.10099,0.28099,0.11113,0.26893,0.20547,0.45000,0.02932,"WALKING",0.30769,0.23492,0.30293,2.40945,3.10701,2.40945,3.10701,-0.02247,-0.03729,0.47663,0.62762,0.01292,1.11717,31.33391
34.100,"PID",1.29448,-0.85331,0.26787,-1.21640,1.09455,0.27455,0.10693,0.25726,0.19933,0.45000,-0.00706,"WALKING",0.30708,0.22427,0.29025,2.30022,2.97692,2.30022,2.97692,-0.05735,-0.06774,0.57139,0.75157,0.00878,1.33174,31.46647
34.200,"PID",1.30398,-0.83827,0.29108,-1.21041,1.08265,0.26265,0.09880,0.23941,0.18643,0.45000,-0.05122,"WALKING",0.30640,0.20855,0.27026,2.13901,2.77192,2.13901,2.77192,-0.08605,-0.11000,0.64832,0.85068,0.01894,1.51794,31.61609
34.300,"PID",1.32027,-0.81236,0.31289,-1.20435,1.07998,0.25998,0.09665,0.22951,0.18064,0.45000,-0.03947,"WALKING",0.30566,0.19961,0.25940,2.04729,2.66055,2.04729,2.66055,-0.02329,-0.02596,0.38367,0.50838,0.00205,0.89410,31.72606
34.400,"PID",1.33601,-0.78620,0.33459,-1.19789,1.08191,0.26191,0.09755,0.23172,0.18079,0.45000,-0.01649,"WALKING",0.30484,0.20180,0.26164,2.06974,2.68349,2.06974,2.68349,0.01788,0.01882,0.36780,0.48674,0.00072,0.85526,31.80603
34.500,"PID",1.35812,-0.74793,0.35658,-1.19091,1.08346,0.26346,0.09841,0.23627,0.18185,0.45000,-0.00403,"WALKING",0.30395,0.20618,0.26637,2.11462,2.73197,2.11462,2.73197,0.02230,0.02428,0.39273,0.51751,0.00152,0.91177,31.89676
34.600,"PID",1.37764,-0.71196,0.38038,-1.18285,1.10765,0.28765,0.11431,0.26357,0.20539,0.45000,0.09270,"WALKING",0.30299,0.22958,0.29756,2.35466,3.05194,2.35466,3.05194,0.14328,0.18626,0.96323,1.26124,0.03744,2.26192,32.09583
34.700,"PID",1.38861,-0.68995,0.40505,-1.17395,1.10095,0.28095,0.10990,0.26622,0.20259,0.45000,0.03159,"WALKING",0.30197,0.23269,0.29975,2.38657,3.07434,2.38657,3.07434,-0.00720,-0.00968,0.39153,0.51705,0.00213,0.91071,32.19892
34.800,"PID",1.40291,-0.66054,0.42840,-1.16501,1.08491,0.26491,0.09943,0.24805,0.18804,0.45000,-0.04675,"WALKING",0.30089,0.21693,0.27917,2.22487,2.86323,2.22487,2.86323,-0.11348,-0.14965,0.79253,1.03089,0.02885,1.85227,32.35600
34.900,"PID",1.41011,-0.64431,0.45146,-1.15565,1.09847,0.27847,0.10843,0.25436,0.19943,0.45000,0.01916,"WALKING",0.29973,0.22135,0.28736,2.27026,2.94729,2.27026,2.94729,0.02527,0.02990,0.43904,0.58195,0.00392,1.02491,32.46300
35.000,"PID",1.41856,-0.62508,0.47322,-1.14634,1.08114,0.26114,0.09676,0.23664,0.18255,0.45000,-0.05301,"WALKING",0.29852,0.20643,0.26686,2.11723,2.73697,2.11723,2.73697,-0.08095,-0.10187,0.61948,0.81099,0.01620,1.44666,32.61069
35.100,"PID",1.43031,-0.59770,0.49386,-1.13705,1.08008,0.26008,0.09599,0.22963,0.17901,0.45000,-0.03535,"WALKING",0.29724,0.20000,0.25925,2.05130,2.65901,2.05130,2.65901,-0.01523,-0.01725,0.35750,0.47311,0.00153,0.83214,32.70920
35.200,"PID",1.44274,-0.56719,0.51437,-1.12737,1.08120,0.26120,0.09664,0.23157,0.17905,0.45000,-0.01713,"WALKING",0.29589,0.20193,0.26120,2.07112,2.67898,2.07112,2.67898,0.01459,0.01515,0.35675,0.47122,0.00043,0.82840,32.78811
35.300,"PID",1.45878,-0.52555,0.53553,-1.11690,1.09235,0.27235,0.10424,0.24468,0.18976,0.45000,0.03564,"WALKING",0.29449,0.21328,0.27609,2.18744,2.83165,2.18744,2.83165,0.08062,0.10745,0.64994,0.85229,0.02159,1.52382,32.91653
35.400,"PID",1.47331,-0.48472,0.55791,-1.10528,1.10091,0.28091,0.10990,0.26031,0.20005,0.45000,0.05542,"WALKING",0.29303,0.22720,0.29342,2.33029,3.00944,2.33029,3.00944,0.06816,0.08635,0.63304,0.82980,0.01544,1.47829,33.06440
35.500,"PID",1.47889,-0.46634,0.58090,-1.09275,1.09914,0.27914,0.10879,0.26475,0.20123,0.45000,0.02108,"WALKING",0.29150,0.23145,0.29806,2.37384,3.05700,2.37384,3.05700,-0.02147,-0.03736,0.46737,0.61440,0.01356,1.09533,33.19438
35.600,"PID",1.48457,-0.44708,0.60272,-1.08029,1.09174,0.27174,0.10420,0.25259,0.19442,0.45000,-0.01559,"WALKING",0.28992,0.22042,0.28477,2.26067,2.92071,2.26067,2.92071,-0.05864,-0.06946,0.56637,0.74330,0.00892,1.31860,33.32662
35.700,"PID",1.48876,-0.43202,0.62292,-1.06826,1.07895,0.25895,0.09568,0.23423,0.18085,0.45000,-0.05986,"WALKING",0.28829,0.20430,0.26416,2.09537,2.70935,2.09537,2.70935,-0.08827,-0.11321,0.64345,0.84197,0.01913,1.50455,33.47507
35.800,"PID",1.49651,-0.40434,0.64162,-1.05668,1.07486,0.25486,0.09298,0.22308,0.17411,0.45000,-0.05008,"WALKING",0.28660,0.19427,0.25190,1.99247,2.58354,1.99247,2.58354,-0.02842,-0.03202,0.39025,0.51518,0.00266,0.90808,33.58671
35.900,"PID",1.50371,-0.37668,0.66006,-1.04479,1.07583,0.25583,0.09362,0.22446,0.17371,0.45000,-0.02669,"WALKING",0.28485,0.19571,0.25321,2.00728,2.59700,2.00728,2.59700,0.01442,0.01439,0.34352,0.45364,0.00002,0.79718,33.66113
36.000,"PID",1.51335,-0.33696,0.67858,-1.03240,1.07640,0.25640,0.09420,0.22828,0.17424,0.45000,-0.01405,"WALKING",0.28305,0.19945,0.25712,2.04561,2.63713,2.04561,2.63713,0.01919,0.02031,0.36771,0.48339,0.00083,0.85193,33.74583
36.100,"PID",1.52193,-0.29752,0.69845,-1.01857,1.09981,0.27981,0.11025,0.25465,0.19775,0.45000,0.08466,"WALKING",0.28120,0.22192,0.28737,2.27608,2.94741,2.27608,2.94741,0.14461,0.19106,0.94094,1.23034,0.03896,2.21025,33.93395
36.200,"PID",1.52600,-0.27502,0.71894,-1.00371,1.09196,0.27196,0.10533,0.25699,0.19428,0.45000,0.02207,"WALKING",0.27931,0.22483,0.28914,2.30598,2.96554,2.30598,2.96554,-0.00990,-0.01390,0.38971,0.51291,0.00329,0.90591,34.03489
36.300,"PID",1.53082,-0.24691,0.73816,-0.98921,1.07560,0.25560,0.09481,0.23888,0.17961,0.45000,-0.05410,"WALKING",0.27736,0.20915,0.26861,2.14517,2.75493,2.14517,2.75493,-0.11392,-0.15140,0.76679,0.99483,0.02856,1.79018,34.18571
36.400,"PID",1.53315,-0.23023,0.75690,-0.97452,1.08823,0.26823,0.10372,0.24400,0.19060,0.45000,0.01263,"WALKING",0.27537,0.21246,0.27555,2.17907,2.82612,2.17907,2.82612,0.02729,0.03566,0.43352,0.57322,0.00676,1.01351,34.28316
36.500,"PID",1.53557,-0.21226,0.77442,-0.96025,1.06960,0.24960,0.09123,0.22567,0.17255,0.45000,-0.06189,"WALKING",0.27333,0.19712,0.25423,2.02169,2.60749,2.02169,2.60749,-0.08357,-0.10588,0.60087,0.78414,0.01633,1.40134,34.42638
36.600,"PID",1.53907,-0.18525,0.79081,-0.94645,1.06725,0.24725,0.08995,0.21752,0.16809,0.45000,-0.04562,"WALKING",0.27125,0.18970,0.24534,1.94567,2.51630,1.94567,2.51630,-0.01980,-0.02281,0.35331,0.46555,0.00215,0.82101,34.52372
36.700,"PID",1.54238,-0.15573,0.80692,-0.93240,1.06749,0.24749,0.09039,0.21873,0.16765,0.45000,-0.02683,"WALKING",0.26913,0.19098,0.24648,1.95879,2.52795,1.95879,2.52795,0.01160,0.01137,0.32569,0.42896,0.00017,0.75481,34.59532
36.800,"PID",1.54638,-0.11371,0.82340,-0.91754,1.07728,0.25728,0.09758,0.23067,0.17762,0.45000,0.02467,"WALKING",0.26697,0.20127,0.26006,2.06433,2.66731,2.06433,2.66731,0.07607,0.10252,0.59648,0.78037,0.01993,1.39678,34.71149
36.900,"PID",1.54929,-0.07286,0.84076,-0.90129,1.08505,0.26505,0.10321,0.24584,0.18777,0.45000,0.04545,"WALKING",0.26478,0.21476,0.27691,2.20268,2.84013,2.20268,2.84013,0.06525,0.08269,0.58534,0.76560,0.01389,1.36483,34.84878
37.000,"PID",1.54964,-0.05653,0.85847,-0.88407,1.08311,0.26311,0.10234,0.25050,0.18928,0.45000,0.01426,"WALKING",0.26254,0.21918,0.28183,2.24796,2.89053,2.24796,2.89053,-0.02038,-0.03639,0.43725,0.57338,0.01286,1.02348,34.97146
37.100,"PID",1.54995,-0.03909,0.87505,-0.86735,1.07491,0.25491,0.09738,0.23796,0.18190,0.45000,-0.02267,"WALKING",0.26027,0.20786,0.26806,2.13186,2.74938,2.13186,2.74938,-0.05947,-0.07057,0.53568,0.70103,0.00856,1.24527,35.09730
37.200,"PID",1.54994,-0.02684,0.89016,-0.85156,1.06142,0.24142,0.08847,0.21921,0.16769,0.45000,-0.06687,"WALKING",0.25797,0.19146,0.24696,1.96366,2.53294,1.96366,2.53294,-0.08965,-0.11561,0.60727,0.79198,0.01847,1.41772,35.23755
37.300,"PID",1.55017,-0.00116,0.90396,-0.83666,1.05613,0.23613,0.08513,0.20703,0.15985,0.45000,-0.05885,"WALKING",0.25564,0.18057,0.23348,1.85204,2.39469,1.85204,2.39469,-0.03252,-0.03724,0.37472,0.49231,0.00320,0.87023,35.34459
37.400,"PID",1.54998,0.02429,0.91742,-0.82166,1.05632,0.23632,0.08552,0.20772,0.15892,0.45000,-0.03509,"WALKING",0.25328,0.18142,0.23403,1.86076,2.40026,1.86076,2.40026,0.01161,0.01073,0.30737,0.40425,0.00059,0.71221,35.41328
37.500,"PID",1.54920,0.06068,0.93091,-0.80614,1.05608,0.23608,0.08586,0.21098,0.15896,0.45000,-0.02238,"WALKING",0.25090,0.18467,0.23728,1.89403,2.43369,1.89403,2.43369,0.01638,0.01667,0.32915,0.43081,0.00019,0.76015,35.48909
37.600,"PID",1.54756,0.09934,0.94530,-0.78900,1.07891,0.25891,0.10222,0.23656,0.18268,0.45000,0.07844,"WALKING",0.24848,0.20633,0.26679,2.11618,2.73634,2.11618,2.73634,0.14641,0.19699,0.88564,1.15537,0.03919,2.08020,35.66011
37.700,"PID",1.54601,0.11934,0.96007,-0.77077,1.07001,0.25001,0.09677,0.23865,0.17858,0.45000,0.01406,"WALKING",0.24605,0.20910,0.26821,2.14459,2.75086,2.14459,2.75086,-0.01250,-0.01796,0.37157,0.48661,0.00414,0.86231,35.75504
37.800,"PID",1.54401,0.14255,0.97379,-0.75322,1.05345,0.23345,0.08620,0.22066,0.16380,0.45000,-0.06009,"WALKING",0.24359,0.19355,0.24776,1.98510,2.54117,1.98510,2.54117,-0.11432,-0.15320,0.71110,0.91878,0.02701,1.65690,35.89363
37.900,"PID",1.54230,0.15785,0.98697,-0.73574,1.06534,0.24534,0.09514,0.22470,0.17457,0.45000,0.00762,"WALKING",0.24112,0.19581,0.25359,2.00833,2.60096,2.00833,2.60096,0.02971,0.04228,0.41172,0.54246,0.00930,0.96349,35.97874
38.000,"PID",1.54065,0.17156,0.99912,-0.71907,1.04549,0.22549,0.08183,0.20592,0.15542,0.45000,-0.06990,"WALKING",0.23863,0.18020,0.23164,1.84817,2.37582,1.84817,2.37582,-0.08735,-0.11208,0.56184,0.72976,0.01630,1.30790,36.11094
38.100,"PID",1.53784,0.19514,1.01028,-0.70325,1.04206,0.22206,0.08010,0.19662,0.15010,0.45000,-0.05457,"WALKING",0.23612,0.17178,0.22146,1.76184,2.27140,1.76184,2.27140,-0.02419,-0.02808,0.33133,0.43411,0.00247,0.76791,36.20240
38.200,"PID",1.53445,0.22049,1.02114,-0.68736,1.04160,0.22160,0.08037,0.19722,0.14927,0.45000,-0.03503,"WALKING",0.23360,0.17251,0.22192,1.76937,2.27614,1.76937,2.27614,0.00918,0.00835,0.28462,0.37306,0.00053,0.65821,36.26617
38.300,"PID",1.52876,0.25901,1.03216,-0.67071,1.05025,0.23025,0.08726,0.20819,0.15866,0.45000,0.01548,"WALKING",0.23107,0.18193,0.23444,1.86593,2.40455,1.86593,2.40455,0.07241,0.09885,0.52621,0.68587,0.01779,1.22988,36.36700
38.400,"PID",1.52255,0.29563,1.04375,-0.65254,1.05746,0.23746,0.09293,0.22313,0.16881,0.45000,0.03746,"WALKING",0.22853,0.19520,0.25107,2.00200,2.57508,2.00200,2.57508,0.06339,0.08035,0.52300,0.68157,0.01214,1.21672,36.49001
38.500,"PID",1.51966,0.30860,1.05553,-0.63337,1.05561,0.23561,0.09239,0.22808,0.17074,0.45000,0.01009,"WALKING",0.22598,0.19982,0.25633,2.04943,2.62907,2.04943,2.62907,-0.01667,-0.03129,0.38203,0.49922,0.01058,0.89183,36.59874
38.600,"PID",1.51658,0.32233,1.06643,-0.61495,1.04667,0.22667,0.08713,0.21536,0.16297,0.45000,-0.02789,"WALKING",0.22343,0.18839,0.24233,1.93221,2.48545,1.93221,2.48545,-0.05986,-0.07091,0.48431,0.63123,0.00763,1.12318,36.71283
38.700,"PID",1.51459,0.33023,1.07618,-0.59783,1.03246,0.21246,0.07787,0.19614,0.14822,0.45000,-0.07282,"WALKING",0.22088,0.17161,0.22067,1.76006,2.26323,1.76006,2.26323,-0.09180,-0.11860,0.54927,0.71313,0.01685,1.27925,36.83973
38.800,"PID",1.50976,0.35166,1.08488,-0.58203,1.02604,0.20604,0.07403,0.18282,0.13951,0.45000,-0.06668,"WALKING",0.21832,0.15973,0.20591,1.63830,2.11193,1.63830,2.11193,-0.03703,-0.04238,0.34176,0.44656,0.00317,0.79148,36.93748
38.900,"PID",1.50469,0.37276,1.09327,-0.56628,1.02555,0.20555,0.07436,0.18288,0.13835,0.45000,-0.04249,"WALKING",0.21577,0.15998,0.20578,1.64083,2.11053,1.64083,2.11053,0.00878,0.00759,0.26119,0.34191,0.00069,0.60380,36.99760
39.000,"PID",1.49702,0.40317,1.10156,-0.55021,1.02476,0.20476,0.07462,0.18574,0.13824,0.45000,-0.02903,"WALKING",0.21322,0.16286,0.20862,1.67040,2.13970,1.67040,2.13970,0.01497,0.01495,0.28395,0.36975,0.00001,0.65372,37.06255
39.100,"PID",1.48750,0.43841,1.11039,-0.53243,1.04742,0.22742,0.09157,0.21103,0.16261,0.45000,0.07493,"WALKING",0.21068,0.18412,0.23795,1.88843,2.44048,1.88843,2.44048,0.15064,0.20629,0.80779,1.05202,0.03839,1.89820,37.21302
39.200,"PID",1.48255,0.45442,1.11942,-0.51349,1.03776,0.21776,0.08565,0.21326,0.15807,0.45000,0.00881,"WALKING",0.20814,0.18710,0.23942,1.91894,2.45556,1.91894,2.45556,-0.01336,-0.02004,0.33429,0.43568,0.00448,0.77445,37.29874
39.300,"PID",1.47721,0.47122,1.12769,-0.49545,1.02128,0.20128,0.07509,0.19565,0.14332,0.45000,-0.06330,"WALKING",0.20561,0.17193,0.21937,1.76336,2.24993,1.76336,2.24993,-0.11345,-0.15359,0.62865,0.80869,0.02440,1.46174,37.41996
39.400,"PID",1.47287,0.48408,1.13547,-0.47780,1.03281,0.21281,0.08424,0.19896,0.15415,0.45000,0.00578,"WALKING",0.20310,0.17344,0.22447,1.77892,2.30223,1.77892,2.30223,0.03364,0.05110,0.38003,0.49905,0.01142,0.89051,37.49745
39.500,"PID",1.46980,0.49266,1.14252,-0.46114,1.01205,0.19205,0.07014,0.18003,0.13402,0.45000,-0.07479,"WALKING",0.20059,0.15785,0.20221,1.61892,2.07391,1.61892,2.07391,-0.09004,-0.11696,0.49953,0.64558,0.01530,1.16042,37.61338
39.600,"PID",1.46335,0.51153,1.14881,-0.44571,1.00795,0.18795,0.06814,0.16991,0.12813,0.45000,-0.06000,"WALKING",0.19811,0.14871,0.19112,1.52518,1.96016,1.52518,1.96016,-0.02703,-0.03121,0.29180,0.38014,0.00228,0.67422,37.69436
39.700,"PID",1.45624,0.53149,1.15485,-0.43033,1.00719,0.18719,0.06846,0.17028,0.12728,0.45000,-0.03951,"WALKING",0.19564,0.14921,0.19135,1.53041,1.96252,1.53041,1.96252,0.00828,0.00743,0.24181,0.31518,0.00046,0.55745,37.74897
39.800,"PID",1.44403,0.56476,1.16094,-0.41424,1.01516,0.19516,0.07527,0.18068,0.13648,0.45000,0.01032,"WALKING",0.19319,0.15809,0.20326,1.62144,2.08477,1.62144,2.08477,0.07040,0.09761,0.45075,0.58535,0.01575,1.05185,37.83400
39.900,"PID",1.43202,0.59567,1.16733,-0.39656,1.02227,0.20227,0.08112,0.19581,0.14692,0.45000,0.03375,"WALKING",0.19076,0.17150,0.22013,1.75893,2.25771,1.75893,2.25771,0.06356,0.08026,0.45705,0.59341,0.01041,1.06087,37.94163
40.000,"PID",1.42784,0.60487,1.17378,-0.37785,1.02095,0.20095,0.08098,0.20140,0.14944,0.45000,0.01019,"WALKING",0.18836,0.17667,0.22614,1.81200,2.31935,1.81200,2.31935,-0.01128,-0.02422,0.31748,0.41343,0.00821,0.73912,38.03491
40.100,"PID",1.42347,0.61454,1.17964,-0.36005,1.01166,0.19166,0.07541,0.18884,0.14130,0.45000,-0.02893,"WALKING",0.18598,0.16545,0.21222,1.69693,2.17664,1.69693,2.17664,-0.05874,-0.06968,0.41981,0.54475,0.00656,0.97111,38.13403
40.200,"PID",1.42161,0.61811,1.18474,-0.34377,0.99722,0.17722,0.06582,0.16952,0.12605,0.45000,-0.07435,"WALKING",0.18363,0.14866,0.19038,1.52467,1.95260,1.52467,1.95260,-0.09211,-0.11973,0.47538,0.61382,0.01477,1.10397,38.24385
40.300,"PID",1.41424,0.63480,1.18915,-0.32910,0.99014,0.17014,0.06150,0.15546,0.11651,0.45000,-0.06998,"WALKING",0.18131,0.13617,0.17474,1.39664,1.79219,1.39664,1.79219,-0.03968,-0.04553,0.29569,0.38368,0.00289,0.68226,38.32870
40.400,"PID",1.40676,0.65120,1.19331,-0.31464,0.98953,0.16953,0.06181,0.15531,0.11522,0.45000,-0.04497,"WALKING",0.17901,0.13624,0.17438,1.39736,1.78852,1.39736,1.78852,0.00836,0.00699,0.21927,0.28485,0.00067,0.50479,38.37946
40.500,"PID",1.39560,0.67514,1.19737,-0.29989,0.98862,0.16862,0.06211,0.15818,0.11511,0.45000,-0.03098,"WALKING",0.17676,0.13913,0.17723,1.42697,1.81776,1.42697,1.81776,0.01498,0.01508,0.24064,0.31081,0.00005,0.55150,38.43419
40.600,"PID",1.38065,0.70617,1.20168,-0.28350,1.01115,0.19115,0.07954,0.18314,0.14003,0.45000,0.07413,"WALKING",0.17453,0.15997,0.20632,1.64067,2.11605,1.64067,2.11605,0.15314,0.21308,0.71134,0.92348,0.03560,1.67042,38.56262
40.700,"PID",1.37428,0.71825,1.20608,-0.26580,1.00172,0.18172,0.07376,0.18623,0.13595,0.45000,0.00887,"WALKING",0.17235,0.16373,0.20873,1.67931,2.14085,1.67931,2.14085,-0.01139,-0.01845,0.28546,0.36984,0.00407,0.65936,38.63840
40.800,"PID",1.36847,0.72897,1.21001,-0.24912,0.98574,0.16574,0.06345,0.16941,0.12171,0.45000,-0.06165,"WALKING",0.17020,0.14927,0.18955,1.53095,1.94413,1.53095,1.94413,-0.11111,-0.15185,0.53877,0.68900,0.02103,1.24880,38.74073
40.900,"PID",1.36268,0.73950,1.21360,-0.23296,0.99737,0.17737,0.07302,0.17232,0.13298,0.45000,0.00874,"WALKING",0.16809,0.15031,0.19432,1.54161,1.99307,1.54161,1.99307,0.03883,0.06211,0.34673,0.45367,0.01313,0.81353,38.81261
41.000,"PID",1.36020,0.74356,1.21677,-0.21786,0.97608,0.15608,0.05828,0.15347,0.11219,0.45000,-0.07523,"WALKING",0.16603,0.13490,0.17204,1.38359,1.76446,1.38359,1.76446,-0.09162,-0.12026,0.43026,0.55273,0.01363,0.99663,38.91119
41.100,"PID",1.35221,0.75800,1.21949,-0.20415,0.97160,0.15160,0.05601,0.14267,0.10580,0.45000,-0.06160,"WALKING",0.16400,0.12516,0.16018,1.28366,1.64285,1.28366,1.64285,-0.02941,-0.03369,0.24864,0.32175,0.00192,0.57232,38.98053
41.200,"PID",1.34372,0.77298,1.22203,-0.19056,0.97089,0.15089,0.05642,0.14296,0.10501,0.45000,-0.04027,"WALKING",0.16203,0.12558,0.16034,1.28799,1.64450,1.28799,1.64450,0.00825,0.00759,0.20177,0.26114,0.00029,0.46320,39.02607
41.300,"PID",1.32757,0.80106,1.22454,-0.17632,0.97852,0.15852,0.06319,0.15296,0.11408,0.45000,0.00877,"WALKING",0.16010,0.13408,0.17184,1.37521,1.76251,1.37521,1.76251,0.06944,0.09760,0.37923,0.49012,0.01363,0.88298,39.09634
41.400,"PID",1.31235,0.82655,1.22714,-0.16047,0.98591,0.16591,0.06953,0.16854,0.12532,0.45000,0.03370,"WALKING",0.15821,0.14780,0.18928,1.51586,1.94130,1.51586,1.94130,0.06463,0.08204,0.39507,0.51090,0.00925,0.91522,39.18932
41.500,"PID",1.30813,0.83271,1.22970,-0.14353,0.98549,0.16549,0.07018,0.17509,0.12906,0.45000,0.01406,"WALKING",0.15638,0.15373,0.19645,1.57669,2.01484,1.57669,2.01484,-0.00488,-0.01498,0.25469,0.33076,0.00553,0.59098,39.26799
41.600,"PID",1.30378,0.83911,1.23191,-0.12753,0.97606,0.15606,0.06450,0.16281,0.12100,0.45000,-0.02702,"WALKING",0.15460,0.14278,0.18284,1.46446,1.87523,1.46446,1.87523,-0.05797,-0.06837,0.35787,0.46287,0.00534,0.82608,39.35228
41.700,"PID",1.30326,0.83938,1.23373,-0.11315,0.96201,0.14201,0.05516,0.14388,0.10619,0.45000,-0.07174,"WALKING",0.15287,0.12631,0.16145,1.29544,1.65595,1.29544,1.65595,-0.09081,-0.11789,0.39893,0.51353,0.01220,0.92465,39.44442
41.800,"PID",1.29496,0.85212,1.23520,-0.10051,0.95471,0.13471,0.05062,0.12946,0.09639,0.45000,-0.06907,"WALKING",0.15120,0.11351,0.14541,1.16419,1.49142,1.16419,1.49142,-0.04083,-0.04621,0.24652,0.31874,0.00220,0.56746,39.51568
41.900,"PID",1.28663,0.86465,1.23651,-0.08820,0.95435,0.13435,0.05118,0.12942,0.09546,0.45000,-0.04340,"WALKING",0.14958,0.11362,0.14522,1.16537,1.48945,1.16537,1.48945,0.00906,0.00831,0.18310,0.23691,0.00031,0.42031,39.55769
42.000,"PID",1.27421,0.88308,1.23772,-0.07565,0.95388,0.13388,0.05169,0.13274,0.09571,0.45000,-0.02830,"WALKING",0.14802,0.11690,0.14858,1.19893,1.52386,1.19893,1.52386,0.01733,0.01799,0.20549,0.26415,0.00027,0.46991,39.60407
42.100,"PID",1.25541,0.91042,1.23895,-0.06146,0.97590,0.15590,0.06895,0.15706,0.12036,0.45000,0.07432,"WALKING",0.14651,0.13714,0.17698,1.40659,1.81521,1.40659,1.81521,0.15183,0.21353,0.60692,0.78768,0.03150,1.42610,39.71156
42.200,"PID",1.24861,0.91955,1.24011,-0.04584,0.96797,0.14797,0.06393,0.16195,0.11755,0.45000,0.01408,"WALKING",0.14507,0.14250,0.18141,1.46154,1.86061,1.46154,1.86061,-0.00573,-0.01298,0.23376,0.30205,0.00362,0.53943,39.77868
42.300,"PID",1.24392,0.92557,1.24104,-0.03118,0.95296,0.13296,0.05395,0.14648,0.10399,0.45000,-0.05500,"WALKING",0.14368,0.12927,0.16369,1.32580,1.67884,1.32580,1.67884,-0.10652,-0.14749,0.45563,0.58052,0.01807,1.05422,39.86349
42.400,"PID",1.23704,0.93463,1.24178,-0.01712,0.96518,0.14518,0.06396,0.14936,0.11579,0.45000,0.01663,"WALKING",0.14236,0.13020,0.16853,1.33539,1.72848,1.33539,1.72848,0.04589,0.07537,0.31997,0.41823,0.01448,0.75268,39.92992
42.500,"PID",1.23605,0.93554,1.24232,-0.00410,0.94380,0.12380,0.04871,0.13093,0.09454,0.45000,-0.07100,"WALKING",0.14110,0.11528,0.14657,1.18238,1.50333,1.18238,1.50333,-0.09177,-0.12184,0.36786,0.47060,0.01206,0.85052,40.01315
42.600,"PID",1.22752,0.94670,1.24270,0.00747,0.93945,0.11945,0.04634,0.11982,0.08793,0.45000,-0.05832,"WALKING",0.13990,0.10527,0.13438,1.07970,1.37821,1.07970,1.37821,-0.02996,-0.03389,0.20844,0.26854,0.00147,0.47845,40.07181
42.700,"PID",1.21876,0.95795,1.24297,0.01888,0.93928,0.11928,0.04701,0.12041,0.08752,0.45000,-0.03615,"WALKING",0.13877,0.10593,0.13489,1.08641,1.38353,1.08641,1.38353,0.01000,0.00997,0.17239,0.22201,0.00001,0.39441,40.10995
42.800,"PID",1.20000,0.98189,1.24315,0.03093,0.94706,0.12706,0.05386,0.13040,0.09671,0.45000,0.01214,"WALKING",0.13770,0.11440,0.14641,1.17332,1.50164,1.17332,1.50164,0.07022,0.09971,0.32479,0.41863,0.01210,0.75552,40.16926
42.900,"PID",1.18285,1.00312,1.24322,0.04466,0.95523,0.13523,0.06068,0.14680,0.10876,0.45000,0.03861,"WALKING",0.13670,0.12880,0.16480,1.32105,1.69027,1.32105,1.69027,0.06758,0.08568,0.34958,0.45103,0.00835,0.80896,40.25148
43.000,"PID",1.17881,1.00749,1.24311,0.05954,0.95620,0.13620,0.06213,0.15466,0.11377,0.45000,0.02282,"WALKING",0.13577,0.13583,0.17349,1.39315,1.77940,1.39315,1.77940,0.00321,-0.00380,0.20245,0.26270,0.00339,0.46854,40.31882
43.100,"PID",1.17474,1.01192,1.24287,0.07358,0.94708,0.12708,0.05638,0.14300,0.10583,0.45000,-0.02038,"WALKING",0.13490,0.12549,0.16052,1.28706,1.64634,1.28706,1.64634,-0.05559,-0.06543,0.30778,0.39725,0.00442,0.70944,40.39110
43.200,"PID",1.17568,1.01035,1.24253,0.08597,0.93388,0.11388,0.04730,0.12479,0.09152,0.45000,-0.06439,"WALKING",0.13410,0.10964,0.13993,1.12452,1.43521,1.12452,1.43521,-0.08759,-0.11413,0.33899,0.43532,0.01030,0.78461,40.46943
43.300,"PID",1.16692,1.02046,1.24215,0.09662,0.92674,0.10674,0.04267,0.11029,0.08162,0.45000,-0.06372,"WALKING",0.13338,0.09678,0.12380,0.99265,1.26975,0.99265,1.26975,-0.04072,-0.04537,0.20843,0.26872,0.00161,0.47876,40.53019
43.400,"PID",1.15812,1.03043,1.24169,0.10704,0.92706,0.10706,0.04355,0.11065,0.08121,0.45000,-0.03751,"WALKING",0.13272,0.09721,0.12409,0.99703,1.27272,0.99703,1.27272,0.01090,0.01107,0.15923,0.20537,0.00006,0.36466,40.56585
43.500,"PID",1.14527,1.04485,1.24113,0.11781,0.92715,0.10715,0.04443,0.11438,0.08210,0.45000,-0.02252,"WALKING",0.13213,0.10080,0.12797,1.03381,1.31253,1.03381,1.31253,0.01883,0.02065,0.17954,0.23014,0.00063,0.41032,40.60630
43.600,"PID",1.12300,1.06949,1.24037,0.13012,0.94890,0.12890,0.06161,0.13804,0.10666,0.45000,0.07730,"WALKING",0.13161,0.12038,0.15569,1.23470,1.59679,1.23470,1.59679,0.15035,0.21401,0.53051,0.68955,0.02880,1.24885,40.69856
43.700,"PID",1.11578,1.07689,1.23936,0.14400,0.94270,0.12270,0.05762,0.14478,0.10556,0.45000,0.02190,"WALKING",0.13117,0.12731,0.16225,1.30572,1.66409,1.30572,1.66409,-0.00000,-0.00676,0.19538,0.25258,0.00302,0.45099,40.75978
43.800,"PID",1.11248,1.07997,1.23829,0.15705,0.92890,0.10890,0.04825,0.13072,0.09316,0.45000,-0.04579,"WALKING",0.13079,0.11530,0.14614,1.18260,1.49886,1.18260,1.49886,-0.10148,-0.14154,0.39521,0.50375,0.01583,0.91479,40.83202
43.900,"PID",1.10399,1.08861,1.23715,0.16945,0.94192,0.12192,0.05881,0.13373,0.10571,0.45000,0.02696,"WALKING",0.13049,0.11623,0.15122,1.19212,1.55098,1.19212,1.55098,0.05350,0.08960,0.30504,0.40021,0.01619,0.72143,40.89530
44.000,"PID",1.10429,1.08793,1.23598,0.18091,0.92067,0.10067,0.04331,0.11587,0.08447,0.45000,-0.06438,"WALKING",0.13026,0.10189,0.12985,1.04507,1.33184,1.04507,1.33184,-0.09141,-0.12220,0.32428,0.41556,0.01103,0.75087,40.96787
44.100,"PID",1.09511,1.09717,1.23489,0.19090,0.91667,0.09667,0.04097,0.10461,0.07794,0.45000,-0.05276,"WALKING",0.13010,0.09171,0.11751,0.94065,1.20524,0.94065,1.20524,-0.02999,-0.03319,0.18032,0.23295,0.00106,0.41432,41.01926
44.200,"PID",1.08587,1.10632,1.23373,0.20075,0.91730,0.09730,0.04201,0.10569,0.07810,0.45000,-0.02963,"WALKING",0.13002,0.09277,0.11862,0.95147,1.21661,0.95147,1.21661,0.01248,0.01350,0.15470,0.19974,0.00034,0.35478,41.05264
44.300,"PID",1.06477,1.12710,1.23240,0.21126,0.92546,0.10546,0.04895,0.11593,0.08753,0.45000,0.01765,"WALKING",0.13000,0.10145,0.13042,1.04049,1.33766,1.04049,1.33766,0.07113,0.10129,0.28922,0.37421,0.01120,0.67462,41.10546
44.400,"PID",1.04572,1.14534,1.23074,0.22351,0.93462,0.11462,0.05631,0.13320,0.10046,0.45000,0.04561,"WALKING",0.13006,0.11658,0.14983,1.19564,1.53669,1.19564,1.53669,0.07073,0.08970,0.32222,0.41727,0.00808,0.74757,41.18144
44.500,"PID",1.04118,1.14916,1.22877,0.23698,0.93721,0.11721,0.05871,0.14249,0.10697,0.45000,0.03376,"WALKING",0.13020,0.12479,0.16020,1.27992,1.64305,1.27992,1.64305,0.01184,0.00843,0.20488,0.26659,0.00155,0.47302,41.24616
44.600,"PID",1.03674,1.15290,1.22678,0.24967,0.92863,0.10863,0.05307,0.13164,0.09948,0.45000,-0.01147,"WALKING",0.13040,0.11517,0.14810,1.18127,1.51898,1.18127,1.51898,-0.05249,-0.06120,0.27494,0.35662,0.00367,0.63524,41.31073
44.700,"PID",1.03817,1.15120,1.22492,0.26084,0.91653,0.09653,0.04450,0.11436,0.08609,0.45000,-0.05477,"WALKING",0.13068,0.10011,0.12861,1.02681,1.31906,1.02681,1.31906,-0.08386,-0.10915,0.30191,0.39015,0.00923,0.70129,41.38057
44.800,"PID",1.02871,1.15966,1.22326,0.27033,0.90978,0.08978,0.03983,0.10008,0.07630,0.45000,-0.05646,"WALKING",0.13102,0.08746,0.11271,0.89700,1.15602,0.89700,1.15602,-0.04081,-0.04565,0.18809,0.24420,0.00157,0.43385,41.43534
44.900,"PID",1.01885,1.16832,1.22157,0.27963,0.91096,0.09096,0.04110,0.10084,0.07650,0.45000,-0.02970,"WALKING",0.13144,0.08818,0.11350,0.90439,1.16409,0.90439,1.16409,0.01284,0.01418,0.14752,0.19169,0.00044,0.33965,41.46783
45.000,"PID",1.00531,1.18011,1.21973,0.28928,0.91199,0.09199,0.04232,0.10527,0.07800,0.45000,-0.01408,"WALKING",0.13194,0.09236,0.11818,0.94728,1.21207,0.94728,1.21207,0.02222,0.02504,0.16980,0.21919,0.00093,0.38992,41.50607
45.100,"PID",0.97889,1.20281,1.21751,0.30043,0.93378,0.11378,0.05921,0.12856,0.10217,0.45000,0.08317,"WALKING",0.13250,0.11165,0.14547,1.14515,1.49200,1.14515,1.49200,0.15076,0.21570,0.49330,0.64581,0.02814,1.16725,41.59093
45.200,"PID",0.97091,1.20913,1.21480,0.31329,0.92964,0.10964,0.05639,0.13748,0.10294,0.45000,0.03277,"WALKING",0.13313,0.12044,0.15451,1.23528,1.58475,1.23528,1.58475,0.00720,0.00112,0.18583,0.24173,0.00265,0.43021,41.65227
45.300,"PID",0.96787,1.21123,1.21212,0.32545,0.91736,0.09736,0.04785,0.12489,0.09193,0.45000,-0.03295,"WALKING",0.13384,0.10968,0.14011,1.12489,1.43698,1.12489,1.43698,-0.09365,-0.13031,0.35872,0.46094,0.01429,0.83395,41.71792
45.400,"PID",0.95657,1.22021,1.20945,0.33699,0.93149,0.11149,0.05881,0.12847,0.10515,0.45000,0.04069,"WALKING",0.13461,0.11107,0.14588,1.13919,1.49618,1.13919,1.49618,0.06322,0.10577,0.31427,0.41595,0.01898,0.74920,41.78242
45.500,"PID",0.95727,1.21930,1.20686,0.34775,0.91061,0.09061,0.04328,0.11145,0.08426,0.45000,-0.05474,"WALKING",0.13545,0.09750,0.12539,1.00004,1.28609,1.00004,1.28609,-0.09028,-0.12131,0.30846,0.39889,0.01109,0.71844,41.85061
45.600,"PID",0.94654,1.22764,1.20455,0.35704,0.90722,0.08722,0.04106,0.10019,0.07796,0.45000,-0.04433,"WALKING",0.13636,0.08729,0.11309,0.89526,1.15994,0.89526,1.15994,-0.02924,-0.03142,0.16960,0.22159,0.00072,0.39191,41.89978
45.700,"PID",0.93567,1.23595,1.20217,0.36626,0.90885,0.08885,0.04246,0.10187,0.07874,0.45000,-0.02057,"WALKING",0.13734,0.08884,0.11490,0.91117,1.17849,0.91117,1.17849,0.01545,0.01753,0.15292,0.19968,0.00070,0.35330,41.93226
45.800,"PID",0.91169,1.25415,1.19954,0.37616,0.91759,0.09759,0.04936,0.11253,0.08827,0.45000,0.02518,"WALKING",0.13838,0.09792,0.12714,1.00431,1.30399,1.00431,1.30399,0.07185,0.10128,0.27950,0.36525,0.01102,0.65578,41.98417
45.900,"PID",0.88989,1.27019,1.19632,0.38778,0.92794,0.10794,0.05716,0.13066,0.10189,0.45000,0.05471,"WALKING",0.13949,0.11379,0.14752,1.16712,1.51303,1.16712,1.51303,0.07436,0.09382,0.32143,0.41984,0.00841,0.74968,42.06037
46.000,"PID",0.88360,1.27432,1.19260,0.40071,0.93236,0.11236,0.06049,0.14147,0.10981,0.45000,0.04675,"WALKING",0.14066,0.12330,0.15964,1.26459,1.63736,1.26459,1.63736,0.02093,0.02126,0.22406,0.29377,0.00015,0.51798,42.12779
46.100,"PID",0.87757,1.27825,1.18892,0.41299,0.92449,0.10449,0.05505,0.13152,0.10288,0.45000,-0.00066,"WALKING",0.14190,0.11449,0.14854,1.17425,1.52351,1.17425,1.52351,-0.04895,-0.05641,0.26558,0.34777,0.00326,0.61661,42.19017
46.200,"PID",0.87814,1.27748,1.18554,0.42387,0.91363,0.09363,0.04710,0.11526,0.09058,0.45000,-0.04342,"WALKING",0.14320,0.10026,0.13025,1.02836,1.33586,1.02836,1.33586,-0.07990,-0.10361,0.29472,0.38532,0.00911,0.68915,42.25837
46.300,"PID",0.86697,1.28507,1.18257,0.43315,0.90740,0.08740,0.04247,0.10131,0.08108,0.45000,-0.04766,"WALKING",0.14456,0.08790,0.11473,0.90149,1.17676,0.90149,1.17676,-0.04082,-0.04598,0.18930,0.24905,0.00178,0.44013,42.31325
46.400,"PID",0.85489,1.29314,1.17958,0.44226,0.90964,0.08964,0.04407,0.10255,0.08183,0.45000,-0.02022,"WALKING",0.14599,0.08901,0.11609,0.91288,1.19066,0.91288,1.19066,0.01552,0.01774,0.15343,0.20210,0.00077,0.35629,42.34650
46.500,"PID",0.83970,1.30312,1.17636,0.45178,0.91173,0.09173,0.04563,0.10775,0.08394,0.45000,-0.00416,"WALKING",0.14747,0.09386,0.12165,0.96267,1.24764,0.96267,1.24764,0.02582,0.02971,0.17888,0.23397,0.00139,0.41424,42.38702
46.600,"PID",0.80780,1.32380,1.17255,0.46271,0.93365,0.11365,0.06198,0.13068,0.10736,0.45000,0.09026,"WALKING",0.14901,0.11291,0.14845,1.15807,1.52254,1.15807,1.52254,0.15163,0.21680,0.50075,0.66168,0.02968,1.19210,42.47272
46.700,"PID",0.79783,1.32971,1.16796,0.47545,0.93167,0.11167,0.06034,0.14180,0.10993,0.45000,0.04477,"WALKING",0.15061,0.12360,0.15999,1.26773,1.64092,1.26773,1.64092,0.01447,0.00916,0.20618,0.27055,0.00248,0.47921,42.54110
46.800,"PID",0.79392,1.33172,1.16342,0.48761,0.92102,0.10102,0.05271,0.13075,0.10042,0.45000,-0.01897,"WALKING",0.15227,0.11413,0.14737,1.17052,1.51144,1.17052,1.51144,-0.08569,-0.11845,0.35540,0.46201,0.01395,0.83136,42.60620
46.900,"PID",0.77818,1.34106,1.15896,0.49920,0.93631,0.11631,0.06390,0.13490,0.11409,0.45000,0.05532,"WALKING",0.15398,0.11602,0.15378,1.18995,1.57727,1.18995,1.57727,0.07332,0.12152,0.35276,0.47124,0.02333,0.84733,42.67822
47.000,"PID",0.77804,1.34078,1.15459,0.51021,0.91589,0.09589,0.04858,0.11874,0.09384,0.45000,-0.04425,"WALKING",0.15574,0.10321,0.13427,1.05858,1.37716,1.05858,1.37716,-0.08915,-0.11999,0.32486,0.42525,0.01228,0.76239,42.74898
47.100,"PID",0.76445,1.34858,1.15071,0.51973,0.91310,0.09310,0.04645,0.10744,0.08782,0.45000,-0.03539,"WALKING",0.15755,0.09291,0.12198,0.95290,1.25103,0.95290,1.25103,-0.02864,-0.02999,0.17934,0.23768,0.00051,0.41752,42.80180
47.200,"PID",0.75062,1.35632,1.14669,0.52935,0.91570,0.09570,0.04814,0.10965,0.08910,0.45000,-0.01135,"WALKING",0.15942,0.09490,0.12440,0.97337,1.27585,0.97337,1.27585,0.01782,0.02083,0.16805,0.22259,0.00114,0.39178,42.83782
47.300,"PID",0.72257,1.37184,1.14229,0.53962,0.92493,0.10493,0.05487,0.12056,0.09852,0.45000,0.03249,"WALKING",0.16133,0.10425,0.13686,1.06928,1.40374,1.06928,1.40374,0.07194,0.10009,0.29709,0.39283,0.01176,0.70168,42.89416
47.400,"PID",0.69678,1.38554,1.13702,0.55156,0.93641,0.11641,0.06296,0.13938,0.11255,0.45000,0.06338,"WALKING",0.16329,0.12075,0.15801,1.23850,1.62060,1.23850,1.62060,0.07735,0.09704,0.34764,0.45861,0.00940,0.81566,42.97729
47.500,"PID",0.68727,1.39008,1.13099,0.56479,0.94254,0.12254,0.06706,0.15154,0.12159,0.45000,0.05910,"WALKING",0.16530,0.13142,0.17167,1.34790,1.76069,1.34790,1.76069,0.02951,0.03325,0.26123,0.34559,0.00193,0.60875,43.05292
47.600,"PID",0.67821,1.39431,1.12504,0.57747,0.93532,0.11532,0.06183,0.14241,0.11520,0.45000,0.00955,"WALKING",0.16735,0.12335,0.16148,1.26510,1.65617,1.26510,1.65617,-0.04564,-0.05199,0.27916,0.36934,0.00310,0.65161,43.11849
47.700,"PID",0.67647,1.39481,1.11952,0.58888,0.92562,0.10562,0.05457,0.12709,0.10407,0.45000,-0.03277,"WALKING",0.16944,0.10987,0.14431,1.12683,1.48014,1.12683,1.48014,-0.07638,-0.09824,0.31574,0.41788,0.00965,0.74327,43.19143
47.800,"PID",0.66232,1.40156,1.11461,0.59880,0.91986,0.09986,0.04997,0.11344,0.09487,0.45000,-0.03952,"WALKING",0.17157,0.09774,0.12914,1.00244,1.32452,1.00244,1.32452,-0.04094,-0.04659,0.21167,0.28224,0.00228,0.49619,43.25236
47.900,"PID",0.64667,1.40885,1.10966,0.60854,0.92301,0.10301,0.05179,0.11504,0.09600,0.45000,-0.01166,"WALKING",0.17375,0.09915,0.13092,1.01691,1.34281,1.01691,1.34281,0.01764,0.02052,0.17544,0.23429,0.00117,0.41091,43.29008
48.000,"PID",0.62872,1.41699,1.10438,0.61870,0.92605,0.10605,0.05358,0.12089,0.09852,0.45000,0.00473,"WALKING",0.17596,0.10458,0.13719,1.07264,1.40710,1.07264,1.40710,0.02894,0.03351,0.20585,0.27286,0.00191,0.48062,43.33704
48.100,"PID",0.58991,1.43424,1.09826,0.63015,0.94797,0.12797,0.06910,0.14332,0.12074,0.45000,0.09621,"WALKING",0.17820,0.12334,0.16330,1.26503,1.67492,1.26503,1.67492,0.15216,0.21645,0.54798,0.72965,0.03293,1.31055,43.43061
48.200,"PID",0.57667,1.43949,1.09101,0.64334,0.94804,0.12804,0.06855,0.15650,0.12488,0.45000,0.05565,"WALKING",0.18048,0.13583,0.17717,1.39315,1.81711,1.39315,1.81711,0.02128,0.01658,0.24317,0.32179,0.00249,0.56745,43.51159
48.300,"PID",0.57067,1.44154,1.08378,0.65613,0.93891,0.11891,0.06186,0.14690,0.11685,0.45000,-0.00614,"WALKING",0.18279,0.12756,0.16623,1.30829,1.70497,1.30829,1.70497,-0.07824,-0.10703,0.37895,0.49790,0.01427,0.89112,43.58105
48.400,"PID",0.54893,1.45009,1.07670,0.66830,0.95376,0.13376,0.07206,0.15027,0.12928,0.45000,0.06231,"WALKING",0.18513,0.12888,0.17167,1.32182,1.76072,1.32182,1.76072,0.07313,0.12128,0.39245,0.52740,0.02640,0.94625,43.66366
48.500,"PID",0.54672,1.45057,1.06974,0.67994,0.93516,0.11516,0.05808,0.13592,0.11108,0.45000,-0.03374,"WALKING",0.18750,0.11754,0.15430,1.20550,1.58261,1.20550,1.58261,-0.08472,-0.11497,0.36206,0.47891,0.01425,0.85522,43.74008
48.600,"PID",0.52902,1.45711,1.06339,0.69029,0.93290,0.11290,0.05595,0.12488,0.10526,0.45000,-0.02678,"WALKING",0.18990,0.10746,0.14230,1.10219,1.45952,1.10219,1.45952,-0.02732,-0.02810,0.20564,0.27544,0.00035,0.48143,43.80104
48.700,"PID",0.51101,1.46353,1.05692,0.70060,0.93640,0.11640,0.05777,0.12758,0.10682,0.45000,-0.00261,"WALKING",0.19232,0.10990,0.14526,1.12720,1.48985,1.12720,1.48985,0.02048,0.02394,0.20076,0.26859,0.00157,0.47092,43.84430
48.800,"PID",0.47787,1.47501,1.04986,0.71157,0.94609,0.12609,0.06415,0.13877,0.11583,0.45000,0.03941,"WALKING",0.19476,0.11960,0.15795,1.22671,1.61995,1.22671,1.61995,0.07225,0.09853,0.34078,0.45384,0.01291,0.80754,43.91030
48.900,"PID",0.44708,1.48503,1.04164,0.72400,0.95878,0.13878,0.07240,0.15835,0.13001,0.45000,0.07219,"WALKING",0.19722,0.13684,0.17987,1.40345,1.84483,1.40345,1.84483,0.08129,0.10110,0.40413,0.53612,0.01092,0.95117,44.00733
49.000,"PID",0.43309,1.48899,1.03236,0.73763,0.96645,0.14645,0.07692,0.17174,0.13960,0.45000,0.07091,"WALKING",0.19970,0.14863,0.19484,1.52443,1.99834,1.52443,1.99834,0.03784,0.04438,0.32032,0.42559,0.00387,0.74979,44.09680
49.100,"PID",0.41981,1.49261,1.02311,0.75081,0.95976,0.13976,0.07185,0.16330,0.13358,0.45000,0.01893,"WALKING",0.20220,0.14119,0.18541,1.44814,1.90163,1.44814,1.90163,-0.04303,-0.04859,0.31431,0.41791,0.00315,0.73537,44.17028
49.200,"PID",0.41454,1.49375,1.01443,0.76286,0.95115,0.13115,0.06514,0.14884,0.12337,0.45000,-0.02287,"WALKING",0.20471,0.12842,0.16926,1.31715,1.73598,1.31715,1.73598,-0.07308,-0.09355,0.36232,0.48190,0.01071,0.85493,44.25339
49.300,"PID",0.39645,1.49862,1.00651,0.77357,0.94566,0.12566,0.06047,0.13528,0.11427,0.45000,-0.03268,"WALKING",0.20723,0.11637,0.15419,1.19353,1.58147,1.19353,1.58147,-0.04216,-0.04871,0.25652,0.34358,0.00317,0.60328,44.32601
49.400,"PID",0.37626,1.50382,0.99859,0.78401,0.94958,0.12958,0.06236,0.13704,0.11551,0.45000,-0.00447,"WALKING",0.20977,0.11792,0.15616,1.20947,1.60163,1.20947,1.60163,0.01904,0.02220,0.21299,0.28582,0.00155,0.50035,44.37169
49.500,"PID",0.35484,1.50903,0.99018,0.79486,0.95338,0.13338,0.06416,0.14336,0.11808,0.45000,0.01210,"WALKING",0.21231,0.12381,0.16290,1.26989,1.67074,1.26989,1.67074,0.03143,0.03608,0.25025,0.33327,0.00233,0.58585,44.42894
49.600,"PID",0.30838,1.51986,0.98078,0.80668,0.97504,0.15504,0.07865,0.16501,0.13874,0.45000,0.10026,"WALKING",0.21486,0.14205,0.18798,1.45695,1.92795,1.45695,1.92795,0.15183,0.21432,0.62998,0.83910,0.03677,1.50585,44.53567
49.700,"PID",0.29106,1.52314,0.96974,0.82014,0.97704,0.15704,0.07905,0.18013,0.14417,0.45000,0.06482,"WALKING",0.21741,0.15627,0.20399,1.60275,2.09219,1.60275,2.09219,0.02755,0.02306,0.29780,0.39488,0.00275,0.69543,44.63513
49.800,"PID",0.28220,1.52447,0.95872,0.83321,0.96919,0.14919,0.07320,0.17176,0.13739,0.45000,0.00481,"WALKING",0.21996,0.14902,0.19450,1.52843,1.99486,1.52843,1.99486,-0.07147,-0.09659,0.42409,0.55910,0.01464,0.99783,44.71288
49.900,"PID",0.25361,1.52965,0.94793,0.84566,0.98317,0.16317,0.08216,0.17401,0.14819,0.45000,0.06632,"WALKING",0.22252,0.14949,0.19854,1.53322,2.03631,1.53322,2.03631,0.07055,0.11735,0.44933,0.60292,0.02942,1.08167,44.81086
50.000,"PID",0.24851,1.53013,0.93717,0.85771,0.96640,0.14640,0.06961,0.16144,0.13211,0.45000,-0.02517,"WALKING",0.22507,0.13957,0.18330,1.43151,1.87999,1.43151,1.87999,-0.08081,-0.11050,0.42248,0.55990,0.01664,0.99902,44.89650
50.100,"PID",0.22614,1.53359,0.92724,0.86856,0.96433,0.14433,0.06742,0.15036,0.12637,0.45000,-0.02065,"WALKING",0.22762,0.12944,0.17127,1.32763,1.75663,1.32763,1.75663,-0.02723,-0.02773,0.24902,0.33400,0.00027,0.58328,44.97031
50.200,"PID",0.20347,1.53676,0.91715,0.87930,0.96838,0.14838,0.06925,0.15323,0.12802,0.45000,0.00331,"WALKING",0.23016,0.13204,0.17442,1.35430,1.78890,1.35430,1.78890,0.02164,0.02518,0.24559,0.32907,0.00192,0.57657,45.02327
50.300,"PID",0.16521,1.54166,0.90633,0.89051,0.97812,0.15812,0.07514,0.16427,0.13638,0.45000,0.04296,"WALKING",0.23270,0.14170,0.18684,1.45336,1.91634,1.45336,1.91634,0.07060,0.09460,0.39935,0.53189,0.01388,0.94512,45.10179
50.400,"PID",0.12943,1.54544,0.89400,0.90292,0.99163,0.17163,0.08343,0.18422,0.15050,0.45000,0.07744,"WALKING",0.23522,0.15932,0.20913,1.63401,2.14492,1.63401,2.14492,0.08336,0.10293,0.47779,0.63376,0.01250,1.12405,45.21676
50.500,"PID",0.11054,1.54675,0.88033,0.91627,1.00041,0.18041,0.08832,0.19839,0.16051,0.45000,0.07889,"WALKING",0.23773,0.17183,0.22496,1.76236,2.30728,1.76236,2.30728,0.04440,0.05318,0.39407,0.52346,0.00597,0.92351,45.32338
50.600,"PID",0.09270,1.54776,0.86668,0.92917,0.99394,0.17394,0.08331,0.19039,0.15470,0.45000,0.02476,"WALKING",0.24023,0.16478,0.21599,1.69008,2.21527,1.69008,2.21527,-0.04145,-0.04654,0.36447,0.48471,0.00334,0.85251,45.40813
50.700,"PID",0.08341,1.54797,0.85382,0.94097,0.98616,0.16616,0.07711,0.17661,0.14530,0.45000,-0.01615,"WALKING",0.24271,0.15256,0.20066,1.56475,2.05804,1.56475,2.05804,-0.07020,-0.08944,0.42418,0.56400,0.01186,1.00004,45.50477
50.800,"PID",0.06140,1.54896,0.84192,0.95157,0.98073,0.16073,0.07231,0.16311,0.13619,0.45000,-0.02853,"WALKING",0.24517,0.14057,0.18565,1.44179,1.90412,1.44179,1.90412,-0.04342,-0.05101,0.31605,0.42268,0.00439,0.74313,45.59251
50.900,"PID",0.03677,1.54974,0.82994,0.96196,0.98512,0.16512,0.07411,0.16490,0.13729,0.45000,-0.00015,"WALKING",0.24762,0.14218,0.18762,1.45824,1.92432,1.45824,1.92432,0.01963,0.02248,0.25997,0.34844,0.00166,0.61008,45.64826
51.000,"PID",0.01189,1.55013,0.81743,0.97251,0.98928,0.16928,0.07590,0.17132,0.13981,0.45000,0.01620,"WALKING",0.25004,0.14818,0.19446,1.51984,1.99448,1.51984,1.99448,0.03239,0.03694,0.30396,0.40456,0.00270,0.71122,45.71770
51.100,"PID",-0.04081,1.55030,0.80370,0.98374,1.01030,0.19030,0.08920,0.19201,0.15871,0.45000,0.10046,"WALKING",0.25243,0.16574,0.21827,1.69993,2.23871,1.69993,2.23871,0.14875,0.20808,0.72510,0.96215,0.03994,1.72719,45.84009
51.200,"PID",-0.06188,1.54946,0.78794,0.99622,1.01376,0.19376,0.09032,0.20847,0.16500,0.45000,0.06990,"WALKING",0.25480,0.18116,0.23578,1.85809,2.41823,1.85809,2.41823,0.03150,0.02683,0.35936,0.47582,0.00327,0.83844,45.96064
51.300,"PID",-0.07345,1.54860,0.77216,1.00830,1.00692,0.18692,0.08507,0.20107,0.15906,0.45000,0.01214,"WALKING",0.25714,0.17475,0.22740,1.79229,2.33226,1.79229,2.33226,-0.06542,-0.08768,0.47913,0.63104,0.01502,1.12519,46.04918
51.400,"PID",-0.10814,1.54678,0.75677,1.01969,1.01954,0.19954,0.09267,0.20184,0.16797,0.45000,0.06625,"WALKING",0.25945,0.17404,0.22964,1.78507,2.35533,1.78507,2.35533,0.06618,0.11108,0.51094,0.68222,0.03199,1.22515,46.16545
51.500,"PID",-0.11623,1.54582,0.74132,1.03077,1.00426,0.18426,0.08131,0.19076,0.15355,0.45000,-0.02046,"WALKING",0.26173,0.16535,0.21617,1.69588,2.21717,1.69588,2.21717,-0.07814,-0.10779,0.49603,0.65544,0.01931,1.17079,46.26185
51.600,"PID",-0.14219,1.54364,0.72697,1.04074,1.00206,0.18206,0.07879,0.17953,0.14748,0.45000,-0.01832,"WALKING",0.26398,0.15512,0.20394,1.59102,2.09170,1.59102,2.09170,-0.02854,-0.03007,0.30549,0.40791,0.00095,0.71435,46.35103
51.700,"PID",-0.16856,1.54098,0.71245,1.05051,1.00628,0.18628,0.08043,0.18224,0.14879,0.45000,0.00541,"WALKING",0.26619,0.15762,0.20687,1.61659,2.12172,1.61659,2.12172,0.02131,0.02431,0.29418,0.39253,0.00189,0.68860,46.41424
51.800,"PID",-0.21015,1.53617,0.69710,1.06050,1.01567,0.19567,0.08566,0.19281,0.15617,0.45000,0.04262,"WALKING",0.26837,0.16696,0.21865,1.71245,2.24261,1.71245,2.24261,0.06743,0.08864,0.46094,0.61078,0.01405,1.08578,46.50582
51.900,"PID",-0.24910,1.53070,0.67999,1.07125,1.02954,0.20954,0.09377,0.21272,0.16983,0.45000,0.07852,"WALKING",0.27050,0.18461,0.24082,1.89345,2.46999,1.89345,2.46999,0.08379,0.10242,0.55649,0.73448,0.01342,1.30438,46.63958
52.000,"PID",-0.27206,1.52666,0.66125,1.08253,1.03896,0.21896,0.09891,0.22728,0.18001,0.45000,0.08249,"WALKING",0.27259,0.19749,0.25707,2.02554,2.63666,2.02554,2.63666,0.04891,0.05972,0.47367,0.62625,0.00825,1.10817,46.76407
52.100,"PID",-0.29302,1.52260,0.64244,1.09342,1.03219,0.21219,0.09384,0.21935,0.17419,0.45000,0.02558,"WALKING",0.27465,0.19052,0.24818,1.95407,2.54543,1.95407,2.54543,-0.04304,-0.04865,0.43016,0.56936,0.00415,1.00367,46.86211
52.200,"PID",-0.30552,1.51982,0.62453,1.10337,1.02451,0.20451,0.08801,0.20551,0.16534,0.45000,-0.01532,"WALKING",0.27665,0.17815,0.23287,1.82716,2.38846,1.82716,2.38846,-0.07128,-0.08976,0.50021,0.66191,0.01295,1.17507,46.97516
52.300,"PID",-0.32989,1.51467,0.60783,1.11231,1.01839,0.19839,0.08299,0.19128,0.15602,0.45000,-0.03094,"WALKING",0.27862,0.16546,0.21710,1.69698,2.22664,1.69698,2.22664,-0.04868,-0.05755,0.39030,0.51920,0.00587,0.91537,47.08104
52.400,"PID",-0.35716,1.50847,0.59120,1.12087,1.02248,0.20248,0.08466,0.19232,0.15689,0.45000,-0.00277,"WALKING",0.28053,0.16636,0.21829,1.70622,2.23885,1.70622,2.23885,0.01661,0.01906,0.29810,0.39831,0.00163,0.69804,47.14715
52.500,"PID",-0.38449,1.50174,0.57395,1.12942,1.02642,0.20642,0.08631,0.19838,0.15916,0.45000,0.01370,"WALKING",0.28240,0.17204,0.22472,1.76450,2.30482,1.76450,2.30482,0.03079,0.03491,0.35045,0.46523,0.00279,0.81847,47.22716
52.600,"PID",-0.43885,1.48746,0.55542,1.13822,1.04599,0.22599,0.09849,0.21774,0.17644,0.45000,0.09271,"WALKING",0.28421,0.18854,0.24695,1.93378,2.53277,1.93378,2.53277,0.13948,0.19381,0.79186,1.04624,0.04066,1.87875,47.36242
52.700,"PID",-0.46172,1.48037,0.53455,1.14767,1.05023,0.23023,0.10025,0.23467,0.18341,0.45000,0.06748,"WALKING",0.28598,0.20432,0.26503,2.09556,2.71821,2.09556,2.71821,0.03176,0.02657,0.40826,0.53972,0.00404,0.95201,47.50094
52.800,"PID",-0.47457,1.47590,0.51373,1.15664,1.04375,0.22375,0.09547,0.22768,0.17809,0.45000,0.01241,"WALKING",0.28769,0.19821,0.25716,2.03289,2.63750,2.03289,2.63750,-0.06168,-0.08159,0.53069,0.69810,0.01504,1.24383,47.59961
52.900,"PID",-0.51231,1.46350,0.49355,1.16492,1.05440,0.23440,0.10180,0.22657,0.18520,0.45000,0.05940,"WALKING",0.28934,0.19592,0.25722,2.00946,2.63820,2.00946,2.63820,0.05941,0.10272,0.55403,0.73733,0.03402,1.32538,47.73278
53.000,"PID",-0.52217,1.45959,0.47336,1.17279,1.04015,0.22015,0.09139,0.21671,0.17208,0.45000,-0.02155,"WALKING",0.29094,0.18823,0.24519,1.93056,2.51476,1.93056,2.51476,-0.07578,-0.10599,0.56110,0.73971,0.02205,1.32285,47.83805
53.100,"PID",-0.54895,1.44972,0.45445,1.17978,1.03716,0.21716,0.08859,0.20502,0.16571,0.45000,-0.02228,"WALKING",0.29249,0.17760,0.23244,1.82149,2.38404,1.82149,2.38404,-0.03250,-0.03531,0.36541,0.48632,0.00198,0.85371,47.94217
53.200,"PID",-0.57628,1.43908,0.43554,1.18641,1.04102,0.22102,0.09005,0.20716,0.16670,0.45000,0.00158,"WALKING",0.29397,0.17957,0.23475,1.84173,2.40766,1.84173,2.40766,0.01905,0.02146,0.33025,0.43991,0.00171,0.77187,48.01278
53.300,"PID",-0.61729,1.42229,0.41583,1.19296,1.04952,0.22952,0.09471,0.21689,0.17320,0.45000,0.03654,"WALKING",0.29540,0.18823,0.24556,1.93055,2.51855,1.93055,2.51855,0.06221,0.08106,0.50280,0.66482,0.01384,1.18147,48.11372
53.400,"PID",-0.65555,1.40545,0.39424,1.19970,1.06322,0.24322,0.10271,0.23642,0.18652,0.45000,0.07403,"WALKING",0.29676,0.20555,0.26729,2.10824,2.74146,2.10824,2.74146,0.08236,0.10014,0.61620,0.81169,0.01407,1.44196,48.26196
53.500,"PID",-0.67968,1.39383,0.37096,1.20648,1.07277,0.25277,0.10798,0.25104,0.19674,0.45000,0.08073,"WALKING",0.29806,0.21848,0.28360,2.24080,2.90871,2.24080,2.90871,0.05209,0.06435,0.54063,0.71344,0.01023,1.26430,48.40050
53.600,"PID",-0.70097,1.38306,0.34783,1.21275,1.06541,0.24541,0.10261,0.24308,0.19053,0.45000,0.02214,"WALKING",0.29930,0.21155,0.27461,2.16972,2.81655,2.16972,2.81655,-0.04420,-0.05104,0.48648,0.64244,0.00552,1.13444,48.50997
53.700,"PID",-0.71446,1.37578,0.32575,1.21828,1.05774,0.23774,0.09684,0.22935,0.18169,0.45000,-0.01752,"WALKING",0.30048,0.19928,0.25942,2.04391,2.66074,2.04391,2.66074,-0.07084,-0.08942,0.56095,0.74009,0.01432,1.31536,48.63616
53.800,"PID",-0.73807,1.36319,0.30513,1.22306,1.05080,0.23080,0.09136,0.21456,0.17171,0.45000,-0.03569,"WALKING",0.30159,0.18614,0.24298,1.90916,2.49210,1.90916,2.49210,-0.05279,-0.06356,0.45668,0.60484,0.00784,1.06937,48.75757
53.900,"PID",-0.76450,1.34855,0.28473,1.22742,1.05441,0.23441,0.09275,0.21492,0.17204,0.45000,-0.00755,"WALKING",0.30264,0.18645,0.24340,1.91231,2.49638,1.91231,2.49638,0.01388,0.01542,0.32693,0.43552,0.00112,0.76357,48.83233
54.000,"PID",-0.79073,1.33334,0.26380,1.23152,1.05788,0.23788,0.09415,0.22050,0.17382,0.45000,0.00895,"WALKING",0.30362,0.19173,0.24926,1.96646,2.55656,1.96646,2.55656,0.02883,0.03216,0.38568,0.51046,0.00246,0.89859,48.92019
54.100,"PID",-0.84089,1.30309,0.24162,1.23545,1.07578,0.25578,0.10525,0.23843,0.18949,0.45000,0.08268,"WALKING",0.30453,0.20707,0.26979,2.12377,2.76705,2.12377,2.76705,0.12935,0.17895,0.83046,1.09268,0.03987,1.96300,49.06364
54.200,"PID",-0.86223,1.28889,0.21706,1.23932,1.08058,0.26058,0.10746,0.25566,0.19685,0.45000,0.06288,"WALKING",0.30537,0.22308,0.28823,2.28796,2.95626,2.28796,2.95626,0.03180,0.02541,0.44637,0.58861,0.00533,1.04032,49.21673
54.300,"PID",-0.87394,1.28049,0.19263,1.24268,1.07423,0.25423,0.10293,0.24893,0.19180,0.45000,0.01044,"WALKING",0.30614,0.21719,0.28067,2.22759,2.87872,2.22759,2.87872,-0.05838,-0.07677,0.56995,0.74779,0.01496,1.33270,49.32395
54.400,"PID",-0.90970,1.25571,0.16914,1.24545,1.08264,0.26264,0.10796,0.24577,0.19696,0.45000,0.05013,"WALKING",0.30685,0.21317,0.27836,2.18634,2.85500,2.18634,2.85500,0.05144,0.09320,0.57513,0.76247,0.03488,1.37249,49.47084
54.500,"PID",-0.91899,1.24842,0.14569,1.24777,1.06913,0.24913,0.09820,0.23685,0.18471,0.45000,-0.02532,"WALKING",0.30748,0.20628,0.26742,2.11566,2.74272,2.11566,2.74272,-0.07465,-0.10610,0.61555,0.80831,0.02464,1.44851,49.58239
54.600,"PID",-0.94277,1.23054,0.12366,1.24954,1.06512,0.24512,0.09494,0.22449,0.17765,0.45000,-0.02873,"WALKING",0.30805,0.19509,0.25390,2.00095,2.60406,2.00095,2.60406,-0.03714,-0.04177,0.42098,0.55729,0.00349,0.98177,49.69957
54.700,"PID",-0.96706,1.21154,0.10177,1.25092,1.06812,0.24812,0.09615,0.22561,0.17815,0.45000,-0.00574,"WALKING",0.30854,0.19613,0.25510,2.01159,2.61637,2.01159,2.61637,0.01438,0.01596,0.34672,0.46045,0.00120,0.80837,49.77592
54.800,"PID",-1.00232,1.18291,0.07926,1.25192,1.07524,0.25524,0.10021,0.23401,0.18369,0.45000,0.02647,"WALKING",0.30896,0.20361,0.26441,2.08832,2.71194,2.08832,2.71194,0.05448,0.07088,0.51654,0.68094,0.01278,1.21026,49.88038
54.900,"PID",-1.03489,1.15498,0.05498,1.25254,1.08830,0.26830,0.10809,0.25269,0.19664,0.45000,0.06528,"WALKING",0.30932,0.22015,0.28523,2.25790,2.92548,2.25790,2.92548,0.07869,0.09562,0.64746,0.85060,0.01412,1.51218,50.03611
55.000,"PID",-1.05618,1.13546,0.02912,1.25269,1.09755,0.27755,0.11347,0.26698,0.20686,0.45000,0.07468,"WALKING",0.30959,0.23274,0.30121,2.38713,3.08938,2.38713,3.08938,0.05341,0.06699,0.58543,0.77068,0.01192,1.36803,50.18263
55.100,"PID",-1.07419,1.11819,0.00357,1.25231,1.08914,0.26914,0.10769,0.25861,0.20008,0.45000,0.01417,"WALKING",0.30980,0.22549,0.29172,2.31274,2.99199,2.31274,2.99199,-0.04753,-0.05576,0.53512,0.70448,0.00698,1.24658,50.30149
55.200,"PID",-1.08575,1.10652,-0.02073,1.25148,1.08089,0.26089,0.10185,0.24448,0.19106,0.45000,-0.02468,"WALKING",0.30993,0.21286,0.27610,2.18315,2.83179,2.18315,2.83179,-0.07287,-0.09207,0.60901,0.80098,0.01556,1.42555,50.43804
55.300,"PID",-1.10493,1.08728,-0.04334,1.25028,1.07272,0.25272,0.09589,0.22876,0.18036,0.45000,-0.04512,"WALKING",0.31000,0.19891,0.25861,2.04015,2.65243,2.04015,2.65243,-0.05862,-0.07149,0.51164,0.67494,0.00984,1.19642,50.57160
55.400,"PID",-1.12645,1.06497,-0.06551,1.24871,1.07541,0.25541,0.09701,0.22812,0.18011,0.45000,-0.01687,"WALKING",0.30998,0.19831,0.25793,2.03398,2.64544,2.03398,2.64544,0.00967,0.01026,0.33425,0.44444,0.00045,0.77914,50.65177
55.500,"PID",-1.14752,1.04223,-0.08803,1.24670,1.07795,0.25795,0.09812,0.23288,0.18134,0.45000,-0.00037,"WALKING",0.30990,0.20287,0.26289,2.08074,2.69635,2.08074,2.69635,0.02533,0.02771,0.39654,0.52382,0.00183,0.92219,50.74186
55.600,"PID",-1.18715,0.99792,-0.11158,1.24416,1.09376,0.27376,0.10824,0.24911,0.19552,0.45000,0.06828,"WALKING",0.30975,0.21675,0.28147,2.22310,2.88686,2.22310,2.88686,0.11772,0.16318,0.82286,1.08004,0.03770,1.94060,50.88535
55.700,"PID",-1.20346,0.97793,-0.13735,1.24085,1.09893,0.27893,0.11107,0.26656,0.20357,0.45000,0.05498,"WALKING",0.30952,0.23287,0.30025,2.38836,3.07945,2.38836,3.07945,0.03213,0.02518,0.46757,0.61563,0.00600,1.08920,51.04646
55.800,"PID",-1.21172,0.96700,-0.16280,1.23707,1.09207,0.27207,0.10652,0.25967,0.19840,0.45000,0.00411,"WALKING",0.30922,0.22683,0.29250,2.32645,3.00001,2.32645,3.00001,-0.05679,-0.07407,0.58879,0.77138,0.01455,1.37473,51.15924
55.900,"PID",-1.23999,0.93106,-0.18703,1.23298,1.09794,0.27794,0.11030,0.25423,0.20164,0.45000,0.03698,"WALKING",0.30884,0.22086,0.28760,2.26520,2.94976,2.26520,2.94976,0.04232,0.08299,0.56259,0.74473,0.03478,1.34210,51.31348
56.000,"PID",-1.24649,0.92162,-0.21109,1.22843,1.08482,0.26482,0.10102,0.24605,0.18999,0.45000,-0.03276,"WALKING",0.30840,0.21460,0.27749,2.20107,2.84607,2.20107,2.84607,-0.07419,-0.10745,0.64307,0.84253,0.02680,1.51241,51.43206
56.100,"PID",-1.26372,0.89780,-0.23357,1.22374,1.07952,0.25952,0.09720,0.23289,0.18209,0.45000,-0.03850,"WALKING",0.30789,0.20275,0.26303,2.07951,2.69769,2.07951,2.69769,-0.04230,-0.04890,0.45853,0.60484,0.00510,1.06847,51.55724
56.200,"PID",-1.28129,0.87255,-0.25570,1.21871,1.08149,0.26149,0.09810,0.23300,0.18197,0.45000,-0.01567,"WALKING",0.30730,0.20288,0.26311,2.08081,2.69858,2.08081,2.69858,0.00997,0.01053,0.34346,0.45543,0.00043,0.79931,51.63659
56.300,"PID",-1.30628,0.83519,-0.27826,1.21313,1.08711,0.26711,0.10155,0.24011,0.18651,0.45000,0.01425,"WALKING",0.30664,0.20924,0.27097,2.14605,2.77922,2.14605,2.77922,0.04702,0.06101,0.50239,0.66117,0.01106,1.17463,51.73895
56.400,"PID",-1.32892,0.79931,-0.30237,1.20667,1.09924,0.27924,0.10933,0.25783,0.19911,0.45000,0.05415,"WALKING",0.30592,0.22488,0.29079,2.30646,2.98242,2.30646,2.98242,0.07433,0.09036,0.64466,0.84568,0.01353,1.50387,51.89419
56.500,"PID",-1.34379,0.77398,-0.32776,1.19932,1.10791,0.28791,0.11484,0.27160,0.20935,0.45000,0.06608,"WALKING",0.30512,0.23695,0.30625,2.43031,3.14101,2.43031,3.14101,0.05364,0.06863,0.60022,0.78914,0.01331,1.40267,52.04112
56.600,"PID",-1.35568,0.75260,-0.35268,1.19154,1.09820,0.27820,0.10858,0.26261,0.20191,0.45000,0.00370,"WALKING",0.30426,0.22920,0.29603,2.35074,3.03621,2.35074,3.03621,-0.05181,-0.06154,0.56300,0.73966,0.00834,1.31100,52.16481
56.700,"PID",-1.36304,0.73849,-0.37617,1.18371,1.08912,0.26912,0.10254,0.24787,0.19251,0.45000,-0.03444,"WALKING",0.30333,0.21602,0.27973,2.21554,2.86907,2.21554,2.86907,-0.07590,-0.09618,0.63086,0.82820,0.01656,1.47562,52.30602
56.800,"PID",-1.37515,0.71554,-0.39785,1.17603,1.07957,0.25957,0.09593,0.23115,0.18076,0.45000,-0.05671,"WALKING",0.30233,0.20124,0.26107,2.06395,2.67760,2.06395,2.67760,-0.06479,-0.08007,0.54176,0.71269,0.01171,1.26616,52.44527
56.900,"PID",-1.38882,0.68863,-0.41892,1.16814,1.08117,0.26117,0.09672,0.22944,0.17981,0.45000,-0.02821,"WALKING",0.30126,0.19968,0.25920,2.04798,2.65842,2.04798,2.65842,0.00500,0.00448,0.31994,0.42505,0.00040,0.74539,52.52628
57.000,"PID",-1.40192,0.66156,-0.44011,1.15976,1.08265,0.26265,0.09751,0.23335,0.18042,0.45000,-0.01143,"WALKING",0.30013,0.20349,0.26320,2.08704,2.69953,2.08704,2.69953,0.02162,0.02299,0.38404,0.50666,0.00105,0.89174,52.61330
57.100,"PID",-1.42661,0.60828,-0.46203,1.15062,1.09622,0.27622,0.10667,0.24781,0.19311,0.45000,0.05223,"WALKING",0.29894,0.21585,0.27977,2.21385,2.86943,2.21385,2.86943,0.10585,0.14738,0.77126,1.01093,0.03401,1.81621,52.74893
57.200,"PID",-1.43583,0.58572,-0.48581,1.14013,1.10163,0.28163,0.11006,0.26544,0.20175,0.45000,0.04554,"WALKING",0.29768,0.23205,0.29883,2.38003,3.06496,2.38003,3.06496,0.03230,0.02450,0.46490,0.61128,0.00668,1.08285,52.91030
57.300,"PID",-1.43967,0.57502,-0.50914,1.12928,1.09408,0.27408,0.10541,0.25827,0.19635,0.45000,-0.00387,"WALKING",0.29636,0.22578,0.29077,2.31569,2.98226,2.31569,2.98226,-0.05580,-0.07231,0.58093,0.76008,0.01375,1.35477,53.02367
57.400,"PID",-1.45659,0.53185,-0.53104,1.11856,1.09728,0.27728,0.10791,0.25047,0.19758,0.45000,0.02233,"WALKING",0.29497,0.21777,0.28317,2.23359,2.90434,2.23359,2.90434,0.03276,0.07260,0.51938,0.68704,0.03339,1.23980,53.17764
57.500,"PID",-1.45941,0.52274,-0.55263,1.10749,1.08443,0.26443,0.09900,0.24295,0.18638,0.45000,-0.04154,"WALKING",0.29353,0.21210,0.27379,2.17540,2.80814,2.17540,2.80814,-0.07375,-0.10925,0.63755,0.83365,0.02807,1.49927,53.29784
57.600,"PID",-1.46842,0.49679,-0.57266,1.09675,1.07770,0.25770,0.09456,0.22890,0.17750,0.45000,-0.04959,"WALKING",0.29203,0.19952,0.25828,2.04639,2.64899,2.04639,2.64899,-0.04779,-0.05650,0.47182,0.62034,0.00656,1.09872,53.42447
57.700,"PID",-1.47749,0.46911,-0.59213,1.08586,1.07859,0.25859,0.09515,0.22797,0.17673,0.45000,-0.02667,"WALKING",0.29047,0.19872,0.25722,2.03819,2.63815,2.03819,2.63815,0.00560,0.00505,0.32016,0.42390,0.00041,0.74447,53.50237
57.800,"PID",-1.49016,0.42813,-0.61177,1.07442,1.08263,0.26263,0.09800,0.23382,0.18026,0.45000,0.00117,"WALKING",0.28885,0.20398,0.26365,2.09214,2.70410,2.09214,2.70410,0.03969,0.05131,0.46116,0.60598,0.00888,1.07603,53.59700
57.900,"PID",-1.50113,0.38922,-0.63250,1.06183,1.09404,0.27404,0.10583,0.25086,0.19276,0.45000,0.04326,"WALKING",0.28718,0.21896,0.28276,2.24572,2.90012,2.24572,2.90012,0.07158,0.08711,0.61629,0.80727,0.01270,1.43626,53.74505
58.000,"PID",-1.50798,0.36172,-0.65420,1.04806,1.10235,0.28235,0.11153,0.26451,0.20315,0.45000,0.05845,"WALKING",0.28545,0.23089,0.29814,2.36814,3.05781,2.36814,3.05781,0.05577,0.07225,0.59467,0.78050,0.01419,1.38936,53.88734
58.100,"PID",-1.51289,0.33982,-0.67535,1.03404,1.09145,0.27145,0.10468,0.25514,0.19489,0.45000,-0.00572,"WALKING",0.28367,0.22289,0.28740,2.28603,2.94767,2.28603,2.94767,-0.05484,-0.06643,0.56082,0.73484,0.00958,1.30525,54.00911
58.200,"PID",-1.51555,0.32617,-0.69509,1.02042,1.08165,0.26165,0.09838,0.23993,0.18500,0.45000,-0.04312,"WALKING",0.28184,0.20932,0.27055,2.14685,2.77488,2.14685,2.77488,-0.07823,-0.09970,0.62026,0.81217,0.01685,1.44928,54.14765
58.300,"PID",-1.52020,0.30337,-0.71313,1.00747,1.07080,0.25080,0.09115,0.22225,0.17224,0.45000,-0.06730,"WALKING",0.27996,0.19374,0.25075,1.98711,2.57184,1.98711,2.57184,-0.07056,-0.08828,0.54247,0.71112,0.01294,1.26653,54.28526
58.400,"PID",-1.52541,0.27596,-0.73040,0.99463,1.07137,0.25137,0.09167,0.21948,0.17069,0.45000,-0.03865,"WALKING",0.27803,0.19123,0.24773,1.96134,2.54083,1.96134,2.54083,0.00065,-0.00085,0.29110,0.38595,0.00109,0.67814,54.36311
58.500,"PID",-1.53010,0.24865,-0.74761,0.98137,1.07191,0.25191,0.09219,0.22264,0.17075,0.45000,-0.02148,"WALKING",0.27605,0.19438,0.25090,1.99364,2.57333,1.99364,2.57333,0.01840,0.01885,0.35422,0.46617,0.00033,0.82073,54.44309
58.600,"PID",-1.53886,0.19277,-0.76526,0.96726,1.08350,0.26350,0.10057,0.23560,0.18224,0.45000,0.03784,"WALKING",0.27403,0.20544,0.26576,2.10709,2.72577,2.10709,2.72577,0.09534,0.13353,0.69247,0.90591,0.02952,1.62791,54.56585
58.700,"PID",-1.54120,0.17135,-0.78434,0.95143,1.08925,0.26925,0.10466,0.25360,0.19174,0.45000,0.03754,"WALKING",0.27197,0.22187,0.28534,2.27557,2.92652,2.27557,2.92652,0.03306,0.02456,0.44452,0.58310,0.00691,1.03453,54.72127
58.800,"PID",-1.54174,0.16229,-0.80290,0.93542,1.08124,0.26124,0.09989,0.24633,0.18612,0.45000,-0.01015,"WALKING",0.26986,0.21553,0.27713,2.21053,2.84239,2.21053,2.84239,-0.05392,-0.06962,0.54523,0.71186,0.01239,1.26948,54.82949
58.900,"PID",-1.54616,0.11826,-0.82008,0.92005,1.08196,0.26196,0.10111,0.23678,0.18549,0.45000,0.00845,"WALKING",0.26771,0.20608,0.26748,2.11365,2.74338,2.11365,2.74338,0.02083,0.05690,0.44417,0.58686,0.02839,1.05942,54.97126
59.000,"PID",-1.54616,0.11197,-0.83691,0.90444,1.06941,0.24941,0.09259,0.22950,0.17470,0.45000,-0.04983,"WALKING",0.26553,0.20059,0.25842,2.05735,2.65044,2.05735,2.65044,-0.07528,-0.11320,0.61035,0.79573,0.02810,1.43418,55.08763
59.100,"PID",-1.54769,0.08779,-0.85228,0.88969,1.06146,0.24146,0.08758,0.21454,0.16488,0.45000,-0.05959,"WALKING",0.26331,0.18725,0.24182,1.92049,2.48025,1.92049,2.48025,-0.05306,-0.06378,0.46026,0.60274,0.00750,1.07050,55.20960
59.200,"PID",-1.54895,0.06160,-0.86700,0.87506,1.06148,0.24148,0.08794,0.21276,0.16358,0.45000,-0.03614,"WALKING",0.26105,0.18569,0.23983,1.90447,2.45981,1.90447,2.45981,0.00213,0.00077,0.28605,0.37766,0.00094,0.66465,55.28233
59.300,"PID",-1.55027,0.02229,-0.88167,0.86002,1.06430,0.24430,0.09026,0.21769,0.16625,0.45000,-0.00961,"WALKING",0.25876,0.19018,0.24520,1.95052,2.51490,1.95052,2.51490,0.03432,0.04385,0.40865,0.53540,0.00672,0.95077,55.36672
59.400,"PID",-1.55068,-0.01519,-0.89712,0.84362,1.07522,0.25522,0.09819,0.23429,0.17868,0.45000,0.03493,"WALKING",0.25644,0.20472,0.26387,2.09971,2.70631,2.09971,2.70631,0.07093,0.08665,0.57257,0.74783,0.01192,1.33231,55.50269
59.500,"PID",-1.55022,-0.04130,-0.91320,0.82592,1.08331,0.26331,0.10413,0.24806,0.18934,0.45000,0.05301,"WALKING",0.25409,0.21672,0.27939,2.22277,2.86555,2.22277,2.86555,0.05881,0.07707,0.56993,0.74579,0.01466,1.33038,55.63588
59.600,"PID",-1.54941,-0.06056,-0.92877,0.80815,1.07142,0.25142,0.09666,0.23844,0.18027,0.45000,-0.01302,"WALKING",0.25171,0.20861,0.26828,2.13956,2.75155,2.13956,2.75155,-0.05714,-0.07050,0.53370,0.69646,0.01022,1.24038,55.75036
59.700,"PID",-1.54862,-0.07132,-0.94314,0.79114,1.06100,0.24100,0.09011,0.22280,0.16988,0.45000,-0.05010,"WALKING",0.24931,0.19469,0.25092,1.99677,2.57350,1.99677,2.57350,-0.08050,-0.10325,0.58424,0.76188,0.01640,1.36252,55.88040
59.800,"PID",-1.54751,-0.09078,-0.95604,0.77535,1.04899,0.22899,0.08223,0.20416,0.15608,0.45000,-0.07634,"WALKING",0.24688,0.17833,0.22999,1.82902,2.35888,1.82902,2.35888,-0.07615,-0.09636,0.51719,0.67452,0.01338,1.20509,56.01011
59.900,"PID",-1.54588,-0.11529,-0.96821,0.75998,1.04879,0.22879,0.08258,0.20051,0.15406,0.45000,-0.04719,"WALKING",0.24443,0.17501,0.22600,1.79496,2.31796,1.79496,2.31796,-0.00281,-0.00510,0.27549,0.36303,0.00150,0.64002,56.08381
60.000,"PID",-1.54388,-0.13953,-0.98025,0.74428,1.04853,0.22853,0.08290,0.20304,0.15370,0.45000,-0.02977,"WALKING",0.24196,0.17761,0.22848,1.82160,2.34340,1.82160,2.34340,0.01566,0.01543,0.31297,0.40995,0.00015,0.72307,56.15422
60.100,"PID",-1.53887,-0.19273,-0.99249,0.72778,1.05833,0.23833,0.09056,0.21464,0.16408,0.45000,0.02529,"WALKING",0.23948,0.18748,0.24179,1.92287,2.47991,1.92287,2.47991,0.08560,0.12069,0.59576,0.77663,0.02442,1.39682,56.26056
60.200,"PID",-1.53637,-0.21032,-1.00573,0.70930,1.06469,0.24469,0.09547,0.23326,0.17468,0.45000,0.03165,"WALKING",0.23697,0.20435,0.26217,2.09590,2.68893,2.09590,2.68893,0.03485,0.02583,0.41219,0.53839,0.00669,0.95727,56.40530
60.300,"PID",-1.53508,-0.21654,-1.01847,0.69083,1.05634,0.23634,0.09064,0.22599,0.16896,0.45000,-0.01466,"WALKING",0.23446,0.19803,0.25396,2.03108,2.60468,2.03108,2.60468,-0.05184,-0.06650,0.49050,0.63799,0.01051,1.13900,56.50404
60.400,"PID",-1.52928,-0.25691,-1.03007,0.67342,1.05479,0.23479,0.09058,0.21495,0.16654,0.45000,-0.00392,"WALKING",0.23193,0.18738,0.24251,1.92189,2.48729,1.92189,2.48729,0.00833,0.03976,0.35698,0.47043,0.02220,0.84962,56.62748
60.500,"PID",-1.52843,-0.25898,-1.04134,0.65590,1.04273,0.22273,0.08252,0.20793,0.15624,0.45000,-0.05642,"WALKING",0.22939,0.18207,0.23379,1.86743,2.39783,1.86743,2.39783,-0.07654,-0.11701,0.55929,0.72577,0.02682,1.31188,56.73541
60.600,"PID",-1.52488,-0.27888,-1.05143,0.63966,1.03374,0.21374,0.07694,0.19213,0.14550,0.45000,-0.06779,"WALKING",0.22685,0.16805,0.21621,1.72358,2.21752,1.72358,2.21752,-0.05770,-0.07042,0.42629,0.55502,0.00785,0.98916,56.84719
60.700,"PID",-1.52066,-0.30104,-1.06099,0.62378,1.03308,0.21308,0.07717,0.18964,0.14382,0.45000,-0.04381,"WALKING",0.22430,0.16584,0.21344,1.70091,2.18915,1.70091,2.18915,-0.00083,-0.00276,0.25432,0.33374,0.00117,0.58924,56.91290
60.800,"PID",-1.51371,-0.33539,-1.07042,0.60757,1.03473,0.21473,0.07912,0.19365,0.14585,0.45000,-0.01909,"WALKING",0.22175,0.16951,0.21779,1.73858,2.23373,1.73858,2.23373,0.02862,0.03639,0.34410,0.44873,0.00481,0.79764,56.98444
60.900,"PID",-1.50633,-0.36844,-1.08028,0.58999,1.04528,0.22528,0.08739,0.20983,0.15865,0.45000,0.02782,"WALKING",0.21919,0.18358,0.23609,1.88282,2.42141,1.88282,2.42141,0.07006,0.08664,0.50966,0.66328,0.01116,1.18410,57.10395
61.000,"PID",-1.51159,-0.34292,-1.09054,0.57100,1.05341,0.23341,0.09376,0.22392,0.16991,0.45000,0.04923,"WALKING",0.21664,0.19580,0.25204,2.00818,2.58499,2.00818,2.58499,0.06250,0.08318,0.52776,0.68829,0.01491,1.23096,57.22446
61.100,"PID",-1.50668,-0.36389,-1.09859,0.55559,1.00569,0.18569,0.06098,0.16909,0.12063,0.45000,-0.13439,"WALKING",0.21409,0.14913,0.18906,1.52955,1.93906,1.52955,1.93906,-0.18204,-0.19678,0.67724,0.86333,0.00754,1.54811,57.44692
61.200,"PID",-1.50154,-0.38454,-1.10568,0.54162,1.00660,0.18660,0.06294,0.16026,0.11851,0.45000,-0.07803,"WALKING",0.21154,0.14065,0.17988,1.44257,1.84490,1.44257,1.84490,-0.01272,-0.01383,0.23944,0.31067,0.00056,0.55067,57.51899
61.300,"PID",-1.49619,-0.40488,-1.11272,0.52731,1.00771,0.18771,0.06481,0.16538,0.11995,0.45000,-0.04317,"WALKING",0.20900,0.14552,0.18523,1.49255,1.89978,1.49255,1.89978,0.03148,0.03461,0.29446,0.37945,0.00159,0.67551,57.58225
61.400,"PID",-1.49063,-0.42489,-1.11988,0.51229,1.00802,0.18802,0.06638,0.17191,0.12224,0.45000,-0.02516,"WALKING",0.20647,0.15168,0.19214,1.55572,1.97070,1.55572,1.97070,0.02975,0.03372,0.30433,0.39041,0.00206,0.69680,57.65223
61.500,"PID",-1.48487,-0.44459,-1.12703,0.49682,1.00754,0.18754,0.06767,0.17627,0.12451,0.45000,-0.01727,"WALKING",0.20395,0.15566,0.19687,1.59651,2.01921,1.59651,2.01921,0.01717,0.02101,0.28102,0.36055,0.00203,0.64360,57.71805
61.600,"PID",-1.47893,-0.46397,-1.13411,0.48099,1.00656,0.18656,0.06870,0.17833,0.12647,0.45000,-0.01440,"WALKING",0.20144,0.15740,0.19926,1.61432,2.04367,1.61432,2.04367,0.00630,0.00939,0.25585,0.32916,0.00166,0.58667,57.77815
61.700,"PID",-1.47281,-0.48303,-1.14100,0.46503,1.00520,0.18520,0.06943,0.17866,0.12795,0.45000,-0.01412,"WALKING",0.19895,0.15749,0.19984,1.61523,2.04960,1.61523,2.04960,-0.00110,0.00120,0.23626,0.30514,0.00125,0.54266,57.83338
61.800,"PID",-1.46653,-0.50178,-1.14770,0.44897,1.00364,0.18364,0.06989,0.17800,0.12895,0.45000,-0.01475,"WALKING",0.19647,0.15666,0.19934,1.60676,2.04452,1.60676,2.04452,-0.00516,-0.00370,0.24598,0.31837,0.00080,0.56515,57.88938
61.900,"PID",-1.46010,-0.52021,-1.15414,0.43296,1.00193,0.18193,0.07001,0.17678,0.12936,0.45000,-0.01566,"WALKING",0.19402,0.15537,0.19819,1.59353,2.03268,1.59353,2.03268,-0.00693,-0.00645,0.24948,0.32359,0.00026,0.57333,57.94660
62.000,"PID",-1.45351,-0.53833,-1.16030,0.41703,1.00022,0.18022,0.06994,0.17539,0.12936,0.45000,-0.01623,"WALKING",0.19158,0.15398,0.19680,1.57926,2.01843,1.57926,2.01843,-0.00712,-0.00724,0.24833,0.32270,0.00007,0.57110,58.00380
62.100,"PID",-1.44679,-0.55614,-1.16622,0.40111,0.99843,0.17843,0.06972,0.17392,0.12906,0.45000,-0.01689,"WALKING",0.18917,0.15256,0.19527,1.56467,2.00282,1.56467,2.00282,-0.00741,-0.00804,0.24723,0.32172,0.00035,0.56929,58.06075
62.200,"PID",-1.43994,-0.57365,-1.17188,0.38526,0.99660,0.17660,0.06938,0.17238,0.12851,0.45000,-0.01748,"WALKING",0.18678,0.15112,0.19365,1.54990,1.98617,1.54990,1.98617,-0.00743,-0.00846,0.24529,0.31954,0.00056,0.56540,58.11737
62.300,"PID",-1.43297,-0.59085,-1.17729,0.36949,0.99473,0.17473,0.06893,0.17083,0.12775,0.45000,-0.01795,"WALKING",0.18442,0.14969,0.19198,1.53530,1.96898,1.53530,1.96898,-0.00727,-0.00863,0.24286,0.31658,0.00074,0.56018,58.17352
62.400,"PID",-1.42588,-0.60775,-1.18244,0.35379,0.99284,0.17284,0.06842,0.16929,0.12685,0.45000,-0.01831,"WALKING",0.18209,0.14830,0.19029,1.52104,1.95166,1.52104,1.95166,-0.00710,-0.00867,0.24031,0.31339,0.00084,0.55455,58.22911
62.500,"PID",-1.41869,-0.62435,-1.18734,0.33818,0.99090,0.17090,0.06787,0.16773,0.12586,0.45000,-0.01874,"WALKING",0.17979,0.14690,0.18856,1.50668,1.93396,1.50668,1.93396,-0.00719,-0.00891,0.23831,0.31084,0.00091,0.55006,58.28424
62.600,"PID",-1.41140,-0.64066,-1.19201,0.32265,0.98897,0.16897,0.06729,0.16618,0.12481,0.45000,-0.01900,"WALKING",0.17752,0.14553,0.18684,1.49259,1.91632,1.49259,1.91632,-0.00706,-0.00885,0.23573,0.30752,0.00095,0.54420,58.33878
62.700,"PID",-1.40402,-0.65668,-1.19644,0.30719,0.98697,0.16697,0.06670,0.16461,0.12374,0.45000,-0.01937,"WALKING",0.17528,0.14413,0.18508,1.47824,1.89831,1.47824,1.89831,-0.00725,-0.00909,0.23384,0.30507,0.00097,0.53988,58.39286
62.800,"PID",-1.39655,-0.67242,-1.20064,0.29188,0.98500,0.16500,0.06609,0.16304,0.12262,0.45000,-0.01950,"WALKING",0.17309,0.14275,0.18334,1.46411,1.88038,1.46411,1.88038,-0.00692,-0.00882,0.23079,0.30110,0.00099,0.53288,58.44636
62.900,"PID",-1.38900,-0.68787,-1.20463,0.27663,0.98299,0.16299,0.06551,0.16149,0.12153,0.45000,-0.01973,"WALKING",0.17092,0.14137,0.18160,1.44999,1.86258,1.44999,1.86258,-0.00710,-0.00889,0.22872,0.29842,0.00092,0.52806,58.49929
63.000,"PID",-1.38138,-0.70305,-1.20839,0.26154,0.98099,0.16099,0.06492,0.15994,0.12044,0.45000,-0.01980,"WALKING",0.16880,0.14001,0.17987,1.43597,1.84485,1.43597,1.84485,-0.00686,-0.00869,0.22589,0.29474,0.00093,0.52156,58.55167
63.100,"PID",-1.37369,-0.71796,-1.21195,0.24649,0.97895,0.15895,0.06429,0.15838,0.11930,0.45000,-0.02006,"WALKING",0.16672,0.13864,0.17813,1.42194,1.82694,1.42194,1.82694,-0.00711,-0.00908,0.22428,0.29260,0.00100,0.51788,58.60353
63.200,"PID",-1.36594,-0.73261,-1.21530,0.23156,0.97689,0.15689,0.06364,0.15679,0.11811,0.45000,-0.02027,"WALKING",0.16469,0.13724,0.17634,1.40763,1.80861,1.40763,1.80861,-0.00719,-0.00919,0.22212,0.28974,0.00100,0.51286,58.65494
63.300,"PID",-1.35813,-0.74699,-1.21845,0.21675,0.97484,0.15484,0.06299,0.15521,0.11691,0.45000,-0.02037,"WALKING",0.16269,0.13586,0.17456,1.39343,1.79032,1.39343,1.79032,-0.00705,-0.00911,0.21951,0.28630,0.00102,0.50683,58.70578
63.400,"PID",-1.35026,-0.76112,-1.22139,0.20207,0.97278,0.15278,0.06232,0.15364,0.11568,0.45000,-0.02043,"WALKING",0.16075,0.13450,0.17279,1.37946,1.77220,1.37946,1.77220,-0.00694,-0.00902,0.21698,0.28294,0.00102,0.50094,58.75603
63.500,"PID",-1.34234,-0.77500,-1.22413,0.18752,0.97076,0.15076,0.06166,0.15212,0.11445,0.45000,-0.02036,"WALKING",0.15885,0.13318,0.17106,1.36591,1.75447,1.36591,1.75447,-0.00671,-0.00882,0.21427,0.27932,0.00102,0.49462,58.80565
63.600,"PID",-1.33437,-0.78863,-1.22668,0.17309,0.96873,0.14873,0.06099,0.15061,0.11322,0.45000,-0.02033,"WALKING",0.15700,0.13187,0.16935,1.35256,1.73694,1.35256,1.73694,-0.00669,-0.00877,0.21200,0.27626,0.00100,0.48926,58.85470
63.700,"PID",-1.32636,-0.80203,-1.22904,0.15877,0.96673,0.14673,0.06033,0.14914,0.11199,0.45000,-0.02021,"WALKING",0.15520,0.13060,0.16767,1.33951,1.71972,1.33951,1.71972,-0.00655,-0.00863,0.20955,0.27295,0.00099,0.48350,58.90317
63.800,"PID",-1.31831,-0.81520,-1.23123,0.14455,0.96471,0.14471,0.05966,0.14765,0.11075,0.45000,-0.02020,"WALKING",0.15345,0.12932,0.16598,1.32634,1.70234,1.32634,1.70234,-0.00663,-0.00868,0.20753,0.27020,0.00096,0.47868,58.95116
63.900,"PID",-1.31022,-0.82814,-1.23324,0.13046,0.96269,0.14269,0.05897,0.14615,0.10949,0.45000,-0.02018,"WALKING",0.15176,0.12803,0.16427,1.31309,1.68481,1.31309,1.68481,-0.00664,-0.00865,0.20533,0.26721,0.00093,0.47347,58.99867
64.000,"PID",-1.30210,-0.84086,-1.23507,0.11652,0.96072,0.14072,0.05835,0.14469,0.10832,0.45000,-0.01999,"WALKING",0.15012,0.12676,0.16261,1.30011,1.66785,1.30011,1.66785,-0.00634,-0.00832,0.20256,0.26353,0.00091,0.46700,59.04556
64.050,"PID",-1.29802,-0.84714,-1.23592,0.10960,0.95972,0.13972,0.05805,0.14396,0.10775,0.45000,-0.02000,"WALKING",0.14932,0.12613,0.16179,1.29361,1.65942,1.29361,1.65942,-0.00649,-0.00843,0.20176,0.26245,0.00088,0.46509,59.06881
64.150,"PID",-1.28984,-0.85954,-1.23751,0.09582,0.95776,0.13776,0.05743,0.14254,0.10661,0.45000,-0.01983,"WALKING",0.14777,0.12489,0.16018,1.28093,1.64287,1.28093,1.64287,-0.00635,-0.00830,0.19941,0.25932,0.00088,0.45962,59.11489
64.250,"PID",-1.28163,-0.87173,-1.23891,0.08232,0.95590,0.13590,0.05683,0.14119,0.10550,0.45000,-0.01932,"WALKING",0.14628,0.12373,0.15865,1.26904,1.62720,1.26904,1.62720,-0.00560,-0.00749,0.19592,0.25471,0.00085,0.45148,59.16030
64.350,"PID",-1.27339,-0.88373,-1.24017,0.06893,0.95412,0.13412,0.05624,0.13999,0.10440,0.45000,-0.01872,"WALKING",0.14484,0.12272,0.15727,1.25863,1.61305,1.25863,1.61305,-0.00514,-0.00700,0.19329,0.25115,0.00082,0.44527,59.20496
64.450,"PID",-1.26512,-0.89553,-1.24127,0.05563,0.95234,0.13234,0.05566,0.13880,0.10331,0.45000,-0.01836,"WALKING",0.14346,0.12171,0.15590,1.24826,1.59900,1.24826,1.59900,-0.00524,-0.00708,0.19180,0.24906,0.00081,0.44166,59.24920
64.550,"PID",-1.25681,-0.90715,-1.24223,0.04245,0.95059,0.13059,0.05511,0.13760,0.10228,0.45000,-0.01804,"WALKING",0.14215,0.12067,0.15453,1.23767,1.58489,1.23767,1.58489,-0.00530,-0.00703,0.19011,0.24674,0.00075,0.43760,59.29307
64.650,"PID",-1.24848,-0.91859,-1.24305,0.02939,0.94885,0.12885,0.05457,0.13640,0.10128,0.45000,-0.01778,"WALKING",0.14090,0.11963,0.15316,1.22701,1.57084,1.22701,1.57084,-0.00534,-0.00702,0.18841,0.24445,0.00072,0.43359,59.33653
64.750,"PID",-1.24011,-0.92985,-1.24373,0.01642,0.94712,0.12712,0.05406,0.13518,0.10032,0.45000,-0.01760,"WALKING",0.13971,0.11858,0.15178,1.21617,1.55676,1.21617,1.55676,-0.00550,-0.00708,0.18688,0.24240,0.00067,0.42995,59.37960
64.850,"PID",-1.23172,-0.94094,-1.24428,0.00355,0.94542,0.12542,0.05358,0.13398,0.09941,0.45000,-0.01736,"WALKING",0.13859,0.11753,0.15043,1.20539,1.54286,1.20539,1.54286,-0.00542,-0.00694,0.18493,0.23983,0.00064,0.42541,59.42224
64.950,"PID",-1.22329,-0.95188,-1.24470,-0.00924,0.94376,0.12376,0.05311,0.13279,0.09854,0.45000,-0.01707,"WALKING",0.13754,0.11649,0.14910,1.19473,1.52926,1.19473,1.52926,-0.00521,-0.00671,0.18281,0.23707,0.00062,0.42051,59.46443
65.050,"PID",-1.21482,-0.96266,-1.24498,-0.02184,0.94209,0.12209,0.05269,0.13160,0.09773,0.45000,-0.01688,"WALKING",0.13655,0.11543,0.14778,1.18388,1.51567,1.18388,1.51567,-0.00520,-0.00661,0.18097,0.23471,0.00059,0.41627,59.50624
65.150,"PID",-1.20632,-0.97328,-1.24515,-0.03437,0.94049,0.12049,0.05223,0.13050,0.09690,0.45000,-0.01653,"WALKING",0.13562,0.11446,0.14653,1.17396,1.50291,1.17396,1.50291,-0.00499,-0.00638,0.17899,0.23211,0.00057,0.41166,59.54749
65.250,"PID",-1.19779,-0.98377,-1.24520,-0.04678,0.93895,0.11895,0.05180,0.12944,0.09609,0.45000,-0.01608,"WALKING",0.13477,0.11354,0.14535,1.16451,1.49072,1.16451,1.49072,-0.00466,-0.00605,0.17687,0.22934,0.00057,0.40678,59.58828
65.350,"PID",-1.18922,-0.99412,-1.24509,-0.06077,0.97751,0.15751,0.08145,0.16196,0.13680,0.45000,0.16063,"WALKING",0.13398,0.13932,0.18460,1.42896,1.89338,1.42896,1.89338,0.26913,0.40859,0.96682,1.28632,0.08092,2.33407,59.72522
65.450,"PID",-1.18060,-1.00433,-1.24486,-0.07386,0.93357,0.11357,0.04899,0.13090,0.09484,0.45000,-0.05451,"WALKING",0.13327,0.11520,0.14660,1.18158,1.50355,1.18158,1.50355,-0.11404,-0.12463,0.39083,0.50023,0.00426,0.89532,59.83968
65.550,"PID",-1.14362,-1.04714,-1.24448,-0.08714,0.96919,0.14919,0.07667,0.15224,0.13032,0.45000,0.12446,"WALKING",0.13262,0.13068,0.17381,1.34026,1.78266,1.34026,1.78266,0.22191,0.34896,0.79377,1.06052,0.07023,1.92452,59.96776
65.650,"PID",-1.14401,-1.04623,-1.24385,-0.10275,0.95744,0.13744,0.06767,0.16075,0.12466,0.45000,0.02779,"WALKING",0.13204,0.14012,0.18138,1.43708,1.86028,1.43708,1.86028,-0.01222,-0.03182,0.25819,0.33895,0.01037,0.60750,60.05128
65.750,"PID",-1.13895,-1.05158,-1.24311,-0.11673,0.94205,0.12205,0.05661,0.14031,0.10856,0.45000,-0.04239,"WALKING",0.13154,0.12234,0.15828,1.25481,1.62335,1.25481,1.62335,-0.10007,-0.12614,0.40334,0.52539,0.01200,0.94073,60.14517
65.850,"PID",-1.13000,-1.06119,-1.24233,-0.12927,0.93956,0.11956,0.05492,0.12930,0.10361,0.45000,-0.03540,"WALKING",0.13110,0.11216,0.14645,1.15033,1.50207,1.15033,1.50207,-0.03850,-0.04589,0.24109,0.31798,0.00325,0.56232,60.20849
65.950,"PID",-1.12100,-1.07070,-1.24145,-0.14130,0.93789,0.11789,0.05362,0.12576,0.10040,0.45000,-0.02799,"WALKING",0.13074,0.10914,0.14238,1.11942,1.46026,1.11942,1.46026,-0.01001,-0.01501,0.18229,0.24078,0.00213,0.42519,60.25357
66.050,"PID",-1.09160,-1.10168,-1.24042,-0.15358,0.94614,0.12614,0.05979,0.13304,0.10804,0.45000,0.01996,"WALKING",0.13045,0.11516,0.15092,1.18108,1.54785,1.18108,1.54785,0.06549,0.09572,0.31892,0.42136,0.01385,0.75414,60.31110
66.150,"PID",-1.08670,-1.10623,-1.23905,-0.16796,0.95381,0.13381,0.06502,0.15152,0.11872,0.45000,0.03273,"WALKING",0.13023,0.13188,0.17117,1.35258,1.75562,1.35258,1.75562,0.03484,0.02210,0.25600,0.33653,0.00642,0.59895,60.40313
66.250,"PID",-1.08887,-1.10353,-1.23755,-0.18200,0.94578,0.12578,0.05932,0.14411,0.11142,0.45000,-0.01227,"WALKING",0.13008,0.12567,0.16255,1.28894,1.66721,1.28894,1.66721,-0.04849,-0.06460,0.30022,0.39211,0.00761,0.69995,60.46542
66.350,"PID",-1.06721,-1.12509,-1.23608,-0.19446,0.94292,0.12292,0.05761,0.13200,0.10629,0.45000,-0.00809,"WALKING",0.13001,0.11441,0.14959,1.17339,1.53422,1.17339,1.53422,0.00014,0.02720,0.19358,0.25643,0.01220,0.46221,60.53784
66.450,"PID",-1.07292,-1.11894,-1.23449,-0.20687,0.93257,0.11257,0.04975,0.12638,0.09601,0.45000,-0.05329,"WALKING",0.13001,0.11049,0.14227,1.13321,1.45913,1.13321,1.45913,-0.07116,-0.11595,0.32868,0.42607,0.01824,0.77299,60.60470
66.550,"PID",-1.06564,-1.12581,-1.23303,-0.21756,0.92353,0.10353,0.04332,0.11058,0.08374,0.45000,-0.06611,"WALKING",0.13008,0.09672,0.12444,0.99203,1.27630,0.99203,1.27630,-0.05717,-0.07210,0.24190,0.31339,0.00530,0.56059,60.66877
66.650,"PID",-1.05615,-1.13472,-1.23155,-0.22773,0.92368,0.10368,0.04378,0.10876,0.08211,0.45000,-0.03960,"WALKING",0.13022,0.09517,0.12235,0.97615,1.25489,0.97615,1.25489,0.00342,0.00179,0.14295,0.18587,0.00057,0.32939,60.70497
66.750,"PID",-1.03773,-1.15190,-1.22994,-0.23821,0.92580,0.10580,0.04584,0.11352,0.08430,0.45000,-0.01488,"WALKING",0.13044,0.09957,0.12747,1.02119,1.30736,1.02119,1.30736,0.03093,0.03856,0.20131,0.25997,0.00273,0.46400,60.74685
66.850,"PID",-1.01926,-1.16870,-1.22797,-0.25021,0.93789,0.11789,0.05535,0.13127,0.09891,0.45000,0.03652,"WALKING",0.13073,0.11490,0.14764,1.17850,1.51429,1.17850,1.51429,0.07830,0.09813,0.33226,0.42998,0.00832,0.77057,60.82264
66.950,"PID",-1.00761,-1.17885,-1.22560,-0.26378,0.94723,0.12723,0.06265,0.14699,0.11182,0.45000,0.05943,"WALKING",0.13109,0.12848,0.16550,1.31778,1.69739,1.31778,1.69739,0.06995,0.09402,0.35976,0.46726,0.01142,0.83844,60.90340
67.050,"PID",-1.00208,-1.18332,-1.22310,-0.27722,0.93572,0.11572,0.05490,0.13883,0.10288,0.45000,-0.00814,"WALKING",0.13152,0.12180,0.15586,1.24926,1.59854,1.24926,1.59854,-0.05418,-0.06889,0.30047,0.38782,0.00642,0.69471,60.96527
67.150,"PID",-1.00255,-1.18249,-1.22074,-0.28925,0.92629,0.10629,0.04855,0.12414,0.09292,0.45000,-0.04348,"WALKING",0.13202,0.10876,0.13952,1.11552,1.43098,1.11552,1.43098,-0.07662,-0.09980,0.31408,0.40561,0.00913,0.72882,61.03499
67.250,"PID",-0.99719,-1.18687,-1.21866,-0.29944,0.91426,0.09426,0.03997,0.10550,0.07819,0.45000,-0.07280,"WALKING",0.13260,0.09256,0.11844,0.94931,1.21476,0.94931,1.21476,-0.07847,-0.10156,0.26902,0.34618,0.00766,0.62287,61.10206
67.350,"PID",-0.98697,-1.19538,-1.21664,-0.30890,0.91518,0.09518,0.04112,0.10242,0.07716,0.45000,-0.04063,"WALKING",0.13324,0.08965,0.11519,0.91944,1.18139,0.91944,1.18139,0.00059,0.00024,0.13117,0.17040,0.00011,0.30169,61.13747
67.450,"PID",-0.97663,-1.20384,-1.21449,-0.31865,0.91619,0.09619,0.04234,0.10627,0.07826,0.45000,-0.02083,"WALKING",0.13395,0.09332,0.11922,0.95708,1.22276,0.95708,1.22276,0.02153,0.02389,0.17023,0.21944,0.00078,0.39045,61.17509
67.550,"PID",-0.94303,-1.23127,-1.21209,-0.32912,0.92555,0.10555,0.05003,0.11794,0.08903,0.45000,0.02812,"WALKING",0.13474,0.10320,0.13268,1.05851,1.36077,1.05851,1.36077,0.07925,0.11294,0.31076,0.40196,0.01272,0.72544,61.23149
67.650,"PID",-0.93744,-1.23527,-1.20897,-0.34208,0.93632,0.11632,0.05823,0.14096,0.10482,0.45000,0.04915,"WALKING",0.13559,0.12361,0.15831,1.26784,1.62371,1.26784,1.62371,0.05089,0.04435,0.27741,0.35874,0.00291,0.63905,61.32643
67.750,"PID",-0.93884,-1.23371,-1.20574,-0.35492,0.93015,0.11015,0.05443,0.13608,0.10112,0.45000,0.00544,"WALKING",0.13651,0.11934,0.15281,1.22404,1.56733,1.22404,1.56733,-0.03752,-0.04626,0.25649,0.33165,0.00375,0.59189,61.37884
67.850,"PID",-0.91396,-1.25281,-1.20275,-0.36637,0.92706,0.10706,0.05288,0.12426,0.09713,0.45000,0.00105,"WALKING",0.13750,0.10818,0.14033,1.10959,1.43933,1.10959,1.43933,-0.00569,0.02066,0.17187,0.22580,0.01086,0.40853,61.44387
67.950,"PID",-0.92016,-1.24761,-1.19960,-0.37792,0.91961,0.09961,0.04737,0.12077,0.09071,0.45000,-0.03721,"WALKING",0.13855,0.10576,0.13579,1.08473,1.39267,1.08473,1.39267,-0.06469,-0.10561,0.30001,0.38775,0.01574,0.70350,61.50886
68.050,"PID",-0.91164,-1.25378,-1.19681,-0.38786,0.91102,0.09102,0.04140,0.10517,0.07969,0.45000,-0.05449,"WALKING",0.13967,0.09198,0.11836,0.94339,1.21392,0.94339,1.21392,-0.05825,-0.07112,0.22984,0.29771,0.00435,0.53190,61.56939
68.150,"PID",-0.90025,-1.26198,-1.19408,-0.39728,0.91245,0.09245,0.04282,0.10390,0.07980,0.45000,-0.02752,"WALKING",0.14086,0.09069,0.11710,0.93014,1.20104,0.93014,1.20104,0.00543,0.00672,0.14102,0.18404,0.00044,0.32550,61.60401
68.250,"PID",-0.87933,-1.27691,-1.19115,-0.40706,0.91546,0.09546,0.04537,0.10920,0.08309,0.45000,-0.00428,"WALKING",0.14210,0.09545,0.12295,0.97901,1.26108,0.97901,1.26108,0.03148,0.04006,0.19432,0.25244,0.00302,0.44978,61.64524
68.350,"PID",-0.85773,-1.29190,-1.18767,-0.41834,0.92921,0.10921,0.05587,0.12803,0.09937,0.45000,0.04959,"WALKING",0.14342,0.11158,0.14447,1.14444,1.48178,1.14444,1.48178,0.08395,0.10702,0.33547,0.43735,0.00972,0.78255,61.72116
68.450,"PID",-0.84302,-1.30166,-1.18355,-0.43120,0.93984,0.11984,0.06375,0.14489,0.11345,0.45000,0.07250,"WALKING",0.14479,0.12611,0.16366,1.29346,1.67860,1.29346,1.67860,0.07498,0.10120,0.36532,0.47797,0.01262,0.85591,61.80331
68.550,"PID",-0.83575,-1.30613,-1.17927,-0.44407,0.93016,0.11016,0.05699,0.13856,0.10631,0.45000,0.00652,"WALKING",0.14622,0.12097,0.15616,1.24068,1.60159,1.24068,1.60159,-0.04833,-0.06159,0.28554,0.37207,0.00598,0.66359,61.86052
68.650,"PID",-0.83496,-1.30623,-1.17522,-0.45581,0.92214,0.10214,0.05140,0.12507,0.09777,0.45000,-0.02920,"WALKING",0.14771,0.10889,0.14125,1.11684,1.44876,1.11684,1.44876,-0.07269,-0.09397,0.30591,0.39971,0.00882,0.71444,61.92799
68.750,"PID",-0.82810,-1.31045,-1.17169,-0.46577,0.91090,0.09090,0.04311,0.10686,0.08376,0.45000,-0.06127,"WALKING",0.14926,0.09300,0.12072,0.95382,1.23818,0.95382,1.23818,-0.07848,-0.10128,0.27012,0.35277,0.00810,0.63099,61.99509
68.850,"PID",-0.81537,-1.31841,-1.16830,-0.47506,0.91306,0.09306,0.04470,0.10431,0.08354,0.45000,-0.02872,"WALKING",0.15087,0.09048,0.11813,0.92801,1.21162,0.92801,1.21162,0.00328,0.00436,0.13740,0.18145,0.00038,0.31923,62.03134
68.950,"PID",-0.80243,-1.32633,-1.16474,-0.48461,0.91536,0.09536,0.04636,0.10902,0.08545,0.45000,-0.00848,"WALKING",0.15254,0.09487,0.12316,0.97307,1.26316,0.97307,1.26316,0.02584,0.02955,0.18077,0.23686,0.00134,0.41898,62.07148
69.050,"PID",-0.76348,-1.34999,-1.16077,-0.49494,0.92491,0.10491,0.05363,0.12076,0.09584,0.45000,0.03589,"WALKING",0.15425,0.10490,0.13662,1.07588,1.40125,1.07588,1.40125,0.07634,0.10744,0.30888,0.40502,0.01264,0.72654,62.12947
69.150,"PID",-0.75589,-1.35399,-1.15569,-0.50775,0.93833,0.11833,0.06313,0.14588,0.11354,0.45000,0.06352,"WALKING",0.15603,0.12709,0.16467,1.30345,1.68889,1.30345,1.68889,0.05884,0.05387,0.30334,0.39694,0.00239,0.70268,62.23256
69.250,"PID",-0.75499,-1.35406,-1.15047,-0.52053,0.93378,0.11378,0.06002,0.14240,0.11102,0.45000,0.02093,"WALKING",0.15785,0.12403,0.16077,1.27206,1.64895,1.27206,1.64895,-0.02938,-0.03459,0.24716,0.32412,0.00245,0.57374,62.28392
69.350,"PID",-0.72566,-1.37053,-1.14561,-0.53204,0.93027,0.11027,0.05767,0.13039,0.10626,0.45000,0.00813,"WALKING",0.15972,0.11281,0.14798,1.15700,1.51774,1.15700,1.51774,-0.01178,0.00999,0.16759,0.22312,0.00981,0.40052,62.34977
69.450,"PID",-0.73096,-1.36709,-1.14051,-0.54380,0.92556,0.10556,0.05383,0.12882,0.10222,0.45000,-0.02303,"WALKING",0.16164,0.11190,0.14574,1.14771,1.49473,1.14771,1.49473,-0.05842,-0.09723,0.30466,0.39989,0.01683,0.72137,62.42027
69.550,"PID",-0.71990,-1.37287,-1.13594,-0.55405,0.91726,0.09726,0.04769,0.11327,0.09122,0.45000,-0.04472,"WALKING",0.16361,0.09817,0.12837,1.00691,1.31658,1.00691,1.31658,-0.05909,-0.07199,0.24704,0.32546,0.00499,0.57749,62.48539
69.650,"PID",-0.70528,-1.38044,-1.13146,-0.56382,0.91979,0.09979,0.04931,0.11241,0.09169,0.45000,-0.01721,"WALKING",0.16562,0.09723,0.12758,0.99726,1.30852,0.99726,1.30852,0.00795,0.00990,0.15605,0.20720,0.00076,0.36402,62.52320
69.750,"PID",-0.68066,-1.39298,-1.12670,-0.57396,0.92339,0.10339,0.05180,0.11801,0.09499,0.45000,0.00406,"WALKING",0.16768,0.10229,0.13373,1.04912,1.37159,1.04912,1.37159,0.03151,0.03925,0.20803,0.27462,0.00312,0.48577,62.56851
69.850,"PID",-0.65463,-1.40574,-1.12112,-0.58554,0.93858,0.11858,0.06261,0.13767,0.11171,0.45000,0.06038,"WALKING",0.16978,0.11918,0.15616,1.22236,1.60161,1.22236,1.60161,0.08937,0.11359,0.37039,0.48895,0.01148,0.87081,62.65230
69.950,"PID",-0.63539,-1.41468,-1.11462,-0.59863,0.95023,0.13023,0.07054,0.15542,0.12593,0.45000,0.08316,"WALKING",0.17192,0.13457,0.17626,1.38025,1.80777,1.38025,1.80777,0.07956,0.10636,0.40109,0.52996,0.01431,0.94536,62.74294
70.050,"PID",-0.62515,-1.41903,-1.10787,-0.61183,0.94206,0.12206,0.06455,0.15064,0.12004,0.45000,0.01837,"WALKING",0.17410,0.13077,0.17050,1.34122,1.74874,1.34122,1.74874,-0.04385,-0.05640,0.29932,0.39454,0.00639,0.70025,62.80175
70.150,"PID",-0.62153,-1.42026,-1.10148,-0.62397,0.93534,0.11534,0.05953,0.13819,0.11250,0.45000,-0.01687,"WALKING",0.17632,0.11957,0.15681,1.22640,1.60831,1.22640,1.60831,-0.06814,-0.08747,0.32610,0.43133,0.00923,0.76666,62.87369
70.250,"PID",-0.61189,-1.42430,-1.09576,-0.63455,0.92474,0.10474,0.05143,0.12048,0.09901,0.45000,-0.05152,"WALKING",0.17857,0.10409,0.13686,1.06759,1.40371,1.06759,1.40371,-0.07835,-0.10112,0.30283,0.40101,0.00956,0.71341,62.94816
70.350,"PID",-0.59534,-1.43130,-1.09027,-0.64446,0.92787,0.10787,0.05327,0.11828,0.09924,0.45000,-0.01896,"WALKING",0.18085,0.10186,0.13470,1.04467,1.38159,1.04467,1.38159,0.00528,0.00710,0.15929,0.21345,0.00076,0.37351,62.98966
70.450,"PID",-0.57849,-1.43819,-1.08448,-0.65468,0.93119,0.11119,0.05513,0.12364,0.10154,0.45000,0.00144,"WALKING",0.18317,0.10683,0.14044,1.09572,1.44044,1.09572,1.44044,0.02889,0.03327,0.21019,0.27929,0.00189,0.49137,63.03675
70.550,"PID",-0.53435,-1.45592,-1.07813,-0.66559,0.94071,0.12071,0.06169,0.13521,0.11105,0.45000,0.04132,"WALKING",0.18551,0.11683,0.15359,1.19825,1.57524,1.19825,1.57524,0.07301,0.10044,0.33518,0.44420,0.01292,0.79229,63.10176
70.650,"PID",-0.52222,-1.46012,-1.07026,-0.67876,0.95656,0.13656,0.07220,0.16174,0.12994,0.45000,0.07683,"WALKING",0.18789,0.14023,0.18324,1.43829,1.87941,1.43829,1.87941,0.07000,0.06969,0.36631,0.48363,0.00018,0.85012,63.21969
70.750,"PID",-0.51755,-1.46140,-1.06207,-0.69207,0.95334,0.13334,0.06971,0.15993,0.12851,0.45000,0.03469,"WALKING",0.19028,0.13866,0.18120,1.42219,1.85848,1.42219,1.85848,-0.02059,-0.02260,0.25445,0.33737,0.00110,0.59291,63.27459
70.850,"PID",-0.48268,-1.47379,-1.05443,-0.70416,0.94909,0.12909,0.06650,0.14757,0.12291,0.45000,0.01284,"WALKING",0.19271,0.12722,0.16791,1.30486,1.72213,1.30486,1.72213,-0.01894,-0.00209,0.20985,0.28127,0.00879,0.49991,63.35051
70.950,"PID",-0.48579,-1.47216,-1.04644,-0.71645,0.94701,0.12701,0.06411,0.14780,0.12089,0.45000,-0.01069,"WALKING",0.19515,0.12779,0.16781,1.31070,1.72110,1.31070,1.72110,-0.05206,-0.08892,0.33414,0.44299,0.01890,0.79603,63.43248
71.050,"PID",-0.47106,-1.47687,-1.03918,-0.72735,0.93883,0.11883,0.05775,0.13226,0.10980,0.45000,-0.03668,"WALKING",0.19762,0.11409,0.15043,1.17011,1.54287,1.17011,1.54287,-0.05989,-0.07315,0.29002,0.38586,0.00618,0.68207,63.50857
71.150,"PID",-0.45207,-1.48279,-1.03203,-0.73780,0.94230,0.12230,0.05957,0.13173,0.11058,0.45000,-0.00865,"WALKING",0.20010,0.11343,0.15003,1.16334,1.53876,1.16334,1.53876,0.00999,0.01243,0.18737,0.25130,0.00114,0.43982,63.55345
71.250,"PID",-0.42286,-1.49158,-1.02449,-0.74859,0.94635,0.12635,0.06178,0.13755,0.11357,0.45000,0.01080,"WALKING",0.20260,0.11875,0.15634,1.21795,1.60351,1.21795,1.60351,0.03140,0.03769,0.24115,0.32120,0.00303,0.56537,63.60718
71.350,"PID",-0.39149,-1.50045,-1.01585,-0.76061,0.96275,0.14275,0.07269,0.15786,0.13033,0.45000,0.06937,"WALKING",0.20511,0.13629,0.17943,1.39789,1.84033,1.39789,1.84033,0.09412,0.11909,0.43628,0.57925,0.01380,1.02933,63.70566
71.450,"PID",-0.36664,-1.50687,-1.00591,-0.77405,0.97517,0.15517,0.08050,0.17628,0.14439,0.45000,0.09169,"WALKING",0.20764,0.15238,0.20017,1.56286,2.05305,1.56286,2.05305,0.08307,0.10960,0.46415,0.61577,0.01625,1.09617,63.81108
71.550,"PID",-0.35257,-1.51002,-0.99561,-0.78759,0.96830,0.14830,0.07523,0.17282,0.13961,0.45000,0.02816,"WALKING",0.21018,0.14972,0.19593,1.53559,2.00954,1.53559,2.00954,-0.04003,-0.05220,0.33483,0.44389,0.00721,0.78593,63.88040
71.650,"PID",-0.34487,-1.51147,-0.98575,-0.80018,0.96261,0.14261,0.07077,0.16114,0.13299,0.45000,-0.00681,"WALKING",0.21272,0.13914,0.18315,1.42703,1.87850,1.42703,1.87850,-0.06451,-0.08170,0.37064,0.49299,0.00970,0.87333,63.96224
71.750,"PID",-0.33155,-1.51430,-0.97679,-0.81135,0.95233,0.13233,0.06279,0.14368,0.11991,0.45000,-0.04433,"WALKING",0.21527,0.12384,0.16353,1.27012,1.67721,1.27012,1.67721,-0.07933,-0.10229,0.36397,0.48473,0.01168,0.86038,64.05035
71.850,"PID",-0.31036,-1.51879,-0.96810,-0.82192,0.95622,0.13622,0.06468,0.14168,0.12029,0.45000,-0.01165,"WALKING",0.21782,0.12177,0.16159,1.24895,1.65733,1.24895,1.65733,0.00655,0.00857,0.19465,0.26235,0.00103,0.45803,64.10065
71.950,"PID",-0.28887,-1.52302,-0.95900,-0.83273,0.96021,0.14021,0.06658,0.14736,0.12268,0.45000,0.00847,"WALKING",0.22037,0.12706,0.16767,1.30317,1.71967,1.30317,1.71967,0.03058,0.03506,0.25516,0.34100,0.00233,0.59849,64.15809
72.050,"PID",-0.23970,-1.53221,-0.94921,-0.84405,0.96937,0.14937,0.07227,0.15847,0.13102,0.45000,0.04367,"WALKING",0.22293,0.13679,0.18015,1.40293,1.84773,1.40293,1.84773,0.06806,0.09142,0.37878,0.50380,0.01299,0.89557,64.23384
72.150,"PID",-0.22201,-1.53473,-0.93742,-0.85727,0.98734,0.16734,0.08343,0.18607,0.15049,0.45000,0.08722,"WALKING",0.22548,0.16116,0.21097,1.65292,2.16382,1.65292,2.16382,0.08052,0.08439,0.45580,0.60331,0.00247,1.06158,64.37330
72.250,"PID",-0.21267,-1.53570,-0.92513,-0.87065,0.98519,0.16519,0.08131,0.18575,0.14970,0.45000,0.04561,"WALKING",0.22803,0.16098,0.21053,1.65104,2.15925,1.65104,2.15925,-0.01222,-0.01187,0.27292,0.36352,0.00022,0.63666,64.43630
72.350,"PID",-0.17216,-1.54126,-0.91350,-0.88293,0.97984,0.15984,0.07716,0.17280,0.14302,0.45000,0.01444,"WALKING",0.23057,0.14913,0.19647,1.52950,2.01505,1.52950,2.01505,-0.02735,-0.01585,0.27463,0.36769,0.00698,0.64930,64.52753
72.450,"PID",-0.17225,-1.54065,-0.90144,-0.89532,0.97992,0.15992,0.07606,0.17440,0.14270,0.45000,-0.00211,"WALKING",0.23310,0.15078,0.19801,1.54646,2.03092,1.54646,2.03092,-0.04800,-0.08308,0.38441,0.51074,0.02123,0.91638,64.62570
72.550,"PID",-0.15349,-1.54256,-0.89040,-0.90633,0.97156,0.15156,0.06941,0.15858,0.13137,0.45000,-0.03209,"WALKING",0.23562,0.13684,0.18032,1.40348,1.84946,1.40348,1.84946,-0.06185,-0.07569,0.35479,0.47247,0.00772,0.83497,64.71791
72.650,"PID",-0.12989,-1.54472,-0.87953,-0.91689,0.97569,0.15569,0.07120,0.15820,0.13211,0.45000,-0.00328,"WALKING",0.23813,0.13633,0.18006,1.39828,1.84678,1.39828,1.84678,0.01142,0.01383,0.23029,0.30912,0.00135,0.54076,64.77269
72.750,"PID",-0.09627,-1.54736,-0.86806,-0.92774,0.97980,0.15980,0.07302,0.16396,0.13455,0.45000,0.01403,"WALKING",0.24063,0.14169,0.18623,1.45325,1.91003,1.45325,1.91003,0.02978,0.03432,0.28410,0.37863,0.00259,0.66531,64.83724
72.850,"PID",-0.05984,-1.54951,-0.85527,-0.93949,0.99703,0.17703,0.08382,0.18457,0.15100,0.45000,0.07470,"WALKING",0.24311,0.15958,0.20956,1.63669,2.14933,1.63669,2.14933,0.09758,0.12258,0.52207,0.69220,0.01601,1.23029,64.95431
72.950,"PID",-0.02951,-1.55057,-0.84090,-0.95228,1.00980,0.18980,0.09134,0.20327,0.16457,0.45000,0.09645,"WALKING",0.24557,0.17603,0.23050,1.80546,2.36414,1.80546,2.36414,0.08528,0.11115,0.54414,0.72044,0.01806,1.28265,65.07779
73.050,"PID",-0.01160,-1.55060,-0.82597,-0.96515,1.00394,0.18394,0.08659,0.20096,0.16054,0.45000,0.03451,"WALKING",0.24801,0.17439,0.22753,1.78859,2.33359,1.78859,2.33359,-0.03698,-0.04914,0.38414,0.50882,0.00828,0.90124,65.16072
73.150,"PID",0.00040,-1.55032,-0.81157,-0.97717,0.99884,0.17884,0.08235,0.18973,0.15427,0.45000,-0.00050,"WALKING",0.25042,0.16420,0.21526,1.68412,2.20784,1.68412,2.20784,-0.06202,-0.07805,0.43191,0.57316,0.01049,1.01555,65.25593
73.250,"PID",0.01729,-1.55008,-0.79825,-0.98796,0.98860,0.16860,0.07446,0.17229,0.14143,0.45000,-0.04055,"WALKING",0.25281,0.14889,0.19570,1.52706,2.00719,1.52706,2.00719,-0.08114,-0.10427,0.44449,0.59003,0.01387,1.04839,65.36162
73.350,"PID",0.04269,-1.54959,-0.78534,-0.99813,0.99264,0.17264,0.07621,0.16998,0.14165,0.45000,-0.00875,"WALKING",0.25518,0.14654,0.19342,1.50296,1.98384,1.50296,1.98384,0.00532,0.00725,0.23353,0.31397,0.00116,0.54866,65.42283
73.450,"PID",0.06831,-1.54867,-0.77197,-1.00835,0.99700,0.17700,0.07810,0.17573,0.14401,0.45000,0.01170,"WALKING",0.25752,0.15190,0.19957,1.55794,2.04683,1.55794,2.04683,0.03124,0.03571,0.30902,0.41199,0.00273,0.72374,65.49226
73.550,"PID",0.12068,-1.54610,-0.75779,-1.01889,1.00539,0.18539,0.08290,0.18608,0.15111,0.45000,0.04209,"WALKING",0.25982,0.16108,0.21109,1.65205,2.16504,1.65205,2.16504,0.06168,0.08090,0.42661,0.56574,0.01232,1.00467,65.57983
73.650,"PID",0.14342,-1.54405,-0.74113,-1.03081,1.02490,0.20490,0.09468,0.21423,0.17110,0.45000,0.09293,"WALKING",0.26210,0.18591,0.24254,1.90677,2.48764,1.90677,2.48764,0.08845,0.09630,0.55838,0.73714,0.00569,1.30121,65.74328
73.750,"PID",0.15714,-1.54239,-0.72383,-1.04275,1.02289,0.20289,0.09266,0.21458,0.17056,0.45000,0.04987,"WALKING",0.26434,0.18635,0.24281,1.91132,2.49036,1.91132,2.49036,-0.00913,-0.00780,0.30820,0.41022,0.00096,0.71938,65.81669
73.850,"PID",0.20150,-1.53773,-0.70729,-1.05378,1.01640,0.19640,0.08777,0.20096,0.16304,0.45000,0.01155,"WALKING",0.26654,0.17397,0.22794,1.78433,2.33783,1.78433,2.33783,-0.03696,-0.03056,0.35715,0.47570,0.00443,0.83727,65.92575
73.950,"PID",0.20432,-1.53673,-0.69027,-1.06471,1.01811,0.19811,0.08775,0.20354,0.16413,0.45000,0.00174,"WALKING",0.26871,0.17637,0.23070,1.80897,2.36615,1.80897,2.36615,-0.04531,-0.07915,0.44313,0.58753,0.02356,1.05421,66.04193
74.050,"PID",0.22611,-1.53360,-0.67446,-1.07452,1.00890,0.18890,0.08068,0.18694,0.15230,0.45000,-0.03304,"WALKING",0.27084,0.16173,0.21214,1.65878,2.17582,1.65878,2.17582,-0.06680,-0.08167,0.43608,0.57876,0.00961,1.02445,66.15359
74.150,"PID",0.25298,-1.52939,-0.65894,-1.08382,1.01289,0.19289,0.08233,0.18592,0.15278,0.45000,-0.00441,"WALKING",0.27293,0.16063,0.21120,1.64751,2.16619,1.64751,2.16619,0.00897,0.01093,0.26688,0.35764,0.00127,0.62579,66.21906
74.250,"PID",0.28903,-1.52316,-0.64287,-1.09313,1.01690,0.19690,0.08399,0.19138,0.15493,0.45000,0.01296,"WALKING",0.27497,0.16574,0.21702,1.69987,2.22583,1.69987,2.22583,0.02882,0.03284,0.33157,0.44118,0.00264,0.77539,66.29421
74.350,"PID",0.32830,-1.51550,-0.62525,-1.10295,1.03377,0.21377,0.09429,0.21140,0.17054,0.45000,0.07298,"WALKING",0.27697,0.18318,0.23963,1.87875,2.45773,1.87875,2.45773,0.09664,0.12141,0.59890,0.79201,0.01792,1.40883,66.42746
74.450,"PID",0.36207,-1.50800,-0.60576,-1.11337,1.04625,0.22625,0.10146,0.22976,0.18347,0.45000,0.09427,"WALKING",0.27893,0.19940,0.26013,2.04508,2.66796,2.04508,2.66796,0.08415,0.10915,0.61427,0.81133,0.01946,1.44506,66.56686
74.550,"PID",0.38233,-1.50277,-0.58568,-1.12365,1.04070,0.22070,0.09708,0.22798,0.17993,0.45000,0.03394,"WALKING",0.28083,0.19820,0.25775,2.03281,2.64364,2.03281,2.64364,-0.03653,-0.04916,0.43888,0.58044,0.00964,1.02896,66.66346
74.650,"PID",0.39741,-1.49853,-0.56631,-1.13313,1.03560,0.21560,0.09301,0.21679,0.17390,0.45000,-0.00071,"WALKING",0.28269,0.18801,0.24557,1.92826,2.51864,1.92826,2.51864,-0.06145,-0.07660,0.49428,0.65454,0.01117,1.16000,66.77261
74.750,"PID",0.41627,-1.49324,-0.54822,-1.14161,1.02530,0.20530,0.08522,0.19944,0.16127,0.45000,-0.04097,"WALKING",0.28450,0.17275,0.22613,1.77180,2.31930,1.77180,2.31930,-0.08125,-0.10417,0.51834,0.68613,0.01568,1.22015,66.89488
74.850,"PID",0.44369,-1.48532,-0.53069,-1.14948,1.02860,0.20860,0.08642,0.19629,0.16069,0.45000,-0.01165,"WALKING",0.28626,0.16970,0.22289,1.74051,2.28602,1.74051,2.28602,0.00233,0.00338,0.26354,0.35362,0.00072,0.61788,66.96688
74.950,"PID",0.47113,-1.47685,-0.51267,-1.15723,1.03259,0.21259,0.08801,0.20151,0.16252,0.45000,0.00850,"WALKING",0.28796,0.17461,0.22840,1.79089,2.34261,1.79089,2.34261,0.02912,0.03270,0.35053,0.46628,0.00247,0.81929,67.04546
75.050,"PID",0.52262,-1.46004,-0.49387,-1.16496,1.03954,0.21954,0.09183,0.21053,0.16813,0.45000,0.03397,"WALKING",0.28960,0.18270,0.23835,1.87385,2.44463,1.87385,2.44463,0.05251,0.06742,0.45310,0.59949,0.01063,1.06322,67.14082
75.150,"PID",0.54799,-1.45065,-0.47246,-1.17329,1.06008,0.24008,0.10424,0.23881,0.18863,0.45000,0.09273,"WALKING",0.29120,0.20760,0.27003,2.12920,2.76957,2.12920,2.76957,0.09519,0.10641,0.65448,0.86196,0.00897,1.52541,67.32456
75.250,"PID",0.56420,-1.44409,-0.45049,-1.18139,1.05762,0.23762,0.10199,0.23950,0.18784,0.45000,0.04809,"WALKING",0.29273,0.20841,0.27059,2.13756,2.77527,2.13756,2.77527,-0.00782,-0.00673,0.34358,0.45671,0.00086,0.80115,67.40763
75.350,"PID",0.60837,-1.42660,-0.42948,-1.18867,1.05006,0.23006,0.09646,0.22551,0.17952,0.45000,0.00520,"WALKING",0.29421,0.19579,0.25522,2.00815,2.61760,2.00815,2.61760,-0.04493,-0.04381,0.43807,0.58059,0.00086,1.01952,67.53196
75.450,"PID",0.61287,-1.42398,-0.40796,-1.19568,1.05319,0.23319,0.09730,0.22923,0.18169,0.45000,0.00269,"WALKING",0.29562,0.19916,0.25930,2.04262,2.65945,2.04262,2.65945,-0.04152,-0.07492,0.49039,0.64833,0.02574,1.16446,67.66469
75.550,"PID",0.63505,-1.41413,-0.38787,-1.20183,1.04297,0.22297,0.08967,0.21192,0.16911,0.45000,-0.03641,"WALKING",0.29698,0.18393,0.23991,1.88650,2.46062,1.88650,2.46062,-0.07111,-0.08734,0.51329,0.67797,0.01164,1.20290,67.79438
75.650,"PID",0.66208,-1.40167,-0.36823,-1.20749,1.04657,0.22657,0.09110,0.21023,0.16915,0.45000,-0.00800,"WALKING",0.29827,0.18223,0.23822,1.86907,2.44332,1.86907,2.44332,0.00615,0.00740,0.29596,0.39530,0.00090,0.69215,67.86932
75.750,"PID",0.69675,-1.38494,-0.34813,-1.21290,1.05024,0.23024,0.09252,0.21526,0.17086,0.45000,0.00945,"WALKING",0.29950,0.18698,0.24353,1.91773,2.49776,1.91773,2.49776,0.02726,0.03051,0.37071,0.49153,0.00235,0.86460,67.95303
75.850,"PID",0.73461,-1.36559,-0.32645,-1.21834,1.06642,0.24642,0.10229,0.23442,0.18554,0.45000,0.06849,"WALKING",0.30066,0.20371,0.26513,2.08937,2.71927,2.08937,2.71927,0.09462,0.11896,0.66137,0.87103,0.01915,1.55156,68.09851
75.950,"PID",0.76780,-1.34748,-0.30288,-1.22377,1.07828,0.25828,0.10909,0.25218,0.19779,0.45000,0.08920,"WALKING",0.30176,0.21944,0.28491,2.25071,2.92218,2.25071,2.92218,0.08187,0.10590,0.66907,0.88045,0.02016,1.56967,68.25002
76.050,"PID",0.78747,-1.33581,-0.27868,-1.22885,1.07284,0.25284,0.10491,0.25080,0.19447,0.45000,0.03080,"WALKING",0.30280,0.21861,0.28298,2.24219,2.90238,2.24219,2.90238,-0.03660,-0.05008,0.48865,0.64403,0.01112,1.14380,68.35915
76.150,"PID",0.80294,-1.32621,-0.25538,-1.23328,1.06751,0.24751,0.10085,0.23949,0.18841,0.45000,-0.00341,"WALKING",0.30377,0.20830,0.27067,2.13646,2.77608,2.13646,2.77608,-0.06139,-0.07616,0.54948,0.72464,0.01180,1.28593,68.48075
76.250,"PID",0.82088,-1.31499,-0.23360,-1.23700,1.05678,0.23678,0.09299,0.22193,0.17568,0.45000,-0.04435,"WALKING",0.30467,0.19286,0.25101,1.97802,2.57442,1.97802,2.57442,-0.08270,-0.10593,0.58610,0.77203,0.01731,1.37544,68.61796
76.350,"PID",0.84660,-1.29858,-0.21263,-1.24021,1.05909,0.23909,0.09364,0.21774,0.17423,0.45000,-0.01736,"WALKING",0.30550,0.18891,0.24658,1.93753,2.52903,1.93753,2.52903,-0.00184,-0.00169,0.29235,0.39058,0.00011,0.68304,68.70029
76.450,"PID",0.87207,-1.28162,-0.19129,-1.24309,1.06251,0.24251,0.09498,0.22229,0.17557,0.45000,0.00277,"WALKING",0.30626,0.19323,0.25134,1.98184,2.57788,1.98184,2.57788,0.02637,0.02911,0.38032,0.50392,0.00205,0.88628,68.78517
76.550,"PID",0.91703,-1.25052,-0.16925,-1.24567,1.06780,0.24780,0.09781,0.22987,0.17968,0.45000,0.02346,"WALKING",0.30696,0.20014,0.25961,2.05268,2.66269,2.05268,2.66269,0.04267,0.05340,0.46013,0.60661,0.00818,1.07492,68.88461
76.650,"PID",0.94105,-1.23251,-0.14466,-1.24807,1.08894,0.26894,0.11080,0.25797,0.20063,0.45000,0.08939,"WALKING",0.30758,0.22477,0.29118,2.30533,2.98644,2.30533,2.98644,0.10007,0.11432,0.73418,0.96330,0.01213,1.70962,69.08312
76.750,"PID",0.95658,-1.22013,-0.11939,-1.25004,1.08555,0.26555,0.10819,0.25856,0.19939,0.45000,0.04251,"WALKING",0.30813,0.22556,0.29156,2.31343,2.99033,2.31343,2.99033,-0.00924,-0.00866,0.38037,0.50381,0.00049,0.88467,69.17443
76.850,"PID",0.99449,-1.19009,-0.09534,-1.25145,1.07634,0.25634,0.10190,0.24353,0.19004,0.45000,-0.00578,"WALKING",0.30861,0.21208,0.27498,2.17519,2.82035,2.17519,2.82035,-0.05622,-0.06021,0.52391,0.69022,0.00322,1.21735,69.31374
76.950,"PID",0.99928,-1.18523,-0.07089,-1.25239,1.08024,0.26024,0.10360,0.24744,0.19320,0.45000,-0.00112,"WALKING",0.30903,0.21546,0.27941,2.20986,2.86575,2.20986,2.86575,-0.03897,-0.07089,0.52134,0.68736,0.02615,1.23485,69.45543
77.050,"PID",1.01833,-1.16878,-0.04812,-1.25285,1.06847,0.24847,0.09526,0.22912,0.17967,0.45000,-0.04477,"WALKING",0.30936,0.19938,0.25885,2.04497,2.65491,2.04497,2.65491,-0.07700,-0.09496,0.58002,0.76274,0.01368,1.35644,69.60015
77.150,"PID",1.04146,-1.14822,-0.02605,-1.25289,1.07120,0.25120,0.09641,0.22641,0.17916,0.45000,-0.01648,"WALKING",0.30963,0.19676,0.25606,2.01802,2.62624,2.01802,2.62624,0.00187,0.00218,0.30630,0.40820,0.00024,0.71473,69.68178
77.250,"PID",1.07010,-1.12177,-0.00367,-1.25254,1.07397,0.25397,0.09757,0.23060,0.18035,0.45000,0.00080,"WALKING",0.30983,0.20075,0.26045,2.05902,2.67128,2.05902,2.67128,0.02355,0.02598,0.38648,0.51121,0.00186,0.89955,69.76881
77.350,"PID",1.10153,-1.09136,0.02011,-1.25172,1.08893,0.26893,0.10686,0.24852,0.19418,0.45000,0.05883,"WALKING",0.30995,0.21638,0.28066,2.21931,2.87854,2.21931,2.87854,0.09052,0.11454,0.68940,0.90557,0.01978,1.61475,69.91867
77.450,"PID",1.12912,-1.06318,0.04563,-1.25033,1.09970,0.27970,0.11330,0.26538,0.20579,0.45000,0.07899,"WALKING",0.31000,0.23132,0.29944,2.37250,3.07115,2.37250,3.07115,0.07747,0.10032,0.68842,0.90401,0.01995,1.61237,70.07485
77.550,"PID",1.14482,-1.04589,0.07164,-1.24839,1.09390,0.27390,0.10920,0.26402,0.20251,0.45000,0.02272,"WALKING",0.30998,0.23050,0.29753,2.36414,3.05164,2.36414,3.05164,-0.03818,-0.05293,0.52518,0.69049,0.01267,1.22834,70.19229
77.650,"PID",1.15750,-1.03140,0.09657,-1.24602,1.08792,0.26792,0.10504,0.25231,0.19622,0.45000,-0.01077,"WALKING",0.30988,0.21983,0.28478,2.25470,2.92083,2.25470,2.92083,-0.06257,-0.07731,0.58561,0.77030,0.01227,1.36819,70.32249
77.750,"PID",1.17138,-1.01533,0.11980,-1.24336,1.07634,0.25634,0.09695,0.23430,0.18313,0.45000,-0.05217,"WALKING",0.30971,0.20399,0.26460,2.09218,2.71388,2.09218,2.71388,-0.08528,-0.10925,0.63104,0.82867,0.01861,1.47832,70.46948
77.850,"PID",1.19143,-0.99174,0.14207,-1.24040,1.07723,0.25723,0.09701,0.22879,0.18072,0.45000,-0.02752,"WALKING",0.30947,0.19888,0.25869,2.03976,2.65328,2.03976,2.65328,-0.00745,-0.00842,0.32879,0.43745,0.00074,0.76698,70.56156
77.950,"PID",1.21098,-0.96776,0.16446,-1.23702,1.07961,0.25961,0.09807,0.23230,0.18148,0.45000,-0.00744,"WALKING",0.30916,0.20226,0.26234,2.07450,2.69062,2.07450,2.69062,0.02213,0.02388,0.38384,0.50778,0.00135,0.89296,70.64668
78.050,"PID",1.24413,-0.92561,0.18736,-1.23312,1.08275,0.26275,0.09992,0.23809,0.18410,0.45000,0.00835,"WALKING",0.30878,0.20762,0.26856,2.12946,2.75446,2.12946,2.75446,0.03111,0.03770,0.43280,0.57016,0.00514,1.00810,70.74301
78.150,"PID",1.26265,-0.90022,0.21238,-1.22837,1.10412,0.28412,0.11358,0.26576,0.20563,0.45000,0.08180,"WALKING",0.30832,0.23173,0.29979,2.37670,3.07479,2.37670,3.07479,0.10399,0.12121,0.77806,1.01948,0.01502,1.81256,70.94601
78.250,"PID",1.27431,-0.88315,0.23801,-1.22295,1.09953,0.27953,0.11051,0.26613,0.20378,0.45000,0.03323,"WALKING",0.30780,0.23240,0.29985,2.38359,3.07540,2.38359,3.07540,-0.01098,-0.01121,0.40093,0.53006,0.00019,0.93118,71.04120
78.350,"PID",1.30055,-0.84486,0.26218,-1.21735,1.08853,0.26853,0.10327,0.25012,0.19310,0.45000,-0.01954,"WALKING",0.30720,0.21816,0.28207,2.23751,2.89306,2.23751,2.89306,-0.06686,-0.07641,0.58687,0.77020,0.00783,1.36490,71.18908
78.450,"PID",1.30443,-0.83776,0.28653,-1.21118,1.09300,0.27300,0.10580,0.25386,0.19706,0.45000,-0.00634,"WALKING",0.30653,0.22124,0.28647,2.26918,2.93817,2.26918,2.93817,-0.03301,-0.06111,0.50813,0.66973,0.02349,1.20136,71.32696
78.550,"PID",1.31740,-0.81701,0.30920,-1.20497,1.07956,0.25956,0.09656,0.23496,0.18233,0.45000,-0.05452,"WALKING",0.30579,0.20478,0.26513,2.10033,2.71932,2.10033,2.71932,-0.08142,-0.10141,0.61433,0.80548,0.01546,1.43527,71.47806
78.650,"PID",1.33324,-0.79090,0.33086,-1.19860,1.08120,0.26120,0.09739,0.23121,0.18118,0.45000,-0.02664,"WALKING",0.30499,0.20123,0.26120,2.06388,2.67897,2.06388,2.67897,-0.00251,-0.00327,0.31663,0.42088,0.00058,0.73810,71.56416
78.750,"PID",1.35227,-0.75816,0.35260,-1.19178,1.08297,0.26297,0.09824,0.23456,0.18179,0.45000,-0.00932,"WALKING",0.30411,0.20447,0.26464,2.09713,2.71428,2.09713,2.71428,0.01990,0.02129,0.38039,0.50238,0.00108,0.88384,71.64953
78.850,"PID",1.37324,-0.72015,0.37553,-1.18412,1.09657,0.27657,0.10715,0.25119,0.19488,0.45000,0.04769,"WALKING",0.30317,0.21894,0.28344,2.24551,2.90712,2.24551,2.90712,0.08597,0.10981,0.68156,0.89391,0.01971,1.59517,71.79595
78.950,"PID",1.39135,-0.68516,0.39991,-1.17544,1.10601,0.28601,0.11324,0.26701,0.20587,0.45000,0.06695,"WALKING",0.30216,0.23294,0.30108,2.38912,3.08802,2.38912,3.08802,0.07200,0.09360,0.67066,0.87979,0.01886,1.56931,71.94873
79.050,"PID",1.40079,-0.66505,0.42457,-1.16609,1.09962,0.27962,0.10911,0.26543,0.20249,0.45000,0.01258,"WALKING",0.30109,0.23192,0.29894,2.37864,3.06607,2.37864,3.06607,-0.04093,-0.05722,0.54175,0.71096,0.01399,1.26670,72.06908
79.150,"PID",1.40846,-0.64798,0.44801,-1.15667,1.09279,0.27279,0.10473,0.25313,0.19576,0.45000,-0.02015,"WALKING",0.29994,0.22073,0.28552,2.26387,2.92846,2.26387,2.92846,-0.06447,-0.07968,0.59571,0.78227,0.01263,1.39061,72.20234
79.250,"PID",1.41640,-0.62996,0.46967,-1.14749,1.08023,0.26023,0.09626,0.23452,0.18204,0.45000,-0.06178,"WALKING",0.29874,0.20439,0.26465,2.09633,2.71434,2.09633,2.71434,-0.08814,-0.11335,0.64379,0.84365,0.01947,1.50691,72.35199
79.350,"PID",1.42825,-0.60261,0.49011,-1.13837,1.07963,0.25963,0.09571,0.22769,0.17857,0.45000,-0.03896,"WALKING",0.29747,0.19814,0.25725,2.03218,2.63841,2.03218,2.63841,-0.01275,-0.01495,0.34631,0.45922,0.00167,0.80720,72.44886
79.450,"PID",1.43953,-0.57515,0.51052,-1.12883,1.08099,0.26099,0.09638,0.23035,0.17860,0.45000,-0.01845,"WALKING",0.29614,0.20079,0.25991,2.05942,2.66574,2.05942,2.66574,0.01836,0.01889,0.36673,0.48440,0.00040,0.85154,72.52998
79.550,"PID",1.45810,-0.52767,0.53109,-1.11875,1.08213,0.26213,0.09718,0.23459,0.17957,0.45000,-0.00667,"WALKING",0.29475,0.20487,0.26431,2.10123,2.71086,2.10123,2.71086,0.02115,0.02328,0.38653,0.50859,0.00162,0.89675,72.61881
79.650,"PID",1.46850,-0.49818,0.55350,-1.10722,1.10369,0.28369,0.11161,0.26201,0.20183,0.45000,0.07407,"WALKING",0.29329,0.22861,0.29541,2.34471,3.02989,2.34471,3.02989,0.10792,0.12817,0.78718,1.02967,0.01734,1.83419,72.81769
79.750,"PID",1.47453,-0.47921,0.57627,-1.09494,1.09786,0.27786,0.10799,0.26210,0.19925,0.45000,0.02380,"WALKING",0.29178,0.22912,0.29507,2.34997,3.02640,2.34997,3.02640,-0.01254,-0.01371,0.40230,0.53038,0.00099,0.93367,72.91195
79.850,"PID",1.48759,-0.43836,0.59760,-1.08289,1.08486,0.26486,0.09972,0.24488,0.18711,0.45000,-0.03420,"WALKING",0.29021,0.21392,0.27585,2.19400,2.82923,2.19400,2.82923,-0.07864,-0.09393,0.62531,0.81714,0.01213,1.45458,73.06210
79.950,"PID",1.48925,-0.43072,0.61883,-1.07037,1.08992,0.26992,0.10310,0.24841,0.19187,0.45000,-0.01208,"WALKING",0.28858,0.21665,0.28016,2.22205,2.87344,2.22205,2.87344,-0.02683,-0.05147,0.46938,0.61821,0.02005,1.10764,73.18914
80.050,"PID",1.49517,-0.40929,0.63839,-1.05833,1.07471,0.25471,0.09300,0.22880,0.17598,0.45000,-0.06487,"WALKING",0.28690,0.19967,0.25793,2.04795,2.64539,2.04795,2.64539,-0.08594,-0.10790,0.61604,0.80524,0.01639,1.43768,73.33918
80.150,"PID",1.50247,-0.38163,0.65696,-1.04645,1.07522,0.25522,0.09352,0.22405,0.17423,0.45000,-0.03736,"WALKING",0.28517,0.19521,0.25288,2.00220,2.59367,2.00220,2.59367,-0.00720,-0.00895,0.32270,0.42724,0.00129,0.75123,73.42633
80.250,"PID",1.51087,-0.34739,0.67543,-1.03418,1.07585,0.25585,0.09407,0.22642,0.17426,0.45000,-0.02030,"WALKING",0.28338,0.19758,0.25526,2.02647,2.61808,2.02647,2.61808,0.01543,0.01590,0.35104,0.46282,0.00035,0.81420,73.50492
80.350,"PID",1.51995,-0.30681,0.69461,-1.02094,1.08815,0.26815,0.10271,0.24182,0.18679,0.45000,0.03631,"WALKING",0.28154,0.21090,0.27273,2.16311,2.79724,2.16311,2.79724,0.08206,0.10601,0.64239,0.84135,0.01898,1.50272,73.64071
80.450,"PID",1.52729,-0.26965,0.71482,-1.00641,1.09648,0.27648,0.10852,0.25690,0.19730,0.45000,0.05556,"WALKING",0.27965,0.22424,0.28955,2.29993,2.96974,2.29993,2.96974,0.06821,0.08878,0.62884,0.82392,0.01721,1.46997,73.78424
80.550,"PID",1.53032,-0.25026,0.73514,-0.99118,1.08980,0.26980,0.10440,0.25551,0.19390,0.45000,0.00412,"WALKING",0.27771,0.22342,0.28760,2.29150,2.94976,2.29150,2.94976,-0.04106,-0.05885,0.52384,0.68597,0.01463,1.22443,73.90150
80.650,"PID",1.53266,-0.23369,0.75423,-0.97631,1.08217,0.26217,0.09974,0.24278,0.18667,0.45000,-0.02821,"WALKING",0.27573,0.21188,0.27367,2.17317,2.80689,2.17317,2.80689,-0.06537,-0.08101,0.57446,0.75265,0.01238,1.33949,74.03091
80.750,"PID",1.53490,-0.21711,0.77168,-0.96220,1.06876,0.24876,0.09085,0.22373,0.17225,0.45000,-0.07003,"WALKING",0.27370,0.19523,0.25224,2.00232,2.58709,2.00232,2.58709,-0.09026,-0.11687,0.62264,0.81356,0.01944,1.45564,74.17530
80.850,"PID",1.53848,-0.19008,0.78796,-0.94857,1.06679,0.24679,0.08973,0.21568,0.16777,0.45000,-0.04922,"WALKING",0.27163,0.18791,0.24344,1.92728,2.49684,1.92728,2.49684,-0.01795,-0.02115,0.34446,0.45480,0.00228,0.80154,74.27139
80.950,"PID",1.54156,-0.16319,0.80401,-0.93466,1.06722,0.24722,0.09020,0.21751,0.16734,0.45000,-0.02827,"WALKING",0.26952,0.18981,0.24520,1.94682,2.51491,1.94682,2.51491,0.01486,0.01466,0.33354,0.43944,0.00014,0.77312,74.34474
81.050,"PID",1.54623,-0.11642,0.82009,-0.92026,1.06725,0.24725,0.09061,0.22092,0.16765,0.45000,-0.01717,"WALKING",0.26736,0.19317,0.24867,1.98126,2.55041,1.98126,2.55041,0.01664,0.01730,0.34674,0.45505,0.00046,0.80225,74.42500
81.150,"PID",1.54827,-0.08673,0.83747,-0.90410,1.08840,0.26840,0.10545,0.24771,0.19024,0.45000,0.06715,"WALKING",0.26517,0.21622,0.27919,2.21768,2.86353,2.21768,2.86353,0.11079,0.13449,0.75883,0.99092,0.01912,1.76887,74.60977
81.250,"PID",1.54893,-0.06889,0.85502,-0.88716,1.08150,0.26150,0.10134,0.24754,0.18705,0.45000,0.01549,"WALKING",0.26295,0.21658,0.27850,2.22138,2.85640,2.22138,2.85640,-0.01392,-0.01582,0.38463,0.50546,0.00151,0.89160,74.69881
81.350,"PID",1.55050,-0.03083,0.87119,-0.87100,1.06682,0.24682,0.09201,0.22938,0.17341,0.45000,-0.04681,"WALKING",0.26068,0.20068,0.25808,2.05827,2.64699,2.05827,2.64699,-0.08844,-0.10954,0.62596,0.81435,0.01552,1.45583,74.84325
81.450,"PID",1.55010,-0.02453,0.88708,-0.85452,1.07279,0.25279,0.09638,0.23310,0.17920,0.45000,-0.01540,"WALKING",0.25839,0.20345,0.26276,2.08662,2.69499,2.08662,2.69499,-0.01910,-0.04010,0.40782,0.53656,0.01596,0.96033,74.95520
81.550,"PID",1.55016,-0.00574,0.90158,-0.83898,1.05645,0.23645,0.08546,0.21341,0.16222,0.45000,-0.07110,"WALKING",0.25606,0.18656,0.24026,1.91345,2.46418,1.91345,2.46418,-0.08664,-0.10985,0.57802,0.75252,0.01597,1.34651,75.09538
81.650,"PID",1.55005,0.01975,0.91521,-0.82389,1.05582,0.23582,0.08549,0.20771,0.15960,0.45000,-0.04550,"WALKING",0.25371,0.18130,0.23413,1.85945,2.40129,1.85945,2.40129,-0.01138,-0.01406,0.31167,0.41029,0.00181,0.72377,75.17921
81.750,"PID",1.54943,0.05123,0.92858,-0.80859,1.05574,0.23574,0.08579,0.20943,0.15912,0.45000,-0.02805,"WALKING",0.25132,0.18310,0.23577,1.87791,2.41812,1.87791,2.41812,0.01283,0.01243,0.31470,0.41306,0.00027,0.72803,75.24926
81.850,"PID",1.54800,0.08985,0.94239,-0.79226,1.06706,0.24706,0.09420,0.22391,0.17116,0.45000,0.02810,"WALKING",0.24892,0.19559,0.25224,2.00602,2.58707,2.00602,2.58707,0.07936,0.10368,0.58593,0.76466,0.01765,1.36824,75.37103
81.950,"PID",1.54588,0.12506,0.95688,-0.77450,1.07456,0.25456,0.09980,0.23849,0.18130,0.45000,0.04726,"WALKING",0.24649,0.20848,0.26849,2.13829,2.75377,2.13829,2.75377,0.06546,0.08524,0.57203,0.74685,0.01521,1.33410,75.50163
82.050,"PID",1.54424,0.14096,0.97142,-0.75602,1.06790,0.24790,0.09583,0.23750,0.17809,0.45000,-0.00119,"WALKING",0.24403,0.20803,0.26698,2.13361,2.73821,2.13361,2.73821,-0.04008,-0.05883,0.48406,0.63116,0.01416,1.12937,75.61143
82.150,"PID",1.54266,0.15460,0.98492,-0.73822,1.05938,0.23938,0.09082,0.22414,0.17028,0.45000,-0.03470,"WALKING",0.24156,0.19596,0.25232,2.00980,2.58786,2.00980,2.58786,-0.06754,-0.08352,0.53668,0.70002,0.01155,1.24824,75.73300
82.250,"PID",1.54112,0.16731,0.99704,-0.72168,1.04525,0.22525,0.08153,0.20453,0.15520,0.45000,-0.07687,"WALKING",0.23907,0.17884,0.23021,1.83428,2.36117,1.83428,2.36117,-0.09284,-0.12073,0.57781,0.75124,0.01836,1.34741,75.86684
82.350,"PID",1.53837,0.19094,1.00817,-0.70601,1.04207,0.22207,0.07989,0.19528,0.14980,0.45000,-0.05786,"WALKING",0.23657,0.17049,0.22007,1.74857,2.25712,1.74857,2.25712,-0.02268,-0.02670,0.32473,0.42606,0.00255,0.75334,75.95747
82.450,"PID",1.53529,0.21427,1.01900,-0.69026,1.04178,0.22178,0.08021,0.19642,0.14898,0.45000,-0.03636,"WALKING",0.23405,0.17177,0.22108,1.76172,2.26750,1.76172,2.26750,0.01212,0.01133,0.29150,0.38207,0.00050,0.67407,76.02103
82.550,"PID",1.52930,0.25600,1.02977,-0.67409,1.04111,0.22111,0.08047,0.19936,0.14899,0.45000,-0.02478,"WALKING",0.23152,0.17470,0.22402,1.79184,2.29763,1.79184,2.29763,0.01465,0.01482,0.30526,0.39840,0.00011,0.70376,76.09135
82.650,"PID",1.52465,0.28305,1.04140,-0.65600,1.06186,0.24186,0.09572,0.22560,0.17199,0.45000,0.06205,"WALKING",0.22899,0.19714,0.25407,2.02195,2.60583,2.02195,2.60583,0.11390,0.14156,0.70561,0.91850,0.02018,1.64430,76.25657
82.750,"PID",1.52163,0.29774,1.05306,-0.63716,1.05407,0.23407,0.09116,0.22529,0.16827,0.45000,0.00905,"WALKING",0.22644,0.19744,0.25314,2.02506,2.59630,2.02506,2.59630,-0.01472,-0.01718,0.35168,0.45978,0.00176,0.81321,76.33730
82.850,"PID",1.51532,0.32968,1.06370,-0.61935,1.03776,0.21776,0.08077,0.20617,0.15318,0.45000,-0.05820,"WALKING",0.22389,0.18082,0.23152,1.85458,2.37460,1.85458,2.37460,-0.09887,-0.12583,0.60061,0.77643,0.01752,1.39456,76.47052
82.950,"PID",1.51399,0.33356,1.07401,-0.60142,1.04460,0.22460,0.08629,0.20995,0.16024,0.45000,-0.01813,"WALKING",0.22134,0.18343,0.23647,1.88128,2.42529,1.88128,2.42529,-0.01264,-0.02955,0.34029,0.44660,0.01150,0.79839,76.56483
83.050,"PID",1.51064,0.34785,1.08327,-0.58473,1.02709,0.20709,0.07467,0.18994,0.14238,0.45000,-0.07718,"WALKING",0.21878,0.16637,0.21350,1.70640,2.18976,1.70640,2.18976,-0.08858,-0.11267,0.51971,0.67328,0.01455,1.20754,76.69050
83.150,"PID",1.50561,0.36901,1.09178,-0.56885,1.02545,0.20545,0.07438,0.18330,0.13918,0.45000,-0.05293,"WALKING",0.21623,0.16026,0.20633,1.64371,2.11620,1.64371,2.11620,-0.01512,-0.01817,0.28350,0.37099,0.00180,0.65628,76.76694
83.250,"PID",1.49902,0.39533,1.10006,-0.55289,1.02471,0.20471,0.07463,0.18445,0.13853,0.45000,-0.03513,"WALKING",0.21368,0.16152,0.20737,1.65660,2.12691,1.65660,2.12691,0.01031,0.00967,0.26856,0.35080,0.00038,0.61974,76.82635
83.350,"PID",1.48997,0.42932,1.10855,-0.53593,1.03521,0.21521,0.08305,0.19816,0.15048,0.45000,0.02092,"WALKING",0.21113,0.17326,0.22307,1.77702,2.28788,1.77702,2.28788,0.07724,0.10266,0.51224,0.66651,0.01622,1.19497,76.93083
83.450,"PID",1.48108,0.46025,1.11745,-0.51743,1.04200,0.22200,0.08859,0.21239,0.16058,0.45000,0.04003,"WALKING",0.20859,0.18581,0.23897,1.90579,2.45094,1.90579,2.45094,0.06311,0.08259,0.49969,0.65064,0.01327,1.16361,77.04507
83.550,"PID",1.47724,0.47151,1.12628,-0.49831,1.03546,0.21546,0.08490,0.21189,0.15782,0.45000,-0.00549,"WALKING",0.20606,0.18577,0.23801,1.90537,2.44116,1.90537,2.44116,-0.03891,-0.05831,0.42714,0.55510,0.01299,0.99523,77.14368
83.650,"PID",1.47382,0.48123,1.13432,-0.48017,1.02645,0.20645,0.07960,0.19828,0.14959,0.45000,-0.03903,"WALKING",0.20355,0.17352,0.22304,1.77973,2.28756,1.77973,2.28756,-0.06768,-0.08373,0.47328,0.61529,0.01018,1.09875,77.25165
83.750,"PID",1.47094,0.48925,1.14138,-0.46360,1.01183,0.19183,0.06998,0.17843,0.13399,0.45000,-0.08140,"WALKING",0.20104,0.15626,0.20061,1.60265,2.05752,1.60265,2.05752,-0.09403,-0.12294,0.50688,0.65637,0.01643,1.17968,77.36903
83.850,"PID",1.46451,0.50817,1.14767,-0.44827,1.00787,0.18787,0.06801,0.16840,0.12798,0.45000,-0.06350,"WALKING",0.19855,0.14722,0.18958,1.50996,1.94442,1.50996,1.94442,-0.02539,-0.02966,0.28498,0.37204,0.00232,0.65934,77.44901
83.950,"PID",1.45793,0.52678,1.15373,-0.43295,1.00722,0.18722,0.06839,0.16928,0.12715,0.45000,-0.04119,"WALKING",0.19608,0.14824,0.19032,1.52038,1.95203,1.52038,1.95203,0.01101,0.01025,0.24675,0.32185,0.00041,0.56901,77.50332
84.050,"PID",1.44525,0.56162,1.15969,-0.41730,1.00622,0.18622,0.06867,0.17209,0.12717,0.45000,-0.02902,"WALKING",0.19363,0.15104,0.19314,1.54917,1.98088,1.54917,1.98088,0.01405,0.01425,0.26024,0.33789,0.00011,0.59824,77.56303
84.150,"PID",1.43613,0.58499,1.16611,-0.39971,1.02707,0.20707,0.08451,0.19826,0.15089,0.45000,0.06103,"WALKING",0.19119,0.17328,0.22323,1.77727,2.28953,1.77727,2.28953,0.11938,0.15151,0.63913,0.83038,0.02057,1.49007,77.70666
84.250,"PID",1.43143,0.59589,1.17251,-0.38134,1.01877,0.19877,0.07950,0.19822,0.14674,0.45000,0.00641,"WALKING",0.18879,0.17394,0.22251,1.78398,2.28213,1.78398,2.28213,-0.01435,-0.01752,0.30719,0.39979,0.00197,0.70896,77.77799
84.350,"PID",1.42108,0.62074,1.17821,-0.36423,1.00125,0.18125,0.06801,0.17843,0.13015,0.45000,-0.06559,"WALKING",0.18640,0.15689,0.19997,1.60917,2.05101,1.60917,2.05101,-0.10749,-0.14062,0.54831,0.70430,0.01829,1.27089,77.89541
84.450,"PID",1.41996,0.62224,1.18362,-0.34716,1.00961,0.18961,0.07486,0.18283,0.13873,0.45000,-0.01593,"WALKING",0.18405,0.15987,0.20579,1.63970,2.11068,1.63970,2.11068,-0.00334,-0.01574,0.26448,0.34641,0.00730,0.61819,77.97162
84.550,"PID",1.41556,0.63184,1.18838,-0.33147,0.99141,0.17141,0.06248,0.16299,0.11994,0.45000,-0.07833,"WALKING",0.18172,0.14314,0.18284,1.46812,1.87531,1.46812,1.87531,-0.08814,-0.11311,0.44505,0.57307,0.01270,1.03083,78.07890
84.650,"PID",1.40811,0.64829,1.19263,-0.31682,0.98928,0.16928,0.06188,0.15584,0.11619,0.45000,-0.05541,"WALKING",0.17942,0.13661,0.17507,1.40114,1.79559,1.40114,1.79559,-0.01683,-0.02027,0.24380,0.31668,0.00170,0.56217,78.14481
84.750,"PID",1.39846,0.66903,1.19670,-0.30216,0.98842,0.16842,0.06213,0.15685,0.11546,0.45000,-0.03708,"WALKING",0.17716,0.13774,0.17596,1.41272,1.80469,1.41272,1.80469,0.00994,0.00922,0.22604,0.29300,0.00035,0.51939,78.19439
84.850,"PID",1.38473,0.69774,1.20085,-0.28654,0.99868,0.17868,0.07075,0.17028,0.12762,0.45000,0.01916,"WALKING",0.17493,0.14916,0.19140,1.52980,1.96303,1.52980,1.96303,0.07741,0.10451,0.44112,0.57115,0.01467,1.02694,78.28251
84.950,"PID",1.37164,0.72392,1.20515,-0.26940,1.00531,0.18531,0.07643,0.18458,0.13800,0.45000,0.03827,"WALKING",0.17274,0.16174,0.20742,1.65892,2.12740,1.65892,2.12740,0.06292,0.08273,0.43245,0.56056,0.01159,1.00460,78.38114
85.050,"PID",1.36762,0.73087,1.20940,-0.25157,0.99946,0.17946,0.07328,0.18508,0.13616,0.45000,-0.00424,"WALKING",0.17058,0.16254,0.20761,1.66709,2.12935,1.66709,2.12935,-0.03592,-0.05516,0.36331,0.46996,0.01112,0.84439,78.46801
85.150,"PID",1.36404,0.73698,1.21313,-0.23492,0.99043,0.17043,0.06791,0.17154,0.12789,0.45000,-0.03810,"WALKING",0.16847,0.15038,0.19271,1.54233,1.97652,1.54233,1.97652,-0.06641,-0.08182,0.40410,0.52301,0.00836,0.93547,78.56082
85.250,"PID",1.36163,0.74095,1.21629,-0.21997,0.97587,0.15587,0.05817,0.15181,0.11215,0.45000,-0.08058,"WALKING",0.16639,0.13325,0.17037,1.36663,1.74736,1.36663,1.74736,-0.09332,-0.12244,0.42900,0.55251,0.01385,0.99535,78.66031
85.350,"PID",1.35365,0.75544,1.21900,-0.20641,0.97149,0.15149,0.05586,0.14126,0.10559,0.45000,-0.06442,"WALKING",0.16436,0.12379,0.15874,1.26961,1.62809,1.26961,1.62809,-0.02711,-0.03150,0.24133,0.31297,0.00197,0.55627,78.72832
85.450,"PID",1.34561,0.76966,1.22156,-0.19291,0.97092,0.15092,0.05630,0.14211,0.10481,0.45000,-0.04143,"WALKING",0.16238,0.12477,0.15946,1.27967,1.63548,1.27967,1.63548,0.01118,0.01053,0.20629,0.26714,0.00029,0.47372,78.77356
85.550,"PID",1.32949,0.79783,1.22402,-0.17913,0.97004,0.15004,0.05669,0.14508,0.10496,0.45000,-0.02873,"WALKING",0.16044,0.12770,0.16245,1.30978,1.66612,1.30978,1.66612,0.01482,0.01528,0.22000,0.28342,0.00021,0.50363,78.82370
85.650,"PID",1.31749,0.81789,1.22664,-0.16336,0.99141,0.17141,0.07337,0.17144,0.12980,0.45000,0.06436,"WALKING",0.15855,0.14996,0.19292,1.53801,1.97866,1.53801,1.97866,0.12559,0.16334,0.57265,0.74194,0.02078,1.33537,78.94714
85.750,"PID",1.31250,0.82552,1.22919,-0.14675,0.98296,0.16296,0.06826,0.17195,0.12582,0.45000,0.00776,"WALKING",0.15671,0.15113,0.19278,1.55006,1.97719,1.55006,1.97719,-0.01371,-0.01696,0.26329,0.34091,0.00173,0.60594,79.00967
85.850,"PID",1.30087,0.84404,1.23134,-0.13153,0.96465,0.14465,0.05602,0.15171,0.10836,0.45000,-0.06894,"WALKING",0.15491,0.13377,0.16964,1.37205,1.73991,1.37205,1.73991,-0.11536,-0.15376,0.48818,0.62290,0.01765,1.12873,79.11083
85.950,"PID",1.30045,0.84398,1.23329,-0.11642,0.97492,0.15492,0.06457,0.15700,0.11912,0.45000,-0.00972,"WALKING",0.15318,0.13729,0.17672,1.40806,1.81247,1.40806,1.81247,0.00673,0.00012,0.21166,0.27685,0.00334,0.49186,79.17286
86.050,"PID",1.29645,0.84986,1.23492,-0.10268,0.95641,0.13641,0.05173,0.13759,0.10000,0.45000,-0.07557,"WALKING",0.15149,0.12104,0.15414,1.24145,1.58093,1.24145,1.58093,-0.08684,-0.11178,0.37209,0.47706,0.01058,0.85972,79.26240
86.150,"PID",1.28813,0.86242,1.23629,-0.09007,0.95419,0.13419,0.05108,0.13022,0.09618,0.45000,-0.05393,"WALKING",0.14986,0.11430,0.14614,1.17230,1.49883,1.17230,1.49883,-0.01746,-0.02046,0.20312,0.26264,0.00123,0.46699,79.31760
86.250,"PID",1.27731,0.87849,1.23752,-0.07762,0.95365,0.13365,0.05156,0.13141,0.09581,0.45000,-0.03488,"WALKING",0.14829,0.11555,0.14726,1.18515,1.51040,1.18515,1.51040,0.01112,0.01099,0.19075,0.24605,0.00005,0.43685,79.35904
86.350,"PID",1.26077,0.90263,1.23871,-0.06420,0.96418,0.14418,0.06038,0.14499,0.10826,0.45000,0.02192,"WALKING",0.14678,0.12707,0.16291,1.30330,1.67085,1.30330,1.67085,0.07966,0.10868,0.38061,0.49163,0.01333,0.88556,79.43365
86.450,"PID",1.24507,0.92482,1.23986,-0.04920,0.97118,0.15118,0.06629,0.15987,0.11910,0.45000,0.04133,"WALKING",0.14532,0.14016,0.17958,1.43752,1.84184,1.43752,1.84184,0.06486,0.08520,0.37780,0.48853,0.01028,0.87661,79.51977
86.550,"PID",1.24183,0.92867,1.24089,-0.03343,0.96652,0.14652,0.06372,0.16175,0.11827,0.45000,0.00186,"WALKING",0.14392,0.14217,0.18132,1.45818,1.85970,1.45818,1.85970,-0.03068,-0.04981,0.30385,0.39199,0.00959,0.70543,79.59628
86.650,"PID",1.23878,0.93231,1.24167,-0.01880,0.95785,0.13785,0.05836,0.14859,0.11011,0.45000,-0.03275,"WALKING",0.14259,0.13037,0.16682,1.33711,1.71093,1.33711,1.71093,-0.06399,-0.07848,0.34265,0.44228,0.00677,0.79169,79.67544
86.750,"PID",1.23757,0.93352,1.24223,-0.00595,0.94369,0.12369,0.04863,0.12917,0.09445,0.45000,-0.07568,"WALKING",0.14132,0.11353,0.14480,1.16445,1.48511,1.16445,1.48511,-0.09176,-0.12066,0.36108,0.46337,0.01158,0.83603,79.75943
86.850,"PID",1.22904,0.94472,1.24262,0.00547,0.93936,0.11936,0.04617,0.11841,0.08766,0.45000,-0.06105,"WALKING",0.14011,0.10391,0.13292,1.06570,1.36331,1.06570,1.36331,-0.02741,-0.03137,0.20142,0.26010,0.00147,0.46299,79.81664
86.950,"PID",1.22049,0.95574,1.24291,0.01678,0.93933,0.11933,0.04685,0.11959,0.08723,0.45000,-0.03726,"WALKING",0.13897,0.10515,0.13403,1.07851,1.37465,1.07851,1.37465,0.01295,0.01296,0.17611,0.22691,0.00000,0.40303,79.85445
87.050,"PID",1.20271,0.97849,1.24310,0.02843,0.93902,0.11902,0.04750,0.12308,0.08783,0.45000,-0.02394,"WALKING",0.13789,0.10855,0.13762,1.11329,1.41145,1.11329,1.41145,0.01724,0.01847,0.19058,0.24415,0.00046,0.43518,79.89766
87.150,"PID",1.18842,0.99619,1.24319,0.04210,0.96136,0.14136,0.06502,0.14997,0.11382,0.45000,0.07222,"WALKING",0.13687,0.13113,0.16880,1.34492,1.73133,1.34492,1.73133,0.13351,0.17708,0.52204,0.67604,0.02104,1.21911,80.00574
87.250,"PID",1.18347,1.00180,1.24313,0.05673,0.95320,0.13320,0.05986,0.15136,0.11011,0.45000,0.01355,"WALKING",0.13593,0.13314,0.16958,1.36550,1.73932,1.36550,1.73932,-0.01145,-0.01466,0.22554,0.29118,0.00150,0.51822,80.06145
87.350,"PID",1.17187,1.01552,1.24294,0.06996,0.93483,0.11483,0.04721,0.13123,0.09230,0.45000,-0.06653,"WALKING",0.13505,0.11596,0.14651,1.18930,1.50264,1.18930,1.50264,-0.11949,-0.16177,0.43316,0.55011,0.01655,0.99982,80.14882
87.450,"PID",1.17180,1.01508,1.24261,0.08304,0.94706,0.12706,0.05721,0.13742,0.10493,0.45000,0.00035,"WALKING",0.13424,0.12006,0.15479,1.23134,1.58757,1.23134,1.58757,0.01724,0.01674,0.20999,0.27413,0.00022,0.48434,80.20435
87.550,"PID",1.16849,1.01866,1.24221,0.09480,0.92870,0.10870,0.04409,0.11872,0.08572,0.45000,-0.06862,"WALKING",0.13350,0.10453,0.13291,1.07214,1.36316,1.07214,1.36316,-0.08400,-0.10832,0.31496,0.40282,0.00885,0.72663,80.28018
87.650,"PID",1.15970,1.02866,1.24176,0.10545,0.92678,0.10678,0.04347,0.11144,0.08202,0.45000,-0.04833,"WALKING",0.13283,0.09787,0.12502,1.00379,1.28223,1.00379,1.28223,-0.01670,-0.01890,0.17109,0.22069,0.00077,0.39255,80.32701
87.750,"PID",1.14832,1.04144,1.24122,0.11610,0.92688,0.10688,0.04427,0.11305,0.08217,0.45000,-0.02902,"WALKING",0.13223,0.09945,0.12665,1.01999,1.29895,1.01999,1.29895,0.01273,0.01353,0.16648,0.21418,0.00028,0.38094,80.36310
87.850,"PID",1.12956,1.06224,1.24052,0.12771,0.93770,0.11770,0.05331,0.12663,0.09500,0.45000,0.02693,"WALKING",0.13170,0.11091,0.14235,1.13753,1.46004,1.13753,1.46004,0.08060,0.11136,0.33429,0.43190,0.01240,0.77859,80.42774
87.950,"PID",1.11160,1.08161,1.23960,0.14093,0.94540,0.12540,0.05967,0.14214,0.10664,0.45000,0.04695,"WALKING",0.13124,0.12449,0.15978,1.27679,1.63881,1.27679,1.63881,0.06693,0.08813,0.33933,0.43911,0.00959,0.78803,80.50517
88.050,"PID",1.10902,1.08381,1.23846,0.15502,0.94212,0.12212,0.05789,0.14549,0.10719,0.45000,0.01034,"WALKING",0.13085,0.12775,0.16323,1.31025,1.67414,1.31025,1.67414,-0.02545,-0.04364,0.26015,0.33606,0.00827,0.60448,80.57465
88.150,"PID",1.10620,1.08633,1.23728,0.16799,0.93406,0.11406,0.05277,0.13286,0.09954,0.45000,-0.02495,"WALKING",0.13054,0.11638,0.14933,1.19367,1.53159,1.19367,1.53159,-0.06104,-0.07387,0.29778,0.38518,0.00542,0.68838,80.64405
88.250,"PID",1.10592,1.08627,1.23616,0.17926,0.92060,0.10060,0.04323,0.11397,0.08431,0.45000,-0.06822,"WALKING",0.13030,0.10002,0.12793,1.02584,1.31206,1.02584,1.31206,-0.08941,-0.11745,0.31277,0.40229,0.01003,0.72508,80.71713
88.350,"PID",1.09676,1.09552,1.23509,0.18908,0.91655,0.09655,0.04075,0.10320,0.07755,0.45000,-0.05515,"WALKING",0.13013,0.09037,0.11604,0.92685,1.19014,0.92685,1.19014,-0.02686,-0.02999,0.17299,0.22401,0.00103,0.39803,80.76691
88.450,"PID",1.08753,1.10468,1.23396,0.19884,0.91731,0.09731,0.04182,0.10489,0.07775,0.45000,-0.03060,"WALKING",0.13003,0.09203,0.11776,0.94385,1.20779,0.94385,1.20779,0.01540,0.01651,0.15781,0.20385,0.00037,0.36202,80.80040
88.550,"PID",1.06983,1.12220,1.23270,0.20898,0.91779,0.09779,0.04284,0.10906,0.07901,0.45000,-0.01677,"STOPPED",0.00000,0.09598,0.12213,0.98443,1.25264,0.98443,1.25264,0.02025,0.02260,0.17327,0.22250,0.00079,0.39656,80.83963
88.650,"PID",1.06235,1.12968,1.23112,0.22076,0.93470,0.11470,0.05593,0.13045,0.09871,0.45000,0.05466,"STOPPED",0.00000,0.11411,0.14679,1.17039,1.50551,1.17039,1.50551,0.10159,0.13133,0.38177,0.49411,0.01246,0.88834,80.92206
88.750,"PID",1.06636,1.12567,1.22946,0.23242,0.91752,0.09752,0.04350,0.11977,0.08318,0.45000,-0.03240,"STOPPED",0.00000,0.10600,0.13354,1.08722,1.36960,1.08722,1.36960,-0.06658,-0.09030,0.28927,0.36672,0.00837,0.66436,80.98109
88.850,"PID",1.06456,1.12747,1.22809,0.24159,0.89224,0.07224,0.02496,0.08910,0.05459,0.45000,-0.12176,"STOPPED",0.00000,0.08007,0.09814,0.82123,1.00655,0.82123,1.00655,-0.16211,-0.22365,0.36460,0.44799,0.01425,0.82684,81.05994
88.950,"PID",1.07325,1.11879,1.22683,0.24964,0.89828,0.07828,0.03051,0.08676,0.05823,0.45000,-0.05586,"STOPPED",0.00000,0.07712,0.09639,0.79097,0.98866,0.79097,0.98866,-0.00760,-0.01801,0.12761,0.16068,0.00257,0.29086,81.08919
89.050,"PID",1.07955,1.11248,1.22585,0.25581,0.87386,0.05386,0.01240,0.06240,0.02987,0.45000,-0.12624,"STOPPED",0.00000,0.05746,0.06735,0.58931,0.69072,0.58931,0.69072,-0.10347,-0.14180,0.19589,0.23002,0.00486,0.43076,81.13721
89.150,"PID",1.07955,1.11248,1.22510,0.26043,0.86664,0.04664,0.00823,0.05076,0.01911,0.45000,-0.10393,"STOPPED",0.00000,0.04760,0.05392,0.48820,0.55307,0.48820,0.55307,-0.03125,-0.04408,0.09691,0.11000,0.00104,0.20795,81.16269
89.250,"PID",1.07723,1.11480,1.22519,0.25985,0.86469,0.04469,0.00730,0.00000,0.00000,0.45000,-0.06966,"STOPPED",0.00000,0.00000,0.00000,0.00000,0.00000,0.00000,0.00000,0.00000,0.00000,0.00000,0.00000,0.00000,0.00000,81.16269
89.350,"PID",1.06655,1.12548,1.22529,0.25927,0.87594,0.05594,0.01590,0.00000,0.00000,0.45000,0.00428,"STOPPED",0.00000,0.00000,0.00000,0.00000,0.00000,0.00000,0.00000,0.00000,0.00000,0.00000,0.00000,0.00000,0.00000,81.16269
89.450,"PID",1.05669,1.13534,1.22539,0.25869,0.88622,0.06622,0.02347,0.00000,0.00000,0.45000,0.04328,"STOPPED",0.00000,0.00000,0.00000,0.00000,0.00000,0.00000,0.00000,0.00000,0.00000,0.00000,0.00000,0.00000,0.00000,81.16269
89.550,"PID",1.06378,1.12825,1.22548,0.25811,0.88765,0.06765,0.02411,0.00000,0.00000,0.45000,0.02632,"STOPPED",0.00000,0.00000,0.00000,0.00000,0.00000,0.00000,0.00000,0.00000,0.00000,0.00000,0.00000,0.00000,0.00000,81.16269
89.650,"PID",1.07015,1.12188,1.22558,0.25753,0.88327,0.06327,0.02025,0.00000,0.00000,0.45000,-0.00075,"STOPPED",0.00000,0.00000,0.00000,0.00000,0.00000,0.00000,0.00000,0.00000,0.00000,0.00000,0.00000,0.00000,0.00000,81.16269
89.750,"PID",1.07955,1.11248,1.22568,0.25695,0.87217,0.05217,0.01099,0.00000,0.00000,0.45000,-0.04437,"STOPPED",0.00000,0.00000,0.00000,0.00000,0.00000,0.00000,0.00000,0.00000,0.00000,0.00000,0.00000,0.00000,0.00000,81.16269
89.850,"PID",1.07955,1.11248,1.22577,0.25637,0.86821,0.04821,0.00730,0.00000,0.00000,0.45000,-0.04032,"STOPPED",0.00000,0.00000,0.00000,0.00000,0.00000,0.00000,0.00000,0.00000,0.00000,0.00000,0.00000,0.00000,0.00000,81.16269
89.950,"PID",1.07955,1.11248,1.22587,0.25579,0.86880,0.04880,0.00730,0.00000,0.00000,0.45000,-0.02222,"STOPPED",0.00000,0.00000,0.00000,0.00000,0.00000,0.00000,0.00000,0.00000,0.00000,0.00000,0.00000,0.00000,0.00000,81.16269
90.050,"PID",1.07074,1.12130,1.22597,0.25521,0.86939,0.04939,0.00729,0.00000,0.00000,0.45000,-0.01121,"STOPPED",0.00000,0.00000,0.00000,0.00000,0.00000,0.00000,0.00000,0.00000,0.00000,0.00000,0.00000,0.00000,0.00000,81.16269
90.150,"PID",1.06214,1.12989,1.22606,0.25463,0.89421,0.07421,0.02637,0.00000,0.00000,0.45000,0.09224,"STOPPED",0.00000,0.00000,0.00000,0.00000,0.00000,0.00000,0.00000,0.00000,0.00000,0.00000,0.00000,0.00000,0.00000,81.16269
90.250,"PID",1.06580,1.12623,1.22616,0.25406,0.88966,0.06966,0.02242,0.00000,0.00000,0.45000,0.03972,"STOPPED",0.00000,0.00000,0.00000,0.00000,0.00000,0.00000,0.00000,0.00000,0.00000,0.00000,0.00000,0.00000,0.00000,81.16269
90.350,"PID",1.06533,1.12670,1.22625,0.25348,0.87640,0.05640,0.01153,0.00000,0.00000,0.45000,-0.03140,"STOPPED",0.00000,0.00000,0.00000,0.00000,0.00000,0.00000,0.00000,0.00000,0.00000,0.00000,0.00000,0.00000,0.00000,81.16269
90.450,"PID",1.07297,1.11906,1.22635,0.25290,0.89138,0.07138,0.02281,0.00000,0.00000,0.45000,0.03563,"STOPPED",0.00000,0.00000,0.00000,0.00000,0.00000,0.00000,0.00000,0.00000,0.00000,0.00000,0.00000,0.00000,0.00000,81.16269
90.550,"PID",1.07955,1.11248,1.22644,0.25232,0.87461,0.05461,0.00913,0.00000,0.00000,0.45000,-0.04075,"STOPPED",0.00000,0.00000,0.00000,0.00000,0.00000,0.00000,0.00000,0.00000,0.00000,0.00000,0.00000,0.00000,0.00000,81.16269
90.650,"PID",1.07955,1.11248,1.22653,0.25176,0.87289,0.05289,0.00730,0.00000,0.00000,0.45000,-0.03042,"STOPPED",0.00000,0.00000,0.00000,0.00000,0.00000,0.00000,0.00000,0.00000,0.00000,0.00000,0.00000,0.00000,0.00000,81.16269
90.750,"PID",1.07765,1.11438,1.22663,0.25118,0.87348,0.05348,0.00729,0.00000,0.00000,0.45000,-0.01620,"STOPPED",0.00000,0.00000,0.00000,0.00000,0.00000,0.00000,0.00000,0.00000,0.00000,0.00000,0.00000,0.00000,0.00000,81.16269
90.850,"PID",1.06676,1.12527,1.22673,0.25060,0.88425,0.06425,0.01543,0.00000,0.00000,0.45000,0.03513,"STOPPED",0.00000,0.00000,0.00000,0.00000,0.00000,0.00000,0.00000,0.00000,0.00000,0.00000,0.00000,0.00000,0.00000,81.16269
90.950,"PID",1.05661,1.13542,1.22682,0.25002,0.89460,0.07460,0.02301,0.00000,0.00000,0.45000,0.06214,"STOPPED",0.00000,0.00000,0.00000,0.00000,0.00000,0.00000,0.00000,0.00000,0.00000,0.00000,0.00000,0.00000,0.00000,81.16269
91.050,"PID",1.06372,1.12832,1.22592,0.25549,0.89427,0.07427,0.02306,0.07273,0.02827,0.45000,0.02957,"STOPPED",0.00000,0.06805,0.07741,0.69793,0.79392,0.69793,0.79392,0.22669,0.24102,0.35420,0.40337,0.00172,0.75929,81.24935
91.150,"PID",1.06987,1.12216,1.22468,0.26289,0.88222,0.06222,0.01652,0.08113,0.02775,0.45000,-0.02875,"STOPPED",0.00000,0.07653,0.08572,0.78497,0.87919,0.78497,0.87919,0.00645,0.00278,0.11653,0.13101,0.00043,0.24797,81.28405
91.250,"PID",1.07955,1.11248,1.22415,0.26598,0.86342,0.04342,0.00491,0.00000,0.00000,0.45000,-0.09136,"STOPPED",0.00000,0.00000,0.00000,0.00000,0.00000,0.00000,0.00000,-0.72853,-0.80057,0.00000,0.00000,0.00000,0.00000,81.30303
91.350,"PID",1.07955,1.11248,1.22425,0.26541,0.85905,0.03905,0.00086,0.00000,0.00000,0.45000,-0.07031,"STOPPED",0.00000,0.00000,0.00000,0.00000,0.00000,0.00000,0.00000,0.00000,0.00000,0.00000,0.00000,0.00000,0.00000,81.30303
91.450,"PID",1.07955,1.11248,1.22435,0.26483,0.85964,0.03964,0.00087,0.00000,0.00000,0.45000,-0.04048,"STOPPED",0.00000,0.00000,0.00000,0.00000,0.00000,0.00000,0.00000,0.00000,0.00000,0.00000,0.00000,0.00000,0.00000,81.30303
91.550,"PID",1.07164,1.12039,1.22445,0.26425,0.86022,0.04022,0.00087,0.00000,0.00000,0.45000,-0.02233,"STOPPED",0.00000,0.00000,0.00000,0.00000,0.00000,0.00000,0.00000,0.00000,0.00000,0.00000,0.00000,0.00000,0.00000,81.30303
91.650,"PID",1.06193,1.13010,1.22455,0.26367,0.88530,0.06530,0.02034,0.00000,0.00000,0.45000,0.08759,"STOPPED",0.00000,0.00000,0.00000,0.00000,0.00000,0.00000,0.00000,0.00000,0.00000,0.00000,0.00000,0.00000,0.00000,81.30303
91.750,"PID",1.06524,1.12679,1.22465,0.26310,0.88051,0.06051,0.01617,0.00000,0.00000,0.45000,0.03584,"STOPPED",0.00000,0.00000,0.00000,0.00000,0.00000,0.00000,0.00000,0.00000,0.00000,0.00000,0.00000,0.00000,0.00000,81.30303
91.850,"PID",1.06610,1.12593,1.22475,0.26252,0.86789,0.04789,0.00570,0.00000,0.00000,0.45000,-0.03157,"STOPPED",0.00000,0.00000,0.00000,0.00000,0.00000,0.00000,0.00000,0.00000,0.00000,0.00000,0.00000,0.00000,0.00000,81.30303
91.950,"PID",1.07234,1.11969,1.22485,0.26194,0.88295,0.06295,0.01714,0.00000,0.00000,0.45000,0.03742,"STOPPED",0.00000,0.00000,0.00000,0.00000,0.00000,0.00000,0.00000,0.00000,0.00000,0.00000,0.00000,0.00000,0.00000,81.30303
92.050,"PID",1.07955,1.11248,1.22495,0.26136,0.86577,0.04577,0.00302,0.00000,0.00000,0.45000,-0.04147,"STOPPED",0.00000,0.00000,0.00000,0.00000,0.00000,0.00000,0.00000,0.00000,0.00000,0.00000,0.00000,0.00000,0.00000,81.30303
92.150,"PID",1.07955,1.11248,1.22505,0.26078,0.86374,0.04374,0.00089,0.00000,0.00000,0.45000,-0.03190,"STOPPED",0.00000,0.00000,0.00000,0.00000,0.00000,0.00000,0.00000,0.00000,0.00000,0.00000,0.00000,0.00000,0.00000,81.30303
92.250,"PID",1.07807,1.11396,1.22515,0.26021,0.86433,0.04433,0.00089,0.00000,0.00000,0.45000,-0.01711,"STOPPED",0.00000,0.00000,0.00000,0.00000,0.00000,0.00000,0.00000,0.00000,0.00000,0.00000,0.00000,0.00000,0.00000,81.30303
92.350,"PID",1.06697,1.12506,1.22524,0.25964,0.87460,0.05460,0.00874,0.00000,0.00000,0.45000,0.03286,"STOPPED",0.00000,0.00000,0.00000,0.00000,0.00000,0.00000,0.00000,0.00000,0.00000,0.00000,0.00000,0.00000,0.00000,81.30303
92.450,"PID",1.05696,1.13507,1.22534,0.25906,0.88503,0.06503,0.01646,0.00000,0.00000,0.45000,0.06088,"STOPPED",0.00000,0.00000,0.00000,0.00000,0.00000,0.00000,0.00000,0.00000,0.00000,0.00000,0.00000,0.00000,0.00000,81.30303
92.550,"PID",1.06365,1.12839,1.22544,0.25849,0.88793,0.06793,0.01823,0.00000,0.00000,0.45000,0.04299,"STOPPED",0.00000,0.00000,0.00000,0.00000,0.00000,0.00000,0.00000,0.00000,0.00000,0.00000,0.00000,0.00000,0.00000,81.30303
92.650,"PID",1.06959,1.12244,1.22554,0.25792,0.88354,0.06354,0.01437,0.00000,0.00000,0.45000,0.00987,"STOPPED",0.00000,0.00000,0.00000,0.00000,0.00000,0.00000,0.00000,0.00000,0.00000,0.00000,0.00000,0.00000,0.00000,81.30303
92.750,"PID",1.07955,1.11248,1.22564,0.25735,0.87259,0.05259,0.00525,0.00000,0.00000,0.45000,-0.03727,"STOPPED",0.00000,0.00000,0.00000,0.00000,0.00000,0.00000,0.00000,0.00000,0.00000,0.00000,0.00000,0.00000,0.00000,81.30303
92.850,"PID",1.07955,1.11248,1.22574,0.25677,0.86782,0.04782,0.00089,0.00000,0.00000,0.45000,-0.03877,"STOPPED",0.00000,0.00000,0.00000,0.00000,0.00000,0.00000,0.00000,0.00000,0.00000,0.00000,0.00000,0.00000,0.00000,81.30303
92.950,"PID",1.07955,1.11248,1.22584,0.25619,0.86840,0.04840,0.00089,0.00000,0.00000,0.45000,-0.02130,"STOPPED",0.00000,0.00000,0.00000,0.00000,0.00000,0.00000,0.00000,0.00000,0.00000,0.00000,0.00000,0.00000,0.00000,81.30303
93.050,"PID",1.07255,1.11948,1.22594,0.25561,0.86899,0.04899,0.00087,0.00000,0.00000,0.45000,-0.01066,"STOPPED",0.00000,0.00000,0.00000,0.00000,0.00000,0.00000,0.00000,0.00000,0.00000,0.00000,0.00000,0.00000,0.00000,81.30303
93.150,"PID",1.06172,1.13031,1.22605,0.25503,0.89431,0.07431,0.02030,0.00000,0.00000,0.45000,0.09677,"STOPPED",0.00000,0.00000,0.00000,0.00000,0.00000,0.00000,0.00000,0.00000,0.00000,0.00000,0.00000,0.00000,0.00000,81.30303
93.250,"PID",1.06468,1.12735,1.22615,0.25446,0.88927,0.06927,0.01600,0.00000,0.00000,0.45000,0.04034,"STOPPED",0.00000,0.00000,0.00000,0.00000,0.00000,0.00000,0.00000,0.00000,0.00000,0.00000,0.00000,0.00000,0.00000,81.30303
93.350,"PID",1.06686,1.12517,1.22624,0.25389,0.87729,0.05729,0.00614,0.00000,0.00000,0.45000,-0.02666,"STOPPED",0.00000,0.00000,0.00000,0.00000,0.00000,0.00000,0.00000,0.00000,0.00000,0.00000,0.00000,0.00000,0.00000,81.30303
93.450,"PID",1.07172,1.12032,1.22634,0.25332,0.89244,0.07244,0.01751,0.00000,0.00000,0.45000,0.04226,"STOPPED",0.00000,0.00000,0.00000,0.00000,0.00000,0.00000,0.00000,0.00000,0.00000,0.00000,0.00000,0.00000,0.00000,81.30303
93.550,"PID",1.07955,1.11248,1.22644,0.25274,0.87484,0.05484,0.00321,0.00000,0.00000,0.45000,-0.04032,"STOPPED",0.00000,0.00000,0.00000,0.00000,0.00000,0.00000,0.00000,0.00000,0.00000,0.00000,0.00000,0.00000,0.00000,81.30303
93.650,"PID",1.07955,1.11248,1.22654,0.25217,0.87250,0.05250,0.00084,0.00000,0.00000,0.45000,-0.03230,"STOPPED",0.00000,0.00000,0.00000,0.00000,0.00000,0.00000,0.00000,0.00000,0.00000,0.00000,0.00000,0.00000,0.00000,81.30303
93.750,"PID",1.07849,1.11354,1.22665,0.25159,0.87308,0.05308,0.00083,0.00000,0.00000,0.45000,-0.01738,"STOPPED",0.00000,0.00000,0.00000,0.00000,0.00000,0.00000,0.00000,0.00000,0.00000,0.00000,0.00000,0.00000,0.00000,81.30303
93.850,"PID",1.06718,1.12485,1.22675,0.25102,0.88287,0.06287,0.00820,0.00000,0.00000,0.45000,0.03106,"STOPPED",0.00000,0.00000,0.00000,0.00000,0.00000,0.00000,0.00000,0.00000,0.00000,0.00000,0.00000,0.00000,0.00000,81.30303
93.950,"PID",1.05731,1.13472,1.22685,0.25044,0.89338,0.07338,0.01591,0.00000,0.00000,0.45000,0.05987,"STOPPED",0.00000,0.00000,0.00000,0.00000,0.00000,0.00000,0.00000,0.00000,0.00000,0.00000,0.00000,0.00000,0.00000,81.30303
94.050,"PID",1.06358,1.12846,1.22591,0.25590,0.89454,0.07454,0.01733,0.07312,0.02176,0.45000,0.03475,"STOPPED",0.00000,0.06951,0.07672,0.71297,0.78683,0.71297,0.78683,0.23863,0.24861,0.37281,0.41178,0.00092,0.78552,81.38983
94.150,"PID",1.06931,1.12272,1.22462,0.26335,0.88243,0.06243,0.01147,0.08188,0.01954,0.45000,-0.02536,"STOPPED",0.00000,0.07864,0.08511,0.80659,0.87293,0.80659,0.87293,0.00985,0.00634,0.12424,0.13481,0.00029,0.25934,81.42525
94.250,"PID",1.07955,1.11248,1.22408,0.26649,0.86372,0.04372,0.00079,0.00000,0.00000,0.45000,-0.08890,"STOPPED",0.00000,0.00000,0.00000,0.00000,0.00000,0.00000,0.00000,-0.75089,-0.79540,0.00000,0.00000,0.00000,0.00000,81.44430
94.350,"PID",1.07955,1.11248,1.22418,0.26592,0.85854,0.03854,-0.00392,0.00000,0.00000,0.45000,-0.07159,"STOPPED",0.00000,0.00000,0.00000,0.00000,0.00000,0.00000,0.00000,0.00000,0.00000,0.00000,0.00000,0.00000,0.00000,81.44430
94.450,"PID",1.07955,1.11248,1.22429,0.26534,0.85912,0.03912,-0.00393,0.00000,0.00000,0.45000,-0.04126,"STOPPED",0.00000,0.00000,0.00000,0.00000,0.00000,0.00000,0.00000,0.00000,0.00000,0.00000,0.00000,0.00000,0.00000,81.44430
94.550,"PID",1.07346,1.11858,1.22439,0.26477,0.85971,0.03971,-0.00392,0.00000,0.00000,0.45000,-0.02281,"STOPPED",0.00000,0.00000,0.00000,0.00000,0.00000,0.00000,0.00000,0.00000,0.00000,0.00000,0.00000,0.00000,0.00000,81.44430
94.650,"PID",1.06151,1.13052,1.22449,0.26420,0.88474,0.06474,0.01552,0.00000,0.00000,0.45000,0.08918,"STOPPED",0.00000,0.00000,0.00000,0.00000,0.00000,0.00000,0.00000,0.00000,0.00000,0.00000,0.00000,0.00000,0.00000,81.44430
94.750,"PID",1.06413,1.12791,1.22459,0.26362,0.87998,0.05998,0.01137,0.00000,0.00000,0.45000,0.03640,"STOPPED",0.00000,0.00000,0.00000,0.00000,0.00000,0.00000,0.00000,0.00000,0.00000,0.00000,0.00000,0.00000,0.00000,81.44430
94.850,"PID",1.06763,1.12440,1.22469,0.26305,0.86865,0.04865,0.00193,0.00000,0.00000,0.45000,-0.02679,"STOPPED",0.00000,0.00000,0.00000,0.00000,0.00000,0.00000,0.00000,0.00000,0.00000,0.00000,0.00000,0.00000,0.00000,81.44430
94.950,"PID",1.07109,1.12094,1.22480,0.26247,0.88389,0.06389,0.01347,0.00000,0.00000,0.45000,0.04406,"STOPPED",0.00000,0.00000,0.00000,0.00000,0.00000,0.00000,0.00000,0.00000,0.00000,0.00000,0.00000,0.00000,0.00000,81.44430
95.050,"PID",1.07955,1.11248,1.22490,0.26189,0.86588,0.04588,-0.00128,0.00000,0.00000,0.45000,-0.04103,"STOPPED",0.00000,0.00000,0.00000,0.00000,0.00000,0.00000,0.00000,0.00000,0.00000,0.00000,0.00000,0.00000,0.00000,81.44430
95.150,"PID",1.07955,1.11248,1.22500,0.26133,0.86320,0.04320,-0.00395,0.00000,0.00000,0.45000,-0.03391,"STOPPED",0.00000,0.00000,0.00000,0.00000,0.00000,0.00000,0.00000,0.00000,0.00000,0.00000,0.00000,0.00000,0.00000,81.44430
95.250,"PID",1.07891,1.11312,1.22510,0.26075,0.86379,0.04379,-0.00396,0.00000,0.00000,0.45000,-0.01833,"STOPPED",0.00000,0.00000,0.00000,0.00000,0.00000,0.00000,0.00000,0.00000,0.00000,0.00000,0.00000,0.00000,0.00000,81.44430
95.350,"PID",1.06739,1.12464,1.22520,0.26019,0.87308,0.05308,0.00311,0.00000,0.00000,0.45000,0.02874,"STOPPED",0.00000,0.00000,0.00000,0.00000,0.00000,0.00000,0.00000,0.00000,0.00000,0.00000,0.00000,0.00000,0.00000,81.44430
95.450,"PID",1.05766,1.13438,1.22530,0.25962,0.88367,0.06367,0.01098,0.00000,0.00000,0.45000,0.05859,"STOPPED",0.00000,0.00000,0.00000,0.00000,0.00000,0.00000,0.00000,0.00000,0.00000,0.00000,0.00000,0.00000,0.00000,81.44430
95.550,"PID",1.06351,1.12852,1.22540,0.25904,0.88803,0.06803,0.01388,0.00000,0.00000,0.45000,0.04807,"STOPPED",0.00000,0.00000,0.00000,0.00000,0.00000,0.00000,0.00000,0.00000,0.00000,0.00000,0.00000,0.00000,0.00000,81.44430
95.650,"PID",1.06904,1.12300,1.22550,0.25846,0.88338,0.06338,0.00981,0.00000,0.00000,0.45000,0.01227,"STOPPED",0.00000,0.00000,0.00000,0.00000,0.00000,0.00000,0.00000,0.00000,0.00000,0.00000,0.00000,0.00000,0.00000,81.44430
95.750,"PID",1.07955,1.11248,1.22561,0.25788,0.87286,0.05286,0.00101,0.00000,0.00000,0.45000,-0.03418,"STOPPED",0.00000,0.00000,0.00000,0.00000,0.00000,0.00000,0.00000,0.00000,0.00000,0.00000,0.00000,0.00000,0.00000,81.44430
95.850,"PID",1.07955,1.11248,1.22571,0.25731,0.86728,0.04728,-0.00398,0.00000,0.00000,0.45000,-0.03965,"STOPPED",0.00000,0.00000,0.00000,0.00000,0.00000,0.00000,0.00000,0.00000,0.00000,0.00000,0.00000,0.00000,0.00000,81.44430
95.950,"PID",1.07955,1.11248,1.22581,0.25674,0.86785,0.04785,-0.00400,0.00000,0.00000,0.45000,-0.02190,"STOPPED",0.00000,0.00000,0.00000,0.00000,0.00000,0.00000,0.00000,0.00000,0.00000,0.00000,0.00000,0.00000,0.00000,81.44430
96.050,"PID",1.07436,1.11767,1.22592,0.25616,0.86844,0.04844,-0.00400,0.00000,0.00000,0.45000,-0.01101,"STOPPED",0.00000,0.00000,0.00000,0.00000,0.00000,0.00000,0.00000,0.00000,0.00000,0.00000,0.00000,0.00000,0.00000,81.44430
96.150,"PID",1.06130,1.13073,1.22602,0.25558,0.89243,0.07243,0.01445,0.00000,0.00000,0.45000,0.09276,"STOPPED",0.00000,0.00000,0.00000,0.00000,0.00000,0.00000,0.00000,0.00000,0.00000,0.00000,0.00000,0.00000,0.00000,81.44430
96.250,"PID",1.06357,1.12846,1.22612,0.25501,0.88873,0.06873,0.01114,0.00000,0.00000,0.45000,0.04199,"STOPPED",0.00000,0.00000,0.00000,0.00000,0.00000,0.00000,0.00000,0.00000,0.00000,0.00000,0.00000,0.00000,0.00000,81.44430
96.350,"PID",1.06840,1.12363,1.22621,0.25452,0.87805,0.05805,0.00230,0.00000,0.00000,0.45000,-0.02118,"STOPPED",0.00000,0.00000,0.00000,0.00000,0.00000,0.00000,0.00000,0.00000,0.00000,0.00000,0.00000,0.00000,0.00000,81.44430
96.450,"PID",1.07046,1.12157,1.22632,0.25395,0.89328,0.07328,0.01379,0.00000,0.00000,0.45000,0.04902,"STOPPED",0.00000,0.00000,0.00000,0.00000,0.00000,0.00000,0.00000,0.00000,0.00000,0.00000,0.00000,0.00000,0.00000,81.44430
96.550,"PID",1.07955,1.11248,1.22642,0.25338,0.87486,0.05486,-0.00111,0.00000,0.00000,0.45000,-0.03983,"STOPPED",0.00000,0.00000,0.00000,0.00000,0.00000,0.00000,0.00000,0.00000,0.00000,0.00000,0.00000,0.00000,0.00000,81.44430
96.650,"PID",1.07955,1.11248,1.22652,0.25280,0.87186,0.05186,-0.00401,0.00000,0.00000,0.45000,-0.03423,"STOPPED",0.00000,0.00000,0.00000,0.00000,0.00000,0.00000,0.00000,0.00000,0.00000,0.00000,0.00000,0.00000,0.00000,81.44430
96.750,"PID",1.07933,1.11270,1.22662,0.25222,0.87245,0.05245,-0.00402,0.00000,0.00000,0.45000,-0.01852,"STOPPED",0.00000,0.00000,0.00000,0.00000,0.00000,0.00000,0.00000,0.00000,0.00000,0.00000,0.00000,0.00000,0.00000,81.44430
96.850,"PID",1.06760,1.12443,1.22672,0.25165,0.88128,0.06128,0.00258,0.00000,0.00000,0.45000,0.02703,"STOPPED",0.00000,0.00000,0.00000,0.00000,0.00000,0.00000,0.00000,0.00000,0.00000,0.00000,0.00000,0.00000,0.00000,81.44430
96.950,"PID",1.05800,1.13403,1.22683,0.25107,0.89194,0.07194,0.01043,0.00000,0.00000,0.45000,0.05766,"STOPPED",0.00000,0.00000,0.00000,0.00000,0.00000,0.00000,0.00000,0.00000,0.00000,0.00000,0.00000,0.00000,0.00000,81.44430
97.050,"PID",1.06344,1.12859,1.22587,0.25651,0.89460,0.07460,0.01316,0.07341,0.01708,0.45000,0.03999,"STOPPED",0.00000,0.07059,0.07624,0.72396,0.78195,0.72396,0.78195,0.24916,0.25696,0.38933,0.42079,0.00057,0.81069,81.53117
97.150,"PID",1.06876,1.12327,1.22454,0.26398,0.88197,0.06197,0.00743,0.08211,0.01307,0.45000,-0.02397,"STOPPED",0.00000,0.07995,0.08428,0.82000,0.86438,0.82000,0.86438,0.00984,0.00507,0.12555,0.13258,0.00026,0.25840,81.56663
97.250,"PID",1.07955,1.11248,1.22398,0.26715,0.86386,0.04386,-0.00215,0.00000,0.00000,0.45000,-0.08586,"STOPPED",0.00000,0.00000,0.00000,0.00000,0.00000,0.00000,0.00000,-0.76670,-0.79113,0.00000,0.00000,0.00000,0.00000,81.58539
97.350,"PID",1.07955,1.11248,1.22409,0.26657,0.85788,0.03788,-0.00753,0.00000,0.00000,0.45000,-0.07248,"STOPPED",0.00000,0.00000,0.00000,0.00000,0.00000,0.00000,0.00000,0.00000,0.00000,0.00000,0.00000,0.00000,0.00000,81.58539
97.450,"PID",1.07955,1.11248,1.22419,0.26599,0.85846,0.03846,-0.00753,0.00000,0.00000,0.45000,-0.04181,"STOPPED",0.00000,0.00000,0.00000,0.00000,0.00000,0.00000,0.00000,0.00000,0.00000,0.00000,0.00000,0.00000,0.00000,81.58539
97.550,"PID",1.07527,1.11676,1.22430,0.26541,0.85905,0.03905,-0.00753,0.00000,0.00000,0.45000,-0.02314,"STOPPED",0.00000,0.00000,0.00000,0.00000,0.00000,0.00000,0.00000,0.00000,0.00000,0.00000,0.00000,0.00000,0.00000,81.58539
97.650,"PID",1.06109,1.13094,1.22440,0.26484,0.88198,0.06198,0.01029,0.00000,0.00000,0.45000,0.08173,"STOPPED",0.00000,0.00000,0.00000,0.00000,0.00000,0.00000,0.00000,0.00000,0.00000,0.00000,0.00000,0.00000,0.00000,81.58539
97.750,"PID",1.06308,1.12895,1.22451,0.26426,0.87933,0.05933,0.00777,0.00000,0.00000,0.45000,0.03868,"STOPPED",0.00000,0.00000,0.00000,0.00000,0.00000,0.00000,0.00000,0.00000,0.00000,0.00000,0.00000,0.00000,0.00000,81.58539
97.850,"PID",1.06916,1.12287,1.22461,0.26368,0.86930,0.04930,-0.00064,0.00000,0.00000,0.45000,-0.02089,"STOPPED",0.00000,0.00000,0.00000,0.00000,0.00000,0.00000,0.00000,0.00000,0.00000,0.00000,0.00000,0.00000,0.00000,81.58539
97.950,"PID",1.06983,1.12220,1.22472,0.26310,0.88472,0.06472,0.01100,0.00000,0.00000,0.45000,0.05141,"STOPPED",0.00000,0.00000,0.00000,0.00000,0.00000,0.00000,0.00000,0.00000,0.00000,0.00000,0.00000,0.00000,0.00000,81.58539
98.050,"PID",1.07955,1.11248,1.22482,0.26259,0.86589,0.04589,-0.00436,0.00000,0.00000,0.45000,-0.04016,"STOPPED",0.00000,0.00000,0.00000,0.00000,0.00000,0.00000,0.00000,0.00000,0.00000,0.00000,0.00000,0.00000,0.00000,81.58539
98.150,"PID",1.07955,1.11248,1.22492,0.26202,0.86250,0.04250,-0.00753,0.00000,0.00000,0.45000,-0.03577,"STOPPED",0.00000,0.00000,0.00000,0.00000,0.00000,0.00000,0.00000,0.00000,0.00000,0.00000,0.00000,0.00000,0.00000,81.58539
98.250,"PID",1.07955,1.11248,1.22502,0.26146,0.86309,0.04309,-0.00753,0.00000,0.00000,0.45000,-0.01947,"STOPPED",0.00000,0.00000,0.00000,0.00000,0.00000,0.00000,0.00000,0.00000,0.00000,0.00000,0.00000,0.00000,0.00000,81.58539
98.350,"PID",1.06781,1.12423,1.22513,0.26088,0.87142,0.05142,-0.00120,0.00000,0.00000,0.45000,0.02452,"STOPPED",0.00000,0.00000,0.00000,0.00000,0.00000,0.00000,0.00000,0.00000,0.00000,0.00000,0.00000,0.00000,0.00000,81.58539
98.450,"PID",1.05835,1.13368,1.22523,0.26030,0.88216,0.06216,0.00682,0.00000,0.00000,0.45000,0.05626,"STOPPED",0.00000,0.00000,0.00000,0.00000,0.00000,0.00000,0.00000,0.00000,0.00000,0.00000,0.00000,0.00000,0.00000,81.58539
98.550,"PID",1.06337,1.12866,1.22534,0.25973,0.88799,0.06799,0.01086,0.00000,0.00000,0.45000,0.05310,"STOPPED",0.00000,0.00000,0.00000,0.00000,0.00000,0.00000,0.00000,0.00000,0.00000,0.00000,0.00000,0.00000,0.00000,81.58539
98.650,"PID",1.06848,1.12355,1.22545,0.25915,0.88286,0.06286,0.00644,0.00000,0.00000,0.45000,0.01366,"STOPPED",0.00000,0.00000,0.00000,0.00000,0.00000,0.00000,0.00000,0.00000,0.00000,0.00000,0.00000,0.00000,0.00000,81.58539
98.750,"PID",1.07927,1.11276,1.22555,0.25857,0.87298,0.05298,-0.00183,0.00000,0.00000,0.45000,-0.03096,"STOPPED",0.00000,0.00000,0.00000,0.00000,0.00000,0.00000,0.00000,0.00000,0.00000,0.00000,0.00000,0.00000,0.00000,81.58539
98.850,"PID",1.07955,1.11248,1.22566,0.25800,0.86659,0.04659,-0.00748,0.00000,0.00000,0.45000,-0.04080,"STOPPED",0.00000,0.00000,0.00000,0.00000,0.00000,0.00000,0.00000,0.00000,0.00000,0.00000,0.00000,0.00000,0.00000,81.58539
98.950,"PID",1.07955,1.11248,1.22575,0.25750,0.86717,0.04717,-0.00748,0.00000,0.00000,0.45000,-0.02254,"STOPPED",0.00000,0.00000,0.00000,0.00000,0.00000,0.00000,0.00000,0.00000,0.00000,0.00000,0.00000,0.00000,0.00000,81.58539
99.050,"PID",1.07617,1.11586,1.22585,0.25693,0.86768,0.04768,-0.00747,0.00000,0.00000,0.45000,-0.01171,"STOPPED",0.00000,0.00000,0.00000,0.00000,0.00000,0.00000,0.00000,0.00000,0.00000,0.00000,0.00000,0.00000,0.00000,81.58539
99.150,"PID",1.06088,1.13115,1.22596,0.25635,0.88955,0.06955,0.00937,0.00000,0.00000,0.45000,0.08505,"STOPPED",0.00000,0.00000,0.00000,0.00000,0.00000,0.00000,0.00000,0.00000,0.00000,0.00000,0.00000,0.00000,0.00000,81.58539
99.250,"PID",1.06308,1.12895,1.22605,0.25584,0.88796,0.06796,0.00768,0.00000,0.00000,0.45000,0.04408,"STOPPED",0.00000,0.00000,0.00000,0.00000,0.00000,0.00000,0.00000,0.00000,0.00000,0.00000,0.00000,0.00000,0.00000,81.58539
99.350,"PID",1.06993,1.12210,1.22616,0.25526,0.87851,0.05851,-0.00013,0.00000,0.00000,0.45000,-0.01497,"STOPPED",0.00000,0.00000,0.00000,0.00000,0.00000,0.00000,0.00000,0.00000,0.00000,0.00000,0.00000,0.00000,0.00000,81.58539
99.450,"PID",1.06920,1.12283,1.22626,0.25469,0.89401,0.07401,0.01144,0.00000,0.00000,0.45000,0.05686,"STOPPED",0.00000,0.00000,0.00000,0.00000,0.00000,0.00000,0.00000,0.00000,0.00000,0.00000,0.00000,0.00000,0.00000,81.58539
99.550,"PID",1.07955,1.11248,1.22636,0.25420,0.87468,0.05468,-0.00405,0.00000,0.00000,0.45000,-0.03903,"STOPPED",0.00000,0.00000,0.00000,0.00000,0.00000,0.00000,0.00000,0.00000,0.00000,0.00000,0.00000,0.00000,0.00000,81.58539
99.650,"PID",1.07955,1.11248,1.22645,0.25369,0.87104,0.05104,-0.00748,0.00000,0.00000,0.45000,-0.03596,"STOPPED",0.00000,0.00000,0.00000,0.00000,0.00000,0.00000,0.00000,0.00000,0.00000,0.00000,0.00000,0.00000,0.00000,81.58539
99.750,"PID",1.07955,1.11248,1.22654,0.25319,0.87148,0.05148,-0.00749,0.00000,0.00000,0.45000,-0.02019,"STOPPED",0.00000,0.00000,0.00000,0.00000,0.00000,0.00000,0.00000,0.00000,0.00000,0.00000,0.00000,0.00000,0.00000,81.58539
99.850,"PID",1.06801,1.12402,1.22665,0.25262,0.87934,0.05934,-0.00164,0.00000,0.00000,0.45000,0.02203,"STOPPED",0.00000,0.00000,0.00000,0.00000,0.00000,0.00000,0.00000,0.00000,0.00000,0.00000,0.00000,0.00000,0.00000,81.58539
99.950,"PID",1.05870,1.13333,1.22675,0.25204,0.89016,0.07016,0.00637,0.00000,0.00000,0.45000,0.05485,"STOPPED",0.00000,0.00000,0.00000,0.00000,0.00000,0.00000,0.00000,0.00000,0.00000,0.00000,0.00000,0.00000,0.00000,81.58539
100.050,"PID",1.06330,1.12873,1.22577,0.25750,0.89433,0.07433,0.01037,0.07348,0.01403,0.45000,0.04490,"STOPPED",0.00000,0.07116,0.07580,0.72980,0.77744,0.72980,0.77744,0.25791,0.26549,0.40239,0.42888,0.00045,0.83171,81.67189
100.150,"PID",1.06820,1.12383,1.22442,0.26496,0.88114,0.06114,0.00461,0.08200,0.00859,0.45000,-0.02290,"STOPPED",0.00000,0.08058,0.08343,0.82648,0.85565,0.82648,0.85565,0.00936,0.00368,0.12537,0.12994,0.00021,0.25552,81.70710
100.250,"PID",1.07892,1.11311,1.22383,0.26821,0.86360,0.04360,-0.00404,0.00000,0.00000,0.45000,-0.08319,"STOPPED",0.00000,0.00000,0.00000,0.00000,0.00000,0.00000,0.00000,-0.77560,-0.78663,0.00000,0.00000,0.00000,0.00000,81.72549
100.350,"PID",1.07955,1.11248,1.22394,0.26763,0.85680,0.03680,-0.01009,0.00000,0.00000,0.45000,-0.07435,"STOPPED",0.00000,0.00000,0.00000,0.00000,0.00000,0.00000,0.00000,0.00000,0.00000,0.00000,0.00000,0.00000,0.00000,81.72549
100.450,"PID",1.07955,1.11248,1.22403,0.26715,0.85729,0.03729,-0.01012,0.00000,0.00000,0.45000,-0.04335,"STOPPED",0.00000,0.00000,0.00000,0.00000,0.00000,0.00000,0.00000,0.00000,0.00000,0.00000,0.00000,0.00000,0.00000,81.72549
100.550,"PID",1.07708,1.11495,1.22414,0.26658,0.85788,0.03788,-0.01011,0.00000,0.00000,0.45000,-0.02408,"STOPPED",0.00000,0.00000,0.00000,0.00000,0.00000,0.00000,0.00000,0.00000,0.00000,0.00000,0.00000,0.00000,0.00000,81.72549
100.650,"PID",1.06068,1.13136,1.22425,0.26599,0.87869,0.05869,0.00609,0.00000,0.00000,0.45000,0.07389,"STOPPED",0.00000,0.00000,0.00000,0.00000,0.00000,0.00000,0.00000,0.00000,0.00000,0.00000,0.00000,0.00000,0.00000,81.72549
100.750,"PID",1.06308,1.12895,1.22434,0.26548,0.87810,0.05810,0.00522,0.00000,0.00000,0.45000,0.04042,"STOPPED",0.00000,0.00000,0.00000,0.00000,0.00000,0.00000,0.00000,0.00000,0.00000,0.00000,0.00000,0.00000,0.00000,81.72549
100.850,"PID",1.07070,1.12133,1.22445,0.26490,0.86936,0.04936,-0.00216,0.00000,0.00000,0.45000,-0.01414,"STOPPED",0.00000,0.00000,0.00000,0.00000,0.00000,0.00000,0.00000,0.00000,0.00000,0.00000,0.00000,0.00000,0.00000,81.72549
100.950,"PID",1.06858,1.12345,1.22455,0.26433,0.88495,0.06495,0.00959,0.00000,0.00000,0.45000,0.05925,"STOPPED",0.00000,0.00000,0.00000,0.00000,0.00000,0.00000,0.00000,0.00000,0.00000,0.00000,0.00000,0.00000,0.00000,81.72549
101.050,"PID",1.07955,1.11248,1.22466,0.26375,0.86530,0.04530,-0.00639,0.00000,0.00000,0.45000,-0.03903,"STOPPED",0.00000,0.00000,0.00000,0.00000,0.00000,0.00000,0.00000,0.00000,0.00000,0.00000,0.00000,0.00000,0.00000,81.72549
101.150,"PID",1.07955,1.11248,1.22476,0.26318,0.86133,0.04133,-0.01011,0.00000,0.00000,0.45000,-0.03707,"STOPPED",0.00000,0.00000,0.00000,0.00000,0.00000,0.00000,0.00000,0.00000,0.00000,0.00000,0.00000,0.00000,0.00000,81.72549
101.250,"PID",1.07955,1.11248,1.22487,0.26260,0.86192,0.04192,-0.01012,0.00000,0.00000,0.45000,-0.02025,"STOPPED",0.00000,0.00000,0.00000,0.00000,0.00000,0.00000,0.00000,0.00000,0.00000,0.00000,0.00000,0.00000,0.00000,81.72549
101.350,"PID",1.06822,1.12381,1.22498,0.26202,0.86930,0.04930,-0.00458,0.00000,0.00000,0.45000,0.01985,"STOPPED",0.00000,0.00000,0.00000,0.00000,0.00000,0.00000,0.00000,0.00000,0.00000,0.00000,0.00000,0.00000,0.00000,81.72549
101.450,"PID",1.05905,1.13298,1.22509,0.26145,0.88024,0.06024,0.00362,0.00000,0.00000,0.45000,0.05380,"STOPPED",0.00000,0.00000,0.00000,0.00000,0.00000,0.00000,0.00000,0.00000,0.00000,0.00000,0.00000,0.00000,0.00000,81.72549
101.550,"PID",1.06323,1.12880,1.22520,0.26087,0.88750,0.06750,0.00878,0.00000,0.00000,0.45000,0.05792,"STOPPED",0.00000,0.00000,0.00000,0.00000,0.00000,0.00000,0.00000,0.00000,0.00000,0.00000,0.00000,0.00000,0.00000,81.72549
101.650,"PID",1.06792,1.12411,1.22530,0.26029,0.88187,0.06187,0.00397,0.00000,0.00000,0.45000,0.01492,"STOPPED",0.00000,0.00000,0.00000,0.00000,0.00000,0.00000,0.00000,0.00000,0.00000,0.00000,0.00000,0.00000,0.00000,81.72549
101.750,"PID",1.07857,1.11346,1.22541,0.25972,0.87264,0.05264,-0.00378,0.00000,0.00000,0.45000,-0.02784,"STOPPED",0.00000,0.00000,0.00000,0.00000,0.00000,0.00000,0.00000,0.00000,0.00000,0.00000,0.00000,0.00000,0.00000,81.72549
101.850,"PID",1.07955,1.11248,1.22552,0.25914,0.86544,0.04544,-0.01008,0.00000,0.00000,0.45000,-0.04245,"STOPPED",0.00000,0.00000,0.00000,0.00000,0.00000,0.00000,0.00000,0.00000,0.00000,0.00000,0.00000,0.00000,0.00000,81.72549
101.950,"PID",1.07955,1.11248,1.22562,0.25857,0.86603,0.04603,-0.01008,0.00000,0.00000,0.45000,-0.02353,"STOPPED",0.00000,0.00000,0.00000,0.00000,0.00000,0.00000,0.00000,0.00000,0.00000,0.00000,0.00000,0.00000,0.00000,81.72549
102.050,"PID",1.07799,1.11404,1.22573,0.25799,0.86661,0.04661,-0.01008,0.00000,0.00000,0.45000,-0.01203,"STOPPED",0.00000,0.00000,0.00000,0.00000,0.00000,0.00000,0.00000,0.00000,0.00000,0.00000,0.00000,0.00000,0.00000,81.72549
102.150,"PID",1.06047,1.13156,1.22584,0.25742,0.88636,0.06636,0.00516,0.00000,0.00000,0.45000,0.07756,"STOPPED",0.00000,0.00000,0.00000,0.00000,0.00000,0.00000,0.00000,0.00000,0.00000,0.00000,0.00000,0.00000,0.00000,81.72549
102.250,"PID",1.06308,1.12895,1.22595,0.25684,0.88689,0.06689,0.00511,0.00000,0.00000,0.45000,0.04634,"STOPPED",0.00000,0.00000,0.00000,0.00000,0.00000,0.00000,0.00000,0.00000,0.00000,0.00000,0.00000,0.00000,0.00000,81.72549
102.350,"PID",1.07147,1.12057,1.22604,0.25632,0.87881,0.05881,-0.00168,0.00000,0.00000,0.45000,-0.00768,"STOPPED",0.00000,0.00000,0.00000,0.00000,0.00000,0.00000,0.00000,0.00000,0.00000,0.00000,0.00000,0.00000,0.00000,81.72549
102.450,"PID",1.06795,1.12408,1.22615,0.25575,0.89299,0.07299,0.00892,0.00000,0.00000,0.45000,0.05857,"STOPPED",0.00000,0.00000,0.00000,0.00000,0.00000,0.00000,0.00000,0.00000,0.00000,0.00000,0.00000,0.00000,0.00000,81.72549
102.550,"PID",1.07955,1.11248,1.22626,0.25517,0.87435,0.05435,-0.00612,0.00000,0.00000,0.45000,-0.03635,"STOPPED",0.00000,0.00000,0.00000,0.00000,0.00000,0.00000,0.00000,0.00000,0.00000,0.00000,0.00000,0.00000,0.00000,81.72549
102.650,"PID",1.07955,1.11248,1.22637,0.25460,0.87007,0.05007,-0.01005,0.00000,0.00000,0.45000,-0.03654,"STOPPED",0.00000,0.00000,0.00000,0.00000,0.00000,0.00000,0.00000,0.00000,0.00000,0.00000,0.00000,0.00000,0.00000,81.72549
102.750,"PID",1.07955,1.11248,1.22646,0.25408,0.87059,0.05059,-0.01005,0.00000,0.00000,0.45000,-0.02020,"STOPPED",0.00000,0.00000,0.00000,0.00000,0.00000,0.00000,0.00000,0.00000,0.00000,0.00000,0.00000,0.00000,0.00000,81.72549
102.850,"PID",1.06843,1.12360,1.22657,0.25350,0.87748,0.05748,-0.00498,0.00000,0.00000,0.45000,0.01775,"STOPPED",0.00000,0.00000,0.00000,0.00000,0.00000,0.00000,0.00000,0.00000,0.00000,0.00000,0.00000,0.00000,0.00000,81.72549
102.950,"PID",1.05940,1.13263,1.22668,0.25292,0.88866,0.06866,0.00333,0.00000,0.00000,0.45000,0.05334,"STOPPED",0.00000,0.00000,0.00000,0.00000,0.00000,0.00000,0.00000,0.00000,0.00000,0.00000,0.00000,0.00000,0.00000,81.72549
103.050,"PID",1.06316,1.12887,1.22570,0.25828,0.89414,0.07414,0.00844,0.07361,0.01193,0.45000,0.04994,"STOPPED",0.00000,0.07163,0.07558,0.73470,0.77521,0.73470,0.77521,0.26623,0.27492,0.41534,0.43842,0.00044,0.85420,81.81181
103.150,"PID",1.06764,1.12439,1.22434,0.26575,0.88051,0.06051,0.00255,0.08213,0.00531,0.45000,-0.02134,"STOPPED",0.00000,0.08125,0.08301,0.83336,0.85139,0.83336,0.85139,0.00931,0.00292,0.12592,0.12873,0.00014,0.25479,81.84708
103.250,"PID",1.07822,1.11381,1.22376,0.26894,0.86367,0.04367,-0.00531,0.00000,0.00000,0.45000,-0.07965,"STOPPED",0.00000,0.00000,0.00000,0.00000,0.00000,0.00000,0.00000,-0.78507,-0.78672,0.00000,0.00000,0.00000,0.00000,81.86514
103.350,"PID",1.07955,1.11248,1.22385,0.26846,0.85607,0.03607,-0.01199,0.00000,0.00000,0.45000,-0.07574,"STOPPED",0.00000,0.00000,0.00000,0.00000,0.00000,0.00000,0.00000,0.00000,0.00000,0.00000,0.00000,0.00000,0.00000,81.86514
103.450,"PID",1.07955,1.11248,1.22395,0.26788,0.85656,0.03656,-0.01198,0.00000,0.00000,0.45000,-0.04411,"STOPPED",0.00000,0.00000,0.00000,0.00000,0.00000,0.00000,0.00000,0.00000,0.00000,0.00000,0.00000,0.00000,0.00000,81.86514
103.550,"PID",1.07889,1.11314,1.22406,0.26731,0.85715,0.03715,-0.01198,0.00000,0.00000,0.45000,-0.02454,"STOPPED",0.00000,0.00000,0.00000,0.00000,0.00000,0.00000,0.00000,0.00000,0.00000,0.00000,0.00000,0.00000,0.00000,81.86514
103.650,"PID",1.06026,1.13177,1.22416,0.26680,0.87577,0.05577,0.00258,0.00000,0.00000,0.45000,0.06601,"STOPPED",0.00000,0.00000,0.00000,0.00000,0.00000,0.00000,0.00000,0.00000,0.00000,0.00000,0.00000,0.00000,0.00000,81.86514
103.750,"PID",1.06308,1.12895,1.22426,0.26623,0.87736,0.05736,0.00336,0.00000,0.00000,0.45000,0.04268,"STOPPED",0.00000,0.00000,0.00000,0.00000,0.00000,0.00000,0.00000,0.00000,0.00000,0.00000,0.00000,0.00000,0.00000,81.86514
103.850,"PID",1.07223,1.11980,1.22436,0.26573,0.86991,0.04991,-0.00298,0.00000,0.00000,0.45000,-0.00707,"STOPPED",0.00000,0.00000,0.00000,0.00000,0.00000,0.00000,0.00000,0.00000,0.00000,0.00000,0.00000,0.00000,0.00000,81.86514
103.950,"PID",1.06732,1.12471,1.22447,0.26516,0.88254,0.06254,0.00653,0.00000,0.00000,0.45000,0.05359,"STOPPED",0.00000,0.00000,0.00000,0.00000,0.00000,0.00000,0.00000,0.00000,0.00000,0.00000,0.00000,0.00000,0.00000,81.86514
104.050,"PID",1.07955,1.11248,1.22456,0.26465,0.86511,0.04511,-0.00771,0.00000,0.00000,0.45000,-0.03561,"STOPPED",0.00000,0.00000,0.00000,0.00000,0.00000,0.00000,0.00000,0.00000,0.00000,0.00000,0.00000,0.00000,0.00000,81.86514
104.150,"PID",1.07955,1.11248,1.22467,0.26407,0.86044,0.04044,-0.01196,0.00000,0.00000,0.45000,-0.03743,"STOPPED",0.00000,0.00000,0.00000,0.00000,0.00000,0.00000,0.00000,0.00000,0.00000,0.00000,0.00000,0.00000,0.00000,81.86514
104.250,"PID",1.07955,1.11248,1.22478,0.26349,0.86103,0.04103,-0.01196,0.00000,0.00000,0.45000,-0.02046,"STOPPED",0.00000,0.00000,0.00000,0.00000,0.00000,0.00000,0.00000,0.00000,0.00000,0.00000,0.00000,0.00000,0.00000,81.86514
104.350,"PID",1.06864,1.12339,1.22489,0.26292,0.86743,0.04743,-0.00721,0.00000,0.00000,0.45000,0.01546,"STOPPED",0.00000,0.00000,0.00000,0.00000,0.00000,0.00000,0.00000,0.00000,0.00000,0.00000,0.00000,0.00000,0.00000,81.86514
104.450,"PID",1.05975,1.13228,1.22500,0.26234,0.87885,0.05885,0.00140,0.00000,0.00000,0.45000,0.05277,"STOPPED",0.00000,0.00000,0.00000,0.00000,0.00000,0.00000,0.00000,0.00000,0.00000,0.00000,0.00000,0.00000,0.00000,81.86514
104.550,"PID",1.06309,1.12894,1.22511,0.26177,0.88725,0.06725,0.00745,0.00000,0.00000,0.45000,0.06262,"STOPPED",0.00000,0.00000,0.00000,0.00000,0.00000,0.00000,0.00000,0.00000,0.00000,0.00000,0.00000,0.00000,0.00000,81.86514
104.650,"PID",1.06736,1.12467,1.22522,0.26119,0.88114,0.06114,0.00227,0.00000,0.00000,0.45000,0.01610,"STOPPED",0.00000,0.00000,0.00000,0.00000,0.00000,0.00000,0.00000,0.00000,0.00000,0.00000,0.00000,0.00000,0.00000,81.86514
104.750,"PID",1.07788,1.11415,1.22532,0.26061,0.87255,0.05255,-0.00497,0.00000,0.00000,0.45000,-0.02474,"STOPPED",0.00000,0.00000,0.00000,0.00000,0.00000,0.00000,0.00000,0.00000,0.00000,0.00000,0.00000,0.00000,0.00000,81.86514
104.850,"PID",1.07955,1.11248,1.22543,0.26004,0.86455,0.04455,-0.01192,0.00000,0.00000,0.45000,-0.04411,"STOPPED",0.00000,0.00000,0.00000,0.00000,0.00000,0.00000,0.00000,0.00000,0.00000,0.00000,0.00000,0.00000,0.00000,81.86514
104.950,"PID",1.07955,1.11248,1.22554,0.25947,0.86512,0.04512,-0.01193,0.00000,0.00000,0.45000,-0.02457,"STOPPED",0.00000,0.00000,0.00000,0.00000,0.00000,0.00000,0.00000,0.00000,0.00000,0.00000,0.00000,0.00000,0.00000,81.86514
105.050,"PID",1.07955,1.11248,1.22565,0.25890,0.86570,0.04570,-0.01192,0.00000,0.00000,0.45000,-0.01268,"STOPPED",0.00000,0.00000,0.00000,0.00000,0.00000,0.00000,0.00000,0.00000,0.00000,0.00000,0.00000,0.00000,0.00000,81.86514
105.150,"PID",1.06005,1.13198,1.22574,0.25838,0.88334,0.06334,0.00169,0.00000,0.00000,0.45000,0.06960,"STOPPED",0.00000,0.00000,0.00000,0.00000,0.00000,0.00000,0.00000,0.00000,0.00000,0.00000,0.00000,0.00000,0.00000,81.86514
105.250,"PID",1.06308,1.12895,1.22585,0.25781,0.88593,0.06593,0.00328,0.00000,0.00000,0.45000,0.04807,"STOPPED",0.00000,0.00000,0.00000,0.00000,0.00000,0.00000,0.00000,0.00000,0.00000,0.00000,0.00000,0.00000,0.00000,81.86514
105.350,"PID",1.07300,1.11903,1.22596,0.25723,0.87913,0.05913,-0.00250,0.00000,0.00000,0.45000,-0.00094,"STOPPED",0.00000,0.00000,0.00000,0.00000,0.00000,0.00000,0.00000,0.00000,0.00000,0.00000,0.00000,0.00000,0.00000,81.86514
105.450,"PID",1.06669,1.12534,1.22606,0.25672,0.89030,0.07030,0.00571,0.00000,0.00000,0.45000,0.05229,"STOPPED",0.00000,0.00000,0.00000,0.00000,0.00000,0.00000,0.00000,0.00000,0.00000,0.00000,0.00000,0.00000,0.00000,81.86514
105.550,"PID",1.07938,1.11265,1.22615,0.25623,0.87402,0.05402,-0.00745,0.00000,0.00000,0.45000,-0.03285,"STOPPED",0.00000,0.00000,0.00000,0.00000,0.00000,0.00000,0.00000,0.00000,0.00000,0.00000,0.00000,0.00000,0.00000,81.86514
105.650,"PID",1.07955,1.11248,1.22626,0.25565,0.86901,0.04901,-0.01190,0.00000,0.00000,0.45000,-0.03709,"STOPPED",0.00000,0.00000,0.00000,0.00000,0.00000,0.00000,0.00000,0.00000,0.00000,0.00000,0.00000,0.00000,0.00000,81.86514
105.750,"PID",1.07955,1.11248,1.22635,0.25515,0.86959,0.04959,-0.01189,0.00000,0.00000,0.45000,-0.02027,"STOPPED",0.00000,0.00000,0.00000,0.00000,0.00000,0.00000,0.00000,0.00000,0.00000,0.00000,0.00000,0.00000,0.00000,81.86514
105.850,"PID",1.06885,1.12318,1.22643,0.25471,0.87537,0.05537,-0.00759,0.00000,0.00000,0.45000,0.01287,"STOPPED",0.00000,0.00000,0.00000,0.00000,0.00000,0.00000,0.00000,0.00000,0.00000,0.00000,0.00000,0.00000,0.00000,81.86514
105.950,"PID",1.06010,1.13193,1.22654,0.25414,0.88696,0.06696,0.00114,0.00000,0.00000,0.45000,0.05177,"STOPPED",0.00000,0.00000,0.00000,0.00000,0.00000,0.00000,0.00000,0.00000,0.00000,0.00000,0.00000,0.00000,0.00000,81.86514
106.050,"PID",1.06282,1.12921,1.22623,0.25585,0.89593,0.07593,0.00756,0.04648,0.00666,0.45000,0.06469,"STOPPED",0.00000,0.04538,0.04758,0.46539,0.48799,0.46539,0.48799,0.46539,0.48799,0.41280,0.43291,0.00064,0.84635,81.90746
106.150,"PID",1.06708,1.12495,1.22503,0.26234,0.88387,0.06387,0.00174,0.07618,0.00248,0.45000,-0.00653,"STOPPED",0.00000,0.07576,0.07659,0.77708,0.78551,0.77708,0.78551,0.09093,0.08761,0.21850,0.22091,0.00004,0.43945,81.96254
106.250,"PID",1.07753,1.11450,1.22383,0.26891,0.86799,0.04799,-0.00535,0.06930,-0.00735,0.45000,-0.06713,"STOPPED",0.00000,0.07051,0.06808,0.72323,0.69828,0.72323,0.69828,-0.05781,-0.07914,0.17953,0.17324,0.00066,0.35344,81.99147
106.350,"PID",1.07955,1.11248,1.22394,0.26833,0.85612,0.03612,-0.01235,0.00000,0.00000,0.45000,-0.08357,"STOPPED",0.00000,0.00000,0.00000,0.00000,0.00000,0.00000,0.00000,0.00000,0.00000,0.00000,0.00000,0.00000,0.00000,81.99147
106.450,"PID",1.07955,1.11248,1.22402,0.26789,0.85663,0.03663,-0.01234,0.00000,0.00000,0.45000,-0.04887,"STOPPED",0.00000,0.00000,0.00000,0.00000,0.00000,0.00000,0.00000,0.00000,0.00000,0.00000,0.00000,0.00000,0.00000,81.99147
106.550,"PID",1.07955,1.11248,1.22413,0.26731,0.85715,0.03715,-0.01236,0.00000,0.00000,0.45000,-0.02767,"STOPPED",0.00000,0.00000,0.00000,0.00000,0.00000,0.00000,0.00000,0.00000,0.00000,0.00000,0.00000,0.00000,0.00000,81.99147
106.650,"PID",1.05984,1.13219,1.22424,0.26674,0.87373,0.05373,0.00056,0.00000,0.00000,0.45000,0.05585,"STOPPED",0.00000,0.00000,0.00000,0.00000,0.00000,0.00000,0.00000,0.00000,0.00000,0.00000,0.00000,0.00000,0.00000,81.99147
106.750,"PID",1.06308,1.12895,1.22433,0.26623,0.87736,0.05736,0.00298,0.00000,0.00000,0.45000,0.04298,"STOPPED",0.00000,0.00000,0.00000,0.00000,0.00000,0.00000,0.00000,0.00000,0.00000,0.00000,0.00000,0.00000,0.00000,81.99147
106.850,"PID",1.07377,1.11826,1.22444,0.26566,0.87121,0.05121,-0.00232,0.00000,0.00000,0.45000,-0.00118,"STOPPED",0.00000,0.00000,0.00000,0.00000,0.00000,0.00000,0.00000,0.00000,0.00000,0.00000,0.00000,0.00000,0.00000,81.99147
106.950,"PID",1.06607,1.12596,1.22454,0.26516,0.88076,0.06076,0.00476,0.00000,0.00000,0.45000,0.04649,"STOPPED",0.00000,0.00000,0.00000,0.00000,0.00000,0.00000,0.00000,0.00000,0.00000,0.00000,0.00000,0.00000,0.00000,81.99147
107.050,"PID",1.07910,1.11293,1.22464,0.26459,0.86577,0.04577,-0.00757,0.00000,0.00000,0.45000,-0.03234,"STOPPED",0.00000,0.00000,0.00000,0.00000,0.00000,0.00000,0.00000,0.00000,0.00000,0.00000,0.00000,0.00000,0.00000,81.99147
107.150,"PID",1.07955,1.11248,1.22475,0.26401,0.86051,0.04051,-0.01231,0.00000,0.00000,0.45000,-0.03795,"STOPPED",0.00000,0.00000,0.00000,0.00000,0.00000,0.00000,0.00000,0.00000,0.00000,0.00000,0.00000,0.00000,0.00000,81.99147
107.250,"PID",1.07955,1.11248,1.22486,0.26344,0.86110,0.04110,-0.01232,0.00000,0.00000,0.45000,-0.02080,"STOPPED",0.00000,0.00000,0.00000,0.00000,0.00000,0.00000,0.00000,0.00000,0.00000,0.00000,0.00000,0.00000,0.00000,81.99147
107.350,"PID",1.06906,1.12297,1.22495,0.26294,0.86645,0.04645,-0.00836,0.00000,0.00000,0.45000,0.01063,"STOPPED",0.00000,0.00000,0.00000,0.00000,0.00000,0.00000,0.00000,0.00000,0.00000,0.00000,0.00000,0.00000,0.00000,81.99147
107.450,"PID",1.06044,1.13159,1.22503,0.26251,0.87828,0.05828,0.00064,0.00000,0.00000,0.45000,0.05115,"STOPPED",0.00000,0.00000,0.00000,0.00000,0.00000,0.00000,0.00000,0.00000,0.00000,0.00000,0.00000,0.00000,0.00000,81.99147
107.550,"PID",1.06254,1.12949,1.22514,0.26193,0.88775,0.06775,0.00756,0.00000,0.00000,0.45000,0.06674,"STOPPED",0.00000,0.00000,0.00000,0.00000,0.00000,0.00000,0.00000,0.00000,0.00000,0.00000,0.00000,0.00000,0.00000,81.99147
107.650,"PID",1.06680,1.12523,1.22526,0.26134,0.88114,0.06114,0.00200,0.00000,0.00000,0.45000,0.01645,"STOPPED",0.00000,0.00000,0.00000,0.00000,0.00000,0.00000,0.00000,0.00000,0.00000,0.00000,0.00000,0.00000,0.00000,81.99147
107.750,"PID",1.07718,1.11485,1.22538,0.26075,0.87322,0.05322,-0.00471,0.00000,0.00000,0.45000,-0.02206,"STOPPED",0.00000,0.00000,0.00000,0.00000,0.00000,0.00000,0.00000,0.00000,0.00000,0.00000,0.00000,0.00000,0.00000,81.99147
107.850,"PID",1.07955,1.11248,1.22550,0.26016,0.86442,0.04442,-0.01231,0.00000,0.00000,0.45000,-0.04601,"STOPPED",0.00000,0.00000,0.00000,0.00000,0.00000,0.00000,0.00000,0.00000,0.00000,0.00000,0.00000,0.00000,0.00000,81.99147
107.950,"PID",1.07955,1.11248,1.22561,0.25958,0.86502,0.04502,-0.01229,0.00000,0.00000,0.45000,-0.02566,"STOPPED",0.00000,0.00000,0.00000,0.00000,0.00000,0.00000,0.00000,0.00000,0.00000,0.00000,0.00000,0.00000,0.00000,81.99147
108.050,"PID",1.07955,1.11248,1.22573,0.25899,0.86562,0.04562,-0.01226,0.00000,0.00000,0.45000,-0.01323,"STOPPED",0.00000,0.00000,0.00000,0.00000,0.00000,0.00000,0.00000,0.00000,0.00000,0.00000,0.00000,0.00000,0.00000,81.99147
108.150,"PID",1.05963,1.13240,1.22585,0.25839,0.88117,0.06117,-0.00029,0.00000,0.00000,0.45000,0.06007,"STOPPED",0.00000,0.00000,0.00000,0.00000,0.00000,0.00000,0.00000,0.00000,0.00000,0.00000,0.00000,0.00000,0.00000,81.99147
108.250,"PID",1.06308,1.12895,1.22597,0.25781,0.88594,0.06594,0.00295,0.00000,0.00000,0.45000,0.04929,"STOPPED",0.00000,0.00000,0.00000,0.00000,0.00000,0.00000,0.00000,0.00000,0.00000,0.00000,0.00000,0.00000,0.00000,81.99147
108.350,"PID",1.07453,1.11750,1.22609,0.25721,0.88046,0.06046,-0.00178,0.00000,0.00000,0.45000,0.00557,"STOPPED",0.00000,0.00000,0.00000,0.00000,0.00000,0.00000,0.00000,0.00000,0.00000,0.00000,0.00000,0.00000,0.00000,81.99147
108.450,"PID",1.06544,1.12659,1.22621,0.25662,0.88856,0.06856,0.00405,0.00000,0.00000,0.45000,0.04573,"STOPPED",0.00000,0.00000,0.00000,0.00000,0.00000,0.00000,0.00000,0.00000,0.00000,0.00000,0.00000,0.00000,0.00000,81.99147
108.550,"PID",1.07882,1.11321,1.22632,0.25604,0.87479,0.05479,-0.00722,0.00000,0.00000,0.45000,-0.02902,"STOPPED",0.00000,0.00000,0.00000,0.00000,0.00000,0.00000,0.00000,0.00000,0.00000,0.00000,0.00000,0.00000,0.00000,81.99147
108.650,"PID",1.07955,1.11248,1.22644,0.25544,0.86924,0.04924,-0.01218,0.00000,0.00000,0.45000,-0.03723,"STOPPED",0.00000,0.00000,0.00000,0.00000,0.00000,0.00000,0.00000,0.00000,0.00000,0.00000,0.00000,0.00000,0.00000,81.99147
108.750,"PID",1.07955,1.11248,1.22656,0.25485,0.86984,0.04984,-0.01217,0.00000,0.00000,0.45000,-0.02031,"STOPPED",0.00000,0.00000,0.00000,0.00000,0.00000,0.00000,0.00000,0.00000,0.00000,0.00000,0.00000,0.00000,0.00000,81.99147
108.850,"PID",1.06927,1.12276,1.22668,0.25425,0.87481,0.05481,-0.00863,0.00000,0.00000,0.45000,0.00923,"STOPPED",0.00000,0.00000,0.00000,0.00000,0.00000,0.00000,0.00000,0.00000,0.00000,0.00000,0.00000,0.00000,0.00000,81.99147
108.950,"PID",1.06079,1.13124,1.22680,0.25367,0.88696,0.06696,0.00048,0.00000,0.00000,0.45000,0.05150,"STOPPED",0.00000,0.00000,0.00000,0.00000,0.00000,0.00000,0.00000,0.00000,0.00000,0.00000,0.00000,0.00000,0.00000,81.99147
109.050,"PID",1.06226,1.12977,1.22648,0.25541,0.89709,0.07709,0.00778,0.04747,0.00754,0.45000,0.06992,"STOPPED",0.00000,0.04622,0.04872,0.47408,0.49967,0.47408,0.49967,0.47408,0.49967,0.42811,0.45129,0.00082,0.88022,82.03548
109.150,"PID",1.06653,1.12551,1.22528,0.26200,0.88445,0.06445,0.00152,0.07732,0.00245,0.45000,-0.00589,"STOPPED",0.00000,0.07691,0.07772,0.78884,0.79715,0.78884,0.79715,0.08905,0.08343,0.21812,0.22046,0.00006,0.43863,82.09175
109.250,"PID",1.07683,1.11520,1.22405,0.26869,0.86907,0.04907,-0.00507,0.07070,-0.00687,0.45000,-0.06498,"STOPPED",0.00000,0.07183,0.06956,0.73674,0.71343,0.73674,0.71343,-0.05714,-0.07810,0.18196,0.17610,0.00061,0.35868,82.12092
109.350,"PID",1.07955,1.11248,1.22417,0.26809,0.85639,0.03639,-0.01269,0.00000,0.00000,0.45000,-0.08581,"STOPPED",0.00000,0.00000,0.00000,0.00000,0.00000,0.00000,0.00000,0.00000,0.00000,0.00000,0.00000,0.00000,0.00000,82.12092
109.450,"PID",1.07955,1.11248,1.22429,0.26749,0.85699,0.03699,-0.01267,0.00000,0.00000,0.45000,-0.04982,"STOPPED",0.00000,0.00000,0.00000,0.00000,0.00000,0.00000,0.00000,0.00000,0.00000,0.00000,0.00000,0.00000,0.00000,82.12092
109.550,"PID",1.07955,1.11248,1.22441,0.26690,0.85760,0.03760,-0.01265,0.00000,0.00000,0.45000,-0.02795,"STOPPED",0.00000,0.00000,0.00000,0.00000,0.00000,0.00000,0.00000,0.00000,0.00000,0.00000,0.00000,0.00000,0.00000,82.12092
109.650,"PID",1.05942,1.13261,1.22453,0.26631,0.87209,0.05209,-0.00143,0.00000,0.00000,0.45000,0.04647,"STOPPED",0.00000,0.00000,0.00000,0.00000,0.00000,0.00000,0.00000,0.00000,0.00000,0.00000,0.00000,0.00000,0.00000,82.12092
109.750,"PID",1.06308,1.12895,1.22465,0.26571,0.87817,0.05817,0.00290,0.00000,0.00000,0.45000,0.04551,"STOPPED",0.00000,0.00000,0.00000,0.00000,0.00000,0.00000,0.00000,0.00000,0.00000,0.00000,0.00000,0.00000,0.00000,82.12092
109.850,"PID",1.07530,1.11673,1.22477,0.26512,0.87309,0.05309,-0.00155,0.00000,0.00000,0.45000,0.00528,"STOPPED",0.00000,0.00000,0.00000,0.00000,0.00000,0.00000,0.00000,0.00000,0.00000,0.00000,0.00000,0.00000,0.00000,82.12092
109.950,"PID",1.06481,1.12722,1.22488,0.26455,0.87963,0.05963,0.00311,0.00000,0.00000,0.45000,0.04020,"STOPPED",0.00000,0.00000,0.00000,0.00000,0.00000,0.00000,0.00000,0.00000,0.00000,0.00000,0.00000,0.00000,0.00000,82.12092
110.050,"PID",1.07854,1.11349,1.22500,0.26395,0.86709,0.04709,-0.00728,0.00000,0.00000,0.45000,-0.02856,"STOPPED",0.00000,0.00000,0.00000,0.00000,0.00000,0.00000,0.00000,0.00000,0.00000,0.00000,0.00000,0.00000,0.00000,82.12092
110.150,"PID",1.07955,1.11248,1.22512,0.26336,0.86121,0.04121,-0.01254,0.00000,0.00000,0.45000,-0.03839,"STOPPED",0.00000,0.00000,0.00000,0.00000,0.00000,0.00000,0.00000,0.00000,0.00000,0.00000,0.00000,0.00000,0.00000,82.12092
110.250,"PID",1.07955,1.11248,1.22524,0.26277,0.86181,0.04181,-0.01253,0.00000,0.00000,0.45000,-0.02099,"STOPPED",0.00000,0.00000,0.00000,0.00000,0.00000,0.00000,0.00000,0.00000,0.00000,0.00000,0.00000,0.00000,0.00000,82.12092
110.350,"PID",1.06948,1.12255,1.22536,0.26218,0.86630,0.04630,-0.00934,0.00000,0.00000,0.45000,0.00667,"STOPPED",0.00000,0.00000,0.00000,0.00000,0.00000,0.00000,0.00000,0.00000,0.00000,0.00000,0.00000,0.00000,0.00000,82.12092
110.450,"PID",1.06114,1.13089,1.22548,0.26159,0.87870,0.05870,0.00008,0.00000,0.00000,0.45000,0.05082,"STOPPED",0.00000,0.00000,0.00000,0.00000,0.00000,0.00000,0.00000,0.00000,0.00000,0.00000,0.00000,0.00000,0.00000,82.12092
110.550,"PID",1.06198,1.13005,1.22560,0.26100,0.88940,0.06940,0.00788,0.00000,0.00000,0.45000,0.07217,"STOPPED",0.00000,0.00000,0.00000,0.00000,0.00000,0.00000,0.00000,0.00000,0.00000,0.00000,0.00000,0.00000,0.00000,82.12092
110.650,"PID",1.06625,1.12578,1.22572,0.26041,0.88232,0.06232,0.00197,0.00000,0.00000,0.45000,0.01768,"STOPPED",0.00000,0.00000,0.00000,0.00000,0.00000,0.00000,0.00000,0.00000,0.00000,0.00000,0.00000,0.00000,0.00000,82.12092
110.750,"PID",1.07648,1.11555,1.22584,0.25982,0.87490,0.05490,-0.00432,0.00000,0.00000,0.45000,-0.01958,"STOPPED",0.00000,0.00000,0.00000,0.00000,0.00000,0.00000,0.00000,0.00000,0.00000,0.00000,0.00000,0.00000,0.00000,82.12092
110.850,"PID",1.07955,1.11248,1.22595,0.25923,0.86542,0.04542,-0.01243,0.00000,0.00000,0.45000,-0.04761,"STOPPED",0.00000,0.00000,0.00000,0.00000,0.00000,0.00000,0.00000,0.00000,0.00000,0.00000,0.00000,0.00000,0.00000,82.12092
110.950,"PID",1.07955,1.11248,1.22607,0.25864,0.86602,0.04602,-0.01240,0.00000,0.00000,0.45000,-0.02662,"STOPPED",0.00000,0.00000,0.00000,0.00000,0.00000,0.00000,0.00000,0.00000,0.00000,0.00000,0.00000,0.00000,0.00000,82.12092
111.050,"PID",1.07955,1.11248,1.22619,0.25804,0.86663,0.04663,-0.01238,0.00000,0.00000,0.45000,-0.01380,"STOPPED",0.00000,0.00000,0.00000,0.00000,0.00000,0.00000,0.00000,0.00000,0.00000,0.00000,0.00000,0.00000,0.00000,82.12092
111.150,"PID",1.05921,1.13282,1.22631,0.25745,0.88006,0.06006,-0.00209,0.00000,0.00000,0.45000,0.05042,"STOPPED",0.00000,0.00000,0.00000,0.00000,0.00000,0.00000,0.00000,0.00000,0.00000,0.00000,0.00000,0.00000,0.00000,82.12092
111.250,"PID",1.06308,1.12895,1.22643,0.25685,0.88745,0.06745,0.00319,0.00000,0.00000,0.45000,0.05240,"STOPPED",0.00000,0.00000,0.00000,0.00000,0.00000,0.00000,0.00000,0.00000,0.00000,0.00000,0.00000,0.00000,0.00000,82.12092
111.350,"PID",1.07607,1.11596,1.22655,0.25625,0.88278,0.06278,-0.00090,0.00000,0.00000,0.45000,0.01153,"STOPPED",0.00000,0.00000,0.00000,0.00000,0.00000,0.00000,0.00000,0.00000,0.00000,0.00000,0.00000,0.00000,0.00000,82.12092
111.450,"PID",1.06418,1.12785,1.22666,0.25567,0.88778,0.06778,0.00252,0.00000,0.00000,0.45000,0.03869,"STOPPED",0.00000,0.00000,0.00000,0.00000,0.00000,0.00000,0.00000,0.00000,0.00000,0.00000,0.00000,0.00000,0.00000,82.12092
111.550,"PID",1.07826,1.11377,1.22679,0.25507,0.87647,0.05647,-0.00681,0.00000,0.00000,0.45000,-0.02566,"STOPPED",0.00000,0.00000,0.00000,0.00000,0.00000,0.00000,0.00000,0.00000,0.00000,0.00000,0.00000,0.00000,0.00000,82.12092
111.650,"PID",1.07955,1.11248,1.22691,0.25447,0.87026,0.05026,-0.01228,0.00000,0.00000,0.45000,-0.03805,"STOPPED",0.00000,0.00000,0.00000,0.00000,0.00000,0.00000,0.00000,0.00000,0.00000,0.00000,0.00000,0.00000,0.00000,82.12092
111.750,"PID",1.07955,1.11248,1.22702,0.25389,0.87086,0.05086,-0.01228,0.00000,0.00000,0.45000,-0.02081,"STOPPED",0.00000,0.00000,0.00000,0.00000,0.00000,0.00000,0.00000,0.00000,0.00000,0.00000,0.00000,0.00000,0.00000,82.12092
111.850,"PID",1.06971,1.12232,1.22714,0.25329,0.87487,0.05487,-0.00953,0.00000,0.00000,0.45000,0.00468,"STOPPED",0.00000,0.00000,0.00000,0.00000,0.00000,0.00000,0.00000,0.00000,0.00000,0.00000,0.00000,0.00000,0.00000,82.12092
111.950,"PID",1.06149,1.13054,1.22726,0.25269,0.88752,0.06752,-0.00001,0.00000,0.00000,0.45000,0.05047,"STOPPED",0.00000,0.00000,0.00000,0.00000,0.00000,0.00000,0.00000,0.00000,0.00000,0.00000,0.00000,0.00000,0.00000,82.12092
112.050,"PID",1.06170,1.13033,1.22693,0.25451,0.89879,0.07879,0.00815,0.04855,0.00852,0.45000,0.07463,"STOPPED",0.00000,0.04714,0.04996,0.48345,0.51239,0.48345,0.51239,0.48345,0.51239,0.44497,0.47170,0.00105,0.91771,82.16680
112.150,"PID",1.06597,1.12606,1.22569,0.26124,0.88550,0.06550,0.00145,0.07860,0.00262,0.45000,-0.00578,"STOPPED",0.00000,0.07816,0.07903,0.80169,0.81059,0.80169,0.81059,0.08736,0.07953,0.21822,0.22069,0.00009,0.43899,82.22442
112.250,"PID",1.07613,1.11590,1.22443,0.26808,0.87045,0.05045,-0.00478,0.07214,-0.00631,0.45000,-0.06387,"STOPPED",0.00000,0.07319,0.07110,0.75065,0.72922,0.75065,0.72922,-0.05731,-0.07830,0.18568,0.18029,0.00056,0.36653,82.25437
112.350,"PID",1.07955,1.11248,1.22455,0.26750,0.85704,0.03704,-0.01294,0.00000,0.00000,0.45000,-0.08844,"STOPPED",0.00000,0.00000,0.00000,0.00000,0.00000,0.00000,0.00000,0.00000,0.00000,0.00000,0.00000,0.00000,0.00000,82.25437
112.450,"PID",1.07955,1.11248,1.22467,0.26690,0.85764,0.03764,-0.01293,0.00000,0.00000,0.45000,-0.05143,"STOPPED",0.00000,0.00000,0.00000,0.00000,0.00000,0.00000,0.00000,0.00000,0.00000,0.00000,0.00000,0.00000,0.00000,82.25437
112.550,"PID",1.07955,1.11248,1.22480,0.26630,0.85825,0.03825,-0.01292,0.00000,0.00000,0.45000,-0.02890,"STOPPED",0.00000,0.00000,0.00000,0.00000,0.00000,0.00000,0.00000,0.00000,0.00000,0.00000,0.00000,0.00000,0.00000,82.25437
112.650,"PID",1.05900,1.13303,1.22491,0.26572,0.87063,0.05063,-0.00337,0.00000,0.00000,0.45000,0.03659,"STOPPED",0.00000,0.00000,0.00000,0.00000,0.00000,0.00000,0.00000,0.00000,0.00000,0.00000,0.00000,0.00000,0.00000,82.25437
112.750,"PID",1.06308,1.12895,1.22503,0.26512,0.87931,0.05931,0.00298,0.00000,0.00000,0.45000,0.04845,"STOPPED",0.00000,0.00000,0.00000,0.00000,0.00000,0.00000,0.00000,0.00000,0.00000,0.00000,0.00000,0.00000,0.00000,82.25437
112.850,"PID",1.07584,1.11620,1.22516,0.26452,0.87505,0.05505,-0.00082,0.00000,0.00000,0.45000,0.01113,"STOPPED",0.00000,0.00000,0.00000,0.00000,0.00000,0.00000,0.00000,0.00000,0.00000,0.00000,0.00000,0.00000,0.00000,82.25437
112.950,"PID",1.06356,1.12847,1.22526,0.26394,0.87849,0.05849,0.00144,0.00000,0.00000,0.45000,0.03198,"STOPPED",0.00000,0.00000,0.00000,0.00000,0.00000,0.00000,0.00000,0.00000,0.00000,0.00000,0.00000,0.00000,0.00000,82.25437
113.050,"PID",1.07798,1.11405,1.22538,0.26334,0.86840,0.04840,-0.00704,0.00000,0.00000,0.45000,-0.02595,"STOPPED",0.00000,0.00000,0.00000,0.00000,0.00000,0.00000,0.00000,0.00000,0.00000,0.00000,0.00000,0.00000,0.00000,82.25437
113.150,"PID",1.07955,1.11248,1.22550,0.26275,0.86186,0.04186,-0.01282,0.00000,0.00000,0.45000,-0.03969,"STOPPED",0.00000,0.00000,0.00000,0.00000,0.00000,0.00000,0.00000,0.00000,0.00000,0.00000,0.00000,0.00000,0.00000,82.25437
113.250,"PID",1.07955,1.11248,1.22562,0.26216,0.86247,0.04247,-0.01282,0.00000,0.00000,0.45000,-0.02177,"STOPPED",0.00000,0.00000,0.00000,0.00000,0.00000,0.00000,0.00000,0.00000,0.00000,0.00000,0.00000,0.00000,0.00000,82.25437
113.350,"PID",1.07013,1.12191,1.22575,0.26156,0.86600,0.04600,-0.01042,0.00000,0.00000,0.45000,0.00199,"STOPPED",0.00000,0.00000,0.00000,0.00000,0.00000,0.00000,0.00000,0.00000,0.00000,0.00000,0.00000,0.00000,0.00000,82.25437
113.450,"PID",1.06184,1.13019,1.22586,0.26097,0.87888,0.05888,-0.00062,0.00000,0.00000,0.45000,0.04985,"STOPPED",0.00000,0.00000,0.00000,0.00000,0.00000,0.00000,0.00000,0.00000,0.00000,0.00000,0.00000,0.00000,0.00000,82.25437
113.550,"PID",1.06143,1.13061,1.22598,0.26038,0.89074,0.07074,0.00807,0.00000,0.00000,0.45000,0.07698,"STOPPED",0.00000,0.00000,0.00000,0.00000,0.00000,0.00000,0.00000,0.00000,0.00000,0.00000,0.00000,0.00000,0.00000,82.25437
113.650,"PID",1.06569,1.12634,1.22610,0.25979,0.88316,0.06316,0.00181,0.00000,0.00000,0.45000,0.01842,"STOPPED",0.00000,0.00000,0.00000,0.00000,0.00000,0.00000,0.00000,0.00000,0.00000,0.00000,0.00000,0.00000,0.00000,82.25437
113.750,"PID",1.07578,1.11625,1.22622,0.25920,0.87622,0.05622,-0.00409,0.00000,0.00000,0.45000,-0.01752,"STOPPED",0.00000,0.00000,0.00000,0.00000,0.00000,0.00000,0.00000,0.00000,0.00000,0.00000,0.00000,0.00000,0.00000,82.25437
113.850,"PID",1.07955,1.11248,1.22634,0.25860,0.86610,0.04610,-0.01271,0.00000,0.00000,0.45000,-0.04930,"STOPPED",0.00000,0.00000,0.00000,0.00000,0.00000,0.00000,0.00000,0.00000,0.00000,0.00000,0.00000,0.00000,0.00000,82.25437
113.950,"PID",1.07955,1.11248,1.22646,0.25801,0.86671,0.04671,-0.01267,0.00000,0.00000,0.45000,-0.02761,"STOPPED",0.00000,0.00000,0.00000,0.00000,0.00000,0.00000,0.00000,0.00000,0.00000,0.00000,0.00000,0.00000,0.00000,82.25437
114.050,"PID",1.07955,1.11248,1.22658,0.25742,0.86730,0.04730,-0.01265,0.00000,0.00000,0.45000,-0.01448,"STOPPED",0.00000,0.00000,0.00000,0.00000,0.00000,0.00000,0.00000,0.00000,0.00000,0.00000,0.00000,0.00000,0.00000,82.25437
114.150,"PID",1.05879,1.13324,1.22670,0.25682,0.87865,0.05865,-0.00403,0.00000,0.00000,0.45000,0.04080,"STOPPED",0.00000,0.00000,0.00000,0.00000,0.00000,0.00000,0.00000,0.00000,0.00000,0.00000,0.00000,0.00000,0.00000,82.25437
114.250,"PID",1.06308,1.12895,1.22682,0.25624,0.88862,0.06862,0.00328,0.00000,0.00000,0.45000,0.05546,"STOPPED",0.00000,0.00000,0.00000,0.00000,0.00000,0.00000,0.00000,0.00000,0.00000,0.00000,0.00000,0.00000,0.00000,82.25437
114.350,"PID",1.07528,1.11675,1.22694,0.25564,0.88475,0.06475,-0.00018,0.00000,0.00000,0.45000,0.01736,"STOPPED",0.00000,0.00000,0.00000,0.00000,0.00000,0.00000,0.00000,0.00000,0.00000,0.00000,0.00000,0.00000,0.00000,82.25437
114.450,"PID",1.06293,1.12910,1.22706,0.25505,0.88667,0.06667,0.00085,0.00000,0.00000,0.45000,0.02908,"STOPPED",0.00000,0.00000,0.00000,0.00000,0.00000,0.00000,0.00000,0.00000,0.00000,0.00000,0.00000,0.00000,0.00000,82.25437
114.550,"PID",1.07771,1.11433,1.22718,0.25446,0.87780,0.05780,-0.00658,0.00000,0.00000,0.45000,-0.02393,"STOPPED",0.00000,0.00000,0.00000,0.00000,0.00000,0.00000,0.00000,0.00000,0.00000,0.00000,0.00000,0.00000,0.00000,82.25437
114.650,"PID",1.07955,1.11248,1.22730,0.25386,0.87094,0.05094,-0.01255,0.00000,0.00000,0.45000,-0.03987,"STOPPED",0.00000,0.00000,0.00000,0.00000,0.00000,0.00000,0.00000,0.00000,0.00000,0.00000,0.00000,0.00000,0.00000,82.25437
114.750,"PID",1.07955,1.11248,1.22742,0.25325,0.87155,0.05155,-0.01254,0.00000,0.00000,0.45000,-0.02185,"STOPPED",0.00000,0.00000,0.00000,0.00000,0.00000,0.00000,0.00000,0.00000,0.00000,0.00000,0.00000,0.00000,0.00000,82.25437
114.850,"PID",1.07054,1.12149,1.22754,0.25267,0.87460,0.05460,-0.01056,0.00000,0.00000,0.45000,-0.00019,"STOPPED",0.00000,0.00000,0.00000,0.00000,0.00000,0.00000,0.00000,0.00000,0.00000,0.00000,0.00000,0.00000,0.00000,82.25437
114.950,"PID",1.06219,1.12984,1.22766,0.25208,0.88771,0.06771,-0.00064,0.00000,0.00000,0.45000,0.04954,"STOPPED",0.00000,0.00000,0.00000,0.00000,0.00000,0.00000,0.00000,0.00000,0.00000,0.00000,0.00000,0.00000,0.00000,82.25437
115.050,"PID",1.06115,1.13088,1.22733,0.25392,0.90013,0.08013,0.00838,0.04954,0.00940,0.45000,0.07946,"STOPPED",0.00000,0.04798,0.05110,0.49215,0.52407,0.49215,0.52407,0.49215,0.52407,0.46087,0.49087,0.00127,0.95301,82.30202
115.150,"PID",1.06541,1.12662,1.22606,0.26079,0.88623,0.06623,0.00123,0.07975,0.00259,0.45000,-0.00550,"STOPPED",0.00000,0.07932,0.08018,0.81352,0.82231,0.81352,0.82231,0.08544,0.07527,0.21755,0.21994,0.00011,0.43760,82.36085
115.250,"PID",1.07544,1.11660,1.22478,0.26773,0.87156,0.05156,-0.00464,0.07345,-0.00602,0.45000,-0.06245,"STOPPED",0.00000,0.07445,0.07246,0.76359,0.74317,0.76359,0.74317,-0.05723,-0.07837,0.18893,0.18379,0.00054,0.37326,82.39155
115.350,"PID",1.07955,1.11248,1.22490,0.26713,0.85745,0.03745,-0.01331,0.00000,0.00000,0.45000,-0.09074,"STOPPED",0.00000,0.00000,0.00000,0.00000,0.00000,0.00000,0.00000,0.00000,0.00000,0.00000,0.00000,0.00000,0.00000,82.39155
115.450,"PID",1.07955,1.11248,1.22502,0.26654,0.85805,0.03805,-0.01330,0.00000,0.00000,0.45000,-0.05286,"STOPPED",0.00000,0.00000,0.00000,0.00000,0.00000,0.00000,0.00000,0.00000,0.00000,0.00000,0.00000,0.00000,0.00000,82.39155
115.550,"PID",1.07955,1.11248,1.22515,0.26596,0.85866,0.03866,-0.01328,0.00000,0.00000,0.45000,-0.02975,"STOPPED",0.00000,0.00000,0.00000,0.00000,0.00000,0.00000,0.00000,0.00000,0.00000,0.00000,0.00000,0.00000,0.00000,82.39155
115.650,"PID",1.05858,1.13345,1.22527,0.26536,0.86894,0.04894,-0.00542,0.00000,0.00000,0.45000,0.02682,"STOPPED",0.00000,0.00000,0.00000,0.00000,0.00000,0.00000,0.00000,0.00000,0.00000,0.00000,0.00000,0.00000,0.00000,82.39155
115.750,"PID",1.06308,1.12895,1.22538,0.26478,0.88020,0.06020,0.00299,0.00000,0.00000,0.45000,0.05135,"STOPPED",0.00000,0.00000,0.00000,0.00000,0.00000,0.00000,0.00000,0.00000,0.00000,0.00000,0.00000,0.00000,0.00000,82.39155
115.850,"PID",1.07472,1.11731,1.22551,0.26419,0.87674,0.05674,-0.00017,0.00000,0.00000,0.45000,0.01693,"STOPPED",0.00000,0.00000,0.00000,0.00000,0.00000,0.00000,0.00000,0.00000,0.00000,0.00000,0.00000,0.00000,0.00000,82.39155
115.950,"PID",1.06230,1.12973,1.22563,0.26359,0.87712,0.05712,-0.00034,0.00000,0.00000,0.45000,0.02200,"STOPPED",0.00000,0.00000,0.00000,0.00000,0.00000,0.00000,0.00000,0.00000,0.00000,0.00000,0.00000,0.00000,0.00000,82.39155
116.050,"PID",1.07743,1.11460,1.22574,0.26301,0.86965,0.04965,-0.00673,0.00000,0.00000,0.45000,-0.02363,"STOPPED",0.00000,0.00000,0.00000,0.00000,0.00000,0.00000,0.00000,0.00000,0.00000,0.00000,0.00000,0.00000,0.00000,82.39155
116.150,"PID",1.07955,1.11248,1.22586,0.26241,0.86226,0.04226,-0.01319,0.00000,0.00000,0.45000,-0.04180,"STOPPED",0.00000,0.00000,0.00000,0.00000,0.00000,0.00000,0.00000,0.00000,0.00000,0.00000,0.00000,0.00000,0.00000,82.39155
116.250,"PID",1.07955,1.11248,1.22599,0.26181,0.86287,0.04287,-0.01316,0.00000,0.00000,0.45000,-0.02304,"STOPPED",0.00000,0.00000,0.00000,0.00000,0.00000,0.00000,0.00000,0.00000,0.00000,0.00000,0.00000,0.00000,0.00000,82.39155
116.350,"PID",1.07096,1.12107,1.22610,0.26123,0.86542,0.04542,-0.01157,0.00000,0.00000,0.45000,-0.00313,"STOPPED",0.00000,0.00000,0.00000,0.00000,0.00000,0.00000,0.00000,0.00000,0.00000,0.00000,0.00000,0.00000,0.00000,82.39155
116.450,"PID",1.06254,1.12949,1.22622,0.26063,0.87879,0.05879,-0.00136,0.00000,0.00000,0.45000,0.04891,"STOPPED",0.00000,0.00000,0.00000,0.00000,0.00000,0.00000,0.00000,0.00000,0.00000,0.00000,0.00000,0.00000,0.00000,82.39155
116.550,"PID",1.06087,1.13116,1.22635,0.26004,0.89118,0.07118,0.00772,0.00000,0.00000,0.45000,0.07907,"STOPPED",0.00000,0.00000,0.00000,0.00000,0.00000,0.00000,0.00000,0.00000,0.00000,0.00000,0.00000,0.00000,0.00000,82.39155
116.650,"PID",1.06513,1.12690,1.22646,0.25945,0.88371,0.06371,0.00152,0.00000,0.00000,0.45000,0.01958,"STOPPED",0.00000,0.00000,0.00000,0.00000,0.00000,0.00000,0.00000,0.00000,0.00000,0.00000,0.00000,0.00000,0.00000,82.39155
116.750,"PID",1.07509,1.11694,1.22658,0.25885,0.87727,0.05727,-0.00398,0.00000,0.00000,0.45000,-0.01507,"STOPPED",0.00000,0.00000,0.00000,0.00000,0.00000,0.00000,0.00000,0.00000,0.00000,0.00000,0.00000,0.00000,0.00000,82.39155
116.850,"PID",1.07955,1.11248,1.22669,0.25827,0.86650,0.04650,-0.01309,0.00000,0.00000,0.45000,-0.05083,"STOPPED",0.00000,0.00000,0.00000,0.00000,0.00000,0.00000,0.00000,0.00000,0.00000,0.00000,0.00000,0.00000,0.00000,82.39155
116.950,"PID",1.07955,1.11248,1.22682,0.25768,0.86709,0.04709,-0.01310,0.00000,0.00000,0.45000,-0.02864,"STOPPED",0.00000,0.00000,0.00000,0.00000,0.00000,0.00000,0.00000,0.00000,0.00000,0.00000,0.00000,0.00000,0.00000,82.39155
117.050,"PID",1.07955,1.11248,1.22694,0.25708,0.86770,0.04770,-0.01309,0.00000,0.00000,0.45000,-0.01503,"STOPPED",0.00000,0.00000,0.00000,0.00000,0.00000,0.00000,0.00000,0.00000,0.00000,0.00000,0.00000,0.00000,0.00000,82.39155
117.150,"PID",1.05837,1.13366,1.22705,0.25651,0.87691,0.05691,-0.00614,0.00000,0.00000,0.45000,0.03109,"STOPPED",0.00000,0.00000,0.00000,0.00000,0.00000,0.00000,0.00000,0.00000,0.00000,0.00000,0.00000,0.00000,0.00000,82.39155
117.250,"PID",1.06308,1.12895,1.22716,0.25593,0.88948,0.06948,0.00320,0.00000,0.00000,0.45000,0.05843,"STOPPED",0.00000,0.00000,0.00000,0.00000,0.00000,0.00000,0.00000,0.00000,0.00000,0.00000,0.00000,0.00000,0.00000,82.39155
117.350,"PID",1.07416,1.11787,1.22729,0.25533,0.88642,0.06642,0.00039,0.00000,0.00000,0.45000,0.02322,"STOPPED",0.00000,0.00000,0.00000,0.00000,0.00000,0.00000,0.00000,0.00000,0.00000,0.00000,0.00000,0.00000,0.00000,82.39155
117.450,"PID",1.06167,1.13036,1.22741,0.25474,0.88525,0.06525,-0.00098,0.00000,0.00000,0.45000,0.01905,"STOPPED",0.00000,0.00000,0.00000,0.00000,0.00000,0.00000,0.00000,0.00000,0.00000,0.00000,0.00000,0.00000,0.00000,82.39155
117.550,"PID",1.07715,1.11488,1.22752,0.25416,0.87941,0.05941,-0.00601,0.00000,0.00000,0.45000,-0.01984,"STOPPED",0.00000,0.00000,0.00000,0.00000,0.00000,0.00000,0.00000,0.00000,0.00000,0.00000,0.00000,0.00000,0.00000,82.39155
117.650,"PID",1.07955,1.11248,1.22765,0.25356,0.87129,0.05129,-0.01297,0.00000,0.00000,0.45000,-0.04233,"STOPPED",0.00000,0.00000,0.00000,0.00000,0.00000,0.00000,0.00000,0.00000,0.00000,0.00000,0.00000,0.00000,0.00000,82.39155
117.750,"PID",1.07955,1.11248,1.22777,0.25297,0.87189,0.05189,-0.01296,0.00000,0.00000,0.45000,-0.02339,"STOPPED",0.00000,0.00000,0.00000,0.00000,0.00000,0.00000,0.00000,0.00000,0.00000,0.00000,0.00000,0.00000,0.00000,82.39155
117.850,"PID",1.07138,1.12065,1.22788,0.25238,0.87397,0.05397,-0.01176,0.00000,0.00000,0.45000,-0.00539,"STOPPED",0.00000,0.00000,0.00000,0.00000,0.00000,0.00000,0.00000,0.00000,0.00000,0.00000,0.00000,0.00000,0.00000,82.39155
117.950,"PID",1.06289,1.12915,1.22800,0.25179,0.88757,0.06757,-0.00148,0.00000,0.00000,0.45000,0.04854,"STOPPED",0.00000,0.00000,0.00000,0.00000,0.00000,0.00000,0.00000,0.00000,0.00000,0.00000,0.00000,0.00000,0.00000,82.39155
118.050,"PID",1.06059,1.13144,1.22767,0.25361,0.89979,0.07979,0.00741,0.04930,0.00875,0.45000,0.07829,"STOPPED",0.00000,0.04785,0.05074,0.49077,0.52046,0.49077,0.52046,0.49077,0.52046,0.45765,0.48543,0.00110,0.94418,82.43876
118.150,"PID",1.06485,1.12718,1.22639,0.26056,0.88673,0.06673,0.00094,0.08059,0.00234,0.45000,-0.00382,"STOPPED",0.00000,0.08020,0.08098,0.82256,0.83052,0.82256,0.83052,0.08709,0.07492,0.22085,0.22303,0.00012,0.44400,82.49954
118.250,"PID",1.07474,1.11729,1.22508,0.26762,0.87243,0.05243,-0.00454,0.07473,-0.00584,0.45000,-0.06023,"STOPPED",0.00000,0.07570,0.07377,0.77641,0.75659,0.77641,0.75659,-0.05642,-0.07756,0.19118,0.18621,0.00052,0.37791,82.53114
118.350,"PID",1.07955,1.11248,1.22520,0.26704,0.85760,0.03760,-0.01373,0.00000,0.00000,0.45000,-0.09263,"STOPPED",0.00000,0.00000,0.00000,0.00000,0.00000,0.00000,0.00000,0.00000,0.00000,0.00000,0.00000,0.00000,0.00000,82.53114
118.450,"PID",1.07955,1.11248,1.22532,0.26645,0.85821,0.03821,-0.01368,0.00000,0.00000,0.45000,-0.05399,"STOPPED",0.00000,0.00000,0.00000,0.00000,0.00000,0.00000,0.00000,0.00000,0.00000,0.00000,0.00000,0.00000,0.00000,82.53114
118.550,"PID",1.07955,1.11248,1.22544,0.26585,0.85880,0.03880,-0.01369,0.00000,0.00000,0.45000,-0.03051,"STOPPED",0.00000,0.00000,0.00000,0.00000,0.00000,0.00000,0.00000,0.00000,0.00000,0.00000,0.00000,0.00000,0.00000,82.53114
118.650,"PID",1.05817,1.13387,1.22556,0.26525,0.86699,0.04699,-0.00751,0.00000,0.00000,0.45000,0.01718,"STOPPED",0.00000,0.00000,0.00000,0.00000,0.00000,0.00000,0.00000,0.00000,0.00000,0.00000,0.00000,0.00000,0.00000,82.53114
118.750,"PID",1.06308,1.12895,1.22568,0.26467,0.88084,0.06084,0.00299,0.00000,0.00000,0.45000,0.05436,"STOPPED",0.00000,0.00000,0.00000,0.00000,0.00000,0.00000,0.00000,0.00000,0.00000,0.00000,0.00000,0.00000,0.00000,82.53114
118.850,"PID",1.07360,1.11843,1.22580,0.26407,0.87820,0.05820,0.00045,0.00000,0.00000,0.45000,0.02281,"STOPPED",0.00000,0.00000,0.00000,0.00000,0.00000,0.00000,0.00000,0.00000,0.00000,0.00000,0.00000,0.00000,0.00000,82.53114
118.950,"PID",1.06105,1.13098,1.22592,0.26349,0.87548,0.05548,-0.00214,0.00000,0.00000,0.45000,0.01198,"STOPPED",0.00000,0.00000,0.00000,0.00000,0.00000,0.00000,0.00000,0.00000,0.00000,0.00000,0.00000,0.00000,0.00000,82.53114
119.050,"PID",1.07687,1.11516,1.22604,0.26289,0.87127,0.05127,-0.00596,0.00000,0.00000,0.45000,-0.01857,"STOPPED",0.00000,0.00000,0.00000,0.00000,0.00000,0.00000,0.00000,0.00000,0.00000,0.00000,0.00000,0.00000,0.00000,82.53114
119.150,"PID",1.07955,1.11248,1.22616,0.26230,0.86243,0.04243,-0.01356,0.00000,0.00000,0.45000,-0.04433,"STOPPED",0.00000,0.00000,0.00000,0.00000,0.00000,0.00000,0.00000,0.00000,0.00000,0.00000,0.00000,0.00000,0.00000,82.53114
119.250,"PID",1.07955,1.11248,1.22628,0.26171,0.86303,0.04303,-0.01355,0.00000,0.00000,0.45000,-0.02463,"STOPPED",0.00000,0.00000,0.00000,0.00000,0.00000,0.00000,0.00000,0.00000,0.00000,0.00000,0.00000,0.00000,0.00000,82.53114
119.350,"PID",1.07180,1.12023,1.22640,0.26112,0.86462,0.04462,-0.01273,0.00000,0.00000,0.45000,-0.00827,"STOPPED",0.00000,0.00000,0.00000,0.00000,0.00000,0.00000,0.00000,0.00000,0.00000,0.00000,0.00000,0.00000,0.00000,82.53114
119.450,"PID",1.06323,1.12880,1.22652,0.26053,0.87847,0.05847,-0.00212,0.00000,0.00000,0.45000,0.04788,"STOPPED",0.00000,0.00000,0.00000,0.00000,0.00000,0.00000,0.00000,0.00000,0.00000,0.00000,0.00000,0.00000,0.00000,82.53114
119.550,"PID",1.06031,1.13172,1.22664,0.25994,0.89051,0.07051,0.00670,0.00000,0.00000,0.45000,0.07725,"STOPPED",0.00000,0.00000,0.00000,0.00000,0.00000,0.00000,0.00000,0.00000,0.00000,0.00000,0.00000,0.00000,0.00000,82.53114
119.650,"PID",1.06469,1.12734,1.22677,0.25934,0.88404,0.06404,0.00128,0.00000,0.00000,0.45000,0.02142,"STOPPED",0.00000,0.00000,0.00000,0.00000,0.00000,0.00000,0.00000,0.00000,0.00000,0.00000,0.00000,0.00000,0.00000,82.53114
119.750,"PID",1.07439,1.11764,1.22689,0.25874,0.87808,0.05808,-0.00384,0.00000,0.00000,0.45000,-0.01217,"STOPPED",0.00000,0.00000,0.00000,0.00000,0.00000,0.00000,0.00000,0.00000,0.00000,0.00000,0.00000,0.00000,0.00000,82.53114
119.850,"PID",1.07955,1.11248,1.22700,0.25816,0.86666,0.04666,-0.01347,0.00000,0.00000,0.45000,-0.05212,"STOPPED",0.00000,0.00000,0.00000,0.00000,0.00000,0.00000,0.00000,0.00000,0.00000,0.00000,0.00000,0.00000,0.00000,82.53114
119.950,"PID",1.07955,1.11248,1.22712,0.25756,0.86726,0.04726,-0.01345,0.00000,0.00000,0.45000,-0.02935,"STOPPED",0.00000,0.00000,0.00000,0.00000,0.00000,0.00000,0.00000,0.00000,0.00000,0.00000,0.00000,0.00000,0.00000,82.53114
120.050,"PID",1.07955,1.11248,1.22724,0.25697,0.86786,0.04786,-0.01342,0.00000,0.00000,0.45000,-0.01549,"STOPPED",0.00000,0.00000,0.00000,0.00000,0.00000,0.00000,0.00000,0.00000,0.00000,0.00000,0.00000,0.00000,0.00000,82.53114
120.150,"PID",1.05896,1.13307,1.22736,0.25638,0.87498,0.05498,-0.00816,0.00000,0.00000,0.45000,0.02162,"STOPPED",0.00000,0.00000,0.00000,0.00000,0.00000,0.00000,0.00000,0.00000,0.00000,0.00000,0.00000,0.00000,0.00000,82.53114
120.250,"PID",1.06308,1.12895,1.22749,0.25580,0.89015,0.07015,0.00324,0.00000,0.00000,0.45000,0.06272,"STOPPED",0.00000,0.00000,0.00000,0.00000,0.00000,0.00000,0.00000,0.00000,0.00000,0.00000,0.00000,0.00000,0.00000,82.53114
120.350,"PID",1.07305,1.11898,1.22761,0.25520,0.88791,0.06791,0.00105,0.00000,0.00000,0.45000,0.02991,"STOPPED",0.00000,0.00000,0.00000,0.00000,0.00000,0.00000,0.00000,0.00000,0.00000,0.00000,0.00000,0.00000,0.00000,82.53114
120.450,"PID",1.06042,1.13161,1.22772,0.25461,0.88364,0.06364,-0.00272,0.00000,0.00000,0.45000,0.00950,"STOPPED",0.00000,0.00000,0.00000,0.00000,0.00000,0.00000,0.00000,0.00000,0.00000,0.00000,0.00000,0.00000,0.00000,82.53114
120.550,"PID",1.07659,1.11544,1.22785,0.25402,0.88104,0.06104,-0.00524,0.00000,0.00000,0.45000,-0.01454,"STOPPED",0.00000,0.00000,0.00000,0.00000,0.00000,0.00000,0.00000,0.00000,0.00000,0.00000,0.00000,0.00000,0.00000,82.53114
120.650,"PID",1.07955,1.11248,1.22797,0.25343,0.87147,0.05147,-0.01333,0.00000,0.00000,0.45000,-0.04474,"STOPPED",0.00000,0.00000,0.00000,0.00000,0.00000,0.00000,0.00000,0.00000,0.00000,0.00000,0.00000,0.00000,0.00000,82.53114
120.750,"PID",1.07955,1.11248,1.22808,0.25285,0.87207,0.05207,-0.01332,0.00000,0.00000,0.45000,-0.02488,"STOPPED",0.00000,0.00000,0.00000,0.00000,0.00000,0.00000,0.00000,0.00000,0.00000,0.00000,0.00000,0.00000,0.00000,82.53114
120.850,"PID",1.07222,1.11981,1.22821,0.25225,0.87317,0.05317,-0.01291,0.00000,0.00000,0.45000,-0.01057,"STOPPED",0.00000,0.00000,0.00000,0.00000,0.00000,0.00000,0.00000,0.00000,0.00000,0.00000,0.00000,0.00000,0.00000,82.53114
120.950,"PID",1.06358,1.12845,1.22833,0.25166,0.88727,0.06727,-0.00222,0.00000,0.00000,0.45000,0.04757,"STOPPED",0.00000,0.00000,0.00000,0.00000,0.00000,0.00000,0.00000,0.00000,0.00000,0.00000,0.00000,0.00000,0.00000,82.53114
121.050,"PID",1.06003,1.13200,1.22799,0.25348,0.89915,0.07915,0.00641,0.04889,0.00801,0.45000,0.07651,"STOPPED",0.00000,0.04757,0.05022,0.48786,0.51504,0.48786,0.51504,0.48786,0.51504,0.45175,0.47700,0.00092,0.92967,82.57762
121.150,"PID",1.06462,1.12741,1.22669,0.26048,0.88705,0.06705,0.00070,0.08129,0.00216,0.45000,-0.00212,"STOPPED",0.00000,0.08094,0.08165,0.83011,0.83744,0.83011,0.83744,0.08877,0.07460,0.22381,0.22582,0.00013,0.44976,82.64029
121.250,"PID",1.07404,1.11799,1.22536,0.26764,0.87317,0.05317,-0.00436,0.07578,-0.00559,0.45000,-0.05743,"STOPPED",0.00000,0.07670,0.07485,0.78670,0.76771,0.78670,0.76771,-0.05426,-0.07405,0.19026,0.18558,0.00047,0.37631,82.67201
121.350,"PID",1.07955,1.11248,1.22548,0.26705,0.85764,0.03764,-0.01408,0.00000,0.00000,0.45000,-0.09412,"STOPPED",0.00000,0.00000,0.00000,0.00000,0.00000,0.00000,0.00000,0.00000,0.00000,0.00000,0.00000,0.00000,0.00000,82.67201
121.450,"PID",1.07955,1.11248,1.22561,0.26645,0.85824,0.03824,-0.01408,0.00000,0.00000,0.45000,-0.05493,"STOPPED",0.00000,0.00000,0.00000,0.00000,0.00000,0.00000,0.00000,0.00000,0.00000,0.00000,0.00000,0.00000,0.00000,82.67201
121.550,"PID",1.07955,1.11248,1.22573,0.26586,0.85884,0.03884,-0.01405,0.00000,0.00000,0.45000,-0.03104,"STOPPED",0.00000,0.00000,0.00000,0.00000,0.00000,0.00000,0.00000,0.00000,0.00000,0.00000,0.00000,0.00000,0.00000,82.67201
121.650,"PID",1.05986,1.13217,1.22585,0.26527,0.86493,0.04493,-0.00957,0.00000,0.00000,0.45000,0.00761,"STOPPED",0.00000,0.00000,0.00000,0.00000,0.00000,0.00000,0.00000,0.00000,0.00000,0.00000,0.00000,0.00000,0.00000,82.67201
121.750,"PID",1.06308,1.12895,1.22597,0.26467,0.88139,0.06139,0.00295,0.00000,0.00000,0.45000,0.05991,"STOPPED",0.00000,0.00000,0.00000,0.00000,0.00000,0.00000,0.00000,0.00000,0.00000,0.00000,0.00000,0.00000,0.00000,82.67201
121.850,"PID",1.07249,1.11954,1.22609,0.26407,0.87957,0.05957,0.00106,0.00000,0.00000,0.45000,0.03025,"STOPPED",0.00000,0.00000,0.00000,0.00000,0.00000,0.00000,0.00000,0.00000,0.00000,0.00000,0.00000,0.00000,0.00000,82.67201
121.950,"PID",1.05979,1.13224,1.22621,0.26349,0.87375,0.05375,-0.00398,0.00000,0.00000,0.45000,0.00291,"STOPPED",0.00000,0.00000,0.00000,0.00000,0.00000,0.00000,0.00000,0.00000,0.00000,0.00000,0.00000,0.00000,0.00000,82.67201
122.050,"PID",1.07631,1.11572,1.22633,0.26290,0.87277,0.05277,-0.00523,0.00000,0.00000,0.45000,-0.01301,"STOPPED",0.00000,0.00000,0.00000,0.00000,0.00000,0.00000,0.00000,0.00000,0.00000,0.00000,0.00000,0.00000,0.00000,82.67201
122.150,"PID",1.07955,1.11248,1.22645,0.26230,0.86247,0.04247,-0.01399,0.00000,0.00000,0.45000,-0.04658,"STOPPED",0.00000,0.00000,0.00000,0.00000,0.00000,0.00000,0.00000,0.00000,0.00000,0.00000,0.00000,0.00000,0.00000,82.67201
122.250,"PID",1.07955,1.11248,1.22657,0.26171,0.86307,0.04307,-0.01398,0.00000,0.00000,0.45000,-0.02600,"STOPPED",0.00000,0.00000,0.00000,0.00000,0.00000,0.00000,0.00000,0.00000,0.00000,0.00000,0.00000,0.00000,0.00000,82.67201
122.350,"PID",1.07264,1.11940,1.22669,0.26112,0.86369,0.04369,-0.01394,0.00000,0.00000,0.45000,-0.01339,"STOPPED",0.00000,0.00000,0.00000,0.00000,0.00000,0.00000,0.00000,0.00000,0.00000,0.00000,0.00000,0.00000,0.00000,82.67201
122.450,"PID",1.06393,1.12810,1.22681,0.26053,0.87803,0.05803,-0.00293,0.00000,0.00000,0.45000,0.04691,"STOPPED",0.00000,0.00000,0.00000,0.00000,0.00000,0.00000,0.00000,0.00000,0.00000,0.00000,0.00000,0.00000,0.00000,82.67201
122.550,"PID",1.05975,1.13228,1.22693,0.25994,0.88975,0.06975,0.00566,0.00000,0.00000,0.45000,0.07557,"STOPPED",0.00000,0.00000,0.00000,0.00000,0.00000,0.00000,0.00000,0.00000,0.00000,0.00000,0.00000,0.00000,0.00000,82.67201
122.650,"PID",1.06455,1.12748,1.22705,0.25935,0.88425,0.06425,0.00099,0.00000,0.00000,0.45000,0.02325,"STOPPED",0.00000,0.00000,0.00000,0.00000,0.00000,0.00000,0.00000,0.00000,0.00000,0.00000,0.00000,0.00000,0.00000,82.67201
122.750,"PID",1.07369,1.11834,1.22717,0.25876,0.87876,0.05876,-0.00373,0.00000,0.00000,0.45000,-0.00898,"STOPPED",0.00000,0.00000,0.00000,0.00000,0.00000,0.00000,0.00000,0.00000,0.00000,0.00000,0.00000,0.00000,0.00000,82.67201
122.850,"PID",1.07955,1.11248,1.22728,0.25818,0.86680,0.04680,-0.01375,0.00000,0.00000,0.45000,-0.05268,"STOPPED",0.00000,0.00000,0.00000,0.00000,0.00000,0.00000,0.00000,0.00000,0.00000,0.00000,0.00000,0.00000,0.00000,82.67201
122.950,"PID",1.07955,1.11248,1.22741,0.25759,0.86728,0.04728,-0.01383,0.00000,0.00000,0.45000,-0.03011,"STOPPED",0.00000,0.00000,0.00000,0.00000,0.00000,0.00000,0.00000,0.00000,0.00000,0.00000,0.00000,0.00000,0.00000,82.67201
123.050,"PID",1.07955,1.11248,1.22753,0.25700,0.86788,0.04788,-0.01382,0.00000,0.00000,0.45000,-0.01598,"STOPPED",0.00000,0.00000,0.00000,0.00000,0.00000,0.00000,0.00000,0.00000,0.00000,0.00000,0.00000,0.00000,0.00000,82.67201
123.150,"PID",1.06077,1.13126,1.22765,0.25641,0.87291,0.05291,-0.01024,0.00000,0.00000,0.45000,0.01210,"STOPPED",0.00000,0.00000,0.00000,0.00000,0.00000,0.00000,0.00000,0.00000,0.00000,0.00000,0.00000,0.00000,0.00000,82.67201
123.250,"PID",1.06308,1.12895,1.22777,0.25583,0.89066,0.07066,0.00318,0.00000,0.00000,0.45000,0.06832,"STOPPED",0.00000,0.00000,0.00000,0.00000,0.00000,0.00000,0.00000,0.00000,0.00000,0.00000,0.00000,0.00000,0.00000,82.67201
123.350,"PID",1.07193,1.12010,1.22789,0.25523,0.88882,0.06882,0.00131,0.00000,0.00000,0.45000,0.03555,"STOPPED",0.00000,0.00000,0.00000,0.00000,0.00000,0.00000,0.00000,0.00000,0.00000,0.00000,0.00000,0.00000,0.00000,82.67201
123.450,"PID",1.05916,1.13287,1.22801,0.25464,0.88188,0.06188,-0.00454,0.00000,0.00000,0.45000,0.00078,"STOPPED",0.00000,0.00000,0.00000,0.00000,0.00000,0.00000,0.00000,0.00000,0.00000,0.00000,0.00000,0.00000,0.00000,82.67201
123.550,"PID",1.07603,1.11600,1.22813,0.25404,0.88253,0.06253,-0.00449,0.00000,0.00000,0.45000,-0.00869,"STOPPED",0.00000,0.00000,0.00000,0.00000,0.00000,0.00000,0.00000,0.00000,0.00000,0.00000,0.00000,0.00000,0.00000,82.67201
123.650,"PID",1.07955,1.11248,1.22826,0.25345,0.87151,0.05151,-0.01374,0.00000,0.00000,0.45000,-0.04677,"STOPPED",0.00000,0.00000,0.00000,0.00000,0.00000,0.00000,0.00000,0.00000,0.00000,0.00000,0.00000,0.00000,0.00000,82.67201
123.750,"PID",1.07955,1.11248,1.22838,0.25286,0.87211,0.05211,-0.01372,0.00000,0.00000,0.45000,-0.02612,"STOPPED",0.00000,0.00000,0.00000,0.00000,0.00000,0.00000,0.00000,0.00000,0.00000,0.00000,0.00000,0.00000,0.00000,82.67201
123.850,"PID",1.07305,1.11898,1.22850,0.25226,0.87272,0.05272,-0.01370,0.00000,0.00000,0.45000,-0.01351,"STOPPED",0.00000,0.00000,0.00000,0.00000,0.00000,0.00000,0.00000,0.00000,0.00000,0.00000,0.00000,0.00000,0.00000,82.67201
123.950,"PID",1.06428,1.12775,1.22862,0.25167,0.88682,0.06682,-0.00299,0.00000,0.00000,0.45000,0.04628,"STOPPED",0.00000,0.00000,0.00000,0.00000,0.00000,0.00000,0.00000,0.00000,0.00000,0.00000,0.00000,0.00000,0.00000,82.67201
124.050,"PID",1.05947,1.13256,1.22829,0.25346,0.89838,0.07838,0.00540,0.04843,0.00727,0.45000,0.07462,"STOPPED",0.00000,0.04723,0.04964,0.48440,0.50908,0.48440,0.50908,0.48440,0.50908,0.44496,0.46770,0.00076,0.91342,82.71768
124.150,"PID",1.06448,1.12755,1.22697,0.26052,0.88726,0.06726,0.00045,0.08192,0.00196,0.45000,-0.00042,"STOPPED",0.00000,0.08160,0.08225,0.83692,0.84358,0.83692,0.84358,0.09041,0.07425,0.22652,0.22835,0.00013,0.45501,82.78218
124.250,"PID",1.07334,1.11869,1.22562,0.26776,0.87380,0.05380,-0.00421,0.07670,-0.00541,0.45000,-0.05453,"STOPPED",0.00000,0.07759,0.07580,0.79581,0.77743,0.79581,0.77743,-0.05178,-0.06995,0.18840,0.18396,0.00042,0.37278,82.81378
124.350,"PID",1.07955,1.11248,1.22574,0.26718,0.85809,0.03809,-0.01401,0.00000,0.00000,0.45000,-0.09324,"STOPPED",0.00000,0.00000,0.00000,0.00000,0.00000,0.00000,0.00000,0.00000,0.00000,0.00000,0.00000,0.00000,0.00000,82.81378
124.450,"PID",1.07955,1.11248,1.22587,0.26658,0.85816,0.03816,-0.01444,0.00000,0.00000,0.45000,-0.05619,"STOPPED",0.00000,0.00000,0.00000,0.00000,0.00000,0.00000,0.00000,0.00000,0.00000,0.00000,0.00000,0.00000,0.00000,82.81378
124.550,"PID",1.07955,1.11248,1.22599,0.26598,0.85877,0.03877,-0.01442,0.00000,0.00000,0.45000,-0.03180,"STOPPED",0.00000,0.00000,0.00000,0.00000,0.00000,0.00000,0.00000,0.00000,0.00000,0.00000,0.00000,0.00000,0.00000,82.81378
124.650,"PID",1.06168,1.13035,1.22611,0.26540,0.86275,0.04275,-0.01165,0.00000,0.00000,0.45000,-0.00211,"STOPPED",0.00000,0.00000,0.00000,0.00000,0.00000,0.00000,0.00000,0.00000,0.00000,0.00000,0.00000,0.00000,0.00000,82.81378
124.750,"PID",1.06308,1.12895,1.22623,0.26480,0.88180,0.06180,0.00297,0.00000,0.00000,0.45000,0.06540,"STOPPED",0.00000,0.00000,0.00000,0.00000,0.00000,0.00000,0.00000,0.00000,0.00000,0.00000,0.00000,0.00000,0.00000,82.81378
124.850,"PID",1.07137,1.12066,1.22635,0.26421,0.87972,0.05972,0.00089,0.00000,0.00000,0.45000,0.03293,"STOPPED",0.00000,0.00000,0.00000,0.00000,0.00000,0.00000,0.00000,0.00000,0.00000,0.00000,0.00000,0.00000,0.00000,82.81378
124.950,"PID",1.05854,1.13350,1.22646,0.26362,0.87189,0.05189,-0.00569,0.00000,0.00000,0.45000,-0.00535,"STOPPED",0.00000,0.00000,0.00000,0.00000,0.00000,0.00000,0.00000,0.00000,0.00000,0.00000,0.00000,0.00000,0.00000,82.81378
125.050,"PID",1.07575,1.11628,1.22658,0.26303,0.87414,0.05414,-0.00436,0.00000,0.00000,0.45000,-0.00693,"STOPPED",0.00000,0.00000,0.00000,0.00000,0.00000,0.00000,0.00000,0.00000,0.00000,0.00000,0.00000,0.00000,0.00000,82.81378
125.150,"PID",1.07955,1.11248,1.22671,0.26244,0.86238,0.04238,-0.01428,0.00000,0.00000,0.45000,-0.04853,"STOPPED",0.00000,0.00000,0.00000,0.00000,0.00000,0.00000,0.00000,0.00000,0.00000,0.00000,0.00000,0.00000,0.00000,82.81378
125.250,"PID",1.07955,1.11248,1.22682,0.26185,0.86299,0.04299,-0.01427,0.00000,0.00000,0.45000,-0.02715,"STOPPED",0.00000,0.00000,0.00000,0.00000,0.00000,0.00000,0.00000,0.00000,0.00000,0.00000,0.00000,0.00000,0.00000,82.81378
125.350,"PID",1.07347,1.11856,1.22695,0.26126,0.86359,0.04359,-0.01426,0.00000,0.00000,0.45000,-0.01417,"STOPPED",0.00000,0.00000,0.00000,0.00000,0.00000,0.00000,0.00000,0.00000,0.00000,0.00000,0.00000,0.00000,0.00000,82.81378
125.450,"PID",1.06463,1.12740,1.22707,0.26066,0.87746,0.05746,-0.00363,0.00000,0.00000,0.45000,0.04532,"STOPPED",0.00000,0.00000,0.00000,0.00000,0.00000,0.00000,0.00000,0.00000,0.00000,0.00000,0.00000,0.00000,0.00000,82.81378
125.550,"PID",1.05919,1.13284,1.22719,0.26007,0.88887,0.06887,0.00471,0.00000,0.00000,0.45000,0.07352,"STOPPED",0.00000,0.00000,0.00000,0.00000,0.00000,0.00000,0.00000,0.00000,0.00000,0.00000,0.00000,0.00000,0.00000,82.81378
125.650,"PID",1.06441,1.12762,1.22732,0.25947,0.88434,0.06434,0.00079,0.00000,0.00000,0.45000,0.02487,"STOPPED",0.00000,0.00000,0.00000,0.00000,0.00000,0.00000,0.00000,0.00000,0.00000,0.00000,0.00000,0.00000,0.00000,82.81378
125.750,"PID",1.07300,1.11904,1.22744,0.25887,0.87936,0.05936,-0.00355,0.00000,0.00000,0.45000,-0.00579,"STOPPED",0.00000,0.00000,0.00000,0.00000,0.00000,0.00000,0.00000,0.00000,0.00000,0.00000,0.00000,0.00000,0.00000,82.81378
125.850,"PID",1.07955,1.11248,1.22756,0.25828,0.86755,0.04755,-0.01342,0.00000,0.00000,0.45000,-0.05020,"STOPPED",0.00000,0.00000,0.00000,0.00000,0.00000,0.00000,0.00000,0.00000,0.00000,0.00000,0.00000,0.00000,0.00000,82.81378
125.950,"PID",1.07955,1.11248,1.22769,0.25769,0.86723,0.04723,-0.01415,0.00000,0.00000,0.45000,-0.03134,"STOPPED",0.00000,0.00000,0.00000,0.00000,0.00000,0.00000,0.00000,0.00000,0.00000,0.00000,0.00000,0.00000,0.00000,82.81378
126.050,"PID",1.07955,1.11248,1.22781,0.25709,0.86784,0.04784,-0.01413,0.00000,0.00000,0.45000,-0.01669,"STOPPED",0.00000,0.00000,0.00000,0.00000,0.00000,0.00000,0.00000,0.00000,0.00000,0.00000,0.00000,0.00000,0.00000,82.81378
126.150,"PID",1.06258,1.12945,1.22793,0.25650,0.87077,0.05077,-0.01224,0.00000,0.00000,0.45000,0.00244,"STOPPED",0.00000,0.00000,0.00000,0.00000,0.00000,0.00000,0.00000,0.00000,0.00000,0.00000,0.00000,0.00000,0.00000,82.81378
126.250,"PID",1.06308,1.12895,1.22805,0.25590,0.89113,0.07113,0.00324,0.00000,0.00000,0.45000,0.07393,"STOPPED",0.00000,0.00000,0.00000,0.00000,0.00000,0.00000,0.00000,0.00000,0.00000,0.00000,0.00000,0.00000,0.00000,82.81378
126.350,"PID",1.07082,1.12122,1.22817,0.25532,0.88879,0.06879,0.00099,0.00000,0.00000,0.45000,0.03727,"STOPPED",0.00000,0.00000,0.00000,0.00000,0.00000,0.00000,0.00000,0.00000,0.00000,0.00000,0.00000,0.00000,0.00000,82.81378
126.450,"PID",1.05843,1.13360,1.22829,0.25474,0.88005,0.06005,-0.00627,0.00000,0.00000,0.45000,-0.00734,"STOPPED",0.00000,0.00000,0.00000,0.00000,0.00000,0.00000,0.00000,0.00000,0.00000,0.00000,0.00000,0.00000,0.00000,82.81378
126.550,"PID",1.07547,1.11656,1.22742,0.25940,0.88166,0.06166,-0.00425,0.06127,-0.00249,0.45000,-0.01199,"STOPPED",0.00000,0.06168,0.06086,0.63264,0.62418,0.63264,0.62418,0.18241,0.13636,0.24692,0.24358,0.00049,0.49098,82.87945
126.650,"PID",1.07955,1.11248,1.22697,0.26184,0.86301,0.04301,-0.01396,0.00000,0.00000,0.45000,-0.07857,"STOPPED",0.00000,0.00000,0.00000,0.00000,0.00000,0.00000,0.00000,-0.65840,-0.61205,0.00000,0.00000,0.00000,0.00000,82.88916
126.750,"PID",1.07955,1.11248,1.22709,0.26126,0.86361,0.04361,-0.01395,0.00000,0.00000,0.45000,-0.04546,"STOPPED",0.00000,0.00000,0.00000,0.00000,0.00000,0.00000,0.00000,0.00000,0.00000,0.00000,0.00000,0.00000,0.00000,82.88916
126.850,"PID",1.07389,1.11814,1.22721,0.26069,0.86420,0.04420,-0.01392,0.00000,0.00000,0.45000,-0.02534,"STOPPED",0.00000,0.00000,0.00000,0.00000,0.00000,0.00000,0.00000,0.00000,0.00000,0.00000,0.00000,0.00000,0.00000,82.88916
126.950,"PID",1.06488,1.12715,1.22733,0.26009,0.87782,0.05782,-0.00347,0.00000,0.00000,0.45000,0.03787,"STOPPED",0.00000,0.00000,0.00000,0.00000,0.00000,0.00000,0.00000,0.00000,0.00000,0.00000,0.00000,0.00000,0.00000,82.88916
127.050,"PID",1.05892,1.13312,1.22744,0.25950,0.88905,0.06905,0.00473,0.00000,0.00000,0.45000,0.06825,"STOPPED",0.00000,0.00000,0.00000,0.00000,0.00000,0.00000,0.00000,0.00000,0.00000,0.00000,0.00000,0.00000,0.00000,82.88916
127.150,"PID",1.06434,1.12769,1.22757,0.25890,0.88502,0.06502,0.00118,0.00000,0.00000,0.45000,0.02316,"STOPPED",0.00000,0.00000,0.00000,0.00000,0.00000,0.00000,0.00000,0.00000,0.00000,0.00000,0.00000,0.00000,0.00000,82.88916
127.250,"PID",1.07265,1.11938,1.22769,0.25831,0.88029,0.06029,-0.00298,0.00000,0.00000,0.45000,-0.00575,"STOPPED",0.00000,0.00000,0.00000,0.00000,0.00000,0.00000,0.00000,0.00000,0.00000,0.00000,0.00000,0.00000,0.00000,82.88916
127.350,"PID",1.07955,1.11248,1.22781,0.25772,0.86855,0.04855,-0.01278,0.00000,0.00000,0.45000,-0.04992,"STOPPED",0.00000,0.00000,0.00000,0.00000,0.00000,0.00000,0.00000,0.00000,0.00000,0.00000,0.00000,0.00000,0.00000,82.88916
127.450,"PID",1.07955,1.11248,1.22793,0.25712,0.86783,0.04783,-0.01384,0.00000,0.00000,0.45000,-0.03255,"STOPPED",0.00000,0.00000,0.00000,0.00000,0.00000,0.00000,0.00000,0.00000,0.00000,0.00000,0.00000,0.00000,0.00000,82.88916
127.550,"PID",1.07955,1.11248,1.22805,0.25653,0.86844,0.04844,-0.01383,0.00000,0.00000,0.45000,-0.01743,"STOPPED",0.00000,0.00000,0.00000,0.00000,0.00000,0.00000,0.00000,0.00000,0.00000,0.00000,0.00000,0.00000,0.00000,82.88916
127.650,"PID",1.06349,1.12854,1.22817,0.25594,0.87031,0.05031,-0.01276,0.00000,0.00000,0.45000,-0.00266,"STOPPED",0.00000,0.00000,0.00000,0.00000,0.00000,0.00000,0.00000,0.00000,0.00000,0.00000,0.00000,0.00000,0.00000,82.88916
127.750,"PID",1.06308,1.12895,1.22830,0.25534,0.89197,0.07197,0.00375,0.00000,0.00000,0.45000,0.07656,"STOPPED",0.00000,0.00000,0.00000,0.00000,0.00000,0.00000,0.00000,0.00000,0.00000,0.00000,0.00000,0.00000,0.00000,82.88916
127.850,"PID",1.07026,1.12177,1.22841,0.25476,0.88939,0.06939,0.00133,0.00000,0.00000,0.45000,0.03803,"STOPPED",0.00000,0.00000,0.00000,0.00000,0.00000,0.00000,0.00000,0.00000,0.00000,0.00000,0.00000,0.00000,0.00000,82.88916
127.950,"PID",1.05920,1.13283,1.22854,0.25417,0.87977,0.05977,-0.00662,0.00000,0.00000,0.45000,-0.01139,"STOPPED",0.00000,0.00000,0.00000,0.00000,0.00000,0.00000,0.00000,0.00000,0.00000,0.00000,0.00000,0.00000,0.00000,82.88916
128.050,"PID",1.07520,1.11684,1.22866,0.25357,0.88529,0.06529,-0.00276,0.00000,0.00000,0.45000,0.00276,"STOPPED",0.00000,0.00000,0.00000,0.00000,0.00000,0.00000,0.00000,0.00000,0.00000,0.00000,0.00000,0.00000,0.00000,82.88916
128.100,"PID",1.07955,1.11248,1.22872,0.25327,0.87680,0.05680,-0.00967,0.00000,0.00000,0.45000,-0.03518,"STOPPED",0.00000,0.00000,0.00000,0.00000,0.00000,0.00000,0.00000,0.00000,0.00000,0.00000,0.00000,0.00000,0.00000,82.88916
128.150,"PID",1.07955,1.11248,1.22878,0.25298,0.87206,0.05206,-0.01370,0.00000,0.00000,0.45000,-0.04829,"STOPPED",0.00000,0.00000,0.00000,0.00000,0.00000,0.00000,0.00000,0.00000,0.00000,0.00000,0.00000,0.00000,0.00000,82.88916
128.200,"PID",1.07955,1.11248,1.22884,0.25268,0.87236,0.05236,-0.01369,0.00000,0.00000,0.45000,-0.03637,"STOPPED",0.00000,0.00000,0.00000,0.00000,0.00000,0.00000,0.00000,0.00000,0.00000,0.00000,0.00000,0.00000,0.00000,82.88916
128.250,"PID",1.07955,1.11248,1.22890,0.25239,0.87266,0.05266,-0.01369,0.00000,0.00000,0.45000,-0.02703,"STOPPED",0.00000,0.00000,0.00000,0.00000,0.00000,0.00000,0.00000,0.00000,0.00000,0.00000,0.00000,0.00000,0.00000,82.88916
128.300,"PID",1.07955,1.11248,1.22896,0.25209,0.87297,0.05297,-0.01368,0.00000,0.00000,0.45000,-0.01974,"STOPPED",0.00000,0.00000,0.00000,0.00000,0.00000,0.00000,0.00000,0.00000,0.00000,0.00000,0.00000,0.00000,0.00000,82.88916
128.350,"PID",1.07431,1.11772,1.22903,0.25179,0.87327,0.05327,-0.01367,0.00000,0.00000,0.45000,-0.01406,"STOPPED",0.00000,0.00000,0.00000,0.00000,0.00000,0.00000,0.00000,0.00000,0.00000,0.00000,0.00000,0.00000,0.00000,82.88916
128.400,"PID",1.06854,1.12349,1.22909,0.25149,0.87965,0.05965,-0.00881,0.00000,0.00000,0.45000,0.01710,"STOPPED",0.00000,0.00000,0.00000,0.00000,0.00000,0.00000,0.00000,0.00000,0.00000,0.00000,0.00000,0.00000,0.00000,82.88916
128.450,"PID",1.06509,1.12694,1.22914,0.25120,0.88666,0.06666,-0.00355,0.00000,0.00000,0.45000,0.04419,"STOPPED",0.00000,0.00000,0.00000,0.00000,0.00000,0.00000,0.00000,0.00000,0.00000,0.00000,0.00000,0.00000,0.00000,82.88916
128.500,"PID",1.05957,1.13246,1.22921,0.25090,0.89098,0.07098,-0.00044,0.00000,0.00000,0.45000,0.05345,"STOPPED",0.00000,0.00000,0.00000,0.00000,0.00000,0.00000,0.00000,0.00000,0.00000,0.00000,0.00000,0.00000,0.00000,82.88916
128.550,"PID",1.05864,1.13339,1.22883,0.25295,0.89772,0.07772,0.00447,0.04784,0.00646,0.45000,0.07139,"STOPPED",0.00000,0.04677,0.04890,0.47967,0.50159,0.47967,0.50159,0.47967,0.50159,0.43599,0.45598,0.00060,0.89257,82.93378
128.600,"PID",1.06312,1.12891,1.22819,0.25633,0.89674,0.07674,0.00499,0.07490,0.00790,0.45000,0.05134,"STOPPED",0.00000,0.07359,0.07621,0.75480,0.78161,0.75480,0.78161,0.27513,0.28002,0.43508,0.45066,0.00016,0.88591,82.97808
128.650,"PID",1.06427,1.12776,1.22749,0.26012,0.88805,0.06805,0.00062,0.08306,0.00239,0.45000,0.00182,"STOPPED",0.00000,0.08266,0.08346,0.84782,0.85595,0.84782,0.85595,0.09302,0.07434,0.23132,0.23358,0.00019,0.46509,83.00133
128.700,"PID",1.06750,1.12453,1.22677,0.26394,0.88286,0.06286,-0.00053,0.08373,0.00031,0.45000,-0.02142,"STOPPED",0.00000,0.08368,0.08379,0.85829,0.85934,0.85829,0.85934,0.01047,0.00338,0.13090,0.13107,0.00001,0.26198,83.01443
128.750,"PID",1.07230,1.11973,1.22610,0.26749,0.87520,0.05520,-0.00349,0.07831,-0.00429,0.45000,-0.05040,"STOPPED",0.00000,0.07902,0.07760,0.81045,0.79588,0.81045,0.79588,-0.04784,-0.06346,0.18531,0.18191,0.00028,0.36750,83.03281
128.800,"PID",1.07805,1.11398,1.22553,0.27056,0.86601,0.04601,-0.00773,0.06859,-0.01100,0.45000,-0.07976,"STOPPED",0.00000,0.07041,0.06677,0.72215,0.68479,0.72215,0.68479,-0.08830,-0.11108,0.21463,0.20337,0.00106,0.41906,83.05376
128.850,"PID",1.07955,1.11248,1.22559,0.27027,0.85622,0.03622,-0.01261,0.00000,0.00000,0.45000,-0.10529,"STOPPED",0.00000,0.00000,0.00000,0.00000,0.00000,0.00000,0.00000,-0.72215,-0.68479,0.00000,0.00000,0.00000,0.00000,83.05376
128.900,"PID",1.07955,1.11248,1.22565,0.26997,0.85478,0.03478,-0.01402,0.00000,0.00000,0.45000,-0.08844,"STOPPED",0.00000,0.00000,0.00000,0.00000,0.00000,0.00000,0.00000,0.00000,0.00000,0.00000,0.00000,0.00000,0.00000,83.05376
128.950,"PID",1.07955,1.11248,1.22571,0.26967,0.85509,0.03509,-0.01401,0.00000,0.00000,0.45000,-0.06765,"STOPPED",0.00000,0.00000,0.00000,0.00000,0.00000,0.00000,0.00000,0.00000,0.00000,0.00000,0.00000,0.00000,0.00000,83.05376
129.000,"PID",1.07955,1.11248,1.22577,0.26939,0.85539,0.03539,-0.01399,0.00000,0.00000,0.45000,-0.05144,"STOPPED",0.00000,0.00000,0.00000,0.00000,0.00000,0.00000,0.00000,0.00000,0.00000,0.00000,0.00000,0.00000,0.00000,83.05376
129.050,"PID",1.07955,1.11248,1.22583,0.26909,0.85568,0.03568,-0.01399,0.00000,0.00000,0.45000,-0.03885,"STOPPED",0.00000,0.00000,0.00000,0.00000,0.00000,0.00000,0.00000,0.00000,0.00000,0.00000,0.00000,0.00000,0.00000,83.05376
129.100,"PID",1.07935,1.11268,1.22589,0.26880,0.85598,0.03598,-0.01398,0.00000,0.00000,0.45000,-0.02896,"STOPPED",0.00000,0.00000,0.00000,0.00000,0.00000,0.00000,0.00000,0.00000,0.00000,0.00000,0.00000,0.00000,0.00000,83.05376
129.150,"PID",1.06440,1.12763,1.22595,0.26850,0.85651,0.03651,-0.01378,0.00000,0.00000,0.45000,-0.02026,"STOPPED",0.00000,0.00000,0.00000,0.00000,0.00000,0.00000,0.00000,0.00000,0.00000,0.00000,0.00000,0.00000,0.00000,83.05376
129.200,"PID",1.06015,1.13188,1.22601,0.26820,0.87419,0.05419,0.00015,0.00000,0.00000,0.45000,0.06200,"STOPPED",0.00000,0.00000,0.00000,0.00000,0.00000,0.00000,0.00000,0.00000,0.00000,0.00000,0.00000,0.00000,0.00000,83.05376
129.250,"PID",1.06308,1.12895,1.22607,0.26791,0.87946,0.05946,0.00400,0.00000,0.00000,0.45000,0.07154,"STOPPED",0.00000,0.00000,0.00000,0.00000,0.00000,0.00000,0.00000,0.00000,0.00000,0.00000,0.00000,0.00000,0.00000,83.05376
129.300,"PID",1.06308,1.12895,1.22613,0.26761,0.87633,0.05633,0.00135,0.00000,0.00000,0.45000,0.04200,"STOPPED",0.00000,0.00000,0.00000,0.00000,0.00000,0.00000,0.00000,0.00000,0.00000,0.00000,0.00000,0.00000,0.00000,83.05376
129.350,"PID",1.06970,1.12233,1.22619,0.26732,0.87663,0.05663,0.00135,0.00000,0.00000,0.45000,0.03409,"STOPPED",0.00000,0.00000,0.00000,0.00000,0.00000,0.00000,0.00000,0.00000,0.00000,0.00000,0.00000,0.00000,0.00000,83.05376
129.400,"PID",1.07262,1.11941,1.22625,0.26702,0.86922,0.04922,-0.00471,0.00000,0.00000,0.45000,-0.00601,"STOPPED",0.00000,0.00000,0.00000,0.00000,0.00000,0.00000,0.00000,0.00000,0.00000,0.00000,0.00000,0.00000,0.00000,83.05376
129.450,"PID",1.05997,1.13207,1.22632,0.26672,0.86613,0.04613,-0.00741,0.00000,0.00000,0.45000,-0.01830,"STOPPED",0.00000,0.00000,0.00000,0.00000,0.00000,0.00000,0.00000,0.00000,0.00000,0.00000,0.00000,0.00000,0.00000,83.05376
129.500,"PID",1.06701,1.12503,1.22638,0.26642,0.88119,0.06119,0.00418,0.00000,0.00000,0.45000,0.05199,"STOPPED",0.00000,0.00000,0.00000,0.00000,0.00000,0.00000,0.00000,0.00000,0.00000,0.00000,0.00000,0.00000,0.00000,83.05376
129.550,"PID",1.07492,1.11711,1.22643,0.26613,0.87327,0.05327,-0.00221,0.00000,0.00000,0.45000,0.00571,"STOPPED",0.00000,0.00000,0.00000,0.00000,0.00000,0.00000,0.00000,0.00000,0.00000,0.00000,0.00000,0.00000,0.00000,83.05376
129.600,"PID",1.07952,1.11251,1.22650,0.26584,0.86436,0.04436,-0.00954,0.00000,0.00000,0.45000,-0.03472,"STOPPED",0.00000,0.00000,0.00000,0.00000,0.00000,0.00000,0.00000,0.00000,0.00000,0.00000,0.00000,0.00000,0.00000,83.05376
129.650,"PID",1.07955,1.11248,1.22656,0.26554,0.85934,0.03934,-0.01387,0.00000,0.00000,0.45000,-0.04919,"STOPPED",0.00000,0.00000,0.00000,0.00000,0.00000,0.00000,0.00000,0.00000,0.00000,0.00000,0.00000,0.00000,0.00000,83.05376
129.700,"PID",1.07955,1.11248,1.22662,0.26524,0.85961,0.03961,-0.01390,0.00000,0.00000,0.45000,-0.03718,"STOPPED",0.00000,0.00000,0.00000,0.00000,0.00000,0.00000,0.00000,0.00000,0.00000,0.00000,0.00000,0.00000,0.00000,83.05376
129.750,"PID",1.07955,1.11248,1.22668,0.26494,0.85992,0.03992,-0.01388,0.00000,0.00000,0.45000,-0.02765,"STOPPED",0.00000,0.00000,0.00000,0.00000,0.00000,0.00000,0.00000,0.00000,0.00000,0.00000,0.00000,0.00000,0.00000,83.05376
129.800,"PID",1.07955,1.11248,1.22675,0.26464,0.86022,0.04022,-0.01386,0.00000,0.00000,0.45000,-0.02025,"STOPPED",0.00000,0.00000,0.00000,0.00000,0.00000,0.00000,0.00000,0.00000,0.00000,0.00000,0.00000,0.00000,0.00000,83.05376
129.850,"PID",1.07473,1.11730,1.22680,0.26437,0.86052,0.04052,-0.01385,0.00000,0.00000,0.45000,-0.01446,"STOPPED",0.00000,0.00000,0.00000,0.00000,0.00000,0.00000,0.00000,0.00000,0.00000,0.00000,0.00000,0.00000,0.00000,83.05376
129.900,"PID",1.06875,1.12328,1.22686,0.26407,0.86639,0.04639,-0.00931,0.00000,0.00000,0.45000,0.01454,"STOPPED",0.00000,0.00000,0.00000,0.00000,0.00000,0.00000,0.00000,0.00000,0.00000,0.00000,0.00000,0.00000,0.00000,83.05376
129.950,"PID",1.06530,1.12673,1.22692,0.26377,0.87364,0.05364,-0.00376,0.00000,0.00000,0.45000,0.04326,"STOPPED",0.00000,0.00000,0.00000,0.00000,0.00000,0.00000,0.00000,0.00000,0.00000,0.00000,0.00000,0.00000,0.00000,83.05376
130.000,"PID",1.05992,1.13211,1.22698,0.26348,0.87797,0.05797,-0.00060,0.00000,0.00000,0.45000,0.05278,"STOPPED",0.00000,0.00000,0.00000,0.00000,0.00000,0.00000,0.00000,0.00000,0.00000,0.00000,0.00000,0.00000,0.00000,83.05376
130.050,"PID",1.05836,1.13367,1.22704,0.26319,0.88454,0.06454,0.00426,0.00000,0.00000,0.45000,0.07009,"STOPPED",0.00000,0.00000,0.00000,0.00000,0.00000,0.00000,0.00000,0.00000,0.00000,0.00000,0.00000,0.00000,0.00000,83.05376
130.100,"PID",1.06296,1.12907,1.22710,0.26289,0.88668,0.06668,0.00566,0.00000,0.00000,0.45000,0.06407,"STOPPED",0.00000,0.00000,0.00000,0.00000,0.00000,0.00000,0.00000,0.00000,0.00000,0.00000,0.00000,0.00000,0.00000,83.05376
130.150,"PID",1.06420,1.12783,1.22716,0.26259,0.88160,0.06160,0.00155,0.00000,0.00000,0.45000,0.02761,"STOPPED",0.00000,0.00000,0.00000,0.00000,0.00000,0.00000,0.00000,0.00000,0.00000,0.00000,0.00000,0.00000,0.00000,83.05376
130.200,"PID",1.06722,1.12481,1.22722,0.26229,0.88045,0.06045,0.00042,0.00000,0.00000,0.45000,0.01650,"STOPPED",0.00000,0.00000,0.00000,0.00000,0.00000,0.00000,0.00000,0.00000,0.00000,0.00000,0.00000,0.00000,0.00000,83.05376
130.250,"PID",1.07195,1.12008,1.22729,0.26199,0.87723,0.05723,-0.00232,0.00000,0.00000,0.45000,-0.00128,"STOPPED",0.00000,0.00000,0.00000,0.00000,0.00000,0.00000,0.00000,0.00000,0.00000,0.00000,0.00000,0.00000,0.00000,83.05376
130.300,"PID",1.07770,1.11433,1.22735,0.26169,0.87204,0.05204,-0.00665,0.00000,0.00000,0.45000,-0.02386,"STOPPED",0.00000,0.00000,0.00000,0.00000,0.00000,0.00000,0.00000,0.00000,0.00000,0.00000,0.00000,0.00000,0.00000,83.05376
130.350,"PID",1.07955,1.11248,1.22740,0.26140,0.86567,0.04567,-0.01200,0.00000,0.00000,0.45000,-0.04663,"STOPPED",0.00000,0.00000,0.00000,0.00000,0.00000,0.00000,0.00000,0.00000,0.00000,0.00000,0.00000,0.00000,0.00000,83.05376
130.400,"PID",1.07955,1.11248,1.22746,0.26111,0.86383,0.04383,-0.01374,0.00000,0.00000,0.45000,-0.04448,"STOPPED",0.00000,0.00000,0.00000,0.00000,0.00000,0.00000,0.00000,0.00000,0.00000,0.00000,0.00000,0.00000,0.00000,83.05376
130.450,"PID",1.07955,1.11248,1.22753,0.26081,0.86413,0.04413,-0.01372,0.00000,0.00000,0.45000,-0.03337,"STOPPED",0.00000,0.00000,0.00000,0.00000,0.00000,0.00000,0.00000,0.00000,0.00000,0.00000,0.00000,0.00000,0.00000,83.05376
130.500,"PID",1.07955,1.11248,1.22759,0.26051,0.86443,0.04443,-0.01371,0.00000,0.00000,0.45000,-0.02469,"STOPPED",0.00000,0.00000,0.00000,0.00000,0.00000,0.00000,0.00000,0.00000,0.00000,0.00000,0.00000,0.00000,0.00000,83.05376
130.550,"PID",1.07955,1.11248,1.22765,0.26021,0.86474,0.04474,-0.01370,0.00000,0.00000,0.45000,-0.01792,"STOPPED",0.00000,0.00000,0.00000,0.00000,0.00000,0.00000,0.00000,0.00000,0.00000,0.00000,0.00000,0.00000,0.00000,83.05376
130.600,"PID",1.07955,1.11248,1.22771,0.25991,0.86504,0.04504,-0.01369,0.00000,0.00000,0.45000,-0.01264,"STOPPED",0.00000,0.00000,0.00000,0.00000,0.00000,0.00000,0.00000,0.00000,0.00000,0.00000,0.00000,0.00000,0.00000,83.05376
130.650,"PID",1.06530,1.12673,1.22777,0.25962,0.86535,0.04535,-0.01369,0.00000,0.00000,0.45000,-0.00851,"STOPPED",0.00000,0.00000,0.00000,0.00000,0.00000,0.00000,0.00000,0.00000,0.00000,0.00000,0.00000,0.00000,0.00000,83.05376
130.700,"PID",1.05994,1.13209,1.22783,0.25932,0.88219,0.06219,-0.00054,0.00000,0.00000,0.45000,0.06749,"STOPPED",0.00000,0.00000,0.00000,0.00000,0.00000,0.00000,0.00000,0.00000,0.00000,0.00000,0.00000,0.00000,0.00000,83.05376
130.750,"PID",1.06308,1.12895,1.22790,0.25903,0.88877,0.06877,0.00427,0.00000,0.00000,0.45000,0.08156,"STOPPED",0.00000,0.00000,0.00000,0.00000,0.00000,0.00000,0.00000,0.00000,0.00000,0.00000,0.00000,0.00000,0.00000,83.05376
130.800,"PID",1.06308,1.12895,1.22796,0.25873,0.88540,0.06540,0.00146,0.00000,0.00000,0.45000,0.04878,"STOPPED",0.00000,0.00000,0.00000,0.00000,0.00000,0.00000,0.00000,0.00000,0.00000,0.00000,0.00000,0.00000,0.00000,83.05376
130.850,"PID",1.06914,1.12289,1.22802,0.25844,0.88569,0.06569,0.00146,0.00000,0.00000,0.45000,0.03936,"STOPPED",0.00000,0.00000,0.00000,0.00000,0.00000,0.00000,0.00000,0.00000,0.00000,0.00000,0.00000,0.00000,0.00000,83.05376
130.900,"PID",1.07339,1.11864,1.22808,0.25815,0.87893,0.05893,-0.00403,0.00000,0.00000,0.45000,0.00095,"STOPPED",0.00000,0.00000,0.00000,0.00000,0.00000,0.00000,0.00000,0.00000,0.00000,0.00000,0.00000,0.00000,0.00000,83.05376
130.950,"PID",1.06073,1.13130,1.22813,0.25786,0.87429,0.05429,-0.00790,0.00000,0.00000,0.45000,-0.01970,"STOPPED",0.00000,0.00000,0.00000,0.00000,0.00000,0.00000,0.00000,0.00000,0.00000,0.00000,0.00000,0.00000,0.00000,83.05376
131.000,"PID",1.06638,1.12565,1.22819,0.25757,0.88933,0.06933,0.00358,0.00000,0.00000,0.45000,0.05084,"STOPPED",0.00000,0.00000,0.00000,0.00000,0.00000,0.00000,0.00000,0.00000,0.00000,0.00000,0.00000,0.00000,0.00000,83.05376
131.050,"PID",1.07464,1.11739,1.22825,0.25727,0.88304,0.06304,-0.00148,0.00000,0.00000,0.45000,0.01195,"STOPPED",0.00000,0.00000,0.00000,0.00000,0.00000,0.00000,0.00000,0.00000,0.00000,0.00000,0.00000,0.00000,0.00000,83.05376
131.100,"PID",1.07924,1.11279,1.22831,0.25697,0.87373,0.05373,-0.00905,0.00000,0.00000,0.45000,-0.03161,"STOPPED",0.00000,0.00000,0.00000,0.00000,0.00000,0.00000,0.00000,0.00000,0.00000,0.00000,0.00000,0.00000,0.00000,83.05376
131.150,"PID",1.07955,1.11248,1.22838,0.25667,0.86871,0.04871,-0.01333,0.00000,0.00000,0.45000,-0.04677,"STOPPED",0.00000,0.00000,0.00000,0.00000,0.00000,0.00000,0.00000,0.00000,0.00000,0.00000,0.00000,0.00000,0.00000,83.05376
131.200,"PID",1.07955,1.11248,1.22844,0.25637,0.86865,0.04865,-0.01361,0.00000,0.00000,0.45000,-0.03672,"STOPPED",0.00000,0.00000,0.00000,0.00000,0.00000,0.00000,0.00000,0.00000,0.00000,0.00000,0.00000,0.00000,0.00000,83.05376
131.250,"PID",1.07955,1.11248,1.22849,0.25609,0.86896,0.04896,-0.01360,0.00000,0.00000,0.45000,-0.02731,"STOPPED",0.00000,0.00000,0.00000,0.00000,0.00000,0.00000,0.00000,0.00000,0.00000,0.00000,0.00000,0.00000,0.00000,83.05376
131.300,"PID",1.07955,1.11248,1.22855,0.25579,0.86925,0.04925,-0.01360,0.00000,0.00000,0.45000,-0.02002,"STOPPED",0.00000,0.00000,0.00000,0.00000,0.00000,0.00000,0.00000,0.00000,0.00000,0.00000,0.00000,0.00000,0.00000,83.05376
131.350,"PID",1.07515,1.11689,1.22861,0.25549,0.86955,0.04955,-0.01359,0.00000,0.00000,0.45000,-0.01428,"STOPPED",0.00000,0.00000,0.00000,0.00000,0.00000,0.00000,0.00000,0.00000,0.00000,0.00000,0.00000,0.00000,0.00000,83.05376
131.400,"PID",1.06896,1.12307,1.22867,0.25519,0.87496,0.05496,-0.00949,0.00000,0.00000,0.45000,0.01266,"STOPPED",0.00000,0.00000,0.00000,0.00000,0.00000,0.00000,0.00000,0.00000,0.00000,0.00000,0.00000,0.00000,0.00000,83.05376
131.450,"PID",1.06551,1.12652,1.22873,0.25489,0.88246,0.06246,-0.00380,0.00000,0.00000,0.45000,0.04286,"STOPPED",0.00000,0.00000,0.00000,0.00000,0.00000,0.00000,0.00000,0.00000,0.00000,0.00000,0.00000,0.00000,0.00000,83.05376
131.500,"PID",1.06027,1.13176,1.22879,0.25460,0.88678,0.06678,-0.00067,0.00000,0.00000,0.45000,0.05247,"STOPPED",0.00000,0.00000,0.00000,0.00000,0.00000,0.00000,0.00000,0.00000,0.00000,0.00000,0.00000,0.00000,0.00000,83.05376
131.550,"PID",1.05808,1.13395,1.22885,0.25431,0.89320,0.07320,0.00401,0.00000,0.00000,0.45000,0.06914,"STOPPED",0.00000,0.00000,0.00000,0.00000,0.00000,0.00000,0.00000,0.00000,0.00000,0.00000,0.00000,0.00000,0.00000,83.05376
131.600,"PID",1.06268,1.12935,1.22848,0.25630,0.89607,0.07607,0.00596,0.04676,0.00566,0.45000,0.06657,"STOPPED",0.00000,0.04582,0.04769,0.46995,0.48916,0.46995,0.48916,0.46995,0.48916,0.41897,0.43615,0.00046,0.85558,83.09654
131.650,"PID",1.06413,1.12790,1.22791,0.25934,0.88865,0.06865,0.00159,0.06787,0.00178,0.45000,0.01929,"STOPPED",0.00000,0.06757,0.06816,0.69305,0.69908,0.69305,0.69908,0.22309,0.20992,0.33284,0.33576,0.00010,0.66870,83.12998
131.700,"PID",1.06694,1.12509,1.22727,0.26280,0.88387,0.06387,0.00020,0.07649,0.00033,0.45000,-0.00600,"STOPPED",0.00000,0.07643,0.07654,0.78395,0.78505,0.78395,0.78505,0.09090,0.08597,0.21944,0.21976,0.00001,0.43921,83.15194
131.750,"PID",1.07160,1.12043,1.22662,0.26624,0.87707,0.05707,-0.00237,0.07632,-0.00320,0.45000,-0.03459,"STOPPED",0.00000,0.07685,0.07579,0.78821,0.77736,0.78821,0.77736,0.00427,-0.00770,0.11344,0.11183,0.00016,0.22543,83.16321
131.800,"PID",1.07735,1.11468,1.22604,0.26938,0.86814,0.04814,-0.00650,0.06966,-0.00937,0.45000,-0.06628,"STOPPED",0.00000,0.07122,0.06811,0.73041,0.69859,0.73041,0.69859,-0.05780,-0.07877,0.18113,0.17311,0.00083,0.35507,83.18096
131.850,"PID",1.07955,1.11248,1.22610,0.26908,0.85828,0.03828,-0.01145,0.00000,0.00000,0.45000,-0.09509,"STOPPED",0.00000,0.00000,0.00000,0.00000,0.00000,0.00000,0.00000,-0.73041,-0.69859,0.00000,0.00000,0.00000,0.00000,83.18096
131.900,"PID",1.07955,1.11248,1.22616,0.26879,0.85604,0.03604,-0.01353,0.00000,0.00000,0.45000,-0.08402,"STOPPED",0.00000,0.00000,0.00000,0.00000,0.00000,0.00000,0.00000,0.00000,0.00000,0.00000,0.00000,0.00000,0.00000,83.18096
131.950,"PID",1.07955,1.11248,1.22622,0.26849,0.85634,0.03634,-0.01352,0.00000,0.00000,0.45000,-0.06423,"STOPPED",0.00000,0.00000,0.00000,0.00000,0.00000,0.00000,0.00000,0.00000,0.00000,0.00000,0.00000,0.00000,0.00000,83.18096
132.000,"PID",1.07955,1.11248,1.22629,0.26819,0.85664,0.03664,-0.01352,0.00000,0.00000,0.45000,-0.04876,"STOPPED",0.00000,0.00000,0.00000,0.00000,0.00000,0.00000,0.00000,0.00000,0.00000,0.00000,0.00000,0.00000,0.00000,83.18096
132.050,"PID",1.07955,1.11248,1.22635,0.26789,0.85695,0.03695,-0.01349,0.00000,0.00000,0.45000,-0.03668,"STOPPED",0.00000,0.00000,0.00000,0.00000,0.00000,0.00000,0.00000,0.00000,0.00000,0.00000,0.00000,0.00000,0.00000,83.18096
132.100,"PID",1.07955,1.11248,1.22640,0.26762,0.85725,0.03725,-0.01348,0.00000,0.00000,0.45000,-0.02727,"STOPPED",0.00000,0.00000,0.00000,0.00000,0.00000,0.00000,0.00000,0.00000,0.00000,0.00000,0.00000,0.00000,0.00000,83.18096
132.150,"PID",1.06621,1.12582,1.22646,0.26733,0.85753,0.03753,-0.01347,0.00000,0.00000,0.45000,-0.02005,"STOPPED",0.00000,0.00000,0.00000,0.00000,0.00000,0.00000,0.00000,0.00000,0.00000,0.00000,0.00000,0.00000,0.00000,83.18096
132.200,"PID",1.05973,1.13230,1.22652,0.26704,0.87332,0.05332,-0.00102,0.00000,0.00000,0.45000,0.05386,"STOPPED",0.00000,0.00000,0.00000,0.00000,0.00000,0.00000,0.00000,0.00000,0.00000,0.00000,0.00000,0.00000,0.00000,83.18096
132.250,"PID",1.06308,1.12895,1.22658,0.26674,0.88119,0.06119,0.00485,0.00000,0.00000,0.45000,0.07662,"STOPPED",0.00000,0.00000,0.00000,0.00000,0.00000,0.00000,0.00000,0.00000,0.00000,0.00000,0.00000,0.00000,0.00000,83.18096
132.300,"PID",1.06308,1.12895,1.22664,0.26644,0.87757,0.05757,0.00183,0.00000,0.00000,0.45000,0.04385,"STOPPED",0.00000,0.00000,0.00000,0.00000,0.00000,0.00000,0.00000,0.00000,0.00000,0.00000,0.00000,0.00000,0.00000,83.18096
132.350,"PID",1.06858,1.12345,1.22670,0.26614,0.87788,0.05788,0.00183,0.00000,0.00000,0.45000,0.03555,"STOPPED",0.00000,0.00000,0.00000,0.00000,0.00000,0.00000,0.00000,0.00000,0.00000,0.00000,0.00000,0.00000,0.00000,83.18096
132.400,"PID",1.07415,1.11788,1.22677,0.26584,0.87177,0.05177,-0.00319,0.00000,0.00000,0.45000,0.00085,"STOPPED",0.00000,0.00000,0.00000,0.00000,0.00000,0.00000,0.00000,0.00000,0.00000,0.00000,0.00000,0.00000,0.00000,83.18096
132.450,"PID",1.06150,1.13053,1.22682,0.26555,0.86560,0.04560,-0.00835,0.00000,0.00000,0.45000,-0.02648,"STOPPED",0.00000,0.00000,0.00000,0.00000,0.00000,0.00000,0.00000,0.00000,0.00000,0.00000,0.00000,0.00000,0.00000,83.18096
132.500,"PID",1.06575,1.12628,1.22688,0.26527,0.88064,0.06064,0.00328,0.00000,0.00000,0.45000,0.04550,"STOPPED",0.00000,0.00000,0.00000,0.00000,0.00000,0.00000,0.00000,0.00000,0.00000,0.00000,0.00000,0.00000,0.00000,83.18096
132.550,"PID",1.07436,1.11767,1.22694,0.26498,0.87596,0.05596,-0.00057,0.00000,0.00000,0.45000,0.01490,"STOPPED",0.00000,0.00000,0.00000,0.00000,0.00000,0.00000,0.00000,0.00000,0.00000,0.00000,0.00000,0.00000,0.00000,83.18096
132.600,"PID",1.07896,1.11307,1.22700,0.26468,0.86623,0.04623,-0.00849,0.00000,0.00000,0.45000,-0.03117,"STOPPED",0.00000,0.00000,0.00000,0.00000,0.00000,0.00000,0.00000,0.00000,0.00000,0.00000,0.00000,0.00000,0.00000,83.18096
132.650,"PID",1.07955,1.11248,1.22706,0.26439,0.86121,0.04121,-0.01280,0.00000,0.00000,0.45000,-0.04643,"STOPPED",0.00000,0.00000,0.00000,0.00000,0.00000,0.00000,0.00000,0.00000,0.00000,0.00000,0.00000,0.00000,0.00000,83.18096
132.700,"PID",1.07955,1.11248,1.22712,0.26411,0.86083,0.04083,-0.01335,0.00000,0.00000,0.45000,-0.03788,"STOPPED",0.00000,0.00000,0.00000,0.00000,0.00000,0.00000,0.00000,0.00000,0.00000,0.00000,0.00000,0.00000,0.00000,83.18096
132.750,"PID",1.07955,1.11248,1.22718,0.26382,0.86111,0.04111,-0.01331,0.00000,0.00000,0.45000,-0.02828,"STOPPED",0.00000,0.00000,0.00000,0.00000,0.00000,0.00000,0.00000,0.00000,0.00000,0.00000,0.00000,0.00000,0.00000,83.18096
132.800,"PID",1.07955,1.11248,1.22724,0.26351,0.86141,0.04141,-0.01330,0.00000,0.00000,0.45000,-0.02077,"STOPPED",0.00000,0.00000,0.00000,0.00000,0.00000,0.00000,0.00000,0.00000,0.00000,0.00000,0.00000,0.00000,0.00000,83.18096
132.850,"PID",1.07556,1.11647,1.22730,0.26322,0.86172,0.04172,-0.01330,0.00000,0.00000,0.45000,-0.01483,"STOPPED",0.00000,0.00000,0.00000,0.00000,0.00000,0.00000,0.00000,0.00000,0.00000,0.00000,0.00000,0.00000,0.00000,83.18096
132.900,"PID",1.06917,1.12286,1.22736,0.26292,0.86664,0.04664,-0.00954,0.00000,0.00000,0.45000,0.01008,"STOPPED",0.00000,0.00000,0.00000,0.00000,0.00000,0.00000,0.00000,0.00000,0.00000,0.00000,0.00000,0.00000,0.00000,83.18096
132.950,"PID",1.06572,1.12632,1.22743,0.26261,0.87438,0.05438,-0.00362,0.00000,0.00000,0.45000,0.04192,"STOPPED",0.00000,0.00000,0.00000,0.00000,0.00000,0.00000,0.00000,0.00000,0.00000,0.00000,0.00000,0.00000,0.00000,83.18096
133.000,"PID",1.06062,1.13141,1.22749,0.26232,0.87871,0.05871,-0.00046,0.00000,0.00000,0.45000,0.05175,"STOPPED",0.00000,0.00000,0.00000,0.00000,0.00000,0.00000,0.00000,0.00000,0.00000,0.00000,0.00000,0.00000,0.00000,83.18096
133.050,"PID",1.05780,1.13423,1.22755,0.26203,0.88497,0.06497,0.00413,0.00000,0.00000,0.45000,0.06791,"STOPPED",0.00000,0.00000,0.00000,0.00000,0.00000,0.00000,0.00000,0.00000,0.00000,0.00000,0.00000,0.00000,0.00000,83.18096
133.100,"PID",1.06240,1.12963,1.22761,0.26173,0.88857,0.06857,0.00665,0.00000,0.00000,0.45000,0.06881,"STOPPED",0.00000,0.00000,0.00000,0.00000,0.00000,0.00000,0.00000,0.00000,0.00000,0.00000,0.00000,0.00000,0.00000,83.18096
133.150,"PID",1.06406,1.12797,1.22767,0.26143,0.88349,0.06349,0.00253,0.00000,0.00000,0.45000,0.03130,"STOPPED",0.00000,0.00000,0.00000,0.00000,0.00000,0.00000,0.00000,0.00000,0.00000,0.00000,0.00000,0.00000,0.00000,83.18096
133.200,"PID",1.06666,1.12537,1.22773,0.26114,0.88185,0.06185,0.00104,0.00000,0.00000,0.45000,0.01720,"STOPPED",0.00000,0.00000,0.00000,0.00000,0.00000,0.00000,0.00000,0.00000,0.00000,0.00000,0.00000,0.00000,0.00000,83.18096
133.250,"PID",1.07126,1.12077,1.22779,0.26084,0.87911,0.05911,-0.00130,0.00000,0.00000,0.45000,0.00136,"STOPPED",0.00000,0.00000,0.00000,0.00000,0.00000,0.00000,0.00000,0.00000,0.00000,0.00000,0.00000,0.00000,0.00000,83.18096
133.300,"PID",1.07700,1.11503,1.22785,0.26054,0.87405,0.05405,-0.00550,0.00000,0.00000,0.45000,-0.02117,"STOPPED",0.00000,0.00000,0.00000,0.00000,0.00000,0.00000,0.00000,0.00000,0.00000,0.00000,0.00000,0.00000,0.00000,83.18096
133.350,"PID",1.07955,1.11248,1.22791,0.26025,0.86770,0.04770,-0.01081,0.00000,0.00000,0.45000,-0.04447,"STOPPED",0.00000,0.00000,0.00000,0.00000,0.00000,0.00000,0.00000,0.00000,0.00000,0.00000,0.00000,0.00000,0.00000,83.18096
133.400,"PID",1.07955,1.11248,1.22797,0.25995,0.86505,0.04505,-0.01320,0.00000,0.00000,0.45000,-0.04637,"STOPPED",0.00000,0.00000,0.00000,0.00000,0.00000,0.00000,0.00000,0.00000,0.00000,0.00000,0.00000,0.00000,0.00000,83.18096
133.450,"PID",1.07955,1.11248,1.22803,0.25966,0.86535,0.04535,-0.01319,0.00000,0.00000,0.45000,-0.03482,"STOPPED",0.00000,0.00000,0.00000,0.00000,0.00000,0.00000,0.00000,0.00000,0.00000,0.00000,0.00000,0.00000,0.00000,83.18096
133.500,"PID",1.07955,1.11248,1.22810,0.25936,0.86565,0.04565,-0.01318,0.00000,0.00000,0.45000,-0.02583,"STOPPED",0.00000,0.00000,0.00000,0.00000,0.00000,0.00000,0.00000,0.00000,0.00000,0.00000,0.00000,0.00000,0.00000,83.18096
133.550,"PID",1.07955,1.11248,1.22816,0.25906,0.86596,0.04596,-0.01317,0.00000,0.00000,0.45000,-0.01881,"STOPPED",0.00000,0.00000,0.00000,0.00000,0.00000,0.00000,0.00000,0.00000,0.00000,0.00000,0.00000,0.00000,0.00000,83.18096
133.600,"PID",1.07955,1.11248,1.22822,0.25876,0.86626,0.04626,-0.01317,0.00000,0.00000,0.45000,-0.01332,"STOPPED",0.00000,0.00000,0.00000,0.00000,0.00000,0.00000,0.00000,0.00000,0.00000,0.00000,0.00000,0.00000,0.00000,83.18096
133.650,"PID",1.06712,1.12491,1.22828,0.25847,0.86657,0.04657,-0.01316,0.00000,0.00000,0.45000,-0.00905,"STOPPED",0.00000,0.00000,0.00000,0.00000,0.00000,0.00000,0.00000,0.00000,0.00000,0.00000,0.00000,0.00000,0.00000,83.18096
