t,mode,bill_x,bill_y,pioneer_x,pioneer_y,distance,error,heading_error,control_v,control_w,integral,derivative,wheel_left_linear,wheel_right_linear,wheel_left_omega,wheel_right_omega,u_left,u_right,du_left,du_right,wheel_left_power,wheel_right_power,yaw_power,total_power,energy_j,follower_state,bill_state,bill_speed
0.05,PID,1.4495689014324225,1.4495689014324225,2.029633908195613,0.8695071952436333,-1.0,0.0,0.0,0.0,0.0,0.0,0.0,0.0,0.0,0.0,0.0,0.0,0.0,0.0,0.0,0.0,0.0,0.0,0.0,0.0,INIT,WALKING,0.3
0.1,PID,1.4389232909268015,1.4601368986599792,2.029869734676184,0.8692738423651496,0.820333465767324,0.0003334657673240704,5.289094412841422e-05,0.00010322432813078345,3.913929865502653e-05,1.667328836620352e-05,0.0,9.674677420337656e-05,0.00010970188205819033,0.0009922746072141186,0.0011251475082891317,0.0009922746072141186,0.0011251475082891317,0.0009922746072141186,0.0011251475082891317,0.000137099183964488,0.0001554586746295319,2.2059139668586002e-08,0.00029257991773368853,1.4628995886684428e-05,TRACKING,WALKING,0.3000251841279846
0.15,PID,1.4281988306029143,1.4706284711865425,2.02960117025955,0.8695456733422862,0.8356655136321643,0.015665513632164396,0.00017743349979326695,0.014314910357258175,0.00023449160466553924,0.0007999489699744235,0.06746101060529744,0.014276101996686028,0.014353718717830321,0.1464215589403695,0.14721762787518278,0.1464215589403695,0.14721762787518278,0.14542928433315538,0.14609248036689365,0.053591612516851184,0.053883684106460855,6.596420502458677e-07,0.10747595626536229,0.0053884268091548,TRACKING,WALKING,0.3001007259412669
0.2,PID,1.4173942376402633,1.4810447579678936,2.0286313343119025,0.870518893712665,0.8502854250243,0.030285425024300094,0.0004085256652297531,0.034155885646019055,0.0005909029409486919,0.0023142202211894284,0.11694719839752905,0.03405809120929205,0.03425368008274606,0.34931375599273895,0.3513197957204724,0.34931375599273895,0.3513197957204724,0.20289219705236944,0.20410216784528962,0.15991149639464142,0.16083406502073097,3.0327048978792203e-06,0.32074859412027024,0.021425856515168318,TRACKING,WALKING,0.30022659373226845
0.25,PID,1.4065081846453857,1.4913868467052873,2.026927774394192,0.8722256869426086,0.863917021057097,0.04391702105709705,0.000750918356915431,0.05491833814527763,0.0011293526713654677,0.00451007127404428,0.15119783729437927,0.05473143027816664,0.055105246012388615,0.5613480028529911,0.5651820103834729,0.5613480028529911,0.5651820103834729,0.21203424686025218,0.21386221466300054,0.2660138608968169,0.26784373735721984,8.756634836767706e-06,0.5338663548888736,0.048119174259611985,TRACKING,WALKING,0.3004027346698135
0.3,PID,1.3955393013835373,1.5016557722374153,2.024540317447579,0.8746159169436563,0.8765164054954947,0.05651640549549475,0.001178697084193825,0.07424935836293728,0.0018236258305808833,0.007335891548819017,0.1733716046185657,0.07394754828797614,0.07455116843789841,0.7584363926971912,0.7646273685938298,0.7584363926971912,0.7646273685938298,0.19708838984420007,0.19944535821035692,0.34284237808897483,0.3456693397031963,1.8231760319388858e-05,0.6885299495524905,0.08254567173723651,TRACKING,WALKING,0.3006290748213033
0.35,PID,1.3333305252336562,1.5586985474756898,2.021552933731202,0.877606411555799,0.8881561002078491,0.06815610020784912,0.0016841664284816815,0.0911959110618766,0.0026639590357692023,0.010743696559211473,0.18644450833684054,0.0907550258414568,0.09163679628229641,0.9308207778610953,0.9398645772543222,0.9308207778610953,0.9398645772543222,0.17238438516390409,0.1752372086604923,0.38602309674014207,0.3898246739010638,3.2236030584263774e-05,0.7758800066717901,0.12133967207082601,TRACKING,WALKING,0.3009055191837489
0.4,PID,1.3374210086176501,1.5543959179850197,2.0157944559786514,0.8833627565901324,0.9682647268025835,0.1482647268025835,0.0052489072594181785,0.16954774232985864,0.007764000925230331,0.018156932899340648,0.497904673519567,0.16826280017673304,0.17083268448298425,1.7257723095049542,1.752130097261377,1.7257723095049542,1.752130097261377,0.7949515316438589,0.8122655200070548,2.4287479177736695,2.4661193730376407,0.000570192911258251,4.895437483722569,0.3661115462569544,FOLLOWING,WALKING,0.30123195172364686
0.45,PID,1.3058682493378455,1.5820473945241675,2.009387085465246,0.8897635597337104,0.954188680385628,0.13418868038562803,0.0051460169217865115,0.18781903300460054,0.00840060326117595,0.024866366918622047,0.3264310411106582,0.18642873316487593,0.18920933284432515,1.9120895709218044,1.9406085419930783,1.9120895709218044,1.9406085419930783,0.18631726141685023,0.1884784447317014,0.8449751852677856,0.8579101236590821,7.70089486956048e-05,1.7029623178755635,0.45125966215073254,FOLLOWING,WALKING,0.3016082354256828
0.5,PID,1.316259824183117,1.5722815930457728,2.001867892401762,0.8972670075270021,0.9870135058337515,0.16701350583375152,0.007386713372981912,0.2191557603032133,0.011940575581477242,0.03321704221030962,0.39904544403805675,0.2171795950444788,0.22113192556194777,2.2274830260972185,2.2680197493533103,2.2274830260972185,2.2680197493533103,0.31539345517541406,0.327411207360232,1.456761644732355,1.483824067265529,0.0006086780214752871,2.9411943900193593,0.5983193816517005,FOLLOWING,WALKING,0.3020342123502415
0.55,PID,1.3123806167003682,1.57525588609285,1.9949073768338281,0.9042052370643422,0.9621346651428687,0.14213466514286877,0.006581101961654845,0.20318849656112994,0.011518769497261607,0.040323775467453055,0.20178854730980011,0.20128214020933316,0.20509485291292673,2.0644322072752117,2.1035369529530947,2.0644322072752117,2.1035369529530947,-0.16305081882200678,-0.16448279640021557,0.8376639065070924,0.854024595772474,6.996509361536277e-05,1.6917584673731818,0.6829073050203596,FOLLOWING,WALKING,0.3025097036997
0.6,PID,1.3007123273523362,1.5849042340894537,1.9886474393155578,0.9104383192119487,0.9571581644952203,0.13715816449522034,0.006748221018841427,0.18337420629451026,0.012011901448899033,0.04718168369221407,0.135498464051991,0.18138623660471748,0.18536217598430305,1.8603716574842817,1.9011505229159287,1.8603716574842817,1.9011505229159287,-0.20406054979093002,-0.20238643003716605,0.8677231519756081,0.8872085795445869,8.529771462295687e-05,1.7550170292348182,0.7706581564821005,FOLLOWING,WALKING,0.30303450989347475
0.65,PID,1.288951742847525,1.5944834255555422,1.982738442226178,0.9163155039121076,0.96341008329963,0.14341008329963,0.0076068290849793385,0.17333462983271425,0.013385703554552394,0.05435218785719558,0.13319724469995553,0.17111929589443584,0.17554996377099266,1.7550697014813932,1.800512448933258,1.7550697014813932,1.800512448933258,-0.1053019560028885,-0.10063807398267066,0.5415128993060039,0.5560248216357975,0.00026480603129609877,1.0978025269730975,0.8255482828307554,FOLLOWING,WALKING,0.30360841065179334
0.7,PID,1.267742083884684,1.6117124034034207,1.9769539584289135,0.9220597641649089,0.9701812790303167,0.15018127903031675,0.008485543851996624,0.16970869322181245,0.014873102034100001,0.06186125180871142,0.13368711208098696,0.1672471948351689,0.172170191608456,1.7153558444632706,1.7658481190610873,1.7153558444632706,1.7658481190610873,-0.03971385701812258,-0.03466432987217072,0.3518613217339138,0.36275348890413567,0.00031856010266414516,0.7149333707407136,0.8612949513677911,FOLLOWING,WALKING,0.30423116508815334
0.75,PID,1.2432326945260819,1.6312448082504036,1.9707525668478127,0.9282087890713587,0.9892432692736327,0.16924326927363276,0.010394087950030162,0.18127723998191234,0.01783695452622379,0.07032341527239307,0.1881487044937602,0.1783252240078223,0.18422925595600237,1.828976656490485,1.889530830317973,1.828976656490485,1.889530830317973,0.11362081202721441,0.12368271125688568,0.6101152565234371,0.6310016046381307,0.0007612718705920367,1.2418781330321598,0.9233888580193992,FOLLOWING,WALKING,0.3049025118104309
0.8,PID,1.2181559910931943,1.650778063122193,1.9637532839484648,0.9351300341406589,1.0117039136457593,0.19170391364575934,0.012681097935195229,0.20340526812351056,0.021549871578284387,0.07990861095468105,0.24558282474248982,0.1998387643773045,0.20697177186971663,2.0496283525877383,2.1227874037919654,2.0496283525877383,2.1227874037919654,0.22065169609725332,0.23325657347399242,1.0346163657479446,1.0724775755419633,0.0011521855533992843,2.1082461268433073,1.0288011643615647,FOLLOWING,WALKING,0.30562216903059636
0.85,PID,1.2104389009295853,1.6561686898560837,1.955827678360998,0.9429518227207712,1.03347347546914,0.21347347546913997,0.015043628249765906,0.22940898536178161,0.02557422725312264,0.09058228472813806,0.2873406753220168,0.2251764507513898,0.23364151997217342,2.3095020589886133,2.396323281765881,2.3095020589886133,2.396323281765881,0.2598737064008749,0.27353587797391565,1.313394914034121,1.3640177429640232,0.0014820449266901817,2.6788947019248344,1.1627458994578066,FOLLOWING,WALKING,0.3063898346829909
0.9,PID,1.202903811251166,1.6613833642211544,1.9477020233659854,0.9509487779894638,1.0316407946019808,0.21164079460198082,0.015359739952182316,0.23468589743783663,0.026913055406035002,0.10116432445823711,0.21606193093567283,0.23023178676813785,0.2391400081075354,2.361351659160388,2.452718031872158,2.361351659160388,2.452718031872158,0.05184960017177476,0.05639475010627715,0.5562410192463142,0.5791078972611148,0.0005188601701222547,1.1358677766775513,1.2195392882916842,FOLLOWING,WALKING,0.30720518655111373
0.95,PID,1.2012708736556497,1.6620583489306944,1.9397468457489577,0.958758862328987,1.0292918332929806,0.20929183329298062,0.015619479951206827,0.2295676483490284,0.027872482006889743,0.11162891612288615,0.15819287637022394,0.22495475257688816,0.23418054412116865,2.307228231557827,2.4018517345760886,2.307228231557827,2.4018517345760886,-0.05412342760256106,-0.05086629729606962,0.5368532517535849,0.5602341811321427,0.0003850790496372736,1.097472511935365,1.2744129138884526,FOLLOWING,WALKING,0.3080678824028683
1.0,PID,1.2037737283275047,1.659733177154548,1.9323510780607127,0.9660000698454742,1.0197925912720593,0.1997925912720594,0.015058024945777237,0.2136312574243537,0.027507096460534064,0.12161854568648914,0.08159377867672132,0.20907883296013532,0.2181836818885721,2.1443982867706186,2.2377813527033035,2.1443982867706186,2.2377813527033035,-0.16282994478720836,-0.1640703818727851,0.8700747628790513,0.9092181208526301,0.00014473001475202445,1.7794376137464336,1.3633847945757744,FOLLOWING,WALKING,0.3089775601342088
1.05,PID,1.1913408065241602,1.6686764433140933,1.9258048832660815,0.9723930342882744,1.0060271262351568,0.18602712623515683,0.01382907535995237,0.1896360250543209,0.025951245907757277,0.13091990199824696,0.003075101205471241,0.18534109385658706,0.19393095625205473,1.9009342959649955,1.9890354487390227,1.9009342959649955,1.9890354487390227,-0.2434639908056231,-0.24874590396428076,1.0149637700274816,1.0630549400876894,0.0005814181481879598,2.0786001282633593,1.4673148009889423,FOLLOWING,WALKING,0.30993383792112844
1.1,PID,1.1786724058465923,1.6776487562826774,1.9195598043958468,0.9784737827679052,1.0120514145580641,0.19205141455806418,0.014767455039916388,0.18094175544645855,0.027099227269369468,0.14052247272615018,0.02890544756105991,0.1764568333333779,0.1854266775595392,1.809813675214132,1.9018120775337353,1.809813675214132,1.9018120775337353,-0.09112062075086347,-0.08722337120528745,0.5198290616204344,0.5473033556396846,0.00044797547259833685,1.0675803927327172,1.5206938206255782,FOLLOWING,WALKING,0.3109363143799243
1.15,PID,1.1658942551354887,1.6865540535669392,1.913299198032793,0.9845534450302917,1.0187049528290635,0.19870495282906353,0.015746564520848327,0.1812409011766662,0.028538624174845886,0.15045772036760335,0.05182181749002384,0.1765177588757292,0.18596404347760317,1.8104385525715816,1.907323522847212,1.8104385525715816,1.907323522847212,0.0006248773574495381,0.005511445313476804,0.27550373703097275,0.2913559666739304,0.000591529065463118,0.5674512327703662,1.5490663822640967,FOLLOWING,WALKING,0.31198456873567243
1.2,PID,1.1426093820232202,1.702729571547915,1.9068418580085946,0.9908066204677898,1.025387245411774,0.2053872454117741,0.01672784985396847,0.18640074109658497,0.030129806010041088,0.16072708263819208,0.06982310500614512,0.18141425820192317,0.19138722399124677,1.8606590584812632,1.9629458870897105,1.8606590584812632,1.9629458870897105,0.050220505909681634,0.055622364242498445,0.42920358197374403,0.45400308027615766,0.0006903648003043088,0.883897027050206,1.593261233616607,FOLLOWING,WALKING,0.31307816099884184
1.25,PID,1.1049236242898497,1.728522571691148,1.8996958834917834,0.9977135173312771,1.0444546738012954,0.22445467380129547,0.01937114116405958,0.20531550527485404,0.03410423450588705,0.17194981632825687,0.13835870681868712,0.19967125446412973,0.21095975608557835,2.047910302196202,2.1636898060059315,2.047910302196202,2.1636898060059315,0.18725124371493895,0.200743918916221,0.9278645999605768,0.9818248961610326,0.001951845716868632,1.911641341838478,1.688843300708531,FOLLOWING,WALKING,0.31421663214997386
1.3,PID,1.09741061605874,1.732999105252399,1.8910645446582255,1.005992889545272,1.0796966323608288,0.25969663236082885,0.02420802889085305,0.24519884871300168,0.04147209022791131,0.18493464794629833,0.26298440898052267,0.23833521778028235,0.252062479645721,2.44446377210546,2.585256201494574,2.44446377210546,2.585256201494574,0.39655346990925766,0.4215663954886426,1.9379466054737682,2.0517493524591344,0.004400069432976323,3.9940960273658788,1.888548102076825,FOLLOWING,WALKING,0.315399504332349
1.35,PID,1.0955537788653806,1.7336571828721672,1.8819512587265659,1.014697081269526,1.0763013500215424,0.2563013500215424,0.024026733055101168,0.2580672747283253,0.04254700726264045,0.19774971544737546,0.1901885967119474,0.2510257450263583,0.2651088044302923,2.574623025911367,2.7190646608235105,2.574623025911367,2.7190646608235105,0.13015925380590732,0.13380845932893637,0.9242086729793945,0.9784151528914931,0.0006585768415203339,1.9032824027124078,1.9837122222124455,FOLLOWING,WALKING,0.31662628105255997
1.4,PID,1.076079166937088,1.7460646361244652,1.8730909246259952,1.0231250683499942,1.0655161303464644,0.24551613034646447,0.022867981044399244,0.2505925137161585,0.04170890904359048,0.2100255219646987,0.10089213886497604,0.24368968926944426,0.25749533816287273,2.4993814284045563,2.640977827311515,2.4993814284045563,2.640977827311515,-0.07524159750681081,-0.0780868335119953,0.6791981712141609,0.7199202156290289,0.0005033687383864837,1.3996217555815762,2.0536933099915244,FOLLOWING,WALKING,0.31789644738890793
1.45,PID,1.0648292930853347,1.75284683609677,1.8641216705971744,1.0316185709232264,1.076043382279869,0.256043382279869,0.024705218118135086,0.2531139256651704,0.044483038560765194,0.22282769107869216,0.12501577682166123,0.24575198278336374,0.260475868546977,2.5205331567524487,2.671547369712585,2.5205331567524487,2.671547369712585,0.021151728347892362,0.030569542401069683,0.48441222793319094,0.5158557576757712,0.00177698462810457,1.0020449702370666,2.1037955585033776,FOLLOWING,WALKING,0.3192094702075333
1.5,PID,1.0695990562773836,1.7493019020632823,1.8551793142124164,1.040064996601635,1.076586510798723,0.25658651079872297,0.025069870518383386,0.25182585122291606,0.045474904856221736,0.2356570166186283,0.09990207140385321,0.24429975446921137,0.25935194797662076,2.505638507376527,2.660019979247392,2.505638507376527,2.660019979247392,-0.014894649375921887,-0.011527390465192688,0.43161058678161557,0.46066762650393756,0.0006495123659901024,0.8929277256515432,2.148441944785955,FOLLOWING,WALKING,0.320564798386191
1.55,PID,1.0595000353104136,1.755344315209481,1.8469280659936675,1.0478245473040126,1.058372963433064,0.23837296343306413,0.02252961120884711,0.2321884662743293,0.04233108925017669,0.24757566479028154,-0.002215992713893278,0.22518267100342504,0.23919426154523354,2.309565856445385,2.4532744773870108,2.309565856445385,2.4532744773870108,-0.1960726509311419,-0.20674550186038143,1.0768901071268067,1.1460130157220725,0.0019163684016805125,2.2248194912505594,2.259682919348483,FOLLOWING,WALKING,0.3219618630455756
1.6,PID,1.0456524817902202,1.763628327365764,1.839068413850996,1.05518739882864,1.058596771902652,0.23859677190265194,0.022780108417050027,0.22114994742018942,0.042416251991972895,0.2595055033854141,-0.0007437170506504154,0.2141300577155179,0.22816983712486094,2.196205720159158,2.3402034576908815,2.196205720159158,2.3402034576908815,-0.11336013628622688,-0.11307101969612932,0.7187289802828659,0.767875498408187,5.2016894155515714e-05,1.4866564955852084,2.3340157441277434,FOLLOWING,WALKING,0.3234000777881009
1.65,PID,1.031677130102787,1.7718398034201304,1.8312452667625863,1.0624776305024044,1.0636716553873249,0.24367165538732494,0.02378722770750974,0.21959235340524547,0.04369685604463516,0.2716890861547804,0.021749388033053853,0.21236052372985834,0.2268241830806326,2.1780566536395725,2.3264018777500777,2.1780566536395725,2.3264018777500777,-0.018149066519585588,-0.013801579940803776,0.38034561226796193,0.4083212288454862,0.0008058005415267763,0.7894726416549749,2.3734893762104923,FOLLOWING,WALKING,0.3248788389440311
1.7,PID,0.9994971242054213,1.7907326181220615,1.8232708509622202,1.0698789454409656,1.0688797395068264,0.2488797395068264,0.024798439671171124,0.2232699277477325,0.045216134640191016,0.2841330731301217,0.03988009279158843,0.21578665746478087,0.23075319803068411,2.213196486818265,2.3666994669813755,2.213196486818265,2.3666994669813755,0.035139833178692736,0.04029758923129778,0.4624300459519613,0.49668306213155505,0.0009892210396696376,0.9601023291231859,2.4214944926666515,FOLLOWING,WALKING,0.3263975258248626
1.75,PID,0.9747842240590365,1.80472262952142,1.8143559761545736,1.0781105608041945,1.094638374218906,0.27463837421890613,0.02936629565635762,0.2484782215041001,0.051784167400338615,0.297864991841067,0.1444444651105897,0.23990794179934405,0.25704850120885614,2.460594274865067,2.6363948841933964,2.460594274865067,2.6363948841933964,0.2473977880468019,0.26969541721202095,1.3700637924070354,1.470730800742436,0.0048977295543704315,2.845692322703842,2.563779108801844,FOLLOWING,WALKING,0.3279555009838492
1.8,PID,0.9471522171652034,1.820011377626093,1.8044802097030441,1.0871787597018734,1.1103359065266223,0.29033590652662233,0.03224841057241212,0.27395581914838923,0.05677887781006303,0.3123817871673982,0.18173582494021118,0.2645589148708238,0.2833527234259547,2.713424767905885,2.90618177872774,2.713424767905885,2.90618177872774,0.25283049304081784,0.2697868945343438,1.5267122463832803,1.638528369994293,0.004083754349525646,3.169324370727099,2.722245327338199,FOLLOWING,WALKING,0.32955211048356087
1.85,PID,0.9439640453868855,1.8211065904733812,1.7936069984500822,1.0970999104969221,1.1278541273953069,0.30785412739530693,0.03554611833764332,0.30015574828541497,0.06248198722564184,0.32777449353716354,0.2188341152755769,0.28981497939957124,0.3104965171712587,2.9724613271750897,3.184579663294961,2.9724613271750897,3.184579663294961,0.25903655926920477,0.2783978845672208,1.7116208965230686,1.837817223115737,0.005131319178969112,3.554569438817775,2.8999737992790875,FOLLOWING,WALKING,0.3311866841703646
1.9,PID,0.9350180317671432,1.8254700859873454,1.7827436981049538,1.106948895786733,1.1162790064945611,0.2962790064945612,0.03396438798049317,0.29889950020086903,0.06161053201237396,0.34258844386189163,0.11976007795166871,0.2887029571528211,0.30909604324891693,2.9610559707981654,3.17021582819402,2.9610559707981654,3.17021582819402,-0.011405356376924303,-0.014363835100941191,0.516633873379933,0.5571057874573849,0.0007731477981272307,1.0745128086354452,2.95369943971086,FOLLOWING,WALKING,0.33285853595571163
1.95,PID,0.934626262045612,1.8251668379091055,1.7721639349079197,1.116483136971378,1.111265722559276,0.29126572255927596,0.033515709101088476,0.2906471407991409,0.061480789459410844,0.35715172998985545,0.07135441148704666,0.2804720701436084,0.30082221145467336,2.8766366168575224,3.0853560149197268,2.8766366168575224,3.0853560149197268,-0.08441935394064304,-0.08485981327429304,0.8242129211740649,0.8878789722855432,0.00011486411399018481,1.7122067575735982,3.03930977758954,FOLLOWING,WALKING,0.334566964104113
2.0,PID,0.930127139944214,1.8271938849777833,1.7622621193582604,1.1253515818324524,1.097133511218395,0.27713351121839513,0.03127901532417221,0.27143374189855923,0.05860346099830753,0.37100840555077524,-0.006525288939979196,0.2617348691033393,0.28113261469377915,2.684460195931685,2.8834114327567093,2.684460195931685,2.8834114327567093,-0.1921764209258372,-0.20194458216301747,1.239421489641131,1.3347196860769945,0.002428148249994069,2.5765693239681196,3.168138243787946,FOLLOWING,WALKING,0.33631125152768304
2.05,PID,0.9150683835023868,1.8347816881785521,1.7530335810893862,1.1335732798707416,1.0885914028912582,0.26859140289125827,0.029957729021971247,0.25297093401594606,0.05648517284183463,0.3844379756953381,-0.042675002012586116,0.2436226379106224,0.2623192301212697,2.4986937221602297,2.6904536422694325,2.4986937221602297,2.6904536422694325,-0.1857664737714555,-0.1929577904872768,1.1206955783117287,1.209797842668245,0.0017229869661194413,2.332216407946093,3.2847490641852506,FOLLOWING,WALKING,0.33809066608712635
2.1,PID,0.8998670021582273,1.8422848227643234,1.743992749025327,1.1415791530648107,1.0926476578699065,0.2726476578699065,0.031021206245127164,0.2473539675236383,0.05752742174931467,0.3980703585888334,-0.015438979663764781,0.23783317922412672,0.2568747558231499,2.439314658708992,2.6346128802374347,2.439314658708992,2.6346128802374347,-0.05937906345123789,-0.05584076203199784,0.5890916516849893,0.6393431561941194,0.0008633936515444821,1.2292982015306533,3.346213974261783,FOLLOWING,WALKING,0.339904460899043
2.15,PID,0.8845215148550096,1.849701510925373,1.734864911087237,1.1496158596189228,1.097058208151683,0.27705820815168314,0.032106089894077705,0.2489964990665678,0.058969285106534645,0.4119232689964175,0.0073640171020806465,0.23923708238143632,0.25875591575169926,2.453713665450629,2.6539068282225564,2.453713665450629,2.6539068282225564,0.014399006741637077,0.01929394798512174,0.4358936647643642,0.474645045104089,0.0012243693801106132,0.9117630792485638,3.391802128224211,FOLLOWING,WALKING,0.3417518746494217
2.2,PID,0.8402721699937947,1.8711032435592325,1.725514064847907,1.157798324384387,1.1014553148816049,0.2814553148816049,0.03319443199968619,0.2543597687066751,0.060641989691278,0.4259960347404977,0.025091202951278778,0.24432351941276859,0.2643960180005816,2.50588225038737,2.7117540307751957,2.50588225038737,2.7117540307751957,0.05216858493674126,0.05784720255263931,0.595941133109776,0.6482505622321525,0.0014606803322576689,1.2456523756741862,3.45408474700792,FOLLOWING,WALKING,0.34363213191319014
2.25,PID,0.8188918208316114,1.8807935527529251,1.7147904915870325,1.1671154366820375,1.1368628413858604,0.3168628413858604,0.04069792681297857,0.2899528470555163,0.07130389633687804,0.4418391768097907,0.17536425492072216,0.27815205221176303,0.3017536418992696,2.8528415611462874,3.0949091476848167,2.8528415611462874,3.0949091476848167,0.3469593107589173,0.383155116909621,2.0717925878330985,2.2520821424513886,0.010947391001443285,4.334822121285931,3.6708258530722158,FOLLOWING,WALKING,0.3455444434796888
2.3,PID,0.8052863931112246,1.8865603049237394,1.7031304439836454,1.177170434579422,1.1454129742672823,0.32541297426728233,0.042726039679074734,0.3137683389252149,0.07569759939894366,0.45,0.1744047035164199,0.3012403862246897,0.3262962916257401,3.089644986919894,3.3466286320588727,3.089644986919894,3.3466286320588727,0.2368034257736067,0.251719484374056,1.6627529924639919,1.8062139497352625,0.004789335949490249,3.4737562781487448,3.8445136669796525,FOLLOWING,WALKING,0.34748800668393043
2.35,PID,0.8126469793237491,1.88260085587998,1.6911379490278868,1.1874295084279558,1.144271789320232,0.32427178932023215,0.04293401804936403,0.32142458954376973,0.07732283915288073,0.45,0.13101445497578673,0.308627659663968,0.3342215194235715,3.165411893989415,3.4279130197289382,3.165411893989415,3.4279130197289382,0.07576690706952105,0.08128438767006552,0.882081285465104,0.9606294661634396,0.0018096213899310288,1.8445203730184747,3.936739685630576,FOLLOWING,WALKING,0.34946200574350694
2.4,PID,0.7641997106401273,1.9039607059993933,1.6799115807370004,1.1969630481670444,1.120272103629283,0.30027210362928314,0.03831881722835773,0.3003939863145642,0.07179589971526913,0.45,-0.003407342159062382,0.2885117649116872,0.31227620771744125,2.959095024735253,3.2028328996660638,2.959095024735253,3.2028328996660638,-0.20631686925416215,-0.22508012006287448,1.457604046113403,1.58234943100389,0.005714086890169863,3.045667564007463,4.089023063830949,FOLLOWING,WALKING,0.35146561210100236
2.45,PID,0.7768410841271516,1.8977493556979708,1.6678502844392369,1.2071228921912485,1.1568811162849622,0.3368811162849622,0.04667823075326094,0.3212004267097934,0.0829694552425126,0.45,0.1584219288009198,0.30746898186715754,0.3349318715524292,3.153528019150334,3.4351986825890175,3.153528019150334,3.4351986825890175,0.19443299441508088,0.23236578292295373,1.5456852907785554,1.6895502637230708,0.013349718939129984,3.248585273440756,4.251452327502986,FOLLOWING,WALKING,0.35349798477176775
2.5,PID,0.772953400787609,1.8990305500364861,1.656489541180188,1.2166179279021159,1.1273252889634757,0.3073252889634758,0.04063782995305365,0.3019467815950498,0.0759878107986346,0.45,-0.006476535749823292,0.28937079890787576,0.3145227642822238,2.9679056298243665,3.2258745054587057,2.9679056298243665,3.2258745054587057,-0.18562238932596742,-0.20932417713031182,1.37725794177873,1.5019615658046122,0.007639486229732282,2.8868589938130746,4.395795277193639,FOLLOWING,WALKING,0.3555582706969122
2.55,PID,0.7564074521952877,1.9056814413811252,1.645917061375871,1.225378493221919,1.1163884172760492,0.29638841727604925,0.03855713711066455,0.28077884999233066,0.07279332452194352,0.45,-0.053173933309539026,0.268731554783949,0.2928261452007123,2.756221074707169,3.0033450789816647,2.756221074707169,3.0033450789816647,-0.21168455511719753,-0.222529426477041,1.3604057476147264,1.4868335224225964,0.003348536777569006,2.8505878068148918,4.538324667534384,FOLLOWING,WALKING,0.357645605101362
2.6,PID,0.7397063183117468,1.9122260725161893,1.63562442355283,1.2338446087982926,1.1198390268689074,0.2998390268689074,0.039634140745992585,0.27276120252194513,0.07369454119181057,0.45,-0.02629298577286455,0.26056475595470047,0.2849576490891898,2.672459035432825,2.922642554760921,2.672459035432825,2.922642554760921,-0.08376203927434389,-0.08070252422074375,0.7523470809275324,0.8271655915161102,0.0009563723856037969,1.5804690448292467,4.617348119775846,FOLLOWING,WALKING,0.3597591118568374
2.65,PID,0.7163373351985257,1.9212454260666547,1.625307231004382,1.2422593766043748,1.123775182861238,0.30377518286123795,0.04072255121317658,0.2722653956161441,0.07504799531183477,0.45,-0.0031894425365798784,0.2598449523920354,0.2846858388402528,2.6650764347901066,2.919854757335926,2.6650764347901066,2.919854757335926,-0.007382600642718451,-0.00278779742499502,0.42765615987102035,0.4730031040053024,0.0014626658657427869,0.9021219297420655,4.662454216262949,FOLLOWING,WALKING,0.3618979038495945
2.7,PID,0.6818852687882743,1.9342437034618145,1.6145771467633154,1.2509344091690697,1.134569665928762,0.3145696659287621,0.04344416576847676,0.28197626724607583,0.07891931317116578,0.45,0.045007960318574236,0.2689151209162479,0.29503741357590374,2.758103804269209,3.0260247546246535,2.758103804269209,3.0260247546246535,0.09302736947910262,0.10616999728872756,0.8530050249167609,0.9407299580282159,0.004399513149969677,1.7981344960949464,4.752360941067696,FOLLOWING,WALKING,0.3640610833527788
2.75,PID,0.6507692302036093,1.9454570171158982,1.6028661701452798,1.2603180855619034,1.1562118019236174,0.33621180192361744,0.04877411075850935,0.3062028578897703,0.08685559465761723,0.45,0.13033160742585165,0.29182825697393466,0.32057745880560595,2.9931103279377913,3.287973936467753,2.9931103279377913,3.287973936467753,0.2350065236685821,0.2619491818430997,1.6288624301698749,1.7951453905422758,0.009926070449414135,3.4339338911615647,4.924057635625774,FOLLOWING,WALKING,0.3662477424032325
2.8,PID,0.6316415434609408,1.9518214170652552,1.590101446518787,1.270451051045254,1.1729893173329595,0.3529893173329596,0.05294184153882897,0.3319035705122333,0.09395766723270832,0.45,0.17547972159326997,0.31635357658522006,0.3474535644392465,3.2446520675407187,3.5636263019409897,3.2446520675407187,3.5636263019409897,0.25154173960292736,0.27565236547323657,1.8475961486750276,2.036049279269341,0.009609036072090545,3.8932544640164592,5.118720358826596,FOLLOWING,WALKING,0.36845696318259924
2.85,PID,0.6222687690837292,1.9545002652786025,1.5767955183099418,1.280911447739143,1.1759723472343584,0.35597234723435844,0.05400678140323656,0.3444275522884822,0.09702118009124089,0.45,0.14999951440890566,0.32837054698338186,0.36048455759358256,3.3679030459834034,3.697277513780334,3.3679030459834034,3.697277513780334,0.12325097844268473,0.13365121183934425,1.2063390044752684,1.3316233816514471,0.004280049111737111,2.5422424352384527,5.2458324805885175,FOLLOWING,WALKING,0.37068781840256476
2.9,PID,0.6150234175395277,1.9564306744426971,1.563612727089157,1.2911698746524387,1.1682650427461092,0.34826504274610925,0.05262525080417024,0.3402507389394765,0.09627121406642807,0.45,0.08308748149064986,0.32431785301148264,0.35618362486747035,3.3263369539639243,3.653165383256106,3.3263369539639243,3.653165383256106,-0.04156609201947914,-0.04411213052422802,0.7439435971374859,0.8242033443611932,0.0010396820119291726,1.5691866235106082,5.324291811764048,FOLLOWING,WALKING,0.3729393716940728
2.95,PID,0.6141857508034049,1.956242723519832,1.5509194521804694,1.300957419085972,1.1586171110118377,0.3386171110118378,0.050796292218580064,0.326618005031392,0.09418145118682837,0.45,0.02235733593191224,0.3110309748599719,0.3422050352028121,3.190061280615096,3.5097952328493545,3.190061280615096,3.5097952328493545,-0.13627567334882817,-0.1433701504067515,1.1961357260257302,1.3227554055860256,0.002834163369173738,2.5217252949809295,5.450378076513093,FOLLOWING,WALKING,0.3752106780003524
3.0,PID,0.600414140076955,1.9604277212273498,1.5390855506865688,1.3099982733458058,1.1431836499454286,0.3231836499454287,0.04735511580829099,0.3039410059075829,0.08934930350764736,0.45,-0.05046850666530865,0.28915369617706727,0.3187283156380985,2.9656789351494077,3.269008365518959,2.9656789351494077,3.269008365518959,-0.22438234546568836,-0.24078686733039545,1.539514472877062,1.7029254222419612,0.006217186025965242,3.2486570811449886,5.612810930570342,FOLLOWING,WALKING,0.37750078397359177
3.05,PID,0.5822833664345133,1.965889129868391,1.5277437154762596,1.3185822420297009,1.1419993361501277,0.32199933615012777,0.047414033764966224,0.290780033717941,0.08873367458293557,0.45,-0.04457641589826485,0.27609461057446516,0.3054654568614168,2.8317395956355402,3.1329790447324797,2.8317395956355402,3.1329790447324797,-0.1339393395138675,-0.13602932078647934,1.0342010757234845,1.1498816789115283,0.0007866290400367446,2.1848693836750495,5.722054399754095,FOLLOWING,WALKING,0.37980872837509205
3.1,PID,0.5639915573517396,1.971214730311482,1.516475245997342,1.3270335845955243,1.1458191299910956,0.32581912999109564,0.04866124019688156,0.2876367383148014,0.09004773461187951,0.45,-0.017962511500387912,0.27273383823653535,0.30253963839306747,2.797270135759337,3.1029706501853074,2.797270135759337,3.1029706501853074,-0.03446945987620342,-0.0300083945471723,0.5702273931071858,0.6382363448994555,0.001703925054006087,1.2101676630606473,5.782562782907127,FOLLOWING,WALKING,0.3821335424787335
3.15,PID,0.5439800565120491,1.9768607239346527,1.505090654712611,1.3355006525633557,1.149867177386961,0.32986717738696114,0.049877435775206536,0.28996989380968663,0.09171630841090853,0.45,0.0038006495715057174,0.2747908447676813,0.305148942851692,2.818367638642885,3.1297327471968406,2.818367638642885,3.1297327471968406,0.02109750288354828,0.026762097011533204,0.5381527715073391,0.6034532713131456,0.002203710179876742,1.1438097530003615,5.839753270557145,FOLLOWING,WALKING,0.38447425047758393
3.2,PID,0.4833861787263133,1.9938386268326442,1.4933927923418922,1.3441004766889249,1.1554550286025145,0.3354550286025145,0.051445511283091605,0.29635931058212933,0.09410303172107935,0.45,0.027551052014209442,0.2807852588322907,0.31193336233196794,2.8798488085363148,3.1993165367381327,2.8798488085363148,3.1993165367381327,0.061481169893429666,0.06958378954129207,0.7388794542945972,0.8269773875110059,0.0032342097508768165,1.56909105155648,5.918207823134968,FOLLOWING,WALKING,0.3868298698934797
3.25,PID,0.47372910481620156,1.9957897420054245,1.4798488479388785,1.3539688433724948,1.2009467195922523,0.38094671959225235,0.06353362189177014,0.34100566775114216,0.11121309002211174,0.45,0.2216532609259305,0.3225999013524827,0.35941143414980165,3.30871693694854,3.686271119485145,3.30871693694854,3.686271119485145,0.4288681284122253,0.4869545827470123,2.8938057275543407,3.232365434254898,0.027401219339274755,6.153572381148514,6.225886442192393,FOLLOWING,WALKING,0.3891994119894068
3.3,PID,0.4615342038145973,1.9984052381539943,1.4657454967570072,1.3641219148209642,1.19340311857445,0.3734031185744501,0.061787546376650404,0.3536471869612503,0.11133315000231171,0.45,0.13969769904389567,0.3352215506358677,0.3720728232866329,3.438169750111464,3.8161315208885425,3.438169750111464,3.8161315208885425,0.12945281316292379,0.1298604014033975,1.239458334154624,1.3843674589272317,0.00019247984330223917,2.6240182729251575,6.35708735583865,FOLLOWING,WALKING,0.39158188218450807
3.35,PID,0.4510897298243254,2.0005196318071827,1.451621952070846,1.3741529152086778,1.187752354294219,0.36775235429421904,0.060727023971721916,0.3516941044459188,0.11105915340130701,0.45,0.08410084242122198,0.3333138145580025,0.3700743943338351,3.418603226235923,3.7956348136803597,3.418603226235923,3.7956348136803597,-0.01956652387554092,-0.02049670720818275,0.6441736767415148,0.7238048756762792,0.0004381895598108208,1.368416741977605,6.42550819293753,FOLLOWING,WALKING,0.39397628047154526
3.4,PID,0.4179184026513646,2.0081554233258454,1.4378627736945806,1.3838120942705734,1.1804236491260045,0.36042364912600455,0.0591891802390383,0.34145066468118174,0.10945126542875504,0.45,0.03335235434840929,0.32333648025272277,0.3595648491096407,3.316271592335618,3.687844606252725,3.316271592335618,3.687844606252725,-0.10233163390030509,-0.10779020742763468,1.0651498462683997,1.1927168198989806,0.0025341893749942454,2.2604008555423745,6.538528235714648,FOLLOWING,WALKING,0.3963816018366364
3.45,PID,0.4239317836090812,2.0061570069468173,1.4238019461704359,1.3935689001718699,1.1958641697778896,0.3758641697778896,0.06377339389276004,0.34828210903339446,0.11579696747627737,0.45,0.09395312726005375,0.32911771091607056,0.36744650715071836,3.3755662658058516,3.768682124622752,3.3755662658058516,3.768682124622752,0.05929467347023376,0.08083751837002717,0.9001091200009559,1.0138243101421995,0.010581307971999729,1.924514738115155,6.6347539726204054,FOLLOWING,WALKING,0.39879683668109656
3.5,PID,0.41186706322097033,2.008516744265465,1.4104726258020113,1.4027044110066564,1.172605871784115,0.35260587178411507,0.057577710079421696,0.32860123337256486,0.10812044830400194,0.45,-0.02905307190976643,0.3107072991782525,0.3464951675668772,3.186741530033359,3.5537965904295095,3.186741530033359,3.5537965904295095,-0.1888247357724926,-0.21488553419324274,1.5048957824614893,1.686059226974257,0.011951837198217902,3.202906846633964,6.794899314952103,FOLLOWING,WALKING,0.40122097124520173
3.55,PID,0.3921329008994314,2.0124626152535616,1.3977448493619415,1.4113327490876857,1.1679989951820502,0.34799899518205024,0.05655370742119459,0.31353538364155614,0.10606665077281982,0.45,-0.04293165313870312,0.29598135293865446,0.3310894143444578,3.0357061839861994,3.395788865071362,3.0357061839861994,3.395788865071362,-0.15103534604715962,-0.15800772535814733,1.205436713108551,1.3557571272459115,0.003136887727170832,2.5643307280816336,6.923115851356184,FOLLOWING,WALKING,0.4036529880337001
3.6,PID,0.3722411887214469,2.0162367140740822,1.3851554216068969,1.4197713311435316,1.1715854671713755,0.3515854671713755,0.05783326449798798,0.3089864152611733,0.10725552272135076,0.45,-0.017706212695157195,0.29123562625078975,0.3267372042715569,2.987032064110664,3.3511508130416092,2.987032064110664,3.3511508130416092,-0.04867411987553538,-0.044638052029752906,0.67985961314747,0.7700556964134664,0.0018361883849534997,1.4517514979458899,6.9957034262534785,FOLLOWING,WALKING,0.4060918662428905
3.65,PID,0.3365691765394989,2.0228405950702912,1.3724697300665818,1.4281784182060886,1.175485515102763,0.35548551510276305,0.05910244665789577,0.31030678978308734,0.10890140074199431,0.45,0.003349364995882625,0.2922836079602873,0.3283299716058874,2.997780594464485,3.367486888265512,2.997780594464485,3.367486888265512,0.01074853035382084,0.01633607522390257,0.5267946139051282,0.5992323252367963,0.0025810332753390306,1.1286079724172635,7.052133824874342,FOLLOWING,WALKING,0.4085365821890904
3.7,PID,0.3023471978791661,2.028649474543358,1.3589550616529276,1.437015117990883,1.1944509455773347,0.3744509455773347,0.06477015239773642,0.3283662094653784,0.11689808489301955,0.45,0.08606039878490407,0.3090195764155837,0.34771284251517315,3.1694315529803454,3.566285564258186,3.1694315529803454,3.566285564258186,0.17165095851586054,0.1987986759926743,1.413717031583904,1.599224540940407,0.013461077703588701,3.0264026502279,7.203453957385737,FOLLOWING,WALKING,0.41098610973831173
3.75,PID,0.2644126056458822,2.0345946135503077,1.3444422245793732,1.4463863752123105,1.2109712588008903,0.39097125880089034,0.06960733084782111,0.35151713218931524,0.12474406997125355,0.45,0.1398164892358702,0.3308719886090728,0.3721622757695577,3.3935588575289515,3.8170489822518734,3.3935588575289515,3.8170489822518734,0.22412730454860608,0.2507634179936873,1.7962168879374367,2.0300698780472524,0.014093857606933973,3.840380623591623,7.395472988565317,FOLLOWING,WALKING,0.4134394207369663
3.8,PID,0.25525168208111265,2.035321618417467,1.3287389305788195,1.456369403350793,1.2298182424335362,0.40981824243353626,0.07517239615394011,0.3781431522564808,0.13403565693258396,0.45,0.1919835895876211,0.3559602510341382,0.40032605347882344,3.6508743695809045,4.1059082408084455,3.6508743695809045,4.1059082408084455,0.257315512051953,0.28885925855657213,2.1421554433020384,2.4203571427624895,0.017933817057237463,4.5804464031217655,7.6244953087214045,FOLLOWING,WALKING,0.41589548544341776
3.85,PID,0.2390607023562666,2.037130022374743,1.3129653529067333,1.466269246219901,1.2196559105000828,0.39965591050008287,0.07264647078064312,0.37867881680282817,0.13256319029831623,0.45,0.10503293937114935,0.35673960880845684,0.4006180247971995,3.658867782650839,4.108902818432815,3.658867782650839,4.108902818432815,0.007993413069934618,0.002994577624369832,0.6112896385555858,0.697572212908438,0.0028108061949075063,1.3116726576589313,7.690078941604351,FOLLOWING,WALKING,0.41835327296020103
3.9,PID,0.2336829403648613,2.0372964047459448,1.29736480483263,1.4759091605579422,1.2162044335661784,0.3962044335661784,0.0720755334477805,0.37276624961389443,0.13250840903731523,0.45,0.0667391942003168,0.35083610791821873,0.3946963913095701,3.598319055571474,4.048168115995591,3.598319055571474,4.048168115995591,-0.06054872707936498,-0.06073470243722401,0.9111243912007686,1.0359563123254194,0.00010452927946033106,1.9471852328056485,7.7874382032446325,FOLLOWING,WALKING,0.4208117516667264
3.95,PID,0.22868315270639336,2.037517608618211,1.282457349545727,1.4849899211384445,1.2027363579499162,0.38273635794991623,0.06841552495520409,0.35519262101384125,0.12779012845399126,0.45,-0.007202961235306671,0.3340433547547057,0.3763418872729768,3.426085689791853,3.8599167925433515,3.426085689791853,3.8599167925433515,-0.17223336577962112,-0.18825132345223983,1.5066974612872466,1.7075316593947523,0.008682475418279196,3.2229115961002783,7.948583783049646,FOLLOWING,WALKING,0.4232698896522873
4.0,PID,0.20757558904117496,2.0397760574619994,1.268359885151793,1.4934537846875697,1.189843226377375,0.3698432263773751,0.06473583689350759,0.33333685246837846,0.12222359601410464,0.45,-0.062348088682720376,0.31310884732804417,0.35356485760871276,3.2113727931081453,3.626306231884233,3.2113727931081453,3.626306231884233,-0.21471289668370774,-0.23361056065911834,1.6293635695189892,1.84891761143803,0.009797207214702435,3.4880783881717217,8.12298770245823,FOLLOWING,WALKING,0.4257266551491899
4.05,PID,0.1863234813690661,2.0418270127636964,1.2545595660866289,1.5016237280377402,1.193202140713935,0.3732021407139351,0.06598040581585085,0.32508607689202496,0.1229561820224921,0.45,-0.03385228609165788,0.3047368287673025,0.3454353250167474,3.1255059360748976,3.542926410428178,3.1255059360748976,3.542926410428178,-0.0858668570332477,-0.08337982145605505,0.9001062897742937,1.0291914618932612,0.001297094091759653,1.9305948457593145,8.219517444746195,FOLLOWING,WALKING,0.42818101696582245
4.1,PID,0.16492891137630114,2.0436664218881804,1.240736250451656,1.5096909115828725,1.1970580276333391,0.3770580276333392,0.06720800394004156,0.3245922530135421,0.12429329492860806,0.45,-0.009438880706115118,0.3040217127028575,0.3451627933242267,3.118171412337,3.5401312135818124,3.118171412337,3.5401312135818124,-0.007334523737897669,-0.002795196846365755,0.5087403304404322,0.5865472735458864,0.002393196030615168,1.0976808000169338,8.274401484747042,FOLLOWING,WALKING,0.43063194491948315
4.15,PID,0.12255576333499077,2.0471162424044853,1.2267035968818814,1.5177616870767303,1.2010375832646576,0.38103758326465764,0.06846489373455888,0.32822203481441153,0.12604440778922948,0.45,0.010147717827031517,0.30736168532529407,0.349082384303529,3.1524275417978878,3.5803321467028613,3.1524275417978878,3.5803321467028613,0.03425612946088785,0.04020093312104889,0.6740163714200483,0.7746983338248191,0.0031783389622434904,1.451893044207111,8.346996136957397,FOLLOWING,WALKING,0.43307841026878424
4.2,PID,0.08102611125014268,2.0498264159314106,1.211662731224593,1.5262710602941492,1.2244830270659277,0.40448302706592776,0.07582799253648353,0.35150848943717333,0.13645174238376725,0.45,0.11107517263067346,0.32892572607265985,0.3740912528016868,3.3735971904888187,3.8368333620685826,3.3735971904888187,3.8368333620685826,0.22116964869093092,0.25650121536572135,1.792602773608018,2.0494132276299295,0.0204494247215358,3.8624654259594835,8.540119408255372,FOLLOWING,WALKING,0.4355193861454512
4.25,PID,0.06429832473866515,2.050234543772941,1.1952502112988066,1.535401838737352,1.2459732648992548,0.4259732648992548,0.08239171713147986,0.3814928501409437,0.14704169984835308,0.45,0.18119568111856463,0.3571574488160413,0.4058282514658461,3.663153321190167,4.1623410406753445,3.663153321190167,4.1623410406753445,0.2895561307013481,0.3255076786067619,2.3475403144706095,2.6799126611813717,0.02242318099556823,5.049876156647549,8.792613216087748,FOLLOWING,WALKING,0.4379538479853361
4.3,PID,0.06124184761961481,2.049756169064763,1.1783714087804547,1.5446274538603144,1.2426201687918172,0.4226201687918173,0.08151156398359127,0.3905802705930684,0.1479802792422207,0.45,0.12657900839975533,0.36608953437848085,0.4150710068076559,3.754764455163906,4.257138531360574,3.754764455163906,4.257138531360574,0.0916111339737391,0.09479749068522914,1.1460384559457173,1.3122063651792892,0.002000033867455579,2.4602448549924625,8.91562545883737,FOLLOWING,WALKING,0.4403807739584629
4.35,PID,0.019981082633459574,2.0511543933890826,1.1620141620068751,1.5534177547646473,1.2260234399649574,0.4060234399649575,0.07664694259168625,0.3772304839888314,0.14239354737236104,0.45,0.02570601971362574,0.35366435189870565,0.40079661607895717,3.6273266861405706,4.11073452388674,3.6273266861405706,4.11073452388674,-0.12743776902333526,-0.14640400747383353,1.3530967845027417,1.5453447263642601,0.011455409796012643,2.9098969206630145,9.06112030487052,FOLLOWING,WALKING,0.4427991453979265
4.4,PID,0.013165950842997556,2.0507290925656982,1.1451355090625985,1.5623271588669962,1.245785421255313,0.42578542125531305,0.08316328564189801,0.38629346176774126,0.15114741935055667,0.45,0.10700341305419284,0.3612785638652241,0.4113083596702584,3.7054211678484523,4.218547278669317,3.7054211678484523,4.218547278669317,0.07809448170788169,0.1078127547825769,1.1284236989888055,1.297675506847857,0.019053002287143746,2.445152208123806,9.18337791527671,FOLLOWING,WALKING,0.44520794722746265
4.45,PID,0.009604496611165143,2.050319910562241,1.1286030006717336,1.5708995431738535,1.2328388092433293,0.4128388092433294,0.07927192039385966,0.3767746052333741,0.1468591989430456,0.45,0.0264975693295421,0.35246940780830005,0.4010798026584481,3.615070849315898,4.113639001625109,3.615070849315898,4.113639001625109,-0.09035031853255449,-0.10490827704420802,1.125462039142357,1.2929843602917581,0.009068610440711482,2.427515009874827,9.30475366577045,FOLLOWING,WALKING,0.44760616838751205
4.5,PID,-0.011062530634577385,2.050280861291196,1.1129791773349098,1.5788562054647166,1.2173748563021196,0.39737485630211966,0.0744790812569387,0.3564719219095915,0.1401626224483326,0.45,-0.04737328886428019,0.33327500789439246,0.3796688359247905,3.418205209173256,3.894039342818364,3.418205209173256,3.894039342818364,-0.19686564014264185,-0.2195996588067448,1.6531419680910828,1.8943864884240973,0.013515980010117702,3.561044436525298,9.482805887596715,FOLLOWING,WALKING,0.44999280225959754
4.55,PID,-0.03362354193748192,2.0500349868206125,1.0977226225648076,1.5864916521625347,1.2188974392359992,0.3988974392359993,0.07513330688967468,0.3470613574843636,0.14011492497230987,0.45,-0.030251800405068134,0.32387233740144633,0.3702503775672809,3.321767563091757,3.7974397699208295,3.321767563091757,3.7974397699208295,-0.09643764608149885,-0.09659957289753462,1.0225166577710765,1.1797775516389568,9.623704714983373e-05,2.2023904464571835,9.592925409919573,FOLLOWING,WALKING,0.4523668470888376
4.6,PID,-0.05818165395486652,2.0495186861671524,1.08247955921079,1.5939891021751653,1.2226269124471179,0.4026269124471179,0.07637751312966623,0.3456457283849521,0.14138460669293354,0.45,-0.007186722187031223,0.32224657597727163,0.3690448807926326,3.3050930869463757,3.785075700437257,3.3050930869463757,3.785075700437257,-0.016674476145381423,-0.012364069483572493,0.5919570172214241,0.6888246823773483,0.002584993690016422,1.2833666932887888,9.657093744584012,FOLLOWING,WALKING,0.4547273064044186
4.65,PID,-0.10219489408144794,2.0482955390715176,1.0669854857717809,1.6014730415329417,1.2282569784505442,0.4082569784505442,0.07820910525884583,0.35014352222466455,0.143877720869981,0.45,0.01916664710919147,0.3263317594206827,0.3739552850286464,3.3469924043146944,3.8354388208066297,3.3469924043146944,3.8354388208066297,0.041899317368318645,0.05036312036937263,0.7662611533583014,0.8893266179884186,0.005165331633536065,1.660753102980256,9.740131399733025,FOLLOWING,WALKING,0.45707318943784875
4.7,PID,-0.13817834336586537,2.046601610487548,1.0503668090860656,1.609337618159611,1.2516521501361115,0.4316521501361116,0.08592527169814268,0.37358301535887284,0.15484968009976413,0.45,0.11788874016166614,0.34795539330236186,0.3992106374153838,3.5687732646396086,4.094468076055218,3.5687732646396086,4.094468076055218,0.2217808603249143,0.25902925524858844,1.90927758494279,2.203436579478687,0.024465663025913947,4.137179827447392,9.946990391105395,FOLLOWING,WALKING,0.45940351153881887
4.75,PID,-0.17061343852875896,2.0445080300729357,1.0326081471569242,1.6175658095015806,1.2664278022862376,0.4464278022862377,0.09069253372778441,0.39729167788558273,0.16307333071738964,0.45,0.1569660867866547,0.37030304165185474,0.4242803141193107,3.797979914377997,4.3515929653262635,3.797979914377997,4.3515929653262635,0.22920664973838845,0.2571248892710454,2.0535714916704872,2.3673652071722016,0.019311236594961326,4.44024793543765,10.169002787877277,FOLLOWING,WALKING,0.461717294588495
4.8,PID,-0.18238607614522273,2.0430721795719915,1.0139347363922788,1.6260278342194279,1.2767230882091736,0.4567230882091736,0.09409534152559873,0.4158700656338428,0.169652348149978,0.45,0.16773280575450894,0.38779260201502147,0.4439475292526642,3.977360020666887,4.553307992335017,3.977360020666887,4.553307992335017,0.17938010628888978,0.20171502700875354,1.8265786180384236,2.1068140638178825,0.016072498885798963,3.949465180742105,10.366476046914382,FOLLOWING,WALKING,0.46401356741006966
4.85,PID,-0.1970182085433556,2.0414374984077344,0.995262310547772,1.6343087440444477,1.266929150545103,0.44692915054510307,0.09115291752579813,0.41285228755885195,0.16736141649920505,0.45,0.0877382627666064,0.3851539731282335,0.4405506019894704,3.9502971602895744,4.518467712712517,3.9502971602895744,4.518467712712517,-0.027062860377312425,-0.03484027962250025,0.82462566888141,0.9586349969655082,0.005521155352937654,1.788781821199856,10.455915137974374,FOLLOWING,WALKING,0.466291366176399
4.9,PID,-0.20321221260224248,2.040386064943452,0.9770752388598257,1.6421896398062081,1.2598756521314356,0.43987565213143565,0.08915526479395286,0.4021447210921942,0.16511324809866718,0.45,0.037400451937816215,0.3748184785318648,0.4294709636525236,3.844292087506305,4.4048303964361395,3.844292087506305,4.4048303964361395,-0.10600507278326932,-0.1136373162763773,1.2756273322178888,1.4764417006952204,0.005345314371152572,2.7574143472842616,10.593785855338586,FOLLOWING,WALKING,0.46854973481455553
4.95,PID,-0.21790894795171337,2.0386980355520006,0.959759128937281,1.6495272049265612,1.245647968356592,0.425647968356592,0.08457005345680857,0.38193036607498565,0.1587152531614663,0.45,-0.033429456097815516,0.35566299167676296,0.40819774047320834,3.6478255556591073,4.186643492032906,3.6478255556591073,4.186643492032906,-0.19646653184719787,-0.2181869044032334,1.7640351427936243,2.03813465615817,0.014622615161044102,3.816792414112838,10.784625476044228,FOLLOWING,WALKING,0.47078772540712555
5.0,PID,-0.24135880807836754,2.0360549883350396,0.9431236104086924,1.6564245403971984,1.2403048152503144,0.4203048152503145,0.08285528823188182,0.3660349477425557,0.15544461544451924,0.45,-0.049584849423917325,0.34030886388648773,0.39176103159862363,3.4903473219126946,4.0180618625499855,3.4903473219126946,4.0180618625499855,-0.15747823374641268,-0.16858162948292055,1.4420705953686839,1.6728232758204806,0.007321003519236202,3.122214874708401,10.940736219779648,FOLLOWING,WALKING,0.47300439859008386
5.05,PID,-0.26488606902249207,2.033127974378106,0.9266569485955729,1.6630997106850955,1.2438319326606952,0.4238319326606953,0.08407482030666191,0.3611196405072897,0.1562626368215006,0.45,-0.023156865944979906,0.3352581741133313,0.38698110690124804,3.4385453755213464,3.9690369938589543,3.4385453755213464,3.9690369938589543,-0.051801946391348164,-0.04902486869103129,0.8122060028244994,0.9501446983328612,0.0018406969537458715,1.7641913981111066,11.028945789685203,FOLLOWING,WALKING,0.47519882394707813
5.1,PID,-0.28848598808593673,2.0299137480294798,0.9100858408009405,1.6696676992467214,1.2476761113229782,0.4276761113229782,0.08531586413877656,0.36231611257305485,0.1576855896081484,0.45,-0.001147969323039389,0.33621914749290627,0.38841307765320343,3.4484015127477563,3.983723873366189,3.4484015127477563,3.983723873366189,0.009856137226409878,0.014686879507234796,0.6084313194106512,0.7156783346791911,0.003231059747718501,1.3273407138375608,11.09531282537708,FOLLOWING,WALKING,0.4773700803999577
5.15,PID,-0.3519969682219366,2.0209798671921324,0.8932623822239412,1.676179993542678,1.2515397095836884,0.4315397095836885,0.08655208048597851,0.3665857261487392,0.15945107178672238,0.45,0.016104416275154458,0.34019657376803664,0.39297487852944174,3.489195628390119,4.030511574660941,3.489195628390119,4.030511574660941,0.040794115642362794,0.04678770129475174,0.7889859251849282,0.9244803658469887,0.004053715568553293,1.71752000660047,11.181188825707103,FOLLOWING,WALKING,0.47951725659538247
5.2,PID,-0.37185452666363106,2.0172794356823154,0.8745572640259975,1.6832319268796396,1.2921136957487793,0.47211369574877937,0.10043064091737941,0.40558934809030645,0.17887159602699074,0.45,0.19108698382102104,0.37598609894783946,0.4351925972327734,3.856267681516302,4.463513817772035,3.856267681516302,4.463513817772035,0.36707205312618285,0.43300224311109403,3.0353005847926537,3.5295318128834583,0.05002243439814251,6.614854832074254,11.511931567310814,FOLLOWING,WALKING,0.48163945128735075
5.25,PID,-0.3946847093524184,2.0129050167468514,0.8550567333692489,1.6903845019171109,1.2903991979644904,0.4703991979644905,0.09974949586505533,0.4212123451922627,0.18070165172284797,0.45,0.14150405712952527,0.3913062218321314,0.451118468552394,4.013397146996219,4.626856087716861,4.013397146996219,4.626856087716861,0.15712946547991713,0.1633422699448266,1.6531798855161297,1.922903356439455,0.004761994852601403,3.5808452368081864,11.690973829151222,FOLLOWING,WALKING,0.4837357737154836
5.3,PID,-0.3936037341890326,2.0123831383953235,0.8351855113461768,1.6974695508434423,1.2906870868425373,0.47068708684253735,0.10001059634890108,0.42637097257599454,0.18259593664155685,0.45,0.11163987562443596,0.3961513450618169,0.4565906000901722,4.063090718582737,4.682980513745356,4.063090718582737,4.682980513745356,0.049693571586518104,0.05612442602849477,0.9908576543729294,1.1594465065876087,0.0049807976975658,2.155284958658104,11.798738077084126,FOLLOWING,WALKING,0.48580534397890895
5.35,PID,-0.4482990977708529,2.001874257059967,0.8162626961681951,1.7040287384957804,1.2685005232824247,0.44850052328242473,0.09256352923448663,0.4062921374972668,0.173288450665229,0.45,-0.010541776677435805,0.37761289891217137,0.4349713760823622,3.8729528093556036,4.461244882896023,3.8729528093556036,4.461244882896023,-0.19013790922713358,-0.22173563084933345,1.869691114199552,2.1694397184599366,0.023225469471737367,4.062356302131225,12.001855892190687,FOLLOWING,WALKING,0.487847293405587
5.4,PID,-0.4422488000146969,2.0022757617239773,0.7965250192914868,1.7106646146232407,1.2991645329284174,0.47916453292841743,0.10345491689586916,0.4221864270452266,0.18750019700536538,0.45,0.1266990566339684,0.3911551444408386,0.45321770964961455,4.0118476352906525,4.648386765637072,4.0118476352906525,4.648386765637072,0.13889482593504887,0.1871418827410496,1.6700136963561605,1.9527394190437979,0.038371755435348424,3.6611248708353066,12.184912135732452,FOLLOWING,WALKING,0.4898607649169227
5.45,PID,-0.4552961781691466,1.9991196512229021,0.7775938008369867,1.7168430833302257,1.2726341330138198,0.45263413301381983,0.09419626495459799,0.4039955568637965,0.17627981702720819,0.45,-0.01790849544973451,0.37482124714579357,0.43316986658179946,3.8443204835466007,4.44276786237743,3.8443204835466007,4.44276786237743,-0.16752715174405175,-0.2056189032596425,1.7384461128170998,2.0250235044553535,0.028482142025164435,3.7919517592976177,12.374509723697331,FOLLOWING,WALKING,0.49184491338751224
5.5,PID,-0.4792923441708853,1.9935026557745508,0.7594348614303535,1.7225948822630142,1.2647915880155955,0.4447915880155956,0.09149671827162953,0.38663622645871804,0.17174775186023097,0.45,-0.04847582444297967,0.3582119735258498,0.41506047939158625,3.673968959239485,4.257030557862423,3.673968959239485,4.257030557862423,-0.17035152430711564,-0.18573730451500658,1.6085078509928494,1.8786719061467256,0.011208556853458576,3.498388313993034,12.549429139396983,FOLLOWING,WALKING,0.49379890599987175
5.55,PID,-0.5033132389379681,1.987573840960577,0.7415128639006342,1.7281013707836301,1.2680047758765074,0.44800477587650744,0.09266643901823901,0.380523565432532,0.17237043726746554,0.45,-0.02367311647751196,0.3519962580647665,0.40905087280029756,3.610218031433502,4.195393567182539,3.610218031433502,4.195393567182539,-0.0637509278059829,-0.06163699067988393,0.926016385023509,1.0908434241242269,0.0015455888053213238,2.018405397953057,12.650349409294636,FOLLOWING,WALKING,0.4957219225940009
5.6,PID,-0.5378243267431007,1.9787383435823387,0.7235435993156212,1.7334532515820609,1.271580901511213,0.451580901511213,0.09384561438170724,0.380748921313792,0.17362268923556234,0.45,-0.0027300780597548473,0.35201436624530646,0.40948347638227756,3.6104037563621176,4.199830526997719,3.6104037563621176,4.199830526997719,0.00018572492861546053,0.004436959815179442,0.5841194082211804,0.6943344447656532,0.003130838701941514,1.281584691688775,12.714428643879074,FOLLOWING,WALKING,0.4976131560116324
5.65,PID,-0.5780826562519561,1.9678217249878887,0.7049269196340431,1.7388169484247542,1.284995650283403,0.46499565028340306,0.098595726616439,0.3931866960522205,0.1801745230677306,0.45,0.05689543371102772,0.3633678124845111,0.4230055796199299,3.7268493588154983,4.338518765332614,3.7268493588154983,4.338518765332614,0.11644560245338065,0.13868823833489508,1.3377667291529884,1.5732502204785903,0.016998818917391162,2.92801576854897,12.860829432306522,FOLLOWING,WALKING,0.49947181243502586
5.7,PID,-0.6175579922949959,1.9563782481711631,0.6851865007207241,1.7443041859048172,1.30328690605864,0.4832869060586401,0.10501461780109356,0.4154301345577123,0.1899236213716265,0.45,0.12485996370564492,0.38399777522070816,0.4468624938947165,3.938438720212391,4.583205065586836,3.938438720212391,4.583205065586836,0.21158936139689288,0.2446863002542221,2.040000781021842,2.3917022400459778,0.026662810391768103,4.458365831459588,13.083747723879501,FOLLOWING,WALKING,0.5012971117201603
5.75,PID,-0.637731486023721,1.9497409222019744,0.6642176753608809,1.7499079062469953,1.3198934131091553,0.49989341310915536,0.1107661626053682,0.4398323309906679,0.19960212182568413,0.45,0.1704594027126704,0.4067981798285172,0.47286648215281857,4.172289023882227,4.849912637464806,4.172289023882227,4.849912637464806,0.23385030366983584,0.2667075718779701,2.3118823262555797,2.707074819929066,0.027818628864778906,5.046775775049424,13.33608651263197,FOLLOWING,WALKING,0.5030882877241891
5.8,PID,-0.6550764540015197,1.9437277837124316,0.6428663855957872,1.7553844690479186,1.3171958294406079,0.4971958294406079,0.10985208397670698,0.44658408066794003,0.20046680491583047,0.45,0.12108896597427413,0.4134068244543701,0.47976133688150996,4.240069994403796,4.9206290962206145,4.240069994403796,4.9206290962206145,0.06778097052156884,0.07071645875580845,1.1471899155234437,1.351414110340023,0.002496099691387935,2.5011001255548546,13.461141518909713,FOLLOWING,WALKING,0.5048445886270166
5.85,PID,-0.666591033895081,1.9393928422463216,0.6216863641834444,1.7605931279817617,1.3115368157397398,0.49153681573973984,0.10801865095475716,0.44185076400781875,0.1990404875219707,0.45,0.0695497331761142,0.4089095633229326,0.4747919646927049,4.193944239209565,4.869661176335435,4.193944239209565,4.869661176335435,-0.04612575519423068,-0.05096791988517957,0.9973656423539947,1.1778015686379693,0.004088086695862768,2.1792552976878268,13.570104283794103,FOLLOWING,WALKING,0.5065652772468645
5.9,PID,-0.6728622125439139,1.9367816624228251,0.6011699728125162,1.7654271359596945,1.3006260001326528,0.4806260001326529,0.10425508321168664,0.4272618319241874,0.1941643707342654,0.45,0.006241203206186298,0.3951276285676665,0.45939603528070827,4.052591062232477,4.711754208007264,4.052591062232477,4.711754208007264,-0.1413531769770886,-0.15790696832817108,1.6028605185949578,1.8822043127960038,0.013633461327046912,3.4986982927180086,13.745039198430003,FOLLOWING,WALKING,0.508249631349692
5.95,PID,-0.6956493589032495,1.928690218572829,0.5816999057820361,1.7698226253773588,1.2855039412866398,0.46550394128663986,0.09875810473973701,0.40489400068072623,0.18606155372591687,0.45,-0.06166892042163225,0.374100813539087,0.4356871878223655,3.836931420913712,4.468586541767851,3.836931420913712,4.468586541767851,-0.21565964131876436,-0.24316766623941266,1.9927643330993268,2.337758943243487,0.0217097671986737,4.352233043541488,13.962650850607076,FOLLOWING,WALKING,0.5098969439523445
6.0,PID,-0.7196189551358116,1.919875659820253,0.5626735516427386,1.773929545449618,1.2871907613713522,0.4671907613713523,0.09941059603114644,0.39480764909353155,0.1856183677251005,0.45,-0.040679749556138414,0.3640878092350274,0.4255274889520357,3.734233940872076,4.364384502072161,3.734233940872076,4.364384502072161,-0.10269748004163626,-0.1042020396956902,1.1993223643517386,1.418208874516163,0.00118459385381013,2.6187158327217115,14.093586642243162,FOLLOWING,WALKING,0.5115065236192982
6.05,PID,-0.743551018501822,1.91073438045321,0.5437080700163083,1.7778409509301512,1.2905713235773932,0.4705713235773933,0.10053411123013367,0.39297147808594235,0.18648531267271107,0.45,-0.01685573094720754,0.36210815883860864,0.42383479733327606,3.7139298342421396,4.347023562392574,3.7139298342421396,4.347023562392574,-0.020304106629936314,-0.01736093967958663,0.699418334229804,0.8351568719122475,0.0023280839946026185,1.5369032901366544,14.170431806749994,FOLLOWING,WALKING,0.5130776947528809
6.1,PID,-0.776606942100225,1.8977494606657561,0.5245784771343446,1.7816002410771241,1.294100701098229,0.4741007010982291,0.10166707695722144,0.395571388280196,0.18784992261730668,0.45,0.002381790952855777,0.36448222608703174,0.42666055047336027,3.738279241918274,4.376005645880618,3.738279241918274,4.376005645880618,0.024349407676134582,0.02898208348804321,0.7504809807777972,0.8952523770585372,0.0036913229639293525,1.6494246808002637,14.252903040790006,FOLLOWING,WALKING,0.5146097978768441
6.15,PID,-0.8315779012482594,1.8754280164158617,0.5047934484579026,1.7852894871239804,1.3063591146540414,0.48635911465404147,0.10611245376059131,0.40818162590777546,0.19407821050737828,0.45,0.055794816588802094,0.37606168206880436,0.44030156974674656,3.8570428930133778,4.515913535864067,3.8570428930133778,4.515913535864067,0.11876365109510356,0.1399078899834496,1.3982145177975507,1.6549137727057996,0.0174063595425102,3.0705346500458606,14.406429773292299,FOLLOWING,WALKING,0.5161021899131685
6.2,PID,-0.8480493942813836,1.8677280808252086,0.48320761247061367,1.789080657630013,1.339407831386084,0.519407831386084,0.11808944382341169,0.44390824111957944,0.21149838837395663,0.45,0.18893431056025348,0.4089052578436896,0.4789112243954693,4.193900080448098,4.911909993799685,4.193900080448098,4.911909993799685,0.3368571874347204,0.39599645793561766,3.088452281125593,3.6383665835842915,0.05305448943315365,6.779873354143038,14.74542344099945,FOLLOWING,WALKING,0.5175542444519864
6.25,PID,-0.8604583869781076,1.8616190275564846,0.46109225319211183,1.7927259306035925,1.3335781323947733,0.5135781323947733,0.1158560590853317,0.4539525060866476,0.21120315051514824,0.45,0.12171808667523057,0.41899838467639056,0.48890662749690467,4.297419330014262,5.014426948686202,4.297419330014262,5.014426948686202,0.10351924956616365,0.10251695488651702,1.3918121973512625,1.6456029165091424,0.000897914389416171,3.038313028249821,14.89733909241194,FOLLOWING,WALKING,0.518965352014509
6.3,PID,-0.8867070827438513,1.849358418250174,0.43927962538091325,1.7960882366689908,1.323345137650068,0.503345137650068,0.11221926698897633,0.4470577480855901,0.207436600939264,0.45,0.049914930729976395,0.41272699063014195,0.4813885055410383,4.233097339796328,4.937318005549111,4.233097339796328,4.937318005549111,-0.06432199021793394,-0.07710894313709105,1.1548651643597707,1.3678510085673423,0.011251011474585435,2.5339671844016984,15.024037451632024,FOLLOWING,WALKING,0.5203349203088453
6.35,PID,-0.9116521022717496,1.8372471139242423,0.4175339410716713,1.7992074406260081,1.3270563146940078,0.5070563146940078,0.11378442197237071,0.4447186320183804,0.20966413201248513,0.45,0.055262824962716554,0.4100192181703141,0.4794180458664467,4.205325314567324,4.917108162732786,4.205325314567324,4.917108162732786,-0.02777202522900346,-0.020209842816324652,0.838384090725831,1.001286365226527,0.006725280513567586,1.8463957364659256,15.11635723845532,FOLLOWING,WALKING,0.5216623744786084
6.4,PID,-0.9141575858283418,1.8353439669922653,0.3958055667575061,1.802090992489654,1.3297302563165112,0.5097302563165113,0.11483743725327411,0.44403770043612767,0.2114521125546921,0.45,0.05487034660993413,0.40904237580832614,0.4790330250639292,4.195306418546934,4.913159231424915,4.195306418546934,4.913159231424915,-0.010018896020389967,-0.003948931307871106,0.7242203307123147,0.8693021749813524,0.005444240585131419,1.5989667462787984,15.19630557576926,FOLLOWING,WALKING,0.5229471573442034
6.45,PID,-0.9328560756717904,1.8258021612001767,0.3749960270731381,1.8046366986200577,1.310385142408874,0.490385142408874,0.10749758217906225,0.42486281851939967,0.20172197109782575,0.45,-0.042319630837855664,0.3914778323027095,0.45824780473608984,4.0151572543867635,4.699977484472716,4.0151572543867635,4.699977484472716,-0.1801491641601709,-0.21318174695219927,1.8833771911130077,2.223915501586202,0.02826407971785249,4.135556772417063,15.403083414390112,FOLLOWING,WALKING,0.5241887296366947
6.5,PID,-0.9561489024733475,1.813712564344202,0.3547793020803686,1.8069039523369317,1.308023355854383,0.48802335585438306,0.10660572821846426,0.4125223068498361,0.1993506350055763,0.45,-0.04340117289328754,0.3795297767564132,0.445514836943259,3.892613094937571,4.569382943007785,3.892613094937571,4.569382943007785,-0.1225441594491925,-0.130594541464931,1.3950489281368046,1.6561467069028983,0.006807273923542655,3.0580029089632457,15.555983559838273,FOLLOWING,WALKING,0.5253865702241574
6.55,PID,-0.9793367377084724,1.8012977388359581,0.33470500170109785,1.8089542091921174,1.3109458854933316,0.4909458854933316,0.10762549406241328,0.40900217741923756,0.19990589674965897,0.45,-0.02099378444539054,0.375917751507169,0.4420866033313061,3.85556668212481,4.5342215726287805,3.85556668212481,4.5342215726287805,-0.037046412812761,-0.03516137037900435,0.8338182769450971,0.9990495767198616,0.0015984013950954624,1.8344662550600541,15.647706872591275,FOLLOWING,WALKING,0.5265401763304135
6.6,PID,-1.0197558993253297,1.779231693004309,0.31455621372657194,1.810807839137001,1.3140640450331345,0.4940640450331345,0.10862184033960975,0.4103139056846306,0.20096136151851235,0.45,-0.0026552498922719076,0.37705480035331684,0.4435730110159444,3.8672287215724803,4.549466779650712,3.8672287215724803,4.549466779650712,0.011662039447670303,0.015245207021931328,0.6992173858765953,0.8411929005891894,0.003054349972563798,1.5434646364383484,15.724880104413192,FOLLOWING,WALKING,0.5276490637460661
6.65,PID,-1.0533727957732295,1.7599689727114467,0.2934149614465837,1.812528832994523,1.3346856813653258,0.5146856813653259,0.11640402246322701,0.42988129581845214,0.21169639009301042,0.45,0.08866410494567033,0.39484554325805893,0.46491704837884534,4.049697879569835,4.768379983372773,4.049697879569835,4.768379983372773,0.18246915799735453,0.21891320372206113,1.92599004799868,2.288348742531821,0.03272496187343853,4.24706375240394,15.937233292033389,FOLLOWING,WALKING,0.5287127670317385
6.7,PID,-1.0908292987585395,1.7377516922190408,0.27121640162092875,1.8140909528725164,1.3478129699294896,0.5278129699294897,0.12115743038335403,0.45062011446119893,0.2197165136083695,0.45,0.12691807153994372,0.41425703145901377,0.4869831974633841,4.248790066246295,4.994699461162914,4.248790066246295,4.994699461162914,0.19909218667646034,0.22631947779014094,2.1058213849451617,2.4978688880453723,0.025375011516046132,4.62906528450658,16.168686556258717,FOLLOWING,WALKING,0.5297308397134362
6.75,PID,-1.1012535071019758,1.7305402874286857,0.24784521236748827,1.8154671938423577,1.3641833354206157,0.5441833354206157,0.12715335848646436,0.47380088318470615,0.22976078743099593,0.45,0.17102570396211086,0.43577547286487633,0.511826293504536,4.469492029383347,5.249500446200369,4.469492029383347,5.249500446200369,0.22070196313705193,0.2548009850374555,2.39670954057168,2.8395472850101693,0.03323203578229243,5.269488861364142,16.43216099932692,FOLLOWING,WALKING,0.5307028544699469
6.8,PID,-1.1184564821199618,1.7192353253377328,0.22457741494135103,1.8165733926537115,1.3517691867723367,0.5317691867723368,0.12254318121763497,0.4711134157199839,0.22558791310759663,0.45,0.07877779503801893,0.43377861610067664,0.5084482153392911,4.449011447186427,5.2148534906593955,4.449011447186427,5.2148534906593955,-0.02048058219692006,-0.034646955540973856,0.9184036560984878,1.1004579590256363,0.01355544014797333,2.0324170552720977,16.533781852090527,FOLLOWING,WALKING,0.5316284033122037
6.85,PID,-1.126876560078283,1.7131891107991677,0.20174294077067412,1.8174024455675544,1.3465566263638924,0.5265566263638924,0.12073169330254174,0.4625535615200004,0.2235348486427792,0.45,0.038511414332499716,0.4255585440696204,0.49954857897038035,4.36470301609867,5.123575168926978,4.36470301609867,5.123575168926978,-0.08430843108775665,-0.09127832173241757,1.3111344061907948,1.562424540924647,0.006608612943314407,2.8801675600587564,16.677790230093464,FOLLOWING,WALKING,0.5325070977545316
6.9,PID,-1.1381405072526818,1.7054061614499982,0.17983082555013546,1.8179609720664498,1.3327003403540048,0.5127003403540048,0.11548282536529086,0.4440195640160824,0.21621892447614222,0.45,-0.030928755264156064,0.40823533201528084,0.47980379601688394,4.187029046310572,4.921064574532143,4.187029046310572,4.921064574532143,-0.17767396978809824,-0.20251059439483488,1.9251451212853752,2.2843191627322392,0.022778514069973506,4.232242798087588,16.889402369997843,FOLLOWING,WALKING,0.533338568977709
6.95,PID,-1.1602442751508575,1.6904458618189078,0.15886146253423966,1.8182744043205958,1.322768694626139,0.502768694626139,0.11158592239652343,0.42502569406654,0.2098109193591015,0.45,-0.06782367030865122,0.3903019869126087,0.4597494012204713,4.003097301667782,4.7153784740561155,4.003097301667782,4.7153784740561155,-0.18393174464279038,-0.20568610047602753,1.8657734644942796,2.217907282096882,0.01936036000604364,4.103041106597205,17.0945544253277,FOLLOWING,WALKING,0.5341224679837742
7.0,PID,-1.1821824749991134,1.67517718035018,0.13824742403104662,1.8183675710441594,1.3252849065283474,0.5052849065283475,0.11250413045295016,0.41787571492201914,0.20972726130675715,0.45,-0.04183113047103092,0.3831658531757508,0.45258557666828747,3.929906186417957,4.6419033504439735,3.929906186417957,4.6419033504439735,-0.0731911152498248,-0.07347512361214203,1.0811357670016915,1.2968396842825012,0.00025265338854395226,2.3782281046727363,17.213465830561336,FOLLOWING,WALKING,0.5348584657425123
7.05,PID,-1.2039485841793316,1.6596029032312496,0.11765707018191165,1.8182440319111464,1.328171150959052,0.508171150959052,0.11343014656114825,0.4173885016911604,0.2103673155485508,0.45,-0.019928806272304225,0.3825727109678752,0.45220429241444554,3.9238226765935917,4.637992742712262,3.9238226765935917,4.637992742712262,-0.00608350982436523,-0.00391060773171148,0.65873519201972,0.7985046553309816,0.0019389094941829237,1.4591787568448844,17.28642476840358,FOLLOWING,WALKING,0.5355462533295606
7.1,PID,-1.2491749026737156,1.6267334790948043,0.09691956590980617,1.817901354744985,1.3310929769736002,0.5110929769736002,0.11435544997863811,0.4203509892647291,0.21143561650051618,0.45,-0.002688434428384871,0.38535839473389366,0.4553435837955645,3.952393792142499,4.670190603031431,3.952393792142499,4.670190603031431,0.028571115548907233,0.032197860319168825,0.8215974629584258,0.9909218008609186,0.0032526269335712344,1.815771890752916,17.377213362941227,FOLLOWING,WALKING,0.5361855420560757
7.15,PID,-1.2782447990618258,1.6044182812859573,0.07480647231313513,1.81728474969917,1.3596012191196933,0.5396012191196934,0.12539388603004742,0.44799531789702846,0.2267174446354467,0.45,0.1233392865886701,0.410473580809862,0.4855170549841949,4.209985444203713,4.979662102401999,4.209985444203713,4.979662102401999,0.2575916520612136,0.3094714993705683,2.553305860635702,3.043101933956399,0.049891061147177354,5.646298855739279,17.65952830572819,FOLLOWING,WALKING,0.5367760635899057
7.2,PID,-1.2965767672967703,1.5894919457330678,0.05161916635151337,1.8163687613716561,1.3696933512082592,0.5496933512082592,0.12902734200112853,0.46967761648440165,0.23383611168359503,0.45,0.1406100247288526,0.43097774000076666,0.5083774929680366,4.420284512828376,5.214128133005503,4.420284512828376,5.214128133005503,0.2102990686246633,0.23446603060350402,2.262459354176487,2.69361206188913,0.023970260489891655,4.9800416765555084,17.908530389555967,FOLLOWING,WALKING,0.5373175700682192
7.25,PID,-1.298399247395618,1.5871064154144363,0.028122213575171796,1.8151687865383992,1.367152283024855,0.5471522830248551,0.12801509131244204,0.4758992759465222,0.2343849941406048,0.45,0.09849511928152667,0.4371085594162521,0.5146899924767923,4.483164711961559,5.27887171771069,4.483164711961559,5.27887171771069,0.06288019913318355,0.06474358470518649,1.1812687779601103,1.4161321763288646,0.0018525572851696521,2.5992535115741444,18.038493065134674,FOLLOWING,WALKING,0.5378098342015419
7.3,PID,-1.3434404054957807,1.5504332036206256,0.005550239328942377,1.8137570769344293,1.3459835183013062,0.5259835183013063,0.1198141503253467,0.45787120489578925,0.22404486549337843,0.45,-0.016316371744024172,0.4207917796566351,0.4949506301349434,4.315813124683437,5.0764167193327525,4.315813124683437,5.0764167193327525,-0.16735158727812216,-0.20245499837793712,1.9525665257827725,2.3198467683406903,0.03335979934010976,4.305773093463572,18.25378171980785,FOLLOWING,WALKING,0.5382526493691583
7.35,PID,-1.3420591198246503,1.55046268472214,-0.01775856218150533,1.8120202329707404,1.374450880199655,0.5544508801996549,0.13112764669274757,0.47301755174011845,0.23870201552379677,0.45,0.11252962239239563,0.4335123681709301,0.5125227353093068,4.4462806991890265,5.256643439069813,4.4462806991890265,5.256643439069813,0.1304675745055892,0.1802267197370604,1.8089450215630591,2.1641954048149774,0.05038115405897592,4.023521580437013,18.4549577988297,FOLLOWING,WALKING,0.5386458297058373
7.4,PID,-1.3509597896921204,1.5422975187673844,-0.04028750243003485,1.8100854264555148,1.3498830756846179,0.5298830756846179,0.12141244054986622,0.4567288538005627,0.22684868338973502,0.45,-0.02032523440009476,0.41918539669956156,0.49427231090156387,4.299337402046785,5.069459598990399,4.299337402046785,5.069459598990399,-0.14694329714224175,-0.18718384007941413,1.8243827786987006,2.1746014004236587,0.038720344152861456,4.037704523275221,18.65684302499346,FOLLOWING,WALKING,0.538989210179847
7.45,PID,-1.371123245326832,1.524399893691096,-0.061816649660650834,1.8079971639464065,1.3377489331338723,0.5177489331338724,0.11661214600383119,0.43683164343987374,0.21933000956721369,0.45,-0.0692439100553544,0.40053252685649987,0.4731307600232476,4.1080259164769215,4.852623179725616,4.1080259164769215,4.852623179725616,-0.19131148556986322,-0.2168364192647827,1.9769649898035246,2.3569778473277245,0.023746619540539707,4.357689456671789,18.87472749782705,FOLLOWING,WALKING,0.5392826466622241
7.5,PID,-1.3910594758038766,1.5062295723219792,-0.08292019573603257,1.8057167328924077,1.3396683071384603,0.5196683071384604,0.1174107657522927,0.4286480433531464,0.21899308903604017,0.45,-0.04556500422298933,0.3924046871176817,0.46489139958861103,4.024663457617248,4.768116918857549,4.024663457617248,4.768116918857549,-0.08336245885967308,-0.0845062608680669,1.1764157578494339,1.4149976673041378,0.0010624790574914576,2.592475904211063,19.0043512930376,FOLLOWING,WALKING,0.5395260159872697
7.55,PID,-1.4149407849227666,1.4839653134355488,-0.10391411695967767,1.8032142967338392,1.3419839549722474,0.5219839549722475,0.11821421648631203,0.42714169465291035,0.21938858209126738,0.45,-0.025351852825268285,0.39083288431680563,0.4634505049890151,4.0085424032492885,4.753338512707847,4.0085424032492885,4.753338512707847,-0.016121054367959964,-0.01477840614970205,0.740717061439933,0.8995855499422704,0.0012494399128306687,1.641552051295034,19.086428895602353,FOLLOWING,WALKING,0.5397192160042467
7.6,PID,-1.4484463176144873,1.451959939027475,-0.12519764473355072,1.8004362680039976,1.3493371844899968,0.5293371844899969,0.12103936696077788,0.4336497000889875,0.2230103771093942,0.45,0.012579764674388285,0.39674148267738274,0.4705579175005923,4.069143412075721,4.826235051288126,4.069143412075721,4.826235051288126,0.06060100882643216,0.07289653858027911,1.0808149391835564,1.3038312781612187,0.01163084936839761,2.3962770667131728,19.20624274893801,FOLLOWING,WALKING,0.5398621656202558
7.65,PID,-1.4777755970750333,1.4227838594822613,-0.1474821606383198,1.7972635660873841,1.3683650105648395,0.5483650105648396,0.12852821223749356,0.45431370157240814,0.23370996429847976,0.45,0.09353465117533086,0.41563470248100975,0.4929927006638065,4.262920025446253,5.056335391423656,4.262920025446253,5.056335391423656,0.19377661337053276,0.2301003401355297,2.1080550642572544,2.5244772596150677,0.03600864201556321,4.668540965887885,19.439669797232405,FOLLOWING,WALKING,0.5399548048342733
7.7,PID,-1.4990774812530427,1.4005301649908293,-0.17079206035502373,1.7936576017265708,1.3819969890291581,0.5619969890291582,0.13374284867743658,0.4759671506422665,0.24253305392195446,0.45,0.13293773315976024,0.43582793021818306,0.51610637106635,4.470030053519826,5.29339867760359,4.470030053519826,5.29339867760359,0.20711002807357293,0.237063286179934,2.2871804662648865,2.734624035238146,0.03081442854828143,5.052618930051314,19.692300743734968,FOLLOWING,WALKING,0.5399970947623354
7.75,PID,-1.5107877109381076,1.3873864557825193,-0.19463640304903734,1.7896686860268614,1.3852405353889417,0.5652405353889417,0.13497693859240645,0.4876278361142255,0.24619258445713416,0.45,0.11796303584766055,0.4468829633865698,0.5283727088418813,4.583415009093024,5.419207270173141,4.583415009093024,5.419207270173141,0.11338495557319739,0.1258085925695509,1.6114909846212544,1.9325246520136241,0.012973669637121979,3.5569893062720004,19.870150209048568,FOLLOWING,WALKING,0.5399890176538594
7.8,PID,-1.5217057326912031,1.3749149397239295,-0.2182085789157119,1.7854291885266054,1.3762577004429337,0.5562577004429338,0.1315487823244319,0.4829331747474975,0.2428676295828564,0.45,0.05248669419874018,0.4427385820515347,0.5231277674434602,4.540908533861894,5.365412999420105,4.540908533861894,5.365412999420105,-0.04250647523112949,-0.05379427075303589,1.0865068900079007,1.31032958809404,0.01162834428651559,2.4084648223884564,19.99057345016799,FOLLOWING,WALKING,0.5399305768990944
7.85,PID,-1.5275754373795296,1.3677404387463963,-0.24108774526622567,1.7810329566727383,1.3666114218646177,0.5466114218646178,0.12787410138232946,0.4700546062278058,0.2379956169696921,0.45,-0.0015040042695732767,0.4306663316193218,0.5094428808362899,4.417090580710992,5.225055188064511,4.417090580710992,5.225055188064511,-0.12381795315090205,-0.1403578113555941,1.6351473665020961,1.9595749263544082,0.016697054127659976,3.6114193469841642,20.171144417517198,FOLLOWING,WALKING,0.5398217970276977
7.9,PID,-1.54172036554021,1.3516184018574067,-0.26286969532148324,1.7765877414311801,1.3512443477524378,0.5312443477524379,0.12171560434953621,0.4488078339612141,0.2289254792994844,0.45,-0.06878824942385878,0.4109206671371494,0.4866950007852788,4.214570944996404,4.991743597797731,4.214570944996404,4.991743597797731,-0.2025196357145882,-0.23331159026677994,2.122436326153789,2.5370931703969504,0.02989995283389044,4.68942944938463,20.40561588998643,FOLLOWING,WALKING,0.5396627236984395
7.95,PID,-1.5593737235854095,1.3312128229371831,-0.28394406691405866,1.7720372761520795,1.3476119531588668,0.5276119531588669,0.1202507153553638,0.4348929796916351,0.2254032879863895,0.45,-0.06963737076232235,0.3975887355298876,0.4721972238533826,4.077833184921924,4.843048449778283,4.077833184921924,4.843048449778283,-0.1367377600744799,-0.14869514801944828,1.5692408074767032,1.8859484899253711,0.011432354441597136,3.4666216518436714,20.57894697257861,FOLLOWING,WALKING,0.5394534236800377
8.0,PID,-1.5767495302222274,1.3105857120787612,-0.3047131035746538,1.7673094778002985,1.3494617473900519,0.5294617473900519,0.1209502696960385,0.43024807072869187,0.22519288714493402,0.45,-0.046178054577397265,0.3929786479062053,0.46751749355117844,4.030550234935439,4.795051215909522,4.030550234935439,4.795051215909522,-0.04728294998648508,-0.047997233868760425,0.9488248754910165,1.150789660312046,0.0006822831304092248,2.1002968189334714,20.683961813525283,FOLLOWING,WALKING,0.5391939848231331
8.05,PID,-1.593843557002459,1.2897428835092517,-0.32546219216699857,1.7623396965215872,1.35154477132398,0.5315447713239801,0.1216304251278113,0.43068679304406926,0.22555754635787537,0.45,-0.026853577261085622,0.3933570191218409,0.4680165669662976,4.034430965352215,4.800169917603053,4.034430965352215,4.800169917603053,0.003880730416775613,0.0051187016935303475,0.676834418918583,0.827352317642566,0.0011844235775209655,1.50537116013867,20.759230371532215,FOLLOWING,WALKING,0.5388845160234155
8.1,PID,-1.6397012922969496,1.2331031293788755,-0.346292293967559,1.7571005607784234,1.3535653047900131,0.5335653047900132,0.1223053131099685,0.4335951338821551,0.22627238782468254,0.45,-0.012055443013101394,0.3961470536971701,0.47104321406714006,4.06304670458636,4.831212451970667,4.06304670458636,4.831212451970667,0.028615739234145288,0.031042534367614394,0.8437575242534913,1.025546627866276,0.0023291839527920274,1.8716333360725592,20.85281203833584,FOLLOWING,WALKING,0.5385251471759157
8.15,PID,-1.6493760534581292,1.219489480611836,-0.3689782862297611,1.7510944088831892,1.3955214599112267,0.5755214599112267,0.13924997348308743,0.4735393642154805,0.2496529957110905,0.45,0.17520383698311784,0.432221793425295,0.514856935005666,4.43304403513123,5.280583948776061,4.43304403513123,5.280583948776061,0.3699973305448703,0.44937149680539434,3.5717083211242384,4.281425170143397,0.08405335872558742,7.937186849993223,21.249671380835508,FOLLOWING,WALKING,0.5381160291204846
8.2,PID,-1.6620042674913855,1.2019202466435395,-0.3920687727279674,1.7446743330492762,1.3863701677711409,0.5663701677711409,0.13537840609470297,0.48354902523326004,0.24749401480816846,0.45,0.09639330743045493,0.44258876578250816,0.5245092846840119,4.539371956743674,5.379582407015507,4.539371956743674,5.379582407015507,0.10632792161244353,0.09899845823944542,1.4742366387659824,1.774228862961053,0.007694421862440018,3.2561599235894754,21.412479377014986,FOLLOWING,WALKING,0.5376573335784801
8.25,PID,-1.6696507876756825,1.190613739472718,-0.4149888962337977,1.737997764915205,1.3810568993238959,0.5610568993238959,0.1333655872950632,0.4817753604561815,0.2458987394514784,0.45,0.05180839862787717,0.44107911907696185,0.5224716018354012,4.523888400789352,5.358683095747704,4.523888400789352,5.358683095747704,-0.015483555954321382,-0.020899311267802645,0.8693880363574422,1.0566569134313482,0.0056487772697485115,1.9316937270585388,21.509064063367916,FOLLOWING,WALKING,0.5371492530806894
8.3,PID,-1.6961728849867652,1.1535274173728736,-0.437175972452981,1.7312401593123194,1.3688702397035846,0.5488702397035846,0.12856338212247476,0.46843697103887494,0.2396027351310617,0.45,-0.013210751399624722,0.42878271837468424,0.5080912237030657,4.397771470509582,5.211192037980161,4.397771470509582,5.211192037980161,-0.12611693027977022,-0.14749105776754323,1.6600178632258307,1.9924914171336314,0.021722973920190694,3.674232254279653,21.6927756760819,FOLLOWING,WALKING,0.536592000886517
8.35,PID,-1.6952686317761387,1.1534846108290495,-0.45962271393918597,1.7240951713068082,1.3852166754586785,0.5652166754586786,0.13538314927348205,0.475383974720113,0.24830982251765846,0.45,0.06161993123070521,0.43428869909344053,0.5164792503467854,4.454243067625031,5.29722308047985,4.454243067625031,5.29722308047985,0.0564715971154488,0.08603104249968929,1.2248517231318907,1.4834516214896645,0.031133596660006355,2.7394369412815616,21.82974752314598,FOLLOWING,WALKING,0.535985810894473
8.4,PID,-1.7052913559474272,1.1383125146865398,-0.4810911884986008,1.716983972981819,1.3610353580990713,0.5410353580990713,0.12538094200398575,0.4562543911140067,0.2353663779410668,0.45,-0.05833425002232041,0.4173012555647601,0.49520752666325324,4.280012877587283,5.079051555520546,4.280012877587283,5.079051555520546,-0.17423019003774787,-0.21817152495930436,2.0112946966322953,2.4111348998571893,0.04386890402025525,4.4662985005097395,22.05306244817147,FOLLOWING,WALKING,0.535330937543996
8.45,PID,-1.7199988920240312,1.1159649641440872,-0.5017151992975283,1.7098876380811696,1.3540778067110177,0.5340778067110178,0.12256514918487893,0.4403651548139211,0.23011592975722206,0.45,-0.07611394112484506,0.40228096843910083,0.47844934118874133,4.125958650657444,4.907172730140936,4.125958650657444,4.907172730140936,-0.15405422692983883,-0.17187882537960952,1.720004230018101,2.068673258446604,0.01739824942273246,3.8060757378874372,22.243366235065846,FOLLOWING,WALKING,0.5346276557086574
8.5,PID,-1.7343941868376274,1.0934581813790845,-0.5219925143027953,1.7026539653118917,1.3553447157752518,0.5353447157752519,0.1231089142567412,0.4342100987129006,0.22951816405031356,0.45,-0.053794474194749184,0.39622484256257373,0.4721953548632275,4.06384453910332,4.843029280648487,4.06384453910332,4.843029280648487,-0.062114111554124385,-0.0641434494924491,1.0562034864230525,1.2813572609588542,0.0019756524611790104,2.3395363998430856,22.360343055058003,FOLLOWING,WALKING,0.5338762605807863
8.55,PID,-1.7562989825330981,1.0585084805451603,-0.5421202368086264,1.6952108564705088,1.3568483035058732,0.5368483035058732,0.12368528202898021,0.4334426525444934,0.22960688250586647,0.45,-0.03534390385717068,0.39544271348977245,0.4714425915992143,4.055822702459205,4.8353086317868135,4.055822702459205,4.8353086317868135,-0.008021836644115155,-0.0077206488616736735,0.7023923498716089,0.8599990093669128,0.00029333329920345764,1.5626846925377251,22.43847728968489,FOLLOWING,WALKING,0.5330770675475673
8.6,PID,-1.7777341518719703,1.022939886008406,-0.5627926235007414,1.6872875861622358,1.3709923202111802,0.5509923202111803,0.12954740233633633,0.4468288229247156,0.23738096422911673,0.45,0.03466542849475711,0.40754227334479676,0.48611537250463444,4.179920752254326,4.985798692355225,4.179920752254326,4.985798692355225,0.12409804979512096,0.1504900605684112,1.5755356084959906,1.9034024812413368,0.026574033822639436,3.5055121235599667,22.61375289586289,FOLLOWING,WALKING,0.5322304120586608
8.65,PID,-1.7997778726706033,0.984938234608169,-0.5842563039207535,1.678761613971289,1.3847168606111144,0.5647168606111145,0.13510298105090346,0.466055186412949,0.24596035489246165,0.45,0.0874270119856202,0.4253487476782466,0.5067616251476514,4.362551258238426,5.197555129719502,4.362551258238426,5.197555129719502,0.18263050598410047,0.21175643736427752,2.0590344569350023,2.479178980316675,0.030386735601369983,4.568600172853047,22.842182904505545,FOLLOWING,WALKING,0.5313366494854034
8.7,PID,-1.807560010397019,0.9698164070395994,-0.6066249716936328,1.66954479747903,1.3996012167210186,0.5796012167210186,0.14108098106957812,0.48814629075847665,0.25580205893891667,0.45,0.133684236232361,0.44581105000408594,0.5304815315128674,4.5724210256829325,5.440836220644793,4.5724210256829325,5.440836220644793,0.20986976744450647,0.24328109092529093,2.3745733141872085,2.8539126096915686,0.03625240548312899,5.264738329361906,23.105419820973644,FOLLOWING,WALKING,0.5303961549716456
8.75,PID,-1.8174943754072173,0.9507002669461395,-0.628882098624847,1.660047038977811,1.3899153886379054,0.5699153886379055,0.13718395688218887,0.48839960365709506,0.2525032679762407,0.45,0.061656060695544405,0.44661031280702723,0.5301888945071629,4.580618592892587,5.437834815458081,4.580618592892587,5.437834815458081,0.008197567209654366,-0.0030014051867119917,0.7698136433180109,0.9418448453289541,0.01199455917762477,1.7236530478245897,23.191602473364874,FOLLOWING,WALKING,0.5294093232762909
8.8,PID,-1.8223775823318444,0.9403410648133579,-0.6507317620227486,1.650400145015866,1.3841863991202639,0.5641863991202639,0.1350443868938127,0.4816746951638711,0.25006548229460507,0.45,0.022884173464902135,0.440288857844114,0.5230605324836283,4.515783157375528,5.364723410088495,4.515783157375528,5.364723410088495,-0.06483543551705928,-0.07311140536958582,1.2273070622603501,1.4853594349435293,0.008778327151810778,2.7214448243556904,23.32767471458266,FOLLOWING,WALKING,0.528376568607601
8.85,PID,-1.8262317342997767,0.9320148294943802,-0.6716683703281989,1.6408500624782203,1.3700138049033688,0.5500138049033688,0.12933695943352408,0.46447767236423343,0.24209588578298608,0.45,-0.04450975925171387,0.42441080326714925,0.5045445414613177,4.352931315560505,5.174815809859668,4.352931315560505,5.174815809859668,-0.16285184181502288,-0.18990760022882736,1.9121325637345383,2.298684227227265,0.027783453986112504,4.238600244947916,23.53960472683006,FOLLOWING,WALKING,0.5272983244493387
8.9,PID,-1.8380545932510057,0.9084763629230476,-0.6914689443647424,1.6315318012159665,1.3547929542718404,0.5347929542718405,0.12300010239982662,0.44205112619004516,0.2322220187440969,0.45,-0.10168935499506056,0.40361838208789713,0.4804838702921932,4.1396757137220215,4.9280396953045456,4.1396757137220215,4.9280396953045456,-0.21325560183848324,-0.24677611455512238,2.161428661648203,2.596363830845021,0.03301818244677519,4.790810674939999,23.779145260577064,FOLLOWING,WALKING,0.5261750433788185
8.95,PID,-1.8495493553718063,0.8848396305572807,-0.7107404466257166,1.6221894584956225,1.3555323002705981,0.5355323002705982,0.12338876476479843,0.43226592910470996,0.23088964108599092,0.45,-0.07606457450161344,0.39405369350497843,0.4704781647044415,4.041576343640804,4.825417073891708,4.041576343640804,4.825417073891708,-0.09809937008121761,-0.10262262141283784,1.2859035607256528,1.557991388594901,0.004429903669503537,2.8483248529900576,23.92156150322657,FOLLOWING,WALKING,0.5250071968769444
9.0,PID,-1.8607151820176144,0.8611114917187931,-0.7297738063776087,1.612684704406027,1.3566762691962155,0.5366762691962156,0.12379377685607729,0.4296647195639773,0.2304003872635102,0.45,-0.054296904838541944,0.39153345547186635,0.4677959836560882,4.0157277484293985,4.797907524677828,4.0157277484293985,4.797907524677828,-0.025848595211405367,-0.027509549213879936,0.8129492461394049,0.9938117138181174,0.0016232294904438005,1.808384189447966,24.01198071269897,FOLLOWING,WALKING,0.5237952751303128
9.05,PID,-1.8791928340376518,0.8209864053913126,-0.7487510496819267,1.6029325996409667,1.3578993663609682,0.5378993663609682,0.1242107696692698,0.4308258755759666,0.23042307731380898,0.45,-0.036969958249151086,0.3926908562805312,0.46896089487140197,4.027598525954166,4.809855332014379,4.027598525954166,4.809855332014379,0.011870777524767284,0.011947807336551541,0.7223324306332065,0.8852020685165927,7.52876814852148e-05,1.6076097868312842,24.092361202040536,FOLLOWING,WALKING,0.5225397868254631
9.1,PID,-1.899176518951882,0.77561919466708,-0.7683537684120322,1.5925584463132858,1.3745320943938972,0.5545320943938973,0.131290288847842,0.4476584132050465,0.23993955240997475,0.45,0.04434743591054886,0.4079484172811957,0.48736840912889734,4.184086331089186,4.998650350039973,4.184086331089186,4.998650350039973,0.15648780513502025,0.1887950180255933,1.8091904237102416,2.1858365738835186,0.032880654361363004,4.027907651955124,24.293756584638295,FOLLOWING,WALKING,0.5212412589353645
9.15,PID,-1.9065479256075708,0.7567502668684746,-0.7889941060057277,1.5813016154096682,1.395044742658376,0.5750447426583761,0.13976404220435867,0.47472448162704894,0.2528123248253811,0.45,0.12484665237393378,0.43288404186844837,0.5165649213856495,4.439836326855881,5.298101757801533,4.439836326855881,5.298101757801533,0.25574999576669466,0.29945140776156,2.657527939112139,3.1985381319499933,0.046863295506530823,5.902929366568663,24.58890305296673,FOLLOWING,WALKING,0.5199002364982268
9.2,PID,-1.9092998987540106,0.7483418436572067,-0.8097840863666329,1.5696262267193566,1.3888165703532522,0.5688165703532523,0.13714026875539442,0.4812962001440542,0.2514919787668834,0.45,0.06997643070912381,0.439674277658135,0.5229181226299734,4.509479770852667,5.363262796204855,4.509479770852667,5.363262796204855,0.06964344399678613,0.0651610384033221,1.2143100082133447,1.471690565654116,0.004781612777884296,2.690782186645345,24.723442162299,FOLLOWING,WALKING,0.5185172823887279
9.25,PID,-1.92424762971408,0.7103228055651839,-0.8298932944299386,1.5580074325237674,1.372385900376294,0.552385900376294,0.1304344964659534,0.4685443621920741,0.24312502037969325,0.45,-0.017713331945498928,0.4283071713192349,0.5087815530649133,4.3928940648126655,5.218272339127316,4.3928940648126655,5.218272339127316,-0.11658570604000129,-0.14499045707753844,1.616596250420001,1.9461798579333596,0.029292723768983342,3.5920688321223437,24.90304560390512,FOLLOWING,WALKING,0.517092977081756
9.3,PID,-1.929036667759024,0.6962118432387548,-0.8499919385466239,1.5460591487706767,1.3842617664073178,0.5642617664073178,0.13577723517059104,0.4719438046025257,0.24976951902502145,0.45,0.03843741161901508,0.43060694920388465,0.5132806600011668,4.416481530296252,5.2644170256529925,4.416481530296252,5.2644170256529925,0.02358746548358681,0.04614468652567627,0.9614124652143344,1.1727806709935107,0.02389814252360653,2.158091278731452,25.010950167841695,FOLLOWING,WALKING,0.5156279184087634
9.35,PID,-1.9305796884140674,0.6905315524666633,-0.8695608736447882,1.5340967290674195,1.3735275644707425,0.5535275644707426,0.13133838101074335,0.4633136496146661,0.2442112467006604,0.45,-0.01724930745809871,0.4228966882857068,0.5037306109436254,4.337401931135454,5.166467804550003,4.337401931135454,5.166467804550003,-0.07907959916079843,-0.09794922110298909,1.3071282506933912,1.582677278128272,0.01954645363920914,2.9093519824608722,25.15641776696474,FOLLOWING,WALKING,0.5141227213068357
9.4,PID,-1.9381592178306093,0.6688145005150902,-0.888137706128315,1.5224424844409297,1.3554936858827011,0.5354936858827012,0.12369756255529607,0.4427464393846389,0.233172820499829,0.45,-0.09280352560469801,0.4041563375919172,0.48133654117736063,4.145193206070946,4.936785037716519,4.145193206070946,4.936785037716519,-0.19220872506450792,-0.2296827668334842,2.040455412495986,2.453560959275181,0.037063597984229354,4.531079969755396,25.382971765452513,FOLLOWING,WALKING,0.5125780175605804
9.45,PID,-1.9463565942021115,0.6445696222806081,-0.9060994261323219,1.5108875726263211,1.3532279593545447,0.5332279593545447,0.12289574424223426,0.43115804821838,0.23033337931879116,0.45,-0.08235594669555285,0.39303787394112005,0.46927822249563994,4.031157681447385,4.813109974314256,4.031157681447385,4.813109974314256,-0.11403552462356092,-0.12367506340226342,1.3992760603871475,1.6932853125771605,0.009417860389517353,3.1019792333538256,25.538070727120207,FOLLOWING,WALKING,0.5109944555369449
9.5,PID,-1.9543994921827972,0.6197867545943974,-0.9237452380943745,1.4992472385374966,1.3537509988220788,0.5337509988220789,0.12320064704828715,0.4271105226452886,0.22956364420288103,0.45,-0.06193626476538087,0.3891177395297118,0.4651033057608654,3.9909511746637105,4.770290315496055,3.9909511746637105,4.770290315496055,-0.040206506783674545,-0.0428196588182006,0.9002000432917454,1.0982940377223147,0.0025445260552212773,2.0010386070692814,25.638122657473673,FOLLOWING,WALKING,0.5093726999130738
9.55,PID,-1.9686673691329581,0.5746553842222095,-0.9412793896107126,1.4873872224798903,1.354879675206619,0.534879675206619,0.12371046942551933,0.42752672881914755,0.22961022021804153,0.45,-0.043344110425020385,0.3895262373730617,0.4655272202652334,3.995140896133966,4.774638156566496,3.995140896133966,4.774638156566496,0.004189721470255314,0.00434784107044095,0.6678539691063871,0.8204907505518457,0.00015399833900950216,1.4884987179972422,25.712547593373536,FOLLOWING,WALKING,0.5077134313973203
9.6,PID,-1.9793615074622142,0.5381821228323426,-0.959454937478208,1.4747742599702212,1.3742654288877558,0.5542654288877559,0.13218763322612315,0.4465944657397103,0.24101036555054256,0.45,0.0514889100654849,0.4067072502410955,0.4864816812383251,4.1713564127291844,4.9895557050084625,4.1713564127291844,4.9895557050084625,0.1762155165952186,0.2149175484419663,1.9533642667312598,2.3610056284306267,0.039564765992380964,4.353934661154268,25.930244326431254,FOLLOWING,WALKING,0.5060173464435287
9.65,PID,-1.9890975312067611,0.502751728562351,-0.9782501047955339,1.4613825191681344,1.3847072769524393,0.5647072769524394,0.13660116551686574,0.4656900396758311,0.24851574247888153,0.45,0.08610548133568502,0.4245606842955762,0.506819395056086,4.354468556877705,5.198147641600881,4.354468556877705,5.198147641600881,0.18311214414852017,0.20859193659241893,2.045846276151285,2.468542779543113,0.026858942206991993,4.54124799790139,26.157306726326325,FOLLOWING,WALKING,0.5042851569587083
9.7,PID,-1.9918612844095593,0.4898250648671396,-0.99753499624384,1.447270082885751,1.3931207816193365,0.5731207816193366,0.14022229967178523,0.4819113097119354,0.2551914731035985,0.45,0.10418169597618132,0.43967712091328987,0.524145498510581,4.509508932443999,5.375851266775189,4.509508932443999,5.375851266775189,0.15504037556629413,0.17770362517430804,1.9143620098095158,2.310082794445249,0.024531689263166078,4.248976493517931,26.369755551002225,FOLLOWING,WALKING,0.5025175900042202
9.75,PID,-1.9956541653605302,0.47303111051824637,-1.0164341919261792,1.43307230121045,1.3803571022985597,0.5603571022985597,0.13507279754885237,0.4769414794695492,0.2497730726896328,0.45,0.025101533850004208,0.43560403593941494,0.5182789229996834,4.467733701942717,5.315681261535214,4.467733701942717,5.315681261535214,-0.04177523050128151,-0.06017000523997584,1.086814405304363,1.3201294096549767,0.019488535494609244,2.4264323504539487,26.491077168524924,FOLLOWING,WALKING,0.5007153874906047
9.8,PID,-1.9970764310518712,0.4650340406915265,-1.0346976836138695,1.4189977746068099,1.3713317775791807,0.5513317775791807,0.13158497884122822,0.4652646509476228,0.24500452398340908,0.45,-0.02013223236226376,0.4247164022283686,0.505812899666877,4.356065663880703,5.18782461196797,4.356065663880703,5.18782461196797,-0.11166803806201386,-0.12785664956724396,1.526746010407524,1.8441571362029547,0.016823750484384423,3.387726897094863,26.66046351337967,FOLLOWING,WALKING,0.4988793058661743
9.85,PID,-2.0002550943566804,0.4502816310501207,-1.0519860920087587,1.4053482327685525,1.3550718280393577,0.5350718280393577,0.12483484168977821,0.4445178820200683,0.23506040946355325,0.45,-0.08724691921778599,0.40561538425385024,0.4834203797862864,4.160157787218977,4.958157741397809,4.160157787218977,4.958157741397809,-0.19590787666172638,-0.22966687057016077,2.0602124421877397,2.4791413016912345,0.033659533883372304,4.573013277762347,26.889114177267793,FOLLOWING,WALKING,0.49701011579950594
9.9,PID,-2.005556547584508,0.4260480303931931,-1.0684148453428306,1.3920694576573944,1.3458700957120326,0.5258700957120327,0.12104460320942945,0.4265322611717456,0.22818349942568647,0.45,-0.1085402192301026,0.38876789201679446,0.4642966303266967,3.9873629950440455,4.762016721299453,3.9873629950440455,4.762016721299453,-0.17279479217493154,-0.19614102009835577,1.7933876948785719,2.1639355224255903,0.022596442526535112,3.979919659830697,27.08811016025933,FOLLOWING,WALKING,0.49510860185596417
9.95,PID,-2.010545625891365,0.40184608492569296,-1.0843990839961062,1.3788484729338872,1.3458944862113051,0.5258944862113052,0.12123594595673914,0.4189826037873847,0.22674715902167702,0.45,-0.08455405280268104,0.3814559489692972,0.45650925860547226,3.9123687073774067,4.682146242107407,3.9123687073774067,4.682146242107407,-0.07499428766663874,-0.0798704791920457,1.101055286092637,1.3393185243604206,0.0046898799263594615,2.445063690379417,27.2103633447783,FOLLOWING,WALKING,0.49317556216839087
10.0,PID,-2.0152247130959746,0.37768153977690755,-1.100166219914263,1.365504972370512,1.3462098956842727,0.5262098956842728,0.12143638933206802,0.41724132757036214,0.226039507278947,0.45,-0.0645643595050338,0.3798317891156964,0.45465086602502786,3.8957106575968865,4.663085805384901,3.8957106575968865,4.663085805384901,-0.016658049780520212,-0.01906043672250668,0.7319535639695465,0.8976034299149166,0.002303384418025626,1.6318603783024888,27.291956363693426,FOLLOWING,WALKING,0.49121180810210097
10.05,PID,-2.0266683349525874,0.31692968796945065,-1.1158278458857211,1.3519421959390925,1.3465241104135477,0.5265241104135477,0.1216340915202081,0.4184189783048207,0.22575946149273185,0.45,-0.048977655605116584,0.3810557874277736,0.45578216918186787,3.908264486438703,4.674688914685824,3.908264486438703,4.674688914685824,0.01255382884181655,0.011603109300923009,0.6991691437837414,0.8577754495870078,0.0009104109968050734,1.557855004367554,27.369849113911805,FOLLOWING,WALKING,0.48921816391432343
10.1,PID,-2.0302498372767217,0.2930439542004193,-1.1324893611331126,1.3371558038021987,1.3787245149692438,0.5587245149692438,0.13584874019219617,0.44966419191141693,0.24508111978793679,0.45,0.10347920867306973,0.4091032665865134,0.49022511723632045,4.195930939348855,5.027949920372517,4.195930939348855,5.027949920372517,0.28766645291015225,0.3532610056866936,2.78749521893036,3.3653329495970943,0.06818938057654036,6.221017549103995,27.68089999136701,FOLLOWING,WALKING,0.4871954664082312
10.15,PID,-2.033359113251749,0.2702714849925902,-1.1494730940142546,1.321704209438757,1.3770052385537424,0.5570052385537424,0.1350925796568454,0.46340639686911167,0.2465332380762032,0.45,0.07314896653678832,0.42260514596750004,0.5042076477707234,4.33441175351282,5.171360489956137,4.33441175351282,5.171360489956137,0.13848081416396507,0.14341056958361964,1.6626118336386382,2.0096211208703747,0.0051551341009342146,3.677388088609947,27.86476939579751,FOLLOWING,WALKING,0.4851445645817053
10.2,PID,-2.0320955818253155,0.2738203690516707,-1.1663708168684097,1.3059478919771101,1.373595744402185,0.553595744402185,0.13389698910509873,0.46621153216240546,0.24623853683037714,0.45,0.04205441963184234,0.42545905431697806,0.5069640100078329,4.363682608379262,5.1996308718752084,4.363682608379262,5.1996308718752084,0.029270854866441987,0.028270381919071497,0.9068156159879289,1.1066135163224577,0.0010449619714698885,2.0144740942818564,27.965493100511605,FOLLOWING,WALKING,0.48306631927098065
10.25,PID,-2.0402926947246787,0.21446027323829045,-1.182259343917342,1.2907832197859646,1.3471327300009799,0.5271327300009799,0.122685212314527,0.44325396073782375,0.23135464206501025,0.45,-0.0836348160524634,0.4049647674760646,0.4815431539995829,4.153484794626303,4.938904143585465,4.153484794626303,4.938904143585465,-0.2101978137529592,-0.2607267282897432,2.204465539773815,2.6446021835105675,0.0495857973020355,4.898653520586418,28.21042577654093,FOLLOWING,WALKING,0.48096160278932204
10.3,PID,-2.038516706887951,0.2218701308093285,-1.1984364767134352,1.2749613404716782,1.3764782295273446,0.5564782295273446,0.13603822355578776,0.45815879092803946,0.2480269978646961,0.45,0.06388504139508126,0.41711032278143223,0.4992072590746467,4.278054592630074,5.120074452047658,4.278054592630074,5.120074452047658,0.12456979800377077,0.1811703084621925,1.7195631162002765,2.083880042399609,0.05954679873112429,3.86298995733101,28.403575274407483,FOLLOWING,WALKING,0.47883129856088336
10.35,PID,-2.0395240625651003,0.21003711095651031,-1.213751423449604,1.2596084818495725,1.3471213341782462,0.5271213341782462,0.12330348652119882,0.43898608471855793,0.23191054704236777,0.45,-0.07934000724786755,0.40060488918304604,0.4773672802540698,4.108768094185088,4.896074669272511,4.108768094185088,4.896074669272511,-0.16928649844498622,-0.22399978277514698,1.9294508710211,2.3222932073827622,0.05382107894286036,4.305565157346723,28.618853532274823,FOLLOWING,WALKING,0.47667630074990375
10.4,PID,-2.041823170097132,0.18636558645712403,-1.228216760950981,1.2448027737572598,1.3354776351965292,0.5154776351965292,0.11844329906509765,0.41954917201146746,0.2236838495616881,0.45,-0.11311748117289086,0.38252949490900806,0.45656884911392687,3.9233794349641853,4.6827574268095065,3.9233794349641853,4.6827574268095065,-0.18538865922090242,-0.21331724246300432,1.8547054760883697,2.2350233541952003,0.026498582807872942,4.116227413091443,28.8246649029294,FOLLOWING,WALKING,0.4744975138853945
10.45,PID,-2.043838852850045,0.1627781721903189,-1.2422104429396863,1.2301524303510525,1.3350073664454127,0.5150073664454128,0.11853010324922852,0.41082661363610723,0.2219781408192857,0.45,-0.09030081781976719,0.3740892313305154,0.44756399594169904,3.836812629030927,4.5903999583764,3.836812629030927,4.5903999583764,-0.08656680593325827,-0.09235746843310633,1.1504492118136809,1.3971642334018504,0.005452272798014578,2.5530657180135456,28.952318188830077,FOLLOWING,WALKING,0.4722958524814762
10.5,PID,-2.0463802621349383,0.12986697959690252,-1.255999506252495,1.2153910182398375,1.334876741335913,0.5148767413359131,0.11863476558081487,0.4081573759137189,0.22104359491358969,0.45,-0.07100938838121701,0.37157466095551983,0.444740090871918,3.8110221636463573,4.56143682945557,3.8110221636463573,4.56143682945557,-0.02579046538456975,-0.028963128920830528,0.7709983467100576,0.9433506724056294,0.0029746855671382573,1.7173237046828254,29.03818437406422,FOLLOWING,WALKING,0.4700722406535253
10.55,PID,-2.049021134255609,0.08905015678963868,-1.2698965181111945,1.200178442740026,1.3427822525417035,0.5227822525417035,0.12240297943853706,0.41582701722506105,0.22561601860161348,0.45,-0.02060307363187193,0.37848756614649404,0.45316646830362806,3.8819237553486565,4.647861213370544,3.8819237553486565,4.647861213370544,0.07090159170229926,0.08642438391497453,1.0992711239282962,1.3375267427033222,0.014855213201063333,2.4516530798326817,29.160767028055854,FOLLOWING,WALKING,0.4678276117302895
10.6,PID,-2.0508790978573157,0.05012621487304923,-1.2841993191435364,1.184144082537985,1.357070829146816,0.5370708291468161,0.12891905251963776,0.4338833004494549,0.23493999679740454,0.45,0.04679933962963455,0.3950007309794844,0.4727658699194254,4.051289548507532,4.848880717122311,4.051289548507532,4.848880717122311,0.1693657931588759,0.20101950375176703,1.8282991423536876,2.211447166745653,0.03154428586739794,4.071290594966738,29.364331557804196,FOLLOWING,WALKING,0.4655629078621367
10.65,PID,-2.0512188818111308,0.028772526836102874,-1.298957459868883,1.1671903322884802,1.3688661027551006,0.5488661027551006,0.13421769882568357,0.45374612250908614,0.24367622884531798,0.45,0.0884026887875659,0.413417706635186,0.49407453838298626,4.240181606514728,5.067431162902423,4.240181606514728,5.067431162902423,0.18889205800719555,0.21855044578011196,2.041580616253859,2.4650404208964765,0.03065489394844499,4.5372759310987805,29.591195354359137,FOLLOWING,WALKING,0.46327907962560144
10.7,PID,-2.0511118718717123,0.01317734452550684,-1.313680435055081,1.1498556835359062,1.3645117612954383,0.5445117612954383,0.13259094199890376,0.45884648336746325,0.2432819100172405,0.45,0.04979499483178759,0.41858332725960995,0.49910963947531656,4.293162330867794,5.119073225387862,4.293162330867794,5.119073225387862,0.05298072435306622,0.05164206248543923,1.0488669079820307,1.2760134388078068,0.001381401182166422,2.326261747972004,29.70750844175774,FOLLOWING,WALKING,0.46097708562439366
10.75,PID,-2.0507759669769983,0.002503950738914386,-1.3279697796796464,1.1326205863335566,1.3549327549295138,0.5349327549295139,0.12885195594566223,0.4518620351646783,0.23892664233605976,0.45,-0.0033075320412726955,0.41231967585806045,0.4914043944712962,4.228919752390364,5.040045071500473,4.228919752390364,5.040045071500473,-0.06424257847743053,-0.07902815388738915,1.159721313972472,1.4066895872642782,0.014984488562965314,2.5813953897997157,29.836578211247726,FOLLOWING,WALKING,0.45865789208703905
10.8,PID,-2.0503527999055224,-0.0020034300646419936,-1.3415505731434862,1.1158500851910038,1.3414963266603035,0.5214963266603035,0.12338635929053998,0.4359124531714493,0.23116390941735715,0.45,-0.06170015937671727,0.3976548261628767,0.4741700801800219,4.078511037567965,4.86328287364125,4.078511037567965,4.86328287364125,-0.15040871482239826,-0.1767621978592233,1.7030229323859218,2.053611638579923,0.025840277125201164,3.7824748480910455,30.02570195365228,FOLLOWING,WALKING,0.45632247246131896
10.85,PID,-2.0501886649977905,-0.022370240847743635,-1.3542093600184273,1.0998603805326963,1.3236302649275686,0.5036302649275687,0.11574444865499167,0.41238431260973296,0.21945841484835713,0.45,-0.12673679593787174,0.37606394495232986,0.44870468026713606,3.8570661020751777,4.602099284791139,3.8570661020751777,4.602099284791139,-0.22144493549278765,-0.26118358885011084,2.0756853603381797,2.4971982793605667,0.03699171767705417,4.609875357375801,30.256195721521074,FOLLOWING,WALKING,0.4539718070056792
10.9,PID,-2.049816598490403,-0.04501002459722394,-1.3663026750285527,1.0842377849528264,1.3205259408748795,0.5005259408748796,0.1147475567803582,0.3992812796542246,0.21595023012671388,0.45,-0.11251372666337191,0.36354151656825345,0.43502104274019576,3.7286309391615737,4.461754284514829,3.7286309391615737,4.461754284514829,-0.12843516291360402,-0.14034500027631047,1.3783511732061176,1.6689886524037043,0.010909343490708516,3.0582491691005305,30.4091081799761,FOLLOWING,WALKING,0.45160688237778096
10.95,PID,-2.049198442892044,-0.06752578329668954,-1.3780698779198317,1.0686977950203471,1.3199969314130238,0.4999969314130238,0.11477979491661428,0.39429102051472364,0.21452781872152676,0.45,-0.09008834842959533,0.35878666651631097,0.4297953745131363,3.679863246321138,4.408157687314218,3.679863246321138,4.408157687314218,-0.04876769284043592,-0.053596597200610496,0.8789720370754094,1.0721950482993543,0.004394114151543503,1.9555611995263071,30.50688623995242,FOLLOWING,WALKING,0.44922869122036607
11.0,PID,-2.0481552819022304,-0.09682632918514703,-1.3896614152359121,1.0530490055230453,1.3196278151983734,0.4996278151983734,0.11481904750149896,0.3936444295664633,0.2137079080383515,0.45,-0.07189302311954615,0.3582757707861161,0.42901308834681046,3.6746232901140115,4.4001342394544665,3.6746232901140115,4.4001342394544665,-0.005239956207126362,-0.00802344785975162,0.6208267656573175,0.7625557482725458,0.002523188115067403,1.3859057020449306,30.576181525054665,FOLLOWING,WALKING,0.4468382317446093
11.05,PID,-2.0455961295324228,-0.15618891872340346,-1.4012765011981576,1.0370052348455987,1.3250763969701658,0.5050763969701658,0.11758668679392548,0.40036709689246036,0.21701018219766874,0.45,-0.03210279823735972,0.3644519117387462,0.43628228204617453,3.737968325525602,4.474690072268457,3.737968325525602,4.474690072268457,0.06334503541159053,0.07455583281399036,0.9983317978756695,1.2148741083216226,0.010319430484513137,2.2235253366818055,30.687357791888758,FOLLOWING,WALKING,0.44443650731113354
11.1,PID,-2.044190152220693,-0.16994875877151627,-1.4136506808722489,1.0194821943810974,1.3560457483315425,0.5360457483315425,0.13168776385518788,0.4332842393274942,0.23667974389064836,0.45,0.11122496336491491,0.3941137417135919,0.4724547369413965,4.042192222703507,4.845689609655349,4.042192222703507,4.845689609655349,0.3042238971779052,0.37099953738689173,2.7903563445031305,3.368377757027705,0.06703757026467347,6.22577167179551,30.998646375478536,FOLLOWING,WALKING,0.44202452600886405
11.15,PID,-2.0428521631947216,-0.18161552398318956,-1.4260143324251415,1.0015293752478793,1.3462265846602162,0.5262265846602162,0.12753798826788554,0.4404599970050364,0.2337301012767508,0.45,0.04355115127079857,0.40177766524373415,0.47914232876633867,4.120796566602402,4.9142802950393705,4.120796566602402,4.9142802950393705,0.07860434389889459,0.06859068538402191,1.1400792797973751,1.3830046904884221,0.009927651843021364,2.533011622128819,31.12529695658498,FOLLOWING,WALKING,0.4396033002318978
11.2,PID,-2.0408816081171217,-0.20218376760207118,-1.4379612615917092,0.9837518958798978,1.3342866116562129,0.5142866116562129,0.12271624776569157,0.43276037221460917,0.22796217019125808,0.45,-0.01856598322639085,0.39503263304795594,0.4704881113812624,4.0516167492098045,4.825519091089871,4.0516167492098045,4.825519091089871,-0.06917981739259726,-0.08876120394949982,1.1534037799452208,1.3961231807133516,0.018934129263780325,2.568461089922353,31.2537200110811,FOLLOWING,WALKING,0.4371738462545655
11.25,PID,-2.0381246867768623,-0.22999004572628828,-1.4495067443620826,0.9661464332060916,1.3303970618476053,0.5103970618476054,0.12156750019190232,0.42524716962485287,0.22600205380953745,0.45,-0.03159548607445789,0.3878438297193744,0.4626505095303313,3.9778854330192246,4.745133431080321,3.9778854330192246,4.745133431080321,-0.07373131619057993,-0.08038566000954983,1.1187244255847961,1.3563463170636256,0.006379060722833915,2.4814498033712553,31.377792501249665,FOLLOWING,WALKING,0.4347371838048654
11.3,PID,-2.037769273601748,-0.22746832133277745,-1.4608168137792403,0.9484629651429117,1.3331217342633646,0.5131217342633646,0.12329672501233269,0.4240714414667347,0.2279475126799241,0.45,-0.012655920508736653,0.38634612811820723,0.46179675481526217,3.9625243909559713,4.736376972464227,3.9625243909559713,4.736376972464227,-0.015361042063253283,-0.008756458616093532,0.7100434502244186,0.8707013866071452,0.006385860151570487,1.5871306969831342,31.457149036098823,FOLLOWING,WALKING,0.43229433563644754
11.35,PID,-2.0358805384206153,-0.24282591097573558,-1.4713770654895306,0.9315395678275898,1.3098429415039086,0.4898429415039086,0.11307828864251057,0.40316723837678814,0.21390664192672604,0.45,-0.1122983061384195,0.36776568913791496,0.4385687876156613,3.771955786029897,4.49814141144268,3.771955786029897,4.49814141144268,-0.19056860492607441,-0.23823556102154697,1.8687328956204154,2.2481045754687727,0.04324947138062981,4.160086942469818,31.665153383222318,FOLLOWING,WALKING,0.4298463270993271
11.4,PID,-2.0332307946169372,-0.26409567505430365,-1.4813618399493045,0.9151602206765205,1.3029959511664722,0.4829959511664722,0.11044918865027764,0.3878942446719007,0.20839376076221194,0.45,-0.117719436272687,0.35340507726575465,0.42238341207804675,3.624667459135945,4.332137559774838,3.624667459135945,4.332137559774838,-0.147288326893952,-0.16600385166784193,1.4641927241665544,1.7683660388934077,0.01654344055451863,3.2491022036144805,31.827608493403044,FOLLOWING,WALKING,0.427394185709509
11.45,PID,-2.030375915404848,-0.28521506254918283,-1.4910154315251796,0.8989527700995771,1.3019999273202185,0.48199992732021857,0.11042968501115036,0.38134209836592237,0.20674174103653695,0.45,-0.09620366521621179,0.3471263402243755,0.41555785650746924,3.560270156147441,4.262131861615069,3.560270156147441,4.262131861615069,-0.0643973029885041,-0.0700056981597692,0.937309741511117,1.1400369264271055,0.0049181966541035444,2.082264864592326,31.931721736632664,FOLLOWING,WALKING,0.42493894071770355
11.5,PID,-2.0248958146802765,-0.3243728511623378,-1.5004502203923047,0.8827374375969249,1.3012160418051153,0.48121604180511535,0.11041708661075589,0.37957194886426016,0.20574562573762906,0.45,-0.07848795513509932,0.34552104780468257,0.41362284992383774,3.5438056185095648,4.242285640244489,3.5438056185095648,4.242285640244489,-0.01646453763787603,-0.019846221370579897,0.6599987617438025,0.8078626710892681,0.0029512276629210196,1.4708126604959917,32.005262369657466,FOLLOWING,WALKING,0.4224816226773124
11.55,PID,-2.0196069341051053,-0.35802588574342264,-1.5100864755582473,0.8657582711256533,1.3161149002258636,0.4961149002258637,0.11769269672500471,0.39436983352286364,0.21519636149220023,0.45,0.004334372045914289,0.3587548356959045,0.4299848313498228,3.679536776368251,4.410100834357157,3.679536776368251,4.410100834357157,0.1357311578586864,0.16781519411266732,1.459444807397932,1.768545580083442,0.0292862008484342,3.2572765883298085,32.16812619907396,FOLLOWING,WALKING,0.42002326301186915
11.6,PID,-2.0260604491113403,-0.31237646605779074,-1.5199493986386865,0.8479245912901086,1.3256163699508072,0.5056163699508073,0.12230838108635456,0.41155798952349604,0.22258005689048646,0.45,0.04518727698556435,0.37472099010812054,0.44839498893887153,3.8432922062371335,4.598922963475605,3.8432922062371335,4.598922963475605,0.16375542986888236,0.18882212911844842,1.6759606237703097,2.026322237322523,0.023665872122100712,3.7259487332149335,32.35442363573471,FOLLOWING,WALKING,0.4175648935821149
11.65,PID,-2.022784007304659,-0.3329337168153819,-1.5285826205656399,0.8319653580058075,1.2658779321455866,0.4458779321455867,0.09440546998892962,0.3672062079770646,0.18555021882374756,0.45,-0.22760305029422667,0.3364976467617344,0.3979147691923948,3.451257915504968,4.081177119921998,3.451257915504968,4.081177119921998,-0.39203429073216567,-0.5177458435536071,3.0050683624730814,3.568974488332124,0.09894088161059389,6.6729837324157995,32.68807282235551,FOLLOWING,WALKING,0.41510754625288876
11.7,PID,-2.019320161402498,-0.35333565593269717,-1.5366063780151518,0.8167940488051203,1.2653951419118188,0.44539514191181884,0.09522560392764201,0.346933015996148,0.1823219639214795,0.45,-0.1796546562580753,0.31675873096714313,0.3771073010251529,3.2488074970989036,3.867767190001568,3.2488074970989036,3.867767190001568,-0.20245041840606426,-0.21340992992042995,1.566372967420408,1.8791607969810697,0.008475577543017313,3.454009341944495,32.86077328945274,FOLLOWING,WALKING,0.412652252460018
11.75,PID,-2.015672907844299,-0.3735809531848582,-1.544334173881787,0.8018580921534543,1.2657867603123116,0.4457867603123117,0.09608303924859429,0.34045936676305644,0.18104338600225692,0.45,-0.13840751091913026,0.3104966863796829,0.37042204714642996,3.1845813987659786,3.7992004835531277,3.1845813987659786,3.7992004835531277,-0.06422609833292503,-0.06856670644844032,0.827202407927535,1.0008615081262782,0.0033332842909983527,1.8313972003448113,32.95234314946998,FOLLOWING,WALKING,0.410200042777388
11.8,PID,-2.0118462142606313,-0.3936684012784943,-1.5519430103342717,0.7868202891505833,1.2664190267992768,0.4464190267992768,0.09699423697515064,0.3412703297902497,0.1809849335079617,0.45,-0.10517588597427509,0.31131732329468204,0.37122333628581733,3.192998187637764,3.8074188337006905,3.192998187637764,3.8074188337006905,0.008416788871785652,0.00821835014756278,0.5386727055913669,0.6563642859437112,0.00015233789942491112,1.1951893294345028,33.01210261594171,FOLLOWING,WALKING,0.40775194648437363
11.85,PID,-2.007844016023068,-0.41359691406048515,-1.5595050975595386,0.7715554351585948,1.2669114038529645,0.4469114038529646,0.09786940632318131,0.3453981279311462,0.18157442916667083,0.45,-0.07987073202370844,0.3153475599040622,0.3754486959582302,3.234333947733971,3.8507558559818484,3.234333947733971,3.8507558559818484,0.041335760096206986,0.04333702228115799,0.7190311071773311,0.8703112091302274,0.0015413376632593082,1.590883653970818,33.09164679864025,FOLLOWING,WALKING,0.4053089911338143
11.9,PID,-2.0036702128975112,-0.4333655246408515,-1.567038602113899,0.7559775049785405,1.2671203086797052,0.4471203086797052,0.09862827798845908,0.3504517633149023,0.18241526107724,0.45,-0.06137998974083383,0.3202620376066191,0.3806414890231855,3.2847388472473753,3.9040152720326717,3.2847388472473753,3.9040152720326717,0.0504048995134041,0.053259416050823294,0.7801543566951932,0.9417439401778147,0.002208680243835062,1.724106977116843,33.17785214749609,FOLLOWING,WALKING,0.4028722021207134
11.95,PID,-1.9993286658026062,-0.452973383434358,-1.5745386383773707,0.7401008378912833,1.266958565084007,0.446958565084007,0.09932153286676937,0.3551482272883268,0.18339077408987192,0.45,-0.04858806381892248,0.324797054176453,0.3854994004002006,3.3312518377072102,3.953840004104621,3.3312518377072102,3.953840004104621,0.046512990459834924,0.049824732071949374,0.7729899231807255,0.9322261327784118,0.0025761612459068773,1.7077922172050444,33.263241758356344,FOLLOWING,WALKING,0.400442602251844
12.0,PID,-1.9948231936746834,-0.472419756125351,-1.5819551371571328,0.7240231898965916,1.266440944139014,0.44644094413901414,0.0999635342816323,0.35891800074187485,0.18441836072784334,0.45,-0.04017622193672808,0.32839676204141677,0.38943923944233294,3.368171918373505,3.994248609664953,3.368171918373505,3.994248609664953,0.03692008066629482,0.04040860556033188,0.7320898895911538,0.8831751885463682,0.00272888414323953,1.6179939622807618,33.34414145647038,FOLLOWING,WALKING,0.39802121131644025
12.05,PID,-1.9901575704404415,-0.49170402156032694,-1.5892843082811117,0.7077429311135239,1.2656760071907203,0.4456760071907203,0.10050674950891025,0.3616590676391861,0.1853736688187575,0.45,-0.034703175683140686,0.33097972544968174,0.39233840982869045,3.3946638507659666,4.023983690550671,3.3946638507659666,4.023983690550671,0.026491932392461504,0.02973508088571819,0.6822082704910977,0.8238737037857213,0.0025500811055759595,1.5086320553823949,33.419573059239504,FOLLOWING,WALKING,0.39560904565815563
12.1,PID,-1.9853355220983702,-0.5108256695726944,-1.5964927709896837,0.6913105036596353,1.2646629450540765,0.44466294505407655,0.10097318872440475,0.3633999491785775,0.18624288204523048,0.45,-0.031525950434082226,0.33257675220009186,0.3942231461570631,3.4110436123086343,4.043314319559621,3.4110436123086343,4.043314319559621,0.016379761542667737,0.019330629008949884,0.6309499244059776,0.7632415553354504,0.00233114078030631,1.3965226205217345,33.489399190265594,FOLLOWING,WALKING,0.39320711774846795
12.15,PID,-1.9803607239097192,-0.5297842987440946,-1.6035680580224416,0.6747640594116467,1.2634595617127766,0.4434595617127767,0.10135813628387824,0.36428062255911775,0.18699711651527123,0.45,-0.029885128040303528,0.33333259977584034,0.39522864534239516,3.418795895136824,4.0536271317168735,3.418795895136824,4.0536271317168735,0.007752282828189738,0.010312812157252438,0.5852315612574648,0.7093425733020055,0.002030971263466201,1.2966051058229364,33.55422944555674,FOLLOWING,WALKING,0.39081643576170866
12.2,PID,-1.975236797699614,-0.5485796141066258,-1.6104878738721198,0.6581470430071977,1.2621051700243264,0.4421051700243265,0.10167401564267142,0.36446641711364774,0.18763920427436726,0.45,-0.02926972330061753,0.33341212880623994,0.39552070542105555,3.4196115774998965,4.056622619703134,3.4196115774998965,4.056622619703134,0.0008156823630725007,0.002995487986260592,0.5471605564357284,0.6645912329513308,0.0017349240411516588,1.213486713428211,33.61490378122816,FOLLOWING,WALKING,0.3884380031518963
12.25,PID,-1.9699673092687193,-0.5672114247902288,-1.6172415918559584,0.6414779298058131,1.2606470570395263,0.44064705703952634,0.10191218335166119,0.36413784741207067,0.18815096557860309,0.45,-0.029246081307602208,0.33299886260881184,0.3952768322153295,3.4153729498339676,4.054121356054662,3.4153729498339676,4.054121356054662,-0.0042386276659289734,-0.0025012636484724737,0.5542402425617075,0.67343250340139,0.0013865527229433895,1.229059298686041,33.67635674616246,FOLLOWING,WALKING,0.386072818231552
12.3,PID,-1.9645557659156854,-0.5856796416194042,-1.623830805706211,0.6247581808019749,1.2591049946839792,0.43910499468397923,0.10207369490127705,0.3634306114153169,0.18852848096586103,0.45,-0.02959701778433688,0.3322291478154669,0.3946320750151669,3.4074784391329938,4.04750846169402,3.4074784391329938,4.04750846169402,-0.0078945107009738,-0.006612894360642052,0.573555390884068,0.6968300249786601,0.0010248825960140792,1.2714102984587423,33.7399272610854,FOLLOWING,WALKING,0.38372187375267125
12.35,PID,-1.9590056140704064,-0.6039842746633637,-1.6302419273259445,0.6080371265731856,1.257478914518235,0.43747891451823506,0.10218992391632642,0.36243221693790345,0.18881201884722978,0.45,-0.030240426601057017,0.33118382781868694,0.39368060605711996,3.396757208396789,4.037749805714051,3.396757208396789,4.037749805714051,-0.010721230736204568,-0.009758655979968722,0.5874427134189004,0.7138263990283449,0.000770909181132966,1.3020400216283783,33.80502926216682,FOLLOWING,WALKING,0.3813861564900313
12.4,PID,-1.9533202370379712,-0.6221254307436109,-1.6364734905555007,0.5913090856875958,1.255819031061888,0.435819031061888,0.10224008521429417,0.3612490540921816,0.18897697759761492,0.45,-0.030891019956751368,0.32997336429977636,0.39252474388458686,3.3843421979464243,4.025894809072685,3.3843421979464243,4.025894809072685,-0.01241501045036486,-0.011854996641365467,0.595103359774851,0.7234110298642005,0.00044889704749529147,1.3189632866865468,33.87097742650115,FOLLOWING,WALKING,0.37906664682700714
12.45,PID,-1.9475029528530048,-0.6401033109028774,-1.6425229196569948,0.5745885478530808,1.2541192871585873,0.4341192871585874,0.10223857315158491,0.3599395357449232,0.18904176297060787,0.45,-0.03157386874078874,0.3286531239732876,0.3912259475165588,3.3708012715208984,4.012573820682654,3.3708012715208984,4.012573820682654,-0.013540926425525956,-0.013320988390031374,0.5993004346300465,0.7288532152941678,0.00017635883220426535,1.3283300087564187,33.937393926938974,FOLLOWING,WALKING,0.3767643183440687
12.5,PID,-1.9415570122439525,-0.6579182078391933,-1.6483950928750972,0.5578635963544134,1.252393361678448,0.432393361678448,0.10218653670961686,0.35855186828097996,0.18900979162462164,0.45,-0.032221689730428424,0.3272707477671051,0.38983298879485484,3.3566230540215902,3.9982870645626134,3.3566230540215902,3.9982870645626134,-0.014178217499308143,-0.0142867561200406,0.6007141466498519,0.7309421425788797,8.701772317655324e-05,1.3317433069519082,34.00398109228657,FOLLOWING,WALKING,0.37448013741013575
12.55,PID,-1.935485596706695,-0.6755705033088166,-1.6540810664236223,0.5411655538447314,1.2506275650153775,0.4306275650153776,0.10211420915597147,0.357101247940394,0.18892410011585883,0.45,-0.0329024233072439,0.3258343093712194,0.3883681865095686,3.341890352525327,3.9832634513801906,3.341890352525327,3.9832634513801906,-0.014732701496263267,-0.015023613182422846,0.6011666295672377,0.7318706279649003,0.00023312435300040384,1.3332703818851384,34.07064461138083,FOLLOWING,WALKING,0.37221506277695776
12.6,PID,-1.9292918166867519,-0.693060665501608,-1.6595890573525558,0.5244779947917548,1.2488535312202946,0.4288535312202947,0.10199589230682227,0.3556264113762557,0.18875569759310828,0.45,-0.03346963887801487,0.3243873434245963,0.38686547932791515,3.3270496761497057,3.967851070029899,3.3270496761497057,3.967851070029899,-0.014840676375621253,-0.01541238135029177,0.5994968600591759,0.7302176772047928,0.0004577318734783501,1.3301722691374471,34.137153224837704,FOLLOWING,WALKING,0.36997004517669263
12.65,PID,-1.9229787098691875,-0.7103892463923103,-1.6649148287819695,0.50781873751799,1.2470525120063856,0.4270525120063856,0.10184407730005263,0.3541302754581165,0.18852087415357136,0.45,-0.0340308028660514,0.3229300707857004,0.38533048013053256,3.312103290109748,3.9521074885182825,3.312103290109748,3.9521074885182825,-0.014946386039957904,-0.015743581511616256,0.5976415691878204,0.7283012111142843,0.0006374753293427953,1.3265802556314474,34.203482237619276,FOLLOWING,WALKING,0.3677460269228498
12.7,PID,-1.9165492395752042,-0.7275568790711182,-1.6700676056301558,0.4911667906540482,1.2452420081191433,0.42524200811914337,0.10165654247259659,0.35263007468813284,0.18821834363229242,0.45,-0.03451024333938585,0.32147993881698844,0.38378021055927725,3.297230141712702,3.9362072877874588,3.297230141712702,3.9362072877874588,-0.014873148397045899,-0.015900200730823766,0.5948792085266393,0.7252529772761827,0.0008199618280320063,1.3209521476308541,34.26952984500082,FOLLOWING,WALKING,0.3655439415147682
12.75,PID,-1.9100062932642907,-0.7445642750567635,-1.675046781276222,0.4745556901561151,1.2433988012784143,0.42339880127841434,0.1014462871702293,0.35111277154241327,0.18786669529183006,0.45,-0.03502809990392857,0.3200208334716154,0.3822047096132111,3.282264958683235,3.9200483037252423,3.282264958683235,3.9200483037252423,-0.014965183029466811,-0.016158984062216497,0.5927875682724361,0.7229741330335477,0.0009513073674362804,1.31671300867342,34.33536549543449,FOLLOWING,WALKING,0.3633647132457939
12.8,PID,-1.9033526811406776,-0.7614122215952367,-1.6798428252681656,0.45797809227407826,1.2415552592834207,0.42155525928342075,0.10123174163586413,0.34960035017972924,0.18749419684364377,0.45,-0.035433502703035975,0.3185700606021062,0.3806306397573523,3.2673852369446785,3.9039039975113052,3.2673852369446785,3.9039039975113052,-0.014879721738556562,-0.016144306213937032,0.5895519298149903,0.7193118894830836,0.0010057146821019587,1.3098695339801758,34.4008589721335,FOLLOWING,WALKING,0.3612092568153207
12.85,PID,-1.8965911348627482,-0.7781015789471399,-1.6844759989433509,0.4414134585742082,1.2397053654923245,0.4197053654923245,0.1009762913404888,0.34809778902834,0.18705548550910775,0.45,-0.03577766478919138,0.31714010617658267,0.3790554718800973,3.25271903770854,3.8877484295394593,3.25271903770854,3.8877484295394593,-0.014666199236138322,-0.01615556797184592,0.5861034319864291,0.7153416020747654,0.0011817124081917455,1.3026267464693861,34.46599030945697,FOLLOWING,WALKING,0.3590784769448586
12.9,PID,-1.8897243063539488,-0.7946332776665513,-1.6889435120809684,0.4248634439234566,1.237824606972571,0.41782460697257096,0.10071640619827682,0.34658382251264463,0.18659710540117383,0.45,-0.03618191602248481,0.3157020015687504,0.3774656434565389,3.2379692468589782,3.8714424969901424,3.2379692468589782,3.8714424969901424,-0.014749790849561961,-0.016305932549316893,0.5837532440445362,0.7126729098122297,0.0012316665789208208,1.2976578204356868,34.53087320047876,FOLLOWING,WALKING,0.35697326799829066
12.95,PID,-1.882754766713662,-0.8110083158741243,-1.6932252132062735,0.40838259120573667,1.2359147144191083,0.4159147144191083,0.10043650523937808,0.34504923984622127,0.1861021405041489,0.45,-0.03662542173277362,0.3142493355927846,0.3758491440996579,3.223070108643945,3.854863016406748,3.223070108643945,3.854863016406748,-0.014899138215033414,-0.016579480583394535,0.5818480166317002,0.7105159259757728,0.001326441986074884,1.2936903845935477,34.59555771970844,FOLLOWING,WALKING,0.3548945136064758
13.0,PID,-1.8756850052264105,-0.8272277565270642,-1.6973380136836684,0.3919248374451466,1.2340322669694483,0.4140322669694484,0.10011609495041407,0.3435405331149848,0.18554213198085878,0.45,-0.03685059773006699,0.31283331027215266,0.3742477559578169,3.2085467720220784,3.838438522644276,3.2085467720220784,3.838438522644276,-0.014523336621866445,-0.016424493762472014,0.5776109326693596,0.7055124880066717,0.0014962345248772406,1.2846196552009084,34.65978870246848,FOLLOWING,WALKING,0.35284308629635813
13.05,PID,-1.8685174284676975,-0.8432927246884455,-1.7012806132927012,0.37550945624785725,1.2321285228341714,0.41212852283417145,0.09978605573964394,0.3420350968245285,0.1849557353409589,0.45,-0.03711994042467068,0.3114249226255998,0.3726452710234572,3.194101770518972,3.822002779727766,3.194101770518972,3.822002779727766,-0.014445001503106347,-0.016435742916510065,0.5745656211434983,0.7019135738091491,0.001561786872971714,1.2780409818256193,34.723690751559765,FOLLOWING,WALKING,0.3508198471247367
13.1,PID,-1.8612543595047029,-0.8592044047982632,-1.7050546218924627,0.35912989753256525,1.230222300482707,0.41022230048270714,0.0994371019258129,0.3405376268842676,0.18433356618882502,0.45,-0.037340931877685994,0.31003042168001704,0.37104483208851813,3.1797991967181236,3.8055880214206987,3.1797991967181236,3.8055880214206987,-0.014302573800848428,-0.016414758307067068,0.5713124320510371,0.6980364656759902,0.0016514878836314415,1.2710003856106586,34.7872407708403,FOLLOWING,WALKING,0.3488256453168487
13.15,PID,-1.8538980371900098,-0.8749640379484339,-1.708663089306265,0.3427869507503115,1.2283064887340125,0.40830648873401254,0.09907298814813226,0.33904308837133273,0.18368111812519727,0.45,-0.03755549855885118,0.3086438633216126,0.3694423134210529,3.1655780853498725,3.789151932523619,3.1655780853498725,3.789151932523619,-0.014221111368251105,-0.016436088897079593,0.5683379395219406,0.694469324339017,0.0017257304137789696,1.2645329942747365,34.85046742055404,FOLLOWING,WALKING,0.34686131790992003
13.2,PID,-1.8464506155464764,-0.8905729191638592,-1.7121064244407058,0.3264737201278694,1.2263811236983249,0.4063811236983249,0.0987037083875748,0.3375481636573879,0.18301307603516695,0.45,-0.03776489503292938,0.30725949957356774,0.367836827741208,3.151379482805823,3.7726854127303384,3.151379482805823,3.7726854127303384,-0.014198602544049699,-0.01646651979328073,0.5655398754895219,0.691102070319012,0.0017605503045707014,1.2584024961131046,34.9133875453597,FOLLOWING,WALKING,0.34492768940183116
13.25,PID,-1.8389141632413046,-0.9060323946915647,-1.715386172250541,0.31021429838125597,1.2244390078297713,0.4044390078297714,0.09831717037699872,0.33604443074943063,0.18231516737331052,0.45,-0.038001927947320324,0.30587127054914776,0.3662175909497135,3.1371412364015154,3.7560778558944974,3.1371412364015154,3.7560778558944974,-0.014238246404307375,-0.01660755683584103,0.5631612442869596,0.6882177705791888,0.0018322464167659588,1.2532112612829143,34.976048108423846,FOLLOWING,WALKING,0.3430255714050458
13.3,PID,-1.8312906631473447,-0.9213438592997499,-1.7185042056766615,0.2939919524383142,1.222503653560506,0.4025036535605061,0.09792815600609894,0.33454848221463834,0.18160696667112367,0.45,-0.03815706258367695,0.30449252923056735,0.36460443519870933,3.1230002998006907,3.739532668704711,3.1230002998006907,3.739532668704711,-0.014140936600824716,-0.016545187189786592,0.5599666763961393,0.6843466994114067,0.0018520442109865867,1.2461654200185326,35.038356379424776,FOLLOWING,WALKING,0.34115576230594846
13.35,PID,-1.8235820119896162,-0.9365087535885088,-1.7214625540113722,0.27781821414806973,1.220558036425063,0.40055803642506305,0.09753397261958185,0.3330526485747483,0.18088704237379383,0.45,-0.03832322421121735,0.30311584306188544,0.3629894540876112,3.1088804416603635,3.722968759872935,3.1088804416603635,3.722968759872935,-0.014119858140327235,-0.01656390883177572,0.5571658002377419,0.6809385670422718,0.0018752396670291501,1.239979606947043,35.10035535977213,FOLLOWING,WALKING,0.33931904692973336
13.4,PID,-1.8157900200750008,-0.9515285613138617,-1.7242652672984993,0.2616907222628905,1.2186132972645933,0.3986132972645934,0.09713596958340998,0.3315625989696784,0.18015812097284967,0.45,-0.03844896719081595,0.30174642994867173,0.361378767990685,3.094835178960736,3.7064489024685643,3.094835178960736,3.7064489024685643,-0.014045262699627692,-0.016519857404370786,0.5540998601858231,0.6772047839232748,0.001891023983006331,1.2331956680921041,35.16201514317674,FOLLOWING,WALKING,0.3375161962109857
13.45,PID,-1.807916411103056,-0.9664048067265837,-1.7269094074423392,0.24561395522633456,1.21666668007852,0.39666668007852,0.09673975319324324,0.3300779951315899,0.1794287114570031,0.45,-0.03855531002755911,0.3003825433854559,0.35977344687772395,3.0808465988251887,3.6899840705407585,3.0808465988251887,3.6899840705407585,-0.013988580135547046,-0.01646483192780579,0.5510668530053892,0.6735086918865819,0.0018846289375606857,1.2264601738295318,35.22333815186821,FOLLOWING,WALKING,0.33574796687009284
13.5,PID,-1.7999628220558668,-0.9811390519272382,-1.7294000398630558,0.22957705929748468,1.2147228547977402,0.3947228547977403,0.0963342702893073,0.32860237291133565,0.17868507782977025,0.45,-0.03862597305692685,0.29902999253050866,0.35817475329216264,3.0669742823641912,3.67358721325295,3.0669742823641912,3.67358721325295,-0.013872316460997514,-0.016396857287808597,0.5478871017823914,0.6696236657634609,0.001913417748848634,1.219424185294701,35.28430936113295,FOLLOWING,WALKING,0.3340151010956217
13.55,PID,-1.7919308031648356,-0.9957328942387242,-1.7317348525367273,0.2136110664365854,1.21277063297637,0.39277063297637016,0.09592515201106622,0.3271267131691289,0.17793382348797684,0.45,-0.03871803499843133,0.2976786653818687,0.35657476095638907,3.0531145167371148,3.657177035450144,3.0531145167371148,3.657177035450144,-0.01385976562707647,-0.016410177802805848,0.5451591307804275,0.6662745268226932,0.0019248992272402877,1.213358556830361,35.34497728897447,FOLLOWING,WALKING,0.3323183262327966
13.6,PID,-1.783821817952338,-1.0101879635974758,-1.7339195383504495,0.19768899072368887,1.210841181862372,0.39084118186237216,0.09550992428148919,0.3256741439128933,0.1771718923141588,0.45,-0.03868965220036753,0.2963521957349,0.35499609209088656,3.0395096998451283,3.640985559906529,3.0395096998451283,3.640985559906529,-0.013604816891986449,-0.01619147554361522,0.5413526839310759,0.6616184915720029,0.0019438961454502257,1.2049150716485293,35.4052230425569,FOLLOWING,WALKING,0.3306583544782058
13.65,PID,-1.7756372433461272,-1.0245059199644313,-1.7359570509019069,0.18179614578362197,1.2089073472725849,0.3889073472725849,0.09511282327128834,0.32423037264635446,0.1764324799627201,0.45,-0.03868680091135042,0.2950307972125243,0.35342994808018463,3.0259568944874284,3.62492254441215,3.0259568944874284,3.62492254441215,-0.01355280535769987,-0.01606301549437905,0.5382645098416243,0.6578371886526414,0.0018785715102632946,1.197980270004529,35.465122056057126,FOLLOWING,WALKING,0.32903588258086797
13.7,PID,-1.7673783698644208,-1.0386884507567138,-1.7378455441195293,0.16595753587686135,1.2069545109491207,0.3869545109491207,0.09473172234547533,0.32277454162402586,0.17571705792076348,0.45,-0.038768184534095744,0.2936933685381395,0.3518557147099122,3.012239677314251,3.608776561127305,3.012239677314251,3.608776561127305,-0.01371721717317742,-0.016145983284844956,0.5361609494949635,0.655257616904345,0.001810250731933654,1.1932288171312422,35.52478349691369,FOLLOWING,WALKING,0.32745159154978176
13.75,PID,-1.7590464018695744,-1.052737268300929,-1.7395867627356587,0.1502027890551171,1.205007942259659,0.38500794225965895,0.09435090966326265,0.32131943957127834,0.17500618778665633,0.45,-0.038804086170226244,0.2923559154925867,0.35028296364996997,2.9985222101803766,3.592645781025333,2.9985222101803766,3.592645781025333,-0.01371746713387445,-0.016130780101971887,0.5334373636657038,0.6519388521666479,0.0017914560794132935,1.187167671911765,35.58414188050928,FOLLOWING,WALKING,0.325906146368082
13.8,PID,-1.7506424578882902,-1.0666541073088527,-1.741183381292321,0.13448685020818624,1.203097443745514,0.383097443745514,0.09393599037030342,0.31989845455363114,0.17425079719852443,0.45,-0.03867338067501405,0.2910599476172753,0.34873696148998695,2.9852302319720545,3.5767893486152507,2.9852302319720545,3.5767893486152507,-0.013291978208322064,-0.015856432410082277,0.5291961749836831,0.646758027919404,0.0018954347353667097,1.177849637638454,35.643034362391205,FOLLOWING,WALKING,0.32440019571392276
13.85,PID,-1.7421675709963191,-1.0804407223761905,-1.7426364943885702,0.11885015602904773,1.2011782024141953,0.3811782024141953,0.09351912351544267,0.3184861839198759,0.17348783493343134,0.45,-0.03860989878431317,0.289773947238393,0.34719842060135875,2.9720404844963384,3.5610094420652176,2.9720404844963384,3.5610094420652176,-0.013189747475716107,-0.01577990655003303,0.5262061479411619,0.6430683103485156,0.0019060512696994377,1.1711805095593768,35.701593387869174,FOLLOWING,WALKING,0.3229343716882044
13.9,PID,-1.7336226892656272,-1.0940988855050597,-1.7439478988151678,0.10325603943353465,1.1992909700798868,0.3792909700798869,0.09311137476944298,0.31710570966705304,0.1727341590920068,0.45,-0.03841954332272125,0.2885182063373259,0.3456932129967802,2.9591610906392396,3.5455714153515916,2.9591610906392396,3.5455714153515916,-0.012879393857098798,-0.01543802671362604,0.52218346766206,0.6381383538500542,0.0018746721028285705,1.162196493614943,35.75970321254992,FOLLOWING,WALKING,0.3215092895492579
13.95,PID,-1.7250086762720498,-1.107630383650679,-1.7451230092635281,0.087730886798162,1.197399443054384,0.377399443054384,0.09274023770530748,0.3157343114011149,0.1720307436360849,0.45,-0.038289962703935136,0.28726322332934284,0.344205399472887,2.9462894700445417,3.5303117894655074,2.9462894700445417,3.5303117894655074,-0.01287162059469793,-0.015259625886084205,0.5192543697552247,0.6345532107610791,0.0017425308091299524,1.1555501113254336,35.817480718116194,FOLLOWING,WALKING,0.32012554745459953
14.0,PID,-1.7163263116614664,-1.1210370162927474,-1.746157871625061,0.07225239683301869,1.1955304903183186,0.37553049031831864,0.09234476654210577,0.3143849190131682,0.17130047187836012,0.45,-0.03808956294775685,0.28603469091729955,0.3427351471090368,2.9336891376133285,3.515232278041403,2.9336891376133285,3.515232278041403,-0.012600332431213168,-0.015079511424104464,0.5157733097321837,0.6302802465316272,0.001801380912446763,1.1478549371762576,35.87487346497501,FOLLOWING,WALKING,0.3187837262098629
14.05,PID,-1.7075762917725745,-1.1343205930318914,-1.7470582403653274,0.05685086812905686,1.1936622409408353,0.37366224094083533,0.09195054541213454,0.3130433159608108,0.17057138520881404,0.45,-0.0379301563601768,0.28481375170875206,0.34127288021286956,2.921166684192329,3.500234668849944,2.921166684192329,3.500234668849944,-0.012522453420999557,-0.01499760919145876,0.5129861959498226,0.6268375904538926,0.001790803053529245,1.1416145894572445,35.931954194447876,FOLLOWING,WALKING,0.3174843890250139
14.1,PID,-1.698759230314378,-1.147482931211485,-1.747825049399459,0.04150446981793368,1.1918256055937837,0.37182560559378375,0.09156285600667147,0.3117297874791352,0.16985122335072894,0.45,-0.03766671748796476,0.28361941001458957,0.33984016494368086,2.9089170257906622,3.4855401532685213,2.9089170257906622,3.4855401532685213,-0.012249658401666697,-0.014694515581422873,0.5093074221447149,0.6223244783001265,0.0017614133655305259,1.133393313810372,35.9886238601384,FOLLOWING,WALKING,0.31622808127795193
14.15,PID,-1.6898756590965562,-1.160525853565089,-1.7484620010668024,0.026208955616091267,1.1899993673986475,0.3699993673986476,0.09117761633866617,0.31043447360645887,0.16913561671352695,0.45,-0.037415487699211526,0.28244252904037015,0.3384264181725476,2.896846451696104,3.4710401863851033,2.896846451696104,3.4710401863851033,-0.01207057409455814,-0.014499966883418036,0.5061353916512071,0.6184164969605134,0.0017428978066672874,1.1262947864183879,36.044938599459314,FOLLOWING,WALKING,0.31501533028559503
14.2,PID,-1.680926028810902,-1.173451185889728,-1.7489621810906715,0.010981407913916854,1.1881800649681624,0.36818006496816247,0.0907844147555994,0.30914884281367977,0.16841018793409698,0.45,-0.03718901109951938,0.2812769567105867,0.3370207289167728,2.8848918636983254,3.4566228606848495,2.8848918636983254,3.4566228606848495,-0.01195458799777871,-0.01441732570025378,0.5033903680658609,0.6150103675280788,0.0017592421979030586,1.120159977791843,36.100946598348905,FOLLOWING,WALKING,0.3138466450825468
14.25,PID,-1.6719107098620944,-1.1862607547451052,-1.749336474855762,-0.004190871215300949,1.18638505017615,0.36638505017615,0.09042414218415917,0.3078835832025101,0.16772940353101423,0.45,-0.03690549374247998,0.2801243669181272,0.33564279948689296,2.8730704299295096,3.44249025114762,2.8730704299295096,3.44249025114762,-0.011821433768815837,-0.014132609537229612,0.5001822737057768,0.6110757749222917,0.001644300890816916,1.1129023495188854,36.15659171582485,FOLLOWING,WALKING,0.31272251620743585
14.3,PID,-1.662829993246096,-1.1989563851788718,-1.7495825759994532,-0.019305598338260895,1.1846028695866897,0.36460286958668975,0.09006759761701,0.3066334918996305,0.16705947583222047,0.45,-0.03662787971275926,0.27898514864939805,0.334281835149863,2.861386139993826,3.4285316425626973,2.861386139993826,3.4285316425626973,-0.011684289935683712,-0.013958608584922594,0.49724928177531286,0.6074742090013207,0.0016116158909659617,1.1063351066675995,36.21190847115823,FOLLOWING,WALKING,0.3116434154970199
14.35,PID,-1.653684091474542,-1.2115398984779733,-1.7497018828385589,-0.03435023124836398,1.1828364170535377,0.36283641705353775,0.0897174082284471,0.3053981852554717,0.16640244637970286,0.45,-0.0363421373218209,0.27785858037963085,0.3329377901313125,2.8498315936372394,3.414746565449359,2.8498315936372394,3.414746565449359,-0.011554546356586481,-0.013785077113338318,0.4943659440331573,0.6039371144210525,0.0015743708386912164,1.099877429292901,36.26690234262288,FOLLOWING,WALKING,0.3106097958881391
14.4,PID,-1.6444731395435082,-1.2240131099460971,-1.749697190143032,-0.04935803298083312,1.1810990343280203,0.3610990343280204,0.08937171524805598,0.3041891517686752,0.16575529360393282,0.45,-0.035991351103296654,0.2767566506772243,0.3316216528601261,2.838529750535634,3.401247721642319,2.838529750535634,3.401247721642319,-0.011301843101605424,-0.013498843807040029,0.49101314744596375,0.599836608125061,0.0015446735763028148,1.0923944291473275,36.32152206408024,FOLLOWING,WALKING,0.3096220912276019
14.45,PID,-1.6351971959451475,-1.2363778267071628,-1.7495703405609564,-0.06421990794416392,1.1793585759491645,0.35935857594916454,0.08901895834057139,0.30298270827707297,0.16510144091359236,0.45,-0.035731270727536964,0.2756584198058734,0.3303069967482725,2.8272658441628042,3.3877640692130515,2.8272658441628042,3.3877640692130515,-0.011263906372829702,-0.013483652429267412,0.488755821218866,0.5970434276449974,0.0015545091070143016,1.0873537579708779,36.37588975197879,FOLLOWING,WALKING,0.30868071609008474
14.5,PID,-1.6258562437207027,-1.2486358455348006,-1.7493194223698736,-0.07910632018820422,1.1777246718686478,0.35772467186864787,0.08868645446707446,0.3018651583403065,0.16447603837475247,0.45,-0.03505956912175207,0.274644373989285,0.32908594269132807,2.8168653742490766,3.375240437859775,2.8168653742490766,3.375240437859775,-0.010400469913727672,-0.01252363135327661,0.4827537592643808,0.5897558536315353,0.0014812377404816927,1.0739908506363975,36.42958929451061,FOLLOWING,WALKING,0.30778606560412003
14.55,PID,-1.6164501915534761,-1.260788950707742,-1.7489459583324556,-0.09392097411872538,1.1760282594987213,0.3560282594987213,0.08840102494327828,0.30072445155982663,0.16391970658764787,0.45,-0.03481067834264342,0.2735957401195709,0.3278531630000824,2.806110155072522,3.3625965435905885,2.806110155072522,3.3625965435905885,-0.010755219176554753,-0.01264389426918644,0.4817748264994989,0.5885441750858544,0.0013131899036289507,1.0716321914889821,36.483170904085064,FOLLOWING,WALKING,0.3069385152862468
14.6,PID,-1.6069788749004137,-1.2728389118909744,-1.7484557921132524,-0.10868140566993725,1.1743662133267014,0.3543662133267015,0.08809883607662461,0.29959333028228435,0.1633515617746326,0.45,-0.034465332264148954,0.27255864680858266,0.32662801375598605,2.7954733006008476,3.3500309103178054,2.7954733006008476,3.3500309103178054,-0.010636854471674173,-0.012565633272783039,0.4793391173674958,0.5855756847320148,0.001336425732290914,1.0662512278318017,36.53648346547666,FOLLOWING,WALKING,0.30613842088339294
14.65,PID,-1.5974420571609973,-1.2847874820425518,-1.747849794071124,-0.12337171264457794,1.1727226515228708,0.35272265152287086,0.08781982413649181,0.2984739326173686,0.1628190392840985,0.45,-0.03411463110289085,0.27152738161585027,0.3254204836188869,2.7848962217010285,3.3376459858347376,2.7848962217010285,3.3376459858347376,-0.010577078899819181,-0.012384924483067827,0.4768234903514005,0.582533324790985,0.0012485491244054673,1.0606053642667908,36.58951373369,FOLLOWING,WALKING,0.30538611822355594
14.7,PID,-1.587839430882212,-1.296636395345917,-1.747128441429688,-0.13800009811413877,1.1711144592774498,0.3511144592774499,0.08753133068979246,0.2973828380510179,0.16227997247501794,0.45,-0.033685458140107025,0.2705255026064024,0.3242401734956334,2.774620539552845,3.325540240980855,2.774620539552845,3.325540240980855,-0.010275682148183307,-0.012105744853882605,0.4736296879622817,0.5786647043566436,0.0012597083559329376,1.0535541006748583,36.64219143872374,FOLLOWING,WALKING,0.30468192307484354
14.75,PID,-1.578170618998427,-1.3083873651675642,-1.7462917182405497,-0.15257256049838994,1.1695345476488326,0.3495345476488326,0.087247266791598,0.2963211670888913,0.16174916001594883,0.45,-0.03322626851519932,0.2695516811062518,0.3230906530715308,2.7646326267307875,3.313750287913136,2.7646326267307875,3.313750287913136,-0.009987912822057687,-0.011789953067718795,0.47045042169624,0.5748101942666024,0.0012363619590781512,1.0464969779219204,36.69451628761984,FOLLOWING,WALKING,0.30402613101293485
14.8,PID,-1.5684351761050888,-1.3200420820398866,-1.745338767720381,-0.1670931803668259,1.1679779821138843,0.3479779821138843,0.08698155726406465,0.2952841402110285,0.1612457942873558,0.45,-0.03276537779562797,0.2685979612564711,0.3219703191655859,2.7548508846817548,3.3022596837495986,2.7548508846817548,3.3022596837495986,-0.009781742049032705,-0.011490604163537643,0.4675320114917974,0.5712801202953744,0.0011687847368258117,1.0399809165239977,36.74651533344604,FOLLOWING,WALKING,0.3034190172970169
14.85,PID,-1.5586325897651643,-1.3316022116690618,-1.744275016969198,-0.18154412081800855,1.1664416190257905,0.3464416190257905,0.08674068796842782,0.2942659635704301,0.1607814293198425,0.45,-0.03231699226820242,0.2676566370179962,0.32087529012286403,2.7451962771076532,3.291028616644759,2.7451962771076532,3.291028616644759,-0.009654607574101526,-0.011231067104839454,0.46490199378388786,0.5681173969219319,0.0010751221901210664,1.0340945128959407,36.79822005909084,FOLLOWING,WALKING,0.30286083675424846
14.9,PID,-1.5487622818473827,-1.3430693929677973,-1.743098726633298,-0.19594028744570152,1.1649449442399302,0.3449449442399303,0.08649613158540004,0.2932812680308997,0.16031947887996373,0.45,-0.03179262302698286,0.26674839427626573,0.3198141417855337,2.7358809669360586,3.2801450439541915,2.7358809669360586,3.2801450439541915,-0.009315310171594593,-0.010883572690567611,0.46169790239165065,0.564257634773678,0.0010664590145721398,1.0270219961799008,36.849571158899835,FOLLOWING,WALKING,0.3023518236728
14.95,PID,-1.5388236098953545,-1.3544452361127892,-1.7418108843787459,-0.21027802874184648,1.163474038605053,0.3434740386050531,0.08625331789178481,0.2923240548184817,0.15986374180398524,0.45,-0.0312702307545061,0.26586660554992214,0.3187815040870413,2.7268369799992014,3.2695538880722186,2.7268369799992014,3.2695538880722186,-0.009043986936857262,-0.010591155881972902,0.4588181068123999,0.560782409635694,0.0010491240131240646,1.020649640461218,36.900603640922895,FOLLOWING,WALKING,0.30189219170351456
15.0,PID,-1.5288158685266995,-1.365731320626774,-1.7404138184419584,-0.22455013122627127,1.1620337482298944,0.3420337482298944,0.08600793646148519,0.29139516521173875,0.15940707394849843,0.45,-0.030728057639212915,0.2650132944732623,0.3177770359502152,2.7180850715206386,3.259251650771438,2.7180850715206386,3.259251650771438,-0.008751908478562775,-0.010302237300780615,0.45596426665472006,0.5573288429513364,0.0010482636471766235,1.0143413732532331,36.95132070958556,FOLLOWING,WALKING,0.3014821337702312
15.05,PID,-1.518738290861434,-1.3769291934850134,-1.7389078124774417,-0.23877066306487418,1.1606326720586004,0.3406326720586005,0.08578892159285534,0.2905019238031452,0.1589878768318889,0.45,-0.030132620112279254,0.2641894301874676,0.3168144174188228,2.709635181409924,3.2493786401930547,2.709635181409924,3.2493786401930547,-0.00844989011071462,-0.009873010578383301,0.4528554540552297,0.5535845934892669,0.0009597205374307081,1.0073997680819273,37.00169069798966,FOLLOWING,WALKING,0.3011218219888078
15.1,PID,-1.5085900499788591,-1.3880403672461343,-1.7372929196162779,-0.25294673990021027,1.1592581501187527,0.3392581501187527,0.08558054771437607,0.2896359664755062,0.1585889721255449,0.45,-0.029551340222907934,0.26338949158872854,0.3158824413622839,2.7014306829613184,3.23981991140804,2.7014306829613184,3.23981991140804,-0.008204498448605602,-0.009558728785014736,0.4501655245769096,0.5503482341944103,0.0009109711779139385,1.0014247299492336,37.05176193448712,FOLLOWING,WALKING,0.300811407594878
15.15,PID,-1.498370260402308,-1.3990663182072245,-1.7355725104596142,-0.267060107458561,1.157904376631213,0.337904376631213,0.08538477484730222,0.2887874826526477,0.15821282202740333,0.45,-0.029006648719042932,0.2626032606071124,0.314971704698183,2.693366775457563,3.2304790225454663,2.693366775457563,3.2304790225454663,-0.008063907503755186,-0.00934088886257367,0.44793432441786946,0.5476723402236987,0.0008569694668732079,0.9964636341084414,37.10158511619254,FOLLOWING,WALKING,0.3005510208803723
15.2,PID,-1.4880779796111439,-1.4100084845831302,-1.73374730126942,-0.2811023650085625,1.1565910982736276,0.33659109827362765,0.0852014808382513,0.2879693560261793,0.15785948087095536,0.45,-0.02840361077422883,0.2618436119420362,0.3140951001103224,2.685575507097807,3.2214882062597168,2.685575507097807,3.2214882062597168,-0.007791268359756298,-0.008990816285749492,0.44520145464336475,0.5444010358990533,0.0008032068219919564,0.9904056973644101,37.15110540106076,FOLLOWING,WALKING,0.30034077113882957
15.25,PID,-1.4777122095794653,-1.4208682647099182,-1.7318148828813318,-0.295100250536034,1.1553278506194447,0.3353278506194447,0.08502857070390846,0.2871961363867107,0.15752616835748606,0.45,-0.0277131060823034,0.26112555552354677,0.31326671724987465,2.678210825882531,3.212991971793586,2.678210825882531,3.212991971793586,-0.007364681215276114,-0.00849623446613057,0.441927379403373,0.540480265012644,0.0007560783808188566,0.9831637227968358,37.2002635872006,FOLLOWING,WALKING,0.3001807466195233
15.3,PID,-1.4672718983410384,-1.4316470152725091,-1.7297798392347858,-0.3090512633110034,1.154089160470787,0.33408916047078707,0.0848855806561859,0.2864509561415713,0.15723951706952677,0.45,-0.02706645939829014,0.2604278160665646,0.31247409621657796,2.6710545237596373,3.2048625252982355,2.6710545237596373,3.2048625252982355,-0.007156302122893532,-0.008129446495350745,0.439426970636476,0.5375107689366085,0.0006490499052395034,0.977586789478324,37.24914292667452,FOLLOWING,WALKING,0.3000710144904197
15.35,PID,-1.4567559415800264,-1.4423460495565168,-1.7276432569533955,-0.3229372645110814,1.1528797167763398,0.3328797167763399,0.08473891645873666,0.28572952834358817,0.15695664333481366,0.45,-0.02643339058623391,0.2597532038716765,0.31170585281549984,2.664135424324887,3.1969831057999984,2.664135424324887,3.1969831057999984,-0.006919099434750109,-0.007879419498237006,0.43716006578675676,0.5348164888718204,0.0006393443311893902,0.9726158989897666,37.29777372162401,FOLLOWING,WALKING,0.30001162080998506
15.4,PID,-1.4461631842471414,-1.4529666357243611,-1.7254009548590912,-0.3367790009376581,1.1517187007542635,0.3317187007542636,0.0846013131195904,0.28504673356154997,0.1566908915723315,0.45,-0.025726515154398097,0.2591143910063291,0.31097907611677084,2.657583497500811,3.189528985813034,2.657583497500811,3.189528985813034,-0.006551926824076126,-0.007454119986964436,0.4343287701174631,0.5314445344033003,0.0005996286806435854,0.966372933201407,37.34609236828408,FOLLOWING,WALKING,0.30000259050785366
15.45,PID,-1.4354924222009076,-1.4635099951157733,-1.7230550627672436,-0.3505847849823951,1.150586184771513,0.33058618477151314,0.08447189273253652,0.28439147087203687,0.15644090651776144,0.45,-0.025049752144532367,0.25850050084334736,0.3102824409007264,2.651287188136896,3.182384009238219,2.651287188136896,3.182384009238219,-0.006296309363915231,-0.007144976574815054,0.4320252897193698,0.5287080487655417,0.0005631535951607561,0.9612964920800723,37.39415719288809,FOLLOWING,WALKING,0.3000439273743636
15.5,PID,-1.4247424038737488,-1.4739773005728585,-1.7206074996936032,-0.3643299695754083,1.1494758786507475,0.32947587865074757,0.08435841913878828,0.2837522732519357,0.1562171509733613,0.45,-0.024424153604103684,0.2578983347658444,0.309606211738027,2.645111125803532,3.1754483255182255,2.645111125803532,3.1754483255182255,-0.006176062333363763,-0.006935683719993424,0.4302372661779928,0.5266029552038516,0.0005033441327138063,0.9573435655145581,37.44202437116382,FOLLOWING,WALKING,0.30013561405896577
15.55,PID,-1.413911831962706,-1.484369674789897,-1.7180591648480967,-0.378021977765991,1.1484134073208376,0.3284134073208377,0.08425587843412097,0.28314677508026803,0.15601401457427921,0.45,-0.023725713662804307,0.2573264556682248,0.30896709449231125,2.6392456991612803,3.168893276844218,2.6392456991612803,3.168893276844218,-0.005865426642251759,-0.00655504867400758,0.42775951033951914,0.5236732766747993,0.0004563666018282219,0.9518891536161467,37.48961882884463,FOLLOWING,WALKING,0.300277612077507
15.6,PID,-1.4029993651445893,-1.4946881886881553,-1.7154051766810707,-0.3916816680171902,1.147393056808083,0.32739305680808306,0.084163568456181,0.28257827833014393,0.1558303710162599,0.45,-0.022995598913107623,0.25678835192695293,0.3083682047333349,2.633726686430286,3.162750817777794,2.633726686430286,3.162750817777794,-0.005519012730994088,-0.0061424590664240775,0.42521004193475664,0.5206589862071564,0.0004120883104448807,0.946281116452358,37.536932884667245,FOLLOWING,WALKING,0.3004698618283827
15.65,PID,-1.3920036198154426,-1.5049338598160067,-1.7126539214863725,-0.40528083387362723,1.1463946858409786,0.32639468584097864,0.08407071659088605,0.2820298922021142,0.15565112769322287,0.45,-0.022329399407483342,0.25626963056888585,0.3077901538353426,2.628406467373188,3.156822090618898,2.628406467373188,3.156822090618898,-0.005320219057098008,-0.005928727158895697,0.42341683336529545,0.5185493650071223,0.000401751725215609,0.9423679500976334,37.584051282172126,FOLLOWING,WALKING,0.300712282617554
15.7,PID,-1.3809231718542438,-1.5151076507746943,-1.709802257916871,-0.4188309031828159,1.1454489920663815,0.32544899206638156,0.08400579311609269,0.2815206001311058,0.15551341249797457,0.45,-0.021577984146064093,0.255783130362691,0.3072580698995206,2.6234167216686255,3.1513648194822625,2.6234167216686255,3.1513648194822625,-0.004989745704562676,-0.005457271136635633,0.4208845471125364,0.5155677755064252,0.0003083984635087831,0.9367607210824704,37.63088931822625,FOLLOWING,WALKING,0.3010047726924179
15.75,PID,-1.3697565584107703,-1.5252104676701772,-1.7068500453001278,-0.4323357074745762,1.1445453947135587,0.3245453947135587,0.0839456286698681,0.2810500002194668,0.1553893074689034,0.45,-0.02080665598635052,0.2553330698333633,0.3067669306055703,2.6188007162396234,3.146327493390465,2.6188007162396234,3.146327493390465,-0.00461600542900209,-0.005037326091797745,0.4184413547318171,0.5126901039438501,0.0002776981610992002,0.9314091568367664,37.67745977606809,FOLLOWING,WALKING,0.3013472092845164
15.8,PID,-1.3585022797176434,-1.5352431585914865,-1.7037970057627365,-0.4458032663037642,1.1436814505690902,0.32368145056909026,0.083907476509814,0.28061490841266157,0.15530069971616978,0.45,-0.0200305459050145,0.2549126426096355,0.30631717421568766,2.6144886421501075,3.1417146073403863,2.6144886421501075,3.1417146073403863,-0.004312074089515949,-0.00461288605007848,0.4161912211844171,0.5100568232553393,0.0001981561823972312,0.9264462006221537,37.7237820860992,FOLLOWING,WALKING,0.30173944866106683
15.85,PID,-1.3471588009265374,-1.545206512116155,-1.7006428370530973,-0.4592284857427432,1.1428507018602387,0.3228507018602388,0.08387475618584328,0.28020764761348477,0.15522679839988462,0.45,-0.019279120124857725,0.25451761247830385,0.3058976827486657,2.6104370510595265,3.1374121307555454,2.6104370510595265,3.1374121307555454,-0.004051591090580953,-0.004302476584840953,0.41431402968820136,0.5078726073499252,0.00016518909203252992,0.9223518261301592,37.76989967740571,FOLLOWING,WALKING,0.30218132618529153
15.9,PID,-1.3357245539686444,-1.5551012558432538,-1.6973918017700762,-0.4726009436507801,1.1420592093066864,0.3220592093066864,0.08385346753726086,0.27982971733041045,0.15517402028241106,0.45,-0.01852028093301943,0.2541484169736714,0.3055110176871495,2.6066504304991938,3.1334463352528155,2.6066504304991938,3.1334463352528155,-0.003786620560332743,-0.0039657955027299074,0.41242385578707796,0.5056775481679411,0.00011793301446686205,0.9182193369694859,37.815810644254185,FOLLOWING,WALKING,0.30267265638552177
15.95,PID,-1.2588249397919162,-1.62024484166203,-1.6940412958589885,-0.485932102323149,1.1413194662446906,0.32131946624469065,0.0838478603725874,0.2794929415017324,0.1551482402597703,0.45,-0.01770068860053644,0.2538159077387404,0.30516997526472434,2.6032400793716963,3.129948464253583,2.6032400793716963,3.129948464253583,-0.003410351127497435,-0.0034978709992325996,0.41010746963828426,0.5029751184696427,5.7596042110606135e-05,0.9131401841500376,37.86146765346169,FOLLOWING,WALKING,0.3032132330330467
16.0,PID,-1.2579328351662011,-1.6202363086438343,-1.6896996036271328,-0.5024885571665012,1.2149397792544194,0.3949397792544195,0.12000347052987159,0.34670894611656083,0.20503110284862944,0.45,0.3101228401343838,0.3127762985951127,0.380641593638009,3.2079620368729507,3.9040163450052203,3.2079620368729507,3.9040163450052203,0.6047219575012543,0.7740678807516375,3.9685225070265964,4.845905466729292,0.14727655194970002,8.961704525705589,38.309552879746974,FOLLOWING,WALKING,0.30380282922867513
16.05,PID,-1.2499933158351626,-1.626145308994829,-1.684978446928909,-0.5197293855403768,1.1982414524125886,0.37824145241258866,0.11201417097172262,0.3618040369051588,0.20079599651103708,0.45,0.16842317720076483,0.32857229948258215,0.3950357743277354,3.3699723023854578,4.051648967463953,3.3699723023854578,4.051648967463953,0.16201026551250708,0.14763262245873232,1.3465132332544891,1.6354568850986329,0.01224565052237358,2.9942157688754953,38.45926366819075,FOLLOWING,WALKING,0.30444119749797294
16.1,PID,-1.2503431830020975,-1.6253060041355174,-1.6801637988354574,-0.536694774034326,1.1888516559883373,0.36885165598833736,0.10795675446500486,0.3571651043638016,0.19776884964642646,0.45,0.09005497394989141,0.32443435974731805,0.3898958489802852,3.3275318948442876,3.9989317844131813,3.3275318948442876,3.9989317844131813,-0.04244040754117018,-0.05271718305077133,0.7689727176929027,0.9402385104305644,0.008620925084997396,1.7178321532084644,38.54515527585117,FOLLOWING,WALKING,0.3051280698951368
16.15,PID,-1.2492147793567794,-1.6258033167630095,-1.6755001171214647,-0.5525630640255006,1.1703931698783097,0.3503931698783097,0.09952851921423167,0.3353225780128084,0.1869183434458924,0.45,-0.010974459203205195,0.3043875921725132,0.3662575638531036,3.1219240222821867,3.756487834390806,3.1219240222821867,3.756487834390806,-0.2056078725621009,-0.24244395002237518,1.5816390971325949,1.9174262252963619,0.029205484481565847,3.5282708069105224,38.7215688161967,FOLLOWING,WALKING,0.3058631581154607
16.2,PID,-1.2370360586422007,-1.6350889209397692,-1.6710852457787246,-0.5671125843509601,1.1548003417427724,0.3348003417427724,0.09221421623670323,0.30868010160882753,0.17570837217707752,0.45,-0.07716852197486322,0.2796003660135212,0.3377598372041339,2.8676960616771403,3.464203458503937,2.8676960616771403,3.464203458503937,-0.2542279606050464,-0.2922843758868692,1.6699082120517064,2.029663157029617,0.02836347557465148,3.727934844655975,38.9079655584295,FOLLOWING,WALKING,0.3066461536163477
16.25,PID,-1.2247559621860258,-1.6443073991352077,-1.6667748453317877,-0.5808868124440075,1.1528105448717627,0.33281054487176276,0.0913684529723473,0.29322205863046463,0.1724963900165957,0.45,-0.06894655337283562,0.26467390608271807,0.3217702111782112,2.7146041649509542,3.3002072941354994,2.7146041649509542,3.3002072941354994,-0.15309189672618606,-0.16399616436843756,1.0898291247038538,1.3365262340907744,0.007978396715723701,2.434333755510352,39.02968224620502,FOLLOWING,WALKING,0.307476727746816
16.3,PID,-1.2123727227572858,-1.6534589111541582,-1.6624618750649511,-0.5942396238194516,1.1516266917956024,0.33162669179560245,0.09063110647536177,0.28494970665152997,0.17009295104365435,0.45,-0.05898726516591708,0.25679932325380517,0.31310009004925476,2.6338392128595403,3.2112829748641514,2.6338392128595403,3.2112829748641514,-0.08076495209141399,-0.08892431927134803,0.7516568808852718,0.9275763908082546,0.005886835596877213,1.6851201072904036,39.11393825156954,FOLLOWING,WALKING,0.3083545318854455
16.35,PID,-1.1789035740551186,-1.6782485122530273,-1.65810046551822,-0.6073861577345607,1.1508804211067614,0.3308804211067614,0.09009608231245969,0.281081590974184,0.16838445607315544,0.45,-0.04929365786031582,0.25321396349407677,0.30894921845429124,2.597066292246941,3.1687099328645254,2.597066292246941,3.1687099328645254,-0.03677292061259907,-0.04257304199962597,0.5565791176655239,0.6899567087099372,0.004142649546880939,1.2506784759223422,39.17647217536566,FOLLOWING,WALKING,0.30927919758670674
16.4,PID,-1.1554130760037657,-1.6950483460508263,-1.6533143615544201,-0.6213884023346172,1.1731904547483896,0.3531904547483896,0.10060061020609634,0.3005340080568543,0.1821980230483321,0.45,0.059715094892116356,0.2703802352423553,0.3306877808713533,2.773130617870311,3.3916695473984952,2.773130617870311,3.3916695473984952,0.17606432562336982,0.22295961453396984,1.2924994525112974,1.5933750723450026,0.03624198615536948,2.9221165110116694,39.322578000916245,FOLLOWING,WALKING,0.3102503367356104
16.45,PID,-1.1456913512492777,-1.7014662167426784,-1.6480675196654146,-0.6362359251041536,1.18349117651704,0.36349117651704,0.10494344316220583,0.3195626878586469,0.1897563748609417,0.45,0.09190094979791177,0.288158007819161,0.35096736789813276,2.95546674686319,3.5996653117757207,2.95546674686319,3.5996653117757207,0.18233612899287888,0.20799576437722544,1.3605688795113842,1.6710433918590764,0.020653134334335462,3.0522654057047958,39.47519127120149,FOLLOWING,WALKING,0.31126754171061266
16.5,PID,-1.1507829373191871,-1.6972385468619888,-1.642626533081612,-0.6511928546517155,1.1777509876101888,0.35775098761018886,0.10190360681567201,0.3227722114966099,0.18731699869838067,0.45,0.04642590965222657,0.2917712482120279,0.3537731747811919,2.9925256226874652,3.628442818268635,2.9925256226874652,3.628442818268635,0.03705887582427536,0.028777506492914107,0.6167247135838713,0.7616241839510173,0.006579887349129131,1.3849287848840177,39.54443771044569,FOLLOWING,WALKING,0.31233038555470904
16.55,PID,-1.11575757597025,-1.7214470743360024,-1.6373823219736454,-0.6652196768866097,1.1559073115454293,0.3359073115454293,0.09136385893963284,0.30382772979746386,0.17325401619369152,0.45,-0.059899965156203994,0.27515419011740794,0.3325012694775198,2.8220942576144403,3.4102694305386643,2.8220942576144403,3.4102694305386643,-0.17043136507302492,-0.21817338772997052,1.2930889928127474,1.574626998204062,0.03508514205982532,2.902801133076635,39.68957776709953,FOLLOWING,WALKING,0.31343842215464296
16.6,PID,-1.1219128179483155,-1.7165594290634982,-1.630785261411186,-0.6758489565799846,1.1780104799049218,0.35801047990492185,0.10189905142336864,0.3141374441842513,0.1861002309590987,0.45,0.05053196795992674,0.28333785596052047,0.3449370324079822,2.906029291902774,3.5378157170049453,2.906029291902774,3.5378157170049453,0.08393503428833382,0.12754628646628108,0.9293298768535224,1.1447820627722272,0.034425842901010924,2.1085377825267604,39.79500465622587,FOLLOWING,WALKING,0.3145911864281552
16.65,PID,-1.1225277838516223,-1.7157260959304264,-1.6218077957719395,-0.6808396661604912,1.1584599480572173,0.33845994805721735,0.08630296083117273,0.3012605395648153,0.1655428316115215,0.45,-0.04660740512115572,0.2738632009331085,0.3286578781965221,2.808853342903677,3.370850032784842,2.808853342903677,3.370850032784842,-0.0971759489990971,-0.1669656842201035,1.012620626254189,1.2265926738801427,0.049005073419360834,2.288218373553693,39.909415574903555,FOLLOWING,WALKING,0.3157881945191958
16.7,PID,-1.1093779352362618,-1.7242547916627453,-1.613932413426235,-0.6863872021924141,1.149030222764012,0.32903022276401195,0.0735559387697109,0.2865915730030443,0.14559899953716324,0.45,-0.07784456728460465,0.26249493857964373,0.3106882074264448,2.692255780304038,3.186545717194306,2.692255780304038,3.186545717194306,-0.11659756259963894,-0.18430431559053595,1.0463197247796991,1.2478712948130195,0.04181474875627741,2.336005768348996,40.026215863321006,FOLLOWING,WALKING,0.31702894400101556
16.75,PID,-1.0959852716211023,-1.7327983939716205,-1.6055930712867608,-0.6909294389867112,1.1540122853481725,0.3340122853481725,0.07303793890303956,0.2845810704730418,0.1410759545958775,0.45,-0.038797687111685464,0.2612329999874241,0.30792914095865953,2.679312820383837,3.158247599575995,2.679312820383837,3.158247599575995,-0.012942959920201336,-0.028298117618311025,0.4954580883393815,0.5930981970417002,0.009188537511915828,1.0977448228929976,40.081103104465654,FOLLOWING,WALKING,0.31831291408705176
16.8,PID,-1.0788391848227197,-1.7436190511483947,-1.5960399973067458,-0.6985690991660742,1.1598237059318202,0.3398237059318202,0.07451878607587936,0.28985517504416264,0.14073721664429467,0.45,-0.004691945379065157,0.26656316568953187,0.3131471843987934,2.733981186559301,3.2117659938337786,2.733981186559301,3.2117659938337786,0.05466836617546411,0.05351839425778371,0.6500068824942759,0.7728079174039522,0.000686491725276792,1.4235012916235046,40.15227816904683,FOLLOWING,WALKING,0.3196395658495215
16.85,PID,-1.0482908525927488,-1.7627222588789013,-1.5872678829123494,-0.7080566269766252,1.1660300521737794,0.34603005217377947,0.06723109774726943,0.2988758411965522,0.12952922178924572,0.45,0.02364820606894953,0.277438754990432,0.32031292740267236,2.8455256922095593,3.2852607938735625,2.8455256922095593,3.2852607938735625,0.11154450565025842,0.07349480003978393,0.8499389495497898,0.9899526663613374,0.020905385060049686,1.8607970009711767,40.24531801909539,FOLLOWING,WALKING,0.32100834244562876
16.9,PID,-1.0226200617879468,-1.778262174503186,-1.5777718435759596,-0.7184462181055971,1.184405266084191,0.3644052660841911,0.06778738074534618,0.3203517850251159,0.12823621594387272,0.45,0.0992965419395907,0.29912869128640496,0.34157487876382686,3.067986577296461,3.5033320898854035,3.067986577296461,3.5033320898854035,0.22246088508690187,0.21807129601184094,1.5352271279422502,1.7622259247422325,0.0023876665459767405,3.2998407192304593,40.41031005505692,FOLLOWING,WALKING,0.32241866935129027
16.95,PID,-1.0036274960078484,-1.7892992033215984,-1.5675277524325546,-0.7296156786287077,1.1964127056569323,0.3764127056569323,0.06562594805228716,0.3410380864853546,0.12412161420145833,0.45,0.13028403683294126,0.32049595933501324,0.361580213635696,3.287138044461674,3.7085150116481636,3.287138044461674,3.7085150116481636,0.21915146716521283,0.2051829217627601,1.6074555474218473,1.822890755358386,0.007354238544930237,3.4377005413251633,40.58219508212318,FOLLOWING,WALKING,0.3238699546022846
17.0,PID,-0.9980759489280637,-1.7919810720235099,-1.5568428258930824,-0.7412304559299168,1.2003802196393432,0.3803802196393432,0.05974067993364396,0.3529577579915312,0.11491450007583981,0.45,0.11907861025230193,0.33393940822897966,0.3719761077540827,3.4250195715792784,3.8151395667085404,3.4250195715792784,3.8151395667085404,0.13788152711760437,0.10662455506037682,1.19467365400908,1.3396807374113382,0.015235645203167614,2.5495900366235857,40.70967458395436,FOLLOWING,WALKING,0.32536158904272017
17.05,PID,-0.9922031194826602,-1.7948868031219816,-1.5462368154804556,-0.7526620335335565,1.1900828878755907,0.37008288787559074,0.047131230758571396,0.34711899377488953,0.09575576333480013,0.45,0.047573056236285285,0.3312714149429801,0.36296657260679893,3.397655537876719,3.7227340780184504,3.397655537876719,3.7227340780184504,-0.027364033702559354,-0.09240548869009002,0.8521899476328312,0.9409862746790032,0.026417656240829417,1.8195938785526637,40.800654277881996,FOLLOWING,WALKING,0.3268929465807191
17.1,PID,-0.9929806736274142,-1.7939574681583035,-1.5360042015723776,-0.7637508067881903,1.1803329219523715,0.36033292195237154,0.03587275881849372,0.3335028224878397,0.07679387748491555,0.45,-0.005792866197861325,0.32079343576408614,0.34621220921159324,3.2901890847598576,3.550894453452238,3.2901890847598576,3.550894453452238,-0.10746645311686143,-0.17183962456621238,1.2347793062561756,1.3381741838919097,0.020968657039281156,2.5939221471873664,40.93035038524137,FOLLOWING,WALKING,0.32846338445121115
17.15,PID,-0.984330011473473,-1.7985739957737743,-1.5263612213146536,-0.7740652104703178,1.1645601388649491,0.3445601388649492,0.022579099128489988,0.31138842061784755,0.05427691764442934,0.45,-0.07391868121898923,0.3024055907476945,0.3203712504880006,3.1015958025404564,3.285858979364108,3.1015958025404564,3.285858979364108,-0.1885932822194012,-0.2650354740881298,1.5845278018327134,1.6822960319225782,0.017598976918055648,3.2844228106733473,41.09457152577504,FOLLOWING,WALKING,0.3300722434857243
17.2,PID,-0.9697826366251731,-1.8064594176070872,-1.517165689028006,-0.7838861246234323,1.1590582744650322,0.33905827446503223,0.015812335839797464,0.29540335102146875,0.03993655060334437,0.45,-0.08186477471044586,0.2887938518966153,0.30201285014632223,2.9619882245806695,3.097567693808433,2.9619882245806695,3.097567693808433,-0.13960757795978695,-0.1882912855556751,1.2186559586702392,1.2769574546284912,0.008246949033698114,2.5038603623324285,41.219764543891664,FOLLOWING,WALKING,0.33171884838906124
17.25,PID,-0.9550984120184024,-1.8142659708876576,-1.508133617752525,-0.7935278271612822,1.1598639340807517,0.3398639340807518,0.01329585939311384,0.28898920419470153,0.03219032138703326,0.45,-0.060309621964981824,0.2836617060051475,0.29431670238425556,2.9093508308220257,3.0186328449667235,2.9093508308220257,3.0186328449667235,-0.052637393758643736,-0.07893484884170965,0.7481212141369994,0.7782016883935479,0.0035906919553537605,1.5299135944859008,41.29626022361596,FOLLOWING,WALKING,0.33340250802274485
17.3,PID,-0.9402757215950935,-1.8219921945880655,-1.500363813760843,-0.8072671830104035,1.1609282048599519,0.3409282048599519,0.011520184249135035,0.2879035999086845,0.026702697084433385,0.45,-0.04235871370420533,0.2834843035412108,0.29232289627615826,2.9075313183713924,2.998183551550341,2.9075313183713924,2.998183551550341,-0.001819512450633276,-0.020449293416382464,0.49837949802713316,0.5155489356405627,0.0021100949203031625,1.0160385285879991,41.34706215004536,FOLLOWING,WALKING,0.33512251569511353
17.35,PID,-0.8850728006809442,-1.8508750944221142,-1.4936678904485432,-0.8196054117406554,1.1590364619403288,0.3390364619403289,0.00960093961552122,0.2868224091655429,0.02189799700063284,0.45,-0.04136346553562132,0.2831982906619382,0.29044652766914764,2.9045978529429557,2.9789387453245912,2.9045978529429557,2.9789387453245912,-0.0029334654284367545,-0.019244806225749755,0.4976193151562783,0.5116842310476108,0.0015150716355456458,1.0108186178394347,41.39760308093733,FOLLOWING,WALKING,0.3368781494579448
17.4,PID,-0.8785063476382905,-1.853597193621977,-1.4860809363090028,-0.8335031060190475,1.197457782849629,0.37745778284962894,0.03727096610820535,0.3227053953893695,0.058428130075769774,0.45,0.13679030888313326,0.3130355398618296,0.3323752509169094,3.2106209216597903,3.4089769324811217,3.2106209216597903,3.4089769324811217,0.3060230687168346,0.4300381871565304,2.3534855201531064,2.5029438243565147,0.030735178084789195,4.887164522594411,41.64196130706706,FOLLOWING,WALKING,0.3386686724094822
17.45,PID,-0.8662362382714425,-1.859232309746313,-1.478262019342219,-0.8477139151666553,1.1873242305119687,0.3673242305119687,0.03836039599384655,0.3303533143332896,0.06414080620771875,0.45,0.062108810643139604,0.3197380109059122,0.34096861776066706,3.279364214419612,3.4971140283145337,3.279364214419612,3.4971140283145337,0.06874329275982172,0.088137095833412,0.9156381076384477,0.9810054619510553,0.005276385398977843,1.9019199549884809,41.73705730481648,FOLLOWING,WALKING,0.3404933330037395
17.5,PID,-0.8663886365143514,-1.8586047803461416,-1.4704454845484656,-0.8618034042983066,1.1822626693202751,0.3622626693202752,0.042082488754221936,0.3283351488457717,0.07200766476939581,0.45,0.026174003058197625,0.3164178803264367,0.3402524173651067,3.2453115930916585,3.4897683832318633,3.2453115930916585,3.4897683832318633,-0.0340526213279535,-0.007345645082670327,0.6115436180164255,0.662727422674959,0.008157227243003778,1.2824282679343884,41.8011787182132,FOLLOWING,WALKING,0.34235136536595145
17.55,PID,-0.8299192144002029,-1.8759408590525464,-1.4629937886513136,-0.8751235978342466,1.165546077573841,0.34554607757384115,0.03915521544200118,0.31135052996254575,0.07030600336889707,0.45,-0.05313728129891453,0.2997148864049933,0.32298617352009823,3.0739988349230076,3.312678702770238,3.0739988349230076,3.312678702770238,-0.17131275816865088,-0.17708968046162532,1.316237268660624,1.4231801992502577,0.0017227729750490597,2.741140240885931,41.9382357302575,FOLLOWING,WALKING,0.34424198961403757
17.6,PID,-0.839766303030735,-1.8706509623170466,-1.4541389606489445,-0.8875291209662558,1.1842375635469953,0.3642375635469953,0.05483128342491095,0.3196321514077068,0.09279143526483477,0.45,0.04079545886872388,0.3042751688713766,0.33498913394403695,3.1207709627833498,3.43578598916961,3.1207709627833498,3.43578598916961,0.04677212786034213,0.12310728639937185,0.9002026458524376,0.997564316970422,0.03004495917370163,1.927811921996561,42.03462632635733,FOLLOWING,WALKING,0.3461644121859474
17.65,PID,-0.8325117267601896,-1.8736857299365273,-1.4448310774416577,-0.897969537435477,1.1593025133112718,0.3393025133112718,0.0393750838993745,0.300891854469848,0.07492045554809454,0.45,-0.07789376311957726,0.28849251907663837,0.31329118986305765,2.9588976315552653,3.213242972954437,2.9588976315552653,3.213242972954437,-0.16187333122808445,-0.2225430162151727,1.3484818307261914,1.4693002860257642,0.019280187957152403,2.837062304709108,42.17647944159279,FOLLOWING,WALKING,0.34811782617274617
17.7,PID,-0.8165276656084336,-1.8807063994831972,-1.4357657737129115,-0.9078887118238754,1.1519362289327137,0.3319362289327138,0.031040851587091245,0.285394488297087,0.06258859482344287,0.45,-0.09316878649892509,0.27503607585380724,0.2957529007403668,2.820882829269818,3.0333630845165827,2.820882829269818,3.0333630845165827,-0.1380148022854475,-0.17987988843785452,1.136080024221379,1.2255213255574509,0.011114407214126511,2.3727157569929567,42.29511522944244,FOLLOWING,WALKING,0.35010141165730285
17.75,PID,-0.8003924035338866,-1.887629728025668,-1.4267929898589489,-0.9177038746357548,1.153182590898615,0.3331825908986151,0.028036234518425074,0.280011184339794,0.05637701551375387,0.45,-0.06718766081919579,0.2706807882722677,0.2893415804073203,2.7762132130488997,2.9676059528955925,2.7762132130488997,2.9676059528955925,-0.04466961622091814,-0.06575713162099017,0.6656281605874489,0.714924579464877,0.005042740364744317,1.3855954804170703,42.364395003463294,FOLLOWING,WALKING,0.352114336058439
17.8,PID,-0.7719714315014957,-1.899724574440428,-1.4177494177077072,-0.9275973857044282,1.1546141587658334,0.33461415876583345,0.02575390115835441,0.28008496247193315,0.051423402814989305,0.45,-0.0461074768232122,0.27157438930605243,0.28859553563781387,2.785378351856948,2.959954211669886,2.785378351856948,2.959954211669886,0.009165138808048479,-0.007651741225706665,0.43006012185110576,0.4601149100319376,0.0036681353452513847,0.8938431672282947,42.40908716182471,FOLLOWING,WALKING,0.3541557544803924
17.85,PID,-0.7411611187037377,-1.9124168024713426,-1.408241848808768,-0.9379796835247933,1.1670734675024999,0.3470734675024999,0.03017015742922069,0.2929957410125281,0.056006362199971335,0.45,0.018857126519226088,0.2837266880684329,0.30226479395662337,2.9100173135223883,3.1001517328884445,2.9100173135223883,3.1001517328884445,0.1246389616654402,0.14019752121855866,1.0524434197776187,1.1247445356806187,0.003696118318988032,2.1808840737772255,42.51813136551357,FOLLOWING,WALKING,0.3562248100674493
17.9,PID,-0.7088661770632454,-1.9252608669052556,-1.3980366669243183,-0.9491070050769949,1.1808998260895425,0.3608998260895425,0.035553662114573115,0.3127366438139181,0.06335897028339252,0.45,0.07554453646798301,0.3022507342320166,0.32322255339581957,3.1000075305847856,3.3151031117519953,3.1000075305847856,3.3151031117519953,0.18999021706239727,0.21495137886355087,1.4653171984731965,1.5712673532210708,0.0067082929497058715,3.0432928446439735,42.67029600774577,FOLLOWING,WALKING,0.358320634363598
17.95,PID,-0.6989697600211435,-1.9285718730876504,-1.3870695983088035,-0.9610867030547787,1.1949193805682365,0.3749193805682366,0.04131226882372796,0.3349370172830961,0.07227196939345337,0.45,0.1206107781512798,0.32297600634847956,0.34689802821771265,3.3125744240869697,3.5579284945406426,3.3125744240869697,3.5579284945406426,0.21256689350218405,0.2428253827886473,1.7010863185943221,1.8323192245938866,0.00927590398396108,3.54268144717217,42.84743008010438,FOLLOWING,WALKING,0.3604423476770501
18.0,PID,-0.6871874249020492,-1.9325942820891033,-1.3759267558120176,-0.9731966680095055,1.1872274178458981,0.3672274178458982,0.035420845849428395,0.33729390975721846,0.06580409686109728,0.45,0.06023177097970973,0.3264033317267069,0.34818448778773003,3.3477264792482755,3.5711229516690257,3.3477264792482755,3.5711229516690257,0.03515205516130582,0.013194457128383075,0.6511423966489457,0.6993803085324966,0.006128820152703139,1.3566515253341456,42.91526265637109,FOLLOWING,WALKING,0.3625890594494783
18.05,PID,-0.6833025424402656,-1.9335220697609792,-1.364866447383608,-0.9851501477774534,1.1810189024075506,0.36101890240755063,0.03087302951828319,0.3312947638891027,0.05941789750825495,0.45,0.01966331343544475,0.32146110185148646,0.3411284259267189,3.2970369420665278,3.498753086427886,3.2970369420665278,3.498753086427886,-0.050689537181747735,-0.07236986524113975,0.8334694449300132,0.8886965010938279,0.005464145356048289,1.7276300913798892,43.00164416094009,FOLLOWING,WALKING,0.36475986862981546
18.1,PID,-0.6831219552154301,-1.9331627929545037,-1.354358140860528,-0.9965076339745711,1.1678778441807791,0.34787784418077916,0.02326761005131539,0.31533092939626406,0.04800130148406687,0.45,-0.04248327171814676,0.307386714000651,0.32327514479187713,3.152684246160523,3.3156425106859193,3.152684246160523,3.3156425106859193,-0.14435269590600486,-0.18311057574196665,1.2996445608914773,1.3700634139331058,0.007891365134575343,2.6775993399591584,43.13552412793805,FOLLOWING,WALKING,0.3669538640524579
18.15,PID,-0.6657405105819066,-1.9392172550622457,-1.344898444520117,-1.0069090049448894,1.1523371484783016,0.33233714847830165,0.01426507020790535,0.2930829536791471,0.03359530734450754,0.45,-0.10151601303105456,0.28752293031363113,0.2986429770446631,2.9489531314218578,3.063004892765775,2.9489531314218578,3.063004892765775,-0.20373111473866512,-0.2526376179201444,1.5101825732027812,1.5706854424283896,0.006969222730391952,3.087837238361563,43.28991598985613,FOLLOWING,WALKING,0.3691701248197137
18.2,PID,-0.6481997614363495,-1.9451506520151256,-1.335690576100518,-1.0169978486332512,1.1534531513971886,0.3334531513971887,0.013895802523567369,0.2837742945199988,0.030203746956168023,0.45,-0.0742720773211197,0.278775574398753,0.2887730146412446,2.859236660500031,2.9617745091409704,2.859236660500031,2.9617745091409704,-0.089716470921827,-0.10123038362480452,0.8675166324984063,0.9004496486188092,0.0014751047772859423,1.7694413858945013,43.37838805915085,FOLLOWING,WALKING,0.3714077206883358
18.25,PID,-0.6304991788394895,-1.950959962491219,-1.3265247523749029,-1.027035898955433,1.1550373356187387,0.3350373356187387,0.014219363066170998,0.281833691227689,0.028851655589933654,0.45,-0.05096180973565328,0.27705874222755494,0.286608640227823,2.84162812541082,2.939575797208441,2.84162812541082,2.939575797208441,-0.017608535089210786,-0.022198711932529314,0.5250454242467827,0.5448706872111946,0.0005617450717159148,1.070477856529693,43.431911951977334,FOLLOWING,WALKING,0.3736657124599787
18.3,PID,-0.5983005602194645,-1.9614069592610452,-1.3172791921944538,-1.0371566176446851,1.1567572235330024,0.3367572235330024,0.0149964252773237,0.2837852409489517,0.02890566787431745,0.45,-0.032182704771049404,0.2790013529157522,0.2885691289821512,2.861552337597458,2.95968337417591,2.861552337597458,2.95968337417591,0.01992421218663809,0.020107576967468788,0.5295728118318268,0.5494760401602234,2.248216061084918e-05,1.0790713341526612,43.48586551868497,FOLLOWING,WALKING,0.37594315237541315
18.35,PID,-0.5544912912467923,-1.9751202269661843,-1.3072278685957135,-1.0481010550590637,1.1709692426424296,0.3509692426424297,0.023269974879553068,0.29898850239100794,0.03985825388088662,0.45,0.03743037436006054,0.2923919613737212,0.3055850434082947,2.9988919115253454,3.1342055734184067,2.9988919115253454,3.1342055734184067,0.13733957392788732,0.1745221992424968,1.1967852484381207,1.2533302640038215,0.006286333733309861,2.456401846175252,43.60868561099373,FOLLOWING,WALKING,0.3782390845123338
18.4,PID,-0.5423609745088974,-1.9782417780377093,-1.2962008085594294,-1.0601775539241154,1.1941427468951658,0.3741427468951658,0.036802505754462866,0.32808291376958826,0.05980962634677692,0.45,0.13115911071288472,0.31818442060919666,0.33798140692997986,3.2634299549661194,3.4664759685126136,3.2634299549661194,3.4664759685126136,0.26453804344077403,0.33227039509420697,2.036827129809442,2.167778768646413,0.017183291504979673,4.221789189960834,43.81977507049178,FOLLOWING,WALKING,0.3805525451865944
18.45,PID,-0.5386267185573586,-1.9787672851062554,-1.284865809258017,-1.0725984685209875,1.1879042112050233,0.36790421120502337,0.03397816260264008,0.33550221671451325,0.05922203651685325,0.45,0.07485454931942377,0.325700969670974,0.3453034637580525,3.3405227658561434,3.5415739872620766,3.3405227658561434,3.5415739872620766,0.07709281089002396,0.07509801874946298,0.921654148602966,0.9813966430210074,0.0005010950356512527,1.9035518866596246,43.91495266482476,FOLLOWING,WALKING,0.38288256335669996
18.5,PID,-0.5097868203412794,-1.9867236213292154,-1.2738331380560042,-1.084614251774952,1.1738887105008253,0.3538887105008254,0.02687808508241485,0.3249769511184703,0.05087895525815474,0.45,-0.003281654629319744,0.3165564840232457,0.3333974182136949,3.2467331694691866,3.4194606996276398,3.2467331694691866,3.4194606996276398,-0.09378959638695683,-0.12211328763443685,1.0561805119064653,1.115913556353086,0.006112616516301097,2.1782066847758523,44.02386299906355,FOLLOWING,WALKING,0.3852281610313868
18.55,PID,-0.49726821110912284,-1.9896874259851731,-1.262949392438643,-1.096335518536168,1.18218784051056,0.36218784051055997,0.033101965965366964,0.3262189829925094,0.05900611173435381,0.45,0.033956481431962275,0.31645347150047387,0.3359844944845449,3.2456766307740907,3.4459948152261015,3.2456766307740907,3.4459948152261015,-0.00105653869509581,0.02653411559846175,0.5710938350618762,0.6104826433476513,0.006905547404887286,1.1884820258144149,44.083287100354276,FOLLOWING,WALKING,0.3875883536801212
18.6,PID,-0.4986536337736066,-1.988815146174083,-1.2521573049338155,-1.1079066418069266,1.1765820421819064,0.3565820421819065,0.032739299522662746,0.320886491829085,0.05939864216405202,0.45,0.0018205428708555765,0.3110560165509344,0.33071696710723564,3.190318118471122,3.3919688934075447,3.190318118471122,3.3919688934075447,-0.055358512302968954,-0.05402592181855681,0.7702332721855695,0.8230214470676767,0.00033574715326289685,1.593590466406509,44.162966623674606,FOLLOWING,WALKING,0.3899621506463408
18.65,PID,-0.48310599769740054,-1.9925818890951026,-1.2419769283288598,-1.118775666062049,1.1592098927796868,0.33920989277968683,0.025701820810200005,0.30205630694246133,0.050154546322002995,0.45,-0.07501743393049802,0.29375572952616985,0.3103568843587528,3.0128792771914856,3.183147531884644,3.0128792771914856,3.183147531884644,-0.17743884127963616,-0.20882136152290087,1.3784159958198663,1.4595669970571474,0.006676321436857103,2.844659314313871,44.3051995893903,FOLLOWING,WALKING,0.3923485555632688
18.7,PID,-0.4639578434163075,-1.997127214098666,-1.2321461571509633,-1.1292446890594887,1.157334180247325,0.337334180247325,0.028163617311507516,0.29131009235917205,0.05250935436455418,0.45,-0.06676673360818049,0.2826197942118383,0.3000003905065058,2.898664556018854,3.076927082118008,2.898664556018854,3.076927082118008,-0.11421472117263143,-0.10622044976663592,0.9472015865705894,1.0087437426109542,0.0017805520795222162,1.9577258812610658,44.40308588345335,FOLLOWING,WALKING,0.3947465667721244
18.75,PID,-0.44464961589274116,-2.0015146037057656,-1.2225274420690222,-1.1395757710598464,1.1590225893514208,0.3390225893514208,0.032770505650640214,0.28835955019690596,0.05870419533725124,0.45,-0.04464905215635917,0.2786440058685909,0.298075094525221,2.857887239677855,3.0571804566689336,2.857887239677855,3.0571804566689336,-0.040777316340999015,-0.01974662544907435,0.5747616215146758,0.618497963499627,0.005236749425439512,1.1984963344397424,44.46301070017534,FOLLOWING,WALKING,0.3971551777425543
18.8,PID,-0.40396239295769265,-2.0106260004719525,-1.212839132489062,-1.1500134430740512,1.1610480023150407,0.34104800231504073,0.03719657460084047,0.2897591170895938,0.06558066653510092,0.45,-0.025914443642032672,0.2789055167780346,0.300612717401153,2.860569402851637,3.0832073579605432,2.860569402851637,3.0832073579605432,0.002682163173781671,0.026026901291609672,0.5039721103730703,0.5473148651559755,0.006493875329727348,1.0577808508587732,44.515899742718275,FOLLOWING,WALKING,0.3995733774951097
18.85,PID,-0.3723636304648314,-2.017101971997988,-1.2024287397203235,-1.1613166351087494,1.1810738984948634,0.3610738984948635,0.05209854315672524,0.30971493282518847,0.08743858173280367,0.45,0.06790067715043338,0.2952438475484095,0.32418601810196745,3.028142026137533,3.32498480104582,3.028142026137533,3.32498480104582,0.16757262328589606,0.24177744308527682,1.4405115014432925,1.5876439817201928,0.02752164150513114,3.055677124668616,44.66868359895171,FOLLOWING,WALKING,0.4020001510255892
18.9,PID,-0.33931041095174713,-2.0234338611931895,-1.1913582624815087,-1.1733180833723225,1.1922150093158363,0.3722150093158364,0.061417842258912225,0.3295770167440854,0.10387670373667707,0.45,0.10198341578961814,0.31238542227566535,0.34676861121250546,3.203953048981183,3.5566011406410816,3.203953048981183,3.5566011406410816,0.17581102284365002,0.2316163395952615,1.5226946849524596,1.6978178230355991,0.02458854618312507,3.245101054171184,44.83093865166027,FOLLOWING,WALKING,0.4044344797310733
18.95,PID,-0.3316849944629764,-2.0242175015517736,-1.1791793932443269,-1.1759615107080985,1.2036122203585589,0.3836122203585589,0.07116429307510252,0.34854962007606116,0.12122532763994406,0.45,0.12969479290388047,0.32848682835165044,0.3686124118004719,3.369095675401543,3.7806401210304807,3.369095675401543,3.7806401210304807,0.16514262642035993,0.22403898038939918,1.5563076922379733,1.755750431804103,0.030284533681569747,3.342342657723646,44.99805578454645,FOLLOWING,WALKING,0.4068753418374676
19.0,PID,-0.3186079370338521,-2.026078800078197,-1.1668372915987253,-1.1782523871648185,1.1990767206346504,0.3790767206346505,0.06370240467565647,0.3516836321185963,0.11509936746830672,0.45,0.08120573967982996,0.33263468680259156,0.3707325774346011,3.4116378133599135,3.802385409585652,3.4116378133599135,3.802385409585652,0.042542137958370585,0.021745288555171438,0.7075335807846075,0.7974846769962407,0.010153355628837424,1.5151716134096855,45.07381436521694,FOLLOWING,WALKING,0.4093217128283771
19.05,PID,-0.31471537782485276,-2.026234954481295,-1.1513808450042609,-1.1889144489787689,1.1992925682997906,0.37929256829979063,0.0625447551620979,0.3512666391512406,0.114601843612259,0.45,0.06429020667688405,0.33230003403341174,0.3702332442690695,3.4082054772657613,3.797264043785328,3.4082054772657613,3.797264043785328,-0.0034323360941521663,-0.005121365800324185,0.5577787533436208,0.6303152960443916,0.0008210469764757296,1.188915096364488,45.13326012003517,FOLLOWING,WALKING,0.411772565875133
19.1,PID,-0.30506920867528436,-2.027487797171476,-1.1397322583230949,-1.200931891246906,1.18368692351717,0.36368692351717014,0.04142708652440885,0.33524065431429784,0.08590184226729675,0.45,-0.018518475835559656,0.32102389941906023,0.34945740920953544,3.292552814554464,3.5841785559952353,3.292552814554464,3.5841785559952353,-0.11565266271129726,-0.21308548779009273,1.3633583672301628,1.4903842467105117,0.03550151503592809,2.889244128976603,45.277722326484,FOLLOWING,WALKING,0.4142268722677888
19.15,PID,-0.28450926172132196,-2.030474936992771,-1.1290370635108602,-1.212277952787851,1.1746731767032779,0.3546731767032779,0.040136868609996545,0.3180938154150665,0.08041664866655156,0.45,-0.05410489713286174,0.3047848600607522,0.33140277076938074,3.1259985647256636,3.399002777121854,3.1259985647256636,3.399002777121854,-0.1665542498288004,-0.18517577887338144,1.3476359938188134,1.4708973353387544,0.006351852767891565,2.8248851819254592,45.41896658558028,FOLLOWING,WALKING,0.41668360184690584
19.2,PID,-0.2637982296883182,-2.0332694075735067,-1.1185692696678562,-1.2233063320485236,1.1758713845304236,0.35587138453042366,0.04693409447386132,0.3104634078315821,0.08733144366346181,0.45,-0.036929705324190945,0.2960100539052792,0.32491676175788503,3.036000552874658,3.3324796077731795,3.036000552874658,3.3324796077731795,-0.08999801185100553,-0.0665231693486743,0.8423996360272831,0.9305917967599389,0.00869585802792547,1.7816872908151473,45.50805095012104,FOLLOWING,WALKING,0.4191417234359484
19.25,PID,-0.24293771849979817,-2.035867199669743,-1.1081206572920599,-1.2342105633779834,1.1775711080446865,0.3575711080446865,0.053597107499029684,0.30847326615253756,0.09632505408346688,0.45,-0.021326386690112546,0.2925314697017238,0.32441506260335135,3.000322766171526,3.327333975418988,3.000322766171526,3.327333975418988,-0.03567778670313215,-0.0051456323541914095,0.5596152243867716,0.6271372656190233,0.012474864145621547,1.1992273541514165,45.56801231782861,FOLLOWING,WALKING,0.4216002052741051
19.3,PID,-0.18779951519953447,-2.042582840782012,-1.0975543929247646,-1.2451051925111274,1.179489245431188,0.3594892454311881,0.05991377654597263,0.3096204165890398,0.10617389528414345,0.45,-0.008194777117680891,0.2920486369195141,0.32719219625856555,2.9953706350719393,3.355817397523749,2.9953706350719393,3.355817397523749,-0.0049521310995865875,0.028483422104760958,0.5179804771541751,0.5875690178702236,0.015057933614075186,1.120607428638474,45.624042689260534,FOLLOWING,WALKING,0.4240580154493545
19.35,PID,-0.1633225532761526,-2.044801421488437,-1.085919713985584,-1.2569488238992932,1.2098035117474695,0.3898035117474695,0.08216770216088609,0.33816676861056716,0.13875094916308667,0.45,0.12699084563984525,0.3152034865240763,0.361130050697058,3.232856272041808,3.7038979558672613,3.232856272041808,3.7038979558672613,0.2374856369698688,0.34808055834351226,1.988648137168056,2.288871247584511,0.06508939891162063,4.342608783664188,45.84117312844375,FOLLOWING,WALKING,0.42651412233159663
19.4,PID,-0.14398109242008908,-2.0461831306287213,-1.0736317716803334,-1.2692711313897902,1.213217720146333,0.39321772014633305,0.08816709867140304,0.3541818633203781,0.15233383628142125,0.45,0.1140753765540786,0.32897061341580286,0.37939311322495334,3.374057573495414,3.891211417691829,3.374057573495414,3.891211417691829,0.14120130145360577,0.18731346182456754,1.3981662083864652,1.6245422619883347,0.029795519556192612,3.052503989930993,45.993798327940304,FOLLOWING,WALKING,0.4289674950056638
19.45,PID,-0.14961688241927537,-2.0450095682570644,-1.0610906081920546,-1.2816456101477836,1.2115455583718122,0.39154555837181226,0.09119267860074953,0.3585713410397525,0.16081925508818926,0.45,0.08162128190428994,0.3319557543226572,0.3851869277568478,3.4046744033093046,3.9506351564804905,3.4046744033093046,3.9506351564804905,0.03061682981389069,0.059423738788661584,0.7747124467308907,0.9118837648324907,0.019650509735266417,1.7062467212986476,46.079110664005235,FOLLOWING,WALKING,0.431417103704032
19.5,PID,-0.09100741900668625,-2.0495921772985635,-1.0491736118779422,-1.2932257174871926,1.1889107978794622,0.36891079787946224,0.08208585999725304,0.3385129791919638,0.151406725544643,0.45,-0.035928346280992535,0.3134551661143254,0.36357079226960226,3.2149247806597474,3.728931202765151,3.2149247806597474,3.728931202765151,-0.1897496226495572,-0.22170395371533935,1.5382722095535173,1.795713370591258,0.020521731992839676,3.3545073121376148,46.24683602961212,FOLLOWING,WALKING,0.433861920239052
19.55,PID,-0.10186079460078132,-2.0480447230046104,-1.0365144073475396,-1.305307989317551,1.2207262898328122,0.4007262898328122,0.10346719976735863,0.3561626483386715,0.18109382060749898,0.45,0.11196405449556378,0.32619162102813043,0.3861336756492126,3.3455550874680045,3.9603453912739752,3.3455550874680045,3.9603453912739752,0.13063030680825705,0.23141418850882411,1.4737584437789024,1.7591898771837635,0.07741655233445571,3.3103648732971216,46.412354273276975,FOLLOWING,WALKING,0.43630091843451513
19.6,PID,-0.0928907297915337,-2.0482053857169222,-1.0243728385986985,-1.3166984841972904,1.193832162152071,0.37383216215207116,0.0911564692595559,0.3391080790516462,0.16823321209157693,0.45,-0.03100219928871925,0.31126548245049024,0.36695067565280215,3.1924664866716945,3.7635966733620734,3.1924664866716945,3.7635966733620734,-0.15308860079630993,-0.19674871791190185,1.372825020665161,1.6313195497012027,0.031155573313235867,3.0353001436796,46.56411928046096,FOLLOWING,WALKING,0.4387330745563762
19.65,PID,-0.07090776479268689,-2.0490842048713165,-1.0127879585867183,-1.327386758881302,1.184382229687146,0.36438222968714606,0.08849876757230479,0.3213727227349225,0.16472808617861098,0.45,-0.06576141829087083,0.2941102244723624,0.3486352209974826,3.0165151227934603,3.575745856384437,3.0165151227934603,3.575745856384437,-0.17595136387823418,-0.18785081697763628,1.3270151837000188,1.585028088349924,0.008314454641794183,2.920357726691737,46.71013716679555,FOLLOWING,WALKING,0.4411573677424512
19.7,PID,-0.048795654608159364,-2.049729975838859,-1.0013625309165144,-1.337747188271682,1.1865856492516635,0.3665856492516636,0.09217141481078206,0.3146226695637177,0.1693941928997708,0.45,-0.04159886018300226,0.2865879306388056,0.3426574084886298,2.939363391167237,3.5144349588577413,2.939363391167237,3.5144349588577413,-0.07715173162622335,-0.06131089752669583,0.7722520678225145,0.9354655852872316,0.011381923901016777,1.7190995770107627,46.796092145646085,FOLLOWING,WALKING,0.4435727804309087
19.75,PID,-0.018454799111375313,-2.0503847920482574,-0.98986578177966,-1.347992042525503,1.1892447786859461,0.3692447786859462,0.09564746530656787,0.3141497590810419,0.1746403123840257,0.45,-0.020746941431898522,0.2852467873814857,0.34305273078059817,2.925608075707545,3.5184895464676735,2.925608075707545,3.5184895464676735,-0.013755315459691886,0.00405458760993227,0.47295847033382943,0.5813209185864059,0.013193048815692235,1.0674724377359275,46.849465767532884,FOLLOWING,WALKING,0.44597829878737727
19.8,PID,0.022026123279332448,-2.0508166490074355,-0.9779374452512265,-1.3584274461702166,1.198747209310911,0.3787472093109111,0.10272690952536179,0.3231056057555442,0.18533294477921133,0.45,0.025628080432964204,0.2924330033945847,0.3537782081165037,2.999312855329074,3.6284944422205503,2.999312855329074,3.6284944422205503,0.07370477962152888,0.11000489575287675,0.8955140186366731,1.0970685819972583,0.02853643750907499,2.0211190381430066,46.95052171944003,FOLLOWING,WALKING,0.448372913130488
19.85,PID,0.05968969724066267,-2.050580731258232,-0.9651289205610734,-1.3693979984991629,1.2162770846291273,0.39627708462912736,0.11387197724319176,0.34347987125105534,0.20259787336690002,0.45,0.09712135413786252,0.3099499232088334,0.37700981929327726,3.17897357137265,3.866767377366946,3.17897357137265,3.866767377366946,0.17966071604357614,0.2382729351463957,1.5365404645493266,1.8849392819094104,0.05036886454603789,3.4718486110047753,47.12411414999028,FOLLOWING,WALKING,0.4507556183556724
19.9,PID,0.0824174547036198,-2.049797884567024,-0.9513609700377252,-1.3809363789869769,1.230553986951476,0.41055398695147616,0.12272662723602024,0.36543194118335487,0.21804340417020535,0.45,0.13857302644586658,0.32934575779318587,0.40151812457352387,3.3779052081352394,4.118134611010501,3.3779052081352394,4.118134611010501,0.1989316367625893,0.2513672336435553,1.7224660051333895,2.1182149721537478,0.04849626406418512,3.8891772413513226,47.31857301205785,FOLLOWING,WALKING,0.45312541435704135
19.95,PID,0.0969229741222163,-2.048870490259845,-0.9371045091787806,-1.3926184633636203,1.2312893831701401,0.4112893831701402,0.12418291661065228,0.3748092011149534,0.22365342599377047,0.45,0.11132270398989763,0.3377945591129844,0.41182384311692244,3.4645595806459935,4.223834288378692,3.4645595806459935,4.223834288378692,0.08665437251075403,0.10569967736819041,1.0675833396918069,1.3207916087224285,0.018067688650658047,2.4064426370648935,47.4388951439111,FOLLOWING,WALKING,0.45548130644716533
20.0,PID,0.10807498586082896,-2.0479526032106588,-0.9228642052557895,-1.4040228071935528,1.2246957005832906,0.40469570058329063,0.12175174809783096,0.37106748774849,0.22273240134045155,0.45,0.05781950572998251,0.3342052753266453,0.40792970017033475,3.4277464136066182,4.183894360721382,3.4277464136066182,4.183894360721382,-0.036813167039375205,-0.03993992765730958,0.7447166153755861,0.9279801542998053,0.0029540452712756666,1.6756508149466671,47.52267768465843,FOLLOWING,WALKING,0.45782230577457883
20.05,PID,0.11285091254750239,-2.047266870350104,-0.9089741401326185,-1.4148995482149394,1.2155168439716575,0.39551684397165754,0.1178066393319257,0.3589847884287074,0.21829148429971656,0.45,0.004712245378201335,0.3228575477771043,0.3951120290803105,3.3113594643805566,4.052431067490364,3.3113594643805566,4.052431067490364,-0.11638694922606163,-0.13146329323101824,1.1614546369326548,1.439403300479079,0.013959566963624614,2.6148175043753583,47.6534185598772,FOLLOWING,WALKING,0.4601474297388371
20.1,PID,0.13237041662258256,-2.0460332506008236,-0.8957456893836243,-1.4250347672960717,1.2016716974236894,0.38167169742368945,0.11102386476742354,0.3393394647130152,0.2087915747864419,0.45,-0.05724309341606169,0.30478445908585905,0.3738944703401713,3.125994452162657,3.8348150804120134,3.125994452162657,3.8348150804120134,-0.18536501221789958,-0.2176159870783505,1.4732815353817843,1.8236579530630463,0.028562415373516198,3.3255019038183464,47.81969365506812,FOLLOWING,WALKING,0.4624557024029489
20.15,PID,0.15549673065007596,-2.044405722090932,-0.882839063283706,-1.4347105456582274,1.2011085894689824,0.3811085894689824,0.11138633271673315,0.32874659219904634,0.2079328105698058,0.45,-0.047127287865239065,0.29433371204974346,0.3631594723483492,3.0188073030742917,3.7247125369061456,3.0188073030742917,3.7247125369061456,-0.10718714908836535,-0.11010254350586779,0.981189897638716,1.226402990999527,0.0025713397034195845,2.2101642283416627,47.930201866485206,FOLLOWING,WALKING,0.46474615490301086
20.2,PID,0.17871680403169818,-2.042506865035637,-0.8699248296258026,-1.4441835321888024,1.2041052400556207,0.38410524005562074,0.11341041981794231,0.3264381671783031,0.20997881275193467,0.45,-0.02357402195367797,0.2916866736678579,0.3611896606887483,2.991658191465209,3.7045093403974185,2.991658191465209,3.7045093403974185,-0.02714911160908251,-0.02020319650872704,0.5731620301348863,0.7255794379274613,0.00618648637091442,1.3049279544332621,47.99544826420687,FOLLOWING,WALKING,0.4670178258548743
20.25,PID,0.20602290376845223,-2.0400075669786566,-0.8568215244245645,-1.453579367891689,1.2073276632583285,0.38732766325832857,0.11534683040091542,0.3286548775508805,0.21258324492094105,0.45,-0.004209075031954591,0.29347235051646475,0.3638374045852963,3.009972825809895,3.7316656880543206,3.009972825809895,3.7316656880543206,0.018314634344685832,0.027156347656902113,0.5725605377657297,0.7260004937953438,0.00797268443995949,1.306533716001033,48.06077495000692,FOLLOWING,WALKING,0.4692697617576731
20.3,PID,0.26994631404046254,-2.0337391284428845,-0.8433141980853852,-1.4630450987788797,1.2138930394500682,0.39389303945006826,0.11901349687317941,0.33603521887622606,0.2179666011809664,0.45,0.025604576718729653,0.2999617463807761,0.372108691371676,3.076530732110524,3.8164993986838565,3.076530732110524,3.8164993986838565,0.06655790630062919,0.08483371062953582,0.8420170050248864,1.0614838840356193,0.01689684288399339,1.9203977319444991,48.15679483660415,FOLLOWING,WALKING,0.4715010173940406
20.35,PID,0.2843952795202395,-2.031431831007539,-0.8281661735591198,-1.4733928362308086,1.2510158445650659,0.4310158445650659,0.13859614879064847,0.3731089653187042,0.24587400804084011,0.45,0.18331191234659652,0.3324168169879451,0.41380111364946326,3.409403251158411,4.244113986148341,3.409403251158411,4.244113986148341,0.33287251904788695,0.4276145874644848,2.5685772966845626,3.218687578507853,0.09880856609275428,5.886073441285169,48.45109850866841,FOLLOWING,WALKING,0.4737106562268514
20.4,PID,0.29942652619892385,-2.0289885225742648,-0.8124538103527307,-1.4838623332390881,1.2446688340958325,0.42466883409583256,0.13511868625285528,0.3837042279579288,0.24528665662742938,0.45,0.1150564455657189,0.3431092862860892,0.4242991696297684,3.5190696029342483,4.351786355177111,3.5190696029342483,4.351786355177111,0.10966635177583717,0.1076723690287702,1.154486051378365,1.4494146924406308,0.0020746002882371397,2.6059753441072333,48.58139727587377,FOLLOWING,WALKING,0.4758977507923198
20.45,PID,0.3175427235948267,-2.02606878442151,-0.7967355349713336,-1.4940606389036037,1.2383216242597523,0.4183216242597524,0.13193613423374695,0.3808058551032731,0.24276790001720105,0.45,0.0618163042625084,0.3406277676504263,0.4209839425561199,3.493618129747962,4.317784026216614,3.493618129747962,4.317784026216614,-0.02545147318628649,-0.03400232896049715,0.7130100159541114,0.902564864133722,0.008805214842041739,1.624380094929875,48.66261628062026,FOLLOWING,WALKING,0.47806138308928803
20.5,PID,0.35170069970930146,-2.0207482555726908,-0.7811800745463053,-1.5038872128447076,1.2347666599040632,0.41476665990406325,0.13019151267870854,0.3741008233970049,0.24088590159734038,0.45,0.03257487415972457,0.3342342066826451,0.4139674401113647,3.4280431454630262,4.2458198985781,3.4280431454630262,4.2458198985781,-0.06557498428493558,-0.07196412763851434,0.9082101754645112,1.1457010296889214,0.006528195160889773,2.0604394003143227,48.76563825063598,FOLLOWING,WALKING,0.4802006449645446
20.55,PID,0.35040747070961215,-2.020281052836808,-0.7653124682028292,-1.5136344564237885,1.2452165218016669,0.4252165218016669,0.13556183313434234,0.3784148614312959,0.24828430256942324,0.45,0.07138779419404064,0.3373238093560563,0.41950591350653543,3.459731378010834,4.302624753913184,3.459731378010834,4.302624753913184,0.031688232547807615,0.05680485533508417,0.7841843580130331,0.9969948945157983,0.02645145828694813,1.8076307108157796,48.85601978617677,FOLLOWING,WALKING,0.482314638494009
20.6,PID,0.3673130891599724,-2.017140323401614,-0.7500761222332492,-1.5227495454500142,1.2253659680861382,0.40536596808613823,0.1249301130245099,0.36129844462816396,0.23461456430949842,0.45,-0.03165995687697326,0.32246973423494196,0.40012715502138596,3.307381889589148,4.1038682566296,3.307381889589148,4.1038682566296,-0.15234948842168583,-0.19875649728358447,1.4278121300078728,1.791271046370131,0.04618252347951019,3.265265699857514,49.01928307116965,FOLLOWING,WALKING,0.48440247635962086
20.65,PID,0.3911694896938418,-2.0126500987736713,-0.7352697076293827,-1.5313747123580506,1.2218759720452619,0.40187597204526193,0.12289816570442613,0.34889093273745325,0.23041293492212073,0.45,-0.04005074894389464,0.31075759200784225,0.38702427346706425,3.187257353926587,3.9694797278673257,3.187257353926587,3.9694797278673257,-0.1201245356625611,-0.13438852876227392,1.1322074909163033,1.4287059640945616,0.013940780523850277,2.574854235534715,49.14802578294639,FOLLOWING,WALKING,0.4864632822217797
20.7,PID,0.41507129860332204,-2.007857018524168,-0.7205141975755354,-1.539736167304203,1.2249454121860677,0.4049454121860677,0.12415599270099181,0.3453512482137162,0.23092820482980841,0.45,-0.017734047556692535,0.3071326303143829,0.3835698661130495,3.1500782596346966,3.9340499088517897,3.1500782596346966,3.9340499088517897,-0.03717909429189037,-0.03542981901553599,0.6689038227037203,0.853881497280908,0.0017134611089059746,1.5244987810935344,49.22425072200107,FOLLOWING,WALKING,0.48849619108717623
20.75,PID,0.45569026389952544,-1.999405931803659,-0.7056018503122108,-1.5479592422617354,1.2282880568004748,0.40828805680047486,0.12544823597623272,0.34674525500316267,0.23221565321645146,0.45,0.0008750792091710407,0.30831356439583996,0.3851769456104854,3.162190404059897,3.9505327754921575,3.162190404059897,3.9505327754921575,0.012112144425200366,0.0164828666403678,0.5625512274009752,0.7214829598737835,0.004305105620449597,1.2883392928952082,49.28866768664583,FOLLOWING,WALKING,0.4905003496718592
20.8,PID,0.49299199395271065,-1.9909455459800076,-0.6898242206251328,-1.556413993328529,1.245954849915809,0.4259548499158091,0.13414303367004032,0.36350142379274963,0.2441599073697377,0.45,0.07841645149062304,0.323092959123058,0.40390988846244125,3.313773939723672,4.142665522691705,3.313773939723672,4.142665522691705,0.15158353566377514,0.19213274719954754,1.4114937551496776,1.7851609836766784,0.04199483502240379,3.23864957384876,49.45060016533827,FOLLOWING,WALKING,0.4924749167593907
20.85,PID,0.5346173642598104,-1.9808654051883747,-0.6730435243443271,-1.5651355027289215,1.260107879396825,0.44010787939682505,0.14065237436672884,0.3837677194476728,0.25474467949910273,0.45,0.1234381618791552,0.3416074749905713,0.4259279639047743,3.5036664101597057,4.3684919374848645,3.5036664101597057,4.3684919374848645,0.18989247043603363,0.22582641479315946,1.6942190190738353,2.1350785176058285,0.03882836712479175,3.8681259038044553,49.644006460528495,FOLLOWING,WALKING,0.4944190635539331
20.9,PID,0.5457144373746277,-1.9773184636386718,-0.6550940087898567,-1.5741640564562074,1.2772142238728323,0.4572142238728324,0.14845859824472352,0.4073678678538619,0.26770215368247374,0.45,0.17154968196017228,0.36306316141941253,0.4516725742883113,3.723724732506795,4.632539223469859,3.723724732506795,4.632539223469859,0.22005832234708933,0.2640472859849945,2.0052620221905797,2.5199281863401204,0.04994990993049729,4.5751401184611975,49.87276346645156,FOLLOWING,WALKING,0.49633197402812473
20.95,PID,0.5651451297430932,-1.9716899565681028,-0.637065622873417,-1.582937303350843,1.266678491334959,0.44667849133495896,0.14271376600436786,0.4066514443571567,0.2625527864188888,0.45,0.08745152876229192,0.3631989582048306,0.45010393050948283,3.7251175200495448,4.616450569328029,3.7251175200495448,4.616450569328029,0.0013927875427497405,-0.01608865414183036,0.634671248875913,0.8112219281106686,0.01946852241621721,1.465361699402799,49.9460315514217,FOLLOWING,WALKING,0.4982128452655957
21.0,PID,0.5738159120873719,-1.9687116215880973,-0.6191886063179919,-1.5913517687202474,1.2635027974208108,0.4435027974208109,0.14074646594872842,0.4008516286998323,0.2604249846177831,0.45,0.05423913921233639,0.3577512937455892,0.4439519636540754,3.6692440384162994,4.553353473375132,3.6692440384162994,4.553353473375132,-0.05587348163324535,-0.06309709595289625,0.9239890286820069,1.1707794419703195,0.00797951161904603,2.102747982271372,50.05116895053527,FOLLOWING,WALKING,0.5000608877979799
21.05,PID,0.5831820545544926,-1.9656227209224586,-0.6019249451917728,-1.5992144577457605,1.2512634572671173,0.43126345726711734,0.13412516061576213,0.3850101289757979,0.2512699742132353,0.45,-0.01154656809062845,0.34342494824350744,0.42659530970808834,3.522307161471871,4.375336509826547,3.522307161471871,4.375336509826547,-0.14693687694442836,-0.17801696354858532,1.4528952407457338,1.82714991540412,0.03312546088712517,3.313170617036979,50.21682748138712,FOLLOWING,WALKING,0.5018753259362826
21.1,PID,0.607241328418708,-1.9583237625125451,-0.5854272541449832,-1.6064880261481644,1.2404570190747275,0.42045701907472754,0.12806215363102852,0.3663344300660757,0.24164765374467273,0.45,-0.056554651157204636,0.32634174337133237,0.406327116760819,3.347094803808537,4.1674576078032715,3.347094803808537,4.1674576078032715,-0.1752123576633342,-0.20787890202327564,1.5297156257186213,1.925157258036451,0.03348304077322739,3.4883559245283,50.391245277613535,FOLLOWING,WALKING,0.5036553980964662
21.15,PID,0.6312931518282879,-1.9507031927527354,-0.5691586477819501,-1.6134279220097127,1.2434816979825438,0.42348169798254387,0.12897394844836113,0.35948592889565234,0.24101286278168374,0.45,-0.03080404070822798,0.3195983001052837,0.399373557686021,3.2779312831311143,4.096139053189959,3.2779312831311143,4.096139053189959,-0.0691635206774226,-0.07131855461331238,0.873053560964467,1.1110863073648911,0.0022030961365139936,1.986342964465872,50.49056242583683,FOLLOWING,WALKING,0.5054003571191119
21.2,PID,0.6553312186365152,-1.9427596309480464,-0.5528127356546488,-1.620168418456858,1.2469318872505581,0.4269318872505582,0.12988884657222044,0.3593476277852117,0.24131099893172334,0.45,-0.008846318973155012,0.31941065746201147,0.3992845981084119,3.2760067432001176,4.095226647265763,3.2760067432001176,4.095226647265763,-0.001924539930996616,-0.000912405924196058,0.5188570915570123,0.6687352731511708,0.0010359868634454543,1.1886283515716287,50.54999384341541,FOLLOWING,WALKING,0.5071094705830306
21.25,PID,0.7014669612110841,-1.9271545446637688,-0.5362282938348661,-1.6267750156567176,1.2504706732534054,0.4304706732534055,0.13079336387141322,0.3627449893046298,0.24215257969536316,0.45,0.008670529613466964,0.3226687373650472,0.40282124124421237,3.3094229473338173,4.13149991019705,3.3094229473338173,4.13149991019705,0.03341620413369961,0.036273262931286965,0.6983266018312357,0.8921728351838522,0.0029345897222981965,1.593434026737386,50.62966554475228,FOLLOWING,WALKING,0.5087820211126852
21.3,PID,0.7413972047747702,-1.9127466740383687,-0.5185045333845367,-1.6335743988430598,1.2736237300748434,0.45362373007484347,0.14152471830321747,0.3853722916918572,0.25688790619795365,0.45,0.10863646311282989,0.3428573432160959,0.42788724016761853,3.5164855714471375,4.388587078642241,3.5164855714471375,4.388587078642241,0.20706262411332022,0.2570871684451914,1.8342538739519751,2.3121194207155673,0.054508711282468314,4.200882005950011,50.83970964504978,FOLLOWING,WALKING,0.5104173066792994
21.35,PID,0.7608860257682143,-1.904901156184932,-0.49950776542019504,-1.640571065722142,1.2904609831585643,0.4704609831585643,0.14871361017905244,0.410581194519113,0.26878170605180546,0.45,0.15882035479637807,0.3660978221675392,0.4550645668706868,3.754849458128607,4.667328890981403,3.754849458128607,4.667328890981403,0.23836388668146968,0.2787418123391614,2.1199028477618778,2.6606210911295873,0.04603443575266018,4.826558374644125,51.08103756378199,FOLLOWING,WALKING,0.5120146408955227
21.4,PID,0.7655381731328831,-1.902380199622681,-0.4800567116470476,-1.6474407216745064,1.2878132262057096,0.46781322620570964,0.14661234823158184,0.4182812161016498,0.26841735367607267,0.45,0.11222974614861445,0.3738581440682598,0.46270428813503983,3.834442503264203,4.745685006513229,3.834442503264203,4.745685006513229,0.07959304513559573,0.0783561155318262,1.0866072009524952,1.3707826062957158,0.0014082984071968944,2.458798105655408,51.20397746906476,FOLLOWING,WALKING,0.5135733533035333
21.45,PID,0.8104904286953634,-1.8844182393848705,-0.4611472446684811,-1.6538449115056135,1.2714168295277584,0.4514168295277584,0.13802608797532676,0.40500844687908816,0.25769451074338207,0.45,0.015395056612934888,0.36236000535105845,0.44765688840711787,3.716512875395471,4.5913527016114655,3.716512875395471,4.5913527016114655,-0.11792962786873185,-0.15433230490176353,1.383749735083635,1.7335744457219429,0.03979033579177628,3.1571145165973538,51.36183319489463,FOLLOWING,WALKING,0.5150927896564513
21.5,PID,0.8164389933874925,-1.8811984289898307,-0.4416666039238863,-1.660153194929779,1.292372404474626,0.47237240447462614,0.14765500299500367,0.41524736772892407,0.27004391427492525,0.45,0.1042126739243059,0.37055509991642394,0.4599396355414242,3.8005651273479377,4.7173295952966585,3.8005651273479377,4.7173295952966585,0.08405225195246668,0.12597689368519305,1.2314668274665688,1.554466792283771,0.04802229026810579,2.833955910018446,51.503530990395554,FOLLOWING,WALKING,0.5165723121929505
21.55,PID,0.8236315431501672,-1.8776263232807542,-0.42260306861954244,-1.6660535890293597,1.2773764869790287,0.4573764869790288,0.13959942723462881,0.404912502231292,0.2601743562319405,0.45,0.015303848680331134,0.36185364627490585,0.44797135818767814,3.711319448973393,4.594578032694135,3.711319448973393,4.594578032694135,-0.08924567837454456,-0.12275156260252373,1.2062904031718444,1.5177252013079316,0.03697640510583291,2.760992009585609,51.64158059087484,FOLLOWING,WALKING,0.5180112999049492
21.6,PID,0.8463625994342325,-1.8674700372535933,-0.404346924668875,-1.6714555979272785,1.2640663469341356,0.4440663469341356,0.13234290535305415,0.3865591524656719,0.24939418969621652,0.45,-0.04662761422687083,0.34528441407094806,0.42783389086039575,3.5413786058558774,4.388039906260469,3.5413786058558774,4.388039906260469,-0.16994084311751578,-0.20653812643366543,1.6042720815895097,2.010107344208393,0.03871455693072651,3.6530939827286293,51.82423529001127,FOLLOWING,WALKING,0.5194091487982687
21.65,PID,0.8699829873425547,-1.8565838498423748,-0.3864086218287409,-1.6765228415474247,1.2659762928691167,0.4459762928691168,0.1325771490360893,0.37862635362635894,0.24789352006157847,0.45,-0.027965776983042215,0.3375999760561677,0.41965273119655017,3.4625638569863355,4.304130576374873,3.4625638569863355,4.304130576374873,-0.07881474886954187,-0.0839093298855964,0.9864646524656019,1.2479554791129073,0.005356890405791179,2.2397770219843003,51.93622414111049,FOLLOWING,WALKING,0.5207652721461516
21.7,PID,0.8962311196151305,-1.8441164992948091,-0.3684516586459579,-1.681337431406258,1.2692288376428547,0.4492288376428547,0.13328729637043743,0.3775782279910159,0.24782320564505358,0.45,-0.007502109042326234,0.33656348745675957,0.4185929685252723,3.4519332046847135,4.293261215643818,3.4519332046847135,4.293261215643818,-0.010630652301621968,-0.010869360731055266,0.6008894746925313,0.7690144806090239,0.00025092783513012246,1.3701548831366852,52.004731885267326,FOLLOWING,WALKING,0.5220791007355325
21.75,PID,0.9383251938238649,-1.8236143443400887,-0.3502021973784134,-1.6859886329521543,1.2751155063651491,0.4551155063651492,0.13522053555678523,0.38249267089613975,0.24999439277831584,0.45,0.020049697325080905,0.34111859889132845,0.42386674290095105,3.498652296321317,4.347351209240523,3.498652296321317,4.347351209240523,0.046719091636603594,0.05408999359670563,0.8276167456821819,1.0505165849958784,0.007816098369426936,1.8859494290474872,52.099029356719704,FOLLOWING,WALKING,0.5233500831059554
21.8,PID,0.9736297232794371,-1.805505285550532,-0.3308767402449522,-1.690645451935857,1.2958563478694636,0.4758563478694636,0.14432488941703758,0.40348008344333675,0.26262384030615893,0.45,0.10689846653254531,0.36001583787266744,0.44694432901400605,3.692470132027358,4.584044400143652,3.692470132027358,4.584044400143652,0.19381783570604094,0.23669319090312868,1.8325353377153475,2.299536667071287,0.04776183375418411,4.1798338385408185,52.30802104864675,FOLLOWING,WALKING,0.524577685781042
21.85,PID,1.0036347315151968,-1.7893352019507183,-0.31044455392594683,-1.6952781645384807,1.3095533187903803,0.48955331879038033,0.14978391804257424,0.42494904973019715,0.27190818185554383,0.45,0.143647475947418,0.37994824563310464,0.46994985382728965,3.8969050834164576,4.819998500792714,3.8969050834164576,4.819998500792714,0.2044349513890995,0.23595410064906197,1.9689636118423344,2.462064807419,0.03635263339803497,4.46738105265937,52.53139010127972,FOLLOWING,WALKING,0.5257613934924114
21.9,PID,1.0169976760070207,-1.7813193611123779,-0.2891934628153241,-1.699788054926818,1.3174411162220017,0.4974411162220017,0.15254703766867575,0.4403620771043009,0.27779811354885137,0.45,0.14675133993811962,0.394386489311966,0.4863376648966358,4.044989633968882,4.98807861432447,4.044989633968882,4.98807861432447,0.14808455055242442,0.16808011353175623,1.6532965415676653,2.0669876978794357,0.023561451551986596,3.743845690999087,52.71858238582968,FOLLOWING,WALKING,0.5269007093959548
21.95,PID,1.031828968489792,-1.772434055659427,-0.26803156222277197,-1.703976188767242,1.308733221487992,0.48873322148799214,0.14776861421861295,0.43728690854314517,0.2729694516430442,0.45,0.07615130832209174,0.3921104642962214,0.48246335279006897,4.0216457876535525,4.9483420798981435,4.0216457876535525,4.9483420798981435,-0.023343846315329486,-0.03973653442632674,0.8449544114929639,1.0671684921218567,0.0189803115734086,1.9311032151882292,52.81513754658909,FOLLOWING,WALKING,0.5279951552803803
22.0,PID,1.0394950066174982,-1.767438834671428,-0.24731744595474262,-1.707788158422813,1.3016619679639476,0.48166196796394767,0.143846473396366,0.4269994013620728,0.2677178911728993,0.45,0.02828450498543631,0.382692090372958,0.47130671235118765,3.925047080748287,4.83391499847372,3.925047080748287,4.83391499847372,-0.09659870690526562,-0.1144270814244237,1.277801252634156,1.6000440485535399,0.020245488399851547,2.8980907895875476,52.96004208606847,FOLLOWING,WALKING,0.5290442717679341
22.05,PID,1.05549702783997,-1.7577542530120638,-0.2274893155534865,-1.7111744108887226,1.2881942754382596,0.46819427543825964,0.13675626274233305,0.4081670496608981,0.25729263431448485,0.45,-0.03719593322438614,0.3655851186818509,0.45074898063994534,3.7495909608394964,4.623066468102003,3.7495909608394964,4.623066468102003,-0.1754561199087905,-0.2108485303717167,1.7321723031320617,2.159914484145815,0.03862572192729453,3.930712509205171,53.15657771152873,FOLLOWING,WALKING,0.5300476185072179
22.1,PID,1.0781529435548602,-1.743949603648282,-0.2083079665429619,-1.7142032451106133,1.2838316240949776,0.4638316240949777,0.13391919876812433,0.39414498375923185,0.2516600667336093,0.45,-0.04820849382546152,0.3524952427148195,0.4357947248036442,3.6153358227160974,4.469689485165581,3.6153358227160974,4.469689485165581,-0.13425513812339895,-0.15337698293642177,1.3874646598230442,1.7382538471690967,0.020411889599299456,3.14613039659144,53.31388423135831,FOLLOWING,WALKING,0.5310047743580202
22.15,PID,1.1006677408014354,-1.7298278856926987,-0.18930394811417173,-1.7169580310855668,1.2868047711506079,0.4668047711506079,0.1345074401300483,0.3897962090995908,0.25090802020803266,0.45,-0.02452077813908715,0.3482709317551614,0.4313214864440202,3.5720095564631937,4.423810117374566,3.5720095564631937,4.423810117374566,-0.0433262662529037,-0.045879367791015646,0.8140358655325693,1.030764448566205,0.002717200869649382,1.8475175149684238,53.40626010710673,FOLLOWING,WALKING,0.5319153375680835
22.2,PID,1.1230347141368429,-1.7153912150307256,-0.17021703309700392,-1.7194797295509594,1.2900358876253764,0.4700358876253764,0.13510319896041437,0.3908024587779013,0.2509024650069605,0.45,-0.004909294459506866,0.34927810081924937,0.43232681673655327,3.582339495582045,4.434121197297982,3.582339495582045,4.434121197297982,0.010329939118851161,0.010311079923416067,0.6239793398539872,0.7950058670290558,2.0070916453606497e-05,1.4190052777994966,53.47721037099671,FOLLOWING,WALKING,0.5327789259417343
22.25,PID,1.1809878611014561,-1.677467405932942,-0.15092028463177226,-1.7217847159038968,1.2932582099775665,0.4732582099775665,0.13569926872477944,0.3944722903197227,0.2513404225097068,0.45,0.010348968671220926,0.35287545039436624,0.43606913024507915,3.6192353886601665,4.47250389994953,3.6192353886601665,4.47250389994953,0.03689589307812158,0.03838270265154797,0.7862927399449158,0.9945660701705106,0.0015851005024542333,1.7824439106178807,53.566332566527606,FOLLOWING,WALKING,0.5335951770003033
22.3,PID,1.1970912758355583,-1.6657087310906262,-0.12973958484438292,-1.7240223512847757,1.3326452388515064,0.5126452388515065,0.15323545270698927,0.43175115727131275,0.2754216462576106,0.45,0.18137512260888572,0.3861688748156782,0.4773334397269473,3.96070640836593,4.895727586943049,3.96070640836593,4.895727586943049,0.34147101970576355,0.4232236869935191,3.01008938360286,3.7481599227867557,0.09550786015505446,6.8537571665446695,53.909020424854845,FOLLOWING,WALKING,0.5343637481342723
22.35,PID,1.2172113322558227,-1.6509853126979033,-0.10790327613664505,-1.7260266870385135,1.32811167119065,0.50811167119065,0.1501276233792748,0.44421258262123536,0.27435841828549246,0.45,0.12152489792716281,0.39880626439498634,0.4896189008474844,4.090320660461399,5.021732316384455,4.090320660461399,5.021732316384455,0.12961425209546862,0.12600472944140595,1.4787127001038913,1.8434958820966285,0.004200559843784067,3.326409142044304,54.07534088195706,FOLLOWING,WALKING,0.5350843167470776
22.4,PID,1.2209078329473397,-1.6474778644477186,-0.08590634661899284,-1.7277422329414427,1.3272377078873439,0.5072377078873439,0.1490532107132605,0.4471140325329863,0.2742268027928591,0.45,0.09094398184864005,0.4017294966707681,0.4924985683952045,4.120302529956596,5.051267368155943,4.120302529956596,5.051267368155943,0.02998186949519699,0.02953505177148852,0.8566063250586935,1.078368195989142,0.0005197319386970516,1.9354942529865327,54.17211559460639,FOLLOWING,WALKING,0.5357565803905165
22.45,PID,1.2647521091452174,-1.6151229829381437,-0.06472384425176872,-1.7291136985765199,1.3092767731710981,0.4892767731710982,0.14012039577372762,0.4303467439722212,0.26250817298697277,0.45,-0.008091806909540769,0.38690164134287724,0.4737918466015652,3.9682219624910484,4.859403554887848,3.9682219624910484,4.859403554887848,-0.1520805674655472,-0.1918638132680952,1.7065461028714852,2.1157851632992344,0.04429779984365561,3.866629066014375,54.36544704790711,FOLLOWING,WALKING,0.5363802568916951
22.5,PID,1.262096686800496,-1.6160866321156953,-0.04289658825158239,-1.7302222812387626,1.3343538488394204,0.5143538488394205,0.1511901615436242,0.44283968132106405,0.2764702734271995,0.45,0.10402752355117473,0.3970838510688625,0.4885955115732656,4.072654882757564,5.011236016136057,4.072654882757564,5.011236016136057,0.10443292026651552,0.15183246124820915,1.4739592044113783,1.8418674986358243,0.05558552245911527,3.371412225506318,54.53401765918243,FOLLOWING,WALKING,0.5369550844714662
22.55,PID,1.2749114554035628,-1.6057318489217862,-0.021922143200850883,-1.7310155543285615,1.309974959429337,0.4899749594293371,0.1390828529859835,0.42558427922286096,0.2610547977890573,0.45,-0.026125645034449016,0.382379710188772,0.46878884825694994,3.921843181423302,4.808090751353332,3.921843181423302,4.808090751353332,-0.1508117013342618,-0.20314526478272477,1.716305800730092,2.129718920110693,0.05794968780773689,3.903974408648522,54.72921637961486,FOLLOWING,WALKING,0.5374808218543076
22.6,PID,1.2958606979837162,-1.588873513273528,-0.0017275839189408795,-1.7315205137689074,1.3028712097938635,0.48287120979386355,0.13508914902692348,0.40976983971121334,0.2540428784195593,0.45,-0.05163450152295343,0.36772574333277624,0.4518139360896504,3.7715460854643714,4.6339890880989785,3.7715460854643714,4.6339890880989785,-0.1502970959589307,-0.17410166325435394,1.5597005265085182,1.9403380266007346,0.02565112579017283,3.5256896788994254,54.90550086355984,FOLLOWING,WALKING,0.5379572483695936
22.65,PID,1.3166043601935438,-1.571727377276466,0.018185597383576356,-1.731767812419465,1.3054054987173211,0.4854054987173212,0.13557500752179935,0.40405760108164046,0.25306218205458764,0.45,-0.02912403992469022,0.3621758099516062,0.4459393922116747,3.7146236918113456,4.573737356017176,3.7146236918113456,4.573737356017176,-0.05692239365302587,-0.060251732081802345,0.9311944265927382,1.1701361062428637,0.0035737511335592947,2.104904283969161,55.0107460777583,FOLLOWING,WALKING,0.5383841640442186
22.7,PID,1.3462822571473232,-1.5467023174530552,0.038095804069703795,-1.731766072240691,1.308244711243935,0.4882447112439351,0.13607057133436612,0.40401005218792396,0.2528466928602262,0.45,-0.010224216024157394,0.36216392451955653,0.4458561798562914,3.7145017899441695,4.572883895961962,3.7145017899441695,4.572883895961962,-0.00012190186717608853,-0.0008534600552136951,0.5926560171149331,0.7531642492924544,0.0007845945140361751,1.3466048609214236,55.07807632080437,FOLLOWING,WALKING,0.538761389686533
22.75,PID,1.378844582336253,-1.518341019598207,0.058605284119228926,-1.731497064126185,1.3212117125396297,0.5012117125396297,0.14132115902473305,0.415991650628742,0.25964604951627307,0.45,0.04907991720221272,0.3730202294337988,0.4589630718236852,3.825848507013321,4.707313557166001,3.825848507013321,4.707313557166001,0.11134671706915134,0.13442966120403899,1.3474984908963061,1.6828544583557132,0.025422135767923956,3.055775085019943,55.23086507505537,FOLLOWING,WALKING,0.5390887669615556
22.8,PID,1.4110605074754663,-1.489244220662016,0.08013004016944282,-1.7309265196764128,1.3373358979237018,0.5173358979237018,0.14787522163430455,0.4360886685241942,0.26940989378927505,0.45,0.10922875110764224,0.3915013311020692,0.4806760059463192,4.01539826771353,4.930010317398145,4.01539826771353,4.930010317398145,0.189549760700209,0.2226967602321439,1.9430639304795407,2.4127018771166524,0.03787885797932803,4.393644665575521,55.45054730833415,FOLLOWING,WALKING,0.5393661584574334
22.85,PID,1.426410955759805,-1.474256666428408,0.10274822927305464,-1.7300111836321208,1.3526959164794998,0.5326959164794999,0.15395491302061112,0.4584366462484251,0.27946357439605357,0.45,0.15278250750947142,0.41218542468587827,0.504687867810972,4.227542817291059,5.176285823702276,4.227542817291059,5.176285823702276,0.2121445495775296,0.24627550630413086,2.2041915678992736,2.728320907049619,0.04045878026217463,4.972971255211068,55.69919587109471,FOLLOWING,WALKING,0.5395934477431173
22.9,PID,1.4410556635677196,-1.4596356752130282,0.12558401368015004,-1.7287703498822964,1.348144423480082,0.528144423480082,0.15122298434277534,0.46293096150437507,0.277834718697471,0.45,0.0991437866599491,0.41694931555994363,0.5089126074488065,4.276403236512242,5.2196164866544255,4.276403236512242,5.2196164866544255,0.04886041922118256,0.04333066295214927,1.002648565161457,1.2533342878092548,0.0065167583733281255,2.26249961134404,55.812320851661916,FOLLOWING,WALKING,0.5397705394172332
22.95,PID,1.4503118079960138,-1.4498630426791974,0.14814496548625355,-1.7272332504264327,1.3427207955369043,0.5227207955369043,0.14827775527523787,0.4578484352638653,0.2745414235189346,0.45,0.05346819064477906,0.41241182967148166,0.503285040856249,4.229864919707504,5.161897854935887,4.229864919707504,5.161897854935887,-0.04653831680473797,-0.057718631718538305,1.0305826060972234,1.286533499377798,0.013019701627921095,2.330135807102942,55.92882764201706,FOLLOWING,WALKING,0.5398973591481244
23.0,PID,1.4558188738147382,-1.4437420789468551,0.16994969902280704,-1.7254534662644776,1.3313800050615088,0.5113800050615088,0.14260708268290356,0.44327989952121805,0.2666248648376154,0.45,-0.008194289388811775,0.3991534843905927,0.48740631465184336,4.093881891185566,4.999039124634291,4.093881891185566,4.999039124634291,-0.1359830285219381,-0.16285873030159603,1.6188625894648594,2.003942585702875,0.03039481999275499,3.653199995160489,56.11148764177509,FOLLOWING,WALKING,0.5399738537050522
23.05,PID,1.4744526037500807,-1.4246976904086062,0.19066054268727028,-1.7234968658484686,1.3163665296658456,0.4963665296658456,0.13508534052876103,0.4215937738016868,0.2551241559152011,0.45,-0.07245083746419043,0.379370725997721,0.4638168216056526,3.8909818051048304,4.757095606211821,3.8909818051048304,4.757095606211821,-0.2029000860807355,-0.2419435184224703,1.9794258604616415,2.4447576360763708,0.04225116465010546,4.466434661188117,56.3348093748345,FOLLOWING,WALKING,0.539999990980538
23.1,PID,1.4930882171623836,-1.4051553528104512,0.21087959456451336,-1.7213289911643355,1.3181058391841833,0.4981058391841834,0.13534274386014106,0.4122728601682442,0.25339286213770823,0.45,-0.04885869134138239,0.3703363414844535,0.45420937885203494,3.7983214511226,4.658557731815743,3.7983214511226,4.658557731815743,-0.0926603539822306,-0.09853787439607764,1.1745934071143533,1.4646577458804033,0.006317243790913682,2.6455683967856705,56.46708779467379,FOLLOWING,WALKING,0.5399757600038402
23.15,PID,1.5114631690376183,-1.3853710977221116,0.23096908241751818,-1.7189162153749649,1.3206152813951004,0.5006152813951005,0.13575843708452787,0.41035342057997976,0.25276300438878313,0.45,-0.027068233518243227,0.36852114335363617,0.45218569780632334,3.7797040343962682,4.6378020287828035,3.7797040343962682,4.6378020287828035,-0.018617416726331548,-0.02075570303293972,0.7183599980456771,0.9053258392646556,0.0022925482121644108,1.6259783855224972,56.54838671394992,FOLLOWING,WALKING,0.5399011709455593
23.2,PID,1.53785691726159,-1.356388672783679,0.2511238271787909,-1.716235538557165,1.3232223741227702,0.5032223741227703,0.13618069030780322,0.41236429768313615,0.25270175552394053,0.45,-0.009642014142482799,0.37054215714392397,0.45418643822234833,3.8004323809633225,4.658322443306137,3.8004323809633225,4.658322443306137,0.020728346567054245,0.020520414523333308,0.7283626697216968,0.9167574844417471,0.00022287881764185703,1.6453430329810859,56.63065386559897,FOLLOWING,WALKING,0.5397762551133684
23.25,PID,1.5760666901029894,-1.313270386401144,0.2718887733780214,-1.7132031919622506,1.3361032190369986,0.5161032190369986,0.14142095949659908,0.42546191062588395,0.259626335622677,0.45,0.04915494659146741,0.38249375208033093,0.468430069171437,3.923012841849548,4.804410965860892,3.923012841849548,4.804410965860892,0.12258046088622532,0.1460885225547548,1.45444102588799,1.8066233817773942,0.025888368337353227,3.2869527760027375,56.79500150439911,FOLLOWING,WALKING,0.5396010649388724
23.3,PID,1.58850743847387,-1.297782754145401,0.29416061760313517,-1.7096367524227518,1.3641210677344793,0.5441210677344793,0.1532953385381422,0.45687685469303563,0.27681395447841917,0.45,0.16161939261025787,0.41106414522685725,0.502689564159214,4.216042515147254,5.155790401632964,4.216042515147254,5.155790401632964,0.2930296732977058,0.3513794357720723,2.8128768167564284,3.4689325871147085,0.06851192750677096,6.350321331377907,57.11251757096801,FOLLOWING,WALKING,0.5393756739556012
23.35,PID,1.5966245016349732,-1.28710232456426,0.31679798292461486,-1.705692172234773,1.3582920925173712,0.5382920925173712,0.1499604628997942,0.46530825114509705,0.2749247948243565,0.45,0.10041563528072575,0.41980819760166604,0.510808304688528,4.305725103606831,5.239059535266954,4.305725103606831,5.239059535266954,0.08968258845957777,0.08326913363398969,1.2829960310371276,1.590444604541029,0.007479026356084179,2.8809196619342408,57.256563554064726,FOLLOWING,WALKING,0.5391001767681439
23.4,PID,1.6175369718765737,-1.261033503646737,0.3389685867829558,-1.7015221152040927,1.3465412650814301,0.5265412650814302,0.14425210066988514,0.4569025241749298,0.26804807956318705,0.45,0.026620554800826313,0.41254056700722236,0.5012644813426372,4.231185302638178,5.141174167616792,4.231185302638178,5.141174167616792,-0.07453980096865376,-0.09788536765016165,1.2571454243144848,1.555586545861738,0.026543380600214005,2.839275350776437,57.39852732160355,FOLLOWING,WALKING,0.5387746890124414
23.45,PID,1.632703620129786,-1.2412320629951998,0.3610442910041219,-1.697059520195154,1.3523192419959973,0.5323192419959973,0.14653008991631425,0.4561471747040215,0.2707190273936994,0.45,0.04618713116873968,0.41134317567036427,0.5009511737376787,4.21890436584989,5.137960756283884,4.21890436584989,5.137960756283884,-0.012280936788287455,-0.0032134113329078673,0.7339421654948525,0.9221583662969831,0.010412300144096748,1.6665128319359324,57.48185296320035,FOLLOWING,WALKING,0.5383993473072485
23.5,PID,1.6351647060935641,-1.2370725473970068,0.3829098274495961,-1.6923326350669594,1.3508871603837642,0.5308871603837643,0.14539930023827635,0.45308388032220076,0.2693031932185999,0.45,0.029724803217791522,0.4085142018445225,0.49765355879987905,4.18988924968741,5.104139064614144,4.18988924968741,5.104139064614144,-0.02901511616247987,-0.033821691669739806,0.8837317919319161,1.1045641887415343,0.005490556767681278,1.9937865374411317,57.58154229007241,FOLLOWING,WALKING,0.5379743091967908
23.55,PID,1.6485359858831807,-1.2190582812192279,0.40378882746953293,-1.6875373578780035,1.3324428800188293,0.5124428800188293,0.13644800591552367,0.43417643171094705,0.25682461194208567,0.45,-0.057969487095835256,0.39167195843453184,0.47668090498736226,4.017148291636224,4.889034922947305,4.017148291636224,4.889034922947305,-0.17274095805118606,-0.21510414166683933,1.8670759995743536,2.2978844948264623,0.046149217832570415,4.2111097122333865,57.792097775684084,FOLLOWING,WALKING,0.5374997530846378
23.6,PID,1.6643678865102247,-1.1973527166689426,0.4240339372902306,-1.6826176366004741,1.3299880201136813,0.5099880201136814,0.13487810373167436,0.422400030444524,0.2528998265290268,0.45,-0.056017583517402256,0.38054510915397005,0.46425495173507797,3.903026760553539,4.761589248564902,3.903026760553539,4.761589248564902,-0.1141215310826853,-0.12744567438240306,1.3636044245634944,1.6880900047181526,0.014293116721817628,3.0659875460034645,57.945397152984256,FOLLOWING,WALKING,0.5369758781588208
23.65,PID,1.6798982944474914,-1.1754640403148955,0.4440337112667499,-1.6774900046895762,1.3318822575978038,0.5118822575978038,0.1351986216123018,0.4186741447378479,0.251992007354121,0.45,-0.035359070213435186,0.3769694675207409,0.46037882195495494,3.86635351303324,4.7218340713328715,3.86635351303324,4.7218340713328715,-0.03667324752029888,-0.03975517723203037,0.8491993413521569,1.0613322666625593,0.0032941897372667844,1.9138257977519828,58.04108844287185,FOLLOWING,WALKING,0.5364029043082259
23.7,PID,1.7071185247454883,-1.1364140939760006,0.4640000476675265,-1.6721013356827767,1.333938280756211,0.5139382807562111,0.13551926263651698,0.4193257290777893,0.2516846690189929,0.45,-0.018533572869487674,0.37767191635514596,0.46097954180043266,3.8735581164630353,4.727995300517258,3.8735581164630353,4.727995300517258,0.007204603429795231,0.006161229184386663,0.659371440331794,0.8290555592185204,0.001113873799011244,1.4895408733493256,58.11556548653932,FOLLOWING,WALKING,0.5357810720302997
23.75,PID,1.7286499823898742,-1.1040696705933704,0.48479174943328995,-1.6661975525485135,1.3536263771735704,0.5336263771735704,0.14395841426193728,0.43801070176575946,0.2629410850054984,0.45,0.07217143739817955,0.39449395219734945,0.48152745133416947,4.046091817408712,4.938743090606867,4.046091817408712,4.938743090606867,0.17253370094567666,0.21074779008960842,1.8667496262378667,2.305044532411246,0.042620748951815335,4.214414907600928,58.32628623191937,FOLLOWING,WALKING,0.5351106423301032
23.8,PID,1.7515083757794698,-1.0685429374377866,0.5063919594595401,-1.6597438734335868,1.3649802413827283,0.5449802413827284,0.1483856468662066,0.457062034986204,0.2704034585510243,0.45,0.10625072369087436,0.4123102625960095,0.5018138073763986,4.228823206112918,5.146808280783575,4.228823206112918,5.146808280783575,0.18273138870420613,0.20806519017670855,1.980616975368469,2.438913782928168,0.029057063266221855,4.4485878215628585,58.54871562299751,FOLLOWING,WALKING,0.5343918966107595
23.85,PID,1.758021741792829,-1.0568171757746199,0.5288665157963162,-1.6526764104968674,1.378344455102459,0.5583444551024591,0.15368300305698507,0.4770836731886118,0.27935780535488186,0.45,0.1416781048456964,0.43084995640237883,0.5233173899748447,4.41897391181927,5.367357845895842,4.41897391181927,5.367357845895842,0.19015070570635206,0.2205495651122673,2.143697042754258,2.6343113162124268,0.036021120069774336,4.814029479036459,58.789417096949336,FOLLOWING,WALKING,0.5336251365553383
23.9,PID,1.7681265334786525,-1.0393982986788952,0.5510787020274606,-1.6453578112421348,1.3659688126741112,0.5459688126741112,0.1478195103759023,0.47359883357934657,0.2732484855752038,0.45,0.05605609509491331,0.4283762092166503,0.5188214579420428,4.393602145811798,5.32124572248249,4.393602145811798,5.32124572248249,-0.025371766007472374,-0.04611212341335236,0.9618648247523346,1.1945655558706554,0.024038818238759616,2.1804691988617493,58.898440556892425,FOLLOWING,WALKING,0.5328106840002289
23.95,PID,1.7728802155451082,-1.030376157868729,0.5727505919152721,-1.6378938661052043,1.3595559403371116,0.5395559403371116,0.14473945335266264,0.4642322240943756,0.2690850503312192,0.45,0.015507115891234508,0.4196986482645588,0.5087657999241924,4.304601520662142,5.218110768453255,4.304601520662142,5.218110768453255,-0.08900062514965601,-0.103134954029235,1.347395974125106,1.661936943432745,0.016132581823368283,3.025465499381219,59.04971383186149,FOLLOWING,WALKING,0.5319488808000548
24.0,PID,1.7799264461080657,-1.0176619459359375,0.5934434966529429,-1.6304675724430766,1.3451352643265255,0.5251352643265256,0.13793985460183394,0.4454945233470929,0.2591747794035582,0.45,-0.051355424051414814,0.402601097355804,0.48838794933838175,4.129242024162092,5.009107172701351,4.129242024162092,5.009107172701351,-0.17535949650004934,-0.20900359575190386,1.9106754901215586,2.344249152220836,0.0369862888536864,4.291910931196081,59.264309378421295,FOLLOWING,WALKING,0.5310400886841836
24.05,PID,1.7929462445341202,-0.9945439929796993,0.6131888701691558,-1.6231023970431653,1.3353922739130009,0.5153922739130009,0.13313179532853864,0.427208719502582,0.2509452382503444,0.45,-0.08292638857961147,0.38567728257215,0.468740156433014,3.9556644366374356,4.807591348030912,3.9556644366374356,4.807591348030912,-0.1735775875246568,-0.20151582467043916,1.7974810399183876,2.209176767929778,0.02973836398153273,4.036396171829699,59.46612918701278,FOLLOWING,WALKING,0.5300846891048984
24.1,PID,1.8056426187315175,-0.9713025909475357,0.6325008287117324,-1.6156256671910154,1.3367547006415672,0.5167547006415673,0.13336543859946282,0.41990448901164473,0.24940709920720058,0.45,-0.05868790548640512,0.37862761409285306,0.4611813639304364,3.8833601445420824,4.730065271081399,3.8833601445420824,4.730065271081399,-0.07230429209535316,-0.07752607694951319,1.0768828307919893,1.335709886059745,0.005524168275760892,2.4181168851274952,59.58703503126916,FOLLOWING,WALKING,0.5290830830772871
24.15,PID,1.8180140509185405,-0.9479445661133183,0.6516641016035664,-1.6079352271923828,1.338437105758312,0.518437105758312,0.1336140096355633,0.41875478266148863,0.2486777121177415,0.45,-0.03837398376571908,0.3775986213060024,0.45991094401697485,3.872806372369255,4.717035323251024,3.872806372369255,4.717035323251024,-0.01055377217282727,-0.013029947830374589,0.6902608879153261,0.8646236729875801,0.0026119053022305477,1.557496466205137,59.66490985457942,FOLLOWING,WALKING,0.5280356910109227
24.2,PID,1.8447485186840895,-0.8966144372568192,0.6708239370044582,-1.599970780235762,1.3401342757271089,0.5201342757271089,0.13385096205211827,0.42075746614638176,0.2484079887358076,0.45,-0.02246415947455474,0.3796459440106056,0.46186898828215794,3.893804553954929,4.737117828534953,3.893804553954929,4.737117828534953,0.02099818158567368,0.020082505283928853,0.7479258643004026,0.9338795657013622,0.000964820776625559,1.6827702507783904,59.74904836711834,FOLLOWING,WALKING,0.526942952533403
24.25,PID,1.8592361227416927,-0.8667335214136134,0.6911346185500009,-1.5912118180996455,1.3685061449187612,0.5485061449187613,0.14627429520937635,0.4481641750950217,0.26523870491706836,0.45,0.10731418005311588,0.4042671694312469,0.4920611807587965,4.1463299428845835,5.046781341115861,4.1463299428845835,5.046781341115861,0.2525253889296546,0.30966351258090796,2.4972657364405824,3.066858962879268,0.0642838660235177,5.628408565343368,60.03046879538552,FOLLOWING,WALKING,0.5258053263058222
24.3,PID,1.8689970842258168,-0.8452489918357982,0.7121591532737275,-1.5818067199447365,1.3745289834936139,0.5545289834936139,0.1483675294778029,0.46650234806261426,0.27027486469560824,0.45,0.11020555017078162,0.4217718579554911,0.5112328381697374,4.325865209799908,5.243413724817819,4.325865209799908,5.243413724817819,0.17953526691532495,0.19663238370195835,1.9789559318861734,2.42757387353179,0.019600522599316494,4.42613032801728,60.25177531178638,FOLLOWING,WALKING,0.5246232898302557
24.35,PID,1.868653076165846,-0.8442428938553225,0.7332712933256383,-1.572019836313793,1.3714194417925216,0.5514194417925217,0.14666822667707446,0.4711966997867243,0.26961185276593386,0.45,0.07227834564840403,0.4265759381539622,0.5158174614194864,4.375137827220125,5.2904355017383216,4.375137827220125,5.2904355017383216,0.04927261742021649,0.047021776920502134,1.042469385430167,1.289612410016798,0.0025740845966221227,2.334655880043587,60.368508105788564,FOLLOWING,WALKING,0.5233973392493348
24.4,PID,1.8938406723226184,-0.7889004884427329,0.7533794646476832,-1.5623834236710705,1.3486107929197393,0.5286107929197393,0.13624664715479923,0.45173884356747307,0.2559198196598555,0.45,-0.04398094543448569,0.40938411341376696,0.4940935737211792,4.198811419628379,5.067626397140299,4.198811419628379,5.067626397140299,-0.17632640759174567,-0.2228091045980225,1.993264503651233,2.432126310208834,0.05045850206329385,4.475849315923361,60.59230057158474,FOLLOWING,WALKING,0.5221279891379986
24.45,PID,1.8910042338149264,-0.7931289200924874,0.7740630325187215,-1.5521235035248757,1.3780158262156559,0.5580158262156559,0.14939161178289512,0.4675551968411406,0.27251446187723716,0.45,0.09507700906313232,0.42245405340045783,0.5126563402818234,4.332862086158542,5.2580137464802394,4.332862086158542,5.2580137464802394,0.13405066653016284,0.1903873493399404,1.8065554587349308,2.2214775024142526,0.06512083191237572,4.093153793061559,60.79695826123782,FOLLOWING,WALKING,0.520815772287508
24.5,PID,1.8954269666329393,-0.7817484275146728,0.7937977893888368,-1.5420047745236696,1.3504186109620653,0.5304186109620653,0.13666919880617062,0.4496385957094341,0.2565015399378048,0.45,-0.0472676800465537,0.4071875908497274,0.4920896005691408,4.176282983074127,5.047072826350162,4.176282983074127,5.047072826350162,-0.15657910308441547,-0.2109409201300778,1.8784545769386753,2.2964976660692518,0.059145683563702166,4.234097926571629,61.0086631575664,FOLLOWING,WALKING,0.5194612394818144
24.55,PID,1.9051663210345595,-0.7577039520529442,0.8125274425108184,-1.5321061093399444,1.3384978734846695,0.5184978734846696,0.13102220907855966,0.42980159732442974,0.24724328525514594,0.45,-0.08932003533685243,0.3888828336147031,0.4707203610341564,3.988541883227724,4.8279011388118604,3.988541883227724,4.8279011388118604,-0.18774109984640264,-0.21917168753830119,1.912741008677316,2.339577323752475,0.03296219476995904,4.28528052719975,61.222927183926394,FOLLOWING,WALKING,0.5180649592663775
24.6,PID,1.9145753216519992,-0.7336043398741264,0.8307581274751442,-1.5221829032705894,1.339237999786587,0.5192379997865871,0.131192729274012,0.4212045055897289,0.2455377237409459,0.45,-0.0664130718343077,0.38056801231060233,0.46184099886885543,3.9032616647241265,4.736830757629287,3.9032616647241265,4.736830757629287,-0.08528021850359746,-0.09107038118257371,1.1640513156406225,1.4363335488049604,0.006030427563314385,2.606415292008897,61.35324794852684,FOLLOWING,WALKING,0.5166275177095241
24.65,PID,1.92610548199011,-0.7031503447564329,0.8487898702467829,-1.5120919425730392,1.3403416956290732,0.5203416956290733,0.1313231985789562,0.41899642932263603,0.2445853015481594,0.45,-0.046945934323821006,0.37851756191641567,0.4594752967288564,3.8822314042709296,4.712567145936989,3.8822314042709296,4.712567145936989,-0.021030260453196892,-0.02426361169229807,0.7582611921898298,0.9439169722238863,0.003354457956823288,1.7055326223705392,61.43852457964537,FOLLOWING,WALKING,0.5151495181564568
24.7,PID,1.9413633127120953,-0.6613319919347205,0.8669668618175741,-1.5016223937177773,1.347217664664468,0.5272176646644681,0.134150266150315,0.4252758592815865,0.24783170112579841,0.45,-0.006363565016843781,0.3842597127452669,0.46629200581790614,3.941125258925814,4.782482110952883,3.941125258925814,4.782482110952883,0.0588938546548845,0.06991496501589456,1.0292921798006311,1.2731695375016592,0.011585674509988842,2.3140473918122795,61.55422694923598,FOLLOWING,WALKING,0.5136315809760075
24.75,PID,1.954475346855525,-0.6231366576078861,0.8858233632858482,-1.4904341554419946,1.3639705616410767,0.5439705616410767,0.14142695199634903,0.4442673914670262,0.25801204409423917,0.45,0.06874916598393883,0.40156639816942963,0.4869683847646228,4.118629724814663,4.994547536047413,4.118629724814663,4.994547536047413,0.17750446588884872,0.2120654250945302,1.9223212162432044,2.357394268380045,0.037823775823695976,4.317539260446946,61.770103912258335,FOLLOWING,WALKING,0.5120743433002464
24.8,PID,1.9627935686544207,-0.5966944392841042,0.9053951115406023,-1.4784662334880512,1.3763073827225916,0.5563073827225916,0.14655235343220185,0.4644816645234074,0.26653622491531875,0.45,0.1079063622261371,0.4203699192999221,0.5085934097468926,4.311486351794073,5.216342664070694,4.311486351794073,5.216342664070694,0.19285662697941053,0.22179512802328016,2.102134309404006,2.571631758164092,0.03271684286226359,4.706482910430361,62.00542805777986,FOLLOWING,WALKING,0.5104784587570554
24.85,PID,1.9672613928662348,-0.5806701784888929,0.9251880336547436,-1.4659965159649369,1.376812621296134,0.5568126212961341,0.1465371398390558,0.47359500211687355,0.2683494817304791,0.45,0.08639001225997371,0.42918316289047925,0.5180068413432678,4.401878593748505,5.312890680443772,4.401878593748505,5.312890680443772,0.09039224195443207,0.0965480163730783,1.362478662691935,1.6734976736208753,0.007006845982932537,3.042983182295743,62.15757721689465,FOLLOWING,WALKING,0.5088445971957783
24.9,PID,1.9709677786326592,-0.5667269287907408,0.944579232541102,-1.4534189095090841,1.3673769084663774,0.5473769084663774,0.14228901911738767,0.4680109956231241,0.2635847659232867,0.45,0.025867073111850894,0.4243877168628201,0.511634274383428,4.35269453192636,5.24753101931721,4.35269453192636,5.24753101931721,-0.049184061822145075,-0.06535966112656144,1.0988328232643791,1.3529073781749765,0.018085053610508755,2.4698252550498645,62.281068479647146,FOLLOWING,WALKING,0.5071734444060589
24.95,PID,1.972584707900429,-0.5594956500050868,0.9632348531808924,-1.4409770649927414,1.3563539789517187,0.5363539789517188,0.137367955340566,0.4542116136507649,0.256653665688825,0.45,-0.02832457283725373,0.4117354319792644,0.4966877953222654,4.222927507479635,5.094233798177081,4.222927507479635,5.094233798177081,-0.12976702444672572,-0.15329722114012956,1.6209078972484963,1.9819776818231423,0.025616048867010105,3.6285016279386486,62.462493561044084,FOLLOWING,WALKING,0.5054657018299932
25.0,PID,1.9780253057026413,-0.5396201254224872,0.9808410623990163,-1.4289190334340671,1.3400733614959248,0.5200733614959249,0.12990976697975853,0.43244301456666573,0.24535218642739942,0.45,-0.09372788361855006,0.3918372277129311,0.47304880142040034,4.018843361158268,4.851782578670773,4.018843361158268,4.851782578670773,-0.2040841463213665,-0.2424512195063082,2.052887070758005,2.502612688512861,0.03992893411182668,4.595428693382693,62.692264995713224,FOLLOWING,WALKING,0.5037220862677078
25.05,PID,1.9844944356220082,-0.5153210889788,0.997732850307357,-1.417050028325424,1.3361246060467609,0.5161246060467609,0.1280373862102111,0.4186835532612348,0.24076065395948548,0.45,-0.0904822731987902,0.37883766503093996,0.45852944149152963,3.8855145131378457,4.702866066579791,3.8855145131378457,4.702866066579791,-0.13332884802042244,-0.1489165120909819,1.4810354310845817,1.81564740128384,0.015918629178976625,3.3126014615473984,62.8578950687906,FOLLOWING,WALKING,0.5019433295764937
25.1,PID,1.9906435683610464,-0.49103174388608395,1.0142801249776399,-1.4051234299075968,1.3367174369730765,0.5167174369730766,0.12812453733627327,0.41363936238069365,0.23932432672521328,0.45,-0.0679677170192674,0.37403118630767085,0.45324753845371646,3.8362172954632907,4.6486927020893996,3.8362172954632907,4.6486927020893996,-0.04929721767455497,-0.05417336449039123,0.9232460149956428,1.141442688381786,0.004949971895509589,2.0696386752729388,62.961377002554244,FOLLOWING,WALKING,0.5001301783636207
25.15,PID,1.9967448589009138,-0.465686661423588,1.0306697825650377,-1.3930131339834888,1.3374786667566532,0.5174786667566532,0.128228119174008,0.4133058519345497,0.23854969660004413,0.45,-0.049665408227291485,0.3738258771472424,0.452785826721857,3.8341115604845375,4.643957197147252,3.8341115604845375,4.643957197147252,-0.0021057349787532154,-0.004735504942147806,0.6321300445417277,0.7882146406120275,0.0026609440512434775,1.4230056292049986,63.03252728401449,FOLLOWING,WALKING,0.4982833936729587
25.2,PID,2.0125553533437457,-0.39836547908969333,1.0470225537681117,-1.3806240770513152,1.3391174107701524,0.5191174107701525,0.12876340008028286,0.4160961280261052,0.2387573137994517,0.45,-0.03152854475789062,0.3765817925922959,0.45561046345991446,3.8623773599209836,4.672927830358097,3.8623773599209836,4.672927830358097,0.028265799436446137,0.02897063321084481,0.790098846295381,0.9786332081273148,0.0007138097975392577,1.7694458642202349,63.120999577225504,FOLLOWING,WALKING,0.4964037506655411
25.25,PID,2.015079438640084,-0.38347205245493793,1.0646713206067635,-1.3668863798620028,1.377347283848882,0.5573472838488821,0.1458728893565162,0.4531227352536727,0.2621503995402826,0.45,0.14361917663525317,0.4097368441297559,0.49650862637758947,4.202429170561599,5.092396167975276,4.202429170561599,5.092396167975276,0.3400518106406154,0.4194683376171797,3.182836304435306,3.884072001825279,0.08830809753751893,7.155216403798104,63.478760397415414,FOLLOWING,WALKING,0.4944920382942023
25.3,PID,2.0181379398561146,-0.3657838508196851,1.0824832784553837,-1.3526481603862393,1.367618122932395,0.547618122932395,0.14124069527886685,0.4618768708164294,0.25884375002083543,0.45,0.06921464974295474,0.41903823018798114,0.5047155114448777,4.2978280019280115,5.176569348152592,4.2978280019280115,5.176569348152592,0.09539883136641247,0.08417318017731557,1.3027538585202396,1.5964103586096172,0.01232504008730324,2.9114892572171605,63.62433486027627,FOLLOWING,WALKING,0.4925490589724264
25.35,PID,2.0204508992249557,-0.3511273734847268,1.0999668266741145,-1.338304549818475,1.359908383273369,0.539908383273369,0.13785956104877728,0.45809402452294923,0.2551583992813391,0.45,0.020064572299790813,0.4158653094418876,0.5003227396040109,4.265285225045001,5.1315152779898545,4.265285225045001,5.1315152779898545,-0.03254277688301066,-0.045054070162737325,0.9509378813520861,1.170732793209127,0.013541014014914438,2.1352116885761276,63.731095444705076,FOLLOWING,WALKING,0.49057562823754486
25.4,PID,2.0273004948709006,-0.3121648930878476,1.1168203896647877,-1.3241217711762934,1.349744311080456,0.5297443110804559,0.1334136365515869,0.446288899213526,0.24897573893877586,0.45,-0.029071551254979924,0.40508341441915857,0.4874943840078934,4.154701686350344,4.999942400080958,4.154701686350344,4.999942400080958,-0.11058353869465698,-0.13157287790889693,1.4597260340200715,1.7820525096265911,0.022166386954518592,3.2639449306011814,63.89429269123514,FOLLOWING,WALKING,0.48857257440842794
25.45,PID,2.026274017928779,-0.314024852797767,1.1336511253853165,-1.3095887579161927,1.3612607189978883,0.5412607189978883,0.13874968458737602,0.4502864846823623,0.25547528070082887,0.45,0.027996384857817316,0.40800532572637516,0.4925676436383495,4.184670007450001,5.0519758321882,4.184670007450001,5.0519758321882,0.029968321099657302,0.052033432107242206,0.9453972010641432,1.1676278669613234,0.023910800487656064,2.1369358685131226,64.0011394846608,FOLLOWING,WALKING,0.4865407382378086
25.5,PID,2.028571594208203,-0.29777722702147563,1.149561880572828,-1.2955097791104782,1.3371324233101622,0.5171324233101623,0.12769636069094825,0.4305267578299194,0.24070634803808516,0.45,-0.08432732083689543,0.3906898572296163,0.4703636584302225,4.0070754587652955,4.824242650566385,4.0070754587652955,4.824242650566385,-0.1775945486847057,-0.2277331816218151,1.917093324889608,2.331701497674551,0.05119165217763906,4.299986474741798,64.21613880839789,FOLLOWING,WALKING,0.4844809725593896
25.55,PID,2.031941650584483,-0.2738377592316615,1.1647121127047497,-1.2817839374225346,1.3297098639039187,0.5097098639039187,0.12437426507787441,0.41462510148448434,0.23433462378811085,0.45,-0.09843457164024977,0.37584272124755197,0.4534074817214167,3.854797141000533,4.650333145860684,3.854797141000533,4.650333145860684,-0.15227831776476242,-0.17390950470570044,1.601462671616087,1.9541625078141203,0.021500864711989812,3.577126044142197,64.394995110605,FOLLOWING,WALKING,0.482394141929879
25.6,PID,2.0350164034617415,-0.249964452278015,1.1794560287467781,-1.2681094473429575,1.3296776186356913,0.5096776186356914,0.12438776008171104,0.4079775061254745,0.2326563535357881,0.45,-0.07692084505959501,0.36947287961530156,0.44648213263564746,3.7894654319518106,4.579303924468179,3.7894654319518106,4.579303924468179,-0.06533170904872243,-0.07102922139250545,1.0086798439899243,1.2406205034960716,0.00562262741500311,2.254922974900999,64.50774125935004,FOLLOWING,WALKING,0.480281122266104
25.65,PID,2.0397983519006737,-0.21062019080291033,1.1939838153817288,-1.2543161234817455,1.3298882606287643,0.5098882606287644,0.12441210443560957,0.4064599254887147,0.23167434979031898,0.45,-0.05907143437696306,0.3681178205984169,0.44480203037901245,3.7755673907529936,4.562072106451409,3.7755673907529936,4.562072106451409,-0.01389804119881699,-0.01723181801676965,0.6930714022072403,0.8589766404590045,0.003276073140814242,1.5553241158070592,64.5855074651404,FOLLOWING,WALKING,0.4781428004773588
25.7,PID,2.043774831603398,-0.17263018137201908,1.2088197707188757,-1.2398893204979573,1.3433925078237934,0.5233925078237934,0.13062450882519006,0.41952041935142714,0.2396426852141636,0.45,0.013342968844095894,0.37985955494848306,0.45918128375437123,3.895995435369057,4.709551628249961,3.895995435369057,4.709551628249961,0.12042804461606327,0.14747952179855162,1.4414663682284266,1.765460222318172,0.02749756748626422,3.2344241580328625,64.74722867304204,FOLLOWING,WALKING,0.47598007409313703
25.75,PID,2.047487410597646,-0.1313437588462672,1.2241022131938604,-1.2246560788252423,1.3550616309764347,0.5350616309764348,0.13582288040932078,0.43734218623981125,0.24762150044523928,0.45,0.061751657570016,0.39636082791612415,0.47832354456349835,4.065239260678196,4.905882508343573,4.065239260678196,4.905882508343573,0.1692438253091395,0.19633088009361188,1.8195974765652487,2.220613228394891,0.02845045726983737,4.0686611622299775,64.95066173115355,FOLLOWING,WALKING,0.4737938508864059
25.8,PID,2.0478216802222526,-0.11889887374066962,1.2399233215582632,-1.2084788249425575,1.3686836786933203,0.5486836786933204,0.1418340610680957,0.45824091007145235,0.25737726107915043,0.45,0.10810330285890817,0.41564497336285294,0.5008368467800517,4.263025367824133,5.136788172103094,4.263025367824133,5.136788172103094,0.19778610714593636,0.23090566375952104,2.12420744363106,2.586521547860828,0.036157117704477285,4.746886109196366,65.18800603661337,FOLLOWING,WALKING,0.47158504849258287
25.85,PID,2.048677331958363,-0.09995767364964106,1.2554687495783445,-1.1921779618946542,1.3564233218258512,0.5364233218258513,0.13643989620640395,0.4563012953697866,0.25193961432874645,0.45,0.030375006013085237,0.414605289198379,0.49799730154119415,4.252361940496195,5.107664631191735,4.252361940496195,5.107664631191735,-0.010663427327937569,-0.029123540911358603,0.8216316921780095,1.0131029264967957,0.019727404202199175,1.8544620228770043,65.28072913775722,FOLLOWING,WALKING,0.46935459402437124
25.9,PID,2.048589953263857,-0.09211035309267676,1.2705411061302843,-1.175971640516939,1.3498611088609591,0.5298611088609592,0.13375544664206218,0.44846017645147884,0.24842475139119513,0.45,-0.005181232355318446,0.40734588009623607,0.4895744728067216,4.177906462525498,5.021276644171504,4.177906462525498,5.021276644171504,-0.07445547797069718,-0.0863879870202311,1.2020314819007538,1.4700875007596932,0.012573776900668328,2.6846927595611154,65.41496377573527,FOLLOWING,WALKING,0.46710342368261704
25.95,PID,2.048543376289353,-0.085111839493847,1.2848059757804386,-1.1602640637239063,1.3342096158036265,0.5142096158036266,0.12685206703674567,0.43011906032232766,0.23850721749450624,0.45,-0.07290793068941086,0.3906461158269869,0.46959200481766844,4.0066268289947375,4.816328254540189,4.0066268289947375,4.816328254540189,-0.17127963353076048,-0.20494838963131468,1.8254290664431478,2.217729760335102,0.03406180916313623,4.077220635941385,65.61882480753235,FOLLOWING,WALKING,0.46483248236335384
26.0,PID,2.049374919702193,-0.0619389074543573,1.298147096879019,-1.14523390049141,1.318805187358223,0.498805187358223,0.11989760669043181,0.407679092585185,0.22737770482598232,0.45,-0.12464767109751523,0.3700480824364849,0.44531010273388505,3.7953649480665117,4.5672831049629234,3.7953649480665117,4.5672831049629234,-0.21126188092822584,-0.24904514957726587,1.9746341460710601,2.3973974094240864,0.036440683868168997,4.408472239363316,65.83924841950052,FOLLOWING,WALKING,0.4625427232611957
26.05,PID,2.049942165167286,-0.038872988440169315,1.3109825533646176,-1.1304434238672072,1.3182834610670022,0.4982834610670023,0.11983833410626743,0.3974535333308399,0.22506905568036206,0.45,-0.099520779137433,0.36020460461573994,0.4347024620459398,3.694406201187076,4.458486790214767,3.694406201187076,4.458486790214767,-0.10095874687943551,-0.10879631474815632,1.1939217016889665,1.4612895779193982,0.0074823189566690824,2.6626935985650335,65.97238309942877,FOLLOWING,WALKING,0.460235107469247
26.1,PID,2.0502489136843134,-0.01591796775032682,1.3235490917334454,-1.1156356066102968,1.3181757558739742,0.4981757558739742,0.11981034272754165,0.39417896002725855,0.22368317254421355,0.45,-0.07810011057652115,0.3571593949711912,0.4311985250833259,3.663173281755807,4.422548975213599,3.663173281755807,4.422548975213599,-0.031232919431269046,-0.03593781500116844,0.7735110461955098,0.9540101162445781,0.004463981808036759,1.7319851442481247,66.05898235664118,FOLLOWING,WALKING,0.45791060357569857
26.15,PID,2.050585264411852,0.02731877601994304,1.335955822611988,-1.1006771196527723,1.3181318281731804,0.49813182817318047,0.11979702240914625,0.39450319979149995,0.22285117510552327,0.45,-0.061111368133179016,0.35762133031153587,0.43138506927146403,3.6679110801183166,4.4244622489380925,3.6679110801183166,4.4244622489380925,0.004737798362509427,0.0019132737244937914,0.6005238767976828,0.7444732060047624,0.0026699271393155286,1.3476670099417607,66.12636570713828,FOLLOWING,WALKING,0.4555701872572766
26.2,PID,2.0502171625208656,0.07057989859557397,1.3487428812823112,-1.084890679841243,1.3353164343112371,0.5153164343112372,0.12787670212191915,0.41208598791024725,0.23351045964970887,0.45,0.02794539986356888,0.37344000683822043,0.4507319689822741,3.83015391628944,4.6228919895617855,3.83015391628944,4.6228919895617855,0.16224283617112345,0.198429740623693,1.6942457087327931,2.066897115636675,0.03584238384167687,3.796985208211145,66.31621496754883,FOLLOWING,WALKING,0.45321484086971564
26.25,PID,2.04935675118681,0.08793671252145,1.3620920135279344,-1.0679920497061026,1.3517316393693901,0.5317316393693902,0.13530658407458618,0.43641231629591215,0.2449882724547261,0.45,0.09402431414945576,0.395866757204655,0.4769578753871693,4.060171868765692,4.891875644996609,4.060171868765692,4.891875644996609,0.23001795247625179,0.2689836554348233,2.2420709146102293,2.725758303460233,0.04049178524150203,5.0083210033119645,66.56663101771443,FOLLOWING,WALKING,0.4508455530354305
26.3,PID,2.0486235850120815,0.09179313918859539,1.3753901988965243,-1.050727142480404,1.3448063514775075,0.5248063514775075,0.13227535007789826,0.44166386328616347,0.2429367327726001,0.45,0.04286769831229238,0.4014578340122982,0.48186989256002877,4.1175162462799815,4.942255308307987,4.1175162462799815,4.942255308307987,0.05734437751428967,0.050379663311378664,1.0116299300343063,1.2387159681334725,0.007176878604417866,2.2575227767721966,66.67950715655304,FOLLOWING,WALKING,0.4484633182285555
26.35,PID,2.046948122643078,0.13256748768263688,1.3880444105904295,-1.033897519367789,1.3261205775515397,0.5061205775515397,0.12404990495521029,0.4269462318085789,0.23229468445189533,0.45,-0.048780600590669174,0.3885014615317902,0.46539100208536754,3.9846303746850276,4.77324104702941,3.9846303746850276,4.77324104702941,-0.1328858715949539,-0.16901426127857722,1.5826062424707708,1.918410171654357,0.03559811409475063,3.5366145282198787,66.85633788296404,FOLLOWING,WALKING,0.4460691363575281
26.4,PID,2.045985081461944,0.1401742058191779,1.4006322454865896,-1.016727777256912,1.3396994866125422,0.5196994866125423,0.1307352930088449,0.4316336083938476,0.24039957585200863,0.45,0.021698331407688468,0.3918474785903402,0.47141973819735505,4.018948498362463,4.8350742379215905,4.018948498362463,4.8350742379215905,0.0343181236774357,0.06183319089218031,0.948559707084669,1.1648593948324377,0.02805713935075877,2.1414762412678656,66.96341169502743,FOLLOWING,WALKING,0.44366401234539266
26.45,PID,2.0453316577011527,0.14329830187283984,1.4127014120495371,-0.999862286730002,1.324727323394072,0.504727323394072,0.12407375561833789,0.42048959231211747,0.23179094073885068,0.45,-0.04895281966327128,0.3821281916198377,0.45885099300439725,3.919263503793207,4.706164030814331,3.919263503793207,4.706164030814331,-0.09968499456925617,-0.12891020710725964,1.3297862743352542,1.6189973389669388,0.028733812291531543,2.9775174255937245,67.11228756630712,FOLLOWING,WALKING,0.44124895570799855
26.5,PID,2.0437965485997096,0.16330847403893034,1.423971061562844,-0.9837437211432711,1.306536321365778,0.48653632136577796,0.11586656809639562,0.3991846853863023,0.21956322482060003,0.45,-0.11822360826184428,0.362846971678493,0.4355223990941116,3.7215074018306975,4.466896400965247,3.7215074018306975,4.466896400965247,-0.1977561019625096,-0.2392676298490839,1.8666029227886463,2.2604464286467545,0.03866049704449811,4.165709848479899,67.32057305873111,FOLLOWING,WALKING,0.4388249801302693
26.55,PID,2.041937108819182,0.1851130286829355,1.4347465148012493,-0.9679748439786027,1.3038068771305031,0.4838068771305032,0.11492561117689559,0.387495722584655,0.2161806747347827,0.45,-0.10422396907944736,0.3517178209160484,0.42327362425326154,3.607362265805625,4.341267941059092,3.607362265805625,4.341267941059092,-0.1141451360250727,-0.1256284599061548,1.2488340510680922,1.5220216100254051,0.010529884222216974,2.781385545315714,67.4596423359969,FOLLOWING,WALKING,0.436393103040725
26.6,PID,2.039720118791018,0.2084126071545028,1.4452164823397136,-0.9522897278338368,1.3031853511849194,0.48318535118491945,0.1148698729985127,0.38302642790480385,0.21467643842560397,0.45,-0.08402941004253733,0.3474974773453664,0.4185553784642413,3.5640766907217065,4.292875676556321,3.5640766907217065,4.292875676556321,-0.04328557508391828,-0.048392264502771454,0.8189686476432044,1.005207028118043,0.004650106945031436,1.8288257827062788,67.55108362513222,FOLLOWING,WALKING,0.43395434518443016
26.65,PID,2.0353991500042765,0.25118642026544985,1.4555342047858768,-0.9364659118256172,1.3040952742040008,0.4840952742040009,0.11546153614002286,0.3836594400686691,0.2146260642095458,0.45,-0.06153927854922085,0.34813882644198924,0.41918005369534894,3.5706546301742486,4.299282602003578,3.5706546301742486,4.299282602003578,0.0065779394525420365,0.006406925447257628,0.600253862402199,0.7415371625432408,0.00015568732411494813,1.3419467122695545,67.6181809607457,FOLLOWING,WALKING,0.43150973019455063
26.7,PID,2.031290306576571,0.2854862221090829,1.466159904929038,-0.9197622963830625,1.3216510192234894,0.5016510192234894,0.1238882831299235,0.4017885247816838,0.22584608611540738,0.45,0.029244640817356185,0.3644109975295839,0.4391660520337837,3.7375486926111168,4.5042672003465,3.7375486926111168,4.5042672003465,0.16689406243686822,0.2049845983429215,1.6840532622729603,2.050239973386097,0.036489571683378255,3.7707828073424356,67.80672010111283,FOLLOWING,WALKING,0.4290602841626997
26.75,PID,2.0270725965895746,0.31642499029743903,1.4770765702204014,-0.9021508020130413,1.3311635369832713,0.5111635369832713,0.1283507789056031,0.4201835983120602,0.23334322535582572,0.45,0.0646658979805776,0.38156529451567106,0.45880190210844934,3.913490200160729,4.705660534445634,3.913490200160729,4.705660534445634,0.17594150754961202,0.2013933340991345,1.784205917729604,2.167731738996088,0.02519145577873318,3.9771291125044255,68.00557655673805,FOLLOWING,WALKING,0.42660703520825005
26.8,PID,2.025111544848956,0.32609423025375495,1.48814459374738,-0.8838101561649017,1.3369452459345503,0.5169452459345504,0.13117341064004973,0.434281519297706,0.23888074339717813,0.45,0.07587891981047801,0.394746756265473,0.47381628232993894,4.048684679645877,4.859654177742963,4.048684679645877,4.859654177742963,0.1351944794851483,0.153993643297329,1.569239460145995,1.9072112717754117,0.019048412538626852,3.495499144460034,68.18035151396106,FOLLOWING,WALKING,0.42415101304679553
26.85,PID,2.022781798807397,0.33860999605037434,1.4988552735679295,-0.8655911528642252,1.3237077210813677,0.5037077210813677,0.1255121028650914,0.4284778329734659,0.23258416518250116,0.45,0.0009404480981700797,0.38998515363576197,0.46697051231116987,3.9998477295975587,4.789441151909434,3.9998477295975587,4.789441151909434,-0.04883695004831834,-0.07021302583352895,1.0154249042139292,1.2385660085816648,0.021088575180964013,2.2750794879765577,68.29410548835989,FOLLOWING,WALKING,0.4216932485579437
26.9,PID,2.021688195040972,0.3424399636230261,1.5090394747655442,-0.8478071027288208,1.313240043136343,0.49324004313634295,0.12119359609030278,0.41572243240085915,0.22646991588045998,0.45,-0.04532423344153576,0.37824166132264303,0.4532032034790753,3.8794016545912102,4.6482379844007715,3.8794016545912102,4.6482379844007715,-0.12044607500634852,-0.1412031675086629,1.415899813101624,1.7179512692205445,0.019939586761517886,3.1537906690836865,68.45179502181408,FOLLOWING,WALKING,0.4192347733526189
26.95,PID,2.0194763560099145,0.3542446009157041,1.5185057743488897,-0.8308552213314468,1.295954007424342,0.47595400742434213,0.11355176999864658,0.3941298073386987,0.2150194906286144,0.45,-0.11141145921720044,0.358544081639663,0.42971553303773435,3.6773751963042356,4.407338800387019,3.6773751963042356,4.407338800387019,-0.20202645828697463,-0.24089918401375243,1.8605150516136848,2.249132812125775,0.035453730313912704,4.145101594053372,68.65905010151675,FOLLOWING,WALKING,0.41677661934005755
27.0,PID,2.01578231143619,0.3746940921097902,1.527358063937416,-0.8145886262548914,1.286636355921911,0.466636355921911,0.10955754137920093,0.3762316436989861,0.20752796868133205,0.45,-0.12789860480011278,0.34188576488222566,0.41057752251574653,3.5065206654587247,4.211051512982015,3.5065206654587247,4.211051512982015,-0.17085453084551094,-0.19628728740500367,1.5620702092806482,1.8937225685797672,0.022387684781535817,3.478180462641951,68.83295912464885,FOLLOWING,WALKING,0.41431981829468123
27.05,PID,2.0119048592448396,0.39498459097540994,1.535863434584312,-0.7985725458997736,1.2856716648295667,0.4656716648295668,0.10946212437356695,0.3684365435855407,0.205457686361633,0.45,-0.1040055525504024,0.33443329649269044,0.4024397906783909,3.4300850922327224,4.127587596701445,3.4300850922327224,4.127587596701445,-0.07643557322600225,-0.0834639162805706,0.9689447870554694,1.183252228725794,0.006125117983498882,2.1583221337647625,68.94087523133709,FOLLOWING,WALKING,0.411865401423022
27.1,PID,2.007848009488926,0.4151148763322809,1.5441615999062537,-0.7825536296443962,1.2849879676395846,0.4649879676395846,0.10938778862829701,0.3662433335499356,0.20417400052494683,0.45,-0.08413259862523542,0.3324525364630569,0.4000341306368143,3.409769604749301,4.1029141603775825,3.409769604749301,4.1029141603775825,-0.02031548748342127,-0.02467343632386232,0.655500533083079,0.8058154240691393,0.003774171926785326,1.4650901290790037,69.01412973779104,FOLLOWING,WALKING,0.4094143989308906
27.15,PID,1.9958695277560599,0.4740123175172969,1.5523099522419257,-0.7664244865577754,1.2842955020711067,0.4642955020711067,0.1093055652778856,0.36682677462162677,0.20333789567634014,0.45,-0.06867027542898638,0.3331743528871925,0.40047919635606105,3.417172850125051,4.107478936985242,3.417172850125051,4.107478936985242,0.007403245375749989,0.004564776607659304,0.5685804700167647,0.7004524161046292,0.0024481699269187206,1.2714810560483125,69.07770379059346,FOLLOWING,WALKING,0.4069678395909614
27.2,PID,1.9917381837662922,0.4906000603726025,1.5609914846991513,-0.748753634403031,1.3173566570728892,0.49735665707288923,0.12511488067987964,0.3991868821273986,0.22470571096619135,0.45,0.09190626717323166,0.3619980869624939,0.4363756772923033,3.712800891923014,4.475647972228752,3.712800891923014,4.475647972228752,0.2956280417979631,0.3681690352435103,2.5223656713392075,3.0611065288007673,0.06914116982160291,5.6526133699615775,69.36033445909155,FOLLOWING,WALKING,0.4045267503109596
27.25,PID,1.9869854561685945,0.5093964625108042,1.5697079878130966,-0.7304986251049111,1.312074807132296,0.4920748071322961,0.12280114258287678,0.4107074672334683,0.2242154797089618,0.45,0.04844674865651136,0.3735998053416351,0.44781512912530147,3.8317928752988215,4.592975683336425,3.8317928752988215,4.592975683336425,0.1189919833758073,0.1173277111076727,1.3213101255665707,1.6047639651758754,0.0015828110857159146,2.927656901828162,69.50671730418296,FOLLOWING,WALKING,0.4020921557026329
27.3,PID,1.9877103816976378,0.5035643177099052,1.5782583329605004,-0.7120655910265551,1.3082279288758347,0.48822792887583477,0.1215144155449186,0.41254116474034747,0.22362645002432363,0.45,0.02086219962364916,0.3755309872613219,0.44955134221937304,3.851599869346891,4.610782997121775,3.851599869346891,4.610782997121775,0.019806994048069626,0.017807313785350054,0.7283730002781654,0.8929440921343091,0.001896805689617938,1.6232138981020925,69.58787799908806,FOLLOWING,WALKING,0.39966507765168496
27.35,PID,1.9752165641312975,0.5541190293638116,1.5861590501057186,-0.6945557086071769,1.2827342106725201,0.4627342106725202,0.11013958439742111,0.39043139921077,0.2083992705342873,0.45,-0.09589984438813624,0.35594131993734546,0.4249214784841946,3.650680204485594,4.358169010094303,3.650680204485594,4.358169010094303,-0.20091966486129698,-0.2526139870274715,1.8767961994518005,2.2590127451326714,0.04569599661146187,4.181504941195934,69.79695324614787,FOLLOWING,WALKING,0.39724653488885314
27.4,PID,1.9772182704985388,0.5434290575107944,1.5941086822557746,-0.6764025440660935,1.3078816270850664,0.48788162708506644,0.12262366498724675,0.4025225956146633,0.2237708859886235,0.45,0.03584675359245568,0.3654885139835461,0.4395566772457805,3.7486001434209855,4.508273612777236,3.7486001434209855,4.508273612777236,0.0979199389353913,0.1501046026829327,1.3251628497689438,1.614262942961602,0.049531968133821734,2.9889577608643676,69.94640113419109,FOLLOWING,WALKING,0.39483754256231224
27.45,PID,1.974756211038531,0.551463413768994,1.6014779632719125,-0.6590877105881178,1.2785781527967603,0.4585781527967604,0.10916099739982132,0.38251017001680904,0.2064255624130895,0.45,-0.10097481906642931,0.3483467394374427,0.41667360059617536,3.5727870711532583,4.273575390730004,3.5727870711532583,4.273575390730004,-0.17581307226772713,-0.234698222047232,1.7145327088129494,2.0688008765921104,0.0515594617101587,3.8348930471152185,70.13814578654686,FOLLOWING,WALKING,0.39243911181158014
27.5,PID,1.9694040117443516,0.5702822356397419,1.6083005274088236,-0.6425979140240925,1.2667954353162096,0.4467954353162097,0.10403748800296087,0.3630565102721383,0.19756403255605395,0.45,-0.13060431578623727,0.3303596628841114,0.39575335766016523,3.388304234708835,4.059008796514515,3.388304234708835,4.059008796514515,-0.18448283644442354,-0.21456659421548885,1.5917933999528346,1.9232184570360586,0.025210361853673733,3.540222218842567,70.31515689748899,FOLLOWING,WALKING,0.39005224934310634
27.55,PID,1.9639066790191686,0.5889350947811735,1.6147916189862055,-0.6264539626606453,1.2654935732147454,0.4454935732147455,0.1038802547170985,0.3541098333241162,0.19530917872133333,0.45,-0.10759955955970753,0.32178616424573553,0.3864335024024969,3.300370915340877,3.9634205374615066,3.300370915340877,3.9634205374615066,-0.0879333193679579,-0.0955882590530086,0.9908766005622033,1.2057129093056143,0.00634166856858137,2.202931178436399,70.42530345641082,FOLLOWING,WALKING,0.38767795700772245
27.6,PID,1.9553187909690963,0.6175488805973167,1.6210701804958116,-0.6103874373896926,1.2645362336015258,0.44453623360152583,0.10375675285643182,0.3510901975677906,0.19388646315573285,0.45,-0.08813995075473825,0.3190019879155168,0.38317840722006435,3.2718152606719673,3.930034945846814,3.2718152606719673,3.930034945846814,-0.028555654668909636,-0.03338559161469279,0.6697709521745447,0.8200355893779961,0.003972172162908672,1.4937787137154495,70.49999239209659,FOLLOWING,WALKING,0.38531723138012947
27.65,PID,1.9445701998606246,0.6520226025774406,1.6273322191944342,-0.5938749873075392,1.2726153129028486,0.4526153129028486,0.10799062123221281,0.3592528962885614,0.19895461336577708,0.45,-0.03320121266287608,0.32632590777652526,0.3921798848005975,3.346932387451541,4.022357792826641,3.346932387451541,4.022357792826641,0.0751171267795736,0.0923228469798274,0.9635785208678606,1.1743336422575978,0.014519978863473835,2.1524321419889323,70.60761399919603,FOLLOWING,WALKING,0.3829710633405994
27.7,PID,1.933656810737457,0.6853709805424524,1.633729844560423,-0.5764647124785689,1.2856518738983596,0.4656518738983596,0.11445712954267284,0.37689692411909886,0.20820960919973863,0.45,0.03146392250320416,0.34243823379654215,0.4113556144416556,3.512187013297868,4.219031942991339,3.512187013297868,4.219031942991339,0.16525462584632722,0.19667415016469825,1.5503545780255517,1.880264278494497,0.027748498546574164,3.4583673550666227,70.78053236694937,FOLLOWING,WALKING,0.3806404376590687
27.75,PID,1.9283128705138324,0.6998748047719049,1.640268775360262,-0.5580559685329995,1.2969909410716796,0.4769909410716796,0.1199838894240588,0.39660821351099207,0.21725097001773377,0.45,0.07443375511510655,0.3606531779730571,0.432563249048927,3.6990069535698167,4.436546144091559,3.6990069535698167,4.436546144091559,0.1868199402719486,0.21751420110021957,1.7599853254045374,2.13053879688006,0.028285119475052363,3.91880924175965,70.97647282903736,FOLLOWING,WALKING,0.37832633258179516
27.8,PID,1.9239925452063131,0.7109578253619763,1.6466645575242957,-0.5394111571607069,1.2904879818039043,0.4704879818039044,0.11735497856920474,0.40007833746619564,0.2155107632047452,0.45,0.02944530821157255,0.3644113061558103,0.435745368776581,3.7375518580083105,4.469183269503395,3.7375518580083105,4.469183269503395,0.03854490443849379,0.03263712541183583,0.8026427384672594,0.979380033888168,0.005400479496978178,1.7874232518524056,71.06584399162999,FOLLOWING,WALKING,0.3760297194207522
27.85,PID,1.921582688220051,0.7163281210774906,1.6527474263918702,-0.52105473877921,1.2807550137346984,0.4607550137346984,0.11340122010414366,0.39258675553134603,0.2106929553822743,0.45,-0.019857719099479122,0.3577170714155796,0.42745643964711244,3.668893040159791,4.384168611765256,3.668893040159791,4.384168611765256,-0.06865881784851968,-0.08501465773813877,1.0237465705733066,1.2421482373015236,0.014617125627555082,2.2805119335023853,71.17986958830511,FOLLOWING,WALKING,0.3737515621459364
27.9,PID,1.9211611498204433,0.7162551386282194,1.6583899708239802,-0.5034334361634996,1.2662498726038924,0.4462498726038925,0.10718502970941346,0.37583095014888723,0.20175433336170315,0.45,-0.07931164187313887,0.34244060797752535,0.4092212923202491,3.512211363872055,4.197141459694863,3.512211363872055,4.197141459694863,-0.15668167628773588,-0.18702715207039322,1.5001788732387704,1.8099831227030718,0.02596904246782871,3.336131038409671,71.3466761402256,FOLLOWING,WALKING,0.37149281698075426
27.95,PID,1.9151158504457124,0.7321920985182817,1.663517938599194,-0.4868937080203695,1.2476733995676297,0.42767339956762973,0.09883308673576896,0.3516523978916221,0.18884384069835833,0.45,-0.14359956202060328,0.3203987422560438,0.3829060535272004,3.2861409462158337,3.9272415746379528,3.2861409462158337,3.9272415746379528,-0.22607041765622116,-0.2698998850569101,1.7915688989807832,2.1561966473484913,0.035108165085897286,3.9828737114151718,71.54581982579636,FOLLOWING,WALKING,0.36925443200066077
28.0,PID,1.9084642930295024,0.749358413572845,1.6682979806782758,-0.4709594640357232,1.2447777765326316,0.4247777765326316,0.09806187601956196,0.33884180371569433,0.18537851781511833,0.45,-0.12474839973006215,0.30816165901729226,0.3695219484140964,3.1606324001773562,3.78996870168304,3.1606324001773562,3.78996870168304,-0.1255085460384775,-0.13727287295491264,1.1427400080899475,1.3845901981762792,0.00925050844578002,2.5365807147120063,71.67264886153195,FOLLOWING,WALKING,0.3670373467352198
28.05,PID,1.9017001050045248,0.7663619904371488,1.672867797652686,-0.4552170302052324,1.2437264892248083,0.4237264892248084,0.09800024141603236,0.333930840475206,0.18370784319067598,0.45,-0.10192941594387059,0.3035271924271491,0.3643344885232629,3.1130994095092213,3.736763984853978,3.1130994095092213,3.736763984853978,-0.04753299066813499,-0.053204716829061915,0.7290371929411547,0.8890722056662522,0.0044195908597875495,1.6225289894671944,71.75377531100531,FOLLOWING,WALKING,0.36484249177374944
28.1,PID,1.8914239921865243,0.7918583177581832,1.6772935637018727,-0.4394626431061662,1.242827231984223,0.4228272319842231,0.0979714047296476,0.33321571782250803,0.18270508993505855,0.45,-0.08346167629479415,0.30297802543825586,0.3634534102067602,3.107466927571855,3.727727284171899,3.107466927571855,3.727727284171899,-0.005632481937366318,-0.009036700682079069,0.5178573039772734,0.6350962500488858,0.0026381969820036626,1.155591751008163,71.81155489855573,FOLLOWING,WALKING,0.3626707883747203
28.15,PID,1.8715755884062497,0.8402236912803305,1.6816815391293631,-0.4232570045016327,1.2498012438251633,0.4298012438251634,0.10182434624869785,0.34165850664232666,0.18743895275726372,0.45,-0.034414455409802716,0.3106373599609995,0.3726796533236538,3.1860242047282,3.8223554187041415,3.1860242047282,3.8223554187041415,0.07855727715634497,0.09462813453224239,0.9285333342440331,1.1285790960595363,0.012777268174425638,2.069889698477995,71.91504938347963,FOLLOWING,WALKING,0.36052314807907165
28.2,PID,1.8671195540185892,0.8493883270009442,1.68629719515367,-0.4054899575412481,1.2776710134320362,0.4576710134320362,0.1154589482087125,0.3729658625267364,0.206629138583215,0.45,0.09578371105059255,0.3387687400912143,0.4071629849622585,3.474551180422711,4.176030614997523,3.474551180422711,4.176030614997523,0.288526975694511,0.3536751962933815,2.296693600470481,2.7779509872048918,0.05709962255714033,5.131744210232513,72.17163659399125,FOLLOWING,WALKING,0.35840047232760486
28.25,PID,1.86424474133689,0.854776936080806,1.690810689040621,-0.38735976726405114,1.267839198984252,0.44783919898425195,0.11119192239377096,0.37960328769653223,0.20352860919975693,0.45,0.03145131104921211,0.34591930287397243,0.41328727251909203,3.5478902858868966,4.238843820708636,3.5478902858868966,4.238843820708636,0.07333910546418565,0.06281320571111326,0.9386544023639978,1.1390309150656712,0.009087068638053938,2.086772386067723,72.27597521329464,FOLLOWING,WALKING,0.35630365208261616
28.3,PID,1.8558848353213337,0.872933511493706,1.6950482444136004,-0.36961961329986526,1.2541861744941756,0.4341861744941756,0.10540168775229786,0.37038827166539007,0.19640866428601175,0.45,-0.03554128513794953,0.3378826377260551,0.40289390560472504,3.4654629510364625,4.132245185689487,3.4654629510364625,4.132245185689487,-0.08242733485043408,-0.10659863501914923,1.0588352909493906,1.2790953463290382,0.020137231732300618,2.3580678690107293,72.39387860674518,FOLLOWING,WALKING,0.35423356745392925
28.35,PID,1.8472937498382613,0.8911444627558477,1.6990401919948426,-0.3521270813568268,1.2529192619275553,0.43291926192755537,0.10559056202801043,0.36478202717917335,0.1961030940087908,0.45,-0.0332966177007297,0.33232696512071846,0.39723708923762824,3.40848169354583,4.074226556283366,3.40848169354583,4.074226556283366,-0.05698125749063232,-0.05801862940612068,0.8423767615122356,1.023184216931995,0.0008628951859221674,1.8664238736301526,72.48719980042668,FOLLOWING,WALKING,0.3521910873294814
28.4,PID,1.8492115543748622,0.8857772292096985,1.702827918839049,-0.3347423850861767,1.2520795700807301,0.43207957008073017,0.10582416893250435,0.36165524992743936,0.19612124983420381,0.45,-0.02966600593259998,0.3291971830798786,0.3941133167750001,3.3763813649218317,4.042187864358976,3.3763813649218317,4.042187864358976,-0.032100328623998475,-0.03203869192439068,0.6991145964993735,0.8531245911967111,5.1274701673496755e-05,1.552290462397758,72.56481432354657,FOLLOWING,WALKING,0.35017706901061996
28.45,PID,1.8438570298274857,0.8966410894648823,1.7062415827744548,-0.31836396915344733,1.229266568988856,0.40926656898885605,0.09532475135243734,0.34041197834076375,0.18149343865008294,0.45,-0.12351668943167268,0.310374814244175,0.3704491424373525,3.183331428145385,3.799478383972846,3.183331428145385,3.799478383972846,-0.19304993677644688,-0.2427094803861296,1.5832334518180837,1.9037210527588158,0.0382298652249149,3.5251843698018144,72.74107354203666,FOLLOWING,WALKING,0.3481923578522635
28.5,PID,1.8361977097743594,0.9122236350700448,1.7093628567836672,-0.3026881562217334,1.2227736109909046,0.4027736109909047,0.09282387721051455,0.3255666898821386,0.1759851728749999,0.45,-0.12491203294769025,0.29644114377132613,0.3546922359929511,3.040421987398217,3.6378690871071906,3.040421987398217,3.6378690871071906,-0.14290944074716805,-0.1616092968656555,1.1966070543464409,1.444782591322467,0.013958972707239647,2.6553486183761477,72.87384097295546,FOLLOWING,WALKING,0.34623778690807594
28.55,PID,1.828450580521774,0.927654280618915,1.712290722599072,-0.2872945620204493,1.2215145273605907,0.4015145273605908,0.09278647925818762,0.3192549355758387,0.17422916368656952,0.45,-0.10297135367257951,0.29042000898571146,0.348089862165966,2.97866675882781,3.570152432471446,2.97866675882781,3.570152432471446,-0.06175522857040683,-0.06771665463574461,0.7622776040288165,0.9263162556522233,0.004405651377496608,1.6929995110585363,72.9584909485084,FOLLOWING,WALKING,0.3443141765808039
28.6,PID,1.811973671123834,0.9603605623023481,1.715069089504156,-0.27195908919841555,1.220489165385483,0.40048916538548307,0.09277628788249737,0.31761843004846524,0.17318542876454798,0.45,-0.08482924855508592,0.28895624158793254,0.34628061850899794,2.963653759876231,3.551596087271774,2.963653759876231,3.551596087271774,-0.015012998951578815,-0.018556345199672197,0.5352631501507494,0.6539797486403679,0.0026029393918103327,1.1918458381829276,73.01808324041754,FOLLOWING,WALKING,0.34242233427792546
28.65,PID,1.798287976081463,0.9865237738564998,1.7178413189274035,-0.2558215826656321,1.2361238697694694,0.41612386976946947,0.10095982961317285,0.33342162115488816,0.1838589978801091,0.45,0.0026258854165721462,0.3029929570057301,0.36385028530404623,3.107620071853642,3.7317977979902177,3.107620071853642,3.7317977979902177,0.14396631197741083,0.18020171071844393,1.2721961294451232,1.5416975610659058,0.02825901678803213,2.842152707299061,73.16019087578249,FOLLOWING,WALKING,0.3405630540727519
28.7,PID,1.7820833013125106,1.0168066474603343,1.7205958592575108,-0.23880682117410257,1.244947247685365,0.42494724768536496,0.10557679531527175,0.3506754209458627,0.19139708531070992,0.45,0.04087105345486589,0.3189992033269402,0.38235163856478516,3.2717867007891304,3.92155526733113,3.2717867007891304,3.92155526733113,0.1641666289354884,0.1897574693409121,1.4189778979182281,1.7160719408344751,0.02077585866769359,3.1558256974203966,73.31798216065351,FOLLOWING,WALKING,0.3387371163711273
28.75,PID,1.78017334924648,1.0190767844469562,1.7233336950129565,-0.22077490766939056,1.2571180883857607,0.4371180883857607,0.11174133404958986,0.37064379104921114,0.20147214317308612,0.45,0.08543112077653597,0.3373001513540654,0.4039874307443569,3.4594887318365677,4.14346082814725,3.4594887318365677,4.14346082814725,0.18770203104743732,0.22190556081611978,1.6553587382052162,1.999642146992113,0.029229746401810874,3.68423063159914,73.50219369223348,FOLLOWING,WALKING,0.3369452875838647
28.8,PID,1.7745424410178858,1.0284624078335902,1.7258569511594033,-0.20297470209579926,1.2411538843903098,0.4211538843903099,0.10478270985297966,0.3654529899525821,0.19396897170922606,0.45,-0.0036062233742846367,0.33335112513470516,0.397554854770459,3.4189858988174886,4.077485689953425,3.4189858988174886,4.077485689953425,-0.04050283301907909,-0.06597513819382428,0.8223376613219003,0.996830783047884,0.02095750732900211,1.8401259516987865,73.59419998981842,FOLLOWING,WALKING,0.3351883198050556
28.85,PID,1.7738992119447041,1.0286733169717865,1.7281417448625178,-0.18568268152271555,1.2323991369008693,0.4123991369008694,0.1013816399340044,0.35467131928233886,0.18922711182855467,0.45,-0.041333743185479645,0.32335423227471305,0.38598840628996467,3.316453664356031,3.9588554491278427,3.316453664356031,3.9588554491278427,-0.10253223446145743,-0.1186302408255826,1.0939284235970355,1.3210829676682978,0.012920953678777844,2.4279323449441113,73.71559660706563,FOLLOWING,WALKING,0.3334669504963902
28.9,PID,1.7719205279250159,1.031538478428673,1.7301458255484399,-0.16939052405033028,1.2152177734354268,0.39521777343542686,0.09378057182198507,0.3341664651658243,0.17806920665370932,0.45,-0.10783831893262015,0.30469601146463543,0.3636369188670132,3.125087297073184,3.7296094242770583,3.125087297073184,3.7296094242770583,-0.19136636728284717,-0.22924602485078438,1.5160497384558653,1.8228447306629834,0.02861106224258883,3.3675055313614375,73.8839718836337,FOLLOWING,WALKING,0.33178190217761827
28.95,PID,1.763536242542545,1.0458077791831206,1.7318927411762484,-0.1541373594650281,1.2016553560625713,0.3816553560625714,0.08776964223670247,0.3130065032028417,0.16794406431280448,0.45,-0.14378852520800692,0.28521176055907255,0.3408012458466108,2.925248826246898,3.4953973932985725,2.925248826246898,3.4953973932985725,-0.19983847082628614,-0.23421203097848586,1.4464254997516133,1.7402998926511868,0.024486588813271638,3.2112119812160715,74.0445324826945,FOLLOWING,WALKING,0.33013388212328154
29.0,PID,1.7550791689905856,1.059939196527954,1.7334620937371157,-0.13934609790640834,1.2003622982016904,0.38036229820169043,0.08777779447852141,0.30343882400514405,0.16572722393655262,0.45,-0.11784450425012157,0.2760109684436446,0.3308666795666435,2.830881727627124,3.3935044058117283,2.830881727627124,3.3935044058117283,-0.09436709861977377,-0.10189298748684417,0.87022813013989,1.0546369151115504,0.00529042754112017,1.9301554727925605,74.14104025633414,FOLLOWING,WALKING,0.3285235820658463
29.05,PID,1.7465505406009385,1.0739344481333946,1.7348957122394206,-0.12469301667429174,1.1994801021230113,0.3794801021230113,0.087830644116905,0.30042048508967606,0.16446483477700674,0.45,-0.0958003760612829,0.27320155493408144,0.3276394152452707,2.802067230093143,3.360404258925853,2.802067230093143,3.360404258925853,-0.028814497533981243,-0.03310014688587515,0.5656531175084272,0.6896220035943548,0.00298970819350552,1.2582648292962875,74.20395349779895,FOLLOWING,WALKING,0.32695167790535845
29.1,PID,1.7232058417144436,1.1122923513410352,1.736211488420984,-0.11001124940445388,1.1986841262048302,0.3786841262048303,0.08790531960371917,0.3007599181229594,0.16377662968451728,0.45,-0.07822658736779718,0.2736548859101718,0.327864950335747,2.8067167785658644,3.3627174393409947,2.8067167785658644,3.3627174393409947,0.0046495484727215874,0.0023131804151415025,0.4457092335442921,0.5452206940400922,0.0016230515123468632,0.9925529790967312,74.25358114675379,FOLLOWING,WALKING,0.3254188294257436
29.15,PID,1.7088830027620632,1.1348147806078206,1.7374908761797876,-0.09411499094560202,1.222372790617348,0.4023727906173481,0.10008045793542908,0.32491033922144,0.18011760521522235,0.45,0.04321338526819515,0.2951008755583207,0.35471980288455934,3.026675646752007,3.638151824457019,3.026675646752007,3.638151824457019,0.21995886818614263,0.27543438511602414,1.6440295364640058,1.9895189971444687,0.042383482264383876,3.6759320158728586,74.43737774754743,FOLLOWING,WALKING,0.32392568001787336
29.2,PID,1.7016580675659139,1.1454063820897273,1.7386901209086194,-0.07725140145261178,1.229262703343688,0.4092627033436881,0.10370740677556078,0.34409682055626106,0.18713529140073276,0.45,0.06402205650508772,0.31312592982943976,0.37506771128308236,3.2115479982506643,3.8468483208521267,3.2115479982506643,3.8468483208521267,0.18487235149865722,0.2086964963951079,1.4915450383715783,1.8012621387195948,0.0189108971896949,3.311718074280868,74.60296365126148,FOLLOWING,WALKING,0.3224728564095111
29.25,PID,1.7052942551760513,1.1387490125761748,1.7397442576648725,-0.0601840183320432,1.223218471341666,0.4032184713416661,0.10135532772790667,0.34796305233997915,0.18577878676859197,0.45,0.023342583265072103,0.3172166631297772,0.3787094415501811,3.253504237228484,3.884199400514678,3.253504237228484,3.884199400514678,0.04195623897781964,0.037351079662551356,0.7099765362890282,0.8623046972210489,0.0036289409011932674,1.5759101744112705,74.68175915998204,FOLLOWING,WALKING,0.3210609684022514
29.3,PID,1.6798459062996736,1.1775924762962031,1.7406027703879683,-0.0440753820246887,1.1994278699756171,0.37942786997561717,0.09050796447830001,0.32835463236556767,0.1715008532953488,0.45,-0.08647143106385759,0.2999712411451874,0.3567380235859479,3.0766281143096146,3.65885152395844,3.0766281143096146,3.65885152395844,-0.17687612291886934,-0.225347876556238,1.4472773235681597,1.7339427827734868,0.03526095994495762,3.216481066286604,74.84258321329636,FOLLOWING,WALKING,0.3196906086155656
29.35,PID,1.685570918677903,1.167880311133104,1.7413341708416248,-0.027359839812792573,1.2231777273103848,0.4031777273103848,0.10288393932520967,0.3405409346787712,0.18695525097988674,0.45,0.03705165604316721,0.30959984064159995,0.3714820287159425,3.1753829809394865,3.8100720893942817,3.1753829809394865,3.8100720893942817,0.09875486662987187,0.15122056543584161,1.116462866291472,1.3541284666266122,0.041605643489122504,2.5121969764072065,74.96819306211673,FOLLOWING,WALKING,0.31836235223805803
29.4,PID,1.6849321555988657,1.168236971162088,1.741891694422772,-0.011528112035145711,1.1965402453428151,0.37654024534281516,0.09047219597247524,0.32279071017220357,0.1711790598618136,0.45,-0.08830462894363439,0.2944605757650734,0.35112084457933374,3.020108469385368,3.60123943158291,3.020108469385368,3.60123943158291,-0.15527451155411853,-0.20883265781137172,1.3293834562191427,1.5977409154086841,0.03888797131860506,2.966012342946432,75.11649367926405,FOLLOWING,WALKING,0.31707675678603864
29.45,PID,1.6758652072688147,1.1812069237973766,1.7422943427582822,0.0032291131655409937,1.1811392977098034,0.36113929770980346,0.08353088575034606,0.3010572142704357,0.16007785283018147,0.45,-0.1366417801612853,0.27456432962704064,0.32755009891383075,2.816044406431186,3.3594881939880077,2.816044406431186,3.3594881939880077,-0.2040640629541821,-0.24175123759490225,1.4165657489707508,1.7008905448732365,0.025589626350436167,3.143045920194423,75.27364597527378,FOLLOWING,WALKING,0.31583436186951414
29.5,PID,1.6667339715041931,1.194056890602315,1.7425693923163674,0.017477663445900748,1.1798493769896437,0.3598493769896437,0.08359637163096845,0.2909357549410468,0.15794993766862384,0.45,-0.11225623969450543,0.26479504025688955,0.317076469625204,2.7158465667373286,3.2520663551302977,2.7158465667373286,3.2520663551302977,-0.1001978396938572,-0.10742183885770995,0.8571865098503536,1.0368933085612244,0.0048398985667028665,1.898919716978281,75.36859196112269,FOLLOWING,WALKING,0.31463568896569444
29.55,PID,1.6544225816643598,1.2112293799918348,1.742729047974128,0.03154921174130858,1.1790206481761651,0.3590206481761652,0.0837291120967183,0.2874666701902037,0.15681445945082573,0.45,-0.09120627374101961,0.2615138771510921,0.31341946322931535,2.6821936118060727,3.214558597223747,2.6821936118060727,3.214558597223747,-0.03365295493125586,-0.03750775790655059,0.5589746809929922,0.6801885526544786,0.0025640554023676045,1.2417272890498383,75.43067832557519,FOLLOWING,WALKING,0.3134812412001097
29.6,PID,1.6338297461598585,1.2396653630144236,1.7427796743807367,0.045836817023598826,1.182980697795069,0.36298069779506903,0.08623672188231413,0.29172828381966814,0.15950872012618925,0.45,-0.05371667519481865,0.2653295906387838,0.3181269770005525,2.7213291347567568,3.262840789749256,2.7213291347567568,3.262840789749256,0.03913552295068401,0.048282192525508805,0.6024660334138158,0.7329507009954479,0.006188516236995135,1.3416052506462588,75.4977585881075,FOLLOWING,WALKING,0.31237150313543127
29.65,PID,1.6159711653508608,1.263622508769808,1.7427008680070384,0.0610550417497074,1.198789674664368,0.3787896746643681,0.09454690345140992,0.3102835450282966,0.1709884568339783,0.45,0.027660491572956282,0.2819849554222732,0.33858213463431996,2.8921533889463915,3.4726372783007173,2.8921533889463915,3.4726372783007173,0.17082425418963476,0.20979648855146138,1.3082964882283494,1.5829794380258393,0.028265795489162797,2.9195417217433515,75.64373567419467,FOLLOWING,WALKING,0.3113069405680835
29.7,PID,1.6038852487728668,1.2791776248798319,1.7424755744872176,0.07725584810121702,1.209226583511322,0.3892265835113221,0.09997584057538278,0.32987686768778124,0.18004971588551294,0.45,0.06749758235350298,0.30007863970872883,0.35967509566683364,3.077729638038244,3.688975340172653,3.077729638038244,3.688975340172653,0.18557624909185266,0.2163380618719355,1.4470683197617016,1.747989351622874,0.02349327049623106,3.2185509418808067,75.80466322128872,FOLLOWING,WALKING,0.31028800033273196
29.75,PID,1.5998906820525727,1.2836183407295156,1.742089496251122,0.09395309911886802,1.209885629254382,0.3898856292543821,0.10079143807103463,0.3399691669346773,0.18313747610109063,0.45,0.05554791550519616,0.3096599146399468,0.37027841922940785,3.1759991245122747,3.797727376711875,3.1759991245122747,3.797727376711875,0.09826948647403055,0.10875203653922227,1.0097004894762505,1.22152468719071,0.008142978422681994,2.2393681550896423,75.91663162904321,FOLLOWING,WALKING,0.3093151101147316
29.8,PID,1.5964227319893713,1.2874132138762486,1.7415651005538524,0.11032961949669265,1.1981335025179767,0.3781335025179767,0.09578635169681449,0.3336843046944543,0.17756113063679618,0.45,-0.008381983546129824,0.30429793757406454,0.3630706718148441,3.1210044879391234,3.723801762203529,3.1210044879391234,3.723801762203529,-0.05499463657315129,-0.073925614508346,0.8000187785962041,0.9680042486364668,0.014258047758645285,1.7822810749913163,76.00574568279278,FOLLOWING,WALKING,0.30838867827061195
29.85,PID,1.5975278056730429,1.2853490046978986,1.7409312299611472,0.125986266860342,1.1859983538394996,0.36599835383949963,0.09061930927053319,0.3193683222525099,0.1702880600894522,0.45,-0.059932601351279716,0.29118564830770555,0.3475509961973142,2.9865194698226207,3.5646256020237357,2.9865194698226207,3.5646256020237357,-0.1344850181165027,-0.1591761601797934,1.148996122598243,1.3837738320466193,0.017834645871373275,2.5506046005162357,76.13327591281859,FOLLOWING,WALKING,0.30750909365667506
29.9,PID,1.5914003459434676,1.2927563299756146,1.7402269728515154,0.14050750552358865,1.1681979712290844,0.34819797122908447,0.08247903938985246,0.2967125115245931,0.15799755247852637,0.45,-0.1250691125398238,0.270563916589397,0.3228611064597892,2.7750145291220205,3.3113959636901455,2.7750145291220205,3.3113959636901455,-0.21150494070060022,-0.25322963833359013,1.436418122914956,1.7247198281079459,0.027962929745927304,3.1891008807688292,76.29273095685703,FOLLOWING,WALKING,0.3066767254657792
29.95,PID,1.5816988161693875,1.3046083108310198,1.7394540216503784,0.15424988538548282,1.1618204329103112,0.3418204329103113,0.07995636174708887,0.2811594437140197,0.15235172548859283,0.45,-0.1256150763836642,0.2559452331456576,0.3063736542823818,2.6250793143144366,3.1422938900757105,2.6250793143144366,3.1422938900757105,-0.14993521480758387,-0.16910207361443508,1.0564906133822876,1.2744004677154313,0.01238618136566061,2.3432772624633795,76.4098948199802,FOLLOWING,WALKING,0.3058919230723751
30.0,PID,1.571933449982649,1.3163583169436264,1.7385995307696223,0.16766987685315726,1.1611249768435286,0.3411249768435286,0.0801615711200061,0.2749494477364256,0.15086193192062722,0.45,-0.10103976627310181,0.2499817980035618,0.2999170974692894,2.563915876959608,3.0760727945568145,2.563915876959608,3.0760727945568145,-0.06116343735482843,-0.06622109551889599,0.6455601883619224,0.7839671343493131,0.003236445155897463,1.432763767867133,76.48153300837355,FOLLOWING,WALKING,0.30515501588586147
30.05,PID,1.5621038873857236,1.3280080702975487,1.7376471885844111,0.18102879182616927,1.1607164661890366,0.3407164661890366,0.080411990522393,0.27386883045833094,0.15018230055647477,0.45,-0.08060846457278414,0.24901365971623435,0.2987240012004275,2.5539862534998394,3.0638359097479744,2.5539862534998394,3.0638359097479744,-0.009929623459768777,-0.01223688480884011,0.43215579472433074,0.5277991868897592,0.0014697878659019697,0.961424769479992,76.52960424684754,FOLLOWING,WALKING,0.30446631321231993
30.1,PID,1.522729418053322,1.3749466802108434,1.736588718032111,0.19445175786324476,1.1603348291930478,0.3403348291930478,0.08067613282784958,0.2753156395132796,0.14997876970198576,0.45,-0.06455380514912237,0.2504941531276009,0.30013712589895825,2.5691708013087275,3.0783294963995718,2.5691708013087275,3.0783294963995718,0.015184547808888116,0.01449358665159739,0.450094485494281,0.5486984345826469,0.0004395644229982445,0.9992324844999261,76.57956587107253,FOLLOWING,WALKING,0.30382610412468847
30.15,PID,1.5192021214140834,1.3782673446523308,1.7352436424526068,0.2097950668986544,1.199709990737712,0.37970999073771206,0.10052183339719911,0.31401009706737293,0.17707466689950271,0.45,0.1228987427802048,0.28470423969550523,0.3433159544392406,2.920043484056464,3.5211892762999035,2.920043484056464,3.5211892762999035,0.3508726827477364,0.44285977990033176,2.267464418797109,2.746965043136302,0.06909115637654518,5.083520618309955,76.83374190198803,FOLLOWING,WALKING,0.30323465734142685
30.2,PID,1.5122049231612191,1.385694458031974,1.733723499271559,0.2255592912130587,1.1882766524221131,0.36827665242211316,0.0952692491816074,0.3226853096490671,0.1733823906361124,0.45,0.045554330779925316,0.2939905239987905,0.3513800952993437,3.01528742562862,3.6038984133266023,3.01528742562862,3.6038984133266023,0.09524394157215621,0.0827091370266988,0.8869594814475986,1.0728296449706736,0.009218529870272265,1.9690076562885444,76.93219228480247,FOLLOWING,WALKING,0.3026922211137268
30.25,PID,1.5111412978870329,1.3862541239883195,1.7320803064195824,0.2411750432103755,1.1810944436631245,0.3610944436631246,0.09243393832795621,0.3199325139324763,0.17061594979801828,0.45,0.003930659468792529,0.29169557424090425,0.34816945362404833,2.9917494793938895,3.5709687551184444,2.9917494793938895,3.5709687551184444,-0.02353794623473071,-0.032929658208157964,0.5945686176295976,0.7220906399702259,0.006796784608580867,1.3234560422084043,76.99836508691288,FOLLOWING,WALKING,0.3021990231213111
30.3,PID,1.4879434071168234,1.411985851350079,1.7303986046082798,0.25602166502877627,1.1661990167748417,0.3461990167748418,0.08583701462350457,0.3049053808541571,0.16166692952935524,0.45,-0.06247396392278533,0.2781495040170488,0.33166125769126537,2.852815425815885,3.401653925038619,2.852815425815885,3.401653925038619,-0.1389340535780046,-0.16931483007982528,1.1279059268143885,1.3560997036032891,0.02083335305948206,2.50483898347716,77.12360703608674,FOLLOWING,WALKING,0.3017552703768692
30.35,PID,1.4958937589552639,1.402418817381668,1.7285493574809823,0.2711662824391613,1.1811171503488096,0.36111715034880965,0.09389216748669726,0.3111642115479525,0.17163565949021253,0.45,0.016910095865685155,0.2827585099023223,0.33956991319358265,2.90008728104946,3.4827683404470013,2.90008728104946,3.4827683404470013,0.04727185523357491,0.08111441540838227,0.7383316620063798,0.8988521785889273,0.02463824939200643,1.6618220899873135,77.2066981405861,FOLLOWING,WALKING,0.3013611491391664
30.4,PID,1.4914550938619338,1.406888656843284,1.726714789618498,0.2852964953678745,1.1549289698242085,0.3349289698242085,0.08139905594201657,0.2909536902551436,0.15522110570262404,0.45,-0.10203811953300898,0.2652645972613593,0.3166427832489279,2.7206625360139416,3.247618289732594,2.7206625360139416,3.247618289732594,-0.1794247450355182,-0.2351500507144073,1.3003698695196562,1.5625021365393272,0.03668954671475489,2.899561552773738,77.35167621822478,FOLLOWING,WALKING,0.301016824834864
30.45,PID,1.481091024917304,1.417795248147778,1.724890923972002,0.29856578525887945,1.1460000441232767,0.32600004412327677,0.07756111576610514,0.2739054230668415,0.14807160737590885,0.45,-0.11887700631984607,0.2493995720461286,0.2984112740875544,2.557944328678242,3.0606284521800453,2.557944328678242,3.0606284521800453,-0.16271820733569964,-0.18698983755254872,1.0899699152432223,1.3134006597429644,0.015244383012020258,2.418614957998207,77.47260696612469,FOLLOWING,WALKING,0.30072244198908465
30.5,PID,1.4706565868644041,1.4286158312413275,1.7230221189900476,0.31146721452610915,1.145475002511034,0.3254750025110341,0.07787211537781902,0.2667498103072574,0.14666736955662824,0.45,-0.09503424802334758,0.24247636064563544,0.2910232599688794,2.4869370322629276,2.984853948398763,2.4869370322629276,2.984853948398763,-0.07100729641531434,-0.07577450378128248,0.6628620848405449,0.8044928916569534,0.002965764487475826,1.4703207409849741,77.54612300317393,FOLLOWING,WALKING,0.3004781241647494
30.55,PID,1.450270355564267,1.4497303735490386,1.7210706146613923,0.32427240480972663,1.1452988228553214,0.3252988228553214,0.07822845395484856,0.2651305216876966,0.14611753434986377,0.45,-0.07490190394334699,0.24094806975279412,0.289312973622599,2.4712622538748112,2.9673125499753743,2.4712622538748112,2.9673125499753743,-0.015674778388116373,-0.017541398423388532,0.4383472575156849,0.5351672246240186,0.0011569041318408486,0.9746713862715444,77.59485657248752,FOLLOWING,WALKING,0.30028397391071404
30.6,PID,1.4291882296879288,1.4711050653301685,1.718921197038122,0.33768104148078737,1.1575786883516335,0.3375786883516335,0.08486917797788007,0.27763237742178287,0.15472377568828974,0.45,-0.004392076892038167,0.25202559254537094,0.3032391622981948,2.584877872260215,3.1101452543404595,2.584877872260215,3.1101452543404595,0.11361561838540357,0.14283270436508522,0.9128053451349889,1.108096471132283,0.019174898222868775,2.040076714490141,77.69686040821202,FOLLOWING,WALKING,0.30014007271872617
30.65,PID,1.4063047466185887,1.4938466237613224,1.716505776475301,0.3519937665148357,1.169869740701276,0.34986974070127597,0.09127429869692039,0.29634530113355856,0.1644765237088808,0.45,0.05065481036263624,0.26912443645973877,0.32356616580737835,2.760250630356295,3.3186273416141367,2.760250630356295,3.3186273416141367,0.17537275809608,0.20848208727367723,1.2534454452914594,1.5181257378421324,0.02309901251091067,2.7946701956445024,77.83659391799425,FOLLOWING,WALKING,0.3000464809892197
30.7,PID,1.401828835779314,1.4975701386517606,1.7137722205080774,0.3673554421189599,1.1832381951771715,0.3632381951771716,0.09804532860651616,0.31800607813523674,0.17557291653629184,0.45,0.09833195177679621,0.28894876044848045,0.347063395821993,2.963577030240825,3.5596245725332616,2.963577030240825,3.5596245725332616,0.20332639988453005,0.24099723091912484,1.4899360172355514,1.802328682422052,0.02805445514506922,3.3203191548026725,78.0026098757344,FOLLOWING,WALKING,0.30000323800596285
30.75,PID,1.3944502432193973,1.5042043600111605,1.710910743474314,0.3826873279664047,1.1724734263661452,0.3524734263661452,0.09328930377100675,0.3179796769429982,0.17133397881759405,0.45,0.02933393961738559,0.2896239034486864,0.34633545043731007,2.9705015738326805,3.552158466023693,2.9705015738326805,3.552158466023693,0.006924543591855681,-0.007466106509568693,0.4596784011270653,0.562085314571688,0.010458346540384193,1.0322220622391376,78.05422097884635,FOLLOWING,WALKING,0.3000103619195693
30.8,PID,1.3940377901355991,1.503988435291955,1.7079908907198038,0.3976389125737173,1.1653101309900598,0.3453101309900598,0.09043227493800998,0.31071401921988534,0.16789177229156588,0.45,-0.008638026753214546,0.2829279309056312,0.3385001075341395,2.901824932365448,3.471795974709123,2.901824932365448,3.471795974709123,-0.06867664146723262,-0.08036249131456996,0.785806119430825,0.952025631183522,0.008322021421177755,1.7461537720355247,78.14152866744813,FOLLOWING,WALKING,0.30006784973987993
30.85,PID,1.3955557813570956,1.5020645961082348,1.7051294332944447,0.41169918609837597,1.1500329629125021,0.33003296291250217,0.08351763478669416,0.2930073333824245,0.158112743420251,0.45,-0.07395720040875998,0.26683967434637296,0.3191749924184761,2.7368171727833124,3.273589665830524,2.7368171727833124,3.273589665830524,-0.16500775958213554,-0.19820630887859902,1.1981161901409216,1.4436459926453504,0.02226512279274356,2.664027305579016,78.27473003272708,FOLLOWING,WALKING,0.3001756773372176
30.9,PID,1.384518563071064,1.512244139771302,1.7024031140302018,0.4246038348223332,1.13346044188573,0.31346044188572997,0.07573944686063605,0.2698098807008572,0.145936796456344,0.45,-0.13060570883662945,0.24565734088733227,0.29396242051438215,2.5195624706393054,3.014999184762894,2.5195624706393054,3.014999184762894,-0.217254702144007,-0.25859048106763005,1.3222824967867102,1.5912533003316707,0.02558762918978271,2.9391234263081634,78.42168620404249,FOLLOWING,WALKING,0.3003337994525156
30.95,PID,1.3734002908673077,1.522348721813305,1.699696169032072,0.4369836186115519,1.1331425420872603,0.31314254208726033,0.07614853361704621,0.2595001080647498,0.14417380827452306,0.45,-0.10327121200583735,0.23563934279531626,0.2833608733341834,2.416813772259654,2.9062653675300862,2.416813772259654,2.9062653675300862,-0.1027486983796515,-0.10873381723280762,0.7657900407484847,0.9294122123641806,0.0036601447696718204,1.698862397882337,78.50662932393661,FOLLOWING,WALKING,0.30054214971631393
31.0,PID,1.3621995505411826,1.5323793180105274,1.696933488348493,0.4492015791863639,1.1333518462311105,0.31335184623111056,0.0766244770930069,0.25657898419083247,0.14351100183815377,0.45,-0.07963060713161213,0.232827913386618,0.28033005499504693,2.387978598837108,2.8751800512312506,2.387978598837108,2.8751800512312506,-0.028835173422546045,-0.031085316298835597,0.47239339356310966,0.5771770436317809,0.0013697282261970999,1.0509401654210877,78.55917633220766,FOLLOWING,WALKING,0.30080064067661755
31.05,PID,1.3379579988729928,1.5540904785189291,1.6940708522049885,0.4614460540320975,1.1337199050048543,0.31371990500485436,0.07712774673119283,0.25755125905054493,0.14350322625241393,0.45,-0.06049241495818478,0.23380147510577043,0.28130104299531944,2.397963847238671,2.8851389025160965,2.397963847238671,2.8851389025160965,0.00998524840156323,0.00995885128484586,0.39933113273155013,0.4888934379133325,1.6067831611223613e-05,0.8882406384764938,78.60358836413148,FOLLOWING,WALKING,0.30110916383560266
31.1,PID,1.3085243714503099,1.5799490766588822,1.690918260620051,0.47447211217312246,1.1492119920495152,0.32921199204951523,0.08528863981364321,0.27411703326215103,0.15443850078631266,0.45,0.020981099329122753,0.2485574613820163,0.2996766051422858,2.549307296225808,3.0736062065875465,2.549307296225808,3.0736062065875465,0.15134344898713703,0.18846730407144996,1.066369471415994,1.2953514491307068,0.02431911462770936,2.38604003517441,78.72289036589021,FOLLOWING,WALKING,0.30146758969515713
31.15,PID,1.301301587512862,1.5856261026422795,1.6873154128591814,0.48882179799037406,1.1697454447370204,0.3497454447370204,0.0955246832862604,0.30195924985553274,0.16990243392609544,0.45,0.10671244930173722,0.27384039704076396,0.3300781026703015,2.8086194568283482,3.385416437644118,2.8086194568283482,3.385416437644118,0.25931216060254014,0.3118102310565716,1.6887200170370884,2.0472431049770647,0.03783398225068029,3.7737971042648337,78.91158022110345,FOLLOWING,WALKING,0.30187576781123576
31.2,PID,1.3022944358256139,1.5841419195533486,1.6835068617813467,0.5034688123725852,1.1627494812131498,0.34274948121314985,0.09241350592815079,0.3087537759822901,0.1683363012332987,0.45,0.05245347095032504,0.28089411812817916,0.336613433836401,2.880965314135171,3.452445475245139,2.880965314135171,3.452445475245139,0.07234585730682275,0.06702903760102075,0.7579610322652185,0.9201513331133238,0.0037963725803416026,1.6819087379588837,78.99567565800139,FOLLOWING,WALKING,0.3023335268570066
31.25,PID,1.2797781067986107,1.6029331721509743,1.6797473067366322,0.5174745935438254,1.145939474093977,0.32593947409397706,0.08471412390091548,0.29614017789747715,0.15876262792922602,0.45,-0.03305032398310573,0.26986496297519025,0.32241539281976406,2.7678457741045155,3.30682454174117,2.7678457741045155,3.30682454174117,-0.1131195400306555,-0.14562093350396887,0.9854315192640533,1.1880170811754522,0.021887158070742256,2.195335758510248,79.1054424459269,FOLLOWING,WALKING,0.30284067469476295
31.3,PID,1.2756478704095056,1.6058200280407133,1.6758297989732127,0.5315991713802861,1.1568040831406643,0.33680408314066435,0.0906913771211948,0.29929618390295054,0.16619463788819858,0.45,0.022025027098600932,0.27179097133245367,0.3268013964734474,2.7875997059738835,3.3518091945994604,2.7875997059738835,3.3518091945994604,0.019753931869368024,0.04498465285829045,0.5686643323200876,0.6951085873529356,0.017786306936345937,1.2815592266093692,79.16952040725737,FOLLOWING,WALKING,0.3033969984565707
31.35,PID,1.2791802632482983,1.6023987985479389,1.6719099126133394,0.5453027660654409,1.1463402744531093,0.3263402744531093,0.08592814276410232,0.29114151965827384,0.16025513838981564,0.45,-0.02886123708833276,0.26461929425475933,0.31766374506178835,2.714044043638557,3.258089692941419,2.714044043638557,3.258089692941419,-0.0735556623353264,-0.09371950165804144,0.7707136694378108,0.9358429290781052,0.01370642852274601,1.7202630270386619,79.2555335586093,FOLLOWING,WALKING,0.30400226463361624
31.4,PID,1.26944306019452,1.6100584792748933,1.6681799773164516,0.5579860048364111,1.127691712916534,0.3076917129165341,0.07702086014042542,0.27048666415262135,0.14744785865865087,0.45,-0.10456543568982944,0.24608404354461463,0.2948892847606281,2.5239389081498937,3.0245054847243904,2.5239389081498937,3.0245054847243904,-0.19010513548866337,-0.23358420821702852,1.2214062763089033,1.4727285677654698,0.027193045991076872,2.72132789006545,79.39159995311257,FOLLOWING,WALKING,0.30465621917421826
31.45,PID,1.2574306480789073,1.6194573643763728,1.6645272151720867,0.5700890375659401,1.1250989381147833,0.3050989381147834,0.07619992947369414,0.25889671768707173,0.14433126737901614,0.45,-0.09296924896576982,0.23500989293584457,0.2827835424382989,2.4103578762650724,2.9003440250081938,2.4103578762650724,2.9003440250081938,-0.11358103188482138,-0.12416145971619663,0.813291893530377,0.9871475416967448,0.006477430597805727,1.8069168658249275,79.48194579640382,FOLLOWING,WALKING,0.3053585875904629
31.5,PID,1.245082803630702,1.6289765129034974,1.660842291893708,0.581984009225265,1.1255671904653133,0.30556719046531333,0.0767691053238686,0.25513142222430885,0.1437721709111841,0.45,-0.07045570385096875,0.23133712793850789,0.27892571651010983,2.3726884916770037,2.86077657959087,2.3726884916770037,2.86077657959087,-0.03766938458806868,-0.03956744541732382,0.501373568487379,0.6128894851900267,0.0011575081861773856,1.1154205618635833,79.537716824497,FOLLOWING,WALKING,0.3061090750734152
31.55,PID,1.2155091024143925,1.6517880340629847,1.657060592988327,0.5938884878736117,1.1265208630287902,0.3065208630287902,0.07749978097872656,0.25583980198692896,0.14408077289007723,0.45,-0.050759289724457354,0.2319944340736212,0.27968516990023673,2.379430093062781,2.868565845130633,2.379430093062781,2.868565845130633,0.006741601385777507,0.007789265539762891,0.3858784598625186,0.47362160476070997,0.0006402760075343247,0.860140340630763,79.58072384152854,FOLLOWING,WALKING,0.3069073666168615
31.6,PID,1.1931207045802767,1.668516314438587,1.6528729838278617,0.606714464927778,1.1463503690651236,0.3263503690651236,0.0876883403657065,0.27590970404663384,0.1578585136123364,0.45,0.047657580574788874,0.24978412004379216,0.30203528804947555,2.5618884107055604,3.097797826148467,2.5618884107055604,3.097797826148467,0.1824583176427792,0.22923198101783404,1.2162459676172406,1.4806275887044673,0.03131904486746824,2.728192601189176,79.717133471588,FOLLOWING,WALKING,0.3077531271495286
31.65,PID,1.1711073516747459,1.684577751800211,1.648258977148187,0.6204604516288847,1.1570632333186999,0.3370632333186999,0.09300272675271692,0.29605796629450165,0.1669383332520991,0.45,0.08430951556407043,0.2684296721412792,0.3236862604477241,2.7531248424746586,3.3198590815151188,2.7531248424746586,3.3198590815151188,0.19123643176909821,0.2220612553666519,1.3136643052402104,1.5953726347063526,0.021827087379239603,2.930864027325802,79.8636766729543,FOLLOWING,WALKING,0.3086460016757247
31.7,PID,1.1680816868353403,1.6861289291221353,1.6432353709371377,0.6349974081925018,1.1661986546964713,0.3461986546964714,0.09754987608814591,0.31368667815970264,0.17526008383116207,0.45,0.10595727620216877,0.2846811342856453,0.34269222203376,2.919806505493798,3.5147920208590766,2.919806505493798,3.5147920208590766,0.16668166301913923,0.19493293934395783,1.2777678869907731,1.5506933912585923,0.021001978139163463,2.849463256388529,80.00614983577373,FOLLOWING,WALKING,0.3095856154243441
31.75,PID,1.1615576253757023,1.6903247760922142,1.6381612730251542,0.6492886375283822,1.1535373846596195,0.3335373846596196,0.09180276525694264,0.30942409394158243,0.16941194565686468,0.45,0.026937087275544516,0.2813864169353713,0.33746177094779356,2.8860145326704747,3.4611463686953186,2.8860145326704747,3.4611463686953186,-0.033791972823323135,-0.05364565216375805,0.6418219575098754,0.7816694555851627,0.014266720318721619,1.4377581334137597,80.07803774244442,FOLLOWING,WALKING,0.31057157400617186
31.8,PID,1.162367429926896,1.6892279669434518,1.6331557030665806,0.663023364328909,1.1449485921859799,0.32494859218597993,0.08810915026543631,0.2984178628099341,0.16448402499597758,0.45,-0.01677975880908915,0.2711957566730998,0.3256399689467684,2.781494940236921,3.3398971174027525,2.781494940236921,3.3398971174027525,-0.10451959243355358,-0.12124925129256603,0.91859346863567,1.1141967791030805,0.011672124842354921,2.0444623725811057,80.18026086107348,FOLLOWING,WALKING,0.3116034635794227
31.85,PID,1.1576392936618902,1.6922308517253222,1.6283995575675647,0.6757696735689558,1.1290427292857954,0.30904272928579546,0.08066129240691455,0.2781422382808195,0.15361314234924933,0.45,-0.08307400863190025,0.25271926322201876,0.3035652133396203,2.5919924433027566,3.113489367585849,2.5919924433027566,3.113489367585849,-0.18950249693416454,-0.2264077498169037,1.2395842647077269,1.498724952080701,0.02404671038602312,2.762355927174451,80.3183786574322,FOLLOWING,WALKING,0.31268085102344545
31.9,PID,1.14467705957735,1.7010256961722714,1.6238640007480847,0.6876479609490354,1.1201823747817,0.30018237478169996,0.07657670414389783,0.26055023077007583,0.14622050998770322,0.45,-0.10378328655090185,0.23635073636711096,0.2847497251730407,2.4241101165857533,2.9205100017747765,2.4241101165857533,2.9205100017747765,-0.16788232671700332,-0.19297936581107233,1.052199738399049,1.2763635724128892,0.015565744426418717,2.3441290552383567,80.43558511019413,FOLLOWING,WALKING,0.31380328412051867
31.95,PID,1.1316002746434115,1.70975285003066,1.6193650982586898,0.6991864455999991,1.1209614439554734,0.3009614439554734,0.07719484733658621,0.25378434591391436,0.14525210466501629,0.45,-0.07752305914510027,0.22974512259185415,0.27782356923597457,2.3563602317113244,2.8494725049843543,2.3563602317113244,2.8494725049843543,-0.0677498848744289,-0.07103749679042215,0.611438565422132,0.7478241344337683,0.0020255459225627524,1.361288245778463,80.50364952248304,FOLLOWING,WALKING,0.3149702917456627
32.0,PID,1.1184071187129256,1.718411914115257,1.6147936898856625,0.7106574230420555,1.1221225338261225,0.30212253382612253,0.0779013503584638,0.25307188011738774,0.14525042399827462,0.45,-0.05535919070232219,0.22903293494567328,0.2771108252891022,2.3490557430325465,2.842162310657458,2.3490557430325465,2.842162310657458,-0.007304488678777865,-0.00731019432689628,0.3806788780776255,0.46899875250832157,3.5152928183052004e-06,0.8496811458787653,80.54613357977698,FOLLOWING,WALKING,0.31618138406438806
32.05,PID,1.074459508719594,1.747366621696814,1.610095261609461,0.722208339574537,1.1233738212718125,0.30337382127181256,0.0785584819870615,0.25546961784739736,0.14570409531169282,0.45,-0.03767450398677526,0.2313555900733122,0.2795836456214825,2.372877846905766,2.8675245704767436,2.372877846905766,2.8675245704767436,0.02382210387321937,0.025362259819285526,0.44921157627627684,0.551364049050845,0.0009518654633826944,1.0015274907905045,80.5962099543165,FOLLOWING,WALKING,0.3174360527382952
32.1,PID,1.0605642283855956,1.7558502613895761,1.6046649076443469,0.7352386418182575,1.1566568908616732,0.3366568908616733,0.09505945171860408,0.2883928029751864,0.1683270720869693,0.45,0.11705939308571078,0.26053467254479296,0.3162509334055798,2.672150487638902,3.2435993169803057,2.672150487638902,3.2435993169803057,0.2992726407331361,0.3760747465035621,1.8229000282403416,2.2238549504550167,0.05483605597162576,4.101591034666984,80.80128950604984,FOLLOWING,WALKING,0.31873377113844314
32.15,PID,1.0480824695096407,1.763269433793546,1.5988141512672913,0.7489338056715218,1.1565870599197559,0.3365870599197559,0.09494424770638976,0.3041811696946908,0.1711812559870927,0.45,0.09099907046241798,0.27585067182882694,0.3325116675605546,2.8292376597828404,3.4103760775441496,2.8292376597828404,3.4103760775441496,0.15708717214393841,0.16677676056384394,1.1528316634717044,1.4015199886099334,0.007035592101714583,2.5613872441833525,80.929358868259,FOLLOWING,WALKING,0.32007399456639374
32.2,PID,1.0582268790716283,1.7562767068325353,1.592754793922104,0.7627925109644924,1.1542019544989999,0.3342019544989999,0.09395447798218637,0.30854376137644984,0.1716016146755833,0.45,0.0604848111093591,0.2801436941476408,0.3369438286052589,2.8732686579245206,3.4558341395411167,2.8732686579245206,3.4558341395411167,0.04403099814168021,0.045458061996967114,0.6433903792050262,0.785919574389887,0.0010387329075058013,1.430348686502419,81.00087630258412,FOLLOWING,WALKING,0.32145616048284176
32.25,PID,1.0132799077132375,1.7838465507650803,1.587047703236301,0.7755765950082487,1.1281537746220456,0.30815377462204563,0.08156447690862967,0.2860646940951974,0.1553890810306601,0.45,-0.0674338387933053,0.2603478011846232,0.31178158700577163,2.6702338583038276,3.1977598667258627,2.6702338583038276,3.1977598667258627,-0.20303479962069293,-0.2580742728152541,1.3729098118003407,1.6542605105737374,0.03627721014139321,3.0634475325154713,81.15404867920988,FOLLOWING,WALKING,0.3228796887437314
32.3,PID,1.026301895832124,1.7752454552394652,1.580861579228536,0.7890892321603303,1.1600938698490217,0.3400938698490218,0.09754120685672896,0.30342252355027644,0.17563904885915846,0.45,0.08793802473992496,0.2743542609640857,0.33249078613646715,2.8138898560419046,3.4101619090919706,2.8138898560419046,3.4101619090919706,0.1436559977380769,0.21240204236610793,1.2173659099760368,1.4875298556568604,0.051216265279097464,2.7561120309119946,81.29185428075547,FOLLOWING,WALKING,0.3243439818437642
32.35,PID,1.022644770809301,1.7770682773876194,1.5749517130867172,0.8017302145177556,1.1313887655295298,0.3113887655295299,0.08368865661409597,0.285259002470655,0.15844740305464144,0.45,-0.05771079970863015,0.25903595726511186,0.31148204767619814,2.656779048872942,3.194687668473827,2.656779048872942,3.194687668473827,-0.15711080716896264,-0.21547424061814358,1.1813270262355702,1.430816814458218,0.0392251915002398,2.6513690321940278,81.42442273236517,FOLLOWING,WALKING,0.32584842516719276
32.4,PID,1.008455862707545,1.7851584699213092,1.5693471915871164,0.8134904101638026,1.1208600694870738,0.3008600694870739,0.07876967646832744,0.26669392865864544,0.1502098551260556,0.45,-0.09134068635954048,0.24183419763528324,0.29155365968200764,2.480350744977264,2.9902939454564885,2.480350744977264,2.9902939454564885,-0.17642830389567798,-0.2043937230173385,1.1162762209436725,1.3549242808423316,0.01781799668563518,2.4890184984716397,81.54887365728875,FOLLOWING,WALKING,0.32739238724579706
32.45,PID,0.9941345785223916,1.7931732848632103,1.563816142917508,0.824875207748313,1.1219348916783045,0.30193489167830456,0.07954607000715352,0.25923583906613407,0.14948689674577573,0.45,-0.06651651771902635,0.23449575765470818,0.28397592047755993,2.405084693894443,2.912573543359589,2.405084693894443,2.912573543359589,-0.07526605108282114,-0.07772040209689957,0.6515675660181268,0.7979212429526652,0.001556248388319343,1.4510450573591114,81.6214259101567,FOLLOWING,WALKING,0.3289752200239338
32.5,PID,0.9716690857910026,1.805650906477752,1.558224305143784,0.8361627445176604,1.123449264967526,0.3034492649675261,0.08036876874299059,0.2580943165571828,0.14969155410821422,0.45,-0.04521964134826536,0.23332036435227332,0.28286826876209226,2.393029377972034,2.901213012944536,2.393029377972034,2.901213012944536,-0.012055315922408827,-0.011360530415053027,0.40495422158750594,0.49979637976270563,0.0004411508924607523,0.9051917522426723,81.66668549776884,FOLLOWING,WALKING,0.3305962591305489
32.55,PID,0.941685754752312,1.8219853119126217,1.5523325755231163,0.847830187666057,1.1331170820046559,0.31311708200465593,0.08520173189081204,0.26760231235308324,0.15595731047873498,0.45,0.007267074711726655,0.2417913774688526,0.2934132472373139,2.4799115637831033,3.009366638331424,2.4799115637831033,3.009366638331424,0.08688218581106932,0.10815362538688822,0.7547346777172329,0.9254286385126688,0.014071543367925226,1.694234859597827,81.75139724074873,FOLLOWING,WALKING,0.33225482415803664
32.6,PID,0.9132051383976212,1.8370201012161094,1.5458664543971048,0.8603700434655244,1.1497250740126228,0.32972507401262285,0.09325176662384083,0.2881342915861455,0.16773271581802124,0.45,0.07874348311020539,0.260374527118263,0.31589405605402804,2.670507970443723,3.2399390364515694,2.670507970443723,3.2399390364515694,0.1905964066606196,0.2305723981201453,1.2894047381825855,1.5754133910288397,0.028441738330799375,2.8932598675422248,81.89606023412583,FOLLOWING,WALKING,0.3339502189478318
32.65,PID,0.8995161213767885,1.843697900861986,1.5387679307629063,0.8738446728738859,1.1636604642533919,0.3436604642533919,0.09976373123960247,0.3105319131987695,0.17863244796220565,0.45,0.12273563388534757,0.28096824306102447,0.3400955833365145,2.8817255698566613,3.4881598290924565,2.8817255698566613,3.4881598290924565,0.21121759941293838,0.24822079264088703,1.4815299587306452,1.805997181600778,0.028037460024692817,3.315564600356116,82.06183846414362,FOLLOWING,WALKING,0.3356817318826114
32.7,PID,0.8911283369624022,1.8474656543391372,1.5313745087870827,0.8875818481215957,1.1615757227328587,0.34157572273285874,0.09876723456699121,0.31810434632637974,0.17962946448642558,0.45,0.08656093174022463,0.2883756699538763,0.34783302269888317,2.957699179014116,3.5675181815270065,2.957699179014116,3.5675181815270065,0.07597360915745455,0.07935835243455003,0.8165252481353547,0.9979298277853175,0.0025789470383484636,1.8170340229590205,82.15269016529156,FOLLOWING,WALKING,0.33744863618498616
32.75,PID,0.8867168122338779,1.849172712047519,1.523986686157281,0.9010251748040444,1.1538163120596072,0.33381631205960727,0.09524254900790474,0.3129906319384819,0.1760013661998896,0.45,0.03337611979506677,0.2838624058324002,0.34211885804456366,2.9114092905887197,3.5089113645596273,2.9114092905887197,3.5089113645596273,-0.046289888425396164,-0.05860681696737924,0.6877777518759234,0.841508345962773,0.009195123673985015,1.5384812215126815,82.22961422636719,FOLLOWING,WALKING,0.33925019022255454
32.8,PID,0.8877237410424675,1.8482187225358067,1.5168286460904894,0.9137908792310526,1.1424082652848833,0.3224082652848833,0.08992447103940115,0.298780565470971,0.16874135838924853,0.45,-0.02416203236863618,0.27085387065755034,0.3267072602843916,2.7779884170005165,3.3508436952245293,2.7779884170005165,3.3508436952245293,-0.1334208735882032,-0.15806766933509797,1.060559235119897,1.290776846086982,0.017640915550332443,2.3689769967572114,82.34806307620504,FOLLOWING,WALKING,0.3410856378191926
32.85,PID,0.8746018618878736,1.854412460307381,1.5101171644084448,0.9255315318615895,1.1264672103078077,0.30646721030780777,0.08225437665859614,0.2767754781821569,0.15720419335719543,0.45,-0.08898702714667259,0.25075818418154106,0.3027927721827728,2.5718788121183698,3.1055668941822847,2.5718788121183698,3.1055668941822847,-0.2061096048821467,-0.24527680104224459,1.3012115172639382,1.5811690835415348,0.02611714640389707,2.9084977472093705,82.4934879635655,FOLLOWING,WALKING,0.34295420857244713
32.9,PID,0.8590167372689579,1.8616831725223288,1.5036030627797972,0.9367300768073589,1.1254774448953335,0.30547744489533357,0.08183198456838969,0.26534316505488975,0.15460785365719365,0.45,-0.07376484898929134,0.23975556527462422,0.2909307648351553,2.4590314387140944,2.983905280360567,2.4590314387140944,2.983905280360567,-0.11284737340427542,-0.12166161382171792,0.8241973199610392,1.0095171294241165,0.005780368920704549,1.8394948183058604,82.58546270448079,FOLLOWING,WALKING,0.34485511817690145
32.95,PID,0.8432838076839451,1.8688623302584586,1.4970773221928846,0.9477517355539055,1.1273995566383164,0.3073995566383164,0.08268147995248842,0.2623972552385994,0.15449268440498085,0.45,-0.04907929054252224,0.23682871596957508,0.2879657945076237,2.4290124714828214,2.9534953282833203,2.4290124714828214,2.9534953282833203,-0.030018967231272953,-0.030409952077246505,0.48207735833757037,0.5954639282671454,0.000256216419867909,1.0777975030245837,82.63935257963202,FOLLOWING,WALKING,0.34678756875337624
33.0,PID,0.8215967095842975,1.8786298781255888,1.4904369530803392,0.9587838670847244,1.1295533131689386,0.30955331316893864,0.08356106449646106,0.26405406992969827,0.1550937324785122,0.45,-0.028805317888429043,0.2383860572045045,0.289722082654892,2.4449852020974823,2.9715085400501744,2.4449852020974823,2.9715085400501744,0.01597273061466087,0.01801321176685411,0.4347768470025405,0.5377927012133329,0.001342350563371202,0.9739118987792446,82.68804817457098,FOLLOWING,WALKING,0.3487507491838273
33.05,PID,0.7711180734038665,1.9011192927007554,1.483457689604553,0.9701560449251743,1.1373055681511606,0.3173055681511606,0.08720908827844687,0.27298914266768387,0.15992570003362877,0.45,0.01164177396880402,0.2465214393121183,0.29945684602324946,2.528425018585829,3.0713522669051225,2.528425018585829,3.0713522669051225,0.08343981648834653,0.09984372685494813,0.7469309671195532,0.9173241485995194,0.011127683430602574,1.6753827991496753,82.77181731452846,FOLLOWING,WALKING,0.35074383545180104
33.1,PID,0.7625320686536031,1.9042428425279416,1.475373162216958,0.9830423511430878,1.1722287735411545,0.35222877354115456,0.10362921346672938,0.30970853555967826,0.18314991810605707,0.45,0.1627426874116492,0.2793972241131258,0.3400198470062307,2.865612555006418,3.487383046217751,2.865612555006418,3.487383046217751,0.3371875364205894,0.41603077931262833,2.1332104390994426,2.609077017169227,0.061250596387814826,4.803538052656485,83.01199421716127,FOLLOWING,WALKING,0.35276599098830336
33.15,PID,0.7552543783455143,1.9067928973422483,1.4669165245846174,0.9962595108952581,1.1647973085478416,0.34479730854784163,0.09992662756808324,0.31965390198191307,0.18146600028888227,0.45,0.09424085021050765,0.28962127893410305,0.3496865250297231,2.97047465573439,3.5865284618433138,2.97047465573439,3.5865284618433138,0.10486210072797197,0.0991454156255629,0.933676416131462,1.1405707565031837,0.004400263167809975,2.078647435802456,83.1159265889514,FOLLOWING,WALKING,0.35481636702293684
33.2,PID,0.7405444816672536,1.9124898626358802,1.4584739931182198,1.0091990711520489,1.1556530873165487,0.33565308731654875,0.09569105202003314,0.3144497110795611,0.17698021031740194,0.45,0.033273289746505,0.2851594862720311,0.3437399358870911,2.924712679713139,3.525537803970165,2.924712679713139,3.525537803970165,-0.045761976021251094,-0.060990657873148724,0.69541097302319,0.8509789718598579,0.0114321031573295,1.5578220480403773,83.19381769135342,FOLLOWING,WALKING,0.3568941029401604
33.25,PID,0.7174030545062503,1.9215171358037173,1.450087941859842,1.0218071008123553,1.153844459791574,0.33384445979157407,0.09495523107095849,0.3087272230535518,0.1759840717755427,0.45,0.01799520489238485,0.2796018591746995,0.33785258693240416,2.8677113761507638,3.465154737768248,2.8677113761507638,3.465154737768248,-0.057001303562375316,-0.060383066201917135,0.704788232110251,0.8640413740861456,0.0025243850397448715,1.5713539912361416,83.27238539091522,FOLLOWING,WALKING,0.35899832664051956
33.3,PID,0.7231135330741443,1.9186885254099184,1.4415367365285015,1.0344161912784187,1.16030396501111,0.34030396501111004,0.0980279847579344,0.3105418137133832,0.18009771414586154,0.45,0.042458082782020096,0.2807356420222431,0.34034798540452327,2.879339918176852,3.4907485682515205,2.879339918176852,3.4907485682515205,0.011628542026088429,0.025593830483272573,0.5268278342103134,0.6515018584090708,0.010668349262995593,1.1889980418823798,83.33183529300933,FOLLOWING,WALKING,0.3611281549066981
33.35,PID,0.7119536608942479,1.9227313838652262,1.433415918669554,1.0461757329648838,1.1393285128407835,0.31932851284078356,0.08787765530465652,0.29166781830381755,0.1665918825628653,0.45,-0.05917468497946608,0.26409686173966335,0.31923877486797175,2.7086857614324447,3.27424384479971,2.7086857614324447,3.27424384479971,-0.17065415674440754,-0.2165047234518105,1.2362103655262877,1.5054346646296901,0.03239945148943402,2.774044481645412,83.4705375170916,FOLLOWING,WALKING,0.36328269377423533
33.4,PID,0.6948383201790919,1.9289825552792608,1.4255777505844196,1.0573292447108424,1.1352786435582964,0.3152786435582965,0.08591226467395119,0.27850045189035805,0.16227235539279183,0.45,-0.06397567912692768,0.251644377072851,0.3053565267078651,2.5809679699779586,3.13186181238836,2.5809679699779586,3.13186181238836,-0.12771779145448603,-0.14238203241135006,0.9389969654771597,1.1497727980565537,0.010093533812222728,2.0988632973459365,83.5754806819589,FOLLOWING,WALKING,0.36546103890675463
33.45,PID,0.6775647450840344,1.9351175690330076,1.4177692184737647,1.0682538578042062,1.137435540579767,0.317435540579767,0.08683761898507791,0.2744291338155762,0.1622154780437539,0.45,-0.04041068282453293,0.24758247219933494,0.3012757954318175,2.539307407172666,3.090008158275051,2.539307407172666,3.090008158275051,-0.041660562805292845,-0.04185365411330899,0.5516218077484236,0.6814622987007068,0.0001328599636422945,1.2332169664127728,83.63714153027954,FOLLOWING,WALKING,0.3676622759755461
33.5,PID,0.6430892221820979,1.9472624849574207,1.4098421365139928,1.0791540010699114,1.1398926950689432,0.31989269506894324,0.08778426847995835,0.27540468297245785,0.162895501178145,0.45,-0.020708852850759473,0.24844547752747484,0.30236388841744083,2.5481587438715367,3.1011680863327262,2.5481587438715367,3.1011680863327262,0.008851336698870949,0.011159928057675295,0.42677352450422323,0.5296830927913709,0.0015951270137669982,0.9580517443093611,83.685044117495,FOLLOWING,WALKING,0.36988548104334196
33.55,PID,0.6130587589248251,1.9573291985735608,1.4012876587800318,1.0907060464872451,1.1582410679275383,0.3382410679275384,0.0963769835470143,0.2933402648577115,0.17455560617459304,0.45,0.06457993535423083,0.26445131203581634,0.3222292176796066,2.712321149085296,3.30491505312417,2.712321149085296,3.30491505312417,0.16416240521375913,0.203746966791444,1.1969814996222279,1.4702514915214808,0.029308848418288864,2.6965418395619976,83.81987120947309,FOLLOWING,WALKING,0.372129720952126
33.6,PID,0.5776818855776473,1.9687770350164595,1.3920052365305655,1.1030054172686712,1.1714693706192112,0.35146937061921124,0.10223163330491092,0.3139935706566141,0.18413174819544342,0.45,0.10857688141966393,0.2835197663302682,0.34446737498296,2.907895039284802,3.5329987177739484,2.907895039284802,3.5329987177739484,0.1955738901995061,0.22808366464977814,1.4138401658380666,1.7310211601042396,0.025391113506246645,3.1702524394485527,83.97838383144551,FOLLOWING,WALKING,0.3743940537148134
33.65,PID,0.5731684313394398,1.9695289674105374,1.3818569474093425,1.1161810613943097,1.188563424477134,0.36856342447713397,0.10975144641152745,0.33840304213826045,0.19650779965003054,0.45,0.15990380448220215,0.3058810012961804,0.3709250829803405,3.1372410389351835,3.8043598254393896,3.1372410389351835,3.8043598254393896,0.2293459996503815,0.2713611076654412,1.719242030189227,2.100058102008993,0.03502066521163122,3.8543207974098515,84.17109987131599,FOLLOWING,WALKING,0.3766775289106359
33.7,PID,0.5599505971477929,1.973146792121509,1.3716513025944128,1.129177714669263,1.17566141585306,0.3556614158530601,0.10367322004156154,0.3362631229721047,0.1907327977439958,0.45,0.06795612955018943,0.3046968449454734,0.367829400998736,3.1250958455945987,3.772609241012677,3.1250958455945987,3.772609241012677,-0.012145193340584726,-0.031750584426712525,0.5927573192189752,0.7302322998474924,0.01586134469541569,1.3388509637618833,84.23804241950408,FOLLOWING,WALKING,0.378979188084067
33.75,PID,0.5569211273047386,1.9735340086249924,1.36158179520316,1.141774909564011,1.170957658892129,0.35095765889212915,0.10151381550790406,0.3287819125930841,0.18817788322070575,0.45,0.0323092504210504,0.2976384729200573,0.3599253522661109,3.052702286359562,3.691542074524214,3.052702286359562,3.691542074524214,-0.07239355923503688,-0.08106716648846302,0.8400126549958575,1.0299521418730455,0.006923209057957236,1.8768880059268602,84.33188681980042,FOLLOWING,WALKING,0.38129806514712034
33.8,PID,0.5521737324114191,1.9745577122474418,1.35196319717488,1.1535883210239999,1.1572821563186173,0.33728215631861735,0.0950346208342654,0.31118139234975273,0.1790856647586514,0.45,-0.034970995995036024,0.2815427148321959,0.34082006986730956,2.887617588022522,3.495590460177534,2.887617588022522,3.495590460177534,-0.16508469833703998,-0.19595161434668018,1.2618140243145406,1.5402337527464711,0.0234473182186749,2.825495095279687,84.47316157456439,FOLLOWING,WALKING,0.3836331867848502
33.85,PID,0.5336173938135853,1.9796531177912475,1.3428558991179145,1.164581387612453,1.146147429117394,0.32614742911739414,0.08955535536117454,0.29175765355414907,0.17021563191968217,0.45,-0.07627017656151303,0.26358696647144164,0.3199283406368565,2.7034560663737603,3.281316314224169,2.7034560663737603,3.281316314224169,-0.18416152164876154,-0.21427414595336503,1.2576481250769707,1.5378456435194197,0.021741382725603338,2.8172351513219938,84.61402333213047,FOLLOWING,WALKING,0.38598357286388674
33.9,PID,0.5148999310092011,1.984603751585623,1.3338923121768897,1.1752149461037158,1.1485681885738603,0.3285681885738604,0.09043910652865561,0.2845336326459463,0.1696199187302024,0.45,-0.04883939610952807,0.2564615360960978,0.31260572919579477,2.630374729190746,3.2062126071363566,2.630374729190746,3.2062126071363566,-0.07308133718301413,-0.07510370708781222,0.7062521551501685,0.8719414199832706,0.001455045448119448,1.5796486205815585,84.69300576315955,FOLLOWING,WALKING,0.3883482368438329
33.95,PID,0.4960214903995734,1.9894061100797884,1.3248426512055491,1.1857643945403518,1.1514594039088608,0.33145940390886086,0.09137714050071777,0.28423166845042097,0.16999137695077238,0.45,-0.025373381491429085,0.25609809556506813,0.3123652413357738,2.6266471340006987,3.2037460649822953,2.6266471340006987,3.2037460649822953,-0.0037275951900475057,-0.0024665421540612797,0.412692839931894,0.5144585855670756,0.000909283599279022,0.9280607090982486,84.73940879861446,FOLLOWING,WALKING,0.3907261861913502
34.0,PID,0.4521069587663974,2.0004666759682452,1.3155917815230698,1.1963628140095195,1.154462872315491,0.3344628723154911,0.09238548926867107,0.28756396265480977,0.17100543144077013,0.45,-0.006575976574140885,0.2592625637513623,0.31586536155825723,2.65910321796269,3.2396447339308434,2.65910321796269,3.2396447339308434,0.0324560839619914,0.035898668948548096,0.5479425266641941,0.6788550859525642,0.0024970870881579656,1.2292946997049161,84.8008735335997,FOLLOWING,WALKING,0.39311642279675985
34.05,PID,0.4192307062253565,2.0080916222084917,1.3054004708145366,1.207820529079851,1.17991061523662,0.35991061523662016,0.10399465971859057,0.31290080305282797,0.1869891761441671,0.45,0.10684080712514434,0.2819540944009683,0.34384751170468764,2.8918368656509568,3.526641145689104,2.8918368656509568,3.526641145689104,0.23273364768826665,0.28699641175826063,1.6236433266584902,1.9934912746868139,0.043038536454533725,3.660173137799838,84.98388219048968,FOLLOWING,WALKING,0.39551794339298585
34.1,PID,0.4036940455890875,2.0111258231647153,1.2942714915534619,1.2200874456150914,1.19403964514138,0.37403964514138,0.1099303304365562,0.337433784368667,0.1973407794690495,0.45,0.1455035611385594,0.3047738853665393,0.3700936833707947,3.1258860037593776,3.795832649956868,3.1258860037593776,3.795832649956868,0.23404913810842087,0.26919150426776417,1.7190174051809586,2.102698963933618,0.02941622595197007,3.8511325950665465,85.17643882024299,FOLLOWING,WALKING,0.39792973997666053
34.15,PID,0.40542634403585576,2.0101196749946584,1.282769516093928,1.2325165083412255,1.191163255820448,0.37116325582044796,0.10828527184128056,0.3448663803263324,0.19748273134300084,0.45,0.10083666467597463,0.31218298828906577,0.377549772363599,3.201876802964777,3.872305357575374,3.201876802964777,3.872305357575374,0.0759907992053992,0.07647270761850589,0.8814227267464168,1.0815570344642895,0.00040367583053529043,1.9633834370412415,85.27460799209504,FOLLOWING,WALKING,0.40035080023121994
34.2,PID,0.360141961661831,2.0195360840339958,1.2716784879990872,1.2442799513378116,1.1723471014790656,0.35234710147906567,0.09947015702773632,0.32945242819019155,0.18645588152565737,0.45,-0.00413848065482654,0.29859397979769525,0.36031087658268784,3.0625023568994383,3.6954961700788496,3.0625023568994383,3.6954961700788496,-0.13937444606533855,-0.17680918749652452,1.2337197924352479,1.5027547888273416,0.02960670244527257,2.766081283707862,85.41291205628043,FOLLOWING,WALKING,0.40278010795180885
34.25,PID,0.36250094158322543,2.018389378803514,1.2600291638948233,1.256387089019741,1.196628977640954,0.37662897764095404,0.11055779797182241,0.3421759903275602,0.20078238961875772,0.45,0.1036122402015502,0.3089465048456558,0.3754054758094646,3.168682100981085,3.850312572404765,3.168682100981085,3.850312572404765,0.10617974408164654,0.15481640232591554,1.1413668928283052,1.4026387657626813,0.04142175162948465,2.585427410220471,85.54218342679145,FOLLOWING,WALKING,0.4052166434718182
34.3,PID,0.35909611115089096,2.0186248129407507,1.2487157421771538,1.2679253804464619,1.1773718187053441,0.3573718187053442,0.10137709823928809,0.32934470684418493,0.18961283863950615,0.45,-0.0039139519594790645,0.29796378204934665,0.3607256316390232,3.0560387902497093,3.6997500680925457,3.0560387902497093,3.6997500680925457,-0.11264331073137557,-0.1505625043122194,1.1040230630110646,1.350859306173965,0.030497619852067483,2.485379989037097,85.6664524262433,FOLLOWING,WALKING,0.40765938409087477
34.35,PID,0.3392512638836479,2.0220491017070668,1.2379819634047586,1.2786707707924996,1.1640329573747261,0.34403295737472617,0.09489393500043741,0.3099119943991748,0.17983999061116326,0.45,-0.06174387238311626,0.2801484759530273,0.33967551284532227,2.873317702082331,3.483851413798177,2.873317702082331,3.483851413798177,-0.1827210881673782,-0.2158986542943686,1.340010981928886,1.6375037753702475,0.025308704126327176,3.0028234614254607,85.81659359931456,FOLLOWING,WALKING,0.410107304504106
34.4,PID,0.3189482971560611,2.0253508272648117,1.227430343879012,1.2890440005826178,1.1663310907006779,0.3463310907006779,0.09573121221550851,0.30213748530250417,0.1792809488238198,0.45,-0.03804843382464243,0.27246648827216197,0.3318084823328464,2.7945280848426868,3.403163921362527,2.7945280848426868,3.403163921362527,-0.07878961723964428,-0.08068749243565021,0.7778277834985136,0.9596629539211052,0.001443247805766292,1.7389339852253851,85.90354029857582,FOLLOWING,WALKING,0.4125593772324952
34.45,PID,0.29446193743203675,2.0291314413451795,1.2168143379073393,1.299297913138183,1.1693961570984934,0.3493961570984935,0.09672919959527926,0.30133545815713214,0.17978688891785183,0.45,-0.01619148623283185,0.2715807280412277,0.3310901882730366,2.785443364525412,3.3957968028003753,2.785443364525412,3.3957968028003753,-0.009084720317274808,-0.007367118562151553,0.46270468182767166,0.5765295267003256,0.0013098440949815017,1.0405440526229788,85.95556750120697,FOLLOWING,WALKING,0.4150145730541522
34.5,PID,0.25395148360564074,2.0350915779168846,1.2058780558247375,1.3096705497895558,1.1761764023978825,0.3561764023978825,0.09944204445035165,0.30751628534448255,0.18319546695121755,0.45,0.017203720055704596,0.27719743556405607,0.33783513512490904,2.8430506211698057,3.464975744870862,2.8430506211698057,3.464975744870862,0.0576072566443937,0.06917894207048647,0.7192700893865904,0.8895421276738218,0.008991879040254697,1.617804096100667,86.036457706012,FOLLOWING,WALKING,0.4174718614363135
34.55,PID,0.21945929390442576,2.0395529517191537,1.194044818098128,1.3206762419810372,1.196829088444173,0.37682908844417307,0.10850302485706997,0.32942226330596786,0.19600854602526163,0.45,0.1042907202471332,0.29698284893878707,0.36186167767314864,3.0459779378337135,3.7114018222887037,3.0459779378337135,3.7114018222887037,0.20292731666390784,0.24642607741784195,1.5448843358266924,1.8971974691367353,0.03616521119150729,3.478247016154935,86.21037005681974,FOLLOWING,WALKING,0.41993021096789396
34.6,PID,0.1923905389520947,2.0425159009268525,1.1812592032098466,1.3323243462274426,1.211032892935536,0.3910328929355361,0.1143241866650353,0.3520672672461954,0.20593056930438056,0.45,0.14384350155476486,0.31798575802632045,0.3861487764660704,3.261392390013543,3.9605002714468753,3.261392390013543,3.9605002714468753,0.21541445217982957,0.2490984491581716,1.697130285834721,2.0775378546104206,0.02942276979629366,3.8040909102414355,86.4005746023318,FOLLOWING,WALKING,0.4223885897924062
34.65,PID,0.18141416001201485,2.043146161364872,1.1677970024399262,1.344330096071817,1.2174700322871506,0.3974700322871506,0.11672056433086198,0.36688996569764354,0.21146524089359506,0.45,0.140521344359822,0.33189246832975355,0.4018874630655335,3.4040253162026004,4.121922698108036,3.4040253162026004,4.121922698108036,0.14263292618905732,0.16142242666116058,1.3458982118809815,1.6474982802791256,0.016853625516675567,3.0102501176767826,86.55108710821563,FOLLOWING,WALKING,0.42484596604106806
34.7,PID,0.1697658330077514,2.0438406024594533,1.1543367243921767,1.3560849483743758,1.2088403554431135,0.38884035544311357,0.1125767386040728,0.36361456342676235,0.2075338826380259,0.45,0.07163607048689605,0.32926770585016907,0.39796142100335563,3.377104675386349,4.081655600034416,3.377104675386349,4.081655600034416,-0.02692064081625123,-0.0402670980736195,0.7073536957138096,0.8721802814712508,0.011748816616598894,1.5912827938016594,86.6306512479057,FOLLOWING,WALKING,0.42730130826591345
34.75,PID,0.16578922284884715,2.0437281925834943,1.141179324337171,1.367346479977127,1.2009944545615165,0.3809944545615166,0.108832636947918,0.3525713257903128,0.20266025586433595,0.45,0.021354171100750254,0.31903105344476523,0.3861115981358604,3.2721133686642587,3.9601189552395937,3.2721133686642587,3.9601189552395937,-0.10499130672209045,-0.12153664479482273,1.0922012267456198,1.3381986420747285,0.014222742464784131,2.4446226112851326,86.75288237846995,FOLLOWING,WALKING,0.42975358587272844
34.8,PID,0.1511317236421796,2.044733036821666,1.128666575735106,1.3778470629750057,1.186961697456883,0.3669616974568831,0.1020847006201504,0.3328644329176055,0.19282015272774192,0.45,-0.045087877801805606,0.30095269764116417,0.3647761681940468,3.086694334781171,3.741294032759454,3.086694334781171,3.741294032759454,-0.1854190338830879,-0.21882492248013952,1.4570888926034122,1.7807901251133658,0.027322130731030576,3.2652011484478085,86.91614243589233,FOLLOWING,WALKING,0.432201769553628
34.85,PID,0.12950817183204194,2.0462164165087064,1.1165598386411248,1.3877997088467342,1.1833474929917027,0.36334749299170277,0.10002663893333352,0.31917713343406307,0.18839464496774933,0.45,-0.05107104433220281,0.2879978196919005,0.3503564471762256,2.9538237917118,3.5933994582176982,2.9538237917118,3.5933994582176982,-0.13287054306937085,-0.14789457454175592,1.105962944964092,1.3592206910956761,0.012005884270740548,2.4771895203305085,87.04000191190885,FOLLOWING,WALKING,0.43464483171909285
34.9,PID,0.10774829388867943,2.0474775444251123,1.1045119834777688,1.3975163012787253,1.1865005494642722,0.36650054946427224,0.10102582773815394,0.31529123190943215,0.1884353803419686,0.45,-0.02596196609981173,0.28410517646283634,0.34647728735602795,2.9138992457726802,3.5536132036515684,2.9138992457726802,3.5536132036515684,-0.03992454593911976,-0.03978625456612983,0.6308528817665268,0.78298934527127,0.00011053419457511528,1.413952761232372,87.11069954997046,FOLLOWING,WALKING,0.4370817469292854
34.95,PID,0.08585465661865724,2.0485123791907878,1.0923138406075625,1.4071660562836557,1.189952717747916,0.36995271774791594,0.10204576834570744,0.3168427039489138,0.1892278587698389,0.45,-0.005060793109820019,0.28552549332250543,0.34815991457532214,2.9284665981795426,3.5708709187212526,2.9284665981795426,3.5708709187212526,0.014567352406862355,0.01725771506968421,0.5242836855605276,0.653057056615239,0.0021594095427916096,1.1795001517185584,87.16967455755639,FOLLOWING,WALKING,0.43951149232446374
35.0,PID,0.018901676206771856,2.051499711178492,1.0798529381560427,1.4168316083521717,1.1934342021838122,0.3734342021838123,0.10306774472467461,0.32108764069043066,0.19046091124070152,0.45,0.01137111289228521,0.28956635988009455,0.3526089215007668,2.969911383385585,3.6165017589822233,2.969911383385585,3.6165017589822233,0.04144478520604222,0.04563084026097064,0.6611316408099052,0.8190994233711822,0.0033818154797967096,1.483612879660884,87.24385520153943,FOLLOWING,WALKING,0.4419330480543109
35.05,PID,0.006009466435072136,2.0512337373778746,1.065656698426206,1.4276034562057782,1.2362933231951514,0.41629332319515144,0.12178744041306411,0.362137687189,0.21637985789065683,0.45,0.19744960050588545,0.3263268207080963,0.3979485536699037,3.34694175085227,4.0815236273836275,3.34694175085227,4.0815236273836275,0.37703036746668506,0.46502186840140425,2.7343653055196624,3.352489080174378,0.08076006709622156,6.1676144527902625,87.55223592417893,FOLLOWING,WALKING,0.4443453977060031
35.1,PID,-0.013113256069003154,2.0510927781024693,1.050858093929226,1.4385854093322714,1.229539338069856,0.4095393380698561,0.118131677505112,0.3742440213529978,0.2149056678270876,0.45,0.12429315384328943,0.3386771333276148,0.40981090937838077,3.473611623872972,4.203188814137238,3.473611623872972,4.203188814137238,0.1266698730207021,0.12166518675361093,1.2230667136516042,1.498351839516279,0.004562089921662103,2.725980643089545,87.6885349563334,FOLLOWING,WALKING,0.44674752873083423
35.15,PID,-0.017275101921719847,2.0505361301289513,1.0358764580685889,1.4494571985678864,1.2276808666810952,0.40768086668109527,0.1169847403012576,0.3759230482540886,0.21477806870871632,0.45,0.08877138588721764,0.34037727788279604,0.4114688186253812,3.491049003926113,4.220193011542372,3.491049003926113,4.220193011542372,0.017437380053141105,0.017004197405133148,0.6439506579268732,0.7969096109498603,0.0003946390878631156,1.4412549079645967,87.76059770173163,FOLLOWING,WALKING,0.44913843286921823
35.2,PID,-0.06380772372462361,2.0503418494518946,1.02139532343387,1.4597382565458832,1.2126104445684989,0.3926104445684989,0.10996418330306135,0.36091315588151823,0.20574718039064985,0.45,0.002931823696602054,0.3268619975268657,0.3949643142361708,3.352430743865289,4.050916043447906,3.352430743865289,4.050916043447906,-0.13861826006082412,-0.1692769680944659,1.3345565094798046,1.6295909195460905,0.026756349233258033,2.9909037782591534,87.91014289064458,FOLLOWING,WALKING,0.45151710657389116
35.25,PID,-0.05781574772485085,2.0496863876833333,1.0063299272631914,1.4701895972938774,1.2355072875202189,0.4155072875202189,0.11990620956448383,0.37236704734180737,0.21854180011941798,0.45,0.10303293147092338,0.33619837942204367,0.40853571526157106,3.4481885068927554,4.190109900118677,3.4481885068927554,4.190109900118677,0.09575776302746641,0.13919385667077133,1.1773964133244577,1.4493805443591863,0.04026469287410736,2.6670416505577514,88.04349497317246,FOLLOWING,WALKING,0.4538825514311366
35.3,PID,-0.07090203227141792,2.049084403234965,0.9918839634995106,1.479992595383474,1.2117023345968418,0.3917023345968419,0.10872663163133378,0.3548351742184297,0.20442785760162216,0.45,-0.02437610631554467,0.32100236378536123,0.38866798465149816,3.292331936260115,3.9863383041179294,3.292331936260115,3.9863383041179294,-0.15585657063264025,-0.20377159600074757,1.4430225046118987,1.7638033729762075,0.04154807564964877,3.2483739532377554,88.20591367083433,FOLLOWING,WALKING,0.4562337745798539
35.35,PID,-0.09375708584145614,2.048165910910424,0.9779758645234888,1.4892295658471333,1.205561926476812,0.3855619264768121,0.10554967793325787,0.3396003922972315,0.19873022586481573,0.45,-0.046031158654257526,0.30671053991660446,0.3724902446778585,3.1457491273497893,3.8204127659267537,3.1457491273497893,3.8204127659267537,-0.14658280891032582,-0.16592553819117573,1.259759432429422,1.545402926259146,0.01630499964408214,2.82146735833265,88.34698703875095,FOLLOWING,WALKING,0.4585697891282981
35.4,PID,-0.11671669962360393,2.046985882166749,0.9641852474686802,1.4981936625017571,1.2087271630647916,0.3887271630647916,0.10651696550869616,0.33464345858326655,0.19867975404360513,0.45,-0.02197726276321022,0.3017619592890499,0.3675249578774832,3.094994454246666,3.769486747461366,3.094994454246666,3.769486747461366,-0.05075467310312343,-0.05092601846538791,0.7267500019182708,0.9003856040445773,0.0001443992979492659,1.6272800052607974,88.42835103901399,FOLLOWING,WALKING,0.4608896145683132
35.45,PID,-0.15274915926304797,2.0448808347125396,0.9502713730174163,1.5070427132536084,1.212238392228492,0.3922383922284921,0.10750931662767726,0.3354654337647544,0.19939985144679218,0.45,-0.0016928566350208826,0.3024647583503103,0.36846610917919853,3.102202649746772,3.779139581325113,3.102202649746772,3.779139581325113,0.007208195500106207,0.009652833863747379,0.5222146859363936,0.6515174782008843,0.0020676573392072427,1.1757998214764853,88.48714103008781,FOLLOWING,WALKING,0.46319227718688605
35.5,PID,-0.19154675208375113,2.0420460858739076,0.9356642299418965,1.5161197708186083,1.2271610079882553,0.4071610079882554,0.11366175722574567,0.3495606905058878,0.20768717319789065,0.45,0.06433908116764589,0.31518846334163686,0.3839329176701387,3.2327021881193523,3.9377735145655253,3.2327021881193523,3.9377735145655253,0.13049953837258021,0.15863393324041208,1.2370053108869699,1.523461898829277,0.024784854161286715,2.7852520638775333,88.62640363328168,FOLLOWING,WALKING,0.46547681047484835
35.55,PID,-0.23153472400178865,2.0384994087920876,0.920044991305951,1.525594821692165,1.2438661852735087,0.4238661852735087,0.12041943302107105,0.37106932441836166,0.21804759686333489,0.45,0.12368726336588265,0.3349824471374797,0.4071562016992436,3.435717406538253,4.175961043069165,3.435717406538253,4.175961043069165,0.2030152184189009,0.2381875285036399,1.7286277963045515,2.1196172446229076,0.032530542951402244,3.8807755838788616,88.82044241247561,FOLLOWING,WALKING,0.46774225553255533
35.6,PID,-0.24766114309287462,2.036328998378391,0.903279698352087,1.5355031329894024,1.2606375197400705,0.4406375197400706,0.12705457049118962,0.3951803507069461,0.22909542826235674,0.45,0.17026993707826488,0.35726505732952607,0.4330956440843662,3.6642569982515494,4.442006605993499,3.6642569982515494,4.442006605993499,0.2285395917132962,0.2660455629243339,2.002046242585529,2.4477152137426303,0.03644651038650288,4.486207966714662,89.04475281081133,FOLLOWING,WALKING,0.4699876614723688
35.65,PID,-0.26530770432377326,2.033903756642527,0.8862264535998691,1.545323876143959,1.2551857902114194,0.43518579021141945,0.124198918754296,0.39930620595390287,0.22753683972398114,0.45,0.10882294099498022,0.361648858979584,0.43696355292822175,3.7092190664572717,4.481677465930479,3.7092190664572717,4.481677465930479,0.04496206820572235,0.039670859936980385,0.8350565280614304,1.0297315522016328,0.005106762870509112,1.8698948431335722,89.13824755296801,FOLLOWING,WALKING,0.4722120858177794
35.7,PID,-0.27474511885154396,2.032225961720398,0.8692671833731538,1.5548365785654283,1.2508961653522275,0.4308961653522275,0.1219915992314955,0.3946684186909617,0.22538320277110307,0.45,0.066007544595639,0.3573674986323441,0.43196933874957927,3.6653076782804526,4.430454756405941,3.6653076782804526,4.430454756405941,-0.043911388176819166,-0.05122270952453878,0.8543914618461955,1.0530886633843866,0.006989667754260757,1.9144697929848427,89.23397104261724,FOLLOWING,WALKING,0.474414594898997
35.75,PID,-0.28001581457207814,2.031099488786934,0.8528742019066662,1.5638002242717415,1.239622834087262,0.419622834087262,0.11666988642464515,0.3799641055075165,0.21815974142051525,0.45,0.0018832272187471882,0.34385866830242123,0.4160695427126118,3.5267555723325255,4.267379925257557,3.5267555723325255,4.267379925257557,-0.1385521059479271,-0.16307483114838384,1.390304080502905,1.7012333306096064,0.022692505829837974,3.1142299169423495,89.38968253846436,FOLLOWING,WALKING,0.47659426424484513
35.8,PID,-0.3036597851274952,2.0276993674253916,0.8373322284212298,1.5720894700040862,1.2254829219755163,0.4054829219755164,0.10985635814394668,0.35856979168558556,0.207828891779183,0.45,-0.06074669606106133,0.3241741100961308,0.39296547327504033,3.3248626676526234,4.030415110513234,3.3248626676526234,4.030415110513234,-0.20189290467990206,-0.23696481474432307,1.6645266610035494,2.034809536674379,0.030917506062176234,3.7302537037401042,89.57619522365135,FOLLOWING,WALKING,0.4787501789707941
35.85,PID,-0.3273683629123648,2.024006903329405,0.8220765416465319,1.5800253573352787,1.228593974269053,0.4085939742690531,0.11073202703546858,0.3503048010176716,0.20719946316433063,0.45,-0.03369379283606559,0.31601328986397487,0.3845963121713683,3.241161947322819,3.9445775607319824,3.241161947322819,3.9445775607319824,-0.08370072032980458,-0.08583754978125135,0.9364041275465501,1.1562760034524577,0.0018780087038067145,2.0945581397028143,89.68092313063649,FOLLOWING,WALKING,0.48088143416297124
35.9,PID,-0.3511364846307258,2.0200190986528286,0.8067675276415883,1.5877871170872446,1.2322106969993993,0.4122106969993994,0.11164148556273545,0.3495629609744817,0.20751643067247344,0.45,-0.010367578398606535,0.31521899169818735,0.38390693025077605,3.233015299468588,3.937506976931036,3.233015299468588,3.937506976931036,-0.008146647854230693,-0.007070583800946384,0.5426048575556356,0.6774850625748646,0.0009471739093768396,1.2210370940398771,89.74197498533847,FOLLOWING,WALKING,0.4829871352579842
35.95,PID,-0.3893461850672618,2.013315133042513,0.7912284759126402,1.5954628551175514,1.235947485747042,0.4159474857470421,0.11259582215449448,0.35282658874230166,0.20844154221653574,0.45,0.008355159338715789,0.318329513505465,0.3873236639791383,3.2649180872355386,3.9725503997860336,3.2649180872355386,3.9725503997860336,0.031902787766950436,0.03504342285499762,0.6810394511386617,0.8455133133517005,0.002776776148320159,1.5293295406386824,89.8184414623704,FOLLOWING,WALKING,0.48506639841840177
36.0,PID,-0.44043604236692546,2.003645499253368,0.7748649647828613,1.6033243153334324,1.2523406311043692,0.43234063110436927,0.11925616363832292,0.3693726406978386,0.21757710497193034,0.45,0.07864686385644194,0.33336362982498413,0.40538165157069306,3.4191141520511192,4.157760528930185,3.4191141520511192,4.157760528930185,0.15419606481558068,0.18521012914415103,1.446966701226711,1.7779880162317716,0.02862272587115894,3.2535774433296414,89.98112033453687,FOLLOWING,WALKING,0.4871183509037315
36.05,PID,-0.4577946146140399,1.9995049512002767,0.7569633520815776,1.6116655943176468,1.2795364739914001,0.4595364739914002,0.1303072270928225,0.40135125741555966,0.23404629164272606,0.45,0.18100626251096755,0.36261659614868846,0.44008591868243085,3.719144575883984,4.513701730076214,3.719144575883984,4.513701730076214,0.3000304238328648,0.35594120114602923,2.503991681580623,3.0604622272120094,0.0555055497600735,5.619959458552706,90.26211830746449,FOLLOWING,WALKING,0.48914213143674
36.1,PID,-0.4669293765635505,1.9969105167578378,0.7385317212822148,1.61999253926906,1.2751691199200217,0.45516911992002174,0.12772581459247956,0.4107852374903195,0.233292773783851,0.45,0.12196852684448843,0.3721752834290921,0.44939519155154684,3.8171823941445346,4.609181451810737,3.8171823941445346,4.609181451810737,0.09803781826055058,0.0954797217345229,1.1878012297328076,1.4561521617668793,0.0025313799080540437,2.646484771407741,90.39444254603487,FOLLOWING,WALKING,0.49113689056496124
36.15,PID,-0.5005861157015864,1.9890471037714292,0.7204265669174899,1.627928704055013,1.2630137054576045,0.44301370545760455,0.12203308239479149,0.4018755049963667,0.2266367966359361,0.45,0.04165162730406229,0.36436711515311926,0.43938389483961415,3.7370986169550693,4.506501485534504,3.7370986169550693,4.506501485534504,-0.08008377718946535,-0.10267996627623255,1.1295676293767327,1.382929625863631,0.02172224648571133,2.534219501726075,90.52115352112116,FOLLOWING,WALKING,0.49310179101724194
36.2,PID,-0.518992863721716,1.984142544563935,0.7020870248080421,1.6357046624182836,1.2732943374296373,0.4532943374296373,0.12613977027670797,0.4044390329346614,0.23195378823075197,0.45,0.07772304997411536,0.36605068098247195,0.4428273848868508,3.754365958794584,4.541819332172828,3.754365958794584,4.541819332172828,0.017267341839514838,0.035317846638323935,0.751875425233312,0.9310351374630975,0.017759467330684925,1.7006700300270945,90.6061870226225,FOLLOWING,WALKING,0.4950360080551748
36.25,PID,-0.5223502674308984,1.982726383880699,0.683834750301296,1.6431958824811417,1.2698208739369476,0.4498208739369477,0.12413029583111435,0.40055176594747854,0.22974262820829594,0.45,0.04534073961197478,0.36252936097900557,0.4385741709159515,3.718249856194929,4.4981966247789895,3.718249856194929,4.4981966247789895,-0.03611610259965525,-0.04362270739383867,0.823019386104182,1.0167075343787757,0.0073151670952539515,1.8470420875782116,90.69853912700141,FOLLOWING,WALKING,0.496938729819269
36.3,PID,-0.5427801207987256,1.9771605221192157,0.6663645509162544,1.6501447079687597,1.2530615541074783,0.4330615541074784,0.11622136462139876,0.3820678292248534,0.21878767077059502,0.45,-0.03837523035232887,0.3458584697123199,0.41827718873738684,3.547266356023794,4.290022448588583,3.547266356023794,4.290022448588583,-0.17098350017113484,-0.2081741761904068,1.6145167506099491,1.971696319596779,0.03451405854507445,3.6207271287518026,90.87957548343898,FOLLOWING,WALKING,0.49880915766971745
36.35,PID,-0.5668379299990718,1.9703981198923672,0.6493002212702426,1.6567173516272544,1.2525853982228963,0.4325853982228963,0.1155456228675038,0.37170422138944836,0.21634388866181717,0.45,-0.032027765566977666,0.3358993078159176,0.40750913496297914,3.445121105804283,4.179580871415171,3.445121105804283,4.179580871415171,-0.10214525021951104,-0.11044157717341196,1.1158584227783133,1.3721648690891473,0.007613241472154976,2.4956365333396153,91.00435731010596,FOLLOWING,WALKING,0.500646506521614
36.4,PID,-0.5908987063828226,1.9633167621543184,0.6322754742251175,1.663063036131285,1.2559409330665743,0.43594093306657433,0.11642992581102884,0.3694173649123232,0.2165304321811077,0.45,-0.010217303830058498,0.33358157838634983,0.40525315143829654,3.42134952191128,4.156442578854324,3.42134952191128,4.156442578854324,-0.023771583893002823,-0.023138292560846985,0.6631187819224988,0.8239252075314426,0.0005816498234769705,1.4876256392774183,91.07873859206983,FOLLOWING,WALKING,0.5024500051744812
36.45,PID,-0.635723917902663,1.9497804636266147,0.6150819763898083,1.6692601805343572,1.2594869495539127,0.43948694955391276,0.11732081705184472,0.3715493814126892,0.21730583432115186,0.45,0.007632975556844361,0.33558526583253856,0.4075134969928398,3.4419001623850107,4.179625610182972,3.4419001623850107,4.179625610182972,0.020550640473730564,0.023183031328648518,0.6589525309982383,0.8186907246900136,0.0024263914892646314,1.4800696471775165,91.1527420744287,FOLLOWING,WALKING,0.5042188966359709
36.5,PID,-0.671285266001933,1.9382216874682385,0.5968126498746023,1.6756108345133196,1.2818763647181226,0.46187636471812266,0.12654448728164924,0.39285420703977564,0.22992957012818607,0.45,0.10446714765686774,0.35480086318356086,0.4309075508959904,3.6389832121390855,4.41956462457426,3.6389832121390855,4.41956462457426,0.19708304975407476,0.23993901439128784,1.8234045375732486,2.2352335685628058,0.04179701012433598,4.100435116260391,91.35776383024171,FOLLOWING,WALKING,0.5059524384396006
36.55,PID,-0.7083690342327412,1.9255274821765176,0.5774600490374636,1.6820821150392973,1.295004549930278,0.4750045499302781,0.13146712475863565,0.41412195020457837,0.238393902383573,0.45,0.13924839010584397,0.37466775936009705,0.4535761410490597,3.842746249847149,4.652062985118561,3.842746249847149,4.652062985118561,0.2037630377080637,0.23249836054430073,1.9279107724519353,2.356535981703602,0.02905697084303453,4.313503724998571,91.57343901649162,FOLLOWING,WALKING,0.5076499029563927
36.6,PID,-0.7200853303869238,1.9206650374833867,0.5570434023765557,1.6886293195777498,1.308671875667874,0.48867187566787396,0.13663947958678735,0.43478049261982243,0.2474598634143832,0.45,0.1687499775279836,0.393825885224742,0.4757351000149029,4.039239848458892,4.879334359127209,4.039239848458892,4.879334359127209,0.19649359861174265,0.22727137400864805,1.9916673350674856,2.430495530192823,0.03230584528902537,4.454468710549334,91.79616245201908,FOLLOWING,WALKING,0.5093105777002865
36.65,PID,-0.7372315047030835,1.913900807913773,0.5366602367394241,1.6948954969685297,1.2980363532790733,0.47803635327907334,0.13165978716897841,0.432319103799034,0.2427171574062763,0.45,0.08482868396110187,0.39214941424829525,0.47248879334977273,4.022045274341489,4.846038906151515,4.022045274341489,4.846038906151515,-0.01719457411740244,-0.03329545297569414,0.8053335794918047,0.994280343762625,0.016576360138100703,1.8161902833925303,91.8869719661887,FOLLOWING,WALKING,0.510933765627194
36.7,PID,-0.7454342312618738,1.9102409139593437,0.5166294094802449,1.7007892665553617,1.2925801697139128,0.4725801697139128,0.12899098752394433,0.42352415347081074,0.23937559343866288,0.45,0.042159165802951745,0.38390749275671204,0.46314081418490943,3.9375127462226875,4.750162196768302,3.9375127462226875,4.750162196768302,-0.08453252811880185,-0.09587670938321313,1.1876083389750467,1.4558759604278615,0.011518399551754974,2.655002698954663,92.01972210113642,FOLLOWING,WALKING,0.5125187854275732
36.75,PID,-0.7588790505581583,1.9046985526284619,0.49740592810898876,1.7062063476748321,1.2793258482042384,0.4593258482042385,0.12281584034009141,0.40530563099759637,0.23055698371719976,0.45,-0.025434865316267936,0.36714845019239983,0.4434628118027929,3.7656251301784596,4.548336531310696,3.7656251301784596,4.548336531310696,-0.17188761604422798,-0.20182566545760583,1.7027563039835623,2.078046266208881,0.029277965634621508,3.810080535827065,92.21022612792777,FOLLOWING,WALKING,0.5140649718123993
36.8,PID,-0.7827351832641155,1.8950196892490327,0.4789562442700849,1.711190486924405,1.2718691375499556,0.4518691375499556,0.11904464714604712,0.3885477513942422,0.22401366547420662,0.45,-0.05264872182553554,0.351473489758261,0.4256220130302234,3.604856305212933,4.365353979797163,3.604856305212933,4.365353979797163,-0.16076882496552658,-0.1829825515135326,1.5418746396970675,1.8870749148540897,0.021107414937272015,3.450056969488429,92.38272897640218,FOLLOWING,WALKING,0.5155716757924089
36.85,PID,-0.8065362575102494,1.8850127997131398,0.46069779740192207,1.7158934085029043,1.27501311128184,0.45501311128183997,0.11986075546488761,0.3828470140220644,0.22362746765259878,0.45,-0.02723251860362578,0.3458366681255593,0.4198573599185695,3.5470427500057364,4.306229332498148,3.5470427500057364,4.306229332498148,-0.057813555207196554,-0.05912464729901501,0.8849618720757275,1.093988899811254,0.0012436479483712809,1.9801944198353527,92.48173869739394,FOLLOWING,WALKING,0.5170382649505041
36.9,PID,-0.8302755620447508,1.8746777005214208,0.4423692824630061,1.7203963062110135,1.2784692090200942,0.45846920902009425,0.12067990485528934,0.38331439706360215,0.22400386579433051,0.45,-0.006034534462508401,0.34624175727464046,0.42038703685256384,3.551197510509133,4.311661916436552,3.551197510509133,4.311661916436552,0.004154760503396471,0.0054325839384041785,0.5871060244640719,0.7325039148481748,0.0012141307990903146,1.320824070111337,92.5477799008995,FOLLOWING,WALKING,0.5184641237072005
36.95,PID,-0.8849910025861888,1.8504409322975435,0.42381749292141213,1.7247334436969806,1.2819624210102791,0.4619624210102792,0.12149990251643139,0.3869511926629463,0.22483704584188843,0.45,0.010663195876058013,0.3497406615761138,0.42416172374977884,3.587083708472962,4.3503766538438855,3.587083708472962,4.3503766538438855,0.03588619796382897,0.03871473740733311,0.7767092677198585,0.9619083413382298,0.002697548263881656,1.7413151573219698,92.6348456587656,FOLLOWING,WALKING,0.5198486535790081
37.0,PID,-0.9120028514990475,1.8374317760120868,0.4036737241143008,1.7291874141111978,1.3148315673891964,0.4948315673891964,0.13515211456990395,0.4184817148618103,0.24365220800108384,0.45,0.15294153685056935,0.3781572744376309,0.45880615528598967,3.8785361480782656,4.705704156779381,3.8785361480782656,4.705704156779381,0.29145243960530376,0.35532750293549586,2.5870553356169017,3.162146141663661,0.06601472357740791,5.815216200857971,92.92560646880848,FOLLOWING,WALKING,0.5211912734296351
37.05,PID,-0.9333849351803464,1.826578364544598,0.38256084330776896,1.7335808666288632,1.3201218479750259,0.5001218479750259,0.1366394062497598,0.43722555771184657,0.24825635210058009,0.45,0.14257163332109513,0.39613913143920054,0.4783119839844926,4.062965450658467,4.905763938302488,4.062965450658467,4.905763938302488,0.18442930258020152,0.20005978152310622,1.878793901898046,2.2933276655690435,0.01645931546908436,4.188580882936173,93.13503551295528,FOLLOWING,WALKING,0.5224914197139124
37.1,PID,-0.9323827998100161,1.8262365697760894,0.36108162966472707,1.7377743936313137,1.3192277386938462,0.4992277386938463,0.13576320204819314,0.443159354007985,0.24885781008700825,0.45,0.10727179315326368,0.40197338643858516,0.48434532157738486,4.122803963472668,4.967644323870614,4.122803963472668,4.967644323870614,0.05983851281420094,0.06188038556812625,1.0583104677546549,1.3003594593918673,0.002155356250010815,2.360825283396533,93.2530767771251,FOLLOWING,WALKING,0.523748546714333
37.15,PID,-0.9889369938492953,1.797546303211362,0.3405359897415964,1.7415346174269881,1.296485937804453,0.47648593780445314,0.12555515262542327,0.42336272353199833,0.23569234736444583,0.45,-0.016391925253789866,0.38435564004318257,0.4623698070208141,3.9421091286480263,4.742254430982708,3.9421091286480263,4.742254430982708,-0.18069483482464177,-0.22538989288790567,1.886815427607426,2.2925566874775902,0.04468318291036829,4.224055297995385,93.46427954202485,FOLLOWING,WALKING,0.5249621267701091
37.2,PID,-0.9826571866068301,1.799795331957454,0.31900711801768045,1.745189997253806,1.3306523674658515,0.5106523674658515,0.1399393748103881,0.44253079830899605,0.25417644797673167,0.45,0.13754658881220533,0.40046459616884694,0.48459700044914517,4.107329191475353,4.970225645632258,4.107329191475353,4.970225645632258,0.1652200628273266,0.22797121464954984,1.928433681768599,2.359305262757366,0.06765441174252883,4.355393356268494,93.68204920983827,FOLLOWING,WALKING,0.5261316504986498
37.25,PID,-0.9941517757212524,1.7931637506349747,0.29830707768634335,1.7484528129722772,1.3028091588992259,0.48280915889922593,0.12739746468979618,0.4249878799317719,0.23875317017930978,0.45,-0.015223778419639386,0.38547423026709615,0.46450152959644764,3.9535818488932937,4.764118252271258,3.9535818488932937,4.764118252271258,-0.15374734258205924,-0.20610739336100004,1.7492353670757206,2.1310206270328798,0.05302593314914822,3.9332819272577484,93.87871330620115,FOLLOWING,WALKING,0.5272566270093676
37.3,PID,-1.0171524840682395,1.7802176310538043,0.2784807703742504,1.7513403781505132,1.29323198062001,0.47323198062001015,0.12280260669351906,0.406467026628502,0.23118512194317287,0.45,-0.054014131595870554,0.36820588894690687,0.4447281643100971,3.7764706558657113,4.561314505744585,3.7764706558657113,4.561314505744585,-0.17711119302758238,-0.20280374652667277,1.726274025220072,2.1065159101743802,0.025194530222542443,3.8579844656169944,94.07161252948198,FOLLOWING,WALKING,0.528336584109722
37.35,PID,-1.040030197771284,1.7669496816505084,0.25897439880546436,1.753955452545475,1.2959550245870721,0.4759550245870722,0.12353128970263727,0.39937237952248056,0.23059058467169102,0.45,-0.030149629189705457,0.3612096377593157,0.4375351212856454,3.704714233428879,4.487539705493799,3.704714233428879,4.487539705493799,-0.07175642243683233,-0.07377480025078587,1.0108809985186582,1.2455631969822023,0.0019741636373776976,2.258418359138238,94.18453344743888,FOLLOWING,WALKING,0.5293710685034155
37.4,PID,-1.069575157183947,1.7494017263525525,0.2394710940870682,1.7563415588158258,1.2990695870189384,0.4790695870189384,0.12429520132970318,0.3987724512977482,0.23082170322831716,0.45,-0.009812636067757967,0.3605714594134617,0.4369734431820347,3.698168814497043,4.481778904431125,3.698168814497043,4.481778904431125,-0.006545418931835911,-0.005760801062674403,0.6225510629252471,0.7755360691779334,0.0007681993759889008,1.3988553314791694,94.25447621401284,FOLLOWING,WALKING,0.5303596459806591
37.45,PID,-1.107775558605211,1.7260221751189118,0.21950011187837187,1.758541669848914,1.3090646467005804,0.4890646467005805,0.1280455661483728,0.4077530826906143,0.23564697437073462,0.45,0.036324406466376295,0.3687535084322577,0.44675265694897087,3.7820872659718736,4.582078532809957,3.7820872659718736,4.582078532809957,0.08391845147483057,0.10029962837883222,1.1485005064490315,1.4134263362275972,0.01637367185129986,2.5783005145279283,94.38339123973923,FOLLOWING,WALKING,0.531301901600424
37.5,PID,-1.1429124720506203,1.7035740338839527,0.19845445572165,1.7606021611888525,1.3276739897260694,0.5076739897260695,0.1354573163647581,0.4287581611187786,0.24637011887084803,0.45,0.11021414635592977,0.3879839064456533,0.46953241579190397,3.9793221173913156,4.8157170850451685,3.9793221173913156,4.8157170850451685,0.19723485141944197,0.23363855223521135,1.982876839427576,2.4238154293832124,0.03804281834633815,4.4447350871571265,94.60562799409706,FOLLOWING,WALKING,0.5321974398646083
37.55,PID,-1.165358291219001,1.688321292365528,0.17626535240507057,1.7624907512888246,1.3425786540181261,0.5225786540181262,0.1411347612771081,0.4512447113998529,0.2558953594114725,0.45,0.15154755704267853,0.40889402941725417,0.4935953933824516,4.193784917100043,5.062516855204632,4.193784917100043,5.062516855204632,0.2144627997087274,0.24679977015946353,2.195090297869771,2.676185521438109,0.035099493863385144,4.9063753131712655,94.85094675975562,FOLLOWING,WALKING,0.5330458848840409
37.6,PID,-1.1802615602162767,1.6775734021713282,0.15357172136706565,1.7641276962575632,1.3436722478968242,0.5236722478968242,0.1410758881039218,0.46090898906480354,0.25789569401294626,0.45,0.12301890755956076,0.41822725170566094,0.5035907264239462,4.289510273904215,5.165033091527653,4.289510273904215,5.165033091527653,0.09572535680417182,0.1025162363230212,1.3628251501704394,1.668121118606135,0.007428638596395067,3.0383749073729693,95.00286550512425,FOLLOWING,WALKING,0.5338468805362558
37.65,PID,-1.1924418807294244,1.6684995661132365,0.13107055740245757,1.7654635189194061,1.3366386455898072,0.5166386455898072,0.13775251205021988,0.45665544682429854,0.2545473146505613,0.45,0.06500689774558085,0.41452786624963067,0.4987830273989664,4.251567858970571,5.1157233579381165,4.251567858970571,5.1157233579381165,-0.03794241493364403,-0.04930973358953672,0.979723933484359,1.205383112729892,0.012273422041821608,2.1973804682560725,95.11273452853705,FOLLOWING,WALKING,0.5346000906149695
37.7,PID,-1.1992155186957474,1.6631099850133304,0.10919819367600765,1.7664880111675985,1.3270596000306827,0.5070596000306827,0.13335756651005504,0.4437541772447638,0.2486002228620722,0.45,0.00855757978140298,0.40261084036109085,0.48489751412843674,4.129341952421444,4.973307837214736,4.129341952421444,4.973307837214736,-0.12222590654912668,-0.1424155207233806,1.5230054791440835,1.8594652002979206,0.021289656153595283,3.4037603355955994,95.28292254531682,FOLLOWING,WALKING,0.5353051989711982
37.75,PID,-1.2178165218222137,1.6494535182713865,0.08835618878192517,1.7672144859535384,1.312491317690898,0.49249131769089816,0.12664328319509544,0.42292517929357276,0.23857902196004013,0.45,-0.057425530065561455,0.3834403511591861,0.4624100074279594,3.9327215503506268,4.742666742850865,3.9327215503506268,4.742666742850865,-0.19662040207081732,-0.2306410943638708,1.9474162020137673,2.371534958460683,0.034428215665037065,4.353379376139487,95.50059151412378,FOLLOWING,WALKING,0.5359619096459571
37.8,PID,-1.2392861856449784,1.6333841372532454,0.0680879355105879,1.7676797601498802,1.3114704706688596,0.4914704706688596,0.12578749622383434,0.41123950864548203,0.23568245672005453,0.45,-0.04928364034810772,0.372234062058313,0.45024495523265107,3.8177852518801334,4.617896976745139,3.8177852518801334,4.617896976745139,-0.11493629847049336,-0.1247697661057261,1.3262983600388976,1.6264261247919163,0.009830442410060551,2.962554927240874,95.64871926048582,FOLLOWING,WALKING,0.5365699469944849
37.85,PID,-1.2605668521221554,1.6170173781044686,0.04794564913519345,1.7679126307502713,1.3142535550632855,0.4942535550632855,0.1264538927402743,0.40815795165118013,0.2354118484303573,0.45,-0.02619566813604949,0.369197290735956,0.4471186125664043,3.7866388793431383,4.5858319237579925,3.7866388793431383,4.5858319237579925,-0.03114637253699515,-0.03206505298714646,0.7906289224805425,0.97948572968376,0.0009173433265661217,1.7710319954908686,95.73727086026035,FOLLOWING,WALKING,0.5371290558019416
37.9,PID,-1.2844139054212433,1.5982228332990964,0.02774625675893603,1.767906561221507,1.3171842480146063,0.49718424801460637,0.12710229477807555,0.4097229971526197,0.23571778449818312,0.45,-0.007537572160306049,0.37071170381817037,0.448734290487069,3.8021713212120036,4.602402979354554,3.8021713212120036,4.602402979354554,0.015532441868865376,0.016571055596561024,0.7014652388051428,0.8711984669284277,0.0010384498383262451,1.5737021555718969,95.81595596803895,FOLLOWING,WALKING,0.5376390013905309
37.95,PID,-1.3376537845073453,1.5555280496828325,0.007203688653855632,1.76765410635712,1.3230861116096568,0.5030861116096569,0.12910269608453895,0.4162216563124846,0.2382469226376052,0.45,0.020088893533185027,0.3767917906159609,0.45565152200900827,3.864531185804727,4.673348943682136,3.864531185804727,4.673348943682136,0.06235986459272347,0.07094596432758227,1.0211419491176843,1.2575387225488173,0.008676855052455473,2.287357526718957,95.9303238443749,FOLLOWING,WALKING,0.5380995697180033
38.0,PID,-1.350874316138122,1.5436108774695776,-0.015202470759914904,1.7670862986605331,1.3614841486545899,0.5414841486545899,0.14501919313090683,0.4540516672247862,0.26044891460910896,0.45,0.18462069995359937,0.41094737185697866,0.4971559625925937,4.214844839558755,5.0990355137701915,4.214844839558755,5.0990355137701915,0.3503136537540281,0.42568657008805566,3.2470295104148885,3.955242882502893,0.08326777984039638,7.285540172758178,96.29460085301278,FOLLOWING,WALKING,0.5385105674674975
38.05,PID,-1.3647432188986321,1.5310019364817828,-0.038110830942211175,1.7662107570329215,1.3542379932687236,0.5342379932687237,0.14133629974037376,0.4642704451959287,0.2585011588034008,0.45,0.11212106226599415,0.4214885034139659,0.5070523869778916,4.322959009374009,5.20053730233735,4.322959009374009,5.20053730233735,0.1081141698152539,0.10150178856715808,1.412882828933076,1.7270870719408196,0.0072503587129196185,3.147220259586815,96.45196186599212,FOLLOWING,WALKING,0.5388718221286809
38.1,PID,-1.3799980121281954,1.5170179098727379,-0.060831517957469605,1.7650521756969755,1.3473220409538373,0.5273220409538374,0.13811016851422675,0.4607625748531088,0.25523749599783424,0.45,0.057024238381974054,0.4185207692654672,0.5030043804407504,4.292520710415048,5.159019286571798,4.292520710415048,5.159019286571798,-0.030438298958960885,-0.041518015765551475,0.938722719337204,1.1550372471077264,0.011995331360747359,2.1057552978056777,96.5572496308824,FOLLOWING,WALKING,0.5391831820701601
38.15,PID,-1.408381064558959,1.491183658948457,-0.08314324777264406,1.763632600273104,1.3422821001435026,0.5222821001435026,0.13572916905313726,0.4525409217454759,0.25205824304292496,0.45,0.022303166372465544,0.4108252825218718,0.49425656096908,4.213592641249967,5.069298061221333,4.213592641249967,5.069298061221333,-0.0789280691650811,-0.08972122535046534,1.2389959617311457,1.516640870783563,0.011539539561650502,2.767176372076359,96.6956084494862,FOLLOWING,WALKING,0.5394445166031248
38.2,PID,-1.409013013312853,1.4896365099569306,-0.10562757941122221,1.761912580042011,1.3529536934682869,0.5329536934682869,0.14002265233253475,0.45643067852083563,0.25759953785064493,0.45,0.06435148039957667,0.4137979550065539,0.49906340203511734,4.2440815898108095,5.118598995231973,4.2440815898108095,5.118598995231973,0.030488948560842388,0.04930093401064006,0.9529701191092804,1.1761929130441509,0.020555063734506124,2.149718095887937,96.80309435428059,FOLLOWING,WALKING,0.5396557160362029
38.25,PID,-1.423276139014479,1.4758248615174654,-0.12715108182374088,1.7599993451374067,1.3315208776612997,0.5115208776612997,0.13032234878419935,0.43791260987725733,0.2447900665397602,0.45,-0.044110234839079214,0.39739985386492704,0.4784253658895876,4.075895937076175,4.906926829636796,4.075895937076175,4.906926829636796,-0.1681856527346346,-0.21167216559517676,1.8702851940652974,2.276082869165416,0.0451530912172435,4.1915211544479565,97.01267041200298,FOLLOWING,WALKING,0.5398166917215017
38.3,PID,-1.4425854272483851,1.4569561677866645,-0.14796034013449227,1.7578968136113624,1.326911941697095,0.506911941697095,0.127982683593185,0.4240538077451816,0.24008384006056402,0.45,-0.054685301416983856,0.38431993221515826,0.4637876832752049,3.9417428945144435,4.756796751540563,3.9417428945144435,4.756796751540563,-0.13415304256173144,-0.15013007809623335,1.5100972202171377,1.8456098346759533,0.01627040052461079,3.3719774554177016,97.18126928477385,FOLLOWING,WALKING,0.5399273760918171
38.35,PID,-1.4616475901959696,1.4378318093001432,-0.16850746345354486,1.7555717826040915,1.3291423507262272,0.5091423507262273,0.12854245218932858,0.4193368346482124,0.2395299705579735,0.45,-0.03284073537706475,0.3796946245208678,0.45897904477555707,3.8943038412396693,4.707477382313406,3.8943038412396693,4.707477382313406,-0.04743905327477416,-0.04931936922715696,0.9180826280498384,1.132756370551774,0.0019104241773379921,2.0527494227789504,97.2839067559128,FOLLOWING,WALKING,0.5399877226889931
38.4,PID,-1.492269087398185,1.4065509009364998,-0.18905512176681272,1.75299683658644,1.3316043248753018,0.5116043248753018,0.1291066367090412,0.41967058545390035,0.2396179715920907,0.45,-0.01478308733818181,0.38001381115540933,0.45932735975239136,3.8975775503118903,4.71104984361427,3.8975775503118903,4.71104984361427,0.0032737090722210205,0.0035724613008643047,0.6440929362632791,0.8015168920321158,0.00030364746182161284,1.4459134757572167,97.35620242970066,FOLLOWING,WALKING,0.5399977061834227
38.45,PID,-1.5202450420233138,1.376860332972105,-0.21034376153519507,1.7500619318121888,1.3484774475477925,0.5284774475477926,0.13602562929537276,0.4355520737658199,0.2488579038890822,0.45,0.06271093163518171,0.39436609067217676,0.476738056859463,4.04478041715053,4.889621095994492,4.04478041715053,4.889621095994492,0.14720286683864003,0.1785712523802223,1.683688894517443,2.0601497762247174,0.03311179464249311,3.7769504653846537,97.54504995296988,FOLLOWING,WALKING,0.5399573223846792
38.5,PID,-1.550626302533891,1.3435653295595449,-0.2325679359673926,1.746706196611715,1.3620281928070388,0.5420281928070388,0.1413075122827787,0.45523357194548114,0.2572627065346451,0.45,0.10853780581612871,0.41265659401399735,0.49781054987696494,4.232375323220485,5.105749229507333,4.232375323220485,5.105749229507333,0.18759490606995488,0.21612813351284021,2.025277737524737,2.4699602971467733,0.031136288781415482,4.526374323452926,97.7713686691425,FOLLOWING,WALKING,0.5398665882432752
38.55,PID,-1.5594851831208527,1.332520595854508,-0.25587816782373424,1.742868629510006,1.3783324767136271,0.5583324767136272,0.1477130600079759,0.4782190073712164,0.2677648388708151,0.45,0.15639833772557316,0.4339039265380965,0.5225340882043363,4.450296682442016,5.3593239815829365,4.450296682442016,5.3593239815829365,0.21792135922153033,0.253574752075604,2.371919003452331,2.8856429791810325,0.04049426552824355,5.298056248161608,98.03627148155057,FOLLOWING,WALKING,0.5397255418435477
38.6,PID,-1.5738379765700345,1.3152968071156839,-0.27906035132868046,1.738738519624365,1.3666662939638174,0.5466662939638175,0.14245903539830884,0.4765999528890861,0.2627160137670508,0.45,0.07065949932678153,0.43312045261063914,0.520079453167533,4.442261052416812,5.334148237615723,4.442261052416812,5.334148237615723,-0.008035630025204021,-0.025175743967213116,0.8404762588685778,1.0377661589626486,0.019100263758739938,1.897342681589966,98.13113861563006,FOLLOWING,WALKING,0.5395342423876733
38.65,PID,-1.5806551273387053,1.306384288003934,-0.30184349403117827,1.7343724521182993,1.3622598807562105,0.5422598807562106,0.14043938007630175,0.46967001250541685,0.2602621701106093,0.45,0.035726191361418004,0.426596623352111,0.5127434016587227,4.375349983098574,5.258906683679207,4.375349983098574,5.258906683679207,-0.06691106931823754,-0.07524155393651633,1.1998851102118673,1.4700687582945482,0.00919645452198209,2.6791503230283977,98.26509613178148,FOLLOWING,WALKING,0.5392927701708183
38.7,PID,-1.5877468888653687,1.2972408437369494,-0.32372292740308994,1.7298937803848946,1.3485299633692422,0.5285299633692423,0.13431004474968322,0.45238461250033735,0.2516239605720956,0.45,-0.03254520724075778,0.4107408470256555,0.4940283779750192,4.212726636160569,5.066957722820709,4.212726636160569,5.066957722820709,-0.1626233469380054,-0.19194896085849766,1.8529898535805827,2.2546979835354257,0.031299559147189515,4.1389873962631984,98.47204550159462,FOLLOWING,WALKING,0.5390012265474362
38.75,PID,-1.6046580210369636,1.276262757147894,-0.34455062530734043,1.7253658847113134,1.336018390120766,0.5160183901207661,0.12855358604716427,0.4319613021130507,0.24241989644854708,0.45,-0.0804361839410894,0.3918408092508162,0.47208179497528524,4.018880094880166,4.84186456384908,4.018880094880166,4.84186456384908,-0.19384654128040246,-0.22509315897162985,1.9659287837596349,2.3924194771430973,0.03212997511300616,4.3904782360157375,98.6915694133954,FOLLOWING,WALKING,0.5386597338887258
38.8,PID,-1.6212807839303318,1.2550787263830336,-0.36491554120972775,1.7206807262604098,1.3377459654058905,0.5177459654058906,0.12901486266598106,0.4236235306962985,0.24121815327799706,0.45,-0.05513889221950167,0.38370192632878997,0.463545135063807,3.935404372602974,4.754309077577508,3.935404372602974,4.754309077577508,-0.08347572227719224,-0.0875554862715715,1.1579782697087497,1.4222979252092596,0.00417430466372935,2.5844504995817386,98.82079193837448,FOLLOWING,WALKING,0.5382684355312674
38.85,PID,-1.637611382079525,1.2336948370827356,-0.38516905149641667,1.7157659606672653,1.3398652340464,0.5198652340464,0.12949033756647,0.4221346595845444,0.240858045702299,0.45,-0.033683553912969524,0.3822726530208139,0.46199666614827484,3.920745159187835,4.738427345110511,3.920745159187835,4.738427345110511,-0.014659213415138872,-0.015881732466997533,0.7213256969818019,0.8950073206794915,0.001248981219723384,1.6175819988810167,98.90167103831853,FOLLOWING,WALKING,0.5378274957168595
38.9,PID,-1.6674332205798243,1.193979032208266,-0.4054389463494509,1.710586273523731,1.3420150370359114,0.5220150370359115,0.1299777585512838,0.4241953184093113,0.24101031817961024,0.45,-0.016814038898265063,0.3843081107505858,0.4640825260680368,3.941621648723957,4.7598207801849926,3.941621648723957,4.7598207801849926,0.020876489536121756,0.021393435074481992,0.7619177458558335,0.9434429988579123,0.0005284690301777057,1.7058892137439234,98.98696549900572,FOLLOWING,WALKING,0.537337099523581
38.95,PID,-1.6933971300806054,1.1578834360666932,-0.42666648502049764,1.7048759926227732,1.3636394648035903,0.5436394648035904,0.13904627540271974,0.44542786292803277,0.2533042854906974,0.45,0.08203253183714591,0.4035060036793223,0.4873497221767432,4.138523114659716,4.998458688992238,4.138523114659716,4.998458688992238,0.19690146593575886,0.23863790880724522,2.081303412378847,2.5395634675711096,0.04484325032036779,4.665710130270325,99.22025100551922,FOLLOWING,WALKING,0.5367974527881066
39.0,PID,-1.7056625930563847,1.1394345429607653,-0.44901363419708956,1.6985531160244196,1.3797852673739321,0.5597852673739322,0.14545717212398301,0.4699977711020643,0.26372385256777403,0.45,0.13502690614248186,0.4263514735020977,0.5136440687020309,4.37283562566254,5.2681442943798045,4.37283562566254,5.2681442943798045,0.23431251100282413,0.2696856053875667,2.440065942735997,2.9679527163753003,0.03956959255183414,5.447588251663132,99.49263041810235,FOLLOWING,WALKING,0.5362087820193107
39.05,PID,-1.7088925059683957,1.1334982309258788,-0.4715545238229314,1.6918434460408804,1.3754200029616,0.5554200029616,0.14328621007777498,0.4764822512345339,0.2628766912886447,0.45,0.08611382337687307,0.4329761588262632,0.5199883436428047,4.440781116166802,5.3332137809518425,4.440781116166802,5.3332137809518425,0.06794549050426202,0.06506948657203804,1.1877480183444316,1.454998620272111,0.003206864938253518,2.645953503554796,99.62492809328009,FOLLOWING,WALKING,0.5355713343031928
39.1,PID,-1.7358809758860432,1.0929681901761463,-0.4933239304500959,1.6850563974805044,1.357480998504814,0.537480998504814,0.1353876428915628,0.46190829398124117,0.2528577875137678,0.45,-0.011762837375901794,0.4200603301477126,0.5037562578147697,4.308311078438078,5.166730849382254,4.308311078438078,5.166730849382254,-0.1324700377287238,-0.16648293156958882,1.709574042035581,2.0768135645932397,0.036480352922335514,3.822867959551156,99.81607149125763,FOLLOWING,WALKING,0.5348853771991675
39.15,PID,-1.7398961423139037,1.0854865236279507,-0.5154041269989749,1.677854499458886,1.3764143476407817,0.5564143476407818,0.14354811773361487,0.470351417425013,0.26316298353004874,0.45,0.07413172304505956,0.42679794365078993,0.5139048911992361,4.377414806674769,5.2708193969152415,4.377414806674769,5.2708193969152415,0.06910372823669064,0.1040885475329878,1.3070664578749267,1.6020848721026522,0.0390520242648953,2.9482033542424744,99.96348165896974,FOLLOWING,WALKING,0.5341511986277596
39.2,PID,-1.7441129862718423,1.077929124036795,-0.5368473450236648,1.67056004619424,1.3602501660944781,0.5402501660944782,0.1362981540744328,0.4588238659007811,0.25411844739123324,0.45,-0.01329965482859348,0.416767262857532,0.5008804689440303,4.27453602930802,5.13723557891313,4.27453602930802,5.13723557891313,-0.10287877736674833,-0.13358381800211117,1.4858146234692489,1.8122774860647703,0.0330967221259655,3.331188831659985,100.13004110055273,FOLLOWING,WALKING,0.5333691067497545
39.25,PID,-1.7573397203140082,1.0561870559553794,-0.5572553723804647,1.663340759671709,1.344879823045746,0.524879823045746,0.1293549526313611,0.43877250874182133,0.24375008445838162,0.45,-0.0780032401807284,0.39843186976395917,0.4791131477196835,4.086480715527786,4.913981002253164,4.086480715527786,4.913981002253164,-0.1880553137802341,-0.22325457665996673,1.9762020199845343,2.400775021890014,0.036392966504321465,4.41337000837887,100.35070960097165,FOLLOWING,WALKING,0.5325394298368511
39.3,PID,-1.7708987139468289,1.033291698748459,-0.577124736603172,1.6560438576566903,1.344930504558334,0.524930504558334,0.12921418035518029,0.42910423974885925,0.24177844988110678,0.45,-0.060619528685580834,0.38908990629353607,0.46911857320418243,3.9906657055747288,4.811472545683922,3.9906657055747288,4.811472545683922,-0.09581500995305747,-0.10250845656924135,1.2609796150741195,1.5440357624629992,0.006864462026287615,2.8118798395634066,100.49130359294982,FOLLOWING,WALKING,0.5316625161338756
39.35,PID,-1.7855305476785908,1.0078978350588506,-0.5967805315536954,1.6485581712067965,1.346445899547307,0.526445899547307,0.1295682345090281,0.42644419061636435,0.24117415812380752,0.45,-0.04061549442327139,0.38652986744687423,0.46635851378585447,3.9644088968910176,4.783164243957482,3.9644088968910176,4.783164243957482,-0.026256808683711164,-0.028308301726440277,0.805092134202721,0.9948624128128142,0.0020986496039205075,1.8020531966194557,100.58140625278078,FOLLOWING,WALKING,0.5307387337126102
39.4,PID,-1.8087468932379214,0.9666663831026762,-0.6164919102013613,1.6407787145361017,1.350397077585011,0.530397077585011,0.13097369722261254,0.4296186168581827,0.2425245269557118,0.45,-0.014294902284253314,0.3894808076470124,0.46975642606935303,3.9946749502257677,4.818014626352339,3.9946749502257677,4.818014626352339,0.030266053334750076,0.034850382394856716,0.8450200843726777,1.0429877619548424,0.0047159648952961345,1.8927238112228162,100.67604244334191,FOLLOWING,WALKING,0.5297684703173
39.45,PID,-1.8275742388006297,0.9315296533603847,-0.6370110937989825,1.6323794028730876,1.369634761520792,0.549634761520792,0.13911928702311505,0.44927283165661175,0.2536761660428535,0.45,0.07349578553572393,0.4072894261765195,0.491256237136704,4.177327447964302,5.0385255090944,4.177327447964302,5.0385255090944,0.18265249773853443,0.22051088274206165,1.9957229723806649,2.4331963427754544,0.04073623270156638,4.469655547857686,100.89952522073479,FOLLOWING,WALKING,0.528752133201904
39.5,PID,-1.843297849556641,0.9007119396467919,-0.6583465120248542,1.6233198776522908,1.3815321109652976,0.5615321109652976,0.14387888249080483,0.46934802124418135,0.26172221376822885,0.45,0.10967505027369229,0.42603299486553947,0.5126630476228232,4.369569178108097,5.258082539721264,4.369569178108097,5.258082539721264,0.1922417301437953,0.21955703062686371,2.122199370135621,2.5817611581081295,0.030323943687890653,4.734284471931641,101.13623944433135,FOLLOWING,WALKING,0.5276901489591552
39.55,PID,-1.8496895078774616,0.886587420070607,-0.6802058185239872,1.6136914619413312,1.3879019793872078,0.5679019793872079,0.14635432202454401,0.48359398692247346,0.26691980786069275,0.45,0.11357396026988659,0.4394187587215288,0.5277692151234181,4.506859063810552,5.4130175910094165,4.506859063810552,5.4130175910094165,0.13728988570245448,0.15493505128815244,1.7699477855353698,2.1552475083930385,0.01997770775757716,3.9451730016859856,101.33349809441565,FOLLOWING,WALKING,0.5265829633415053
39.6,PID,-1.8568569881881443,0.8708014085718739,-0.701726621797272,1.6038736630175745,1.3770883731150145,0.5570883731150146,0.1416503095194548,0.4789499491631745,0.2619625457575552,0.45,0.041007821412858324,0.4355951478402991,0.5223047504860499,4.467642541951785,5.356971799856922,4.467642541951785,5.356971799856922,-0.03921652185876656,-0.05604579115249475,1.0633740381381118,1.3036340240818074,0.018700084807566394,2.3857081470274855,101.45278350176702,FOLLOWING,WALKING,0.5254310410740259
39.65,PID,-1.8602593201058206,0.8624630934525287,-0.7225647189563864,1.5940311665811924,1.368108582531523,0.548108582531523,0.13780262771365326,0.4670594306283543,0.25668895560692373,0.45,-0.00752497786533593,0.4245774084754084,0.5095414527813001,4.354640086927266,5.226066182372309,4.354640086927266,5.226066182372309,-0.11300245502451922,-0.13090561748461305,1.54117922850122,1.8769161349607084,0.019492881812130564,3.4375882452740587,101.62466291403071,FOLLOWING,WALKING,0.524234865659347
39.7,PID,-1.8677038511758917,0.8458465073899352,-0.74235665707066,1.584380809818516,1.3526052088860798,0.5326052088860799,0.13090620726318614,0.4465068611355992,0.24647025765061334,0.45,-0.07408432677491544,0.40571603349442265,0.4872976887767757,4.161190087122283,4.997925013095135,4.161190087122283,4.997925013095135,-0.193449999804983,-0.22814116927717354,2.0477491150379086,2.4846035269269136,0.03626791370129896,4.568620555666121,101.853093941814,FOLLOWING,WALKING,0.5229949391747143
39.75,PID,-1.8783284146006558,0.8219831851472366,-0.7613379393737778,1.5748319840071325,1.3460457730494115,0.5260457730494116,0.12786416388849098,0.43059476184895773,0.24055472810804665,0.45,-0.08664729256577618,0.390782954347076,0.47040656935083947,4.008030300995651,4.824682762572713,4.008030300995651,4.824682762572713,-0.15315978612663184,-0.17324225052242248,1.6694812103492884,2.033285325686869,0.020491323850473527,3.7232578598866306,102.03925683480831,FOLLOWING,WALKING,0.5217117820612492
39.8,PID,-1.8886227038985037,0.7980465350342135,-0.7799319885544697,1.5651968856707188,1.3470148609768027,0.5270148609768027,0.12812683455126406,0.42447673089593213,0.23931480365693825,0.45,-0.06332090132078415,0.3848701308907089,0.4640833309011554,3.9473859578534243,4.759829034883645,3.9473859578534243,4.759829034883645,-0.060644343142227,-0.0648537276890675,1.020826135306486,1.2541330681435932,0.004272944782557045,2.279232148232636,102.15321844221994,FOLLOWING,WALKING,0.5203859329055012
39.85,PID,-1.8985865404455415,0.7740433697151854,-0.7983779677678141,1.5553570779409918,1.348226525021585,0.5282265250215851,0.1284001637334624,0.4237586197745738,0.23877993403353212,0.45,-0.04405898123316901,0.38424054069202424,0.46327669885712336,3.9409286224823,4.751555885714086,3.9409286224823,4.751555885714086,-0.006457335371124362,-0.008273149169559346,0.6766502893292055,0.8389439631134143,0.0018391123208658545,1.5174333647634857,102.2290901104581,FOLLOWING,WALKING,0.5190179482133839
39.9,PID,-1.9242904581676146,0.7110937624851669,-0.8167774121734738,1.545268538521767,1.3494109878221396,0.5294109878221397,0.1286713832499644,0.4257326450591928,0.23865836451565423,0.45,-0.029154369039431208,0.386234685731852,0.4652306043865336,3.9613813921215586,4.771595942425985,3.9613813921215586,4.771595942425985,0.020452769639258683,0.020040056711899012,0.7606859260738863,0.9394638142470146,0.0004177955852884328,1.7005675359061894,102.31411848725341,FOLLOWING,WALKING,0.5176084021765903
39.95,PID,-1.9308273319311404,0.692485438856225,-0.8366111176437974,1.5340683431773976,1.3865181946238325,0.5665181946238326,0.1447554678662426,0.4612068491033576,0.26060787908482946,0.45,0.14053130207670161,0.4180762451148183,0.5043374530918968,4.28796148835711,5.172691826583557,4.28796148835711,5.172691826583557,0.32658009623555184,0.4010958841575718,3.142728559676204,3.8186228822115447,0.08237111671893094,7.043722558606679,102.66630461518372,FOLLOWING,WALKING,0.5161578864315838
40.0,PID,-1.9387984634354525,0.669672406205684,-0.8567797553924892,1.522329744421756,1.3804241770032082,0.5604241770032082,0.14180453114160674,0.4724040976246365,0.2594114809919197,0.45,0.08280073808907866,0.42947149752047376,0.5153366977287992,4.404835872004859,5.285504592090248,4.404835872004859,5.285504592090248,0.11687438364774838,0.11281276550669173,1.5111439208240356,1.8411989872181662,0.004469175376382182,3.3568120834185837,102.83414521935464,FOLLOWING,WALKING,0.5146670098112665
40.05,PID,-1.939238557720836,0.6664165962871289,-0.8768562929825536,1.510295011444466,1.3776026353664834,0.5576026353664835,0.14059439868330248,0.47395804565254795,0.2589122588474809,0.45,0.05216979250789167,0.43110806681328984,0.5168080244918061,4.421621198085024,5.300595122992883,4.421621198085024,5.300595122992883,0.01678532608016514,0.015090530902634569,0.831392420144546,1.02461939996311,0.0018612681563999534,1.8578730882640557,102.92703887376784,FOLLOWING,WALKING,0.5131363980894323
40.1,PID,-1.956957883608129,0.6152971256562345,-0.895977745685711,1.4985101732503014,1.3567560045929041,0.5367560045929042,0.13152685390147134,0.4549748332511185,0.24687399853520578,0.45,-0.05103273724759858,0.4141171864935419,0.49583248000869506,4.247355758908122,5.085461333422513,4.247355758908122,5.085461333422513,-0.17426543917690207,-0.21513378957036977,1.9851145409451445,2.402398365637552,0.04279584180526861,4.430308748387965,103.14855431118723,FOLLOWING,WALKING,0.5115666937181065
40.15,PID,-1.9548544969931414,0.6190175383856834,-0.915420410873673,1.4861758297861583,1.3804869215267026,0.5604869215267027,0.1421271031845266,0.4662269221075737,0.2600826150188281,0.45,0.06461049945559233,0.42318324932195767,0.5092705948931898,4.340341018686745,5.223288152750665,4.340341018686745,5.223288152750665,0.09298525977862315,0.13782681932815155,1.4911676714508828,1.8221843352539804,0.04946877382811749,3.362820780532981,103.31669535021386,FOLLOWING,WALKING,0.5099585555578849
40.2,PID,-1.959102524880931,0.604724141047941,-0.9339131088151313,1.4741229469371115,1.3536567961383732,0.5336567961383732,0.13018747967461675,0.447202658620577,0.2447469449241714,0.45,-0.0676563621332941,0.4066970392356266,0.4877082780055274,4.171251684467965,5.002136184672076,4.171251684467965,5.002136184672076,-0.16908933421878025,-0.22115196807858872,1.9503953181980105,2.3638377672863475,0.05404836101806691,4.368281446502425,103.53510942253897,FOLLOWING,WALKING,0.5083126586013887
40.25,PID,-1.9664371928176223,0.5804298032187518,-0.9515302900091738,1.4623388124619923,1.3441977616760308,0.5241977616760308,0.1260205402446397,0.4294556298495306,0.2374365255003512,0.45,-0.0943917140982784,0.3901598848792225,0.46875137481983875,4.001639844915102,4.8077064084086025,4.001639844915102,4.8077064084086025,-0.16961183955286252,-0.19442977626347346,1.7847920533943011,2.167561952544784,0.02499495246636839,3.9773489584054538,103.73397687045923,FOLLOWING,WALKING,0.5066296936899446
40.3,PID,-1.9734475317372113,0.5561284287296575,-0.9686915520896979,1.4505653429793346,1.344544354773256,0.5245443547732561,0.12620177310733016,0.42191435262235494,0.23596721643175703,0.45,-0.0721005273688658,0.38286177830289914,0.46096692694181074,3.9267874697733243,4.727865917351905,3.9267874697733243,4.727865917351905,-0.074852375141778,-0.07984049105669744,1.1049234722495187,1.3530560936368408,0.004992606302315345,2.4629721721886746,103.85712547906866,FOLLOWING,WALKING,0.5049103672236144
40.35,PID,-1.9833518573789124,0.5206309747368391,-0.9856380186577673,1.4386446576934808,1.345195886185324,0.525195886185324,0.12638167493556418,0.42010654480411436,0.23521790648144153,0.45,-0.05337167313461656,0.38117798128143576,0.45903510832679295,3.9095177567326744,4.708052393095312,3.9095177567326744,4.708052393095312,-0.017269713040649837,-0.019813524256592885,0.7390560765610523,0.9125684931915155,0.0025380160965926507,1.6541625858491604,103.93983360836111,FOLLOWING,WALKING,0.5031554008646946
40.4,PID,-1.9939030851295156,0.48052786263815894,-1.0028475944307491,1.426225321855696,1.3557957169394292,0.5357957169394293,0.13105990713235371,0.43019116271534846,0.2411091437727518,0.45,0.005009350273065094,0.39028759942095803,0.4700947260097389,4.002949737650852,4.821484369330655,4.002949737650852,4.821484369330655,0.09343198091817717,0.11343197623534262,1.291967995885103,1.5798326250484709,0.0204542089786081,2.892254829912182,104.08444634985672,FOLLOWING,WALKING,0.5013655312348081
40.45,PID,-2.0037518286701723,0.4403256360720812,-1.020644906196436,1.4130412063757691,1.3698666613998158,0.5498666613998159,0.13716949604731488,0.44867432700511867,0.25008105024423893,0.45,0.0658194488386953,0.4072859131896971,0.49006274082054024,4.177291417330227,5.02628452123631,4.177291417330227,5.02628452123631,0.17434167967937508,0.20480015190565481,1.9170077136325034,2.3322242285747445,0.03230933462039106,4.281541276827639,104.29852341369809,FOLLOWING,WALKING,0.4995415096057191
40.5,PID,-2.0077100393350897,0.4209575434780613,-1.0390938288042346,1.399002856136262,1.382994866847672,0.562994866847672,0.14276952320213443,0.4693939364273847,0.259282094695207,0.45,0.10910327406475241,0.42648274975532796,0.5123051230994414,4.374182048772594,5.25441151896863,4.374182048772594,5.25441151896863,0.19689063144236751,0.22812699773232037,2.1699084012759977,2.6343159539849856,0.034353591532284275,4.838577946793267,104.54045231103774,FOLLOWING,WALKING,0.4976841015839967
40.55,PID,-2.0111897962398833,0.4028632576633616,-1.0574831538382619,1.384632104819805,1.3765137111252586,0.5565137111252586,0.13996310903340836,0.4724771354084031,0.25734585243386177,0.45,0.056583468591886454,0.4298863968305989,0.5150678739862072,4.409091249544605,5.2827474254995614,4.409091249544605,5.2827474254995614,0.03490920077201043,0.028335906530931432,0.9371766440529075,1.1505689085483193,0.007175288379807234,2.0949208409810343,104.64519835308678,FOLLOWING,WALKING,0.4957940867896636
40.6,PID,-2.0129864239766686,0.3916764057000457,-1.0754232211425854,1.370241130540818,1.3687316862730496,0.5487316862730497,0.13674622215857513,0.46573404590564843,0.2535409082577695,0.45,0.009894196151950266,0.42377302558898755,0.5076950662223093,4.346390006040898,5.207128884331377,4.346390006040898,5.207128884331377,-0.06270124350370665,-0.07561854116818445,1.1781228799982297,1.4383247298407507,0.013891809632783083,2.6303394194717633,104.77671532406036,FOLLOWING,WALKING,0.49387225852896033
40.65,PID,-2.013697411551053,0.3857939528379645,-1.0925565630011094,1.3561492684051877,1.3552172076870928,0.5352172076870928,0.1309656959649561,0.44949918107560316,0.2453396232048133,0.45,-0.051746232779692494,0.40889547343520655,0.4901028887159998,4.19379972754058,5.026696294523075,4.19379972754058,5.026696294523075,-0.15259027850031792,-0.18043258980830235,1.7733112519759289,2.150614532961337,0.028974242659502138,3.952900027596768,104.97436032544019,FOLLOWING,WALKING,0.4919194234613685
40.7,PID,-2.0180640076334777,0.36220388023227695,-1.1086282509584902,1.3426123553268363,1.33794241330368,0.51794241330368,0.1233125810006408,0.4260593729096491,0.23355709028620078,0.45,-0.11637115685518097,0.3874056744672829,0.46471307135201534,3.9733915329977734,4.7662879113027214,3.9733915329977734,4.7662879113027214,-0.2204081945428067,-0.2604083832203532,2.135412910067271,2.584212867989427,0.03962727510728654,4.7592530531639845,105.21232297809837,FOLLOWING,WALKING,0.4899364012610262
40.75,PID,-2.022239761081091,0.33811290786318987,-1.1241184687848713,1.3292580858216234,1.3372636888647829,0.5172636888647829,0.12315981929455377,0.41484875093744883,0.2311747529577947,0.45,-0.09375588987818835,0.3765893293229338,0.45310817255196384,3.862454659722398,4.64726330822527,3.862454659722398,4.64726330822527,-0.11093687327537527,-0.11902460307745155,1.3133334976602506,1.602071810882762,0.007930601904332767,2.9233359104473453,105.35848977362073,FOLLOWING,WALKING,0.48792402427268156
40.8,PID,-2.026112412337542,0.3140740077318645,-1.1393140422854073,1.3158484207007333,1.337531539615454,0.517531539615454,0.12326186897227709,0.41114307004423156,0.22998394660790486,0.45,-0.07195105080203427,0.3730807268806233,0.4492054132078398,3.8264689936474188,4.607235007259895,3.8264689936474188,4.607235007259895,-0.03598566607497933,-0.0400283009653748,0.8382796973917634,1.0309082312446376,0.003943675353505418,1.8731316039899064,105.45214635382023,FOLLOWING,WALKING,0.4858831371623283
40.85,PID,-2.031539065988482,0.2785563305472422,-1.1543687557278368,1.302254674411847,1.3378951093438693,0.5178951093438694,0.12336609639833185,0.41138400533281116,0.22934798485218358,0.45,-0.05452211282055868,0.3734269138397748,0.44934109682584755,3.830019629125895,4.608626634111257,3.830019629125895,4.608626634111257,0.0035506354784762273,0.001391626851361849,0.6256573155387706,0.7743774231997033,0.002100334278495468,1.4021350730169693,105.52225310747107,FOLLOWING,WALKING,0.48381459656266956
40.9,PID,-2.039275628607336,0.22369417043661413,-1.1696621199659316,1.2881136505697377,1.348104614795859,0.5281046147958591,0.1280236434305011,0.42240982097337815,0.2353271171504691,0.45,0.0023945759887215937,0.3834631830849755,0.4613564588617808,3.9329557239484667,4.731861116531085,3.9329557239484667,4.731861116531085,0.10293609482257171,0.1232344824198277,1.3272763703488268,1.619569258062519,0.020261548322162974,2.9671071767335087,105.67060846630774,FOLLOWING,WALKING,0.4817192707135588
40.95,PID,-2.0407753568958498,0.20695869571161923,-1.1858838754661682,1.2727292324487984,1.3744877169689378,0.5544877169689378,0.13971154667167784,0.4526181213920825,0.2520630729016757,0.45,0.11795341883275576,0.4109016828268552,0.49433455995730985,4.214376234121591,5.070098050844203,4.214376234121591,5.070098050844203,0.2814205101731244,0.33823693431311863,2.729914001982582,3.3102498870102623,0.06074663665818008,6.100910525651025,105.97565399259028,FOLLOWING,WALKING,0.4795980390975685
41.0,PID,-2.041409789737072,0.19627875875434614,-1.2021548947059086,1.256915144944076,1.3662745997778378,0.5462745997778379,0.1360953392593336,0.45946597974647285,0.24963402204901197,0.45,0.05586595104870762,0.41815154909736135,0.5007804103955843,4.2887338368960135,5.136209337390608,4.2887338368960135,5.136209337390608,0.07435760277442238,0.06611128654640464,1.168239621795212,1.4252065500108406,0.008731781771213625,2.6021779535772662,106.10576289026913,FOLLOWING,WALKING,0.4774517920708405
41.05,PID,-2.044193309884555,0.16687934893462397,-1.217876087875713,1.2412543802787133,1.3525155535310411,0.5325155535310412,0.13025799985237585,0.4496407822238435,0.24243543589971256,0.45,-0.01696436166791694,0.4095177175824411,0.48976384686524593,4.200181718794267,5.0232189422076505,4.200181718794267,5.0232189422076505,-0.08855211810174612,-0.11299039518295739,1.3430667200443471,1.6310501351169937,0.025130770141926755,2.9992476253032674,106.25572527153429,FOLLOWING,WALKING,0.47528143048937144
41.1,PID,-2.0458654661485287,0.14442157034149172,-1.2333069606233278,1.225505549065502,1.3553899289001754,0.5353899289001754,0.13191326113343171,0.44677077141787885,0.24413644199844273,0.45,-0.0005849504767837365,0.4063661902671366,0.4871753525686211,4.167858361714221,4.996670282755088,4.167858361714221,4.996670282755088,-0.0323233570800463,-0.026548659452562795,0.8655743602593557,1.0625485339183012,0.005979997105367884,1.9341028912830247,106.35243041609843,FOLLOWING,WALKING,0.4730878653308921
41.15,PID,-2.0453969534869096,0.14309533615861247,-1.248395421432642,1.2097217800612936,1.3524030072264275,0.5324030072264275,0.13079726316130813,0.4424316851473211,0.24255760123627462,0.45,-0.013598716736382918,0.40228840214271766,0.4825749681519246,4.126034893771463,4.949486852840252,4.126034893771463,4.949486852840252,-0.04182346794275826,-0.047183429914835706,0.9533668202869816,1.1680886551571157,0.00551462152328019,2.1269700969673777,106.4587789209468,FOLLOWING,WALKING,0.47087201731249734
41.2,PID,-2.0465421084293025,0.1242553346410279,-1.262593445755298,1.1945238973594934,1.3315041918557107,0.5115041918557107,0.12149197247261112,0.4218009000840671,0.2294832343307313,0.45,-0.10256178668553785,0.38382142480233106,0.4597803753658032,3.9366299979726262,4.715696157597981,3.9366299979726262,4.715696157597981,-0.18940489579883657,-0.2337906952422708,1.9368909866008173,2.342248233595151,0.04320501126207732,4.322344231458045,106.67489613251969,FOLLOWING,WALKING,0.46863481650418903
41.25,PID,-2.047825870710599,0.10091180807707678,-1.2761639214207174,1.179670666669062,1.3266688743057966,0.5066688743057967,0.11955254143493033,0.4081928584693879,0.2249175853961717,0.45,-0.10127359083434262,0.3709689980863215,0.4454167188524543,3.8048102367827843,4.568376603614916,3.8048102367827843,4.568376603614916,-0.13181976118984196,-0.14731955398306518,1.4391627409613548,1.748909920741211,0.014787284171440436,3.202859945874006,106.83503912981338,FOLLOWING,WALKING,0.4663772019384912
41.3,PID,-2.0488390856240475,0.07766846837827168,-1.289389074891125,1.164868353549896,1.3263419012353272,0.5063419012353273,0.1195573749359844,0.4027447632819505,0.22342610213100617,0.45,-0.08043208236085252,0.365767743379269,0.43972178318463206,3.751464034659169,4.509967007021867,3.751464034659169,4.509967007021867,-0.053346202123615516,-0.058409596593048896,0.9253174197510733,1.1329309224636928,0.004798602609545986,2.063046944824312,106.93819147705459,FOLLOWING,WALKING,0.46410012121630684
41.35,PID,-2.0504896613189016,0.033996383159837336,-1.3024206940136702,1.1499572298560623,1.3261854731218516,0.5061854731218517,0.11958171980204568,0.4017252551187156,0.2225617146463968,0.45,-0.06342530794075765,0.3648912913447369,0.4385592188926943,3.7424747830229426,4.4980432706943,3.7424747830229426,4.4980432706943,-0.008989251636226214,-0.01192373632756727,0.6562661051781943,0.8091511921543066,0.002770265673987253,1.468187563006488,107.0116008552049,FOLLOWING,WALKING,0.461804530109175
41.4,PID,-2.0511391709478306,-0.0011517996676074643,-1.3158269888799463,1.1342462837624057,1.3434938746433014,0.5234938746433014,0.12766753874618564,0.4186716792725897,0.2331859315842647,0.45,0.02668522650059224,0.3800794075953939,0.4572639509497855,3.898250334311732,4.689886676408056,3.898250334311732,4.689886676408056,0.1557755512887895,0.19184340571375635,1.686052135436063,2.050722915961843,0.0356748181057468,3.772449869503653,107.20022334868007,FOLLOWING,WALKING,0.4594913921580997
41.45,PID,-2.0513405101731514,-0.03993274923672362,-1.329599466846922,1.1177062047518227,1.3527057377545126,0.5327057377545127,0.1318477403200431,0.43616893968970255,0.24015421579465926,0.45,0.06134667435979375,0.39642341697568645,0.47591446240371865,4.06588119975063,4.881173973371474,4.06588119975063,4.881173973371474,0.16763086543889827,0.1912872969634174,1.798674544122715,2.1832232855316405,0.02409786475173656,4.005995694406092,107.40052313340036,FOLLOWING,WALKING,0.4571616782691177
41.5,PID,-2.050628729358755,-0.049299695073738777,-1.3437546638217994,1.1002684701972183,1.364198695723365,0.544198695723365,0.13705570252407417,0.4549795404137743,0.24884684515519004,0.45,0.09841942106359214,0.41379538754059036,0.49616369328695825,4.2440552568265675,5.088858392686751,4.2440552568265675,5.088858392686751,0.17817405707593714,0.20768441931527715,1.9717026424154989,2.3899756752000325,0.031149120851590814,4.392827438467123,107.6201645053237,FOLLOWING,WALKING,0.4548163663057748
41.55,PID,-2.0499615563744324,-0.06556246913456511,-1.3575571860189997,1.082847825697249,1.3495102486210242,0.5295102486210242,0.1307985471598081,0.4499667949339552,0.24209445255824188,0.45,0.012137981179298943,0.40990016303556615,0.49003342683234424,4.204104236262217,5.02598386494712,4.204104236262217,5.02598386494712,-0.039951020564350515,-0.06287452773963054,1.018936839082512,1.2429179999063849,0.023539921764718773,2.2853947607536154,107.73443424336138,FOLLOWING,WALKING,0.45245644067868185
41.6,PID,-2.0493060767268974,-0.07171484275729974,-1.370812563949946,1.0656984879148614,1.3409959050507938,0.5209959050507939,0.12744875467014882,0.439088674025926,0.23742488279747348,0.45,-0.027995486389162706,0.3997948559229441,0.4783824921289079,4.100460060748144,4.90648709875803,4.100460060748144,4.90648709875803,-0.10364417551407268,-0.11949676618909066,1.3781832034386599,1.6728211101765205,0.01596487756557784,3.066969191180758,107.8877827029204,FOLLOWING,WALKING,0.4500828919323226
41.65,PID,-2.048674243718742,-0.08190136069961076,-1.3832517222609766,1.0492179631438194,1.3244102580662633,0.5044102580662634,0.12029925305778555,0.41875112454327157,0.22690069590933323,0.45,-0.09481332611548511,0.3811990593702769,0.4563031897162662,3.9097339422592503,4.680032715038628,3.9097339422592503,4.680032715038628,-0.19072611848889398,-0.22645438371940152,1.9045828310068993,2.301455338377207,0.03438641273470614,4.240424582118813,108.09980393202633,FOLLOWING,WALKING,0.4476967163292871
41.7,PID,-2.047660856218749,-0.10420656251172035,-1.3949135907404409,1.0334132633879558,1.3123330586536441,0.4923330586536442,0.11505781005025595,0.39868449989542215,0.21792867345797073,0.45,-0.1270940717856059,0.362617304438128,0.4347516953527163,3.7191518403910564,4.458991747207347,3.7191518403910564,4.458991747207347,-0.1905821018681939,-0.22104096783128124,1.791280149615604,2.1674078670376216,0.028155757695273665,3.986843774348499,108.29914612074374,FOLLOWING,WALKING,0.4452989154321051
41.75,PID,-2.0464120363913456,-0.126379456691486,-1.406142940190328,1.0178476972148476,1.3115860097109218,0.4915860097109218,0.11500707264967414,0.3897562084592037,0.21582996589916909,0.45,-0.10242039134075122,0.3540363491028912,0.4254760678155162,3.6311420420809357,4.363857105800166,3.6311420420809357,4.363857105800166,-0.08800979831012068,-0.09513464140718053,1.0963170950505716,1.336723752858686,0.006522681324218602,2.4395635292334763,108.42112429720541,FOLLOWING,WALKING,0.44289049568285455
41.8,PID,-2.0449318661752978,-0.14841715689846274,-1.4171294167454211,1.002271361297371,1.3111827848498683,0.4911827848498683,0.11497501548499933,0.38708411129566367,0.21455897441300917,0.45,-0.0816620946344214,0.35157460103031063,0.4225936215610167,3.6058933439006218,4.334293554471966,3.6058933439006218,4.334293554471966,-0.025248698180313944,-0.029563551328200433,0.7252270888286247,0.8906675247715039,0.003926917868517412,1.6198215314686462,108.50211537377884,FOLLOWING,WALKING,0.4404724679807226
41.85,PID,-2.0411889769190954,-0.20122754715789848,-1.4279603146696274,0.986557399228011,1.3108089034706303,0.49080890347063033,0.11495545071601221,0.3875869900661191,0.21378989672550283,0.45,-0.06534151188349596,0.35220476215804836,0.4229692179741898,3.612356534954342,4.338145825376305,3.612356534954342,4.338145825376305,0.006463191053720063,0.00385227090433915,0.6006055745625587,0.7401698300226788,0.0023676629671566373,1.3431430675523943,108.56927252715646,FOLLOWING,WALKING,0.43804584725769374
41.9,PID,-2.0383554277050826,-0.23045800337701214,-1.4393301376461027,0.9696486976105977,1.336743233035144,0.5167432330351441,0.1271236162973608,0.41332512206266186,0.2301330400674113,0.45,0.06314467081474037,0.3752381039315053,0.4514121401938184,3.8485959377590286,4.629868104551984,3.8485959377590286,4.629868104551984,0.2362394028046868,0.29172227917567906,2.207761584762062,2.677644434374554,0.054159800566047606,4.939565819702663,108.81625081814158,FOLLOWING,WALKING,0.43561165205254937
41.95,PID,-2.036042795925702,-0.2492502601865997,-1.450976565324983,0.9518838376457422,1.3413006344163152,0.5213006344163152,0.12924087180063504,0.4307015956147357,0.23507311269501202,0.45,0.06930540931265153,0.3917969954637112,0.4696061957657602,4.01843072270473,4.816473802725746,4.01843072270473,4.816473802725746,0.1698347849457016,0.1866056981737616,1.7687307778487564,2.1430556341274682,0.016722406792938127,3.928508818769163,109.01267625908002,FOLLOWING,WALKING,0.4331709040833493
42.0,PID,-2.0357509393290485,-0.24567862723220593,-1.4625138376864009,0.9338326060767139,1.336048507788863,0.5160485077888631,0.1271756965859696,0.4340977570347175,0.23383217095323885,0.45,0.030948862103077582,0.39539853274195647,0.4727969813274785,4.055369566584169,4.849199808486959,4.055369566584169,4.849199808486959,0.036938843879438465,0.032726005761213095,0.8738022247667938,1.0679438596865225,0.004178478261676744,1.945924562714993,109.10997248721577,FOLLOWING,WALKING,0.4307246278185808
42.05,PID,-2.0294108252183567,-0.30069497381104876,-1.4733051066222391,0.9165336921107563,1.3114295727188678,0.4914295727188679,0.11637980314876861,0.41339701484329816,0.2195109851022239,0.45,-0.0841832018675847,0.3770679468088801,0.4497260828777162,3.867363557014155,4.612575209002217,3.867363557014155,4.612575209002217,-0.1880060095700138,-0.2366245994847418,1.9055558794890752,2.293366126618501,0.04526866964143446,4.244190675749011,109.32218202100321,FOLLOWING,WALKING,0.42827385004715274
42.1,PID,-2.029772356010631,-0.2915313692933608,-1.4842601185167401,0.8985064047439677,1.3382448189315292,0.5182448189315293,0.12924837956388902,0.42746456647104975,0.23558628084428884,0.45,0.052324185879000826,0.3884750369913199,0.4664540959507796,3.984359353757127,4.7841445738541495,3.984359353757127,4.7841445738541495,0.11699579674297222,0.17156936485193253,1.540823053976867,1.8730720378184056,0.05453451557777275,3.4684296073730456,109.49560350137186,FOLLOWING,WALKING,0.4258195994474161
42.15,PID,-2.0284386172016755,-0.29868171354464146,-1.4945252945569494,0.8811819104744236,1.3091117236092995,0.48911172360929955,0.1161737048909286,0.4082992593725886,0.21895251833516627,0.45,-0.0873727544321975,0.3720626175881186,0.4445359011570586,3.8160268470576266,4.559342575969832,3.8160268470576266,4.559342575969832,-0.1683325066995005,-0.22480199788431765,1.784824593787265,2.1528209551946924,0.052444860346968034,3.9900904093289253,109.6951080218383,FOLLOWING,WALKING,0.4233629061553911
42.2,PID,-2.025255946736378,-0.31955021509920123,-1.5040648097670444,0.8646897829051371,1.2950450213722042,0.4750450213722043,0.11008971640876242,0.3869424030005703,0.20894414851499793,0.45,-0.1300442383003368,0.3523621464213382,0.42152265957980245,3.6139707325265453,4.323309329023615,3.6139707325265453,4.323309329023615,-0.2020561145310813,-0.2360332469462172,1.8133540908126329,2.1876735629408484,0.030113140465416893,4.031140794218898,109.89666506154923,FOLLOWING,WALKING,0.4209048013323825
42.25,PID,-2.0218789937325825,-0.34026361025523705,-1.5131881262900917,0.8485339561510307,1.2938564735428355,0.47385647354283555,0.10999982824130572,0.3769357686961127,0.20670883358039283,0.45,-0.10666411632348538,0.3427254567385577,0.41114608065366776,3.5151328896262326,4.216882878499156,3.5151328896262326,4.216882878499156,-0.09883784290031272,-0.10642645052445854,1.1198247663722114,1.361138218525075,0.006653654536565942,2.487616639433852,110.02104589352092,FOLLOWING,WALKING,0.41844631673216465
42.3,PID,-2.0239805870219816,-0.32558037925856814,-1.5220516724545665,0.8324345355215786,1.2930607304039738,0.4730607304039739,0.10992821082214066,0.37339447939477016,0.20532634100835423,0.45,-0.0866992805433101,0.33941296995788756,0.40737598883165277,3.481158666234744,4.178215270068233,3.481158666234744,4.178215270068233,-0.03397422339148859,-0.03866760843092276,0.7462122725741089,0.9131062595166232,0.004087614834546187,1.6634061469252783,110.10421620086719,FOLLOWING,WALKING,0.41598848426791785
42.35,PID,-2.0205834768251973,-0.34603816723158765,-1.5301236659126396,0.8174443433284658,1.2621137738461197,0.4421137738461197,0.09501255721324431,0.346400702573958,0.18395907863312033,0.45,-0.20379204767834802,0.31595547506017657,0.3768459300877394,3.2405689749761697,3.8650864624383527,3.2405689749761697,3.8650864624383527,-0.24058969125857432,-0.3131288076298806,1.9126025993233307,2.2956793261779467,0.05660210735222961,4.264884032853507,110.31746040250985,FOLLOWING,WALKING,0.41353233557909785
42.4,PID,-2.017001529116419,-0.36633977608502416,-1.5378289681708635,0.8028215936279777,1.2626331131803517,0.4426331131803517,0.09590003716332429,0.33672791073455455,0.1819094618487835,0.45,-0.1566727041184906,0.3066218947985809,0.3668339266705282,3.1448399466521115,3.7623992479028536,3.1448399466521115,3.7623992479028536,-0.09572902832405816,-0.10268721453549912,0.9779825731537665,1.183972240974469,0.005368963481783519,2.167323777610019,110.42582659139035,FOLLOWING,WALKING,0.4110789015984206
42.45,PID,-2.0132387222581825,-0.3864839546478485,-1.5453941405175624,0.7881585685537155,1.2635444794673059,0.4435444794673059,0.09684131687359598,0.33639312691468526,0.18141067061030508,0.45,-0.11819469754982394,0.3063696609286798,0.36641659290069073,3.142252932601844,3.758118901545546,3.142252932601844,3.758118901545546,-0.002587014050267733,-0.004280346357307785,0.5050837011421527,0.6179645833246308,0.0013029991641636727,1.1243512836309473,110.48204415557188,FOLLOWING,WALKING,0.40862921211914144
42.5,PID,-2.0092990035793132,-0.40646957354170965,-1.5529198937405257,0.773228145796766,1.264382699176714,0.444382699176714,0.09773985681862962,0.3405508520580387,0.18174896197679052,0.45,-0.08850369736746676,0.3104713988508799,0.3706303052651975,3.184322039496204,3.801336464258436,3.184322039496204,3.801336464258436,0.042069106894360164,0.043217562712890345,0.7084904318121505,0.8598449058081251,0.0008853711077439777,1.5692207087280194,110.56050519100828,FOLLOWING,WALKING,0.40618429536281686
42.55,PID,-2.0051862859909706,-0.42629562333401594,-1.5604354092529396,0.7579852189549282,1.2648986524262111,0.4448986524262112,0.0986190033630796,0.34616546276756915,0.18259009346320118,0.45,-0.06676268964883644,0.31594680229940936,0.37638412323572895,3.2404800235836855,3.8603499819049123,3.2404800235836855,3.8603499819049123,0.056157984087481516,0.05901351764647611,0.7980263073909664,0.9650378887475313,0.002211584784747435,1.765275780923245,110.64876898005443,FOLLOWING,WALKING,0.40374517754772193
42.6,PID,-2.000904444707194,-0.44596121260822214,-1.567929031331421,0.7424255575969481,1.265039309970982,0.44503930997098207,0.0993639162976776,0.35163360425465023,0.18356009841634482,0.45,-0.0514560047291005,0.32125440796674515,0.3820128005425553,3.2949170047871297,3.91808000556467,3.2949170047871297,3.91808000556467,0.0544369812034442,0.057730023659757546,0.8047446913223258,0.971594533474689,0.0025639805471529505,1.7789032053441678,110.73771414032163,FOLLOWING,WALKING,0.4013128824581105
42.65,PID,-1.996457314071501,-0.4654655659556438,-1.5753748429603718,0.7265905887317461,1.2648046585092094,0.44480465850920947,0.10004249068980942,0.35620496431125503,0.1846017897712302,0.45,-0.04116815012049787,0.32565336810411644,0.38675656051839363,3.3400345446576045,3.9667339540348063,3.3400345446576045,3.9667339540348063,0.04511753987047484,0.04865394847013649,0.7684817017790601,0.9275896305416242,0.0027690924744154114,1.6988404247950997,110.82265616156138,FOLLOWING,WALKING,0.3988884310144964
42.7,PID,-1.991848684490817,-0.48480802189341043,-1.5827440255348046,0.7105328700456328,1.2642421933336752,0.4442421933336752,0.10064311306539797,0.35963389778060606,0.18562137585150928,0.45,-0.03458600386633925,0.32891356007718126,0.39035423548403086,3.3734724110480125,4.003633184451599,3.3734724110480125,4.003633184451599,0.03343786639040802,0.03689923041679233,0.7148516286775644,0.8635226877189387,0.0027253003826946324,1.5810996167791975,110.90171114240034,FOLLOWING,WALKING,0.396472840845137
42.75,PID,-1.9870822994777924,-0.5039880307130796,-1.5900108720386728,0.6942969821969442,1.2634106497576878,0.44341064975768785,0.10116450693297763,0.36194251841816955,0.18656825271655997,0.45,-0.0306358747500892,0.3310654725935789,0.3928195642427602,3.395543308652091,4.028918607618054,3.395543308652091,4.028918607618054,0.022070897604078432,0.02528542316645499,0.65878020389496,0.7969742740409115,0.002543863136403599,1.4582983410722752,110.97462605945395,FOLLOWING,WALKING,0.39406712585889886
42.8,PID,-1.9821618528024296,-0.523005152264143,-1.597145996360482,0.6779334946277548,1.2623599687305187,0.44235996873051875,0.10159980861580564,0.3632701280985154,0.18740340308264206,0.45,-0.02851897882461387,0.3322548648883381,0.39428539130869267,3.407742203982955,4.043952731371207,3.407742203982955,4.043952731371207,0.012198895330863824,0.015034123753153494,0.607615340286197,0.7364912918764234,0.0022537442979288936,1.3463603764605494,111.04194407827698,FOLLOWING,WALKING,0.3916722958196837
42.85,PID,-1.9770909857536265,-0.5418590536770167,-1.6041368903254312,0.6614763772966742,1.2611466383058985,0.4411466383058985,0.10195444476587245,0.36380656788192967,0.1881152981123736,0.45,-0.02758345735152818,0.33267348604433183,0.3949396497195275,3.412035754300839,4.050663074046436,3.412035754300839,4.050663074046436,0.004293550317884254,0.006710342675228631,0.5650405917060435,0.6863198587699473,0.001928424178694498,1.2532888746546853,111.10460852200971,FOLLOWING,WALKING,0.389289355922595
42.9,PID,-1.9718732845111917,-0.5605495070295257,-1.6109699544698652,0.6449540308389785,1.2598059043889667,0.4398059043889667,0.10223995987731582,0.36373384400962583,0.1887094788479616,0.45,-0.0274143259686922,0.33250242526028817,0.3949652627589635,3.410281284720904,4.050925771886805,3.410281284720904,4.050925771886805,-0.0017544695799349697,0.0002626978403688085,0.5392733485559416,0.6561507270685695,0.0016146365321421734,1.1970387121566533,111.16446045761754,FOLLOWING,WALKING,0.38691930637202193
42.95,PID,-1.9665122776285255,-0.5790763869613997,-1.6176390607861648,0.6283854425444707,1.2583679880894931,0.4383679880894932,0.10243875471917452,0.363218125046015,0.18915759449975567,0.45,-0.027710005973263854,0.3319125431563054,0.3945237069357245,3.4042312118595426,4.046396994212559,3.4042312118595426,4.046396994212559,-0.0060500728613615,-0.004528777674245532,0.5624539440880135,0.6841446154666837,0.00122060849401526,1.2478191680487125,111.22685141601997,FOLLOWING,WALKING,0.38456314196181796
43.0,PID,-1.9610114336261755,-0.597439668240578,-1.6241343570611828,0.6117919140672127,1.2568518572781762,0.4368518572781762,0.10256818362308251,0.36237655619553844,0.18947784707943557,0.45,-0.02828478022894082,0.33101797250389187,0.393735139887185,3.3950561282450447,4.038309127048051,3.3950561282450447,4.038309127048051,-0.009175083614497925,-0.008087867164507934,0.5785483765992404,0.7037504522717273,0.0008738030781991853,1.283172631949167,111.29101004761742,FOLLOWING,WALKING,0.3822218516577512
43.05,PID,-1.9553741586961055,-0.6156394232856577,-1.6304535519461738,0.5951850835139496,1.2552797235539095,0.43527972355390954,0.10264267903472857,0.36130736218476306,0.18968996779681396,0.45,-0.028979516965347618,0.32991367251439035,0.39270105185513576,3.3837299745065677,4.02770309595011,3.3837299745065677,4.02770309595011,-0.011326153738477007,-0.010606031097941226,0.5887792970120688,0.7163949720622863,0.000579415277499062,1.3057536843518542,111.35629773183501,FOLLOWING,WALKING,0.3798964181823986
43.1,PID,-1.9496037945165112,-0.6336758196482019,-1.6365935155663642,0.5785746199552846,1.2536623895440335,0.4336623895440336,0.10265957690718697,0.3600827345236051,0.1897928822277801,0.45,-0.029720292876425768,0.3286720125149075,0.3914934565323027,3.3709950001528974,4.015317502895412,3.3709950001528974,4.015317502895412,-0.012734974353670214,-0.012385593054697885,0.5947350995329529,0.7239340501848233,0.0002812669412528948,1.3189504166590291,111.42224525266796,FOLLOWING,WALKING,0.3775878176026649
43.15,PID,-1.9437036161767303,-0.6515491174589226,-1.642552841901281,0.5619666724660127,1.25200901076921,0.43200901076920994,0.10263499194225645,0.35875529372384524,0.1898098889963823,0.45,-0.030456695052836498,0.32734175709494395,0.3901688303527465,3.357351354819938,4.0017315933615025,3.357351354819938,4.0017315933615025,-0.013643645332959586,-0.01358590953390948,0.5976062312836246,0.7277772909594922,4.648396119220968e-05,1.325430006204309,111.48851675297817,FOLLOWING,WALKING,0.3752970189200913
43.2,PID,-1.9376768302117535,-0.6692596668413022,-1.6483328624966487,0.5453683465268458,1.2503249022729424,0.4303249022729424,0.10257619341624191,0.3573611174104172,0.1897546854691991,0.45,-0.031166299524790088,0.32595671696526474,0.3887655178555697,3.343145815028356,3.9873386446725094,3.343145815028356,3.9873386446725094,-0.014205539791581678,-0.014392948688993101,0.5983819345039211,0.7290962084194453,0.00015084184229909468,1.3276289847656655,111.55489820221645,FOLLOWING,WALKING,0.3730249836641312
43.25,PID,-1.931526572745565,-0.6868079052965036,-1.6539359255584045,0.5287798172334345,1.2486156904795702,0.42861569047957027,0.10247549048930282,0.3559261874800576,0.18962022437036255,0.45,-0.03183024552017409,0.3245440403467626,0.3873083346133526,3.32865682406936,3.972393175521565,3.32865682406936,3.972393175521565,-0.01448899095899625,-0.014945469150944302,0.5976815569402245,0.7286115667706615,0.0003671502297188258,1.326660273940605,111.62123121591348,FOLLOWING,WALKING,0.3707726654885626
43.3,PID,-1.9252559077425537,-0.704194355062858,-1.6593599699393764,0.5122068349869677,1.2468801380129961,0.4268801380129962,0.10234910249487816,0.3544633839841079,0.1894295821519956,0.45,-0.032464022358662206,0.32311278813795263,0.3858139798302632,3.3139773142354114,3.9570664597975713,3.3139773142354114,3.9570664597975713,-0.0146795098339485,-0.0153267157239938,0.5962399123809905,0.727210877915428,0.0005200311710272853,1.323970821467446,111.68742975698684,FOLLOWING,WALKING,0.3685410097712052
43.35,PID,-1.918867825365977,-0.7214196204534817,-1.6646047633706036,0.49565658813525004,1.2451234898173207,0.42512348981732073,0.10218627632740551,0.35298437291899787,0.18917138502629496,0.45,-0.03305118950072893,0.32167650869714604,0.3842922371408497,3.2992462430476515,3.941458842470253,3.2992462430476515,3.941458842470253,-0.014731071187759959,-0.015607617327318302,0.5941581809081865,0.7250011765481071,0.0007033465134518362,1.3198627039697455,111.75342289218533,FOLLOWING,WALKING,0.3663309532171125
43.4,PID,-1.912365240442389,-0.738484385175288,-1.6696734159938742,0.47912590023494184,1.2433520025350766,0.42335200253507665,0.10199318878334007,0.351500260781958,0.18885421468724678,0.45,-0.03357447185244295,0.32024488825121866,0.38275563331269735,3.2845629564227554,3.925698803207152,3.2845629564227554,3.925698803207152,-0.014683286624896041,-0.01576003926310099,0.5914940551439084,0.7220531795505531,0.0008625449563637182,1.3144097796508252,111.81914338116786,FOLLOWING,WALKING,0.3641434234654031
43.45,PID,-1.905750991030855,-0.7553894096324842,-1.6745649524450807,0.46263605766937665,1.2415611659483112,0.4215611659483113,0.1017721458627121,0.35001173844150557,0.18848244928155314,0.45,-0.034067769026673606,0.31881789308540853,0.3812055837976026,3.2699271085682926,3.9098008594625906,3.2699271085682926,3.9098008594625906,-0.014635847854462813,-0.015897943744561438,0.5888032368966202,0.7190335234655862,0.0010090260608154016,1.3088457864230219,111.884585670489,FOLLOWING,WALKING,0.3619793386998975
43.5,PID,-1.8990278370955993,-0.7721355282176888,-1.679281099162831,0.4461724295746913,1.2397713593372368,0.41977135933723686,0.10153745438234729,0.34853633266875167,0.18807698326443542,0.45,-0.0344480089295333,0.3174095919384876,0.3796630733990157,3.2554829942408983,3.893980239989905,3.2554829942408983,3.893980239989905,-0.014444114327394342,-0.01582061947268576,0.5852332566737654,0.7149327152972935,0.0010981270845468072,1.3012640990556057,111.94964887544178,FOLLOWING,WALKING,0.35983960726372427
43.55,PID,-1.8921984592807062,-0.7887236465934827,-1.6838355019505773,0.42972839488954434,1.237967248699388,0.41796724869938806,0.1012664532252725,0.3470678038489577,0.18760992460483505,0.45,-0.03480753377157114,0.3160183613268575,0.37811724637105787,3.2412139623267437,3.8781256038057217,3.2412139623267437,3.8781256038057217,-0.014269031914154517,-0.015854636184183146,0.5820320553018677,0.7112238462497587,0.0012617976947567773,1.2945176992463834,112.0143747604041,FOLLOWING,WALKING,0.35772512727805555
43.6,PID,-1.8852654577853134,-0.8051547389673192,-1.6882142035973406,0.4133179953865441,1.2361393527355697,0.4161393527355698,0.10096793136461901,0.3455931840727683,0.1870911699819009,0.45,-0.035192618582626345,0.3146295954407637,0.3765567727047729,3.2269702096488584,3.862120745689978,3.2269702096488584,3.862120745689978,-0.014243752677885357,-0.01600485811574348,0.5795146929167251,0.7082962222540258,0.0013975834944711905,1.2892084986652221,112.07883518533735,FOLLOWING,WALKING,0.3556367862651345
43.65,PID,-1.878231351337775,-0.8214298453622652,-1.6924209861178465,0.39693923460121855,1.2343034477553863,0.4143034477553863,0.10064851833609412,0.34411945443578124,0.18653018121959428,0.45,-0.035528224407256365,0.3132487094439384,0.37499019942762407,3.212807276348086,3.846053327462811,3.212807276348086,3.846053327462811,-0.014162933300772451,-0.016067418227167174,0.5766522214224031,0.7049236745133745,0.0015068352311311032,1.2830827311669089,112.1429893218957,FOLLOWING,WALKING,0.35357546077575047
43.7,PID,-1.8710985762670256,-0.837550068886338,-1.6964591575210857,0.38059386510005455,1.232456371168663,0.41245637116866296,0.10031799660297636,0.3426463636502648,0.18594189230876373,0.45,-0.03583915201924312,0.3118729804731644,0.3734197468273652,3.198697235622199,3.8299461213063095,3.198697235622199,3.8299461213063095,-0.01411004072588673,-0.01610720615650152,0.5738159969682806,0.7015619653608821,0.001575180767579023,1.2769531430967418,112.20683697905054,FOLLOWING,WALKING,0.3515420160213185
43.75,PID,-1.863869485669497,-0.8535165730026124,-1.7003277886064059,0.36428215723287977,1.2305988666042906,0.4105988666042907,0.0999704439411504,0.3411737682403595,0.18532083019814094,0.45,-0.036127558658248134,0.3105031708425672,0.3718443656381518,3.184647906077612,3.8137883655195055,3.184647906077612,3.8137883655195055,-0.014049329544587152,-0.016157755786804007,0.5710018476774332,0.698202092571501,0.0016573787416113467,1.2708613189905458,112.27038004500005,FOLLOWING,WALKING,0.3495373055107214
43.8,PID,-1.856546348669678,-0.8693305788026124,-1.7040288940123554,0.3480066857995006,1.2287309038359266,0.4087309038359267,0.09960439025730428,0.33970089919337,0.18466547255162824,0.45,-0.03639853193423554,0.3091387634860755,0.3702630349006645,3.170653984472569,3.797569588724764,3.170653984472569,3.797569588724764,-0.013993921605043091,-0.016218776794741707,0.5682405001499572,0.69488003650086,0.001742715784563804,1.2648632524353811,112.33362320762181,FOLLOWING,WALKING,0.3475621706920603
43.85,PID,-1.8491313497725408,-0.8849933622849272,-1.7075692759023973,0.33176531484529315,1.2268543474121545,0.40685434741215454,0.0992302264596372,0.33822829800009874,0.18399018628060157,0.45,-0.03664770317330168,0.3077779221706592,0.3686786738295383,3.1566966376477863,3.781319731585008,3.1566966376477863,3.781319731585008,-0.013957346824782668,-0.016249857139755797,0.5654611253611728,0.6915216649136849,0.0017891430739046922,1.2587719333487626,112.39656180428925,FOLLOWING,WALKING,0.3456174405994695
43.9,PID,-1.8416265883058498,-0.9005062516412392,-1.7109433985195353,0.3155665432021405,1.2249659175381573,0.40496591753815736,0.09884615532013274,0.3367527297128074,0.18329446117597636,0.45,-0.03689429992076337,0.30641749638818333,0.36708796303743146,3.142743552699316,3.7650047491018612,3.142743552699316,3.7650047491018612,-0.013953084948470362,-0.016314982483146778,0.5628486073280256,0.6883491667061942,0.0018363248377759307,1.2530340988719957,112.45921350923284,FOLLOWING,WALKING,0.34370393150514156
43.95,PID,-1.8340340779504087,-0.9158706245516299,-1.7141533767140267,0.299412943855449,1.2230744615316413,0.4030744615316414,0.0984510037646722,0.33528009868688907,0.18257752249594852,0.45,-0.037099960366866164,0.3050635187138096,0.36549667865996854,3.128856602192919,3.748683883691985,3.128856602192919,3.748683883691985,-0.013886950506396989,-0.016320865409876095,0.5599529784399272,0.6848210238457602,0.0018849151869264867,1.2466589174726137,112.52154645510646,FOLLOWING,WALKING,0.3418224465767086
44.0,PID,-1.8263557463562703,-0.9310879054908993,-1.7172038161903198,0.2833044030854538,1.2211820233565387,0.40118202335653874,0.09805525280713612,0.33381441644519705,0.18185411996202677,0.45,-0.037264697056607746,0.3037175595914816,0.3639112732989125,3.115051893245965,3.732423315886282,3.115051893245965,3.732423315886282,-0.013804708946953959,-0.016260567805703285,0.5568761897550101,0.6810691034585603,0.0018943737290589297,1.2398396669426293,112.58353843845359,FOLLOWING,WALKING,0.33997377554012465
44.05,PID,-1.818593434842828,-0.946159563047673,-1.7200962959629067,0.2672392700229234,1.2192878343477216,0.39928783434772164,0.09764445145335121,0.33235637167263554,0.18110645318627366,0.45,-0.03740089534294977,0.3023832536703073,0.3623294896749638,3.101366704310844,3.7161998941021928,3.101366704310844,3.7161998941021928,-0.013685188935121051,-0.016223421784089087,0.5537939809295634,0.677290417492806,0.0019498648020749311,1.2330342632244444,112.64519015161481,FOLLOWING,WALKING,0.33815869434818946
44.1,PID,-1.8107488981808002,-0.9610871072577226,-1.7228314445255262,0.251216077360686,1.2173900009711827,0.3973900009711827,0.09722930854910072,0.3309036929460917,0.18034786877937845,0.45,-0.03752316522427257,0.30105612066310455,0.3607512652290788,3.087755083724149,3.7000129767085004,3.087755083724149,3.7000129767085004,-0.013611620586694961,-0.01618691739369238,0.5508446982979505,0.673661536101974,0.0019700507674487414,1.2264762851673732,112.70651396587317,FOLLOWING,WALKING,0.33637796485485366
44.15,PID,-1.8028238044539557,-0.9758720869530823,-1.7254102667171474,0.23524541171644825,1.215486935385635,0.39548693538563506,0.09682338506753507,0.32945300931520693,0.17959823518940105,0.45,-0.03764155745134273,0.29972950139136106,0.3591765172390528,3.0741487322190877,3.6838617152723363,3.0741487322190877,3.6838617152723363,-0.013606351505061287,-0.016151261436164077,0.5480677369394142,0.6702456434940602,0.0019387133251004694,1.220252093758575,112.7675265705611,FOLLOWING,WALKING,0.3346323344954418
44.2,PID,-1.794819734998589,-0.9905160871281163,-1.727835644515957,0.21932326350800704,1.2135890784810437,0.39358907848104374,0.09640621850078257,0.32801178041119855,0.17883255620149816,0.45,-0.03771098519224962,0.2984149923598506,0.3576085684625465,3.0606665883061597,3.6677801893594513,3.0606665883061597,3.6677801893594513,-0.013482143912928013,-0.01608152591288503,0.5449509806348825,0.6664079728085477,0.0019717679611649898,1.2133307214045952,112.82819310663133,FOLLOWING,WALKING,0.3329225359729268
44.25,PID,-1.7867381844185366,-1.0050207263239652,-1.7301067454232022,0.20344957162582236,1.2116922557833825,0.3916922557833825,0.09598944319447145,0.3265791428578637,0.17806498548876867,0.45,-0.03776058831966458,0.2971093877594725,0.35604889795625494,3.0472757718920254,3.651783568782102,3.0472757718920254,3.651783568782102,-0.01339081641413431,-0.015996620577349407,0.5419007415911957,0.6626462851739996,0.0019681555366625296,1.2065151823018578,112.88851886574642,FOLLOWING,WALKING,0.3312492869503894
44.3,PID,-1.778580560673776,-1.0193876540322413,-1.7322288576833569,0.18762881994904412,1.2097965039251564,0.3897965039251564,0.09557317254863218,0.32515402032714746,0.1772967257659119,0.45,-0.0377945670655337,0.29581141221288904,0.3544966284414059,3.033963202183477,3.635862855809291,3.033963202183477,3.635862855809291,-0.013312569708548327,-0.015920712972810946,0.5389242122552198,0.6589704588775362,0.00196142304096489,1.1998560941737209,112.9485116704551,FOLLOWING,WALKING,0.3296132897497879
44.35,PID,-1.7703481852403653,-1.033618548119249,-1.7342026169388702,0.17186095660471992,1.2079061423936577,0.3879061423936577,0.09515377778989986,0.32373921003546063,0.1765234183784844,0.45,-0.03779735304971098,0.29452458429382145,0.3529538357770998,3.020764967116117,3.620039341303588,3.020764967116117,3.620039341303588,-0.013198235067359843,-0.015823514505703073,0.535839452077948,0.655158327775843,0.001965698834199068,1.1929634786879904,113.0081598443895,FOLLOWING,WALKING,0.32801523105717056
44.4,PID,-1.7620422933398037,-1.0477151122713675,-1.7360312617820952,0.15614262664519876,1.2060212843965001,0.3860212843965002,0.09474049622640845,0.3223354500149586,0.17575751803399842,0.45,-0.03777531056626822,0.29324758078033186,0.35142331924958536,3.007667495182891,3.604341735893183,3.007667495182891,3.604341735893183,-0.013097471933226412,-0.01569760541040477,0.5327451186133273,0.6513371340067562,0.0019384235079587728,1.1860206761280423,113.06746087819589,FOLLOWING,WALKING,0.32645578163444816
44.45,PID,-1.753664034235586,-1.0616790734626769,-1.737714937656373,0.14047828309609395,1.2041387085016426,0.38413870850164267,0.09432768270592695,0.32093963319867097,0.17499279536967685,0.45,-0.03774807617906276,0.2919783255649894,0.3499009408323525,2.9946494929742506,3.5887275982805384,2.9946494929742506,3.5887275982805384,-0.013018002208640134,-0.01561413761264463,0.5298226716801094,0.6477207186592902,0.0019270217766554697,1.1794704121160549,113.12643439880169,FOLLOWING,WALKING,0.32493559603785144
44.5,PID,-1.7452144715950273,-1.075512179445351,-1.739255752070808,0.12487127957274691,1.2022631507328438,0.3822631507328439,0.09391648466342684,0.3195539636532902,0.17423070912554192,0.45,-0.037695953602384036,0.290718781293013,0.3483891460135674,2.9817310901847485,3.573222010395563,2.9817310901847485,3.573222010395563,-0.012918402789502181,-0.01550558788497547,0.5268192422240783,0.6440064155118663,0.0019120151049185836,1.1727376728408632,113.18507128244373,FOLLOWING,WALKING,0.32345531234319086
44.55,PID,-1.7366945839142682,-1.0892161962635545,-1.7406563811841824,0.10931297571827905,1.2003982485086448,0.3803982485086449,0.09350022727860097,0.3181823565718145,0.17346218893520135,0.45,-0.03760841359633559,0.28947436430303863,0.34689034884059033,2.9689678390055243,3.5578497316983624,2.9689678390055243,3.5578497316983624,-0.012763251179224167,-0.015372278697200592,0.5236651697158676,0.6401028043861876,0.0019196524001862817,1.1656876265022416,113.24335566376884,FOLLOWING,WALKING,0.3220155518780334
44.6,PID,-1.7281052650044524,-1.1027929057914232,-1.74191496177211,0.09381782377705003,1.1985357199220503,0.3785357199220504,0.09310090933041049,0.31681843875837246,0.17271642277878269,0.45,-0.03752968838615814,0.28823387078848395,0.34540300672826096,2.9562448285998353,3.5425949408026765,2.9562448285998353,3.5425949408026765,-0.012723010405689017,-0.015254790895685932,0.5208297263065714,0.6365957996665376,0.001854807303832145,1.1592803332769412,113.30131968043268,FOLLOWING,WALKING,0.3206169189609094
44.65,PID,-1.7194473245371569,-1.1162441032955168,-1.7430358153504713,0.07838008196928317,1.1966904135335956,0.37669041353359567,0.09269713584288741,0.31547218631653967,0.17196731915899155,0.45,-0.037392505050404506,0.2870115949957266,0.34393277763735275,2.943708666622837,3.5275156680754125,2.943708666622837,3.5275156680754125,-0.012536161976998361,-0.015079272727263948,0.5175631172762809,0.6325644458073053,0.001855027314256111,1.1519825903978425,113.35891880995257,FOLLOWING,WALKING,0.31926000064765864
44.7,PID,-1.7107214886470694,-1.1295715950222693,-1.7440182029476952,0.06300189343690087,1.1948570462270527,0.37485704622705274,0.09229780924015984,0.31414301464244915,0.1712252013073676,0.45,-0.037232970088104875,0.2858052438260798,0.3424807854588185,2.931335834113639,3.5126234406032664,2.931335834113639,3.5126234406032664,-0.012372832509198073,-0.014892227472146136,0.514364618666694,0.6286148404823056,0.0018297976109487783,1.1448092567599484,113.41615927279057,FOLLOWING,WALKING,0.31794536648502225
44.75,PID,-1.7019284005901,-1.142777195810637,-1.7448679722299971,0.04767701391059298,1.1930382209128474,0.37303822091284744,0.09190625051953893,0.31283219986317257,0.170495148587682,0.45,-0.03704454805122556,0.2846152527719112,0.34104914695443395,2.9191307976606273,3.497939968763425,2.9191307976606273,3.497939968763425,-0.01220503645301152,-0.0146834718398412,0.5111471517210423,0.6246459331640922,0.0017923744356428794,1.1375854593207775,113.4730385457566,FOLLOWING,WALKING,0.3166735682715837
44.8,PID,-1.693068621454966,-1.1558627267303765,-1.7455867852219167,0.032396420152790664,1.1912283711596263,0.37122837115962637,0.0915257105166507,0.3115346334560258,0.16978256933308228,0.45,-0.0368580863941291,0.2834356182314007,0.3396336486806509,2.9070319818605195,3.483422037750265,2.9070319818605195,3.483422037750265,-0.012098815800107854,-0.014517931013160013,0.508198003758305,0.6210075229000972,0.0017421629284713617,1.1309476895868735,113.52958593023594,FOLLOWING,WALKING,0.3154451398261593
44.85,PID,-1.6841426309265548,-1.1688300127459859,-1.7461706983061915,0.017188943368925,1.1894191681980597,0.36941916819805976,0.09116582400282769,0.3102397522095849,0.16910192399309515,0.45,-0.03670980041831425,0.28225338378872766,0.3382261206304421,2.8949065003972065,3.468985852619919,2.8949065003972065,3.468985852619919,-0.012125481463312937,-0.014436185130346058,0.5057426003935379,0.6179835849657204,0.0016574174863022086,1.1253836028455604,113.58585511037822,FOLLOWING,WALKING,0.3142605967637356
44.9,PID,-1.6751508280991747,-1.1816808804066556,-1.746625988932734,0.002028678284974063,1.1876398635136645,0.3676398635136645,0.09079390506160578,0.3089688979134413,0.16841061601906337,0.45,-0.03646258493762464,0.2810969409622863,0.33684085486459625,2.8830455483311415,3.4547779986112435,2.8830455483311415,3.4547779986112435,-0.011860952066065078,-0.014207854008675636,0.5023509142337491,0.613822624769592,0.0016764998654244722,1.1178500388687655,113.64174761232165,FOLLOWING,WALKING,0.31312043627904707
44.95,PID,-1.6660935323380959,-1.1944171555621452,-1.7469533099754113,-0.013054809632160972,1.1858655142781227,0.36586551427812275,0.09044665753885184,0.30770920270509405,0.1677546577756259,0.45,-0.03624795288773141,0.27994580684322795,0.33547259856696016,2.8712390445459275,3.4407446006867706,2.8712390445459275,3.4407446006867706,-0.011806503785213973,-0.01403339792447289,0.49957486607982937,0.6104218605528673,0.0015845767292586362,1.1115813033619553,113.69732667748974,FOLLOWING,WALKING,0.31202513693788675
45.0,PID,-1.6569709841876028,-1.207040661104822,-1.7471568557699357,-0.028084576394969907,1.184126385155213,0.3641263851552131,0.09009182076288291,0.30648135784606106,0.1670936464932888,0.45,-0.03592557139323332,0.2788273593514218,0.33413535634070035,2.8597677882197106,3.427029295802055,2.8597677882197106,3.427029295802055,-0.011471256326216928,-0.013715304884715618,0.49591679596389693,0.6059506302608715,0.001590491311760377,1.1034579175365287,113.75249957336656,FOLLOWING,WALKING,0.3109751584762344
45.05,PID,-1.6477833463240645,-1.2195532147377035,-1.7472301737140845,-0.04305223105490901,1.1824004994533153,0.3624004994533153,0.08974691120482459,0.30527471208095835,0.16644816007038618,0.45,-0.035615842775072744,0.27772754158930946,0.33282188257260725,2.8484876060441993,3.413557769975459,2.8484876060441993,3.413557769975459,-0.0112801821755113,-0.013471525826596054,0.49279644379109677,0.6021285844934713,0.001547136395172923,1.0964721646797408,113.80732318160055,FOLLOWING,WALKING,0.30997094160728944
45.1,PID,-1.6385307045523414,-1.2319566267686564,-1.747180328484354,-0.057959208677192356,1.1806965046465256,0.3606965046465257,0.08940474301417001,0.3040910703746433,0.1658094182306986,0.45,-0.0352779345144315,0.27664961165746266,0.3315325290918239,2.8374319144355145,3.4003336317110144,2.8374319144355145,3.4003336317110144,-0.011055691608684803,-0.013224138264444463,0.4896454885697449,0.598267748761705,0.0015250955448701921,1.0894383328763202,113.86179509824437,FOLLOWING,WALKING,0.3090129078364877
45.15,PID,-1.6292130688441444,-1.2442526979305466,-1.7470072204716192,-0.07281571866855349,1.1790142825538594,0.3590142825538595,0.0890606934605469,0.3029306216938775,0.16517037238490512,0.45,-0.03491856612898836,0.2755949250641757,0.33026631832357933,2.8266146160428276,3.3873468546008136,2.8266146160428276,3.3873468546008136,-0.010817298392686858,-0.012986777110200798,0.4865406678063266,0.5944549816442524,0.001519940740618718,1.0825155901911978,113.91592087775393,FOLLOWING,WALKING,0.30810145928458077
45.2,PID,-1.6198303744168432,-1.2564432172273399,-1.7467142300971865,-0.08762069933068761,1.1773444944195814,0.3573444944195815,0.08875734637873123,0.3017840287405453,0.1645885176188422,0.45,-0.034583549371434465,0.2745446290746269,0.32902342840646365,2.815842349483353,3.374599265707319,2.815842349483353,3.374599265707319,-0.010772266559474719,-0.012747588893494477,0.4838767941442544,0.5912075518349181,0.001379039233186958,1.0764633852123595,113.96974404701454,FOLLOWING,WALKING,0.3072369785188517
45.25,PID,-1.61038248285133,-1.2685299598060682,-1.746296743099475,-0.10235381563590469,1.175689411015758,0.35568941101575813,0.08845162184312327,0.3006489134709095,0.16401164703242746,0.45,-0.034257535486542104,0.27350498588704275,0.32779284105477624,2.8051793424312077,3.361977856972064,2.8051793424312077,3.361977856972064,-0.01066300705214518,-0.01262140873525519,0.48134701525839296,0.588120986902477,0.0013624343280352429,1.0708304364889052,114.02328556883899,FOLLOWING,WALKING,0.3064198283925379
45.3,PID,-1.6008691832477144,-1.2805146848544124,-1.7457669086017897,-0.11702532082303023,1.1740696254355576,0.35406962543555764,0.08812538879268339,0.29954273712738955,0.16341098677376067,0.45,-0.03384793423238538,0.2724982188163322,0.3265872554384469,2.7948535263213556,3.349612876291763,2.7948535263213556,3.349612876291763,-0.01032581610985206,-0.012364980680300786,0.47810087248989497,0.5841500069900307,0.0014134245924171931,1.0636643040723428,114.0764687840426,FOLLOWING,WALKING,0.30565035189252876
45.35,PID,-1.5912901934174581,-1.2923991335239389,-1.745120962705395,-0.13163635806439142,1.172477228361786,0.35247722836178597,0.08782974174774494,0.2984658699981302,0.16285138684882708,0.45,-0.03340793582585638,0.2715139654746493,0.3254177745216111,2.784758620252813,3.337618200221652,2.784758620252813,3.337618200221652,-0.010094906068542464,-0.011994676070111066,0.4748922717544402,0.5802442871017082,0.0013122953835255475,1.056448854239674,114.12929122675459,FOLLOWING,WALKING,0.304928871995402
45.4,PID,-1.581645161110901,-1.3041850268786523,-1.7443593060555957,-0.14619317417391176,1.1709116646751243,0.35091166467512436,0.08754542740045945,0.29741733911351764,0.16231248720337355,0.45,-0.03294667016547945,0.2705546224813593,0.324280055745676,2.7749192049370186,3.3259492896992406,2.7749192049370186,3.3259492896992406,-0.009839415315794575,-0.01166891052241148,0.4717855358491302,0.5764666229725358,0.0012595700420148116,1.0495117288636808,114.18176681319777,FOLLOWING,WALKING,0.3042556915318586
45.45,PID,-1.5719336652789173,-1.3158740638688748,-1.7434820165873302,-0.1606856045821782,1.1693677881212738,0.3493677881212739,0.08727143193934706,0.29639133473291795,0.16179299486202905,0.45,-0.0324914595660164,0.26961459408325217,0.32316807538258374,2.7652778880333555,3.3145443628982947,2.7652778880333555,3.3145443628982947,-0.0096413169036631,-0.011404926800945958,0.46898425201433175,0.5730618886044082,0.0012103231926818506,1.043256463811422,114.23392963638834,FOLLOWING,WALKING,0.30363109305961455
45.5,PID,-1.5621552173677762,-1.3274679193301189,-1.7424921455839708,-0.1751196648097437,1.1678566749844805,0.3478566749844806,0.08700572039724497,0.295394488236979,0.1612899746242334,0.45,-0.031992236263383725,0.26870099743666837,0.32208797903728964,2.7559076660171113,3.303466451664509,2.7559076660171113,3.303466451664509,-0.009370222016244156,-0.011077911233785542,0.46594741067176676,0.5693774393282637,0.001168302548009423,1.0364931525480399,114.28575429401573,FOLLOWING,WALKING,0.3030553387448008
45.55,PID,-1.5523092626460404,-1.338968242006996,-1.741390007995743,-0.1894989455200485,1.166373828313465,0.3463738283134651,0.08675648379700163,0.29442536098330496,0.16081427136016552,0.45,-0.03147846963790789,0.2678105990731976,0.3210401228934123,2.746775375109719,3.292719209163203,2.746775375109719,3.292719209163203,-0.009132290907392537,-0.010747242501305987,0.4630280092837941,0.5658444116752477,0.0011015981826441364,1.029974019141686,114.33725299497281,FOLLOWING,WALKING,0.3025286702519232
45.6,PID,-1.5423951815627537,-1.3503766526017837,-1.7401758573319068,-0.20382271106348177,1.1649168175574585,0.3449168175574585,0.08651838231571674,0.2934805387512273,0.16035978078170737,0.45,-0.03096405364399743,0.26694099503185476,0.3200200824705999,2.7378563593010745,3.2822572561087164,2.7378563593010745,3.2822572561087164,-0.008919015808644293,-0.010461953054486717,0.46030748252483017,0.5625571362543875,0.001049500937216211,1.0239141197164339,114.38844870095863,FOLLOWING,WALKING,0.3020513086424273
45.65,PID,-1.5324122911358864,-1.3616947418476957,-1.7388514750391368,-0.21809001839003805,1.1634874887873607,0.3434874887873608,0.08628826852029481,0.29255964024063297,0.15992191434497255,0.45,-0.0304410084307483,0.26609256341654003,0.3190267170647259,2.7291544965798975,3.272068892971548,2.7291544965798975,3.272068892971548,-0.008701862721177012,-0.010188363137168643,0.45765159485990836,0.5593515656492085,0.0010083519185767032,1.0180115124276936,114.43934927658002,FOLLOWING,WALKING,0.30162345428191095
45.7,PID,-1.5223598463703063,-1.372924068606628,-1.7374189729455107,-0.23230001606969086,1.162088163680065,0.3420881636800651,0.08606569725183588,0.29166426397932554,0.15949931896152839,0.45,-0.029901017048085014,0.26526712669119257,0.3180614012674585,2.720688478884026,3.26216821812778,2.720688478884026,3.26216821812778,-0.008466017695871297,-0.009900674843767998,0.4549766437063117,0.5561258743495768,0.0009706129323211267,1.0120731309882096,114.48995293312943,FOLLOWING,WALKING,0.30124528675602363
45.75,PID,-1.5122370417045603,-1.3840661579912426,-1.7358776241634835,-0.24645387657131188,1.1607211797624248,0.3407211797624249,0.08585150001949526,0.2907969498963644,0.15909261516264556,0.45,-0.029337522535123665,0.26446712208694656,0.31712677770578224,2.712483303455862,3.25258233544392,2.712483303455862,3.25258233544392,-0.008205175428164235,-0.009585882683859737,0.4522464147628135,0.5528362457452204,0.0009317314218363211,1.00601439192987,114.54025365272592,FOLLOWING,WALKING,0.3009169647950883
45.8,PID,-1.502043012485664,-1.3951224995114193,-1.734227028983759,-0.26056311932395476,1.1593863950211016,0.3393863950211017,0.08564890585698004,0.28995836428116895,0.15870609916774284,0.45,-0.028756320439218885,0.2636925048689075,0.3162242236934304,2.7045385114759743,3.2433253712146706,2.7045385114759743,3.2433253712146706,-0.007944791979887622,-0.009256964229249487,0.4495429205107699,0.5495837490045276,0.0008833312197641276,1.0000100007350614,114.59025415276267,FOLLOWING,WALKING,0.3006386262074763
45.85,PID,-1.4917768364714354,-1.4060945452448337,-1.732472702844364,-0.27460934995082076,1.1580735748166224,0.3380735748166225,0.08545343051976784,0.28913926446496196,0.1583340938694581,0.45,-0.028206338842299557,0.26293497192956666,0.31534355700035727,2.6967689428673505,3.2342928923113563,2.6967689428673505,3.2342928923113563,-0.007769568608623878,-0.009032478903314267,0.44728038497369144,0.5468640280609101,0.0008481761541871912,0.9949925891887887,114.64000378222211,FOLLOWING,WALKING,0.3004103878217645
45.9,PID,-1.481437535359636,-1.416983708031806,-1.7306126971783644,-0.2886033349655635,1.1568030287212019,0.33680302872120194,0.08527472655610957,0.28835312184599066,0.15798938343645466,0.45,-0.027591347116844366,0.26220587888725744,0.3145003648047239,2.6892910655103326,3.225644767227937,2.6892910655103326,3.225644767227937,-0.007477877357017881,-0.008648125083419167,0.4444935997481514,0.5435241688877634,0.000784232478350343,0.9888020011142652,114.68944388227781,FOLLOWING,WALKING,0.3002323454376982
45.95,PID,-1.4710240763435993,-1.4277913596942164,-1.728642530612515,-0.30255356982026677,1.1555650252532317,0.33556502525323173,0.08510968392910967,0.28759740381326937,0.15766916888813404,0.45,-0.02696846601020782,0.26150315636228316,0.3136916512642556,2.682083654997776,3.21735026937698,2.682083654997776,3.21735026937698,-0.007207410512556578,-0.00829449785095715,0.44187359269626003,0.5403916705049158,0.000727026648474311,0.9829922898496501,114.73859349677029,FOLLOWING,WALKING,0.3001045737859806
46.0,PID,-1.4605353736937112,-1.438518829278703,-1.7265732119684216,-0.31644141254588987,1.1543514853545762,0.33435148535457626,0.084962744400493,0.286863082570364,0.1573798908909306,0.45,-0.02637497904204647,0.260816710627915,0.31290945451281305,2.675043185927333,3.2093277385929544,2.675043185927333,3.2093277385929544,-0.007040469070442867,-0.008022530784025594,0.4396798675931381,0.537784993346676,0.000655582170773177,0.9781204431105872,114.78749951892581,FOLLOWING,WALKING,0.30002712649690544
46.05,PID,-1.4499702903645342,-1.4491674013240112,-1.7244008234840873,-0.33027996092914375,1.1531842266245513,0.3331842266245514,0.08482177721678985,0.28616526819462657,0.15710583067741285,0.45,-0.025708422064906002,0.26016425321751474,0.3121662831717384,2.6683513150514333,3.201705468428086,2.6683513150514333,3.201705468428086,-0.006691870875899841,-0.007622270164868272,0.43690569567919274,0.5344809336827416,0.0006200129880048665,0.9720066423499393,114.8360998510433,FOLLOWING,WALKING,0.30000003607784675
46.1,PID,-1.4393276396270416,-1.4597383141527966,-1.7221254182292214,-0.34406924218866647,1.1520508763859607,0.33205087638596076,0.08469372483505322,0.28549970701748284,0.15685490126007565,0.45,-0.025039310260425714,0.2595402208589403,0.3114591931760254,2.661950983168618,3.19445326334385,2.661950983168618,3.19445326334385,-0.006400331882815191,-0.007252205084236074,0.43437429008359035,0.5314737596515741,0.0005667769293073574,0.9664148266644719,114.88442059237651,FOLLOWING,WALKING,0.3000233138996142
46.15,PID,-1.4286061867258917,-1.4702327581877999,-1.7197475983964718,-0.35780656373658776,1.1509526757080983,0.3309526757080984,0.0845747692356813,0.28486492015758863,0.15662213840685155,0.45,-0.024362744985726763,0.2589439562512547,0.31078588406392255,2.6558354487308176,3.187547528860744,2.6558354487308176,3.187547528860744,-0.006115534437800552,-0.006905734483106052,0.43196405678092686,0.528614654430294,0.0005249637477164265,0.9611036749589372,114.93247577612446,FOLLOWING,WALKING,0.30009695019168037
46.2,PID,-1.417804650561287,-1.4806518742928014,-1.7172670132924357,-0.3714946300947973,1.1498936297287434,0.3298936297287435,0.08446281212067297,0.2842634048729315,0.1564041114598036,0.45,-0.02366274339802875,0.258378524426334,0.310148285319529,2.6500361479624,3.1810080545592716,2.6500361479624,3.1810080545592716,-0.0057993007684173925,-0.006539474301472392,0.42951015793539665,0.525702697037801,0.0004910444773535553,0.9557038994505513,114.98026097109698,FOLLOWING,WALKING,0.30022091404628193
46.25,PID,-1.4069217053954175,-1.4909967521383973,-1.714685307450154,-0.38513741851223793,1.1488722727307128,0.32887227273071284,0.08436160231343837,0.2836946139079281,0.1562052783111964,0.45,-0.02295091064179746,0.2578426403474251,0.3095465874684311,2.6445399009992316,3.1748367945480114,2.6445399009992316,3.1748367945480114,-0.005496246963168527,-0.006171260011260227,0.4271399073109275,0.5228938593508473,0.0004472465373457861,0.9504810131991206,115.02778502175694,FOLLOWING,WALKING,0.30039515343139256
46.3,PID,-1.3959559825831975,-1.5012684285930278,-1.7120011586960822,-0.39873301927653315,1.1478864493136067,0.3278864493136068,0.08427983784435344,0.283155854928924,0.15603791773132505,0.45,-0.022239333335868968,0.2573315795443897,0.3089801303134583,2.63929825173733,3.169026977573931,2.63929825173733,3.169026977573931,-0.005241649261901848,-0.005809816974080562,0.4249351332769302,0.5202954345705311,0.00037605018806545184,0.9456066180355267,115.07506535265871,FOLLOWING,WALKING,0.30061959521256265
46.35,PID,-1.384906072327281,-1.5114678861395048,-1.7092177778354452,-0.41228208848747167,1.1469389182257765,0.3269389182257766,0.08420772314948288,0.282648084800305,0.15589031236469522,0.45,-0.021515816788430862,0.25684823810394797,0.30844793149666205,2.6343409036302354,3.163568528170893,2.6343409036302354,3.163568528170893,-0.0049573481070943615,-0.005458449403037857,0.422745322702868,0.5177185056549004,0.00033134755263309056,0.9407951759104015,115.12210511145423,FOLLOWING,WALKING,0.30089414518361646
46.4,PID,-1.3737705254573007,-1.521596051317422,-1.706332335243912,-0.4257849030516863,1.1460311950769713,0.3260311950769713,0.08414846177070734,0.2821728489977673,0.15576612184672423,0.45,-0.0207763189497195,0.2563935558321344,0.30795214216340017,2.629677495714199,3.1584835093682067,2.629677495714199,3.1584835093682067,-0.004663407916036366,-0.005085018802686303,0.42054702110356196,0.5151368382674656,0.0002785633251044977,0.935962422696132,115.16890323258903,FOLLOWING,WALKING,0.3012186881061939
46.45,PID,-1.3625478552331898,-1.5316537931919973,-1.7033463770250346,-0.4392430290856697,1.1451634948739924,0.32516349487399243,0.0840981534735381,0.2817308288074939,0.15566010936826444,0.45,-0.020023409673888513,0.2559690807070461,0.3074925769079417,2.625323904687652,3.1537700195686327,2.625323904687652,3.1537700195686327,-0.004353591026546866,-0.004713489799573978,0.4183793444071209,0.5125936577022625,0.00023762756147691387,0.9312106296708603,115.21546376407257,FOLLOWING,WALKING,0.30159308775812
46.5,PID,-1.3512365391727708,-1.5416419218496857,-1.7002598599385617,-0.45265866506978636,1.1443360127125586,0.32433601271255863,0.0840621480142727,0.2813221578749634,0.1555790116575906,0.45,-0.019259181055941973,0.25557383144563217,0.3070704843042946,2.621270066109048,3.149440864659432,2.621270066109048,3.149440864659432,-0.004053838578604196,-0.0043291549092008275,0.416263227925263,0.5101185234795167,0.0001816862641103238,0.9265634376688899,115.26179193595601,FOLLOWING,WALKING,0.30201718699058216
46.55,PID,-1.3398350209034773,-1.5515611869212822,-1.6970745965946097,-0.46602949513058506,1.1435479054177558,0.3235479054177558,0.08404115565949821,0.28094581818048187,0.15552442707552738,0.45,-0.018489833320767396,0.2552065254994821,0.30668511086148165,2.6175028256357136,3.145488316528017,2.6175028256357136,3.145488316528017,-0.0037672404733344322,-0.003952548131414879,0.41424437901550926,0.5077676695549622,0.00012224499627659077,0.922134293566748,115.30789865063434,FOLLOWING,WALKING,0.3024908077940913
46.6,PID,-1.296185210915977,-1.5887688061200325,-1.6937885338401446,-0.4793597877868338,1.1428032062966718,0.3228032062966718,0.08402591963679118,0.28060474504971883,0.1554840857220094,0.45,-0.017698746122968317,0.25487212886272625,0.3063373612367114,2.6140731165407822,3.1419216537098604,2.6140731165407822,3.1419216537098604,-0.0034297090949313436,-0.0035666628181565407,0.41216470572389424,0.5053421038727066,9.03231139468853e-05,0.9175971327105477,115.35377850726987,FOLLOWING,WALKING,0.3030137513731986
46.65,PID,-1.2699029602035148,-1.6104605885503163,-1.6899782526839087,-0.49424708398943906,1.178506161358256,0.35850616135825597,0.10246026609017878,0.3134421206783965,0.18090903007010523,0.45,0.14328798029506395,0.28350167620179406,0.34338256515499893,2.90770949950558,3.521872463128194,2.90770949950558,3.521872463128194,0.2936363829647979,0.3799508094183337,1.9836904142953689,2.4156611806913895,0.06623426911104982,4.4655858640978074,115.57705780047475,FOLLOWING,WALKING,0.3035857982299368
46.7,PID,-1.246632294662738,-1.6291564554882132,-1.6856625816149442,-0.5104455347994253,1.1926423768743772,0.3726423768743773,0.10922131369333465,0.34128172402807094,0.19369626064115006,0.45,0.17396397290108723,0.3092249928919606,0.3733384551641813,3.171538388635493,3.8291123606582698,3.171538388635493,3.8291123606582698,0.263828889129913,0.30723989753007563,1.913702613958841,2.325589539700146,0.03566647793617521,4.274958631595162,115.7908057320545,FOLLOWING,WALKING,0.30420670825595175
46.75,PID,-1.2325579986387467,-1.6399477557713773,-1.6809246954309796,-0.5275313755474402,1.2017744035091162,0.3817744035091163,0.11356044197447002,0.36068561353251183,0.20302952554572412,0.45,0.17587281605570193,0.3270842270546945,0.3942870000103292,3.3547100210737892,4.043969230875171,3.3547100210737892,4.043969230875171,0.18317163243829615,0.21485687021690136,1.5726489168980222,1.9124896507603784,0.027286968173304057,3.5124255358317042,115.96642700884607,FOLLOWING,WALKING,0.30487622083328425
46.8,PID,-1.2273346484376115,-1.6434568579940303,-1.675954017188087,-0.5447468138735222,1.1993760451930433,0.37937604519304335,0.11256093823416546,0.3645978807708798,0.20447312722692187,0.45,0.126628019932726,0.3307575782148242,0.39843818332693537,3.3923854175879407,4.08654547001985,3.3923854175879407,4.08654547001985,0.037675396514151416,0.042576239144678674,0.7456222685496904,0.9152140273678573,0.004250559603233712,1.6650868555207812,116.0496813516221,FOLLOWING,WALKING,0.30559405494376024
46.85,PID,-1.22357485025044,-1.6458361526660574,-1.6709994526008525,-0.5613073946620627,1.186770027877922,0.3667700278779221,0.10687356285332794,0.35191490824924754,0.19813039260387993,0.45,0.043303379360989706,0.3191243282733054,0.3847054882251897,3.273070033572363,3.9456973151301504,3.273070033572363,3.9456973151301504,-0.11931538401557784,-0.14084815488969937,1.1788804235190045,1.4370683547844612,0.018096314415056547,2.634045092718522,116.18138360625802,FOLLOWING,WALKING,0.3063599092869446
46.9,PID,-1.225357502658371,-1.6439710962294491,-1.6661942196483175,-0.5768193941211417,1.1731970856280338,0.35319708562803387,0.10052047184595536,0.3309717187406506,0.18919740648361677,0.45,-0.025944309997939743,0.29965954796761207,0.3622838895136892,3.0734312612062777,3.7157322001404016,3.0734312612062777,3.7157322001404016,-0.19963877236608507,-0.2299651149897488,1.5117106511479965,1.8419551654276658,0.02433740840795567,3.378003224983618,116.3502837675072,FOLLOWING,WALKING,0.30717346240660737
46.95,PID,-1.2168249007403056,-1.650185186789457,-1.6616870089973588,-0.5909450785772453,1.154621048811744,0.33462104881174415,0.0914671607623947,0.3026643653602474,0.17541002376086376,0.45,-0.10197112379007242,0.2736340064278244,0.33169472429267033,2.8065026300289686,3.401997172232516,2.8065026300289686,3.401997172232516,-0.26692863117730914,-0.31373502790788566,1.708412346353097,2.083065085438822,0.03482560988637646,3.8263030416782957,116.5415989195911,FOLLOWING,WALKING,0.3080343728256504
47.0,PID,-1.2043745649134805,-1.6592937947061919,-1.6573538305103224,-0.6041011844448659,1.1488654848189703,0.3288654848189704,0.0885559389686239,0.28359578857880363,0.1689142271452869,0.45,-0.10486195812446253,0.25564048398625866,0.3115510931713486,2.621953681910345,3.195395827398447,2.621953681910345,3.195395827398447,-0.18454894811862355,-0.2066013448340689,1.2034700568019805,1.4776727877467746,0.015800147496190062,2.696942992044945,116.67644606919333,FOLLOWING,WALKING,0.3089422791894374
47.05,PID,-1.1918181557407497,-1.6683355398143769,-1.6530552558554088,-0.6168278685897042,1.1483125270634142,0.3283125270634143,0.08796285588221475,0.2747904786081679,0.16606147646470934,0.45,-0.08422534146152769,0.2473073042532585,0.3022736529630773,2.5364851718282924,3.1002425944931002,2.5364851718282924,3.1002425944931002,-0.0854685100820527,-0.09515323290534683,0.7441396509881338,0.920018318715473,0.006821740656035134,1.670979710359642,116.75999505471131,FOLLOWING,WALKING,0.30989680041746737
47.1,PID,-1.178681002984686,-1.6776552703762009,-1.648681827557997,-0.6293766095990806,1.148219510880439,0.328219510880439,0.08752611512683384,0.2719384425345873,0.16412669698923896,0.45,-0.06610503754508294,0.24477547418286827,0.2991014108863064,2.510517683926854,3.067706778321091,2.510517683926854,3.067706778321091,-0.025967487901438435,-0.03253581617200929,0.495689757682939,0.6159598467359682,0.004572705091846237,1.1162223095107535,116.81580617018685,FOLLOWING,WALKING,0.31089753586332747
47.15,PID,-1.129409686294426,-1.712754311643859,-1.6441941062418486,-0.641928884380141,1.1488206673542505,0.32882066735425053,0.08747027183069789,0.27275600121440935,0.16316827963873287,0.45,-0.04891684080039378,0.24575165093419907,0.29976035149461966,2.5205297531712723,3.0744651435345607,2.5205297531712723,3.0744651435345607,0.010012069244418331,0.00675836521346973,0.41532193795241523,0.5168153343484269,0.0022519196677151902,0.9343891919685573,116.86252562978527,FOLLOWING,WALKING,0.31194406548285847
47.2,PID,-1.1243399340795928,-1.715650218336458,-1.6389459835938929,-0.6562086216068174,1.188137237315256,0.36813723731525594,0.10595415653693507,0.3105309271296296,0.18813672983256274,0.45,0.1348377720041265,0.2793942983423405,0.3416675559169187,2.865582547100928,3.50428262478891,2.865582547100928,3.50428262478891,0.3450527939296557,0.42981748125434915,2.1818477196526533,2.681581549615528,0.06764374898574675,4.931073018253928,117.10907928069796,FOLLOWING,WALKING,0.3130359500104625
47.25,PID,-1.1164601232921356,-1.7205338764999665,-1.6334049731860012,-0.6708592465268816,1.1778097822134797,0.3578097822134797,0.10064055237005065,0.3193242651297617,0.18395533998656916,0.45,0.059732659715400635,0.2888796563619845,0.3497688738975389,2.962868270379328,3.5873730656157834,2.962868270379328,3.5873730656157834,0.09728572327840013,0.08309044082687356,0.8762387650917609,1.0743718249956125,0.011076321466601025,1.9616869115539743,117.20716362627564,FOLLOWING,WALKING,0.3141727311434781
47.3,PID,-1.1119014577090613,-1.7231190704149473,-1.6253325437109798,-0.6793930327235598,1.1700635908534731,0.35006359085347316,0.0969075939296693,0.31572958534742307,0.1796957300980528,0.45,0.012508232593981795,0.2859899420161953,0.3454692286786508,2.93323017452508,3.5432741402938546,2.93323017452508,3.5432741402938546,-0.029638095854247926,-0.04409892532192883,0.621635927678589,0.7638911264887327,0.011022245407438168,1.39654929957476,117.27699109125437,FOLLOWING,WALKING,0.31535393173454596
47.35,PID,-1.0854157497940058,-1.7404934207154503,-1.6157740332752357,-0.6846384520659013,1.1631747597966837,0.34317475979668377,0.08555976080438055,0.30716255708856394,0.16386904785388898,0.45,-0.02055443522656924,0.2800422296687453,0.33428288450838256,2.8722279966025157,3.42854240521418,2.8722279966025157,3.42854240521418,-0.06100217792256446,-0.11473173507967438,0.8374136832386696,1.0110542579338557,0.03734644824053749,1.8858143894130628,117.37128181072502,FOLLOWING,WALKING,0.31657905599188546
47.4,PID,-1.094100316082095,-1.7341731354307963,-1.606091540295132,-0.6905804806999714,1.1815708288880091,0.3615708288880092,0.0873381783854621,0.31937883443100873,0.1640898679694676,0.45,0.06491024452511239,0.29222196128206185,0.3465357075799556,2.99714832084166,3.554212385435442,2.99714832084166,3.554212385435442,0.12492032423914434,0.12566998022126175,1.052035780692511,1.2594516363180928,0.0005217745479883083,2.312009191558592,117.48688227030294,FOLLOWING,WALKING,0.31784758968739485
47.45,PID,-1.087331050934616,-1.7382419783892094,-1.5953601145507865,-0.699238879449539,1.1624201661530547,0.3424201661530547,0.07479092897682316,0.30745456540568267,0.14576896860300134,0.45,-0.0336329253042168,0.28332980110188594,0.3315793297094794,2.905946677968061,3.4008136380459426,2.905946677968061,3.4008136380459426,-0.09120164287359911,-0.15339874738949932,1.0047815053669507,1.1859880485619891,0.03845690790522217,2.2292264618341617,117.59834359339465,FOLLOWING,WALKING,0.3191590003724918
47.5,PID,-1.073738445728474,-1.7466710451386116,-1.5862546966343467,-0.7090155677657738,1.1565556489356494,0.3365556489356495,0.060387666920250105,0.29615837587696814,0.1229301669665799,0.45,-0.05203755749387353,0.27581343324399915,0.3165033185099371,2.828855725579478,3.246187882153201,2.828855725579478,3.246187882153201,-0.07709095238858277,-0.15462575589274152,0.9482340895592858,1.0962525034500081,0.04042911885814145,2.0849157118674357,117.70258937898801,FOLLOWING,WALKING,0.3205127376016007
47.55,PID,-1.0600216586491598,-1.7550293652687676,-1.5771818018360337,-0.7187191711065001,1.157325277164749,0.33732527716474914,0.05368732897605444,0.2916685579868934,0.10919850733794353,0.45,-0.037202930637182705,0.27359620502246373,0.30974091095132306,2.8061149233073204,3.1768298559110058,2.8061149233073204,3.1768298559110058,-0.0227408022721578,-0.06935802624219534,0.6329659002427676,0.7236530096730647,0.02159246497996623,1.3782113748957983,117.77149994773279,FOLLOWING,WALKING,0.3219082331631944
47.6,PID,-1.0330475339816656,-1.7714193141000134,-1.5680678008287894,-0.728473706391624,1.1581854049441758,0.3381854049441758,0.048213546420652786,0.2908901446026909,0.09769390791859259,0.45,-0.025233723667524913,0.27472180284216385,0.307058486363218,2.8176595163298854,3.1493178088535174,2.8176595163298854,3.1493178088535174,0.011544593022565053,-0.02751204705748833,0.46753053104247255,0.5288291387359628,0.016184581578927777,1.0125442513573633,117.82212716030065,FOLLOWING,WALKING,0.3233449013182923
47.65,PID,-1.006649318828525,-1.787024941818574,-1.558487700321509,-0.7387403668534661,1.172169879571809,0.352169879571809,0.05047543749334271,0.30403237663622046,0.09741577878275082,0.45,0.041849383900920106,0.2879100652476752,0.3201546880247657,2.952923746130002,3.283637825895033,2.952923746130002,3.283637825895033,0.13526422980011654,0.13432001704151553,1.0797164888246717,1.2071555149108193,0.00039015599573089573,2.2872621597312217,117.9364902682872,FOLLOWING,WALKING,0.3248221390463164
47.7,PID,-0.9772875553330658,-1.803976608968359,-1.5482857486164532,-0.7496329794354869,1.1846628842833613,0.36466288428336135,0.05214789545523213,0.3219818985314079,0.09810928300213152,0.45,0.08761174017355114,0.3057448121945551,0.3382189848682607,3.1358442276364626,3.4689126653154942,3.1358442276364626,3.4689126653154942,0.18292048150646067,0.1852748394204613,1.3925594293287475,1.5474001065461909,0.0009797645048025285,2.940939300379741,118.08353723330617,FOLLOWING,WALKING,0.3263393262981999
47.75,PID,-0.9722370128325176,-1.8062361093629924,-1.5374405681772827,-0.7613132968755701,1.1990327042534925,0.37903270425349256,0.05471374892548031,0.3430824836415695,0.10099589022709311,0.45,0.13156436520395076,0.32636766380898563,0.3597973034741534,3.3473606544511347,3.6902287535810605,3.3473606544511347,3.6902287535810605,0.2115164268146721,0.22131608826556626,1.6604241995604583,1.8380920024063225,0.004198110716461986,3.5027143126832425,118.25867294894033,FOLLOWING,WALKING,0.32789582625664393
47.8,PID,-0.9616978343613132,-1.8116923781583203,-1.5265037003474693,-0.772983427926734,1.1879893699149786,0.36798936991497866,0.04429652667716466,0.34146116147998035,0.08670994163843614,0.45,0.05402953376961769,0.3271106661388192,0.3558116568211415,3.354981191167376,3.649350326370682,3.354981191167376,3.649350326370682,0.007620536716241411,-0.040878427210378376,0.6129983677828783,0.6732289449288138,0.01783776626455991,1.304065078976252,118.32387620288914,FOLLOWING,WALKING,0.32949098560341256
47.85,PID,-0.960622996096191,-1.8117476119544285,-1.5157726909375742,-0.7844008872085714,1.1823374939261528,0.3623374939261529,0.037715301967395476,0.3338355426564716,0.07572330462468244,0.45,0.017274781989466987,0.32130333574108666,0.3463677495718565,3.2954188281137093,3.552489739198528,3.2954188281137093,3.552489739198528,-0.0595623630536668,-0.09686058717215396,0.9192559477924208,0.9964452405968892,0.011980000244063952,1.927681188633374,118.4202602623208,FOLLOWING,WALKING,0.3311241347935533
47.9,PID,-0.9603795111447149,-1.8114759684672739,-1.505561322488526,-0.7951934767251878,1.1677467518809552,0.3477467518809553,0.026923155217672523,0.31568492909274626,0.05845014371606502,0.45,-0.05072493504708891,0.3060114303077375,0.32535842787775504,3.138578772387051,3.3370095166949234,3.138578772387051,3.3370095166949234,-0.15684005572665827,-0.21548022250360477,1.4039787735975264,1.4967156846441916,0.014538509820568245,2.9152329680622864,118.5660219107239,FOLLOWING,WALKING,0.3327945883364288
47.95,PID,-0.9456066536246589,-1.8192311690331668,-1.4981343749100298,-0.8089076368509481,1.1532793722431796,0.3332793722431796,0.01683994294981428,0.29334184974971633,0.041078388161072926,0.45,-0.1032219197429459,0.28654337650905876,0.3001403229903739,2.938906425733936,3.078362287080758,2.938906425733936,3.078362287080758,-0.19967234665311517,-0.2586472296141653,1.5093568834207274,1.5835540817614442,0.010275893535272843,3.1031868587174443,118.72118125365976,FOLLOWING,WALKING,0.33450164508344277
48.0,PID,-0.930694311003076,-1.8269050575296786,-1.4916986470180302,-0.8210625589290222,1.1515383287020713,0.33153832870207134,0.01645545203092036,0.2814607074144285,0.03657799321143296,0.45,-0.08817368898037461,0.2754070495379364,0.28751436529092067,2.824687687568578,2.9488652850350836,2.824687687568578,2.9488652850350836,-0.11421873816535788,-0.1294970020456745,0.9733478412377613,1.0183348013041558,0.002370461989200585,1.9940531045311176,118.82088390888632,FOLLOWING,WALKING,0.33624458852233496
48.05,PID,-0.9156409230735747,-1.8344960315448984,-1.485340493353957,-0.8330107146243332,1.1517139388836062,0.33171393888360623,0.022925779634893395,0.2771137757798117,0.0430528825232235,0.45,-0.06800279260593864,0.2699885237222182,0.28423902783740523,2.7691130638176227,2.915272080383643,2.7691130638176227,2.915272080383643,-0.05557462375095534,-0.033593204651440445,0.6176394292063629,0.6527961644017236,0.004014182144036297,1.274449775752123,118.88460639767392,FOLLOWING,WALKING,0.3380226870779282
48.1,PID,-0.8827407063016988,-1.8510421510797044,-1.478962934883293,-0.8449305508349887,1.152185072106533,0.33218507210653303,0.029180960491299146,0.27694483813044785,0.0514289560255949,0.45,-0.0509691920517541,0.2684333459082119,0.2854563303526838,2.7531625221355065,2.9277572343865006,2.7531625221355065,2.9277572343865006,-0.01595054168211618,0.012485154002857435,0.4287686097585675,0.4590264500733331,0.006203127107817127,0.8939981869397178,118.92930630702091,FOLLOWING,WALKING,0.33983519441919585
48.15,PID,-0.8483861913750568,-1.8677877834671923,-1.4721260122620534,-0.8575973792883473,1.1695048088835656,0.3495048088835656,0.04438824285944576,0.29427239635130864,0.07343733404695993,0.45,0.03645087201857949,0.2821185175665368,0.3064262751360805,2.893523257092685,3.1428335911392873,2.893523257092685,3.1428335911392873,0.1403607349571785,0.2150763567527867,1.251790916951537,1.3643483583457439,0.02327380716365059,2.6394130824609316,119.06127696114395,FOLLOWING,WALKING,0.34168134977252373
48.2,PID,-0.8375644583913373,-1.872453400510588,-1.4646218880014863,-0.871340868655882,1.1872388204801765,0.36723882048017653,0.058901541376434885,0.319583792635952,0.09693805209761,0.45,0.1064613311995845,0.3035405450137975,0.33562704025810647,3.113236359115872,3.442328618031861,3.113236359115872,3.442328618031861,0.21971310202318683,0.2994950268925738,1.7508109856303555,1.9426818025180108,0.03280483916244417,3.72629762731081,119.24759184250948,FOLLOWING,WALKING,0.34356037824103347
48.25,PID,-0.8383004694444897,-1.871515631244685,-1.4561835657687106,-0.8845613878953289,1.1812820668518704,0.3612820668518705,0.060478296706176105,0.3257694687441107,0.10392589423217037,0.45,0.05683012237112778,0.30856973324868653,0.3429692042395349,3.1648177769096053,3.51763286399523,3.1648177769096053,3.51763286399523,0.051581417793733486,0.07530424596336882,0.8070316063128942,0.9044462397928107,0.01045753549325951,1.7219353815989644,119.33368861158942,FOLLOWING,WALKING,0.3454714911298345
48.3,PID,-0.806449681926142,-1.8860400895546794,-1.4462046486830884,-0.8956783598411567,1.1644132424481037,0.3444132424481038,0.04949099744800112,0.3125763144348543,0.09194700312559134,0.45,-0.02989533192709798,0.2973590854175689,0.3277935434521397,3.049836773513527,3.3619850610475863,3.049836773513527,3.3619850610475863,-0.11498100339607831,-0.15564780294764358,1.1194239550186889,1.2402927041937146,0.015860493187456363,2.3755771523998597,119.45246746920941,FOLLOWING,WALKING,0.34741388627706704
48.35,PID,-0.8029444899892726,-1.8870677716299207,-1.435713559582147,-0.9070345841723635,1.1790261969826379,0.35902619698263794,0.05442415935857581,0.3187837657978555,0.09859930342346851,0.45,0.04097864104881749,0.3024655810812715,0.33510195051443953,3.1022110880130405,3.4369430821993796,3.1022110880130405,3.4369430821993796,0.052374314499513464,0.07495802115179329,0.7909882586060863,0.8832394920336656,0.009445135327696193,1.683672885967448,119.53665111350777,FOLLOWING,WALKING,0.349386748390598
48.4,PID,-0.804282312491393,-1.88601644149768,-1.425493936009974,-0.9180928460653661,1.166559790131501,0.34655979013150107,0.04462883290790476,0.31000696879552525,0.08591590947750152,0.45,-0.0228888501269277,0.29578788577699877,0.32422605181405173,3.0337219054051157,3.325395403221043,3.0337219054051157,3.325395403221043,-0.0684891826079248,-0.1115476789783365,0.8976754395040039,0.9898009296067062,0.015691756696261237,1.9031681258069713,119.63180951979811,FOLLOWING,WALKING,0.35138924939022803
48.45,PID,-0.7899625528668471,-1.8920182755008215,-1.415859692028559,-0.9284940388276052,1.1501217186842483,0.33012171868424833,0.03275437959785399,0.2907199084843904,0.06818813647048094,0.45,-0.09018081746691975,0.2794347718985258,0.302005045070255,2.8659976604977,3.097487641746205,2.8659976604977,3.097487641746205,-0.16772424490741544,-0.22790776147483793,1.3297557604726444,1.441463911801641,0.017407062793735148,2.7886267350680205,119.7712408565515,FOLLOWING,WALKING,0.353420548755266
48.5,PID,-0.7735766061636303,-1.8987767704912994,-1.406601201794783,-0.9385529293305547,1.1489674423009206,0.3289674423009207,0.029961623573709795,0.28081730879756284,0.06129711947138182,0.45,-0.0754198537108394,0.27067263552504917,0.2909619820700765,2.7761295951287095,2.9842254571289897,2.7761295951287095,2.9842254571289897,-0.08986806536899072,-0.11326218461721549,0.867442917613009,0.9361915897387618,0.006082552688733013,1.8097170600405037,119.86172670955352,FOLLOWING,WALKING,0.35547979387732526
48.55,PID,-0.7557417639570404,-1.9059723259169479,-1.3974039191426662,-0.9485700905046359,1.1501086747814224,0.3301086747814225,0.028290886513857028,0.2781614595539466,0.05664425598477772,0.45,-0.05380606298024654,0.2687868351884659,0.2875360839194273,2.756788053215035,2.9490880401992543,2.756788053215035,2.9490880401992543,-0.019341541913674654,-0.03513741692973538,0.5396873081192861,0.5807359001135972,0.0037952350617231775,1.1242184432946065,119.91793763171825,FOLLOWING,WALKING,0.3575661204181947
48.6,PID,-0.7191562901890491,-1.9206104452571053,-1.3880293387812583,-0.958753176604762,1.152540394853887,0.3325403948538871,0.027751033907569944,0.28041771374773095,0.05417681301444478,0.45,-0.03126916080574738,0.27145145119384034,0.28938397630162155,2.784117448141952,2.968040782580734,2.784117448141952,2.968040782580734,0.027329394926917328,0.01895274238147948,0.5275963648638891,0.5657255920184968,0.0019249660285565972,1.0952469229109423,119.97269997786378,FOLLOWING,WALKING,0.3596786526726302
48.65,PID,-0.6901995800091483,-1.9316414259071337,-1.378051687121669,-0.9696833463961502,1.1715632976465173,0.3515632976465174,0.03691732032731021,0.30017823003654975,0.06569132815950988,0.45,0.05931082685909513,0.28930631522615086,0.31105014484694865,2.9672442587297523,3.19025789586614,2.9672442587297523,3.19025789586614,0.18312681058780012,0.22221711328540605,1.4011350277523957,1.5107110653300535,0.01089221461908712,2.922738307701536,120.11883689324885,FOLLOWING,WALKING,0.3618165039359207
48.7,PID,-0.6635786492516722,-1.9413494197689083,-1.367314883884497,-0.9813821117381842,1.182583556454086,0.36258355645408613,0.04118871719211903,0.32013655714486294,0.07262814161135142,0.45,0.09475158370339941,0.3081165997081843,0.3321565145815416,3.1601702534172746,3.406733482887606,3.1601702534172746,3.406733482887606,0.19292599468752236,0.21647558702146608,1.505949456713744,1.6284866994687608,0.007254833323851406,3.141690989506356,120.27592144272417,FOLLOWING,WALKING,0.36397877687606905
48.75,PID,-0.6570789631969164,-1.9431075780253508,-1.356407324249688,-0.99344048582145,1.1902864867009713,0.3702864867009713,0.0440616108386388,0.3360778599045537,0.07802112892117602,0.45,0.10779912837494826,0.32316536306809907,0.3489903567410083,3.3145165442881956,3.5793882742667518,3.3145165442881956,3.5793882742667518,0.154346290870921,0.17265479137914586,1.3683743153583494,1.4834131765536611,0.0060590441976496575,2.85784653610966,120.41881376952965,FOLLOWING,WALKING,0.3661645639104343
48.8,PID,-0.647452744035086,-1.946054375145471,-1.3455974353118516,-1.0053383550198087,1.1793759971221087,0.35937599712210877,0.03622471285769435,0.33228025215406454,0.06860335015959523,0.45,0.036077165985461755,0.3209263977026515,0.34363410660547755,3.291552796950272,3.5244523754407955,3.291552796950272,3.5244523754407955,-0.022963747337923834,-0.054935898825956286,0.7153970505909958,0.7709412817134496,0.00930371290713162,1.4956420452115768,120.49359587179022,FOLLOWING,WALKING,0.36837294758667594
48.85,PID,-0.6459383178208783,-1.9460909139738838,-1.335183810923515,-1.0168447949672186,1.171474558186816,0.35147455818681606,0.03035602020129069,0.3218529076668622,0.05986950174461419,0.45,-0.0066261418466297545,0.31194450512812855,0.33176131020559585,3.1994308218269594,3.4026801046727777,3.1994308218269594,3.4026801046727777,-0.09212197512331244,-0.12177227076801778,1.0348446672983893,1.1047344880477743,0.007529632602018239,2.147108787948182,120.60095131118763,FOLLOWING,WALKING,0.3706030009678417
48.9,PID,-0.6368644110149457,-1.948891405836558,-1.3253472045036723,-1.0276620016987397,1.1569605436017454,0.33696054360174543,0.02066910841994285,0.30278838846335104,0.045017217737464095,0.45,-0.06903005481468558,0.29533803892780075,0.31023873799890134,3.029108091567187,3.1819357743477057,3.029108091567187,3.1819357743477057,-0.1703227302597723,-0.220744330325072,1.3975550524013138,1.4709836672427246,0.0096279624438994,2.878166682087938,120.74485964529202,FOLLOWING,WALKING,0.3728537880214356
48.95,PID,-0.6190610661829857,-1.9546194990579095,-1.3156907019217825,-1.038164722388347,1.1500748549456077,0.33007485494560773,0.015873104727194387,0.28723908488759226,0.03568698577724365,0.45,-0.08414047284246236,0.28133288874145845,0.29314528103372606,2.88546552555342,3.0066182670125747,2.88546552555342,3.0066182670125747,-0.14364256601376724,-0.17531750733513096,1.1656190433592346,1.216745733356559,0.004794737115784177,2.387159513831578,120.8642176209836,FOLLOWING,WALKING,0.37512436401230376
49.0,PID,-0.6010972032325795,-1.9602183914112683,-1.306317315446472,-1.0484314991512171,1.15116558629505,0.3311655862950501,0.016690251070846873,0.2814050070002576,0.034285950918710575,0.45,-0.060830350879573926,0.275730682123211,0.2870793318773042,2.8280069961354974,2.944403403869787,2.8280069961354974,2.944403403869787,-0.0574585294179224,-0.0622148631427879,0.6994333518403876,0.7302772580892318,0.0006917156984890123,1.4304023256281082,120.935737737265,FOLLOWING,WALKING,0.3774137758991737
49.05,PID,-0.5829725210721273,-1.9656848754151357,-1.2969255368987427,-1.0587103226414767,1.152688485050587,0.332688485050587,0.017683489122243823,0.2810904162146734,0.034293024854580856,0.45,-0.0407469191617049,0.2754149206012403,0.2867659118281065,2.824768416422977,2.941188839262631,2.824768416422977,2.941188839262631,-0.003238579712520284,-0.0032145646071559675,0.44775288285879883,0.4682611230128965,3.4932478841171984e-06,0.9160174991195794,120.98153861222097,FOLLOWING,WALKING,0.3797210627346793
49.1,PID,-0.5272234082718814,-1.982458127398823,-1.287387490335663,-1.0691002554630518,1.1542667578107315,0.33426675781073156,0.019080299447716276,0.28359649123026814,0.0355891951123609,0.45,-0.024838196801493406,0.2777064794391724,0.28948650302136386,2.848271583991512,2.969092338680655,2.848271583991512,2.969092338680655,0.023503167568534877,0.027903499418024058,0.5522972668274511,0.577877517398255,0.0006642670493228519,1.1308390512750288,121.03808056478472,FOLLOWING,WALKING,0.3820452560687045
49.15,PID,-0.5111347760896239,-1.9865719173096321,-1.276726355811361,-1.080788278150983,1.1883063720635823,0.3683063720635823,0.03948642724260698,0.3170871390149334,0.0636333950156749,0.45,0.1304005092073869,0.30655581213983923,0.3276184658900276,3.1441621757932228,3.3601893937438723,3.1441621757932228,3.3601893937438723,0.29589059180171073,0.39109705506321735,2.1825068722903693,2.3368166058815363,0.025697486164985753,4.545020964336891,121.26533161300155,FOLLOWING,WALKING,0.38438538035487574
49.2,PID,-0.4933061957236763,-1.9910411739350526,-1.2657577099085429,-1.0926984135206328,1.1859909223549356,0.3659909223549357,0.038952080542700496,0.33072308443257964,0.06666259472306298,0.45,0.09152441846371613,0.3196904250059127,0.34175574385924656,3.278876153906797,3.505187116505093,3.278876153906797,3.505187116505093,0.13471397811357422,0.1449977227612207,1.2313541636818546,1.321102902189511,0.002907854098975349,2.555364919970341,121.39309985900006,FOLLOWING,WALKING,0.3867404533600352
49.25,PID,-0.4998376319671102,-1.988640767073402,-1.2544931168475693,-1.1048327531441002,1.1847789063599559,0.3647789063599559,0.04060747122732533,0.33483909465091494,0.07110653558021823,0.45,0.06605617602378727,0.3230709630123888,0.3466072262894411,3.313548338588603,3.554945910660934,3.313548338588603,3.554945910660934,0.034672184681805884,0.049758794155840835,0.7375879222963954,0.7964713754223522,0.004550302636930278,1.5386096003556777,121.47003033901784,FOLLOWING,WALKING,0.38910948657651623
49.3,PID,-0.44903123282362667,-2.0017380789335144,-1.2439848318005648,-1.1161218226827763,1.1621624268344841,0.34216242683448417,0.03060693968893624,0.3149722728186824,0.05891271653337507,0.45,-0.04798869261352725,0.3052222182324088,0.324722327404956,3.1304842895631673,3.3304854092815996,3.1304842895631673,3.3304854092815996,-0.1830640490254356,-0.22446050137933415,1.4866369426108808,1.5856121596134782,0.010344542471510138,3.0825936446958693,121.62416002125262,FOLLOWING,WALKING,0.39149148563705666
49.35,PID,-0.4597474486557139,-1.9983379511469537,-1.232925552200145,-1.1280979589066302,1.1900703247547852,0.3700703247547853,0.049342402288566456,0.3298045086311674,0.08385170367732683,0.45,0.08536357061078069,0.3159270516725698,0.343681965589765,3.2402774530519975,3.5249432368181024,3.2402774530519975,3.5249432368181024,0.10979316348883028,0.19445782753650276,1.278468507620048,1.3968054738532052,0.03011294246410693,2.7053869239373602,121.75942936744948,FOLLOWING,WALKING,0.39388545073216996
49.4,PID,-0.4515912608159131,-1.9999598303255253,-1.2225500780475638,-1.1393281972077038,1.1640970852532022,0.34409708525320226,0.0375516367857206,0.31254392093254507,0.07055314350600833,0.45,-0.047698668730562915,0.3008673756823007,0.32422046618278944,3.0858192377671867,3.3253381146952763,3.0858192377671867,3.3253381146952763,-0.15445821528481085,-0.1996051221228261,1.3352173825613995,1.4436347995072094,0.01351087522834139,2.7923630572969502,121.89904752031433,FOLLOWING,WALKING,0.3962903770298003
49.45,PID,-0.4321806317775679,-2.0042439699989996,-1.2126786009611776,-1.1499612603467397,1.155449828331059,0.3354498283310591,0.03524276908001123,0.2958595951002377,0.06693385989115944,0.45,-0.07525289206727126,0.2847820412882508,0.30693714891222457,2.9208414491102643,3.148073322176662,2.9208414491102643,3.148073322176662,-0.16497778865692236,-0.17726479251861438,1.2338631471556996,1.3341457037389812,0.0034884377623105737,2.5714972886569916,122.02762238474718,FOLLOWING,WALKING,0.39870525509708643
49.5,PID,-0.4126108667653645,-2.008364076154556,-1.2029488742688215,-1.1604788366071195,1.1571413171737264,0.3371413171737264,0.039443272171623245,0.2896002668349662,0.07203665932032842,0.45,-0.051254704904734855,0.27767819971745183,0.30152233395248057,2.8479815355636084,3.0925367584869803,2.8479815355636084,3.0925367584869803,-0.07285991354665589,-0.05553656368968163,0.7241985082492053,0.7909229682897484,0.005293276186450079,1.520414752725404,122.10364312238345,FOLLOWING,WALKING,0.4011290713240565
49.55,PID,-0.3828019038731543,-2.0144673656306757,-1.1932354054029937,-1.1710099197542685,1.1591132582914183,0.33911325829141836,0.0437673758450543,0.2891264629189417,0.07837728006853291,0.45,-0.03130212890784814,0.2761550230675995,0.30209790277028387,2.832359210949738,3.098440028413168,2.832359210949738,3.098440028413168,-0.015622324613870475,0.005903269926187615,0.45633973416803136,0.5041563504800708,0.007156232757941792,0.9676523174060438,122.15202573825374,FOLLOWING,WALKING,0.403560808349076
49.6,PID,-0.3462158948884124,-2.0215355938065143,-1.1828865706085598,-1.1766484952062966,1.1697106152404828,0.34971061524048286,0.05315969871307269,0.29948473150712995,0.09237563172432485,0.45,0.02221271002776488,0.2841965644567542,0.31477289855750573,2.914836558530812,3.228439985205187,2.914836558530812,3.228439985205187,0.08247734758107406,0.12999995679201914,0.9345772403869346,1.0412018739532645,0.01862073471316468,1.9943998490533636,122.2517457307064,FOLLOWING,WALKING,0.40599944548587047
49.65,PID,-0.3104959241826731,-2.027886269641916,-1.170848265582761,-1.1768302556868215,1.1890550992242126,0.36905509922421265,0.06417302466772956,0.32260983375401575,0.10996194589969459,0.45,0.10244164335007253,0.3044111317076163,0.3408085358004152,3.122165453411449,3.4954721620555405,3.122165453411449,3.4954721620555405,0.2073288948806371,0.2670321768503534,1.6461869471633441,1.8508452230392334,0.027847084722150944,3.5248792549247283,122.42798969345263,FOLLOWING,WALKING,0.4084439591519439
49.7,PID,-0.2933405961474985,-2.0303178991786535,-1.1582203919454617,-1.1807252956257177,1.210166306852801,0.39016630685280107,0.07134178963445381,0.3524400029931967,0.1233581014480156,0.45,0.17279379537885092,0.3320242372035501,0.3728557687828433,3.405376791831283,3.824161731106085,3.405376791831283,3.824161731106085,0.28321133841983404,0.3286895690505447,2.1686294445542793,2.444931216928551,0.023796350138063138,4.637357011620894,122.65985754403366,FOLLOWING,WALKING,0.41089332329821265
49.75,PID,-0.27991713212840763,-2.0319597022287383,-1.1446002070634282,-1.1932126284945186,1.2123632513365712,0.39236325133657124,0.07443480696184546,0.3667361072960293,0.13107614911010532,0.45,0.14444571612409302,0.34504300461830684,0.38842920997375174,3.5389026114698137,3.9838893330641203,3.5389026114698137,3.9838893330641203,0.1335258196385305,0.15972760195803515,1.3721103758191817,1.5552781817804322,0.014567788313208426,2.9419563459128226,122.80695536132929,FOLLOWING,WALKING,0.4133465098396738
49.8,PID,-0.2719591570050921,-2.0326490288495753,-1.1323688190384642,-1.2063329857177867,1.204646617799925,0.38464661779992515,0.0684349359230142,0.36380351675053135,0.1254476245842418,0.45,0.07871447101554785,0.3430419348818393,0.3845650986192234,3.518378819300916,3.9442574217356245,3.518378819300916,3.9442574217356245,-0.02052379216889788,-0.03963191132849575,0.7205228991969435,0.8178165131563934,0.0101676244562462,1.5485070368095832,122.88438071316976,FOLLOWING,WALKING,0.41580248908693107
49.85,PID,-0.26958398306324827,-2.0325405199968802,-1.1207383283564032,-1.2189300977552575,1.192938803819105,0.37293880381910516,0.06618377808942555,0.3492205277798389,0.12280382952322333,0.45,0.009882905876516426,0.32889649399374543,0.3695445615659324,3.373297374294825,3.7902006314454604,3.373297374294825,3.7902006314454604,-0.14508144500609088,-0.15405679029016417,1.3201184034715179,1.4927517149587484,0.004675221474734459,2.8175453399050006,123.02525798016501,FOLLOWING,WALKING,0.41826023017838926
49.9,PID,-0.25043466581459894,-2.0349585912050743,-1.109813840010701,-1.2306198078339827,1.1774657696475133,0.3574657696475133,0.06237942345576353,0.3263337451210985,0.11740828410565549,0.45,-0.060372683771325195,0.3069026741016125,0.34576481614058446,3.1477197343755123,3.5463058065700968,3.1477197343755123,3.5463058065700968,-0.22557763991931257,-0.24389482487536362,1.6480750228251118,1.865246744517239,0.009122136901787647,3.5224439042441387,123.20138017537721,FOLLOWING,WALKING,0.4207187015129449
49.95,PID,-0.22947917804826057,-2.0374281083275805,-1.099240082393602,-1.241772258136741,1.1770698549690506,0.35706985496905064,0.06702380756093351,0.3140139368076274,0.12301499388579273,0.45,-0.04883271792686951,0.2936549553195287,0.33437291829572613,3.0118456955849093,3.429465828674114,3.0118456955849093,3.429465828674114,-0.135874038790603,-0.11683997789598255,1.0624767297846425,1.2183921935064954,0.009931814918251732,2.2908007382093896,123.31592021228768,FOLLOWING,WALKING,0.4231768711829858
50.0,PID,-0.20837712429854446,-2.039694330979541,-1.0887494968689793,-1.2526958924273854,1.1787927140386192,0.35879271403861923,0.07226478692360916,0.30957987962551814,0.1306391654470586,0.45,-0.03050894007685597,0.28795909774402995,0.33120066150700633,2.953426643528512,3.3969298616103214,2.953426643528512,3.3969298616103214,-0.05841905205639719,-0.0325359670637928,0.6661555828823057,0.7752285618773114,0.014342621903841963,1.455726766663459,123.38870655062085,FOLLOWING,WALKING,0.42563370740751905
50.05,PID,-0.17840278987958505,-2.0427066001306198,-1.0781857443039218,-1.2635514899765758,1.1808564928342595,0.3608564928342596,0.07720685434359775,0.3096346346302132,0.13867949463128992,0.45,-0.014716346559129614,0.2866831782687347,0.3325860909916917,2.9403402899357403,3.411139394786581,2.9403402899357403,3.411139394786581,-0.013086353592771882,0.014209533176259725,0.45582011659734045,0.5384405334530278,0.016056414546314065,1.0103170645966824,123.43922240385068,FOLLOWING,WALKING,0.4280881789652459
50.1,PID,-0.12233512030334666,-2.047882849562008,-1.067223026507578,-1.2746495279487333,1.1902487348246789,0.3702487348246789,0.0860522903198302,0.318641668877546,0.1525474706402366,0.45,0.02984711444172629,0.29339506248658687,0.3438882752685052,3.0091801280675576,3.52705923352313,3.0091801280675576,3.52705923352313,0.06883983813181738,0.11591983873654899,0.9011162747496694,1.0671576893755634,0.03046355514812764,1.9987375192733605,123.53915927981434,FOLLOWING,WALKING,0.4305392556274024
50.15,PID,-0.10865618764880884,-2.048362710051534,-1.0550146079330367,-1.2867852865679164,1.22094345689885,0.40094345689885,0.10628377070947781,0.35088658757177615,0.183126620158529,0.45,0.15833752639090712,0.3205791319355396,0.3811940432080127,3.287991096774765,3.9096824944411557,3.287991096774765,3.9096824944411557,0.27881096870720734,0.38262326091802557,2.219289024738851,2.6534945671799615,0.08063793069994825,4.953421522618761,123.78683035594527,FOLLOWING,WALKING,0.4329859085901825
50.2,PID,-0.09839022052625954,-2.048514013079384,-1.0423672577063336,-1.2991148238465229,1.2147404791159324,0.39474047911593246,0.1053142475340999,0.3594184428842471,0.18718802043810923,0.45,0.09621016834006872,0.32843882550174003,0.3903980602667542,3.3686033384793848,4.0040826694026075,3.3686033384793848,4.0040826694026075,0.08061224170461978,0.09440017496145181,0.9902610552140423,1.1923386136507184,0.010947534890996832,2.1935472037557573,123.89650771613306,FOLLOWING,WALKING,0.4354271109065638
50.25,PID,-0.07511300149143552,-2.0495427024335555,-1.029857137671338,-1.311092886869416,1.2052766452338404,0.3852766452338404,0.10258849035029005,0.3530506674834714,0.18648381052444182,0.45,0.03340306222404625,0.3221875968416763,0.3839137381252665,3.3044881727351414,3.9375768012847847,3.3044881727351414,3.9375768012847847,-0.06411516574424336,-0.06650586811782278,0.8550974999254171,1.0338779152843895,0.0018910619727810186,1.8908664771825876,123.99105103999219,FOLLOWING,WALKING,0.4378618379173532
50.3,PID,-0.04989767966540501,-2.050411975859971,-1.0173518113109215,-1.3228350879886102,1.2069981340816645,0.3869981340816645,0.10590752365525613,0.3497263971009129,0.1923860351347327,0.45,0.03362893946518247,0.31788650828611464,0.3815662859157112,3.26037444396015,3.9135003683662686,3.26037444396015,3.9135003683662686,-0.04411372877499131,-0.024076432918516133,0.6831835769337685,0.835376579117879,0.016351280513979417,1.534911436565627,124.06779661182047,FOLLOWING,WALKING,0.44028906768127357
50.35,PID,-0.05123286082125697,-2.0497738952065614,-1.0047229778052431,-1.3344580167716964,1.2105104809965732,0.39051048099657326,0.10981749930131535,0.34981191757689845,0.19919895497729065,0.45,0.04168489920844175,0.31684449052815683,0.38277934462564006,3.24968708234007,3.925941996160411,3.24968708234007,3.925941996160411,-0.010687361620079994,0.012441627794142374,0.511416037659342,0.6337705586579119,0.019542621786935995,1.1647292181041897,124.12603307272568,FOLLOWING,WALKING,0.4427077814039072
50.4,PID,-0.034545554136339335,-2.0500196570887854,-0.9926409149632758,-1.345367170295772,1.1919816312037608,0.3719816312037608,0.10103422957792063,0.33218902064239986,0.1886634102510633,0.45,-0.0490127177057948,0.30096522624584887,0.36341281503895084,3.0868228332907575,3.7273109234764186,3.0868228332907575,3.7273109234764186,-0.16286424904931263,-0.19863107268399238,1.3536622298637655,1.648858807753917,0.02862247387539985,3.0311435114930823,124.27759024830033,FOLLOWING,WALKING,0.44511696386532257
50.45,PID,-0.012227873864238271,-2.050274242354366,-0.98088763710273,-1.3557801971132022,1.1893199096885898,0.36931990968858985,0.10109792595294298,0.32069438459685307,0.18805127703583013,0.45,-0.04994149447727286,0.2895718982474232,0.35181687094628294,2.969968187153058,3.60837816355162,2.969968187153058,3.60837816355162,-0.11685464613769936,-0.11893275992479868,1.0075313143390503,1.2379271133767646,0.0016576190329054257,2.2471160467487206,124.38994605063776,FOLLOWING,WALKING,0.44751560384619504
50.5,PID,0.010210919520494136,-2.050285279390055,-0.9691531893341321,-1.3659775580495197,1.1918992053830249,0.3718992053830249,0.10381138681399638,0.3175547137486391,0.19138780741492947,0.45,-0.027605464636757983,0.28588003162146824,0.3492293958758099,2.932102888425315,3.5818399577006144,2.932102888425315,3.5818399577006144,-0.037865298727743024,-0.026538205851005525,0.5999143265857249,0.7468154024607876,0.009195425764259937,1.3559251548107722,124.4577423083783,FOLLOWING,WALKING,0.4499026945522536
50.55,PID,0.051979829432644634,-2.050076264383244,-0.9572596667678995,-1.376109637865899,1.194751486795012,0.374751486795012,0.10638941156772308,0.31904245733038544,0.19521078485145774,0.45,-0.008982224203927174,0.2867350724374692,0.3513498422233017,2.940872537820197,3.6035881253671964,2.940872537820197,3.6035881253671964,0.008769649394881895,0.021748167666582052,0.5237085526219606,0.6560534113743788,0.010746524532299595,1.1905084885286388,124.51726773280473,FOLLOWING,WALKING,0.45227723403686737
50.6,PID,0.0872170436089403,-2.04925493458146,-0.9445652901876438,-1.3866946993438936,1.21358781072912,0.3935878107291201,0.11771594664879048,0.33725163438423056,0.2114852538828622,0.45,0.07587369043101697,0.30225082486661686,0.37225244390184425,3.100008460170429,3.8179737836086587,3.100008460170429,3.8179737836086587,0.15913592235023222,0.21438565824146227,1.3889283690021326,1.7270527231928963,0.04956206709478391,3.165543159289813,124.6755448907692,FOLLOWING,WALKING,0.45463822562159817
50.65,PID,0.12762759850301747,-2.0477927255202872,-0.9309838161929621,-1.3977658554673171,1.2261977204565278,0.4061977204565278,0.12507914825238364,0.3570737782632184,0.2241621710627804,0.45,0.11466508133679035,0.31997493895232826,0.39417261757410854,3.281794245664905,4.042796077683164,3.281794245664905,4.042796077683164,0.18178578549447577,0.22482229407450527,1.5591131861598562,1.9391090112455605,0.04092026799504507,3.5391424654004617,124.85250201403922,FOLLOWING,WALKING,0.45698467831454204
50.7,PID,0.13639366579036863,-2.0466892997580275,-0.9163827300871177,-1.4093801377076178,1.2422532185973534,0.42225321859735343,0.1340228907939155,0.3797520041827137,0.23939823705174557,0.45,0.1600829552623333,0.3401315959506498,0.41937241241477763,3.4885291892374335,4.3012555119464375,3.4885291892374335,4.3012555119464375,0.20673494357252853,0.25845943426327356,1.8219441436849613,2.2673788529241796,0.05252381765802036,4.141846814267161,125.05959435475256,FOLLOWING,WALKING,0.4593156072262835
50.75,PID,0.15362419875335964,-2.0452765703038938,-0.9017223648166486,-1.4207618112163838,1.2306506846990275,0.41065068469902755,0.12837267029905886,0.37784062957693126,0.2350185771356427,0.45,0.07381355595198319,0.3389450550609824,0.41673620409288015,3.4763595390869986,4.274217477875694,3.4763595390869986,4.274217477875694,-0.012169650150434919,-0.027038034070743677,0.6539289411702389,0.8244732306583028,0.014821940762216107,1.4932241125907577,125.1342555603821,FOLLOWING,WALKING,0.46163003398328867
50.8,PID,0.16053960768670772,-2.044292987236276,-0.887217724353647,-1.431753223960976,1.2262850621112351,0.40628506211123516,0.1266314555750333,0.3706458000437983,0.23360404598353393,0.45,0.03836583425625931,0.33198433043352343,0.4093072696540732,3.4049674916258814,4.198023278503315,3.4049674916258814,4.198023278503315,-0.07139204746111716,-0.07619419937237915,0.9284550440693086,1.1646784194493316,0.004758338884354219,2.0978918024029944,125.23915015050224,FOLLOWING,WALKING,0.4639269871385631
50.85,PID,0.17038036609900925,-2.043219156284753,-0.8732514896273121,-1.442088145346905,1.2136722739016832,0.39367227390168325,0.12025323411330102,0.3540537449346265,0.22506775909845472,0.45,-0.025570917402149326,0.3168050308038322,0.39130245906542077,3.249282367218792,4.013358554517136,3.249282367218792,4.013358554517136,-0.1556851244070896,-0.18466472398617828,1.3741877359803385,1.7157301982670512,0.027665898627548376,3.1175838328749377,125.39502934214597,FOLLOWING,WALKING,0.46620550257940296
50.9,PID,0.19365833838944976,-2.041144394141004,-0.8598811958374963,-1.4517595497559186,1.2043778238567513,0.38437782385675134,0.1154445724328016,0.33663893191026095,0.21739209558382666,0.45,-0.060840895771379175,0.30066054009113763,0.3726173237293843,3.083697847088591,3.8217161408141975,3.083697847088591,3.8217161408141975,-0.16558452013020064,-0.19164241370293889,1.3419111803666417,1.6799924074807648,0.02402825150075629,3.0459318393481625,125.54732593411337,FOLLOWING,WALKING,0.4684646239320669
50.95,PID,0.21702298692044716,-2.038792537976617,-0.8466538236965443,-1.4611086001182076,1.2071951147059707,0.3871951147059708,0.11709758599749842,0.33048768082766355,0.2181453996698508,0.45,-0.03505981896510949,0.29438461718230324,0.36659074447302387,3.019329406997982,3.7599050715181934,3.019329406997982,3.7599050715181934,-0.06436844009060927,-0.061811069296004106,0.7656241241615576,0.9701219919218531,0.002366349421228957,1.7381124655046396,125.6342315573886,FOLLOWING,WALKING,0.47070340296319985
51.0,PID,0.24046982605338826,-2.0361601735911794,-0.8333111179511776,-1.4703167358167846,1.2104243427426322,0.39042434274263227,0.11871803033009715,0.33069976286613395,0.21977566661904552,0.45,-0.013138055431474085,0.2943268900406819,0.367072635691586,3.0187373337505834,3.764847545554728,3.0187373337505834,3.764847545554728,-0.0005920732473985169,0.004942474036534694,0.4770338353227519,0.6117913218351263,0.005159419279578523,1.0939845764374567,125.68893078621048,FOLLOWING,WALKING,0.47292089997784187
51.05,PID,0.29189215052952666,-2.0301145432976915,-0.8197302126966892,-1.4794906703490072,1.2137480429560668,0.3937480429560668,0.1203029189892666,0.3342376121492035,0.221903888765353,0.45,0.004376597702562988,0.29751251855853755,0.37096270573986945,3.051410446754231,3.8047456998960967,3.051410446754231,3.8047456998960967,0.032673113003647725,0.039898154341368564,0.6460556445996064,0.8227520006014072,0.006800555094079716,1.4756082002950932,125.76271119622523,FOLLOWING,WALKING,0.4751161842138488
51.1,PID,0.32645858898441327,-2.0252230587353046,-0.8049516702775943,-1.4892166772386783,1.240520426226689,0.42052042622668895,0.1342910508209486,0.3603747179892937,0.24147011523898965,0.45,0.12121223259874327,0.32041141391724093,0.4003380220613465,3.2862709119717017,4.10603099550099,3.2862709119717017,4.10603099550099,0.23486046521747062,0.30128529560489303,1.8951868997835442,2.388136921082987,0.06803508904389331,4.351358909910425,125.98027914172073,FOLLOWING,WALKING,0.47728833423256795
51.15,PID,0.3466250211781428,-2.021743567749701,-0.7891244780717915,-1.4993491473919065,1.2519552770640132,0.43195527706401327,0.13969755063795847,0.3824202299720808,0.251718416498369,0.45,0.1448588851112496,0.34076083204160074,0.4240796279025609,3.4949828927343662,4.3495346451544705,3.4949828927343662,4.3495346451544705,0.2087119807626645,0.2435036496534808,1.7898753533775522,2.2498158544060636,0.03714748077325481,4.076838688556871,126.18412107614856,FOLLOWING,WALKING,0.4794364383055981
51.2,PID,0.3472055586300311,-2.020954414619935,-0.7728733317752402,-1.5094642116230355,1.2501291355165804,0.4301291355165805,0.13843617546775872,0.38939150034172115,0.2526665396362349,0.45,0.10495490757807005,0.3475751880319243,0.43120781265151803,3.5648737234043515,4.422644232323262,3.5648737234043515,4.422644232323262,0.06989083066998525,0.07310958716879146,0.9626569118032353,1.2170505605830342,0.0034496494904684384,2.1831571218767376,126.29327893224239,FOLLOWING,WALKING,0.48155959479747423
51.25,PID,0.40025468982969387,-2.0120472028378216,-0.7571719550336709,-1.518977060644407,1.2313403057210923,0.41134030572109237,0.12852981061361918,0.37376190891867966,0.2403719101291702,0.45,-0.0008060231892578207,0.333980357792302,0.4135434600450573,3.425439567100533,4.241471385077511,3.425439567100533,4.241471385077511,-0.1394341563038184,-0.181172847245751,1.399270446652876,1.753381348294625,0.04255608353679035,3.1952078784842914,126.45303932616659,FOLLOWING,WALKING,0.483656912544116
51.3,PID,0.39797995947865056,-2.0116516793631884,-0.7407261245384955,-1.5286494284470735,1.2580757542224155,0.4380757542224155,0.14215627087079052,0.38827916635831994,0.25813972108647626,0.45,0.11700727531820743,0.3455570425185081,0.43100129019813177,3.5441747950616214,4.4205260533141715,3.5441747950616214,4.4205260533141715,0.11873522796108826,0.1790546682366605,1.3868760995367728,1.7530459630984778,0.06604671981364538,3.205968782448896,126.61333776528903,FOLLOWING,WALKING,0.4857275112268808
51.35,PID,0.40649605038466485,-2.0096106465638255,-0.7247517189233851,-1.5377744477333999,1.236908533468703,0.41690853346870316,0.13080254780357187,0.374565707275474,0.24441133526350936,0.45,-0.0018700965681378717,0.3341156312893632,0.4150157832615848,3.4268269875832122,4.256572136016254,3.4268269875832122,4.256572136016254,-0.11734780747840912,-0.16395391729791786,1.2942311143954004,1.628797358472277,0.04831737278405993,2.9713458456517374,126.76190505757161,FOLLOWING,WALKING,0.48777052174206476
51.4,PID,0.4304241074513132,-2.0046219288149447,-0.7094591320140256,-1.546275277619921,1.2257042522938328,0.4057042522938329,0.1246480834672567,0.3565172829777492,0.2349475257486342,0.45,-0.05075751249257952,0.31763346746635024,0.3954010984891482,3.257779153501028,4.055395881939981,3.257779153501028,4.055395881939981,-0.16904783408218416,-0.20117625407627227,1.4542748972092514,1.829739473337981,0.03201838026734055,3.316032750814573,126.92770669511233,FOLLOWING,WALKING,0.4897850865656964
51.45,PID,0.45438852087667586,-1.9993261519463292,-0.69433251509158,-1.554450433710059,1.2285827006252725,0.4085827006252726,0.12579909009352713,0.3497413628901083,0.23479648635920375,0.45,-0.026925687085876688,0.3108825443976601,0.38860018138255653,3.188538916899078,3.9856428859749387,3.188538916899078,3.9856428859749387,-0.06924023660195022,-0.0697529959650427,0.8438112654885911,1.0738177721127473,0.0005106746583376065,1.918139712259676,127.02361368072532,FOLLOWING,WALKING,0.4917703601134699
51.5,PID,0.483445917992926,-1.9925990721976305,-0.6791339152326653,-1.5624367385450542,1.231858118109476,0.41185811810947615,0.12688621586780946,0.34937517424188885,0.23546945205324196,0.45,-0.006590198996487297,0.31040497992707733,0.3883453685567004,3.1836408197648955,3.9830294210943626,3.1836408197648955,3.9830294210943626,-0.004898097134182322,-0.002613464880576011,0.5141354038135635,0.662334921011623,0.002281865230451762,1.1787521900556381,127.0825512902281,FOLLOWING,WALKING,0.4937255090956667
51.55,PID,0.5265170252745798,-1.982154170268117,-0.6635282803843842,-1.5703999245291984,1.239609415064388,0.419609415064388,0.13022927263043116,0.3563659884654641,0.239790889306542,0.45,0.028965351384353917,0.3166805962852314,0.3960513806456968,3.2480061157459628,4.062065442519967,3.2480061157459628,4.062065442519967,0.06436529598106722,0.07903602142560429,0.8719362079456618,1.1103132549988408,0.014921874461538627,1.9971713374060414,127.18240985709839,FOLLOWING,WALKING,0.49564971286691684
51.6,PID,0.5642761279052764,-1.9722239246930289,-0.6468842282019582,-1.5786308289743265,1.2592654161871366,0.43926541618713666,0.1395338198046961,0.37734581938612416,0.2530844704309294,0.45,0.10907937901989517,0.33546033952980536,0.41923129924244296,3.4406188669723625,4.299808197358389,3.4406188669723625,4.299808197358389,0.19261275122639976,0.2377427548384219,1.7019253231156095,2.1490952149785176,0.04844734472154786,3.899467882815675,127.37738325123917,FOLLOWING,WALKING,0.49754216377065263
51.65,PID,0.5925769123361756,-1.9640827861183776,-0.6291547967510767,-1.587110696651336,1.2735089058201499,0.4535089058201499,0.14578820074035365,0.3992412395324418,0.2637367546052398,0.45,0.14775327002078012,0.3555928066452746,0.44288967241960897,3.6471057091823034,4.542458178662656,3.6471057091823034,4.542458178662656,0.20648684220994085,0.2426499813042673,1.8623041035407426,2.343896249472172,0.04045534354462384,4.2466556965575375,127.58971603606703,FOLLOWING,WALKING,0.49940206747811194
51.7,PID,0.6071778178162895,-1.9592516157682986,-0.6107238332111009,-1.595624327992593,1.278568076101701,0.45856807610170114,0.14752071969867664,0.41224045158083883,0.26851619747349115,0.45,0.13750789985503517,0.36780102089897604,0.4566798822627016,3.7723181630664206,4.683896228335401,3.7723181630664206,4.683896228335401,0.12521245388411728,0.14143804967274498,1.3891891064756623,1.7505041120167517,0.0184803526803559,3.1581735711727696,127.74762471462566,FOLLOWING,WALKING,0.5012286433217443
51.75,PID,0.6213163373262708,-1.9544777503727429,-0.5923222873186048,-1.6038369622398672,1.2710268431431178,0.4510268431431178,0.14324300625367026,0.4090531684010089,0.2643718065070067,0.45,0.07407473686915889,0.3652996344240993,0.45280670237791854,3.7466629171702492,4.64417130644019,3.7466629171702492,4.64417130644019,-0.025655245896171408,-0.039724921895211374,0.7877560940488034,1.001471171794033,0.015777505824204598,1.8050047716670412,127.83787495320901,FOLLOWING,WALKING,0.5030211246228863
51.8,PID,0.6283654938237982,-1.9517660128703194,-0.5743144604890762,-1.6115946450396212,1.2632765625674962,0.44327656256749626,0.13892109989294793,0.39814935365606285,0.2586586777541234,0.45,0.02367706022520718,0.35534134248775545,0.44095736482437026,3.6445265896180046,4.52263963922431,3.6445265896180046,4.52263963922431,-0.10213632755224467,-0.12153166721587993,1.2164783918591309,1.5334053003085086,0.021279604738463253,2.7711632969061024,127.9764331180543,FOLLOWING,WALKING,0.5047787590135626
51.85,PID,0.6467139741352276,-1.9456451437554665,-0.557102128774324,-1.6187575819746685,1.2498622452085772,0.4298622452085773,0.13162777266640602,0.37910927555065654,0.247932029000628,0.45,-0.040554889403585176,0.3380765247510526,0.4201420263502605,3.4674515359082316,4.3091489882078,3.4674515359082316,4.3091489882078,-0.17707505370977294,-0.2134906510165102,1.6075520226573896,2.0195350314228584,0.03829650897357098,3.6653835630538194,128.15970229620697,FOLLOWING,WALKING,0.5065008087522826
51.9,PID,0.6707398641196054,-1.9374937482329648,-0.540377423224138,-1.625478180114845,1.2474087893194175,0.4274087893194175,0.12972482004569275,0.3667378440012756,0.2435376945569331,0.45,-0.04242801964710015,0.3264323555521032,0.40704333245044805,3.3480241595087508,4.1748034097481845,3.3480241595087508,4.1748034097481845,-0.11942737639948087,-0.13434557845961503,1.1906027568745512,1.5053265061229768,0.015410679545226767,2.711339942542755,128.29526929333412,FOLLOWING,WALKING,0.5081865510336961
51.95,PID,0.6947414947264192,-1.9290174300058331,-0.5237203545770108,-1.6319370156718065,1.2506633433706051,0.4306633433706052,0.1305536852004205,0.3634575297513185,0.24326281748149683,0.45,-0.018773817499511486,0.3231975334581308,0.4037175260445062,3.3148464970064695,4.140692574815448,3.3148464970064695,4.140692574815448,-0.03317766250228127,-0.03411083493273637,0.6933370539350496,0.8865894048079144,0.0009628901543765665,1.5808893488973406,128.374313760779,FOLLOWING,WALKING,0.5098352782919803
52.0,PID,0.7187123826532301,-1.920215222515936,-0.506905510332773,-1.638222994537188,1.2541555130002067,0.4341555130002067,0.1313825987993199,0.3651829650174611,0.24371131830369047,0.45,0.0007219687206286331,0.32484874183820034,0.4055171881967219,3.331781967571285,4.159150648171506,3.331781967571285,4.159150648171506,0.016935470564815702,0.01845807335605798,0.613876268479483,0.7869647216548958,0.0015739880635743347,1.4024149781979531,128.44443450968888,FOLLOWING,WALKING,0.5114462984978305
52.05,PID,0.7859730943682603,-1.895111916515358,-0.4898209305034754,-1.6443721084883722,1.2576401855252033,0.43764018552520334,0.13220561996127467,0.36934347157168707,0.24458568329720856,0.45,0.015895694712076348,0.32886454098599904,0.4098224021573751,3.3729696511384515,4.203306688793591,3.3729696511384515,4.203306688793591,0.04118768356716629,0.04415604062208445,0.7544320108925029,0.9610944361310059,0.003079543095227426,1.7186059901187363,128.5303648091948,FOLLOWING,WALKING,0.5130189354489292
52.1,PID,0.7998676748195265,-1.8888641194704405,-0.47074956784756977,-1.6509513586150935,1.3002003096553363,0.48020030965533633,0.1520550125361878,0.40961953782721694,0.2719757305030477,0.45,0.1996631880480154,0.36460755442896253,0.45463152122547135,3.739564660809872,4.662887397184321,3.739564660809872,4.662887397184321,0.36659500967142034,0.45958070839073084,3.017374712523809,3.7882161726591077,0.10727176460142929,6.912862649784346,128.87600794168398,FOLLOWING,WALKING,0.5145525290537721
52.15,PID,0.8192349565915099,-1.8803748422582147,-0.4510968771419609,-1.657426539458644,1.2926989824165362,0.4726989824165363,0.14741093053846777,0.42062715916861537,0.2692973144217539,0.45,0.12273144682672998,0.3760584536318151,0.46519586470541563,3.857009780839129,4.771239638004262,3.857009780839129,4.771239638004262,0.11744512002925722,0.10835224081994088,1.2987599766503042,1.6327780648503771,0.010386579709389462,2.9419246212100707,129.02310417274447,FOLLOWING,WALKING,0.5160464356087324
52.2,PID,0.8292211148960315,-1.8755252429694864,-0.4313524457795159,-1.6636382149944466,1.2897476162094086,0.46974761620940864,0.1452859964539173,0.4207642806586721,0.26773006821483886,0.45,0.08274451721348695,0.37645495436911625,0.46507360694822797,3.8610764550678587,4.769985712289517,3.8610764550678587,4.769985712289517,0.004066674228729639,-0.00125392571474503,0.6250017150746245,0.7981419435853787,0.006042224647970512,1.4291858833079738,129.09456346690988,FOLLOWING,WALKING,0.517500028068245
52.25,PID,0.8715682304761695,-1.8569061297280027,-0.41212499052567786,-1.6694137445331036,1.2782573350066577,0.4582573350066578,0.1390732475350757,0.4083180123471947,0.25957608479680094,0.45,0.013983486134413158,0.3653581703133242,0.45127785438106527,3.747263285264863,4.628490814164772,3.747263285264863,4.628490814164772,-0.1138131698029956,-0.14149489812474503,1.3460653911024245,1.687086227112392,0.030478738912595112,3.0636303571274115,129.24774498476623,FOLLOWING,WALKING,0.5189126963080017
52.3,PID,0.8696869159988642,-1.8569156127440507,-0.39238560544097456,-1.675052064104809,1.2973132544424921,0.4773132544424922,0.14755403706230233,0.41740113329506867,0.270363343601609,0.45,0.09475316470251839,0.3726559999290024,0.46214626666113495,3.82211281978464,4.739961709344974,3.82211281978464,4.739961709344974,0.07484953451977683,0.1114708951802017,1.1678747990291032,1.474433717251064,0.04199730276620122,2.6843058190463682,129.38196027571854,FOLLOWING,WALKING,0.5202838473810396
52.35,PID,0.8850922795272068,-1.8494284648188861,-0.37337497371261896,-1.6802148671778472,1.2751083874311118,0.4551083874311118,0.13591885381292593,0.4003418484453327,0.25535144070293014,0.45,-0.02379394638211478,0.35808118500899777,0.44260251188166766,3.672627538553823,4.539512942376079,3.672627538553823,4.539512942376079,-0.14948528123081672,-0.20044876696889524,1.5901632914102342,1.9891161668490769,0.055199678873333206,3.634479137132644,129.56368423257516,FOLLOWING,WALKING,0.5216129057666234
52.4,PID,0.9085779327750363,-1.8380043878715988,-0.3549876631613456,-1.6849633278550158,1.2697925299447999,0.4497925299447999,0.1326046199631002,0.3861452241074567,0.249217173530564,0.45,-0.04194905111782328,0.3448997818881484,0.42739066632676503,3.5374336603912657,4.383494013607846,3.5374336603912657,4.383494013607846,-0.13519387816255746,-0.15601892876823253,1.3658484012709011,1.7147753327952153,0.02201421205985045,3.102637946125967,129.71881612988145,FOLLOWING,WALKING,0.5228993136118121
52.45,PID,0.9319725049214992,-1.8262533339685805,-0.33674649930542727,-1.6894306240521417,1.2727998983677926,0.45279989836779266,0.13326784059737945,0.3815361559409323,0.248572967366338,0.45,-0.019487838810733252,0.3403973298418034,0.42267498204006126,3.491254665044137,4.3351280209237055,3.491254665044137,4.3351280209237055,-0.04617899534712855,-0.04836599268414066,0.8085603085914147,1.0259477223465658,0.0023059042248578816,1.8368139351628385,129.8106568266396,FOLLOWING,WALKING,0.5241425309656085
52.5,PID,0.9678485454149007,-1.8078295022638597,-0.3184362818257357,-1.6936749980622356,1.2760753761574752,0.4560753761574753,0.13391053054483862,0.3822698689834695,0.24864889458935727,0.45,-0.0007884119977675744,0.3411184769289308,0.42342126103800815,3.4986510454249315,4.342782164492391,3.4986510454249315,4.342782164492391,0.007396380380794376,0.007654143568685434,0.5923059299959963,0.7572088078049485,0.0002718607690509543,1.349786598569996,129.87814615656808,FOLLOWING,WALKING,0.5253420360055968
52.55,PID,1.0043767467069873,-1.7882787457694098,-0.2993745656979646,-1.697834966043176,1.2913403531288692,0.47134035312886924,0.14038212869723649,0.39650501366587765,0.25721393480710375,0.45,0.0665509373158785,0.35393610745530196,0.43907391987645333,3.6301139226184818,4.503322255143111,3.6301139226184818,4.503322255143111,0.1314628771935502,0.16054009065071995,1.4059016431471079,1.7676792838218083,0.03172388682510419,3.2053048137940205,130.03841139725776,FOLLOWING,WALKING,0.5264973252569698
52.6,PID,1.042410114759543,-1.7670933951006058,-0.279263365743305,-1.7019433606282721,1.3068846781138732,0.48688467811387326,0.14677929237700219,0.4168868924793788,0.2670392219982936,0.45,0.1203047610404068,0.37269190123866125,0.4610818837200964,3.8224810383452437,4.729044961231757,3.8224810383452437,4.729044961231757,0.1923671157267619,0.22572270608864642,1.8628034218255078,2.330320822399166,0.03778181348321215,4.230906057707886,130.24995670014314,FOLLOWING,WALKING,0.5276079138038544
52.65,PID,1.0573469795379988,-1.7578057832083362,-0.2579596706481829,-1.7059932343046422,1.3232782458939838,0.5032782458939838,0.15343616482981498,0.44000076200199273,0.2780266935428391,0.45,0.16596941184400799,0.39398734422065285,0.4860141797833326,4.040895838160542,4.9847608182905905,4.040895838160542,4.9847608182905905,0.2184147998152981,0.25571585705883315,2.15213970815794,2.683062169902769,0.04398926952853711,4.879191147589245,130.49391625752259,FOLLOWING,WALKING,0.5286733354928491
52.7,PID,1.0754207970904588,-1.7465960566647851,-0.23648626096065506,-1.7097700991140772,1.3163267543615045,0.49632675436150453,0.1494189306219118,0.4423936676693808,0.2748149948928602,0.45,0.09886957849541553,0.39691178601461247,0.48787554932414917,4.0708901129703845,5.0038517879399915,4.0708901129703845,5.0038517879399915,0.029994274809842736,0.019090969649401046,0.8118218345559832,1.025884592895884,0.012709770452516225,1.8504161979043834,130.5864370674178,FOLLOWING,WALKING,0.5296931431286843
52.75,PID,1.0852458192489378,-1.7399957955747063,-0.2152072425517168,-1.713213418256597,1.3124238187848676,0.49242381878486763,0.14698341814888055,0.43744103399843076,0.2720979983831478,0.45,0.05994535468922078,0.3924088152660198,0.48247325273084174,4.024705797600203,4.948443617752223,4.024705797600203,4.948443617752223,-0.04618431537018175,-0.05540817018776867,0.9672323052744441,1.216654809924885,0.010645766091457742,2.1945328812907867,130.6961637114823,FOLLOWING,WALKING,0.5306669086619263
52.8,PID,1.0926113578497219,-1.734927782490901,-0.19462264241874522,-1.7162665432005486,1.3007288194245206,0.4807288194245206,0.14084767685638236,0.4224439184550626,0.26355920547641304,0.45,-0.004700620527937578,0.3788248699487162,0.4660629669614089,3.8853832815252947,4.780132994475989,3.8853832815252947,4.780132994475989,-0.1393225160749081,-0.16831062327623414,1.5583432943725772,1.9428702098061703,0.032406875628865524,3.533620379807613,130.87284473047268,FOLLOWING,WALKING,0.5315942233686447
52.85,PID,1.115032104397713,-1.7206037881869893,-0.17502327335107076,-1.7189184265084847,1.2873692606626164,0.4673692606626164,0.13376026407951205,0.40184676238483924,0.2525821745274901,0.45,-0.062448542564173135,0.36004441250053965,0.44364911226913883,3.69276320513374,4.5502473053245005,3.69276320513374,4.5502473053245005,-0.19262007639155465,-0.22988568915148822,1.8095031858560675,2.2530924113754325,0.03992547379585927,4.102521071027359,131.07797078402405,FOLLOWING,WALKING,0.5324746980219689
52.9,PID,1.1373007474332537,-1.7059662949920116,-0.1557934025337717,-1.7212744307566326,1.290056478648336,0.470056478648336,0.13432232907481362,0.39372130295624214,0.25130754982884923,0.45,-0.03688610406288822,0.3521299034595676,0.4353127024529167,3.6115887534314624,4.464745666183761,3.6115887534314624,4.464745666183761,-0.08117445170227766,-0.08550163914073927,1.0433441500727247,1.3126655975344892,0.004612648463521782,2.3606223960707355,131.19600190382758,FOLLOWING,WALKING,0.5333079630554594
52.95,PID,1.1594106529441999,-1.6910177194815297,-0.1365873178474469,-1.7233873100938706,1.293184758532025,0.47318475853202513,0.1348896225350438,0.39271282723445256,0.2509659183877893,0.45,-0.015006729680819841,0.3511779677412734,0.4342476867276317,3.6018253101669067,4.45382242797571,3.6018253101669067,4.45382242797571,-0.009763443264555693,-0.010923238208051522,0.6279235132191286,0.7992241278741623,0.0012346250163228223,1.428382266109614,131.26742101713305,FOLLOWING,WALKING,0.5340936687182287
53.0,PID,1.1953964896663805,-1.6662235840026216,-0.11721616371398924,-1.7252671177071472,1.2964021485220072,0.47640214852200724,0.13546260952325037,0.39547174987002204,0.2511885937523311,0.45,0.0024512668048826177,0.35390003760401123,0.43704346213603285,3.629743975425756,4.482497047549055,3.629743975425756,4.482497047549055,0.02791866525884945,0.02867461957334516,0.735613466646771,0.9313694272466078,0.0008054425682286248,1.6677883364616075,131.35081043395613,FOLLOWING,WALKING,0.5348314852217442
53.05,PID,1.2373357593880645,-1.6363049511239238,-0.09696213856006351,-1.7269693922367904,1.3139399212622211,0.4939399212622212,0.1428791062112169,0.4128403231503467,0.26119025272799745,0.45,0.07907818816475422,0.3696133363238631,0.45606730997683026,3.790906013578083,4.677613435659797,3.790906013578083,4.677613435659797,0.1611620381523271,0.19511638811074228,1.6629277736350025,2.076778990213791,0.03761763603197309,3.7773243998807664,131.53967665395015,FOLLOWING,WALKING,0.5355211028782514
53.1,PID,1.25371472612684,-1.6235132720543868,-0.07524156770659586,-1.728494426302391,1.337374637620701,0.517374637620701,0.15269738395166035,0.44175762503424004,0.2759939135149104,0.45,0.16479373874582537,0.3960806323475224,0.4874346177209577,4.062365459974589,4.999329412522643,4.062365459974589,4.999329412522643,0.27145944639650565,0.3217159768628459,2.543370994701858,3.1580917404929765,0.0588343719589569,5.760297107153791,131.82769150930784,FOLLOWING,WALKING,0.5361622322307618
53.15,PID,1.2615665353449925,-1.616774969167808,-0.05308008252643789,-1.7297420473753522,1.333096348230969,0.5130963482309691,0.14988604643020445,0.4500110289679415,0.27471276645356574,0.45,0.10971464290692211,0.40454606611987637,0.4954759918160066,4.149190421742322,5.081805044266734,4.149190421742322,5.081805044266734,0.08682496176773302,0.08247563174409134,1.2205747249268708,1.5233598210750174,0.005068043329764611,2.749002589331653,131.9651416387744,FOLLOWING,WALKING,0.5367546041745473
53.2,PID,1.2933387675684136,-1.5919928720594771,-0.03143193039907266,-1.7306703615525236,1.3194912999484083,0.49949129994840835,0.14304613310924807,0.43960121900638194,0.26630425384757117,0.45,0.025715209024128736,0.3955278649946089,0.483674573018155,4.056696051226758,4.960764851468256,4.056696051226758,4.960764851468256,-0.0924943705155643,-0.12104019279847833,1.3318457431054416,1.6555679937738206,0.03224480652730665,3.019658543406569,132.11612456594474,FOLLOWING,WALKING,0.5372979700700942
53.25,PID,1.3067336255977609,-1.580640692245695,-0.00955819153093424,-1.731313838752572,1.3320093274017846,0.5120093274017846,0.14831237182428803,0.44368574896555674,0.2729041002361412,0.45,0.07513718383367912,0.3985201203764754,0.4888513775546381,4.087385850015132,5.013860282611673,4.087385850015132,5.013860282611673,0.030689798788374745,0.05309543114341686,0.9267501232654284,1.1646848342167722,0.02593620202132155,2.1173711595035223,132.2219931239199,FOLLOWING,WALKING,0.5377921018474646
53.3,PID,1.3115246942646666,-1.5760391429687042,0.012004112761235496,-1.7316593506021305,1.324887370653915,0.5048873706539151,0.14434023832913462,0.4375855911017715,0.2680120710683463,0.45,0.027270393699642008,0.39322959333996016,0.4819415888635828,4.0331240342560015,4.942990655011106,4.0331240342560015,4.942990655011106,-0.054261815759130805,-0.07086962760056714,1.0439137958842903,1.3064039266787786,0.018880169313420674,2.3691978918764898,132.34045301851373,FOLLOWING,WALKING,0.5382367921020266
53.35,PID,1.3297990367227013,-1.5605795435325893,0.03264478292572039,-1.7317252145325999,1.3088053295944688,0.4888053295944689,0.1361499771490565,0.41900097986047247,0.25631645857605995,0.45,-0.0494900735758466,0.3765806059661345,0.4614213537548104,3.862365189396251,4.732526705177542,3.862365189396251,4.732526705177542,-0.17075884485975035,-0.21046394983356365,1.771489724367627,2.195301268212691,0.04316800283857342,4.0099589954188914,132.54095096828465,FOLLOWING,WALKING,0.5386318541815087
53.4,PID,1.3501922455155406,-1.5429695038822742,0.052804517790545714,-1.7315310713580143,1.3083959640894824,0.4883959640894825,0.13532599995023484,0.4089706140847087,0.25340376970156403,0.45,-0.04040346561110053,0.36703229019909983,0.45090893797031756,3.764433745631793,4.624707056105821,3.764433745631793,4.624707056105821,-0.09793144376445806,-0.10781964907172092,1.2063132149954687,1.5058589658888282,0.010628443307017626,2.7228006241913145,132.6770909994942,FOLLOWING,WALKING,0.5389771222643447
53.45,PID,1.37041138379629,-1.5250413414182016,0.07280896555884511,-1.731089797467218,1.311018833114282,0.49101883311428207,0.13581370650760474,0.4064743389077755,0.2528565368332827,0.45,-0.01997407946753961,0.3646265820618672,0.4483220957536838,3.7397598160191508,4.598175341063423,3.7397598160191508,4.598175341063423,-0.024673929612642365,-0.02653171504239804,0.7445764029081119,0.9391675604767462,0.0019925482739756046,1.6857365116588336,132.76137782507715,FOLLOWING,WALKING,0.5392724514292748
53.5,PID,1.4068888742751395,-1.4921514260845499,0.09289236632537896,-1.730392112493187,1.3138599628787873,0.4938599628787873,0.1363237267690865,0.40812649146471447,0.25291989287644195,0.45,-0.0030788110208571536,0.3662682491936633,0.44998473373576564,3.756597427627316,4.615228038315545,3.756597427627316,4.615228038315545,0.016837611608165215,0.01705269725212144,0.6972943133017643,0.8804487719941343,0.00023074565254442344,1.577973830948443,132.84027651662456,FOLLOWING,WALKING,0.5395177177161745
53.55,PID,1.4356265060629445,-1.4650706655177514,0.11398773508091939,-1.72937823113558,1.3354195773481172,0.5154195773481173,0.14555964565557356,0.42861771010616956,0.26537706159834096,0.45,0.09246083106878868,0.38469780641164414,0.472537613800695,3.945618527298914,4.846539628725076,3.945618527298914,4.846539628725076,0.18902109967159797,0.23131159040953175,1.9326672945955743,2.400160145073628,0.04760419437003608,4.380431634039239,133.0592980983265,FOLLOWING,WALKING,0.5397128181780841
53.6,PID,1.4636782490630982,-1.4376950327412568,0.13608476005252315,-1.7280154273555728,1.3478084174710072,0.5278084174710073,0.15030715381364335,0.44905083548182007,0.273491936002265,0.45,0.1266303447743742,0.4037879200734452,0.4943137508901949,4.1414145648558485,5.0698846245148195,4.1414145648558485,5.0698846245148195,0.19579603755693453,0.2233449957897431,2.029568093036487,2.5128234816115436,0.03195867904048141,4.574350253688512,133.28801561101093,FOLLOWING,WALKING,0.5398576709244205
53.65,PID,1.473683619054663,-1.4267823271652207,0.15907320209382267,-1.72627128018268,1.3589666675795562,0.5389666675795562,0.1545457419472094,0.4672942001249976,0.281171707047776,0.45,0.14786796940163022,0.42076028260859066,0.5138281176414046,4.315490078036827,5.270031975809277,4.315490078036827,5.270031975809277,0.1740755131809788,0.20014735129445782,1.9673588617280726,2.4327011496725643,0.031094414418276435,4.431154425818913,133.50957333230187,FOLLOWING,WALKING,0.5399522151553484
53.7,PID,1.4869148847363856,-1.4126280929354629,0.1818753052995266,-1.7242273659925451,1.3482930621201936,0.5282930621201937,0.14918355760938315,0.4640996095527676,0.27566705888340043,0.45,0.06837315211207357,0.4184767113075648,0.5097225077979703,4.292068833923741,5.22792315690226,4.292068833923741,5.22792315690226,-0.023421244113086104,-0.042108818907017564,0.9169807149272016,1.146277122571723,0.021851282443124283,2.085109119942049,133.61382878829897,FOLLOWING,WALKING,0.5399964111873011
53.75,PID,1.4935990101445813,-1.4049090644189903,0.20416663327263737,-1.7219236015321804,1.3417236715756473,0.5217236715756474,0.1457823335909997,0.45441235165213173,0.2711023788156148,0.45,0.024425740251412,0.40954490795814746,0.499279795346116,4.200460594442538,5.120818413806318,4.200460594442538,5.120818413806318,-0.09160823948120278,-0.10710474309594176,1.333841665345884,1.6543760042932691,0.01781993699868935,3.0060376066378427,133.76413066863086,FOLLOWING,WALKING,0.5399902404696365
53.8,PID,1.504904821762382,-1.392492537573305,0.22549642144124532,-1.7194363281059943,1.3278305883156636,0.5078305883156636,0.13892475781156322,0.4356879481155971,0.2610768995710866,0.45,-0.04207748894783053,0.39247972123658226,0.4788961749946119,4.0254330383239205,4.911755640970378,4.0254330383239205,4.911755640970378,-0.17502755611861787,-0.20906277283593955,1.8592728088636277,2.294769169248002,0.03769086294541218,4.191732841057042,133.9737173106837,FOLLOWING,WALKING,0.5399337055924236
53.85,PID,1.5231100446108252,-1.3725559302872212,0.24599805321636392,-1.7167794389690716,1.3205219032565012,0.5005219032565013,0.1349883678642544,0.41928289697000726,0.2540182423959228,0.45,-0.0649786556396241,0.37724287785348204,0.4613229160865325,3.8691577215741746,4.731517088066999,3.8691577215741746,4.731517088066999,-0.15627531674974593,-0.1802385529033792,1.639095954248253,2.0288999016995506,0.025819598726072333,3.693815454673876,134.15840808341738,FOLLOWING,WALKING,0.5398268302853555
53.9,PID,1.5410468182766133,-1.3523862960118072,0.2661511353651527,-1.7139077845657673,1.3226884979059774,0.5026884979059775,0.13540226603306282,0.4132859978620252,0.2528735171300577,0.45,-0.041150334941210905,0.37143543077700064,0.45513656494704974,3.809594161815391,4.668067332790254,3.809594161815391,4.668067332790254,-0.05956355975878358,-0.06344975527674546,0.9746186817316717,1.2182886366229388,0.004168378139428367,2.1970756964940388,134.2682618682421,FOLLOWING,WALKING,0.5396696594077891
53.95,PID,1.5587105960722776,-1.331989214465723,0.2862546733396794,-1.7107874429966625,1.325162929225139,0.5051629292251391,0.13578677710311107,0.4131018262961369,0.2524524124191677,0.45,-0.021209763449832914,0.37132095204076465,0.45488270055150914,3.8084200209309196,4.665463595400094,3.8084200209309196,4.665463595400094,-0.0011741408844714307,-0.002603737390160177,0.6181575267874749,0.7812581999093859,0.0015308481620916502,1.4009465748589525,134.33830919698502,FOLLOWING,WALKING,0.539462258929916
54.0,PID,1.5997751440342312,-1.2838994333267648,0.30645355958089104,-1.7073905293187401,1.3276415831222845,0.5076415831222846,0.13618359035428565,0.41588517002446346,0.25250126479442375,0.45,-0.005637538343428757,0.3740962107009863,0.4576741293479406,3.836884212317808,4.694093634337852,3.836884212317808,4.694093634337852,0.028464191386888604,0.028630038937758506,0.7838691041382704,0.9831385002684707,0.00017762812618120919,1.7671852325329223,134.42666845861166,FOLLOWING,WALKING,0.5392047159050724
54.05,PID,1.6171636458802519,-1.2619848874973136,0.3281657786502903,-1.7034375049403283,1.3608914097742637,0.5408914097742638,0.15066089107774092,0.44761031029174847,0.27225529073719335,0.45,0.14190195736084227,0.40255205967474295,0.492668560908754,4.128739073587107,5.0530108811154255,4.128739073587107,5.0530108811154255,0.2918548612692984,0.3589172467775734,2.7730701936521913,3.4218800670788534,0.07744518829841905,6.272395449029463,134.74028823106312,FOLLOWING,WALKING,0.5388971384332
54.1,PID,1.6326054343632275,-1.2418516234766919,0.35060173945896767,-1.699032476530054,1.3624962073968052,0.5424962073968053,0.15055858483254028,0.4634897406042468,0.27470105122146726,0.45,0.11774463628064001,0.41802671662709395,0.5089527645813996,4.2874535038676305,5.2200283546810216,4.2874535038676305,5.2200283546810216,0.1587144302805239,0.16701747356559604,1.790805257612955,2.2095362395474893,0.009674682855350518,4.0100161800157945,134.9407890400639,FOLLOWING,WALKING,0.5385396556154725
54.15,PID,1.631101348563687,-1.242520705678692,0.3731992683347206,-1.6942716539831184,1.3610833207951578,0.5410833207951579,0.14941769692975496,0.4680356541474471,0.2746595582031164,0.45,0.0856241152516503,0.4225794972648313,0.5134918110300628,4.334148689895706,5.266582677231413,4.334148689895706,5.266582677231413,0.04669518602807532,0.04655432255039127,1.0212869922171983,1.2704676414026537,0.00016410893887824665,2.29191874255873,135.0553849771918,FOLLOWING,WALKING,0.538132417500107
54.2,PID,1.6699195380774028,-1.1917511831369112,0.3946844686061355,-1.6894542026484012,1.3365614698689727,0.5165614698689728,0.1379066732333992,0.44660987058546175,0.259479617948918,0.45,-0.04110933417893327,0.4036659938149158,0.4895537473560077,4.140164039127342,5.021064075446232,4.140164039127342,5.021064075446232,-0.19398465076836402,-0.24551860178518048,2.0950400764102577,2.5673387374103593,0.05671994540611712,4.719098759226734,135.29133991515312,FOLLOWING,WALKING,0.5376755950193838
54.25,PID,1.6661527843266644,-1.1953000655520074,0.41695993669197834,-1.6841331378966455,1.3689166439342617,0.5489166439342618,0.15224769435426297,0.46377342339503913,0.2775293181088577,0.45,0.11029748522771166,0.4178423212480232,0.5097045255420551,4.2855622692104935,5.227738723508257,4.2855622692104935,5.227738723508257,0.14539823008315178,0.20667464806202496,1.878499206751762,2.3210380380611366,0.07213422207539086,4.271671466888289,135.50492348849752,FOLLOWING,WALKING,0.5371693799179
54.3,PID,1.674364496596339,-1.1833332253844213,0.43829325669655983,-1.6787434350544832,1.341432273057255,0.521432273057255,0.13931253733240556,0.4463035008459947,0.26133036799730647,0.45,-0.03489919338122137,0.40305332494244045,0.4895536767495489,4.133880255819902,5.021063351277425,4.133880255819902,5.021063351277425,-0.15168201339059184,-0.20667537223083254,1.8286246617663093,2.2477983052230988,0.06095919735103593,4.137382164340444,135.71179259671453,FOLLOWING,WALKING,0.5366139846720874
54.35,PID,1.68969984175606,-1.1613304587973892,0.4586855939166344,-1.6733144923832914,1.3316543793164621,0.5116543793164622,0.1344378750340909,0.4282639761879986,0.2531624644526901,0.45,-0.07024410329684366,0.38636558832107837,0.47016236405491885,3.962723982780291,4.8221780928709626,3.962723982780291,4.8221780928709626,-0.17115627303961078,-0.1988852584064622,1.7851564188224645,2.1971961363721757,0.029776414907045724,4.012128970101686,135.91239904521962,FOLLOWING,WALKING,0.5360096424010283
54.4,PID,1.7047285996141353,-1.1391551217541174,0.4786583729389319,-1.6677293924769188,1.3332380616493655,0.5132380616493656,0.13473600509984884,0.42092632389487933,0.2517929256875874,0.45,-0.04782219830676269,0.37925459469358364,0.462598053096175,3.889790714805986,4.744595416371026,3.889790714805986,4.744595416371026,-0.07293326797430488,-0.07758267649993655,1.0809075905618388,1.342777693065425,0.004965698484112257,2.428650982111376,136.03383159432516,FOLLOWING,WALKING,0.535356606768608
54.45,PID,1.7244624852535748,-1.109379853391776,0.498495005467879,-1.6619122838972449,1.3351550323499988,0.5151550323499988,0.1350444635739273,0.4196412078483072,0.2512060718806689,0.45,-0.028866643596488176,0.3780666029520565,0.4612158127445579,3.8776061841236564,4.730418592251876,3.8776061841236564,4.730418592251876,-0.012184530682329608,-0.014176824119149778,0.6996750330387123,0.8777614121019067,0.002122865850300695,1.5795593109909198,136.1128095598747,FOLLOWING,WALKING,0.534655151877042
54.5,PID,1.748473177321701,-1.072021041291478,0.5186462884901449,-1.6557162032608286,1.3447261238826185,0.5247261238826185,0.13888491296613376,0.4283657591973829,0.2559563663343523,0.45,0.019596820738268305,0.3860049805690476,0.4707265378257182,3.959025441733821,4.827964490520187,3.959025441733821,4.827964490520187,0.08141925761016466,0.09754589826831062,1.190124112692119,1.4765074450408477,0.01750850074631668,2.6841400584792834,136.24701656279865,FOLLOWING,WALKING,0.5339055721518267
54.55,PID,1.7705862797950096,-1.0361368386611332,0.539655726354692,-1.6489451104803923,1.3613134167411747,0.5413134167411747,0.14577327764402265,0.44785283779392215,0.2658545986510367,0.45,0.08826960875350072,0.40385390171717556,0.49185177387066875,4.142091299663339,5.044633578160705,4.142091299663339,5.044633578160705,0.18306585792951813,0.2166690876405184,1.9668758839190703,2.4227668899651853,0.037893464350660856,4.427536238234916,136.4683933747104,FOLLOWING,WALKING,0.5331081822181573
54.6,PID,1.7832862198807913,-1.0140344936264685,0.5615758463809605,-1.641549293431033,1.375036001493413,0.5550360014934131,0.15127813380134192,0.46900569081610455,0.2749816861442991,0.45,0.12922966773758304,0.4234962217592231,0.514515159872986,4.343550992402288,5.277078562799856,4.343550992402288,5.277078562799856,0.2014596927389487,0.23244498463915075,2.184188621967787,2.683178059258915,0.03614085948216915,4.903507540708872,136.7135687517458,FOLLOWING,WALKING,0.5322633167688696
54.65,PID,1.792283520159302,-0.9974789957795246,0.5837316060069535,-1.6337346147080107,1.3734449609252126,0.5534449609252127,0.15011741112371713,0.4761546780107245,0.2753330334044502,0.45,0.09379856233523229,0.43058706098228794,0.521722295039161,4.416277548536287,5.350997897837549,4.416277548536287,5.350997897837549,0.0727265561339987,0.07391933503769277,1.227756058236148,1.5176249751239739,0.0013930200995869034,2.746774053459709,136.8509074544188,FOLLOWING,WALKING,0.5313713304239573
54.7,PID,1.7989502377396642,-0.9846332337252411,0.6055263891732053,-1.6257140962056174,1.3658034052598407,0.5458034052598407,0.1464530362031728,0.4708081526906243,0.27122986688386974,0.45,0.039540033693842715,0.42591960972134385,0.5156966956599047,4.368406253552244,5.289196878563125,4.368406253552244,5.289196878563125,-0.0478712949840423,-0.06180101927442383,1.0865216391072354,1.344764593383319,0.01602577885218411,2.4473120113427385,136.97327305498592,FOLLOWING,WALKING,0.5304325975817247
54.75,PID,1.8025048583160295,-0.9772192544961804,0.6265572426255758,-1.6176621600791865,1.3547122035937234,0.5347122035937234,0.14124603260808366,0.45670355026846265,0.2639275019594469,0.45,-0.017960061049721674,0.4130235486941742,0.5003835518427511,4.236138960965889,5.132138993258986,4.236138960965889,5.132138993258986,-0.13226729258635572,-0.15705788530413933,1.6471151439296505,2.023092400916329,0.027753047033750068,3.6979605918797294,137.1581710845799,FOLLOWING,WALKING,0.5294475122616391
54.8,PID,1.8136155352048584,-0.9563329337759966,0.6464749818874133,-1.6097486808714059,1.3390369338295587,0.5190369338295587,0.13380006540760703,0.4349961829102704,0.2526031305689927,0.45,-0.08298003458111136,0.39319036480110214,0.4768020010194387,4.0327216902677145,4.8902769335327045,4.0327216902677145,4.8902769335327045,-0.20341727069817406,-0.24186205972628105,2.056339645031015,2.5187808242334304,0.041192231975349644,4.616312701239796,137.38898671964188,FOLLOWING,WALKING,0.5284164879389468
54.85,PID,1.8257778252695427,-0.9329037048458048,0.6657510516162422,-1.6018118151706147,1.3375982990982023,0.5175982990982023,0.1328190047317367,0.42317275214969474,0.24922006301032393,0.45,-0.07105441979123545,0.3819268317214861,0.46441867257790337,3.917198274066524,4.763268436696444,3.917198274066524,4.763268436696444,-0.11552341620119044,-0.12700849683626014,1.3718523176469515,1.6923371319679337,0.012141047666011116,3.0763304972808965,137.5428032445059,FOLLOWING,WALKING,0.5273399573711229
54.9,PID,1.8376130832891269,-0.9093690922203358,0.6847563380343152,-1.59371064834299,1.3390669048448602,0.5190669048448603,0.13303499227480137,0.4194889102068743,0.24811616411710885,0.45,-0.04896058215186822,0.3784256850454928,0.4605521353682558,3.8812890773896696,4.723611644802624,3.8812890773896696,4.723611644802624,-0.03590919667685455,-0.03965679189382065,0.8502023562611286,1.058587241406706,0.003944090288990339,1.9127336879568246,137.63843992890375,FOLLOWING,WALKING,0.5262183724162273
54.95,PID,1.851750085196009,-0.8804825437946764,0.7036892343282132,-1.5853620540952702,1.3406722345584297,0.5206722345584297,0.133264301956257,0.4201715209583717,0.24763204011402715,0.45,-0.03112580333875139,0.3791884183195002,0.4611546235972432,3.889111982764104,4.729791011253776,3.889111982764104,4.729791011253776,0.00782290537443453,0.006179366451152468,0.6643232227802286,0.8317822132850503,0.0017263384495387016,1.4978317745148177,137.71333151762948,FOLLOWING,WALKING,0.5250522038432441
55.0,PID,1.8796148948354954,-0.8221585423862545,0.7228464977624551,-1.5766264846294051,1.3471818145064505,0.5271818145064505,0.13580766368321856,0.42739982210439403,0.25070464669925335,0.45,0.0043640251670671384,0.3859082030756676,0.4688914411331205,3.958032852058129,4.809142985980722,3.958032852058129,4.809142985980722,0.06892086929402508,0.07935197472694622,1.0945286452347496,1.354447764458976,0.011092561176887698,2.4600689708706134,137.836334966173,FOLLOWING,WALKING,0.5238419411344835
55.05,PID,1.8863040415253578,-0.805886482061301,0.743447560388057,-1.5668950048827586,1.3810629965137524,0.5610629965137525,0.1505785775888006,0.4619971074305511,0.27130432033483637,0.45,0.15248114046244943,0.4170962424151357,0.5068979724459666,4.277910178616777,5.198953563548375,4.277910178616777,5.198953563548375,0.31987732655864765,0.38981057756765214,3.0747534540644343,3.765485344714108,0.08047843854943125,6.920717237327973,138.18237082803938,FOLLOWING,WALKING,0.5225880922801276
55.1,PID,1.8924117255013637,-0.7906235294607367,0.7643015877180959,-1.5566982386793922,1.3730458507582441,0.5530458507582442,0.14654180748497886,0.4706066028005949,0.2686399968733403,0.45,0.08365984823647217,0.4261466833180571,0.5150665222831328,4.370735213518534,5.282733561878285,4.370735213518534,5.282733561878285,0.09282503490175742,0.08377999832991012,1.3165951174882047,1.6202231429232954,0.010306711387669202,2.947124971799169,138.32972707662933,FOLLOWING,WALKING,0.5212911835650104
55.15,PID,1.9011796309587297,-0.7690823047792559,0.7847650607210276,-1.546357718383503,1.3636359276118502,0.5436359276118502,0.14220403137384457,0.4648378122972938,0.2636388046295234,0.45,0.023851019780312364,0.4212055901311077,0.5084700344634799,4.320057334678028,5.215077276548512,4.320057334678028,5.215077276548512,-0.05067787884050645,-0.06765628532977264,1.102589921800141,1.359027656745442,0.018986520166306645,2.48060409871189,138.45375728156492,FOLLOWING,WALKING,0.5199517593477162
55.2,PID,1.9137833790798597,-0.7378185878528816,0.8047721092134201,-1.5359152582711872,1.3603450155135963,0.5403450155135964,0.1406711335395675,0.4577824459574156,0.2612988669830567,0.45,0.004123782196325974,0.4145374834717197,0.5010274084431114,4.251666497145843,5.138742650698579,4.251666497145843,5.138742650698579,-0.06839083753218489,-0.07633462584993289,1.1713902631163433,1.4431421936272242,0.008804492003991981,2.6233369487475593,138.5849241290023,FOLLOWING,WALKING,0.5185703818320936
55.25,PID,1.9136620467714303,-0.7363218391242701,0.8246940280336063,-1.525182063331364,1.366332423688891,0.546332423688891,0.14322754125594,0.4587083577274406,0.26440380165770794,0.45,0.02956114608443217,0.41494952855309,0.5024671869017913,4.255892600544512,5.153509609249141,4.255892600544512,5.153509609249141,0.004226103398669245,0.014766958550561426,0.752999168593399,0.939570676014869,0.011821774059024043,1.704391618667292,138.67014370993567,FOLLOWING,WALKING,0.5171476308312788
55.3,PID,1.920436795952125,-0.7181201170515599,0.8436273747273371,-1.5146728327797647,1.3446753508448976,0.5246753508448977,0.13312913454797587,0.4393387323317704,0.25069486026703025,0.45,-0.07223342656771893,0.3978487329575769,0.4808287317059639,4.080499825205917,4.931576735445783,4.080499825205917,4.931576735445783,-0.17539277533859554,-0.22193287380335747,1.928410951134213,2.355805867056235,0.04948936050736865,4.333706178697816,138.88682901887054,FOLLOWING,WALKING,0.5156841035243259
55.35,PID,1.929304258235379,-0.6939445719334103,0.8618158738893665,-1.5042829968413618,1.3394083613941048,0.5194083613941048,0.13056856672167372,0.4252239380005033,0.24539889212542354,0.45,-0.07951682630631061,0.3846104213537457,0.4658374546472609,3.9447222702948275,4.777820047664214,3.9447222702948275,4.777820047664214,-0.13577755491108912,-0.15375668778156903,1.5275545968204218,1.874045800537664,0.018714595891419345,3.420314993249505,139.05784476853302,FOLLOWING,WALKING,0.5141804142055522
55.4,PID,1.9378425136534454,-0.6697315746165058,0.8796436434628336,-1.493808564932916,1.340216330894367,0.5202163308943671,0.13069131125287037,0.4198309988627468,0.24402946210234414,0.45,-0.05846805871776797,0.37944412288480883,0.4602178748406847,3.8917345936903467,4.720183331699331,3.8917345936903467,4.720183331699331,-0.05298767660448078,-0.0576367159648834,0.9597380059731428,1.1875037620914657,0.004812210315631969,2.1520539783802404,139.16544746745203,FOLLOWING,WALKING,0.5126371940266952
55.45,PID,1.951973192656292,-0.6286253489964084,0.8973234057215876,-1.483129091661022,1.3412262056944906,0.5212262056944906,0.13082737158270197,0.4192262214685496,0.24331701084369822,0.45,-0.04116163667931542,0.3789572561739175,0.4594951867631817,3.8867410889632565,4.712771146289043,3.8867410889632565,4.712771146289043,-0.004993504727090148,-0.007412185410287542,0.6589961854129589,0.8224067625121931,0.0024962617530081208,1.4838992096781602,139.23964242793593,FOLLOWING,WALKING,0.5110550907319964
55.5,PID,1.963875080590098,-0.5917408727082889,0.9155332211455945,-1.4718172911459562,1.3573735002972651,0.5373735002972652,0.137953612572283,0.4346675933128415,0.25263667404303997,0.45,0.03894201964234595,0.39285622375871837,0.4764789628669646,4.029294602653522,4.8869637217124575,4.029294602653522,4.8869637217124575,0.14255351369026537,0.17419257542341438,1.6483394435785466,2.0243506933836946,0.03390463747991734,3.7065947744421583,139.42497216665802,FOLLOWING,WALKING,0.5094347683863201
55.55,PID,1.9767374578696137,-0.5497947577823692,0.9343498704559451,-1.459783166717275,1.3687787098554796,0.5487787098554796,0.1427431756409422,0.4528649481860756,0.2602772747640628,0.45,0.08055769737717626,0.4097890592126232,0.49594083715952797,4.202964709873059,5.0865726888156715,4.202964709873059,5.0865726888156715,0.1736701072195368,0.19960896710321396,1.9101118510664115,2.3386503849719777,0.028636916158487142,4.277399152196876,139.63884212426785,FOLLOWING,WALKING,0.5077769070964219
55.6,PID,1.979235179127117,-0.5387023329936307,0.9539061871156376,-1.4469003480472988,1.3837090686954283,0.5637090686954284,0.14905236815097167,0.474572558244182,0.2705030004965753,0.45,0.12852858284997576,0.4298043116619988,0.5193408048263652,4.408249350379474,5.3265723571934895,4.408249350379474,5.3265723571934895,0.2052846405064157,0.23999966837781805,2.25777603614811,2.757463232157114,0.03983168869775737,5.0550709570029815,139.891595672118,FOLLOWING,WALKING,0.5060822027254834
55.65,PID,1.984278715135299,-0.5191454952462371,0.9731434071416226,-1.433861081112785,1.3697164583981238,0.5497164583981239,0.14273073633690414,0.4710060909643655,0.26387670082625114,0.45,0.03868480931483789,0.42733449697762094,0.5146776849511101,4.382917917719189,5.278745486678052,4.382917917719189,5.278745486678052,-0.025331432660285813,-0.047826870515437214,0.9650004052757066,1.1906105677102352,0.025178775777954816,2.1807897487638965,140.0006351595562,FOLLOWING,WALKING,0.5043513666010343
55.7,PID,1.9861566308251837,-0.5100975258563276,0.9918477708859588,-1.4208255144185522,1.3634878855709165,0.5434878855709165,0.14001396347921724,0.462251131251551,0.2601976188414519,0.45,0.002768430825859678,0.4191884253332907,0.5053138371698113,4.299368464956828,5.182706022254474,4.299368464956828,5.182706022254474,-0.08354945276236059,-0.09603946442357802,1.303317543670168,1.5985623996301086,0.013784952556329019,2.915664895856606,140.14641840434902,FOLLOWING,WALKING,0.5025851252163824
55.75,PID,1.988475383718109,-0.49973957028449095,1.0096296440711277,-1.4080965753934802,1.348360329475855,0.5283603294758551,0.13317635929164306,0.44361472326572143,0.2502930105006399,0.45,-0.0644018707741036,0.4021912300278655,0.48503821650357737,4.125038256696056,4.97475093849823,4.125038256696056,4.97475093849823,-0.1743302082607716,-0.20795508375624472,1.9019043411894354,2.319038449599793,0.03569838104810493,4.256641171837334,140.35925046294088,FOLLOWING,WALKING,0.5007842199256795
55.8,PID,1.9944202433700151,-0.4754596540158783,1.0264772318801625,-1.3957282665949151,1.3353843756595396,0.5153843756595397,0.12716446860305153,0.4229116612489302,0.24042990302594383,0.45,-0.10732765599559202,0.3831205122981365,0.4627028101997239,3.929441151775759,4.745669848202296,3.929441151775759,4.745669848202296,-0.19559710492029758,-0.22908109029593327,1.9377534386012474,2.3635074489884187,0.034147958020931124,4.335408845610597,140.57602090522138,FOLLOWING,WALKING,0.4989494066327472
55.85,PID,2.000048276325453,-0.4511993817910146,1.0428281399420005,-1.3834223042490026,1.3355927496022844,0.5155927496022844,0.12722714701439697,0.4138595464405584,0.23844614478948126,0.45,-0.08279872632848481,0.37439670947789927,0.4533223834032175,3.839966251055377,4.649460342597102,3.839966251055377,4.649460342597102,-0.08947490072038189,-0.09620950560519415,1.1718259678062009,1.4414380584910025,0.006811480852976271,2.62007550715018,140.70702468057888,FOLLOWING,WALKING,0.49708145547379945
55.9,PID,2.0053615975931973,-0.42696469720512964,1.0589257517923456,-1.3710006956414338,1.3361549186580375,0.5161549186580375,0.12731671032404224,0.411384694149167,0.23733937303165306,0.45,-0.06210946269090426,0.37210502791242844,0.45066436038590557,3.8164618247428557,4.62219856806057,3.8164618247428557,4.62219856806057,-0.023504426312521254,-0.027261774536532002,0.760288646095335,0.9431474967724313,0.0037825994173262315,1.7072187422850924,140.79238561769313,FOLLOWING,WALKING,0.49518115049418654
55.95,PID,2.0157353299887135,-0.37817345447692724,1.0749107853556767,-1.358362291197138,1.3367665377919973,0.5167665377919973,0.12740864776286076,0.4123086764701107,0.2367448631243527,0.45,-0.04575425670948208,0.3731274016230303,0.4514899513171911,3.826947708954157,4.630666167355806,3.826947708954157,4.630666167355806,0.010485884211301144,0.008467599295236106,0.6671374500969539,0.8295771877266688,0.0020267591994706314,1.4987413970230934,140.8673226875443,FOLLOWING,WALKING,0.49324928931930556
56.0,PID,2.0230892697925125,-0.3395795341749696,1.0915817121528457,-1.3448401124427096,1.358646745631432,0.538646745631432,0.13732359697962426,0.4339789995284513,0.2500119471382618,0.45,0.06058459426012201,0.392602022277069,0.47535597677983366,4.026687407969938,4.875445915690602,4.026687407969938,4.875445915690602,0.19973969901578092,0.24477974833479532,2.0507171883338144,2.5078026062005967,0.04776378490316896,4.60628357943758,141.09763686651615,FOLLOWING,WALKING,0.4912866828198079
56.05,PID,2.0262183556436693,-0.3194293885926927,1.108905927286663,-1.330414380949451,1.3704944947569138,0.5504944947569138,0.1423952803802555,0.455588862306828,0.25862555314074986,0.45,0.0993860796750181,0.4127863332620339,0.4983913913516221,4.2337059821747065,5.1117065779653545,4.2337059821747065,5.1117065779653545,0.20701857420476877,0.23626066227475295,2.1572887076939424,2.6316031929380665,0.03207886008379322,4.820970760715802,141.33868540455194,FOLLOWING,WALKING,0.48929415477124805
56.1,PID,2.026035998698282,-0.316483079042978,1.1262266942759183,-1.3156124522392065,1.365120048196796,0.545120048196796,0.13993254059194293,0.46048961170481223,0.25714925845796766,0.45,0.05387357728199462,0.4179314094300186,0.5030478139796059,4.286475994154037,5.159464758765188,4.286475994154037,5.159464758765188,0.05277001197933018,0.04775818079983374,1.0332964539146716,1.2707637589535545,0.0054666443943778625,2.309526857262604,141.45416174741507,FOLLOWING,WALKING,0.48727254150831567
56.15,PID,2.0338808817651244,-0.2673768915765629,1.1426771364840693,-1.3011999735040072,1.3445877764982646,0.5245877764982646,0.13078442916950672,0.443656888361219,0.24521524134985673,0.45,-0.0483206051935877,0.40307376591781774,0.4842400108046203,4.134089906849413,4.966564213380721,4.134089906849413,4.966564213380721,-0.15238608730462389,-0.19290054538446721,1.7863442845770476,2.170864467712854,0.04214020155032026,3.9993489538402223,141.65412919510706,FOLLOWING,WALKING,0.4852226915737967
56.2,PID,2.0334957731801517,-0.2650203560250017,1.1592943829154643,-1.2862600723118478,1.3649301375268037,0.5449301375268037,0.14021565220841814,0.4531003032043677,0.25692471018904645,0.45,0.05181631647457893,0.4105792636680805,0.49562134274065495,4.211069370954672,5.083295822981076,4.211069370954672,5.083295822981076,0.0769794641052588,0.11673160960035478,1.3209592022313201,1.6211683192426163,0.04332170718686389,2.9854492286608,141.8034016565401,FOLLOWING,WALKING,0.48314546536240943
56.25,PID,2.034014902972,-0.25805245358386963,1.1752018840444318,-1.2716021225240477,1.3443060026877625,0.5243060026877625,0.13082915112336935,0.43886763850391375,0.24496103725029028,0.45,-0.05032946644161504,0.3983265868389907,0.4794086901688368,4.085400890656315,4.917012206859864,4.085400890656315,4.917012206859864,-0.12566848029835676,-0.16628361612121179,1.5932262682385696,1.9420726388642742,0.04220112574657592,3.5775000328494193,141.98227665818257,FOLLOWING,WALKING,0.48104173475966655
56.3,PID,2.0368346308980274,-0.23468846613224748,1.190170901450682,-1.2574788428035861,1.3284738359818111,0.5084738359818112,0.12361703694479642,0.4178614673968346,0.23383747661503723,0.45,-0.10891851733064956,0.37916136501704595,0.45656156977662327,3.8888345129953428,4.682682766939726,3.8888345129953428,4.682682766939726,-0.19656637766097207,-0.23432943992013833,1.9357443185131114,2.3532020302434544,0.037455917038877976,4.326402265795444,142.19859677147232,FOLLOWING,WALKING,0.47891238277591375
56.35,PID,2.0394314330736303,-0.21093463336362753,1.204614312180372,-1.2435312243926702,1.327757366906012,0.5077573669060121,0.12340657249196119,0.4078570806637997,0.23148865236325922,0.45,-0.08810890745142257,0.36954570869768033,0.4461684526299191,3.7902123968992854,4.576086693640196,3.7902123968992854,4.576086693640196,-0.09862211609605742,-0.10659607329952969,1.2135761528403741,1.486780138699456,0.007829656713824603,2.7081859482536546,142.334006068885,FOLLOWING,WALKING,0.47675830317569917
56.4,PID,2.0421590525218947,-0.1834383132875136,1.2187816213187235,-1.2295355256425622,1.3278461300697866,0.5078461300697866,0.1234216737027043,0.4045494578367081,0.23023489473283237,0.45,-0.06833438989150185,0.3664455827584243,0.44265333291499187,3.7584162334197364,4.540034183743506,3.7584162334197364,4.540034183743506,-0.031796163479548945,-0.036052509896689955,0.797768494142682,0.9849676227105995,0.004156686087290296,1.786892802940572,142.42335070903204,FOLLOWING,WALKING,0.4745804001026285
56.45,PID,2.0461090345648114,-0.13968731846863197,1.232901964556221,-1.2152576929082821,1.3312662287881176,0.5112662287881177,0.12496036152848267,0.4076880171709801,0.23159636457927474,0.45,-0.038252389754714,0.3693588188331101,0.44601721550885004,3.788295577775488,4.574535543680513,3.788295577775488,4.574535543680513,0.02987934435575168,0.03450135993700698,0.7944864504837397,0.980957851026696,0.004540485123653371,1.779984786634089,142.51234994836375,FOLLOWING,WALKING,0.47237958769986377
56.5,PID,2.0487588152049456,-0.10245239925723679,1.2474831699316697,-1.2001552677058593,1.3483906589279702,0.5283906589279702,0.13282718238025004,0.42616062090713763,0.24228469905408068,0.45,0.04551062860667856,0.3860625032136873,0.466258738600588,3.9596154175762797,4.782140908723979,3.9596154175762797,4.782140908723979,0.17131983980079157,0.20760536504346572,1.811269470507033,2.211122595319992,0.03729052658329717,4.059682592410322,142.71533407798427,FOLLOWING,WALKING,0.4701567897264259
56.55,PID,2.0502814091452177,-0.07250554984689442,1.2625279190135612,-1.1841736658535944,1.3590416649641166,0.5390416649641167,0.13753733583767758,0.4452735015239647,0.25016294616508317,0.45,0.08236271687225627,0.40387153393364345,0.486675469114286,4.142272142909164,4.991543272967036,4.142272142909164,4.991543272967036,0.18265672533288413,0.20940236424305692,1.9420301466231127,2.3656307553882474,0.028380175313832717,4.336041077325193,142.9321361318505,FOLLOWING,WALKING,0.46791293916945814
56.6,PID,2.050323383150812,-0.05947212531192127,1.27777304223688,-1.167565677579495,1.3624836004005667,0.5424836004005668,0.1390894484104307,0.4571456502915952,0.25401731156933044,0.45,0.07938743508074121,0.415105785226871,0.4991855153563194,4.257495233096113,5.119851439551994,4.257495233096113,5.119851439551994,0.11522309018694887,0.12830816658495792,1.5030583033020666,1.8339937697352235,0.014098687744216081,3.351150760781506,143.09969366988958,FOLLOWING,WALKING,0.46564897785262094
56.65,PID,2.0503731339288143,-0.045761218607215506,1.2926173121314724,-1.1509860430468053,1.3508165492853583,0.5308165492853584,0.134036789786111,0.4513694990259945,0.24836390986375595,0.45,0.010587174456058342,0.4102652719435429,0.4924737261084461,4.2078489430106965,5.051012575471241,4.2078489430106965,5.051012575471241,-0.04964629008541621,-0.06883886408075224,1.071616791595998,1.311899036272769,0.020219053703428608,2.4037348815721957,143.21988041396818,FOLLOWING,WALKING,0.4633658560407736
56.7,PID,2.050054172064641,-0.040074167832239216,1.3068231588700114,-1.1347272327038476,1.3400432075217898,0.5200432075217899,0.1294504727341239,0.4380995550822745,0.24187645282823372,0.45,-0.03914470768397849,0.3980690021392018,0.47813010802534717,4.082758996299506,4.9038985438497145,4.082758996299506,4.9038985438497145,-0.12508994671119034,-0.14711403162152692,1.5288984309058804,1.8605568324704622,0.022595948577039945,3.412051211953383,143.39048297456586,FOLLOWING,WALKING,0.46106453204111475
56.75,PID,2.0501686394239784,-0.024135858871057285,1.3201372226253345,-1.1191287579686688,1.3231242086089732,0.5031242086089732,0.12189268194952774,0.4163726588556193,0.2304894702374496,0.45,-0.10497646720990084,0.3782266515313214,0.4545186661799172,3.8792477080135526,4.661729909537613,3.8792477080135526,4.661729909537613,-0.20351128828595355,-0.2421686343121019,1.975727738140786,2.396137669521693,0.03779394602332385,4.409659353685803,143.61096594225015,FOLLOWING,WALKING,0.4587459718009466
56.8,PID,2.050310322209323,-0.0012539549075270759,1.332755082920585,-1.1040051505407673,1.3160377344845502,0.49603773448455024,0.11881440774516827,0.4001908300628292,0.22424624838310447,0.45,-0.11306213057118555,0.3630780759554254,0.43730358417023296,3.723877702106927,4.485164965848543,3.723877702106927,4.485164965848543,-0.15537000590662542,-0.17656494368906994,1.560931995660992,1.900526581833815,0.02016027473270948,3.4816188522275167,143.78504688486152,FOLLOWING,WALKING,0.4564111485022331
56.85,PID,2.050197860713803,0.021510966634614853,1.344993332036066,-1.0889999263064076,1.3156541038210836,0.49565410382108366,0.11875957479924726,0.39349948226658726,0.22239474129591633,0.45,-0.08987643676477779,0.3566931525821131,0.43030581195106143,3.658391308534493,4.41339294308781,3.658391308534493,4.41339294308781,-0.06548639357243413,-0.07177202276073302,0.9734884355898543,1.1943851250260527,0.005929422331144134,2.173802982947051,143.89373703400886,FOLLOWING,WALKING,0.45406104215312043
56.9,PID,2.049835186611952,0.044155378931162,1.3570178201667589,-1.0739193842415495,1.3155028964651718,0.49550289646517187,0.1187221922777063,0.3920206430483149,0.22126734224926634,0.45,-0.07076893304253858,0.35540089790606133,0.4286403881905685,3.645137414421142,4.396311673749421,3.645137414421142,4.396311673749421,-0.013253894113351095,-0.01708126933838905,0.6640042473839621,0.8206537672009047,0.0035921749061752447,1.4882501894910418,143.9681495434834,FOLLOWING,WALKING,0.4516966391765932
56.95,PID,2.0485542104781334,0.11113229107273088,1.3689082267242205,-1.0586654157761424,1.3153277459598303,0.4953277459598303,0.11869247697692997,0.3931066408229943,0.22057382051999117,0.45,-0.055970429996682995,0.3566016735269357,0.42961160811905286,3.657453061814725,4.406272903785157,3.657453061814725,4.406272903785157,0.012315647393583262,0.00996123003573679,0.6434034432770184,0.7949296430974301,0.0022028074191340428,1.4405358937935826,144.04017633817307,FOLLOWING,WALKING,0.4493189319964375
57.0,PID,2.047445569949816,0.12475013882521871,1.3817069052462154,-1.0418270678637882,1.3529025604904834,0.5329025604904835,0.13607510191401095,0.4293694470631115,0.24416474768809393,0.45,0.12167224853747051,0.38896018132073196,0.469778712805491,3.989335193033148,4.818243208261446,3.989335193033148,4.818243208261446,0.331882131218423,0.4119703044762888,2.9673229944518944,3.6078395859141263,0.08294504802808808,6.6581076283941085,144.37308171959276,FOLLOWING,WALKING,0.4469289186206856
57.05,PID,2.0460735545350577,0.14415372251130848,1.3945694395262902,-1.0244750293926026,1.3431717495717588,0.5231717495717588,0.13161345546828407,0.4383007598453831,0.24103735193412137,0.45,0.052088785816836194,0.398409078100286,0.4781924415904802,4.086246954874728,4.904537862466463,4.086246954874728,4.904537862466463,0.09691176184157957,0.08629465420501692,1.2450793495464432,1.5184926019767642,0.010854996350221479,2.774426947873429,144.51180306698643,FOLLOWING,WALKING,0.4445276022227166
57.1,PID,2.045302195873023,0.1472820955693221,1.4071949566780908,-1.007009487416834,1.3379651608505545,0.5179651608505546,0.12956137302351745,0.4373065243439957,0.23918449443322515,0.45,0.017720262563832117,0.3977214905152969,0.47689155817269446,4.079194774515866,4.891195468437892,4.079194774515866,4.891195468437892,-0.007052180358861904,-0.013342394028571292,0.721894822985322,0.8894244554833756,0.006381716898365254,1.617700995367063,144.59268811675477,FOLLOWING,WALKING,0.44211599072018903
57.15,PID,2.0421498536044997,0.19403730510566658,1.4191030969283442,-0.9901351625331587,1.3189275595216232,0.49892755952162327,0.12118145876162878,0.41938993867014857,0.22782183101593198,0.45,-0.06994364104751337,0.3816854256370118,0.45709445170328533,3.914722314225762,4.688148222597798,3.914722314225762,4.688148222597798,-0.16447246029010376,-0.20304724584009382,1.7546623394427774,2.1230839992490025,0.03727674410321698,3.915023082794997,144.78843927089451,FOLLOWING,WALKING,0.439695096351981
57.2,PID,2.0419505622913783,0.1871079444432664,1.431047305573784,-0.9727721429756702,1.3380776113957296,0.5180776113957296,0.1304453985627836,0.4277942841856584,0.2391516150187578,0.45,0.029704188229012267,0.388214691900054,0.46737387647126283,3.9816891476928613,4.79357822021808,3.9816891476928613,4.79357822021808,0.0669668334670992,0.10542999762028238,1.1769675762859033,1.4403090845398712,0.03901732044609079,2.6562939812718653,144.9212539699581,FOLLOWING,WALKING,0.4372659352533197
57.25,PID,2.0406281496432683,0.1990244825253915,1.4422399121080378,-0.9561085425164093,1.3109250955943756,0.4909250955943757,0.11804316747765486,0.4077980287610838,0.22290548505023738,0.45,-0.09630180270733446,0.3709071709852695,0.4446888865368981,3.8041761126694307,4.560911656788698,3.8041761126694307,4.560911656788698,-0.17751303502343063,-0.2326665634293823,1.8298650721782654,2.2145745043420737,0.05214746132384328,4.096587037844182,145.12608332185027,FOLLOWING,WALKING,0.43482952702927175
57.3,PID,2.0384092224255275,0.22059426939874585,1.4527582500937004,-0.9400722146130913,1.3009230524372843,0.4809230524372844,0.1136973016725743,0.3898116640111074,0.21509794015259615,0.45,-0.1191243960029251,0.35421295491585275,0.42541037310636204,3.632953383752336,4.363183313911406,3.632953383752336,4.363183313911406,-0.1712227289170949,-0.19772834287729246,1.6263038006501314,1.972310447087653,0.024183170281895587,3.62279741801968,145.30722319275125,FOLLOWING,WALKING,0.43238689432677957
57.35,PID,2.0359767433632796,0.24201795438533813,1.462888580645902,-0.9242659565315948,1.3000514407136414,0.4800514407136415,0.1136032971116967,0.3817846213460784,0.2130650410352517,0.45,-0.09675212046631064,0.3465223570547442,0.41704688563741255,3.554075456971735,4.277403955255513,3.554075456971735,4.277403955255513,-0.07887792678060057,-0.08577935865589215,1.0198757218364614,1.246005516285305,0.006237212167548657,2.2721184502893146,145.42082911526572,FOLLOWING,WALKING,0.4299390624054198
57.4,PID,2.0319180101593592,0.27596346311610126,1.4727878372872212,-0.9084562773895325,1.299479974109057,0.47947997410905707,0.11352268387592757,0.3793358447371213,0.21179421821844524,0.45,-0.07798110702389383,0.3442839016219686,0.414387787852274,3.5311169397124984,4.25013115745922,3.5311169397124984,4.25013115745922,-0.02295851725923681,-0.02727279779629299,0.6959174535691509,0.8559572072452971,0.0038758021197077097,1.5557504629341556,145.49861663841241,FOLLOWING,WALKING,0.42748705870706555
57.45,PID,2.0270202186390107,0.3127554665986158,1.482778797866127,-0.8921063069242117,1.3097620669096581,0.4897620669096582,0.11859855473465397,0.3895153106829168,0.21808801878429582,0.45,-0.015584055155989748,0.3534217435741158,0.42560887779171774,3.624838395631957,4.365219259402233,3.624838395631957,4.365219259402233,0.09372145591945857,0.11508810194301233,1.1672385209011844,1.4250409918263722,0.019765475942830707,2.6120449886703874,145.62921888784592,FOLLOWING,WALKING,0.42503191242463284
57.5,PID,2.0214760880125535,0.3502715789781239,1.4930328800613049,-0.8748880832499216,1.3220781434474516,0.5020781434474516,0.12448242657444797,0.40713000603936395,0.2267354849131369,0.45,0.042035173744622165,0.36960528328623976,0.44465472879248813,3.7908234183204077,4.5605613209485965,3.7908234183204077,4.5605613209485965,0.16598502268845072,0.1953420615463637,1.6778993868254921,2.039664439452098,0.028233898934296574,3.7457977252118866,145.8165087741065,FOLLOWING,WALKING,0.42257465407009165
57.55,PID,2.018739714813689,0.3642601855480671,1.5035885076606816,-0.8566779006623888,1.3342669980107225,0.5142669980107225,0.1301987933326334,0.42724395265772097,0.23604687273926922,0.45,0.08641839559920031,0.3881781952193719,0.46630971009607003,3.981314822762789,4.782663693293026,3.981314822762789,4.782663693293026,0.1904914044423811,0.22210237234442953,1.9268409366285804,2.3376660478749383,0.031650105271984766,4.2961570897755035,146.03131662859525,FOLLOWING,WALKING,0.4201163150419235
57.6,PID,2.0158068071800432,0.3790528218248769,1.5139566273121794,-0.838303306020809,1.325168131442366,0.505168131442366,0.1263502066215727,0.4282629071925187,0.23266418104844655,0.45,0.027371335666605566,0.3897569852290008,0.46676882915603657,3.9975075408102647,4.78737260672858,3.9975075408102647,4.78737260672858,0.016192718047475907,0.0047089134355537965,0.7070690454023639,0.8694666551755633,0.01133324916457948,1.5878689497425067,146.11071007608237,FOLLOWING,WALKING,0.41765792719220696
57.65,PID,2.0141191519843624,0.38570534564451403,1.5239305280459687,-0.8201445720964244,1.3167420191658081,0.4967420191658082,0.12296001077778596,0.42059683149704247,0.22841919126460614,0.45,-0.015725252196904408,0.38279345534275017,0.45840020765133477,3.926086721464104,4.701540591295741,3.926086721464104,4.701540591295741,-0.07142081934616051,-0.08583201543283892,1.112592173871038,1.354218758263241,0.013962774720260127,2.480773706854539,146.2347487614251,FOLLOWING,WALKING,0.4152005223935128
57.7,PID,2.01331601918232,0.3877274773147571,1.5332926199371995,-0.8026493258827267,1.3016754246564095,0.48167542465640956,0.1164429627664525,0.40314865210575995,0.2190483964786854,0.45,-0.07855871255494315,0.3668961424885375,0.4394011617229824,3.763037358856795,4.506678581774178,3.763037358856795,4.506678581774178,-0.16304936260730907,-0.19486200952156274,1.6548928029670003,2.0020363360380684,0.029558269030851063,3.68648740803592,146.41907313182688,FOLLOWING,WALKING,0.4127451321057907
57.75,PID,2.009323036034772,0.4079153424682823,1.541910812161116,-0.7861359264908472,1.2835183666054417,0.46351836660544177,0.10828753647043299,0.3789385313361123,0.2063423420458796,0.45,-0.14116685121711847,0.34478887372751926,0.4130881889447054,3.536296140795069,4.236801937894414,3.536296140795069,4.236801937894414,-0.2267412180617261,-0.26987664387976373,1.9350545106317323,2.3361773740613017,0.03775387722951932,4.308985761922553,146.634522419923,FOLLOWING,WALKING,0.4102927869434276
57.8,PID,2.0051532108474763,0.4279422750664697,1.5501043671953743,-0.7700446001330972,1.2822763430436608,0.46227634304366083,0.10814828122262243,0.3675042532893559,0.20374600997366973,0.45,-0.11557504762118884,0.3337842886387135,0.40122421793999824,3.4234286014227027,4.115120183999982,3.4234286014227027,4.115120183999982,-0.11286753937236638,-0.12168175389443281,1.1673532744775559,1.4202912189466523,0.007617489124024194,2.5952619825482324,146.76428551905042,FOLLOWING,WALKING,0.40784451624266427
57.85,PID,2.0008104992650493,0.4478072529467919,1.5580377367559337,-0.7540506643831267,1.28149990372982,0.4614999037298201,0.10802433610601381,0.3633899330453098,0.20210628982802264,0.45,-0.09356487012542679,0.32994134207877207,0.39683852401184755,3.3840137649104824,4.070138707813821,3.3840137649104824,4.070138707813821,-0.03941483651222022,-0.04498147618616066,0.7546120904822146,0.9243690357599534,0.004772127671899443,1.6837532539140676,146.84847318174613,FOLLOWING,WALKING,0.40540134762954533
57.9,PID,1.993329740719091,0.481261694386006,1.5658032921286629,-0.7379961318714223,1.2808240209601642,0.4608240209601643,0.1079252596191056,0.36310236817288727,0.20106505706333053,0.45,-0.07595448288431858,0.32982610122890604,0.3963786351168685,3.3828318074759594,4.065421898634549,3.3828318074759594,4.065421898634549,-0.0011819574345230954,-0.004716809179272197,0.5460675040655456,0.6729034747673375,0.003014719563586206,1.2219856983964692,146.90957246666596,FOLLOWING,WALKING,0.402964306588588
57.95,PID,1.9822693716345092,0.5283995194986467,1.573650094798837,-0.7213225382634205,1.292040444852379,0.47204044485237906,0.11359295973236105,0.37540836796754307,0.2083251525124288,0.45,-0.009892231524020675,0.3409305552267361,0.40988618070835003,3.4967236433511393,4.203960827777949,3.4967236433511393,4.203960827777949,0.11389183587517993,0.13853892914340005,1.2429213062762916,1.5121501500195047,0.021779431080311166,2.7768508873761073,147.04841501103476,FOLLOWING,WALKING,0.4005344160323504
58.0,PID,1.978571381172837,0.5411573233800407,1.5818936940387203,-0.7032835572572022,1.3148288615096506,0.49482886150965066,0.1244774008876468,0.4035828250218008,0.2240744105036983,0.45,0.09255309270326464,0.36649851008343876,0.4406671399601629,3.758959077778859,4.519662973950388,3.758959077778859,4.519662973950388,0.26223543442771957,0.3157021461724394,2.301649482118632,2.788065088987916,0.050817682083809865,5.140532253190358,147.30544162369426,FOLLOWING,WALKING,0.39811269587207837
58.05,PID,1.976765954724727,0.5459919080040927,1.59006306673913,-0.6848720245774558,1.3061341021775936,0.4861341021775937,0.1207568590494752,0.40952316573609543,0.22142357522240083,0.45,0.03393447124749349,0.37287756403678807,0.4461687674354028,3.824385272172185,4.576089922414387,3.824385272172185,4.576089922414387,0.06542619439332631,0.05642694846399898,0.9752623888021994,1.1875949598938462,0.008452186924472626,2.171309535620518,147.4140071004753,FOLLOWING,WALKING,0.395700162589613
58.1,PID,1.9691343333586608,0.5738873538075661,1.5978030446177167,-0.6669106153091453,1.2901802758167231,0.47018027581672317,0.11385365221180277,0.3978297156104731,0.21268779539406443,0.45,-0.04372794841478929,0.36262988547275543,0.43302954574819075,3.719280876643645,4.441328674340418,3.719280876643645,4.441328674340418,-0.10510439552854,-0.1347612480739695,1.2903452302710081,1.5600893167696404,0.026755110039411542,2.8771896570800597,147.5578665833293,FOLLOWING,WALKING,0.39329782881073677
58.15,PID,1.964812949995253,0.5879872984297883,1.6053211200245663,-0.6489252740194942,1.295170462202627,0.47517046220262704,0.11683857164007172,0.3965130856184266,0.21598356868418378,0.45,-0.012150979665557358,0.36076780500119415,0.432258366235659,3.700182615396863,4.433419140878554,3.700182615396863,4.433419140878554,-0.019098261246782045,-0.007909533461863738,0.6655976578432318,0.8169984587364956,0.010250393425546043,1.4928465100052732,147.63250890882955,FOLLOWING,WALKING,0.3909067028801388
58.2,PID,1.9648562464542063,0.586008771476285,1.6125188254484992,-0.6311703355926571,1.2880943628860326,0.4680943628860327,0.11397449702751694,0.38982078893711375,0.21209826125883785,0.45,-0.04061260113215171,0.35471852669877607,0.4249230511754514,3.638138735372062,4.35818514026104,3.638138735372062,4.35818514026104,-0.0620438800248011,-0.07523400061751406,0.9677127252645515,1.1780672736035525,0.011866564070956374,2.1576465629390604,147.7403912369765,FOLLOWING,WALKING,0.3885277884381769
58.25,PID,1.9603057457881605,0.6008122608527,1.6191486481890742,-0.6143340594168722,1.2671490192262709,0.4471490192262709,0.1044403896565409,0.36845804352443334,0.19844301638371875,0.45,-0.12383734098603529,0.3356157243129279,0.4013003627359388,3.442212557055671,4.115901156266038,3.442212557055671,4.115901156266038,-0.19592617831639103,-0.2422839839950015,1.7239510681391297,2.0779891465180937,0.03902094694767032,3.840961161604894,147.93243929505675,FOLLOWING,WALKING,0.3861620839996139
58.3,PID,1.9545778539351615,0.6191925408685314,1.6253710172990388,-0.5980683193994017,1.2621286562418723,0.44212865624187236,0.10256006733741296,0.3548658306574341,0.19375685337567516,0.45,-0.11868272310046246,0.32279907142375985,0.38693258989110835,3.3107597069103574,3.968539383498547,3.3107597069103574,3.968539383498547,-0.1314528501453136,-0.1473617727674914,1.2416318382048488,1.5039810258294535,0.013074857263354545,2.758687721297657,148.07037368112162,FOLLOWING,WALKING,0.38381058253450606
58.35,PID,1.9487140725132805,0.6374068193467293,1.6313379280279292,-0.5820024954579621,1.2609921265528155,0.4409921265528155,0.10242111598190928,0.3492290858101405,0.1919568089844957,0.45,-0.0975732546502112,0.31746023392320644,0.3809979376970746,3.2560023992123734,3.9076711558674315,3.2560023992123734,3.9076711558674315,-0.054757307697983926,-0.060868227631115435,0.8033116229694629,0.9793685227039872,0.0049756431940022345,1.7876557888674525,148.159756470565,FOLLOWING,WALKING,0.38147427105141685
58.4,PID,1.9361896969741879,0.6759766783537031,1.637132394339807,-0.5659359956058949,1.2600344019592615,0.4400344019592616,0.10230676365432045,0.34789684619220385,0.19080790500523778,0.45,-0.08032112683880224,0.316318137913837,0.3794755544705707,3.2442885939880717,3.89205696892893,3.2442885939880717,3.89205696892893,-0.011713805224301765,-0.015614186938501362,0.5755307505739886,0.705570561626322,0.0031567674432153524,1.284258079643526,148.22396937454715,FOLLOWING,WALKING,0.37915413018313665
58.45,PID,1.9261165595052736,0.7052478122293699,1.6430496356863151,-0.5489936571338121,1.277412368814562,0.45741236881456204,0.11105705436572078,0.3652968918809198,0.2022671492890719,0.45,0.013812575229060639,0.33182167867357837,0.3987721050882612,3.4032992684469576,4.089970308597551,3.4032992684469576,4.089970308597551,0.15901067445888595,0.197913339668621,1.4867075665621365,1.8035258097818831,0.03337673290989629,3.323610109253916,148.39014988000983,FOLLOWING,WALKING,0.37685113377507506
58.5,PID,1.9150189454158673,0.7363232244126026,1.649068676067675,-0.5311655858570852,1.2857871312276548,0.4657871312276548,0.11525848738658673,0.38272654654249116,0.2093404873728713,0.45,0.04762276329627755,0.34808069588228097,0.41737239720270136,3.570058419305446,4.280742535412322,3.570058419305446,4.280742535412322,0.16675915085848825,0.19077222681477046,1.564827720330727,1.8945882595158012,0.021322599002146676,3.480738578848675,148.56418680895226,FOLLOWING,WALKING,0.37456624847650344
58.55,PID,1.9124783982422426,0.7415585538667349,1.655163807092371,-0.5124493925306381,1.295089738174635,0.47508973817463496,0.11992402714778416,0.3999727789083661,0.21733401796024915,0.45,0.0780772259378115,0.3640039989359448,0.43594155888078734,3.7333743480609725,4.471195475700383,3.7333743480609725,4.471195475700383,0.16331592875552658,0.19045294028806126,1.629054198026843,1.970795371020681,0.025016632131500276,3.624866201179024,148.7454301190112,FOLLOWING,WALKING,0.3723004333348183
58.6,PID,1.9080418979369214,0.7522785609934001,1.6609865158272559,-0.4939082013119703,1.280135433634419,0.4601354336344191,0.11349361733857921,0.3943584739695667,0.2102702253288071,0.45,-0.004898703745460496,0.3595587516776491,0.42915819626148427,3.687782068488709,4.401622525758813,3.687782068488709,4.401622525758813,-0.04559227957226364,-0.06957294994156982,0.9180616302865695,1.1146222817532243,0.02138839586336695,2.054072307903161,148.84813373440633,FOLLOWING,WALKING,0.370054639392995
58.65,PID,1.9069392976937303,0.7538526514188608,1.6664509584165792,-0.4758664640003321,1.2704400058147156,0.45044000581471566,0.10966406839745657,0.38254378456827914,0.20486263448908382,0.45,-0.04648087132815679,0.34863901856033575,0.41644855057622254,3.575784805747033,4.271267185397154,3.575784805747033,4.271267185397154,-0.11199726274167565,-0.13035534036165863,1.2444572312274917,1.5043250066723464,0.015952511601573283,2.764734749501411,148.9863704718814,FOLLOWING,WALKING,0.3678298092904011
58.7,PID,1.9041382821387285,0.7602837577212738,1.6714549627502246,-0.4587639942596267,1.2530138643110238,0.43301386431102384,0.10200457889149095,0.3613829693689248,0.19349889578933596,0.45,-0.11293010225221065,0.32935890211578966,0.3934070366220599,3.3780400217004067,4.0349439653544605,3.3780400217004067,4.0349439653544605,-0.19774478404662643,-0.2363232200426939,1.6795373615106162,2.0220487321062963,0.03166374082233426,3.7332498344392464,149.17303296360336,FOLLOWING,WALKING,0.36562687686713746
58.75,PID,1.8973033542706856,0.7771833577954522,1.6760474387227966,-0.44256579953202113,1.2410555784215869,0.4210555784215869,0.0968175339437729,0.3414247482971543,0.1844246038254543,0.45,-0.14070193767024977,0.3109024763640416,0.371947020230267,3.1887433473235034,3.8148412331309434,3.1887433473235034,3.8148412331309434,-0.18929667437690334,-0.22010273222351717,1.5201069303009982,1.832905051488842,0.024098726886270808,3.3771107086761107,149.34188849903717,FOLLOWING,WALKING,0.3634467667720722
58.8,PID,1.8903604324011616,0.7939215486262498,1.6803715017039949,-0.4267641494015587,1.2396540593915772,0.4196540593915773,0.0967566534194424,0.3323874282784526,0.18221572229008856,0.45,-0.11591419511483753,0.3022307262394429,0.36254413031746224,3.0998023204045424,3.718401336589356,3.0998023204045424,3.718401336589356,-0.088941026918961,-0.09643989654158736,0.9314493690529868,1.1311313423300082,0.005795898399647025,2.068376609782642,149.4453073295263,FOLLOWING,WALKING,0.3612903940747329
58.85,PID,1.8833122362527392,0.810499235373924,1.6845155668464684,-0.41105624682808706,1.2386157291044617,0.41861572910446176,0.0967267474281881,0.3294888721343638,0.18088808663650965,0.45,-0.09498172545288186,0.29955189379602143,0.35942585047270614,3.07232711585663,3.686418979207242,3.07232711585663,3.686418979207242,-0.027475204547912302,-0.03198235738211386,0.6192720318243278,0.756633941196635,0.003458210013018923,1.3793641830339818,149.514275538678,FOLLOWING,WALKING,0.3591586638812194
58.9,PID,1.863239377227045,0.8576757437003857,1.6885194106768082,-0.3953051619266285,1.2376259175796271,0.4176259175796272,0.09669949101687147,0.3296986841785161,0.1800730312311481,0.45,-0.07844091656252022,0.2998965975097611,0.3595007708472711,3.0758625385616525,3.6871873933053445,3.0758625385616525,3.6871873933053445,0.003535422705022384,0.0007684140981023546,0.4870029351464729,0.5973187370412367,0.0021134807634930683,1.0864351529512026,149.56859729632555,FOLLOWING,WALKING,0.3570524709542992
58.95,PID,1.8539108030312395,0.878030249327928,1.6926858916166752,-0.37820953933349505,1.2651040338949238,0.4451040338949238,0.11046827678273541,0.35716917262391656,0.19860236644806542,0.45,0.05971979686854621,0.32430048097676173,0.3900378642710714,3.3261587792488383,4.000388351498168,3.3261587792488383,4.000388351498168,0.2502962406871858,0.3132009581928239,1.9903349482753352,2.4099692079713915,0.05299156544816833,4.453295721694896,149.79126208241027,FOLLOWING,WALKING,0.35497269933784203
59.0,PID,1.8471695774671006,0.8919419886539992,1.6968599409929872,-0.3602896711142918,1.2665432794329339,0.4465432794329339,0.1114394896333799,0.3728561591692398,0.2022482184219527,0.45,0.05291412192471091,0.3393840790204066,0.406328239318073,3.480862348927247,4.167469121211005,3.480862348927247,4.167469121211005,0.15470356967840893,0.16708076971283692,1.4262818511945516,1.7247871561254815,0.010618085755424223,3.1616870930754573,149.94934643706404,FOLLOWING,WALKING,0.3529202219857577
59.05,PID,1.8503782968607643,0.8835193295679887,1.7008876438506206,-0.34219080931526136,1.2612204868868206,0.4412204868868207,0.10950946162500896,0.3756609594098539,0.20115071473032084,0.45,0.017852727898374967,0.34237051612198577,0.408951402697722,3.5114924730460078,4.194373361002277,3.5114924730460078,4.194373361002277,0.030630124118760538,0.026904239791271323,0.7117485483900302,0.8673480249189308,0.003178996588669354,1.5822755698976303,150.0284602155589,FOLLOWING,WALKING,0.35089590039558494
59.1,PID,1.8271765678369856,0.9330883052403347,1.7045112162000549,-0.3251568472406884,1.2347926141253824,0.4147926141253825,0.09753376275815606,0.35330294135656637,0.1852009660044426,0.45,-0.10235751238960226,0.3226521814828311,0.38395370123030165,3.309253143413652,3.937986679285145,3.309253143413652,3.937986679285145,-0.2022393296323557,-0.25638668171713164,1.707707436535937,2.047014840555918,0.042536287750477596,3.797258564842333,150.218323143801,FOLLOWING,WALKING,0.34890058424689047
59.15,PID,1.8333090015839526,0.9186251213743761,1.7081061513909923,-0.3073588450492937,1.2642102879798933,0.44421028797989337,0.11245121950429682,0.3693845583529066,0.2038816543533748,0.45,0.04959890529596546,0.3356421445574231,0.40312697214839016,3.442483533922288,4.134635611778361,3.442483533922288,4.134635611778361,0.13323039050863583,0.1966489324932157,1.4316184484078527,1.7366330694134031,0.05484455488858068,3.2230960727098363,150.37947794743647,FOLLOWING,WALKING,0.3469351110446287
59.2,PID,1.8312384044577243,0.9221387616840193,1.7113419612429606,-0.2905337673952778,1.232360515281285,0.41236051528128514,0.0976656937529623,0.3489318785169115,0.18513886950836342,0.45,-0.10145185374303109,0.31829139561327735,0.3795723614205456,3.264527134495152,3.893049860723545,3.264527134495152,3.893049860723545,-0.17795639942713581,-0.24158575105481583,1.5836862598198007,1.9032762064472777,0.0499682591660749,3.5369307254331535,150.55632448370812,FOLLOWING,WALKING,0.34500030576761087
59.25,PID,1.8234360188981542,0.937472706133816,1.714235563532401,-0.2747381910899495,1.2185851713684728,0.3985851713684728,0.0916280135359675,0.3274321080031212,0.17502393638275768,0.45,-0.1397439591359419,0.2984656465317748,0.35639856947446763,3.0611861182746134,3.655369943327873,3.0611861182746134,3.655369943327873,-0.20334101622053868,-0.23767991739567185,1.5328726474515757,1.8434388038986265,0.025493117931244334,3.4018045692814463,150.7264147121722,FOLLOWING,WALKING,0.34309698052223236
59.3,PID,1.8155490900516202,0.9526570691354486,1.7169082579849912,-0.2594150717709364,1.2171195499210972,0.3971195499210972,0.09158675903568803,0.31738511292507376,0.172762160635885,0.45,-0.11544902249448773,0.2887929753398348,0.34597725051031275,2.9619792342547155,3.5484846206185923,2.9619792342547155,3.5484846206185923,-0.09920688401989786,-0.10688532270928075,0.9356978556800432,1.1334638452749988,0.005626789414611652,2.0747884903696536,150.83015413669065,FOLLOWING,WALKING,0.34122593420160274
59.35,PID,1.804097600443616,0.9744785385903426,1.7194206810383061,-0.24424116153345904,1.2160793101242142,0.39607931012421427,0.09157726950602485,0.31386614643607474,0.17141840251700505,0.45,-0.09462729265198566,0.2854964008195104,0.3422358920526391,2.9281682135334397,3.5101117133604007,2.9281682135334397,3.5101117133604007,-0.03381102072127584,-0.038372907258191535,0.6169075997580684,0.7517677991672027,0.0033169661295504756,1.3719923650548216,150.89875375494339,FOLLOWING,WALKING,0.33938795215022205
59.4,PID,1.7874740410147982,1.0056047822151748,1.7218453070735387,-0.22876104717924045,1.2216578441404216,0.4016578441404216,0.09484679492943315,0.3196662637573857,0.17513016602896478,0.45,-0.049263738597235145,0.29068222127959203,0.3486503062351794,2.9813561156881234,3.5759005767710708,2.9813561156881234,3.5759005767710708,0.05318790215468372,0.06578886341067003,0.7384745283185007,0.8984979105843616,0.009360601345581093,1.6463330402484433,150.9810704069558,FOLLOWING,WALKING,0.33758380583434394
59.45,PID,1.7720797525093093,1.0334970008210813,1.724261222070299,-0.21235476326986485,1.2361092716646433,0.4161092716646434,0.10233605270414214,0.337729780291062,0.1855999035942575,0.45,0.025160565000736088,0.30701299624621237,0.3684465643359116,3.148851243550896,3.778939121393965,3.148851243550896,3.778939121393965,0.16749512786277254,0.20303854462289417,1.404355944737068,1.6996551754681124,0.02798182487196883,3.1319929450771493,151.13767005420965,FOLLOWING,WALKING,0.33581425251816377
59.5,PID,1.7631720275646006,1.048683896269313,1.7266475408840214,-0.19496924761064616,1.2467691165335582,0.4267691165335582,0.10781302766772849,0.35729322725583385,0.19464684660736853,0.45,0.06652855812380196,0.32507917414231435,0.38950728036935334,3.3341453758186086,3.994946465326701,3.3341453758186086,3.994946465326701,0.18529413226771263,0.2160073439327359,1.571155411264881,1.8983851046953544,0.025357808576717707,3.494898324536953,151.3124149704365,FOLLOWING,WALKING,0.334080034945968
59.55,PID,1.7586892080869063,1.0555982494204716,1.7289103238459256,-0.1772030456612373,1.2441893667805501,0.4241893667805502,0.1070770946031041,0.36445761061459847,0.19555416080935847,0.45,0.04054137642332964,0.33209339700064966,0.3968218242285473,3.406086123083586,4.0699674279851,3.406086123083586,4.0699674279851,0.07194074726497757,0.07502096265839908,0.9271146190275735,1.1240306693022588,0.002554978569992158,2.0537002668998245,151.4150999837815,FOLLOWING,WALKING,0.33238188103037847
59.6,PID,1.755722697605529,1.0598418159247092,1.7309611553316344,-0.15975687844160294,1.2331609039787859,0.4131609039787859,0.10250326476893568,0.35759103392253627,0.19025766132075983,0.45,-0.016902962717568484,0.3261033909739505,0.389078676871122,3.34465016383539,3.9905505320115076,3.34465016383539,3.9905505320115076,-0.06143595924819634,-0.07941689597359236,0.8931351563788051,1.0810774736177913,0.014510874324779073,1.9887235043213753,151.51453615899754,FOLLOWING,WALKING,0.33072050354682037
59.65,PID,1.756166336746853,1.0582760867483845,1.7327714196763815,-0.1430621290436545,1.2198500355682231,0.3998500355682232,0.0968381951239492,0.34215071957575105,0.1821892166113872,0.45,-0.07175213192618275,0.31199840422656644,0.37230303492493566,3.199983633092989,3.818492665896776,3.199983633092989,3.818492665896776,-0.14466653074240066,-0.17205786611473162,1.2931004545269518,1.5572080884300308,0.021167764140570818,2.8714763070975535,151.6581099743524,FOLLOWING,WALKING,0.329096599834347
59.7,PID,1.7496167688877815,1.0689317806986975,1.734321309930261,-0.12751587823025387,1.201565991057975,0.38156599105797506,0.08854913333525638,0.3187612730994848,0.16953488909015907,0.45,-0.13641645874751884,0.2907032489550635,0.34681929724390614,2.9815717841544975,3.557120997373396,2.9815717841544975,3.557120997373396,-0.21841184893849164,-0.2613716685233798,1.5822222038768905,1.8999310542020036,0.030893040184637975,3.513046298263532,151.8337622892656,FOLLOWING,WALKING,0.3275108515029405
59.75,PID,1.7410428519413568,1.0828406057517954,1.7356780082358192,-0.11267414685341345,1.1965454239690567,0.37654542396905677,0.0867571824041542,0.3043181913678792,0.16477439983726436,0.45,-0.12849533301430643,0.27704802819481195,0.33158835454094643,2.841518237895507,3.4009062004199633,2.841518237895507,3.4009062004199633,-0.14005354625899047,-0.15621479695343288,1.0965481017921763,1.3238316957324798,0.011295457337916254,2.431675254862572,151.9553460520087,FOLLOWING,WALKING,0.3259639241474164
59.8,PID,1.7323992172889549,1.096616132335114,1.736888582491689,-0.09810918621203604,1.1955267898481734,0.37552678984817345,0.08681732088138361,0.29857015719558927,0.1631479459800094,0.45,-0.10470834988304589,0.2715691721358977,0.32557114225528083,2.7853248424194637,3.339191202618265,2.7853248424194637,3.339191202618265,-0.056193395476043406,-0.061714997801698424,0.6843082133173732,0.8314808049304147,0.0038210775270109258,1.5196100957747989,152.03132655679744,FOLLOWING,WALKING,0.3244564670680496
59.85,PID,1.7221222079921827,1.112784768746899,1.7379798114635343,-0.08357689107165547,1.194733753259492,0.374733753259492,0.08690148315299884,0.29753176291554057,0.16224972897505857,0.45,-0.08516187389897442,0.27067943277016837,0.32438409306091276,2.7761993104632654,3.327016339086285,2.7761993104632654,3.327016339086285,-0.009125531956198252,-0.012174863531980051,0.4715717773747748,0.576130323426148,0.002098590704842584,1.0498006915057654,152.0838165913727,FOLLOWING,WALKING,0.32298911299804056
59.9,PID,1.6909239200343966,1.1618006677238455,1.7389622971155987,-0.06887204356758998,1.1964667503410453,0.3764667503410454,0.08830236147979487,0.3010694199364473,0.16359014700923277,0.45,-0.058801074482364706,0.27399525060641927,0.32814358926647536,2.810207698527377,3.365575274527952,2.810207698527377,3.365575274527952,0.03400838806411155,0.03855893544166733,0.5909116563326502,0.718905419495784,0.0031576202390073142,1.3129746960674415,152.14946532617608,FOLLOWING,WALKING,0.32156247783793424
59.95,PID,1.6867833239347305,1.1672009154981593,1.7399125430536642,-0.052367718333567105,1.231609925256373,0.4116099252563731,0.10588300512280635,0.3369157911100295,0.187759123927943,0.45,0.1087651315312062,0.30584165609995495,0.36798992612010406,3.1368374984610763,3.7742556525138875,3.1368374984610763,3.7742556525138875,0.32662979993369934,0.4086803779859354,2.2961635470993893,2.777188005125123,0.0653464214278843,5.1386979736523966,152.4064002248587,FOLLOWING,WALKING,0.320177160397105
60.0,PID,1.6819502274833764,1.1737013818104234,1.7407309505777586,-0.035458316909798636,1.2207253444368111,0.4007253444368112,0.10101408171976645,0.34485500050635853,0.18428978385144745,0.45,0.03694464698826578,0.314355041278944,0.3753549597337731,3.2241542695276304,3.849794458807929,3.2241542695276304,3.849794458807929,0.08731677106655411,0.07553880629404164,0.9142636144011811,1.106126015718437,0.009206840632385735,2.029596470752004,152.5078800483963,FOLLOWING,WALKING,0.3188337421424148
60.05,PID,1.676680357313515,1.180860267132565,1.7413844238660345,-0.01881576902704451,1.2105876054283211,0.39058760542832116,0.09683360351177228,0.33931874488460195,0.1795552308564638,0.45,-0.015789226986511317,0.3096023541778572,0.3690351355913467,3.1754087607985353,3.784975749654838,3.1754087607985353,3.784975749654838,-0.04874550872909511,-0.06481870915309118,0.7767588533192813,0.9397124576478995,0.012241638086637604,1.7287129490538184,152.59431569584896,FOLLOWING,WALKING,0.31753278695415155
60.1,PID,1.660674314335704,1.203900345368075,1.7418750862371433,-0.0027216609611178276,1.2014196635497796,0.38141966354977963,0.09316405056292432,0.32831290066689617,0.17432602204317976,0.45,-0.052654541315063856,0.2994619440187499,0.3571638573150424,3.0714045540384607,3.66321904938505,3.0714045540384607,3.66321904938505,-0.1040042067600746,-0.12175670026978791,1.019660075558969,1.2291412557414632,0.013126855260283121,2.2619281865607155,152.70741210517699,FOLLOWING,WALKING,0.3162748408893479
60.15,PID,1.665885074933938,1.1954811781269883,1.7422213737807053,0.013481149360378758,1.2093511613734351,0.3893511613734352,0.09774848219052878,0.3303642387348248,0.17986352628856586,0.45,-0.006171951801663439,0.30059682513406716,0.3601316523355824,3.0830443603494064,3.69365797267264,3.0830443603494064,3.69365797267264,0.011639806310945744,0.030438923287590125,0.5796097725868327,0.7079370102881838,0.0143423285819487,1.301889111456965,152.77250656074983,FOLLOWING,WALKING,0.3150604319525823
60.2,PID,1.6608432259836106,1.2022369851511647,1.7424253641456737,0.028642345667926374,1.18446245129421,0.36446245129420995,0.08605567311862616,0.3095954721689254,0.16411591607490567,0.45,-0.11432444675389467,0.28243428805852855,0.3367566562793223,2.8967619288054207,3.453914423377664,2.8967619288054207,3.453914423377664,-0.18628243154398572,-0.239743549294976,1.4136143281324913,1.6970498311785935,0.03721584205735965,3.1478800013684447,152.92990056081825,FOLLOWING,WALKING,0.31389006987435586
60.25,PID,1.6516072815791827,1.2148939777592245,1.7425048413170454,0.04300636709496701,1.1764268031164906,0.35642680311649066,0.08275760875361304,0.2933796571843109,0.15759941892900892,0.45,-0.12452992045000472,0.26729695335155995,0.3194623610170619,2.7415072138621532,3.2765370360724293,2.7415072138621532,3.2765370360724293,-0.15525471494326748,-0.1773773873052349,1.1344931658616784,1.3664179943485926,0.014788744756501408,2.5156999049667728,153.05568555606658,FOLLOWING,WALKING,0.31276424589714147
60.3,PID,1.6423079149370223,1.2274358241049583,1.7424724393723399,0.05701494639915659,1.1754075626754665,0.3554075626754666,0.0828677637151134,0.2864497902347208,0.1559522956819496,0.45,-0.1016179958915099,0.2606396852993581,0.31225989517008346,2.673227541531878,3.2026655914880355,2.673227541531878,3.2026655914880355,-0.06827967233027543,-0.07387144458439376,0.705795158601699,0.8557529765751164,0.0036989661837603205,1.5652471013605755,153.1339479111346,FOLLOWING,WALKING,0.31168343256919134
60.35,PID,1.6231793653447484,1.2532023374321561,1.7423325410789143,0.07093491855772402,1.1746990946301836,0.3546990946301837,0.08302977572697579,0.2846860239849782,0.15511709913472382,0.45,-0.08237929619462268,0.2590141440781814,0.31035790389177503,2.656555323878784,3.18315798863359,2.656555323878784,3.18315798863359,-0.016672217653094012,-0.019507602854445416,0.4803421857550543,0.5856168355092523,0.0018655670248273,1.067824588289134,153.18733914054906,FOLLOWING,WALKING,0.31064808354619183
60.4,PID,1.6053518505905975,1.2766044493269177,1.7420652208530456,0.08555466053336296,1.1882565922474613,0.3682565922474613,0.0903509543200367,0.29847749241333427,0.16461551997722018,0.45,-0.004602861515780654,0.2712336238571043,0.3257213609695642,2.781883321611326,3.3407319073801456,2.781883321611326,3.3407319073801456,0.12532799773254233,0.15757391874655546,1.0433774657124224,1.2641818613510885,0.02251565979768133,2.330074986861192,153.3038428898921,FOLLOWING,WALKING,0.309658633400848
60.45,PID,1.584835320288748,1.3030245806095333,1.741647574037015,0.10105808583681071,1.1988703620465762,0.3788703620465762,0.09594607018448031,0.31641561362790444,0.17335027807609116,0.45,0.043110355133799225,0.28772614260631135,0.3451050846494975,2.9510373600647317,3.539539329738436,2.9510373600647317,3.539539329738436,0.1691540384534056,0.19880742235829052,1.3066772883928692,1.579755729144131,0.021804087533281332,2.908237105070282,153.44925474514562,FOLLOWING,WALKING,0.30871549744047805
60.5,PID,1.5826098566930757,1.3049804968810832,1.7410464074651881,0.11762243171000382,1.212152439869605,0.39215243986960513,0.10271716667981012,0.3377557801131136,0.18435437194572488,0.45,0.09206721942569399,0.3072451315560961,0.36826642867013104,3.151232118524063,3.777091576103908,3.151232118524063,3.777091576103908,0.2001947584593311,0.237552246365472,1.5715740401317198,1.8978845630750167,0.029212600524022667,3.4986712037307592,153.62418830533215,FOLLOWING,WALKING,0.30781907153269417
60.55,PID,1.5755973528628144,1.3131968873379765,1.740308576282335,0.13402052935213166,1.197882012364896,0.37788201236489616,0.09642772238535025,0.3346291771610805,0.17794389338413993,0.45,0.009022550131318266,0.30517946280600533,0.36407889151615563,3.1300457723692854,3.7341424770887754,3.1300457723692854,3.7341424770887754,-0.021186346154777436,-0.042949099015132663,0.6434732436871841,0.7811978409607335,0.016426159397338328,1.4410972440452559,153.69624316753442,FOLLOWING,WALKING,0.30696973193924293
60.6,PID,1.5755020099457888,1.312602158198054,1.7394504389162209,0.1499830284598303,1.190624487549755,0.37062448754975497,0.09366424415696772,0.3260276372097541,0.17430925064047537,0.45,-0.02489552008419481,0.2971794562287554,0.35487581819075276,3.0479944228590297,3.639751981443618,3.0479944228590297,3.639751981443618,-0.08205134951025572,-0.09439049564515756,0.8935660180327006,1.0799718694936402,0.009123146683114295,1.982661034209455,153.79537621924487,FOLLOWING,WALKING,0.3061678351580747
60.65,PID,1.5754423375916595,1.3121567858623973,1.738521059234006,0.16498325860605428,1.1741219392359286,0.3541219392359286,0.08625416728390012,0.3069217918117126,0.16367118497560837,0.45,-0.09202971824651206,0.2798342106982494,0.3340093729251758,2.8700944686999934,3.425737158206931,2.8700944686999934,3.425737158206931,-0.17789995415903626,-0.21401482323668697,1.3233599610359872,1.5909798602578815,0.025072485310327873,2.939412306604196,153.94234683457506,FOLLOWING,WALKING,0.30541371777370896
60.7,PID,1.5656358393835483,1.3238422897757802,1.7375526360155846,0.17885126177330973,1.1587069392604248,0.33870693926042483,0.07918561910160182,0.2844629948475122,0.15227619828387987,0.45,-0.13960918012449985,0.2592612840315301,0.3096647056634943,2.659090092631078,3.176048263215326,2.659090092631078,3.176048263215326,-0.21100437606891553,-0.24968889499160474,1.366135287261003,1.6415792473440192,0.024986667641931654,3.032701202246954,154.0939818946874,FOLLOWING,WALKING,0.3047076963159578
60.75,PID,1.5557648775314759,1.3354286336605492,1.7365204218507782,0.192213755831893,1.1578254787187812,0.3378254787187812,0.07939832022402493,0.27436055915971624,0.15025660465445728,0.45,-0.11277358688034203,0.24949309108940357,0.29922802723002895,2.558903498352857,3.0690054074874764,2.558903498352857,3.0690054074874764,-0.10018659427822074,-0.10704285572784977,0.8044587549097029,0.974215766946968,0.004369784854159107,1.78304430671083,154.18313411002293,FOLLOWING,WALKING,0.30405006712706706
60.8,PID,1.5458289797439233,1.3469175012393557,1.7353994284321737,0.20541406453792685,1.1574164435029237,0.33741644350292377,0.07966479487643352,0.27129406828147284,0.14927645477877674,0.45,-0.08976315271643964,0.2465888150155853,0.2959993215473604,2.5291160514419,3.0358904774088247,2.5291160514419,3.0358904774088247,-0.029787446910956916,-0.03311493007865174,0.5083696970989462,0.6194659073272931,0.0021069114997458,1.1299425159259853,154.23963123581922,FOLLOWING,WALKING,0.303441106237331
60.85,PID,1.52137082957657,1.3752417065749678,1.734179569015976,0.21863376798370124,1.1571374382574602,0.33713743825746023,0.07994924914792145,0.27189364784815623,0.14891036797048024,0.45,-0.07124288219886256,0.24724898194904174,0.2965383137472707,2.5358869943491458,3.0414186025361096,2.5358869943491458,3.0414186025361096,0.0067709429072455585,0.005528125127284955,0.4091934089982005,0.4999917236954624,0.000785003347189061,0.9099701360408519,154.28512974262125,FOLLOWING,WALKING,0.30288106924923264
60.9,PID,1.4992315102327358,1.4002182103430156,1.7327546752585115,0.23283161422691942,1.176022739233442,0.35602273923344196,0.08988810278229376,0.291649391545157,0.1622242831671834,0.45,0.02752587617921156,0.26480127268098813,0.3184975104093259,2.7159104890357755,3.2666411324033424,2.7159104890357755,3.2666411324033424,0.1800234946866297,0.2252225298672328,1.2781509026248206,1.548127785624186,0.03110170102464907,2.8573803892736556,154.42799876208494,FOLLOWING,WALKING,0.30237019123015857
60.95,PID,1.4920508854634205,1.4076150447589928,1.7310744524594583,0.24820328468648567,1.1905143986509283,0.3705143986509284,0.0972581270964008,0.3156560937013224,0.17402239951267476,0.45,0.08523348485672891,0.28685538658197474,0.3444568008206701,2.9421065290458945,3.5328902648273854,2.9421065290458945,3.5328902648273854,0.22619604001011906,0.266249132424043,1.5897980377326064,1.9215572536785124,0.029565165832880134,3.540920457243999,154.60504478494713,FOLLOWING,WALKING,0.30190868661373227
61.0,PID,1.4948159790170712,1.4038126470481964,1.729229483860669,0.2638309620423322,1.1837938566211341,0.36379385662113417,0.09443214329445393,0.32109566360654546,0.17248459611225475,0.45,0.03691173325715231,0.2925494629499673,0.3496418642631236,3.000507312307357,3.5860704026987036,3.000507312307357,3.5860704026987036,0.058400783261462585,0.053180137871318145,0.7261591499017765,0.8804717403716021,0.003819562537269772,1.6104504528106482,154.68556730758766,FOLLOWING,WALKING,0.3014967491098093
61.05,PID,1.4702466718526002,1.430444941001579,1.7273587891555728,0.2786648516436709,1.1638332927880473,0.3438332927880473,0.08530033901628098,0.30536728751763725,0.16076865380137043,0.45,-0.059035328925008394,0.27876007531351044,0.33197449972176407,2.859077695523184,3.4048666638129648,2.859077695523184,3.4048666638129648,-0.1414296167841731,-0.18120373888573882,1.1627432020652237,1.395857265886512,0.027123210336031156,2.585723678287767,154.81485349150205,FOLLOWING,WALKING,0.3011345516231698
61.1,PID,1.4715363632893024,1.4283346909582757,1.7253132003961245,0.29382759888880167,1.1801288129290497,0.36012881292904975,0.09408634860221676,0.3123450972768421,0.17170813638146126,0.45,0.02565273205890827,0.28392740070571026,0.340762793847974,2.9120759046739515,3.495003013825374,2.9120759046739515,3.495003013825374,0.05299820915076747,0.09013635001240905,0.7752760563812547,0.9426915492873176,0.027048933601991478,1.7450165392705639,154.90210431846558,FOLLOWING,WALKING,0.30082224618094494
61.15,PID,1.4734763643869166,1.4257421003333013,1.7232346743484677,0.3083595909408331,1.1625442034640558,0.3425442034640559,0.08593339709948555,0.2999521012945936,0.16139770672074838,0.45,-0.05736315064002889,0.27324078083230974,0.32666342175687746,2.8024695469980485,3.350394069301307,2.8024695469980485,3.350394069301307,-0.10960635767590299,-0.1446089445240668,0.9883949698781826,1.1926554810851113,0.023962747716644223,2.2050131986799384,155.01235497839957,FOLLOWING,WALKING,0.3005599638688051
61.2,PID,1.4639260811309336,1.4355119012901416,1.7212061213396894,0.32181814711232076,1.1449554077303883,0.32495540773038833,0.07770519793437591,0.2785493021849594,0.14907442303821744,0.45,-0.12213395872736421,0.2538774851721344,0.3032211191977844,2.603871642791122,3.1099601969003525,2.603871642791122,3.1099601969003525,-0.19859790420692658,-0.24043387240095448,1.2926680186775543,1.5533544969329098,0.026454044230699445,2.8724765598411635,155.15597880639163,FOLLOWING,WALKING,0.3003478147759389
61.25,PID,1.4533739755435535,1.4461943427401915,1.7191610858964765,0.3347345033023502,1.1430252828282093,0.3230252828282093,0.07737188494576186,0.267624654658231,0.1464865283700814,0.45,-0.10375703737693232,0.24338113421298252,0.29186817510347945,2.496216761158795,2.993519744651071,2.496216761158795,2.993519744651071,-0.10765488163232684,-0.11644045224928146,0.8168309390891558,0.9884943025649637,0.0054589205624071095,1.8107841622165268,155.24651801450244,FOLLOWING,WALKING,0.3001858879488448
61.3,PID,1.4410006893107576,1.4585869912347769,1.7170534782421374,0.3474522056895542,1.1427973410508747,0.32279734105087476,0.07774700108133392,0.26395780506451916,0.14566477214900211,0.45,-0.08193343297427924,0.23985028527385932,0.288065324855179,2.4600029258857363,2.95451615236081,2.4600029258857363,2.95451615236081,-0.03621383527305877,-0.03900359229026096,0.517216747738449,0.6299546651668931,0.0017236934309598348,1.148895106336302,155.30396276981926,FOLLOWING,WALKING,0.3000742513539551
61.35,PID,1.4155720333338953,1.4839645686507108,1.7148374807052373,0.3602492670237278,1.1449129460030665,0.3249129460030665,0.07925621192004262,0.26613702001701967,0.14701435504700636,0.45,-0.05459941593029352,0.2418061442567401,0.2904678957772992,2.480063018017847,2.9791579054081967,2.480063018017847,2.9791579054081967,0.020060092132110796,0.024641753047386583,0.462379225652659,0.5643510220207378,0.0028570760543890758,1.029587323727786,155.35544213600565,FOLLOWING,WALKING,0.30001295184910803
61.4,PID,1.3983532174597633,1.5007845854050816,1.71234450366887,0.37398107281624515,1.1628825766606836,0.34288257666068367,0.08867082097750778,0.2854856949116349,0.15985037034833688,0.45,0.03647883046789097,0.25903045861898516,0.3119409312042846,2.656722652502412,3.199394166197791,2.656722652502412,3.199394166197791,0.1766596344845648,0.22023626078959424,1.2319545552981441,1.4940152464624719,0.029546521915891962,2.7555163236765083,155.49321795218947,FOLLOWING,STOPPED,0.0
61.45,PID,1.3923201777697136,1.5068176250951313,1.7095864183456146,0.3885012737185107,1.1697335952249082,0.3497335952249082,0.09216000122973456,0.30202885197651475,0.1663416984804306,0.45,0.05859796944754467,0.2744993008780035,0.329558403075026,2.8153774449026,3.3800861853848816,2.8153774449026,3.3800861853848816,0.15865479240018798,0.18069201918709066,1.1811361551958919,1.4295011700088536,0.015548811075163167,2.626186136279909,155.62452725900346,FOLLOWING,STOPPED,0.0
61.5,PID,1.4001011246535315,1.4990366782113131,1.7066905938611838,0.40307266188751567,1.1624497103812632,0.34244971038126326,0.08851253218664135,0.30336223234071363,0.16296991271879335,0.45,0.013657322857045247,0.2763907117857533,0.33033375289567396,2.8347765311359314,3.3880384912376815,2.8347765311359314,3.3880384912376815,0.01939908623333153,0.007952305852799935,0.4959708457993753,0.6040160720202274,0.007912794690439526,1.1078997125100423,155.67992224462895,FOLLOWING,STOPPED,0.0
61.55,PID,1.406368873697703,1.4927689291671418,1.7039087197771976,0.4165669488834617,1.138039642413927,0.318039642413927,0.0767093647368835,0.28197619818465647,0.14699285036872525,0.45,-0.0967515872277903,0.25764888144863246,0.3063035149206805,2.6425526302423843,3.1415745120069793,2.6425526302423843,3.1415745120069793,-0.19222390089354713,-0.24646397923070218,1.3117714239732552,1.5688937396912817,0.03381860066911902,2.9144837643336556,155.82564643284562,FOLLOWING,STOPPED,0.0
61.6,PID,1.4185461028167905,1.4805917000480544,1.701338974535772,0.4286223883526681,1.1165754172341087,0.29657541723410874,0.06631732091408038,0.25286639229375363,0.1306196196510612,0.45,-0.16990882882888222,0.231248845241503,0.27448393934600424,2.3717830281179793,2.8152198907282484,2.3717830281179793,2.8152198907282484,-0.27076960212440504,-0.32635462127873094,1.4682159963164496,1.7502090353812603,0.0307967784307268,3.2492218101284367,155.98810752335203,FOLLOWING,STOPPED,0.0
61.65,PID,1.4243301439252687,1.4748076589395762,1.6990981709042008,0.4388633778937388,1.08931686897979,0.2693168689797901,0.05266816498261684,0.21609006948427156,0.10861075408163727,0.45,-0.25246649880553684,0.1981149896837606,0.23406514928478253,2.031948612141134,2.4006681977926414,2.031948612141134,2.4006681977926414,-0.33983441597684516,-0.414551692935607,1.5043141108428129,1.7825996113843514,0.034421752598063786,3.3213354748252284,156.15417429709328,FOLLOWING,STOPPED,0.0
61.7,PID,1.4243301439252687,1.4748076589395762,1.6971400357783608,0.4476249363600212,1.0717639768537999,0.2517639768537999,0.04388942150447539,0.18584377581702138,0.09202622853628424,0.45,-0.27415659442268003,0.17061343499426634,0.20107411663977642,1.749881384556578,2.062298632202835,1.749881384556578,2.062298632202835,-0.28206722758455616,-0.33836956558980624,1.1087012877905822,1.310510436013041,0.021977443267237277,2.4411891670708603,156.2762337554468,FOLLOWING,STOPPED,0.0
61.75,PID,1.4243301439252687,1.4748076589395762,1.695347648114265,0.4554935079925594,1.0627932925356853,0.24279329253568538,0.03961445090878524,0.1678494254988823,0.08179444961303034,0.45,-0.25331315464939663,0.15431244408792577,0.18138640690983882,1.582691734235136,1.860373404203475,1.582691734235136,1.860373404203475,-0.16718965032144184,-0.2019252279993602,0.6892310097422735,0.8132554454580979,0.012051399248493185,1.5145378544488646,156.35196064816924,FOLLOWING,STOPPED,0.0
61.8,PID,1.4243301439252687,1.4748076589395762,1.6936439787551798,0.46284627309229476,1.0547283185245717,0.23472831852457177,0.03578825669913965,0.15739429075941253,0.07311121543100874,0.45,-0.23307014627543127,0.14529438460558058,0.16949419691324447,1.490198816467493,1.73840201962302,1.490198816467493,1.73840201962302,-0.09249291776764301,-0.12197138458045487,0.4673832342334821,0.5478180951067568,0.00914172199084392,1.0243430513310827,156.4031778007358,FOLLOWING,STOPPED,0.0
61.85,PID,1.3949450640059102,1.5041927388589345,1.6919888297317514,0.46989566319785964,1.0471846962578968,0.22718469625789683,0.03236666170025715,0.15132398798984434,0.06562823811751103,0.45,-0.21498665206820797,0.14046251458139625,0.16218546139829243,1.4406411751938075,1.6634406297260762,1.4406411751938075,1.6634406297260762,-0.04955764127368556,-0.0749613898969439,0.34978745094979913,0.40610680548846806,0.00707176248419791,0.7629660189224651,156.4413261016819,FOLLOWING,STOPPED,0.0
61.9,PID,1.3988369253954565,1.5003008774693884,1.6899603131574186,0.4783688936259483,1.0761066115760276,0.25610661157602765,0.048641318482795404,0.18073925261790683,0.08578729888859915,0.45,-0.04043316121341936,0.16654145465184367,0.19493705058396998,1.708117483608653,1.9993543649637946,1.708117483608653,1.9993543649637946,0.2674763084148455,0.3359137352377184,1.0589760869603486,1.2430269913201548,0.02490323575223331,2.326906314032737,156.55767141738355,FOLLOWING,STOPPED,0.0
61.95,PID,1.3998421408654378,1.4992956619994071,1.6878227547638627,0.48713838023610256,1.0625901404135984,0.2425901404135985,0.04220897584760808,0.18692421235079382,0.07859032217386976,0.45,-0.09101033886115878,0.17391751403101838,0.19993091067056926,1.7837693746771115,2.050573442775069,1.7837693746771115,2.050573442775069,0.07565189106845849,0.05121907781127444,0.440061534221385,0.509165547860483,0.008144823149113738,0.9573719052309817,156.6055400126451,FOLLOWING,STOPPED,0.0
62.0,PID,1.416284793943952,1.482853008920893,1.6856910508402643,0.49575442810313436,1.052328464410136,0.2323284644101361,0.03794440401075683,0.18400634669107535,0.0725037262966973,0.45,-0.11613943872694095,0.17200697998897194,0.19600571339317877,1.7641741537330455,2.010315009160808,1.7641741537330455,2.010315009160808,-0.01959522094406596,-0.04025843361426107,0.34229602257614455,0.393022723502864,0.006354732694422864,0.7416734787734314,156.64262368658376,FOLLOWING,STOPPED,0.0
62.05,PID,1.3955803215616354,1.5035574813032095,1.6838327752832385,0.5031800085933803,1.0232024919376002,0.2032024919376002,0.023551991539722872,0.15960185386668244,0.05171956553595223,0.45,-0.21874304108617915,0.15104226577048235,0.16816144196288252,1.549151443799819,1.7247327380808464,1.549151443799819,1.7247327380808464,-0.21502270993322647,-0.2855822710799616,0.8340665252976767,0.9304168629691718,0.015479247809882624,1.779962636076731,156.7316218183876,FOLLOWING,STOPPED,0.0
62.1,PID,1.4167539939076874,1.4823838089571575,1.681846834953855,0.5109984571216718,1.041078558506432,0.221078558506432,0.03506281268179756,0.16773160182995703,0.06434514623702904,0.45,-0.09196487914435543,0.1570824801277287,0.17838072353218534,1.611102360284397,1.8295458823813882,1.611102360284397,1.8295458823813882,0.061950916484577956,0.10481314430054178,0.44620113759666236,0.5090978451903385,0.011698485646150732,0.9669974684331516,156.77997169180924,FOLLOWING,STOPPED,0.0
62.15,PID,1.4243301439252687,1.4748076589395762,1.680137569522018,0.5176865347639111,1.006907997850091,0.18690799785009105,0.017704583653258332,0.14450118732121434,0.04059921306736421,0.45,-0.22208307262050594,0.13778201755856556,0.1512203570838631,1.4131488980365698,1.550978021372955,1.4131488980365698,1.550978021372955,-0.19795346224782717,-0.2785678610084332,0.73299777108665,0.8057721070951401,0.013882553283436825,1.552652431465227,156.8576043133825,FOLLOWING,STOPPED,0.0
62.2,PID,1.4243301439252687,1.4748076589395762,1.678689389686283,0.5233156354337267,0.9907160467731031,0.17071604677310315,0.010425767590880763,0.12266573582965722,0.027416153577749132,0.45,-0.24446938138274546,0.11812836241253974,0.1272031092467747,1.2115729478209203,1.3046472743258943,1.2115729478209203,1.3046472743258943,-0.20157595021564956,-0.2463307470470606,0.5997858724188836,0.6465906380609228,0.005204574483723511,1.2515810849635298,156.92018336763067,FOLLOWING,STOPPED,0.0
62.25,PID,1.4243301439252687,1.4748076589395762,1.6773715975929548,0.5284106786611751,0.9849039022662912,0.16490390226629126,0.009113256988206864,0.1116577324748522,0.0223534955322115,0.45,-0.21625955330851523,0.1079582289642712,0.1153572359854332,1.1072638868130378,1.1831511383121354,1.1072638868130378,1.1831511383121354,-0.10430906100788251,-0.12149613601375897,0.3545844706321212,0.3794249287963869,0.001629620697629469,0.7356390201261376,156.95696531863697,FOLLOWING,STOPPED,0.0
62.3,PID,1.4162631629241107,1.482874639940734,1.6761122090680687,0.5332644481726145,0.979641373949841,0.15964137394984101,0.008034108300697396,0.10679585675326547,0.018666682301837084,0.45,-0.19183757617302427,0.10370652083231144,0.1098851926742195,1.063656623921143,1.1270276171714821,1.063656623921143,1.1270276171714821,-0.04360726289189487,-0.05612352114065322,0.23517167725470772,0.24961136206318574,0.0009910162263976252,0.4857740555442911,156.9812540214142,FOLLOWING,STOPPED,0.0
62.35,PID,1.4046174049799929,1.494520397884852,1.6747542205288646,0.5384762004337078,0.9845207174518013,0.1645207174518013,0.012927009365321762,0.1141793111742677,0.02389745299279983,0.45,-0.12816419800633247,0.11022428270395933,0.11813433964457608,1.130505463630352,1.211634252764883,1.130505463630352,1.211634252764883,0.06684883970920907,0.08460663559340076,0.2962651860316766,0.3181159404102059,0.0018000301925290244,0.6161811566344116,157.01206307924593,FOLLOWING,STOPPED,0.0
62.4,PID,1.393106131533183,1.5060316713316617,1.6731773659989504,0.5444835278458482,0.993475921497289,0.17347592149728908,0.0199983478896133,0.13070418613227,0.03366290588954003,0.45,-0.06056517664479088,0.12513297520755112,0.13627539705698888,1.2834151303338577,1.3976963800716808,1.2834151303338577,1.3976963800716808,0.1529096667035057,0.18606212730679794,0.5262572084617616,0.5740759797811096,0.004733762714376769,1.105066950957248,157.06731642679378,FOLLOWING,STOPPED,0.0
62.45,PID,1.3965178465109778,1.5026199563538671,1.6713432491689126,0.5514078039917807,1.001506229943775,0.18150622994377497,0.026355831262395712,0.14969351799066616,0.04376984802647725,0.45,-0.011907480618396964,0.14244960814228416,0.15693742783904815,1.4610216219721452,1.609614644503058,1.4610216219721452,1.609614644503058,0.17760649163828757,0.21191826443137707,0.6585657320269775,0.7269801430068872,0.0063702622273847966,1.3919161372612496,157.13691223365683,FOLLOWING,STOPPED,0.0
62.5,PID,1.4011505418388477,1.4979872610259972,1.6694800350901395,0.55838112436398,0.990117952946723,0.17011795294672305,0.022001144786203852,0.15078548691369156,0.03975575661291448,0.45,-0.05939625366938091,0.14420590919425422,0.1573650646331289,1.479034966094915,1.614000662903886,1.479034966094915,1.614000662903886,0.01801334412276967,0.0043860184008281955,0.2409958207314093,0.26429430975013524,0.0022979986741382464,0.5075881291556827,157.1622916401146,FOLLOWING,STOPPED,0.0
62.55,PID,1.410566542438967,1.4885712604258776,1.6677213096824228,0.5649142991542295,0.9771695907064528,0.15716959070645287,0.016916430631574553,0.14156580318817114,0.0331173955761513,0.45,-0.10330187171930916,0.1360848742203181,0.14704673215602418,1.3957422996955702,1.5081716118566582,1.3957422996955702,1.5081716118566582,-0.08329266639934474,-0.10582905104722795,0.40922622083427657,0.4432074346360349,0.003165771289418043,0.8555994267597296,157.20507161145258,FOLLOWING,STOPPED,0.0
62.6,PID,1.4237931887433706,1.4753446141214743,1.6662082150713389,0.5705194811518473,0.958786084808082,0.13878608480808208,0.008621532750209715,0.12261495460586971,0.020941636936772864,0.45,-0.1614628858938972,0.1191491136928338,0.12608079551890564,1.2220421917213724,1.293136364296468,1.2220421917213724,1.293136364296468,-0.17370010797419777,-0.2150352475601902,0.5483352559109428,0.5807871043939422,0.0036717165627214066,1.1327940768676064,157.26171131529597,FOLLOWING,STOPPED,0.0
62.65,PID,1.4243301439252687,1.4748076589395762,1.6650355143463453,0.5748548848718279,0.9367355903578624,0.1167355903578624,-0.0021986346410916013,0.09626659619604376,0.004013085397223656,0.45,-0.22296322657821188,0.09560243056280325,0.09693076182928427,0.9805377493620846,0.9941616597875309,0.9805377493620846,0.9941616597875309,-0.2415044423592878,-0.29897470450893704,0.5552417008331669,0.5630376758423217,0.0009782744109050423,1.1192576510863936,157.3176741978503,FOLLOWING,STOPPED,0.0
62.7,PID,1.4243301439252687,1.4748076589395762,1.6640440940110868,0.578523952363337,0.9315868563380354,0.11158685633803545,-0.002820027355414423,0.08250297472073738,-7.666034183887501e-05,0.45,-0.19656574641824517,0.08251566200731171,0.08249028743416305,0.8463144821262739,0.84605423009398,0.8463144821262739,0.84605423009398,-0.13422326723581068,-0.14810742969355095,0.3072122817389252,0.3071164890888504,4.51470681202513e-06,0.6143332855345877,157.34839086212702,FOLLOWING,STOPPED,0.0
62.75,PID,1.4243301439252687,1.4748076589395762,1.6631286431469416,0.5819161499359584,0.9277862148899326,0.10778621488993267,-0.0028315434836485576,0.07671154199746757,-0.0021487087050729866,0.45,-0.17004410457788438,0.07706715328815715,0.076355930706778,0.7904323414169964,0.7831377508387487,0.7904323414169964,0.7831377508387487,-0.05588214070927755,-0.06291647925523125,0.1852870378395487,0.1835428203025337,6.411208831795616e-05,0.3688939702304003,157.36683556063855,FOLLOWING,STOPPED,0.0
62.8,PID,1.416435665764522,1.4827021371003226,1.662234125198467,0.5852325007517327,0.9242726708505888,0.10427267085058889,-0.0027407364243328125,0.07516783363859872,-0.00325925365908793,0.45,-0.14809399534386336,0.07570724011917777,0.07462842715801966,0.7764845140428489,0.7654197657232786,0.7764845140428489,0.7654197657232786,-0.013947827374147459,-0.01771798511547007,0.12889123877095307,0.1270037494519445,5.212148695135268e-05,0.2559471097098489,157.37963291612405,FOLLOWING,STOPPED,0.0
62.85,PID,1.3938775557588536,1.5052602471059913,1.6612148355842629,0.589000095645702,0.9305206235370449,0.11052062353704495,0.003411699225256859,0.08451356778985222,0.004506664046974491,0.45,-0.0880223245478052,0.08376771489007795,0.0852594206896265,0.8591560501546456,0.874455596816682,0.8591560501546456,0.874455596816682,0.08267153611179667,0.10903583109340331,0.2508773765376307,0.25542518465340547,0.000503976702494536,0.5068065378935307,157.40497324301873,FOLLOWING,STOPPED,0.0
62.9,PID,1.399091386418115,1.5000464164467298,1.6597906900238555,0.5942347748948122,0.9544641880859027,0.13446418808590277,0.01973929203764313,0.11476327827844027,0.027760733935967098,0.45,0.036694270867692336,0.11016887681203771,0.11935767974484282,1.1299371980721817,1.2241813307163365,1.1299371980721817,1.2241813307163365,0.27078114791753616,0.34972573389965456,0.7117721196552224,0.7718307886093926,0.00929592067848112,1.492898828943096,157.4796181844659,FOLLOWING,STOPPED,0.0
62.95,PID,1.408237478347966,1.4909003245168788,1.6582883565078812,0.5997353428242252,0.9425809550757418,0.12258095507574185,0.014686519212810945,0.12054942048586999,0.024290689971167772,0.45,-0.023664693967911005,0.11652931129564172,0.12456952967609826,1.1951724235450432,1.277636201806136,1.1951724235450432,1.277636201806136,0.06523522547286142,0.053454871089799516,0.2829637610168408,0.3031196743455973,0.0012137725747478451,0.5872972079371859,157.50898304486276,FOLLOWING,STOPPED,0.0
63.0,PID,1.4047412049054757,1.4943965979593692,1.6569296988196958,0.604693604510755,0.9255811505555913,0.10558115055559136,0.006792578788662018,0.10932011032710655,0.014548800414855512,0.45,-0.09325760118363698,0.10691228385844796,0.11172793679576513,1.0965362447020304,1.1459275568796423,1.0965362447020304,1.1459275568796423,-0.09863617884301279,-0.1317086449264937,0.35498249503017437,0.37131157449471003,0.0020409524181843903,0.7283350219430688,157.54539979595992,FOLLOWING,STOPPED,0.0
63.05,PID,1.4050250762294796,1.4941127266353653,1.6556303827367518,0.6094259229556129,0.9247542662859941,0.10475426628599416,0.008712042860490099,0.10462929069808817,0.016404648971645917,0.45,-0.07637921970946476,0.10191432129328078,0.10734426010289556,1.0452750901874952,1.1009667702861083,1.0452750901874952,1.1009667702861083,-0.05126115451453517,-0.044960786593533975,0.22811583019769657,0.24063760390796815,0.0004384014353090498,0.46919183554097377,157.56885938773698,FOLLOWING,STOPPED,0.0
63.1,PID,1.4209516626489516,1.4781861402158933,1.6543960795999724,0.6139049867248917,0.9194964710398299,0.09949647103982995,0.0077190391839825345,0.09937685304388155,0.014919356026169834,0.45,-0.08271009045650635,0.09690769962155045,0.10184600646621265,0.9939251243235944,1.0445744252944886,0.9939251243235944,1.0445744252944886,-0.05134996586390084,-0.056392344991619714,0.22558337471508347,0.2373962903160401,0.0003190984452967307,0.46329876347642024,157.59202432591078,FOLLOWING,STOPPED,0.0
63.15,PID,1.4243301439252687,1.4748076589395762,1.653458927859587,0.6173065871117791,0.895253153071989,0.0752531530719891,-0.005257468490601491,0.07692073085752558,-0.0032438779790764215,0.45,-0.17118446961458075,0.07745759266306274,0.07638386905198843,0.7944368478262844,0.7834242979691122,0.7944368478262844,0.7834242979691122,-0.19948827649730994,-0.26115012732537646,0.399227941401359,0.39364204537887126,0.0008484381333854452,0.7937184249136157,157.63171024715646,TRACKING,STOPPED,0.0
63.2,PID,1.4243301439252687,1.4748076589395762,1.6527274465823507,0.6199693500066901,0.8875855383077399,0.06758553830773995,-0.007798291782969979,0.061680078639289086,-0.009343189613959215,0.45,-0.16726139126207118,0.06322637652039934,0.06013378075817884,0.6484756566194804,0.6167567257249111,0.6484756566194804,0.6167567257249111,-0.14596119120680406,-0.16666757224420103,0.2500359017604388,0.23768850266582958,0.0008206131617185068,0.48854501758798685,157.65613749803586,TRACKING,STOPPED,0.0
63.25,PID,1.4243301439252687,1.4748076589395762,1.652085486176529,0.6223115870491797,0.8848241985164438,0.06482419851644383,-0.007359375989806738,0.05505934377842606,-0.010770945893207944,0.45,-0.1426137802661191,0.05684193532375198,0.05327675223310015,0.5829942084487383,0.5464282280317964,0.5829942084487383,0.5464282280317964,-0.06548144817074208,-0.07032849769311478,0.1437133410906511,0.13457961235591925,0.00022144731310766628,0.27851440075967804,157.67006321807384,TRACKING,STOPPED,0.0
63.3,PID,1.4099666598122145,1.4891711430526302,1.651469820686355,0.6245660562864409,0.8823956303793355,0.0623956303793356,-0.006846005975599478,0.05317209851124213,-0.011200055148775692,0.45,-0.12192444841084973,0.05502570763836451,0.05131848938411976,0.5643662321883539,0.5263434808627667,0.5643662321883539,0.5263434808627667,-0.01862797626038437,-0.020084747169029638,0.09608180219971992,0.08948845497136841,6.92070815118115e-05,0.18563946425260014,157.67934519128647,TRACKING,STOPPED,0.0
63.35,PID,1.4013717475941876,1.4977660552706573,1.6506335418068088,0.6276222511746329,0.8977002466158571,0.07770024661585717,0.005030240547926335,0.06984402750024671,0.004603142691256128,0.45,-0.02776075831976406,0.06908220738484382,0.0706058476156496,0.7085354603573725,0.7241625396476882,0.7085354603573725,0.7241625396476882,0.14416922816901856,0.19781905878492145,0.2897632785577227,0.29622204177823147,0.0010475189947558258,0.58703283933071,157.70869683325301,TRACKING,STOPPED,0.0
63.4,PID,1.3899053536621742,1.5092324492026707,1.6495626302353634,0.6315249141230919,0.9051418020734628,0.08514180207346289,0.011404372075152658,0.08738194719539613,0.015280565127791116,0.45,0.01108945252405106,0.0848530136667467,0.08991088072404556,0.8702873196589406,0.9221628792209801,0.8702873196589406,0.9221628792209801,0.1617518593015681,0.19800033957329188,0.36888260027651953,0.39115775723520474,0.0023494615047132514,0.7623898190164375,157.74681632420385,FOLLOWING,STOPPED,0.0
63.45,PID,1.3994974186266467,1.499640384238198,1.6482272669802291,0.6363593576572282,0.9153100121886988,0.09531001218869883,0.01928228906316276,0.10674546768452293,0.028479099855741118,0.45,0.053389897475800516,0.10203217665839778,0.11145875871064809,1.0464838631630542,1.143166756006647,1.0464838631630542,1.143166756006647,0.17619654350411362,0.2210038767856669,0.47540667181732943,0.5199918466548955,0.005412706393921581,1.0008112248661465,157.79685688544714,FOLLOWING,STOPPED,0.0
63.5,PID,1.4039540495901635,1.4951837532746814,1.6469613346398968,0.6409237787440094,0.8983989471925539,0.07839894719255391,0.010754615720803606,0.10110884039312026,0.019588164607729677,0.45,-0.03276456595191747,0.097866999150541,0.10435068163569952,1.0037640938517025,1.07026340139179,1.0037640938517025,1.07026340139179,-0.042719769311351685,-0.07290335461485697,0.23407961967343568,0.25001441027753935,0.0025078622854280237,0.4866018922364031,157.82118698005897,TRACKING,STOPPED,0.0
63.55,PID,1.4155275726823662,1.4836102301824787,1.6458488240033717,0.6449256508558182,0.8881512510109901,0.06815125101099018,0.006391402593033835,0.08950220398384885,0.013690080281710367,0.45,-0.07064622464137864,0.08723649569722579,0.09176791227047192,0.8947332892023158,0.9412093566202248,0.8947332892023158,0.9412093566202248,-0.10903080464938675,-0.12905404477156524,0.2940005573131168,0.30953459813721923,0.001162731570213694,0.6046978870205498,157.85142187441,TRACKING,STOPPED,0.0
63.6,PID,1.4243301439252687,1.4748076589395762,1.6450239800162123,0.6478963144755103,0.8697354209243241,0.04973542092432415,-0.003427075125062906,0.06810767983316499,-0.0006058131631017892,0.45,-0.13613370760161048,0.06820794191165833,0.06800741775467165,0.6995686349913675,0.6975119769709912,0.6995686349913675,0.6975119769709912,-0.1951646542109483,-0.24369737964923355,0.33920811230879117,0.33820226896502675,0.00012471322215122318,0.6775350944959692,157.88529862913478,TRACKING,STOPPED,0.0
63.65,PID,1.4243301439252687,1.4748076589395762,1.645111267721911,0.6475846382046557,0.8558552102382186,0.03585521023821869,-0.010612552371368489,0.0,0.0,0.45,-0.16725721894812365,0.0,0.0,0.0,0.0,0.0,0.0,-0.6995686349913675,-0.6975119769709912,0.0,0.0,0.0,0.0,157.88529862913478,SETTLED,STOPPED,0.0
63.7,PID,1.4243301439252687,1.4748076589395762,1.6451987900182032,0.6472744667429301,0.8561788543632195,0.03617885436321955,-0.010606996521654644,0.0,0.0,0.45,-0.12903659662953262,0.0,0.0,0.0,0.0,0.0,0.0,0.0,0.0,0.0,0.0,0.0,0.0,157.88529862913478,SETTLED,STOPPED,0.0
63.75,PID,1.4243301439252687,1.4748076589395762,1.645283451713918,0.6469665112037707,0.8565011050863257,0.03650110508632576,-0.010599649450190762,0.0,0.0,0.45,-0.09923064218936804,0.0,0.0,0.0,0.0,0.0,0.0,0.0,0.0,0.0,0.0,0.0,0.0,157.88529862913478,SETTLED,STOPPED,0.0
63.8,PID,1.4027932423554137,1.496344560509431,1.6453712101059046,0.6466564705234312,0.8568204771755175,0.03682047717551751,-0.010597087729373511,0.0,0.0,0.45,-0.0759946637152633,0.0,0.0,0.0,0.0,0.0,0.0,0.0,0.0,0.0,0.0,0.0,0.0,157.88529862913478,SETTLED,STOPPED,0.0
63.85,PID,1.3970258073148016,1.502111995550043,1.6454608041162555,0.6463467515547036,0.8836367583470115,0.06363675834701155,0.006673654454190769,0.0,0.0,0.45,0.05871579945667511,0.0,0.0,0.0,0.0,0.0,0.0,0.0,0.0,0.0,0.0,0.0,0.0,157.88529862913478,SETTLED,STOPPED,0.0
63.9,PID,1.399091386418115,1.5000464164467298,1.6455474988257408,0.6460380293872585,0.8910971330142081,0.07109713301420817,0.011122374203030638,0.0,0.0,0.45,0.07862397211187361,0.0,0.0,0.0,0.0,0.0,0.0,0.0,0.0,0.0,0.0,0.0,0.0,157.88529862913478,SETTLED,STOPPED,0.0
63.95,PID,1.4166328158304942,1.4825049870343505,1.6456339750229667,0.6457318182994628,0.8888593479910081,0.06885934799100812,0.00953156305313696,0.0,0.0,0.45,0.05148044414518066,0.0,0.0,0.0,0.0,0.0,0.0,0.0,0.0,0.0,0.0,0.0,0.0,157.88529862913478,SETTLED,STOPPED,0.0
64.0,PID,1.3931976158669994,1.5059401869978455,1.6457216100647785,0.6454233968079492,0.867543005750217,0.04754300575021708,-0.004293582940526841,0.0,0.0,0.45,-0.05363715942624501,0.0,0.0,0.0,0.0,0.0,0.0,0.0,0.0,0.0,0.0,0.0,0.0,157.88529862913478,SETTLED,STOPPED,0.0
64.05,PID,1.414339169800148,1.484798633064697,1.6450812265185426,0.6477201152187194,0.89680405543481,0.07680405543481006,0.014012903121829678,0.05417740924934975,0.022085699390061546,0.45,0.08691163425974532,0.050522226000294566,0.05783259249840494,0.5181766769260981,0.5931547948554352,0.5181766769260981,0.5931547948554352,0.5181766769260981,0.5931547948554352,0.5239741056555052,0.6000579303983545,0.007024004892693975,1.1310560409465535,157.9418514311821,TRACKING,STOPPED,0.0
64.1,PID,1.4243301439252687,1.4748076589395762,1.6443994312591474,0.6501676337251248,0.8682985326360131,0.048298532636013136,-0.003566501827160673,0.05723223789339607,-0.0006386108854167724,0.45,-0.0576332255920944,0.05733792799493255,0.05712654779185959,0.5880813127685389,0.5859133106857394,0.5880813127685389,0.5859133106857394,0.06990463584244078,-0.007241484169695833,0.11124913187228408,0.11083138275189217,0.000208972683439307,0.22228948730761555,157.95296590554747,TRACKING,STOPPED,0.0
64.15,PID,1.4243301439252687,1.4748076589395762,1.644489346723607,0.6498558351003224,0.8534996557780984,0.033499655778098436,-0.011713762335011646,0.0,0.0,0.45,-0.110068974136662,0.0,0.0,0.0,0.0,0.0,0.0,-0.5880813127685389,-0.5859133106857394,0.0,0.0,0.0,0.0,157.95296590554747,SETTLED,STOPPED,0.0
64.2,PID,1.4243301439252687,1.4748076589395762,1.6445771288453082,0.64954531141846,0.8538240956031348,0.03382409560313482,-0.011703847714262583,0.0,0.0,0.45,-0.0844262645964362,0.0,0.0,0.0,0.0,0.0,0.0,0.0,0.0,0.0,0.0,0.0,0.0,157.95296590554747,SETTLED,STOPPED,0.0
64.25,PID,1.41988539908542,1.4792524037794248,1.6446669004475445,0.649232501753585,0.8541467535514209,0.03414675355142094,-0.01170331157239457,0.0,0.0,0.45,-0.06443279141276123,0.0,0.0,0.0,0.0,0.0,0.0,0.0,0.0,0.0,0.0,0.0,0.0,157.95296590554747,SETTLED,STOPPED,0.0
64.3,PID,1.4064285230606475,1.4927092798041974,1.6447540992719094,0.6489211765524326,0.8599184618983333,0.03991846189833337,-0.008037538766045182,0.0,0.0,0.45,-0.02486206057553763,0.0,0.0,0.0,0.0,0.0,0.0,0.0,0.0,0.0,0.0,0.0,0.0,157.95296590554747,SETTLED,STOPPED,0.0
64.35,PID,1.3961246616676075,1.5030131411972374,1.6448420641193309,0.6486096317087776,0.8767995457718035,0.05679954577180357,0.002773540751904724,0.0,0.0,0.45,0.05488436179435378,0.0,0.0,0.0,0.0,0.0,0.0,0.0,0.0,0.0,0.0,0.0,0.0,157.95296590554747,SETTLED,STOPPED,0.0
64.4,PID,1.394103022403438,1.5050347804614066,1.6449304615945828,0.6482992450210486,0.889868362910228,0.06986836291022802,0.010773352090730048,0.0,0.0,0.45,0.10031259760866679,0.0,0.0,0.0,0.0,0.0,0.0,0.0,0.0,0.0,0.0,0.0,0.0,157.95296590554747,SETTLED,STOPPED,0.0
64.45,PID,1.4005468358119628,1.498590967052882,1.6450174918006684,0.6479886151078411,0.892698259176898,0.0726982591768981,0.012303852904542723,0.0,0.0,0.45,0.09069536970810912,0.0,0.0,0.0,0.0,0.0,0.0,0.0,0.0,0.0,0.0,0.0,0.0,157.95296590554747,SETTLED,STOPPED,0.0
64.5,PID,1.4081517183314276,1.4909860845334173,1.6451040164725341,0.647679005298417,0.8850368708556628,0.0650368708556629,0.007349629218578846,0.0,0.0,0.45,0.037032279758888335,0.0,0.0,0.0,0.0,0.0,0.0,0.0,0.0,0.0,0.0,0.0,0.0,157.95296590554747,SETTLED,STOPPED,0.0
64.55,PID,1.4207746586089463,1.4783631442558987,1.6451957999065212,0.6473695455297119,0.875964166779794,0.0559641667797941,0.0014041879449973038,0.0,0.0,0.45,-0.011034719721892083,0.0,0.0,0.0,0.0,0.0,0.0,0.0,0.0,0.0,0.0,0.0,0.0,157.95296590554747,SETTLED,STOPPED,0.0
64.6,PID,1.4243301439252687,1.4748076589395762,1.645283432319916,0.6470575431243425,0.860764317211863,0.04076431721186302,-0.008742570230518165,0.0,0.0,0.45,-0.07548641948197637,0.0,0.0,0.0,0.0,0.0,0.0,0.0,0.0,0.0,0.0,0.0,0.0,157.95296590554747,SETTLED,STOPPED,0.0
64.65,PID,1.4243301439252687,1.4748076589395762,1.645367704349147,0.6467515323137436,0.856732519450815,0.036732519450815015,-0.011666719117972457,0.0,0.0,0.45,-0.07661931734455381,0.0,0.0,0.0,0.0,0.0,0.0,0.0,0.0,0.0,0.0,0.0,0.0,157.95296590554747,SETTLED,STOPPED,0.0
64.7,PID,1.4243301439252687,1.4748076589395762,1.6454558866942794,0.6464393171191112,0.8570499121758992,0.03704991217589926,-0.011664484199129577,0.0,0.0,0.45,-0.05836653953838123,0.0,0.0,0.0,0.0,0.0,0.0,0.0,0.0,0.0,0.0,0.0,0.0,157.95296590554747,SETTLED,STOPPED,0.0
64.75,PID,1.4242838441140258,1.4748539587508191,1.6455430941635725,0.6461296933380689,0.8573743078991425,0.037374307899142534,-0.011659092465468257,0.0,0.0,0.45,-0.04409855965766687,0.0,0.0,0.0,0.0,0.0,0.0,0.0,0.0,0.0,0.0,0.0,0.0,157.95296590554747,SETTLED,STOPPED,0.0
64.8,PID,1.392066437678199,1.5070713651866459,1.6456319439838736,0.6458187752740129,0.8577526239052786,0.03775262390527867,-0.011618159950156581,0.0,0.0,0.45,-0.032732286105981064,0.0,0.0,0.0,0.0,0.0,0.0,0.0,0.0,0.0,0.0,0.0,0.0,157.95296590554747,SETTLED,STOPPED,0.0
64.85,PID,1.399091386418115,1.5000464164467298,1.6448637286601315,0.6485579389680682,0.897803703277766,0.07780370327776609,0.013808770798123371,0.0633752791215733,0.026491726069509884,0.45,0.15069356607628942,0.05899089845706941,0.06775965978607719,0.6050348559699427,0.6949708696007917,0.6050348559699427,0.6949708696007917,0.6050348559699427,0.6949708696007917,0.7016468290341753,0.8063188438588159,0.010106086322044648,1.5180717592150357,158.0288694935082,TRACKING,STOPPED,0.0
64.9,PID,1.403407830132887,1.495729972731958,1.6437928243337414,0.6523628158669499,0.8862486510511912,0.06624865105119127,0.007159742699561988,0.08550944753527241,0.01693786725630282,0.45,0.06669875174257364,0.0827062305043543,0.08831266456619052,0.8482690308138903,0.9057709186275951,0.8482690308138903,0.9057709186275951,0.2432341748439476,0.21080004902680338,0.42216063454746433,0.4510902755790195,0.002330236690035397,0.8755811468165192,158.07264855084904,TRACKING,STOPPED,0.0
64.95,PID,1.4113819712012095,1.4877558316636355,1.6426867116102062,0.6562841141239316,0.8769567302412998,0.05695673024129988,0.0029815496480882775,0.0879675979645244,0.009695023540424104,0.45,0.01114057479568302,0.08636307156858421,0.08957212436046459,0.88577509301112,0.918688454979124,0.88577509301112,0.918688454979124,0.03750606219722974,0.012917536351528924,0.16064429982730588,0.16679489469956266,0.0010111613806808777,0.3284503559075494,158.08907106864442,TRACKING,STOPPED,0.0
65.0,PID,1.3995917219875156,1.4995460808773293,1.6427757867055068,0.6559781084007581,0.8630452479471157,0.04304524794711573,-0.003844371968767746,0.0,0.0,0.45,-0.05252087375378099,0.0,0.0,0.0,0.0,0.0,0.0,-0.88577509301112,-0.918688454979124,0.0,0.0,0.0,0.0,158.08907106864442,SETTLED,STOPPED,0.0
65.05,PID,1.418536838541412,1.4806009643234328,1.6428649020954116,0.6556705073363759,0.8779210747675428,0.057921074767542824,0.005504401968674522,0.0,0.0,0.45,0.024487356481933772,0.0,0.0,0.0,0.0,0.0,0.0,0.0,0.0,0.0,0.0,0.0,0.0,158.08907106864442,SETTLED,STOPPED,0.0
65.1,PID,1.4243301439252687,1.4748076589395762,1.6429506724214744,0.6553662359329147,0.854887910174639,0.0348879101746391,-0.00964727710480906,0.0,0.0,0.45,-0.08224578615287378,0.0,0.0,0.0,0.0,0.0,0.0,0.0,0.0,0.0,0.0,0.0,0.0,158.08907106864442,SETTLED,STOPPED,0.0
65.15,PID,1.4243301439252687,1.4748076589395762,1.6430406486689229,0.655053467902188,0.8481032845232606,0.028103284523260608,-0.014445135944625154,0.0,0.0,0.45,-0.09400406606530863,0.0,0.0,0.0,0.0,0.0,0.0,0.0,0.0,0.0,0.0,0.0,0.0,158.08907106864442,SETTLED,STOPPED,0.0
65.2,PID,1.4243301439252687,1.4748076589395762,1.643131746132862,0.6547385299802058,0.8484286762059535,0.028428676205953574,-0.014443216007331783,0.0,0.0,0.45,-0.0718914481270916,0.0,0.0,0.0,0.0,0.0,0.0,0.0,0.0,0.0,0.0,0.0,0.0,158.08907106864442,SETTLED,STOPPED,0.0
65.25,PID,1.4135888959735239,1.485548906891321,1.6432211271382418,0.6544263733221729,0.848756453525268,0.02875645352526801,-0.014447783107474077,0.0,0.0,0.45,-0.05463310933414784,0.0,0.0,0.0,0.0,0.0,0.0,0.0,0.0,0.0,0.0,0.0,0.0,158.08907106864442,SETTLED,STOPPED,0.0
65.3,PID,1.4032802715046995,1.4958575313601454,1.643309342145485,0.654115840694174,0.8622619250529888,0.04226192505298887,-0.005625378842217144,0.0,0.0,0.45,0.016810249441339846,0.0,0.0,0.0,0.0,0.0,0.0,0.0,0.0,0.0,0.0,0.0,0.0,158.08907106864442,SETTLED,STOPPED,0.0
65.35,PID,1.3908775757410272,1.5082602271238175,1.6433995459838253,0.6538057320376985,0.8752959662639187,0.05529596626391875,0.0025962795348077883,0.0,0.0,0.45,0.07046177589233982,0.0,0.0,0.0,0.0,0.0,0.0,0.0,0.0,0.0,0.0,0.0,0.0,158.08907106864442,SETTLED,STOPPED,0.0
65.4,PID,1.3983006911447022,1.5008371117201424,1.6434856984592467,0.6534980164792904,0.8909881198019304,0.07098811980193043,0.012171791266982979,0.0,0.0,0.45,0.12400566076328037,0.0,0.0,0.0,0.0,0.0,0.0,0.0,0.0,0.0,0.0,0.0,0.0,158.08907106864442,SETTLED,STOPPED,0.0
65.45,PID,1.4015962529972787,1.497541549867566,1.6435720888435505,0.6531893654089068,0.8820993312180999,0.06209933121809996,0.006476248763525705,0.0,0.0,0.45,0.05761374562650243,0.0,0.0,0.0,0.0,0.0,0.0,0.0,0.0,0.0,0.0,0.0,0.0,158.08907106864442,SETTLED,STOPPED,0.0
65.5,PID,1.4125090425479416,1.4866287603169033,1.6436605164421487,0.6528769958655405,0.8783410024208202,0.0583410024208203,0.003914258155371719,0.0,0.0,0.45,0.028402074880640435,0.0,0.0,0.0,0.0,0.0,0.0,0.0,0.0,0.0,0.0,0.0,0.0,158.08907106864442,SETTLED,STOPPED,0.0
65.55,PID,1.4243301439252687,1.4748076589395762,1.6437492625938912,0.6525657230363312,0.8652011376606165,0.04520113766061651,-0.004743379112713164,0.0,0.0,0.45,-0.03566178653800042,0.0,0.0,0.0,0.0,0.0,0.0,0.0,0.0,0.0,0.0,0.0,0.0,158.08907106864442,SETTLED,STOPPED,0.0
65.6,PID,1.4243301439252687,1.4748076589395762,1.643837669370391,0.6522564117959296,0.8510150120857041,0.03101501208570412,-0.014418764484818603,0.0,0.0,0.45,-0.09023514602925839,0.0,0.0,0.0,0.0,0.0,0.0,0.0,0.0,0.0,0.0,0.0,0.0,158.08907106864442,SETTLED,STOPPED,0.0
65.65,PID,1.4243301439252687,1.4748076589395762,1.643927240869817,0.6519448370913967,0.8513366595563763,0.03133665955637632,-0.014408451807993883,0.0,0.0,0.45,-0.06896816503186377,0.0,0.0,0.0,0.0,0.0,0.0,0.0,0.0,0.0,0.0,0.0,0.0,158.08907106864442,SETTLED,STOPPED,0.0
65.7,PID,1.4243301439252687,1.4748076589395762,1.644016141138561,0.6516349040024805,0.8516607943109875,0.03166079431098756,-0.014400250168125295,0.0,0.0,0.45,-0.05236897580456421,0.0,0.0,0.0,0.0,0.0,0.0,0.0,0.0,0.0,0.0,0.0,0.0,158.08907106864442,SETTLED,STOPPED,0.0
65.75,PID,1.4106414207049172,1.4884963821599275,1.6441042511774278,0.6513243967225111,0.8519831699290348,0.03198316992903483,-0.014393851292392013,0.0,0.0,0.45,-0.039429348408152036,0.0,0.0,0.0,0.0,0.0,0.0,0.0,0.0,0.0,0.0,0.0,0.0,158.08907106864442,SETTLED,STOPPED,0.0
65.8,PID,1.395214689234147,1.5039231136306976,1.644192409495594,0.6510151062826374,0.8691155426141348,0.049115542614134866,-0.0032379831324942376,0.0,0.0,0.45,0.044627548056085875,0.0,0.0,0.0,0.0,0.0,0.0,0.0,0.0,0.0,0.0,0.0,0.0,158.08907106864442,SETTLED,STOPPED,0.0
65.85,PID,1.399091386418115,1.5000464164467298,1.6442839648608785,0.6507030466441329,0.8885054722313341,0.06850547223133419,0.008820263116354088,0.0,0.0,0.45,0.12012517779942884,0.0,0.0,0.0,0.0,0.0,0.0,0.0,0.0,0.0,0.0,0.0,0.0,158.08907106864442,SETTLED,STOPPED,0.0
65.9,PID,1.4118031676154152,1.4873346352494297,1.6443728543249345,0.650392801469167,0.8840269002417526,0.06402690024175262,0.0058413386349014385,0.0,0.0,0.45,0.07399192192939448,0.0,0.0,0.0,0.0,0.0,0.0,0.0,0.0,0.0,0.0,0.0,0.0,158.08907106864442,SETTLED,STOPPED,0.0
65.95,PID,1.3998383821627332,1.4992994207021118,1.644461746208816,0.6500852350738847,0.8686542996541448,0.048654299654144806,-0.0041661367212417755,0.0,0.0,0.45,-0.009925743480550517,0.0,0.0,0.0,0.0,0.0,0.0,0.0,0.0,0.0,0.0,0.0,0.0,158.08907106864442,SETTLED,STOPPED,0.0
66.0,PID,1.4090364766553598,1.490101326209485,1.6445511952261067,0.649772955881047,0.8837450556067826,0.06374505560678267,0.00525283994182657,0.0,0.0,0.45,0.058657246276781,0.0,0.0,0.0,0.0,0.0,0.0,0.0,0.0,0.0,0.0,0.0,0.0,158.08907106864442,SETTLED,STOPPED,0.0
66.05,PID,1.4227345072826763,1.4764032955821687,1.644640482221125,0.649460656076444,0.872707827765001,0.05270782776500105,-0.001959291857278167,0.0,0.0,0.45,-0.0028111504079527463,0.0,0.0,0.0,0.0,0.0,0.0,0.0,0.0,0.0,0.0,0.0,0.0,158.08907106864442,SETTLED,STOPPED,0.0
66.1,PID,1.4243301439252687,1.4748076589395762,1.644730709131568,0.6491486837243157,0.8561988032846567,0.036198803284656744,-0.013041067401128092,0.0,0.0,0.45,-0.0748324050317222,0.0,0.0,0.0,0.0,0.0,0.0,0.0,0.0,0.0,0.0,0.0,0.0,158.08907106864442,SETTLED,STOPPED,0.0
66.15,PID,1.4243301439252687,1.4748076589395762,1.644818346344185,0.6488353894786604,0.8545695714783966,0.03456957147839668,-0.01435614779218386,0.0,0.0,0.45,-0.06553789587228802,0.0,0.0,0.0,0.0,0.0,0.0,0.0,0.0,0.0,0.0,0.0,0.0,158.08907106864442,SETTLED,STOPPED,0.0
66.2,PID,1.4235076352467293,1.4756301676181156,1.6449071480763724,0.6485243742858614,0.8548948691648236,0.03489486916482365,-0.014360743070626292,0.0,0.0,0.45,-0.049688248960105895,0.0,0.0,0.0,0.0,0.0,0.0,0.0,0.0,0.0,0.0,0.0,0.0,158.08907106864442,SETTLED,STOPPED,0.0
66.25,PID,1.408239641141302,1.4908981617235426,1.6449954524289634,0.6482138446670362,0.8562252843994861,0.036225284399486135,-0.013677647569607432,0.0,0.0,0.45,-0.032903007156367334,0.0,0.0,0.0,0.0,0.0,0.0,0.0,0.0,0.0,0.0,0.0,0.0,158.08907106864442,SETTLED,STOPPED,0.0
66.3,PID,1.3991431918020318,1.4999946110628128,1.6450846863646134,0.647901555917418,0.8753114716439339,0.05531147164393391,-0.0013329245550397495,0.0,0.0,0.45,0.05831487829360846,0.0,0.0,0.0,0.0,0.0,0.0,0.0,0.0,0.0,0.0,0.0,0.0,158.08907106864442,SETTLED,STOPPED,0.0
66.35,PID,1.3916881982958986,1.507449604568946,1.6451723930981292,0.6475908206141243,0.88687642508677,0.06687642508677005,0.005768048096213452,0.0,0.0,0.45,0.09637140021749653,0.0,0.0,0.0,0.0,0.0,0.0,0.0,0.0,0.0,0.0,0.0,0.0,158.08907106864442,SETTLED,STOPPED,0.0
66.4,PID,1.399943129785078,1.499194673079767,1.6444637794729888,0.6500931855554686,0.896443732399753,0.076443732399753,0.011447958830977045,0.05829948596447869,0.012106632405171232,0.45,0.11726584434677463,0.05629583830142285,0.060303133627534526,0.5773932133479267,0.6184936782311233,0.5773932133479267,0.6184936782311233,0.5773932133479267,0.6184936782311233,0.6223475129194841,0.6668004729265203,0.0021106158939928872,1.2912586017399974,158.1536339987314,TRACKING,STOPPED,0.0
66.45,PID,1.4057368942238881,1.4934009086409568,1.6434987209595655,0.6535016815760356,0.8836083319207523,0.06360833192075233,0.004548643673740305,0.0772836436616796,0.006214414061039134,0.45,0.03499159648287806,0.07625515813457762,0.07831212918878158,0.7821041859956679,0.8032013250131445,0.7821041859956679,0.8032013250131445,0.20471097264774119,0.18470764678202112,0.34928793443148326,0.35881159374568633,0.0005272802572102461,0.7086268084343799,158.18906533915313,TRACKING,STOPPED,0.0
66.5,PID,1.417756128474522,1.481381674390323,1.6425310546912606,0.6569220300765795,0.8729040026697886,0.052904002669788674,-0.00029163468079751453,0.07755442810176845,0.00041506062592926857,0.45,-0.019805603447597853,0.07748573556817716,0.07762312063535974,0.7947254930069452,0.7961345706190742,0.7947254930069452,0.7961345706190742,0.012621307011277283,-0.007066754394070229,0.11573158015177477,0.11594350740447994,3.4661999041371236e-05,0.23170974955529608,158.2006508266309,TRACKING,STOPPED,0.0
66.55,PID,1.4243301439252687,1.4748076589395762,1.6426187693674925,0.6566129143176561,0.8545510356659132,0.03455103566591322,-0.010015991211565822,0.0,0.0,0.45,-0.09620142550618292,0.0,0.0,0.0,0.0,0.0,0.0,-0.7947254930069452,-0.7961345706190742,0.0,0.0,0.0,0.0,158.2006508266309,SETTLED,STOPPED,0.0
66.6,PID,1.4243301439252687,1.4748076589395762,1.642708732365151,0.6563031352364377,0.8468131813596105,0.026813181359610527,-0.015462953243174482,0.0,0.0,0.45,-0.10908367084255646,0.0,0.0,0.0,0.0,0.0,0.0,0.0,0.0,0.0,0.0,0.0,0.0,158.2006508266309,SETTLED,STOPPED,0.0
66.65,PID,1.4243301439252687,1.4748076589395762,1.642798565768031,0.6559911227585782,0.8471356817012828,0.027135681701282888,-0.015457055376047135,0.0,0.0,0.45,-0.08366626175383557,0.0,0.0,0.0,0.0,0.0,0.0,0.0,0.0,0.0,0.0,0.0,0.0,158.2006508266309,SETTLED,STOPPED,0.0
66.7,PID,1.4243301439252687,1.4748076589395762,1.6428872940981183,0.6556790243953275,0.8474603066019758,0.027460306601975848,-0.015451200155600864,0.0,0.0,0.45,-0.06383133460494264,0.0,0.0,0.0,0.0,0.0,0.0,0.0,0.0,0.0,0.0,0.0,0.0,158.2006508266309,SETTLED,STOPPED,0.0
66.75,PID,1.3969989972958088,1.502138805569036,1.6429752090008365,0.6553697597883325,0.8477847296466261,0.02778472964662615,-0.01544538007538887,0.0,0.0,0.45,-0.04836097959539385,0.0,0.0,0.0,0.0,0.0,0.0,0.0,0.0,0.0,0.0,0.0,0.0,158.2006508266309,SETTLED,STOPPED,0.0
66.8,PID,1.398362940790095,1.5007748620747496,1.6430649033971563,0.6550610393622985,0.8817721438201139,0.06177214382011398,0.006522400656964411,0.0,0.0,0.45,0.11182305827894774,0.0,0.0,0.0,0.0,0.0,0.0,0.0,0.0,0.0,0.0,0.0,0.0,158.2006508266309,SETTLED,STOPPED,0.0
66.85,PID,1.399091386418115,1.5000464164467298,1.6431554744435086,0.6547483799767877,0.8804038394002236,0.06040383940022365,0.005459430688205202,0.0,0.0,0.45,0.08120144601006143,0.0,0.0,0.0,0.0,0.0,0.0,0.0,0.0,0.0,0.0,0.0,0.0,158.2006508266309,SETTLED,STOPPED,0.0
66.9,PID,1.4180227374969432,1.4811150653679017,1.6432431073947291,0.6544369086863324,0.8798272839163415,0.05982728391634151,0.004892862637755568,0.0,0.0,0.45,0.06080028375876639,0.0,0.0,0.0,0.0,0.0,0.0,0.0,0.0,0.0,0.0,0.0,0.0,158.2006508266309,SETTLED,STOPPED,0.0
66.95,PID,1.3941583677455516,1.504979435119293,1.6433336991123675,0.6541242864051302,0.8568086074213616,0.036808607421361605,-0.01020520329456498,0.0,0.0,0.45,-0.05385795524607956,0.0,0.0,0.0,0.0,0.0,0.0,0.0,0.0,0.0,0.0,0.0,0.0,158.2006508266309,SETTLED,STOPPED,0.0
67.0,PID,1.4161220144338724,1.4830157884309723,1.6434236443722134,0.6538141884809943,0.8865905649481968,0.06659056494819682,0.008690193857394002,0.0,0.0,0.45,0.08903140802614032,0.0,0.0,0.0,0.0,0.0,0.0,0.0,0.0,0.0,0.0,0.0,0.0,158.2006508266309,SETTLED,STOPPED,0.0
67.05,PID,1.4243301439252687,1.4748076589395762,1.643513306184304,0.6535024602550499,0.8597914423464739,0.039791442346473915,-0.008647335049029259,0.0,0.0,0.45,-0.048471641187198,0.0,0.0,0.0,0.0,0.0,0.0,0.0,0.0,0.0,0.0,0.0,0.0,158.2006508266309,SETTLED,STOPPED,0.0
67.1,PID,1.4243301439252687,1.4748076589395762,1.643602203671986,0.6531897973975708,0.8500491091719936,0.03004910917199366,-0.01540373387205829,0.0,0.0,0.45,-0.08067414609373,0.0,0.0,0.0,0.0,0.0,0.0,0.0,0.0,0.0,0.0,0.0,0.0,158.2006508266309,SETTLED,STOPPED,0.0
67.15,PID,1.4243301439252687,1.4748076589395762,1.6436925932100555,0.6528790168928043,0.8503741215432334,0.03037412154323349,-0.01540216924445903,0.0,0.0,0.45,-0.06149577951965406,0.0,0.0,0.0,0.0,0.0,0.0,0.0,0.0,0.0,0.0,0.0,0.0,158.2006508266309,SETTLED,STOPPED,0.0
67.2,PID,1.417211132134833,1.4819266707300116,1.6437820637311997,0.6525683697765525,0.8506976999928184,0.03069769999281846,-0.0153957143837542,0.0,0.0,0.45,-0.04654296284715622,0.0,0.0,0.0,0.0,0.0,0.0,0.0,0.0,0.0,0.0,0.0,0.0,158.2006508266309,SETTLED,STOPPED,0.0
67.25,PID,1.405091389585354,1.4940464132794908,1.6438716373570876,0.6522553343363298,0.8597497184674467,0.03974971846744679,-0.00952620070762289,0.0,0.0,0.45,0.003525370267585072,0.0,0.0,0.0,0.0,0.0,0.0,0.0,0.0,0.0,0.0,0.0,0.0,158.2006508266309,SETTLED,STOPPED,0.0
67.3,PID,1.3938961058754518,1.5052416969893931,1.6439592648102255,0.651946330340175,0.8750018441776118,0.05500184417761189,0.00018271550863291353,0.0,0.0,0.45,0.06985914193344661,0.0,0.0,0.0,0.0,0.0,0.0,0.0,0.0,0.0,0.0,0.0,0.0,158.2006508266309,SETTLED,STOPPED,0.0
67.35,PID,1.3958858670371628,1.5032519358276821,1.6440495252304959,0.6516339687549192,0.8891819646177387,0.06918196461773873,0.008862451552595907,0.0,0.0,0.45,0.11688266064465,0.0,0.0,0.0,0.0,0.0,0.0,0.0,0.0,0.0,0.0,0.0,0.0,158.2006508266309,SETTLED,STOPPED,0.0
67.4,PID,1.4009925469703939,1.498145255894451,1.6441398348964036,0.6513242897390199,0.887039098962973,0.067039098962973,0.007331925317275667,0.0,0.0,0.45,0.08173986642185722,0.0,0.0,0.0,0.0,0.0,0.0,0.0,0.0,0.0,0.0,0.0,0.0,158.2006508266309,SETTLED,STOPPED,0.0
67.45,PID,1.409934562965152,1.4892032398996926,1.6442279981444272,0.651015212886453,0.8810370890866012,0.061037089086601215,0.00338554555154591,0.0,0.0,0.45,0.037348252353011285,0.0,0.0,0.0,0.0,0.0,0.0,0.0,0.0,0.0,0.0,0.0,0.0,158.2006508266309,SETTLED,STOPPED,0.0
67.5,PID,1.423003214401102,1.476134588463743,1.644317195224024,0.6507048490359502,0.8703175181486653,0.05031751814866536,-0.0036567230651012306,0.0,0.0,0.45,-0.018034475291571626,0.0,0.0,0.0,0.0,0.0,0.0,0.0,0.0,0.0,0.0,0.0,0.0,158.2006508266309,SETTLED,STOPPED,0.0
67.55,PID,1.4243301439252687,1.4748076589395762,1.644407908561276,0.6503922857413158,0.8545841870989204,0.034584187098920416,-0.014271018574508743,0.0,0.0,0.45,-0.08329354734630758,0.0,0.0,0.0,0.0,0.0,0.0,0.0,0.0,0.0,0.0,0.0,0.0,158.2006508266309,SETTLED,STOPPED,0.0
67.6,PID,1.4243301439252687,1.4748076589395762,1.6444974309674858,0.6500824646183402,0.8532847883636557,0.03328478836365578,-0.015363987823228564,0.0,0.0,0.45,-0.07068632136528463,0.0,0.0,0.0,0.0,0.0,0.0,0.0,0.0,0.0,0.0,0.0,0.0,158.2006508266309,SETTLED,STOPPED,0.0
67.65,PID,1.4243301439252687,1.4748076589395762,1.644587007655931,0.649769879105328,0.8536072167172268,0.033607216717226884,-0.015356165128168175,0.0,0.0,0.45,-0.05371664590920908,0.0,0.0,0.0,0.0,0.0,0.0,0.0,0.0,0.0,0.0,0.0,0.0,158.2006508266309,SETTLED,STOPPED,0.0
67.7,PID,1.4184895990544208,1.480648203810424,1.6446754377262376,0.6494593561227131,0.8539323299736888,0.03393232997368889,-0.015357201230743023,0.0,0.0,0.45,-0.04046848548075018,0.0,0.0,0.0,0.0,0.0,0.0,0.0,0.0,0.0,0.0,0.0,0.0,158.2006508266309,SETTLED,STOPPED,0.0
67.75,PID,1.3934035711534924,1.5057342317113525,1.6447661109059244,0.6491461016989633,0.8614144961260507,0.04141449612605075,-0.010553879548203415,0.0,0.0,0.45,0.0013561123954088997,0.0,0.0,0.0,0.0,0.0,0.0,0.0,0.0,0.0,0.0,0.0,0.0,158.2006508266309,SETTLED,STOPPED,0.0
67.8,PID,1.399091386418115,1.5000464164467298,1.6448562376945812,0.6488339164411934,0.8927073153441248,0.07270731534412489,0.00919065427046828,0.0,0.0,0.45,0.138746172227953,0.0,0.0,0.0,0.0,0.0,0.0,0.0,0.0,0.0,0.0,0.0,0.0,158.2006508266309,SETTLED,STOPPED,0.0
67.85,PID,1.406973519400336,1.4921642834645088,1.6449449007360826,0.6485241740641606,0.8859814232186919,0.06598142321869194,0.004840445286895312,0.0,0.0,0.45,0.07862808898589665,0.0,0.0,0.0,0.0,0.0,0.0,0.0,0.0,0.0,0.0,0.0,0.0,158.2006508266309,SETTLED,STOPPED,0.0
67.9,PID,1.4064791484584667,1.492658654406378,1.6450352497022063,0.6482121770035785,0.8765609006360452,0.05656090063604524,-0.0013049572305170454,0.0,0.0,0.45,0.019879610045351576,0.0,0.0,0.0,0.0,0.0,0.0,0.0,0.0,0.0,0.0,0.0,0.0,158.2006508266309,SETTLED,STOPPED,0.0
67.95,PID,1.4036031224133958,1.4955346804514489,1.6451196115718794,0.647911051488153,0.877495792946388,0.05749579294638807,-0.0009149864887068038,0.0,0.0,0.45,0.019619622000882905,0.0,0.0,0.0,0.0,0.0,0.0,0.0,0.0,0.0,0.0,0.0,0.0,158.2006508266309,SETTLED,STOPPED,0.0
68.0,PID,1.4203196831751366,1.478818119689708,1.6452097723257073,0.6475985109806124,0.8813603297813823,0.061360329781382394,0.0013454163024690935,0.0,0.0,0.45,0.03230726723466466,0.0,0.0,0.0,0.0,0.0,0.0,0.0,0.0,0.0,0.0,0.0,0.0,158.2006508266309,SETTLED,STOPPED,0.0
68.05,PID,1.4243301439252687,1.4748076589395762,1.6452978684340653,0.6472916190883234,0.8611048659139338,0.04110486591393381,-0.012008463663860214,0.0,0.0,0.45,-0.06392437257374041,0.0,0.0,0.0,0.0,0.0,0.0,0.0,0.0,0.0,0.0,0.0,0.0,158.2006508266309,SETTLED,STOPPED,0.0
68.1,PID,1.4243301439252687,1.4748076589395762,1.6453882640661466,0.6469804487215564,0.856510088373567,0.03651008837356706,-0.0152964123429149,0.0,0.0,0.45,-0.07007803178513235,0.0,0.0,0.0,0.0,0.0,0.0,0.0,0.0,0.0,0.0,0.0,0.0,158.2006508266309,SETTLED,STOPPED,0.0
68.15,PID,1.4243301439252687,1.4748076589395762,1.6454782144223625,0.6466700580079043,0.8568340460425043,0.0368340460425044,-0.015290616751757247,0.0,0.0,0.45,-0.05323545104907887,0.0,0.0,0.0,0.0,0.0,0.0,0.0,0.0,0.0,0.0,0.0,0.0,158.2006508266309,SETTLED,STOPPED,0.0
68.2,PID,1.410914629022937,1.4882231738419078,1.645568198537804,0.6463582417118177,0.8571571356300154,0.037157135630015437,-0.01528145989267582,0.0,0.0,0.45,-0.04010205763323287,0.0,0.0,0.0,0.0,0.0,0.0,0.0,0.0,0.0,0.0,0.0,0.0,158.2006508266309,SETTLED,STOPPED,0.0
68.25,PID,1.4019431380294058,1.4971946648354388,1.6456575425868565,0.646047034514669,0.8739558693872762,0.053955869387276256,-0.004401587248183292,0.0,0.0,0.45,0.04263482357803017,0.0,0.0,0.0,0.0,0.0,0.0,0.0,0.0,0.0,0.0,0.0,0.0,158.2006508266309,SETTLED,STOPPED,0.0
68.3,PID,1.3892733741883592,1.5098644286764857,1.6457482213948669,0.6457363243645183,0.8853524719508352,0.06535247195083527,0.0026434885719066603,0.0,0.0,0.45,0.08340021367052602,0.0,0.0,0.0,0.0,0.0,0.0,0.0,0.0,0.0,0.0,0.0,0.0,158.2006508266309,SETTLED,STOPPED,0.0
68.35,PID,1.399339423758193,1.4997983791066518,1.6449861876782907,0.6484229666301986,0.9013860038359791,0.08138600383597916,0.012287033999312191,0.06237408668776257,0.015264274233030046,0.45,0.13559970695764745,0.059847849302196096,0.06490032407332905,0.6138240954071394,0.6656443494700415,0.6138240954071394,0.6656443494700415,0.6138240954071394,0.6656443494700415,0.7019852343181934,0.7614551906718492,0.003355172177200679,1.4667955971672433,158.27399060648924,FOLLOWING,STOPPED,0.0
68.4,PID,1.4033220701163485,1.4958157327484962,1.6439672397668588,0.6520104537224329,0.8861052000715643,0.0661052000715644,0.0038935469801248956,0.08094911906715982,0.006667957612830764,0.45,0.03853223486353624,0.07984557208223633,0.0820526660520833,0.8189289444331931,0.8415658056623928,0.8189289444331931,0.8415658056623928,0.20510484902605364,0.17592145619235133,0.36052479292986866,0.37060473374548936,0.0008254061978394914,0.7319549328731975,158.31058835313289,TRACKING,STOPPED,0.0
68.45,PID,1.4147375983400974,1.4844002045247475,1.6429246187957083,0.6556765953276724,0.8774493983064638,0.057449398306463895,0.0004673001644854846,0.08275623079834529,0.002153778727408626,0.45,-0.008030384572886105,0.08239978041895916,0.08311268117773142,0.8451259530149657,0.8524377556690402,0.8451259530149657,0.8524377556690402,0.02619700858177265,0.010871950006647424,0.1442145454692653,0.14549964810504765,0.00014000461135401504,0.28985419818566693,158.32508106304218,TRACKING,STOPPED,0.0
68.5,PID,1.4243301439252687,1.4748076589395762,1.6430144639389657,0.6553663551510156,0.8595650858108628,0.03956508581086282,-0.008770390405996364,0.0,0.0,0.45,-0.08495467494750036,0.0,0.0,0.0,0.0,0.0,0.0,-0.8451259530149657,-0.8524377556690402,0.0,0.0,0.0,0.0,158.32508106304218,SETTLED,STOPPED,0.0
68.55,PID,1.4243301439252687,1.4748076589395762,1.6431041467078429,0.6550560461682823,0.8481196154874318,0.028119615487431804,-0.016675128374668224,0.0,0.0,0.45,-0.11662471588214962,0.0,0.0,0.0,0.0,0.0,0.0,0.0,0.0,0.0,0.0,0.0,0.0,158.32508106304218,SETTLED,STOPPED,0.0
68.6,PID,1.4243301439252687,1.4748076589395762,1.643193803730345,0.6547483415695855,0.8484425560606017,0.028442556060601754,-0.0166722966801236,0.0,0.0,0.45,-0.08954633986612885,0.0,0.0,0.0,0.0,0.0,0.0,0.0,0.0,0.0,0.0,0.0,0.0,158.32508106304218,SETTLED,STOPPED,0.0
68.65,PID,1.4243301439252687,1.4748076589395762,1.643282436896251,0.6544363742385495,0.8487629737380203,0.028762973738020392,-0.016665285362759796,0.0,0.0,0.45,-0.06843630731493841,0.0,0.0,0.0,0.0,0.0,0.0,0.0,0.0,0.0,0.0,0.0,0.0,158.32508106304218,SETTLED,STOPPED,0.0
68.7,PID,1.4048471756453125,1.4942906272195324,1.6433732501418832,0.6541236344109428,0.8490872460232011,0.02908724602320112,-0.016657292533656554,0.0,0.0,0.45,-0.051953521650856684,0.0,0.0,0.0,0.0,0.0,0.0,0.0,0.0,0.0,0.0,0.0,0.0,158.32508106304218,SETTLED,STOPPED,0.0
68.75,PID,1.3965518227094404,1.5025859801554042,1.6434629571350292,0.653813255926581,0.8733700613255371,0.05337006132553712,-0.0008490191105010592,0.0,0.0,0.45,0.06632064044261626,0.0,0.0,0.0,0.0,0.0,0.0,0.0,0.0,0.0,0.0,0.0,0.0,158.32508106304218,SETTLED,STOPPED,0.0
68.8,PID,1.399091386418115,1.5000464164467298,1.6435517570982037,0.6535027494015049,0.8839571515057442,0.06395715150574421,0.005614897254579088,0.0,0.0,0.45,0.09831329633815455,0.0,0.0,0.0,0.0,0.0,0.0,0.0,0.0,0.0,0.0,0.0,0.0,158.32508106304218,SETTLED,STOPPED,0.0
68.85,PID,1.4153688568828644,1.4837689459819805,1.6436412168072898,0.6531905817828773,0.8811339586279847,0.061133958627984764,0.003654033906219878,0.0,0.0,0.45,0.06426232248161827,0.0,0.0,0.0,0.0,0.0,0.0,0.0,0.0,0.0,0.0,0.0,0.0,158.32508106304218,SETTLED,STOPPED,0.0
68.9,PID,1.3949355594199904,1.5042022434448543,1.6437297322331865,0.6528812926742654,0.8613760441184353,0.04137604411843532,-0.009261702475339195,0.0,0.0,0.45,-0.03681021230636025,0.0,0.0,0.0,0.0,0.0,0.0,0.0,0.0,0.0,0.0,0.0,0.0,158.32508106304218,SETTLED,STOPPED,0.0
68.95,PID,1.4130478770812402,1.4860899257836047,1.6438187812818783,0.6525704352358089,0.8869306070075279,0.06693060700752795,0.006851505678613368,0.0,0.0,0.45,0.083728111113053,0.0,0.0,0.0,0.0,0.0,0.0,0.0,0.0,0.0,0.0,0.0,0.0,158.32508106304218,SETTLED,STOPPED,0.0
69.0,PID,1.4243301439252687,1.4748076589395762,1.6439091274331266,0.6522590183106992,0.864875685488173,0.044875685488173,-0.007377472551691522,0.0,0.0,0.45,-0.03173372801698597,0.0,0.0,0.0,0.0,0.0,0.0,0.0,0.0,0.0,0.0,0.0,0.0,158.32508106304218,SETTLED,STOPPED,0.0
69.05,PID,1.4243301439252687,1.4748076589395762,1.6439993847546917,0.6519486741152664,0.8513525686804249,0.03135256868042491,-0.01661059958331612,0.0,0.0,0.45,-0.08425402180734405,0.0,0.0,0.0,0.0,0.0,0.0,0.0,0.0,0.0,0.0,0.0,0.0,158.32508106304218,SETTLED,STOPPED,0.0
69.1,PID,1.4243301439252687,1.4748076589395762,1.6440900739173845,0.6516370172778351,0.8516756919583116,0.03167569195831166,-0.016613020299772296,0.0,0.0,0.45,-0.06429639458702659,0.0,0.0,0.0,0.0,0.0,0.0,0.0,0.0,0.0,0.0,0.0,0.0,158.32508106304218,SETTLED,STOPPED,0.0
69.15,PID,1.4208333682961425,1.4783044345687024,1.644179888295221,0.6513256820547962,0.8520001949083945,0.032000194908394564,-0.016610663893023236,0.0,0.0,0.45,-0.04872337479751587,0.0,0.0,0.0,0.0,0.0,0.0,0.0,0.0,0.0,0.0,0.0,0.0,158.32508106304218,SETTLED,STOPPED,0.0
69.2,PID,1.4069025076660087,1.4922352951988362,1.6442673973796975,0.6510155824406899,0.856608151435156,0.036608151435156056,-0.013714846454842666,0.0,0.0,0.45,-0.017729223624310668,0.0,0.0,0.0,0.0,0.0,0.0,0.0,0.0,0.0,0.0,0.0,0.0,158.32508106304218,SETTLED,STOPPED,0.0
69.25,PID,1.396914636009876,1.5022231668549686,1.6443577671599023,0.6507052081495861,0.8740667571768703,0.05406675717687037,-0.002481505404355655,0.0,0.0,0.45,0.06298907083658505,0.0,0.0,0.0,0.0,0.0,0.0,0.0,0.0,0.0,0.0,0.0,0.0,158.32508106304218,SETTLED,STOPPED,0.0
69.3,PID,1.3934710429296233,1.5056667599352216,1.6444484355158235,0.6503942030489932,0.886741753359517,0.06674175335951704,0.00529908989312422,0.0,0.0,0.45,0.10490145845618487,0.0,0.0,0.0,0.0,0.0,0.0,0.0,0.0,0.0,0.0,0.0,0.0,158.32508106304218,SETTLED,STOPPED,0.0
69.35,PID,1.400388840943509,1.4987489619213359,1.6445394989917097,0.6500817315521734,0.8913365235151505,0.07133652351515052,0.007926734974231797,0.0,0.0,0.45,0.10204012628061264,0.0,0.0,0.0,0.0,0.0,0.0,0.0,0.0,0.0,0.0,0.0,0.0,158.32508106304218,SETTLED,STOPPED,0.0
69.4,PID,1.4075197388576126,1.4916180640072323,1.6446290638540741,0.6497706053436241,0.8830886771597938,0.06308867715979383,0.002611172429363151,0.0,0.0,0.45,0.043300774535306355,0.0,0.0,0.0,0.0,0.0,0.0,0.0,0.0,0.0,0.0,0.0,0.0,158.32508106304218,SETTLED,STOPPED,0.0
69.45,PID,1.4199846842666775,1.4791531185981672,1.6447179985627725,0.6494611200965097,0.8746016096821758,0.05460160968217587,-0.0029686685559289216,0.0,0.0,0.45,-0.0035684927639821895,0.0,0.0,0.0,0.0,0.0,0.0,0.0,0.0,0.0,0.0,0.0,0.0,158.32508106304218,SETTLED,STOPPED,0.0
69.5,PID,1.4243301439252687,1.4748076589395762,1.6448093497578966,0.6491493178481091,0.8595893641339345,0.039589364133934546,-0.01299064168708508,0.0,0.0,0.45,-0.06883730476817167,0.0,0.0,0.0,0.0,0.0,0.0,0.0,0.0,0.0,0.0,0.0,0.0,158.32508106304218,SETTLED,STOPPED,0.0
69.55,PID,1.4243301439252687,1.4748076589395762,1.6448990533624428,0.6488386636718392,0.8545892442679698,0.03458924426796983,-0.016556432616663397,0.0,0.0,0.45,-0.07569362512941989,0.0,0.0,0.0,0.0,0.0,0.0,0.0,0.0,0.0,0.0,0.0,0.0,158.32508106304218,SETTLED,STOPPED,0.0
69.6,PID,1.4243301439252687,1.4748076589395762,1.6449887987145977,0.6485264642444226,0.8549125247379987,0.034912524737998774,-0.01655312565055711,0.0,0.0,0.45,-0.057618593532820096,0.0,0.0,0.0,0.0,0.0,0.0,0.0,0.0,0.0,0.0,0.0,0.0,158.32508106304218,SETTLED,STOPPED,0.0
69.65,PID,1.4243301439252687,1.4748076589395762,1.6450792809879844,0.6482151041605689,0.8552373089618381,0.03523730896183819,-0.016547522399790182,0.0,0.0,0.45,-0.043513452370706175,0.0,0.0,0.0,0.0,0.0,0.0,0.0,0.0,0.0,0.0,0.0,0.0,158.32508106304218,SETTLED,STOPPED,0.0
69.7,PID,1.3915924530728379,1.507545349792007,1.6451691583862,0.6479014971569551,0.8555614724436928,0.0355614724436929,-0.016542071103282208,0.0,0.0,0.45,-0.032514173528990005,0.0,0.0,0.0,0.0,0.0,0.0,0.0,0.0,0.0,0.0,0.0,0.0,158.32508106304218,SETTLED,STOPPED,0.0
69.75,PID,1.399091386418115,1.5000464164467298,1.6443884528878385,0.650634322436235,0.8962637440233843,0.07626374402338432,0.009331742320283887,0.06332815801430663,0.023464729908091984,0.45,0.1537289395980402,0.05944474521451741,0.06721157081409586,0.6096896945078709,0.689349444247137,0.6096896945078709,0.689349444247137,0.6096896945078709,0.689349444247137,0.7065997984226451,0.7992509362667728,0.007928547115100224,1.5137792818045182,158.4007700271324,TRACKING,STOPPED,0.0
69.8,PID,1.402143871185257,1.4969939316795877,1.6433094323191977,0.6543997122587534,0.8841219125606748,0.0641219125606749,0.0024499839560079284,0.08479890029160668,0.011487500719164875,0.45,0.0664845144505469,0.08289771892258489,0.08670008166062847,0.8502330145906143,0.8892316067756766,0.8502330145906143,0.8892316067756766,0.24054332008274337,0.19988216252853963,0.41407365069610974,0.43327450437260706,0.0019812733764683114,0.8493294284451851,158.44323649855465,TRACKING,STOPPED,0.0
69.85,PID,1.4131199147542004,1.4860178881106443,1.64218316849556,0.6583324683903199,0.8764278900619569,0.05642789006195692,-0.0004884766228618886,0.08834271138079644,0.004650412960104726,0.45,0.01800422227706556,0.08757306803589911,0.08911235472569377,0.8981853131887088,0.9139728689814746,0.8981853131887088,0.9139728689814746,0.04795229859809447,0.024741262205797976,0.17864921397852715,0.18187593793939924,0.00045785205394716235,0.36098300397187355,158.46128564875323,TRACKING,STOPPED,0.0
69.9,PID,1.398169768171432,1.500968034693413,1.6422731998203701,0.6580216174304938,0.8587974896517735,0.03879748965177354,-0.00950276007937223,0.0,0.0,0.45,-0.06353046842870014,0.0,0.0,0.0,0.0,0.0,0.0,-0.8981853131887088,-0.9139728689814746,0.0,0.0,0.0,0.0,158.46128564875323,SETTLED,STOPPED,0.0
69.95,PID,1.4179048590675971,1.4812329437972478,1.6423642371038383,0.6577095627199854,0.8775791404307529,0.05757914043075296,0.0023777490811403013,0.0,0.0,0.45,0.03308549805312804,0.0,0.0,0.0,0.0,0.0,0.0,0.0,0.0,0.0,0.0,0.0,0.0,158.46128564875323,SETTLED,STOPPED,0.0
70.0,PID,1.4243301439252687,1.4748076589395762,1.642456594790082,0.6574010674006223,0.8535647436306998,0.033564743630699834,-0.013407618782053765,0.0,0.0,0.45,-0.07985665743879991,0.0,0.0,0.0,0.0,0.0,0.0,0.0,0.0,0.0,0.0,0.0,0.0,158.46128564875323,SETTLED,STOPPED,0.0
70.05,PID,1.4243301439252687,1.4748076589395762,1.642548006573501,0.6570880821362776,0.8460098607334373,0.026009860733437362,-0.018724611464559837,0.0,0.0,0.45,-0.0955296775502207,0.0,0.0,0.0,0.0,0.0,0.0,0.0,0.0,0.0,0.0,0.0,0.0,158.46128564875323,SETTLED,STOPPED,0.0
70.1,PID,1.4243301439252687,1.4748076589395762,1.6426401168336517,0.656775083146593,0.8463358327910551,0.026335832791055114,-0.018720924031830233,0.0,0.0,0.45,-0.07307887143565396,0.0,0.0,0.0,0.0,0.0,0.0,0.0,0.0,0.0,0.0,0.0,0.0,158.46128564875323,SETTLED,STOPPED,0.0
70.15,PID,1.4145368651842463,1.4846009376805986,1.642731014257023,0.6564646075311379,0.8466619982789836,0.026661998278983634,-0.018717748049899674,0.0,0.0,0.45,-0.05556639157292452,0.0,0.0,0.0,0.0,0.0,0.0,0.0,0.0,0.0,0.0,0.0,0.0,158.46128564875323,SETTLED,STOPPED,0.0
70.2,PID,1.4037542561100607,1.4953835467547842,1.6428207289710932,0.6561556679866187,0.8590007863701088,0.03900078637010884,-0.010634198196351807,0.0,0.0,0.45,0.010948882174072867,0.0,0.0,0.0,0.0,0.0,0.0,0.0,0.0,0.0,0.0,0.0,0.0,158.46128564875323,SETTLED,STOPPED,0.0
70.25,PID,1.391667550083296,1.507470252781549,1.642910721862631,0.6558440814771249,0.8726145832771358,0.05261458327713586,-0.0020057783507856364,0.0,0.0,0.45,0.06844083448669913,0.0,0.0,0.0,0.0,0.0,0.0,0.0,0.0,0.0,0.0,0.0,0.0,158.46128564875323,SETTLED,STOPPED,0.0
70.3,PID,1.3976687116708872,1.5014690911939574,1.643002035784987,0.6555318524421739,0.8879134344159754,0.06791343441597542,0.007356104161987842,0.0,0.0,0.45,0.12069879591052318,0.0,0.0,0.0,0.0,0.0,0.0,0.0,0.0,0.0,0.0,0.0,0.0,158.46128564875323,SETTLED,STOPPED,0.0
70.35,PID,1.401438258128825,1.4976995447360197,1.6430916606347747,0.6552226902161127,0.8807941029706466,0.06079410297064669,0.002740102566099578,0.0,0.0,0.45,0.06282000245075992,0.0,0.0,0.0,0.0,0.0,0.0,0.0,0.0,0.0,0.0,0.0,0.0,158.46128564875323,SETTLED,STOPPED,0.0
70.4,PID,1.411719068205673,1.4874187346591718,1.6431823607939642,0.6549121569169889,0.8764494379851351,0.05644943798513513,-0.00019244085134495492,0.0,0.0,0.45,0.029883075975340786,0.0,0.0,0.0,0.0,0.0,0.0,0.0,0.0,0.0,0.0,0.0,0.0,158.46128564875323,SETTLED,STOPPED,0.0
70.45,PID,1.4243301439252687,1.4748076589395762,1.6432747047353573,0.6546001222616298,0.8640847515144647,0.04408475151446478,-0.008355261102918732,0.0,0.0,0.45,-0.03109582121018682,0.0,0.0,0.0,0.0,0.0,0.0,0.0,0.0,0.0,0.0,0.0,0.0,158.46128564875323,SETTLED,STOPPED,0.0
70.5,PID,1.4243301439252687,1.4748076589395762,1.64336458794849,0.6542855983688173,0.8489270427614068,0.028927042761406896,-0.018685583255499072,0.0,0.0,0.45,-0.09094865905740421,0.0,0.0,0.0,0.0,0.0,0.0,0.0,0.0,0.0,0.0,0.0,0.0,158.46128564875323,SETTLED,STOPPED,0.0
70.55,PID,1.4243301439252687,1.4748076589395762,1.6434546676420905,0.6539756439412573,0.8492541077627154,0.02925410776271542,-0.01867845741884322,0.0,0.0,0.45,-0.0695008680590177,0.0,0.0,0.0,0.0,0.0,0.0,0.0,0.0,0.0,0.0,0.0,0.0,158.46128564875323,SETTLED,STOPPED,0.0
70.6,PID,1.4243301439252687,1.4748076589395762,1.6435423286672808,0.6536684462314543,0.8495768086172812,0.02957680861728129,-0.01867775669113425,0.0,0.0,0.45,-0.05279079332594389,0.0,0.0,0.0,0.0,0.0,0.0,0.0,0.0,0.0,0.0,0.0,0.0,158.46128564875323,SETTLED,STOPPED,0.0
70.65,PID,1.412695353994816,1.486442448870029,1.643632209293802,0.6533591767932856,0.8498962222449753,0.029896222244975346,-0.018670317420213633,0.0,0.0,0.45,-0.039771398832382315,0.0,0.0,0.0,0.0,0.0,0.0,0.0,0.0,0.0,0.0,0.0,0.0,158.46128564875323,SETTLED,STOPPED,0.0
70.7,PID,1.3947407046287859,1.504397098236059,1.6437238067139748,0.6530485182458425,0.864499606332749,0.044499606332749075,-0.009127835457981348,0.0,0.0,0.45,0.03323319889694987,0.0,0.0,0.0,0.0,0.0,0.0,0.0,0.0,0.0,0.0,0.0,0.0,158.46128564875323,SETTLED,STOPPED,0.0
70.75,PID,1.399091386418115,1.5000464164467298,1.6438141866169662,0.6527380311398896,0.8870101407398462,0.06701014073984624,0.004980658751689182,0.0,0.0,0.45,0.12496824653085403,0.0,0.0,0.0,0.0,0.0,0.0,0.0,0.0,0.0,0.0,0.0,0.0,158.46128564875323,SETTLED,STOPPED,0.0
70.8,PID,1.4105392086677853,1.4885985941970596,1.6439056142224302,0.6524272482535644,0.8819414656021405,0.06194146560214053,0.001622556349548665,0.0,0.0,0.45,0.07517306168815979,0.0,0.0,0.0,0.0,0.0,0.0,0.0,0.0,0.0,0.0,0.0,0.0,158.46128564875323,SETTLED,STOPPED,0.0
70.85,PID,1.401576325715724,1.4975614771491206,1.6439960277170198,0.6521158212558018,0.8681257967705207,0.04812579677052076,-0.007387839779301464,0.0,0.0,0.45,-0.002153954742365835,0.0,0.0,0.0,0.0,0.0,0.0,0.0,0.0,0.0,0.0,0.0,0.0,158.46128564875323,SETTLED,STOPPED,0.0
70.9,PID,1.4076145228392762,1.4915232800255687,1.6440852379182274,0.6518067402234479,0.8795144506983844,0.05951445069838446,-0.00030795709071007593,0.0,0.0,0.45,0.04842999258355778,0.0,0.0,0.0,0.0,0.0,0.0,0.0,0.0,0.0,0.0,0.0,0.0,158.46128564875323,SETTLED,STOPPED,0.0
70.95,PID,1.4221025278088613,1.4770352750559836,1.6441763665660545,0.6514925733427913,0.872377364623359,0.05237736462335907,-0.0050590562806478445,0.0,0.0,0.45,0.006372215485061575,0.0,0.0,0.0,0.0,0.0,0.0,0.0,0.0,0.0,0.0,0.0,0.0,158.46128564875323,SETTLED,STOPPED,0.0
71.0,PID,1.4243301439252687,1.4748076589395762,1.6442672036215775,0.6511825362043526,0.8548903685340435,0.03489036853404359,-0.016788582408444164,0.0,0.0,0.45,-0.07197245471464443,0.0,0.0,0.0,0.0,0.0,0.0,0.0,0.0,0.0,0.0,0.0,0.0,158.46128564875323,SETTLED,STOPPED,0.0
71.05,PID,1.4243301439252687,1.4748076589395762,1.6443583944188294,0.6508721771760716,0.8524849869812781,0.03248498698127811,-0.01862762698252518,0.0,0.0,0.45,-0.0667221935095914,0.0,0.0,0.0,0.0,0.0,0.0,0.0,0.0,0.0,0.0,0.0,0.0,158.46128564875323,SETTLED,STOPPED,0.0
71.1,PID,1.4243301439252687,1.4748076589395762,1.644447724613314,0.6505614737166432,0.8528083660026533,0.032808366002653355,-0.01862011969386579,0.0,0.0,0.45,-0.05062044324343012,0.0,0.0,0.0,0.0,0.0,0.0,0.0,0.0,0.0,0.0,0.0,0.0,158.46128564875323,SETTLED,STOPPED,0.0
71.15,PID,1.4087136257466633,1.4904241771181814,1.6445382576846423,0.6502483447255607,0.8531315978103939,0.03313159781039399,-0.018616874451533816,0.0,0.0,0.45,-0.03806172577581663,0.0,0.0,0.0,0.0,0.0,0.0,0.0,0.0,0.0,0.0,0.0,0.0,158.46128564875323,SETTLED,STOPPED,0.0
71.2,PID,1.3999331661443006,1.4992046367205443,1.6446279956804681,0.6499381348974385,0.872644650682806,0.05264465068280599,-0.005939973082463412,0.0,0.0,0.45,0.05616928653348074,0.0,0.0,0.0,0.0,0.0,0.0,0.0,0.0,0.0,0.0,0.0,0.0,158.46128564875323,SETTLED,STOPPED,0.0
71.25,PID,1.3910562188220836,1.508081584042761,1.644717717351502,0.6496258567589162,0.883815111163296,0.06381511116329608,0.0009385938713004638,0.0,0.0,0.45,0.09296206961027415,0.0,0.0,0.0,0.0,0.0,0.0,0.0,0.0,0.0,0.0,0.0,0.0,158.46128564875323,SETTLED,STOPPED,0.0
71.3,PID,1.3997851349166242,1.4993526679482208,1.644000166768251,0.6521309760353882,0.895148251153196,0.07514825115319601,0.007716611547338381,0.05861558851870886,0.010048223857694345,0.45,0.12237623025157637,0.056952607470260444,0.06027856956715727,0.5841293073872866,0.618241739150331,0.5841293073872866,0.618241739150331,0.5841293073872866,0.618241739150331,0.632602142494703,0.6696718664726204,0.001453921958798547,1.303727930926122,158.52647204529953,TRACKING,STOPPED,0.0
71.35,PID,1.4051049147500732,1.4940328881147718,1.643026156238563,0.6555238233150569,0.8817174020228554,0.06171740202285547,0.0005502105816717062,0.07707955856069518,0.0018495935270272015,0.45,0.03635772342272784,0.07677345083197218,0.07738566628941818,0.7874200085330479,0.79369914142993,0.7874200085330479,0.79369914142993,0.2032907011457613,0.17545740227959905,0.3450975576537417,0.3478793757355882,0.00021836352369732038,0.6931952969130272,158.56113181014518,TRACKING,STOPPED,0.0
71.4,PID,1.4169661541322531,1.4821716487325918,1.6420459075193168,0.658936659154319,0.8716099866928538,0.05160998669285388,-0.0037098632365535344,0.0775505534580459,-0.004361989922497251,0.45,-0.016113603182281812,0.0782724627902192,0.0768286441258726,0.8027944901560943,0.7879860935986933,0.8027944901560943,0.7879860935986933,0.015374481623046332,-0.005713047831236717,0.11953120041210627,0.11725630767180556,0.0003901660474979219,0.23717767413140975,158.57299069385175,TRACKING,STOPPED,0.0
71.45,PID,1.4243301439252687,1.4748076589395762,1.6421376365374816,0.658624382159562,0.853449906819797,0.03344990681979709,-0.013076571161966477,0.0,0.0,0.45,-0.09247296192363423,0.0,0.0,0.0,0.0,0.0,0.0,-0.8027944901560943,-0.7879860935986933,0.0,0.0,0.0,0.0,158.57299069385175,SETTLED,STOPPED,0.0
71.5,PID,1.4243301439252687,1.4748076589395762,1.6422283757449185,0.6583116411771255,0.8447456689047779,0.024745668904777918,-0.0191805381835346,0.0,0.0,0.45,-0.11042755712652126,0.0,0.0,0.0,0.0,0.0,0.0,0.0,0.0,0.0,0.0,0.0,0.0,158.57299069385175,SETTLED,STOPPED,0.0
71.55,PID,1.4243301439252687,1.4748076589395762,1.6423192330118408,0.6580011783923703,0.8450712315846932,0.025071231584693265,-0.01917617589047982,0.0,0.0,0.45,-0.08470101876705897,0.0,0.0,0.0,0.0,0.0,0.0,0.0,0.0,0.0,0.0,0.0,0.0,158.57299069385175,SETTLED,STOPPED,0.0
71.6,PID,1.4243301439252687,1.4748076589395762,1.6424103087317121,0.6576918825669252,0.845394623607642,0.025394623607641997,-0.01916481282990179,0.0,0.0,0.45,-0.06464386973733151,0.0,0.0,0.0,0.0,0.0,0.0,0.0,0.0,0.0,0.0,0.0,0.0,158.57299069385175,SETTLED,STOPPED,0.0
71.65,PID,1.3990529305857076,1.5000848722791373,1.6425020574078288,0.6573778606516331,0.8457169445382335,0.025716944538233588,-0.01916003229353569,0.0,0.0,0.45,-0.0490040063005155,0.0,0.0,0.0,0.0,0.0,0.0,0.0,0.0,0.0,0.0,0.0,0.0,158.57299069385175,SETTLED,STOPPED,0.0
71.7,PID,1.3978889561847339,1.5012488466801108,1.642593115454219,0.657066368360024,0.8771673641880504,0.05716736418805046,0.0012557271292719108,0.0,0.0,0.45,0.10015872154480004,0.0,0.0,0.0,0.0,0.0,0.0,0.0,0.0,0.0,0.0,0.0,0.0,158.57299069385175,SETTLED,STOPPED,0.0
71.75,PID,1.399091386418115,1.5000464164467298,1.6426849661615506,0.6567538497725696,0.8789335482654133,0.058933548265413305,0.0021569527131202193,0.0,0.0,0.45,0.08589501274534098,0.0,0.0,0.0,0.0,0.0,0.0,0.0,0.0,0.0,0.0,0.0,0.0,158.57299069385175,SETTLED,STOPPED,0.0
71.8,PID,1.4189345461503076,1.4802032567145373,1.6427749509930714,0.6564428453537301,0.8777700069494939,0.05777000694949397,0.0012139320106396845,0.0,0.0,0.45,0.06187852815132058,0.0,0.0,0.0,0.0,0.0,0.0,0.0,0.0,0.0,0.0,0.0,0.0,158.57299069385175,SETTLED,STOPPED,0.0
71.85,PID,1.3927364139294578,1.5064013889353869,1.6428659247674908,0.6561293789623487,0.8536309168285194,0.033630916828519486,-0.014666286339213741,0.0,0.0,0.45,-0.0579467445742637,0.0,0.0,0.0,0.0,0.0,0.0,0.0,0.0,0.0,0.0,0.0,0.0,158.57299069385175,SETTLED,STOPPED,0.0
71.9,PID,1.4154900349600514,1.4836477679047932,1.6429575650808936,0.6558166718445317,0.8862997591874118,0.06629975918741182,0.006115476432148492,0.0,0.0,0.45,0.09854444561120876,0.0,0.0,0.0,0.0,0.0,0.0,0.0,0.0,0.0,0.0,0.0,0.0,158.57299069385175,SETTLED,STOPPED,0.0
71.95,PID,1.4243301439252687,1.4748076589395762,1.6430486586221065,0.655503306417075,0.8585137161767482,0.03851371617674826,-0.01184063225809684,0.0,0.0,0.45,-0.045393921670183815,0.0,0.0,0.0,0.0,0.0,0.0,0.0,0.0,0.0,0.0,0.0,0.0,158.57299069385175,SETTLED,STOPPED,0.0
72.0,PID,1.4243301439252687,1.4748076589395762,1.6431383823229488,0.6551925939066744,0.8479961148103838,0.027996114810383887,-0.01913400662186282,0.0,0.0,0.45,-0.08168470491474925,0.0,0.0,0.0,0.0,0.0,0.0,0.0,0.0,0.0,0.0,0.0,0.0,158.57299069385175,SETTLED,STOPPED,0.0
72.05,PID,1.4243301439252687,1.4748076589395762,1.6432293956327844,0.6548802480887781,0.8483194563485998,0.028319456348599892,-0.019128274175602034,0.0,0.0,0.45,-0.06229136706535392,0.0,0.0,0.0,0.0,0.0,0.0,0.0,0.0,0.0,0.0,0.0,0.0,158.57299069385175,SETTLED,STOPPED,0.0
72.1,PID,1.4181591013455737,1.4809787015192712,1.6433183566119578,0.6545724767357212,0.8486447086163937,0.028644708616393788,-0.019124049069298765,0.0,0.0,0.45,-0.04715615633268283,0.0,0.0,0.0,0.0,0.0,0.0,0.0,0.0,0.0,0.0,0.0,0.0,158.57299069385175,SETTLED,STOPPED,0.0
72.15,PID,1.4055653741907255,1.4935724286741194,1.6434100258436923,0.6542576863646796,0.8565301737785496,0.03653017377854961,-0.014012775817534573,0.0,0.0,0.45,-0.002085755226005008,0.0,0.0,0.0,0.0,0.0,0.0,0.0,0.0,0.0,0.0,0.0,0.0,158.57299069385175,SETTLED,STOPPED,0.0
72.2,PID,1.3946860802177392,1.5044517226471055,1.6435022009565183,0.6539455015264599,0.872364210050987,0.052364210050987015,-0.0038771072279424335,0.0,0.0,0.45,0.06804287052244462,0.0,0.0,0.0,0.0,0.0,0.0,0.0,0.0,0.0,0.0,0.0,0.0,158.57299069385175,SETTLED,STOPPED,0.0
72.25,PID,1.3952538875633311,1.5038839153015136,1.6435902085811196,0.6536403945784868,0.8861547799929848,0.0661547799929848,0.004585244664935484,0.0,0.0,0.45,0.11375194675230052,0.0,0.0,0.0,0.0,0.0,0.0,0.0,0.0,0.0,0.0,0.0,0.0,158.57299069385175,SETTLED,STOPPED,0.0
72.3,PID,1.4008345521019356,1.4983032507629093,1.6436801539097101,0.6533292618382462,0.8857680130079988,0.06576801300799884,0.004149682005161193,0.0,0.0,0.45,0.08702474373285607,0.0,0.0,0.0,0.0,0.0,0.0,0.0,0.0,0.0,0.0,0.0,0.0,158.57299069385175,SETTLED,STOPPED,0.0
72.35,PID,1.4093025834913175,1.4898352193735271,1.643769610197289,0.6530198989500802,0.879178609997216,0.059178609997216025,-0.00017225900428963214,0.0,0.0,0.45,0.038885926864181714,0.0,0.0,0.0,0.0,0.0,0.0,0.0,0.0,0.0,0.0,0.0,0.0,158.57299069385175,SETTLED,STOPPED,0.0
72.4,PID,1.422213240058807,1.476924562806038,1.6438634182319192,0.652706928327446,0.8690423851042796,0.04904238510427961,-0.006847564128981132,0.0,0.0,0.45,-0.014268366574861038,0.0,0.0,0.0,0.0,0.0,0.0,0.0,0.0,0.0,0.0,0.0,0.0,158.57299069385175,SETTLED,STOPPED,0.0
72.45,PID,1.4243301439252687,1.4748076589395762,1.6439551807026684,0.6523950555447835,0.8535007384118997,0.03350073841189971,-0.017329437258954528,0.0,0.0,0.45,-0.07951257137486703,0.0,0.0,0.0,0.0,0.0,0.0,0.0,0.0,0.0,0.0,0.0,0.0,158.57299069385175,SETTLED,STOPPED,0.0
72.5,PID,1.4243301439252687,1.4748076589395762,1.6440452621875525,0.6520824703029144,0.8512330156908124,0.031233015690812493,-0.019078786922626767,0.0,0.0,0.45,-0.07199778564518061,0.0,0.0,0.0,0.0,0.0,0.0,0.0,0.0,0.0,0.0,0.0,0.0,158.57299069385175,SETTLED,STOPPED,0.0
72.55,PID,1.4243301439252687,1.4748076589395762,1.6441369991794308,0.6517689342101203,0.8515582594339862,0.03155825943398627,-0.019068495815882658,0.0,0.0,0.45,-0.05472720033327619,0.0,0.0,0.0,0.0,0.0,0.0,0.0,0.0,0.0,0.0,0.0,0.0,158.57299069385175,SETTLED,STOPPED,0.0
72.6,PID,1.4205435323444076,1.4785942705204373,1.6442273450676885,0.6514606589585366,0.8518848490383036,0.031884849038303686,-0.019062221294966708,0.0,0.0,0.45,-0.04125022200095871,0.0,0.0,0.0,0.0,0.0,0.0,0.0,0.0,0.0,0.0,0.0,0.0,158.57299069385175,SETTLED,STOPPED,0.0
72.65,PID,1.3929295865481097,1.5062082163167352,1.644317610896445,0.6511525891230463,0.8568456450550807,0.0368456450550807,-0.01592993877932991,0.0,0.0,0.45,-0.010347670686927692,0.0,0.0,0.0,0.0,0.0,0.0,0.0,0.0,0.0,0.0,0.0,0.0,158.57299069385175,SETTLED,STOPPED,0.0
72.7,PID,1.399091386418115,1.5000464164467298,1.6444079076257652,0.6508397298764407,0.8912441104329116,0.07124411043291168,0.005906257131705894,0.0,0.0,0.45,0.1432820645266613,0.0,0.0,0.0,0.0,0.0,0.0,0.0,0.0,0.0,0.0,0.0,0.0,158.57299069385175,SETTLED,STOPPED,0.0
72.75,PID,1.4057095604526428,1.4934282424122018,1.644499926082118,0.6505283453486761,0.8839299701294853,0.06392997012948531,0.001182053154120899,0.0,0.0,0.45,0.07957779299571799,0.0,0.0,0.0,0.0,0.0,0.0,0.0,0.0,0.0,0.0,0.0,0.0,158.57299069385175,SETTLED,STOPPED,0.0
72.8,PID,1.408217092011549,1.4909207108532958,1.6445916790762354,0.6502173033153555,0.8760713870382714,0.056071387038271414,-0.003979987674016083,0.0,0.0,0.45,0.02749291293531691,0.0,0.0,0.0,0.0,0.0,0.0,0.0,0.0,0.0,0.0,0.0,0.0,158.57299069385175,SETTLED,STOPPED,0.0
72.85,PID,1.4021811685972343,1.4969566342676106,1.6446834768521952,0.6499060260874467,0.8733013024471594,0.05330130244715947,-0.005961294137118989,0.0,0.0,0.45,0.009256099888653946,0.0,0.0,0.0,0.0,0.0,0.0,0.0,0.0,0.0,0.0,0.0,0.0,158.57299069385175,SETTLED,STOPPED,0.0
72.9,PID,1.4196877037012856,1.4794500991635593,1.644775970825389,0.6495930397965214,0.8810800771367887,0.06108007713678876,-0.001225713944278617,0.0,0.0,0.45,0.04144636654752089,0.0,0.0,0.0,0.0,0.0,0.0,0.0,0.0,0.0,0.0,0.0,0.0,158.57299069385175,SETTLED,STOPPED,0.0
72.95,PID,1.4243301439252687,1.4748076589395762,1.6448682441155849,0.6492792703172399,0.8598415359694129,0.03984153596941298,-0.015194257712547232,0.0,0.0,0.45,-0.06112141522939244,0.0,0.0,0.0,0.0,0.0,0.0,0.0,0.0,0.0,0.0,0.0,0.0,158.57299069385175,SETTLED,STOPPED,0.0
73.0,PID,1.4243301439252687,1.4748076589395762,1.644958667497781,0.6489671514023074,0.8544788903518595,0.03447889035185958,-0.019010367834627395,0.0,0.0,0.45,-0.07127034459616238,0.0,0.0,0.0,0.0,0.0,0.0,0.0,0.0,0.0,0.0,0.0,0.0,158.57299069385175,SETTLED,STOPPED,0.0
73.05,PID,1.4243301439252687,1.4748076589395762,1.6450497720684574,0.6486558668818914,0.8548037723964491,0.03480377239644916,-0.01900211128599638,0.0,0.0,0.45,-0.05416138778881242,0.0,0.0,0.0,0.0,0.0,0.0,0.0,0.0,0.0,0.0,0.0,0.0,158.57299069385175,SETTLED,STOPPED,0.0
73.1,PID,1.4118625982337227,1.4872752046311222,1.6451413272498878,0.6483426633465352,0.855128024197425,0.035128024197425,-0.018994540706474883,0.0,0.0,0.45,-0.04081917455097992,0.0,0.0,0.0,0.0,0.0,0.0,0.0,0.0,0.0,0.0,0.0,0.0,158.57299069385175,SETTLED,STOPPED,0.0
73.15,PID,1.4024171226348,1.496720680230045,1.6452319925647643,0.6480320395585369,0.8707621800684803,0.05076218006848032,-0.008850886733017482,0.0,0.0,0.45,0.03695132968288298,0.0,0.0,0.0,0.0,0.0,0.0,0.0,0.0,0.0,0.0,0.0,0.0,158.57299069385175,SETTLED,STOPPED,0.0
73.2,PID,1.3894389942911967,1.509698808573648,1.645323730288482,0.6477192090558865,0.8827408848942919,0.06274088489429197,-0.0013997333221915653,0.0,0.0,0.45,0.08152833838622298,0.0,0.0,0.0,0.0,0.0,0.0,0.0,0.0,0.0,0.0,0.0,0.0,158.57299069385175,SETTLED,STOPPED,0.0
73.25,PID,1.3991814288897275,1.4999563739751172,1.6445588683394852,0.6503765028759999,0.899158399894702,0.07915839989470208,0.008504507468221956,0.0617235620612597,0.012632049632348544,0.45,0.1358291699430625,0.05963295784710602,0.06381416627541339,0.6116200804831387,0.6545042694914194,0.6116200804831387,0.6545042694914194,0.6116200804831387,0.6545042694914194,0.693055780527519,0.7418183004788348,0.0022977889619634154,1.4371718699683171,158.64484928735016,TRACKING,STOPPED,0.0
73.3,PID,1.4026900906424853,1.4964477122223594,1.6435364576652485,0.6539242052686688,0.8843054026566344,0.06430540265663443,0.0004776554520222742,0.08029955084734715,0.002795509523538081,0.45,0.04059356470808735,0.0798368940212016,0.0807622076734927,0.8188399386789907,0.8283303351127456,0.8188399386789907,0.8283303351127456,0.2072198581958521,0.1738260656213262,0.36049777062964333,0.36472312518091865,0.00039597323836097553,0.7256168690489229,158.6811301308026,TRACKING,STOPPED,0.0
73.35,PID,1.4139476239977666,1.4851901788670783,1.6424831054155784,0.6575815510646525,0.8762721222757284,0.05627212227572842,-0.002397819102561538,0.08261683791575737,-0.001937384136706165,0.45,-0.003683453203680291,0.08293747499038225,0.0822962008411325,0.8506407691321256,0.8440635983705896,0.8506407691321256,0.8440635983705896,0.031800830453134865,0.015733263257844077,0.15216534311169358,0.15095548845424686,0.00013203983661227853,0.3032528714025527,158.69629277437272,TRACKING,STOPPED,0.0
73.4,PID,1.4243301439252687,1.4748076589395762,1.6425756478955755,0.6572686770023649,0.8585828481165256,0.03858284811652568,-0.011304228040663888,0.0,0.0,0.45,-0.08070589979936711,0.0,0.0,0.0,0.0,0.0,0.0,-0.8506407691321256,-0.8440635983705896,0.0,0.0,0.0,0.0,158.69629277437272,SETTLED,STOPPED,0.0
73.45,PID,1.4243301439252687,1.4748076589395762,1.6426640329646562,0.6569590552911938,0.8461684743537691,0.026168474353769122,-0.019862316682911496,0.0,0.0,0.45,-0.1175738463996383,0.0,0.0,0.0,0.0,0.0,0.0,0.0,0.0,0.0,0.0,0.0,0.0,158.69629277437272,SETTLED,STOPPED,0.0
73.5,PID,1.4243301439252687,1.4748076589395762,1.642754969621062,0.6566476239684174,0.8464904167163811,0.026490416716381193,-0.01985941230999666,0.0,0.0,0.45,-0.09029105379622468,0.0,0.0,0.0,0.0,0.0,0.0,0.0,0.0,0.0,0.0,0.0,0.0,158.69629277437272,SETTLED,STOPPED,0.0
73.55,PID,1.4243301439252687,1.4748076589395762,1.6428454466974294,0.656334970318798,0.8468147656390065,0.026814765639006533,-0.019854199719983923,0.0,0.0,0.45,-0.06899988670150368,0.0,0.0,0.0,0.0,0.0,0.0,0.0,0.0,0.0,0.0,0.0,0.0,158.69629277437272,SETTLED,STOPPED,0.0
73.6,PID,1.406901108935397,1.4922366939294478,1.6429361813084449,0.6560261036874446,0.8471401770449413,0.027140177044941316,-0.019855448994055225,0.0,0.0,0.45,-0.052388101441059744,0.0,0.0,0.0,0.0,0.0,0.0,0.0,0.0,0.0,0.0,0.0,0.0,158.69629277437272,SETTLED,STOPPED,0.0
73.65,PID,1.3960778381040353,1.5030599647608096,1.6430237006689719,0.6557176768968995,0.8688847487572958,0.04888474875729587,-0.00564234615845427,0.0,0.0,0.45,0.054813396410338874,0.0,0.0,0.0,0.0,0.0,0.0,0.0,0.0,0.0,0.0,0.0,0.0,158.69629277437272,SETTLED,STOPPED,0.0
73.7,PID,1.399091386418115,1.5000464164467298,1.6431152253908727,0.6554060897178327,0.8825934578504341,0.06259345785043413,0.0028254855121760958,0.0,0.0,0.45,0.1030727692098761,0.0,0.0,0.0,0.0,0.0,0.0,0.0,0.0,0.0,0.0,0.0,0.0,158.69629277437272,SETTLED,STOPPED,0.0
73.75,PID,1.414104897935111,1.485032904929734,1.643205599970085,0.6550932896747599,0.8791842329817458,0.0591842329817458,0.0004906273880793677,0.0,0.0,0.45,0.06539617056147384,0.0,0.0,0.0,0.0,0.0,0.0,0.0,0.0,0.0,0.0,0.0,0.0,158.69629277437272,SETTLED,STOPPED,0.0
73.8,PID,1.3966735029731556,1.5024642998916893,1.6432962321337967,0.6547830409848003,0.8609801952672851,0.040980195267285136,-0.011428641848159282,0.0,0.0,0.45,-0.02908875290568188,0.0,0.0,0.0,0.0,0.0,0.0,0.0,0.0,0.0,0.0,0.0,0.0,158.69629277437272,SETTLED,STOPPED,0.0
73.85,PID,1.4116259232650108,1.487511879599834,1.6433872456655423,0.6544740536972902,0.8828285718306873,0.06282857183068735,0.002350961072815849,0.0,0.0,0.45,0.07344362961254335,0.0,0.0,0.0,0.0,0.0,0.0,0.0,0.0,0.0,0.0,0.0,0.0,158.69629277437272,SETTLED,STOPPED,0.0
73.9,PID,1.4238853724425196,1.4752524304223253,1.643478711717296,0.6541613389882321,0.8646764307793292,0.04467643077932926,-0.009425516597982853,0.0,0.0,0.45,-0.022583389528196357,0.0,0.0,0.0,0.0,0.0,0.0,0.0,0.0,0.0,0.0,0.0,0.0,158.69629277437272,SETTLED,STOPPED,0.0
73.95,PID,1.4243301439252687,1.4748076589395762,1.6435689323793574,0.653853963240383,0.8499481249383856,0.029948124938385612,-0.019452629198845495,0.0,0.0,0.45,-0.0824195895321489,0.0,0.0,0.0,0.0,0.0,0.0,0.0,0.0,0.0,0.0,0.0,0.0,158.69629277437272,SETTLED,STOPPED,0.0
74.0,PID,1.4243301439252687,1.4748076589395762,1.6436607517064215,0.6535412036590288,0.8497238474027784,0.029723847402778447,-0.019804218088756098,0.0,0.0,0.45,-0.06527410099174771,0.0,0.0,0.0,0.0,0.0,0.0,0.0,0.0,0.0,0.0,0.0,0.0,158.69629277437272,SETTLED,STOPPED,0.0
74.05,PID,1.421781337506971,1.4773564653578737,1.6437516180507419,0.6532307251346245,0.8500497080046115,0.030049708004611597,-0.01979309843507049,0.0,0.0,0.45,-0.049480012125497276,0.0,0.0,0.0,0.0,0.0,0.0,0.0,0.0,0.0,0.0,0.0,0.0,158.69629277437272,SETTLED,STOPPED,0.0
74.1,PID,1.407376492271424,1.4917613105934207,1.6438418213197834,0.6529203287949772,0.8534951910486659,0.03349519104866594,-0.017666326092073525,0.0,0.0,0.45,-0.023434284064047906,0.0,0.0,0.0,0.0,0.0,0.0,0.0,0.0,0.0,0.0,0.0,0.0,158.69629277437272,SETTLED,STOPPED,0.0
74.15,PID,1.397704610352237,1.5014331925126077,1.6439328297842934,0.6526101068416412,0.8715331574796942,0.051533157479694225,-0.005987504547761757,0.0,0.0,0.45,0.061088310726571594,0.0,0.0,0.0,0.0,0.0,0.0,0.0,0.0,0.0,0.0,0.0,0.0,158.69629277437272,SETTLED,STOPPED,0.0
74.2,PID,1.392839063455733,1.5062987394091119,1.6440241990341302,0.6522973445863726,0.8838150071212084,0.06381500712120847,0.0015776574851362746,0.0,0.0,0.45,0.10168902078939158,0.0,0.0,0.0,0.0,0.0,0.0,0.0,0.0,0.0,0.0,0.0,0.0,158.69629277437272,SETTLED,STOPPED,0.0
74.25,PID,1.4002308460750361,1.4989069567898088,1.6441150136249891,0.6519860805898465,0.890175462869384,0.07017546286938403,0.005304362768845827,0.0,0.0,0.45,0.10730344150769952,0.0,0.0,0.0,0.0,0.0,0.0,0.0,0.0,0.0,0.0,0.0,0.0,158.69629277437272,SETTLED,STOPPED,0.0
74.3,PID,1.4068877593837195,1.4922500434811254,1.6442064445389046,0.6516744491198525,0.8813367447944317,0.06133674479443174,-0.00037910366533933093,0.0,0.0,0.45,0.04480632484621334,0.0,0.0,0.0,0.0,0.0,0.0,0.0,0.0,0.0,0.0,0.0,0.0,158.69629277437272,SETTLED,STOPPED,0.0
74.35,PID,1.419194709924309,1.4799430929405357,1.644299408942005,0.6513613940937175,0.8734343067223734,0.05343430672237348,-0.005590069135489539,0.0,0.0,0.45,0.0001782058629880845,0.0,0.0,0.0,0.0,0.0,0.0,0.0,0.0,0.0,0.0,0.0,0.0,158.69629277437272,SETTLED,STOPPED,0.0
74.4,PID,1.4243301439252687,1.4748076589395762,1.64439086473238,0.6510508970484336,0.8586150226869589,0.03861502268695893,-0.015503470822400667,0.0,0.0,0.45,-0.065065849182697,0.0,0.0,0.0,0.0,0.0,0.0,0.0,0.0,0.0,0.0,0.0,0.0,158.69629277437272,SETTLED,STOPPED,0.0
74.45,PID,1.4243301439252687,1.4748076589395762,1.6444835624599339,0.6507350888362431,0.8526440779150032,0.03264407791500323,-0.019725034902105643,0.0,0.0,0.45,-0.07702351935911024,0.0,0.0,0.0,0.0,0.0,0.0,0.0,0.0,0.0,0.0,0.0,0.0,158.69629277437272,SETTLED,STOPPED,0.0
74.5,PID,1.4243301439252687,1.4748076589395762,1.6445740599574965,0.6504237540782888,0.8529731112345877,0.03297311123458779,-0.019714452392773696,0.0,0.0,0.45,-0.058630598493933844,0.0,0.0,0.0,0.0,0.0,0.0,0.0,0.0,0.0,0.0,0.0,0.0,158.69629277437272,SETTLED,STOPPED,0.0
74.55,PID,1.4243301439252687,1.4748076589395762,1.6446639376536312,0.6501131347382997,0.8532972548552792,0.033297254855279235,-0.019704338433796265,0.0,0.0,0.45,-0.044305634894225975,0.0,0.0,0.0,0.0,0.0,0.0,0.0,0.0,0.0,0.0,0.0,0.0,158.69629277437272,SETTLED,STOPPED,0.0
74.6,PID,1.3932586855263864,1.5058791173384583,1.6447552371056708,0.6498031786705377,0.8536205473782262,0.033620547378226284,-0.01970113074502189,0.0,0.0,0.45,-0.03313590811652917,0.0,0.0,0.0,0.0,0.0,0.0,0.0,0.0,0.0,0.0,0.0,0.0,158.69629277437272,SETTLED,STOPPED,0.0
74.65,PID,1.399091386418115,1.5000464164467298,1.644844591086065,0.6494943658992718,0.8922536232610283,0.07225362326102835,0.004960542415887836,0.0,0.0,0.45,0.14413952555344603,0.0,0.0,0.0,0.0,0.0,0.0,0.0,0.0,0.0,0.0,0.0,0.0,158.69629277437272,SETTLED,STOPPED,0.0
74.7,PID,1.4008799122374465,1.4982578906273984,1.6449374070063498,0.6491814189746219,0.8853436780680443,0.06534367806804431,0.0005084369961092516,0.0,0.0,0.45,0.08202507108255637,0.0,0.0,0.0,0.0,0.0,0.0,0.0,0.0,0.0,0.0,0.0,0.0,158.69629277437272,SETTLED,STOPPED,0.0
74.75,PID,1.4148578583074443,1.4842799445574006,1.6450284249474358,0.6488700174801985,0.8834562329098152,0.06345623290981528,-0.0008758977068896723,0.0,0.0,0.45,0.055674796748185776,0.0,0.0,0.0,0.0,0.0,0.0,0.0,0.0,0.0,0.0,0.0,0.0,158.69629277437272,SETTLED,STOPPED,0.0
74.8,PID,1.3967478143551382,1.5023899885097067,1.6451210073691969,0.6485556615182968,0.8665380753357068,0.04653807533570686,-0.011921997283096175,0.0,0.0,0.45,-0.03101355186249636,0.0,0.0,0.0,0.0,0.0,0.0,0.0,0.0,0.0,0.0,0.0,0.0,158.69629277437272,SETTLED,STOPPED,0.0
74.85,PID,1.4172728795936873,1.4818649232711576,1.6452066027892887,0.6482496916365086,0.8892256749312138,0.0692256749312139,0.002304604259359966,0.0,0.0,0.45,0.07563486776748948,0.0,0.0,0.0,0.0,0.0,0.0,0.0,0.0,0.0,0.0,0.0,0.0,158.69629277437272,SETTLED,STOPPED,0.0
74.9,PID,1.4243301439252687,1.4748076589395762,1.645299386948496,0.6479356773483678,0.8642153299861665,0.04421532998616651,-0.013865340306834728,0.0,0.0,0.45,-0.05105032089957298,0.0,0.0,0.0,0.0,0.0,0.0,0.0,0.0,0.0,0.0,0.0,0.0,158.69629277437272,SETTLED,STOPPED,0.0
74.95,PID,1.4243301439252687,1.4748076589395762,1.6453915331813842,0.6476231017333136,0.8558882405447746,0.035888240544774686,-0.019641380345729154,0.0,0.0,0.45,-0.07645844384379302,0.0,0.0,0.0,0.0,0.0,0.0,0.0,0.0,0.0,0.0,0.0,0.0,158.69629277437272,SETTLED,STOPPED,0.0
75.0,PID,1.4243301439252687,1.4748076589395762,1.6454821457688316,0.6473133424160702,0.8562140091708174,0.03621400917081741,-0.019641704970903673,0.0,0.0,0.45,-0.0582042042435705,0.0,0.0,0.0,0.0,0.0,0.0,0.0,0.0,0.0,0.0,0.0,0.0,158.69629277437272,SETTLED,STOPPED,0.0
75.05,PID,1.41548483439512,1.4836529684697248,1.645574315607094,0.6470000807265093,0.856536661094036,0.03653666109403608,-0.01964110148810727,0.0,0.0,0.45,-0.04397961084782274,0.0,0.0,0.0,0.0,0.0,0.0,0.0,0.0,0.0,0.0,0.0,0.0,158.69629277437272,SETTLED,STOPPED,0.0
75.1,PID,1.4042282407154987,1.4949095621493462,1.645666598835565,0.6466871379693353,0.8677149439380751,0.04771494393807518,-0.012427115012387357,0.0,0.0,0.45,0.014880348052473097,0.0,0.0,0.0,0.0,0.0,0.0,0.0,0.0,0.0,0.0,0.0,0.0,158.69629277437272,SETTLED,STOPPED,0.0
75.15,PID,1.3924575244256947,1.5066802784391502,1.6457566506045271,0.6463774000056185,0.881914826756829,0.06191482675682902,-0.003504400397252194,0.0,0.0,0.45,0.07408615588344947,0.0,0.0,0.0,0.0,0.0,0.0,0.0,0.0,0.0,0.0,0.0,0.0,158.69629277437272,SETTLED,STOPPED,0.0
75.2,PID,1.397036732196967,1.502101070667878,1.645026247751731,0.6489134372273488,0.8968174228704414,0.07681742287044147,0.005529981736119627,0.0592666435672112,0.009874191050086257,0.45,0.12335862448898907,0.057632464948421926,0.06090082218600048,0.5911022045991993,0.6246238172923125,0.5911022045991993,0.6246238172923125,0.5911022045991993,0.6246238172923125,0.646369516895171,0.6831509885780943,0.0014039949440679707,1.3309245004173333,158.76283899939358,TRACKING,STOPPED,0.0
75.25,PID,1.4012802632603445,1.4978575396045002,1.6439666637731967,0.6525785298661064,0.8884975732555138,0.06849757325551387,0.0015636266153573608,0.08279023201699544,0.00454313104812851,0.45,0.059612388795727965,0.08203834382853017,0.0835421202054607,0.841418911061848,0.8568422585175456,0.841418911061848,0.8568422585175456,0.2503167064626487,0.23221844122523305,0.43752457522181504,0.4456237651229362,0.00034876374068637577,0.8834971040854377,158.80701385459784,TRACKING,STOPPED,0.0
75.3,PID,1.4110854281249534,1.4880523747398915,1.6428561397966497,0.6564222013533538,0.8794278215397805,0.059427821539780545,-0.0019371320368060108,0.08648897273275716,-0.0009480846157437148,0.45,0.006590755711438939,0.08664588073666274,0.08633206472885158,0.8886756998632076,0.8854570741420674,0.8886756998632076,0.8854570741420674,0.04725678880135964,0.02861481562452184,0.17892200677256023,0.1782568832778672,7.496837413413785e-05,0.3572538584245616,158.82487654751907,TRACKING,STOPPED,0.0
75.35,PID,1.4243301439252687,1.4748076589395762,1.6429474038290408,0.6561110951132899,0.8633228874967507,0.04332288749675073,-0.009683181146916908,0.0,0.0,0.45,-0.06572092033441286,0.0,0.0,0.0,0.0,0.0,0.0,-0.8886756998632076,-0.8854570741420674,0.0,0.0,0.0,0.0,158.82487654751907,SETTLED,STOPPED,0.0
75.4,PID,1.4243301439252687,1.4748076589395762,1.643039969131873,0.655799783527516,0.8473827765235743,0.027382776523574348,-0.02053052986407433,0.0,0.0,0.45,-0.12139880614282209,0.0,0.0,0.0,0.0,0.0,0.0,0.0,0.0,0.0,0.0,0.0,0.0,158.82487654751907,SETTLED,STOPPED,0.0
75.45,PID,1.4243301439252687,1.4748076589395762,1.6431312908552667,0.6554872948241164,0.8477074304433577,0.027707430443357772,-0.02051800788147773,0.0,0.0,0.45,-0.09326259154435408,0.0,0.0,0.0,0.0,0.0,0.0,0.0,0.0,0.0,0.0,0.0,0.0,158.82487654751907,SETTLED,STOPPED,0.0
75.5,PID,1.4243301439252687,1.4748076589395762,1.6432219772753822,0.6551759283407866,0.8480329008665715,0.02803290086657151,-0.02051058137367412,0.0,0.0,0.45,-0.07131275154245567,0.0,0.0,0.0,0.0,0.0,0.0,0.0,0.0,0.0,0.0,0.0,0.0,158.82487654751907,SETTLED,STOPPED,0.0
75.55,PID,1.4147492872850913,1.4843885155797534,1.6433132649623878,0.6548662342736533,0.8483571232162436,0.028357123216243618,-0.020501580013895015,0.0,0.0,0.45,-0.05419736786455806,0.0,0.0,0.0,0.0,0.0,0.0,0.0,0.0,0.0,0.0,0.0,0.0,158.82487654751907,SETTLED,STOPPED,0.0
75.6,PID,1.3942667200233365,1.5048710828415084,1.6434038371990938,0.6545556007593741,0.860435184703034,0.04043518470303409,-0.01260984445632074,0.0,0.0,0.45,0.010869523607525806,0.0,0.0,0.0,0.0,0.0,0.0,0.0,0.0,0.0,0.0,0.0,0.0,158.82487654751907,SETTLED,STOPPED,0.0
75.65,PID,1.399091386418115,1.5000464164467298,1.6434943332506429,0.6542464485136159,0.8860619178269763,0.06606191782697635,0.0035446947703667853,0.0,0.0,0.45,0.12123585415922247,0.0,0.0,0.0,0.0,0.0,0.0,0.0,0.0,0.0,0.0,0.0,0.0,158.82487654751907,SETTLED,STOPPED,0.0
75.7,PID,1.4092752497199144,1.4898625531449305,1.6435844550944843,0.6539350393632606,0.8804035359856751,0.06040353598567516,-0.0001705635200091038,0.0,0.0,0.45,0.06966708614246689,0.0,0.0,0.0,0.0,0.0,0.0,0.0,0.0,0.0,0.0,0.0,0.0,158.82487654751907,SETTLED,STOPPED,0.0
75.75,PID,1.4033142692690508,1.495823533595794,1.6436759936120366,0.6536230691038812,0.8681449257010412,0.04814492570104123,-0.008188396401881626,0.0,0.0,0.45,0.00040244193873181094,0.0,0.0,0.0,0.0,0.0,0.0,0.0,0.0,0.0,0.0,0.0,0.0,158.82487654751907,SETTLED,STOPPED,0.0
75.8,PID,1.4061925690229147,1.4929452338419302,1.643766963541103,0.6533116039622342,0.8758283969588603,0.05582839695886033,-0.003470067267197008,0.0,0.0,0.45,0.034121178246616764,0.0,0.0,0.0,0.0,0.0,0.0,0.0,0.0,0.0,0.0,0.0,0.0,158.82487654751907,SETTLED,STOPPED,0.0
75.85,PID,1.4214705483349213,1.4776672545299236,1.6438525173543561,0.6530088414537346,0.8725974016438727,0.05259740164387272,-0.005739035959721361,0.0,0.0,0.45,0.012398139646414801,0.0,0.0,0.0,0.0,0.0,0.0,0.0,0.0,0.0,0.0,0.0,0.0,158.82487654751907,SETTLED,STOPPED,0.0
75.9,PID,1.4243301439252687,1.4748076589395762,1.6439438907836124,0.6526977539775503,0.8541166421527562,0.03411664215275623,-0.018085089064129534,0.0,0.0,0.45,-0.07164479283671364,0.0,0.0,0.0,0.0,0.0,0.0,0.0,0.0,0.0,0.0,0.0,0.0,158.82487654751907,SETTLED,STOPPED,0.0
75.95,PID,1.4243301439252687,1.4748076589395762,1.644034094516461,0.6523860686858451,0.8509376555575808,0.03093765555758088,-0.020449558034099313,0.0,0.0,0.45,-0.06987047943140896,0.0,0.0,0.0,0.0,0.0,0.0,0.0,0.0,0.0,0.0,0.0,0.0,158.82487654751907,SETTLED,STOPPED,0.0
76.0,PID,1.4243301439252687,1.4748076589395762,1.6441259366213477,0.65207331755613,0.8512620618944867,0.03126206189448677,-0.02044988221570665,0.0,0.0,0.45,-0.053071586074112984,0.0,0.0,0.0,0.0,0.0,0.0,0.0,0.0,0.0,0.0,0.0,0.0,158.82487654751907,SETTLED,STOPPED,0.0
76.05,PID,1.4091883312832691,1.4899494715815758,1.64421706554669,0.651762312894749,0.8515879208740287,0.03158792087402873,-0.02043795620866007,0.0,0.0,0.45,-0.03996205762782343,0.0,0.0,0.0,0.0,0.0,0.0,0.0,0.0,0.0,0.0,0.0,0.0,158.82487654751907,SETTLED,STOPPED,0.0
76.1,PID,1.4007231404867349,1.4984146623781098,1.6443078823615498,0.6514494955975356,0.8705149159646614,0.0505149159646614,-0.008121610395854795,0.0,0.0,0.45,0.05210837344908621,0.0,0.0,0.0,0.0,0.0,0.0,0.0,0.0,0.0,0.0,0.0,0.0,158.82487654751907,SETTLED,STOPPED,0.0
76.15,PID,1.3904242393481347,1.5087135635167102,1.6443991107049922,0.651137684682317,0.8812964996037748,0.06129649960377481,-0.001457924892957374,0.0,0.0,0.45,0.08808349930238896,0.0,0.0,0.0,0.0,0.0,0.0,0.0,0.0,0.0,0.0,0.0,0.0,158.82487654751907,SETTLED,STOPPED,0.0
76.2,PID,1.3996271400481366,1.4995106628167083,1.6444909583767662,0.6508419501495037,0.8943934387277861,0.07439343872778614,0.006420105684808108,0.0,0.0,0.45,0.12633166160151652,0.0,0.0,0.0,0.0,0.0,0.0,0.0,0.0,0.0,0.0,0.0,0.0,158.82487654751907,SETTLED,STOPPED,0.0
76.25,PID,1.4044729352761212,1.4946648675887237,1.6445820459753953,0.6505293909740142,0.8832875372078371,0.0632875372078372,-0.0006203311753325558,0.0,0.0,0.45,0.049672729361404745,0.0,0.0,0.0,0.0,0.0,0.0,0.0,0.0,0.0,0.0,0.0,0.0,158.82487654751907,SETTLED,STOPPED,0.0
76.3,PID,1.4161761797898111,1.4829616230750335,1.644672728182064,0.6502191553639284,0.8776201273445927,0.057620127344592764,-0.004398521369614494,0.0,0.0,0.45,0.013808125503618783,0.0,0.0,0.0,0.0,0.0,0.0,0.0,0.0,0.0,0.0,0.0,0.0,158.82487654751907,SETTLED,STOPPED,0.0
76.35,PID,1.4243301439252687,1.4748076589395762,1.6447651055640313,0.6499056992393661,0.8635222580552016,0.0435222580552016,-0.013708325855733117,0.0,0.0,0.45,-0.051260286980502,0.0,0.0,0.0,0.0,0.0,0.0,0.0,0.0,0.0,0.0,0.0,0.0,158.82487654751907,SETTLED,STOPPED,0.0
76.4,PID,1.4243301439252687,1.4748076589395762,1.6448564906207497,0.649594148719433,0.8538470679401141,0.03384706794011416,-0.020389983199222472,0.0,0.0,0.45,-0.08255386035117872,0.0,0.0,0.0,0.0,0.0,0.0,0.0,0.0,0.0,0.0,0.0,0.0,158.82487654751907,SETTLED,STOPPED,0.0
76.45,PID,1.4243301439252687,1.4748076589395762,1.6449459507190674,0.6492838847009352,0.8541716496329681,0.03417164963296815,-0.020374966464077993,0.0,0.0,0.45,-0.06296385162536178,0.0,0.0,0.0,0.0,0.0,0.0,0.0,0.0,0.0,0.0,0.0,0.0,158.82487654751907,SETTLED,STOPPED,0.0
76.5,PID,1.4243301439252687,1.4748076589395762,1.645037100035882,0.6489726021089336,0.854494491521443,0.034494491521443016,-0.020373982373565136,0.0,0.0,0.45,-0.04769129995849269,0.0,0.0,0.0,0.0,0.0,0.0,0.0,0.0,0.0,0.0,0.0,0.0,158.82487654751907,SETTLED,STOPPED,0.0
76.55,PID,1.4011068638760809,1.4980309389887638,1.6451290939425203,0.6486615707736705,0.854818753634993,0.034818753634993094,-0.020365958591756606,0.0,0.0,0.45,-0.03577246066800387,0.0,0.0,0.0,0.0,0.0,0.0,0.0,0.0,0.0,0.0,0.0,0.0,158.82487654751907,SETTLED,STOPPED,0.0
76.6,PID,1.397414971579262,1.5017228312855828,1.645216630220072,0.6483520249246124,0.8837279968568978,0.0637279968568979,-0.0017540416732721997,0.0,0.0,0.45,0.09929815085534534,0.0,0.0,0.0,0.0,0.0,0.0,0.0,0.0,0.0,0.0,0.0,0.0,158.82487654751907,SETTLED,STOPPED,0.0
76.65,PID,1.399091386418115,1.5000464164467298,1.6453067574577225,0.648040028669028,0.8886210638817366,0.06862106388173661,0.0010932862123127496,0.0,0.0,0.45,0.09898205257646094,0.0,0.0,0.0,0.0,0.0,0.0,0.0,0.0,0.0,0.0,0.0,0.0,158.82487654751907,SETTLED,STOPPED,0.0
76.7,PID,1.4176705872023823,1.4814672156624624,1.6453997733087786,0.6477241806462793,0.886869152553058,0.06686915255305803,-0.0001954789217692987,0.0,0.0,0.45,0.06949759116345335,0.0,0.0,0.0,0.0,0.0,0.0,0.0,0.0,0.0,0.0,0.0,0.0,158.82487654751907,SETTLED,STOPPED,0.0
76.75,PID,1.3917706802306573,1.5073671226341874,1.6454866055318889,0.6474206004164696,0.864284693051241,0.04428469305124105,-0.014884358105331286,0.0,0.0,0.45,-0.045163500700506745,0.0,0.0,0.0,0.0,0.0,0.0,0.0,0.0,0.0,0.0,0.0,0.0,158.82487654751907,SETTLED,STOPPED,0.0
76.8,PID,1.414858055486089,1.484279747378756,1.6447845935031193,0.6498422541209734,0.8965934373091339,0.07659343730913393,0.005383938136867661,0.05690783079478212,0.01695582381628917,0.45,0.10693094418834145,0.054101641953186265,0.05971401963637798,0.554888635417295,0.6124514834500305,0.554888635417295,0.6124514834500305,0.554888635417295,0.6124514834500305,0.5855928763094299,0.6465524371230856,0.0041399994425623966,1.236285312875078,158.88669081316283,TRACKING,STOPPED,0.0
76.85,PID,1.4243301439252687,1.4748076589395762,1.6440616542341562,0.6523450814274858,0.8655357549164729,0.04553575491647299,-0.013479393091166969,0.05860286633400937,-0.011873788583631265,0.45,-0.05324766606080955,0.06056797834460035,0.056637754323418395,0.6212100343035933,0.5809000443427528,0.6212100343035933,0.5809000443427528,0.06632139888629829,-0.03155143910727776,0.10405028563524354,0.09715802128452676,0.00492936080521981,0.20613766772499012,158.89699769654908,TRACKING,STOPPED,0.0
76.9,PID,1.4243301439252687,1.4748076589395762,1.6441528772302612,0.6520340202946098,0.8513087736129917,0.03130877361299178,-0.02069381022822192,0.0,0.0,0.45,-0.10413189726275233,0.0,0.0,0.0,0.0,0.0,0.0,-0.6212100343035933,-0.5809000443427528,0.0,0.0,0.0,0.0,158.89699769654908,SETTLED,STOPPED,0.0
76.95,PID,1.4243301439252687,1.4748076589395762,1.644243440722414,0.6517248054813245,0.8516328402115291,0.03163284021152912,-0.020684366834888168,0.0,0.0,0.45,-0.07979698683138244,0.0,0.0,0.0,0.0,0.0,0.0,0.0,0.0,0.0,0.0,0.0,0.0,158.89699769654908,SETTLED,STOPPED,0.0
77.0,PID,1.4191070705565176,1.4800307323083273,1.644331187446357,0.6514202254175765,0.85195495289667,0.03195495289667005,-0.020677386469433623,0.0,0.0,0.45,-0.06082435391385813,0.0,0.0,0.0,0.0,0.0,0.0,0.0,0.0,0.0,0.0,0.0,0.0,158.89699769654908,SETTLED,STOPPED,0.0
77.05,PID,1.4060393587961972,1.4930984440686474,1.6444226517140497,0.6511088135588462,0.8586741378186227,0.03867413781862272,-0.016361901983776406,0.0,0.0,0.45,-0.01787858239621592,0.0,0.0,0.0,0.0,0.0,0.0,0.0,0.0,0.0,0.0,0.0,0.0,158.89699769654908,SETTLED,STOPPED,0.0
77.1,PID,1.3954760545601925,1.5036617483046524,1.6445149250967153,0.6507977929725219,0.8750846428936976,0.05508464289369763,-0.005861431028542974,0.0,0.0,0.45,0.058260928061285286,0.0,0.0,0.0,0.0,0.0,0.0,0.0,0.0,0.0,0.0,0.0,0.0,158.89699769654908,SETTLED,STOPPED,0.0
77.15,PID,1.3946219080893687,1.5045158947754762,1.6446079882459999,0.6504843413689698,0.8884803235541421,0.06848032355414213,0.0023420452915519085,0.0,0.0,0.45,0.10438451879376166,0.0,0.0,0.0,0.0,0.0,0.0,0.0,0.0,0.0,0.0,0.0,0.0,158.89699769654908,SETTLED,STOPPED,0.0
77.2,PID,1.400676557233445,1.4984612456313997,1.6446989613779255,0.6501745361843205,0.8898668071604918,0.06986680716049187,0.002998779175181765,0.0,0.0,0.45,0.08752045252707331,0.0,0.0,0.0,0.0,0.0,0.0,0.0,0.0,0.0,0.0,0.0,0.0,158.89699769654908,SETTLED,STOPPED,0.0
77.25,PID,1.408670604017355,1.4904671988474898,1.6447906719790477,0.6498612244003741,0.88268752973462,0.06268752973462,-0.0016556634501874168,0.0,0.0,0.45,0.03667713229727913,0.0,0.0,0.0,0.0,0.0,0.0,0.0,0.0,0.0,0.0,0.0,0.0,158.89699769654908,SETTLED,STOPPED,0.0
77.3,PID,1.4214232657163537,1.4777145371484912,1.6448821481638618,0.6495495343654775,0.8731386434985107,0.05313864349851072,-0.007921591583513576,0.0,0.0,0.45,-0.013406936247005483,0.0,0.0,0.0,0.0,0.0,0.0,0.0,0.0,0.0,0.0,0.0,0.0,158.89699769654908,SETTLED,STOPPED,0.0
77.35,PID,1.4243301439252687,1.4748076589395762,1.6449722946899108,0.6492388583390435,0.8577826904171466,0.03778269041714666,-0.01820678135159426,0.0,0.0,0.45,-0.07802360383066997,0.0,0.0,0.0,0.0,0.0,0.0,0.0,0.0,0.0,0.0,0.0,0.0,158.89699769654908,SETTLED,STOPPED,0.0
77.4,PID,1.4243301439252687,1.4748076589395762,1.6450589830706224,0.6489397374921737,0.8545447929857447,0.034544792985744754,-0.02061060455450625,0.0,0.0,0.45,-0.07510515968609177,0.0,0.0,0.0,0.0,0.0,0.0,0.0,0.0,0.0,0.0,0.0,0.0,158.89699769654908,SETTLED,STOPPED,0.0
77.45,PID,1.4243301439252687,1.4748076589395762,1.6451508221467246,0.6486284648739953,0.8548561540436546,0.03485615404365461,-0.02061096931821438,0.0,0.0,0.45,-0.057212035900348145,0.0,0.0,0.0,0.0,0.0,0.0,0.0,0.0,0.0,0.0,0.0,0.0,158.89699769654908,SETTLED,STOPPED,0.0
77.5,PID,1.4225974656347857,1.476540337230059,1.6452430453364637,0.6483148632905532,0.8551805848106214,0.035180584810621474,-0.020604602243911918,0.0,0.0,0.45,-0.043197892627617265,0.0,0.0,0.0,0.0,0.0,0.0,0.0,0.0,0.0,0.0,0.0,0.0,158.89699769654908,SETTLED,STOPPED,0.0
77.55,PID,1.3924556019426377,1.506682200922207,1.6453314401000179,0.6480052207306033,0.8576295761242235,0.037629576124223574,-0.019167769084916353,0.0,0.0,0.45,-0.02291879446969161,0.0,0.0,0.0,0.0,0.0,0.0,0.0,0.0,0.0,0.0,0.0,0.0,158.89699769654908,SETTLED,STOPPED,0.0
77.6,PID,1.399091386418115,1.5000464164467298,1.6445572381411424,0.6506756383270453,0.8951381713650519,0.07513817136505196,0.0046098308941564525,0.06206859380995293,0.01862893884828218,0.45,0.14716115937329485,0.058985504430562226,0.06515168318934363,0.604979532621151,0.6682223916855756,0.604979532621151,0.6682223916855756,0.604979532621151,0.6682223916855756,0.6888650146161627,0.7611305878394469,0.004997338021628016,1.4549929404772375,158.96974734357295,TRACKING,STOPPED,0.0
77.65,PID,1.4044456015047178,1.4946922013601271,1.643475864015755,0.6543997887781853,0.8841290647217461,0.06412906472174618,-0.0013858363258909545,0.08403869374565773,0.006314617406980142,0.45,0.06634563508062177,0.08299362456480251,0.08508376292651294,0.8512166622031027,0.8726539787334661,0.8512166622031027,0.8726539787334661,0.24623712958195165,0.20443158704789044,0.4213959004698013,0.43212071567294696,0.0011197472908089463,0.8546363634335573,159.01247916174464,TRACKING,STOPPED,0.0
77.7,PID,1.4099550355649462,1.4891827672998987,1.6423767268802192,0.6581837346281162,0.873628528059195,0.053628528059195046,-0.0058944009179242585,0.08529626569226076,-0.0034585675739767906,0.45,0.005547234047657383,0.08586865862575392,0.0847238727587676,0.8807041910333735,0.8689627975258215,0.8807041910333735,0.8689627975258215,0.029487528830270837,-0.003691181207644556,0.14268765397840877,0.14072415024536253,0.0004867375776424783,0.28389854180141383,159.0266740888347,TRACKING,STOPPED,0.0
77.75,PID,1.4007592147808186,1.4983785880840264,1.642468563015133,0.6578700730177833,0.8628900479755752,0.042890047975575274,-0.010139102310033454,0.0,0.0,0.45,-0.04292246981075693,0.0,0.0,0.0,0.0,0.0,0.0,-0.8807041910333735,-0.8689627975258215,0.0,0.0,0.0,0.0,159.0266740888347,SETTLED,STOPPED,0.0
77.8,PID,1.419055724227323,1.480082078637522,1.6425597026565755,0.6575576208979912,0.8745730232077353,0.05457302320773538,-0.002854145952305931,0.0,0.0,0.45,0.017925564569117,0.0,0.0,0.0,0.0,0.0,0.0,0.0,0.0,0.0,0.0,0.0,0.0,159.0266740888347,SETTLED,STOPPED,0.0
77.85,PID,1.4243301439252687,1.4748076589395762,1.6426527605239651,0.6572424408897387,0.8523499938132298,0.032349993813229894,-0.017550419292748254,0.0,0.0,0.45,-0.08379938897191845,0.0,0.0,0.0,0.0,0.0,0.0,0.0,0.0,0.0,0.0,0.0,0.0,159.0266740888347,SETTLED,STOPPED,0.0
77.9,PID,1.4243301439252687,1.4748076589395762,1.6427448442730543,0.6569289340522141,0.8462137145446058,0.02621371454460586,-0.021925729706705033,0.0,0.0,0.45,-0.09236315218004368,0.0,0.0,0.0,0.0,0.0,0.0,0.0,0.0,0.0,0.0,0.0,0.0,159.0266740888347,SETTLED,STOPPED,0.0
77.95,PID,1.4243301439252687,1.4748076589395762,1.6428357003466463,0.6566194134440898,0.8465403652227048,0.026540365222704865,-0.02191836516790069,0.0,0.0,0.45,-0.07060599571679836,0.0,0.0,0.0,0.0,0.0,0.0,0.0,0.0,0.0,0.0,0.0,0.0,159.0266740888347,SETTLED,STOPPED,0.0
78.0,PID,1.4128105674446665,1.4863272354201782,1.6429294652619624,0.6563058004218397,0.8468628479594544,0.026862847959454483,-0.021909557633236876,0.0,0.0,0.45,-0.05365375261740432,0.0,0.0,0.0,0.0,0.0,0.0,0.0,0.0,0.0,0.0,0.0,0.0,159.0266740888347,SETTLED,STOPPED,0.0
78.05,PID,1.4028911072402719,1.496246695624573,1.6430225434333103,0.6559919890672861,0.8613305345158432,0.04133053451584323,-0.01243287202134602,0.0,0.0,0.45,0.02180789380653874,0.0,0.0,0.0,0.0,0.0,0.0,0.0,0.0,0.0,0.0,0.0,0.0,159.0266740888347,SETTLED,STOPPED,0.0
78.1,PID,1.39022896863365,1.5089088342311947,1.6431143602886809,0.6556826482366963,0.873894203287677,0.05389420328767702,-0.004522339565419475,0.0,0.0,0.45,0.07229029976517204,0.0,0.0,0.0,0.0,0.0,0.0,0.0,0.0,0.0,0.0,0.0,0.0,159.0266740888347,SETTLED,STOPPED,0.0
78.15,PID,1.3988195768306027,1.5003182260342423,1.643205978021896,0.6553698639808709,0.8899134484764442,0.0699134484764442,0.005251182636468732,0.0,0.0,0.45,0.1268711126474138,0.0,0.0,0.0,0.0,0.0,0.0,0.0,0.0,0.0,0.0,0.0,0.0,159.0266740888347,SETTLED,STOPPED,0.0
78.2,PID,1.4020581111685229,1.497079691696322,1.6432977193788012,0.6550579637725024,0.8795808363214304,0.05958083632143041,-0.001338807682446319,0.0,0.0,0.45,0.05349597438291947,0.0,0.0,0.0,0.0,0.0,0.0,0.0,0.0,0.0,0.0,0.0,0.0,159.0266740888347,SETTLED,STOPPED,0.0
78.25,PID,1.4131576496553133,1.4859801532095316,1.6433896292738237,0.6547456262574699,0.8758979043617261,0.05589790436172615,-0.003854731607976003,0.0,0.0,0.45,0.02552195939597752,0.0,0.0,0.0,0.0,0.0,0.0,0.0,0.0,0.0,0.0,0.0,0.0,159.0266740888347,SETTLED,STOPPED,0.0
78.3,PID,1.4243301439252687,1.4748076589395762,1.6434821765355316,0.654433357849551,0.8625297694782922,0.042529769478292234,-0.012675457290095116,0.0,0.0,0.45,-0.03891266515825009,0.0,0.0,0.0,0.0,0.0,0.0,0.0,0.0,0.0,0.0,0.0,0.0,159.0266740888347,SETTLED,STOPPED,0.0
78.35,PID,1.4243301439252687,1.4748076589395762,1.6435738923617447,0.6541208181498189,0.8491416885809795,0.02914168858097954,-0.021845948611944888,0.0,0.0,0.45,-0.08925943477161427,0.0,0.0,0.0,0.0,0.0,0.0,0.0,0.0,0.0,0.0,0.0,0.0,159.0266740888347,SETTLED,STOPPED,0.0
78.4,PID,1.4243301439252687,1.4748076589395762,1.6436656359708919,0.6538095626587831,0.849467310656478,0.029467310656478007,-0.021839534584667586,0.0,0.0,0.45,-0.0681896219896658,0.0,0.0,0.0,0.0,0.0,0.0,0.0,0.0,0.0,0.0,0.0,0.0,159.0266740888347,SETTLED,STOPPED,0.0
78.45,PID,1.4243301439252687,1.4748076589395762,1.6437552702729064,0.6534989651653771,0.8497916992814074,0.029791699281407458,-0.02183175057224096,0.0,0.0,0.45,-0.05176059520224966,0.0,0.0,0.0,0.0,0.0,0.0,0.0,0.0,0.0,0.0,0.0,0.0,159.0266740888347,SETTLED,STOPPED,0.0
78.5,PID,1.4089550422257753,1.4901827606390694,1.6438458279673671,0.6531897375516973,0.85011490784585,0.030114907845850025,-0.021818340422551152,0.0,0.0,0.45,-0.03895114657420736,0.0,0.0,0.0,0.0,0.0,0.0,0.0,0.0,0.0,0.0,0.0,0.0,159.0266740888347,SETTLED,STOPPED,0.0
78.55,PID,1.3956038534985633,1.5035339493662816,1.6439376411757318,0.6528797652870119,0.8693279024184376,0.04932790241843765,-0.009288626651649867,0.0,0.0,0.45,0.05415528179150862,0.0,0.0,0.0,0.0,0.0,0.0,0.0,0.0,0.0,0.0,0.0,0.0,159.0266740888347,SETTLED,STOPPED,0.0
78.6,PID,1.399091386418115,1.5000464164467298,1.6440298359764505,0.652572579389588,0.8861615038996318,0.06616150389963182,0.0011560410725237613,0.0,0.0,0.45,0.11630896631463529,0.0,0.0,0.0,0.0,0.0,0.0,0.0,0.0,0.0,0.0,0.0,0.0,159.0266740888347,SETTLED,STOPPED,0.0
78.65,PID,1.4128409389871857,1.486296863877659,1.6441236885654689,0.6522607008481124,0.8821602737419069,0.06216027374190691,-0.0015282868169923525,0.0,0.0,0.45,0.07311558103142493,0.0,0.0,0.0,0.0,0.0,0.0,0.0,0.0,0.0,0.0,0.0,0.0,159.0266740888347,SETTLED,STOPPED,0.0
78.7,PID,1.3984114465265527,1.5007263563382922,1.6442163021340062,0.6519480914081512,0.8655102723212125,0.04551027232121252,-0.012377015143795855,0.0,0.0,0.45,-0.016229853046548046,0.0,0.0,0.0,0.0,0.0,0.0,0.0,0.0,0.0,0.0,0.0,0.0,159.0266740888347,SETTLED,STOPPED,0.0
78.75,PID,1.410203969448595,1.4889338334162499,1.6443086649412997,0.6516389610950305,0.8836541009116755,0.06365410091167556,-0.0010023203111511059,0.0,0.0,0.45,0.06717356042173445,0.0,0.0,0.0,0.0,0.0,0.0,0.0,0.0,0.0,0.0,0.0,0.0,159.0266740888347,SETTLED,STOPPED,0.0
78.8,PID,1.423253392968557,1.475884409896288,1.644401124336944,0.6513276059269961,0.8694065284244988,0.049406528424498886,-0.010253097176839532,0.0,0.0,0.45,-0.01029394181462806,0.0,0.0,0.0,0.0,0.0,0.0,0.0,0.0,0.0,0.0,0.0,0.0,159.0266740888347,SETTLED,STOPPED,0.0
78.85,PID,1.4243301439252687,1.4748076589395762,1.6444930758935663,0.6510173902951679,0.8536979805888248,0.033697980588824894,-0.020856592034923516,0.0,0.0,0.45,-0.0771468850923794,0.0,0.0,0.0,0.0,0.0,0.0,0.0,0.0,0.0,0.0,0.0,0.0,159.0266740888347,SETTLED,STOPPED,0.0
78.9,PID,1.4243301439252687,1.4748076589395762,1.6445861893118523,0.650703043614752,0.8527028341257602,0.03270283412576025,-0.02174283658447229,0.0,0.0,0.45,-0.06455321480954061,0.0,0.0,0.0,0.0,0.0,0.0,0.0,0.0,0.0,0.0,0.0,0.0,159.0266740888347,SETTLED,STOPPED,0.0
78.95,PID,1.422729306717915,1.47640849614693,1.644678733279937,0.6503891834736225,0.8530305636546754,0.03303056365467549,-0.021737121542950266,0.0,0.0,0.45,-0.048909497624214524,0.0,0.0,0.0,0.0,0.0,0.0,0.0,0.0,0.0,0.0,0.0,0.0,159.0266740888347,SETTLED,STOPPED,0.0
79.0,PID,1.407850476876896,1.4912873259879489,1.6447711393794642,0.6500803768932807,0.8553183342244532,0.035318334224453296,-0.020403934761533016,0.0,0.0,0.45,-0.028083217639864426,0.0,0.0,0.0,0.0,0.0,0.0,0.0,0.0,0.0,0.0,0.0,0.0,159.0266740888347,SETTLED,STOPPED,0.0
79.05,PID,1.3984945846946903,1.5006432181701546,1.6448607557630694,0.6497723374531362,0.8739339400239674,0.05393394002396745,-0.008368691099438497,0.0,0.0,0.45,0.060003755758772696,0.0,0.0,0.0,0.0,0.0,0.0,0.0,0.0,0.0,0.0,0.0,0.0,159.0266740888347,SETTLED,STOPPED,0.0
79.1,PID,1.3922070839817704,1.5069307188830745,1.644953224348113,0.649460040574793,0.88582026726591,0.06582026726591006,-0.0010593828670366623,0.0,0.0,0.45,0.09910276935639314,0.0,0.0,0.0,0.0,0.0,0.0,0.0,0.0,0.0,0.0,0.0,0.0,159.0266740888347,SETTLED,STOPPED,0.0
79.15,PID,1.4000728512065455,1.4990649516582994,1.645045338184472,0.649148150399725,0.8939443917988117,0.07394439179881174,0.003737168604023955,0.0,0.0,0.45,0.11304630804275606,0.0,0.0,0.0,0.0,0.0,0.0,0.0,0.0,0.0,0.0,0.0,0.0,159.0266740888347,SETTLED,STOPPED,0.0
79.2,PID,1.4062557799097568,1.492882022955088,1.645136851663035,0.6488348641561826,0.8845168672432187,0.0645168672432187,-0.002277966250024077,0.0,0.0,0.45,0.04669501222873801,0.0,0.0,0.0,0.0,0.0,0.0,0.0,0.0,0.0,0.0,0.0,0.0,159.0266740888347,SETTLED,STOPPED,0.0
79.25,PID,1.4184047355818559,1.480733067282989,1.6452293148265664,0.6485243131755287,0.8771999616498506,0.05719996164985064,-0.007109610617243467,0.0,0.0,0.45,0.004227724927594344,0.0,0.0,0.0,0.0,0.0,0.0,0.0,0.0,0.0,0.0,0.0,0.0,159.0266740888347,SETTLED,STOPPED,0.0
79.3,PID,1.4243301439252687,1.4748076589395762,1.645320725118669,0.648213244175788,0.8625664033352048,0.042566403335204894,-0.016832109831727005,0.0,0.0,0.45,-0.06109003114092135,0.0,0.0,0.0,0.0,0.0,0.0,0.0,0.0,0.0,0.0,0.0,0.0,159.0266740888347,SETTLED,STOPPED,0.0
79.35,PID,1.4243301439252687,1.4748076589395762,1.6454133712404961,0.6479006709867444,0.8556255977323765,0.0356255977323765,-0.02168415840204796,0.0,0.0,0.45,-0.07818976894236532,0.0,0.0,0.0,0.0,0.0,0.0,0.0,0.0,0.0,0.0,0.0,0.0,159.0266740888347,SETTLED,STOPPED,0.0
79.4,PID,1.4243301439252687,1.4748076589395762,1.6455076608947983,0.6475851936453967,0.8559514940259999,0.03595149402599995,-0.02167581087741688,0.0,0.0,0.45,-0.05955407608310168,0.0,0.0,0.0,0.0,0.0,0.0,0.0,0.0,0.0,0.0,0.0,0.0,159.0266740888347,SETTLED,STOPPED,0.0
79.45,PID,1.4243301439252687,1.4748076589395762,1.645598921924719,0.6472736743408439,0.8562806205328873,0.03628062053288739,-0.02166377447967771,0.0,0.0,0.45,-0.04500402271451452,0.0,0.0,0.0,0.0,0.0,0.0,0.0,0.0,0.0,0.0,0.0,0.0,159.0266740888347,SETTLED,STOPPED,0.0
79.5,PID,1.3953126188167648,1.5038251840480799,1.6456911905122813,0.6469645550022215,0.8566051411141687,0.03660514111416879,-0.02165573332372217,0.0,0.0,0.45,-0.03367524715968306,0.0,0.0,0.0,0.0,0.0,0.0,0.0,0.0,0.0,0.0,0.0,0.0,159.0266740888347,SETTLED,STOPPED,0.0
79.55,PID,1.3987521050544887,1.500385697810356,1.6457829562483965,0.6466535183881235,0.8926923136070742,0.07269231360707429,0.0013566482508200473,0.0,0.0,0.45,0.1325168661842404,0.0,0.0,0.0,0.0,0.0,0.0,0.0,0.0,0.0,0.0,0.0,0.0,159.0266740888347,SETTLED,STOPPED,0.0
79.6,PID,1.3996159532895212,1.4995218495753235,1.6458751623547312,0.6463418461735376,0.888753551679329,0.06875355167932906,-0.0012673507194933542,0.0,0.0,0.45,0.08603260314162754,0.0,0.0,0.0,0.0,0.0,0.0,0.0,0.0,0.0,0.0,0.0,0.0,159.0266740888347,SETTLED,STOPPED,0.0
79.65,PID,1.4165958018608413,1.4825420010040036,1.6459659371895707,0.6460308807763566,0.8880088491980777,0.0680088491980777,-0.0019377111254450519,0.0,0.0,0.45,0.06382873953296332,0.0,0.0,0.0,0.0,0.0,0.0,0.0,0.0,0.0,0.0,0.0,0.0,159.0266740888347,SETTLED,STOPPED,0.0
79.7,PID,1.3953258605387224,1.5038119423261225,1.646057282494117,0.6457185185975226,0.8673877525335669,0.047387752533566974,-0.015320888321071813,0.0,0.0,0.45,-0.04094640848814097,0.0,0.0,0.0,0.0,0.0,0.0,0.0,0.0,0.0,0.0,0.0,0.0,159.0266740888347,SETTLED,STOPPED,0.0
79.75,PID,1.4166409001197247,1.4824969027451202,1.6461493484700065,0.6454052132438399,0.8939745912508054,0.07397459125080541,0.0013366480532093217,0.0,0.0,0.45,0.08504389173510582,0.0,0.0,0.0,0.0,0.0,0.0,0.0,0.0,0.0,0.0,0.0,0.0,159.0266740888347,SETTLED,STOPPED,0.0
79.8,PID,1.4243301439252687,1.4748076589395762,1.6462415719962855,0.6450924414040348,0.8679842305573656,0.04798423055736567,-0.015345998398209826,0.0,0.0,0.45,-0.04802335149775881,0.0,0.0,0.0,0.0,0.0,0.0,0.0,0.0,0.0,0.0,0.0,0.0,159.0266740888347,SETTLED,STOPPED,0.0
79.85,PID,1.4243301439252687,1.4748076589395762,1.6463341071562678,0.6447798239358697,0.8588783523401722,0.03887835234017223,-0.02160770742753182,0.0,0.0,0.45,-0.07752407832390529,0.0,0.0,0.0,0.0,0.0,0.0,0.0,0.0,0.0,0.0,0.0,0.0,159.0266740888347,SETTLED,STOPPED,0.0
79.9,PID,1.4243301439252687,1.4748076589395762,1.6464256332663016,0.6444670648247993,0.8592042635899865,0.03920426358998652,-0.02160765139013332,0.0,0.0,0.45,-0.05903477159346316,0.0,0.0,0.0,0.0,0.0,0.0,0.0,0.0,0.0,0.0,0.0,0.0,159.0266740888347,SETTLED,STOPPED,0.0
79.95,PID,1.416432803606064,1.4827049992587809,1.6465157661705132,0.6441566650738931,0.8595300510281846,0.03953005102818463,-0.02159686833709995,0.0,0.0,0.45,-0.044613657114829494,0.0,0.0,0.0,0.0,0.0,0.0,0.0,0.0,0.0,0.0,0.0,0.0,159.0266740888347,SETTLED,STOPPED,0.0
80.0,PID,1.4047022253209707,1.4944355775438742,1.6466071580102273,0.6438463550519986,0.8695409584526101,0.049540958452610195,-0.015164443925699045,0.0,0.0,0.45,0.009249340117907977,0.0,0.0,0.0,0.0,0.0,0.0,0.0,0.0,0.0,0.0,0.0,0.0,159.0266740888347,SETTLED,STOPPED,0.0
80.05,PID,1.3932474987681478,1.5058903040966969,1.6466990519034297,0.643534852219031,0.8843189593572713,0.06431895935727139,-0.005875717903962574,0.0,0.0,0.45,0.07223768927248117,0.0,0.0,0.0,0.0,0.0,0.0,0.0,0.0,0.0,0.0,0.0,0.0,159.0266740888347,SETTLED,STOPPED,0.0
80.1,PID,1.3964047527230043,1.5027330501418403,1.6459611598038424,0.6460722514797824,0.8988295807158441,0.07882958071584412,0.002895895091094669,0.059444629958190894,0.007756794684246568,0.45,0.12019213161025893,0.058160880437948086,0.0607283794784337,0.5965218506456214,0.6228551741377816,0.5965218506456214,0.6228551741377816,0.5965218506456214,0.6228551741377816,0.6540233451095531,0.6829934702767964,0.000866417238339253,1.3378832326246886,159.09356825046595,TRACKING,STOPPED,0.0
80.15,PID,1.4011222683918538,1.4980155344729909,1.6448612825056166,0.6498410510755683,0.892270208109299,0.07227020810929907,0.00011262962516500608,0.0847908944258859,0.0029561328349752324,0.45,0.06488862318720215,0.0843016544416975,0.0852801344100743,0.8646323532481794,0.8746680452315313,0.8646323532481794,0.8746680452315313,0.2681105026025581,0.2518128710937497,0.47506863556577505,0.48063537200894213,0.00020435607536032404,0.9559083636500775,159.14136366864844,TRACKING,STOPPED,0.0
80.2,PID,1.4104534486509908,1.4886843542138541,1.6437122360461487,0.6537895826057062,0.8825013661675736,0.06250136616757362,-0.0036558613639714466,0.08875919185277184,-0.0033434919414008406,0.45,0.0076302215424232656,0.08931253976907368,0.08820584393647,0.9160260489135761,0.9046753224253333,0.9160260489135761,0.9046753224253333,0.051393695665396644,0.03000727719380203,0.18855126709988917,0.186153265027444,0.00030330352330075683,0.37500783565063395,159.16011406043097,TRACKING,STOPPED,0.0
80.25,PID,1.4236518215083984,1.4754859813564465,1.642733956098498,0.6571630466042417,0.8668673148502491,0.0468673148502492,-0.010878994011561671,0.07676831569156205,-0.014679355627853503,0.45,-0.06283825299314123,0.0791977490479718,0.07433888233515229,0.8122846056202236,0.7624500752323311,0.8122846056202236,0.7624500752323311,-0.10374144329335244,-0.14222524719300222,0.27152800252866716,0.25464149075973924,0.0023962057113933867,0.5285656989997999,159.18654234538096,TRACKING,STOPPED,0.0
80.3,PID,1.4243301439252687,1.4748076589395762,1.6428264083902626,0.6568494633826212,0.8471419050182888,0.027141905018288837,-0.0210003133257759,0.0,0.0,0.45,-0.1358056405952807,0.0,0.0,0.0,0.0,0.0,0.0,-0.8122846056202236,-0.7624500752323311,0.0,0.0,0.0,0.0,159.18654234538096,SETTLED,STOPPED,0.0
80.35,PID,1.4243301439252687,1.4748076589395762,1.6429169432987805,0.6565386018554819,0.8466381914749337,0.026638191474933737,-0.021564905898618925,0.0,0.0,0.45,-0.1081447392550815,0.0,0.0,0.0,0.0,0.0,0.0,0.0,0.0,0.0,0.0,0.0,0.0,159.18654234538096,SETTLED,STOPPED,0.0
80.4,PID,1.4243301439252687,1.4748076589395762,1.6430097231092642,0.656224309440993,0.8469618873607293,0.026961887360729353,-0.021562279896964354,0.0,0.0,0.45,-0.08292863472146278,0.0,0.0,0.0,0.0,0.0,0.0,0.0,0.0,0.0,0.0,0.0,0.0,159.18654234538096,SETTLED,STOPPED,0.0
80.45,PID,1.4168032205754697,1.482334582289375,1.6431005621959316,0.6559116981754943,0.84728947735022,0.027289477350220026,-0.021558722482959425,0.0,0.0,0.45,-0.06324293912898193,0.0,0.0,0.0,0.0,0.0,0.0,0.0,0.0,0.0,0.0,0.0,0.0,159.18654234538096,SETTLED,STOPPED,0.0
80.5,PID,1.3937927354178645,1.5053450674469802,1.6431941924576285,0.6555977391331538,0.8568461181633448,0.03684611816334482,-0.015330227267892349,0.0,0.0,0.45,-0.007280272942854424,0.0,0.0,0.0,0.0,0.0,0.0,0.0,0.0,0.0,0.0,0.0,0.0,159.18654234538096,SETTLED,STOPPED,0.0
80.55,PID,1.399091386418115,1.5000464164467298,1.6432859985455952,0.6552827607875926,0.8855911069732143,0.06559110697321435,0.002870482970784183,0.0,0.0,0.45,0.12079933786800667,0.0,0.0,0.0,0.0,0.0,0.0,0.0,0.0,0.0,0.0,0.0,0.0,159.18654234538096,SETTLED,STOPPED,0.0
80.6,PID,1.4080112907719893,1.4911265120928556,1.6433779438948946,0.6549710561016411,0.8793501251007358,0.059350125100735895,-0.0012208804848776733,0.0,0.0,0.45,0.06676316329813844,0.0,0.0,0.0,0.0,0.0,0.0,0.0,0.0,0.0,0.0,0.0,0.0,159.18654234538096,SETTLED,STOPPED,0.0
80.65,PID,1.4050522128224479,1.4940855900423968,1.6434701590308625,0.6546569773497737,0.8686503370091754,0.048650337009175426,-0.00823500321117332,0.0,0.0,0.45,0.004996199769679251,0.0,0.0,0.0,0.0,0.0,0.0,0.0,0.0,0.0,0.0,0.0,0.0,159.18654234538096,SETTLED,STOPPED,0.0
80.7,PID,1.404770615206499,1.494367187658346,1.6435618032867878,0.6543465463395751,0.872630226889546,0.052630226889545995,-0.00589043776025977,0.0,0.0,0.45,0.021408551293981313,0.0,0.0,0.0,0.0,0.0,0.0,0.0,0.0,0.0,0.0,0.0,0.0,159.18654234538096,SETTLED,STOPPED,0.0
80.75,PID,1.4208385688609586,1.4782992340038863,1.643653208537994,0.6540365068811602,0.8733017286977022,0.05330172869770222,-0.005667436322121633,0.0,0.0,0.45,0.019653277965192992,0.0,0.0,0.0,0.0,0.0,0.0,0.0,0.0,0.0,0.0,0.0,0.0,159.18654234538096,SETTLED,STOPPED,0.0
80.8,PID,1.4243301439252687,1.4748076589395762,1.6437447585083393,0.6537227504446143,0.8538474143418135,0.0338474143418136,-0.018620528735064257,0.0,0.0,0.45,-0.07026942635306428,0.0,0.0,0.0,0.0,0.0,0.0,0.0,0.0,0.0,0.0,0.0,0.0,159.18654234538096,SETTLED,STOPPED,0.0
80.85,PID,1.4243301439252687,1.4748076589395762,1.643836877526051,0.6534085329426816,0.8498959936667648,0.029895993666764875,-0.021512860816672585,0.0,0.0,0.45,-0.07219640352560551,0.0,0.0,0.0,0.0,0.0,0.0,0.0,0.0,0.0,0.0,0.0,0.0,159.18654234538096,SETTLED,STOPPED,0.0
80.9,PID,1.4243301439252687,1.4748076589395762,1.643928065312006,0.6530953612851461,0.8502233414136235,0.030223341413623594,-0.02150775763749757,0.0,0.0,0.45,-0.05487286466379385,0.0,0.0,0.0,0.0,0.0,0.0,0.0,0.0,0.0,0.0,0.0,0.0,159.18654234538096,SETTLED,STOPPED,0.0
80.95,PID,1.410136300494213,1.4890015023706318,1.6440209086759439,0.6527809386801807,0.8505494384184251,0.030549438418425168,-0.021498634634510738,0.0,0.0,0.45,-0.04136600761663219,0.0,0.0,0.0,0.0,0.0,0.0,0.0,0.0,0.0,0.0,0.0,0.0,159.18654234538096,SETTLED,STOPPED,0.0
81.0,PID,1.4015131148291882,1.4976246880356567,1.6441134096375851,0.6524681596544636,0.8683126401723619,0.04831264017236192,-0.009920273201561303,0.0,0.0,0.45,0.04589260177635305,0.0,0.0,0.0,0.0,0.0,0.0,0.0,0.0,0.0,0.0,0.0,0.0,159.18654234538096,SETTLED,STOPPED,0.0
81.05,PID,1.389792259874172,1.5093455429906726,1.644204842172659,0.6521566856644764,0.8792863359034254,0.05928633590342547,-0.003114509466986437,0.0,0.0,0.45,0.08408049060223774,0.0,0.0,0.0,0.0,0.0,0.0,0.0,0.0,0.0,0.0,0.0,0.0,159.18654234538096,SETTLED,STOPPED,0.0
81.1,PID,1.399469145179646,1.499668657685199,1.6442973519870165,0.6518442289675764,0.8941467995558527,0.0741467995558528,0.005864442217460297,0.0,0.0,0.45,0.13096882274042937,0.0,0.0,0.0,0.0,0.0,0.0,0.0,0.0,0.0,0.0,0.0,0.0,159.18654234538096,SETTLED,STOPPED,0.0
81.15,PID,1.4038409558021585,1.4952968470626864,1.644387478964061,0.6515320185120358,0.8824664938562119,0.062466493856211947,-0.0015299767334364667,0.0,0.0,0.45,0.05076233665911226,0.0,0.0,0.0,0.0,0.0,0.0,0.0,0.0,0.0,0.0,0.0,0.0,159.18654234538096,SETTLED,STOPPED,0.0
81.2,PID,1.415386205447358,1.4837515974174869,1.6444798435730115,0.6512175471779138,0.8773834485015024,0.057383448501502454,-0.004935393571402047,0.0,0.0,0.45,0.01722922303338453,0.0,0.0,0.0,0.0,0.0,0.0,0.0,0.0,0.0,0.0,0.0,0.0,159.18654234538096,SETTLED,STOPPED,0.0
81.25,PID,1.4243301439252687,1.4748076589395762,1.6445734531816822,0.6509038135506591,0.8634794958989795,0.04347949589897959,-0.014125141265286967,0.0,0.0,0.45,-0.04773859748506414,0.0,0.0,0.0,0.0,0.0,0.0,0.0,0.0,0.0,0.0,0.0,0.0,159.18654234538096,SETTLED,STOPPED,0.0
81.3,PID,1.4243301439252687,1.4748076589395762,1.6446667432305708,0.650588752957913,0.8528333141469445,0.03283331414694457,-0.021447403479707194,0.0,0.0,0.45,-0.08407930574730679,0.0,0.0,0.0,0.0,0.0,0.0,0.0,0.0,0.0,0.0,0.0,0.0,159.18654234538096,SETTLED,STOPPED,0.0
81.35,PID,1.4243301439252687,1.4748076589395762,1.6447582038812723,0.6502766400231298,0.8531617794832556,0.033161779483255605,-0.02144032130742013,0.0,0.0,0.45,-0.06413661100313066,0.0,0.0,0.0,0.0,0.0,0.0,0.0,0.0,0.0,0.0,0.0,0.0,159.18654234538096,SETTLED,STOPPED,0.0
81.4,PID,1.4243301439252687,1.4748076589395762,1.644850791486625,0.6499637127203888,0.8534869247805503,0.033486924780550376,-0.02142534471862545,0.0,0.0,0.45,-0.04859591727434484,0.0,0.0,0.0,0.0,0.0,0.0,0.0,0.0,0.0,0.0,0.0,0.0,159.18654234538096,SETTLED,STOPPED,0.0
81.45,PID,1.4031607971664593,1.4959770056983854,1.6449424308392273,0.6496498309465051,0.8538131479517762,0.03381314795177626,-0.021430127856722603,0.0,0.0,0.45,-0.036469433520595014,0.0,0.0,0.0,0.0,0.0,0.0,0.0,0.0,0.0,0.0,0.0,0.0,159.18654234538096,SETTLED,STOPPED,0.0
81.5,PID,1.39694098697379,1.5021968158910548,1.6450349375696476,0.6493406346896682,0.880186369529188,0.0601863695291881,-0.004400079697606696,0.0,0.0,0.45,0.08759601679455459,0.0,0.0,0.0,0.0,0.0,0.0,0.0,0.0,0.0,0.0,0.0,0.0,159.18654234538096,SETTLED,STOPPED,0.0
81.55,PID,1.399091386418115,1.5000464164467298,1.6451271116560384,0.6490287158872158,0.8882084632200214,0.0682084632200215,0.00041576246349994683,0.0,0.0,0.45,0.10362210533942154,0.0,0.0,0.0,0.0,0.0,0.0,0.0,0.0,0.0,0.0,0.0,0.0,159.18654234538096,SETTLED,STOPPED,0.0
81.6,PID,1.4164066282544572,1.4827311746103877,1.6452182762035732,0.648717523978169,0.8858694625953384,0.06586946259533843,-0.0012383780496540986,0.0,0.0,0.45,0.07053363941614274,0.0,0.0,0.0,0.0,0.0,0.0,0.0,0.0,0.0,0.0,0.0,0.0,159.18654234538096,SETTLED,STOPPED,0.0
81.65,PID,1.3935086237840544,1.5056291790807903,1.6453087854750912,0.6484054849359181,0.8648315094156034,0.04483150941560343,-0.01491111264468059,0.0,0.0,0.45,-0.03755075524624793,0.0,0.0,0.0,0.0,0.0,0.0,0.0,0.0,0.0,0.0,0.0,0.0,159.18654234538096,SETTLED,STOPPED,0.0
81.7,PID,1.4142153698742752,1.4849224329905695,1.6454018521010465,0.6480903248628265,0.8934404195194069,0.07344041951940694,0.003025147233852943,0.0,0.0,0.45,0.0965896153646692,0.0,0.0,0.0,0.0,0.0,0.0,0.0,0.0,0.0,0.0,0.0,0.0,159.18654234538096,SETTLED,STOPPED,0.0
81.75,PID,1.4243301439252687,1.4748076589395762,1.645494091489315,0.6477763587573542,0.8681792250209123,0.04817922502091232,-0.01314420139397332,0.0,0.0,0.45,-0.03580935580894068,0.0,0.0,0.0,0.0,0.0,0.0,0.0,0.0,0.0,0.0,0.0,0.0,159.18654234538096,SETTLED,STOPPED,0.0
81.8,PID,1.4243301439252687,1.4748076589395762,1.6455860327774956,0.6474624350119035,0.8560924384569747,0.03609243845697474,-0.021383962430035597,0.0,0.0,0.45,-0.0811131584123021,0.0,0.0,0.0,0.0,0.0,0.0,0.0,0.0,0.0,0.0,0.0,0.0,159.18654234538096,SETTLED,STOPPED,0.0
81.85,PID,1.4243301439252687,1.4748076589395762,1.6456763585765166,0.6471512142747365,0.8564194579221796,0.0364194579221796,-0.021382445482969192,0.0,0.0,0.45,-0.06182937791469418,0.0,0.0,0.0,0.0,0.0,0.0,0.0,0.0,0.0,0.0,0.0,0.0,159.18654234538096,SETTLED,STOPPED,0.0
81.9,PID,1.4200550397674614,1.4790827630973835,1.6457658477418877,0.6468479308203251,0.856743448843164,0.03674344884316405,-0.021376638798901393,0.0,0.0,0.45,-0.0468013547211298,0.0,0.0,0.0,0.0,0.0,0.0,0.0,0.0,0.0,0.0,0.0,0.0,159.18654234538096,SETTLED,STOPPED,0.0
81.95,PID,1.4065133434016692,1.4926244594631757,1.64585721050715,0.6465365462249059,0.8622993592086753,0.042299359208675336,-0.017866452785845865,0.0,0.0,0.45,-0.012059051074230203,0.0,0.0,0.0,0.0,0.0,0.0,0.0,0.0,0.0,0.0,0.0,0.0,159.18654234538096,SETTLED,STOPPED,0.0
82.0,PID,1.3962660289026456,1.502871773962199,1.645949568796345,0.6462240327162125,0.8792896244406027,0.059289624440602706,-0.007032049969672771,0.0,0.0,0.45,0.06535110718258512,0.0,0.0,0.0,0.0,0.0,0.0,0.0,0.0,0.0,0.0,0.0,0.0,159.18654234538096,SETTLED,STOPPED,0.0
82.05,PID,1.393989928615406,1.5051478742494386,1.6460415860475017,0.6459136355872277,0.8922932380533315,0.07229323805333154,0.0008973598620793943,0.0,0.0,0.45,0.10818976349842653,0.0,0.0,0.0,0.0,0.0,0.0,0.0,0.0,0.0,0.0,0.0,0.0,159.18654234538096,SETTLED,STOPPED,0.0
82.1,PID,1.4005185623649543,1.4986192404998904,1.6453595981153104,0.6482612857667386,0.8954404027648606,0.07544040276486064,0.0026247449007221757,0.05534176752919236,0.0030478376512656797,0.45,0.0982355402595015,0.05483735039790789,0.055846184660476826,0.5624343630554655,0.5727813811330956,0.5624343630554655,0.5727813811330956,0.5624343630554655,0.5727813811330956,0.5794116081438238,0.5901065134520884,0.0001337661266180144,1.1696518877225301,159.2450249397671,TRACKING,STOPPED,0.0
82.15,PID,1.4080386245433925,1.4910991783214524,1.644402150146039,0.6515636895898438,0.8849043925561993,0.0649043925561994,-0.0025239615890393363,0.07527858731984247,-0.003334201138576894,0.45,0.030265276484299074,0.07583039760827694,0.074726777031408,0.7777476677771993,0.7664284823734153,0.7777476677771993,0.7664284823734153,0.21531330472173382,0.1936471012403197,0.35924170560197694,0.35396132094540445,0.0003064176143933216,0.7135094441617748,159.28070041197518,TRACKING,STOPPED,0.0
82.2,PID,1.4206332913739004,1.4785045114909443,1.6434582199293317,0.6548238750708961,0.8721740382946135,0.052174038294613534,-0.008268396109401444,0.07441106074114286,-0.01179557189713468,0.45,-0.0324066430932277,0.07636322789011865,0.07245889359216706,0.7832125937448067,0.7431681394068417,0.7832125937448067,0.7431681394068417,0.0054649259676073925,-0.023260342966573644,0.12151982727011512,0.11512814697858235,0.0014372165826847733,0.23808519083138227,159.29260467151676,TRACKING,STOPPED,0.0
82.25,PID,1.4243301439252687,1.4748076589395762,1.6435499618791378,0.6545111065858041,0.8532881925815384,0.03328819258153848,-0.01791509388551149,0.0,0.0,0.45,-0.10837490275025258,0.0,0.0,0.0,0.0,0.0,0.0,-0.7832125937448067,-0.7431681394068417,0.0,0.0,0.0,0.0,159.29260467151676,SETTLED,STOPPED,0.0
82.3,PID,1.4243301439252687,1.4748076589395762,1.6436422874110037,0.6541993747820103,0.8490840726260341,0.029084072626034185,-0.02097772159732947,0.0,0.0,0.45,-0.10303055194941696,0.0,0.0,0.0,0.0,0.0,0.0,0.0,0.0,0.0,0.0,0.0,0.0,159.29260467151676,SETTLED,STOPPED,0.0
82.35,PID,1.4243301439252687,1.4748076589395762,1.6437307006192565,0.653888570934363,0.8494090724193686,0.02940907241936863,-0.020968290583575078,0.0,0.0,0.45,-0.07893383142987359,0.0,0.0,0.0,0.0,0.0,0.0,0.0,0.0,0.0,0.0,0.0,0.0,159.29260467151676,SETTLED,STOPPED,0.0
82.4,PID,1.4243301439252687,1.4748076589395762,1.643818938742088,0.6535859143506124,0.849732165643353,0.029732165643353015,-0.020970382351192196,0.0,0.0,0.45,-0.060146778329770036,0.0,0.0,0.0,0.0,0.0,0.0,0.0,0.0,0.0,0.0,0.0,0.0,159.29260467151676,SETTLED,STOPPED,0.0
82.45,PID,1.3919816173371657,1.507156185527679,1.6439091501244305,0.6532773098205066,0.8500473427026762,0.030047342702676283,-0.020963362152566445,0.0,0.0,0.45,-0.04552770803619817,0.0,0.0,0.0,0.0,0.0,0.0,0.0,0.0,0.0,0.0,0.0,0.0,159.29260467151676,SETTLED,STOPPED,0.0
82.5,PID,1.399091386418115,1.5000464164467298,1.6440005096290757,0.6529666954783038,0.8902677216181788,0.07026772161817885,0.004763105053075867,0.0,0.0,0.45,0.14145805495998678,0.0,0.0,0.0,0.0,0.0,0.0,0.0,0.0,0.0,0.0,0.0,0.0,159.29260467151676,SETTLED,STOPPED,0.0
82.55,PID,1.4031816425567927,1.4959561603080522,1.6440921804521644,0.6526537140842107,0.8817735153132623,0.06177351531326236,-0.0006869595135865492,0.0,0.0,0.45,0.07296277512715504,0.0,0.0,0.0,0.0,0.0,0.0,0.0,0.0,0.0,0.0,0.0,0.0,159.29260467151676,SETTLED,STOPPED,0.0
82.6,PID,1.4116929791183432,1.4874448237465017,1.6441824950849686,0.6523445717832683,0.8770387124159073,0.0570387124159073,-0.0038716881639788703,0.0,0.0,0.45,0.03607783185081748,0.0,0.0,0.0,0.0,0.0,0.0,0.0,0.0,0.0,0.0,0.0,0.0,159.29260467151676,SETTLED,STOPPED,0.0
82.65,PID,1.3993372609644028,1.499800541900442,1.6442731191889735,0.6520325618040648,0.8668585846973262,0.04685858469732629,-0.0106209544598308,0.0,0.0,0.45,-0.01665185311812136,0.0,0.0,0.0,0.0,0.0,0.0,0.0,0.0,0.0,0.0,0.0,0.0,159.29260467151676,SETTLED,STOPPED,0.0
82.7,PID,1.4184237447533603,1.4807140581114844,1.6443640471786156,0.6517198003139304,0.8824421356218767,0.062442135621876727,-0.0008867645770906929,0.0,0.0,0.45,0.055579178635891166,0.0,0.0,0.0,0.0,0.0,0.0,0.0,0.0,0.0,0.0,0.0,0.0,159.29260467151676,SETTLED,STOPPED,0.0
82.75,PID,1.4243301439252687,1.4748076589395762,1.6444552816792393,0.651406845089981,0.8592325062061683,0.03923250620616836,-0.016064332800612924,0.0,0.0,0.45,-0.05877061009312751,0.0,0.0,0.0,0.0,0.0,0.0,0.0,0.0,0.0,0.0,0.0,0.0,159.29260467151676,SETTLED,STOPPED,0.0
82.8,PID,1.4243301439252687,1.4748076589395762,1.6445462190753726,0.6510945860173837,0.8523168287200366,0.032316828720036606,-0.020924518650481394,0.0,0.0,0.45,-0.07627005681162091,0.0,0.0,0.0,0.0,0.0,0.0,0.0,0.0,0.0,0.0,0.0,0.0,159.29260467151676,SETTLED,STOPPED,0.0
82.85,PID,1.4243301439252687,1.4748076589395762,1.6446392897952389,0.6507795006411563,0.8526419801167647,0.03264198011676478,-0.020917079814018358,0.0,0.0,0.45,-0.058059978167460266,0.0,0.0,0.0,0.0,0.0,0.0,0.0,0.0,0.0,0.0,0.0,0.0,159.29260467151676,SETTLED,STOPPED,0.0
82.9,PID,1.4137585366556105,1.4853792662092344,1.6447314702170612,0.6504664729266443,0.8529704129819753,0.03297041298197534,-0.020913042297651563,0.0,0.0,0.45,-0.04384167836369246,0.0,0.0,0.0,0.0,0.0,0.0,0.0,0.0,0.0,0.0,0.0,0.0,159.29260467151676,SETTLED,STOPPED,0.0
82.95,PID,1.4033650918457439,1.495772711019101,1.6448238698988387,0.6501531445837359,0.8662723985126847,0.04627239851268472,-0.012266878109807644,0.0,0.0,0.45,0.024332227211444478,0.0,0.0,0.0,0.0,0.0,0.0,0.0,0.0,0.0,0.0,0.0,0.0,159.29260467151676,SETTLED,STOPPED,0.0
83.0,PID,1.3910189429761033,1.5081188598887416,1.644917111809439,0.6498386043264548,0.8794173028984753,0.059417302898475355,-0.004020070235040585,0.0,0.0,0.45,0.07681671652240876,0.0,0.0,0.0,0.0,0.0,0.0,0.0,0.0,0.0,0.0,0.0,0.0,159.29260467151676,SETTLED,STOPPED,0.0
83.05,PID,1.39818759735664,1.5009502055082047,1.6441814280816487,0.6523794602784456,0.8950470810102592,0.07504708101025925,0.005444596223418419,0.05946521194101174,0.010086387738743163,0.45,0.1286880625793319,0.05779591477024974,0.06113450911177373,0.5927786130282025,0.6270206062746023,0.5927786130282025,0.6270206062746023,0.5927786130282025,0.6270206062746023,0.6501022425704597,0.6877843711054961,0.0014649871336743486,1.33935160080963,159.35957225155724,TRACKING,STOPPED,0.0
83.1,PID,1.401567979550263,1.497569823314582,1.6431590575148047,0.6559066994737317,0.8835073708886377,0.06350737088863778,-0.000524165081961625,0.07997749924647145,0.0018439432471513174,0.45,0.049601964276741524,0.07967232663906791,0.08028267185387498,0.8171520680930042,0.8234120190141023,0.8171520680930042,0.8234120190141023,0.22437345506480177,0.1963914127395,0.3852008552710161,0.3881826877820252,0.0002188598379881936,0.7736024028910296,159.3982523717018,TRACKING,STOPPED,0.0
83.15,PID,1.4123676753128602,1.4867701275519847,1.6420896675040537,0.6595970426195205,0.875650080217896,0.05565008021789608,-0.0032559305745969436,0.08332290565416325,-0.003051352592197373,0.45,0.004117453184592938,0.08382790450817192,0.08281790680015459,0.859773379570994,0.8494144287195342,0.859773379570994,0.8494144287195342,0.042621311477989754,0.026002409705431884,0.1680666653627844,0.16598892550386252,0.00021509674054517508,0.3342706876071921,159.41496590608216,TRACKING,STOPPED,0.0
83.2,PID,1.4243301439252687,1.4748076589395762,1.6421798837922519,0.6592847619839732,0.8584797645448495,0.03847976454484958,-0.011735770208650909,0.0,0.0,0.45,-0.0723377754774264,0.0,0.0,0.0,0.0,0.0,0.0,-0.859773379570994,-0.8494144287195342,0.0,0.0,0.0,0.0,159.41496590608216,SETTLED,STOPPED,0.0
83.25,PID,1.4243301439252687,1.4748076589395762,1.6422731022591504,0.6589711318689854,0.8441185370663123,0.024118537066312395,-0.021599885810973607,0.0,0.0,0.45,-0.11961286577795979,0.0,0.0,0.0,0.0,0.0,0.0,0.0,0.0,0.0,0.0,0.0,0.0,159.41496590608216,SETTLED,STOPPED,0.0
83.3,PID,1.4243301439252687,1.4748076589395762,1.642362158960824,0.6586637385616284,0.8444456003733616,0.02444560037336163,-0.021593933998858006,0.0,0.0,0.45,-0.09185895675579192,0.0,0.0,0.0,0.0,0.0,0.0,0.0,0.0,0.0,0.0,0.0,0.0,159.41496590608216,SETTLED,STOPPED,0.0
83.35,PID,1.4243301439252687,1.4748076589395762,1.6424535712417163,0.6583511191390279,0.8447655641361991,0.024765564136199125,-0.021584766604853645,0.0,0.0,0.45,-0.07024214571303264,0.0,0.0,0.0,0.0,0.0,0.0,0.0,0.0,0.0,0.0,0.0,0.0,159.41496590608216,SETTLED,STOPPED,0.0
83.4,PID,1.4110089755161537,1.488128827348691,1.6425449585831895,0.6580374255669394,0.845091184977904,0.02509118497790408,-0.02157896028482087,0.0,0.0,0.45,-0.053356141952663576,0.0,0.0,0.0,0.0,0.0,0.0,0.0,0.0,0.0,0.0,0.0,0.0,159.41496590608216,SETTLED,STOPPED,0.0
83.45,PID,1.3951298688930913,1.5040079339717534,1.6426372447323885,0.6577237018937279,0.8617776086478529,0.04177760864785296,-0.010628403670541298,0.0,0.0,0.45,0.031802473424701654,0.0,0.0,0.0,0.0,0.0,0.0,0.0,0.0,0.0,0.0,0.0,0.0,159.41496590608216,SETTLED,STOPPED,0.0
83.5,PID,1.399091386418115,1.5000464164467298,1.6427287055865443,0.6574118351480811,0.8817351657718708,0.06173516577187088,0.0018901075172994553,0.0,0.0,0.45,0.11261918061695114,0.0,0.0,0.0,0.0,0.0,0.0,0.0,0.0,0.0,0.0,0.0,0.0,159.41496590608216,SETTLED,STOPPED,0.0
83.55,PID,1.4115769800392606,1.4875608228255843,1.6428215962137487,0.657098953098339,0.8771500332850294,0.057150033285029433,-0.0011897565927536657,0.0,0.0,0.45,0.06766837793911838,0.0,0.0,0.0,0.0,0.0,0.0,0.0,0.0,0.0,0.0,0.0,0.0,159.41496590608216,SETTLED,STOPPED,0.0
83.6,PID,1.4001493900799498,1.4989884127848951,1.6429144550739074,0.656786401540408,0.8620562566216653,0.042056256621665344,-0.011079303838045229,0.0,0.0,0.45,-0.013631282526293427,0.0,0.0,0.0,0.0,0.0,0.0,0.0,0.0,0.0,0.0,0.0,0.0,159.41496590608216,SETTLED,STOPPED,0.0
83.65,PID,1.408782015632179,1.4903557872326656,1.6430059271764843,0.656474725839144,0.8764925011235292,0.056492501123529215,-0.002011551783193344,0.0,0.0,0.45,0.052887075437695774,0.0,0.0,0.0,0.0,0.0,0.0,0.0,0.0,0.0,0.0,0.0,0.0,159.41496590608216,SETTLED,STOPPED,0.0
83.7,PID,1.4226214134945945,1.4765163893702504,1.643096317940568,0.6561657992506178,0.8661515255946275,0.04615152559462754,-0.008828343963267482,0.0,0.0,0.45,-0.0042483734857672525,0.0,0.0,0.0,0.0,0.0,0.0,0.0,0.0,0.0,0.0,0.0,0.0,159.41496590608216,SETTLED,STOPPED,0.0
83.75,PID,1.4243301439252687,1.4748076589395762,1.6431879679045776,0.6558550014077265,0.8494611669759193,0.029461166975919384,-0.020106909115556793,0.0,0.0,0.45,-0.07675130924121853,0.0,0.0,0.0,0.0,0.0,0.0,0.0,0.0,0.0,0.0,0.0,0.0,159.41496590608216,SETTLED,STOPPED,0.0
83.8,PID,1.4243301439252687,1.4748076589395762,1.6432817378074887,0.6555406356716005,0.8476922804859305,0.02769228048593053,-0.021525578861720795,0.0,0.0,0.45,-0.06764912176410186,0.0,0.0,0.0,0.0,0.0,0.0,0.0,0.0,0.0,0.0,0.0,0.0,159.41496590608216,SETTLED,STOPPED,0.0
83.85,PID,1.4236772759288587,1.475460526935986,1.6433726515263558,0.6552272193224544,0.8480201978006977,0.028020197800697755,-0.021521450182250268,0.0,0.0,0.45,-0.051323478791023586,0.0,0.0,0.0,0.0,0.0,0.0,0.0,0.0,0.0,0.0,0.0,0.0,159.41496590608216,SETTLED,STOPPED,0.0
83.9,PID,1.408324461482368,1.490813341382477,1.6434644815285229,0.6549150757748847,0.8491458867459464,0.029145886745946425,-0.020968452165508467,0.0,0.0,0.45,-0.035079282097903966,0.0,0.0,0.0,0.0,0.0,0.0,0.0,0.0,0.0,0.0,0.0,0.0,159.41496590608216,SETTLED,STOPPED,0.0
83.95,PID,1.3992845590371434,1.4998532438277012,1.643553941812883,0.6546071296650595,0.8683413726600194,0.04834137266001948,-0.008459927845199555,0.0,0.0,0.45,0.05709829798556114,0.0,0.0,0.0,0.0,0.0,0.0,0.0,0.0,0.0,0.0,0.0,0.0,159.41496590608216,SETTLED,STOPPED,0.0
84.0,PID,1.3915751045078077,1.507562698357037,1.643641379210889,0.6542972792576899,0.8798343735435019,0.05983437354350196,-0.0013477601596021405,0.0,0.0,0.45,0.0951058763160635,0.0,0.0,0.0,0.0,0.0,0.0,0.0,0.0,0.0,0.0,0.0,0.0,159.41496590608216,SETTLED,STOPPED,0.0
84.05,PID,1.3999148563380548,1.4992229465267901,1.643731164617553,0.6539884062538052,0.8897186534368455,0.06971865343684558,0.004570728607273589,0.0,0.0,0.45,0.11767341505724394,0.0,0.0,0.0,0.0,0.0,0.0,0.0,0.0,0.0,0.0,0.0,0.0,159.41496590608216,SETTLED,STOPPED,0.0
84.1,PID,1.4056238004357942,1.4935140024290505,1.643822814520081,0.6536754498742904,0.8796975731770138,0.05969757317701385,-0.0018327025299844646,0.0,0.0,0.45,0.047692510601388176,0.0,0.0,0.0,0.0,0.0,0.0,0.0,0.0,0.0,0.0,0.0,0.0,159.41496590608216,SETTLED,STOPPED,0.0
84.15,PID,1.4176147612394026,1.4815230416254421,1.6439161583006432,0.6533609155025175,0.8729648129609812,0.05296481296098121,-0.00629837149125545,0.0,0.0,0.45,0.007576013318537477,0.0,0.0,0.0,0.0,0.0,0.0,0.0,0.0,0.0,0.0,0.0,0.0,159.41496590608216,SETTLED,STOPPED,0.0
84.2,PID,1.4243301439252687,1.4748076589395762,1.6440069135408357,0.653048834393417,0.8585247983933325,0.03852479839333256,-0.015923087894849752,0.0,0.0,0.45,-0.05762677370919844,0.0,0.0,0.0,0.0,0.0,0.0,0.0,0.0,0.0,0.0,0.0,0.0,159.41496590608216,SETTLED,STOPPED,0.0
84.25,PID,1.4243301439252687,1.4748076589395762,1.644099603533776,0.6527352061066203,0.8506147475962407,0.03061474759624072,-0.021457992362128975,0.0,0.0,0.45,-0.07975310700038085,0.0,0.0,0.0,0.0,0.0,0.0,0.0,0.0,0.0,0.0,0.0,0.0,159.41496590608216,SETTLED,STOPPED,0.0
84.3,PID,1.4243301439252687,1.4748076589395762,1.6441928566145116,0.6524198964900702,0.8509416743134678,0.030941674313467837,-0.02145474696606464,0.0,0.0,0.45,-0.060768945904497676,0.0,0.0,0.0,0.0,0.0,0.0,0.0,0.0,0.0,0.0,0.0,0.0,159.41496590608216,SETTLED,STOPPED,0.0
84.35,PID,1.4243301439252687,1.4748076589395762,1.6442853759072933,0.652105745122468,0.8512703708327795,0.031270370832779504,-0.021443730951366202,0.0,0.0,0.45,-0.045953513120536776,0.0,0.0,0.0,0.0,0.0,0.0,0.0,0.0,0.0,0.0,0.0,0.0,159.41496590608216,SETTLED,STOPPED,0.0
84.4,PID,1.3973665521071432,1.5017712507577015,1.6443772143594249,0.6517920334285414,0.8515977589652282,0.031597758965228206,-0.021440587393916966,0.0,0.0,0.45,-0.03440323245124431,0.0,0.0,0.0,0.0,0.0,0.0,0.0,0.0,0.0,0.0,0.0,0.0,159.41496590608216,SETTLED,STOPPED,0.0
84.45,PID,1.398278120449017,1.500859682415828,1.6444700953169122,0.6514775626510421,0.8851434556939357,0.06514345569393576,0.00013314423312627,0.0,0.0,0.45,0.12076654429435107,0.0,0.0,0.0,0.0,0.0,0.0,0.0,0.0,0.0,0.0,0.0,0.0,159.41496590608216,SETTLED,STOPPED,0.0
84.5,PID,1.399091386418115,1.5000464164467298,1.6445599560958208,0.6511708615129668,0.8843418308920344,0.06434183089203449,-0.0005672796032909488,0.0,0.0,0.45,0.09067075542122806,0.0,0.0,0.0,0.0,0.0,0.0,0.0,0.0,0.0,0.0,0.0,0.0,159.41496590608216,SETTLED,STOPPED,0.0
84.55,PID,1.4183337454142384,1.4808040574506065,1.6446509304882604,0.6508584855738746,0.8836540762446145,0.0636540762446145,-0.001194308056882809,0.0,0.0,0.45,0.06769706877990975,0.0,0.0,0.0,0.0,0.0,0.0,0.0,0.0,0.0,0.0,0.0,0.0,159.41496590608216,SETTLED,STOPPED,0.0
84.6,PID,1.3939039067223065,1.5052338961425382,1.6447414895030115,0.6505456632465769,0.860249452506437,0.04024945250643708,-0.016472120033577786,0.0,0.0,0.45,-0.0501766307996569,0.0,0.0,0.0,0.0,0.0,0.0,0.0,0.0,0.0,0.0,0.0,0.0,159.41496590608216,SETTLED,STOPPED,0.0
84.65,PID,1.416008920645762,1.4831288822190827,1.6448353248866021,0.6502329453533038,0.8907364752754251,0.07073647527542515,0.0027758144239198312,0.0,0.0,0.45,0.09500512815982273,0.0,0.0,0.0,0.0,0.0,0.0,0.0,0.0,0.0,0.0,0.0,0.0,159.41496590608216,SETTLED,STOPPED,0.0
84.7,PID,1.4243301439252687,1.4748076589395762,1.6449232390749011,0.6499317597843919,0.8637575845833806,0.04375758458338064,-0.014577529739943529,0.0,0.0,0.45,-0.044603119080340856,0.0,0.0,0.0,0.0,0.0,0.0,0.0,0.0,0.0,0.0,0.0,0.0,159.41496590608216,SETTLED,STOPPED,0.0
84.75,PID,1.4243301439252687,1.4748076589395762,1.6450160112626417,0.6496166379831808,0.8538627305573002,0.03386273055730027,-0.02140260612040068,0.0,0.0,0.45,-0.07832779059742195,0.0,0.0,0.0,0.0,0.0,0.0,0.0,0.0,0.0,0.0,0.0,0.0,159.41496590608216,SETTLED,STOPPED,0.0
84.8,PID,1.4243301439252687,1.4748076589395762,1.645108699053615,0.6493011699067752,0.8541911221205163,0.03419112212051634,-0.02139495984939721,0.0,0.0,0.45,-0.059650753787838344,0.0,0.0,0.0,0.0,0.0,0.0,0.0,0.0,0.0,0.0,0.0,0.0,159.41496590608216,SETTLED,STOPPED,0.0
84.85,PID,1.4173807728170078,1.481757030047837,1.6452009587158738,0.6489881370158355,0.8545198264755606,0.03451982647556062,-0.021388630546436804,0.0,0.0,0.45,-0.04508128879231897,0.0,0.0,0.0,0.0,0.0,0.0,0.0,0.0,0.0,0.0,0.0,0.0,159.41496590608216,SETTLED,STOPPED,0.0
84.9,PID,1.4051762099264424,1.4939615929384022,1.6452927126942805,0.6486766073160185,0.8633690209318026,0.043369020931802615,-0.015683355014803224,0.0,0.0,0.45,0.0037730503494581846,0.0,0.0,0.0,0.0,0.0,0.0,0.0,0.0,0.0,0.0,0.0,0.0,159.41496590608216,SETTLED,STOPPED,0.0
84.95,PID,1.394037473110601,1.5051003297542438,1.6453847605926133,0.6483640717810868,0.878727854241625,0.05872785424162508,-0.00595273955129505,0.0,0.0,0.45,0.07052184583580007,0.0,0.0,0.0,0.0,0.0,0.0,0.0,0.0,0.0,0.0,0.0,0.0,159.41496590608216,SETTLED,STOPPED,0.0
85.0,PID,1.3957727732490417,1.503365029615803,1.645476655943499,0.6480502665223666,0.8928451571523548,0.07284515715235484,0.0026435951814833825,0.0,0.0,0.45,0.11712317255913857,0.0,0.0,0.0,0.0,0.0,0.0,0.0,0.0,0.0,0.0,0.0,0.0,159.41496590608216,SETTLED,STOPPED,0.0
85.05,PID,1.4009642735233634,1.4981735293414815,1.645568632543275,0.6477378896520107,0.8910192887913642,0.07101928879136421,0.0013177860724749024,0.0,0.0,0.45,0.08332225380776884,0.0,0.0,0.0,0.0,0.0,0.0,0.0,0.0,0.0,0.0,0.0,0.0,159.41496590608216,SETTLED,STOPPED,0.0
85.1,PID,1.409821469177028,1.4893163336878166,1.6456597887957283,0.6474248952186971,0.8849135944856883,0.06491359448568834,-0.002662583630098636,0.0,0.0,0.45,0.03812630302508435,0.0,0.0,0.0,0.0,0.0,0.0,0.0,0.0,0.0,0.0,0.0,0.0,159.41496590608216,SETTLED,STOPPED,0.0
85.15,PID,1.422861847165945,1.4762759556988998,1.6457533752982525,0.64710878697249,0.8743002385726402,0.054300238572640214,-0.00959624309750784,0.0,0.0,0.45,-0.016960249657848623,0.0,0.0,0.0,0.0,0.0,0.0,0.0,0.0,0.0,0.0,0.0,0.0,159.41496590608216,SETTLED,STOPPED,0.0
85.2,PID,1.4243301439252687,1.4748076589395762,1.645845046646976,0.6467963934358993,0.8586028342644378,0.03860283426443789,-0.02012291134260913,0.0,0.0,0.45,-0.08229757368921607,0.0,0.0,0.0,0.0,0.0,0.0,0.0,0.0,0.0,0.0,0.0,0.0,159.41496590608216,SETTLED,STOPPED,0.0
85.25,PID,1.4243301439252687,1.4748076589395762,1.6459374451715862,0.6464828412769952,0.8571298080972379,0.03712980809723798,-0.02131989758993691,0.0,0.0,0.45,-0.0706734226132685,0.0,0.0,0.0,0.0,0.0,0.0,0.0,0.0,0.0,0.0,0.0,0.0,159.41496590608216,SETTLED,STOPPED,0.0
85.3,PID,1.4243301439252687,1.4748076589395762,1.6460298833414484,0.6461710515576066,0.8574565875433137,0.03745658754331371,-0.02130914315196142,0.0,0.0,0.45,-0.053687440075616134,0.0,0.0,0.0,0.0,0.0,0.0,0.0,0.0,0.0,0.0,0.0,0.0,159.41496590608216,SETTLED,STOPPED,0.0
85.35,PID,1.418857153865848,1.4802806489989968,1.6461193469354167,0.6458586952300236,0.8577816747580368,0.03778167475803684,-0.021307661138215694,0.0,0.0,0.45,-0.04044581951419873,0.0,0.0,0.0,0.0,0.0,0.0,0.0,0.0,0.0,0.0,0.0,0.0,159.41496590608216,SETTLED,STOPPED,0.0
85.4,PID,1.3933187508123925,1.5058190520524521,1.6462109026771774,0.6455460178833817,0.8648168021786004,0.0448168021786004,-0.016818330722905728,0.0,0.0,0.45,-0.0005931785705935964,0.0,0.0,0.0,0.0,0.0,0.0,0.0,0.0,0.0,0.0,0.0,0.0,159.41496590608216,SETTLED,STOPPED,0.0
85.45,PID,1.399091386418115,1.5000464164467298,1.645443146087128,0.6481858181321606,0.8966739283559325,0.07667392835593256,0.0031837938827179446,0.06150231067749764,0.015157367220810297,0.45,0.1397086758952065,0.05899376640245353,0.06401085495254175,0.6050642707943952,0.6565215892568383,0.6050642707943952,0.6565215892568383,0.6050642707943952,0.6565215892568383,0.683449626231925,0.7417758760404285,0.003308339247357708,1.428533841519711,159.48639259815815,TRACKING,STOPPED,0.0
85.5,PID,1.406747331824064,1.4923904710407807,1.6443544995174832,0.6519226982466558,0.8867669752831772,0.06676697528317721,-0.0019757683497494405,0.08438138933655022,0.0043302319248928935,0.45,0.06538217367813504,0.08366473595298045,0.08509804272011999,0.8580998559280045,0.8728004381550768,0.8580998559280045,0.8728004381550768,0.25303558513360935,0.21627884889823845,0.43738703486207475,0.4449571376028803,0.0006751296995546717,0.8830193021645096,159.53054356326638,TRACKING,STOPPED,0.0
85.55,PID,1.406790156375845,1.4923476464889998,1.643277913034051,0.6556235246394321,0.873408978225439,0.053408978225439,-0.00818538554404813,0.08359273828350851,-0.007433201152010599,0.45,-0.007777091585106158,0.08482293307416626,0.08236254349285076,0.8699788007606796,0.8447440358241103,0.8699788007606796,0.8447440358241103,0.011878944832675042,-0.028056402330966512,0.13433107474249092,0.1303067414047311,0.001259135485903348,0.2658969516331254,159.54383841084802,TRACKING,STOPPED,0.0
85.6,PID,1.403348661390083,1.4957891414747617,1.6422569492451262,0.6591433158044603,0.8695019925993045,0.049501992599304545,-0.007877113961151316,0.0798423856368323,-0.01009169120940421,0.45,-0.023256868191375367,0.08151256053198869,0.07817221074167591,0.8360262618665506,0.8017662640171888,0.8360262618665506,0.8017662640171888,-0.03395253889412897,-0.04297777180692153,0.16875186398417263,0.1616716738705553,0.00038633271469184355,0.3308098705694198,159.5603789043765,TRACKING,STOPPED,0.0
85.65,PID,1.4202065893869962,1.4789312134778487,1.641252022696424,0.662613432136562,0.8700881608304808,0.05008816083048084,-0.004682145060318499,0.07881521531034712,-0.007475021973745244,0.45,-0.015561216972096928,0.08005233144700195,0.07757809917369228,0.8210495533025841,0.7956728120378695,0.8210495533025841,0.7956728120378695,-0.01497670856396649,-0.006093451979319209,0.12968551584534602,0.12555608722636374,0.00028165910449788086,0.25552326217620763,159.57315506748532,TRACKING,STOPPED,0.0
85.7,PID,1.4243301439252687,1.4748076589395762,1.6413439400659269,0.6623027709127218,0.8457161484333343,0.025716148433334363,-0.018031301137876543,0.0,0.0,0.45,-0.1193746037856862,0.0,0.0,0.0,0.0,0.0,0.0,-0.8210495533025841,-0.7956728120378695,0.0,0.0,0.0,0.0,159.57315506748532,SETTLED,STOPPED,0.0
85.75,PID,1.4243301439252687,1.4748076589395762,1.6414357034107063,0.6619911071028305,0.840987027713811,0.020987027713811002,-0.021472624597201895,0.0,0.0,0.45,-0.1139203221187392,0.0,0.0,0.0,0.0,0.0,0.0,0.0,0.0,0.0,0.0,0.0,0.0,159.57315506748532,SETTLED,STOPPED,0.0
85.8,PID,1.4243301439252687,1.4748076589395762,1.6415281473438839,0.66167951644968,0.8413118154996172,0.021311815499617248,-0.02147406582029232,0.0,0.0,0.45,-0.08742878499506902,0.0,0.0,0.0,0.0,0.0,0.0,0.0,0.0,0.0,0.0,0.0,0.0,159.57315506748532,SETTLED,STOPPED,0.0
85.85,PID,1.4110842697051569,1.488053533159688,1.6416146986761753,0.6613759140233443,0.8416367083237885,0.0216367083237885,-0.02146440148850659,0.0,0.0,0.45,-0.06676492386980025,0.0,0.0,0.0,0.0,0.0,0.0,0.0,0.0,0.0,0.0,0.0,0.0,159.57315506748532,SETTLED,STOPPED,0.0
85.9,PID,1.402027958370517,1.4971098444943278,1.6417074762890203,0.6610612622729554,0.8582191821804589,0.038219182180458944,-0.010534334651597144,0.0,0.0,0.45,0.020886244350909904,0.0,0.0,0.0,0.0,0.0,0.0,0.0,0.0,0.0,0.0,0.0,0.0,159.57315506748532,SETTLED,STOPPED,0.0
85.95,PID,1.3891602804002094,1.5099775224646352,1.641800849328654,0.6607471262462344,0.8697261081191096,0.0497261081191096,-0.0032939710348982576,0.0,0.0,0.45,0.06692174472377549,0.0,0.0,0.0,0.0,0.0,0.0,0.0,0.0,0.0,0.0,0.0,0.0,159.57315506748532,SETTLED,STOPPED,0.0
86.0,PID,1.3993111503111553,1.4998266525536896,1.6418910955605963,0.6604366973589977,0.8860132746916098,0.06601327469160989,0.0066579095886749595,0.0,0.0,0.45,0.12386249380355023,0.0,0.0,0.0,0.0,0.0,0.0,0.0,0.0,0.0,0.0,0.0,0.0,159.57315506748532,SETTLED,STOPPED,0.0
86.05,PID,1.4032089763281959,1.4959288265366488,1.6419836621371284,0.6601241180520774,0.8737393929078445,0.053739392907844574,-0.0011698483704638551,0.0,0.0,0.45,0.04260766531819871,0.0,0.0,0.0,0.0,0.0,0.0,0.0,0.0,0.0,0.0,0.0,0.0,159.57315506748532,SETTLED,STOPPED,0.0
86.1,PID,1.4145962311049047,1.4845415717599402,1.642075068900556,0.659814544663662,0.8692426941356102,0.04924269413561022,-0.0042340941840548485,0.0,0.0,0.45,0.013448504350362721,0.0,0.0,0.0,0.0,0.0,0.0,0.0,0.0,0.0,0.0,0.0,0.0,159.57315506748532,SETTLED,STOPPED,0.0
86.15,PID,1.4243301439252687,1.4748076589395762,1.6421690281293309,0.6595001461392953,0.8555239861441206,0.03552398614412067,-0.013374964349191831,0.0,0.0,0.45,-0.04987248176927454,0.0,0.0,0.0,0.0,0.0,0.0,0.0,0.0,0.0,0.0,0.0,0.0,159.57315506748532,SETTLED,STOPPED,0.0
86.2,PID,1.4243301439252687,1.4748076589395762,1.642261240842155,0.6591869884384527,0.8439076489165453,0.0239076489165454,-0.021428050047073377,0.0,0.0,0.45,-0.09001241958136824,0.0,0.0,0.0,0.0,0.0,0.0,0.0,0.0,0.0,0.0,0.0,0.0,159.57315506748532,SETTLED,STOPPED,0.0
86.25,PID,1.4243301439252687,1.4748076589395762,1.6423534535485278,0.6588713909813821,0.844233996681074,0.024233996681074066,-0.021421525761562865,0.0,0.0,0.45,-0.068773757109541,0.0,0.0,0.0,0.0,0.0,0.0,0.0,0.0,0.0,0.0,0.0,0.0,159.57315506748532,SETTLED,STOPPED,0.0
86.3,PID,1.4243301439252687,1.4748076589395762,1.6424469568656348,0.6585564874956005,0.8445627015850423,0.024562701585042368,-0.021406448439676318,0.0,0.0,0.45,-0.052197228967981374,0.0,0.0,0.0,0.0,0.0,0.0,0.0,0.0,0.0,0.0,0.0,0.0,159.57315506748532,SETTLED,STOPPED,0.0
86.35,PID,1.4052147304568376,1.493923072408007,1.6425344261357862,0.6582463377907822,0.844891069292915,0.02489106929291507,-0.02140089347145846,0.0,0.0,0.45,-0.03926902068038551,0.0,0.0,0.0,0.0,0.0,0.0,0.0,0.0,0.0,0.0,0.0,0.0,159.57315506748532,SETTLED,STOPPED,0.0
86.4,PID,1.3964670023683181,1.5026708004965266,1.642625420147447,0.6579332950547234,0.8687210385029571,0.04872103850295717,-0.005818118618510004,0.0,0.0,0.45,0.07422202839349051,0.0,0.0,0.0,0.0,0.0,0.0,0.0,0.0,0.0,0.0,0.0,0.0,159.57315506748532,SETTLED,STOPPED,0.0
86.45,PID,1.399091386418115,1.5000464164467298,1.6427172759373119,0.6576193062798504,0.8798723883288784,0.05987238832887842,0.0010242630613854775,0.0,0.0,0.45,0.1069591213809789,0.0,0.0,0.0,0.0,0.0,0.0,0.0,0.0,0.0,0.0,0.0,0.0,159.57315506748532,SETTLED,STOPPED,0.0
86.5,PID,1.415142669306532,1.4839951335583128,1.6428083454284015,0.6573061731620349,0.8769475525868918,0.05694755258689188,-0.00101609479440401,0.0,0.0,0.45,0.07055883741242203,0.0,0.0,0.0,0.0,0.0,0.0,0.0,0.0,0.0,0.0,0.0,0.0,159.57315506748532,SETTLED,STOPPED,0.0
86.55,PID,1.3952465673374514,1.5038912355273932,1.6428991219986728,0.6569965632699997,0.8574650414594794,0.03746504145947949,-0.013799074412949919,0.0,0.0,0.45,-0.030687155778930233,0.0,0.0,0.0,0.0,0.0,0.0,0.0,0.0,0.0,0.0,0.0,0.0,159.57315506748532,SETTLED,STOPPED,0.0
86.6,PID,1.4127934160578595,1.4863443868069854,1.6429871211609217,0.6566902960512346,0.8823618156562462,0.06236181565624621,0.001959811544099521,0.0,0.0,0.45,0.08560982495821423,0.0,0.0,0.0,0.0,0.0,0.0,0.0,0.0,0.0,0.0,0.0,0.0,159.57315506748532,SETTLED,STOPPED,0.0
86.65,PID,1.4243301439252687,1.4748076589395762,1.6430801179435872,0.6563747071840036,0.8609965459726463,0.04099654597264635,-0.011902202149722818,0.0,0.0,0.45,-0.027231523140437655,0.0,0.0,0.0,0.0,0.0,0.0,0.0,0.0,0.0,0.0,0.0,0.0,159.57315506748532,SETTLED,STOPPED,0.0
86.7,PID,1.4243301439252687,1.4748076589395762,1.6431735255605495,0.6560580081551175,0.8471623502330321,0.02716235023303215,-0.021378092010445826,0.0,0.0,0.45,-0.0821110493038473,0.0,0.0,0.0,0.0,0.0,0.0,0.0,0.0,0.0,0.0,0.0,0.0,159.57315506748532,SETTLED,STOPPED,0.0
86.75,PID,1.4243301439252687,1.4748076589395762,1.6432663413844195,0.655747099331253,0.8474924284884428,0.0274924284884428,-0.021376026681230842,0.0,0.0,0.45,-0.06259427413319396,0.0,0.0,0.0,0.0,0.0,0.0,0.0,0.0,0.0,0.0,0.0,0.0,159.57315506748532,SETTLED,STOPPED,0.0
86.8,PID,1.4210030089784054,1.4781347938864395,1.6433595659070803,0.6554353564235438,0.8478167601927742,0.027816760192774237,-0.02135916608965327,0.0,0.0,0.45,-0.047396474324832884,0.0,0.0,0.0,0.0,0.0,0.0,0.0,0.0,0.0,0.0,0.0,0.0,159.57315506748532,SETTLED,STOPPED,0.0
86.85,PID,1.4069873280071412,1.4921504748577037,1.6434518298460954,0.655121352840691,0.8522187529096859,0.0322187529096859,-0.01858845066850101,0.0,0.0,0.45,-0.017600482018957236,0.0,0.0,0.0,0.0,0.0,0.0,0.0,0.0,0.0,0.0,0.0,0.0,159.57315506748532,SETTLED,STOPPED,0.0
86.9,PID,1.397056003245099,1.502081799619746,1.64354385530955,0.6548086398016827,0.8697891766023051,0.049789176602305196,-0.007232438920865114,0.0,0.0,0.45,0.06358148827274267,0.0,0.0,0.0,0.0,0.0,0.0,0.0,0.0,0.0,0.0,0.0,0.0,159.57315506748532,SETTLED,STOPPED,0.0
86.95,PID,1.3933579491414436,1.5057798537234013,1.6436361919244775,0.6544944906257328,0.8823990415698739,0.06239904156987397,0.0005361406571355865,0.0,0.0,0.45,0.10507696671004504,0.0,0.0,0.0,0.0,0.0,0.0,0.0,0.0,0.0,0.0,0.0,0.0,159.57315506748532,SETTLED,STOPPED,0.0
87.0,PID,1.4003605674964636,1.498777235368381,1.643727472926574,0.6541813812223403,0.8873139062557808,0.06731390625578082,0.0033714704702110243,0.0,0.0,0.45,0.10358543865182651,0.0,0.0,0.0,0.0,0.0,0.0,0.0,0.0,0.0,0.0,0.0,0.0,159.57315506748532,SETTLED,STOPPED,0.0
87.05,PID,1.40740664506943,1.4917311577954149,1.6438172544405156,0.653870805775842,0.8789593889932051,0.058959388993205186,-0.0020315054342681105,0.0,0.0,0.45,0.0440367661930898,0.0,0.0,0.0,0.0,0.0,0.0,0.0,0.0,0.0,0.0,0.0,0.0,159.57315506748532,SETTLED,STOPPED,0.0
87.1,PID,1.4198433170314473,1.4792944858333976,1.6439082539561578,0.6535575556738774,0.8705744917636691,0.05057449176366913,-0.007565565968043808,0.0,0.0,0.45,-0.0025448701793507125,0.0,0.0,0.0,0.0,0.0,0.0,0.0,0.0,0.0,0.0,0.0,0.0,159.57315506748532,SETTLED,STOPPED,0.0
87.15,PID,1.4243301439252687,1.4748076589395762,1.6440004310163965,0.6532427534167262,0.8555972030040437,0.03559720300404379,-0.017604137171405965,0.0,0.0,0.45,-0.0678850692822488,0.0,0.0,0.0,0.0,0.0,0.0,0.0,0.0,0.0,0.0,0.0,0.0,159.57315506748532,SETTLED,STOPPED,0.0
87.2,PID,1.4243301439252687,1.4748076589395762,1.6440915787962953,0.6529290923286338,0.850425733981203,0.030425733981203074,-0.021314537157705926,0.0,0.0,0.45,-0.0757048177406545,0.0,0.0,0.0,0.0,0.0,0.0,0.0,0.0,0.0,0.0,0.0,0.0,159.57315506748532,SETTLED,STOPPED,0.0
87.25,PID,1.4243301439252687,1.4748076589395762,1.6441828077758842,0.6526176024503381,0.8507522944494653,0.030752294449465367,-0.021308460860319345,0.0,0.0,0.45,-0.05761289177735634,0.0,0.0,0.0,0.0,0.0,0.0,0.0,0.0,0.0,0.0,0.0,0.0,159.57315506748532,SETTLED,STOPPED,0.0
87.3,PID,1.4243301439252687,1.4748076589395762,1.644275676165702,0.6523060956296711,0.8510767784354055,0.031076778435405572,-0.021300572979472188,0.0,0.0,0.45,-0.043510326048200966,0.0,0.0,0.0,0.0,0.0,0.0,0.0,0.0,0.0,0.0,0.0,0.0,159.57315506748532,SETTLED,STOPPED,0.0
87.35,PID,1.3915723070478272,1.5075654958170175,1.6443659076931774,0.6519952190030553,0.8514017023707231,0.03140170237072315,-0.021290751133279606,0.0,0.0,0.45,-0.03250838900219933,0.0,0.0,0.0,0.0,0.0,0.0,0.0,0.0,0.0,0.0,0.0,0.0,159.57315506748532,SETTLED,STOPPED,0.0
87.4,PID,1.399091386418115,1.5000464164467298,1.6444585220810115,0.651682524426244,0.8921351372380535,0.07213513723805354,0.004700626514631878,0.0,0.0,0.45,0.1538705699945484,0.0,0.0,0.0,0.0,0.0,0.0,0.0,0.0,0.0,0.0,0.0,0.0,159.57315506748532,SETTLED,STOPPED,0.0
87.45,PID,1.4019176836088674,1.4972201192559773,1.6445470370579673,0.6513761896227167,0.8831343751364006,0.06313437513640063,-0.001054864922843901,0.0,0.0,0.45,0.08041569134847273,0.0,0.0,0.0,0.0,0.0,0.0,0.0,0.0,0.0,0.0,0.0,0.0,159.57315506748532,SETTLED,STOPPED,0.0
87.5,PID,1.4134309226717403,1.4857068801931046,1.6446344322307591,0.6510678676269566,0.8799550877474172,0.0599550877474172,-0.003246966299884857,0.0,0.0,0.45,0.04873537474028085,0.0,0.0,0.0,0.0,0.0,0.0,0.0,0.0,0.0,0.0,0.0,0.0,159.57315506748532,SETTLED,STOPPED,0.0
87.55,PID,1.3979153071479868,1.5012224957168578,1.6447247225907926,0.6507525872039477,0.8660700572874009,0.04607005728740099,-0.012352758041496825,0.0,0.0,0.45,-0.02308054172665574,0.0,0.0,0.0,0.0,0.0,0.0,0.0,0.0,0.0,0.0,0.0,0.0,159.57315506748532,SETTLED,STOPPED,0.0
87.6,PID,1.4177917652793979,1.481346037585447,1.6448150843606413,0.6504411851404155,0.8855585541550469,0.06555855415504697,-0.00014397764648177436,0.0,0.0,0.45,0.0677465636708557,0.0,0.0,0.0,0.0,0.0,0.0,0.0,0.0,0.0,0.0,0.0,0.0,159.57315506748532,SETTLED,STOPPED,0.0
87.65,PID,1.4243301439252687,1.4748076589395762,1.6449083227451626,0.6501242791613235,0.8613608194150485,0.041360819415048544,-0.015875929273890588,0.0,0.0,0.45,-0.053627713192731664,0.0,0.0,0.0,0.0,0.0,0.0,0.0,0.0,0.0,0.0,0.0,0.0,159.57315506748532,SETTLED,STOPPED,0.0
87.7,PID,1.4243301439252687,1.4748076589395762,1.6450004491360264,0.6498116058570902,0.8536728939435659,0.033672893943565985,-0.021249172956404383,0.0,0.0,0.45,-0.07565648836485589,0.0,0.0,0.0,0.0,0.0,0.0,0.0,0.0,0.0,0.0,0.0,0.0,159.57315506748532,SETTLED,STOPPED,0.0
87.75,PID,1.4243301439252687,1.4748076589395762,1.6450926431566129,0.6494974536325934,0.8539987536311098,0.033998753631109824,-0.02123868961017772,0.0,0.0,0.45,-0.057578278299394624,0.0,0.0,0.0,0.0,0.0,0.0,0.0,0.0,0.0,0.0,0.0,0.0,159.57315506748532,SETTLED,STOPPED,0.0
87.8,PID,1.4147065058665542,1.4844312969982905,1.6451852086442955,0.6491861211143574,0.8543260595643348,0.034326059564334876,-0.0212291179981825,0.0,0.0,0.45,-0.04347091096733749,0.0,0.0,0.0,0.0,0.0,0.0,0.0,0.0,0.0,0.0,0.0,0.0,159.57315506748532,SETTLED,STOPPED,0.0
87.85,PID,1.4038390764512156,1.495298726413629,1.6452714228563945,0.6488811253258977,0.86646115681633,0.04646115681633001,-0.013362326099309207,0.0,0.0,0.45,0.019487117354258364,0.0,0.0,0.0,0.0,0.0,0.0,0.0,0.0,0.0,0.0,0.0,0.0,159.57315506748532,SETTLED,STOPPED,0.0
87.9,PID,1.3918089173185564,1.5073288855462883,1.6453630290989192,0.6485686936256851,0.8801774442246405,0.06017744422464055,-0.004729854754440765,0.0,0.0,0.45,0.07555161613289135,0.0,0.0,0.0,0.0,0.0,0.0,0.0,0.0,0.0,0.0,0.0,0.0,159.57315506748532,SETTLED,STOPPED,0.0
87.95,PID,1.3975556178826776,1.5015821849821673,1.644629053067002,0.6510977114885838,0.8954098250679629,0.0754098250679629,0.004510117035217087,0.059195730587929256,0.00925106855144148,0.45,0.1259527362942774,0.05766467874266569,0.06072678243319282,0.5914326024888789,0.622838794186593,0.5914326024888789,0.622838794186593,0.5914326024888789,0.622838794186593,0.6460572652823888,0.6804814960316342,0.0012323846785460319,1.3277711459925692,159.63954362478495,TRACKING,STOPPED,0.0
88.0,PID,1.4014099846817722,1.4977278181830727,1.6435847289164527,0.6546859312885744,0.8856461607365781,0.06564616073657814,-0.000329288415749307,0.08126812472933918,0.0022097482145921332,0.45,0.055283011251440986,0.08090241139982418,0.08163383805885419,0.8297683220494787,0.837270133936966,0.8297683220494787,0.837270133936966,0.23833571956059985,0.21443133975037298,0.4120366041516549,0.4157994520158346,0.0002240574486152401,0.8280601136161048,159.68094663046574,TRACKING,STOPPED,0.0
88.05,PID,1.411604313810664,1.487533489054181,1.6424949287953503,0.6584407669805405,0.8771363803900558,0.05713638039005586,-0.0034321905613441395,0.08475888725150138,-0.0031998294598198813,0.45,0.005677715251423819,0.08528845902710157,0.08422931547590119,0.8747534259189904,0.8638904151374481,0.8747534259189904,0.8638904151374481,0.04498510386951171,0.0266202812004821,0.17311909377177445,0.17091293028802015,0.00024926005451186595,0.3442812841143065,159.69816069467146,TRACKING,STOPPED,0.0
88.1,PID,1.4243301439252687,1.4748076589395762,1.6425868947550075,0.658127530776523,0.8606423286612652,0.04064232866126527,-0.011404526768740153,0.0,0.0,0.45,-0.06814520971057215,0.0,0.0,0.0,0.0,0.0,0.0,-0.8747534259189904,-0.8638904151374481,0.0,0.0,0.0,0.0,159.69816069467146,SETTLED,STOPPED,0.0
88.15,PID,1.4243301439252687,1.4748076589395762,1.642679896926292,0.6578123229919648,0.8453416120239059,0.025341612023905946,-0.02186625788778329,0.0,0.0,0.45,-0.12047641677863113,0.0,0.0,0.0,0.0,0.0,0.0,0.0,0.0,0.0,0.0,0.0,0.0,159.69816069467146,SETTLED,STOPPED,0.0
88.2,PID,1.4243301439252687,1.4748076589395762,1.6427739857283334,0.6575019924332076,0.8456701446756639,0.025670144675663975,-0.021865310827710482,0.0,0.0,0.45,-0.09252606141959688,0.0,0.0,0.0,0.0,0.0,0.0,0.0,0.0,0.0,0.0,0.0,0.0,159.69816069467146,SETTLED,STOPPED,0.0
88.25,PID,1.4243301439252687,1.4748076589395762,1.642866375628719,0.6571896710064407,0.8459942461536614,0.025994246153661416,-0.021857085683566035,0.0,0.0,0.45,-0.07074428140409675,0.0,0.0,0.0,0.0,0.0,0.0,0.0,0.0,0.0,0.0,0.0,0.0,159.69816069467146,SETTLED,STOPPED,0.0
88.3,PID,1.413062908806532,1.4860748940583128,1.6429585113856287,0.6568766617628862,0.8463198324268274,0.02631983242682745,-0.021844276736185497,0.0,0.0,0.45,-0.053747959893264835,0.0,0.0,0.0,0.0,0.0,0.0,0.0,0.0,0.0,0.0,0.0,0.0,159.69816069467146,SETTLED,STOPPED,0.0
88.35,PID,1.3946558842876193,1.5044819185772254,1.6430503544644188,0.65656467920164,0.8604775979228433,0.040477597922843334,-0.012565047835040088,0.0,0.0,0.45,0.020370759465726855,0.0,0.0,0.0,0.0,0.0,0.0,0.0,0.0,0.0,0.0,0.0,0.0,159.69816069467146,SETTLED,STOPPED,0.0
88.4,PID,1.399091386418115,1.5000464164467298,1.6431435052160697,0.6562514702635409,0.8835516157218698,0.06355161572186985,0.0019514723776534737,0.0,0.0,0.45,0.11741487069898938,0.0,0.0,0.0,0.0,0.0,0.0,0.0,0.0,0.0,0.0,0.0,0.0,159.69816069467146,SETTLED,STOPPED,0.0
88.45,PID,1.4103130210913355,1.4888247817735094,1.6432363339223266,0.6559362531775903,0.8783799564505451,0.05837995645054517,-0.0014781412572699715,0.0,0.0,0.45,0.06882829835138184,0.0,0.0,0.0,0.0,0.0,0.0,0.0,0.0,0.0,0.0,0.0,0.0,159.69816069467146,SETTLED,STOPPED,0.0
88.5,PID,1.4018873336333468,1.497250469231498,1.6433308954492412,0.6556212922823585,0.8648448246517053,0.04484482465170536,-0.010336139938964095,0.0,0.0,0.45,-0.005868507200820695,0.0,0.0,0.0,0.0,0.0,0.0,0.0,0.0,0.0,0.0,0.0,0.0,159.69816069467146,SETTLED,STOPPED,0.0
88.55,PID,1.4073600618157633,1.4917777410490816,1.6434220260549062,0.6553063872247742,0.8755767613604369,0.05557676136043699,-0.003653369299208009,0.0,0.0,0.45,0.0426430859017817,0.0,0.0,0.0,0.0,0.0,0.0,0.0,0.0,0.0,0.0,0.0,0.0,159.69816069467146,SETTLED,STOPPED,0.0
88.6,PID,1.4219894340206318,1.477148368844213,1.6435151745039807,0.6549924180420932,0.8691430128172877,0.04914301281728772,-0.007967206474381205,0.0,0.0,0.45,0.0049531134135313536,0.0,0.0,0.0,0.0,0.0,0.0,0.0,0.0,0.0,0.0,0.0,0.0,159.69816069467146,SETTLED,STOPPED,0.0
88.65,PID,1.4243301439252687,1.4748076589395762,1.6436074752871164,0.654679556114908,0.8514775752396735,0.03147757523967354,-0.01984035604753709,0.0,0.0,0.45,-0.07386449687895238,0.0,0.0,0.0,0.0,0.0,0.0,0.0,0.0,0.0,0.0,0.0,0.0,159.69816069467146,SETTLED,STOPPED,0.0
88.7,PID,1.4243301439252687,1.4748076589395762,1.6437000944065587,0.6543662208684481,0.8489361890577896,0.028936189057789607,-0.02177473786017603,0.0,0.0,0.45,-0.0687964067658728,0.0,0.0,0.0,0.0,0.0,0.0,0.0,0.0,0.0,0.0,0.0,0.0,159.69816069467146,SETTLED,STOPPED,0.0
88.75,PID,1.4243301439252687,1.4748076589395762,1.6437920263711572,0.6540527192672985,0.8492628147272107,0.029262814727210706,-0.02177217573613066,0.0,0.0,0.45,-0.05222404433192787,0.0,0.0,0.0,0.0,0.0,0.0,0.0,0.0,0.0,0.0,0.0,0.0,159.69816069467146,SETTLED,STOPPED,0.0
88.8,PID,1.40879844608784,1.490339356777005,1.6438848776290953,0.6537391547452209,0.8495894236883703,0.029589423688370364,-0.0217609705421713,0.0,0.0,0.45,-0.03929767514980117,0.0,0.0,0.0,0.0,0.0,0.0,0.0,0.0,0.0,0.0,0.0,0.0,159.69816069467146,SETTLED,STOPPED,0.0
88.85,PID,1.4000745333795968,1.4990632694852482,1.643976320886869,0.6534249420580831,0.8690026054819532,0.04900260548195323,-0.009101639751662338,0.0,0.0,0.45,0.05476581327492456,0.0,0.0,0.0,0.0,0.0,0.0,0.0,0.0,0.0,0.0,0.0,0.0,159.69816069467146,SETTLED,STOPPED,0.0
88.9,PID,1.3909431250338453,1.5081946778309996,1.6440687812780665,0.6531115753894141,0.8801092334267695,0.06010923342676955,-0.002239174695121582,0.0,0.0,0.45,0.09158649731163573,0.0,0.0,0.0,0.0,0.0,0.0,0.0,0.0,0.0,0.0,0.0,0.0,159.69816069467146,SETTLED,STOPPED,0.0
88.95,PID,1.3997568614695641,1.4993809413952808,1.644160146622949,0.6527977608502754,0.891762137528946,0.071762137528946,0.004766065839368228,0.0,0.0,0.45,0.12271024595265517,0.0,0.0,0.0,0.0,0.0,0.0,0.0,0.0,0.0,0.0,0.0,0.0,159.69816069467146,SETTLED,STOPPED,0.0
89.0,PID,1.4049918209618317,1.4941459819030132,1.6442534033315426,0.6524831769073163,0.8811560857052875,0.06115608570528752,-0.001985981950322513,0.0,0.0,0.45,0.04904736381897108,0.0,0.0,0.0,0.0,0.0,0.0,0.0,0.0,0.0,0.0,0.0,0.0,159.69816069467146,SETTLED,STOPPED,0.0
89.05,PID,1.4168247868969495,1.4823130159678954,1.6443466677772196,0.6521687939514169,0.8750099325786436,0.05500993257864362,-0.006072573599120945,0.0,0.0,0.45,0.011213870021562728,0.0,0.0,0.0,0.0,0.0,0.0,0.0,0.0,0.0,0.0,0.0,0.0,159.69816069467146,SETTLED,STOPPED,0.0
89.1,PID,1.4243301439252687,1.4748076589395762,1.6444396025951513,0.6518540875229977,0.8607587557653075,0.04075875576530752,-0.015534126251578906,0.0,0.0,0.45,-0.053958359361863474,0.0,0.0,0.0,0.0,0.0,0.0,0.0,0.0,0.0,0.0,0.0,0.0,159.69816069467146,SETTLED,STOPPED,0.0
89.15,PID,1.4243301439252687,1.4748076589395762,1.6445318398206101,0.6515392692439429,0.8518807161235958,0.03188071612359589,-0.021698860881160797,0.0,0.0,0.45,-0.08115089472578692,0.0,0.0,0.0,0.0,0.0,0.0,0.0,0.0,0.0,0.0,0.0,0.0,159.69816069467146,SETTLED,STOPPED,0.0
89.2,PID,1.4243301439252687,1.4748076589395762,1.644624134444971,0.6512270903612881,0.8522086765266038,0.03220867652660386,-0.02169153477520802,0.0,0.0,0.45,-0.061854672112878616,0.0,0.0,0.0,0.0,0.0,0.0,0.0,0.0,0.0,0.0,0.0,0.0,159.69816069467146,SETTLED,STOPPED,0.0
89.25,PID,1.4243301439252687,1.4748076589395762,1.6447179056187662,0.6509126066686737,0.8525341020738297,0.032534102073829785,-0.021684152603968387,0.0,0.0,0.45,-0.04681477184025118,0.0,0.0,0.0,0.0,0.0,0.0,0.0,0.0,0.0,0.0,0.0,0.0,159.69816069467146,SETTLED,STOPPED,0.0
89.3,PID,1.3994204853975216,1.4997173174673233,1.6448121805458598,0.6505965583543144,0.8528621357879262,0.032862135787926294,-0.02167156539035564,0.0,0.0,0.45,-0.0350721736933712,0.0,0.0,0.0,0.0,0.0,0.0,0.0,0.0,0.0,0.0,0.0,0.0,159.69816069467146,SETTLED,STOPPED,0.0
89.35,PID,1.397804135843545,1.5013336670213,1.6449045912520184,0.650281594245761,0.8838682863438575,0.06386828634385755,-0.0017251069028354493,0.0,0.0,0.45,0.10907076696527575,0.0,0.0,0.0,0.0,0.0,0.0,0.0,0.0,0.0,0.0,0.0,0.0,159.69816069467146,SETTLED,STOPPED,0.0
89.4,PID,1.399091386418115,1.5000464164467298,1.6449959555247446,0.6499691535043082,0.8861987732098349,0.06619877320983492,-0.0004787835135333651,0.0,0.0,0.45,0.09532934044321607,0.0,0.0,0.0,0.0,0.0,0.0,0.0,0.0,0.0,0.0,0.0,0.0,159.69816069467146,SETTLED,STOPPED,0.0
89.45,PID,1.4187083585738034,1.4804294442910415,1.6450890657998065,0.6496559517407624,0.8849296074147346,0.06492960741473464,-0.0014749587637672423,0.0,0.0,0.45,0.068772556047267,0.0,0.0,0.0,0.0,0.0,0.0,0.0,0.0,0.0,0.0,0.0,0.0,159.69816069467146,SETTLED,STOPPED,0.0
89.5,PID,1.3924819529058907,1.506655849958954,1.64518188044328,0.6493441333793952,0.8610649339790432,0.041064933979043206,-0.017033105671703686,0.0,0.0,0.45,-0.051361969400180015,0.0,0.0,0.0,0.0,0.0,0.0,0.0,0.0,0.0,0.0,0.0,0.0,159.69816069467146,SETTLED,STOPPED,0.0
89.55,PID,1.4153769411717996,1.4837608616930453,1.6452746037035137,0.6490295910442402,0.893778850030583,0.07377885003058304,0.0035660030278474864,0.0,0.0,0.45,0.10387889449464305,0.0,0.0,0.0,0.0,0.0,0.0,0.0,0.0,0.0,0.0,0.0,0.0,159.69816069467146,SETTLED,STOPPED,0.0
89.6,PID,1.4243301439252687,1.4748076589395762,1.6453676928253453,0.6487176403386978,0.8658113128369915,0.04581131283699158,-0.014323003438085236,0.0,0.0,0.45,-0.04203162594598785,0.0,0.0,0.0,0.0,0.0,0.0,0.0,0.0,0.0,0.0,0.0,0.0,159.69816069467146,SETTLED,STOPPED,0.0
89.65,PID,1.4243301439252687,1.4748076589395762,1.6454593823988148,0.6484023377435063,0.855150464453919,0.035150464453919006,-0.02162920500734211,0.0,0.0,0.45,-0.07969240112339251,0.0,0.0,0.0,0.0,0.0,0.0,0.0,0.0,0.0,0.0,0.0,0.0,159.69816069467146,SETTLED,STOPPED,0.0
89.7,PID,1.4243301439252687,1.4748076589395762,1.6455515894521409,0.6480900278136715,0.8554787519331324,0.035478751933132435,-0.02161568535720715,0.0,0.0,0.45,-0.06071560796770699,0.0,0.0,0.0,0.0,0.0,0.0,0.0,0.0,0.0,0.0,0.0,0.0,159.69816069467146,SETTLED,STOPPED,0.0
89.75,PID,1.4183287420279518,1.4808090608368931,1.6456437711454552,0.6477751463779271,0.8558042822838796,0.03580428228387966,-0.021601721471496083,0.0,0.0,0.45,-0.045925840671523575,0.0,0.0,0.0,0.0,0.0,0.0,0.0,0.0,0.0,0.0,0.0,0.0,159.69816069467146,SETTLED,STOPPED,0.0
89.8,PID,1.4056501945319144,1.4934876083329305,1.6457376362772091,0.6474584758748276,0.8634915315748727,0.04349153157487273,-0.016673423563602574,0.0,0.0,0.45,-0.001998258843416957,0.0,0.0,0.0,0.0,0.0,0.0,0.0,0.0,0.0,0.0,0.0,0.0,159.69816069467146,SETTLED,STOPPED,0.0
89.85,PID,1.3948274474530542,1.5043103554117905,1.6458269897640663,0.6471473519418701,0.8794357694861009,0.059435769486100964,-0.006560372846761142,0.0,0.0,0.45,0.06859600491154298,0.0,0.0,0.0,0.0,0.0,0.0,0.0,0.0,0.0,0.0,0.0,0.0,159.69816069467146,SETTLED,STOPPED,0.0
89.9,PID,1.3951407937750793,1.5039970090897656,1.6459195053929296,0.6468338998693176,0.8931568645864579,0.07315686458645798,0.0017850842477131756,0.0,0.0,0.45,0.11387770227257783,0.0,0.0,0.0,0.0,0.0,0.0,0.0,0.0,0.0,0.0,0.0,0.0,159.69816069467146,SETTLED,STOPPED,0.0
89.95,PID,1.4008062786548727,1.4983315242099722,1.6460132408939028,0.646518926301707,0.8930949322491841,0.07309493224918417,0.001541710820218034,0.0,0.0,0.45,0.08855210548860594,0.0,0.0,0.0,0.0,0.0,0.0,0.0,0.0,0.0,0.0,0.0,0.0,159.69816069467146,SETTLED,STOPPED,0.0
90.0,PID,1.4091894897030657,1.4899483131617792,1.6461036685855137,0.6462100405341674,0.8864034951903793,0.06640349519037936,-0.0027909070996989804,0.0,0.0,0.45,0.03962831922236977,0.0,0.0,0.0,0.0,0.0,0.0,0.0,0.0,0.0,0.0,0.0,0.0,159.69816069467146,SETTLED,STOPPED,0.0
90.05,PID,1.4220718728234918,1.477065930041353,1.6461956181520434,0.645896480157042,0.8763689867014754,0.0563689867014755,-0.009342822048630905,0.0,0.0,0.45,-0.013241748357731072,0.0,0.0,0.0,0.0,0.0,0.0,0.0,0.0,0.0,0.0,0.0,0.0,159.69816069467146,SETTLED,STOPPED,0.0
90.1,PID,1.4243301439252687,1.4748076589395762,1.6462886473602765,0.6455831444446061,0.8608566127068348,0.04085661270683483,-0.019709168854570525,0.0,0.0,0.45,-0.07858300929545307,0.0,0.0,0.0,0.0,0.0,0.0,0.0,0.0,0.0,0.0,0.0,0.0,159.69816069467146,SETTLED,STOPPED,0.0
90.15,PID,1.4243301439252687,1.4748076589395762,1.6463825665470977,0.6452685238613414,0.8584164913877921,0.03841649138779213,-0.021556213181635586,0.0,0.0,0.45,-0.07203128105424188,0.0,0.0,0.0,0.0,0.0,0.0,0.0,0.0,0.0,0.0,0.0,0.0,159.69816069467146,SETTLED,STOPPED,0.0
90.2,PID,1.4243301439252687,1.4748076589395762,1.6464743564227313,0.6449531411644444,0.8587446972287918,0.03874469722879181,-0.021551778817782807,0.0,0.0,0.45,-0.054740293521909976,0.0,0.0,0.0,0.0,0.0,0.0,0.0,0.0,0.0,0.0,0.0,0.0,159.69816069467146,SETTLED,STOPPED,0.0
90.25,PID,1.4209110871562265,1.4782267157086184,1.646565533693774,0.6446390072327824,0.8590730887520075,0.039073088752007545,-0.02153825168270007,0.0,0.0,0.45,-0.04125250624494048,0.0,0.0,0.0,0.0,0.0,0.0,0.0,0.0,0.0,0.0,0.0,0.0,159.69816069467146,SETTLED,STOPPED,0.0
90.3,PID,1.3928447662069208,1.5062930366579241,1.6466577423250617,0.6443247230575295,0.8635904104169766,0.043590410416976644,-0.01873394974202247,0.0,0.0,0.45,-0.012300739545188413,0.0,0.0,0.0,0.0,0.0,0.0,0.0,0.0,0.0,0.0,0.0,0.0,159.69816069467146,SETTLED,STOPPED,0.0
90.35,PID,1.399091386418115,1.5000464164467298,1.6458718214300216,0.6470202889315317,0.898560181900498,0.07856018190049807,0.0032583448115810487,0.06271849802261623,0.01648624367487609,0.45,0.14427241768225607,0.05999002469442423,0.06544697135080822,0.6152823045581972,0.6712509882134177,0.6152823045581972,0.6712509882134177,0.6152823045581972,0.6712509882134177,0.7070673689117447,0.7716106248627963,0.003913865719306665,1.4825918594938479,159.77229028764614,TRACKING,STOPPED,0.0
90.4,PID,1.405483372876139,1.493654429988706,1.6447641894073424,0.650813804212927,0.8880057191979345,0.06800571919793452,-0.0023214629635364137,0.0855788848727144,0.004602786635834005,0.45,0.06609284990087749,0.08481712368448387,0.08634064606094492,0.8699192172767576,0.8855450878045633,0.8699192172767576,0.8855450878045633,0.25463691271856037,0.21429409959114565,0.4432116525509076,0.4512558391242501,0.0007876370483541151,0.8952551287235119,159.81705304408231,TRACKING,STOPPED,0.0
90.45,PID,1.408528099929242,1.4906097029356027,1.643651246676979,0.6546335025634533,0.8761481778888467,0.05614817788884674,-0.007539142583871339,0.08611956044521613,-0.006156608487578319,0.45,-0.0006207588373047662,0.08713847914991034,0.08510064174052191,0.8937279912811317,0.8728270947745836,0.8937279912811317,0.8728270947745836,0.02380877400437409,-0.012717993029979668,0.13456012091598715,0.13130381456286497,0.0009538759200673851,0.2668178113989195,159.83039393465225,TRACKING,STOPPED,0.0
90.5,PID,1.4019267075736672,1.4972110952911775,1.6426325245140714,0.6581370435900674,0.8684118272600931,0.04841182726009319,-0.00968186904554158,0.07949869785046154,-0.012229893121716448,0.45,-0.034524134659615284,0.08152274516210561,0.07747465053881747,0.8361307196113396,0.7946118003981278,0.8361307196113396,0.7946118003981278,-0.057597271669792116,-0.0782152943764558,0.20738542822942627,0.19688954584037402,0.0010695689564151792,0.4053445430262155,159.85066116180357,TRACKING,STOPPED,0.0
90.55,PID,1.4195746099130335,1.4795631929518114,1.6416003490100315,0.6616929631036789,0.8729172667252404,0.05291726672524044,-0.0038772330099001717,0.080635615847863,-0.006492121237545609,0.45,-0.0071048913878508785,0.0817100619126768,0.0795611697830492,0.8380519170530953,0.8160119977748636,0.8380519170530953,0.8160119977748636,0.0019211974417557842,0.021400197376735708,0.13393618336476262,0.13030588793975398,0.0005364044741580438,0.26477847577867464,159.86390008559252,TRACKING,STOPPED,0.0
90.6,PID,1.4243301439252687,1.4748076589395762,1.6416930931903437,0.661378103351428,0.8474710270524919,0.027471027052491936,-0.017842996244649134,0.0,0.0,0.45,-0.1175052698426235,0.0,0.0,0.0,0.0,0.0,0.0,-0.8380519170530953,-0.8160119977748636,0.0,0.0,0.0,0.0,159.86390008559252,SETTLED,STOPPED,0.0
90.65,PID,1.4243301439252687,1.4748076589395762,1.6417854392181073,0.6610648454339099,0.8419704826284257,0.021970482628425714,-0.021806974992251815,0.0,0.0,0.45,-0.11585650594313908,0.0,0.0,0.0,0.0,0.0,0.0,0.0,0.0,0.0,0.0,0.0,0.0,159.86390008559252,SETTLED,STOPPED,0.0
90.7,PID,1.4243301439252687,1.4748076589395762,1.641878795196586,0.6607521579773538,0.8422969618745002,0.022296961874500254,-0.02179163698390818,0.0,0.0,0.45,-0.08893156595292043,0.0,0.0,0.0,0.0,0.0,0.0,0.0,0.0,0.0,0.0,0.0,0.0,159.86390008559252,SETTLED,STOPPED,0.0
90.75,PID,1.4120322389161006,1.487105563948744,1.6419722053332158,0.6604370079511008,0.8426231508312741,0.022623150831274197,-0.02178577617380939,0.0,0.0,0.45,-0.0679313900334725,0.0,0.0,0.0,0.0,0.0,0.0,0.0,0.0,0.0,0.0,0.0,0.0,159.86390008559252,SETTLED,STOPPED,0.0
90.8,PID,1.4025019429759888,1.4966358598888558,1.6420635968441466,0.6601256599543388,0.8580520320068781,0.03805203200687812,-0.011627535332961125,0.0,0.0,0.45,0.01490059294655259,0.0,0.0,0.0,0.0,0.0,0.0,0.0,0.0,0.0,0.0,0.0,0.0,159.86390008559252,SETTLED,STOPPED,0.0
90.85,PID,1.3895803615265119,1.509557441338333,1.6421549930404695,0.6598122379873267,0.8701374032867065,0.05013740328670657,-0.004007121823624837,0.0,0.0,0.45,0.06479809612955922,0.0,0.0,0.0,0.0,0.0,0.0,0.0,0.0,0.0,0.0,0.0,0.0,159.86390008559252,SETTLED,STOPPED,0.0
90.9,PID,1.3991531554426646,1.4999846474221803,1.6422475632543272,0.6594981347729979,0.8864879328577769,0.06648793285777699,0.005996073904446897,0.0,0.0,0.45,0.12248484509377011,0.0,0.0,0.0,0.0,0.0,0.0,0.0,0.0,0.0,0.0,0.0,0.0,159.86390008559252,SETTLED,STOPPED,0.0
90.95,PID,1.4025769968542334,1.4965608060106115,1.6423402617286136,0.6591838902276907,0.8749356942395751,0.05493569423957512,-0.001374746795164361,0.0,0.0,0.45,0.04470832925304958,0.0,0.0,0.0,0.0,0.0,0.0,0.0,0.0,0.0,0.0,0.0,0.0,159.86390008559252,SETTLED,STOPPED,0.0
91.0,PID,1.4138062567624516,1.4853315461023933,1.6424326940634466,0.6588685693486739,0.8710261317947579,0.0510261317947579,-0.004063152985711582,0.0,0.0,0.45,0.017670422060181948,0.0,0.0,0.0,0.0,0.0,0.0,0.0,0.0,0.0,0.0,0.0,0.0,159.86390008559252,SETTLED,STOPPED,0.0
91.05,PID,1.4243301439252687,1.4748076589395762,1.6425245942468294,0.6585533657018088,0.8575028278539755,0.03750282785397552,-0.013052120168058012,0.0,0.0,0.45,-0.04571960813250395,0.0,0.0,0.0,0.0,0.0,0.0,0.0,0.0,0.0,0.0,0.0,0.0,159.86390008559252,SETTLED,STOPPED,0.0
91.1,PID,1.4243301439252687,1.4748076589395762,1.6426124988366049,0.6582451938027896,0.8449141313649662,0.02491413136496623,-0.021734778385578135,0.0,0.0,0.45,-0.0910515588949971,0.0,0.0,0.0,0.0,0.0,0.0,0.0,0.0,0.0,0.0,0.0,0.0,159.86390008559252,SETTLED,STOPPED,0.0
91.15,PID,1.4243301439252687,1.4748076589395762,1.6427046962970313,0.657930174678412,0.845234550841306,0.025234550841306103,-0.02172545592025288,0.0,0.0,0.45,-0.06961037024220222,0.0,0.0,0.0,0.0,0.0,0.0,0.0,0.0,0.0,0.0,0.0,0.0,159.86390008559252,SETTLED,STOPPED,0.0
91.2,PID,1.4243301439252687,1.4748076589395762,1.642795970364571,0.6576207482970791,0.8455626939597184,0.02556269395971844,-0.02172312430097878,0.0,0.0,0.45,-0.05285225906790336,0.0,0.0,0.0,0.0,0.0,0.0,0.0,0.0,0.0,0.0,0.0,0.0,159.86390008559252,SETTLED,STOPPED,0.0
91.25,PID,1.407268663747216,1.4918691391176289,1.6428893374511406,0.6573039925759036,0.8458851956661945,0.025885195666194516,-0.02170864652668003,0.0,0.0,0.45,-0.03980575456446982,0.0,0.0,0.0,0.0,0.0,0.0,0.0,0.0,0.0,0.0,0.0,0.0,159.86390008559252,SETTLED,STOPPED,0.0
91.3,PID,1.3959930177628461,1.5031447851019986,1.6429821338420925,0.6569915292758548,0.86718861022208,0.047188610222080096,-0.007776326069603101,0.0,0.0,0.45,0.06268653548561542,0.0,0.0,0.0,0.0,0.0,0.0,0.0,0.0,0.0,0.0,0.0,0.0,159.86390008559252,SETTLED,STOPPED,0.0
91.35,PID,1.399091386418115,1.5000464164467298,1.6430753176364412,0.6566771944252024,0.8814640978546948,0.061464097854694866,0.0010589564283747244,0.0,0.0,0.45,0.11170764326228858,0.0,0.0,0.0,0.0,0.0,0.0,0.0,0.0,0.0,0.0,0.0,0.0,159.86390008559252,SETTLED,STOPPED,0.0
91.4,PID,1.4138787103586068,1.4852590925062379,1.6431669654314445,0.6563672504884085,0.8779520507100289,0.05795205071002896,-0.0013446763260229755,0.0,0.0,0.45,0.07167895430805422,0.0,0.0,0.0,0.0,0.0,0.0,0.0,0.0,0.0,0.0,0.0,0.0,159.86390008559252,SETTLED,STOPPED,0.0
91.45,PID,1.3969845108908485,1.5021532919739962,1.6432602089579773,0.6560537597963333,0.8600202263191588,0.0400202263191588,-0.013085630661321401,0.0,0.0,0.45,-0.022990442959550862,0.0,0.0,0.0,0.0,0.0,0.0,0.0,0.0,0.0,0.0,0.0,0.0,159.86390008559252,SETTLED,STOPPED,0.0
91.5,PID,1.4113714622414437,1.4877663406234012,1.6433519948622213,0.6557395730118097,0.8812128788265134,0.061212878826513495,0.00029050005614683627,0.0,0.0,0.45,0.07531512552391628,0.0,0.0,0.0,0.0,0.0,0.0,0.0,0.0,0.0,0.0,0.0,0.0,159.86390008559252,SETTLED,STOPPED,0.0
91.55,PID,1.4237722786542675,1.4753655242105774,1.643444506676867,0.655426267379579,0.8637612572564325,0.04376125725643254,-0.011056579821960177,0.0,0.0,0.45,-0.018041336999705858,0.0,0.0,0.0,0.0,0.0,0.0,0.0,0.0,0.0,0.0,0.0,0.0,159.86390008559252,SETTLED,STOPPED,0.0
91.6,PID,1.4243301439252687,1.4748076589395762,1.6435379409572068,0.655111231276296,0.8488558609428241,0.028855860942824108,-0.0211965543660253,0.0,0.0,0.45,-0.0796559866396514,0.0,0.0,0.0,0.0,0.0,0.0,0.0,0.0,0.0,0.0,0.0,0.0,159.86390008559252,SETTLED,STOPPED,0.0
91.65,PID,1.4243301439252687,1.4748076589395762,1.6436295976289064,0.6547987009572915,0.8485012031833181,0.02850120318331817,-0.021659285546634433,0.0,0.0,0.45,-0.06369216372075431,0.0,0.0,0.0,0.0,0.0,0.0,0.0,0.0,0.0,0.0,0.0,0.0,159.86390008559252,SETTLED,STOPPED,0.0
91.7,PID,1.4219509781893491,1.4771868246754958,1.6437228216542863,0.6544854458968373,0.8488268030440052,0.0288268030440052,-0.021653975884491583,0.0,0.0,0.45,-0.04824724831516535,0.0,0.0,0.0,0.0,0.0,0.0,0.0,0.0,0.0,0.0,0.0,0.0,159.86390008559252,SETTLED,STOPPED,0.0
91.75,PID,1.4074613126126132,1.4916764902522317,1.643812557611368,0.6541757252412548,0.8520682538377675,0.03206825383776757,-0.019671643796056903,0.0,0.0,0.45,-0.023370470193273745,0.0,0.0,0.0,0.0,0.0,0.0,0.0,0.0,0.0,0.0,0.0,0.0,159.86390008559252,SETTLED,STOPPED,0.0
91.8,PID,1.397845977587552,1.5012918252772927,1.6439050178808507,0.6538628957885346,0.8702122973197017,0.05021229731970178,-0.00792683200088673,0.0,0.0,0.45,0.06160482456976157,0.0,0.0,0.0,0.0,0.0,0.0,0.0,0.0,0.0,0.0,0.0,0.0,159.86390008559252,SETTLED,STOPPED,0.0
91.85,PID,1.392725969667481,1.506411833197364,1.6439971739463082,0.6535482048616975,0.8824289443601233,0.06242894436012336,-0.0004004592948194663,0.0,0.0,0.45,0.10180501014227203,0.0,0.0,0.0,0.0,0.0,0.0,0.0,0.0,0.0,0.0,0.0,0.0,159.86390008559252,SETTLED,STOPPED,0.0
91.9,PID,1.400202572627973,1.4989352302368717,1.644091353170922,0.6532321751645511,0.8891083098462245,0.06910830984622451,0.003522781418252352,0.0,0.0,0.45,0.10879711604981893,0.0,0.0,0.0,0.0,0.0,0.0,0.0,0.0,0.0,0.0,0.0,0.0,159.86390008559252,SETTLED,STOPPED,0.0
91.95,PID,1.4067746655954674,1.4923631372693775,1.6441840115882418,0.6529199177656969,0.8801678218575042,0.060167821857504244,-0.002226400325549216,0.0,0.0,0.45,0.04552360336848734,0.0,0.0,0.0,0.0,0.0,0.0,0.0,0.0,0.0,0.0,0.0,0.0,159.86390008559252,SETTLED,STOPPED,0.0
92.0,PID,1.419053342688994,1.4800844601758507,1.644276983937072,0.6526092791722979,0.872369254579402,0.052369254579402,-0.007365488967057576,0.0,0.0,0.45,0.0011947146037683126,0.0,0.0,0.0,0.0,0.0,0.0,0.0,0.0,0.0,0.0,0.0,0.0,159.86390008559252,SETTLED,STOPPED,0.0
92.05,PID,1.4243301439252687,1.4748076589395762,1.6443691763511166,0.6522957457882488,0.8575784883926983,0.037578488392698395,-0.01723172617232338,0.0,0.0,0.45,-0.0641474938305603,0.0,0.0,0.0,0.0,0.0,0.0,0.0,0.0,0.0,0.0,0.0,0.0,159.86390008559252,SETTLED,STOPPED,0.0
92.1,PID,1.4243301439252687,1.4748076589395762,1.6444600107372906,0.6519807686931289,0.8514358596316931,0.03143585963169315,-0.021584612519751634,0.0,0.0,0.45,-0.07706261173626164,0.0,0.0,0.0,0.0,0.0,0.0,0.0,0.0,0.0,0.0,0.0,0.0,159.86390008559252,SETTLED,STOPPED,0.0
92.15,PID,1.4243301439252687,1.4748076589395762,1.6445514618642627,0.6516671033475421,0.8517636113237742,0.031763611323774255,-0.021581377634580567,0.0,0.0,0.45,-0.05866672970912715,0.0,0.0,0.0,0.0,0.0,0.0,0.0,0.0,0.0,0.0,0.0,0.0,159.86390008559252,SETTLED,STOPPED,0.0
92.2,PID,1.4243301439252687,1.4748076589395762,1.6446443570476343,0.6513524547758351,0.8520902552753142,0.03209025527531428,-0.021575374062247965,0.0,0.0,0.45,-0.044322815786342964,0.0,0.0,0.0,0.0,0.0,0.0,0.0,0.0,0.0,0.0,0.0,0.0,159.86390008559252,SETTLED,STOPPED,0.0
92.25,PID,1.3936262403382056,1.5055115625266393,1.6447332293277288,0.6510425918430507,0.8524182223345977,0.03241822233459779,-0.021561866485023895,0.0,0.0,0.45,-0.0331287412525,0.0,0.0,0.0,0.0,0.0,0.0,0.0,0.0,0.0,0.0,0.0,0.0,159.86390008559252,SETTLED,STOPPED,0.0
92.3,PID,1.399091386418115,1.5000464164467298,1.6448213898957822,0.6507375879733406,0.8906020108782912,0.07060201087829121,0.002837902040764062,0.0,0.0,0.45,0.1421682514153106,0.0,0.0,0.0,0.0,0.0,0.0,0.0,0.0,0.0,0.0,0.0,0.0,159.86390008559252,SETTLED,STOPPED,0.0
92.35,PID,1.4006537246609423,1.4984840782039024,1.6449141529100781,0.6504211612755262,0.8841429300356223,0.06414293003562233,-0.0013477499424130457,0.0,0.0,0.45,0.08247128039619755,0.0,0.0,0.0,0.0,0.0,0.0,0.0,0.0,0.0,0.0,0.0,0.0,159.86390008559252,SETTLED,STOPPED,0.0
92.4,PID,1.4151688662251374,1.4839689366397075,1.645008102809126,0.6501046838509216,0.882538309580676,0.06253830958067608,-0.002565059368661693,0.0,0.0,0.45,0.0572672687072702,0.0,0.0,0.0,0.0,0.0,0.0,0.0,0.0,0.0,0.0,0.0,0.0,159.86390008559252,SETTLED,STOPPED,0.0
92.45,PID,1.396493353331571,1.5026444495332738,1.6451021237216445,0.6497891102823913,0.8649599220498664,0.04495992204986643,-0.014051869827225172,0.0,0.0,0.45,-0.032676435543896085,0.0,0.0,0.0,0.0,0.0,0.0,0.0,0.0,0.0,0.0,0.0,0.0,159.86390008559252,SETTLED,STOPPED,0.0
92.5,PID,1.4171597858054352,1.4819780170594097,1.6451947999508358,0.6494746159265331,0.8883515916592946,0.06835159165929461,0.0006300040258115924,0.0,0.0,0.45,0.07743572655725088,0.0,0.0,0.0,0.0,0.0,0.0,0.0,0.0,0.0,0.0,0.0,0.0,159.86390008559252,SETTLED,STOPPED,0.0
92.55,PID,1.4243301439252687,1.4748076589395762,1.6452866501087637,0.6491633639228086,0.8631696707913805,0.043169670791380566,-0.015654085298848264,0.0,0.0,0.45,-0.050400585104172405,0.0,0.0,0.0,0.0,0.0,0.0,0.0,0.0,0.0,0.0,0.0,0.0,159.86390008559252,SETTLED,STOPPED,0.0
92.6,PID,1.4243301439252687,1.4748076589395762,1.6453782618086255,0.6488513353731908,0.8546989408666376,0.034698940866637606,-0.021514571696793494,0.0,0.0,0.45,-0.07658366805012562,0.0,0.0,0.0,0.0,0.0,0.0,0.0,0.0,0.0,0.0,0.0,0.0,159.86390008559252,SETTLED,STOPPED,0.0
92.65,PID,1.4243301439252687,1.4748076589395762,1.6454704383141365,0.648537958933134,0.8550240457782892,0.035024045778289215,-0.02150365148550093,0.0,0.0,0.45,-0.05830479946783083,0.0,0.0,0.0,0.0,0.0,0.0,0.0,0.0,0.0,0.0,0.0,0.0,159.86390008559252,SETTLED,STOPPED,0.0
92.7,PID,1.4156544750774982,1.4834833277873467,1.6455636766431385,0.648224687298078,0.8553505988488761,0.03535059884887615,-0.02149362951810385,0.0,0.0,0.45,-0.044040910074325465,0.0,0.0,0.0,0.0,0.0,0.0,0.0,0.0,0.0,0.0,0.0,0.0,159.86390008559252,SETTLED,STOPPED,0.0
92.75,PID,1.4043130610566876,1.4948247418081573,1.645656710180133,0.6479078251595962,0.8663228252080928,0.04632282520809283,-0.01439520329943833,0.0,0.0,0.45,0.013925886122582297,0.0,0.0,0.0,0.0,0.0,0.0,0.0,0.0,0.0,0.0,0.0,0.0,159.86390008559252,SETTLED,STOPPED,0.0
92.8,PID,1.3925988916610097,1.5065389112038352,1.6457481849024187,0.6475948416705009,0.8806333065911863,0.060633306591186376,-0.005385855658720962,0.0,0.0,0.45,0.07382830926122937,0.0,0.0,0.0,0.0,0.0,0.0,0.0,0.0,0.0,0.0,0.0,0.0,159.86390008559252,SETTLED,STOPPED,0.0
92.85,PID,1.396923638408715,1.50221416445613,1.6450184955030722,0.6501035510032217,0.8954716518433794,0.07547165184337945,0.003613716576603254,0.0587858962652585,0.008433876497293755,0.45,0.12287480033341214,0.05739008970495638,0.060181702825560617,0.5886163046662193,0.617248234108314,0.5886163046662193,0.617248234108314,0.5886163046662193,0.617248234108314,0.6390900374198425,0.6702831872469305,0.0010242759279111553,1.3103975005946842,159.92941996062225,TRACKING,STOPPED,0.0
92.9,PID,1.4012519898132816,1.4978858130515633,1.6439559467764557,0.6537463818245,0.8874928482392189,0.06749284823921897,-9.16774414385646e-05,0.08235427324093564,0.0026210324201651463,0.45,0.06073560840175337,0.08192049237539831,0.08278805410647297,0.8402101782092134,0.8491082472458765,0.8402101782092134,0.8491082472458765,0.2515938735429941,0.23186001313756255,0.43749536083249174,0.4421738959059045,0.00021939340002508653,0.8798886501384213,159.97341439312916,TRACKING,STOPPED,0.0
92.95,PID,1.4109723343367013,1.4881654685281436,1.6428470511470035,0.657561402630214,0.8783374010469623,0.05833740104696239,-0.0035842429588817115,0.08596585102942067,-0.0033149622686367824,0.45,0.007089806907436373,0.08651447728488006,0.08541722477396128,0.8873279721526159,0.8760741002457567,0.8873279721526159,0.8760741002457567,0.04711779394340254,0.02696585299988019,0.1773992449296587,0.17509015669664305,0.000283357417250993,0.3527727590435527,159.99105303108135,TRACKING,STOPPED,0.0
93.0,PID,1.4243004286155365,1.4748373742493084,1.6429381996354835,0.6572476540971381,0.8623624519783024,0.04236245197830246,-0.011153574590820226,0.0,0.0,0.45,-0.06475972651430731,0.0,0.0,0.0,0.0,0.0,0.0,-0.8873279721526159,-0.8760741002457567,0.0,0.0,0.0,0.0,159.99105303108135,SETTLED,STOPPED,0.0
93.05,PID,1.4243301439252687,1.4748076589395762,1.6430304168722702,0.6569324394649819,0.8463187492990303,0.02631874929903033,-0.022086594112127766,0.0,0.0,0.45,-0.1211048784699611,0.0,0.0,0.0,0.0,0.0,0.0,0.0,0.0,0.0,0.0,0.0,0.0,159.99105303108135,SETTLED,STOPPED,0.0
93.1,PID,1.4243301439252687,1.4748076589395762,1.6431215676288105,0.6566213083027319,0.8466107039352319,0.026610703935231905,-0.022106886842103712,0.0,0.0,0.45,-0.09317720480728266,0.0,0.0,0.0,0.0,0.0,0.0,0.0,0.0,0.0,0.0,0.0,0.0,159.99105303108135,SETTLED,STOPPED,0.0
93.15,PID,1.4243301439252687,1.4748076589395762,1.643214686259143,0.6563087295474118,0.8469348212552487,0.02693482125524871,-0.02209603172392738,0.0,0.0,0.45,-0.07125210354160645,0.0,0.0,0.0,0.0,0.0,0.0,0.0,0.0,0.0,0.0,0.0,0.0,159.99105303108135,SETTLED,STOPPED,0.0
93.2,PID,1.4151168420969105,1.4840209607679344,1.643307280083766,0.6559933564387227,0.847260845483154,0.027260845483153995,-0.02208667871923331,0.0,0.0,0.45,-0.054142134159669696,0.0,0.0,0.0,0.0,0.0,0.0,0.0,0.0,0.0,0.0,0.0,0.0,159.99105303108135,SETTLED,STOPPED,0.0
93.25,PID,1.3941818996821476,1.5049559031826973,1.6433986198450796,0.655678994948249,0.8588949816594614,0.03889498165946148,-0.014480940595124725,0.0,0.0,0.45,0.00895933453121349,0.0,0.0,0.0,0.0,0.0,0.0,0.0,0.0,0.0,0.0,0.0,0.0,159.99105303108135,SETTLED,STOPPED,0.0
93.3,PID,1.399091386418115,1.5000464164467298,1.6434916148681549,0.6553668454455852,0.8850877021341065,0.06508770213410653,0.00204538581864,0.0,0.0,0.45,0.12223625102279127,0.0,0.0,0.0,0.0,0.0,0.0,0.0,0.0,0.0,0.0,0.0,0.0,159.99105303108135,SETTLED,STOPPED,0.0
93.35,PID,1.4090490621434104,1.4900887407214345,1.6435843745395065,0.6550517795401651,0.8793264748278135,0.0593264748278135,-0.0017376662118164798,0.0,0.0,0.45,0.06999487565008644,0.0,0.0,0.0,0.0,0.0,0.0,0.0,0.0,0.0,0.0,0.0,0.0,159.99105303108135,SETTLED,STOPPED,0.0
93.4,PID,1.403625277186744,1.495512525678101,1.6436772594509417,0.6547372672013275,0.867348568511866,0.047348568511866085,-0.009576672863344848,0.0,0.0,0.45,0.0018932152168957897,0.0,0.0,0.0,0.0,0.0,0.0,0.0,0.0,0.0,0.0,0.0,0.0,159.99105303108135,SETTLED,STOPPED,0.0
93.45,PID,1.4059381079993476,1.4931996948654973,1.643766140697145,0.6544313541892981,0.8743729121236865,0.054372912123686556,-0.005283700397487268,0.0,0.0,0.45,0.03238381976119055,0.0,0.0,0.0,0.0,0.0,0.0,0.0,0.0,0.0,0.0,0.0,0.0,159.99105303108135,SETTLED,STOPPED,0.0
93.5,PID,1.4213574545466692,1.4777803483181757,1.6438600691488532,0.6541153418193555,0.8718339878999953,0.05183398789999538,-0.007121700884178184,0.0,0.0,0.45,0.014088112829486826,0.0,0.0,0.0,0.0,0.0,0.0,0.0,0.0,0.0,0.0,0.0,0.0,159.99105303108135,SETTLED,STOPPED,0.0
93.55,PID,1.4243301439252687,1.4748076589395762,1.6439514498949872,0.6538019015164563,0.8531889922142161,0.03318899221421612,-0.019574685497560473,0.0,0.0,0.45,-0.0710492530104337,0.0,0.0,0.0,0.0,0.0,0.0,0.0,0.0,0.0,0.0,0.0,0.0,159.99105303108135,SETTLED,STOPPED,0.0
93.6,PID,1.4243301439252687,1.4748076589395762,1.6440418786858828,0.6534898983462092,0.8498729150630437,0.029872915063043792,-0.022034279507229915,0.0,0.0,0.45,-0.07000915681329735,0.0,0.0,0.0,0.0,0.0,0.0,0.0,0.0,0.0,0.0,0.0,0.0,159.99105303108135,SETTLED,STOPPED,0.0
93.65,PID,1.4243301439252687,1.4748076589395762,1.644133318315085,0.6531785085941583,0.8501976889274763,0.03019768892747632,-0.022033691967421776,0.0,0.0,0.45,-0.05317813731086874,0.0,0.0,0.0,0.0,0.0,0.0,0.0,0.0,0.0,0.0,0.0,0.0,159.99105303108135,SETTLED,STOPPED,0.0
93.7,PID,1.409357971965647,1.4897798308991976,1.644225520191616,0.6528639954270657,0.8505221314987479,0.03052213149874794,-0.022017505092057466,0.0,0.0,0.45,-0.040051399788882405,0.0,0.0,0.0,0.0,0.0,0.0,0.0,0.0,0.0,0.0,0.0,0.0,159.99105303108135,SETTLED,STOPPED,0.0
93.75,PID,1.40086450772205,1.4982732951427948,1.6443172533856174,0.6525513309093307,0.8692473070845227,0.04924730708452274,-0.009820681336480508,0.0,0.0,0.45,0.05115068074208552,0.0,0.0,0.0,0.0,0.0,0.0,0.0,0.0,0.0,0.0,0.0,0.0,159.99105303108135,SETTLED,STOPPED,0.0
93.8,PID,1.3903111455598827,1.5088266573049622,1.6444110432333368,0.652238188042445,0.8800652703964851,0.060065270396485126,-0.0031270891887029695,0.0,0.0,0.45,0.08749656955146391,0.0,0.0,0.0,0.0,0.0,0.0,0.0,0.0,0.0,0.0,0.0,0.0,159.99105303108135,SETTLED,STOPPED,0.0
93.85,PID,1.3995988666010735,1.4995389362637712,1.6445029171561891,0.6519282913441936,0.8934822682466409,0.07348226824664095,0.004955002547881282,0.0,0.0,0.45,0.12728211479083082,0.0,0.0,0.0,0.0,0.0,0.0,0.0,0.0,0.0,0.0,0.0,0.0,159.99105303108135,SETTLED,STOPPED,0.0
93.9,PID,1.404359841487869,1.4947779613769758,1.6445954444034125,0.6516111237952736,0.8822821540523671,0.062282154052367145,-0.0021421793601377193,0.0,0.0,0.45,0.04999954708204051,0.0,0.0,0.0,0.0,0.0,0.0,0.0,0.0,0.0,0.0,0.0,0.0,159.99105303108135,SETTLED,STOPPED,0.0
93.95,PID,1.4160348125544961,1.4831029903103488,1.644687079340894,0.6512996619209636,0.8767231381147205,0.05672313811472052,-0.005845962771056756,0.0,0.0,0.45,0.01453997659834505,0.0,0.0,0.0,0.0,0.0,0.0,0.0,0.0,0.0,0.0,0.0,0.0,159.99105303108135,SETTLED,STOPPED,0.0
94.0,PID,1.4243301439252687,1.4748076589395762,1.6447774685484648,0.6509886259231645,0.8626578906068254,0.042657890606825455,-0.015153700355338362,0.0,0.0,0.45,-0.050545907288032654,0.0,0.0,0.0,0.0,0.0,0.0,0.0,0.0,0.0,0.0,0.0,0.0,159.99105303108135,SETTLED,STOPPED,0.0
94.05,PID,1.4243301439252687,1.4748076589395762,1.6448693983916516,0.6506785140708905,0.8528040936191738,0.0328040936191738,-0.02195164776164238,0.0,0.0,0.45,-0.08278251443033521,0.0,0.0,0.0,0.0,0.0,0.0,0.0,0.0,0.0,0.0,0.0,0.0,159.99105303108135,SETTLED,STOPPED,0.0
94.1,PID,1.4243301439252687,1.4748076589395762,1.6449618030089546,0.650364501881684,0.853127429041277,0.03312742904127708,-0.02193841100519478,0.0,0.0,0.45,-0.06314768539840697,0.0,0.0,0.0,0.0,0.0,0.0,0.0,0.0,0.0,0.0,0.0,0.0,159.99105303108135,SETTLED,STOPPED,0.0
94.15,PID,1.4243301439252687,1.4748076589395762,1.6450534049088525,0.6500557468003811,0.853454655040093,0.03345465504009304,-0.021925576706138594,0.0,0.0,0.45,-0.04781540021596713,0.0,0.0,0.0,0.0,0.0,0.0,0.0,0.0,0.0,0.0,0.0,0.0,159.99105303108135,SETTLED,STOPPED,0.0
94.2,PID,1.4014744186879,1.497663384176945,1.645145064858817,0.649742354103552,0.8537765952030343,0.03377659520303433,-0.02191936260107341,0.0,0.0,0.45,-0.03587947545151259,0.0,0.0,0.0,0.0,0.0,0.0,0.0,0.0,0.0,0.0,0.0,0.0,159.99105303108135,SETTLED,STOPPED,0.0
94.25,PID,1.397330151238073,1.5018076516267718,1.6452360341623735,0.6494313495257934,0.8822388888765196,0.06223888887651963,-0.003584538157839212,0.0,0.0,0.45,0.0972481013111626,0.0,0.0,0.0,0.0,0.0,0.0,0.0,0.0,0.0,0.0,0.0,0.0,159.99105303108135,SETTLED,STOPPED,0.0
94.3,PID,1.399091386418115,1.5000464164467298,1.645328478613235,0.6491180430032074,0.8876951544149688,0.06769515441496887,-0.0003821401182397821,0.0,0.0,0.45,0.09986108739188487,0.0,0.0,0.0,0.0,0.0,0.0,0.0,0.0,0.0,0.0,0.0,0.0,159.99105303108135,SETTLED,STOPPED,0.0
94.35,PID,1.4174443996258783,1.4816934032389666,1.6454184827550022,0.6488058447261842,0.885839603034289,0.06583960303428904,-0.0017354035301186954,0.0,0.0,0.45,0.06972722209067848,0.0,0.0,0.0,0.0,0.0,0.0,0.0,0.0,0.0,0.0,0.0,0.0,159.99105303108135,SETTLED,STOPPED,0.0
94.4,PID,1.3920816881483504,1.5070561147164945,1.6455133725294933,0.648488939408853,0.863524097928916,0.043524097928916095,-0.016250072791310854,0.0,0.0,0.45,-0.04380098923291732,0.0,0.0,0.0,0.0,0.0,0.0,0.0,0.0,0.0,0.0,0.0,0.0,159.99105303108135,SETTLED,STOPPED,0.0
94.45,PID,1.414744961697837,1.484392841167008,1.6448192514473903,0.6508727487791447,0.8951900430433783,0.0751900430433784,0.003595358580970043,0.05623062973248964,0.015361641428177454,0.45,0.10516538690196654,0.05368827807612627,0.058772981388853014,0.5506490059089874,0.6027998091164412,0.5506490059089874,0.6027998091164412,0.5506490059089874,0.6027998091164412,0.5751056133760001,0.6297612691375815,0.003398112394097922,1.2082649949076794,160.05146628082673,TRACKING,STOPPED,0.0
94.5,PID,1.4243301439252687,1.4748076589395762,1.6449114774562836,0.6505590618979388,0.8646906517466426,0.04469065174664266,-0.014888557456227414,0.0,0.0,0.45,-0.05216831992211095,0.0,0.0,0.0,0.0,0.0,0.0,-0.5506490059089874,-0.6027998091164412,0.0,0.0,0.0,0.0,160.05146628082673,SETTLED,STOPPED,0.0
94.55,PID,1.4243301439252687,1.4748076589395762,1.6449987717155683,0.6502547548792712,0.8532536987481674,0.033253698748167415,-0.022723770543899624,0.0,0.0,0.45,-0.09101388273254049,0.0,0.0,0.0,0.0,0.0,0.0,0.0,0.0,0.0,0.0,0.0,0.0,160.05146628082673,SETTLED,STOPPED,0.0
94.6,PID,1.4243301439252687,1.4748076589395762,1.645092301914276,0.6499410569039558,0.8535702284435278,0.03357022844352786,-0.02270284796428612,0.0,0.0,0.45,-0.06959809787179555,0.0,0.0,0.0,0.0,0.0,0.0,0.0,0.0,0.0,0.0,0.0,0.0,160.05146628082673,SETTLED,STOPPED,0.0
94.65,PID,1.4192767112388955,1.4798610916259494,1.6451837985606699,0.6496266965611912,0.8538974420583272,0.03389744205832723,-0.022692010602678003,0.0,0.0,0.45,-0.05284677643488321,0.0,0.0,0.0,0.0,0.0,0.0,0.0,0.0,0.0,0.0,0.0,0.0,160.05146628082673,SETTLED,STOPPED,0.0
94.7,PID,1.4061241791373864,1.4930136237274585,1.6452760826456345,0.6493128840256175,0.8604203407932385,0.04042034079323853,-0.018533569390800197,0.0,0.0,0.45,-0.012519731185597568,0.0,0.0,0.0,0.0,0.0,0.0,0.0,0.0,0.0,0.0,0.0,0.0,160.05146628082673,SETTLED,STOPPED,0.0
94.75,PID,1.3956174217955075,1.5035203810693374,1.6453686187517313,0.648997139426803,0.8769404604219445,0.05694046042194456,-0.007996638394244249,0.0,0.0,0.45,0.06292313604154456,0.0,0.0,0.0,0.0,0.0,0.0,0.0,0.0,0.0,0.0,0.0,0.0,160.05146628082673,SETTLED,STOPPED,0.0
94.8,PID,1.3945088143011166,1.504628988563728,1.6454601067119217,0.6486855838973192,0.8902727845375998,0.07027278453759989,0.00014148294592852828,0.0,0.0,0.45,0.10774227222129153,0.0,0.0,0.0,0.0,0.0,0.0,0.0,0.0,0.0,0.0,0.0,0.0,160.05146628082673,SETTLED,STOPPED,0.0
94.85,PID,1.400648283786382,1.4984895190784628,1.6455507608444062,0.6483741132596164,0.89197290494419,0.07197290494419006,0.0009834427007997526,0.0,0.0,0.45,0.09151950212160459,0.0,0.0,0.0,0.0,0.0,0.0,0.0,0.0,0.0,0.0,0.0,0.0,160.05146628082673,SETTLED,STOPPED,0.0
94.9,PID,1.408557510229103,1.4905802926357419,1.6456437356799878,0.6480598058049534,0.8846883216589321,0.06468832165893212,-0.003721611259899893,0.0,0.0,0.45,0.039333045199714825,0.0,0.0,0.0,0.0,0.0,0.0,0.0,0.0,0.0,0.0,0.0,0.0,160.05146628082673,SETTLED,STOPPED,0.0
94.95,PID,1.4212818984810387,1.4778559043838062,1.645736679245275,0.6477448340505533,0.8752431942198331,0.05524319421983315,-0.00990643462579821,0.0,0.0,0.45,-0.010878785476260297,0.0,0.0,0.0,0.0,0.0,0.0,0.0,0.0,0.0,0.0,0.0,0.0,160.05146628082673,SETTLED,STOPPED,0.0
95.0,PID,1.4243301439252687,1.4748076589395762,1.6458299925432922,0.6474307670750917,0.8599211229512508,0.03992112295125083,-0.0201400681830608,0.0,0.0,0.45,-0.07590256625324905,0.0,0.0,0.0,0.0,0.0,0.0,0.0,0.0,0.0,0.0,0.0,0.0,160.05146628082673,SETTLED,STOPPED,0.0
95.05,PID,1.4243301439252687,1.4748076589395762,1.6459237710810708,0.6471155559757149,0.8565131079727514,0.036513107972751424,-0.022640363912949324,0.0,0.0,0.45,-0.07419926758293251,0.0,0.0,0.0,0.0,0.0,0.0,0.0,0.0,0.0,0.0,0.0,0.0,160.05146628082673,SETTLED,STOPPED,0.0
95.1,PID,1.4243301439252687,1.4748076589395762,1.6460164429134108,0.6468030006204263,0.856841848245523,0.03684184824552306,-0.022630276810593708,0.0,0.0,0.45,-0.05642897151449209,0.0,0.0,0.0,0.0,0.0,0.0,0.0,0.0,0.0,0.0,0.0,0.0,160.05146628082673,SETTLED,STOPPED,0.0
95.15,PID,1.422965020446605,1.47617278241824,1.6461047490940064,0.6464950315636614,0.8571677370020829,0.03716773700208298,-0.02262120784261401,0.0,0.0,0.45,-0.04258068725244009,0.0,0.0,0.0,0.0,0.0,0.0,0.0,0.0,0.0,0.0,0.0,0.0,160.05146628082673,SETTLED,STOPPED,0.0
95.2,PID,1.3923707816014488,1.5067670212633961,1.6461958780790158,0.646182156707512,0.8591603510194987,0.039160351019498774,-0.021488946297337552,0.0,0.0,0.45,-0.02444543438027328,0.0,0.0,0.0,0.0,0.0,0.0,0.0,0.0,0.0,0.0,0.0,0.0,160.05146628082673,SETTLED,STOPPED,0.0
95.25,PID,1.399091386418115,1.5000464164467298,1.6454054052273015,0.6488840483512895,0.8972365845776217,0.07723658457762173,0.0025947675518749325,0.06289647566591472,0.01733370485188333,0.45,0.14846798883913737,0.060027747512928026,0.06576520381890141,0.6156692052608003,0.6745149109630914,0.6156692052608003,0.6745149109630914,0.6156692052608003,0.6745149109630914,0.7092762084598543,0.77730703191098,0.004326585464047979,1.4909098258348823,160.12601177211846,TRACKING,STOPPED,0.0
95.3,PID,1.4042194139282138,1.494918388936631,1.6443014702667,0.6526540008337727,0.8860857592376542,0.06608575923765425,-0.003399313691317074,0.08518376497863264,0.004048518783913015,0.45,0.06674139979866747,0.08451373511989504,0.08585379483737024,0.8668075396912313,0.880551741921746,0.8668075396912313,0.880551741921746,0.251138334430431,0.20603683095865466,0.4336184018431232,0.4405665210758526,0.0007745086849530293,0.8749594316039288,160.16975974369865,TRACKING,STOPPED,0.0
95.35,PID,1.410266043482639,1.4888717593822056,1.64317158766953,0.6565082844921399,0.8758131611491109,0.055813161149110946,-0.0076129649810185995,0.08682603380560432,-0.0059012196410145185,0.45,0.006858860253367516,0.08780268565619222,0.08584938195501642,0.9005403657045356,0.880506481589912,0.9005403657045356,0.880506481589912,0.033732826013304296,-4.526033183405165e-05,0.15158187386054697,0.1481038657486742,0.0008455045221524529,0.3005312441313736,160.18478630590522,TRACKING,STOPPED,0.0
95.4,PID,1.4005047537572515,1.4986330491075934,1.64326475294415,0.6561942872027353,0.8643343952684382,0.0443343952684383,-0.012163641709334705,0.0,0.0,0.45,-0.04515665887733586,0.0,0.0,0.0,0.0,0.0,0.0,-0.9005403657045356,-0.880506481589912,0.0,0.0,0.0,0.0,160.18478630590522,SETTLED,STOPPED,0.0
95.45,PID,1.4189426304390709,1.4801951724257738,1.6433580413035664,0.6558802435783498,0.8767185892662555,0.056718589266255504,-0.0044380327353215066,0.0,0.0,0.45,0.01926825966607683,0.0,0.0,0.0,0.0,0.0,0.0,0.0,0.0,0.0,0.0,0.0,0.0,160.18478630590522,SETTLED,STOPPED,0.0
95.5,PID,1.4243301439252687,1.4748076589395762,1.643451767024994,0.6555668289039475,0.8543169075666324,0.034316907566632415,-0.019201156367796957,0.0,0.0,0.45,-0.08353815693880727,0.0,0.0,0.0,0.0,0.0,0.0,0.0,0.0,0.0,0.0,0.0,0.0,160.18478630590522,SETTLED,STOPPED,0.0
95.55,PID,1.4243301439252687,1.4748076589395762,1.6435431700476653,0.655253903285052,0.8480388100242371,0.028038810024237137,-0.023651069645209688,0.0,0.0,0.45,-0.09278339159881047,0.0,0.0,0.0,0.0,0.0,0.0,0.0,0.0,0.0,0.0,0.0,0.0,160.18478630590522,SETTLED,STOPPED,0.0
95.6,PID,1.4243301439252687,1.4748076589395762,1.6436358207852444,0.6549424446077776,0.8483647265352173,0.028364726535217377,-0.02363618243709187,0.0,0.0,0.45,-0.07093701279875902,0.0,0.0,0.0,0.0,0.0,0.0,0.0,0.0,0.0,0.0,0.0,0.0,160.18478630590522,SETTLED,STOPPED,0.0
95.65,PID,1.4129802081270446,1.4861575947378003,1.643730061318023,0.6546258569616057,0.8486895484064465,0.028689548406446552,-0.02363042274921745,0.0,0.0,0.45,-0.05390165374962359,0.0,0.0,0.0,0.0,0.0,0.0,0.0,0.0,0.0,0.0,0.0,0.0,160.18478630590522,SETTLED,STOPPED,0.0
95.7,PID,1.4029759275814608,1.496161875283384,1.6438239218358777,0.6543120662864788,0.8629545327980821,0.042954532798082146,-0.014311362002823236,0.0,0.0,0.45,0.020722641398493766,0.0,0.0,0.0,0.0,0.0,0.0,0.0,0.0,0.0,0.0,0.0,0.0,160.18478630590522,SETTLED,STOPPED,0.0
95.75,PID,1.390370335868965,1.5087674669958797,1.6439158843894557,0.6539977288337673,0.8756248381838546,0.055624838183854663,-0.006350604096255541,0.0,0.0,0.45,0.07191300398822738,0.0,0.0,0.0,0.0,0.0,0.0,0.0,0.0,0.0,0.0,0.0,0.0,160.18478630590522,SETTLED,STOPPED,0.0
95.8,PID,1.3987064830423506,1.5004313198224941,1.6440072153075511,0.6536831051386232,0.8915809836757863,0.07158098367578636,0.003357575990854178,0.0,0.0,0.45,0.1262991832753208,0.0,0.0,0.0,0.0,0.0,0.0,0.0,0.0,0.0,0.0,0.0,0.0,160.18478630590522,SETTLED,STOPPED,0.0
95.85,PID,1.4019450173802708,1.4971927854845741,1.6440995124340767,0.6533700894325477,0.8815639445441076,0.06156394454410763,-0.0030174872431214528,0.0,0.0,0.45,0.05443839077536132,0.0,0.0,0.0,0.0,0.0,0.0,0.0,0.0,0.0,0.0,0.0,0.0,160.18478630590522,SETTLED,STOPPED,0.0
95.9,PID,1.4130162824199983,1.4861215204448466,1.6441912912819343,0.6530571145961497,0.8778812800414839,0.05788128004148396,-0.005535747687215098,0.0,0.0,0.45,0.026258220993236776,0.0,0.0,0.0,0.0,0.0,0.0,0.0,0.0,0.0,0.0,0.0,0.0,160.18478630590522,SETTLED,STOPPED,0.0
95.95,PID,1.4243301439252687,1.4748076589395762,1.6442842539188747,0.6527420864291926,0.8645450763345764,0.044545076334576494,-0.014306345581107216,0.0,0.0,0.45,-0.03819788393567151,0.0,0.0,0.0,0.0,0.0,0.0,0.0,0.0,0.0,0.0,0.0,0.0,160.18478630590522,SETTLED,STOPPED,0.0
96.0,PID,1.4243301439252687,1.4748076589395762,1.6443777428030137,0.6524272233897992,0.850982735435863,0.03098273543586305,-0.023556403833445705,0.0,0.0,0.45,-0.08946864942416632,0.0,0.0,0.0,0.0,0.0,0.0,0.0,0.0,0.0,0.0,0.0,0.0,160.18478630590522,SETTLED,STOPPED,0.0
96.05,PID,1.4243301439252687,1.4748076589395762,1.6444697624799267,0.6521148617970935,0.8513110633293226,0.03131106332932265,-0.023550309829940996,0.0,0.0,0.45,-0.0683409038196274,0.0,0.0,0.0,0.0,0.0,0.0,0.0,0.0,0.0,0.0,0.0,0.0,160.18478630590522,SETTLED,STOPPED,0.0
96.1,PID,1.4243301439252687,1.4748076589395762,1.6445614757570417,0.6518015208100221,0.8516365951082143,0.03163659510821437,-0.023537221704007294,0.0,0.0,0.45,-0.05187356515218573,0.0,0.0,0.0,0.0,0.0,0.0,0.0,0.0,0.0,0.0,0.0,0.0,160.18478630590522,SETTLED,STOPPED,0.0
96.15,PID,1.4093225970375944,1.4898152058272505,1.644654641656683,0.6514843953237597,0.8519629938672919,0.031962993867291956,-0.023532642959338546,0.0,0.0,0.45,-0.03902522627876342,0.0,0.0,0.0,0.0,0.0,0.0,0.0,0.0,0.0,0.0,0.0,0.0,160.18478630590522,SETTLED,STOPPED,0.0
96.2,PID,1.3955190331573744,1.5036187697074705,1.6447461085953765,0.6511737064978862,0.870735160117036,0.05073516011703605,-0.011334314094059605,0.0,0.0,0.45,0.05215785500144324,0.0,0.0,0.0,0.0,0.0,0.0,0.0,0.0,0.0,0.0,0.0,0.0,160.18478630590522,SETTLED,STOPPED,0.0
96.25,PID,1.399091386418115,1.5000464164467298,1.6448389140090078,0.6508624581930229,0.8881310268883594,0.06813102688835948,-0.0005700304562592517,0.0,0.0,0.45,0.11722494069495318,0.0,0.0,0.0,0.0,0.0,0.0,0.0,0.0,0.0,0.0,0.0,0.0,160.18478630590522,SETTLED,STOPPED,0.0
96.3,PID,1.4126147514106817,1.4865230514541632,1.6449331439380424,0.6505475471083948,0.8840278515253182,0.0640278515253182,-0.0033185344850199527,0.0,0.0,0.45,0.07338148214468083,0.0,0.0,0.0,0.0,0.0,0.0,0.0,0.0,0.0,0.0,0.0,0.0,160.18478630590522,SETTLED,STOPPED,0.0
96.35,PID,1.3987224544442456,1.500415348420599,1.6450255269172391,0.6502332653612415,0.8676559683265359,0.04765596832653596,-0.013950854107602106,0.0,0.0,0.45,-0.014798730001794907,0.0,0.0,0.0,0.0,0.0,0.0,0.0,0.0,0.0,0.0,0.0,0.0,160.18478630590522,SETTLED,STOPPED,0.0
96.4,PID,1.409949508425028,1.489188294439817,1.6451161240586625,0.6499210359315265,0.8851411061886038,0.0651411061886038,-0.0030300922608781367,0.0,0.0,0.45,0.06539159719170286,0.0,0.0,0.0,0.0,0.0,0.0,0.0,0.0,0.0,0.0,0.0,0.0,160.18478630590522,SETTLED,STOPPED,0.0
96.45,PID,1.4231402991803048,1.4759975036845399,1.6452084015116568,0.6496082388973251,0.8715921456235131,0.05159214562351311,-0.011816032082102135,0.0,0.0,0.45,-0.008609980676874213,0.0,0.0,0.0,0.0,0.0,0.0,0.0,0.0,0.0,0.0,0.0,0.0,160.18478630590522,SETTLED,STOPPED,0.0
96.5,PID,1.4243301439252687,1.4748076589395762,1.6453000684608927,0.6492947653852034,0.8557064093651521,0.035706409365152125,-0.022501455830407524,0.0,0.0,0.45,-0.07661302446475418,0.0,0.0,0.0,0.0,0.0,0.0,0.0,0.0,0.0,0.0,0.0,0.0,160.18478630590522,SETTLED,STOPPED,0.0
96.55,PID,1.4243301439252687,1.4748076589395762,1.645392210845386,0.6489794701075322,0.8545754764640702,0.03457547646407022,-0.02347893981556215,0.0,0.0,0.45,-0.06473426384726892,0.0,0.0,0.0,0.0,0.0,0.0,0.0,0.0,0.0,0.0,0.0,0.0,160.18478630590522,SETTLED,STOPPED,0.0
96.6,PID,1.4228989474002929,1.4762388554645518,1.645485167128959,0.6486683671356201,0.8549038746552787,0.03490387465527878,-0.023473489581082863,0.0,0.0,0.45,-0.04904777375955203,0.0,0.0,0.0,0.0,0.0,0.0,0.0,0.0,0.0,0.0,0.0,0.0,160.18478630590522,SETTLED,STOPPED,0.0
96.65,PID,1.407935297218085,1.4912025056467597,1.6455781549062123,0.6483555410200457,0.856981644124356,0.036981644124356006,-0.022273607730233458,0.0,0.0,0.45,-0.02911507786851026,0.0,0.0,0.0,0.0,0.0,0.0,0.0,0.0,0.0,0.0,0.0,0.0,160.18478630590522,SETTLED,STOPPED,0.0
96.7,PID,1.3986359519300053,1.5005018509348396,1.6456706987829182,0.6480406905264143,0.8757083610373061,0.05570836103730614,-0.01020844652755093,0.0,0.0,0.45,0.05968779367954729,0.0,0.0,0.0,0.0,0.0,0.0,0.0,0.0,0.0,0.0,0.0,0.0,160.18478630590522,SETTLED,STOPPED,0.0
96.75,PID,1.3920939901935183,1.5070438126713264,1.6457634672394037,0.6477270821890782,0.8875337718405771,0.06753377184057718,-0.0029631393355198377,0.0,0.0,0.45,0.09858828660444244,0.0,0.0,0.0,0.0,0.0,0.0,0.0,0.0,0.0,0.0,0.0,0.0,160.18478630590522,SETTLED,STOPPED,0.0
96.8,PID,1.4000445777594823,1.4990932251053624,1.6450447545679683,0.6501823395137389,0.8959762535198318,0.07597625351983184,0.0020187198707497522,0.05771056250710209,0.0046822425963672695,0.45,0.11404578294018769,0.056935651357403305,0.058485473656800874,0.5839553985374698,0.5998510118646243,0.5839553985374698,0.5998510118646243,0.5839553985374698,0.5998510118646243,0.623911032325041,0.640951471770829,0.0003156968985298179,1.2651782009943997,160.24804521595493,TRACKING,STOPPED,0.0
96.85,PID,1.4061426861215047,1.49299511674334,1.6440595583590547,0.6535530128036048,0.883558022040513,0.06355802204051308,-0.004299166335685056,0.07682650794151362,-0.004415484702704572,0.45,0.03431549218434078,0.07755727065981123,0.07609574522321601,0.7954591862544741,0.7804691817765744,0.7954591862544741,0.7804691817765744,0.2115037877170043,0.18061816991195012,0.3570025022315776,0.35020478489858403,0.0005784606103454177,0.707785747740507,160.28343450334197,TRACKING,STOPPED,0.0
96.9,PID,1.4182633683465409,1.480874434518304,1.6430723991120808,0.6569282605209521,0.8725064377768613,0.05250643777686137,-0.008877443733563917,0.07687471853630803,-0.01214869671910224,0.45,-0.0218608868562845,0.07888532784331946,0.07486410922929661,0.8090802855725072,0.7678370177363755,0.8090802855725072,0.7678370177363755,0.013621099318033125,-0.012632164040198957,0.11499463734667982,0.10894272016957827,0.0013528576433050228,0.22529021515956313,160.29469901409993,TRACKING,STOPPED,0.0
96.95,PID,1.4243301439252687,1.4748076589395762,1.643163587297194,0.656615750082566,0.8540646333613259,0.034064633361325924,-0.018091603263275413,0.0,0.0,0.45,-0.09819543117626249,0.0,0.0,0.0,0.0,0.0,0.0,-0.8090802855725072,-0.7678370177363755,0.0,0.0,0.0,0.0,160.29469901409993,SETTLED,STOPPED,0.0
97.0,PID,1.4243301439252687,1.4748076589395762,1.6432571831299474,0.6562990570020162,0.8469510467890643,0.026951046789064348,-0.02311194205027789,0.0,0.0,0.45,-0.10789221723543746,0.0,0.0,0.0,0.0,0.0,0.0,0.0,0.0,0.0,0.0,0.0,0.0,160.29469901409993,SETTLED,STOPPED,0.0
97.05,PID,1.4243301439252687,1.4748076589395762,1.6433506698966394,0.6559845714064015,0.8472811693533063,0.027281169353306378,-0.0230977658921363,0.0,0.0,0.45,-0.0827033901609762,0.0,0.0,0.0,0.0,0.0,0.0,0.0,0.0,0.0,0.0,0.0,0.0,160.29469901409993,SETTLED,STOPPED,0.0
97.1,PID,1.4243301439252687,1.4748076589395762,1.6434436115961017,0.6556711490908882,0.8476091313064866,0.02760913130648668,-0.023085815860193204,0.0,0.0,0.45,-0.06306561173156804,0.0,0.0,0.0,0.0,0.0,0.0,0.0,0.0,0.0,0.0,0.0,0.0,160.29469901409993,SETTLED,STOPPED,0.0
97.15,PID,1.395680173628584,1.503457629236261,1.6435356041093712,0.6553563820786136,0.8479359253397788,0.027935925339778844,-0.023081478993249416,0.0,0.0,0.45,-0.04775328340413746,0.0,0.0,0.0,0.0,0.0,0.0,0.0,0.0,0.0,0.0,0.0,0.0,160.29469901409993,SETTLED,STOPPED,0.0
97.2,PID,1.3986672847132997,1.500470518151545,1.643628042135943,0.6550444776703805,0.8835768443373633,0.06357684433736333,-0.00012143184013524433,0.0,0.0,0.45,0.1195724825341534,0.0,0.0,0.0,0.0,0.0,0.0,0.0,0.0,0.0,0.0,0.0,0.0,160.29469901409993,SETTLED,STOPPED,0.0
97.25,PID,1.3993897657130172,1.4997480371518277,1.6437221804310347,0.6547290395811434,0.880199387980209,0.060199387980209074,-0.002428925675866944,0.0,0.0,0.45,0.0784057284051601,0.0,0.0,0.0,0.0,0.0,0.0,0.0,0.0,0.0,0.0,0.0,0.0,160.29469901409993,SETTLED,STOPPED,0.0
97.3,PID,1.4169068097785344,1.4822309930863105,1.6438157585520528,0.6544142930783547,0.8796336937255766,0.0596336937255767,-0.0029970521803621697,0.0,0.0,0.45,0.058667413435642274,0.0,0.0,0.0,0.0,0.0,0.0,0.0,0.0,0.0,0.0,0.0,0.0,160.29469901409993,SETTLED,STOPPED,0.0
97.35,PID,1.3950713995151554,1.5040664033496896,1.6439104112208818,0.6540989552395275,0.8583520022960073,0.038352002296007326,-0.01692994634628131,0.0,0.0,0.45,-0.047878859810309586,0.0,0.0,0.0,0.0,0.0,0.0,0.0,0.0,0.0,0.0,0.0,0.0,160.29469901409993,SETTLED,STOPPED,0.0
97.4,PID,1.4165278063314726,1.482609996533372,1.6439971671291336,0.6537949685983958,0.8856441252521148,0.06564412525211483,0.0003369037196732094,0.0,0.0,0.45,0.08273983035483834,0.0,0.0,0.0,0.0,0.0,0.0,0.0,0.0,0.0,0.0,0.0,0.0,160.29469901409993,SETTLED,STOPPED,0.0
97.45,PID,1.4243301439252687,1.4748076589395762,1.6440900209973914,0.6534818565959564,0.8594630071344269,0.039463007134426964,-0.01659697947901173,0.0,0.0,0.45,-0.050659852041059245,0.0,0.0,0.0,0.0,0.0,0.0,0.0,0.0,0.0,0.0,0.0,0.0,160.29469901409993,SETTLED,STOPPED,0.0
97.5,PID,1.4243301439252687,1.4748076589395762,1.6441820093853639,0.6531700776704793,0.8502178998151858,0.030217899815185856,-0.023011667019270154,0.0,0.0,0.45,-0.0801931567966894,0.0,0.0,0.0,0.0,0.0,0.0,0.0,0.0,0.0,0.0,0.0,0.0,160.29469901409993,SETTLED,STOPPED,0.0
97.55,PID,1.4243301439252687,1.4748076589395762,1.644274305056068,0.6528549622294197,0.8505428605896446,0.030542860589644616,-0.023010805216969077,0.0,0.0,0.45,-0.0611208348937991,0.0,0.0,0.0,0.0,0.0,0.0,0.0,0.0,0.0,0.0,0.0,0.0,160.29469901409993,SETTLED,STOPPED,0.0
97.6,PID,1.416602444288442,1.4825353585764027,1.6443659011325422,0.6525398773257901,0.8508711239927169,0.030871123992716965,-0.022999214507160692,0.0,0.0,0.45,-0.046229892243644884,0.0,0.0,0.0,0.0,0.0,0.0,0.0,0.0,0.0,0.0,0.0,0.0,160.29469901409993,SETTLED,STOPPED,0.0
97.65,PID,1.4047870456621596,1.4943507572026853,1.644459624968087,0.6522229731660087,0.8606792034027605,0.040679203402760544,-0.016638350677778524,0.0,0.0,0.45,0.007096233454151196,0.0,0.0,0.0,0.0,0.0,0.0,0.0,0.0,0.0,0.0,0.0,0.0,160.29469901409993,SETTLED,STOPPED,0.0
97.7,PID,1.3933888660034628,1.505748936861382,1.6445521423595906,0.6519127380073917,0.875569614546827,0.05556961454682707,-0.007199321943460069,0.0,0.0,0.45,0.07105287112813438,0.0,0.0,0.0,0.0,0.0,0.0,0.0,0.0,0.0,0.0,0.0,0.0,160.29469901409993,SETTLED,STOPPED,0.0
97.75,PID,1.3962916589347523,1.5028461439300924,1.644646620190193,0.6515974974705544,0.8900108122171188,0.0700108122171188,0.0016109298021567131,0.0,0.0,0.45,0.11896250922923203,0.0,0.0,0.0,0.0,0.0,0.0,0.0,0.0,0.0,0.0,0.0,0.0,160.29469901409993,SETTLED,STOPPED,0.0
97.8,PID,1.401093994944791,1.498043807920054,1.6447389365720273,0.6512840623674717,0.886738092606485,0.066738092606485,-0.0006094880191083174,0.0,0.0,0.45,0.07839079091201145,0.0,0.0,0.0,0.0,0.0,0.0,0.0,0.0,0.0,0.0,0.0,0.0,160.29469901409993,SETTLED,STOPPED,0.0
97.85,PID,1.4103403548627387,1.488797448002106,1.6448308496362902,0.6509724890385495,0.8811157269444311,0.061115726944431126,-0.004313890337496851,0.0,0.0,0.45,0.03640640799833048,0.0,0.0,0.0,0.0,0.0,0.0,0.0,0.0,0.0,0.0,0.0,0.0,160.29469901409993,SETTLED,STOPPED,0.0
97.9,PID,1.4235104542730832,1.4756273485917615,1.644924672049814,0.6506573134005825,0.870020950323284,0.05002095032328402,-0.011579043210432793,0.0,0.0,0.45,-0.020420018894352264,0.0,0.0,0.0,0.0,0.0,0.0,0.0,0.0,0.0,0.0,0.0,0.0,160.29469901409993,SETTLED,STOPPED,0.0
97.95,PID,1.4243301439252687,1.4748076589395762,1.6450163543315401,0.6503430682787708,0.854166151750944,0.03416615175094406,-0.022273450650668325,0.0,0.0,0.45,-0.08568872845589455,0.0,0.0,0.0,0.0,0.0,0.0,0.0,0.0,0.0,0.0,0.0,0.0,160.29469901409993,SETTLED,STOPPED,0.0
98.0,PID,1.4243301439252687,1.4748076589395762,1.6451086336007088,0.650028139888372,0.8534894637410415,0.03348946374104156,-0.02294814744382867,0.0,0.0,0.45,-0.06981463543916894,0.0,0.0,0.0,0.0,0.0,0.0,0.0,0.0,0.0,0.0,0.0,0.0,160.29469901409993,SETTLED,STOPPED,0.0
98.05,PID,1.4243301439252687,1.4748076589395762,1.645201037843627,0.6497115856511946,0.8538175428917493,0.03381754289174932,-0.022940478278548948,0.0,0.0,0.45,-0.05301186737943755,0.0,0.0,0.0,0.0,0.0,0.0,0.0,0.0,0.0,0.0,0.0,0.0,160.29469901409993,SETTLED,STOPPED,0.0
98.1,PID,1.4171707753872889,1.481967027477556,1.6452926835092074,0.6493975014959588,0.8541472249771705,0.0341472249771706,-0.022929071972132453,0.0,0.0,0.45,-0.03989865538010758,0.0,0.0,0.0,0.0,0.0,0.0,0.0,0.0,0.0,0.0,0.0,0.0,160.29469901409993,SETTLED,STOPPED,0.0
98.15,PID,1.3937079150766756,1.5054298877881693,1.6453796323332786,0.6490920801237667,0.8632564048754036,0.04325640487540361,-0.017059084137925895,0.0,0.0,0.45,0.00895944035574361,0.0,0.0,0.0,0.0,0.0,0.0,0.0,0.0,0.0,0.0,0.0,0.0,160.29469901409993,SETTLED,STOPPED,0.0
98.2,PID,1.399091386418115,1.5000464164467298,1.6454746787181687,0.6487780054355438,0.8925542527501411,0.07255425275014116,0.001354719538753324,0.0,0.0,0.45,0.13589889412633258,0.0,0.0,0.0,0.0,0.0,0.0,0.0,0.0,0.0,0.0,0.0,0.0,160.29469901409993,SETTLED,STOPPED,0.0
98.25,PID,1.407785103195485,1.4913526996693596,1.6455670702890273,0.6484621447367561,0.8862068800850754,0.06620688008507547,-0.0027603305960686164,0.0,0.0,0.45,0.0780726976922488,0.0,0.0,0.0,0.0,0.0,0.0,0.0,0.0,0.0,0.0,0.0,0.0,160.29469901409993,SETTLED,STOPPED,0.0
98.3,PID,1.405363220740141,1.493774582124704,1.6456608259382002,0.6481471178785291,0.8757880745188682,0.05578807451886825,-0.0095359176815617,0.0,0.0,0.45,0.015053959708639673,0.0,0.0,0.0,0.0,0.0,0.0,0.0,0.0,0.0,0.0,0.0,0.0,160.29469901409993,SETTLED,STOPPED,0.0
98.35,PID,1.4045161541829319,1.494621648681913,1.645754058810566,0.6478324237800477,0.8791067895036064,0.05910678950360648,-0.007636183942592467,0.0,0.0,0.45,0.026344434505588016,0.0,0.0,0.0,0.0,0.0,0.0,0.0,0.0,0.0,0.0,0.0,0.0,160.29469901409993,SETTLED,STOPPED,0.0
98.4,PID,1.4207254750727067,1.4784123277921382,1.6458460458028827,0.6475184010303765,0.8804815262338179,0.06048152623381797,-0.006969908795711577,0.0,0.0,0.45,0.026597500527289552,0.0,0.0,0.0,0.0,0.0,0.0,0.0,0.0,0.0,0.0,0.0,0.0,160.29469901409993,SETTLED,STOPPED,0.0
98.45,PID,1.4243301439252687,1.4748076589395762,1.645937372606206,0.6472060549141964,0.8608507355491194,0.040850735549119443,-0.019914533956532532,0.0,0.0,0.45,-0.06562942860139258,0.0,0.0,0.0,0.0,0.0,0.0,0.0,0.0,0.0,0.0,0.0,0.0,160.29469901409993,SETTLED,STOPPED,0.0
98.5,PID,1.4243301439252687,1.4748076589395762,1.6460319767342573,0.6468891814033019,0.8567579464405491,0.036757946440549194,-0.02286786993601342,0.0,0.0,0.45,-0.06919922638679633,0.0,0.0,0.0,0.0,0.0,0.0,0.0,0.0,0.0,0.0,0.0,0.0,160.29469901409993,SETTLED,STOPPED,0.0
98.55,PID,1.4243301439252687,1.4748076589395762,1.6461243919035753,0.6465741457701684,0.8570885065830991,0.037088506583099146,-0.022857693551924463,0.0,0.0,0.45,-0.05252093195448127,0.0,0.0,0.0,0.0,0.0,0.0,0.0,0.0,0.0,0.0,0.0,0.0,160.29469901409993,SETTLED,STOPPED,0.0
98.6,PID,1.410305941176591,1.4888318616882539,1.6462161069128427,0.6462620651603148,0.857416725270275,0.037416725270275064,-0.02285856354530358,0.0,0.0,0.45,-0.03952216470092127,0.0,0.0,0.0,0.0,0.0,0.0,0.0,0.0,0.0,0.0,0.0,0.0,160.29469901409993,SETTLED,STOPPED,0.0
98.65,PID,1.401638794106234,1.4974990087586106,1.6463089907192638,0.6459483906937681,0.8749728386177702,0.05497283861777025,-0.011517689654076513,0.0,0.0,0.45,0.04641961026226461,0.0,0.0,0.0,0.0,0.0,0.0,0.0,0.0,0.0,0.0,0.0,0.0,160.29469901409993,SETTLED,STOPPED,0.0
98.7,PID,1.38967916608592,1.5094586367789247,1.6464025532740219,0.6456354554146622,0.8860033635586684,0.06600336355866843,-0.004729126189247701,0.0,0.0,0.45,0.08474160574452114,0.0,0.0,0.0,0.0,0.0,0.0,0.0,0.0,0.0,0.0,0.0,0.0,160.29469901409993,SETTLED,STOPPED,0.0
98.75,PID,1.3994408717325828,1.4996969311322619,1.6456250503317615,0.6482922203315573,0.9011644612342453,0.08116446123424537,0.00436037728026295,0.061920818324114724,0.009043961407881218,0.45,0.13280728225326882,0.06042404271111038,0.06341759393711907,0.6197337713960039,0.6504368608935289,0.6197337713960039,0.6504368608935289,0.6197337713960039,0.6504368608935289,0.7042465977153722,0.7392564767729745,0.0011778226264403924,1.444680897114787,160.36693305895568,FOLLOWING,STOPPED,0.0
98.8,PID,1.4037278620139064,1.4954099408509383,1.6445802461071306,0.6518554948971204,0.8862824783138746,0.06628247831387468,-0.003495282250703502,0.08067726360783097,-0.0021877541206100377,0.45,0.03810895530791494,0.08103933691479193,0.08031519030087,0.8311726863055582,0.8237455415473847,0.8311726863055582,0.8237455415473847,0.21143891490955424,0.17330868065385574,0.3684017915181905,0.365073139658919,0.0003538401397772816,0.7338287713168868,160.40362449752152,TRACKING,STOPPED,0.0
98.85,PID,1.415244838212043,1.4838929646528018,1.6435201592452529,0.6554876503374858,0.8772650535681007,0.05726505356810074,-0.0067432233298869715,0.08227053650988687,-0.008381320027159567,0.45,-0.009951683741233928,0.08365764497438179,0.08088342804539196,0.8580271279423772,0.8295736209783791,0.8580271279423772,0.8295736209783791,0.02685444163681905,0.005828079430994393,0.14353072697778288,0.1386294003507575,0.0007475077147982289,0.28290763504333855,160.4177698792737,TRACKING,STOPPED,0.0
98.9,PID,1.4243301439252687,1.4748076589395762,1.6436128194116268,0.6551722514533933,0.8592816691741263,0.039281669174126344,-0.015572002846171884,0.0,0.0,0.45,-0.08688920465165431,0.0,0.0,0.0,0.0,0.0,0.0,-0.8580271279423772,-0.8295736209783791,0.0,0.0,0.0,0.0,160.4177698792737,SETTLED,STOPPED,0.0
98.95,PID,1.4243301439252687,1.4748076589395762,1.6437036541342454,0.6548604565639333,0.848461603711975,0.028461603711975036,-0.02305139857645866,0.0,0.0,0.45,-0.11538186766175881,0.0,0.0,0.0,0.0,0.0,0.0,0.0,0.0,0.0,0.0,0.0,0.0,160.4177698792737,SETTLED,STOPPED,0.0
99.0,PID,1.4243301439252687,1.4748076589395762,1.6437968355897703,0.6545478399307394,0.8487862815014457,0.0287862815014458,-0.023046541357208516,0.0,0.0,0.45,-0.08856927450250045,0.0,0.0,0.0,0.0,0.0,0.0,0.0,0.0,0.0,0.0,0.0,0.0,160.4177698792737,SETTLED,STOPPED,0.0
99.05,PID,1.4243301439252687,1.4748076589395762,1.6438894171126937,0.6542328054179286,0.8491123597207682,0.0291123597207682,-0.023035730679718425,0.0,0.0,0.45,-0.06764928994693171,0.0,0.0,0.0,0.0,0.0,0.0,0.0,0.0,0.0,0.0,0.0,0.0,160.4177698792737,SETTLED,STOPPED,0.0
99.1,PID,1.4035283519782784,1.4956094508865665,1.6439814774154062,0.6539234989093872,0.849440618686594,0.02944061868659409,-0.023021909604879376,0.0,0.0,0.45,-0.05132210670897275,0.0,0.0,0.0,0.0,0.0,0.0,0.0,0.0,0.0,0.0,0.0,0.0,160.4177698792737,SETTLED,STOPPED,0.0
99.15,PID,1.3968561666326011,1.5022816362322438,1.6440739209109112,0.6536085621412007,0.8753587534766609,0.05535875347666097,-0.006200344446950945,0.0,0.0,0.45,0.07400854984330202,0.0,0.0,0.0,0.0,0.0,0.0,0.0,0.0,0.0,0.0,0.0,0.0,160.4177698792737,SETTLED,STOPPED,0.0
99.2,PID,1.399091386418115,1.5000464164467298,1.6441638645401504,0.65329506104821,0.8839471730355565,0.06394717303555653,-0.0010085058110149703,0.0,0.0,0.45,0.09551571493691817,0.0,0.0,0.0,0.0,0.0,0.0,0.0,0.0,0.0,0.0,0.0,0.0,160.4177698792737,SETTLED,STOPPED,0.0
99.25,PID,1.4161804406779532,1.4829573621868917,1.644256018509757,0.6529815674117474,0.8815034755473775,0.06150347554737756,-0.002738800385249318,0.0,0.0,0.45,0.06374998870280811,0.0,0.0,0.0,0.0,0.0,0.0,0.0,0.0,0.0,0.0,0.0,0.0,160.4177698792737,SETTLED,STOPPED,0.0
99.3,PID,1.3938196317017475,1.5053181711630974,1.644349023111218,0.6526673691213225,0.8607428704996305,0.040742870499630546,-0.0162963310516151,0.0,0.0,0.45,-0.041621671021901736,0.0,0.0,0.0,0.0,0.0,0.0,0.0,0.0,0.0,0.0,0.0,0.0,160.4177698792737,SETTLED,STOPPED,0.0
99.35,PID,1.4139609088507084,1.4851768940141366,1.6444375373172835,0.6523553235339602,0.8886947542224393,0.06869475422243931,0.0013017730257782745,0.0,0.0,0.45,0.0905233849832822,0.0,0.0,0.0,0.0,0.0,0.0,0.0,0.0,0.0,0.0,0.0,0.0,160.4177698792737,SETTLED,STOPPED,0.0
99.4,PID,1.4243301439252687,1.4748076589395762,1.6445318862292229,0.6520385864335803,0.8641245538268121,0.04412455382681213,-0.01448764866400798,0.0,0.0,0.45,-0.03750064145380563,0.0,0.0,0.0,0.0,0.0,0.0,0.0,0.0,0.0,0.0,0.0,0.0,160.4177698792737,SETTLED,STOPPED,0.0
99.45,PID,1.4243301439252687,1.4748076589395762,1.644622766422668,0.6517220169650279,0.851726337497012,0.031726337497012036,-0.02297251992227123,0.0,0.0,0.45,-0.0838026521850919,0.0,0.0,0.0,0.0,0.0,0.0,0.0,0.0,0.0,0.0,0.0,0.0,160.4177698792737,SETTLED,STOPPED,0.0
99.5,PID,1.4243301439252687,1.4748076589395762,1.6447164879351113,0.6514073617634499,0.8520556399387519,0.032055639938751934,-0.02296503943363959,0.0,0.0,0.45,-0.06391713796071605,0.0,0.0,0.0,0.0,0.0,0.0,0.0,0.0,0.0,0.0,0.0,0.0,160.4177698792737,SETTLED,STOPPED,0.0
99.55,PID,1.4202246804498395,1.4789131224150054,1.6448104780108501,0.6510922546948471,0.8523838278708471,0.03238382787084715,-0.02296280850656407,0.0,0.0,0.45,-0.048411340708139496,0.0,0.0,0.0,0.0,0.0,0.0,0.0,0.0,0.0,0.0,0.0,0.0,160.4177698792737,SETTLED,STOPPED,0.0
99.6,PID,1.4065981637428582,1.4925396391219865,1.6449047897275766,0.6507751971435751,0.8577448160723975,0.03774481607239755,-0.019565600017742435,0.0,0.0,0.45,-0.014172497665525717,0.0,0.0,0.0,0.0,0.0,0.0,0.0,0.0,0.0,0.0,0.0,0.0,160.4177698792737,SETTLED,STOPPED,0.0
99.65,PID,1.3964073961379606,1.502730406726884,1.644998845665271,0.650459268435572,0.8748470859341345,0.054847085934134565,-0.008608940119521735,0.0,0.0,0.45,0.06419543921253709,0.0,0.0,0.0,0.0,0.0,0.0,0.0,0.0,0.0,0.0,0.0,0.0,160.4177698792737,SETTLED,STOPPED,0.0
99.7,PID,1.3938768348271542,1.5052609680376907,1.6450914746084488,0.6501442596492019,0.8877858987066972,0.06778589870669727,-0.0006895422330244205,0.0,0.0,0.45,0.10700321878505806,0.0,0.0,0.0,0.0,0.0,0.0,0.0,0.0,0.0,0.0,0.0,0.0,160.4177698792737,SETTLED,STOPPED,0.0
99.75,PID,1.4004902889178914,1.4986475139469535,1.6451851392705303,0.6498291013207071,0.8912538247915739,0.07125382479157394,0.0012393517184772218,0.0,0.0,0.45,0.09872138542580351,0.0,0.0,0.0,0.0,0.0,0.0,0.0,0.0,0.0,0.0,0.0,0.0,160.4177698792737,SETTLED,STOPPED,0.0
99.8,PID,1.4079255307551404,1.4912122721097043,1.6452769878646372,0.6495137812133072,0.8833845523906568,0.06338455239065688,-0.0038279539128072138,0.0,0.0,0.45,0.04237788206808971,0.0,0.0,0.0,0.0,0.0,0.0,0.0,0.0,0.0,0.0,0.0,0.0,160.4177698792737,SETTLED,STOPPED,0.0
99.85,PID,1.4204919241385854,1.4786458787262593,1.6453688715951862,0.6492005823146285,0.8745239069169428,0.054523906916942866,-0.00964498863442187,0.0,0.0,0.45,-0.005932092071233894,0.0,0.0,0.0,0.0,0.0,0.0,0.0,0.0,0.0,0.0,0.0,0.0,160.4177698792737,SETTLED,STOPPED,0.0
99.9,PID,1.4243301439252687,1.4748076589395762,1.6454626980498095,0.648885092330686,0.8593888184266635,0.03938881842666353,-0.019747881171168213,0.0,0.0,0.45,-0.0712214211727953,0.0,0.0,0.0,0.0,0.0,0.0,0.0,0.0,0.0,0.0,0.0,0.0,160.4177698792737,SETTLED,STOPPED,0.0
99.95,PID,1.4243301439252687,1.4748076589395762,1.6455558165183468,0.6485685739405302,0.8550132703809102,0.03501327038091029,-0.02290130221191866,0.0,0.0,0.45,-0.07480511991609569,0.0,0.0,0.0,0.0,0.0,0.0,0.0,0.0,0.0,0.0,0.0,0.0,160.4177698792737,SETTLED,STOPPED,0.0
100.0,PID,1.4243301439252687,1.4748076589395762,1.6456469737176267,0.6482545407577487,0.8553431029676457,0.035343102967645756,-0.022900387031874248,0.0,0.0,0.45,-0.0568967301529185,0.0,0.0,0.0,0.0,0.0,0.0,0.0,0.0,0.0,0.0,0.0,0.0,160.4177698792737,SETTLED,STOPPED,0.0
100.05,PID,1.4243301439252687,1.4748076589395762,1.6457404181068156,0.6479385999700737,0.8556700277124598,0.03567002771245986,-0.02289139153618369,0.0,0.0,0.45,-0.042940980642094284,0.0,0.0,0.0,0.0,0.0,0.0,0.0,0.0,0.0,0.0,0.0,0.0,160.4177698792737,SETTLED,STOPPED,0.0
100.1,PID,1.3918967969959768,1.507241005868868,1.645833571515888,0.6476239976459758,0.855999386795492,0.03599938679549208,-0.022877651892958983,0.0,0.0,0.45,-0.032044784935491684,0.0,0.0,0.0,0.0,0.0,0.0,0.0,0.0,0.0,0.0,0.0,0.0,160.4177698792737,SETTLED,STOPPED,0.0
100.15,PID,1.399091386418115,1.5000464164467298,1.6450381135439565,0.6503403221890846,0.8963399390184797,0.0763399390184798,0.0027252327825462164,0.06318328417557195,0.01840251845140741,0.45,0.1525034975314725,0.060137667371864025,0.06622890097927987,0.6167965884293746,0.6792707792746654,0.6167965884293746,0.6792707792746654,0.6167965884293746,0.6792707792746654,0.7134250914996974,0.7859412268700826,0.004876598669103497,1.5042429170388836,160.49298202512563,TRACKING,STOPPED,0.0
100.2,PID,1.4029554549802885,1.4961823478845562,1.6439345790342668,0.6541021426696714,0.8845847835015563,0.06458478350155639,-0.0036890682855106327,0.08495950224100147,0.004206447856010768,0.45,0.0672300438000826,0.08426333512083169,0.08565566936117126,0.8642393345726327,0.8785196857556027,0.8642393345726327,0.8785196857556027,0.24744274614325812,0.1992489064809373,0.4252146924181303,0.43231604633583526,0.0008598964423649344,0.8583906351963305,160.53590155688545,TRACKING,STOPPED,0.0
100.25,PID,1.4120039870360361,1.4871338158288085,1.6427917223875892,0.657999311109388,0.8758824180474027,0.05588241804740279,-0.00693432682726125,0.08773141997750494,-0.004684498605286873,0.45,0.014149026165786442,0.08850670449667992,0.08695613545832996,0.9077610717608197,0.8918577995726149,0.9077610717608197,0.8918577995726149,0.04352173718818697,0.01333811381701222,0.16933356243476033,0.16628186858844782,0.0005997546186858925,0.336215185641894,160.55271231616754,TRACKING,STOPPED,0.0
100.3,PID,1.3990827999408357,1.5000550029240092,1.6428853374466201,0.6576873623775452,0.8606549864521887,0.04065498645218879,-0.013949232591346394,0.0,0.0,0.45,-0.055964458609632,0.0,0.0,0.0,0.0,0.0,0.0,-0.9077610717608197,-0.8918577995726149,0.0,0.0,0.0,0.0,160.55271231616754,SETTLED,STOPPED,0.0
100.35,PID,1.4183106509651084,1.4808271518997365,1.642977576308196,0.6573728537211126,0.8769395185154311,0.05693951851543111,-0.003700610556578887,0.0,0.0,0.45,0.027999663362757318,0.0,0.0,0.0,0.0,0.0,0.0,0.0,0.0,0.0,0.0,0.0,0.0,160.55271231616754,SETTLED,STOPPED,0.0
100.4,PID,1.4243301439252687,1.4748076589395762,1.6430721487529116,0.6570564532155373,0.8535526981575106,0.03355269815751061,-0.01907643966642425,0.0,0.0,0.45,-0.08106227215190534,0.0,0.0,0.0,0.0,0.0,0.0,0.0,0.0,0.0,0.0,0.0,0.0,160.55271231616754,SETTLED,STOPPED,0.0
100.45,PID,1.4243301439252687,1.4748076589395762,1.6431657792295842,0.6567389158350168,0.8465016828920874,0.02650168289208743,-0.024059326762881916,0.0,0.0,0.45,-0.09425303944634991,0.0,0.0,0.0,0.0,0.0,0.0,0.0,0.0,0.0,0.0,0.0,0.0,160.55271231616754,SETTLED,STOPPED,0.0
100.5,PID,1.4243301439252687,1.4748076589395762,1.643258754236804,0.6564253425918073,0.846832630289904,0.026832630289904014,-0.024052912295825957,0.0,0.0,0.45,-0.07206120221775988,0.0,0.0,0.0,0.0,0.0,0.0,0.0,0.0,0.0,0.0,0.0,0.0,160.55271231616754,SETTLED,STOPPED,0.0
100.55,PID,1.4139281773379884,1.4852096255268563,1.6433530349433911,0.6561086687646209,0.8471595789009765,0.027159578900976533,-0.02404601338362955,0.0,0.0,0.45,-0.05476916384113355,0.0,0.0,0.0,0.0,0.0,0.0,0.0,0.0,0.0,0.0,0.0,0.0,160.55271231616754,SETTLED,STOPPED,0.0
100.6,PID,1.4034499121869328,1.495687890677912,1.643446455226798,0.6557925676474772,0.8602581948411264,0.04025819484112647,-0.015478839359570395,0.0,0.0,0.45,0.014913962340578839,0.0,0.0,0.0,0.0,0.0,0.0,0.0,0.0,0.0,0.0,0.0,0.0,160.55271231616754,SETTLED,STOPPED,0.0
100.65,PID,1.3911603102114183,1.5079774926534266,1.6435409795407303,0.6554764584323732,0.8735115879709235,0.05351158797092359,-0.007112054177277338,0.0,0.0,0.45,0.06994782039676213,0.0,0.0,0.0,0.0,0.0,0.0,0.0,0.0,0.0,0.0,0.0,0.0,160.55271231616754,SETTLED,STOPPED,0.0
100.7,PID,1.3980745035683881,1.5010632992964568,1.6436335464091574,0.655161177467801,0.8890748087754354,0.06907480877543548,0.0023848678577700344,0.0,0.0,0.45,0.1230374714493307,0.0,0.0,0.0,0.0,0.0,0.0,0.0,0.0,0.0,0.0,0.0,0.0,160.55271231616754,SETTLED,STOPPED,0.0
100.75,PID,1.4015397061031998,1.497598096761645,1.6437271151917359,0.6548471047310069,0.8808232758250072,0.06082327582500724,-0.0029121524195325765,0.0,0.0,0.45,0.059662482748591615,0.0,0.0,0.0,0.0,0.0,0.0,0.0,0.0,0.0,0.0,0.0,0.0,160.55271231616754,SETTLED,STOPPED,0.0
100.8,PID,1.412226308077545,1.4869114947872997,1.6438198846279222,0.6545348245430781,0.8768602942827566,0.05686029428275663,-0.005607260701042893,0.0,0.0,0.45,0.029099617757997784,0.0,0.0,0.0,0.0,0.0,0.0,0.0,0.0,0.0,0.0,0.0,0.0,160.55271231616754,SETTLED,STOPPED,0.0
100.85,PID,1.4243301439252687,1.4748076589395762,1.6439143561144731,0.6542179902926568,0.8639945056921676,0.043994505692167674,-0.014079216206368095,0.0,0.0,0.45,-0.03391176794735634,0.0,0.0,0.0,0.0,0.0,0.0,0.0,0.0,0.0,0.0,0.0,0.0,160.55271231616754,SETTLED,STOPPED,0.0
100.9,PID,1.4243301439252687,1.4748076589395762,1.644007852362774,0.6539032671473447,0.8494613767163369,0.029461376716336973,-0.023982205575823645,0.0,0.0,0.45,-0.09039694649259668,0.0,0.0,0.0,0.0,0.0,0.0,0.0,0.0,0.0,0.0,0.0,0.0,160.55271231616754,SETTLED,STOPPED,0.0
100.95,PID,1.4243301439252687,1.4748076589395762,1.6441024443324253,0.6535870380515214,0.8497895716282514,0.029789571628251466,-0.02396733413047536,0.0,0.0,0.45,-0.06906556065180157,0.0,0.0,0.0,0.0,0.0,0.0,0.0,0.0,0.0,0.0,0.0,0.0,160.55271231616754,SETTLED,STOPPED,0.0
101.0,PID,1.4243301439252687,1.4748076589395762,1.6441985301529563,0.6532692022419887,0.8501195046568545,0.030119504656854534,-0.023957590448194566,0.0,0.0,0.45,-0.05241943198255164,0.0,0.0,0.0,0.0,0.0,0.0,0.0,0.0,0.0,0.0,0.0,0.0,160.55271231616754,SETTLED,STOPPED,0.0
101.05,PID,1.4113765303279728,1.487761272536872,1.6442911729762109,0.6529567768814195,0.8504513760912034,0.030451376091203408,-0.02395146262559389,0.0,0.0,0.45,-0.03942692263525515,0.0,0.0,0.0,0.0,0.0,0.0,0.0,0.0,0.0,0.0,0.0,0.0,160.55271231616754,SETTLED,STOPPED,0.0
101.1,PID,1.3950450485519024,1.5040927543129425,1.6443848158579555,0.6526418055848521,0.866687819648177,0.04668781964817703,-0.013363396759889623,0.0,0.0,0.45,0.04068735199518898,0.0,0.0,0.0,0.0,0.0,0.0,0.0,0.0,0.0,0.0,0.0,0.0,160.55271231616754,SETTLED,STOPPED,0.0
101.15,PID,1.399091386418115,1.5000464164467298,1.6444780527561627,0.6523264379165179,0.8872085649103045,0.06720856491030458,-0.0005736008392367431,0.0,0.0,0.45,0.12202741370961376,0.0,0.0,0.0,0.0,0.0,0.0,0.0,0.0,0.0,0.0,0.0,0.0,160.55271231616754,SETTLED,STOPPED,0.0
101.2,PID,1.4113507924627566,1.4877870104020883,1.6445708717109764,0.6520137058560083,0.8825212620757436,0.0625212620757436,-0.0036911064845401853,0.0,0.0,0.45,0.07455725022142926,0.0,0.0,0.0,0.0,0.0,0.0,0.0,0.0,0.0,0.0,0.0,0.0,160.55271231616754,SETTLED,STOPPED,0.0
101.25,PID,1.4004603979976427,1.498677404867202,1.6446647993468695,0.6516992468722237,0.8677030724599404,0.04770307245994043,-0.013343501454575746,0.0,0.0,0.45,-0.007045379136822814,0.0,0.0,0.0,0.0,0.0,0.0,0.0,0.0,0.0,0.0,0.0,0.0,160.55271231616754,SETTLED,STOPPED,0.0
101.3,PID,1.4085275546086122,1.4906102482562327,1.64475329699587,0.6513905177130644,0.8814804534185093,0.061480453418509384,-0.004760878649845868,0.0,0.0,0.45,0.05512508049098504,0.0,0.0,0.0,0.0,0.0,0.0,0.0,0.0,0.0,0.0,0.0,0.0,160.55271231616754,SETTLED,STOPPED,0.0
101.35,PID,1.4225083197063424,1.4766294831585025,1.6448392512884955,0.6510909307600823,0.8718327577576785,0.051832757757678594,-0.011097187675171094,0.0,0.0,0.45,0.0005477018753104398,0.0,0.0,0.0,0.0,0.0,0.0,0.0,0.0,0.0,0.0,0.0,0.0,160.55271231616754,SETTLED,STOPPED,0.0
101.4,PID,1.4243301439252687,1.4748076589395762,1.6449311440516396,0.6507771593642847,0.8549531827148591,0.03495318271485914,-0.022424977144350544,0.0,0.0,0.45,-0.07384292272566766,0.0,0.0,0.0,0.0,0.0,0.0,0.0,0.0,0.0,0.0,0.0,0.0,160.55271231616754,SETTLED,STOPPED,0.0
101.45,PID,1.4243301439252687,1.4748076589395762,1.6450245979666085,0.6504634975194586,0.8530481026806517,0.033048102680651725,-0.023931719336523827,0.0,0.0,0.45,-0.06597983187653389,0.0,0.0,0.0,0.0,0.0,0.0,0.0,0.0,0.0,0.0,0.0,0.0,160.55271231616754,SETTLED,STOPPED,0.0
101.5,PID,1.4238469166112369,1.475290886253608,1.6451176876761893,0.650150089772603,0.8533752624209597,0.033375262420959784,-0.023922053537915655,0.0,0.0,0.45,-0.0500247660063409,0.0,0.0,0.0,0.0,0.0,0.0,0.0,0.0,0.0,0.0,0.0,0.0,160.55271231616754,SETTLED,STOPPED,0.0
101.55,PID,1.408409281823557,1.490728521041288,1.645211963305543,0.6498348478540623,0.8542939120378804,0.03429391203788046,-0.023518376593202772,0.0,0.0,0.45,-0.0349772591704947,0.0,0.0,0.0,0.0,0.0,0.0,0.0,0.0,0.0,0.0,0.0,0.0,160.55271231616754,SETTLED,STOPPED,0.0
101.6,PID,1.3994259262724587,1.4997118765923863,1.6453049416764771,0.6495202618788826,0.8736004118379087,0.05360041183790876,-0.011005823939106651,0.0,0.0,0.45,0.057666336967143475,0.0,0.0,0.0,0.0,0.0,0.0,0.0,0.0,0.0,0.0,0.0,0.0,160.55271231616754,SETTLED,STOPPED,0.0
101.65,PID,1.3914620107195559,1.507675792145289,1.645397662570561,0.6492044246320938,0.8850323564396978,0.06503235643969785,-0.0039853407254388795,0.0,0.0,0.45,0.09528029908224678,0.0,0.0,0.0,0.0,0.0,0.0,0.0,0.0,0.0,0.0,0.0,0.0,160.55271231616754,SETTLED,STOPPED,0.0
101.7,PID,1.3998865828909919,1.499251219973853,1.644670308333282,0.6516837258195364,0.8952409754479351,0.07524097544793518,0.002094097524869998,0.058208048356446905,0.005440472648601392,0.45,0.11923655692039929,0.05730765013310338,0.05910844657979043,0.5877707705959321,0.6062404777414403,0.5877707705959321,0.6062404777414403,0.5877707705959321,0.6062404777414403,0.6327050246324113,0.6526538975833505,0.00042622189401861403,1.2857851441097803,160.61700157337302,TRACKING,STOPPED,0.0
101.75,PID,1.4055107066475423,1.4936270962173026,1.6436797699917822,0.6550581700045504,0.882207305222777,0.062207305222777065,-0.004610533877119849,0.076891539989755,-0.004438475577181039,0.45,0.035656365407212495,0.07762610769777846,0.07615697228173153,0.7961652071567021,0.7810971516075028,0.7961652071567021,0.7810971516075028,0.20839443656077006,0.17485667386606252,0.35178373605954794,0.34505533323916177,0.0006314035741685823,0.6974704728728782,160.65187509701667,TRACKING,STOPPED,0.0
101.8,PID,1.4174733940040876,1.4816644088607573,1.642688128155914,0.6584476459548776,0.8717352503735758,0.05173525037357585,-0.008817958552824523,0.07717720964278421,-0.011881126467849492,0.45,-0.01826507631886223,0.0791435360732133,0.07521088321235513,0.81172857510988,0.7713936739728731,0.81172857510988,0.7713936739728731,0.015563367953177809,-0.009703477634629754,0.11848483975117244,0.11241062773913316,0.00127334990142849,0.2321688173917341,160.66348353788626,TRACKING,STOPPED,0.0
101.85,PID,1.4243301439252687,1.4748076589395762,1.642782848034512,0.6581314608470406,0.8534679344933314,0.03346793449333141,-0.01791143279686902,0.0,0.0,0.45,-0.09462294940179264,0.0,0.0,0.0,0.0,0.0,0.0,-0.81172857510988,-0.7713936739728731,0.0,0.0,0.0,0.0,160.66348353788626,SETTLED,STOPPED,0.0
101.9,PID,1.4243301439252687,1.4748076589395762,1.6428771733938952,0.6578153083187785,0.8453884293409267,0.025388429340926777,-0.023587713066367977,0.0,0.0,0.45,-0.10935572320398065,0.0,0.0,0.0,0.0,0.0,0.0,0.0,0.0,0.0,0.0,0.0,0.0,160.66348353788626,SETTLED,STOPPED,0.0
101.95,PID,1.4243301439252687,1.4748076589395762,1.6429716628313578,0.6574977494028731,0.8457182184761406,0.025718218476140642,-0.023582179376530954,0.0,0.0,0.45,-0.08384639190416382,0.0,0.0,0.0,0.0,0.0,0.0,0.0,0.0,0.0,0.0,0.0,0.0,160.66348353788626,SETTLED,STOPPED,0.0
102.0,PID,1.4243301439252687,1.4748076589395762,1.6430648928241536,0.657184133843417,0.8460494087324071,0.02604940873240713,-0.02357895263041687,0.0,0.0,0.45,-0.06394294855767514,0.0,0.0,0.0,0.0,0.0,0.0,0.0,0.0,0.0,0.0,0.0,0.0,160.66348353788626,SETTLED,STOPPED,0.0
102.05,PID,1.3977341069189624,1.5014036959458825,1.6431583818825644,0.6568703135045604,0.8463764642087633,0.026376464208763384,-0.023565590203302955,0.0,0.0,0.45,-0.04843645577901902,0.0,0.0,0.0,0.0,0.0,0.0,0.0,0.0,0.0,0.0,0.0,0.0,160.66348353788626,SETTLED,STOPPED,0.0
102.1,PID,1.3981933001078277,1.500944502757017,1.6432510996267324,0.656555905980707,0.879471266613748,0.05947126661374802,-0.0021501841733388982,0.0,0.0,0.45,0.10783669507430584,0.0,0.0,0.0,0.0,0.0,0.0,0.0,0.0,0.0,0.0,0.0,0.0,160.66348353788626,SETTLED,STOPPED,0.0
102.15,PID,1.399091386418115,1.5000464164467298,1.643345090136993,0.6562393969633622,0.8792300196597665,0.0592300196597666,-0.0025076373813432973,0.0,0.0,0.45,0.08305113556044025,0.0,0.0,0.0,0.0,0.0,0.0,0.0,0.0,0.0,0.0,0.0,0.0,160.66348353788626,SETTLED,STOPPED,0.0
102.2,PID,1.4186447533319315,1.4804930495329134,1.6434391668281016,0.655923632620143,0.8784475840423227,0.05844758404232275,-0.0032040238874784244,0.0,0.0,0.45,0.06133716902039029,0.0,0.0,0.0,0.0,0.0,0.0,0.0,0.0,0.0,0.0,0.0,0.0,160.66348353788626,SETTLED,STOPPED,0.0
102.25,PID,1.3936494456987396,1.5054883571661053,1.6435319427032407,0.6556086173869892,0.8546620686838473,0.03466206868384736,-0.01882232841147169,0.0,0.0,0.45,-0.05681327574139326,0.0,0.0,0.0,0.0,0.0,0.0,0.0,0.0,0.0,0.0,0.0,0.0,160.66348353788626,SETTLED,STOPPED,0.0
102.3,PID,1.4158958268575101,1.4832419760073348,1.6436260661951227,0.6552918594563113,0.885853731942369,0.0658537319423691,0.000987662562804248,0.0,0.0,0.45,0.09292896325921671,0.0,0.0,0.0,0.0,0.0,0.0,0.0,0.0,0.0,0.0,0.0,0.0,160.66348353788626,SETTLED,STOPPED,0.0
102.35,PID,1.4243301439252687,1.4748076589395762,1.6437210544347216,0.6549752911264916,0.858698117737322,0.03869811773732201,-0.016561034167093203,0.0,0.0,0.45,-0.047000111160024935,0.0,0.0,0.0,0.0,0.0,0.0,0.0,0.0,0.0,0.0,0.0,0.0,160.66348353788626,SETTLED,STOPPED,0.0
102.4,PID,1.4243301439252687,1.4748076589395762,1.6438147133879557,0.6546619765391071,0.8486798471321066,0.028679847132106695,-0.02350401215039466,0.0,0.0,0.45,-0.08074047736776935,0.0,0.0,0.0,0.0,0.0,0.0,0.0,0.0,0.0,0.0,0.0,0.0,160.66348353788626,SETTLED,STOPPED,0.0
102.45,PID,1.4243301439252687,1.4748076589395762,1.6439080453883659,0.6543463066884648,0.8490067235259992,0.0290067235259992,-0.023494305226427814,0.0,0.0,0.45,-0.061539316213732986,0.0,0.0,0.0,0.0,0.0,0.0,0.0,0.0,0.0,0.0,0.0,0.0,160.66348353788626,SETTLED,STOPPED,0.0
102.5,PID,1.417550413499386,1.481587389365459,1.644001659928173,0.6540311048100765,0.8493357906909728,0.029335790690972807,-0.02348816199962811,0.0,0.0,0.45,-0.04655277112082778,0.0,0.0,0.0,0.0,0.0,0.0,0.0,0.0,0.0,0.0,0.0,0.0,160.66348353788626,SETTLED,STOPPED,0.0
102.55,PID,1.4052610302676314,1.4938767725972133,1.6440954935397922,0.6537134512554076,0.8579799363133502,0.03797993631335028,-0.017885452642378175,0.0,0.0,0.45,0.0017230792642173864,0.0,0.0,0.0,0.0,0.0,0.0,0.0,0.0,0.0,0.0,0.0,0.0,160.66348353788626,SETTLED,STOPPED,0.0
102.6,PID,1.394178840345916,1.5049589625189288,1.6441855651331636,0.6533996251120369,0.8734508042097137,0.05345080420971371,-0.008029286066643548,0.0,0.0,0.45,0.0694158205700925,0.0,0.0,0.0,0.0,0.0,0.0,0.0,0.0,0.0,0.0,0.0,0.0,160.66348353788626,SETTLED,STOPPED,0.0
102.65,PID,1.3956596794607898,1.503478123404055,1.6442797109720921,0.6530862049222037,0.8875002352471302,0.06750023524713022,0.0005678031296294517,0.0,0.0,0.45,0.11596183660930834,0.0,0.0,0.0,0.0,0.0,0.0,0.0,0.0,0.0,0.0,0.0,0.0,160.66348353788626,SETTLED,STOPPED,0.0
102.7,PID,1.4009360000763003,1.4982018027885444,1.6443712229534124,0.6527731813530256,0.8859900310319099,0.06599003103190992,-0.0005629296740687906,0.0,0.0,0.45,0.08380533400829081,0.0,0.0,0.0,0.0,0.0,0.0,0.0,0.0,0.0,0.0,0.0,0.0,160.66348353788626,SETTLED,STOPPED,0.0
102.75,PID,1.4097083753887762,1.4894294274760687,1.6444660247436427,0.6524566656685364,0.8797785299037428,0.05977852990374288,-0.004633474113221903,0.0,0.0,0.45,0.0380375555625303,0.0,0.0,0.0,0.0,0.0,0.0,0.0,0.0,0.0,0.0,0.0,0.0,160.66348353788626,SETTLED,STOPPED,0.0
102.8,PID,1.42272047993063,1.4764173229342148,1.6445593242532308,0.6521419878361108,0.8692724302187148,0.04927243021871486,-0.011544446176213308,0.0,0.0,0.45,-0.0165575452753523,0.0,0.0,0.0,0.0,0.0,0.0,0.0,0.0,0.0,0.0,0.0,0.0,160.66348353788626,SETTLED,STOPPED,0.0
102.85,PID,1.4243301439252687,1.4748076589395762,1.6446522241041677,0.6518279870062921,0.8536054714570888,0.03360547145708881,-0.0220974813369319,0.0,0.0,0.45,-0.08184950386593333,0.0,0.0,0.0,0.0,0.0,0.0,0.0,0.0,0.0,0.0,0.0,0.0,160.66348353788626,SETTLED,STOPPED,0.0
102.9,PID,1.4243301439252687,1.4748076589395762,1.6447419178403475,0.6515164459476832,0.8519608907865273,0.03196089078652731,-0.02342536752932145,0.0,0.0,0.45,-0.07107876796589901,0.0,0.0,0.0,0.0,0.0,0.0,0.0,0.0,0.0,0.0,0.0,0.0,160.66348353788626,SETTLED,STOPPED,0.0
102.95,PID,1.4243301439252687,1.4748076589395762,1.6448365437239947,0.6511991763735246,0.8522850294766736,0.032285029476673666,-0.023415895657220576,0.0,0.0,0.45,-0.05401522877675718,0.0,0.0,0.0,0.0,0.0,0.0,0.0,0.0,0.0,0.0,0.0,0.0,160.66348353788626,SETTLED,STOPPED,0.0
103.0,PID,1.4192247086776673,1.4799130941871776,1.6449290782866908,0.650882630167732,0.852615977393662,0.032615977393662066,-0.023416096919640417,0.0,0.0,0.45,-0.04067570761112156,0.0,0.0,0.0,0.0,0.0,0.0,0.0,0.0,0.0,0.0,0.0,0.0,160.66348353788626,SETTLED,STOPPED,0.0
103.05,PID,1.3932339304712036,1.505903872393641,1.6450215856942596,0.6505696529253133,0.859205431042486,0.03920543104248608,-0.01920529572336971,0.0,0.0,0.45,-0.0027334558818474936,0.0,0.0,0.0,0.0,0.0,0.0,0.0,0.0,0.0,0.0,0.0,0.0,160.66348353788626,SETTLED,STOPPED,0.0
103.1,PID,1.399091386418115,1.5000464164467298,1.6451152993801539,0.6502567262705056,0.8916241642733883,0.07162416427338836,0.0012687465484264582,0.0,0.0,0.45,0.14051033062813706,0.0,0.0,0.0,0.0,0.0,0.0,0.0,0.0,0.0,0.0,0.0,0.0,160.66348353788626,SETTLED,STOPPED,0.0
103.15,PID,1.40652114424756,1.4926166586172849,1.645209606683094,0.6499393876082995,0.8846865452118937,0.06468654521189376,-0.0032130823392715335,0.0,0.0,0.45,0.07907253401936896,0.0,0.0,0.0,0.0,0.0,0.0,0.0,0.0,0.0,0.0,0.0,0.0,160.66348353788626,SETTLED,STOPPED,0.0
103.2,PID,1.407101164293538,1.4920366385713069,1.6453041844932046,0.649621736839744,0.8758294155684601,0.055829415568460106,-0.009003838966771704,0.0,0.0,0.45,0.022705206103997483,0.0,0.0,0.0,0.0,0.0,0.0,0.0,0.0,0.0,0.0,0.0,0.0,160.66348353788626,SETTLED,STOPPED,0.0
103.25,PID,1.403094200366516,1.4960436024983288,1.6453965112384403,0.649307834564526,0.8754447700978295,0.055444770097829554,-0.00946074763545135,0.0,0.0,0.45,0.016017620690343515,0.0,0.0,0.0,0.0,0.0,0.0,0.0,0.0,0.0,0.0,0.0,0.0,160.66348353788626,SETTLED,STOPPED,0.0
103.3,PID,1.420093495598744,1.4790443072661008,1.6454905021418718,0.648990181368071,0.8807223572456426,0.06072235724564268,-0.00631791013969929,0.0,0.0,0.45,0.035715127588847005,0.0,0.0,0.0,0.0,0.0,0.0,0.0,0.0,0.0,0.0,0.0,0.0,160.66348353788626,SETTLED,STOPPED,0.0
103.35,PID,1.4243301439252687,1.4748076589395762,1.6455821924316307,0.6486783600706657,0.8601125870948204,0.04011258709482046,-0.01989256426338115,0.0,0.0,0.45,-0.06282518914432224,0.0,0.0,0.0,0.0,0.0,0.0,0.0,0.0,0.0,0.0,0.0,0.0,160.66348353788626,SETTLED,STOPPED,0.0
103.4,PID,1.4243301439252687,1.4748076589395762,1.6456748448962546,0.6483639315192102,0.8552438759897081,0.03524387598970813,-0.02336354410007746,0.0,0.0,0.45,-0.07042597639506683,0.0,0.0,0.0,0.0,0.0,0.0,0.0,0.0,0.0,0.0,0.0,0.0,160.66348353788626,SETTLED,STOPPED,0.0
103.45,PID,1.4243301439252687,1.4748076589395762,1.6457690792928497,0.6480464618410159,0.8555715699112514,0.03557156991125143,-0.023351585672765296,0.0,0.0,0.45,-0.05349040833336151,0.0,0.0,0.0,0.0,0.0,0.0,0.0,0.0,0.0,0.0,0.0,0.0,160.66348353788626,SETTLED,STOPPED,0.0
103.5,PID,1.4112539103875348,1.48788389247731,1.6458627856919825,0.6477309324115953,0.8559026107709756,0.035902610770975674,-0.023345261971117193,0.0,0.0,0.45,-0.04026593871723523,0.0,0.0,0.0,0.0,0.0,0.0,0.0,0.0,0.0,0.0,0.0,0.0,160.66348353788626,SETTLED,STOPPED,0.0
103.55,PID,1.402112778711706,1.4970250241531389,1.6459569629269684,0.6474155257190575,0.8722948587942039,0.052294858794203924,-0.012734928567733617,0.0,0.0,0.45,0.04071845910276493,0.0,0.0,0.0,0.0,0.0,0.0,0.0,0.0,0.0,0.0,0.0,0.0,160.66348353788626,SETTLED,STOPPED,0.0
103.6,PID,1.3890471866119576,1.5100906162528873,1.6460505885059014,0.6471003686713113,0.883909659413799,0.063909659413799,-0.005552586790294134,0.0,0.0,0.45,0.0828655208263779,0.0,0.0,0.0,0.0,0.0,0.0,0.0,0.0,0.0,0.0,0.0,0.0,160.66348353788626,SETTLED,STOPPED,0.0
103.65,PID,1.3992828768640921,1.4998549260007525,1.6452658892147976,0.649776372539,0.9004459539616855,0.08044595396168552,0.0043869075224789444,0.06233936641355852,0.009607587926809005,0.45,0.1373948022552796,0.06074931061167163,0.06392942221544541,0.6230698524274013,0.655686381696876,0.6230698524274013,0.655686381696876,0.6230698524274013,0.655686381696876,0.7122454641450919,0.7496584854443145,0.0013292027391077483,1.463233152328514,160.7366451955027,FOLLOWING,STOPPED,0.0
103.7,PID,1.403095882539944,1.496041920324901,1.6442234088440517,0.6533298727933309,0.8849526481234761,0.06495264812347612,-0.0038742200910844016,0.08063907389833472,-0.002389491783997215,0.45,0.03899740007099285,0.08103453478858626,0.08024361300808318,0.8311234337290898,0.8230114154675198,0.8311234337290898,0.8230114154675198,0.2080535813016885,0.16732503377064378,0.36227281233794456,0.3586968614702375,0.00041280369697343193,0.7213824775051555,160.77271431937794,TRACKING,STOPPED,0.0
103.75,PID,1.4144548638695897,1.4846829389952552,1.6431582842118662,0.656975025704282,0.8765307062484402,0.056530706248440254,-0.006740419307810885,0.08248403582358034,-0.008255972856883105,0.45,-0.006638572194785492,0.08385039933139449,0.08111767231576619,0.8600040957066101,0.8319761263155506,0.8600040957066101,0.8319761263155506,0.02888066197752026,0.008964710848030855,0.14735383237195213,0.14241158467700626,0.0006974425224456067,0.290462859571404,160.7872374623565,TRACKING,STOPPED,0.0
103.8,PID,1.4243301439252687,1.4748076589395762,1.6432509375733875,0.6566612591236167,0.8587232640383939,0.03872326403839399,-0.015440056702094473,0.0,0.0,0.45,-0.08353083203614071,0.0,0.0,0.0,0.0,0.0,0.0,-0.8600040957066101,-0.8319761263155506,0.0,0.0,0.0,0.0,160.7872374623565,SETTLED,STOPPED,0.0
103.85,PID,1.4243301439252687,1.4748076589395762,1.643342362696344,0.6563471749687964,0.8469296578957063,0.026929657895706338,-0.023570740885313413,0.0,0.0,0.45,-0.11704591601601838,0.0,0.0,0.0,0.0,0.0,0.0,0.0,0.0,0.0,0.0,0.0,0.0,160.7872374623565,SETTLED,STOPPED,0.0
103.9,PID,1.4243301439252687,1.4748076589395762,1.6434353624111506,0.6560351979777295,0.8472567000577289,0.027256700057728955,-0.023555951017417476,0.0,0.0,0.45,-0.08985682897959474,0.0,0.0,0.0,0.0,0.0,0.0,0.0,0.0,0.0,0.0,0.0,0.0,160.7872374623565,SETTLED,STOPPED,0.0
103.95,PID,1.4243301439252687,1.4748076589395762,1.6435295819399829,0.6557206874109931,0.8475821137785206,0.0275821137785206,-0.023557522893551175,0.0,0.0,0.45,-0.06865650623260058,0.0,0.0,0.0,0.0,0.0,0.0,0.0,0.0,0.0,0.0,0.0,0.0,160.7872374623565,SETTLED,STOPPED,0.0
104.0,PID,1.4055822852686568,1.493555517596188,1.643621618406593,0.6554094807084172,0.8479102903926998,0.027910290392699877,-0.023552016232027295,0.0,0.0,0.45,-0.05210809775903956,0.0,0.0,0.0,0.0,0.0,0.0,0.0,0.0,0.0,0.0,0.0,0.0,160.7872374623565,SETTLED,STOPPED,0.0
104.05,PID,1.3963821820271292,1.5027556208377157,1.6437148036029705,0.6550963869854657,0.871293006554873,0.05129300655487301,-0.008321945812574283,0.0,0.0,0.45,0.062239634861516784,0.0,0.0,0.0,0.0,0.0,0.0,0.0,0.0,0.0,0.0,0.0,0.0,160.7872374623565,SETTLED,STOPPED,0.0
104.1,PID,1.399091386418115,1.5000464164467298,1.6438081270421379,0.6547802878355952,0.8830060036209051,0.06300600362090514,-0.0011440219083842518,0.0,0.0,0.45,0.10008410228252738,0.0,0.0,0.0,0.0,0.0,0.0,0.0,0.0,0.0,0.0,0.0,0.0,160.7872374623565,SETTLED,STOPPED,0.0
104.15,PID,1.414916481730028,1.4842213211348168,1.6438995148367166,0.6544673118467033,0.879977903881058,0.05997790388105806,-0.0032425858153917186,0.0,0.0,0.45,0.06474196092504346,0.0,0.0,0.0,0.0,0.0,0.0,0.0,0.0,0.0,0.0,0.0,0.0,160.7872374623565,SETTLED,STOPPED,0.0
104.2,PID,1.3955575752551446,1.5035802276097003,1.6439873562665581,0.6541620056605646,0.8607699723970613,0.04076997239706137,-0.015782885879502828,0.0,0.0,0.45,-0.034016169008056325,0.0,0.0,0.0,0.0,0.0,0.0,0.0,0.0,0.0,0.0,0.0,0.0,160.7872374623565,SETTLED,STOPPED,0.0
104.25,PID,1.4125389550342924,1.4865988478305523,1.6440809193672117,0.6538499261959307,0.8850020745018681,0.06500207450186812,-0.000517144336002362,0.0,0.0,0.45,0.08008863743487182,0.0,0.0,0.0,0.0,0.0,0.0,0.0,0.0,0.0,0.0,0.0,0.0,160.7872374623565,SETTLED,STOPPED,0.0
104.3,PID,1.424291164339978,1.4748466385248669,1.6441723961578447,0.6535367723395481,0.8643393128458129,0.04433931284581294,-0.013856448386991405,0.0,0.0,0.45,-0.028447014087447944,0.0,0.0,0.0,0.0,0.0,0.0,0.0,0.0,0.0,0.0,0.0,0.0,160.7872374623565,SETTLED,STOPPED,0.0
104.35,PID,1.4243301439252687,1.4748076589395762,1.644264026702294,0.6532194719177922,0.8502338809992745,0.0302338809992746,-0.023458099564528823,0.0,0.0,0.45,-0.08425257111298162,0.0,0.0,0.0,0.0,0.0,0.0,0.0,0.0,0.0,0.0,0.0,0.0,160.7872374623565,SETTLED,STOPPED,0.0
104.4,PID,1.4243301439252687,1.4748076589395762,1.6443591393026455,0.6529022153858699,0.8505163501350932,0.03051635013509324,-0.023488364066611256,0.0,0.0,0.45,-0.06447414127052357,0.0,0.0,0.0,0.0,0.0,0.0,0.0,0.0,0.0,0.0,0.0,0.0,160.7872374623565,SETTLED,STOPPED,0.0
104.45,PID,1.4211726496607833,1.4779651532040616,1.6444517447412088,0.6525858828169576,0.850847411084968,0.030847411084968024,-0.023488784367109883,0.0,0.0,0.45,-0.04883316201155926,0.0,0.0,0.0,0.0,0.0,0.0,0.0,0.0,0.0,0.0,0.0,0.0,160.7872374623565,SETTLED,STOPPED,0.0
104.5,PID,1.4070721483483302,1.4920656545165145,1.6445455584617368,0.6522710006124811,0.8550464866220326,0.03504648662203269,-0.020868752302752203,0.0,0.0,0.45,-0.01961393400593064,0.0,0.0,0.0,0.0,0.0,0.0,0.0,0.0,0.0,0.0,0.0,0.0,160.7872374623565,SETTLED,STOPPED,0.0
104.55,PID,1.397197370480414,1.501940432384431,1.6446382907984618,0.651957535951953,0.8727248599854857,0.052724859985485706,-0.009484624340131642,0.0,0.0,0.45,0.06248597427457179,0.0,0.0,0.0,0.0,0.0,0.0,0.0,0.0,0.0,0.0,0.0,0.0,160.7872374623565,SETTLED,STOPPED,0.0
104.6,PID,1.3932448553531915,1.5058929475116534,1.6447334097300434,0.6516396508572598,0.8852671536183792,0.0652671536183792,-0.001779395557315988,0.0,0.0,0.45,0.10392515191890053,0.0,0.0,0.0,0.0,0.0,0.0,0.0,0.0,0.0,0.0,0.0,0.0,160.7872374623565,SETTLED,STOPPED,0.0
104.65,PID,1.4003322940494007,1.4988055088154442,1.6448251500932165,0.6513254177462494,0.8905027724984679,0.07050277249846792,0.0012401484215947,0.0,0.0,0.45,0.1040983415691341,0.0,0.0,0.0,0.0,0.0,0.0,0.0,0.0,0.0,0.0,0.0,0.0,160.7872374623565,SETTLED,STOPPED,0.0
104.7,PID,1.407293551281178,1.491844251583667,1.6449174291235487,0.6510099525621139,0.8820426641694339,0.062042664169433936,-0.00420288983167838,0.0,0.0,0.45,0.043972229776172926,0.0,0.0,0.0,0.0,0.0,0.0,0.0,0.0,0.0,0.0,0.0,0.0,160.7872374623565,SETTLED,STOPPED,0.0
104.75,PID,1.4197019497961323,1.4794358530687126,1.6450118140629186,0.6506943105673595,0.8737662305971274,0.053766230597127485,-0.009644858565580394,0.0,0.0,0.45,-0.0021179684927355724,0.0,0.0,0.0,0.0,0.0,0.0,0.0,0.0,0.0,0.0,0.0,0.0,160.7872374623565,SETTLED,STOPPED,0.0
104.8,PID,1.4243301439252687,1.4748076589395762,1.6451043665701952,0.6503802319588201,0.858823077940643,0.0388230779406431,-0.019622641598453727,0.0,0.0,0.45,-0.06740188711286876,0.0,0.0,0.0,0.0,0.0,0.0,0.0,0.0,0.0,0.0,0.0,0.0,160.7872374623565,SETTLED,STOPPED,0.0
104.85,PID,1.4243301439252687,1.4748076589395762,1.645197445675464,0.650063612286445,0.8534763264101597,0.03347632641015974,-0.023430783249861475,0.0,0.0,0.45,-0.07609917868216577,0.0,0.0,0.0,0.0,0.0,0.0,0.0,0.0,0.0,0.0,0.0,0.0,160.7872374623565,SETTLED,STOPPED,0.0
104.9,PID,1.4243301439252687,1.4748076589395762,1.6452863890020595,0.6497552690160885,0.8538062470327762,0.03380624703277624,-0.023421096314688805,0.0,0.0,0.45,-0.05790570863257663,0.0,0.0,0.0,0.0,0.0,0.0,0.0,0.0,0.0,0.0,0.0,0.0,160.7872374623565,SETTLED,STOPPED,0.0
104.95,PID,1.4243301439252687,1.4748076589395762,1.645378834236959,0.6494390115884998,0.854127103162576,0.034127103162576056,-0.023422101792737626,0.0,0.0,0.45,-0.043754685762290496,0.0,0.0,0.0,0.0,0.0,0.0,0.0,0.0,0.0,0.0,0.0,0.0,160.7872374623565,SETTLED,STOPPED,0.0
105.0,PID,1.3919398618596464,1.5071979410051985,1.6454684796338903,0.6491319309982073,0.8544565100218144,0.03445651002181449,-0.023414620594704116,0.0,0.0,0.45,-0.032679264713937395,0.0,0.0,0.0,0.0,0.0,0.0,0.0,0.0,0.0,0.0,0.0,0.0,160.7872374623565,SETTLED,STOPPED,0.0
105.05,PID,1.399091386418115,1.5000464164467298,1.6455607656597575,0.6488203945531554,0.8947368538066578,0.07473685380665784,0.002185465212918958,0.0,0.0,0.45,0.15174368617644965,0.0,0.0,0.0,0.0,0.0,0.0,0.0,0.0,0.0,0.0,0.0,0.0,160.7872374623565,SETTLED,STOPPED,0.0
105.1,PID,1.4016914960323634,1.4974463068324815,1.6456523116770476,0.6485067561111457,0.8861901010801918,0.06619010108019185,-0.003263832080976581,0.0,0.0,0.45,0.08075436322117824,0.0,0.0,0.0,0.0,0.0,0.0,0.0,0.0,0.0,0.0,0.0,0.0,160.7872374623565,SETTLED,STOPPED,0.0
105.15,PID,1.4137419305894332,1.4853958722754115,1.645746611423067,0.6481914071965836,0.8832979340794153,0.06329793407941531,-0.005266270240790405,0.0,0.0,0.45,0.05026286850910149,0.0,0.0,0.0,0.0,0.0,0.0,0.0,0.0,0.0,0.0,0.0,0.0,160.7872374623565,SETTLED,STOPPED,0.0
105.2,PID,1.39766084612442,1.501476956740425,1.6458365381801585,0.647883806716662,0.8687562881940151,0.04875628819401512,-0.014761829444066565,0.0,0.0,0.45,-0.024778204458665305,0.0,0.0,0.0,0.0,0.0,0.0,0.0,0.0,0.0,0.0,0.0,0.0,160.7872374623565,SETTLED,STOPPED,0.0
105.25,PID,1.4176786714911458,1.4814591313736991,1.6459306182135651,0.6475690869367414,0.8889389404761358,0.0689389404761358,-0.002148830813751612,0.0,0.0,0.45,0.0694766705635771,0.0,0.0,0.0,0.0,0.0,0.0,0.0,0.0,0.0,0.0,0.0,0.0,160.7872374623565,SETTLED,STOPPED,0.0
105.3,PID,1.4243301439252687,1.4748076589395762,1.6460234985693283,0.6472542437055134,0.8645643743490969,0.04456437434909699,-0.017921852187738896,0.0,0.0,0.45,-0.05305628791938671,0.0,0.0,0.0,0.0,0.0,0.0,0.0,0.0,0.0,0.0,0.0,0.0,160.7872374623565,SETTLED,STOPPED,0.0
105.35,PID,1.4243301439252687,1.4748076589395762,1.6461178089992246,0.6469427428545134,0.8567336800656887,0.03673368006568878,-0.023357106202348765,0.0,0.0,0.45,-0.07583895942411972,0.0,0.0,0.0,0.0,0.0,0.0,0.0,0.0,0.0,0.0,0.0,0.0,160.7872374623565,SETTLED,STOPPED,0.0
105.4,PID,1.4243301439252687,1.4748076589395762,1.6462098472983147,0.6466282288954207,0.8570589756040627,0.037058975604062794,-0.02334035025196113,0.0,0.0,0.45,-0.05772308798196764,0.0,0.0,0.0,0.0,0.0,0.0,0.0,0.0,0.0,0.0,0.0,0.0,160.7872374623565,SETTLED,STOPPED,0.0
105.45,PID,1.4148761465489323,1.4842616563159126,1.6463042784019106,0.646311353115224,0.8573865937353892,0.03738659373538922,-0.02332796646623536,0.0,0.0,0.45,-0.043582488848098414,0.0,0.0,0.0,0.0,0.0,0.0,0.0,0.0,0.0,0.0,0.0,0.0,160.7872374623565,SETTLED,STOPPED,0.0
105.5,PID,1.4039238967924048,1.49521390607244,1.6463972479009736,0.6459951625574629,0.8693213967498358,0.04932139674983582,-0.015630185905435523,0.0,0.0,0.45,0.018518791962051286,0.0,0.0,0.0,0.0,0.0,0.0,0.0,0.0,0.0,0.0,0.0,0.0,160.7872374623565,SETTLED,STOPPED,0.0
105.55,PID,1.3919502845538714,1.5071875183109733,1.6464893327153747,0.645680397682229,0.8831567246729064,0.06315672467290645,-0.00697785405907303,0.0,0.0,0.45,0.07532010059191423,0.0,0.0,0.0,0.0,0.0,0.0,0.0,0.0,0.0,0.0,0.0,0.0,160.7872374623565,SETTLED,STOPPED,0.0
105.6,PID,1.3974425240944255,1.5016952787704194,1.6457305537520703,0.6482538430518059,0.8983232413407737,0.07832324134077373,0.002181701212229381,0.06002649369530681,0.0074765742706831935,0.45,0.12548235180031292,0.05878912065350874,0.061263866737104884,0.602965340035987,0.6283473511497937,0.602965340035987,0.6283473511497937,0.602965340035987,0.6283473511497937,0.6667554608656319,0.6949184290175786,0.0008049479446806494,1.362478837827891,160.8553614042479,TRACKING,STOPPED,0.0
105.65,PID,1.4013817112347091,1.4977560916301356,1.6446569707331709,0.6519131179650572,0.8888246339254576,0.06882463392545768,-0.0023727201593701785,0.08284695392923505,-0.00018469803334746505,0.45,0.056082361776851074,0.08287752145375406,0.08281638640471604,0.8500258610641441,0.8493988349201645,0.8500258610641441,0.8493988349201645,0.24706052102815712,0.22105148377037087,0.43242881895475876,0.4321066399411681,2.0376315755912813e-05,0.8645558352116828,160.8985891960085,TRACKING,STOPPED,0.0
105.7,PID,1.411491220022412,1.487646582842433,1.643532144904769,0.6557518840539314,0.8801324831993341,0.060132483199334175,-0.0054229700588681595,0.08658641673568103,-0.006075976599249401,0.45,0.005498778990998245,0.08759199086285681,0.08558084260850525,0.898379393465198,0.877752231882105,0.898379393465198,0.877752231882105,0.04835353240105389,0.028353396961940502,0.18151655409136447,0.17724022588535854,0.0005154518981675775,0.3592722318748906,160.91655280760224,TRACKING,STOPPED,0.0
105.75,PID,1.4243301439252687,1.4748076589395762,1.6436208387865328,0.6554431052420049,0.8636502652652123,0.04365026526521232,-0.013155453466480171,0.0,0.0,0.45,-0.06823271129716167,0.0,0.0,0.0,0.0,0.0,0.0,-0.898379393465198,-0.877752231882105,0.0,0.0,0.0,0.0,160.91655280760224,SETTLED,STOPPED,0.0
105.8,PID,1.4243301439252687,1.4748076589395762,1.643714220170549,0.655127604214698,0.8482020282390017,0.028202028239001753,-0.023653648822606677,0.0,0.0,0.45,-0.12119375772711645,0.0,0.0,0.0,0.0,0.0,0.0,0.0,0.0,0.0,0.0,0.0,0.0,160.91655280760224,SETTLED,STOPPED,0.0
105.85,PID,1.4243301439252687,1.4748076589395762,1.643807815398175,0.6548117240890858,0.8485309452363976,0.028530945236397653,-0.023642775276740968,0.0,0.0,0.45,-0.09308389623860878,0.0,0.0,0.0,0.0,0.0,0.0,0.0,0.0,0.0,0.0,0.0,0.0,160.91655280760224,SETTLED,STOPPED,0.0
105.9,PID,1.4243301439252687,1.4748076589395762,1.6439012570901537,0.6544988842952975,0.8488602838197218,0.028860283819721833,-0.023631460300550078,0.0,0.0,0.45,-0.07115634929948839,0.0,0.0,0.0,0.0,0.0,0.0,0.0,0.0,0.0,0.0,0.0,0.0,160.91655280760224,SETTLED,STOPPED,0.0
105.95,PID,1.4134304636183512,1.4857073392464937,1.6439941218612824,0.6541819302777353,0.8491866458528801,0.02918664585288011,-0.02362456754811082,0.0,0.0,0.45,-0.05406595950770444,0.0,0.0,0.0,0.0,0.0,0.0,0.0,0.0,0.0,0.0,0.0,0.0,160.91655280760224,SETTLED,STOPPED,0.0
106.0,PID,1.3945710639464304,1.5045667389184143,1.6440878371179752,0.6538674240617566,0.8628986651183463,0.04289866511834639,-0.014679155173135783,0.0,0.0,0.45,0.018161436352045597,0.0,0.0,0.0,0.0,0.0,0.0,0.0,0.0,0.0,0.0,0.0,0.0,160.91655280760224,SETTLED,STOPPED,0.0
106.05,PID,1.399091386418115,1.5000464164467298,1.644181037146262,0.6535540662008231,0.8865370518999909,0.06653705189999093,0.000141611863379687,0.0,0.0,0.45,0.11817482219383746,0.0,0.0,0.0,0.0,0.0,0.0,0.0,0.0,0.0,0.0,0.0,0.0,160.91655280760224,SETTLED,STOPPED,0.0
106.1,PID,1.4100868335148313,1.4890509693500134,1.6442737973330612,0.6532370748144629,0.8812594600450447,0.06125946004504479,-0.0033295320088853053,0.0,0.0,0.45,0.06895495714942888,0.0,0.0,0.0,0.0,0.0,0.0,0.0,0.0,0.0,0.0,0.0,0.0,160.91655280760224,SETTLED,STOPPED,0.0
106.15,PID,1.4021983415510397,1.496939461313805,1.644366794862465,0.652921770929747,0.8680025347434679,0.04800253474346794,-0.011974314569530353,0.0,0.0,0.45,-0.004545604750386928,0.0,0.0,0.0,0.0,0.0,0.0,0.0,0.0,0.0,0.0,0.0,0.0,160.91655280760224,SETTLED,STOPPED,0.0
106.2,PID,1.4071056007921963,1.4920322020726484,1.6444602037881768,0.6526050311752007,0.8780725604757772,0.058072560475777246,-0.0057481878947946985,0.0,0.0,0.45,0.040762541516861664,0.0,0.0,0.0,0.0,0.0,0.0,0.0,0.0,0.0,0.0,0.0,0.0,160.91655280760224,SETTLED,STOPPED,0.0
106.25,PID,1.4218763402323797,1.4772614626324652,1.644554225411993,0.6522897132130431,0.872338915103684,0.05233891510368405,-0.009604201691330472,0.0,0.0,0.45,0.006566742745940591,0.0,0.0,0.0,0.0,0.0,0.0,0.0,0.0,0.0,0.0,0.0,0.0,160.91655280760224,SETTLED,STOPPED,0.0
106.3,PID,1.4243301439252687,1.4748076589395762,1.644650134453159,0.6519726365865506,0.8544962421732507,0.03449624217325076,-0.02153707474127997,0.0,0.0,0.45,-0.07338570155207727,0.0,0.0,0.0,0.0,0.0,0.0,0.0,0.0,0.0,0.0,0.0,0.0,160.91655280760224,SETTLED,STOPPED,0.0
106.35,PID,1.4243301439252687,1.4748076589395762,1.6447429372247377,0.6516561806016308,0.8518206221012226,0.031820622101222606,-0.023570085981879263,0.0,0.0,0.45,-0.06901357552754481,0.0,0.0,0.0,0.0,0.0,0.0,0.0,0.0,0.0,0.0,0.0,0.0,160.91655280760224,SETTLED,STOPPED,0.0
