t,mode,bill_x,bill_y,pioneer_x,pioneer_y,distance,error,heading_error,control_v,control_w,integral,derivative,wheel_left_linear,wheel_right_linear,wheel_left_omega,wheel_right_omega,u_left,u_right,du_left,du_right,wheel_left_power,wheel_right_power,yaw_power,total_power,energy_j,follower_state,bill_state,bill_speed
0.05,P,1.4495689014324225,1.4495689014324225,2.029633908195613,0.8695071952436333,-1.0,0.0,0.0,0.0,0.0,0.0,0.0,0.0,0.0,0.0,0.0,0.0,0.0,0.0,0.0,0.0,0.0,0.0,0.0,0.0,INIT,WALKING,0.3
0.1,P,1.4389232909268015,1.4601368986599792,2.029872641049262,0.8692709352917382,0.820333465767324,0.0003334657673240704,5.289094412841422e-05,2.100834331203152e-05,7.140277457335921e-06,1.667328836620352e-05,0.0,1.9826627392842424e-05,2.2190059231220615e-05,0.00020335002454197358,0.0002275903510894422,0.00020335002454197358,0.0002275903510894422,0.00020335002454197358,0.0002275903510894422,2.782625301554739e-05,3.1143312811019536e-05,7.341632952154492e-10,5.897029998986214e-05,2.948514999493107e-06,TRACKING,WALKING,0.3000251841279846
0.15,P,1.4281988306029143,1.4706284711865425,2.030074605636569,0.8690721453820407,0.8356696243595538,0.01566962435955388,0.00017903293292409472,0.0010050434106460826,3.059569565635511e-05,0.0008001545063438976,0.06747909780581116,0.000999979823014956,0.0010101069982772094,0.010256203312973906,0.010360071777202147,0.010256203312973906,0.010360071777202147,0.010052853288431932,0.010132481426112705,0.001562965400517401,0.0015788006009420767,1.0333941648620027e-08,0.0031417763354011263,0.00016003733176954941,TRACKING,WALKING,0.3001007259412669
0.2,P,1.4173942376402633,1.4810447579678936,2.030213083767055,0.8689367980681049,0.8509550291806108,0.030955029180610882,0.0004200378766889834,0.002804453565391919,8.424123944373237e-05,0.0023479059653744422,0.11988947750118349,0.0027905116402639814,0.002818395490519857,0.028620632207835707,0.028906620415588277,0.028620632207835707,0.028906620415588277,0.0183644288948618,0.01854654863838613,0.004740141511997963,0.00478755640479657,6.507600622965614e-08,0.009527762992800762,0.0006364254814095877,TRACKING,WALKING,0.30022659373226845
0.25,P,1.4065081846453857,1.4913868467052873,2.030263905522776,0.8688888242049746,0.8661541968615367,0.04615419686153677,0.0007862736372912238,0.0052914990340473325,0.00018196405653367434,0.00465561580845128,0.16039013024699705,0.005261383982691009,0.005321614085403656,0.05396291264298471,0.05458065728619134,0.05396291264298471,0.05458065728619134,0.025342280435149002,0.025674036870603063,0.009542484248259193,0.009651924880974813,2.5606137907561135e-07,0.019194665190613084,0.0015961587409402418,TRACKING,WALKING,0.3004027346698135
0.3,P,1.3955393013835373,1.5016557722374153,2.030206003461711,0.8689492119693497,0.8812349217683515,0.06123492176835155,0.0012572073720669152,0.008355571201584526,0.00033349064610934043,0.007717361896868857,0.19145949118264274,0.00830037849965343,0.008410763903515622,0.08513208717593261,0.08626424516426279,0.08513208717593261,0.08626424516426279,0.031169174532947902,0.03168358787807145,0.0158604529253504,0.016071964536325065,7.27670883748806e-07,0.03193314513255922,0.0031928159975682024,TRACKING,WALKING,0.3006290748213033
0.35,P,1.3435104504973097,1.5493762321927895,2.030022228707227,0.8691363055808473,0.8961692999277718,0.07616929992777188,0.0018284786726154856,0.011900893395026674,0.0005469862023014969,0.01152582689325745,0.21504966702391085,0.011810367178545776,0.011991419611507572,0.12113197106200796,0.12298891909238535,0.12113197106200796,0.12298891909238535,0.03599988388607535,0.036724673928122564,0.023531358660126133,0.02389346370455429,1.6816193782530269e-06,0.04742650398405868,0.005564141196771136,TRACKING,WALKING,0.3009055191837489
0.4,P,1.343100005126824,1.5492715108883792,2.029576493844327,0.8695842367327871,0.9664495741516799,0.14644957415167992,0.00489560514741294,0.01934197199413737,0.001153194276972094,0.018848305600841445,0.4769719468638459,0.019151118341298488,0.01953282564697625,0.19642172657742038,0.20033667330232052,0.19642172657742038,0.20033667330232052,0.07528975551541242,0.07734775420993517,0.050556375824195775,0.05156873760059526,1.0066689826047428e-05,0.10213518011461707,0.010670900202501988,FOLLOWING,WALKING,0.30123195172364686
0.45,P,1.3257832853608749,1.564341056367977,2.0289077955205137,0.8702559975501158,0.9660355895157129,0.14603558951571294,0.005271597233713621,0.02564079049864621,0.0017495404758262234,0.02615008507662709,0.3702165861555451,0.025351241549896972,0.02593033944739545,0.26001273384509715,0.26595219946046617,0.26001273384509715,0.26595219946046617,0.06359100726767677,0.06561552615814564,0.06224505134924151,0.06367639148075005,1.502397810000595e-05,0.12593646680809156,0.016967723542906564,FOLLOWING,WALKING,0.3016082354256828
0.5,P,1.3090196368071971,1.5786239895152663,2.0280019960630495,0.8711656244099781,0.9879970372736073,0.16799703727360737,0.0067358360671034845,0.03237824517131672,0.0024839242973025717,0.03454993694030746,0.38539930733606076,0.031967155700113145,0.03278933464252029,0.32786826359090404,0.3363008681284132,0.32786826359090404,0.3363008681284132,0.06785552974580689,0.07034866866794703,0.08093625188949173,0.08303490636661782,2.6267814975038627e-05,0.16399742607108458,0.025167594846460792,FOLLOWING,WALKING,0.3020342123502415
0.55,P,1.3113638236363112,1.576133431940873,2.0268446553934547,0.8723259919772886,1.0086788246407072,0.1886788246407073,0.008276176939975066,0.03940786725766794,0.0033528157544689486,0.043983878172342825,0.39161132413736705,0.03885297625030333,0.03996275826503255,0.39849206410567517,0.4098744437439236,0.39849206410567517,0.4098744437439236,0.07062380051477113,0.07357357561551042,0.10041202939634183,0.10330815347053089,4.195055471775711e-05,0.20376213342159047,0.03535570151754031,FOLLOWING,WALKING,0.3025097036997
0.6,P,1.3067403760793526,1.579778892564983,2.0254894650767525,0.8736836129124441,1.0036223060295086,0.1836223060295087,0.008305784921026405,0.0450644934287007,0.004138815143360618,0.053164993473818256,0.28320815093787244,0.044379519522474514,0.04574946733492688,0.4551745592048668,0.46922530599925005,0.4551745592048668,0.46922530599925005,0.056682495099191654,0.05935086225532643,0.10479575861968199,0.10807024824483484,4.6844728897205296e-05,0.21291285159341405,0.04600134409721102,FOLLOWING,WALKING,0.30303450989347475
0.65,P,1.2950175434702706,1.589402819292226,2.023954021690621,0.8752215457229001,1.0075568454842583,0.18755684548425833,0.008806880520948024,0.05012044244847234,0.00491386249935254,0.06254283574803118,0.2382143313324389,0.04930719820482949,0.05093368669211518,0.5057148533828666,0.5223967865857967,0.5057148533828666,0.5223967865857967,0.05054029417799977,0.05317148058654664,0.11169818483553351,0.1154350421299909,5.484205638476696e-05,0.22718806902190916,0.05736074754830649,FOLLOWING,WALKING,0.30360841065179334
0.7,P,1.2832004997913757,1.5989584851411915,2.022240513407497,0.876937265862305,1.0204916858051278,0.20049168580512788,0.009955803992895085,0.05523272631333591,0.005766509788458123,0.07256742003828759,0.24272047585112835,0.05427836894334609,0.05618708368332573,0.5567012199317547,0.5762777813674433,0.5567012199317547,0.5762777813674433,0.05098636654888811,0.05388099478164665,0.12363447492075523,0.12804980666356355,7.080190471770658e-05,0.25175508348903647,0.06994850172275832,FOLLOWING,WALKING,0.30423116508815334
0.75,P,1.271287564503911,1.608446358511084,2.0203403736917003,0.8788360300287115,1.0331963912125743,0.2131963912125744,0.011140752978267887,0.060378356494693884,0.006693860461678476,0.08322723959891631,0.24522267495664468,0.0592705225882861,0.06148619040110167,0.6079027957772933,0.630627593857453,0.6079027957772933,0.630627593857453,0.05120157584553864,0.0543498124900097,0.13551839781098243,0.14067037105001318,8.938880648036111e-05,0.276278157667476,0.08376240960613213,FOLLOWING,WALKING,0.3049025118104309
0.8,P,1.2549282917627762,1.6213473553405713,2.018257389300057,0.8809175197537435,1.0456631113223198,0.22566311132231986,0.0123527054482655,0.06553729438341148,0.0076920896510264715,0.09451039516503232,0.24612725494906293,0.06426425354616659,0.06681033522065637,0.6591205491914522,0.6852342073913473,0.6591205491914522,0.6852342073913473,0.051217753414158906,0.05460661353389429,0.14727991761889483,0.15322235582787602,0.00011056994520100203,0.3006128433919718,0.09879305177573072,FOLLOWING,WALKING,0.30562216903059636
0.85,P,1.2329793107984088,1.6384028315879717,2.015979760381733,0.8831900525822611,1.0634414194370163,0.24344141943701636,0.014099119765603074,0.07104198531048643,0.00882626185428024,0.10668246613688315,0.2702038145649336,0.06958123897360305,0.07250273164736981,0.7136537330625954,0.7436177604858442,0.7136537330625954,0.7436177604858442,0.05453318387114314,0.05838355309449683,0.16366837492131267,0.17067397484800292,0.00014415121229419738,0.3344865009816098,0.11551737682481122,FOLLOWING,WALKING,0.3063898346829909
0.9,P,1.2151935852952316,1.6518450519505739,2.013481112388908,0.8856792275566775,1.0878584676423748,0.26785846764237486,0.016545220454799114,0.07725846129894952,0.010177240430250098,0.1200753895190019,0.3181939874642255,0.07557412800774313,0.07894279459015591,0.7751192616178783,0.8096696881041631,0.7751192616178783,0.8096696881041631,0.06146552855528287,0.0660519276183189,0.1869264225272398,0.19542639030948622,0.00019798896648617464,0.38255080180321216,0.13464491691497185,FOLLOWING,WALKING,0.30720518655111373
0.95,P,1.193567108892388,1.667945290953317,2.010744591633513,0.8884028871532184,1.1064687281539032,0.28646872815390323,0.01855007671594988,0.08371411694108552,0.011663776743878324,0.13439882592669708,0.33007645647282063,0.08178376188997366,0.08564447199219738,0.83880781425614,0.8784048409456141,0.83880781425614,0.8784048409456141,0.06368855263826179,0.06873515284145104,0.20583354558172515,0.21575888228429738,0.000249676238647116,0.42184210410466966,0.15573702212020535,FOLLOWING,WALKING,0.3080678824028683
1.0,P,1.1850748303308833,1.6738006060884851,2.007767138089033,0.8913634039962297,1.1293650417918726,0.30936504179187263,0.021064565099900623,0.09064267318174625,0.013341115357977077,0.14986707801629073,0.3582034160558654,0.08843471859000104,0.09285062777349146,0.9070227547692414,0.9523141310101687,0.9070227547692414,0.9523141310101687,0.0682149405131014,0.0739092900645546,0.229844359719358,0.24158022353165085,0.0003222369784091642,0.471746820229418,0.17932436313167627,FOLLOWING,WALKING,0.3089775601342088
1.05,P,1.1764933044654495,1.6796719155128585,2.0045652470456106,0.8945424536298004,1.135354838128762,0.31535483812876197,0.02195607396670507,0.09690883847920859,0.014971073807684553,0.16563481992272883,0.3057537684058882,0.0944311257640368,0.09938655119438038,0.9685243668106338,1.0193492430192859,0.9685243668106338,1.0193492430192859,0.06150161204139237,0.06703511200911716,0.23546578490266723,0.2481330810388305,0.0003513920868580281,0.48395025802835573,0.20352187603309402,FOLLOWING,WALKING,0.30993383792112844
1.1,P,1.1678670662889834,1.6855247859299187,2.0011585879748015,0.8979192583375838,1.1411097291694878,0.3211097291694879,0.0227968792088431,0.10259716915303058,0.016551545120109916,0.18169030638120323,0.26380945993578675,0.09985788843565238,0.10533644987040877,1.0241834711348963,1.0803738448247053,1.0241834711348963,1.0803738448247053,0.055659104324262465,0.061024601805419465,0.23981882832410537,0.25334038789950425,0.0003766930882365271,0.4935359093118461,0.22819867149868633,FOLLOWING,WALKING,0.3109363143799243
1.15,P,1.1629340522237723,1.6886775046829987,1.997565062197955,0.9014754565580892,1.146602471307064,0.326602471307064,0.023584512406774838,0.10777782726371773,0.01808029978301353,0.19802042994655644,0.22993944415524853,0.104785537649629,0.11077011687780647,1.074723463073118,1.1361037628492971,1.074723463073118,1.1361037628492971,0.05053999193822167,0.05572991802459182,0.2432015133506585,0.25750980141877844,0.0003980209334396704,0.5011093357028766,0.2532541382838302,FOLLOWING,WALKING,0.31198456873567243
1.2,P,1.159468834945066,1.69082931742414,1.9938098775023225,0.9051837382770106,1.1472994323116248,0.32729943231162484,0.023788957323628512,0.11222518314495947,0.019483779043402028,0.2143854015621377,0.18241939486116157,0.10900061771327643,0.1154497485766425,1.1179550534695017,1.1840999854014616,1.1179550534695017,1.1840999854014616,0.0432315903963838,0.0479962225521644,0.240085954618665,0.2547608141827006,0.0003937691491402575,0.4952405379505058,0.2780161651813555,FOLLOWING,WALKING,0.31307816099884184
1.25,P,1.1465004516361565,1.6996495151259685,1.9899182782398843,0.9090198710249604,1.1460209209822299,0.3260209209822299,0.023677188028514706,0.11592496669839504,0.020731821522911312,0.2306864476112492,0.13666167814236832,0.11249385023635322,0.11935608316043686,1.1537830793472126,1.22416495549166,1.1537830793472126,1.22416495549166,0.035828025877710834,0.04006497009019849,0.23415216069559425,0.24895262157824793,0.00037258839271005347,0.4834773706665522,0.30219003371468317,FOLLOWING,WALKING,0.31421663214997386
1.3,P,1.1334166107768036,1.7084023373564774,1.9858525579290647,0.9129947394364315,1.156048815735842,0.336048815735842,0.0249322033432402,0.11970071729933368,0.02202448682195761,0.2474888883980413,0.15071884586694048,0.1160556647302997,0.12334576986836766,1.1903145100543557,1.2650848191627453,1.1903145100543557,1.2650848191627453,0.03653143070714315,0.040919863671085244,0.24328156798437597,0.25913098808988605,0.0004099721737542771,0.5028225282480163,0.327331160127084,FOLLOWING,WALKING,0.315399504332349
1.35,P,1.1202154911700883,1.7170873633022896,1.9816478308146703,0.9170971294326276,1.1658989196436842,0.34589891964368424,0.026127962196377474,0.12352980381399355,0.023349313036272808,0.26478383438022557,0.16090115697071944,0.1196654925064904,0.1273941151214967,1.2273383846819528,1.3066063089384277,1.2273383846819528,1.3066063089384277,0.03702387462759704,0.041521489775682374,0.25217441797057977,0.26908259101213516,0.0004454464607525634,0.5217024554434675,0.3534162828992574,FOLLOWING,WALKING,0.31662628105255997
1.4,P,1.1068952742085316,1.7257040916114996,1.9773020171258806,0.9213295396950489,1.175606247887606,0.355606247887606,0.02732880928413506,0.12739516131214587,0.02470377098600376,0.2825641467746059,0.16821514671041676,0.12330668721396225,0.13148363541032948,1.2646839714252538,1.34855010677261,1.2646839714252538,1.34855010677261,0.03734558674330102,0.04194379783418234,0.26086894600417077,0.2788467711602309,0.0004818271536046892,0.5401975443180063,0.38042616011515773,FOLLOWING,WALKING,0.31789644738890793
1.45,P,1.0883482700740859,1.7375687509684186,1.9728107250595488,0.9256921762917937,1.1851693203448943,0.36516932034489435,0.02853094322319283,0.13128219145632383,0.02608507122253442,0.30082261279185063,0.1732853332461939,0.1269651121689944,0.13559927074365327,1.3022062786563526,1.3907617512169566,1.3022062786563526,1.3907617512169566,0.03752230723109884,0.04221164444434655,0.26935594520249406,0.2884122332630091,0.0005188509367143239,0.5582870294022174,0.40834051158526863,FOLLOWING,WALKING,0.3192094702075333
1.5,P,1.049466220301524,1.7621580871362765,1.9681585848197574,0.9301974001328576,1.2005904409029589,0.3805904409029589,0.030582661640907727,0.1355558484618218,0.02760522342180352,0.3198521348369986,0.2030154903875152,0.13098718398551332,0.1401245129381303,1.343458297287316,1.4371744916731313,1.343458297287316,1.4371744916731313,0.04125201863096328,0.04641274045617472,0.28657739767659274,0.30737641877988325,0.0006042836317819607,0.5945581000882579,0.43806841658968154,FOLLOWING,WALKING,0.320564798386191
1.55,P,1.0415097628426302,1.766634865981244,1.9632828307776262,0.9349077104436182,1.2394168973123223,0.41941689731232235,0.03593922483298684,0.14162867304730048,0.029696496432076395,0.3408229797026147,0.3291884907034609,0.13671390288779184,0.14654344320680912,1.4021938757722239,1.5030096739159908,1.4021938757722239,1.5030096739159908,0.05873557848490796,0.06583518224285956,0.3401858758889919,0.3655539320520992,0.0008942901334281505,0.7066340980745192,0.47340012149340754,FOLLOWING,WALKING,0.3219618630455756
1.6,P,1.0287413679491917,1.7740569994646265,1.9582116200956783,0.9397942271161532,1.2415456697314864,0.42154566973148644,0.03625871844292883,0.14692429377477229,0.03162177377866415,0.36190026318918905,0.2661336213930215,0.14169089021440337,0.1521576973351412,1.4532398996349063,1.5605917675399097,1.4532398996349063,1.5605917675399097,0.05104602386268242,0.05758209362391886,0.3348449840292087,0.3605854164743162,0.0008766818598957812,0.6963070823634206,0.5082154756115786,FOLLOWING,WALKING,0.3234000777881009
1.65,P,1.0242312167164516,1.776350657890774,1.9529496542325309,0.9448497625467448,1.2489632992813735,0.42896329928137356,0.03728768248436909,0.15189155256522427,0.03349343353618757,0.38334842815325776,0.24022179470606006,0.14634838931498523,0.1574347158154633,1.5010091211793357,1.6147150340047518,1.5010091211793357,1.6147150340047518,0.04776922154442942,0.05412326646484211,0.33835271867556327,0.3650855610372449,0.0009027116883499311,0.704340991401158,0.5434325251816365,FOLLOWING,WALKING,0.3248788389440311
1.7,P,1.0107818695735202,1.7840180744318708,1.9475324497123292,0.9500334434890109,1.2465599364411764,0.4265599364411764,0.03685568579301002,0.1559628461981027,0.035119607764625166,0.4046764249753166,0.1767982033738594,0.15015055111305722,0.16177514128314816,1.5400056524416126,1.659232218288699,1.5400056524416126,1.659232218288699,0.03899653126227687,0.04451718428394713,0.3253061281643557,0.3516781340612252,0.0008223926552592523,0.6778066548808402,0.5773228579256786,FOLLOWING,WALKING,0.3263975258248626
1.75,P,0.9826356509952532,1.8001353824065478,1.9419657463730817,0.9553423000556517,1.2542057303486112,0.4342057303486112,0.03788886684793358,0.15990374770003432,0.036722644012633684,0.42638671149274715,0.17154409182432345,0.15382615011594344,0.1659813452841252,1.577704103753266,1.7023727721448738,1.577704103753266,1.7023727721448738,0.03769845131165339,0.04314055385617488,0.33031677309098667,0.3576914836620854,0.0008476953044394923,0.6888559520575116,0.6117656555285542,FOLLOWING,WALKING,0.3279555009838492
1.8,P,0.9862154192660326,1.7976066387160108,1.936213860658643,0.9608069524496324,1.2782760202262897,0.45827602022628977,0.041471704820459365,0.16476475039313823,0.038649059762132336,0.44930051250406167,0.2397136670847579,0.15836833100250533,0.17116116978377113,1.62429057438467,1.7554991772694475,1.62429057438467,1.7554991772694475,0.04658647063140409,0.05312640512457367,0.36456734840213234,0.3953987615658067,0.0010721398669788422,0.761038249834918,0.6498175680203001,FOLLOWING,WALKING,0.32955211048356087
1.85,P,0.9797693739532908,1.8009520698719121,1.9303285599017883,0.9663775791890826,1.2659900290223056,0.44599002902230567,0.03939997141277596,0.16812560389723544,0.040103149926643857,0.45,0.13291829902858115,0.16148853258437587,0.174762675210095,1.6562926418910344,1.7924376944625129,1.6562926418910344,1.7924376944625129,0.03200206750636436,0.0369385171930654,0.3320957621118935,0.36085778127057966,0.0008397157805893971,0.6937932591630626,0.6845072309784532,FOLLOWING,WALKING,0.3311866841703646
1.9,P,0.9667492278527732,1.8079457100023548,1.9243286600307166,0.9720337530809118,1.2649416375823725,0.4449416375823726,0.03899973884585384,0.17091677164639346,0.04135779967816974,0.45,0.0990633509065878,0.16407205579965636,0.17776148749313056,1.6827903158939113,1.8231947435192877,1.6827903158939113,1.8231947435192877,0.026497674002876836,0.030757049056774788,0.32225376166631614,0.35067706853113617,0.0007472095644941715,0.6736780397619465,0.7181911329665506,FOLLOWING,WALKING,0.33285853595571163
1.95,P,0.9520020247468163,1.8157543624476888,1.9182134668686313,0.9777724024305439,1.271104704048596,0.45110470404859615,0.03978316451398767,0.17367636537044814,0.042592746919741103,0.45,0.1043869061585221,0.16662726575523099,0.1807254649856653,1.7089975974895486,1.8535945126734903,1.7089975974895486,1.8535945126734903,0.026207281595637344,0.030399769154202616,0.3266730956643705,0.3559207884113764,0.0007574370526005304,0.6833513211283475,0.752358699022968,FOLLOWING,WALKING,0.334566964104113
2.0,P,0.9371149722368419,1.823482187650703,1.9119828087426112,0.9835933819061073,1.27897549476184,0.45897549476183996,0.04086896793140893,0.17651622174967505,0.0438507828985072,0.45,0.11605326594191999,0.1692589171799721,0.183773526319378,1.73598889415356,1.8848566801987485,1.73598889415356,1.8848566801987485,0.026991296664011344,0.03126216752525823,0.3343551462853138,0.3647109645499011,0.0007943884212007143,0.6998604992564157,0.7873517239857889,FOLLOWING,WALKING,0.33631125152768304
2.05,P,0.9195791500075033,1.8324330824284027,1.905631973520976,0.9894997022835768,1.286771349023797,0.46677134902379713,0.04196898415805439,0.17941948895296123,0.04513151746999382,0.45,0.12482330618730926,0.17195022281167724,0.1868887550942452,1.7635920288377152,1.9168077445563612,1.7635920288377152,1.9168077445563612,0.027603134684155206,0.031951064357612635,0.34176273101176546,0.3732161876086284,0.0008323415234996208,0.7158112601438935,0.8231422869929834,FOLLOWING,WALKING,0.33809066608712635
2.1,P,0.892045203346743,1.8462755191015319,1.8991556974960921,0.9954973631023435,1.297242018330147,0.477242018330147,0.043555090855386336,0.18254429874690473,0.04649830298847159,0.45,0.14343312377404085,0.17484882960231268,0.19023976789149677,1.793321329254489,1.9511771065794539,1.793321329254489,1.9511771065794539,0.029729300416773796,0.03436936202309271,0.3542353100911353,0.38726463748984086,0.0009151661830814612,0.7424151137640576,0.8602630426811861,FOLLOWING,WALKING,0.339904460899043
2.15,P,0.8704536921124058,1.8567321751867918,1.8925290386535152,1.0016166910806024,1.3183683165758822,0.4983683165758822,0.047075717833607644,0.18652507426740428,0.04820369459716146,0.45,0.20483354882498706,0.17854736281157405,0.1945027857232345,1.8312550031956312,1.9949003663921487,1.8312550031956312,1.9949003663921487,0.03793367394114222,0.04372325981269487,0.3873621774930391,0.42393653297606154,0.0011837689383434205,0.812482479407444,0.9008871666515582,FOLLOWING,WALKING,0.3417518746494217
2.2,P,0.8453226101241059,1.8686317274597848,1.8857288075579397,1.0078620328260144,1.3326141621509549,0.5126141621509549,0.04937541337452078,0.19080164721696893,0.05004900594300561,0.45,0.22245188861380996,0.18251853673340152,0.19908475770053635,1.8719849921374514,2.041894950774732,1.8719849921374514,2.041894950774732,0.04072998894182023,0.04699458438258319,0.40534330139454067,0.4442157514804508,0.0013299263786138412,0.8508889792536053,0.9434316156142384,FOLLOWING,WALKING,0.34363213191319014
2.25,P,0.8304956510595246,1.8752354148067167,1.8787277311787616,1.0142640672570713,1.3503220071000264,0.5303220071000264,0.052330936376161485,0.19554594953671212,0.05210878175948684,0.45,0.25142699089468673,0.18692194615551705,0.20416995291790718,1.9171481656976106,2.094050799158022,1.9171481656976106,2.094050799158022,0.0451631735601592,0.05215584838329024,0.43006781390797805,0.47197448348809345,0.0015455866823206501,0.9035878840783922,0.9886110098181579,FOLLOWING,WALKING,0.3455444434796888
2.3,P,0.8204626634654851,1.8794480566922853,1.8715465111806793,1.0207967640618656,1.356488907102655,0.536488907102655,0.05329281002464503,0.19996487322583556,0.05409243293686523,0.45,0.22324741290942132,0.19101257557478438,0.20891717087688674,1.9591033392285577,2.142740214121915,1.9591033392285577,2.142740214121915,0.04195517353094713,0.04868941496389301,0.42971767036346054,0.4723582438286001,0.0015451274632676322,0.9036210416553283,1.0337920619009242,FOLLOWING,WALKING,0.34748800668393043
2.35,P,0.8078526364636173,1.884798187447086,1.8642073726715993,1.0274369579427414,1.3572248514021794,0.5372248514021795,0.053246806071914676,0.20376733993007667,0.05587150846288718,0.45,0.17737113698725646,0.19452060527946885,0.2130140745806845,1.9950831310714754,2.184759739289072,1.9950831310714754,2.184759739289072,0.03597979184291766,0.04201952516715668,0.418254578193134,0.46050527793455415,0.0014313547196388196,0.880191210847327,1.0778016224432905,FOLLOWING,WALKING,0.34946200574350694
2.4,P,0.8001729591572739,1.8878441752316981,1.8567186928038122,1.0341736455200252,1.360497558456551,0.5404975584565511,0.05364300410918332,0.20720460427221768,0.057526163171338206,0.45,0.1527493978892954,0.1976840242673612,0.21672518427707416,2.0275284540242176,2.222822402841786,2.0275284540242176,2.222822402841786,0.03244532295274216,0.03806266355271415,0.4135390846237208,0.455976283008678,0.0013706774892083098,0.870886045121607,1.1213459246993707,FOLLOWING,WALKING,0.35146561210100236
2.45,P,0.7945185825537247,1.8900113657859827,1.849105244403044,1.0409818572375076,1.3583233269678137,0.5383233269678137,0.05296779243007688,0.20999071949444537,0.05892419883226476,0.45,0.10957791180320578,0.20023876458770554,0.2197426744011852,2.0537309188482618,2.2537710194993354,2.0537309188482618,2.2537710194993354,0.026202464824044203,0.030948616657549444,0.397692699111137,0.4391343346818271,0.0011862450901300799,0.8380132788830943,1.1632465886435253,FOLLOWING,WALKING,0.35349798477176775
2.5,P,0.7802289777462621,1.8959204894074206,1.841396398772961,1.0478300975035606,1.3538848303074216,0.5338848303074216,0.051784499463795264,0.2120817679133534,0.06002268637665064,0.45,0.06594138590077525,0.2021480133180177,0.22201552250868908,2.073312957107874,2.277082282140401,2.073312957107874,2.277082282140401,0.019582038259612133,0.023311262641065422,0.37854469015351006,0.41853281303693907,0.0009494520964607653,0.7980269552869099,1.2031479364078705,FOLLOWING,WALKING,0.3555582706969122
2.55,P,0.7637098035459529,1.9026347773121497,1.833587530828773,1.0547269677716238,1.358430568077772,0.538430568077772,0.05235713511333007,0.21414414565979356,0.06108863097928513,0.45,0.07143552719214648,0.20403397723272187,0.22425431408686525,2.0926561767458653,2.3000442470447715,2.0926561767458653,2.3000442470447715,0.01934321963799146,0.022961964904370635,0.38135402450704997,0.42200928359292655,0.0009376861892356703,0.8043009942892121,1.243362986122331,FOLLOWING,WALKING,0.357645605101362
2.6,P,0.7470350444696909,1.9092434109363894,1.825675756737665,1.0616709975731051,1.3651322297915558,0.5451322297915558,0.05339347939167238,0.2163169118406106,0.06218788759923238,0.45,0.08520702275052323,0.20602481644293766,0.22660900723828356,2.113075040440386,2.3241949460336775,2.113075040440386,2.3241949460336775,0.020418863694520617,0.024150698988905983,0.3890864791193879,0.4309046869039264,0.0009843904385854866,0.8209755564618998,1.2844117639454258,FOLLOWING,WALKING,0.3597591118568374
2.65,P,0.7302037589643471,1.9157437799100874,1.8176536953480333,1.0686681848750192,1.371803477928389,0.551803477928389,0.05444479930593937,0.21858148311153217,0.06331914674561095,0.45,0.0958149695474742,0.20810216432513357,0.22906080189793077,2.1343811725654724,2.3493415579274948,2.1343811725654724,2.3493415579274948,0.021306132125086474,0.025146611893817283,0.3964347881473026,0.4393911015518653,0.0010314772401147781,0.8368573669392827,1.3262546322923898,FOLLOWING,WALKING,0.3618979038495945
2.7,P,0.7130798060399497,1.9221854824066822,1.8095252303533023,1.075712824215577,1.3784355000669772,0.5584355000669773,0.055509670072034556,0.2209215083725641,0.06448103753077453,0.45,0.10391657365681836,0.21024989666122093,0.23159312008390728,2.1564091965253427,2.3753140521426386,2.1564091965253427,2.3753140521426386,0.022028023959870247,0.025972494215143804,0.4034288205001051,0.4475021381561034,0.0010788468958770282,0.8520098055520855,1.3688551225699939,FOLLOWING,WALKING,0.3640610833527788
2.75,P,0.66776272857927,1.9390615639935596,1.8012814569378623,1.0828098604919987,1.3851745484099842,0.5651745484099843,0.05662200341153811,0.22333221658904642,0.06567690423825472,0.45,0.11070674016154915,0.21246268893761527,0.23420174424047757,2.179104501924259,2.402069171697206,2.179104501924259,2.402069171697206,0.02269530539891651,0.02675511955456722,0.410449358830944,0.45565975118095403,0.0011309878544960683,0.8672400978663941,1.4122171274633135,FOLLOWING,WALKING,0.3662477424032325
2.8,P,0.6500995889513874,1.9450629601943932,1.7928545740269612,1.090015419551556,1.4205744215946607,0.6005744215946608,0.0638406586310869,0.22759149569777434,0.06772770272962597,0.45,0.2421106993385856,0.21638256089602126,0.23880043049952743,2.219308316882269,2.449235184610538,2.219308316882269,2.449235184610538,0.040203814958009954,0.047166012913332,0.48455712567110976,0.5381375386255529,0.0020001005363801997,1.0246947648330427,1.4634518657049655,FOLLOWING,WALKING,0.36845696318259924
2.85,P,0.635125124621732,1.949923874297055,1.7842452153366242,1.0973256753264335,1.4272334261340853,0.6072334261340854,0.06503234740267327,0.23162761006155452,0.06973429935602427,0.45,0.21814596545756504,0.2200865835181325,0.24316863660497653,2.2572982924936666,2.4940372985125796,2.2572982924936666,2.4940372985125796,0.0379899756113975,0.04480211390204181,0.4852622028802737,0.5396977339838603,0.002014971981581484,1.0269749088457154,1.5148006111472512,FOLLOWING,WALKING,0.37068781840256476
2.9,P,0.6245089902135333,1.9531507696731665,1.7754619195014307,1.1047252401915961,1.430874093612904,0.6108740936129041,0.06558573123286804,0.23528579458415358,0.07161494313685902,0.45,0.1861727899637033,0.2234335214950034,0.24713806767330376,2.2916258614872143,2.5347494120338845,2.2916258614872143,2.5347494120338845,0.03432756899354761,0.04071211352130488,0.4791807979040935,0.533715670161203,0.0019394236429224382,1.014835891708219,1.565542405732662,FOLLOWING,WALKING,0.3729393716940728
2.95,P,0.6156610498618846,1.9557476197991115,1.7665469973454169,1.112184519119168,1.429866610741182,0.609866610741182,0.06509811839152269,0.23833313977042345,0.07324169480602868,0.45,0.1407818515361111,0.2262116392800257,0.2504546402608212,2.3201193772310327,2.5687655411366275,2.3201193772310327,2.5687655411366275,0.02849351574381842,0.03401612910274299,0.46273593529595713,0.516159422289467,0.0017157031096107227,0.9806110606950349,1.6145729587674134,FOLLOWING,WALKING,0.3752106780003524
3.0,P,0.5737034505369843,1.9691197371570277,1.7575096481613426,1.119687230329623,1.426932783610997,0.6069327836109971,0.06415263993523368,0.24074127827981598,0.07457813171668236,0.45,0.09690100482535323,0.22839859748070504,0.2530839590789269,2.342549717750821,2.595732913630019,2.342549717750821,2.595732913630019,0.022430340519788317,0.02696737249339165,0.4434358221377415,0.49530562147854656,0.0014352331385342316,0.9401766767548223,1.6615817926051544,FOLLOWING,WALKING,0.37750078397359177
3.05,P,0.5753670256328991,1.968069369891924,1.7482932007428,1.1272796480930407,1.4570287221564748,0.6370287221564749,0.0705337702390918,0.24466310679570547,0.07664237752729151,0.45,0.20800491336387816,0.23197879331493873,0.2573474202764722,2.3792696750250126,2.6394607207843306,2.3792696750250126,2.6394607207843306,0.03671995727419164,0.04372780715431146,0.5088497284660629,0.5686168602360344,0.002278205376852058,1.0797447940789493,1.7155690323091017,FOLLOWING,WALKING,0.37980872837509205
3.1,P,0.5680665894933765,1.9699716640428124,1.7389506378742854,1.1349143059687798,1.443150431708554,0.623150431708554,0.06717764531493042,0.24713356774736706,0.07804712189207796,0.45,0.10117935445297288,0.23421676907422814,0.26005036642050594,2.402223272556186,2.6671832453385225,2.402223272556186,2.6671832453385225,0.02295359753117321,0.027722524554191885,0.4580003946778494,0.5127570172656754,0.001578762067186053,0.9723361740107108,1.7641858410096372,FOLLOWING,WALKING,0.3821335424787335
3.15,P,0.553127993515018,1.974163413362709,1.7295088230945534,1.1425681373866057,1.4381551536696064,0.6181551536696065,0.0656876341778907,0.24892331890213915,0.0791102403168854,0.45,0.05694067310194975,0.2358305741296946,0.2620160636745837,2.418775119278919,2.687344242816243,2.418775119278919,2.687344242816243,0.01655184672273302,0.0201609974777206,0.43490851923999485,0.48752908978832293,0.001211091178634289,0.923648700206952,1.8103682760199846,FOLLOWING,WALKING,0.38447425047758393
3.2,P,0.5345345834825361,1.9792787926239708,1.7199803564187903,1.1502221768812784,1.4406326940716039,0.6206326940716039,0.06590583227916635,0.2505997948662331,0.08009650364288431,0.45,0.05531490278830956,0.23734382351333577,0.2638557662191305,2.4342956257778026,2.7062129868628766,2.4342956257778026,2.7062129868628766,0.015520506498883702,0.018868744046633523,0.43348982461289076,0.4863270003472802,0.0011375459148054979,0.9209543708749766,1.8564159945637333,FOLLOWING,WALKING,0.3868298698934797
3.25,P,0.5157795374785024,1.9842487819294015,1.7103550081402232,1.15788812333793,1.4465879000873605,0.6265879000873605,0.0669033143771709,0.2523965501005662,0.08111880071951395,0.45,0.06934853064421062,0.23897138858148667,0.2658217116196458,2.450988600835761,2.7263765294322644,2.450988600835761,2.7263765294322644,0.016692975057958304,0.020163542569387793,0.4414505751354321,0.49555590118801585,0.0011941561848277675,0.9382006325082758,1.903326026189147,FOLLOWING,WALKING,0.3891994119894068
3.3,P,0.49678213398362103,1.9890912314099827,1.7006160461099842,1.1655808644008445,1.452543456552816,0.632543456552816,0.06792498693987792,0.2542954100984601,0.08217679388444607,0.45,0.08029630235048825,0.24069515071058425,0.2678956694863359,2.4686682124162487,2.747647892167548,2.4686682124162487,2.747647892167548,0.01767961158048781,0.021271362735283628,0.44895180235905935,0.5042862520323056,0.0012519718019392266,0.9544900261933043,1.951050527498812,FOLLOWING,WALKING,0.39158188218450807
3.35,P,0.46424014892537296,1.9971791707945492,1.6907638968054335,1.1732938688226904,1.4585559339829892,0.6385559339829893,0.06897739863555019,0.2562844578990833,0.08327106331180073,0.45,0.08908601652614347,0.24250309692098027,0.2700658188771863,2.487211250471592,2.769905834637808,2.487211250471592,2.769905834637808,0.01854303805534352,0.022257942470259806,0.4562094460260808,0.5127600972297177,0.0013121420942220215,0.9702816853500206,1.9995646117663128,FOLLOWING,WALKING,0.39397628047154526
3.4,P,0.4369126988719602,2.0035249238912485,1.6807560544940778,1.1810486771841147,1.477547797845813,0.657547797845813,0.07323828185215309,0.2591562500999471,0.08483112503066131,0.45,0.1530512938868165,0.24511669890737264,0.2731958012925215,2.5140174246910014,2.802008218384836,2.5140174246910014,2.802008218384836,0.02680617421940923,0.03210238374702801,0.4972325771371284,0.5590342814359068,0.001905721786486239,1.0581725803595214,2.0524732407842885,FOLLOWING,WALKING,0.3963816018366364
3.45,P,0.4079660947776285,2.00988553806868,1.6705883461054956,1.1888540184959273,1.4911785505843167,0.6711785505843167,0.07625826327659269,0.2624441725662102,0.08664287806993519,0.45,0.1793553212811337,0.24810477624563596,0.2767835688867845,2.544664371750112,2.8388058347362515,2.544664371750112,2.8388058347362515,0.03064694705911064,0.03679761635141565,0.5207972165208776,0.5860069887273271,0.0022604471665148363,1.1090646524147196,2.1079264734050245,FOLLOWING,WALKING,0.39879683668109656
3.5,P,0.3853042806669419,2.0144473814468005,1.6602325714263444,1.1967332726375859,1.5060902050276388,0.6860902050276388,0.07959624230217344,0.2661643787162562,0.08872408297373507,0.45,0.20550843014990175,0.25148054298410305,0.28084821444840935,2.579287620349775,2.880494507163173,2.579287620349775,2.880494507163173,0.034623248599662926,0.041688672426921425,0.5463564192820323,0.6153651788749237,0.0026590031506092382,1.1643806013075653,2.1661455034704025,FOLLOWING,WALKING,0.40122097124520173
3.55,P,0.37316825391759373,2.016501820729711,1.6496988904555245,1.2046722341238392,1.5146281756009754,0.6946281756009755,0.08142932805558933,0.2698562914087678,0.09084463396386612,0.45,0.19786364603960457,0.254821504487748,0.28489107832978766,2.6135538921820305,2.921959777741412,2.6135538921820305,2.921959777741412,0.0342662718322555,0.04146527057823901,0.5529625831795189,0.6236204463495311,0.002774025770402439,1.1793570552994523,2.225113356235375,FOLLOWING,WALKING,0.4036529880337001
3.6,P,0.355551819569159,2.0196193907220454,1.639001069133687,1.2126567938516901,1.51281120557345,0.69281120557345,0.08072317307977661,0.2728828235478364,0.09265779893324934,0.45,0.14633897578977956,0.2575479578243836,0.28821768927128916,2.641517516147524,2.956078864320914,2.641517516147524,2.956078864320914,0.027963623965493678,0.034119086579502245,0.5310465630144728,0.5998646949308737,0.0024192558023892778,1.1333305137477359,2.2817798819227613,FOLLOWING,WALKING,0.4060918662428905
3.65,P,0.3445651167506726,2.021302477172311,1.628157294721571,1.220671482569419,1.5160575876118618,0.6960575876118619,0.08124125953398487,0.27565739412040874,0.09435958907701236,0.45,0.12842848208504037,0.2600408821281632,0.2912739061126543,2.6670859705452634,2.9874246780785056,2.6670859705452634,2.9874246780785056,0.02556845439773925,0.03134581375759149,0.5257851139961671,0.5946781071965028,0.002312355148715366,1.1227755763413854,2.33791866073983,FOLLOWING,WALKING,0.4085365821890904
3.7,P,0.33529606735284373,2.022652190139228,1.6171873098153502,1.228694135253158,1.512818187644137,0.6928181876441369,0.08011797548519084,0.27781632134248335,0.09573955685981189,0.45,0.08592085616834173,0.2619714246821845,0.2936612180027822,2.6868864069967637,3.011909928233664,2.6868864069967637,3.011909928233664,0.019800436451500314,0.024485250155158234,0.5033963905647686,0.5701641913049266,0.0019024920576870415,1.0754630739273823,2.391691814436199,FOLLOWING,WALKING,0.41098610973831173
3.75,P,0.3194292691032016,2.0251510318763994,1.6061026049527016,1.2367200425510843,1.5078509708921966,0.6878509708921966,0.07851572519095651,0.27934498006052366,0.09676522407460983,0.45,0.04516251410276899,0.26333033547617574,0.2953596246448716,2.700823953601802,3.0293294835371443,2.700823953601802,3.0293294835371443,0.013937546605038431,0.017419555303480383,0.47884863499001423,0.543062667974917,0.0014291844172690136,1.0233404873822,2.442858838805309,FOLLOWING,WALKING,0.4134394207369663
3.8,P,0.29893123632132895,2.028278056830782,1.5949209957268766,1.2447397292465152,1.5090234253034562,0.6890234253034563,0.07846923415117679,0.28071813528183687,0.0976820482775577,0.45,0.04038556040970243,0.2645517562919011,0.29688451427177265,2.7133513465836008,3.044969377146386,2.7133513465836008,3.044969377146386,0.012527392981798613,0.015639893609241895,0.47448576518957136,0.5385346569754251,0.0012896246311831906,1.0143100467961796,2.4935743411451177,FOLLOWING,WALKING,0.41589548544341776
3.85,P,0.2782809018917844,2.0312142918737415,1.583641246602352,1.252746107251974,1.5144377726660145,0.6944377726660146,0.07955789343469144,0.2822216121087153,0.09865415906348528,0.45,0.055323865514824516,0.2658943487837085,0.29854887543372216,2.7271215259867536,3.062039748038176,2.7271215259867536,3.062039748038176,0.013770179403152838,0.017070370891789644,0.48283662784824427,0.5482870672429675,0.0013809999182720924,1.0325046950094838,2.545199575895592,FOLLOWING,WALKING,0.41835327296020103
3.9,P,0.25747981558764205,2.0339557282386473,1.5722527777238708,1.2607442449604083,1.519861291043101,0.6998612910431011,0.08067599136931358,0.2838362229008214,0.09968000199199407,0.45,0.06701609596074401,0.26733918257114636,0.3003332632304964,2.7419403340630395,3.0803411613384246,2.7419403340630395,3.0803411613384246,0.014818808076285883,0.018301413300248814,0.49060631671278626,0.5574095976707744,0.0014724867622641156,1.0494884011458248,2.5976739959528827,FOLLOWING,WALKING,0.4208117516667264
3.95,P,0.236529654190893,2.036498338461927,1.560755664681089,1.2687334325048516,1.5252815936206034,0.7052815936206035,0.08181801288321022,0.2855448922671506,0.10075743353202804,0.45,0.07612188619039083,0.2688695370175999,0.30222024751670123,2.7576362771035887,3.0996948463251406,2.7576362771035887,3.0996948463251406,0.01569594304054922,0.01935368498671597,0.4978472071832054,0.5659620843700647,0.0015632530096360794,1.065372544562906,2.650942623181028,FOLLOWING,WALKING,0.4232698896522873
4.0,P,0.19130350157750242,2.0417187276418995,1.5491416039121673,1.2767155883357626,1.5306983627344928,0.7106983627344928,0.08298396662741858,0.2873330792740757,0.10188452567352674,0.45,0.08320885532961798,0.270471190275107,0.3041949682730444,2.7740634900010974,3.1199483925440448,2.7740634900010974,3.1199483925440448,0.016427212897508703,0.020253546218904184,0.5046349921170832,0.5740304092383381,0.001653598774468148,1.0803190001298895,2.704958573187522,FOLLOWING,WALKING,0.4257266551491899
4.05,P,0.1624813451688919,2.0444219301761293,1.5373772905474312,1.2847145539518556,1.5585102230335381,0.7385102230335382,0.09024460514052324,0.29056993345506954,0.10387909480014469,0.45,0.18727509247290208,0.2733779432656456,0.3077619236444935,2.8038763411861085,3.1565325501999335,2.8038763411861085,3.1565325501999335,0.02981285118501109,0.03658415765588874,0.5759054046692823,0.6550186569795204,0.0029835941096072005,1.23390765575841,2.766653955975442,FOLLOWING,WALKING,0.42818101696582245
4.1,P,0.14515598054516157,2.045609146633682,1.5254317740314245,1.2927506670697724,1.5708259477446627,0.7508259477446627,0.09334113823727641,0.2940805666123596,0.10609223898216254,0.45,0.20026376085781172,0.2765223010608117,0.3116388321639075,2.836126164726274,3.196295714501615,2.836126164726274,3.196295714501615,0.03224982354016559,0.039763164301681364,0.5955696704262545,0.6781103896501904,0.0033810828690329386,1.277061142945478,2.8305070131227157,FOLLOWING,WALKING,0.43063194491948315
4.15,P,0.12743434967038797,2.0466887436263983,1.513316597376149,1.3008082368690317,1.5722458956331906,0.7522458956331907,0.09347287619263378,0.29715308978059585,0.10810185336995183,0.45,0.16245350417861615,0.2792622330478688,0.3150439465133229,2.8642280312601924,3.231219964239209,2.8642280312601924,3.231219964239209,0.02810186653391833,0.03492424973759434,0.5817664869310964,0.6634228909337774,0.003128299774256801,1.2483176776391307,2.892922897004672,FOLLOWING,WALKING,0.43307841026878424
4.2,P,0.12387191914935508,2.046528870246733,1.5010423336518444,1.3088818780338447,1.5738511158513688,0.7538511158513689,0.09363507581396435,0.29986470225626155,0.10993240326784183,0.45,0.13377670221930477,0.28167088951543373,0.31805851499708937,2.8889322001582944,3.2621386153547625,2.8889322001582944,3.2621386153547625,0.024704168898102008,0.030918651115553253,0.5704389000411909,0.6514356982181971,0.0028978091939052117,1.224772407453293,2.954161517377336,FOLLOWING,WALKING,0.4355193861454512
4.25,P,0.0766530604582682,2.049415965463432,1.488645311908083,1.3169373027486637,1.562280844055152,0.7422808440551522,0.09011631462678737,0.30145893575008764,0.11110486541567394,0.45,0.053436631827703945,0.2830710805237936,0.3198467909763817,2.90329313357737,3.2804799074500686,2.90329313357737,3.2804799074500686,0.014360933419075739,0.018341292095306105,0.5213356094714311,0.5964900249721475,0.0018758339876139651,1.1197014684311926,3.0101465907988953,FOLLOWING,WALKING,0.4379538479853361
4.3,P,0.06662311662812484,2.04945748161666,1.4760750667270683,1.3250058862299299,1.59067504836366,0.7706750483636601,0.09772841992587633,0.30456094910094866,0.11318771556409984,0.45,0.16661507178304436,0.28582838217509016,0.32329351602680717,2.9315731505137452,3.3158309336082787,2.9315731505137452,3.3158309336082787,0.028280016936375052,0.035351026158210175,0.5980206323637577,0.6840513636078949,0.0033948439223425286,1.285466839893995,3.074419932793595,FOLLOWING,WALKING,0.4403807739584629
4.35,P,0.05833046686339749,2.0494398932340334,1.4633632591963617,1.3330476157906914,1.5847349663890469,0.7647349663890469,0.09580643841007319,0.30683416741875646,0.11480281319304973,0.45,0.10382339530247664,0.2878343018353067,0.3258340330022062,2.9521466854903253,3.3418875179713456,2.9521466854903253,3.3418875179713456,0.0205735349765801,0.026056584363066904,0.5632202271105362,0.6453910815433832,0.00267001561994216,1.2112813242738616,3.134983999007288,FOLLOWING,WALKING,0.4427991453979265
4.4,P,0.04161100000290403,2.0497659096952043,1.4505363303442165,1.3410606964349754,1.5771287337156166,0.7571287337156166,0.09330071572506249,0.30830069215215383,0.11591812849662819,0.45,0.04751482457283833,0.28911624188596186,0.3274851424183458,2.9652947885739676,3.3588219735214953,2.9652947885739676,3.3588219735214953,0.013148103083642226,0.016934455550149607,0.5274799374653991,0.6054130447786988,0.0018617077825122848,1.1347546900266103,3.1917217335086185,FOLLOWING,WALKING,0.44520794722746265
4.45,P,0.019291124219161473,2.050097464121209,1.437580190886741,1.3490421997063997,1.5771282971843485,0.7571282971843486,0.0929117261878174,0.30954893583299736,0.11686939868232071,0.45,0.0370596424292346,0.2902070503510733,0.3288908213149214,2.9764825677033158,3.373239192973553,2.9764825677033158,3.373239192973553,0.011187779129348208,0.014417219452057761,0.5192176656081529,0.5964580275089426,0.00160091099404279,1.1172766041111382,3.2475855637141753,FOLLOWING,WALKING,0.44760616838751205
4.5,P,-0.003150674884446078,2.050185804535195,1.4245191021308938,1.356982874798106,1.5820942956703028,0.7620942956703028,0.0940574626051145,0.31091631644128515,0.1178802162657791,0.45,0.05075691443300176,0.2914071406492987,0.3304254922332716,2.988791186146653,3.3889794075207345,2.988791186146653,3.3889794075207345,0.012308618443337416,0.01574021454718144,0.5273138715200187,0.6060566504171919,0.0017158376929439182,1.1350863596301544,3.304339881695683,FOLLOWING,WALKING,0.44999280225959754
4.55,P,-0.025711119211245435,2.050026999387754,1.4113667182980412,1.3648794591001843,1.5870637334395596,0.7670637334395597,0.09522756885011985,0.312384937090228,0.11894791643396738,0.45,0.06145591944247157,0.29269905692040643,0.3320708172600496,3.0020416094400657,3.4058545360005086,3.0020416094400657,3.4058545360005086,0.013250423293412528,0.016875128479774126,0.5347797426591296,0.6149664146444496,0.0018288102295035667,1.1515749675330829,3.3619186300723367,FOLLOWING,WALKING,0.4523668470888376
4.6,P,-0.059618376836911,2.049504242775664,1.3980998294800304,1.3727387122651034,1.5920489512017129,0.7720489512017129,0.09640143835069814,0.31394044815158223,0.1200673189679149,0.45,0.06987057531860205,0.2940693068623923,0.33381158944077216,3.0160954549988954,3.423708609648945,3.0160954549988954,3.423708609648945,0.014053845558829714,0.017854073648436497,0.5417536502081601,0.6233427663440402,0.0019354127197963554,1.1670318292719968,3.420270221535936,FOLLOWING,WALKING,0.4547273064044186
4.65,P,-0.09206555212333967,2.048510031794925,1.3846739764788754,1.380572362366259,1.6071571025618874,0.7871571025618874,0.10061666161185867,0.3161894680950847,0.12164383638872432,0.45,0.1209749147332777,0.2960574131727508,0.3363215230174186,3.03648628895129,3.4494515181273697,3.03648628895129,3.4494515181273697,0.020390833952394605,0.025742908478424642,0.5796653117365853,0.6670474059745777,0.0027615402316931966,1.2494742579428562,3.4827439344330786,FOLLOWING,WALKING,0.45707318943784875
4.7,P,-0.12378881328937255,2.0470672569448185,1.3710780133315947,1.3883950615727216,1.6207715340473163,0.8007715340473164,0.10442793413091467,0.3189348285078263,0.12357722385752537,0.45,0.15426393202784422,0.29848279795940585,0.3393868590562467,3.0613620303528806,3.4808908621153507,3.0613620303528806,3.4808908621153507,0.024875741401590545,0.03143934398798098,0.609315613499833,0.7015781856730203,0.0034404862469092174,1.3143342854197626,3.5484606487040664,FOLLOWING,WALKING,0.45940351153881887
4.75,P,-0.15399196130985515,2.04523288652173,1.3573188004584755,1.3961972762257686,1.633547027265557,0.813547027265557,0.107998583854918,0.32204945500619464,0.12579931029218674,0.45,0.17653803714197766,0.3012296691528377,0.34286924085955156,3.089535068234233,3.516607598559503,3.089535068234233,3.516607598559503,0.028173037881352503,0.035716736444152186,0.6337988535313647,0.7304211990211906,0.004025331948816377,1.3682453845013716,3.616872917929135,FOLLOWING,WALKING,0.461717294588495
4.8,P,-0.1678866623017619,2.0438685829119305,1.3433505054221482,1.4040007370171983,1.6447818828249,0.8247818828249,0.11113211853651084,0.3253827556678613,0.12822221526539704,0.45,0.18713303343185148,0.3041619790414381,0.3466035322942845,3.119610041450647,3.5549080235311226,3.119610041450647,3.5549080235311226,0.030074973216414058,0.03830042497161967,0.6515060203111216,0.7516992458294631,0.004473651499813043,1.4076789176403977,3.6872568638111543,FOLLOWING,WALKING,0.46401356741006966
4.85,P,-0.188753294708345,2.041985574775306,1.3292203491008852,1.4117737351959074,1.6411181058413042,0.8211181058413043,0.10983364790570116,0.3279940732517439,0.13022753620612698,0.45,0.12984314734902322,0.3064414160096299,0.3495467304938579,3.14298888215005,3.585094671731876,3.14298888215005,3.585094671731876,0.02337884069940266,0.030186648200753563,0.6203238736726076,0.7170911369380857,0.003760531277958925,1.3411755418886522,3.7543156409055864,FOLLOWING,WALKING,0.466291366176399
4.9,P,-0.20410861964963145,2.0403163482682634,1.314938884640345,1.4195025591013388,1.6435969536493797,0.8235969536493798,0.11031740864150041,0.3303661622022488,0.13209763275211683,0.45,0.11218458528777037,0.30850400398177347,0.3522283204227241,3.164143630582292,3.6125981581817856,3.164143630582292,3.6125981581817856,0.021154748432242076,0.02750348644990952,0.6127232600044378,0.7092851309501954,0.003557308705101656,1.325565699659735,3.820593925888573,FOLLOWING,WALKING,0.46854973481455553
4.95,P,-0.21683785566953295,2.0387936936325683,1.300543313562542,1.4271728884678878,1.641010384217419,0.8210103842174191,0.1092374098366915,0.332226594518763,0.1336349198048585,0.45,0.0761230710238339,0.3101100152910589,0.3543431737464671,3.180615541446758,3.634288961502227,3.180615541446758,3.634288961502227,0.0164719108644662,0.021690803320441265,0.5900467972726029,0.6841019768889696,0.002958267340946608,1.277107041502519,3.8844492779636988,FOLLOWING,WALKING,0.47078772540712555
5.0,P,-0.233486371801347,2.0368494971531144,1.286034909586302,1.4347817277850585,1.6360090531688358,0.8160090531688359,0.10740883352299102,0.3335049191376583,0.13477162034997645,0.45,0.03737013878482408,0.3112002159697372,0.3558096223055794,3.1917970868690992,3.6493294595444037,3.1917970868690992,3.6493294595444037,0.011181545422341177,0.015040498042176775,0.5624451723042491,0.6530877372260562,0.0022060076301827565,1.2177389171604882,3.945336223821723,FOLLOWING,WALKING,0.47300439859008386
5.05,P,-0.2570233461672288,2.034013460966975,1.2714329824191066,1.4423161891693912,1.6344511383035556,0.8144511383035556,0.1066539887810185,0.3344980496028701,0.1356927468004163,0.45,0.022293882844929745,0.3120409000074012,0.356955199198339,3.2004194872553966,3.6610789661368104,3.2004194872553966,3.6610789661368104,0.008622400386297357,0.0117495065924067,0.5494464278680483,0.6386512827569493,0.0017998585662340903,1.1898975691912315,4.004831102281284,FOLLOWING,WALKING,0.47519882394707813
5.1,P,-0.2806340819946687,2.0308905120396963,1.2566801403264427,1.44980253272703,1.6389888376216366,0.8189888376216367,0.10782957053495235,0.335619968811319,0.13668046414259322,0.45,0.037355105618601725,0.3129993519957198,0.3582405856269182,3.210249764058665,3.6742624166863402,3.210249764058665,3.6742624166863402,0.009830276803268312,0.013183450549529852,0.5579747116437893,0.6488543497707635,0.001944023972694208,1.2087730853872471,4.065269756550646,FOLLOWING,WALKING,0.4773700803999577
5.15,P,-0.30431372589635414,2.0274774761019985,1.2418184755424082,1.457207861994362,1.6434714046348482,0.8234714046348482,0.10898321637667507,0.3368478862942269,0.13772515193918503,0.45,0.04886027724064042,0.3140543736482918,0.359641398940162,3.221070498956839,3.68862973271961,3.221070498956839,3.68862973271961,0.010820734898174145,0.014367316033269795,0.5655573153008698,0.6579995379672993,0.002071868911410525,1.2256287221795796,4.126551192659624,FOLLOWING,WALKING,0.47951725659538247
5.2,P,-0.32805730311494574,2.023771273079742,1.226835951115078,1.464546044917995,1.6479478805776433,0.8279478805776433,0.11018634414082662,0.33816509763750685,0.13882779320427813,0.45,0.05780751039599803,0.31518909786219884,0.36114109741281486,3.232708696022552,3.7040112555160496,3.232708696022552,3.7040112555160496,0.011638197065713118,0.015381522796439562,0.5724703281591906,0.6664060924199385,0.0022043124508154296,1.2410807330299447,4.188605229311121,FOLLOWING,WALKING,0.48163945128735075
5.25,P,-0.36998486584311413,2.0168638590564996,1.2117345111364197,1.4718094519932645,1.6524000386899627,0.8324000386899627,0.11139563762274785,0.33955650062273574,0.13998342496292127,0.45,0.06467935380308372,0.3163892437913723,0.3627237574540992,3.2450178850397156,3.720243666195889,3.2450178850397156,3.720243666195889,0.01230918901716338,0.016232410679839493,0.5787629025737153,0.6741291996752496,0.0023294777986193923,1.2552215800475843,4.2513663083135,FOLLOWING,WALKING,0.4837357737154836
5.3,P,-0.40849894111444546,2.009814771370633,1.196476275118771,1.4790213834792625,1.6729974579094793,0.8529974579094793,0.11784511639996342,0.34198914871597447,0.1418941731806242,0.45,0.1410785405322788,0.31850566305458117,0.36547263437736777,3.2667247492777554,3.74843727566531,3.2667247492777554,3.74843727566531,0.021706864238039802,0.028193609469421066,0.6377808837977287,0.74266232086549,0.0039041861545052554,1.384347390817724,4.320583677854386,FOLLOWING,WALKING,0.48580534397890895
5.35,P,-0.4269387075777021,2.00581912929638,1.1810290542635902,1.4861892241286259,1.6904694807514447,0.8704694807514447,0.12321964300078259,0.3451145633209851,0.14433940766766742,0.45,0.18691816211982534,0.32122639135198616,0.36900273528998406,3.294629654892166,3.7846434388716315,3.294629654892166,3.7846434388716315,0.027904905614410502,0.03620616320632131,0.6804987883528003,0.7928372639594348,0.005082389243544579,1.4784184415557797,4.394504599932175,FOLLOWING,WALKING,0.487847293405587
5.4,P,-0.45063776396139005,2.000622804845746,1.1654709285177682,1.4932653507481697,1.6898448335470164,0.8698448335470165,0.1228260658842113,0.3477347580148055,0.1464869857952692,0.45,0.14304771875397954,0.3234911618656885,0.37197835416392255,3.317858070417318,3.815162606809462,3.317858070417318,3.815162606809462,0.02322841552515209,0.030519167937830716,0.6587923409245799,0.7689206822442743,0.0045301283520801545,1.4322431515209344,4.466116757508221,FOLLOWING,WALKING,0.4898607649169227
5.45,P,-0.456427865360541,1.9988825555694885,1.1497411062734453,1.500277517864792,1.6938768822246406,0.8738768822246407,0.12386556819172156,0.3502069878090104,0.14856013892162467,0.45,0.12931823480965055,0.3256202848174815,0.37479369080053926,3.3396952288972463,3.844037854364505,3.3396952288972463,3.844037854364505,0.021837158479928398,0.028875247555042893,0.6556161320803251,0.7662559905732002,0.004435025996983264,1.4263071486505083,4.537432114940747,FOLLOWING,WALKING,0.49184491338751224
5.5,P,-0.4971394877503798,1.9895390489287974,1.1339001378405869,1.507197472086817,1.6817805293986128,0.8617805293986128,0.11961268693353455,0.3515801914743633,0.14985183776548935,0.45,0.047644270717004764,0.3267797123241748,0.3763806706245518,3.3515867930684595,3.8603145705082236,3.3515867930684595,3.8603145705082236,0.011891564171213176,0.016276716143718506,0.5989316927325483,0.70162491759153,0.0027873136165346055,1.3033439239406128,4.602599311137777,FOLLOWING,WALKING,0.49379890599987175
5.55,P,-0.5183848406781251,1.9840352764887648,1.117898237805276,1.5140438785630812,1.7008655611183174,0.8808655611183175,0.1255807626090535,0.35390067886495713,0.15182005694116263,0.45,0.12113667072596451,0.3287744594411947,0.37902689828871955,3.372045737858407,3.88745536706379,3.372045737858407,3.88745536706379,0.020458944789947697,0.02714079655556656,0.6543897009015549,0.766433490788538,0.004302938121457043,1.4251261298115498,4.673855617628354,FOLLOWING,WALKING,0.4957219225940009
5.6,P,-0.5267678598846788,1.9814759504584993,1.1017493057705798,1.5208069798593022,1.7024436046622085,0.8824436046622085,0.12582414208258852,0.3559700306605655,0.1536243104281958,0.45,0.10142999475937282,0.33054520728469905,0.3813948540364319,3.3902072542020414,3.911742092681353,3.3902072542020414,3.911742092681353,0.018161516343634165,0.024286725617562954,0.6445866840642579,0.7559877736448882,0.003991351648077206,1.4045658093572233,4.744083908096215,FOLLOWING,WALKING,0.4976131560116324
5.65,P,-0.5437488959293826,1.9767672847468487,1.0854941779557543,1.5274676327497974,1.6924195872497934,0.8724195872497934,0.12216322042532468,0.35712734423214587,0.15475391414279505,0.45,0.03500971929768421,0.3315155714415133,0.38273911702277846,3.4001597070924436,3.9255294053618304,3.4001597070924436,3.9255294053618304,0.009952452890402252,0.013787312680477282,0.5967934487737446,0.7013800642994031,0.002517272586208439,1.3006907856593561,4.809118447379182,FOLLOWING,WALKING,0.49947181243502586
5.7,P,-0.5678333914844849,1.969984009931319,1.0691416650964445,1.5340185207038197,1.690060108720208,0.8700601087202081,0.12100570563206947,0.3579712167060818,0.1556142929888449,0.45,0.016925875522018373,0.33221705121642797,0.3837253821957356,3.407354371450543,3.935644945597288,3.407354371450543,3.935644945597288,0.007194664358099345,0.010115540235457576,0.5810218106863188,0.6835808643524736,0.0019279763399607597,1.266530651378753,4.87244497994812,FOLLOWING,WALKING,0.5012971117201603
5.75,P,-0.5919198817247981,1.9628812020824775,1.0527004493953134,1.5404571169720733,1.6940346052148727,0.8740346052148728,0.12200976318637213,0.35893036929388944,0.15652418172012064,0.45,0.030689967483698795,0.3330256172192095,0.3848351213685694,3.415647356094456,3.9470268858314808,3.415647356094456,3.9470268858314808,0.008292984643913037,0.011381940234192811,0.5889404383968013,0.6931473717599462,0.002050842083317822,1.2841386522400655,4.936651912560123,FOLLOWING,WALKING,0.5030882877241891
5.8,P,-0.6160021677061985,1.9554572583544536,1.0361603051460546,1.5467849089236112,1.6980041640746901,0.8780041640746902,0.12303893757742079,0.3599869144701475,0.15748202012106038,0.45,0.04140423362048179,0.333923640140112,0.38605018880018305,3.4248578475908924,3.9594891158993133,3.4248578475908924,3.9594891158993133,0.00921049149643638,0.012462230067832536,0.5960838967061014,0.7018357003609159,0.0021721294991450496,1.3000917265661625,5.001656498888431,FOLLOWING,WALKING,0.5048445886270166
5.85,P,-0.6481737831660287,1.9451699732803192,1.0195148993157828,1.5530014930784868,1.7019559118527707,0.8819559118527708,0.12408829757379625,0.3611248697457146,0.15848573828141685,0.45,0.04968299244753052,0.33489548006014014,0.3873542594312891,3.4348254365142576,3.9728641992952727,3.4348254365142576,3.9728641992952727,0.009967588923365245,0.013375083395959386,0.6025226796793203,0.7097285136805386,0.0022906801968560703,1.314541873556715,5.067383592566266,FOLLOWING,WALKING,0.5065652772468645
5.9,P,-0.6826846617834688,1.9335665027459499,1.0026744872202846,1.559142509924184,1.71317881686114,0.89317881686114,0.12769848360176717,0.36276823099801575,0.15987645973951373,0.45,0.08813351614589846,0.3363086769111262,0.3892277850849053,3.449319763191038,3.9920798470246694,3.449319763191038,3.9920798470246694,0.0144943266767803,0.019215647729396768,0.6334106356420056,0.7460800151030327,0.0032017481741419777,1.3826923989191804,5.136518212512224,FOLLOWING,WALKING,0.508249631349692
5.95,P,-0.7141395441437557,1.9223826367096741,0.9856901426556351,1.565178431409162,1.726449763975555,0.906449763975555,0.13205470395157137,0.36496213180415465,0.1617161987990245,0.45,0.12713630989722705,0.3381981009029161,0.39172616270539323,3.468698470799139,4.017704232875828,3.468698470799139,4.017704232875828,0.01937870760810112,0.02562438585115867,0.6680941149759451,0.7870706883886963,0.0042842247478009085,1.4594490281124424,5.209490663917847,FOLLOWING,WALKING,0.5098969439523445
6.0,P,-0.7487134640318428,1.9095442820137258,0.9685193409140844,1.5711176586908238,1.7369559028394723,0.9169559028394724,0.1354624774630122,0.36745681809095126,0.16383201337662867,0.45,0.14539333272107374,0.3403426198771192,0.3945710163047833,3.490693537201223,4.046882218510598,3.490693537201223,4.046882218510598,0.021995066402083818,0.02917798563477003,0.689682247044198,0.8130775560542667,0.0049915895353994195,1.5077513926338642,5.28487823354954,FOLLOWING,WALKING,0.5115065236192982
6.05,P,-0.7638263475266422,1.9032480969480237,0.9511818684206279,1.5769585868301519,1.7502631475741581,0.9302631475741582,0.13981617954338477,0.3703729690202304,0.16632399627732275,0.45,0.1719586763550553,0.3428463476363335,0.39789959040412737,3.516372796270087,4.081021440042332,3.516372796270087,4.081021440042332,0.025679259068863924,0.03413922153173399,0.7191397822628012,0.848443160482561,0.005968462387654013,1.573551405133016,5.36355580380619,FOLLOWING,WALKING,0.5130776947528809
6.1,P,-0.7842350860641893,1.8948237652797415,0.933682983208994,1.582691552746121,1.745771469917984,0.9257714699179841,0.13808101942209872,0.37258549950147263,0.1683325342715738,0.45,0.11436438586977708,0.34472646507952714,0.4004445339234181,3.535656052097714,4.10712342485557,3.535656052097714,4.10712342485557,0.019283255827627244,0.026101984813237777,0.683470672350839,0.8080224211179142,0.004868672986843542,1.4963617664555968,5.43837389212897,FOLLOWING,WALKING,0.5146097978768441
6.15,P,-0.8018913458265738,1.8872441267181221,0.9160460377068522,1.5883059703415014,1.7460438169863992,0.9260438169863993,0.1379479428917465,0.3744842130829057,0.1701222531348022,0.45,0.09040254807945287,0.3463289801890959,0.40263944597671547,3.5520921045035476,4.129635343350928,3.5520921045035476,4.129635343350928,0.016436052405833568,0.02251191849535772,0.6690653460022616,0.7921605552236721,0.004384382479059939,1.4656102837049936,5.51165440631422,FOLLOWING,WALKING,0.5161021899131685
6.2,P,-0.8161748935364039,1.8808828834763214,0.8982658815450929,1.5937902412438407,1.7437525269026928,0.9237525269026928,0.13689332056261172,0.3759635473531914,0.17159062609727455,0.45,0.0604323111336649,0.3475652987340924,0.4043617959722903,3.56477229470864,4.14730047151067,3.56477229470864,4.14730047151067,0.01268019020509259,0.017665128159742416,0.6476742948070683,0.7680078548592151,0.0036282101180391477,1.4193103597843224,5.582619924303436,FOLLOWING,WALKING,0.5175542444519864
6.25,P,-0.8314960449788783,1.8740026913145922,0.8804164470045318,1.599135135317701,1.738312214904466,0.9183122149044661,0.13468454245262862,0.3768987468828745,0.17261397671865195,0.45,0.023199829892061066,0.3483311337359376,0.4054663600298114,3.572627012676283,4.158629333639091,3.572627012676283,4.158629333639091,0.0078547179676427,0.01132886212842088,0.6179958234137719,0.7339847632677219,0.0025436825328017834,1.3545242692142956,5.65034613776415,FOLLOWING,WALKING,0.518965352014509
6.3,P,-0.8551806301643445,1.8633136745222385,0.8625014528067328,1.6043299290689734,1.7338386757563558,0.9138386757563558,0.13277810248878552,0.37742902013830615,0.1732776228827728,0.45,-0.001587704935877881,0.34875157355120723,0.40610646672540507,3.5769392159098174,4.165194530516975,3.5769392159098174,4.165194530516975,0.0043122032335345395,0.006565196877883928,0.5955332172178162,0.7081744469746418,0.0016559284284594872,1.3053635926209175,5.715614317395196,FOLLOWING,WALKING,0.5203349203088453
6.35,P,-0.8787887645089768,1.8522964307158392,0.8445089836625087,1.6093789911264138,1.7370965196467527,0.9170965196467528,0.1336750047048354,0.3780763065502128,0.1739959862296483,0.45,0.013096103267761934,0.349279970829206,0.4068726422712196,3.5823586751713434,4.173052741243278,3.5823586751713434,4.173052741243278,0.005419459261525983,0.007858210726302772,0.6032956107727083,0.7175628311654836,0.00179988968175601,1.3226583316199478,5.781747233976193,FOLLOWING,WALKING,0.5216623744786084
6.4,P,-0.9023136452288072,1.8409513425139061,0.8264365273381047,1.6142803081218262,1.7403344538650019,0.9203344538650019,0.13458602458381863,0.37882160621623034,0.17476550092549897,0.45,0.02446187110915057,0.3498979158130603,0.4077452966194004,3.588696572441644,4.18200304225026,3.588696572441644,4.18200304225026,0.006337897270300541,0.008950301006982464,0.6101580426389033,0.7259205634489633,0.0019365785465742405,1.3380151846344408,5.848647993207915,FOLLOWING,WALKING,0.5229471573442034
6.45,P,-0.9257484543666641,1.8292789724663605,0.8082728531983762,1.6190361158305557,1.7435472224699,0.9235472224699001,0.1355160136091147,0.379648399587783,0.17558361267017955,0.45,0.03321644132668942,0.3505893116908683,0.4087074874846977,3.595787812214034,4.19187166650972,3.595787812214034,4.19187166650972,0.007091239772389901,0.009868624259460113,0.6162308879521495,0.7333774567462874,0.002068517026064446,1.3516768617245012,5.9162318362941395,FOLLOWING,WALKING,0.5241887296366947
6.5,P,-0.9601659612737907,1.8116834272723294,0.7900314363516042,1.623640446480401,1.746720342200192,0.9267203422001921,0.13646327142409787,0.38054175007586855,0.1764477930454148,0.45,0.039870551048102575,0.3513396403268524,0.4097438598248847,3.6034834905318194,4.202501126409074,3.6034834905318194,4.202501126409074,0.007695678317785504,0.010629459899353932,0.621574513519821,0.7400049027918166,0.0021957511680492357,1.3637751674796867,5.984420594668124,FOLLOWING,WALKING,0.5253865702241574
6.55,P,-1.003035618137566,1.7889426193752063,0.771682907216862,1.628099111451626,1.7602701762172244,0.9402701762172244,0.1412732344016634,0.3821073611783126,0.17787490038509787,0.45,0.0907182994924626,0.3526690651645789,0.41154565719204633,3.617118617072604,4.220981099405603,3.617118617072604,4.220981099405603,0.013635126540784803,0.018479972996528815,0.6633415034154394,0.7893768829784156,0.0036553906927435545,1.4563737770865985,6.0572392835224536,FOLLOWING,WALKING,0.5265401763304135
6.6,P,-1.0199109157059256,1.7791483253240319,0.753154132047305,1.6324242828751268,1.7819922778388684,0.9619922778388684,0.1490331829837621,0.3847249641532257,0.18020689004939597,0.45,0.16633752073935482,0.35490072385005067,0.41454920445640075,3.6400074241030835,4.251786712373341,3.6400074241030835,4.251786712373341,0.022888807030479352,0.030805612967737872,0.7296421541157607,0.8678806908114821,0.0060514647124391445,1.6035743096396822,6.1374179990044375,FOLLOWING,WALKING,0.5276490637460661
6.65,P,-1.0427456243618356,1.7658619998045297,0.7344970480659804,1.6366015974548382,1.7791255178308005,0.9591255178308006,0.14784359044106798,0.3867819535621298,0.18214508575400054,0.45,0.11712952214119819,0.3566369418698427,0.4169269652544169,3.657814788408643,4.276174002609404,3.657814788408643,4.276174002609404,0.017807364305559403,0.024387290236063563,0.7006131107968704,0.8349181040091909,0.005083672648654608,1.5406148874547156,6.214448743377173,FOLLOWING,WALKING,0.5287127670317385
6.7,P,-1.052381524017392,1.7597255275490273,0.7157121635881994,1.6406274766474973,1.7819370831524801,0.9619370831524802,0.1487016486673416,0.3886979089168277,0.1840052997486916,0.45,0.10373191468552483,0.35824503180841927,0.41915078602523614,3.67430801854789,4.298982420771653,3.67430801854789,4.298982420771653,0.01649323013924686,0.022808418162248323,0.6957992263756777,0.8302058413902498,0.004928964965133682,1.5309340327310612,6.290995445013726,FOLLOWING,WALKING,0.5297308397134362
6.75,P,-1.0823220161653528,1.7416873263211057,0.6968967921863948,1.6444757245253225,1.7721003453188768,0.9521003453188769,0.14484838123156418,0.38974739760025195,0.1851593012400836,0.45,0.03762924698685477,0.3591035332450181,0.4203912619554858,3.683113161487365,4.311705250825495,3.683113161487365,4.311705250825495,0.008805142939475097,0.01272283005384267,0.6463212724674753,0.7728898986430562,0.003076907180776668,1.422288078291308,6.3621098489282915,FOLLOWING,WALKING,0.5307028544699469
6.8,P,-1.1102188292449646,1.724230567065014,0.6779695131282852,1.648162403330118,1.7818725160673854,0.9618725160673854,0.14826642711342952,0.391218415189188,0.1866593387763882,0.45,0.07234836394318453,0.36032629462169574,0.4221105357566802,3.695654303812264,4.329338828273643,3.695654303812264,4.329338828273643,0.012541142324899113,0.017633577448147975,0.6738616191989599,0.8058675819239319,0.00403194261119593,1.4837611437340879,6.436297906114995,FOLLOWING,WALKING,0.5316284033122037
6.85,P,-1.1169177156756518,1.7194062425639673,0.6589311113524148,1.6516850476132305,1.7898055518222058,0.9698055518222058,0.1510009871697271,0.39293817119442326,0.18837853816666253,0.45,0.09133708119689385,0.3617615231278406,0.4241148192610059,3.7103745961829806,4.349895582164163,3.7103745961829806,4.349895582164163,0.014720292370716592,0.020556753890519808,0.6917207663002343,0.8276370076298054,0.004663587858579283,1.524021361788619,6.5124989742044255,FOLLOWING,WALKING,0.5325070977545316
6.9,P,-1.131483648579554,1.7096831615439605,0.6398219250746073,1.6550352271747495,1.7771396165474775,0.9571396165474776,0.14597194472173092,0.39365595302044243,0.18924689688742996,0.45,0.015512808124772681,0.36233559158557277,0.4249763144553121,3.716262477800746,4.358731430310893,3.716262477800746,4.358731430310893,0.005887881617765434,0.008835848146730108,0.6330463229656651,0.7592897237026814,0.002366412383381404,1.3947024590517278,6.582234097157012,FOLLOWING,WALKING,0.533338568977709
6.95,P,-1.1536436565749206,1.694809155484563,0.6206687177290763,1.6582054233296035,1.7721483662462123,0.9521483662462124,0.1437792267139142,0.3939739519963839,0.18973240280506537,0.45,-0.009861510988244435,0.3625732393321456,0.42537466466062224,3.7186998905861084,4.3628170734422795,3.7186998905861084,4.3628170734422795,0.0024374127853623584,0.004085643131386263,0.609599064926357,0.7320489042021201,0.0013264733423382436,1.3429744424708152,6.649382819280553,FOLLOWING,WALKING,0.5341224679837742
7.0,P,-1.1756392975505097,1.6796261494525486,0.6014637208063881,1.6611956373423475,1.7746898982120674,0.9546898982120674,0.14449682608729075,0.3943965159590122,0.19026623404634307,0.45,0.0034907620789315936,0.36290745422434245,0.42588557769368196,3.7221277356342815,4.368057207114687,3.7221277356342815,4.368057207114687,0.0034278450481730616,0.005240133672407055,0.616498861163871,0.740413394419434,0.0014626088624763928,1.3583748644457814,6.717301562502842,FOLLOWING,WALKING,0.5348584657425123
7.05,P,-1.1974640385757607,1.6641369042803182,0.5822039196701876,1.66400555452093,1.7771985881239722,0.9571985881239723,0.14522730295868902,0.3949057367725039,0.19084529654113178,0.45,0.013761030033948215,0.3633208401949466,0.4264906333500612,3.726367591743042,4.374262906154474,3.726367591743042,4.374262906154474,0.004239856108760431,0.0062056990397874046,0.6224908069231042,0.7477262972211223,0.0015913634908866865,1.371808467635113,6.785891985884597,FOLLOWING,WALKING,0.5355462533295606
7.1,P,-1.2237768525335482,1.6449906472992348,0.5628892168163916,1.6666371613796627,1.7796679630931331,0.9596679630931332,0.14597997589662626,0.3954859049610821,0.19146806363306315,0.45,0.021598853290787548,0.3637979404298102,0.42717386949235403,3.7312609274852324,4.381270456331836,3.7312609274852324,4.381270456331836,0.00489333574219053,0.0070075501773620985,0.6276765239533632,0.7541089960202205,0.001717056132285524,1.383502576105869,6.8550671146898905,FOLLOWING,WALKING,0.5361855420560757
7.15,P,-1.2551748958956028,1.6214641109110788,0.5435068658402327,1.6690889387939563,1.7867971946861227,0.9667971946861228,0.1485936789835982,0.3964000495814331,0.1923814039325426,0.45,0.048215724575968705,0.3645609272305973,0.4282391719322689,3.739086433134331,4.392196635202758,3.739086433134331,4.392196635202758,0.007825505649098563,0.010926178870922065,0.6492580349685053,0.7798761567143944,0.0025302195227811866,1.4316644112056809,6.926650335250175,FOLLOWING,WALKING,0.5367760635899057
7.2,P,-1.281888743083729,1.6006449506450502,0.5240193979459565,1.6713614871331948,1.799312147525271,0.979312147525271,0.15332627014346656,0.3979129153132661,0.19384231000865632,0.45,0.09267405766150771,0.3658320130068335,0.42999381761969874,3.752123210326497,4.410193001227679,3.752123210326497,4.410193001227679,0.013036777192166227,0.017996366024920718,0.687955417876504,0.8260264389262321,0.00407786988239373,1.51805972668513,7.002553321584431,FOLLOWING,WALKING,0.5373175700682192
7.25,P,-1.3118917734317268,1.576579456956806,0.504429677676581,1.6734513629199104,1.8072921851129033,0.9872921851129034,0.1563000731831803,0.39966717430436455,0.19555858888752,0.45,0.10739793036155887,0.36730222784348,0.4320321207652491,3.767202336856205,4.4310986745153755,3.767202336856205,4.4310986745153755,0.015079126529707665,0.020905673287696658,0.7056906335431716,0.8477056601799015,0.0048331162899077715,1.558229410012981,7.080464792085079,FOLLOWING,WALKING,0.5378098342015419
7.3,P,-1.3282657287763338,1.5625962719120887,0.48471202204405184,1.6753595987888101,1.8189029055782813,0.9989029055782813,0.16066341934279116,0.40183751773680926,0.1976922916100448,0.45,0.13485755572967895,0.36911944347534686,0.43455559199827165,3.7858404459009933,4.4569804307515035,3.7858404459009933,4.4569804307515035,0.018638109044788465,0.025881756236127984,0.7349468815455753,0.8831831305539114,0.006074158763959514,1.624204170863446,7.161675000628251,FOLLOWING,WALKING,0.5382526493691583
7.35,P,-1.3448154728546817,1.5481932733173838,0.46489081343817995,1.6770780769180456,1.816481184284068,0.9964811842840681,0.15960824496413561,0.40354226853509617,0.19947017551919863,0.45,0.09453331977461124,0.3705299544866688,0.43655458258352353,3.8003072255042953,4.477482898292549,3.8003072255042953,4.477482898292549,0.014466779603302005,0.020502467541045455,0.7096200502212174,0.8542593018145337,0.005106741341928075,1.5689860933776794,7.240124305297135,FOLLOWING,WALKING,0.5386458297058373
7.4,P,-1.3610803161033598,1.533739280703552,0.44498176198647876,1.6786019116507191,1.814289981024831,0.994289981024831,0.1586124341102071,0.40486489866086084,0.20093583657215672,0.45,0.06409469508355371,0.3716100177081689,0.43811977961355275,3.811384797006861,4.493536201164644,3.811384797006861,4.493536201164644,0.011077571502565497,0.016053302872094832,0.6885118789519333,0.8301315161757304,0.004240855149226025,1.52288425027689,7.316268517810979,FOLLOWING,WALKING,0.538989210179847
7.45,P,-1.3737632975226508,1.5221071675395257,0.42501346987407507,1.6799285453561938,1.8118624152399432,0.9918624152399432,0.1574975128197469,0.40584908303217176,0.20210441714560687,0.45,0.0393125727116656,0.3724008019945738,0.4392973640697697,3.819495405072552,4.505613990459176,3.819495405072552,4.505613990459176,0.008110608065690972,0.012077789294532515,0.6693667168044334,0.8081573382962728,0.0034009242578614454,1.4809249793585675,7.390314766778907,FOLLOWING,WALKING,0.5392826466622241
7.5,P,-1.3851541584706697,1.5114958541594687,0.405009840952636,1.6810556543264288,1.8056869734874221,0.9856869734874222,0.15487208189667268,0.40632676241177557,0.202801706487097,0.45,0.003491863004006456,0.372763079988161,0.43989044483539014,3.823211076801651,4.511696870106565,3.823211076801651,4.511696870106565,0.003715671729099146,0.00608287964738885,0.6389500736801097,0.772649962795053,0.002036325144520272,1.4136363616196832,7.460996584859891,FOLLOWING,WALKING,0.5395260159872697
7.55,P,-1.4049273598589345,1.49313457979837,0.3849945319784774,1.6819787038724285,1.7981762067895082,0.9781762067895082,0.15165623423408459,0.406324472002791,0.2029951274599887,0.45,-0.030323720327696462,0.3727287784081629,0.4399201655974191,3.8228592657247473,4.512001698435068,3.8228592657247473,4.512001698435068,-0.0003518110769036298,0.0003048283285025377,0.6096466682862284,0.7382034413179366,0.0005653946166564687,1.3484155042208215,7.528417360070931,FOLLOWING,WALKING,0.5397192160042467
7.6,P,-1.4244632361258132,1.4745088161132938,0.36495831440135046,1.6826981915492207,1.7998562392802704,0.9798562392802704,0.15218632538972088,0.40639325770621354,0.20324076864160215,0.45,-0.016260358896249504,0.3727569104960284,0.4400296049163987,3.823147799959265,4.513124152988705,3.823147799959265,4.513124152988705,0.000288534234517801,0.00112245455363702,0.6137890864349647,0.7432453626783508,0.0007189099568805108,1.357753359070196,7.596305028024441,FOLLOWING,WALKING,0.5398621656202558
7.65,P,-1.4437563868167702,1.4556233219468682,0.34491866122356934,1.6832155634210562,1.8014916878896332,0.9814916878896333,0.15275016142595277,0.4065482728418932,0.20353796356994555,0.45,-0.005487106057878171,0.3728627398710672,0.4402338058127192,3.8242332294468433,4.515218521156094,3.8242332294468433,4.515218521156094,0.0010854294875781711,0.0020943681673895043,0.6192932903335429,0.7499105969184611,0.0008710624871759851,1.37007494973918,7.6648087755114,FOLLOWING,WALKING,0.5399548048342733
7.7,P,-1.4628015401166772,1.4364830016753172,0.3248618792600099,1.6835294320968288,1.8030964078111176,0.9830964078111176,0.15330625903418937,0.40677470587846853,0.20388051218256656,0.45,0.0027808249293862592,0.3730324811122538,0.4405169306446833,3.825974165253885,4.518122365586495,3.825974165253885,4.518122365586495,0.0017409358070414882,0.002903844430401037,0.6240109782138096,0.7556626328993724,0.0010056814068758234,1.3806792925200577,7.733842740137402,FOLLOWING,WALKING,0.5399970947623354
7.75,P,-1.4861280843162012,1.4124788034829296,0.3047731703681508,1.6836377263084827,1.8046529970500036,0.9846529970500036,0.153877114189239,0.4070586713143229,0.20426587137985716,0.45,0.009018036096019791,0.37325266960095654,0.4408646730276892,3.8282325087277593,4.521688954130146,3.8282325087277593,4.521688954130146,0.0022583434738745467,0.0035665885436504396,0.6279744136927802,0.7605409725159807,0.0011335065440948274,1.3896488927528556,7.803325184775045,FOLLOWING,WALKING,0.5399890176538594
7.8,P,-1.5250276128166067,1.3714445070563805,0.28466609749765504,1.6835410419321601,1.8113129120772868,0.9913129120772869,0.15661685679310633,0.40768820214356494,0.2049825599089408,0.45,0.03633769427494183,0.3737635884786352,0.44161281580849465,3.8334727023449764,4.529362213420458,3.8334727023449764,4.529362213420458,0.005240193617217059,0.007673259290312373,0.6502658924240818,0.7872201400471326,0.002115484550624687,1.439601517021839,7.875305260626137,FOLLOWING,WALKING,0.5399305768990944
7.85,P,-1.5382174077152264,1.3563253838831772,0.26445176059546316,1.6832344273277422,1.8364083348298297,1.0164083348298298,0.16687446939707495,0.4096791875746716,0.20701235728665182,0.45,0.138763261645644,0.3754186424437307,0.4439397327056125,3.850447614807494,4.553228027749872,3.850447614807494,4.553228027749872,0.01697491246251781,0.02386581432941348,0.737871533293249,0.8917467327415121,0.006050781215628854,1.63566904725039,7.957088712988656,FOLLOWING,WALKING,0.5398217970276977
7.9,P,-1.5550760573092344,1.3369089331225872,0.24418144297295424,1.68271619025588,1.8320714104706166,1.0120714104706168,0.16516001264484625,0.41112015927238116,0.20860772326504087,0.45,0.08915287690306477,0.3765955810720169,0.4456447374727454,3.8625187802258143,4.570715256130722,3.8625187802258143,4.570715256130722,0.012071165418320096,0.01748722838085026,0.7062876111446056,0.8552079000762878,0.004792401569177937,1.5662879127900715,8.03540310862816,FOLLOWING,WALKING,0.5396627236984395
7.95,P,-1.5649853395870257,1.3248665534405286,0.22383534264630228,1.681980980837259,1.8321872752008082,1.0121872752008083,0.16520423767661363,0.41235172164254225,0.21004952302487961,0.45,0.07004904879723331,0.3775885255819247,0.4471149177031598,3.872702826481279,4.585794027724716,3.872702826481279,4.585794027724716,0.01018404625546454,0.015078771593993956,0.6953398291274766,0.8429951607565638,0.004361030666661811,1.542696020550702,8.112537909655694,FOLLOWING,WALKING,0.5394534236800377
8.0,P,-1.5821154594679536,1.3043539932235735,0.2034890635463288,1.6810318284150412,1.824119005832844,1.0041190058328442,0.16188003879599133,0.4129314070087164,0.21089837595985048,0.45,0.019137872842799726,0.37802772578736116,0.4478350882300716,3.8772074439729347,4.5931803921032985,3.8772074439729347,4.5931803921032985,0.004504617491655871,0.007386364378582755,0.6555928696906597,0.7963875289810496,0.0025779125579631543,1.4545583112296725,8.185265825217177,FOLLOWING,WALKING,0.5391939848231331
8.05,P,-1.6090775291134158,1.2715731757826645,0.18312693497948998,1.6798662185090454,1.8249026560706174,1.0049026560706174,0.16219297508686292,0.4134696678928162,0.2117045900005919,0.45,0.018375601863585698,0.3784325582477182,0.4485067775379142,3.8813595717714686,4.600069513209376,3.8813595717714686,4.600069513209376,0.004152127798533911,0.006889121106077312,0.6538050424559013,0.7947065787206117,0.002457780666449575,1.4509694018429626,8.257814295309325,FOLLOWING,WALKING,0.5388845160234155
8.1,P,-1.6125834593478694,1.2663238038893367,0.16271572173396193,1.6784804316677104,1.8381240572532926,1.0181240572532926,0.16769667879430994,0.4146912412438633,0.21317318263776455,0.45,0.07250713465736806,0.3794110795173133,0.4499714029704133,3.8913956873570594,4.61509131251706,3.8913956873570594,4.61509131251706,0.01003611558559081,0.015021799307683992,0.6985072202297361,0.8484504284051213,0.0045081297570885165,1.5514657783919459,8.335387584228922,FOLLOWING,WALKING,0.5385251471759157
8.15,P,-1.6233089801873855,1.2522928640886815,0.14230795032169188,1.6768748024867506,1.822514819739873,1.002514819739873,0.16116863529920034,0.41482748220567384,0.21361363013938015,0.45,-0.012125080026298092,0.3794744264176064,0.45018053799374125,3.8920453991549375,4.617236287115294,3.8920453991549375,4.617236287115294,0.0006497117978780942,0.0021449745982344837,0.6306827948573571,0.7682859286425301,0.0013548324917653338,1.4003235559916525,8.405403762028506,FOLLOWING,WALKING,0.5381160291204846
8.2,P,-1.6385542011111616,1.2322385685778605,0.1219244568811437,1.6750533354308583,1.8159496049489254,0.9959496049489255,0.15836170964974183,0.41480809102207683,0.2136310979281573,0.45,-0.03834450750068118,0.37945214431496677,0.4501640377291869,3.8918168647688898,4.617067053632686,3.8918168647688898,4.617067053632686,-0.00022853438604775178,-0.00016923348260799997,0.6233245074168045,0.7595738221155262,5.373594568568455e-05,1.3829520654780163,8.474551365302407,FOLLOWING,WALKING,0.5376573335784801
8.25,P,-1.654564547552178,1.2106559865846733,0.10156381033234121,1.6730151574609848,1.8153154059252246,0.9953154059252246,0.1581092268792812,0.41478620275182226,0.21361273376404452,0.45,-0.032699191554815134,0.3794332953138729,0.45013911018977165,3.8916235416807474,4.616811386561761,3.8916235416807474,4.616811386561761,-0.00019332308814234977,-0.0002556670709257247,0.6234453640347876,0.7597101450120356,5.64885979116581e-05,1.383211997644735,8.543711965184645,FOLLOWING,WALKING,0.5371492530806894
8.3,P,-1.6702751868749366,1.1888871098551563,0.08122633446215241,1.670758494056169,1.8159743424012378,0.9959743424012378,0.15844990687957194,0.4147673144817154,0.21364219781638227,0.45,-0.022606048918297643,0.37940953074310413,0.45012509822032665,3.8913798024933755,4.616667674054632,3.8913798024933755,4.616667674054632,-0.00024373918737197187,-0.00014371250712841288,0.6232128179440027,0.7594597039165397,9.064461453140417e-05,1.382763166475074,8.6128501235084,FOLLOWING,WALKING,0.536592000886517
8.35,P,-1.6874251896027075,1.1644929499991143,0.06091830433362746,1.6682858585238403,1.8165785450009964,0.9965785450009964,0.15880166264791873,0.4147511346040808,0.21371620249221307,0.45,-0.014974226717334472,0.37938110309161954,0.45012116611654207,3.8910882368371236,4.616627344785047,3.8910882368371236,4.616627344785047,-0.0002915656562518798,-4.032926958519312e-05,0.6229897764004884,0.7592508001959636,0.00022775037530723842,1.382468326971759,8.681973539856989,FOLLOWING,WALKING,0.535985810894473
8.4,P,-1.7103429298883235,1.1310229092657602,0.04057848898703896,1.6655877331989237,1.8194813182523513,0.9994813182523513,0.16018645336051973,0.41474735922326844,0.21396975344666194,0.45,0.0010923054664405182,0.37933536502784587,0.450159353418691,3.8906191284907266,4.617019009422472,3.8906191284907266,4.617019009422472,-0.00046910834639701804,0.0003916646374246824,0.6221273166075171,0.7584047032789698,0.0007812321870180997,1.381313252073505,8.751039202460666,FOLLOWING,WALKING,0.535330937543996
8.45,P,-1.7288363404353844,1.1028499221216856,0.02022744884083038,1.6626664573787635,1.8307062478899248,1.010706247889925,0.16524886526364968,0.41534233986288555,0.21488137491258846,0.45,0.05024168866914674,0.37977947231485215,0.45090520741091894,3.8951740750241246,4.624668793958143,3.8951740750241246,4.624668793958143,0.004554946533398052,0.007649784535670889,0.6600091841922033,0.8038588374356327,0.002820822825572891,1.466688844453409,8.824373644683337,FOLLOWING,WALKING,0.5346276557086574
8.5,P,-1.7489374778881526,1.0712566216024244,-0.00014938243078063633,1.6595154633234483,1.8364690828065986,1.0164690828065988,0.1679512803744001,0.416177488266036,0.21606666027187366,0.45,0.064544990795299,0.3804184559910409,0.4519365205410311,3.9017277537542654,4.635246364523396,3.9017277537542654,4.635246364523396,0.006553678730140788,0.010577570565253325,0.676348183072185,0.8239008023865181,0.0036878493463185003,1.5039368348050217,8.89957048642359,FOLLOWING,WALKING,0.5338762605807863
8.55,P,-1.762045911411411,1.049481204134985,-0.02053759797717557,1.6561356364158997,1.8450767647109925,1.0250767647109926,0.17187677940532264,0.4173791504711723,0.21766335946440488,0.45,0.08821889319966572,0.3813558644798133,0.4534024364625313,3.9113421997929567,4.6502813996157055,3.9113421997929567,4.6502813996157055,0.009614446038691327,0.015035035092309634,0.701302850388682,0.854412147937479,0.00500461790832638,1.5607196162344872,8.977606467235315,FOLLOWING,WALKING,0.5330770675475673
8.6,P,-1.7721819569622852,1.0319166114302443,-0.040932067981520014,1.6525243799154332,1.84414771804393,1.0241477180439302,0.17170611022787385,0.41834477825568583,0.2190773483987274,0.45,0.06472293136066479,0.38208747709569646,0.4546020794156752,3.91884591893022,4.662585429904361,3.91884591893022,4.662585429904361,0.007503719137263332,0.012304030288655454,0.6879440448115872,0.8393122343278145,0.004460730428109802,1.5317170095675117,9.054192317713692,FOLLOWING,WALKING,0.5322304120586608
8.65,P,-1.7834494230300137,1.0121197242719557,-0.06131894645664058,1.6486836370919533,1.8391248408958207,1.0191248408958207,0.16974918246655335,0.41887512087191947,0.22008575319183937,0.45,0.02838322700963678,0.38245092871867004,0.4552993130251689,3.922573627883795,4.669736543847886,3.922573627883795,4.669736543847886,0.003727708953574993,0.007151113943525189,0.6612177577125654,0.8080993383273852,0.0031958716091660443,1.4725129676491167,9.12781796609615,FOLLOWING,WALKING,0.5313366494854034
8.7,P,-1.7917190548886486,0.9969769585615558,-0.08166409054605331,1.644616621531823,1.8360138870519305,1.0160138870519306,0.1686035042331122,0.4191450861464416,0.2208386509441256,0.45,0.008450720154400706,0.3825962894151888,0.45569388287769436,3.9240645068224493,4.673783414130198,3.9240645068224493,4.673783414130198,0.0014908789386542942,0.004046870282311765,0.6450669712334998,0.7893354959331683,0.002394272504358063,1.436796739671026,9.1996578030797,FOLLOWING,WALKING,0.5303961549716456
8.75,P,-1.7987519871468531,0.9838115940405259,-0.10196561053781028,1.640324931828226,1.8285855501247394,1.0085855501247396,0.1655308016538779,0.4191304626205746,0.22110144407298657,0.45,-0.0260931207592075,0.3825381736264953,0.45572275161465386,3.9234684474512336,4.67407950374004,3.9234684474512336,4.67407950374004,-0.0005960593712157625,0.00029608960984184307,0.6288380904106947,0.7701935726228712,0.0008366967400840712,1.39986835977365,9.269651221068385,FOLLOWING,WALKING,0.5294093232762909
8.8,P,-1.8102732820698846,0.9623837093871548,-0.12221333471982092,1.6358110392648986,1.819366310158345,0.9993663101583451,0.1616234224657611,0.4190769271588872,0.22081046169856566,0.45,-0.06091729004431712,0.3825327957477746,0.45562105856999985,3.923413289720765,4.673036498153844,3.923413289720765,4.673036498153844,-5.515773046838035e-05,-0.0010430055861956333,0.6312839916207296,0.7729177634910962,0.0009252281151651495,1.4051269832269908,9.339907570229736,FOLLOWING,WALKING,0.528376568607601
8.85,P,-1.8225128178662229,0.9389988224610141,-0.14242059969860044,1.6310725127526386,1.8174297110132671,0.9974297110132672,0.16099776449875192,0.4190156131654482,0.2204641137360406,0.45,-0.05603652247291014,0.3825288023421335,0.45550242398876295,3.9233723317141895,4.671819733218081,3.9233723317141895,4.671819733218081,-4.0958006575664285e-05,-0.0012167649357630594,0.6317673967972603,0.7732670222873064,0.0010995450710741123,1.4061339641556407,9.41021426843752,FOLLOWING,WALKING,0.5272983244493387
8.9,P,-1.8344257068988876,0.9155075563524135,-0.16255661662938448,1.626116075887591,1.8170514176382762,0.9970514176382762,0.16113408268111362,0.41895314781041304,0.2201708035243869,0.45,-0.045372978378830094,0.382514879827127,0.4553914157936991,3.923229536688482,4.670681187627682,3.923229536688482,4.670681187627682,-0.00014279502570735403,-0.0011385455903987207,0.631813709826063,0.7731331794170753,0.000929928167736554,1.405876817410875,9.480508109308063,FOLLOWING,WALKING,0.5261750433788185
8.95,P,-1.8460109003068894,0.8919167650728393,-0.18262683243801386,1.6209426299909133,1.8166206877151192,0.9966206877151192,0.16128497761852634,0.4188892938597519,0.21992719515044926,0.45,-0.037286134797378065,0.38249134306235255,0.4552872446571512,3.9229881339728467,4.669612765714371,3.9229881339728467,4.669612765714371,-0.00024140271563544147,-0.001068421913311468,0.6318567869355012,0.7730307045377514,0.0007714959320918243,1.4056589874053445,9.550791058678332,FOLLOWING,WALKING,0.5250071968769444
9.0,P,-1.8574965981467266,0.8677601241784424,-0.2026418295327817,1.615546137099665,1.8161291994127384,0.9961291994127385,0.16145132633550618,0.4188237780950435,0.21973040469069766,0.45,-0.031245733672430255,0.38245839611873306,0.45518916007135396,3.92265021660239,4.668606769962604,3.92265021660239,4.668606769962604,-0.0003379173704565197,-0.0010059957517665197,0.6318992768550818,0.7729608000101301,0.0006226682019910119,1.405482745067203,9.621065195931694,FOLLOWING,WALKING,0.5237952751303128
9.05,P,-1.8811859364641055,0.8167316609683859,-0.22258415950390095,1.6099308307755238,1.8159648196826206,0.9959648196826206,0.16181301550923566,0.4187579656174074,0.2196021213153747,0.45,-0.02509494307701412,0.3824138145397129,0.4551021166951019,3.922192969638081,4.66771401738566,3.922192969638081,4.66771401738566,-0.00045724696430937684,-0.0008927525769442113,0.6318335806038945,0.7728102689114615,0.00040566673944597564,1.405049516254802,9.691317671744434,FOLLOWING,WALKING,0.5225397868254631
9.1,P,-1.8913517757334046,0.7928919337971354,-0.2424914166672408,1.604089045384106,1.838511565783115,1.0185115657831152,0.1724831998416101,0.4191583762186125,0.22092714116245463,0.45,0.07963162724210367,0.38259493435622627,0.45572181808099876,3.924050608781808,4.674069929035885,3.924050608781808,4.674069929035885,0.0018576391437270523,0.006355911650224755,0.6532991333481963,0.7992006383039186,0.0042153529939037955,1.4567151246460188,9.764153427976735,FOLLOWING,WALKING,0.5212412589353645
9.15,P,-1.900201433953609,0.7712467503205805,-0.2623433956784378,1.5980189106860085,1.8376020345947712,1.0176020345947712,0.17254303807491134,0.41944161650001366,0.22212773718632223,0.45,0.058110732020127204,0.3826794759956773,0.45620375700435,3.924917702519767,4.679012892352308,3.924917702519767,4.679012892352308,0.0008670937379591237,0.004942963316422855,0.6460655302303968,0.7913647509710624,0.003840273764015069,1.4412705549654743,9.83621695572501,FOLLOWING,WALKING,0.5199002364982268
9.2,P,-1.9068019460555738,0.754250147627935,-0.28214730034388363,1.591720468283611,1.8347019263896545,1.0147019263896544,0.1716968171543276,0.41951164191660906,0.22309403378352424,0.45,0.03256589487318562,0.3825895793254358,0.4564337045077823,3.923995685389085,4.681371328284946,3.923995685389085,4.681371328284946,-0.0009220171306818514,0.002358435932638514,0.6324323780110811,0.7757723348411711,0.003104280082095666,1.411308992934348,9.906782405371729,FOLLOWING,WALKING,0.5185172823887279
9.25,P,-1.9128003504835562,0.7383813708573241,-0.3018888822610207,1.585202503548418,1.8278017550630863,1.0078017550630864,0.1690694925052334,0.4194866709958729,0.22360901189337834,0.45,-0.004959355835813761,0.38247937952751876,0.456493962464227,3.9228654310514743,4.681989358607456,3.9228654310514743,4.681989358607456,-0.0011302543376108254,0.0006180303225100658,0.6293802627538092,0.772498540875882,0.001658213946593175,1.4035370175762845,9.976959256250543,FOLLOWING,WALKING,0.517092977081756
9.3,P,-1.9309643121971831,0.6913114081126037,-0.32153769323221487,1.5784706511126818,1.819929061590894,0.9999290615908941,0.16595387826985064,0.4194285212641857,0.22365188427047034,0.45,-0.03850814882958048,0.3824141344174229,0.45644290811094856,3.9221962504351064,4.681465724214857,3.9221962504351064,4.681465724214857,-0.0006691806163678926,-0.0005236343925991704,0.6313506798320643,0.7748962347024504,0.000138074226044816,1.4063849887605595,10.047278505688572,FOLLOWING,WALKING,0.5156279184087634
9.35,P,-1.9321096698451654,0.6864939298067351,-0.3411059997927038,1.5715235213817287,1.8377446950742315,1.0177446950742315,0.17457936016991527,0.4196575465780715,0.22485490946636189,0.45,0.04835243123961053,0.3824440590613886,0.45687103409475444,3.922503169860396,4.6858567599461995,3.922503169860396,4.6858567599461995,0.0003069194252893759,0.004391035731342363,0.6421901155519314,0.7886277494592223,0.0038952881497143757,1.434713153160868,10.119014163346616,FOLLOWING,WALKING,0.5141227213068357
9.4,P,-1.9366594339818437,0.6729271090258714,-0.3606019282435093,1.5643534641198462,1.820596071643516,1.0005960716435158,0.16719465685937873,0.41959960543755986,0.22494069719574183,0.45,-0.03773904672825162,0.3823719200516646,0.45682729082345513,3.9217632825811752,4.685408111009796,3.9217632825811752,4.685408111009796,-0.0007398872792205857,-0.00044864893640372827,0.6312576372892672,0.7756439027039176,0.00027787898386893767,1.4071794189770537,10.18937313429547,FOLLOWING,WALKING,0.5125780175605804
9.45,P,-1.9437387294237225,0.6520364342643008,-0.3800062342416096,1.5569710524199087,1.8106899811812813,0.9906899811812814,0.16304645260810657,0.4195002944937182,0.22445789857826204,0.45,-0.07302325448186722,0.3823525122790158,0.45664807670842056,3.9215642285027257,4.683570017522262,3.9215642285027257,4.683570017522262,-0.00019905407844955647,-0.0018380934875334987,0.6338308583445756,0.7784050510437215,0.0015604986688704525,1.4137964080571674,10.26006295469833,FOLLOWING,WALKING,0.5109944555369449
9.5,P,-1.951701701920538,0.6277995114607264,-0.39932685725412603,1.5493739944538851,1.8067003015511214,0.9867003015511214,0.16168196542110458,0.41938489360037307,0.22383917405228496,0.45,-0.07451272886855996,0.3823395102947199,0.4564302769060262,3.92143087481764,4.681336173395141,3.92143087481764,4.681336173395141,-0.00013335368508560208,-0.002233844127121465,0.6348212180215543,0.7791827940597409,0.0019943249307926353,1.4159983370120879,10.330862871548936,FOLLOWING,WALKING,0.5093726999130738
9.55,P,-1.9593383230794992,0.6035437809984195,-0.4185477801325714,1.541569207189639,1.8053163673044055,0.9853163673044055,0.1616161879737552,0.4192644999207726,0.2232734420235134,0.45,-0.06420923920302665,0.3823127452658811,0.45621625457566406,3.9211563617013447,4.679141072570913,3.9211563617013447,4.679141072570913,-0.0002745131162953385,-0.0021951008242275805,0.635085272946218,0.779131639809066,0.0018189062975054644,1.4160358190527893,10.401664662501576,FOLLOWING,WALKING,0.5077134313973203
9.6,P,-1.9667264529659572,0.5790278897881895,-0.43767840405121666,1.5335528984149716,1.8038645174779362,0.9838645174779362,0.16156877143043902,0.4191388451114052,0.22275788196427132,0.45,-0.05647134581482556,0.3822724156463183,0.4560052745764921,3.9207427245776234,4.6769771751435085,3.9207427245776234,4.6769771751435085,-0.0004136371237213332,-0.0021638974274047484,0.6353403936186993,0.7791064546027948,0.0016537689622387979,1.4161006171837331,10.472469693360763,FOLLOWING,WALKING,0.5060173464435287
9.65,P,-1.9776525488206755,0.5414320421566139,-0.45671567689047377,1.5253253903037587,1.8025276497141265,0.9825276497141265,0.1616379003759958,0.41900842612558653,0.22230321031860362,0.45,-0.049929867896326544,0.3822172448178576,0.45579960743331543,3.920176869926745,4.674867768546825,3.920176869926745,4.674867768546825,-0.000565854650878439,-0.0021094065966833497,0.6355358464902584,0.7790541945457994,0.0014554795172079123,1.4160455205532656,10.543271969388426,FOLLOWING,WALKING,0.5042851569587083
9.7,P,-1.9863821661652288,0.5092146092623223,-0.47566082196583503,1.5168807074346842,1.8114345389566318,0.9914345389566318,0.16665172865991007,0.41891630243452194,0.22257087265583111,0.45,0.00024501570788791616,0.38208082300998186,0.455751781859062,3.91877767189725,4.6743772498365335,3.91877767189725,4.6743772498365335,-0.0013991980294951745,-0.0004905187102917097,0.6328618476551489,0.7760789241438529,0.0008578632956230466,1.409798635094625,10.613761901143159,FOLLOWING,WALKING,0.5025175900042202
9.75,P,-1.9950158076420872,0.4754005377529871,-0.4945010275692062,1.508230467290549,1.8159487727426493,0.9959487727426494,0.1695539436261364,0.41884352465015806,0.22320356777977643,0.45,0.02005374091062957,0.3819033341826051,0.45578371511771104,3.9169572736677445,4.674704770438062,3.9169572736677445,4.674704770438062,-0.0018203982295053045,0.00032752060152851925,0.6313060165110717,0.7746875925836751,0.002033565249333026,1.4080271743440798,10.684163259860364,FOLLOWING,WALKING,0.5007153874906047
9.8,P,-2.0013691901253923,0.4482903992793195,-0.5132423071663187,1.4993607224237613,1.8216152910441137,1.0016152910441138,0.17296468473285564,0.4187946615241408,0.22423344344073431,0.45,0.040574598436734395,0.38168402663469925,0.45590529641358235,3.914707965484095,4.675951758088024,3.914707965484095,4.675951758088024,-0.0022493081836496565,0.0012469876499618948,0.6293845633429441,0.7731302621046622,0.003325428947122352,1.4058402543947286,10.7544552725801,FOLLOWING,WALKING,0.4988793058661743
9.85,P,-2.0048351984206523,0.431470440143952,-0.531886948694671,1.4902791883223885,1.8218865068879702,1.00188650688797,0.17385078197336012,0.4187468625419533,0.22527995466306452,0.45,0.03284153649362033,0.38146303004521614,0.4560306950386905,3.9124413337970885,4.677237897832723,3.9124413337970885,4.677237897832723,-0.0022666316870063596,0.001286139744698822,0.6288999600611483,0.7732989366781042,0.003394915210381457,1.4055938119496338,10.824734963177583,FOLLOWING,WALKING,0.49701011579950594
9.9,P,-2.009358170615608,0.4095692672210267,-0.5504217477616729,1.4809902943663853,1.81401557644636,0.99401557644636,0.1708939519510686,0.4186661028333437,0.22582264271015234,0.45,-0.009015695478060241,0.3812924554648135,0.45603975020187393,3.910691850921164,4.677330771301271,3.910691850921164,4.677330771301271,-0.0017494828759243575,9.287346854858214e-05,0.6306513583216382,0.775797079308809,0.0017647379850323692,1.4082131756154794,10.895145621958358,FOLLOWING,WALKING,0.49510860185596417
9.95,P,-2.0121754372017526,0.3943712287997795,-0.5688425374889656,1.471496068850743,1.8100935067943456,0.9900935067943456,0.16977419845252184,0.4185692437112718,0.22615989523022756,0.45,-0.024289348941749923,0.38113978105066915,0.45599870637187445,3.9091259594940424,4.676909808942302,3.9091259594940424,4.676909808942302,-0.0015658914271217128,-0.00042096235896948997,0.6313745707296541,0.7769267607567512,0.001098331122331293,1.4093996626087366,10.965615605088797,FOLLOWING,WALKING,0.49317556216839087
10.0,P,-2.014518635174101,0.3811175109896853,-0.5871291233029237,1.461810811525978,1.8009463569046513,0.9809463569046514,0.16614278516383196,0.4184345489704525,0.22597318170432212,0.45,-0.05919315168921897,0.3810359873983872,0.45583311054251785,3.9080614092142274,4.67521139017967,3.9080614092142274,4.67521139017967,-0.001064550279815002,-0.0016984187626318814,0.6335564309151774,0.7794426872591458,0.0006075683930315951,1.4136066865673549,11.036295939417165,FOLLOWING,WALKING,0.49121180810210097
10.05,P,-2.01809640858471,0.3613289990124613,-0.6053179993179326,1.451916479214468,1.7903460080174067,0.9703460080174068,0.16174602769177948,0.41825625361943236,0.22521157727228014,0.45,-0.09281219342146635,0.38098373758087,0.4555287696579947,3.9075255136499485,4.672089945210202,3.9075255136499485,4.672089945210202,-0.0005358955642789098,-0.003121444969467646,0.6361978252742865,0.7821119034691798,0.0024699187497273403,1.4207796474931935,11.107334921791827,FOLLOWING,WALKING,0.48921816391432343
10.1,P,-2.02225577616217,0.3372733841390251,-0.6233845533857629,1.441824241575952,1.784747569171542,0.964747569171542,0.15982318305104748,0.41805576438197817,0.22426654925694353,0.45,-0.0970266417905483,0.38093965047995404,0.4551718782840023,3.907073338255939,4.668429520861562,3.907073338255939,4.668429520861562,-0.00045217539400965734,-0.0036604243486406673,0.6375086026017287,0.7830634501050924,0.0030519096760897326,1.4236239623829108,11.178516119910974,FOLLOWING,WALKING,0.4871954664082312
10.15,P,-2.0261128516886533,0.3132706052152442,-0.641314843155648,1.4315431278535713,1.7823785497409383,0.9623785497409384,0.15956095362788636,0.4178468605420195,0.22338062307101383,0.45,-0.08610446609128353,0.38087736742376677,0.4548163536602723,3.906434537679659,4.664783114464331,3.906434537679659,4.664783114464331,-0.0006388005762798521,-0.0036464063972303506,0.6379182120366791,0.7829812298090072,0.0028497419050737575,1.4237491837507599,11.249703579098513,FOLLOWING,WALKING,0.4851445645817053
10.2,P,-2.0296704740083356,0.28932598709523155,-0.6591243105851772,1.4210641675146019,1.7799435270044006,0.9599435270044007,0.15934664437677748,0.4176292986552164,0.2225543577547774,0.45,-0.077875583591967,0.3807965524468008,0.45446204486363206,3.9056056661210334,4.661149178088534,3.9056056661210334,4.661149178088534,-0.0008288715586255435,-0.00363393637579712,0.6383074318532845,0.7829188800650106,0.002648000833776687,1.4238743127520717,11.320897294736119,FOLLOWING,WALKING,0.48306631927098065
10.25,P,-2.0329315900937917,0.2654447397643786,-0.6768209275390633,1.410386510864234,1.7774217549846985,0.9574217549846985,0.1591338064007357,0.4174027762447497,0.22178198584339895,0.45,-0.07183875208842362,0.38069785758766717,0.4541076949018322,3.9045934111555605,4.6575148195059715,3.9045934111555605,4.6575148195059715,-0.0010122549654729696,-0.003634358582562669,0.6386811372608158,0.7828782576200786,0.0024666937389384407,1.4240260886198328,11.392098599167111,FOLLOWING,WALKING,0.48096160278932204
10.3,P,-2.0391399178007017,0.21716488162248912,-0.6943858774507939,1.399527731372181,1.77480359147256,0.95480359147256,0.15894514838384488,0.4171669342948083,0.2210613822908781,0.45,-0.06755414608237968,0.38058127552566795,0.4537525930639486,3.9033976976991585,4.653872749373832,3.9033976976991585,4.653872749373832,-0.0011957134564020144,-0.0036420701321393523,0.6390427772259957,0.782862112589678,0.0022938856906172247,1.4241987755062908,11.463308537942426,FOLLOWING,WALKING,0.47883129856088336
10.35,P,-2.042385332995886,0.18631395616109825,-0.7118154566138222,1.3884813057733416,1.790627079406992,0.9706270794069921,0.16795946930702765,0.4169992918111203,0.22162977241823903,0.45,0.016931112967244158,0.3803195644759017,0.45367901914633885,3.90071348180412,4.653118145090654,3.90071348180412,4.653118145090654,-0.002684215895038644,-0.0007546042831778621,0.6342608074723727,0.7776088974364324,0.001813999313833558,1.4136837042226384,11.53399272315356,FOLLOWING,WALKING,0.47667630074990375
10.4,P,-2.0439732803740185,0.16661413084273852,-0.7291243564395173,1.3772404839266945,1.7932156960079024,0.9732156960079025,0.17038935298981572,0.416843445019311,0.22246935783004027,0.45,0.02459618115845589,0.3800247662984393,0.45366212374018267,3.8976899107532232,4.652944858873668,3.8976899107532232,4.652944858873668,-0.0030235710508965674,-0.00017328621698631252,0.6329588233650286,0.7766921431753686,0.0026896611946591897,1.4123406277350563,11.604609754540313,FOLLOWING,WALKING,0.4744975138853945
10.45,P,-2.0453659497834527,0.1470655746884763,-0.7462975357088603,1.3658146620983858,1.7873007188363896,0.9673007188363897,0.16867328916142244,0.4166636749889289,0.22299331608382827,0.45,-0.0068408782510603235,0.37975828117705535,0.4535690688008025,3.89495673002108,4.651990449238999,3.89495673002108,4.651990449238999,-0.0027331807321431256,-0.0009544096346685293,0.6339501322482273,0.7782965778309707,0.0016824843144241722,1.413929194393622,11.675306214259995,FOLLOWING,WALKING,0.4722958524814762
10.5,P,-2.045418058897455,0.1411075562119286,-0.7633373186708623,1.354206256975436,1.7812714791712025,0.9612714791712026,0.16687788585982544,0.4164597541456327,0.2232224990665219,0.45,-0.03186453956264988,0.3795164305501233,0.4534030777411421,3.892476210770495,4.650287976832226,3.892476210770495,4.650287976832226,-0.0024805192505850115,-0.0017024724067731256,0.6350007953214798,0.7797710042068243,0.0007366866932215805,1.4155084862215257,11.746081638571074,FOLLOWING,WALKING,0.4700722406535253
10.55,P,-2.0487799680586614,0.09230520099451142,-0.7802175624036397,1.3424265067034729,1.7650324309354992,0.9450324309354993,0.1599673291391932,0.41618900308695833,0.2224958385936608,0.45,-0.09630615309596052,0.37936594179970745,0.4530120643742092,3.890932736407256,4.646277583325222,3.890932736407256,4.646277583325222,-0.0015434743632392056,-0.00401039350700394,0.6388962293856628,0.7839820892553149,0.0023281766104621617,1.4252064952514398,11.817341963333647,FOLLOWING,WALKING,0.4678276117302895
10.6,P,-2.0489143850020173,0.0814844507329739,-0.7969853130713052,1.3304442086386254,1.7810260683181296,0.9610260683181296,0.16915900430887199,0.41598749188672407,0.22308272031599244,0.45,-0.0047467949312765545,0.3790673016744273,0.4529076820990208,3.887869760763357,4.645206995887393,3.887869760763357,4.645206995887393,-0.003062975643898902,-0.0010705874378293956,0.6339911506475928,0.7785973282979659,0.0018852936641492774,1.414473772609708,11.888065651964133,FOLLOWING,WALKING,0.4655629078621367
10.65,P,-2.049006647315648,0.07190479979332308,-0.8135951615115202,1.3182929391510119,1.768396697014852,0.948396697014852,0.1641531468674322,0.41573432089971707,0.22293512311149655,0.45,-0.05927173378081672,0.3788385580247644,0.45263008377466973,3.8855236720488655,4.642359833586356,3.8855236720488655,4.642359833586356,-0.00234608871449149,-0.0028471623010366542,0.6367830501934699,0.7818989590661316,0.00047382625375493595,1.4191558355133564,11.959023443739802,FOLLOWING,WALKING,0.46327907962560144
10.7,P,-2.0494725981656576,0.05416483396042446,-0.8300604854923399,1.3059645535796072,1.7549145087975893,0.9349145087975893,0.1586156239356762,0.41542632770487614,0.22205472003166316,0.45,-0.10555358050499189,0.3786762715396359,0.4521763838701164,3.883859195278317,4.637706501231963,3.883859195278317,4.637706501231963,-0.0016644767705487062,-0.004653332354393136,0.6398968565704981,0.7850759630690407,0.002815166295466776,1.4277879859350056,12.030412843036554,FOLLOWING,WALKING,0.46097708562439366
10.75,P,-2.049951160883916,0.031176880224559868,-0.8463641133948633,1.2934741397260596,1.747560710983475,0.927560710983475,0.15619043190981685,0.41508980347864904,0.2209349563363221,0.45,-0.114688503175996,0.3785250682049877,0.4516545387523104,3.8823083918460277,4.63235424361344,3.8823083918460277,4.63235424361344,-0.001550803432289083,-0.005352257618523204,0.641387177371436,0.7861473838221452,0.003562487181175275,1.4310970483747565,12.101967695455293,FOLLOWING,WALKING,0.45865789208703905
10.8,P,-2.050171418903455,0.008301384296901863,-0.8625221606747884,1.2808100925560075,1.7441376528899353,0.9241376528899353,0.155843423910909,0.41474158921119936,0.2198803229306626,0.45,-0.1045184880888514,0.3783513957661747,0.451131782656224,3.88052713606333,4.626992642627938,3.88052713606333,4.626992642627938,-0.0017812557826974995,-0.00536160098550198,0.6417812126240096,0.7859587975397615,0.003339261126862174,1.4310792712906333,12.173521659019826,FOLLOWING,WALKING,0.45632247246131896
10.85,P,-2.0501372458083003,-0.014457981166420015,-0.878520771567399,1.2679866252973437,1.7406289590738053,0.9206289590738054,0.15552269889385695,0.41438140310360083,0.21888785498826702,0.45,-0.09696267350027565,0.37815546310304265,0.450607343104159,3.8785175702876167,4.621613775427272,3.8785175702876167,4.621613775427272,-0.00200956577571354,-0.005378867200666271,0.6421490864156013,0.785786077000857,0.0031282441784003996,1.4310634075948587,12.24507482939957,FOLLOWING,WALKING,0.4539718070056792
10.9,P,-2.0498007115319417,-0.048505412591017004,-0.89436751170152,1.2550002982423865,1.7370519080789377,0.9170519080789378,0.15523560263501324,0.41400904076250283,0.2179558758451671,0.45,-0.09136990970763224,0.3779373433101277,0.450080738214878,3.876280444206438,4.616212699639774,3.876280444206438,4.616212699639774,-0.002237126081178875,-0.005401075787498044,0.6424859707276492,0.7856224159959151,0.002925076757814267,1.4310334634813784,12.31662650257364,FOLLOWING,WALKING,0.45160688237778096
10.95,P,-2.0489954385892357,-0.08059571426424086,-0.9100656853060836,1.2418483886856422,1.7418820331600138,0.9218820331600138,0.1593488879406828,0.4136600770155591,0.21767238813264256,0.45,-0.05001597921521882,0.3776352967796068,0.44968485725151147,3.87318253107289,4.6121523820667845,3.87318253107289,4.6121523820667845,-0.0030979131335477916,-0.004060317572989192,0.6404425426489961,0.7830829103250467,0.0008885872424372459,1.4244140402164802,12.387847204584466,FOLLOWING,WALKING,0.44922869122036607
11.0,P,-2.0477570109417345,-0.11187543466513483,-0.9256050908860114,1.228537114601042,1.7452849017683454,0.9252849017683454,0.16273443135463017,0.4133281533217987,0.21787429755225338,0.45,-0.024039841911211803,0.37726995707690075,0.4493863495666966,3.869435457198982,4.6090907647866315,3.869435457198982,4.6090907647866315,-0.0037470738739080467,-0.003061617280152973,0.6386752226723718,0.7812149216787843,0.0006334685707232104,1.4205236129218792,12.45887338523056,FOLLOWING,WALKING,0.4468382317446093
11.05,P,-2.0461603492492197,-0.14108067528996585,-0.9409829914074412,1.2150740845690362,1.7481220592152587,0.9281220592152587,0.16581857971259018,0.41301065254598507,0.21847237605822772,0.45,-0.006267583924327025,0.37685347430834837,0.44916783078362177,3.865163839059983,4.606849546498685,3.865163839059983,4.606849546498685,-0.0042716181389987895,-0.0022412182879465448,0.6369742726744061,0.7797041767943329,0.0018815563046817908,1.418560005773421,12.529801385519233,FOLLOWING,WALKING,0.44443650731113354
11.1,P,-2.0449540556914925,-0.1540920949743666,-0.9562033678951535,1.2014490506594069,1.7494492633324243,0.9294492633324244,0.1681134188013429,0.41270105418043057,0.21932044999058625,0.45,0.0009509826545538837,0.37640351970698854,0.4489985886538726,3.860548920071677,4.605113729783309,3.860548920071677,4.605113729783309,-0.004614918988306016,-0.0017358167153762594,0.6356160512662734,0.7787769817161337,0.002678399373170244,1.4170714323555773,12.600654957137014,FOLLOWING,WALKING,0.44202452600886405
11.15,P,-2.0433154289255313,-0.17375797937691057,-0.9712869485538042,1.1876546832296324,1.7386402323894166,0.9186402323894166,0.16424673148457236,0.41234834227766887,0.2195617137419449,0.45,-0.04681796967868152,0.376010878653377,0.4486858059019607,3.8565218323423283,4.601905701558572,3.8565218323423283,4.601905701558572,-0.004027087729348899,-0.0032080282247370917,0.6375346735320997,0.7813377207953734,0.0007628008710544907,1.4196351951985278,12.671636716896941,FOLLOWING,WALKING,0.4396033002318978
11.2,P,-2.0418986038693268,-0.18759164424930433,-0.9861709882318601,1.1737249054020829,1.732827025595328,0.912827025595328,0.16293363110433923,0.4119739165133949,0.21960158256683623,0.45,-0.06209612624336101,0.3756298545985835,0.44831797842820625,3.852613893318805,4.598133112084167,3.852613893318805,4.598133112084167,-0.003907939023523266,-0.0037725894744049526,0.6381441060436884,0.7821993357804311,0.0001260757013934802,1.4204695175255129,12.742660192773219,FOLLOWING,WALKING,0.4371738462545655
11.25,P,-2.040646003983386,-0.1986256565572369,-1.00089468332594,1.159641224654624,1.7227140060887438,0.9027140060887439,0.1593558101948762,0.4115599002037088,0.21915445868646088,0.45,-0.09293226429879128,0.37528983729109955,0.44782996311631806,3.8491265363189697,4.593127826834031,3.8491265363189697,4.593127826834031,-0.003487356999835267,-0.005005285250135216,0.6399374814902695,0.7841353576995517,0.001411044364360055,1.4254838835541812,12.813934386950928,FOLLOWING,WALKING,0.4347371838048654
11.3,P,-2.039038393541805,-0.21352795960319848,-1.0153961582118476,1.1454717788031408,1.710547201747411,0.8905472017474111,0.15468873048589327,0.41109794239030906,0.21812199143341038,0.45,-0.12602110525492063,0.37499875280807965,0.44719713197253846,3.8461410544418424,4.586637251000394,3.8461410544418424,4.586637251000394,-0.0029854818771273273,-0.006490575833637102,0.64233860463464,0.7863861569205111,0.0032429349118822475,1.4319676964670334,12.885532771774281,FOLLOWING,WALKING,0.43229433563644754
11.35,P,-2.03668071984943,-0.23495404925955132,-1.029733751680061,1.1311528925851067,1.7013887606716491,0.8813887606716492,0.15156488584756955,0.41060119956194496,0.21677105187949122,0.45,-0.13859360283218994,0.37472559047588916,0.44647680864800077,3.843339389496299,4.579249319466674,3.843339389496299,4.579249319466674,-0.0028016649455433473,-0.007387931533719971,0.6439568438394779,0.7874790632861355,0.004216962069052731,1.435652869194666,12.957315415234016,FOLLOWING,WALKING,0.4298463270993271
11.4,P,-2.0341132245229723,-0.2562326085622357,-1.0438885971851473,1.1167111195260189,1.6971123631809557,0.8771123631809558,0.1511096231589133,0.41009066857063514,0.21549374581799538,0.45,-0.12691915916815893,0.3744264536377569,0.4457548835035134,3.840271319361609,4.571844959010393,3.840271319361609,4.571844959010393,-0.003068070134689904,-0.007404360456281012,0.6442239288411976,0.7870167625020706,0.0039636211355678274,1.435204312478836,13.029075630857959,FOLLOWING,WALKING,0.427394185709509
11.45,P,-2.0313400273338584,-0.27736159290920287,-1.0578730651341117,1.1021341153603808,1.6927844792185476,0.8727844792185476,0.15068100645607085,0.4095662462475438,0.2142863071077654,0.45,-0.11803963358575947,0.37410186242120863,0.44503063007387894,3.8369421786790627,4.56441671870645,3.8369421786790627,4.56441671870645,-0.0033291406825464165,-0.007428240303942957,0.6444462747658661,0.7865546414790471,0.0037258211847476783,1.434726737429661,13.100811967729443,FOLLOWING,WALKING,0.42493894071770355
11.5,P,-2.0283652402128305,-0.29833908923605496,-1.0717422146451003,1.08737222267692,1.6883857188535454,0.8683857188535454,0.15029209720042935,0.40902773448330215,0.2131471095190468,0.45,-0.11142545980290178,0.3737518878578999,0.4443035811087044,3.8333526959784607,4.556959806243122,3.8333526959784607,4.556959806243122,-0.003589482700601998,-0.007456912463328358,0.6446297154572862,0.7860986559845621,0.003496560094172596,1.4342249315360207,13.172523214306246,FOLLOWING,WALKING,0.4224816226773124
11.55,P,-2.02252711844828,-0.3377098672508244,-1.0854218704273693,1.072487530543987,1.6838418729233264,0.8638418729233265,0.14994773515046012,0.408474595961892,0.21207534281245422,0.45,-0.10690478073922648,0.37337612672643083,0.4435730651973532,3.829498735655701,4.549467335357468,3.829498735655701,4.549467335357468,-0.003853960322759864,-0.007492470885654079,0.6447941793954397,0.7856721721436052,0.0032730522007045778,1.4337394037397495,13.244210184493234,FOLLOWING,WALKING,0.42002326301186915
11.6,P,-2.0260604491113403,-0.31237646605779074,-1.0989283474716678,1.0574787827921974,1.6931694973084028,0.8731694973084029,0.15704638921080516,0.4079657736960143,0.2120690710746675,0.45,-0.04234418168226111,0.3728683424331568,0.44306320495887175,3.824290691622121,4.544237999578171,3.824290691622121,4.544237999578171,-0.005208044033579995,-0.00522933577929674,0.641071288124285,0.7813867508625277,1.9152599132939962e-05,1.4224771915859455,13.315334044072532,FOLLOWING,WALKING,0.4175648935821149
11.65,P,-2.022784007304659,-0.3329337168153819,-1.1122515152518095,1.0423575193726493,1.6541092275580411,0.8341092275580412,0.13796782235187388,0.4072951162356403,0.20948781998470367,0.45,-0.2048936486137527,0.37262488202817184,0.44196535044310875,3.8217936618274035,4.5329779532626535,3.8217936618274035,4.5329779532626535,-0.0024970297947173314,-0.011260046315517691,0.6505455790147173,0.790946039686686,0.007786665556843007,1.4492782842582463,13.387797958285446,FOLLOWING,WALKING,0.41510754625288876
11.7,P,-2.019320161402498,-0.35333565593269717,-1.125398451595304,1.0271219045166666,1.649392434631484,0.8293924346314842,0.13767143355729772,0.4066104075247165,0.20712468151646846,0.45,-0.18057093479557773,0.37233127273374095,0.44088954231569205,3.8187822844486248,4.521944023750687,3.8187822844486248,4.521944023750687,-0.003011377378778768,-0.011033929511966356,0.6508272174987213,0.789743575945071,0.00704828595762039,1.4476190794014128,13.460178912255518,FOLLOWING,WALKING,0.412652252460018
11.75,P,-2.015672907844299,-0.3735809531848582,-1.1383628873759226,1.0117816743752746,1.6446151827909246,0.8246151827909246,0.13746458808984618,0.40591147660080396,0.2049699327569508,0.45,-0.16186523723901236,0.3719889527295286,0.4398340004720793,3.815271310046447,4.511117953559788,3.815271310046447,4.511117953559788,-0.0035109744021779576,-0.010826070190899095,0.6510214109356446,0.7885919532189736,0.006359885400188889,1.445973249554807,13.53247757473326,FOLLOWING,WALKING,0.410200042777388
11.8,P,-2.0118462142606313,-0.3936684012784943,-1.1511493027576194,0.9963354802836557,1.6397873282394086,0.8197873282394087,0.13734610769926903,0.4051982011025032,0.20301466402065702,0.45,-0.14749744507309934,0.3715992742070845,0.4387971279979219,3.8112746072521486,4.5004833640812505,3.8112746072521486,4.5004833640812505,-0.003996702794298201,-0.01063458947853757,0.6511275571651398,0.7874843168800555,0.0057160544481903155,1.4443279284933854,13.60469397115793,FOLLOWING,WALKING,0.40775194648437363
11.85,P,-2.007844016023068,-0.41359691406048515,-1.1637413238160437,0.9808083981751311,1.634903655946939,0.814903655946939,0.13730179192645497,0.40447044438348495,0.2012489395286627,0.45,-0.1365361652438837,0.3711637448914913,0.4377771438754786,3.806807639912731,4.490021988466447,3.806807639912731,4.490021988466447,-0.00446696733941776,-0.010461375614803536,0.6511492393100003,0.7864180037186628,0.005117042613796345,1.4426842856424593,13.676828185440055,FOLLOWING,WALKING,0.4053089911338143
11.9,P,-2.0036702128975112,-0.4333655246408515,-1.1761695866649833,0.9651682237736334,1.6299924937808925,0.8099924937808926,0.1373245185432279,0.4037282053114267,0.1996628555791322,0.45,-0.1281073224208335,0.37068400271308033,0.4367724079097731,3.8018872073136443,4.479717004202801,3.8018872073136443,4.479717004202801,-0.004920432599086588,-0.010304984263646233,0.6510811466042193,0.7853798329134957,0.004560221527941433,1.4410212010456565,13.748879245492338,FOLLOWING,WALKING,0.4028722021207134
11.95,P,-1.9993286658026062,-0.452973383434358,-1.188414908574158,0.9494452149482931,1.6250089020893073,0.8050089020893073,0.13740052893531818,0.40297128472050986,0.1982456414274869,0.45,-0.1218515149312249,0.37016163106426075,0.43578093837675896,3.7965295493770332,4.469548085915476,3.7965295493770332,4.469548085915476,-0.005357657936611027,-0.01016891828732458,0.6509382916915075,0.784379982570089,0.004045774010875577,1.439364048272472,13.820847447905964,FOLLOWING,WALKING,0.400442602251844
12.0,P,-1.9948231936746834,-0.472419756125351,-1.2004802671781518,0.9336294508699711,1.6199873600593058,0.7999873600593058,0.1375269948820006,0.4021996453285388,0.19698722159380827,0.45,-0.11713896657836166,0.36959826015476355,0.43480103050231406,3.790751386202703,4.459497748741683,3.790751386202703,4.459497748741683,-0.005778163174330331,-0.010050337173793444,0.6507137758106527,0.7834032481922888,0.0035696538235424654,1.437686677826484,13.89273178179729,FOLLOWING,WALKING,0.39802121131644025
12.05,P,-1.9901575704404415,-0.49170402156032694,-1.212368715031824,0.9177262588907686,1.61491642426698,0.7949164242669801,0.13768855394753876,0.4014132060606047,0.19587645421734518,0.45,-0.11368051141735512,0.3689956528876341,0.43383075923357534,3.784570798847529,4.44954624854949,3.784570798847529,4.44954624854949,-0.0061805873551739055,-0.009951500192192597,0.6504135615677127,0.7824487887102155,0.003133053722331231,1.4359954040002594,13.964531551997304,FOLLOWING,WALKING,0.39560904565815563
12.1,P,-1.9853355220983702,-0.5108256695726944,-1.2240852949395804,0.9017303208638706,1.6097978814280696,0.7897978814280696,0.13787969522548904,0.40061189796704383,0.19490256765105166,0.45,-0.11119238739674264,0.3683555230207948,0.4328682729132929,3.7780053643158436,4.439674593982491,3.7780053643158436,4.439674593982491,-0.0065654345316854545,-0.009871654566999233,0.6500401126401361,0.7815118854189691,0.0027333070901491728,1.4342853051492543,14.036245817254768,FOLLOWING,WALKING,0.39320711774846795
12.15,P,-1.9803607239097192,-0.5297842987440946,-1.2356202778909082,0.8856552510486979,1.604623424504184,0.784623424504184,0.1381014909811462,0.39979561455509616,0.1940560121684012,0.45,-0.1094976726345557,0.36767934454122575,0.43191188456896656,3.771070200422828,4.429865482758632,3.771070200422828,4.429865482758632,-0.006935163893015517,-0.00980911122385919,0.649598445824509,0.7805917011900267,0.0023656202070111276,1.4325557672215468,14.107873605615847,FOLLOWING,WALKING,0.39081643576170866
12.2,P,-1.975236797699614,-0.5485796141066258,-1.2469762524916288,0.8695066688013677,1.5994084691078514,0.7794084691078514,0.13834600907340455,0.3989643252381483,0.1933271221764707,0.45,-0.10835398839881631,0.3669686865179424,0.4309599639583542,3.7637814001840244,4.420102194444658,3.7637814001840244,4.420102194444658,-0.007288800238803628,-0.009763288313973995,0.6490868932402108,0.7796794183193869,0.0020291645451334527,1.430795476104731,14.179413379421085,FOLLOWING,WALKING,0.3884380031518963
12.25,P,-1.9699673092687193,-0.5672114247902288,-1.2581430198987573,0.8532945448617946,1.5941556158287817,0.7741556158287818,0.1385995909327291,0.3981180186048234,0.19270535473474204,0.45,-0.10762866537898289,0.36622528239622354,0.4300107548134232,3.7561567425253695,4.41036671603511,3.7561567425253695,4.41036671603511,-0.007624657658654943,-0.009735478409547582,0.6485075923554551,0.7787700216011961,0.001725377982059961,1.429002991938711,14.250863529018021,FOLLOWING,WALKING,0.386072818231552
12.3,P,-1.9645557659156854,-0.5856796416194042,-1.2691405879692745,0.8369965858875181,1.5888772856183975,0.7688772856183975,0.13886765146098234,0.3972567376288215,0.19218195220850046,0.45,-0.10717501192129708,0.3654506245383147,0.42906285071932837,3.748211533726304,4.400644622762342,3.748211533726304,4.400644622762342,-0.007945208799065462,-0.009722093272768184,0.6478600982091629,0.777856735269699,0.0014484746776891263,1.427165308156551,14.32222179442585,FOLLOWING,WALKING,0.38372187375267125
12.35,P,-1.9590056140704064,-0.6039842746633637,-1.2799507036235345,0.8206326880354856,1.5835434689428536,0.7635434689428536,0.13914671124141886,0.39638038933326514,0.19174856300524196,0.45,-0.10706530267100452,0.3646460021558976,0.4281147765106327,3.7399589964707443,4.390920784724438,3.7399589964707443,4.390920784724438,-0.008252537255559744,-0.009723838037904109,0.6471550516976278,0.7769461121663385,0.001196665300033961,1.4252978291640002,14.393486685884051,FOLLOWING,WALKING,0.3813861564900313
12.4,P,-1.9533202370379712,-0.6221254307436109,-1.2905778246719497,0.8042162033079121,1.5781790335102364,0.7581790335102364,0.13943498952284505,0.39548899652054265,0.19139743029030185,0.45,-0.10711445198689896,0.3638127218074977,0.4271652712335876,3.7314125313589503,4.381182269062437,3.7314125313589503,4.381182269062437,-0.00854646511179391,-0.00973851566200068,0.6463879548959663,0.7760273168581794,0.0009677649503576648,1.4233830367045035,14.464655837719278,FOLLOWING,WALKING,0.37906664682700714
12.45,P,-1.9475029528530048,-0.6401033109028774,-1.3010253746174292,0.787732700458821,1.5727930449291485,0.7527930449291486,0.13969855275514842,0.39458263974293617,0.1911169918832167,0.45,-0.10724762230656743,0.3629527775862638,0.4262125018996085,3.722592590628347,4.37141027589342,3.722592590628347,4.37141027589342,-0.008819940730603548,-0.009771993169017001,0.6455592393317819,0.7750924667771288,0.0007717902446970958,1.4214234963536079,14.53572701253696,FOLLOWING,WALKING,0.3767643183440687
12.5,P,-1.9415570122439525,-0.6579182078391933,-1.3113077262695154,0.7711684199910706,1.5673700694164792,0.7473700694164792,0.13996046504726212,0.39366131677783783,0.19089995547627542,0.45,-0.1075142376548674,0.36206737414651424,0.4252552594091614,3.713511529707838,4.361592404196527,3.713511529707838,4.361592404196527,-0.009081060920508754,-0.009817871696893299,0.6446761939005732,0.7741448700011084,0.0005966242620742435,1.419417688163756,14.606697896945148,FOLLOWING,WALKING,0.37448013741013575
12.55,P,-1.935485596706695,-0.6755705033088166,-1.3213829045352352,0.7545668184208151,1.561890761965946,0.7418907619659459,0.14021022419334672,0.3927249419721029,0.1907383401947497,0.45,-0.10797005815314259,0.3611577466698718,0.42429213727433396,3.7041820171268904,4.351714228454707,3.7041820171268904,4.351714228454707,-0.009329512580947608,-0.009878175741819817,0.6437461692886727,0.7731874096973719,0.00044389771989585415,1.4173774767059406,14.677566770780446,FOLLOWING,WALKING,0.37221506277695776
12.6,P,-1.9292918166867519,-0.693060665501608,-1.3312806668340182,0.7378966835788019,1.556410895469522,0.736410895469522,0.1404569021876576,0.3917736813616223,0.1906261879706085,0.45,-0.10832805794371629,0.36022504725248655,0.423322315470758,3.694615869256272,4.34176733816162,3.694615869256272,4.34176733816162,-0.00956614787061838,-0.009946890293086597,0.6427563879110108,0.7722007276718116,0.00030785977383060225,1.4152649753566529,14.74833001954828,FOLLOWING,WALKING,0.36997004517669263
12.65,P,-1.9229787098691875,-0.7103892463923103,-1.3409903394760343,0.7211882215991412,1.5508888645661956,0.7308888645661956,0.14068537190318597,0.39080751598132896,0.19055609438047777,0.45,-0.1087928211707344,0.3592704823613599,0.422344549601298,3.6848254601165116,4.331738970269723,3.6848254601165116,4.331738970269723,-0.009790409139760481,-0.010028367891897538,0.6417202332011465,0.7711951670738939,0.00019233735518045118,1.4131077376302208,14.818985406429793,FOLLOWING,WALKING,0.3677460269228498
12.7,P,-1.9165492395752042,-0.7275568790711182,-1.3505241570457405,0.7044183828132686,1.545355787556281,0.7253557875562809,0.1408949408004163,0.38982656961190065,0.1905213019504862,0.45,-0.10920393935679708,0.35829529413909517,0.42135784508470614,3.674823529631745,4.321618923945704,3.674823529631745,4.321618923945704,-0.010001930484766497,-0.010120046324018972,0.6406316768532268,0.7701586828418073,9.545326646423152e-05,1.4108858129614985,14.889529697077869,FOLLOWING,WALKING,0.3655439415147682
12.75,P,-1.9100062932642907,-0.7445642750567635,-1.359871795827893,0.6876050027021652,1.5397849020890366,0.7197849020890367,0.14108624403278802,0.38883084180591243,0.19051581469986395,0.45,-0.10969096875417617,0.35730047447308494,0.4203612091387399,3.6646202510059993,4.311397016807589,3.6646202510059993,4.311397016807589,-0.01020327862574577,-0.010221907138115327,0.6395000266585475,0.7690978400556743,1.5053875527730586e-05,1.4086129205897495,14.959960343107356,FOLLOWING,WALKING,0.3633647132457939
12.8,P,-1.9033526811406776,-0.7614122215952367,-1.369031709147657,0.6707525205484852,1.5341958171713705,0.7141958171713706,0.14125736536109867,0.38782042255565446,0.1905339775536259,0.45,-0.1101509292659878,0.3562870492705294,0.41935379584077953,3.654226146364404,4.301064572725943,3.654226146364404,4.301064572725943,-0.010394104641595181,-0.010332444081645242,0.6383219647294707,0.7680045723473744,4.983322710221117e-05,1.4063763703039474,15.030279161622556,FOLLOWING,WALKING,0.3612092568153207
12.85,P,-1.8965911348627482,-0.7781015789471399,-1.378011469378348,0.653852677254787,1.528592407985582,0.708592407985582,0.1413999320228967,0.38679542227345,0.19056957062135435,0.45,-0.11057272524494002,0.35525615833561586,0.4183346862112841,3.6436529060063165,4.290612166269581,3.6436529060063165,4.290612166269581,-0.010573240358087599,-0.010452406456362695,0.6370985749871171,0.7668755505485506,9.767456113117999e-05,1.4040718000967989,15.100482751627396,FOLLOWING,WALKING,0.3590784769448586
12.9,P,-1.8897243063539488,-0.7946332776665513,-1.3867925952358362,0.6369416369546583,1.5229635127962606,0.7029635127962607,0.14154037867437363,0.38575588672848826,0.19062056468025937,0.45,-0.11101386452406661,0.35420818327390535,0.41730359018307117,3.6329044438349265,4.280036822390473,3.6329044438349265,4.280036822390473,-0.010748462171390027,-0.010575343879107635,0.6358344042485542,0.7657146334432565,0.00013997543477490545,1.4016890131265856,15.170567202283726,FOLLOWING,WALKING,0.35697326799829066
12.95,P,-1.882754766713662,-0.8110083158741243,-1.3954045202161622,0.6199548165382599,1.5173486884104512,0.6973486884104513,0.14164550440842993,0.3847020571981769,0.19068065130737147,0.45,-0.11129604162633297,0.3531444094068069,0.4162597049895469,3.621993942633917,4.269330307585096,3.621993942633917,4.269330307585096,-0.01091050120100956,-0.010706514805376877,0.6345206250634369,0.7645066915874043,0.00016498594357341236,1.3991923025944146,15.240526817413448,FOLLOWING,WALKING,0.3548945136064758
13.0,P,-1.8756850052264105,-0.8272277565270642,-1.4038083973572015,0.6029763019185091,1.5116764697132241,0.6916764697132242,0.14170720852892615,0.383633848748795,0.19074305932803937,0.45,-0.11176867473633868,0.35206587243000453,0.4152018250675855,3.610932024923123,4.258480257103441,3.610932024923123,4.258480257103441,-0.01106191771079379,-0.010850050481654883,0.6331783589790391,0.7632716258218928,0.00017141611375875136,1.3966214009146907,15.310357887459183,FOLLOWING,WALKING,0.35284308629635813
13.05,P,-1.8685174284676975,-0.8432927246884455,-1.41203097928535,0.5859750530585859,1.5060382405000015,0.6860382405000015,0.1418072653911695,0.3825515582712609,0.19081273422304332,0.45,-0.1119877748325235,0.3509720507573473,0.41413106578517456,3.5997133411009976,4.247498110617175,3.5997133411009976,4.247498110617175,-0.011218683822125541,-0.010982146486266053,0.631784349777412,0.7619856012742292,0.00019144594400266485,1.393961396995644,15.380055957308967,FOLLOWING,WALKING,0.3508198471247367
13.1,P,-1.8612543595047029,-0.8592044047982632,-1.4200732739618709,0.5689220380497275,1.5003953674925306,0.6803953674925306,0.14184914844032437,0.38145534599214737,0.19088109584018279,0.45,-0.11217910560223998,0.34986452463059714,0.4130461673536976,3.5883540987753553,4.236370947217411,3.5883540987753553,4.236370947217411,-0.011359242325642338,-0.01112716339976405,0.6303498003198595,0.7606554033912378,0.0001879047416590326,1.3911931084527565,15.449615612731606,FOLLOWING,WALKING,0.3488256453168487
13.15,P,-1.8538980371900098,-0.8749640379484339,-1.4279262077103472,0.5518647079344674,1.494719333855827,0.6747193338558269,0.14188388967525878,0.3803452168402446,0.19094731136232446,0.45,-0.11247425037124294,0.34874343680977987,0.4119469968707093,3.576855762151588,4.225097403802146,3.576855762151588,4.225097403802146,-0.011498336623767091,-0.011273543415264875,0.628883986589768,0.7592913551424072,0.00018206893329702443,1.3883574106654721,15.51903348326488,FOLLOWING,WALKING,0.34686131790992003
13.2,P,-1.8464506155464764,-0.8905729191638592,-1.4355972373687056,0.5347751420375253,1.4890575105038835,0.6690575105038835,0.1418349620095367,0.37922142571639333,0.19100030009737948,0.45,-0.11264193803812023,0.347610876050277,0.41083197538250965,3.5652397543618153,4.2136612859744575,3.5652397543618153,4.2136612859744575,-0.011616007789772897,-0.011436117827688719,0.6273767663216888,0.7578731531423397,0.00014574044588096642,1.3853956599099093,15.588303266260377,FOLLOWING,WALKING,0.34492768940183116
13.25,P,-1.8389141632413046,-0.9060323946915647,-1.4430830283590046,0.5176597464375005,1.483380461624944,0.663380461624944,0.14176176529146867,0.3780840634069429,0.19103810840198981,0.45,-0.1128397267370672,0.3464672564664136,0.4097008703474722,3.5535103227324467,4.202060208692022,3.5535103227324467,4.202060208692022,-0.01172943162936857,-0.011601077282435313,0.6258384745645681,0.7564115026048692,0.00010400870872288733,1.3823539858781602,15.657420965554286,FOLLOWING,WALKING,0.3430255714050458
13.3,P,-1.8312906631473447,-0.9213438592997499,-1.4503787600922344,0.5005238152361857,1.4776946910829962,0.6576946910829963,0.14166171950781514,0.3769332502654423,0.19105862969534587,0.45,-0.11303237723948215,0.3453130470508625,0.40855345348002203,3.5416722774447438,4.190291830564329,3.5416722774447438,4.190291830564329,-0.011838045287702936,-0.011768378127693602,0.6242684017549598,0.7549039413633892,5.645909070985601e-05,1.3792288022090589,15.72638240566474,FOLLOWING,WALKING,0.34115576230594846
13.35,P,-1.8235820119896162,-0.9365087535885088,-1.4574804386202733,0.4833875751423551,1.4720059652662063,0.6520059652662064,0.14153437378940814,0.37576913156337705,0.1910599071873814,0.45,-0.11319564784067138,0.3441487169238654,0.4073895462028887,3.529730429988363,4.178354320029627,3.529730429988363,4.178354320029627,-0.011941847456380827,-0.011937510534701268,0.6226661281580916,0.7533484489368119,3.514716140235444e-06,1.3760180918110436,15.795183310255293,FOLLOWING,WALKING,0.33931904692973336
13.4,P,-1.8157900200750008,-0.9515285613138617,-1.4644074327565826,0.4662121356248153,1.4663341864550843,0.6463341864550843,0.1413765390634012,0.3745919430127497,0.1910397492422024,0.45,-0.1132484320846602,0.34297486451316517,0.4062090215123342,3.517690918083745,4.166246374485478,3.517690918083745,4.166246374485478,-0.012039511904617939,-0.012107945544149068,0.6210278104929924,0.7517387437669153,5.545395060812664e-05,1.3728220082105158,15.86382441066582,FOLLOWING,WALKING,0.3375161962109857
13.45,P,-1.807916411103056,-0.9664048067265837,-1.4711456753483767,0.44903326109734054,1.4606363018995354,0.6406363018995355,0.14119561193287278,0.3734017173539291,0.19099718192891998,0.45,-0.11340446907044964,0.3417916837446928,0.40501175096316533,3.505555730714798,4.153966676545285,3.505555730714798,4.153966676545285,-0.01213518736894681,-0.012279697940193124,0.6193654064035838,0.7500882236373583,0.0001170754110608804,1.369570705452003,15.932302945938421,FOLLOWING,WALKING,0.33574796687009284
13.5,P,-1.7999628220558668,-0.9811390519272382,-1.4776942068840078,0.43184490586313995,1.4549499827505659,0.6349499827505659,0.1409829442598467,0.3721986625454172,0.19093016121110729,0.45,-0.1134752901304164,0.34059972086497897,0.4037976042258555,3.4933304704100405,4.141513889495953,3.4933304704100405,4.141513889495953,-0.012225260304757679,-0.01245278704933206,0.6176701776380681,0.7483849268533882,0.00018426638097306135,1.3662393708724292,16.000614914482043,FOLLOWING,WALKING,0.3340151010956217
13.55,P,-1.7919308031648356,-0.9957328942387242,-1.484054926181091,0.41465754440802993,1.4492690313733159,0.6292690313733159,0.14075664223534723,0.37098294812137417,0.19083929179176842,0.45,-0.11350691236162444,0.3393990453298365,0.40256685091291183,3.4810158495367847,4.128890778593967,3.4810158495367847,4.128890778593967,-0.012314620873255855,-0.012623110901985868,0.6159445234909255,0.7466320696513341,0.00024971696110306826,1.3628263101033626,16.068756229987212,FOLLOWING,WALKING,0.3323183262327966
13.6,P,-1.783821817952338,-1.0101879635974758,-1.4902310661827072,0.39746154211670043,1.4436026964004651,0.6236026964004652,0.14051089489115198,0.3697547862321878,0.1907243334228971,0.45,-0.11346726552260997,0.33818990905069835,0.4013196634136773,3.468614451802034,4.116099111935152,3.468614451802034,4.116099111935152,-0.012401397734750574,-0.01279166665881526,0.6141866629670476,0.744827270312439,0.0003157251591508683,1.3593296584386374,16.136722712909144,FOLLOWING,WALKING,0.3306583544782058
13.65,P,-1.7756372433461272,-1.0245059199644313,-1.4962224258321517,0.3802671613060101,1.4379404231267794,0.6179404231267794,0.14024852832731383,0.36851433703932795,0.19058545140479477,0.45,-0.11341846951185267,0.3369724448318344,0.4000562292468215,3.4561276393008655,4.103140812787912,3.4561276393008655,4.103140812787912,-0.012486812501168565,-0.012958299147239671,0.6123998698586683,0.7429744635231282,0.0003811520464133969,1.3557554854282101,16.204510487180556,FOLLOWING,WALKING,0.32903588258086797
13.7,P,-1.7673783698644208,-1.0386884507567138,-1.5020325172321374,0.3630665359941038,1.4322918871893462,0.6122918871893462,0.139982495878052,0.36726179788224067,0.19042454320785232,0.45,-0.1133199643439508,0.33574653598134113,0.3987770597831402,3.443554215193242,4.090021125980925,3.443554215193242,4.090021125980925,-0.01257342410762341,-0.013119686806986941,0.6105819318952798,0.7410723611460925,0.00044122852657677155,1.352095521567949,16.272115263258954,FOLLOWING,WALKING,0.32745159154978176
13.75,P,-1.7590464018695744,-1.052737268300929,-1.507658688224578,0.3458729540215396,1.426648332417607,0.606648332417607,0.13970594701166084,0.36599732650826167,0.1902423917336413,0.45,-0.1132212131839341,0.334512210676344,0.3974824423401793,3.4308944684753233,4.076742998360813,3.4308944684753233,4.076742998360813,-0.012659746717918807,-0.013278127620112379,0.6087351999864686,0.739124273174092,0.0004990022224086703,1.3483584753829694,16.339533187028103,FOLLOWING,WALKING,0.325906146368082
13.8,P,-1.7506424578882902,-1.0666541073088527,-1.5131025353495202,0.32868919400589086,1.4210229894539228,0.6010229894539229,0.13942349789071984,0.3647211375502692,0.19004032477552435,0.45,-0.11306405532367833,0.3332694637999199,0.3961728113006185,3.418148346665845,4.063310885134548,3.418148346665845,4.063310885134548,-0.012746121809478428,-0.013432113226264697,0.606856621645466,0.7371274835107652,0.000552972532996029,1.3445370776892271,16.406760040912566,FOLLOWING,WALKING,0.32440019571392276
13.85,P,-1.7421675709963191,-1.0804407223761905,-1.5183641004266444,0.3115153938139674,1.4154180101028995,0.5954180101028995,0.13913769212825078,0.36343345209330347,0.18981988073528577,0.45,-0.11285187229697141,0.33201826183161365,0.3948486423549933,3.405315505965268,4.049729665179418,3.405315505965268,4.049729665179418,-0.012832840700576664,-0.013581219955129953,0.6049458981245182,0.7350827024496204,0.0006025631245472238,1.3406311636986858,16.473791599097503,FOLLOWING,WALKING,0.3229343716882044
13.9,P,-1.7336226892656272,-1.0940988855050597,-1.5234465921347682,0.29434813724833675,1.4098332606511381,0.5898332606511382,0.13884519565055098,0.36213448940949083,0.18958199407458157,0.45,-0.1125973579793873,0.3307586693901476,0.3935103094288341,3.392396609129719,4.036003173629068,3.392396609129719,4.036003173629068,-0.012918896835549365,-0.013726491550350772,0.6030033885340925,0.7329909721668268,0.0006494259960006651,1.3366437866969199,16.54062378843235,FOLLOWING,WALKING,0.3215092895492579
13.95,P,-1.7250086762720498,-1.107630383650679,-1.5283479946908685,0.27721852807171726,1.4042646213580725,0.5842646213580726,0.1385470446534578,0.360824447052107,0.18932764569534022,0.45,-0.11232795211341044,0.3294907216895282,0.39215817241468576,3.3793920173284944,4.022135101689084,3.3793920173284944,4.022135101689084,-0.013004591801224485,-0.013868071939983295,0.6010304750994522,0.7308545957864796,0.000693434589525926,1.3325785054754578,16.607252713706124,FOLLOWING,WALKING,0.32012554745459953
14.0,P,-1.7163263116614664,-1.1210370162927474,-1.5330729017724294,0.26010959531538835,1.3987429828166,0.5787429828166001,0.13827630164387306,0.35950364951281993,0.18906218184772905,0.45,-0.11191101223093869,0.3282138584170208,0.3907934406086191,3.3662959837643154,4.008137852396093,3.3662959837643154,4.008137852396093,-0.013096033564178988,-0.013997249292991398,0.5990192630175972,0.7286680685446156,0.000722724108927264,1.32841005567114,16.673673216489682,FOLLOWING,WALKING,0.3187837262098629
14.05,P,-1.7075762917725745,-1.1343205930318914,-1.5376195536423007,0.24301313965396462,1.3932507940039347,0.5732507940039347,0.1380217854907626,0.3581723418522972,0.1887889047042091,0.45,-0.1114562203158593,0.32692777812375057,0.3894169055808438,3.3531054166538516,3.9940195444189106,3.3531054166538516,3.9940195444189106,-0.013190567110463736,-0.014118307977182276,0.5969736251342923,0.7264383826139605,0.0007429203735239211,1.3241549281217768,16.73988096289577,FOLLOWING,WALKING,0.3174843890250139
14.1,P,-1.698759230314378,-1.147482931211485,-1.541996693298851,0.22594129447222672,1.387780063277404,0.567780063277404,0.13773023256904215,0.3568307492723303,0.18850359563060887,0.45,-0.111007067043105,0.32563340419546455,0.3880280943491961,3.339829786620149,3.9797753266584213,3.339829786620149,3.9797753266584213,-0.01327563003370269,-0.014244217760489342,0.5948966581067876,0.7241659780055456,0.0007744577218513754,1.3198370938341846,16.80587281758748,FOLLOWING,WALKING,0.31622808127795193
14.15,P,-1.6898756590965562,-1.160525853565089,-1.5461969712459545,0.20889232797041735,1.3823417076491789,0.5623417076491789,0.1374276738497724,0.355479134742541,0.18820597203726724,0.45,-0.11051427705781221,0.32433104637037324,0.38662722311470876,3.3264722704653664,3.9654074165611153,3.3264722704653664,3.9654074165611153,-0.013357516154782534,-0.01436791009730598,0.5927871130470069,0.7218490586781984,0.0008066093426796043,1.3154427810678848,16.871644956640875,FOLLOWING,WALKING,0.31501533028559503
14.2,P,-1.680926028810902,-1.173451185889728,-1.5502235115111354,0.19186382683564768,1.376934900880388,0.556934900880388,0.1371298806846446,0.3541177488972996,0.18789790872596754,0.45,-0.10999108588777318,0.323020645003152,0.3852148527914472,3.3130322564425843,3.9509215670917657,3.3130322564425843,3.9509215670917657,-0.013440014022782165,-0.01448584946934961,0.5906456954794136,0.7194897791984507,0.0008335361080571123,1.3109690107859215,16.93719340718017,FOLLOWING,WALKING,0.3138466450825468
14.25,P,-1.6719107098620944,-1.1862607547451052,-1.5540740146717729,0.17486769873179994,1.3715568642975722,0.5515568642975722,0.13683310608187327,0.3527468282831315,0.18758058717442366,0.45,-0.10945640795685213,0.32170224110576434,0.3837914154604986,3.2995101651873266,3.9363222098512676,3.2995101651873266,3.9363222098512676,-0.013522091255257607,-0.014599357240498101,0.588473400131851,0.7170901247775732,0.0008571364266484578,1.3064206613360727,17.002514440246976,FOLLOWING,WALKING,0.31272251620743585
14.3,P,-1.662829993246096,-1.1989563851788718,-1.5577497494743184,0.15790095819310068,1.366219657887343,0.546219657887343,0.13653627237780652,0.3513666624486274,0.18725492522798518,0.45,-0.10885970641135315,0.3203759723233959,0.38235735257385894,3.2859074084450857,3.9216138725523995,3.2859074084450857,3.9216138725523995,-0.013602756742240985,-0.014708337298868113,0.5862678614814663,0.7146478573037616,0.0008781379693911117,1.301793856754619,17.067604133084707,FOLLOWING,WALKING,0.3116434154970199
14.35,P,-1.653684091474542,-1.2115398984779733,-1.5612546277046715,0.140979997470238,1.3609201695520508,0.5409201695520508,0.1362459250423249,0.3499775213195942,0.18692263258590053,0.45,-0.10822831967614058,0.31904182562662764,0.38091321701256076,3.272223852580796,3.906802225769854,3.272223852580796,3.906802225769854,-0.013683555864289598,-0.014811646782545651,0.5840302796325353,0.7121655913021082,0.0008944274224423553,1.2970902983570858,17.13245864800256,FOLLOWING,WALKING,0.3106097958881391
14.4,P,-1.6444731395435082,-1.2240131099460971,-1.5645864911595155,0.12409239902546917,1.3556744722493472,0.5356744722493473,0.13594494885303732,0.34857975127089563,0.1865829374224705,0.45,-0.10749915747928482,0.3177002751274768,0.3794592274143145,3.258464360281813,3.8918895119416868,3.258464360281813,3.8918895119416868,-0.013759492298983211,-0.014912713828167057,0.5817577933928464,0.7096392047780435,0.0009126910284620904,1.292309689199352,17.19707413246253,FOLLOWING,WALKING,0.3096220912276019
14.45,P,-1.6351971959451475,-1.2363778267071628,-1.5677503182258221,0.10724057186772198,1.3504704143036654,0.5304704143036655,0.1356596068318059,0.34717363044650573,0.18623869060251724,0.45,-0.10674719779484172,0.31635112715178915,0.3779961337412223,3.244626945146555,3.8768834229868956,3.244626945146555,3.8768834229868956,-0.013837415135257825,-0.015006088954791164,0.5794538068632425,0.70707479649704,0.0009232139086873281,1.28745181726897,17.261446723325978,FOLLOWING,WALKING,0.30868071609008474
14.5,P,-1.6258562437207027,-1.2486358455348006,-1.5707450463616364,0.090422081239629,1.3453101807029575,0.5253101807029575,0.1353875946585017,0.34575944490136495,0.18589214682116326,0.45,-0.10596784212309117,0.3149942946024624,0.3765245952002675,3.2307107138714093,3.8617907200027433,3.2307107138714093,3.8617907200027433,-0.01391623127514574,-0.015092702984152329,0.5771179251515094,0.7044734792581322,0.0009276446517611815,1.2825190490614027,17.32557267577905,FOLLOWING,WALKING,0.30778606560412003
14.55,P,-1.6164501915534761,-1.260788950707742,-1.57356702208619,0.0736553087898133,1.3401915442696182,0.5201915442696182,0.1351180225848314,0.344337471056298,0.18554386518799917,0.45,-0.1051769171627038,0.3136299613676841,0.3750449807449118,3.216717552489068,3.8466151871273007,3.216717552489068,3.8466151871273007,-0.013993161382341412,-0.015175532875442599,0.5747512211352497,0.7018368487314866,0.0009305498936340259,1.2775186197603703,17.38944860676707,FOLLOWING,WALKING,0.3069385152862468
14.6,P,-1.6069788749004137,-1.2728389118909744,-1.576224938825587,0.056937902074932545,1.3351331199283234,0.5151331199283234,0.13484853729649426,0.3429080683187716,0.18519403120422598,0.45,-0.10429506248860566,0.3122584561544722,0.373557680483071,3.2026508323535605,3.8313608254673945,3.2026508323535605,3.8313608254673945,-0.01406672013550736,-0.015254361659906124,0.5723502829271996,0.6991608285584299,0.0009329351861835497,1.272444046671813,17.45307080910066,FOLLOWING,WALKING,0.30613842088339294
14.65,P,-1.5974420571609973,-1.2847874820425518,-1.578716687580592,0.04027413731541812,1.3301323917360304,0.5101323917360304,0.13459447111964273,0.34147157581182536,0.18484488168495514,0.45,-0.10335335278720141,0.3108797478929653,0.3720634037306854,3.188510234799644,3.816034910058312,3.188510234799644,3.816034910058312,-0.01414059755391639,-0.015325915409082569,0.5699163428422626,0.6964484379403867,0.0009293544227516653,1.267294135205401,17.51643551586093,FOLLOWING,WALKING,0.30538611822355594
14.7,P,-1.587839430882212,-1.296636395345917,-1.5810477445483797,0.023642968923950396,1.3251939233793248,0.5051939233793249,0.1343490351780825,0.3400283521476577,0.18449751326550076,0.45,-0.10234487594352112,0.3094940137022173,0.3705626905930981,3.174297576432998,3.800642980442032,3.174297576432998,3.800642980442032,-0.014212658366646203,-0.015391929616280109,0.5674490087469831,0.6936998884990994,0.0009228759778987,1.2620717732239812,17.57953910452213,FOLLOWING,WALKING,0.30468192307484354
14.75,P,-1.578170618998427,-1.3083873651675642,-1.583212183565154,0.007048598510528287,1.3202968328069649,0.5002968328069649,0.1341142795218493,0.3385786558778232,0.18415318967440034,0.45,-0.10137620175433011,0.30810130298670996,0.36905600876893646,3.160013363966256,3.785189833527553,3.160013363966256,3.785189833527553,-0.014284212466741941,-0.015453146914478744,0.5649537270397764,0.6909225394114865,0.000913079341170526,1.2567893457924335,17.642378571811754,FOLLOWING,WALKING,0.30402613101293485
14.8,P,-1.5684351761050888,-1.3200420820398866,-1.58521688850119,-0.009467449129290154,1.3154456248401116,0.4954456248401117,0.13390227115879916,0.3371227597845768,0.18381467731339818,0.45,-0.10041875242253141,0.3067014306892094,0.36754408887994416,3.1456556993765066,3.7696829628712223,3.1456556993765066,3.7696829628712223,-0.014357664589749408,-0.015506870656330829,0.5624295950700404,0.6881172727861509,0.0008960189818205853,1.2514428868380119,17.704950716153657,FOLLOWING,WALKING,0.3034190172970169
14.85,P,-1.5586325897651643,-1.3316022116690618,-1.5870648699220071,-0.025931722137880066,1.310682072166889,0.4906820721668891,0.13368472207354465,0.3356611337233235,0.18348064706198688,0.45,-0.09928625865175361,0.30529508663456467,0.36602718081208235,3.1312316577904067,3.754124931405973,3.1312316577904067,3.754124931405973,-0.01442404158609989,-0.015558031465249478,0.5598682885314958,0.6852729301298681,0.0008825484480079887,1.246023767109372,17.767251904509127,FOLLOWING,WALKING,0.30286083675424846
14.9,P,-1.5487622818473827,-1.3430693929677973,-1.5887524652450742,-0.042339923260590405,1.3059800235024703,0.4859800235024704,0.13346235003605877,0.33419412240348517,0.18314999961065612,0.45,-0.0981322958718098,0.3038827974679216,0.36450544733904877,3.1167466406966313,3.7385174086056283,3.1167466406966313,3.7385174086056283,-0.014485017093775365,-0.015607522800344498,0.5572774923141327,0.6823977476305564,0.0008720363603879092,1.240547276305077,17.82927926832438,FOLLOWING,WALKING,0.3023518236728
14.95,P,-1.5388236098953545,-1.3544452361127892,-1.590283012724895,-0.05869282646313018,1.301344062165334,0.4813440621653341,0.1332659033881307,0.3327220786248005,0.18282589660698814,0.45,-0.09694142066341102,0.30246439273634396,0.3629797645132571,3.102198899859938,3.7228693796231496,3.102198899859938,3.7228693796231496,-0.01454774083669319,-0.015648028982478746,0.5546567144708261,0.679493356008099,0.0008532636802360505,1.235003334159161,17.89102943503234,FOLLOWING,WALKING,0.30189219170351456
15.0,P,-1.5288158685266995,-1.365731320626774,-1.5916562207460814,-0.07496844414981238,1.296773834271987,0.47677383427198705,0.13308674733444104,0.3312453524913791,0.18251001783643886,0.45,-0.09572331084818732,0.3010399445394485,0.3614507604433097,3.087589174763574,3.707187286598048,3.087589174763574,3.707187286598048,-0.014609725096363935,-0.015682093025101373,0.5520065001232781,0.676561514430245,0.0008301749766782564,1.2293981895302015,17.95249934450885,FOLLOWING,WALKING,0.3014821337702312
15.05,P,-1.518738290861434,-1.3769291934850134,-1.5928778350795945,-0.09121821129572219,1.2922916517404792,0.47229165174047927,0.13291617688359447,0.32976439513471933,0.18220269993208021,0.45,-0.09438578560022008,0.29960984829596005,0.3599189419734786,3.0729215209842056,3.6914763279331138,3.0729215209842056,3.6914763279331138,-0.014667653779368628,-0.015710958664934438,0.5493229201377772,0.6735975634522875,0.0008063157875272288,1.223726799377592,18.013685684477732,FOLLOWING,WALKING,0.3011218219888078
15.1,P,-1.5085900499788591,-1.3880403672461343,-1.5939464538404522,-0.10738969379486471,1.2878468083351484,0.46784680833514847,0.1327925760458053,0.32827940964875835,0.18190942770505591,0.45,-0.0931782237516269,0.29817339936357157,0.3583854199339451,3.0581887114212467,3.6757478967584114,3.0581887114212467,3.6757478967584114,-0.01473280956295886,-0.01572843117470235,0.5466170913854865,0.6706188527626856,0.0007682253549087854,1.218004169503081,18.074585892952886,FOLLOWING,WALKING,0.300811407594878
15.15,P,-1.498370260402308,-1.3990663182072245,-1.5948650796926362,-0.1234860726236922,1.283492058055434,0.46349205805543414,0.1326558551275543,0.3267908559267896,0.18162702537677014,0.45,-0.09183991575701175,0.2967315832269341,0.35685012862664506,3.0434008536095805,3.6600013192476415,3.0434008536095805,3.6600013192476415,-0.01478785781166625,-0.01574657751076991,0.5438785979875085,0.6676102848987858,0.0007386032857826683,1.212227486172077,18.13519726726149,FOLLOWING,WALKING,0.3005510208803723
15.2,P,-1.4880779796111439,-1.4100084845831302,-1.595633382462686,-0.13951500058476665,1.2792248485207038,0.4592248485207039,0.13252798948990718,0.3252991708617764,0.1813556014202306,0.45,-0.09041085624328202,0.29528481882672825,0.35531352289682455,3.0285622443766997,3.6442412604802517,3.0285622443766997,3.6442412604802517,-0.014838609232880717,-0.01576005876738984,0.54110975440368,0.6645745177009713,0.0007088292702444266,1.2063931013748959,18.195516922330235,FOLLOWING,WALKING,0.30034077113882957
15.25,P,-1.4777122095794653,-1.4208682647099182,-1.596257729721962,-0.1554937553910034,1.2750379827930058,0.4550379827930059,0.1324109315739861,0.32380475313804,0.18109551704069565,0.45,-0.0889426770716309,0.2938334450678049,0.35377606120827515,3.0136763596697937,3.6284724226489757,3.0136763596697937,3.6284724226489757,-0.014885884706905994,-0.015768837831275917,0.5383134291423359,0.6615150790801717,0.0006782416586796978,1.2005067498811874,18.255542259824296,FOLLOWING,WALKING,0.3001807466195233
15.3,P,-1.4672718983410384,-1.4316470152725091,-1.5967282863561068,-0.17138137871090808,1.2709152958320786,0.4509152958320787,0.13228536078108477,0.32230792844262274,0.18084448904207254,0.45,-0.08751511074395157,0.29237816550615975,0.3522376913790857,2.998750415447792,3.612694270554725,2.998750415447792,3.612694270554725,-0.014925944222001775,-0.015778152094250597,0.5354948676910322,0.6584364096793555,0.0006537172341060114,1.1945849946044937,18.31527150955452,FOLLOWING,WALKING,0.3000710144904197
15.35,P,-1.4567559415800264,-1.4423460495565168,-1.5970591472380458,-0.18720613317456467,1.2668971667408235,0.4468971667408236,0.13220069143066326,0.32080919030376814,0.18060713348100482,0.45,-0.0859415543818044,0.29091870971266187,0.3506996708948744,2.9837816380785833,3.5969197014858914,2.9837816380785833,3.5969197014858914,-0.014968777369208652,-0.015774569068833788,0.5326457200963363,0.655331677675341,0.000617300748003095,1.1885946985196802,18.374701244480505,FOLLOWING,WALKING,0.30001162080998506
15.4,P,-1.4461631842471414,-1.4529666357243611,-1.597245848667043,-0.20295882330296453,1.2629573227996305,0.4429573227996305,0.13214053723153074,0.3193089112562983,0.18038539265916098,0.45,-0.08436972575905667,0.28945512877120716,0.3491626937413894,2.9687705514995604,3.5811558332450195,2.9687705514995604,3.5811558332450195,-0.015011086579022948,-0.015763868240871837,0.5297722435092866,0.6522096769902791,0.0005759827951228669,1.1825579032946887,18.43382913964524,FOLLOWING,WALKING,0.30000259050785366
15.45,P,-1.4354924222009076,-1.4635099951157733,-1.5972896689493459,-0.21863758155717425,1.2591050403372794,0.4391050403372795,0.1320805274359902,0.3178075089263238,0.18017772459710354,0.45,-0.0827584289264085,0.2879880955055032,0.34762692234714443,2.953724056466699,3.565404331765584,2.953724056466699,3.565404331765584,-0.015046495032861262,-0.015751501479435603,0.5268739381216883,0.6490684383235245,0.0005388070880591785,1.176481183533272,18.492653198821905,FOLLOWING,WALKING,0.3000439273743636
15.5,P,-1.4247424038737488,-1.4739773005728585,-1.5971931574382479,-0.23423131193931956,1.2553428516124936,0.43534285161249364,0.13203743197093232,0.3163054035138572,0.17998500545346904,0.45,-0.0811052049516561,0.2865178851113081,0.34609292191640634,2.938644975500596,3.549670994014424,2.938644975500596,3.549670994014424,-0.01507908096610322,-0.015733337751159926,0.5239515557970789,0.6459093041299087,0.0004994864080998202,1.1703603463350873,18.55117121613866,FOLLOWING,WALKING,0.30013561405896577
15.55,P,-1.413911831962706,-1.484369674789897,-1.5969565189988049,-0.24968630861585311,1.2516826190124692,0.4316826190124693,0.13200011162447978,0.31480306797589686,0.17980651997742692,0.45,-0.07936708330239867,0.2850450889196327,0.344561047032161,2.923539373534694,3.5339594567401127,2.923539373534694,3.5339594567401127,-0.015105601965901716,-0.015711537274311294,0.5210041248549615,0.6427303229786073,0.0004621370733165464,1.1641965849068852,18.609381045384005,FOLLOWING,WALKING,0.300277612077507
15.6,P,-1.4029993651445893,-1.4946881886881553,-1.596583268562192,-0.265129094295679,1.248178021020644,0.42817802102064395,0.13197860399348893,0.31330121333910954,0.17964297951880523,0.45,-0.07732655613990225,0.2835703002287473,0.3430321264494718,2.9084133356794593,3.518278219994582,2.9084133356794593,3.518278219994582,-0.01512603785523492,-0.01568123674553057,0.5180220551990569,0.6395200911253887,0.00042305609172486425,1.1579652024161704,18.667279305504813,FOLLOWING,WALKING,0.3004698618283827
15.65,P,-1.3920036198154426,-1.5049338598160067,-1.596075534021326,-0.2804826931354738,1.2447049024831718,0.42470490248317183,0.1319764927859084,0.31179997338384685,0.17949550809302234,0.45,-0.07559643535400086,0.28209346679445163,0.34150647997324207,2.89326632609694,3.5026305638281237,2.89326632609694,3.5026305638281237,-0.015147009582519466,-0.015647656166458468,0.5150326409872061,0.6363123206608117,0.00038117460240147063,1.1517261362504192,18.724865612317334,FOLLOWING,WALKING,0.300712282617554
15.7,P,-1.3809231718542438,-1.5151076507746943,-1.5954365659133853,-0.295697170637501,1.241340406879987,0.421340406879987,0.13199409759912073,0.3102998337629306,0.1793651604596014,0.45,-0.07376900023013383,0.28061489970686654,0.3399847678189946,2.878101535455041,3.487023259681996,2.878101535455041,3.487023259681996,-0.015164790641898573,-0.015607304146127543,0.5120203226094475,0.6330887246456642,0.000336669468250666,1.1454457167233625,18.782137898153504,FOLLOWING,WALKING,0.3010047726924179
15.75,P,-1.3697565584107703,-1.5252104676701772,-1.594665112478529,-0.3108273314719119,1.238134853438507,0.4181348534385071,0.13201578391124968,0.30880150932987094,0.17925077524165997,0.45,-0.07164425532201565,0.2791355060273762,0.3384675126323657,2.862928266947448,3.471461668024263,2.862928266947448,3.471461668024263,-0.015173268507593374,-0.015561591657732965,0.5089767235629679,0.6298379281163908,0.0002952524014875155,1.1391099040808461,18.839093393357548,FOLLOWING,WALKING,0.3013472092845164
15.8,P,-1.3585022797176434,-1.5352431585914865,-1.5937633578920718,-0.32587521120707585,1.2350345174024833,0.4150345174024833,0.132048331470505,0.3073054593325308,0.17915222246601215,0.45,-0.06952399770967663,0.27765576651440577,0.3369551521506558,2.8477514514298026,3.4559502784682645,2.8477514514298026,3.4559502784682645,-0.01517681551764527,-0.015511389555998623,0.505915043039524,0.6265755564633783,0.00025424566254002827,1.1327448451654423,18.89573063561582,FOLLOWING,WALKING,0.30173944866106683
15.85,P,-1.3471588009265374,-1.545206512116155,-1.5927275619970758,-0.3408422564261936,1.2320383951259706,0.4120383951259706,0.13209119945749248,0.3058121335594083,0.17906931214617242,0.45,-0.06741165623020343,0.2761761623992167,0.33544810471959985,2.832576024607351,3.4404933817394854,2.832576024607351,3.4404933817394854,-0.015175426822451765,-0.015456896728779146,0.5028370108733993,0.623303309419472,0.00021379239278667827,1.126354112685658,18.952048341250105,FOLLOWING,WALKING,0.30218132618529153
15.9,P,-1.2894814009554942,-1.5948209298519407,-1.591566458684476,-0.35572111660292877,1.2291449372622227,0.4091449372622228,0.1321505890745065,0.3043219682570937,0.17900271045661356,0.45,-0.06531230646004899,0.27469701967652416,0.3339469168376632,2.817405330015632,3.425096582950392,2.817405330015632,3.425096582950392,-0.015170694591718714,-0.015396798789093502,0.49974421892498194,0.6200233610552184,0.00017167511450915458,1.1199392550947094,19.008045304004842,FOLLOWING,WALKING,0.30267265638552177
15.95,P,-1.2817837074865923,-1.6008177806050672,-1.5902761095641758,-0.37052525005741294,1.2753915984108013,0.45539159841080135,0.16118289311017575,0.3030510652068952,0.182862129980826,0.45,0.15254171001490457,0.27278738269506847,0.3333147477187219,2.79781930969301,3.418612797115096,2.79781930969301,3.418612797115096,-0.019586020322622133,-0.006483785835295741,0.48607233537050815,0.6066578979218623,0.010162680115493669,1.1028929134078642,19.063189949675238,FOLLOWING,WALKING,0.3032132330330467
16.0,P,-1.270224211572341,-1.6099908587395533,-1.5888526810789911,-0.38525088507216537,1.268379782581285,0.4483797825812851,0.15858922005291398,0.3017630227806339,0.18598546168988683,0.45,0.08813054416175445,0.2709824288709576,0.3325436166903102,2.779306962779052,3.4107037609262583,2.779306962779052,3.4107037609262583,-0.018512346913957867,-0.00790903618883787,0.48331376633037837,0.6060329615703286,0.008364877774852841,1.0977116056755598,19.118075529959015,FOLLOWING,WALKING,0.30380282922867513
16.05,P,-1.2725625034870913,-1.6076147957812994,-1.587297617334908,-0.3999000546176551,1.2655086347705986,0.44550863477059865,0.1581249302787877,0.3004762012742767,0.18873378110853453,0.45,0.05610877407914838,0.26924076050081425,0.3317116420477392,2.7614436974442484,3.40217068766912,2.7614436974442484,3.40217068766912,-0.017863265334803646,-0.00853307325713848,0.47985718463113386,0.6042757475528973,0.007469290304285504,1.0916022224883166,19.17265564108343,FOLLOWING,WALKING,0.30444119749797294
16.1,P,-1.246827997016036,-1.628148678662315,-1.585610557311093,-0.4144678684436191,1.2480517168422014,0.42805171684220145,0.14911028032085016,0.2991266178515037,0.18999029084099586,0.45,-0.0330455951032109,0.26768322471731887,0.3305700109856885,2.7454689714596805,3.3904616511352668,2.7454689714596805,3.3904616511352668,-0.01597472598456795,-0.011709036533853023,0.4795901528781647,0.6053811447640862,0.00343763495301408,1.088408932595265,19.227076087713193,FOLLOWING,WALKING,0.3051280698951368
16.15,P,-1.2373109345232665,-1.6352839410753874,-1.583793056714684,-0.4289513822070302,1.2600772723341944,0.44007727233419447,0.1568798130801865,0.2978444140305403,0.1921700365227215,0.45,0.027136879984264044,0.2660402729860299,0.3296485550750507,2.728618184472101,3.381010821282571,2.728618184472101,3.381010821282571,-0.016850786987579358,-0.00945082985269563,0.47341297136144905,0.599837027234077,0.0060318980246513235,1.0792818966201774,19.281040182544203,FOLLOWING,WALKING,0.3058631581154607
16.2,P,-1.2376025590376463,-1.6346446156644037,-1.5818433370108151,-0.44335312763888224,1.2551048177678814,0.43510481776788146,0.15474958406451567,0.2965542883520927,0.193844226719159,0.45,-0.000712033704050985,0.2644730688300719,0.3286355078741135,2.712544295693045,3.370620593580651,2.712544295693045,3.370620593580651,-0.016073888779056134,-0.010390227701920107,0.4707082527623414,0.5982130928860584,0.004673262297732753,1.0735946079461325,19.33471991294151,FOLLOWING,WALKING,0.3066461536163477
16.25,P,-1.2310183239390824,-1.6394711482658253,-1.579763363339793,-0.4576667959855424,1.2400310974574926,0.4200310974574927,0.14666544481500599,0.29521190095923167,0.1942596390972689,0.45,-0.06687975565486948,0.26306193068863365,0.3273618712298297,2.6980710839859863,3.3575576536392786,2.6980710839859863,3.3575576536392786,-0.01447321170705873,-0.01306293994137242,0.470230846593721,0.598454444165813,0.001162049164533617,1.0698473399240676,19.38821227993771,FOLLOWING,WALKING,0.307476727746816
16.3,P,-1.2186712280145038,-1.6486698268238769,-1.5775555928226361,-0.47189452738782095,1.2321869296398262,0.4121869296398263,0.1426067732392653,0.29384954283954223,0.19408558957484282,0.45,-0.08668054780852982,0.26172837776490576,0.3259707079141787,2.6843936181015975,3.3432893119402944,2.6843936181015975,3.3432893119402944,-0.013677465884388784,-0.014268341698984166,0.4684892272514865,0.5966991503366403,0.00048643926012411655,1.0656748168482508,19.441496020780125,FOLLOWING,WALKING,0.3083545318854455
16.35,P,-1.2062189567781836,-1.657802035280088,-1.575220582319567,-0.4860343241729416,1.2302837447786408,0.4102837447786408,0.14195946014975358,0.29249364119241844,0.19384155773757528,0.45,-0.07598484067986916,0.2604128633868497,0.32457441899798717,2.670901162942048,3.3289683999793556,2.670901162942048,3.3289683999793556,-0.013492455159549444,-0.014320911960938876,0.4656408348905645,0.5935113834855946,0.0006811705652184218,1.0598333889413774,19.494487690227196,FOLLOWING,WALKING,0.30927919758670674
16.4,P,-1.1936597170985952,-1.6668677930915676,-1.5727610280719468,-0.5000826991238129,1.2284957339956308,0.4084957339956309,0.14133512435187168,0.2911446432921479,0.19353764375132043,0.45,-0.06713542317554158,0.2591141632513044,0.3231751233329914,2.6575811615518394,3.3146166495691425,2.6575811615518394,3.3146166495691425,-0.013320001390208613,-0.014351750410213082,0.46281109058903735,0.5902990967291128,0.0008469906739607947,1.0539571779921109,19.5471855491268,FOLLOWING,WALKING,0.3102503367356104
16.45,P,-1.1739773159292102,-1.6809537518589133,-1.5701778292728927,-0.5140391485423665,1.2268273144526316,0.40682731445263165,0.14072556627103983,0.2898030141714215,0.19318183082277876,0.45,-0.05970667606611896,0.25783142117025165,0.3217746071725914,2.6444248325154014,3.3002523812573474,2.6444248325154014,3.3002523812573474,-0.013156329036438041,-0.014364268311795048,0.45999771938254214,0.5870653049649475,0.0009898069387117476,1.0480528312862014,19.59958819069111,FOLLOWING,WALKING,0.31126754171061266
16.5,P,-1.1522490313773641,-1.6961922818298585,-1.567456128560305,-0.5279972316167206,1.2323410803049661,0.4123410803049662,0.14421992618101154,0.2885004195413651,0.19333333777493744,0.45,-0.022310637581301154,0.25650375213961296,0.3204970869431173,2.6308077142524406,3.2871496096729977,2.6308077142524406,3.2871496096729977,-0.013617118262960748,-0.013102771584349693,0.45576201604252997,0.5824118714847384,0.0004217953645000099,1.0385956828917684,19.651517974835702,FOLLOWING,WALKING,0.31233038555470904
16.55,P,-1.13273839172532,-1.7095233899877036,-1.5646014588774153,-0.5418824020732484,1.2397889372363184,0.4197889372363185,0.14873465441366207,0.28724492735779494,0.19407918234328808,0.45,0.015368273184534771,0.25512482267998077,0.3193650320356091,2.6166648479998025,3.2755387901088113,2.6166648479998025,3.2755387901088113,-0.014142866252638164,-0.011610819564186414,0.4511070527295777,0.5776444207782443,0.002084441817321688,1.0308359153251436,19.70305977060196,FOLLOWING,WALKING,0.31343842215464296
16.6,P,-1.1105007316828925,-1.7244430289859942,-1.5616367710789292,-0.555645489657943,1.2449462580480573,0.4249462580480573,0.1518142696811453,0.28602590419514246,0.1951661905159139,0.45,0.03467946465558756,0.2537258996647587,0.3183259087255262,2.6023169196385507,3.2648811151336017,2.6023169196385507,3.2648811151336017,-0.01434792836125176,-0.010657674975209641,0.446882708160354,0.5736406626329269,0.0030549203151990522,1.0235782911084799,19.754238685157386,FOLLOWING,WALKING,0.3145911864281552
16.65,P,-1.104871445836758,-1.7277238449955055,-1.55854664424753,-0.5693277802425131,1.2528413363156763,0.43284133631567634,0.15615751101499264,0.2848550138894387,0.19673083545134656,0.45,0.06178832680888157,0.2522960606222408,0.31741396715663656,2.5876519038178545,3.2555278682731954,2.5876519038178545,3.2555278682731954,-0.014665015820696237,-0.009353246860406284,0.442132956028852,0.5692937188372934,0.004432520236786264,1.0158591951029317,19.805031644912532,FOLLOWING,WALKING,0.3157881945191958
16.7,P,-1.0944456488067416,-1.7342339376055222,-1.5553381175496708,-0.5829177544730263,1.244066971062359,0.42406697106235913,0.1512293311129531,0.28365843717348765,0.1974737116064606,0.45,0.00958768779633247,0.2509765379026184,0.3163403364443569,2.5741183374627528,3.244516271224173,2.5741183374627528,3.244516271224173,-0.013533566355101723,-0.011011597049022548,0.4406752568034422,0.5684944903769252,0.0021124585672459687,1.0112822057476134,19.855595755199914,FOLLOWING,WALKING,0.31702894400101556
16.75,P,-1.0865350550794772,-1.7390085318501283,-1.5520080630141684,-0.5964184535975607,1.2401414521282363,0.4201414521282364,0.14885364968497528,0.28245778319256837,0.1978215831532862,0.45,-0.009793886829000486,0.24971831118069948,0.31519725520443725,2.561213448007174,3.232792361071151,2.561213448007174,3.232792361071151,-0.012904889455578772,-0.011723910153021766,0.4384356935410408,0.5664249044589578,0.0009909576018291477,1.0058515556018277,19.905888332980005,FOLLOWING,WALKING,0.31831291408705176
16.8,P,-1.0815774797993551,-1.7418499499476296,-1.5485656167894262,-0.6098089056692075,1.233765459087333,0.4137654590873331,0.14503176289016673,0.28124227475143726,0.1976187128281301,0.45,-0.03569360110659452,0.24853637777838172,0.3139481717244928,2.5490910541372482,3.219981248456336,2.5490910541372482,3.219981248456336,-0.012122393869925752,-0.012811112614814935,0.43678430084786146,0.5647022135702034,0.0005773100044086103,1.0020638244224735,19.95599152420113,FOLLOWING,WALKING,0.3196395658495215
16.85,P,-1.075513857992043,-1.7454345307507018,-1.5450033970315487,-0.6231279804840156,1.224579456801574,0.40457945680157403,0.13953888395502,0.27999959905474203,0.19669459087924476,0.45,-0.068259418920483,0.24744664426422702,0.31255255384525704,2.537914300145918,3.205667218925713,2.537914300145918,3.205667218925713,-0.011176753991330113,-0.014314029530622996,0.4358081845634588,0.5633176306239104,0.002617484956682803,1.001743300144052,20.006078689208334,FOLLOWING,WALKING,0.32100834244562876
16.9,P,-1.0617851856509681,-1.7538198252391808,-1.541330303052093,-0.6363315111614247,1.2165493907108897,0.3965493907108898,0.13465437632945743,0.278735077474098,0.195203472595797,0.45,-0.0885746375569869,0.24642890275949358,0.3110412521887024,2.5274759257383956,3.190166689114896,2.5274759257383956,3.190166689114896,-0.010438374407522488,-0.015500529810817287,0.4347456910239925,0.5614182661076341,0.004191429124513164,1.0003553862561398,20.056096458521143,FOLLOWING,WALKING,0.32241866935129027
16.95,P,-1.047929644726967,-1.7621337121717706,-1.5375461181947891,-0.6494455393521437,1.216036040470678,0.3960360404706781,0.13403909644599898,0.2774822662105334,0.19377840335642715,0.45,-0.07134695835138126,0.24541194045504472,0.3095525919660221,2.517045543128664,3.1748983791386878,2.517045543128664,3.1748983791386878,-0.010430382609731836,-0.015268309976208094,0.43231987536469285,0.5578423177498809,0.003976526043035213,0.994138719157609,20.105803394479025,FOLLOWING,WALKING,0.3238699546022846
17.0,P,-1.0339454700117916,-1.7703752497456426,-1.5336518658457956,-0.6624638967048229,1.2156476714178934,0.3956476714178935,0.13351585907265973,0.27624158526640546,0.19242520399559349,0.45,-0.057359451346329644,0.24439521400513475,0.3080879565276762,2.5066175795398435,3.159876477206935,2.5066175795398435,3.159876477206935,-0.010427963588820255,-0.01502190193175279,0.42988280974815657,0.5543014666145487,0.00374961114799375,0.9879338875106991,20.15520008885456,FOLLOWING,WALKING,0.32536158904272017
17.05,P,-1.019830913970675,-1.7785434115532825,-1.529656187615247,-0.6753762358255251,1.215390492078225,0.3953904920782251,0.1330679369334642,0.27501348295842015,0.1911468550820518,0.45,-0.04587196114467807,0.24337867844234057,0.30664828747449974,2.4961915737675957,3.1451106407641,2.4961915737675957,3.1451106407641,-0.010426005772247837,-0.014765836442835134,0.42743348031402606,0.5507961806020683,0.003518674193103121,0.9817483351091975,20.204287505610022,FOLLOWING,WALKING,0.3268929465807191
17.1,P,-0.9945213369480845,-1.7930626233598865,-1.5255528299437497,-0.6881987919245087,1.215277592671699,0.39527759267169904,0.1327005802000134,0.2737984616763772,0.1899467479008484,0.45,-0.036276887081563444,0.2423622748987868,0.30523464845396764,2.485766922038839,3.1306117790150525,2.485766922038839,3.1306117790150525,-0.010424651728756729,-0.014498861749047354,0.4249698361269656,0.5473258764925968,0.003282572969309306,0.9755782855888717,20.253066419889468,FOLLOWING,WALKING,0.32846338445121115
17.15,P,-0.9611885508372803,-1.8117675780878482,-1.5213365093574702,-0.700946865541672,1.2258542052655643,0.40585420526556437,0.13832052084189495,0.272643816381567,0.18962534342441936,0.45,0.01824112348938731,0.24126082204482557,0.3040268107183084,2.4744699696905186,3.118223699674958,2.4744699696905186,3.118223699674958,-0.0112969523483204,-0.01238807934009456,0.4204673216925142,0.5418995651241081,0.0008776286527824017,0.9632445154694047,20.30122864566294,FOLLOWING,WALKING,0.3300722434857243
17.2,P,-0.9524437404558151,-1.8161602244146697,-1.517016330232719,-0.7135900720054515,1.2440612488362182,0.4240612488362182,0.1478837742614727,0.2715825133196729,0.19062711860727627,0.45,0.09433906803259784,0.2400337251901687,0.30313130144917716,2.461884360924807,3.10903898922233,2.461884360924807,3.10903898922233,-0.012585608765711687,-0.009184710452628142,0.4144459699434893,0.5354634020812254,0.002749903439044128,0.9526592754637588,20.348861609436128,FOLLOWING,WALKING,0.33171884838906124
17.25,P,-0.9376814022696168,-1.823825821540284,-1.5126083846590195,-0.7261213270444475,1.2387102769054137,0.41871027690541374,0.1445036754879292,0.270509385434454,0.1910724029374191,0.45,0.05004019656988698,0.23888690274831115,0.3021318681205969,2.4501220794698577,3.0987883909804808,2.4501220794698577,3.0987883909804808,-0.011762281454949175,-0.01025059824184904,0.4127590255376794,0.5340968642157137,0.0012251742760910366,0.9480810640294841,20.396265662637603,FOLLOWING,WALKING,0.33340250802274485
17.3,P,-0.9362432906241684,-1.8241629261401555,-1.508088178099271,-0.7385715688034183,1.2391514000781925,0.4191514000781925,0.1441639164941726,0.26945017333716326,0.1914272913703905,0.45,0.04097229528473845,0.23776895661536362,0.3011313900589629,2.438655965285781,3.088527077527824,2.438655965285781,3.088527077527824,-0.011466114184076837,-0.010261313452656573,0.4101136763728393,0.5314466749863147,0.0009782687730585274,0.9425386201322125,20.443392593644216,FOLLOWING,WALKING,0.33512251569511353
17.35,P,-0.9133076267791116,-1.835972904128801,-1.5034732981254288,-0.7509219626161601,1.2269943644759058,0.40699436447590587,0.1368995539449962,0.268348942955133,0.19076600201592592,0.45,-0.0215325663279645,0.23677716962149725,0.29992071628876876,2.4284837909897155,3.0761099106540386,2.4284837909897155,3.0761099106540386,-0.010172174296065428,-0.012417166873785579,0.4098963637468174,0.5311602137201015,0.001816581979107335,0.9428731594460262,20.49053625161652,FOLLOWING,WALKING,0.3368781494579448
17.4,P,-0.8930374881032743,-1.8460801359540722,-1.4987588698525947,-0.7631855059453804,1.2351643879715437,0.41516438797154376,0.14068845317412793,0.2672962130379611,0.1906823429928406,0.45,0.0191527016449939,0.23573828527264595,0.2988541408032762,2.4178285668989328,3.065170674905397,2.4178285668989328,3.065170674905397,-0.010655224090782678,-0.01093923574864153,0.40605681226751744,0.5266785193799487,0.0002297130988953846,0.9329650447463615,20.537184503853837,FOLLOWING,WALKING,0.3386686724094822
17.45,P,-0.8939721525800025,-1.845174291427411,-1.493949352398607,-0.775348446057891,1.2407897372278542,0.4207897372278543,0.14298944536891378,0.26628016312870434,0.1909176838183599,0.45,0.039690644010861226,0.23468328645676578,0.2978770398006429,2.4070080662232387,3.05514912616044,2.4070080662232387,3.05514912616044,-0.010820500675694067,-0.010021548744957087,0.4026629667895517,0.522970032797126,0.0006470024445511016,0.9262800020312287,20.5834985039554,FOLLOWING,WALKING,0.3404933330037395
17.5,P,-0.8866563791400205,-1.8485432711192238,-1.4890369984281895,-0.7874273917107492,1.2265806046578356,0.40658060465783563,0.1345435685213483,0.2652125079652931,0.18998929718690594,0.45,-0.03156148097960944,0.23376927928086016,0.29665573664972605,2.3976336336498476,3.04262293999719,2.3976336336498476,3.04262293999719,-0.0093744325733911,-0.012526186163249964,0.4029503946221943,0.5231231522228895,0.0025399227402382665,0.9286134695853221,20.62992917743467,FOLLOWING,WALKING,0.34235136536595145
17.55,P,-0.871147581886087,-1.8559023817118923,-1.48403287409324,-0.799404885055567,1.220175938144503,0.40017593814450303,0.13020066031133237,0.26412833460368973,0.18856745661024518,0.45,-0.05279848782275841,0.23292042053469414,0.2953362486726853,2.388927390099427,3.02908972997626,2.388927390099427,3.02908972997626,-0.008706243550420822,-0.01353321002093022,0.40199724222690814,0.5213553451271661,0.0038608252019446897,0.9272134125560189,20.67628984806247,FOLLOWING,WALKING,0.34424198961403757
17.6,P,-0.8554910703506212,-1.8631711645525755,-1.4789427670983826,-0.8112760932488309,1.221398928215073,0.40139892821507306,0.13010468951837617,0.2630617126374811,0.18727484403420144,0.45,-0.035801664191243504,0.23206772594982078,0.2940556993251415,2.3801818046135463,3.0159558905142716,2.3801818046135463,3.0159558905142716,-0.008745585485880447,-0.013133839461988206,0.3997286170019448,0.5180055529075533,0.0034858629874833856,0.9212200328969815,20.722350849707322,FOLLOWING,WALKING,0.3461644121859474
17.65,P,-0.8396855081958176,-1.8703475632073796,-1.4737623253310665,-0.8230563172170375,1.2227735927843604,0.4027735927843604,0.13010572852917113,0.2620131205361547,0.1861116329822194,0.45,-0.021876773964305617,0.2312116452775974,0.29281459579471203,2.3714014900266402,3.003226623535508,2.3714014900266402,3.003226623535508,-0.00878031458690609,-0.012729266978763754,0.39744127987054656,0.5147187619565353,0.0031174143607777312,0.9152774561878596,20.768114722516714,FOLLOWING,WALKING,0.34811782617274617
17.7,P,-0.8183398568929494,-1.8798818327819207,-1.4684942615107424,-0.8347355069221507,1.2242844293530695,0.4042844293530695,0.13016700129982706,0.26098296916720964,0.18507301485947408,0.45,-0.010416202789838458,0.2303533852079667,0.2916125531264526,2.362598822645812,2.9908979807841294,2.362598822645812,2.9908979807841294,-0.008802667380828133,-0.01232864275137846,0.39514028956542174,0.5114972354485737,0.0027679706966038777,0.9094054957105994,20.813584997302243,FOLLOWING,WALKING,0.35010141165730285
17.75,P,-0.7909552177473173,-1.8918265787486275,-1.4631389179528536,-0.8463257564669625,1.2308661959376792,0.41086619593767926,0.1329827277095046,0.2599935987662869,0.18451838161430978,0.45,0.020835134796208445,0.22945580660911866,0.2905313909234552,2.353392888298653,2.9798091376764635,2.353392888298653,2.9798091376764635,-0.009205934347159328,-0.011088843107665891,0.3919266470304541,0.5074476434632826,0.001473696414535805,0.9008479869082725,20.85862739664766,FOLLOWING,WALKING,0.352114336058439
17.8,P,-0.768148617190971,-1.9013853461958106,-1.4576901549653218,-0.8578350972807405,1.2429412279804883,0.4229412279804884,0.13864629550323793,0.25906890715825126,0.18478379334581593,0.45,0.069381546129402,0.22848718935951873,0.2896506249569838,2.34345835240532,2.970775640584449,2.34345835240532,2.970775640584449,-0.009934535893332708,-0.009033497092014287,0.3876940781799013,0.5026571102363172,0.0007062305262651032,0.8910574189424836,20.903180267594784,FOLLOWING,WALKING,0.3541557544803924
17.85,P,-0.7409907936319984,-1.9124890504726917,-1.4521570006515154,-0.8692440844013671,1.2507856148544887,0.43078561485448874,0.14193308655542125,0.25818936576265783,0.1854663806962162,0.45,0.08863290822653463,0.22749467975743404,0.2888840517678816,2.333278766742913,2.9629133514654526,2.333278766742913,2.9629133514654526,-0.010179585662406954,-0.007862289118996557,0.3841727035208563,0.4990349101841274,0.001822996877583707,0.8850306105825674,20.94743179812391,FOLLOWING,WALKING,0.3562248100674493
17.9,P,-0.7295164976860667,-1.9167130184483254,-1.44652518733841,-0.8805679054228591,1.262583634156441,0.442583634156441,0.14703829735380236,0.25737195505756505,0.18676991276935792,0.45,0.12104495334528612,0.2264615344942363,0.28828237562089376,2.32268240506909,2.9567423140604485,2.32268240506909,2.9567423140604485,-0.01059636167382294,-0.006171037405004132,0.37995876324774447,0.49493071802692984,0.0035058322309353723,0.8783953135056097,20.991351563799192,FOLLOWING,WALKING,0.358320634363598
17.95,P,-0.7172390394531494,-1.9211965172604857,-1.4408155501807243,-0.8917872723994689,1.260038950304127,0.440038950304127,0.14470016999077173,0.25655259720408397,0.18762744444117632,0.45,0.08321845465914178,0.2255002551490693,0.28760493925909864,2.312823129734044,2.949794248811268,2.312823129734044,2.949794248811268,-0.00985927533504638,-0.006948065249180679,0.37828155401332564,0.49373710696217,0.002316909255993415,0.874335570231489,21.035068342310765,FOLLOWING,WALKING,0.3604423476770501
18.0,P,-0.705184905595492,-1.9255125561700979,-1.4350106963948126,-0.902903161421827,1.2582711791509893,0.43827117915098934,0.1426756197168777,0.25573475753715735,0.1881259086588372,0.45,0.05713220156032507,0.2245999196541198,0.2868695954201949,2.303588919529434,2.9422522607199477,2.303588919529434,2.9422522607199477,-0.009234210204609905,-0.007541988091320118,0.37658732835131536,0.4922697239535631,0.0013503460878916617,0.8702073983927701,21.078578712230403,FOLLOWING,WALKING,0.3625890594494783
18.05,P,-0.6972163919746166,-1.928189221830987,-1.4274732341909022,-0.9122518352729628,1.2563342147467282,0.4363342147467283,0.14042657950219795,0.25491769587625346,0.1882709060257502,0.45,0.03604047383830503,0.2237588609289918,0.28607653082351514,2.2949626761947877,2.9341182648565654,2.2949626761947877,2.9341182648565654,-0.008626243334646233,-0.00813399586338237,0.3750296171925309,0.4907289004002572,0.00039310251321686,0.866151620106005,21.121886293235704,FOLLOWING,WALKING,0.36475986862981546
18.1,P,-0.6905352682236413,-1.9303970584336154,-1.4197334427443906,-0.9213910815413442,1.2511609924426392,0.4311609924426393,0.127598766835463,0.2540893709717546,0.18666964894596266,0.45,0.005349391455886608,0.2231955440711978,0.2849831978723114,2.2891850673969003,2.9229045935621683,2.2891850673969003,2.9229045935621683,-0.005777608797887357,-0.011213671294397098,0.3744209119114461,0.48918638682626087,0.004304247796168874,0.8679115465338759,21.1652818705624,FOLLOWING,WALKING,0.3669538640524579
18.15,P,-0.6731783527600559,-1.936518180974583,-1.411956775594883,-0.9305037283523294,1.244918888574159,0.42491888857415916,0.11411904621160174,0.253244743979239,0.18340875528993258,0.45,-0.02329273168572058,0.22289059497875519,0.28359889297972285,2.286057384397489,2.908706594663824,2.286057384397489,2.908706594663824,-0.003127682999411352,-0.014197998898344277,0.3744659862867976,0.4873252157042614,0.0086123008308284,0.8704035028218874,21.208802045703493,FOLLOWING,WALKING,0.3691701248197137
18.2,P,-0.6556616763508102,-1.9425188611786235,-1.4041212145895439,-0.9396502077296025,1.2481420740168834,0.4281420740168834,0.10676763687314705,0.2524258048540093,0.17948151073881413,0.45,-0.003986314766875497,0.22272161482673555,0.28212999488128304,2.284324254633185,2.8936409731413644,2.284324254633185,2.8936409731413644,-0.0017331297643039534,-0.015065621522459605,0.3732143328878956,0.48334374437196004,0.010150096105087285,0.8667081733649429,21.25213745437174,FOLLOWING,WALKING,0.3714077206883358
18.25,P,-0.6379846984342465,-1.9483960799677296,-1.3963086673944547,-0.9488062239778119,1.2513741312857602,0.4313741312857603,0.1002390809953253,0.25163206542099625,0.17506563559930158,0.45,0.011111726464895165,0.22265870272931185,0.2806054281126807,2.2836790023519162,2.878004390899289,2.2836790023519162,2.878004390899289,-0.0006452522812687711,-0.015636582242075203,0.3721742662915982,0.47929510791470464,0.011132179027573089,0.862601553233876,21.295267532033435,FOLLOWING,WALKING,0.3736657124599787
18.3,P,-0.6201469622725982,-1.9541467460387716,-1.3885502044648512,-0.958001280621963,1.2546852681439704,0.43468526814397046,0.09406744885085783,0.25086348002230513,0.17025817763423717,0.45,0.02323614881874273,0.22268575162383888,0.2790412084207714,2.283956426911168,2.861961112007912,2.283956426911168,2.861961112007912,0.0002774245592518376,-0.016043278891377355,0.37129904187066276,0.47518967496913256,0.01178653006346475,0.8582752469032601,21.3381812943786,FOLLOWING,WALKING,0.37594315237541315
18.35,P,-0.595628083503105,-1.9618681049537183,-1.3807403625309598,-0.9672195752250253,1.2580736587664636,0.43807365876646365,0.08803821281802071,0.2501200437609447,0.16511751860124618,0.45,0.033033114817589145,0.22279309443243847,0.277446993089451,2.2850573787942405,2.8456101855328306,2.2850573787942405,2.8456101855328306,0.0011009518830724652,-0.016350926475081184,0.3705686123066977,0.4710443599125184,0.012222905234436606,0.8538358774536526,21.380873088251285,FOLLOWING,WALKING,0.3782390845123338
18.4,P,-0.5496954756371208,-1.9759536784707958,-1.3729557369817909,-0.9764617273925905,1.2671728328731495,0.4471728328731496,0.08574657590184076,0.24942707153890917,0.16018155448787,0.45,0.06580219562713704,0.2229170242711667,0.27593711880665167,2.286328454063248,2.8301242954528374,2.286328454063248,2.8301242954528374,0.0012710752690074933,-0.015485890079993236,0.3689360462091808,0.465920352625239,0.011385365825907748,0.8462417646603275,21.423185176484303,FOLLOWING,WALKING,0.3805525451865944
18.45,P,-0.5379251358016384,-1.978979006619113,-1.3649838505727891,-0.9857627602510396,1.2948905815471097,0.4748905815471097,0.09334727237027896,0.24886781625842863,0.15676528080907062,0.45,0.17328380675458982,0.22292316228452744,0.2748124702323298,2.2863914080464354,2.8185894382803056,2.2863914080464354,2.8185894382803056,6.295398318734158e-05,-0.011534857172531776,0.36402864890516134,0.4577630404994626,0.007711964677117629,0.8295036540817416,21.46466035918839,FOLLOWING,WALKING,0.38288256335669996
18.5,P,-0.5205124536222289,-1.9835961849891663,-1.356920758307454,-0.9951489113779266,1.292480030688441,0.472480030688441,0.08661387404289433,0.24830494527963876,0.15278162572395423,0.45,0.12455494549043791,0.22301958622232432,0.2735903043369532,2.2873803715110186,2.80605440345593,2.2873803715110186,2.80605440345593,0.0009889634645832146,-0.012535034824375568,0.36433273120483206,0.4556794209569381,0.008764261923277014,0.8287764140850472,21.506099179892644,FOLLOWING,WALKING,0.3852281610313868
18.55,P,-0.5129912445870352,-1.985263167126788,-1.34881027448493,-1.0045439979386526,1.294838547795016,0.474838547795016,0.08301619705514351,0.2477597899773218,0.14871064975400314,0.45,0.10753033275147131,0.22314817744303428,0.2723714025116093,2.2886992558259927,2.793552846272916,2.2886992558259927,2.793552846272916,0.001318884314974067,-0.012501557183014267,0.3639086321243057,0.45264356640175735,0.00871772373539067,0.8252699222614538,21.54736267600572,FOLLOWING,WALKING,0.3875883536801212
18.6,P,-0.4938458273823757,-1.9901189316198233,-1.3408370371091816,-1.0138254422128192,1.2885664668741479,0.46856646687414794,0.07573117977175614,0.24719300460355811,0.14406329404778984,0.45,0.056276503494328535,0.2233505294386489,0.2710354797684673,2.290774660909219,2.7798510745483824,2.290774660909219,2.7798510745483824,0.002075405083226567,-0.013701771724533351,0.36506428169234345,0.4511622296969855,0.009640992551743749,0.8258675039410728,21.588656051202772,FOLLOWING,WALKING,0.3899621506463408
18.65,P,-0.4604183579125726,-1.998502571715359,-1.332856204127406,-1.0230367263981248,1.2924949078479893,0.4724949078479893,0.07381211080826311,0.24665086418628432,0.1396215996021263,0.45,0.061180813010478056,0.22354348945213243,0.2697582389204362,2.292753737970589,2.7667511684147303,2.292753737970589,2.7667511684147303,0.001979077061369683,-0.013099906133652084,0.36449787695817293,0.447721735951032,0.008930253361642746,0.8211498662708477,21.629713544516314,FOLLOWING,WALKING,0.3923485555632688
18.7,P,-0.4611084071627459,-1.9978416761217361,-1.324824556003437,-1.0322271650405543,1.3086945445322387,0.4886945445322387,0.07936966355920327,0.24618836575207084,0.13637434422240607,0.45,0.11899943555886922,0.22361841178326264,0.26875831972087905,2.293522172136027,2.7564955868808108,2.293522172136027,2.7564955868808108,0.0007684341654381477,-0.010255581533919589,0.3616920624973703,0.44236080497089464,0.006376929450221096,0.810429796918486,21.67023503436224,FOLLOWING,WALKING,0.3947465667721244
18.75,P,-0.45079778814548926,-2.000035980361376,-1.3167838678366408,-1.0413800742285826,1.2955373285933312,0.4755373285933312,0.07035064229132948,0.24567184176186857,0.1322342465094949,0.45,0.034927809604725774,0.22378707396454717,0.26755660955919,2.2952520406620223,2.7441703544532303,2.2952520406620223,2.7441703544532303,0.0017298685259952151,-0.012325232427580435,0.3639835748773215,0.44256498123821864,0.007883462902211794,0.8144320190177519,21.710956635313128,FOLLOWING,WALKING,0.3971551777425543
18.8,P,-0.43289253676851647,-2.0039650225190986,-1.3087305975106909,-1.0505300733074583,1.2918796525149459,0.4718796525149459,0.06650149566373798,0.24514471661837714,0.12798852377314998,0.45,0.011149916746791028,0.2239626159339208,0.2663268173028335,2.2970524711171363,2.7315571005418815,2.2970524711171363,2.7315571005418815,0.0018004304551140216,-0.01261325391134882,0.3646856564379267,0.4407899170798425,0.007825014509398215,0.8133005880271674,21.751621664714488,FOLLOWING,WALKING,0.3995733774951097
18.85,P,-0.41328286594036306,-2.0081008521959176,-1.3006585467011018,-1.0596407192897994,1.294654591396028,0.47465459139602795,0.0667608791743367,0.24463614385916774,0.12420239008437038,0.45,0.020906666139257825,0.22408064830020444,0.26519163941813106,2.298263059489276,2.7199142504423697,2.298263059489276,2.7199142504423697,0.0012105883721398314,-0.011642850099511826,0.364208602906556,0.43790932158733376,0.006771554687885375,0.8088894791817751,21.792066138673576,FOLLOWING,WALKING,0.4020001510255892
18.9,P,-0.393514421434909,-2.0120681300573797,-1.2925700822952835,-1.0686966905874928,1.2988503464671655,0.4788503464671655,0.06817932691617745,0.24415229504489364,0.12098636020961726,0.45,0.03476852190162612,0.22412905243020198,0.2641755376595853,2.2987595121046356,2.7094926939444646,2.2987595121046356,2.7094926939444646,0.0004964526153594662,-0.010421556497905105,0.36337980025258243,0.434984325083024,0.005602978783753437,0.8039671041193599,21.832264493879546,FOLLOWING,WALKING,0.4044344797310733
18.95,P,-0.3704711448860112,-2.016484460651472,-1.2846210241548246,-1.0776880401755617,1.3031695032238022,0.48316950322380225,0.07015714021915209,0.2436933715797882,0.11835893811824102,0.45,0.04612373681246978,0.22410496732121932,0.2632817758383571,2.298512485345839,2.700325906034432,2.298512485345839,2.700325906034432,-0.0002470267587963981,-0.009166787910032781,0.36241567176626577,0.43228136666953376,0.004478095997621197,0.7991751344334207,21.872223250601216,FOLLOWING,WALKING,0.4068753418374676
19.0,P,-0.3369292231546544,-2.022615211793438,-1.2766342658003114,-1.0865303806229998,1.3103467941219102,0.4903467941219103,0.07346047433412728,0.24327203687464186,0.11644020834152408,0.45,0.06755659466540134,0.22400118239411962,0.26254289135516407,2.297448024555073,2.6927476036427085,2.297448024555073,2.6927476036427085,-0.0010644607907663861,-0.007578302391723302,0.3608438728074753,0.4293174270721416,0.003217209047308861,0.7933785089269257,21.911892176047562,FOLLOWING,WALKING,0.4093217128283771
19.05,P,-0.3098220143039222,-2.02710937540868,-1.2686869910938072,-1.095330546576131,1.3263862100915644,0.5063862100915645,0.08213803172838263,0.24292766128002022,0.11588482179070332,0.45,0.1232675741054905,0.22374872327365883,0.26210659928638164,2.2948587002426546,2.6882728131936577,2.2948587002426546,2.6882728131936577,-0.0025893243124182064,-0.004474790449050747,0.35756031524542636,0.42520351744714896,0.0009267965491221458,0.7836906292416975,21.951076707509646,FOLLOWING,WALKING,0.411772565875133
19.1,P,-0.2787521373518266,-2.0319174546519645,-1.2607296630958609,-1.104168783565496,1.3370242441985947,0.5170242441985947,0.08845692877473188,0.24263476994909072,0.1162380249962218,0.45,0.14295605787321497,0.22339737681221603,0.26187216308596545,2.291255146791959,2.6858683393432354,2.291255146791959,2.6858683393432354,-0.003603553450695518,-0.002404473850422306,0.35505156900171964,0.42255987499070946,0.0005912012596579403,0.778202645252087,21.98998683977225,FOLLOWING,WALKING,0.4142268722677888
19.15,P,-0.25966342150494515,-2.0343984936849617,-1.252780693101866,-1.112975358367713,1.350924667688426,0.5309246676884259,0.09654908978664645,0.2424072358214098,0.11764834961779691,0.45,0.1726675884963642,0.22293643395966442,0.2618780376831552,2.28652752779143,2.6859285916221047,2.28652752779143,2.6859285916221047,-0.004727619000528982,6.02522788692994e-05,0.35184998811545376,0.4197462486445755,0.0023892820438126167,0.7739855188038419,22.028686115712443,FOLLOWING,WALKING,0.41668360184690584
19.2,P,-0.24512595865926806,-2.0360232928966813,-1.2448603320937106,-1.1217559598548124,1.3547333720854375,0.5347333720854376,0.09958997633158795,0.24219898327537034,0.11932816146078162,0.45,0.15143901837401508,0.222450172553611,0.2619477939971297,2.281540231319087,2.686644040996202,2.281540231319087,2.686644040996202,-0.0049872964723429725,0.0007154493740970658,0.3503065559800196,0.41903621249394185,0.002886463567057106,0.7722292320410186,22.067297577314495,FOLLOWING,WALKING,0.4191417234359484
19.25,P,-0.22811060469924993,-2.0378988815327372,-1.2369342415596143,-1.1305123508524544,1.354752218560224,0.5347522185602241,0.10080585116601815,0.24199280766690281,0.12100413522211594,0.45,0.11820535882079262,0.22196662328764263,0.262018992046163,2.2765807516681296,2.6873742773965437,2.2765807516681296,2.6873742773965437,-0.0049594796509575545,0.000730236400341866,0.3494012692125036,0.41907208954950614,0.00292031648129106,0.7713936752433008,22.10586726107666,FOLLOWING,WALKING,0.4216002052741051
19.3,P,-0.216337831175292,-2.038971811051673,-1.2289632786627265,-1.1392122888174954,1.356862353500963,0.536862353500963,0.10303829984101509,0.24179803594132734,0.12281389217844141,0.45,0.10148477361946912,0.22147233678579528,0.2621237350968594,2.271511146520977,2.6884485650959937,2.271511146520977,2.6884485650959937,-0.0050696051471526005,0.0010742876994500605,0.34813737945122275,0.4187637214714552,0.0032005914581280637,0.770101692380806,22.1443723456957,FOLLOWING,WALKING,0.4240580154493545
19.35,P,-0.2066759328019887,-2.039772116811082,-1.2209511145664222,-1.1478446216460882,1.3546134115496578,0.5346134115496578,0.10297961929763266,0.24159508660278756,0.1244347515657777,0.45,0.06926277883744315,0.22100113521865133,0.2621890379869238,2.2666783099348855,2.689118338327423,2.2666783099348855,2.689118338327423,-0.00483283658609146,0.0006697732314293603,0.34762915831499996,0.41923262795911803,0.002904353786681958,0.7697661400608,22.18286065269874,FOLLOWING,WALKING,0.42651412233159663
19.4,P,-0.18734609185668596,-2.0416104431883855,-1.2128766286138077,-1.1564250888981324,1.3506623563920683,0.5306623563920684,0.1018574160694048,0.24137649382368043,0.1257420275785696,0.45,0.036640324799812454,0.22056618825942717,0.2621867993879337,2.2622173154813043,2.6890953783377816,2.2622173154813043,2.6890953783377816,-0.0044609944535811685,-2.295998964152446e-05,0.34745376570931313,0.41990542615125576,0.0023670653249272004,0.7697262571854961,22.221346965558016,FOLLOWING,WALKING,0.4289674950056638
19.45,P,-0.16591456695908902,-2.043463754594299,-1.2047657254765598,-1.1649351432012558,1.3547198947647114,0.5347198947647115,0.10480587889022919,0.24117820291469644,0.1273166184708936,0.45,0.046432622183483145,0.22010730255776356,0.2622491032716293,2.2575107954642415,2.689734392529531,2.2575107954642415,2.689734392529531,-0.004706520017062843,0.0006390141917496095,0.3459298242518962,0.41913703735063274,0.002886790865554896,0.7679536524680838,22.25974464818142,FOLLOWING,WALKING,0.431417103704032
19.5,P,-0.14434270404233418,-2.0451007172409863,-1.1966046072260412,-1.1733858916875448,1.360523520777675,0.540523520777675,0.10853732417592443,0.24100776672689936,0.12923749538755405,0.45,0.06175339976015576,0.21961896124025915,0.26239657221353957,2.2525021665667606,2.6912468944978416,2.2525021665667606,2.6912468944978416,-0.005008628897480882,0.0015125019683104313,0.34408525985477817,0.4181911689725719,0.0035747902318602445,0.7658512190592103,22.29803720913438,FOLLOWING,WALKING,0.433861920239052
19.55,P,-0.12263287690060264,-2.046517270235688,-1.1885709773358555,-1.1761974914721445,1.3664339903491365,0.5464339903491365,0.11221779763769646,0.2408653275395751,0.1314631485298877,0.45,0.07417371792735206,0.2191081764578787,0.2626224786212715,2.2472633482859354,2.6935638832950923,2.2472633482859354,2.6935638832950923,-0.005238818280825175,0.0023169887972507297,0.3422021848278015,0.41737546428073347,0.0042133157226232456,0.7637909648311583,22.33622675737594,FOLLOWING,WALKING,0.43630091843451513
19.6,P,-0.09988298099113752,-2.047766180958338,-1.1805461455170625,-1.1769442207159009,1.376110660981354,0.5561106609813541,0.11380160320266097,0.24076842133128298,0.13368005010925818,0.45,0.10043285076509124,0.21864437303820075,0.2628924696243652,2.242506390135392,2.696333021788361,2.242506390135392,2.696333021788361,-0.004756958150543333,0.0027691384932686525,0.3397711512429333,0.415874253609704,0.0042675194047325235,0.7599129242573699,22.37422240358881,FOLLOWING,WALKING,0.4387330745563762
19.65,P,-0.04784637587375629,-2.050284485304331,-1.1724389346485773,-1.1782927194640618,1.3878630197550719,0.5678630197550719,0.11781860305258618,0.2407253080186155,0.13621755651043155,0.45,0.1300480022011289,0.2181813024161391,0.2632693136210919,2.2377569478578367,2.7001980884214554,2.2377569478578367,2.7001980884214554,-0.00474944227755536,0.003865066633094383,0.33705123591573977,0.41419627538841153,0.004977402071002704,0.756224913375154,22.41203364925757,FOLLOWING,WALKING,0.4411573677424512
19.7,P,-0.026379069815620194,-2.0506543058100055,-1.1625724186856554,-1.1858884615051817,1.4230523753344182,0.6030523753344182,0.1346426611153052,0.24226495692204503,0.14077256010995468,0.45,0.2562706062660022,0.21896709822384752,0.26556281562024253,2.245816392039462,2.723721185848641,2.245816392039462,2.723721185848641,0.008059444181625075,0.023523097427185835,0.39244293980404094,0.4837640116049081,0.009233561059414851,0.8854405124683639,22.456305674880987,FOLLOWING,WALKING,0.4435727804309087
19.75,P,-0.006698346280740043,-2.0507418588492583,-1.1540524353458654,-1.1941854887780576,1.4278498840889196,0.6078498840889196,0.129900620846091,0.24389711581837353,0.14423188791318153,0.45,0.22100011140728737,0.22002673836874198,0.2677674932680051,2.2566844960896613,2.7463332642872316,2.2566844960896613,2.7463332642872316,0.010868104050199445,0.022612078438590366,0.3978477519512699,0.4922400198534075,0.007184813471567447,0.8972725852762448,22.5011693041448,FOLLOWING,WALKING,0.44597829878737727
19.8,P,0.007696666995258859,-2.050537821281092,-1.1454142352459968,-1.202471903839955,1.4318205965846473,0.6118205965846474,0.13196954471694933,0.24552208641175544,0.14762458765865158,0.45,0.18985122187888614,0.2210902171542486,0.2699539556692623,2.267591970812806,2.768758519684741,2.267591970812806,2.768758519684741,0.010907474723144794,0.022425255397509503,0.39965688581692743,0.49631177490132317,0.0072121809740345365,0.9031808416922852,22.546328346229416,FOLLOWING,WALKING,0.448372913130488
19.85,P,0.021801970832004424,-2.0502590227091857,-1.1366504955576018,-1.2107478119739041,1.431391125162134,0.6113911251621341,0.13174274796123553,0.24687763850174896,0.15064739986755327,0.45,0.1461942788064729,0.2219454938236689,0.271809783179829,2.2763640392171167,2.787792647998246,2.2763640392171167,2.787792647998246,0.008772068404310662,0.01903412831350515,0.3914563726602385,0.4879590562867252,0.006557454713648562,0.8859728836606123,22.590626990412446,FOLLOWING,WALKING,0.4507556183556724
19.9,P,0.06844578085199736,-2.0498332618812825,-1.127785918782385,-1.2189940011237503,1.430661102369943,0.610661102369943,0.13123806644815872,0.2479868105406777,0.1532997988512994,0.45,0.11081943718340789,0.22261569383078764,0.27335792725056773,2.2832378854439757,2.8036710487237717,2.2832378854439757,2.8036710487237717,0.006873846226858937,0.015878400725525488,0.3836826748111943,0.47989268621926984,0.005855216121816026,0.8694305771522802,22.63409851927006,FOLLOWING,WALKING,0.45312541435704135
19.95,P,0.07031890882109286,-2.0492326649334616,-1.1187725916669018,-1.2272477055263566,1.4564560262590445,0.6364560262590445,0.1436023258933068,0.25047279867070027,0.15735613296176595,0.45,0.19993682611510333,0.22443035866552802,0.2765152386758725,2.301849832466954,2.836053730008949,2.301849832466954,2.836053730008949,0.018611947022978192,0.032382681285177295,0.4380522273028765,0.5488037828877712,0.009191362314584327,0.996047372505232,22.683900887895323,FOLLOWING,WALKING,0.45548130644716533
20.0,P,0.08192220178706067,-2.048600031155551,-1.1096355635609076,-1.2354802330549612,1.4455441432292169,0.6255441432292169,0.13794204404097254,0.251936813999022,0.1602426956111207,0.45,0.10793843903853986,0.22541664787538154,0.2784569801226625,2.3119656192346825,2.8559690268991025,2.3119656192346825,2.8559690268991025,0.010115786767728618,0.019915296890153478,0.40210663275116915,0.5060438990516991,0.006660728351754856,0.9148112601546231,22.729641450903056,FOLLOWING,WALKING,0.45782230577457883
20.05,P,0.10143468882061682,-2.047677407155169,-1.1003939957636144,-1.2436751430379922,1.4425580453569928,0.6225580453569929,0.13595995502388547,0.2530055031356561,0.1625730199782332,0.45,0.07105315181227552,0.2260996683292585,0.2799113379420537,2.318970957223164,2.8708855173543966,2.318970957223164,2.8708855173543966,0.007005337988481575,0.014916490455294085,0.3886742862547371,0.4906855790445052,0.005455409326420882,0.8848152746256631,22.77388221463434,FOLLOWING,WALKING,0.4601474297388371
20.1,P,0.12446680077982374,-2.04640655183018,-1.0910425759489317,-1.2518276130038823,1.4459639787335679,0.6259639787335679,0.13704066031499829,0.25412068317125514,0.16481620712293468,0.45,0.07040756527050479,0.22684360089240946,0.2813977654501008,2.326601034793943,2.8861309276933413,2.326601034793943,2.8861309276933413,0.007630077570778937,0.015245410338944776,0.39179976556156815,0.4957138950860695,0.005323875797615305,0.892837536445253,22.818524091456606,FOLLOWING,WALKING,0.4624557024029489
20.15,P,0.14759784103509982,-2.044868366714989,-1.081573863159223,-1.2599452645714608,1.4521772395068906,0.6321772395068906,0.13942477807264564,0.2554432679732231,0.1671569314504484,0.45,0.08225624831361339,0.22777879581817387,0.2831077401282723,2.336192777622296,2.903669129520741,2.336192777622296,2.903669129520741,0.009591742828352956,0.017538201827399735,0.40134446194807705,0.5087202117401397,0.00563426346180389,0.9156989371500206,22.864309038314108,FOLLOWING,WALKING,0.46474615490301086
20.2,P,0.17125768955184334,-2.0430288607582234,-1.0719811923915818,-1.268029703535872,1.4584126146844025,0.6384126146844026,0.1417358350470318,0.2569434576843718,0.16957557603675288,0.45,0.09159552446567058,0.22887869985028922,0.28500821551845446,2.3474738446183507,2.923161184804661,2.3474738446183507,2.923161184804661,0.0112810669960548,0.01949205528391973,0.41014862314913075,0.5208291843646785,0.005906059904890791,0.9368838674187001,22.911153231685045,FOLLOWING,WALKING,0.4670178258548743
20.25,P,0.2084195048827202,-2.039812328587613,-1.0622527982733072,-1.2760869455981598,1.46501420173024,0.6450142017302402,0.14412536822613908,0.25861651692599735,0.1720749431436064,0.45,0.10049149208490797,0.2301381138357305,0.28709492001626424,2.3603909111356973,2.9445632822180947,2.3603909111356973,2.9445632822180947,0.012917066517346587,0.021402097413433907,0.41915275609377145,0.533209529071588,0.0061931297204181335,0.9585554148857776,22.959081002429336,FOLLOWING,WALKING,0.4692697617576731
20.3,P,0.23988949287918718,-2.0365351644996226,-1.0523668970176119,-1.284134957512425,1.482526412118931,0.662526412118931,0.15175448142871695,0.2610835105752482,0.1753543038221226,0.45,0.155437089536467,0.23206237329268692,0.2901046478578095,2.3801269055660197,2.975432285721123,2.3801269055660197,2.975432285721123,0.019735994430322368,0.030869003503028125,0.4533392533179738,0.5773539341631573,0.008280720126184941,1.0389739076073161,23.011029697809704,FOLLOWING,WALKING,0.4715010173940406
20.35,P,0.27316490044840885,-2.0326072560848614,-1.0422949792969909,-1.2922007912906757,1.4953369682795534,0.6753369682795535,0.15694725238217955,0.26394427902502055,0.17900675251150464,0.45,0.17760737694518217,0.23431866148436653,0.29356989656567456,2.40326832291658,3.0109732981094828,2.40326832291658,3.0109732981094828,0.02314141735056019,0.03554101238835994,0.4733050044743319,0.6039664735566841,0.009414906891856827,1.0866863849228727,23.06536401705585,FOLLOWING,WALKING,0.4737106562268514
20.4,P,0.29924889395776283,-2.0290091966588277,-1.0320179448035742,-1.300278002577559,1.5095152958247244,0.6895152958247245,0.16259815903871755,0.2672191350517379,0.1830568287305811,0.45,0.20091839521599367,0.2369232298968267,0.29751504020664904,2.4299818450956585,3.051436309811785,2.4299818450956585,3.051436309811785,0.02671352217907863,0.040463011702302154,0.4951431545645212,0.6331512598121996,0.010676075166450279,1.1389704895431711,23.12231254153301,FOLLOWING,WALKING,0.4758977507923198
20.45,P,0.31524402343855856,-2.026363465855017,-1.0215356258371588,-1.30835742017711,1.5176694466229184,0.6976694466229184,0.16526124523142205,0.27049059600879755,0.18706141396376502,0.45,0.19259461178052784,0.23953193199779443,0.30144926001980066,2.456737764079943,3.0917872822543657,2.456737764079943,3.0917872822543657,0.02675591898428431,0.04035097244258079,0.5008552624231253,0.6421034705937125,0.010787088615232138,1.15374582163207,23.179999832614612,FOLLOWING,WALKING,0.47806138308928803
20.5,P,0.33638992896845454,-2.022893162847049,-1.0108642942477302,-1.3164201515032792,1.5174032135025068,0.6974032135025069,0.16385221938174965,0.2732649350415047,0.19047532218392477,0.45,0.14905237145900105,0.2417412692200651,0.30478860086294424,2.479397633026309,3.126036931927633,2.479397633026309,3.126036931927633,0.022659868946365957,0.03424964967326716,0.48598317208123754,0.6248585231029861,0.00936381986123425,1.120205515045458,23.236010108366887,FOLLOWING,WALKING,0.4802006449645446
20.55,P,0.3509551738913139,-2.0201977580973707,-1.000007736533218,-1.3244457462565156,1.5212488480623343,0.7012488480623343,0.16427627637673575,0.2758590933667557,0.19360508727639167,0.45,0.13318164180126135,0.24381745142251285,0.3079007353109985,2.5006918094616704,3.157956259599984,2.5006918094616704,3.157956259599984,0.021294176435361578,0.03191932767235128,0.4832278659360857,0.6226897930772354,0.008725513591895759,1.1146431726052168,23.291742266997147,FOLLOWING,WALKING,0.482314638494009
20.6,P,0.36370716891174476,-2.017732286601615,-0.9890000857088793,-1.3324257120969938,1.5195958828989105,0.6995958828989105,0.1620192997216321,0.27797755039170735,0.19611718401117287,0.45,0.09660863388591909,0.24552015643785824,0.31043494434555646,2.5181554506447,3.183948147133912,2.5181554506447,3.183948147133912,0.017463641183029566,0.025991887533928004,0.46759530378321723,0.6039451865310909,0.007094380861280794,1.0786348711755889,23.34567401055593,FOLLOWING,WALKING,0.48440247635962086
20.65,P,0.3833772977784902,-2.0140242320830986,-0.9778049034223552,-1.3403630556961927,1.516397710946084,0.696397710946084,0.1588633269115507,0.2796015126221723,0.19795201474311494,0.45,0.06128277783858069,0.24684045418218678,0.3123625710621578,2.5316969659711464,3.203718677560593,2.5316969659711464,3.203718677560593,0.01354151532644643,0.019770530426680644,0.4501754028196491,0.5825892075833421,0.005230201537447376,1.0379948119404385,23.39757375115295,FOLLOWING,WALKING,0.4864632822217797
20.7,P,0.407295995258127,-2.0093237001828608,-0.9664867229904631,-1.3482225334154463,1.5187614577138073,0.6987614577138074,0.15835618881319286,0.28113244754397965,0.19953489875858452,0.45,0.05820105249207544,0.2481094217994339,0.3141554732885254,2.544712018455732,3.22210741834385,2.544712018455732,3.22210741834385,0.013015052484585787,0.01838874078325725,0.44888004347370447,0.5814665314101753,0.0045481046655355085,1.0348946795494154,23.449318485130423,FOLLOWING,WALKING,0.48849619108717623
20.75,P,0.43125579660757163,-2.0043178884004953,-0.9550208752496389,-1.3560167315197698,1.5245765673326224,0.7045765673326224,0.15942797713692364,0.2827879827743897,0.20110418579621078,0.45,0.07098330326660465,0.24950524002511681,0.3160707255236626,2.559028102821711,3.241751031011924,2.559028102821711,3.241751031011924,0.014316084365978643,0.019643612668073906,0.45675476300187784,0.591891640747467,0.004544498764546176,1.053190902513891,23.50197803025612,FOLLOWING,WALKING,0.4905003496718592
20.8,P,0.4552511248846654,-1.9990042954333787,-0.9434032743023859,-1.3637421461466253,1.5303781888632597,0.7103781888632598,0.1604528000167128,0.2845487502823061,0.20265489521884594,0.45,0.08089411128275559,0.25100936512358707,0.3180881354410251,2.574455026908585,3.2624424147797444,2.574455026908585,3.2624424147797444,0.015426924086874294,0.020691383767820426,0.46410493044470447,0.6015976495097699,0.004525327520049615,1.070227907474524,23.555489425629847,FOLLOWING,WALKING,0.4924749167593907
20.85,P,0.4792762995146884,-1.993380542845083,-0.9316315078224727,-1.3713992685169838,1.5361614910814934,0.7161614910814934,0.16142102825258536,0.28639807049968086,0.2041812445110604,0.45,0.08854393656077703,0.25260607453310036,0.32019006646626136,2.5908315336728243,3.2840006817052445,2.5908315336728243,3.2840006817052445,0.016376506764239185,0.021558266925500114,0.4710026234714276,0.6106761598649814,0.004487787331818043,1.086166570668227,23.60979775416326,FOLLOWING,WALKING,0.4944190635539331
20.9,P,0.5277011405115452,-1.9816215037145006,-0.9197003719462009,-1.3789868501625944,1.5419213814004142,0.7219213814004143,0.1623355788333284,0.28832144447131347,0.20567842320245372,0.45,0.0944077879206576,0.25428166543130737,0.3223612235113196,2.608017081346742,3.306268959090457,2.608017081346742,3.306268959090457,0.017185547673917778,0.02226827738521253,0.4775028417478124,0.6191976953111935,0.004434297875972447,1.1011348349349783,23.66485449591001,FOLLOWING,WALKING,0.49633197402812473
20.95,P,0.5581529220519522,-1.9734501747755322,-0.9075563631063053,-1.3865328968478567,1.567845548492133,0.747845548492133,0.1727329821648419,0.2914863764537906,0.20842953347446205,0.45,0.1877044097816738,0.25699128866376714,0.3259814642438141,2.63580808885915,3.343399633269888,2.63580808885915,3.343399633269888,0.02779100751240815,0.037130674179430834,0.5356771013541892,0.6936759882980283,0.008257141879653443,1.237610231531871,23.726735007486603,FOLLOWING,WALKING,0.4982128452655957
21.0,P,0.5783280994171142,-1.9675171279823704,-0.8951871227024564,-1.3940396177200127,1.578852621282038,0.758852621282038,0.17595994286961958,0.2948329338715116,0.21134117241441452,0.45,0.1948405599052868,0.259855969836926,0.3298098979060972,2.665189434224882,3.382665619549715,2.665189434224882,3.382665619549715,0.029381345365731892,0.039265986279827025,0.549905548453998,0.7125034976760853,0.008861028295924937,1.2712700744260081,23.790298511207904,FOLLOWING,WALKING,0.5000608877979799
21.05,P,0.5981667784811966,-1.9614593015675408,-0.8826142078182098,-1.4014883710611328,1.5811779041571508,0.7611779041571508,0.17512411739348255,0.2978287383761528,0.21384881102109327,0.45,0.16220688137661987,0.2624367601521619,0.33322071660014374,2.6916590784837116,3.4176483753860896,2.6916590784837116,3.4176483753860896,0.026469644258829472,0.03498275583637467,0.5406061584425305,0.7013045061789036,0.007722079696927182,1.2496327443183615,23.85278014842382,FOLLOWING,WALKING,0.5018753259362826
21.1,P,0.6057889452088427,-1.9587465503338386,-0.8698448595863617,-1.4088692113982726,1.5831234229832034,0.7631234229832035,0.1740459723380139,0.3005048687029585,0.21596013618461585,0.45,0.13508165030839503,0.2647634661644046,0.3362462712415124,2.715522729891329,3.448679705041153,2.715522729891329,3.448679705041153,0.023863651407617592,0.031031329655063278,0.5318225891129083,0.6905785392037744,0.006565853805758447,1.2289669821224412,23.914228497529944,FOLLOWING,WALKING,0.5036553980964662
21.15,P,0.654209715286488,-1.9437251812100675,-0.8569179804292458,-1.4161550675343604,1.574757191991588,0.754757191991588,0.16808466177799608,0.30230872354212823,0.21705555190618375,0.45,0.06855227087744051,0.2663860297016548,0.33823141738260165,2.7321644071964597,3.4690401782830937,2.7321644071964597,3.4690401782830937,0.016641677305130553,0.020360473241940902,0.4970148609161719,0.6463992854226942,0.0034238313217674534,1.1468379776606334,23.971570396412975,FOLLOWING,WALKING,0.5054003571191119
21.2,P,0.6656609089218831,-1.9394743695619172,-0.8437780272875021,-1.423372289126664,1.6005740025387587,0.7805740025387587,0.17803236577964254,0.30536130134616557,0.21938436609581716,0.45,0.1670647376919534,0.2690531887573078,0.3416694139350233,2.7595198846903366,3.504301681384854,2.7595198846903366,3.504301681384854,0.0273554774938769,0.03526150310176046,0.5578796199217315,0.7241084185878925,0.0073570381163663235,1.2893450766259904,24.036037650244275,FOLLOWING,WALKING,0.5071094705830306
21.25,P,0.6768188649185685,-1.9353312414523767,-0.8304529926737679,-1.4305010870327008,1.5952326662824194,0.7752326662824195,0.1734962848550622,0.3076635457896022,0.22086792794166885,0.45,0.10680861587183127,0.271109903715256,0.3442171878639484,2.7806143970795487,3.530432696040496,2.7806143970795487,3.530432696040496,0.021094512389212117,0.026131014655641938,0.5289313732020328,0.6874456909728575,0.004718465724478684,1.221095529899369,24.097092426739245,FOLLOWING,WALKING,0.5087820211126852
21.3,P,0.6958620779221673,-1.9284832714803868,-0.816984988253228,-1.437517420533148,1.5895665879418976,0.7695665879418977,0.1687274989438452,0.30930821850497675,0.22155934750492107,0.45,0.05837997568173284,0.2726401464929123,0.3459762905170412,2.7963091947991003,3.548474774533756,2.7963091947991003,3.548474774533756,0.015694797719551623,0.018042078493259783,0.5025989044262653,0.6538047773315503,0.0022059427289226833,1.1586096244867383,24.155022907963584,FOLLOWING,WALKING,0.5104173066792994
21.35,P,0.7198531580216417,-1.9196570502972974,-0.803372638054688,-1.4444170836671573,1.5905199503407204,0.7705199503407204,0.16702240713967476,0.3107792290326581,0.22195143771828507,0.45,0.04973117558657148,0.27404626609028193,0.34751219197503425,2.810730934259302,3.564227610000351,2.810730934259302,3.564227610000351,0.014421739460201533,0.015752835466595005,0.49758163834615016,0.6470864048277071,0.0012531598066282863,1.1459212029804855,24.21231896811261,FOLLOWING,WALKING,0.5120146408955227
21.4,P,0.743805859321135,-1.910503756476129,-0.7896167565903791,-1.4511994646065027,1.595640890587536,0.7756408905875362,0.16730335655149953,0.3123454334411589,0.222342247080909,0.45,0.061322454043514746,0.27554779154926845,0.34914307533304934,2.8261311953771124,3.5809546188005057,2.8261311953771124,3.5809546188005057,0.015400261117810565,0.016727008800154763,0.5048971007396024,0.6559665762821045,0.0012512654188712579,1.1621149424405781,24.27042471523464,FOLLOWING,WALKING,0.5135733533035333
21.45,P,0.7677135720111387,-1.9010227855603807,-0.7757106950684738,-1.457865397219851,1.6007327545592267,0.7807327545592267,0.16758205891726763,0.3139907309502917,0.22273160032664924,0.45,0.07023571562937979,0.2771286510962312,0.35085281080435216,2.842345139448525,3.5984903672241244,2.842345139448525,3.5984903672241244,0.016213944071412634,0.017535748423618713,0.5116869149792654,0.6641361798527454,0.0012487863098318132,1.1770718811418428,24.329278309291734,FOLLOWING,WALKING,0.5150927896564513
21.5,P,0.8023146071026704,-1.8868865374087478,-0.7616562490368732,-1.4644100723037963,1.6057854585999458,0.7857854585999459,0.16786091813098242,0.3157007903061452,0.22311966424166693,0.45,0.07701575597008002,0.2787744858741493,0.352627094738141,2.8592254961451213,3.6166881511604205,2.8592254961451213,3.6166881511604205,0.016880356696596266,0.01819778393629612,0.5179942542781316,0.6716577200397864,0.001246819542091971,1.19089879386001,24.388823248984735,FOLLOWING,WALKING,0.5165723121929505
21.55,P,0.8348128004015267,-1.872958659582084,-0.747419232990142,-1.470846266905285,1.6200281486509525,0.8000281486509525,0.17246594173923285,0.3179997134929795,0.2240905999522967,0.45,0.12274012588109078,0.2809127192008744,0.3550867077850846,2.8811560943679426,3.641914951641893,2.8811560943679426,3.641914951641893,0.021930598222821285,0.025226800481472633,0.5496406355237533,0.7113949738565999,0.003133116949105848,1.264168726329459,24.452031685301208,FOLLOWING,WALKING,0.5180112999049492
21.6,P,0.866661569886164,-1.8586929598222053,-0.7329905562739681,-1.4771739714755214,1.6325295047364365,0.8125295047364366,0.17621409015812256,0.32069641888026634,0.22547044212841358,0.45,0.15074326496338,0.2833810607080139,0.3580117770525188,2.906472417518091,3.6719156620771156,2.906472417518091,3.6719156620771156,0.025316323150148534,0.030000710435222455,0.5735111899299277,0.7414139031517614,0.004480036207437648,1.319405129289127,24.518001941765664,FOLLOWING,WALKING,0.5194091487982687
21.65,P,0.8962808953658572,-1.8448147233109506,-0.7183523227375275,-1.483397927519752,1.6445192802754576,0.8245192802754576,0.17967765233262767,0.32370043099965207,0.22717988098047698,0.45,0.1703347590431282,0.28610216069738315,0.361298701301921,2.934381135357776,3.705627705660728,2.934381135357776,3.705627705660728,0.027908717839684627,0.03371204358361224,0.5940165499509636,0.7672902787562825,0.0055922416553543155,1.3668990703626005,24.586346895283796,FOLLOWING,WALKING,0.5207652721461516
21.7,P,0.9114815653545014,-1.8370573124935585,-0.703500592343775,-1.4895131243071915,1.654588326225853,0.834588326225853,0.18223089796611333,0.3268538187675005,0.2290630641078546,0.45,0.17716491423537903,0.2889438816576506,0.36476375587735044,2.963526991360519,3.741166726947184,2.963526991360519,3.741166726947184,0.02914585600274311,0.03553902128645614,0.6075564845241342,0.7844370874809743,0.006211694843039859,1.3982052668481484,24.656257158626204,FOLLOWING,WALKING,0.5220791007355325
21.75,P,0.9327393767445442,-1.8262869210220256,-0.6884602809066896,-1.4955040124666097,1.6519547004763484,0.8319547004763485,0.17900823300531832,0.32940137007843295,0.23032286915278713,0.45,0.12660067980577583,0.2912829352336467,0.36751980492321923,2.9875172844476583,3.769433896648402,2.9875172844476583,3.769433896648402,0.023990293087139403,0.02826716970121801,0.5837872733549538,0.7542649858359697,0.004178331540316983,1.3422305907312406,24.72336868816277,FOLLOWING,WALKING,0.5233500831059554
21.8,P,0.948730435358571,-1.817812016076048,-0.6732431078645221,-1.5013624183636483,1.6546013606185805,0.8346013606185806,0.17817689506751008,0.3317386290539082,0.2313444630716223,0.45,0.11039383487432639,0.2934511204155547,0.3700261376922617,3.0097550811851765,3.7951398737667867,3.0097550811851765,3.7951398737667867,0.022237796737518245,0.025705977118384737,0.578352081208092,0.7471548531323698,0.003403297391474184,1.328910231731936,24.789814199749365,FOLLOWING,WALKING,0.524577685781042
21.85,P,0.9623787185816463,-1.8103881887822972,-0.657868389839688,-1.5070777134573432,1.6525551497024282,0.8325551497024283,0.1751900812758779,0.3336259644275308,0.23186067773670357,0.45,0.07710386317090454,0.29525302226210637,0.3719989065929552,3.0282361257651935,3.8153734009533866,3.0282361257651935,3.8153734009533866,0.01848104458001698,0.020233527186599876,0.5603203584261843,0.7239852190970486,0.001723534302288527,1.2860291118255216,24.854115655340642,FOLLOWING,WALKING,0.5257613934924114
21.9,P,0.9797490578975785,-1.8009340752561318,-0.6423639488529023,-1.5126383116982145,1.6483925311616598,0.8283925311616599,0.17121134477461503,0.33500775332962696,0.23178814150760624,0.45,0.041825491693924924,0.2966468159101181,0.3733686907491358,3.0425314452319805,3.8294224692219054,3.0425314452319805,3.8294224692219054,0.014295319466786971,0.014049068268518816,0.5384815687265333,0.6958292834245884,0.00024210774337595482,1.2345529598944975,24.915843303335368,FOLLOWING,WALKING,0.5269007093959548
21.95,P,1.002835778061258,-1.7881812442004088,-0.6267436601694535,-1.5180372094180339,1.6475330205961056,0.8275330205961057,0.1687818421642935,0.3361503448317313,0.23139487604902523,0.45,0.02884203703282292,0.2978544928456176,0.37444619681784497,3.0549178753396675,3.8404738135163585,3.0549178753396675,3.8404738135163585,0.01238643010768703,0.011051344294453092,0.5291452213784673,0.6833135522279047,0.0013103944134150909,1.2137691680197873,24.976531761736357,FOLLOWING,WALKING,0.5279951552803803
22.0,P,1.0258029363389176,-1.7751056576069792,-0.6110034033186936,-1.5232751357092367,1.6518192834062757,0.8318192834062758,0.16881382379186388,0.3373874634475546,0.23104525465602432,0.45,0.04135634525034997,0.2991494738019826,0.3756254530931266,3.0681997313023857,3.852568749673093,3.0681997313023857,3.852568749673093,0.013281855962718137,0.012094936156734626,0.5363561190571992,0.6916037348548872,0.001163208438418848,1.2291230623505052,25.037987914853883,FOLLOWING,WALKING,0.5290442717679341
22.05,P,1.0486437335633567,-1.7617088522023596,-0.59516415867313,-1.5283321232341929,1.6560657007808106,0.8360657007808107,0.1688778260542316,0.3387021691402807,0.23073923570774316,0.45,0.0509421857432263,0.3005148256306492,0.37688951264991216,3.08220333980153,3.865533463076022,3.08220333980153,3.865533463076022,0.014003608499144171,0.012964713402928929,0.5429102315310677,0.6990567114234219,0.0010167923266341532,1.2429837352811237,25.10013710161794,FOLLOWING,WALKING,0.5300476185072179
22.1,P,1.0713513931459224,-1.7479925492616217,-0.5791771080140661,-1.5332276653607415,1.660291867173613,0.8402918671736131,0.1689851342099856,0.34008117471581595,0.2304783052553169,0.45,0.0583300370080472,0.301937015196061,0.3782253342355709,3.096789899446779,3.8792341972879067,3.096789899446779,3.8792341972879067,0.014586559645249242,0.013700734211884669,0.5489539838859927,0.7058660650529706,0.0008659988418917612,1.255686047780855,25.162921404006983,FOLLOWING,WALKING,0.5310047743580202
22.15,P,1.1102249386344225,-1.7239779717708597,-0.5630713978107432,-1.537957760859698,1.6644423355882285,0.8444423355882286,0.16910798347481498,0.34150998487946627,0.23026005249888523,0.45,0.06375948989058439,0.3034019461909008,0.37961802356803176,3.1118148327271875,3.8935181904413514,3.1118148327271875,3.8935181904413514,0.015024933280408437,0.01428399315344464,0.5543911984105052,0.7119184813035395,0.0007236704326173392,1.267033350146662,25.226273071514317,FOLLOWING,WALKING,0.5319153375680835
22.2,P,1.1443374629164222,-1.701968610080151,-0.5467961810194162,-1.5425349449872636,1.6836045106937216,0.8636045106937217,0.17626690088706887,0.34384754285278296,0.23103007886875102,0.45,0.13404597257882434,0.3056120648000047,0.38208302090556123,3.1344827158974837,3.9188002144160126,3.1344827158974837,3.9188002144160126,0.02266788317029622,0.025282023974661172,0.6046804587020451,0.774426499968635,0.002561749242639949,1.38166870791332,25.295356506909982,FOLLOWING,WALKING,0.5327789259417343
22.25,P,1.1619176407649774,-1.6898326649578521,-0.5303327592574564,-1.5469600565370796,1.6986324190997468,0.8786324190997469,0.1814252733865627,0.34671576041172336,0.2324194828890619,0.45,0.1706786555979929,0.30825033599358365,0.3851811848298631,3.161541907626499,3.950576254665262,3.161541907626499,3.950576254665262,0.027059191729015275,0.031776040249249515,0.6374038431236889,0.8151852424462651,0.004650113720514709,1.4572391992904685,25.368218466874506,FOLLOWING,WALKING,0.5335951770003033
22.3,P,1.183279293065341,-1.6749222216473485,-0.5136994830362938,-1.5512224776057286,1.6982708849335675,0.8782708849335675,0.17956865854250634,0.34914978416394715,0.23341930350339407,0.45,0.13153860103524534,0.3105188894341354,0.3877806788937589,3.1848091224013886,3.977237732243681,3.1848091224013886,3.977237732243681,0.023267214774889577,0.026661477578418857,0.6202932082300529,0.7935415885323018,0.0033606350125307987,1.4171954317748856,25.43907823846325,FOLLOWING,WALKING,0.5343637481342723
22.35,P,1.1897493830654924,-1.6698263268416682,-0.4969038185394864,-1.5553177298675476,1.7014812938188197,0.8814812938188198,0.17935146633845325,0.35141986094777233,0.23428982110874585,0.45,0.11672590790260111,0.3126448955542749,0.3901948263412698,3.206614313377178,4.001998218884818,3.206614313377178,4.001998218884818,0.02180519097578948,0.02476048664113728,0.6165022125360847,0.7885211110551116,0.0029369291620302772,1.4079602527532267,25.50947625110091,FOLLOWING,WALKING,0.5350843167470776
22.4,P,1.226357043617096,-1.6436336755933307,-0.4799971336622382,-1.5592297741364145,1.690535785266111,0.870535785266111,0.17261176062217148,0.35273563297488836,0.2341634266818644,0.45,0.04288597053211076,0.3139815858590398,0.3914896800907369,3.2203239575286133,4.015278770161404,3.2203239575286133,4.015278770161404,0.013709644151435274,0.013280551276586117,0.569963289522222,0.7298136767844026,0.00042619611041351963,1.300203162417038,25.574486409221763,FOLLOWING,WALKING,0.5357565803905165
22.45,P,1.244526673363519,-1.6297909406021787,-0.4629604918367608,-1.5629724394983602,1.7084403989896113,0.8884403989896114,0.17926427062459335,0.35490009399884087,0.23494776054799807,0.45,0.11223135739844697,0.3160162396281472,0.39378394836953456,3.24119220131433,4.038809726867021,3.24119220131433,4.038809726867021,0.02086824378571661,0.023530956705617,0.6183154943404111,0.789803883113518,0.002653595789328789,1.410772973243258,25.645025057883927,FOLLOWING,WALKING,0.5363802568916951
22.5,P,1.2530915975729076,-1.6227989346787286,-0.4457719315139201,-1.5665281199125414,1.708794057636393,0.888794057636393,0.1778280831824575,0.35677609146656386,0.23545977572283003,0.45,0.08909655681662769,0.31780749858443547,0.39574468434869225,3.259564088045492,4.0589198394737664,3.259564088045492,4.0589198394737664,0.018371886731161968,0.020110112606745112,0.6070530466063466,0.7753901839088018,0.0017360492865496843,1.384179279801698,25.714234021874013,FOLLOWING,WALKING,0.5369550844714662
22.55,P,1.2686300065596878,-1.6105432829719968,-0.4284818230979871,-1.569892269241978,1.699795192091036,0.879795192091036,0.1720527506489073,0.3578684160111533,0.2351409194881495,0.45,0.029900305917399346,0.3189525938358646,0.39678423818644204,3.271308654726816,4.069581930117354,3.271308654726816,4.069581930117354,0.011744566681324287,0.010662090643587696,0.5682283514803722,0.7263807477523956,0.0010796565341852386,1.295688755766953,25.77901845966236,FOLLOWING,WALKING,0.5374808218543076
22.6,P,1.289642890468525,-1.593766913614986,-0.4111191128049884,-1.5730606186262364,1.6975986178367664,0.8775986178367664,0.16945875708457367,0.35868492158558907,0.234503759745752,0.45,0.01365731189678558,0.3198745493476671,0.397495293823511,3.280764608694022,4.0768748084462665,3.280764608694022,4.0768748084462665,0.009455953967205666,0.0072928783289123444,0.5554994607819999,0.7097707859064911,0.0021515955141721984,1.2674218422026633,25.842389551772495,FOLLOWING,WALKING,0.5379572483695936
22.65,P,1.310451318310572,-1.57670197000192,-0.39367205745124023,-1.57603446526254,1.7008880452372803,0.8808880452372804,0.1695037884931461,0.35958279535172316,0.2339363952177515,0.45,0.025126183841754003,0.32086632194318526,0.39829926876026106,3.2909366353147207,4.085120705233447,3.2909366353147207,4.085120705233447,0.010172026620698826,0.00824589678718013,0.5617305140763373,0.7167559499632148,0.0019112718593498987,1.280397735898902,25.90640943856744,FOLLOWING,WALKING,0.5383841640442186
22.7,P,1.3310492544066401,-1.5593523149735529,-0.37614603590497164,-1.5788124216228827,1.7041235064925346,0.8841235064925347,0.1695886999720705,0.3605461028424247,0.23343723019220586,0.45,0.0338344529196869,0.3219122412456146,0.3991799644392348,3.3016640127755346,4.094153481428049,3.3016640127755346,4.094153481428049,0.01072737746081387,0.009032776194602299,0.5672496273645725,0.7228724598224433,0.001677941293999613,1.2918000284810154,25.97099943999149,FOLLOWING,WALKING,0.538761389686533
22.75,P,1.358156978014105,-1.535985258747015,-0.3585420442638092,-1.581391079937211,1.7073061983759537,0.8873061983759537,0.1697057889213776,0.3615614422667914,0.23300378867737123,0.45,0.04039471756439927,0.3229993152406864,0.40012356929289633,3.312813489648066,4.103831479927142,3.312813489648066,4.103831479927142,0.011149476872531316,0.009677998499093121,0.5721598405433305,0.7282546975999278,0.0014543066178219662,1.3018688447610802,26.036092882229546,FOLLOWING,WALKING,0.5390887669615556
22.8,P,1.3864095402453063,-1.5108352023550282,-0.3408343139261817,-1.5837755491670635,1.7172993978010656,0.8972993978010656,0.17309545754106548,0.36301232546445567,0.23307129657767794,0.45,0.07547795717072317,0.32443902588084994,0.4015856250480614,3.3275797526241018,4.11882692356986,3.3275797526241018,4.11882692356986,0.014766262976035893,0.014995443642717987,0.5983206749609525,0.7601461693331759,0.0002265718154935951,1.358693416109622,26.104027553035028,FOLLOWING,WALKING,0.5393661584574334
22.85,P,1.4121477573448653,-1.4870848778319563,-0.3230042840344515,-1.5859640192123616,1.7287832790625424,0.9087832790625424,0.17719717175885655,0.3649173283863802,0.2336857851073558,0.45,0.10940188414366134,0.3262423309511128,0.40359232582164756,3.3460751892421827,4.139408469965616,3.3460751892421827,4.139408469965616,0.01849543661808095,0.020581546395756156,0.6264628563272899,0.7946968234304747,0.0020678001767601385,1.4232274799345248,26.175188927031755,FOLLOWING,WALKING,0.5395934477431173
22.9,P,1.4395416783400137,-1.4610338251191248,-0.30504226429315523,-1.5879552741758607,1.737967114563143,0.9179671145631431,0.18023399030484424,0.3670748827414009,0.23464879528777421,0.45,0.12574234583469812,0.3282405071212742,0.4059092583615275,3.3665693038079407,4.163171880631052,3.3665693038079407,4.163171880631052,0.020494114565758004,0.023763410665435636,0.6443919046133946,0.8167672248921855,0.0032539561730645806,1.4644130856786446,26.248409581315688,FOLLOWING,WALKING,0.5397705394172332
22.95,P,1.4519330732071951,-1.448325779456642,-0.2869358203450385,-1.5897466498550883,1.7491947253305313,0.9291947253305314,0.18419841312402255,0.3695626317107279,0.23605070153073987,0.45,0.14748051712757243,0.33049624060739047,0.4086290228140653,3.389705031870671,4.19106690065708,3.389705031870671,4.19106690065708,0.023135728062730454,0.02789502002602795,0.6672969655885667,0.8452043435409508,0.004765261710706016,1.5172665708402235,26.3242729098577,FOLLOWING,WALKING,0.5398973591481244
23.0,P,1.468409096084967,-1.4314853172968653,-0.26871800232185017,-1.5913317274731107,1.744610240583215,0.924610240583215,0.180925601042531,0.3714278927966133,0.2368705875184076,0.45,0.0948630704713145,0.33222581056231687,0.41062997503090976,3.4074442108955574,4.21158948749651,3.4074442108955574,4.21158948749651,0.017739179024886198,0.02052258683943009,0.6370286906572599,0.8076856797757558,0.0027965790085962157,1.4475109494416118,26.396648457329782,FOLLOWING,WALKING,0.5399738537050522
23.05,P,1.4823677611508628,-1.4167864776761536,-0.250402358968162,-1.592705109234817,1.744465944312333,0.924465944312333,0.1796963704107905,0.37301726143476727,0.23744253877202356,0.45,0.07335829137574465,0.33372052126799734,0.4123140016015372,3.4227745771076648,4.228861554887561,3.4227745771076648,4.228861554887561,0.015330366212107371,0.017272067391051138,0.6250178581273002,0.7926668481754316,0.0019556000310588057,1.4196403063337906,26.467630472646473,FOLLOWING,WALKING,0.539999990980538
23.1,P,1.493728763848743,-1.404498035106207,-0.23200487165585226,-1.5938651826023094,1.741677253140424,0.9216772531404241,0.17724158571517187,0.3742206700573925,0.2376258989663694,0.45,0.04494922611668215,0.33489358377845835,0.4135477563363267,3.4348059874713677,4.241515449603351,3.4348059874713677,4.241515449603351,0.012031410363702921,0.012653894715789704,0.6061356516720987,0.7690246231402056,0.0006274242866315154,1.3757876990989357,26.53641985760142,FOLLOWING,WALKING,0.5399757600038402
23.15,P,1.5060161012818523,-1.3911100828294145,-0.21356581546039483,-1.5948121708534262,1.7360923066653795,0.9160923066653796,0.1734846106848537,0.37493505720097187,0.2372837315121877,0.45,0.010486631880816215,0.33566459963570483,0.4142055147662389,3.4427138424174855,4.248261689910143,3.4427138424174855,4.248261689910143,0.007907854946117787,0.00674624030679194,0.5806101993928097,0.7369980955890133,0.0011691470927557056,1.3187774420745786,26.60235872970515,FOLLOWING,WALKING,0.5399011709455593
23.2,P,1.5242016345022957,-1.3711605074718212,-0.19508935045815906,-1.5955408719330952,1.7316051827862733,0.9116051827862733,0.17023734047083267,0.3752957343877468,0.23653739932453133,0.45,-0.011563772201030413,0.3361487947995369,0.41444267397595674,3.447679946661917,4.250694092061095,3.447679946661917,4.250694092061095,0.004966104244431335,0.0024324021509523064,0.5619320930786446,0.7132943480773458,0.002542110835686126,1.2777685519916766,26.666247157304735,FOLLOWING,WALKING,0.5397762551133684
23.25,P,1.5421179803663025,-1.3509788653050085,-0.1765805906971389,-1.5960519621402331,1.7338708253275574,0.9138708253275575,0.17028180815076124,0.3757425483844911,0.23587170349243095,0.45,0.0009490848648463553,0.33670578145649377,0.41477931531248846,3.453392630323013,4.25414682371783,3.453392630323013,4.25414682371783,0.0057126836610961185,0.0034527316567354305,0.5677670192241218,0.7198569512248438,0.0022610708629246983,1.2898850413118903,26.73074140937033,FOLLOWING,WALKING,0.5396010649388724
23.3,P,1.5597606257030068,-1.3305707611308826,-0.15805106341076264,-1.5963473352166362,1.736083408413295,0.916083408413295,0.17035153918142948,0.3762590348718257,0.23528199093268082,0.45,0.010475651771825344,0.33731986537246705,0.4151982043711844,3.459690926897098,4.258443121755737,3.459690926897098,4.258443121755737,0.006298296574084983,0.004296298037906432,0.5728110695211549,0.7254668162973756,0.001997981929958623,1.3002758677484894,26.795755202757757,FOLLOWING,WALKING,0.5393756739556012
23.35,P,1.577125212500399,-1.309941916256375,-0.13948298503127407,-1.5964260196522702,1.7382503233391504,0.9182503233391505,0.1704518826030776,0.3768316036188359,0.2347647959908282,0.45,0.017705434055787447,0.3379780298823538,0.41568517735531796,3.466441332126706,4.263437716464799,3.466441332126706,4.263437716464799,0.006750405229607903,0.004994594709062383,0.5771966183090594,0.7302920315600828,0.0017484359761658504,1.3092370858453082,26.861217057050023,FOLLOWING,WALKING,0.5391001767681439
23.4,P,1.6026291805913242,-1.2789671643123945,-0.12089238822650772,-1.5962873667323951,1.740349633071323,0.9203496330713231,0.17056694839162673,0.3774474948425737,0.23431485442461497,0.45,0.023047201385073733,0.33866838643529995,0.4162266032498475,3.4735219121569223,4.268990802562539,3.4735219121569223,4.268990802562539,0.007080580030216499,0.0055530860977395236,0.580944044203713,0.7343607408685531,0.0015181630932504014,1.3168229481655165,26.9270582044583,FOLLOWING,WALKING,0.5387746890124414
23.45,P,1.6326839059559262,-1.2412564225575178,-0.10222175919513865,-1.595928994908471,1.7524892892808646,0.9324892892808646,0.17556936073408755,0.3786740955224918,0.2345852326812553,0.45,0.07139130440233933,0.33985023951374405,0.4174979515312396,3.4856434821922466,4.282030272115278,3.4856434821922466,4.282030272115278,0.012121570035324325,0.013039469552738936,0.6174705864804872,0.7790088714016875,0.0009133451459413113,1.397392803028116,26.996927844609708,FOLLOWING,WALKING,0.5383993473072485
23.5,P,1.6447010315647002,-1.224967573550181,-0.08347038699201792,-1.5953478036725126,1.770788045066744,0.950788045066744,0.18346077340683306,0.38076740542900184,0.23589391382305225,0.45,0.13619974289169273,0.34172696269128666,0.419807848166717,3.5048919250388373,4.305721519658636,3.5048919250388373,4.305721519658636,0.019248442846590663,0.023691247543358607,0.6701545241983506,0.8439664222831877,0.004445422797382515,1.5185663692789209,27.072856163073656,FOLLOWING,WALKING,0.5379743091967908
23.55,P,1.660625343286398,-1.2032915310573495,-0.06464753831098956,-1.5945431726533683,1.767415618008908,0.9474156180089081,0.1811409077140808,0.3823629243740441,0.23675854498214793,0.45,0.09139712040104253,0.34317938517949864,0.4215464635685896,3.5197885659435757,4.323553472498355,3.5197885659435757,4.323553472498355,0.014896640904738412,0.01783195283971839,0.6451302282942855,0.8133003226318176,0.0029478069385015632,1.4613783578646047,27.145925080966887,FOLLOWING,WALKING,0.5374997530846378
23.6,P,1.6669665109598852,-1.193870058836643,-0.045762111135622376,-1.5935094587944865,1.769080089489148,0.9490800894891481,0.1811867912791853,0.38382176721316746,0.23754290730662317,0.45,0.07861342842586938,0.34450841605392135,0.4231351183724136,3.5334196518350907,4.33984736792219,3.5334196518350907,4.33984736792219,0.01363108589151496,0.016293895423835636,0.6401484089947033,0.8072472769567131,0.0026830037799018087,1.450078689731318,27.218429015453452,FOLLOWING,WALKING,0.5369758781588208
23.65,P,1.6880626132931373,-1.1642180995996492,-0.026859345104293986,-1.5922503182439,1.7587356205364812,0.9387356205364813,0.17554218585454476,0.38447997713322446,0.2374868116663244,0.45,0.01580281078044471,0.3451759098024478,0.42378404446400114,3.5402657415635668,4.346503020143602,3.5402657415635668,4.346503020143602,0.006846089728476112,0.006655652221411401,0.5959348671682088,0.7526751055089389,0.0001918364365862548,1.348801809113734,27.28586910590914,FOLLOWING,WALKING,0.5364029043082259
23.7,P,1.7061241794420914,-1.137822118380034,-0.007919122565233899,-1.5907623755299904,1.76753186777246,0.9475318677724601,0.17902817376439079,0.38554840367971277,0.23790693395788473,0.45,0.051029680247053164,0.3461748061096829,0.42492200124974266,3.5505108318941834,4.3581743717922325,3.5505108318941834,4.3581743717922325,0.010245090330616602,0.011671351648630868,0.6213087797324924,0.7837625660224754,0.0014392800903236594,1.4065106258452913,27.356194637201405,FOLLOWING,WALKING,0.5357810720302997
23.75,P,1.7106036138312553,-1.1303455418130142,0.011072546761827552,-1.589044645075364,1.772878822058418,0.952878822058418,0.18088911624913168,0.3867680447068663,0.23853627125572904,0.45,0.06332974945091582,0.34729029181404314,0.4262457975996895,3.561951710913263,4.371751770253225,3.561951710913263,4.371751770253225,0.011440879019079642,0.013577398460992818,0.6322203740426353,0.7971954301805583,0.0021617247224150825,1.4315775289456085,27.427773513648685,FOLLOWING,WALKING,0.5351106423301032
23.8,P,1.720255759181514,-1.1153438406485618,0.0300482693433994,-1.5871000781765536,1.7603439195986195,0.9403439195986195,0.17422596569161025,0.3870976459070158,0.23820314949852353,0.45,-0.005756366251398241,0.34767502466501016,0.4265202671490214,3.5658976888718987,4.374566842554065,3.5658976888718987,4.374566842554065,0.003945977958635716,0.0028150723008399936,0.5819468198856367,0.7351453470386343,0.001142649384952815,1.318234816309224,27.493685254464147,FOLLOWING,WALKING,0.5343918966107595
23.85,P,1.734636449718136,-1.0928440635237548,0.04900046440316953,-1.5849286130330968,1.7548091937163501,0.9348091937163502,0.17088590361473527,0.38709548453047876,0.23745243153666043,0.45,-0.02884275955807534,0.34779710711116146,0.42639386194979606,3.567149816524733,4.373270378972268,3.567149816524733,4.373270378972268,0.0012521276528341119,-0.001296463581797802,0.5633873307204682,0.7118564331939355,0.002566941198373969,1.2778107051127778,27.557575789719788,FOLLOWING,WALKING,0.5336251365553383
23.9,P,1.748702239020964,-1.0701926177622976,0.06792734810650788,-1.582532672448758,1.7559942707351208,0.9359942707351209,0.17086277004670647,0.387140139777186,0.23677366233929975,0.45,-0.017283013572707822,0.34795409866003185,0.4263261808943401,3.5687599862567367,4.372576214300924,3.5687599862567367,4.372576214300924,0.0016101697320038966,-0.0006941646713434224,0.5661157912206319,0.7147144103809182,0.0023142912298875743,1.2831444928314375,27.62173301436136,FOLLOWING,WALKING,0.5328106840002289
23.95,P,1.7624508443195837,-1.0473961911459473,0.08683200038344188,-1.5799136059971999,1.7571273617938534,0.9371273617938535,0.1708694019510287,0.38724837542403057,0.23616366536875863,0.45,-0.008495149928288712,0.348163288805501,0.4263334620425601,3.5709055262102667,4.372650892744206,3.5709055262102667,4.372650892744206,0.0021455399535299513,7.467844328168383e-05,0.570154608987697,0.7192011407143697,0.0020744513341463206,1.291430201036213,27.686304524413174,FOLLOWING,WALKING,0.5319488808000548
24.0,P,1.778998150608781,-1.0192218995781428,0.10571365663062607,-1.5770710020623249,1.7582017254211055,0.9382017254211056,0.1708952538626359,0.387406815114889,0.2356181581033386,0.45,-0.0018990169841559953,0.34841200994878646,0.42640162028099154,3.5734565122952455,4.373349951599913,3.5734565122952455,4.373349951599913,0.0025509860849788346,0.0006990588557069799,0.5735027406392553,0.7228666324366531,0.0018508524063876337,1.2982202254822959,27.75121553568729,FOLLOWING,WALKING,0.5310400886841836
24.05,P,1.7981566149340888,-0.9855246533841413,0.12458277071046382,-1.5740039328862885,1.7638244297350396,0.9438244297350397,0.1732060266485665,0.3878670356984183,0.23543915589056122,0.45,0.023258665733667923,0.3489018553985304,0.4268322159983062,3.5784805681900553,4.3777663179313455,3.5784805681900553,4.3777663179313455,0.005024055894809809,0.0044163663314327195,0.5917900861746092,0.7449662303042269,0.0006068754702554522,1.3373631919490916,27.818083695284745,FOLLOWING,WALKING,0.5300846891048984
24.1,P,1.814221172868807,-0.9559998100217687,0.1434622833004006,-1.5707060212501094,1.7740229069752196,0.9540229069752196,0.1777634667612545,0.3888432916334443,0.23589330831427446,0.45,0.06301505912905221,0.34980294910743187,0.4278836341594567,3.587722554948019,4.388550093943145,3.587722554948019,4.388550093943145,0.009241986757963616,0.010783776011799695,0.6233016863887945,0.7835177690480568,0.0015426938550047306,1.408362149291856,27.88850180274934,FOLLOWING,WALKING,0.5290830830772871
24.15,P,1.831924756169585,-0.9223623854884051,0.16235791542373162,-1.567174697517175,1.780252508268014,0.9602525082680141,0.18039252703039005,0.3900310595629211,0.23665696863194968,0.45,0.07656199180895606,0.3508643312543334,0.4291977878715088,3.5986085256854707,4.402028593553936,3.5986085256854707,4.402028593553936,0.010885970737451789,0.013478499610791062,0.6376729547259863,0.8012589531438795,0.0026024477161755806,1.4415343555860414,27.960578520528642,FOLLOWING,WALKING,0.5280356910109227
24.2,P,1.8408825384856264,-0.903947334016272,0.18128727952741883,-1.563403317320643,1.7897587416917338,0.9697587416917338,0.1845764902957184,0.3915834490789594,0.2379090979586767,0.45,0.10154578067535182,0.3522094933667984,0.43095740479112044,3.6124050601722915,4.420075946575594,3.6124050601722915,4.420075946575594,0.013796534486820722,0.018047353021657386,0.6616065562431109,0.830950064862918,0.004289658604548875,1.4968462797105777,28.035420834514174,FOLLOWING,WALKING,0.526942952533403
24.25,P,1.8501428507051965,-0.8845316056670539,0.2002251297034027,-1.5593963425563182,1.7858159528553035,0.9658159528553035,0.18233940531108464,0.3926836358895626,0.23873400787980548,0.45,0.061857438046481396,0.3531731575854548,0.43219411419367043,3.622288795748254,4.432760145576107,3.622288795748254,4.432760145576107,0.009883735575962671,0.012684199000513097,0.6372800915611653,0.8014244884896594,0.0028358503431967076,1.4415404303940214,28.107497856033877,FOLLOWING,WALKING,0.5258053263058222
24.3,P,1.8589408897985966,-0.8655701575929047,0.21915101813824744,-1.5551543325011772,1.7826022829482657,0.9626022829482658,0.18044151785075024,0.3934404527441006,0.23922021200167623,0.45,0.03410865408528958,0.3538495076578232,0.43303139783037803,3.629225719567417,4.441347670055159,3.629225719567417,4.441347670055159,0.006936923819162999,0.008587524479052533,0.6186038664376622,0.7786720726900137,0.0016748618847841272,1.39895080101246,28.1774453960845,FOLLOWING,WALKING,0.5246232898302557
24.35,P,1.8656106335124176,-0.8505938659270667,0.23804394736314718,-1.5506815831196679,1.7788864937043587,0.9588864937043587,0.17829681201846206,0.3938765678745919,0.239368260424001,0.45,0.010255277513335173,0.35426112077441974,0.4334920149747641,3.633447392558151,4.446071948459118,3.633447392558151,4.446071948459118,0.00422167299073406,0.004724278403958948,0.6006694835720104,0.7566878059917327,0.0005103085436697251,1.3578675981074129,28.24533877598987,FOLLOWING,WALKING,0.5233973392493348
24.4,P,1.8716297074915647,-0.8368237555811208,0.25688356558256703,-1.5459844162867455,1.7717494545298624,0.9517494545298625,0.1744663235654464,0.39387425738860304,0.23898438806293615,0.45,-0.023403855907381678,0.3543223411641871,0.433426173613019,3.6340752939916623,4.445396652441221,3.6340752939916623,4.445396652441221,0.0006279014335111022,-0.0006752960178975087,0.5754253754570577,0.7255311865851615,0.0013210488187683383,1.3022776108609875,28.310452656532924,FOLLOWING,WALKING,0.5221279891379986
24.45,P,1.8821215235877442,-0.8129516162217771,0.2756677325797126,-1.5410605929504404,1.7636082176896406,0.9436082176896406,0.17011834703397696,0.3938381804309518,0.2380519261062294,0.45,-0.05407644970473326,0.3544405866603708,0.4332357742015328,3.635288068311495,4.4434438379644385,3.635288068311495,4.4434438379644385,0.00121277431983291,-0.0019528144767821942,0.5776186151379126,0.7275741644610239,0.0031964308533333954,1.3083892104522699,28.37587211705554,FOLLOWING,WALKING,0.520815772287508
24.5,P,1.892283212043949,-0.7890095089962393,0.29438689181758226,-1.5359180248206874,1.763756350700668,0.943756350700668,0.1699552278755475,0.39380329516767354,0.23719068925880538,0.45,-0.041527845521171655,0.35454823609534125,0.4330583542400058,3.636392165080423,4.441624146051342,3.636392165080423,4.441624146051342,0.0011040967689277537,-0.0018196919130968325,0.5777484223155979,0.7271425597906414,0.0029415940049604176,1.3078325761111997,28.4412637458611,FOLLOWING,WALKING,0.5194612394818144
24.55,P,1.9021146889620635,-0.7650042286841315,0.3130184873752486,-1.5305565300442103,1.7638438086191315,0.9438438086191315,0.1698052601621961,0.3937693024348019,0.2363953304548213,0.45,-0.03200690466527432,0.35464587524452895,0.43289272962507486,3.6373935922515788,4.43992543205205,3.6373935922515788,4.43992543205205,0.001001427171155811,-0.0016987139992918898,0.5778771563247579,0.7267554576700362,0.0027074751450906665,1.3073400891398848,28.506630750318095,FOLLOWING,WALKING,0.5180649592663775
24.6,P,1.9116160470376606,-0.7409425406723248,0.3315963408189039,-1.5249660428012048,1.7638869192823434,0.9438869192823435,0.16965166104209867,0.39373599306923185,0.2356587716500225,0.45,-0.024775698720781426,0.35473446636115313,0.43273751977731056,3.63830221908875,4.438333536177544,3.63830221908875,4.438333536177544,0.0009086268371714112,-0.001591895874505589,0.5780013478335242,0.7264037001783377,0.0024995022218912677,1.306904550233753,28.571975977829783,FOLLOWING,WALKING,0.5166275177095241
24.65,P,1.9234072585493205,-0.7100917578074586,0.3501092124937139,-1.5191574977863014,1.7638466837937021,0.9438466837937022,0.16955290251485633,0.3937029395758905,0.23498253632452584,0.45,-0.0195020811522312,0.35481332981418146,0.4325925493375995,3.6391110750172455,4.436846659872815,3.6391110750172455,4.436846659872815,0.0008088559284953334,-0.0014868763047291012,0.5781325285434161,0.7261025034385811,0.0022882102838991786,1.3065232422658966,28.637302139943078,FOLLOWING,WALKING,0.5151495181564568
24.7,P,1.9421925810405998,-0.6591167184910863,0.36855170310179775,-1.5131338464471404,1.769139370804319,0.9491393708043191,0.17218638598124403,0.3936923876524953,0.2347294447995412,0.45,0.008076199547973758,0.35484466453817126,0.43254011076681936,3.639432456801756,4.436308828377634,3.639432456801756,4.436308828377634,0.0003213817845106881,-0.0005378314951807184,0.5768731504625414,0.7243942526668293,0.0008554756772608594,1.3021228788066317,28.70240828388341,FOLLOWING,WALKING,0.5136315809760075
24.75,P,1.9479315762160354,-0.6413064557485285,0.386981943004038,-1.506875217856543,1.7904443212684138,0.9704443212684138,0.18270515123271702,0.39475892825459047,0.23592169573600388,0.45,0.10004121768943511,0.35571388761028183,0.4338039688988991,3.6483475652336597,4.449271475886144,3.6483475652336597,4.449271475886144,0.008915108431903462,0.01296264750850984,0.6404603275326759,0.8024421315750776,0.004050401222492822,1.4469528603302464,28.774755926899925,FOLLOWING,WALKING,0.5120743433002464
24.8,P,1.9554147323455842,-0.6180131584402189,0.40536176970610294,-1.5003927530664027,1.7848733958916723,0.9648733958916723,0.18000802788585496,0.3953499317574883,0.23663060992699392,0.45,0.05352007814009699,0.3561875658145708,0.4345122977004058,3.653205803226367,4.4565363866708285,3.653205803226367,4.4565363866708285,0.004858237992707348,0.007264910784684275,0.6134719043337937,0.7698532340237583,0.0024156114825581404,1.3857407498401102,28.84404296439193,FOLLOWING,WALKING,0.5104784587570554
24.85,P,1.959204655325628,-0.604918548494296,0.42368145578456257,-1.4936881634078885,1.7836081228790424,0.9636081228790424,0.17938975658151501,0.39578056900743236,0.23718516607279908,0.45,0.03617845969370414,0.3565264240223841,0.4350347139924806,3.656681272024452,4.461894502486981,3.656681272024452,4.461894502486981,0.003475468798085135,0.00535811581615242,0.6046979383799937,0.759411070119962,0.0018940678781685948,1.3660030763781246,28.91234311821084,FOLLOWING,WALKING,0.5088445971957783
24.9,P,1.966811867096214,-0.5797730130612733,0.4419185928003313,-1.4867720131768343,1.7741879620610905,0.9541879620610906,0.17470790298293437,0.3957682244033598,0.2370522163682153,0.45,-0.01322950903789823,0.35653608259442016,0.4350003662122994,3.656780334301745,4.461542217562045,3.656780334301745,4.461542217562045,9.906227729272743e-05,-0.0003522849249355531,0.5801089840804441,0.7293187011549814,0.0004538307187739886,1.3098815159541997,28.97783719400855,FOLLOWING,WALKING,0.5071734444060589
24.95,P,1.977998065083703,-0.541747306673658,0.46007694651106396,-1.4796430074902023,1.7742453844390988,0.9542453844390989,0.17472876489413486,0.3957562608552995,0.236935377992102,0.45,-0.010066358586324013,0.35654345579760666,0.4349690659129924,3.6568559568985295,4.461221188851204,3.6568559568985295,4.461221188851204,7.562259678461913e-05,-0.0003210287108412757,0.5801002226405613,0.7292302818519075,0.00039863728524083483,1.3097291417777097,29.043323651097438,FOLLOWING,WALKING,0.5054657018299932
25.0,P,1.978814891136888,-0.5369123917426096,0.4781686815239617,-1.4722908787598248,1.7843017872038824,0.9643017872038825,0.17974505289698134,0.39616509321825777,0.23750742233398428,0.45,0.03639641246771444,0.35685761482198336,0.4354725716145322,3.6600781007382905,4.466385349892637,3.6600781007382905,4.466385349892637,0.003222143839761049,0.005164161041433246,0.6040503563865073,0.758729010098109,0.001956452790257311,1.3647358192748735,29.111560442061183,FOLLOWING,WALKING,0.5037220862677078
25.05,P,1.9827673878664411,-0.5215258263246232,0.49617568272253204,-1.4647268750115552,1.7682963440555592,0.9482963440555593,0.17177973053739748,0.3961239253137517,0.23694694372313452,0.45,-0.04203474812780379,0.35690920612757293,0.4353386444999304,3.6606072423340814,4.4650117384608246,3.6606072423340814,4.4650117384608246,0.0005291415957908718,-0.0013736114318128045,0.5824975395533831,0.7320492079053166,0.0019123731916277393,1.3164591206503276,29.1773833980937,FOLLOWING,WALKING,0.5019433295764937
25.1,P,1.9886151619727441,-0.49867975439350626,0.5140799966971261,-1.4569533814613727,1.7605632950981351,0.9405632950981352,0.1679184195303089,0.39605084559610854,0.23592123598741274,0.45,-0.06681251895235255,0.3570058810401917,0.43509581015202536,3.661598779899402,4.4625211297643625,3.661598779899402,4.4625211297643625,0.000991537565320666,-0.0024906086964620044,0.5845568988882872,0.7338651552417439,0.003484601809535929,1.3219066559395671,29.24347873089068,FOLLOWING,WALKING,0.5001301783636207
25.15,P,1.994539452847643,-0.47443032249644057,0.5318871015089128,-1.448972930164989,1.7585625658384174,0.9385625658384175,0.16703399583691647,0.3959700956693441,0.23487870182665518,0.45,-0.06091697352559285,0.3570976705170327,0.43484252082165553,3.662540210431104,4.459923290478518,3.662540210431104,4.459923290478518,0.0009414305317019256,-0.002597839285844117,0.585179819254424,0.7339187514742518,0.003526114612156893,1.3226246853408326,29.309609965157723,FOLLOWING,WALKING,0.4982833936729587
25.2,P,2.000147596896637,-0.450201455460175,0.549597608008634,-1.4407857535780666,1.7575793566829723,0.9375793566829723,0.16673890571853422,0.39588596711426993,0.23390058391599178,0.45,-0.05184135963392099,0.3571754204761733,0.4345965137523666,3.6633376459094693,4.457400141049914,3.6633376459094693,4.457400141049914,0.0007974354783653048,-0.002523149428604654,0.5855238724996582,0.7336783415203765,0.0032944658463771458,1.322496679866412,29.375734799151044,FOLLOWING,WALKING,0.4964037506655411
25.25,P,2.006183030949049,-0.42272805141671876,0.5671904935650038,-1.4323916569493373,1.756517156745331,0.9365171567453311,0.16647110082771693,0.39579811682430976,0.23298412413613437,0.45,-0.045109940240079714,0.35723924427977954,0.43435698936884,3.6639922490233796,4.454943480706051,3.6639922490233796,4.454943480706051,0.0006546031139103015,-0.0024566603438627155,0.585862266444308,0.7334750475453639,0.003074696339271408,1.3224120103289434,29.441855399667492,FOLLOWING,WALKING,0.4944920382942023
25.3,P,2.0139726547921843,-0.38524744628544033,0.5846799648105006,-1.4237943676789466,1.7578737494439411,0.9378737494439412,0.1674680404992992,0.39571669578780044,0.23229389718992632,0.45,-0.029216745513377808,0.35727205580286764,0.43416133577273325,3.664328777465309,4.452936777156238,3.664328777465309,4.452936777156238,0.00033652844192921805,-0.002006703549812805,0.5855444715415592,0.7326304736151265,0.0023088313048343907,1.32048377646152,29.50787958849057,FOLLOWING,WALKING,0.4925490589724264
25.35,P,2.0198186668087605,-0.35426505154578136,0.6020667038485824,-1.4149962134499265,1.7667646423819465,0.9467646423819466,0.1723651686662604,0.39567304948281135,0.23233380524087885,0.45,0.016330867426788426,0.3572218047154459,0.4341242942501768,3.663813381696881,4.452556864104377,3.663813381696881,4.452556864104377,-0.000515395768427851,-0.00037991305186135804,0.5832242805301965,0.7298519947414988,0.00013351664646067557,1.313209791918156,29.57354007808648,FOLLOWING,WALKING,0.49057562823754486
25.4,P,2.0259195728285735,-0.31946747817676324,0.619368197130485,-1.4059787956023626,1.7706414731141809,0.9506414731141809,0.17470658102924647,0.39564575324346807,0.23268581315573925,0.45,0.02979613181472577,0.35713625116619324,0.4341552553207429,3.6629359093968534,4.4528744135460805,3.6629359093968534,4.4528744135460805,-0.0008774723000275486,0.0003175494417035907,0.5821018471281131,0.7287412836565472,0.0011794643698542708,1.3120225951545144,29.639141207844208,FOLLOWING,WALKING,0.48857257440842794
25.45,P,2.0292623552826123,-0.29712350339545623,0.636544201229555,-1.3967776129558873,1.7773276612296611,0.9573276612296612,0.17845733697160843,0.395652705883376,0.23350897233133247,0.45,0.05266021052359889,0.35700697096254047,0.4342984408042115,3.6616099585901587,4.454342982607297,3.6616099585901587,4.454342982607297,-0.0013259508066947312,0.00146856906121684,0.5806636375313995,0.7275630664769073,0.0027678967654734426,1.31099460077378,29.704690937882898,FOLLOWING,WALKING,0.4865407382378086
25.5,P,2.0316327182278453,-0.2791825353881892,0.653607633855946,-1.387378313817586,1.774514868154702,0.9545148681547021,0.17738430324760296,0.39564118801313125,0.23410495603662562,0.45,0.028698674678587385,0.35689681778906973,0.43438555823719277,3.6604801824519972,4.455236494740438,3.6604801824519972,4.455236494740438,-0.0011297761381614535,0.0008935121331408169,0.5807284999557187,0.7280601022983054,0.0020091274434172295,1.3107977296974416,29.770230824367772,FOLLOWING,WALKING,0.4844809725593896
25.55,P,2.0341806827040347,-0.25915901575175787,0.6705586370950452,-1.3777791099705883,1.768346972878037,0.948346972878037,0.17460730385044354,0.39560387861024016,0.23426644645277295,0.45,-0.004753772968027713,0.35683278172230626,0.43437497549817405,3.659823402280064,4.455127953827426,3.659823402280064,4.455127953827426,-0.0006567801719330468,-0.00010854091301215618,0.5821284193994641,0.7298879909167917,0.0005447777173489848,1.312561188033605,29.835858883769454,FOLLOWING,WALKING,0.482394141929879
25.6,P,2.0357804495621585,-0.24452808310088664,0.6873951573310169,-1.3679807877302417,1.7637392093109998,0.9437392093109999,0.17259224964919695,0.3955475329898705,0.23413975551013724,0.45,-0.023982102610024928,0.35679740345294275,0.43429766252679824,3.65946054823531,4.454335000274853,3.65946054823531,4.454335000274853,-0.00036285404475400185,-0.0007929535525725839,0.5831834290808973,0.731101006556886,0.00042715276321063996,1.3147115884009941,29.901594463189504,FOLLOWING,WALKING,0.480281122266104
25.65,P,2.0370223536110665,-0.23219920191695037,0.7041128838903001,-1.3579891516706322,1.7550751766930879,0.9350751766930879,0.16850062185319492,0.3954553740269762,0.23347336390930482,0.45,-0.0568277835546314,0.3568155322999863,0.43409521575396615,3.6596464851280643,4.452258623117602,3.6596464851280643,4.452258623117602,0.00018593689275414604,-0.002076377157251841,0.5853256382478621,0.7332698943437091,0.00224041951767242,1.3208359521092436,29.96763626079497,FOLLOWING,WALKING,0.4781428004773588
25.7,P,2.039374322948535,-0.21029534176499268,0.7207299212498537,-1.3478070187324147,1.7447207987061115,0.9247207987061116,0.16352114519784644,0.3953205844974393,0.2322013821200836,0.45,-0.08988493431530784,0.35689125575656544,0.43374991323831313,3.6604231359647734,4.448717058854493,3.6604231359647734,4.448717058854493,0.0007766508367090807,-0.0035415642631084765,0.5879773020008089,0.7356430955645392,0.00425312538463786,1.327873522949986,30.034029936942467,FOLLOWING,WALKING,0.47598007409313703
25.75,P,2.0416732494469443,-0.18666039312775343,0.7372271669983115,-1.3374357341619543,1.741480942579766,0.921480942579766,0.1623331366894719,0.3951733295755163,0.23089621736115393,0.45,-0.08436561572186049,0.35696000560224533,0.4333866535487873,3.6611282625871313,4.444991318449101,3.6611282625871313,4.444991318449101,0.0007051266223578878,-0.0037257404053923082,0.5888402482033347,0.7358190243369085,0.004339549524527108,1.3289988220647704,30.100479878045707,FOLLOWING,WALKING,0.4737938508864059
25.8,P,2.0436895326704545,-0.16310994428013698,0.7535936579361359,-1.3268839513300843,1.7395009248482642,0.9195009248482643,0.1618957881759514,0.39501896691597904,0.22966252702879195,0.45,-0.0745172582816585,0.357009818692714,0.4330281151392441,3.6616391660791177,4.441314001428145,3.6616391660791177,4.441314001428145,0.0005109034919863475,-0.0036773170209558614,0.5893523370057511,0.7356201378493376,0.004079987125937838,1.3290524619810264,30.16693250114476,FOLLOWING,WALKING,0.47158504849258287
25.85,P,2.0454266160077728,-0.13964855314983415,0.7698286553782939,-1.316150484686649,1.7374456266288156,0.9174456266288157,0.16148707172949495,0.39485720982862693,0.22849702900939456,0.45,-0.06716677362526739,0.35704095152757215,0.4326734681296817,3.661958477205868,4.437676596201864,3.661958477205868,4.437676596201864,0.00031931112675032125,-0.0036374052262813095,0.5898463656947271,0.7354487168129876,0.0038349048203803146,1.329129987328095,30.233389000511167,FOLLOWING,WALKING,0.46935459402437124
25.9,P,2.04697842598008,-0.11499674652644849,0.7859359837819245,-1.305236712248059,1.7353117737374866,0.9153117737374866,0.16110624890159875,0.39468776056125393,0.22739666971017092,0.45,-0.061779036149556286,0.3570536117242206,0.43232190939828724,3.6620883253766214,4.434070865623458,3.6620883253766214,4.434070865623458,0.0001298481707534549,-0.0036057305784051863,0.5903233098627934,0.7353039238906045,0.0036031397778442066,1.329230373531242,30.29985051918773,FOLLOWING,WALKING,0.46710342368261704
25.95,P,2.0499259286208957,-0.061679300909615806,0.8019096775393045,-1.2941480507439986,1.7340412962285725,0.9140412962285726,0.1612487871025161,0.39451428504205194,0.22642558899799348,0.45,-0.053777749235875735,0.357040850062884,0.4319877200212199,3.6619574365423997,4.430643282268922,3.6619574365423997,4.430643282268922,-0.0001308888342217429,-0.003427583354536523,0.5905365284190882,0.7349313909112243,0.003166236319958855,1.3286341556502714,30.36628222697024,FOLLOWING,WALKING,0.46483248236335384
26.0,P,2.0504387988050152,-0.03961646201957907,0.8177545650220015,-1.2828817046232177,1.7540022184370454,0.9340022184370455,0.17253200833591775,0.39442565303319704,0.22707485122354304,0.45,0.045881413313296426,0.3568447651557007,0.4320065409106934,3.6599463092892375,4.430836317032752,3.6599463092892375,4.430836317032752,-0.002011127253162215,0.00019303476383036866,0.5851725114228022,0.7289208053322846,0.002123008175112931,1.3162163249301997,30.432093043216753,FOLLOWING,WALKING,0.4625427232611957
26.05,P,2.050664613146525,-0.01901798801188659,0.8334668558983287,-1.2714376183822542,1.7507766515702394,0.9307766515702395,0.1717144782815283,0.39432391722725013,0.22754882066919507,0.45,0.02159500817042513,0.35666458740649837,0.4319832470480019,3.658098332374342,4.430597405620532,3.658098332374342,4.430597405620532,-0.001847976914895355,-0.00023891141221987766,0.5856076401016835,0.7298091531173596,0.001553057112835453,1.3169698503318787,30.497941535733347,FOLLOWING,WALKING,0.460235107469247
26.1,P,2.0505424150623073,-0.0042611606077134,0.8490430549594784,-1.2598166686939523,1.7464607956627847,0.9264607956627847,0.17031700078167777,0.3942046724627669,0.22778673370780206,0.45,-0.00214565961986906,0.35650596803412565,0.4319033768914082,3.656471467016673,4.429778224527263,3.656471467016673,4.429778224527263,-0.0016268653576689829,-0.0008191810932691723,0.5863414493646081,0.7309002040743389,0.0007803854491792686,1.3180220388881263,30.563842637677755,FOLLOWING,WALKING,0.45791060357569857
26.15,P,2.05035288625366,0.010760668124904959,0.8644789390277205,-1.248026286166114,1.7378205736534484,0.9178205736534485,0.16666457672360668,0.3940499963006659,0.22750777819470874,0.45,-0.03969059134457674,0.3563974590094416,0.4317025335918902,3.6553585539429907,4.427718293250156,3.6553585539429907,4.427718293250156,-0.0011129130736824422,-0.002059931277107019,0.5882221410989756,0.7330294077607098,0.0009138895055859488,1.3221654383652715,30.62995090959602,FOLLOWING,WALKING,0.4555701872572766
26.2,P,2.0501769283053504,0.056943098444088805,0.8797719307130242,-1.2360674313390962,1.7294049887179377,0.9094049887179377,0.1631105583242347,0.39386113127575123,0.22677692574900954,0.45,-0.06798723496501666,0.3563295500642901,0.43139271248721234,3.654662051941437,4.424540640894485,3.654662051941437,4.424540640894485,-0.0006965020015536894,-0.0031776523556708014,0.5901048996162801,0.7348525310193227,0.002386662779690035,1.3273440934152927,30.696318114266784,FOLLOWING,WALKING,0.45321484086971564
26.25,P,2.049592788090729,0.05870585908671204,0.8949236163168264,-1.2239390302684785,1.7440539236271582,0.9240539236271582,0.1716804890616609,0.39373502777457575,0.2272760991974328,0.45,0.011425270327856195,0.35612083335740063,0.43134922219175087,3.6525213677682116,4.4240945865820605,3.6525213677682116,4.4240945865820605,-0.002140684173225438,-0.0004460543124249483,0.586024474600484,0.7302997053139696,0.0016336827962001846,1.3179578627106538,30.76221600740232,FOLLOWING,WALKING,0.4508455530354305
26.3,P,2.049036539644312,0.07010919299789967,0.9099310294290346,-1.2116457847867088,1.725815403927668,0.9058154039276681,0.16304787634761608,0.39353330622946586,0.2265599525846177,0.45,-0.07133777582202741,0.35603763407671163,0.4310289783822201,3.6516680418124268,4.420810034689437,3.6516680418124268,4.420810034689437,-0.0008533259557848005,-0.003284551892623888,0.5903111408073932,0.7350483301105286,0.0023364020540595234,1.3276958729719812,30.828600801050918,FOLLOWING,WALKING,0.4484633182285555
26.35,P,2.0482486564268174,0.08915829358836436,0.9247895526674916,-1.199191445557569,1.7147761330501512,0.8947761330501512,0.15811632349421822,0.3932867382485046,0.22524966099787538,0.45,-0.10421625700225498,0.3560079193533562,0.43056555714365297,3.6513632754190377,4.416056996345159,3.6513632754190377,4.416056996345159,-0.0003047663933890554,-0.004753038344277982,0.5928895350995671,0.7373181435868311,0.004250055394397808,1.3344577340807962,30.89532368775496,FOLLOWING,WALKING,0.4460691363575281
26.4,P,2.0471606992407465,0.11137697856374446,0.9394810640971899,-1.186591217991069,1.7093874365330706,0.8893874365330706,0.1562575742373038,0.39301949288103366,0.22381946742012385,0.45,-0.1049989451369133,0.35597737102300314,0.4300616147390642,3.6510499592102885,4.410888356298094,3.6510499592102885,4.410888356298094,-0.0003133162087491925,-0.005168640047064521,0.5940463093096123,0.7377856529389487,0.004609514374272375,1.3364414766228334,30.962145761586104,FOLLOWING,WALKING,0.44366401234539266
26.45,P,2.0458395777243785,0.1334622871315578,0.9540359707963697,-1.1738268657702795,1.706363271223193,0.8863632712231931,0.15573570934813274,0.39274171781088874,0.22246184144010936,0.45,-0.0952055045702531,0.35592428305255064,0.42955915256922683,3.6505054672056474,4.405734898145916,3.6505054672056474,4.405734898145916,-0.0005444920046411283,-0.005153458152178381,0.5945641745642093,0.7375337494698535,0.004349087647213704,1.3364470116812763,31.02896811217017,FOLLOWING,WALKING,0.44124895570799855
26.5,P,2.0442513341297683,0.1560209952065652,0.9684367528051228,-1.1609155787878067,1.7032439770613643,0.8832439770613644,0.1552547974765901,0.39245306545177533,0.22117505495543807,0.45,-0.0879851878768438,0.35584859385665035,0.4290575370469003,3.6497291677605164,4.400590123557952,3.6497291677605164,4.400590123557952,-0.0007762994451310234,-0.005144774587964029,0.5950593978444666,0.7373067100725508,0.004098313029068394,1.3364644209460859,31.095791333217473,FOLLOWING,WALKING,0.4388249801302693
26.55,P,2.041456470897187,0.1916854996868789,0.9826839052874424,-1.1478560651933056,1.7004996187340813,0.8804996187340813,0.15504968252936524,0.3921551907718348,0.21998925660135857,0.45,-0.08070362318398336,0.35574696880430995,0.42856341273935966,3.648686859531384,4.39552218194215,3.648686859531384,4.39552218194215,-0.001042308229132427,-0.005067941615801708,0.5954079735074808,0.7369760705984288,0.003756425736860076,1.3361404698427697,31.162598356709612,FOLLOWING,WALKING,0.436393103040725
26.6,P,2.038636437837089,0.22134306288563924,0.9967765024781696,-1.134647829357696,1.7074457384436832,0.8874457384436832,0.16015573754800794,0.39188901307802854,0.21961135551020378,0.45,-0.032385899361259074,0.3555433337410898,0.42823469241496726,3.646598294780408,4.392150691435561,3.646598294780408,4.392150691435561,-0.002088564750975852,-0.0033714905065886924,0.5931619632413582,0.7340822718263718,0.0011950757406329437,1.328439310808363,31.22902032225003,FOLLOWING,WALKING,0.43395434518443016
26.65,P,2.035253183100778,0.25273191363267045,1.0107128635466904,-1.1212934021137044,1.7100243930286398,0.8900243930286399,0.1629028043612566,0.3916357075996651,0.21964209854795305,0.45,-0.013914921327972972,0.35528494028997887,0.4279864749093513,3.6439481055382448,4.389604870865141,3.6439481055382448,4.389604870865141,-0.0026501892421633144,-0.0025458205704200765,0.591918340770759,0.7326807180024288,9.723550070865241e-05,1.3246962942738965,31.295255136963725,FOLLOWING,WALKING,0.43150973019455063
26.7,P,2.032246655730417,0.27638212996911876,1.0244950320809958,-1.107797678054969,1.713951117944709,0.8939511179447089,0.16634983949681004,0.3914007566496681,0.22013511702522712,0.45,0.006423950994884643,0.35496839478199305,0.4278331185173432,3.640701484943518,4.388031984793264,3.640701484943518,4.388031984793264,-0.003246620594726579,-0.001572886071877555,0.5902450231691436,0.7310810807316028,0.001562841794740667,1.322888945695487,31.3613995842485,FOLLOWING,WALKING,0.4290602841626997
26.75,P,2.030120609004507,0.29005996138248114,1.0381179330669443,-1.094157779489426,1.7121673621202003,0.8921673621202003,0.16674852426448838,0.3911599905410238,0.22063265609841035,0.45,-0.0028378438518278214,0.3546452859567369,0.4276746951253107,3.637387548274224,4.386407129490366,3.637387548274224,4.386407129490366,-0.0033139366692940264,-0.0016248553028974655,0.5899757126965348,0.7311779576076077,0.0015807364880998393,1.3227344067922424,31.427536304588113,FOLLOWING,WALKING,0.42660703520825005
26.8,P,2.027330480491581,0.3085024684640343,1.0515794537987304,-1.0803799074993012,1.7029762368312162,0.8829762368312163,0.1632097741193158,0.39088236965330636,0.22060270999467693,0.45,-0.042654469475954845,0.35437262114918733,0.4273921181574254,3.634590986145511,4.383508904178722,3.634590986145511,4.383508904178722,-0.0027965621287133757,-0.002898225311644076,0.5916160843032047,0.7332176088741194,9.512915957816648e-05,1.324928822336902,31.49378274570496,FOLLOWING,WALKING,0.42415101304679553
26.85,P,2.025294106659137,0.3202220863633916,1.0648770708361008,-1.0664665692688766,1.6973757157311142,0.8773757157311143,0.1615666532988287,0.39058334885255214,0.2203539371905511,0.45,-0.05791277903169326,0.3541147722475159,0.42705192545758835,3.631946382025804,4.380019748282957,3.631946382025804,4.380019748282957,-0.002644604119706795,-0.003489155895764817,0.592378355932782,0.7340502060505192,0.0007893801627128576,1.327217942146014,31.56014364281226,FOLLOWING,WALKING,0.4216932485579437
26.9,P,2.023536033944288,0.32987731626070316,1.0780082122343848,-1.0524188217260888,1.6868035778828352,0.8668035778828352,0.15723705312487624,0.39024216220622227,0.21954554564335427,0.45,-0.09168937417714786,0.3539073744022471,0.4265769500101974,3.6298192246384318,4.375148205232794,3.6298192246384318,4.375148205232794,-0.002127157387372236,-0.004871543050163574,0.5944473473647869,0.7360737501517611,0.0025556941918483487,1.3330767917083963,31.62679748239768,FOLLOWING,WALKING,0.4192347733526189
26.95,P,2.0207075541637884,0.346428550231142,1.0909747280160036,-1.0382444895411023,1.6747434056358228,0.8547434056358229,0.15208144290579595,0.38985283414746263,0.21812198587130127,0.45,-0.1245824697450291,0.35375364548576227,0.425952022809163,3.62824251780269,4.368738695478594,3.62824251780269,4.368738695478594,-0.001576706835741959,-0.006409509754199405,0.5969647926005729,0.7382108859062896,0.004471339456608364,1.3396470179634707,31.693779833295856,FOLLOWING,WALKING,0.41677661934005755
27.0,P,2.017092663161091,0.3668909212443794,1.1037740526725481,-1.0239446572593462,1.667849680003823,0.847849680003823,0.14979669134811302,0.38943765299849026,0.21653234061616639,0.45,-0.12750671918192164,0.3536015506265147,0.4252737553704658,3.626682570528356,4.361782106363751,3.626682570528356,4.361782106363751,-0.0015599472743339504,-0.0069565891148428705,0.5981825648625078,0.7386674480321354,0.004956618352949783,1.341806631247593,31.760870164858236,FOLLOWING,WALKING,0.41431981829468123
27.05,P,2.0132937633825163,0.38719501829816433,1.1164044030600864,-1.0095246743668014,1.6639033898326294,0.8439033898326295,0.14922776397133153,0.3890093415589827,0.21502485469067947,0.45,-0.11681891771515013,0.3534227281076753,0.4245959550102901,3.624848493412054,4.354830307797847,3.624848493412054,4.354830307797847,-0.001834077116301902,-0.006951798565903999,0.598605853527925,0.7382284043481184,0.004667715965895309,1.3415019738419385,31.827945263550333,FOLLOWING,WALKING,0.411865401423022
27.1,P,2.009314859899739,0.407339604821263,1.1288733566175195,-0.9949778557105506,1.6598904857061183,0.8398904857061184,0.14869261813088208,0.38856771615076524,0.2135958726692806,0.45,-0.10877553397446577,0.3532175992239993,0.42391783307753117,3.6227446074256338,4.347875211051601,3.6227446074256338,4.347875211051601,-0.0021038859864201953,-0.00695509674624617,0.5989886378211245,0.737799205617587,0.004395235131207383,1.3411830785699188,31.89500441747883,FOLLOWING,WALKING,0.4094143989308906
27.15,P,2.0051599261996382,0.4273235662035408,1.141167312541508,-0.9803261720330166,1.655799354032441,0.835799354032441,0.14819906587090725,0.38811253802518875,0.212243159294925,0.45,-0.10284589586426343,0.3529862951618787,0.4232387808884988,3.6203722580705504,4.340910573215372,3.6203722580705504,4.340910573215372,-0.0023723493550833474,-0.006964637836229137,0.5993342055793568,0.7373824116395736,0.004134299906789692,1.3408509171257201,31.962046963335116,FOLLOWING,WALKING,0.4069678395909614
27.2,P,1.9956209321803564,0.47204846157011576,1.1532891790129112,-0.9655638381572068,1.6516540261244956,0.8316540261244957,0.14773585947167012,0.38764368775564023,0.21096318439410794,0.45,-0.09845924156908457,0.35272928073841536,0.4225580947728651,3.617736212701696,4.33392917715759,3.617736212701696,4.33392917715759,-0.0026360453688543117,-0.006981396057781808,0.5996363258899972,0.736968204002355,0.003888397166700863,1.3404929270590529,32.02907160968807,FOLLOWING,WALKING,0.4045267503109596
27.25,P,1.989553484425234,0.4977014795870899,1.1652428175414644,-0.9506899476052519,1.6662088424688615,0.8462088424688615,0.15767801085155086,0.38724059315028797,0.21115339741965652,0.45,-0.012757016508677194,0.3522947058773348,0.42218648042324114,3.6132790346393313,4.330117747930678,3.6132790346393313,4.330117747930678,-0.004457178062364786,-0.003811429226912466,0.5949786362677502,0.7316404711555616,0.0005783634227239952,1.327197470846036,32.09543148323037,FOLLOWING,WALKING,0.4020921557026329
27.3,P,1.9854549109003699,0.513376894942704,1.1770227881775506,-0.9357082307711526,1.6665310683880556,0.8465310683880557,0.1597214406439299,0.38684213982243804,0.21160045216462142,0.45,-0.008532678832313864,0.35182226498919317,0.4218620146556829,3.608433487068648,4.32678989390444,3.608433487068648,4.32678989390444,-0.0048455475706834505,-0.0033278540262378087,0.593806408497407,0.7306687186333679,0.0013621966009475114,1.3258373237317225,32.16172334941696,FOLLOWING,WALKING,0.39966507765168496
27.35,P,1.9814343375103929,0.5282235296489644,1.1886321115335055,-0.9206194417902456,1.659340290180187,0.8393402901801871,0.15766460108432812,0.3864165313560684,0.21172512809454358,0.45,-0.038294913603826294,0.3513760226564214,0.4214570400557154,3.6038566426299634,4.322636308263747,3.6038566426299634,4.322636308263747,-0.0045768444386844465,-0.004153585640692903,0.5945286485928652,0.7317479519348228,0.00038011719215627745,1.3266567177198443,32.228056185302954,FOLLOWING,WALKING,0.39724653488885314
27.4,P,1.9802488001354104,0.5313239201875275,1.2000665633623093,-0.9054256325080114,1.6515693522836719,0.8315693522836719,0.15527570352925435,0.3859615783478498,0.21151483526153855,0.45,-0.0640621593556508,0.35095587311206516,0.4209672835836344,3.5995474165340013,4.317613164960353,3.5995474165340013,4.317613164960353,-0.004309226095962071,-0.005023143303394484,0.5954239629671648,0.7328057524551412,0.0006405127765882541,1.3288702281988944,32.2944996967129,FOLLOWING,WALKING,0.39483754256231224
27.45,P,1.9686344398248887,0.5749564379134604,1.2113252707121265,-0.890135129886028,1.6349108843441928,0.8149108843441929,0.14791255817939153,0.3854397799553033,0.21033154708960253,0.45,-0.12326574323111421,0.3506299089119741,0.42024965099863254,3.596204193968965,4.310252830755205,3.596204193968965,4.310252830755205,-0.0033432225650362746,-0.0073603342051473675,0.5986660703751646,0.7360013109275685,0.0035839127787282475,1.3382512940814613,32.36141226141697,FOLLOWING,WALKING,0.39243911181158014
27.5,P,1.9666396566055742,0.5804905502371417,1.2224085146684551,-0.874744478908041,1.6492454273574402,0.8292454273574402,0.15778340353128295,0.38498346616126167,0.21059915185736547,0.45,-0.03307529046198174,0.3501293065288677,0.41983762579365563,3.591069810552489,4.306026931216981,3.591069810552489,4.306026931216981,-0.005134383416475874,-0.004225899538224276,0.5939175807700977,0.7306342041900244,0.0008115456545836108,1.325363330614706,32.427680427947706,FOLLOWING,WALKING,0.39005224934310634
27.55,P,1.9646595500983661,0.5862558475389293,1.23331855111185,-0.8592580582125887,1.634499612321829,0.814499612321829,0.15158998401075574,0.38446848313640947,0.21000388451308094,0.45,-0.09068031271703425,0.34971284024949456,0.4192241260233244,3.5867983615332775,4.29973462588025,3.5867983615332775,4.29973462588025,-0.004271449019211726,-0.0062923053367311965,0.5965045803567997,0.7334624794548494,0.0018001217465788983,1.331767181558228,32.49426878702562,FOLLOWING,WALKING,0.38767795700772245
27.6,P,1.960479970601727,0.5998250117653502,1.2440471334681622,-0.8436820055163468,1.6199907742081754,0.7999907742081754,0.14543887020685564,0.3838962667486488,0.20863774353969833,0.45,-0.13456953161936147,0.3493667201928287,0.4184258133044689,3.5832484122341404,4.291546803122758,3.5832484122341404,4.291546803122758,-0.0035499492991371007,-0.008187822757491858,0.5991371282069987,0.7358063501333739,0.0041044114086288665,1.3390478897490015,32.56122118151307,FOLLOWING,WALKING,0.38531723138012947
27.65,P,1.9547740397781828,0.618166816708188,1.2545968466630568,-0.8280237450912367,1.6115174585044838,0.7915174585044839,0.14270048437882588,0.3832930490110654,0.20703853457686996,0.45,-0.1422468237593444,0.34902817153859345,0.4175579264835374,3.5797761183445482,4.282645399831153,3.5797761183445482,4.282645399831153,-0.0034722938895921374,-0.00890140329160527,0.6002673198569314,0.7361873341754829,0.00476780947410493,1.341222463506519,32.6282823046884,FOLLOWING,WALKING,0.3829710633405994
27.7,P,1.94893280900948,0.636343198153535,1.264966952474064,-0.8122839294107743,1.6067716834685355,0.7867716834685355,0.14215076766520807,0.38267504767593913,0.20552503475398604,0.45,-0.1318339326904609,0.34866065442415445,0.4166894409277238,3.57600671204261,4.273737855668962,3.57600671204261,4.273737855668962,-0.0037694063019384494,-0.00890754416219064,0.6004048639613807,0.7354441429390302,0.0044792942932564824,1.3403283011936675,32.69529871974808,FOLLOWING,WALKING,0.3806404376590687
27.75,P,1.9429596390349375,0.6543543389869723,1.2751610509958486,-0.7964649078682452,1.601976856144135,0.781976856144135,0.14164677671443593,0.38204217318958344,0.20409484613503626,0.45,-0.12392770772592145,0.34826447615423495,0.41581987022493194,3.5719433451716402,4.264819181794174,3.5719433451716402,4.264819181794174,-0.004063366870969531,-0.008918673874788396,0.6004902129238612,0.7347016090548413,0.004203275416252286,1.3393950973949547,32.76226847461783,FOLLOWING,WALKING,0.37832633258179516
27.8,P,1.933153173365897,0.6833609629244999,1.2851752553879547,-0.7805692385189478,1.5971322553979495,0.7771322553979495,0.14117974889369356,0.3813943387579689,0.20274462762218123,0.45,-0.11797985530943478,0.3478401028864979,0.4149485746294399,3.5675907988358757,4.255882816712204,3.5675907988358757,4.255882816712204,-0.00435254633576454,-0.008936365081969377,0.6005239299208526,0.733958201487796,0.003941993514202027,1.3384241249228506,32.82918968086397,FOLLOWING,WALKING,0.3760297194207522
27.85,P,1.9237810855875384,0.7099024426562766,1.2950143187618894,-0.7646002946934447,1.6009269242802064,0.7809269242802065,0.1457194850876642,0.3807686459644191,0.20214229534679776,0.45,-0.0753277440594286,0.34731409608452407,0.41422319584431416,3.5621958572771697,4.248443034300658,3.5621958572771697,4.248443034300658,-0.005394941558706012,-0.00743978241154597,0.5982316384299763,0.730972200788783,0.0017532983333876223,1.330957137552147,32.895737537741574,FOLLOWING,WALKING,0.3737515621459364
27.9,P,1.9142544794943295,0.7358590443080772,1.3046719662454573,-0.7485622818597968,1.6029678629081123,0.7829678629081124,0.14923567669675353,0.3801572959973332,0.20207488216617972,0.45,-0.04977551040356854,0.3467139029988305,0.41360068899583596,3.5560400307572357,4.242058348675241,3.5560400307572357,4.242058348675241,-0.00615582651993396,-0.006384685625417497,0.5962459713762317,0.7287323554502724,0.00019616415162965225,1.3251744909781338,32.961996262290484,FOLLOWING,WALKING,0.37149281698075426
27.95,P,1.9053369296869458,0.759168554088843,1.3141442970361814,-0.7324459588113086,1.6047110375518705,0.7847110375518705,0.1525498152027962,0.3795588287347593,0.20246161900193924,0.45,-0.031154929682247617,0.3460514307899384,0.41306622667958026,3.549245443999368,4.236576683893131,3.549245443999368,4.236576683893131,-0.006794586757867815,-0.005481664782109874,0.5942264370980297,0.7267733006429917,0.0011275108688960282,1.3221272486099174,33.02810262472098,FOLLOWING,WALKING,0.36925443200066077
28.0,P,1.9015638122904126,0.7678737087661149,1.3234390187282532,-0.7162621200264805,1.6045007273276313,0.7845007273276313,0.15476192425486524,0.3789647571607071,0.20310831687615213,0.45,-0.02522621013880574,0.34535033071770393,0.41257918360371026,3.5420546740277326,4.231581370294464,3.5420546740277326,4.231581370294464,-0.007190769971635369,-0.004995313598667117,0.5926192352914675,0.7254903006347979,0.001891435921326222,1.3200009718475916,33.09410267331336,FOLLOWING,WALKING,0.3670373467352198
28.05,P,1.8954625326467556,0.7826527564743788,1.332553568728802,-0.70001299258001,1.5927609472978592,0.7727609472978593,0.1505379525408157,0.378325923891925,0.20312010878154704,0.45,-0.07133147603926478,0.34470954588857894,0.41194230189527103,3.535482521934143,4.225049250207908,3.535482521934143,4.225049250207908,-0.006572152093589523,-0.006532120086555793,0.5939261520081867,0.7272472734529215,3.4490492734400336e-05,1.3212079159538423,33.16016306911105,FOLLOWING,WALKING,0.36484249177374944
28.1,P,1.8914438857346196,0.7918077106308954,1.3414909735770204,-0.6836964315485246,1.5859269292997695,0.7659269292997696,0.1490181261004937,0.37766370420376155,0.202925544926959,0.45,-0.08570823050222075,0.34407952651834983,0.4112478818891733,3.529020784803588,4.2179269937351105,3.529020784803588,4.2179269937351105,-0.00646173713055509,-0.007122256472797517,0.5940315423876202,0.7274279966686338,0.000568540457501309,1.3220280795137553,33.22626447308674,FOLLOWING,WALKING,0.3626707883747203
28.15,P,1.8884116823468389,0.7984794799859946,1.3502438072232588,-0.6673262231162143,1.5746620841244796,0.7546620841244797,0.14497727572486951,0.3769593656666375,0.20220492265712048,0.45,-0.11641773856300712,0.3434944509668841,0.41042428036639095,3.5230200099167597,4.20947979862965,3.5230200099167597,4.20947979862965,-0.006000774886828264,-0.008447195105460104,0.5952817538474799,0.7286101237068926,0.0020982725328627908,1.3259901500872353,33.2925639805911,FOLLOWING,WALKING,0.36052314807907165
28.2,P,1.8837836461303754,0.8090926612209505,1.3588140501125454,-0.6509066590735995,1.5614771919762358,0.7414771919762358,0.13981092588484745,0.376205011267927,0.20085890538586282,0.45,-0.14881936153141748,0.3429628624265667,0.4094471601092873,3.5175678197596585,4.199458052402946,3.5175678197596585,4.199458052402946,-0.005452190157101189,-0.010021746226704487,0.5970757723347074,0.7300019756905685,0.003893177602587971,1.330970925627864,33.359112526872494,FOLLOWING,WALKING,0.35840047232760486
28.25,P,1.8766602533856045,0.8254804983962555,1.3672124728874515,-0.6344131695224278,1.5515125175143354,0.7315125175143354,0.13648032396436505,0.375414917215722,0.1991978585824658,0.45,-0.15992366962686683,0.3424476716203239,0.4083821628111201,3.5122838114905015,4.188535003190975,3.5122838114905015,4.188535003190975,-0.005284008269156981,-0.010923049211970515,0.5980869340120817,0.7302369332208094,0.0047646283138838025,1.3330884955467748,33.425766951649834,FOLLOWING,WALKING,0.35630365208261616
28.3,P,1.8694370752807692,0.8417106280875478,1.3754302332861768,-0.6178739119448811,1.546229789741344,0.726229789741344,0.13595095103284427,0.37460957613972173,0.19763145111365318,0.45,-0.14798446451011812,0.34190157098041213,0.40731758129903134,3.5066827792862783,4.177616218451603,3.5066827792862783,4.177616218451603,-0.005601032204223255,-0.010918784739372356,0.5978754616046597,0.729084357998199,0.004457827887792452,1.3314176474906512,33.49233783402437,FOLLOWING,WALKING,0.35423356745392925
28.35,P,1.8621165599883933,0.8577841668431775,1.3834677664533983,-0.6012918744010957,1.5409184889017158,0.7209184889017158,0.13547118550236448,0.3737889982137874,0.19615691604510704,0.45,-0.13879760601225571,0.3413250286083222,0.40625296781925263,3.5007695241879198,4.166697105838488,3.5007695241879198,4.166697105838488,-0.005913255098358494,-0.010919112613114734,0.5976011879879545,0.7279271095045042,0.0041650596237076875,1.3296933571161664,33.55882250188018,FOLLOWING,WALKING,0.3521910873294814
28.4,P,1.8547010718756167,0.8737022913174088,1.3913258272458626,-0.5846703041058966,1.5355805292089262,0.7155805292089262,0.13503772575447792,0.3729532044541858,0.19477131741745085,0.45,-0.1317491553378334,0.3407185514215977,0.4051878574867739,3.49454924534972,4.155772897300245,3.49454924534972,4.155772897300245,-0.006220278838199977,-0.010924208538243718,0.597264341003964,0.7267635153794714,0.0038861981297338283,1.3279140545131691,33.62521820460584,FOLLOWING,WALKING,0.35017706901061996
28.45,P,1.8389723525372779,0.9071471766939737,1.3990052090643352,-0.5680124259746516,1.5302180381950126,0.7102180381950126,0.13464702696316588,0.3721022275998001,0.19347153431573313,0.45,-0.12635930162472964,0.34008268867054625,0.40412176652905396,3.4880275761081667,4.14483863106722,3.4880275761081667,4.14483863106722,-0.006521669241553063,-0.010934266233024736,0.5968651943138311,0.7255918113016946,0.0036211828459245935,1.3260781884614503,33.69152211402891,FOLLOWING,WALKING,0.3481923578522635
28.5,P,1.8254271143978826,0.9348853091245141,1.4064912177472084,-0.5513490588867768,1.539372255395425,0.719372255395425,0.1427760766921906,0.3712987856365218,0.19339915123760557,0.45,-0.05828169958547501,0.3392912261066981,0.4033063451663455,3.4799100113507495,4.1364753350394405,3.4799100113507495,4.1364753350394405,-0.008117564757417206,-0.008363296027779299,0.5926454921283062,0.7207569373081235,0.00020158309258325237,1.313604012529013,33.757202314655366,FOLLOWING,WALKING,0.34623778690807594
28.55,P,1.8197711377119998,0.9455263327003541,1.4137986396491642,-0.5346528346523565,1.544150213599838,0.724150213599838,0.14827075398321932,0.3705233653929014,0.19407578790157962,0.45,-0.024436709577253798,0.33840382249519,0.40264290829061283,3.470808435848103,4.129670854262695,3.470808435848103,4.129670854262695,-0.009101575502646675,-0.006804480776745336,0.5893412724728037,0.7175410410305272,0.0018909906290475607,1.3087733041323784,33.82264097986199,FOLLOWING,WALKING,0.3443141765808039
28.6,P,1.8121854271096087,0.9599336657165177,1.4209284146220242,-0.5179228635578536,1.5348433264175019,0.7148433264175019,0.1456852329303211,0.36971519923799356,0.194335715557015,0.45,-0.060010937072536116,0.33755263831330756,0.40187776016267956,3.462078341674949,4.121823181155688,3.462078341674949,4.121823181155688,-0.008730094173153624,-0.007847673107007402,0.5895013842364691,0.7181547829366784,0.0007273904675341496,1.3083835576406817,33.88806015774402,FOLLOWING,WALKING,0.34242233427792546
28.65,P,1.8124960005534778,0.958470037863031,1.427878590586641,-0.5011644701815027,1.528771392635145,0.708771392635145,0.14491187622702162,0.368888534401658,0.19446524729196143,0.45,-0.07352503955894829,0.33670453597483835,0.4010725328284776,3.4533798561521882,4.113564439266437,3.4533798561521882,4.113564439266437,-0.00869848552276098,-0.00825874188925102,0.5888677419706791,0.7177361926878955,0.00036272766050658787,1.306966662319081,33.95340849085998,FOLLOWING,WALKING,0.3405630540727519
28.7,P,1.795863415911158,0.9901480398847734,1.4346503411717908,-0.484377562178749,1.5094579984630263,0.6894579984630264,0.13641070909256725,0.36798646659770173,0.19343416829026186,0.45,-0.14232846521330045,0.3359731117456634,0.39999982144974006,3.4458780691862914,4.102562271279385,3.4458780691862914,4.102562271279385,-0.007501786965896873,-0.011002167987051337,0.5916134474217469,0.7205223016534649,0.0028720210915484353,1.3150077701667602,34.01915887936832,FOLLOWING,WALKING,0.3387371163711273
28.75,P,1.7897698431674016,1.0008808282419028,1.4412442878720197,-0.46756308140027325,1.518124051750535,0.698124051750535,0.14413623982969326,0.3671305029877892,0.19354914383824426,0.45,-0.07288556840133667,0.33509811968255976,0.39916288629301866,3.4369037916159972,4.0939783209540375,3.4369037916159972,4.0939783209540375,-0.00897427757029412,-0.008583950325347978,0.5873384599652626,0.7157673611054635,0.0003204492317902937,1.3034262703025163,34.08433019288345,FOLLOWING,WALKING,0.3369452875838647
28.8,P,1.7889174086996162,1.0017391313309016,1.4476576995179444,-0.45072409967888405,1.509237416200365,0.689237416200365,0.1416431250250938,0.36624445497211855,0.1933160513328075,0.45,-0.09595193977379003,0.3342506484765389,0.3982382614676982,3.4282117792465527,4.084494989412289,3.4282117792465527,4.084494989412289,-0.008692012369444502,-0.009483331541748186,0.5873334743175219,0.7158537684866831,0.0006488715275468056,1.3038361143317518,34.14952199860004,FOLLOWING,WALKING,0.3351883198050556
28.85,P,1.7840357515259317,1.0101921585258695,1.4538919232962286,-0.4338687316842419,1.492014620084584,0.6720146200845841,0.1342160477329204,0.3652925514462394,0.19210361264347098,0.45,-0.1506228159329912,0.33349940355374497,0.39708569933873383,3.4205067031153327,4.072673839371629,3.4205067031153327,4.072673839371629,-0.007705076131220068,-0.0118211500406602,0.5894791392016153,0.7178079130362989,0.0033539594735556883,1.3106410117114697,34.21505404918561,FOLLOWING,WALKING,0.3334669504963902
28.9,P,1.7757817301194245,1.0246321324475016,1.459947312656817,-0.4169996361419911,1.48131927752007,0.6613192775200701,0.13058574852201055,0.36430361502056186,0.1905223274295953,0.45,-0.164545303711594,0.3327721698309638,0.3958350602101599,3.4130478957021926,4.059846771386256,3.4130478957021926,4.059846771386256,-0.0074588074131400894,-0.012827067985373475,0.5900743492260945,0.7176534112213804,0.004338290005597384,1.3120660504530723,34.280657351708264,FOLLOWING,WALKING,0.33178190217761827
28.95,P,1.7674530668301895,1.0389328257507355,1.4658254487551179,-0.40011992621305315,1.4758230027548742,0.6558230027548743,0.13011629841080286,0.3633005651907866,0.18903579497209413,0.45,-0.15252894586190482,0.332015141122905,0.39458598925866817,3.4052834986964613,4.047035787268391,3.4052834986964613,4.047035787268391,-0.007764397005731283,-0.012810984117864521,0.5893465073907467,0.715996629486728,0.0040465129659199,1.3093896498433948,34.34612683420043,FOLLOWING,WALKING,0.33013388212328154
29.0,P,1.7590510882314059,1.0530959257644852,1.4715306349920092,-0.3832309079121544,1.470323788463002,0.6503237884630021,0.12969674260377184,0.3622835205979191,0.1876412757263939,0.45,-0.14316912065652296,0.3312288894652009,0.39333815173063724,3.3972193791302656,4.034237453647561,3.3972193791302656,4.034237453647561,-0.008064119566195682,-0.012798333620829716,0.5885513432312045,0.714330846081081,0.003768038932149998,1.3066502282444354,34.411459345612656,FOLLOWING,WALKING,0.3285235820658463
29.05,P,1.745988922225792,1.0748844938107698,1.4770625551565497,-0.3663360632343359,1.4648217584984697,0.6448217584984698,0.12932906171106096,0.36125259907605073,0.18633657148474772,0.45,-0.1358808459560297,0.330413896495325,0.39209130165677647,3.388860476875128,4.02144924776181,3.388860476875128,4.02144924776181,-0.008358902255137579,-0.01278820588575158,0.5876897885923448,0.712655681266962,0.003500843258735365,1.303846313118042,34.47665166126856,FOLLOWING,WALKING,0.32695167790535845
29.1,P,1.7318270782460028,1.0979698279810974,1.4824214873863464,-0.3494388874737747,1.4660962059000306,0.6460962059000307,0.13308272129703758,0.36023739057906407,0.185669081711373,0.45,-0.10037949127883525,0.3295091575558318,0.3909656236022963,3.3795811031367364,4.0099038318184235,3.3795811031367364,4.0099038318184235,-0.009279373738391605,-0.011545415943386317,0.585038113110861,0.7093182632990785,0.0017846238711486922,1.2961410002810883,34.541458711282615,FOLLOWING,WALKING,0.3254188294257436
29.15,P,1.7188461631858738,1.1185557071845826,1.4876164826278107,-0.3325189837461943,1.4687393023701576,0.6487393023701576,0.13762380594888657,0.35924361591086074,0.1856813873433354,0.45,-0.06666637872893309,0.32851334630553874,0.38997388551618273,3.369367654415782,3.9997321591403354,3.369367654415782,3.9997321591403354,-0.010213448720954421,-0.01017167267808805,0.5819017750561434,0.7058957016251466,3.290294613474586e-05,1.2878303796274246,34.60585023026399,FOLLOWING,WALKING,0.32392568001787336
29.2,P,1.7043939728074315,1.141019605989442,1.4926350893376548,-0.3156153905392618,1.469382497456273,0.6493824974562731,0.14098330979528528,0.35826231672444103,0.18614599543136537,0.45,-0.04916971702965995,0.32745515448055007,0.389069478968332,3.3585144049287186,3.9904561945469945,3.3585144049287186,3.9904561945469945,-0.010853249487063454,-0.009275964593340902,0.5791346239737674,0.7032356523226946,0.0012453830644579538,1.2836156593609198,34.670031013232034,FOLLOWING,WALKING,0.3224728564095111
29.25,P,1.7003493718171796,1.1465408278092155,1.4974830774560293,-0.29872725255181476,1.4719467849893701,0.6519467849893702,0.14534153425206386,0.35730166842397243,0.18715250301225747,0.45,-0.027069514137507595,0.32632792917544384,0.388275407672501,3.3469531197481417,3.9823118735641128,3.3469531197481417,3.9823118735641128,-0.011561285180576863,-0.008144320982881759,0.5757969231024133,0.7002827761230452,0.0027125339481326367,1.2787922331735913,34.733970624890716,FOLLOWING,WALKING,0.3210609684022514
29.3,P,1.6931613453463286,1.1569688872257768,1.502161224286827,-0.28184540378061107,1.4594363835050441,0.6394363835050442,0.14092827969329602,0.3562962583651316,0.1874625704696267,0.45,-0.07615998755828966,0.3252712029524084,0.38732131377785484,3.3361149020759835,3.9725262951574853,3.3361149020759835,3.9725262951574853,-0.010838217672158201,-0.009785578406627415,0.5761177649569258,0.7011893931877908,0.0008370150131147776,1.2781441731578314,34.79787783354861,FOLLOWING,WALKING,0.3196906086155656
29.35,P,1.6878555794294945,1.1644014238724938,1.506680161030585,-0.26496307407319586,1.4514363955230551,0.6314363955230552,0.13906144258005249,0.35526607421671014,0.1874896081709711,0.45,-0.09460473741621694,0.32423654406441443,0.38629560436900584,3.325503016045276,3.96200619865647,3.325503016045276,3.96200619865647,-0.010611886030707396,-0.010520096501015264,0.5753988359741673,0.7006614801830259,7.299774764505342e-05,1.276133313904838,34.86168449924386,FOLLOWING,WALKING,0.31836235223805803
29.4,P,1.6845037325122791,1.168878448008764,1.5110258414600826,-0.24809218339913147,1.4408009578770946,0.6208009578770947,0.13558409938395788,0.3541999259718977,0.1870445007707083,0.45,-0.1205876208268749,0.32324406109434545,0.38515579084944995,3.315323703531748,3.9503158035841017,3.315323703531748,3.9503158035841017,-0.010179312513527883,-0.011690395072368354,0.5753532176702734,0.7006025499924322,0.001198870437189617,1.2771546380998953,34.92554223114885,FOLLOWING,WALKING,0.31707675678603864
29.45,P,1.680310365934396,1.1746611571015988,1.515201211576191,-0.23123641885071772,1.4275504715968566,0.6075504715968566,0.13049029886916097,0.35308674644785093,0.1859562410409742,0.45,-0.15236048387800907,0.3223109885555697,0.38386250434013214,3.305753728775074,3.9370513265654576,3.305753728775074,3.9370513265654576,-0.009569974756674426,-0.013264477018644083,0.5760037790874886,0.7009155451445727,0.0029141091160937212,1.279833433348155,34.98953390281626,FOLLOWING,WALKING,0.31583436186951414
29.5,P,1.6712293258727444,1.1875454939549825,1.5192100763877838,-0.2143958824515942,1.4155596161665114,0.5955596161665114,0.126112897390807,0.35193242619904813,0.1843858580846357,0.45,-0.1716009413183651,0.3214165666860409,0.38244828571205536,3.296580171138881,3.9225465201236447,3.296580171138881,3.9225465201236447,-0.009173557636192875,-0.014504806441812956,0.5764057507612841,0.7005880142644428,0.004169612288533756,1.2811633773142606,35.053592071681976,FOLLOWING,WALKING,0.31463568896569444
29.55,P,1.6620839398246297,1.2003119331435843,1.5230505076222856,-0.19757879890439234,1.4101593793237477,0.5901593793237477,0.12578734530133873,0.35076616401863325,0.18292856389185283,0.45,-0.15760977633648468,0.3204914866945316,0.3810408413427349,3.287092171225965,3.9081111932588195,3.287092171225965,3.9081111932588195,-0.009487999912916045,-0.014435326864825182,0.5751911525378206,0.6984221076775742,0.0038387625674933335,1.277452022782888,35.11746467282112,FOLLOWING,WALKING,0.3134812412001097
29.6,P,1.652874527879688,1.2129623056617833,1.5267260156617495,-0.18078375253083723,1.4047878110289798,0.5847878110289798,0.1255149532165296,0.3495882023750422,0.18158022618689904,0.45,-0.1465705260394366,0.3195366749411104,0.379639729808974,3.2772992301652346,3.8937408185535793,3.2772992301652346,3.8937408185535793,-0.009792941060730254,-0.014370374705240163,0.5739018076040109,0.6962510987211956,0.0035255731023623653,1.2736784794275688,35.181148596792504,FOLLOWING,WALKING,0.31237150313543127
29.65,P,1.6436013310406794,1.2254984391957249,1.5302374550437805,-0.16401144608813759,1.3994432899772207,0.5794432899772207,0.12530329421518904,0.34839877173636175,0.18033814828725964,0.45,-0.1378409029385002,0.3185528081948203,0.3782447352779032,3.2672082891776437,3.8794331823374684,3.2672082891776437,3.8794331823374684,-0.01009094098759089,-0.014307636216110975,0.5725397490692349,0.6940754600011423,0.0032255140096727236,1.26984072308005,35.244640632946506,FOLLOWING,WALKING,0.3113069405680835
29.7,P,1.626227075409266,1.2488371086168344,1.533585981035727,-0.1472719574064061,1.3941266404751804,0.5741266404751805,0.1251518764363191,0.34719810465586026,0.17919983677743673,0.45,-0.13090916210100695,0.3175405316691945,0.37685567764252603,3.256825965837892,3.8651864373592413,3.256825965837892,3.8651864373592413,-0.010382323339751753,-0.014246744978227088,0.57110621297893,0.6918948499033111,0.002937387409374816,1.265938450291616,35.30793755546109,FOLLOWING,WALKING,0.31028800033273196
29.75,P,1.604272852705429,1.277760513105817,1.536773436388477,-0.1305604475265561,1.3991793654135312,0.5791793654135312,0.13133800560826558,0.3460316889178187,0.1790104838568089,0.45,-0.07987715671004249,0.31640545383951685,0.3756579239961206,3.2451841419437626,3.8529017845755957,3.2451841419437626,3.8529017845755957,-0.011641823894129377,-0.012284652783645544,0.5670499057245598,0.6872888034844826,0.00048810467435453115,1.254826813883397,35.37067889615526,FOLLOWING,WALKING,0.3093151101147316
29.8,P,1.598592074498659,1.284558452865996,1.5398008162146322,-0.11387702411796632,1.4099376225066198,0.5899376225066199,0.14075094186867854,0.3449238993738188,0.18011081262339962,0.45,-0.014967851024243792,0.3151155598846461,0.37473223886299145,3.231954460355345,3.8434075780819636,3.231954460355345,3.8434075780819636,-0.013229681588417641,-0.009494206493632085,0.561433445836031,0.6817513605177314,0.0028538079595711863,1.2460386143133337,35.43298082687093,FOLLOWING,WALKING,0.30838867827061195
29.85,P,1.5888989453070421,1.296528897125543,1.5426684002263178,-0.09722071177725136,1.3996707453319088,0.5796707453319089,0.1376289724656592,0.34378249160632923,0.18067964264392367,0.45,-0.05684918336763781,0.3138800107487599,0.3736849724638986,3.2192821615257423,3.8326663842451136,3.2192821615257423,3.8326663842451136,-0.012672298829602635,-0.010741193836850016,0.5607284194455461,0.6816718946041205,0.0014799744696012353,1.243880288519268,35.495174841296894,FOLLOWING,WALKING,0.30750909365667506
29.9,P,1.5888642022275796,1.2959918627818525,1.545376346343566,-0.08059494444956586,1.3945161295643567,0.5745161295643567,0.1374534208178153,0.3426301140728409,0.18116789018993637,0.45,-0.06702267240398668,0.31264682824640644,0.37261339989927533,3.2066341358605785,3.821675896402824,3.2066341358605785,3.821675896402824,-0.012648025665163765,-0.010990487842289731,0.5588479592625115,0.680139566070767,0.001273748800342094,1.2402612741336205,35.55718790500357,FOLLOWING,WALKING,0.3066767254657792
29.95,P,1.5728435361694133,1.3157334198424122,1.5479240110513506,-0.06400741495964972,1.377273549972183,0.5572735499721831,0.12997144400590188,0.3414140713681064,0.18059724611173947,0.45,-0.12814503468067223,0.3115252271366135,0.3713029155995993,3.1951305347344974,3.8082350317907623,3.1951305347344974,3.8082350317907623,-0.011503601126081175,-0.01344086461206162,0.5598950894622519,0.6813408394742407,0.0014840171860655699,1.2427199461225582,35.6193239023097,FOLLOWING,WALKING,0.3058919230723751
30.0,P,1.560112561323225,1.3309841805604539,1.550312580745983,-0.04745414111642567,1.379965852458821,0.559965852458821,0.13446314941128068,0.3402222067379559,0.18069004667108843,0.45,-0.08810699610971787,0.31031800401389076,0.370126409462021,3.182748759116828,3.7961683021745745,3.182748759116828,3.7961683021745745,-0.012381775617669177,-0.012066729616187821,0.5562509573601104,0.6774305309776336,0.00024146117855807704,1.2339229495163022,35.681020049785516,FOLLOWING,WALKING,0.30515501588586147
30.05,P,1.5615491000675503,1.3286841593411458,1.5525453610179254,-0.030937277229217554,1.3784731576228415,0.5584731576228416,0.13637855749148198,0.3390359514075137,0.18103214726532965,0.45,-0.0752913142438895,0.30907513103510165,0.36899677177992574,3.1700013439497603,3.784582274665905,3.1700013439497603,3.784582274665905,-0.0127474151670679,-0.011586027508669439,0.5534945681530904,0.6747583823817705,0.0008918093542497566,1.2291447598891108,35.74247728777997,FOLLOWING,WALKING,0.30446631321231993
30.1,P,1.5572741761932427,1.3334799961122434,1.554621505674843,-0.014472547793403078,1.3596512487025976,0.5396512487025976,0.12781339082975607,0.3377794077259628,0.18018374030081374,0.45,-0.14154362435930595,0.30795899870617816,0.3675998167457475,3.1585538328838783,3.770254530725615,3.1585538328838783,3.770254530725615,-0.011447511065882043,-0.014327743940290016,0.554850421190163,0.6761430212695235,0.002201315618357767,1.2331947580780442,35.80413702568387,FOLLOWING,WALKING,0.30382610412468847
30.15,P,1.5473597329317677,1.3449719762029169,1.5565426196359105,0.0019487041414235503,1.3479551540324266,0.5279551540324267,0.1234613917245142,0.33648442099780673,0.17883265415354177,0.45,-0.16186684354901015,0.30688761673539555,0.3660812252602179,3.1475652998502106,3.7546792334381323,3.1475652998502106,3.7546792334381323,-0.010988533033667647,-0.015575297287482748,0.5546592067972651,0.675321016383325,0.0034793038325768634,1.233459527013167,35.86581000203453,FOLLOWING,WALKING,0.30323465734142685
30.2,P,1.5373792425328185,1.3563689853793723,1.5583101410605031,0.018322775174311422,1.3430546655691202,0.5230546655691203,0.12331590674599613,0.3351812544666859,0.17759703614889705,0.45,-0.14781828720677567,0.3057889449840434,0.3645735639493284,3.1362968716312145,3.739216040505932,3.1362968716312145,3.739216040505932,-0.011268428218996096,-0.015463192932200442,0.5528741679635251,0.6726849201151038,0.003159966174294438,1.2287190542529234,35.92724595474718,FOLLOWING,WALKING,0.3026922211137268
30.25,P,1.5273320839966877,1.3676726454324464,1.5599264850449956,0.03464666280372991,1.3382099099757492,0.5182099099757492,0.12323719904532426,0.3338702331373174,0.1764743544051261,0.45,-0.13661518863211736,0.30466372748326903,0.36307673879136576,3.12475617931558,3.7238639876037514,3.12475617931558,3.7238639876037514,-0.011540692315634704,-0.015352052902180446,0.5510182319851549,0.6700506348411945,0.002852993317455309,1.2239218601438047,35.98844204775437,FOLLOWING,WALKING,0.3021990231213111
30.3,P,1.5130619555560627,1.383583446954287,1.5613930367285422,0.050920441451965524,1.3334244130594555,0.5134244130594555,0.12321865910677587,0.3325516971291083,0.17546143794402821,0.45,-0.12761603356474355,0.30351282914937167,0.36159056510884496,3.1129520938397093,3.708621180603538,3.1129520938397093,3.708621180603538,-0.01180408547587053,-0.01524280700021352,0.549092563281197,0.6674170972732815,0.002559280014452284,1.2190689405689308,36.049395494782814,FOLLOWING,WALKING,0.3017552703768692
30.35,P,1.4947333895725317,1.4037116005466843,1.5627130583876483,0.06713955866067764,1.3335391181520626,0.5135391181520627,0.12624976924935205,0.33124729623979826,0.17495901299828792,0.45,-0.09903580377302858,0.3022915795885816,0.3602030128910149,3.1004264573187856,3.694389875805281,3.1004264573187856,3.694389875805281,-0.012525636520923644,-0.01423130479825696,0.5459451285931045,0.6637004238814231,0.0012658143256191181,1.2109113668001465,36.109941063122825,FOLLOWING,WALKING,0.3013611491391664
30.4,P,1.479542573933273,1.419966014969682,1.5638842700387392,0.08330769958124815,1.3382996893534507,0.5182996893534507,0.1320660360117598,0.3299772687294358,0.17529202656004672,0.45,-0.0563014136568551,0.30096643833374803,0.3589880991251235,3.0868352649615183,3.6819292217961386,3.0868352649615183,3.6819292217961386,-0.013591192357267357,-0.012460654009142313,0.5415932086879527,0.6591505412350405,0.0008405945584225684,1.2015843444814158,36.1700202803469,FOLLOWING,WALKING,0.301016824834864
30.45,P,1.4612245449663777,1.4392854173166894,1.564911447873175,0.09942023402966067,1.3393166070048534,0.5193166070048535,0.1354968907079721,0.3287247708360043,0.1760549041496183,0.45,-0.03944066498617485,0.2995876841992425,0.35786185747276616,3.0726941969153074,3.670378025361704,3.0726941969153074,3.670378025361704,-0.014141068046210847,-0.011551196434434363,0.5379848912994781,0.655793151289198,0.001934040109102771,1.195712082697779,36.229805884481785,FOLLOWING,WALKING,0.30072244198908465
30.5,P,1.4548582395741512,1.4454559907003064,1.5657920188749954,0.11548309103270496,1.3438711557359906,0.5238711557359906,0.1409098592287794,0.3275050947388248,0.1774722447305417,0.45,-0.010723704272213242,0.29813343823592015,0.3568767512417294,3.057778853701745,3.660274371710045,3.057778853701745,3.660274371710045,-0.014915343213562249,-0.010103653651658995,0.5334852103229012,0.6518333197118279,0.0036221560479959606,1.188940686082725,36.28925291878592,FOLLOWING,WALKING,0.3004781241647494
30.55,P,1.4474923881533435,1.4526483914501334,1.5665255690018367,0.13148967103402182,1.334591404603003,0.514591404603003,0.1380272161804461,0.32625734026768716,0.1783586944418478,0.45,-0.049195394317471296,0.29673897633756136,0.35577570419781296,3.0434766803852447,3.64898158151603,3.0434766803852447,3.64898158151603,-0.014302173316500522,-0.01129279019401519,0.5321035371370665,0.6512233051001641,0.0022767265900354066,1.1856035688272661,36.34853309722728,FOLLOWING,WALKING,0.30028397391071404
30.6,P,1.4406079217296315,1.4592841900066735,1.5671147923304924,0.14744014854696463,1.3265101818962592,0.5065101818962593,0.13574783407413893,0.3249870587991716,0.17884878259767178,0.45,-0.07392978747729946,0.2953875852792569,0.3545865323190863,3.02961625927443,3.6367849468624236,3.02961625927443,3.6367849468624236,-0.013860421110814869,-0.01219663465360643,0.5305262544373349,0.6500984494084409,0.0012621840484990728,1.1818868878942748,36.407627441622,FOLLOWING,WALKING,0.30014007271872617
30.65,P,1.436780636673861,1.4627586929452037,1.5675574477588,0.16332701040649017,1.3179297315951883,0.4979297315951884,0.13307593841147258,0.32369229711403125,0.1789291560234534,0.45,-0.09541921555700504,0.2940795217921497,0.3533050724359128,3.0162002235092276,3.6236417685734645,3.0162002235092276,3.6236417685734645,-0.013416035765202228,-0.013143178288959056,0.529121991276936,0.6488903481196788,0.00020708854908220746,1.178219427945697,36.466538413019286,FOLLOWING,WALKING,0.3000464809892197
30.7,P,1.433774864610507,1.465456037375729,1.567858360864114,0.1791495716651159,1.3059958927588318,0.4859958927588318,0.12829286914285287,0.3223585304278728,0.1783557777553932,0.45,-0.1269358790144321,0.29284064920935526,0.3518764116463904,3.0034938380446694,3.6089888373988757,3.0034938380446694,3.6089888373988757,-0.012706385464558156,-0.014652931174588879,0.5285486421784232,0.6482137497330858,0.0014726207080499843,1.178235012619559,36.52545016365026,FOLLOWING,WALKING,0.30000323800596285
30.75,P,1.4230136358877818,1.4759078399233765,1.5680210292809964,0.1949111105393929,1.2932759596066572,0.47327595960665725,0.12293822035964852,0.32098261889463814,0.17711685972840643,0.45,-0.15497769150082435,0.29166977860958687,0.3502954591796894,2.9914849088162754,3.5927739403045065,2.9914849088162754,3.5927739403045065,-0.012008929228394027,-0.016214897094369185,0.5282480308384885,0.6473877581519885,0.00315983909377164,1.1787956280842486,36.584389945054475,FOLLOWING,WALKING,0.3000103619195693
30.8,P,1.4121750475062724,1.4862817347564048,1.5680421292282163,0.21060184006723953,1.2891779414926232,0.46917794149262326,0.12293681394030465,0.31960305281197626,0.1760016436375069,0.45,-0.13891387907239228,0.29047478078996886,0.34873132483398367,2.9792285209227574,3.576731536758807,2.9792285209227574,3.576731536758807,-0.012256387893518017,-0.016042403545699635,0.526039819233903,0.6443630604547924,0.0028264300561340865,1.1732293097448294,36.643051410541716,FOLLOWING,WALKING,0.30006784973987993
30.85,P,1.401257817366707,1.496578861650312,1.5679295804697855,0.22622723398013184,1.2851668144169748,0.4651668144169748,0.12299686433489732,0.3182202545804739,0.17500605595896732,0.45,-0.12600178480931884,0.28925675231926484,0.347183756841683,2.966735921223229,3.560859044530082,2.966735921223229,3.560859044530082,-0.012492599699528206,-0.015872492228724777,0.5237659001215634,0.6413496014079828,0.0025089677709487666,1.167624469300495,36.70143263400674,FOLLOWING,WALKING,0.3001756773372176
30.9,P,1.390260618868531,1.5068003090964444,1.5676799958683145,0.24178328698589163,1.2812387500150644,0.4612387500150644,0.1231164167606511,0.3168346252994874,0.17412616662575847,0.45,-0.11556487551967423,0.2880167447229244,0.34565250587605045,2.954017894594096,3.5451539064210302,2.954017894594096,3.5451539064210302,-0.012718026629133128,-0.01570513810905183,0.5214297047004987,0.6383483340237992,0.002206249295710299,1.161984288020008,36.75953184840775,FOLLOWING,WALKING,0.3003337994525156
30.95,P,1.3736202894311613,1.5221431892916761,1.56729906624448,0.2572798667743218,1.277398020025255,0.4573980200252551,0.12329494593961265,0.3154465817146813,0.17335836766503032,0.45,-0.10703981486050673,0.2867557718661188,0.34413739156324386,2.9410848396525,3.5296142724435264,2.9410848396525,3.5296142724435264,-0.012933054941596023,-0.015539633977503797,0.5190328298916743,0.6353582299394213,0.001916702993185011,1.1563077628242806,36.81734723654896,FOLLOWING,WALKING,0.30054214971631393
31.0,P,1.341721683479774,1.5512313254330188,1.5667836173894238,0.27268263816951877,1.2796056788079457,0.4596056788079458,0.12721242858764836,0.31408288939275086,0.17319620875785982,0.45,-0.07377735694735635,0.28541891684332504,0.3427468619421767,2.927373506085385,3.515352430176171,2.927373506085385,3.515352430176171,-0.01371133356711507,-0.014261842267355274,0.5152254690418746,0.6311130315285094,0.0004044284343107726,1.1467429290046947,36.8746843829992,FOLLOWING,WALKING,0.30080064067661755
31.05,P,1.3354437094943252,1.5563712749371759,1.5661352087261178,0.2880253885709962,1.2982063086421862,0.4782063086421863,0.1408482487567162,0.3128154125297758,0.17489110146423056,0.45,0.024296432851719035,0.2838709352374456,0.341759889822106,2.911496771666109,3.5052296392010867,2.911496771666109,3.5052296392010867,-0.015876734419276062,-0.010122790975084506,0.5076471640509078,0.6236571589441507,0.0042684717928444665,1.135572794787903,36.9314630227386,FOLLOWING,WALKING,0.30110916383560266
31.1,P,1.3247315598179747,1.5654626580987625,1.5653549175897898,0.3033006142707992,1.2891547057199233,0.46915470571992335,0.13776056981523843,0.3115214029089333,0.1759996682428647,0.45,-0.02087583523361545,0.28239345781473923,0.3406493480031274,2.8963431570742486,3.4938394666987427,2.8963431570742486,3.4938394666987427,-0.015153614591860265,-0.011390172502343976,0.5059779385022345,0.6228831555709586,0.0028095463478111926,1.1316706404210044,36.98804655475965,FOLLOWING,WALKING,0.30146758969515713
31.15,P,1.3222577401012012,1.5671705019737394,1.5644476157222662,0.3184969873118467,1.2848940132109592,0.46489401321095924,0.1374253247263313,0.3102222282448422,0.17695212025663296,0.45,-0.03503019852166184,0.2809366523423694,0.33950780414731496,2.88140156248584,3.482131324587846,2.88140156248584,3.482131324587846,-0.014941594588408602,-0.01170814211089688,0.5033488169198257,0.6208405468488472,0.002426953007217462,1.1266163167758902,37.04437737059845,FOLLOWING,WALKING,0.30187576781123576
31.2,P,1.3096010271029581,1.577802151274599,1.5634061796924725,0.33361836802694245,1.271943977567971,0.4519439775679711,0.13177268166880696,0.30887966323250654,0.1770462202562586,0.45,-0.08430371167604322,0.27957851378009574,0.33818081268491734,2.86747193620611,3.468521155742742,2.86747193620611,3.468521155742742,-0.013929626279729934,-0.01361016884510402,0.5026774257040337,0.620551876753304,0.00023990470934163568,1.1234692071666792,37.100550830956784,FOLLOWING,WALKING,0.3023335268570066
31.25,P,1.2874843217685004,1.5963457163752823,1.5622390788633196,0.3486664229407995,1.2698072066173818,0.4498072066173818,0.13257056180653382,0.3075418616235566,0.17723862407451482,0.45,-0.07515868728990643,0.2782088693392244,0.33687485390788885,2.853424300915122,3.4551267067475777,2.853424300915122,3.4551267067475777,-0.014047635290987959,-0.013394448995164066,0.499755663570546,0.6176130328886279,0.0004910599874075766,1.1178597564465813,37.15644381877912,FOLLOWING,WALKING,0.30284067469476295
31.3,P,1.2911115648388247,1.5927979181801177,1.5609438896113832,0.3636310415657968,1.2775734013399789,0.4575734013399789,0.13921111128986485,0.30625243904733646,0.17830826169119512,0.45,-0.024452519306700275,0.2767424217374437,0.33576245635722923,2.83838381269173,3.443717501099787,2.83838381269173,3.443717501099787,-0.015040488223392323,-0.011409205647790799,0.4946561842950299,0.6126576293576403,0.0027464432266047583,1.1100602568792748,37.21194683162308,FOLLOWING,WALKING,0.3033969984565707
31.35,P,1.286405980548882,1.5964048721839066,1.5595221046241157,0.3785137707193383,1.2584358124505075,0.43843581245050756,0.12963571867166657,0.30489223918824016,0.1779782575427506,0.45,-0.10327835617289904,0.27543683756491494,0.33434764081156537,2.8249932057939993,3.4292065724263114,2.8249932057939993,3.4292065724263114,-0.013390606897730528,-0.014510928673475476,0.4953122016291187,0.6136820797313981,0.000845763311837314,1.109840044672354,37.2674388338567,FOLLOWING,WALKING,0.30400226463361624
31.4,P,1.2755702685843697,1.6050521018874904,1.5579705140537439,0.3933302432390659,1.2481390756868636,0.4281390756868636,0.12524227722017978,0.30350093424804253,0.1770881392131998,0.45,-0.125862759574894,0.274192847208258,0.3328090212878271,2.8122343303411075,3.413425859362329,2.8122343303411075,3.413425859362329,-0.012758875452891782,-0.015780713063982432,0.4942671250405256,0.6122428942380524,0.0022698633406998303,1.1087798826192778,37.32287782798767,FOLLOWING,WALKING,0.30465621917421826
31.45,P,1.263594929561544,1.6144967060530684,1.5563028323711126,0.4080468273753114,1.2441944226557016,0.4241944226557016,0.12475944085733603,0.3021069700827692,0.17622184980762018,0.45,-0.1155294258055298,0.2729422539396081,0.33127168622593034,2.799407732713929,3.3976583202659523,2.799407732713929,3.3976583202659523,-0.012826597627178415,-0.015767539096376737,0.49191709143414447,0.6092386949127575,0.0021982913498877375,1.1033540776967896,37.37804553187251,FOLLOWING,WALKING,0.3053585875904629
31.5,P,1.2515208909112405,1.6238741390522193,1.5545124131168953,0.42268096676182915,1.2414504525468384,0.42145045254683844,0.12499541952615978,0.30071570368388634,0.17547404646288972,0.45,-0.10218642060731106,0.27167474899427807,0.3297566583734946,2.7864076819925954,3.382119573061483,2.7864076819925954,3.382119573061483,-0.0130000507213337,-0.015538747204469239,0.48929442691420433,0.6059903127312902,0.0018895691355600213,1.0971743087810546,37.43290424731156,FOLLOWING,WALKING,0.3061090750734152
31.55,P,1.236563844002072,1.635356288535203,1.5526041196223872,0.43722863544953033,1.23881754091777,0.41881754091777,0.12528470923616553,0.299327602199307,0.17484007756348308,0.45,-0.09129021924160353,0.27039156936255054,0.32826363503606343,2.7732468652569287,3.366806513190394,2.7732468652569287,3.366806513190394,-0.013160816735666714,-0.015313059871088885,0.4866231910717472,0.602765840090006,0.0015961416702493282,1.0909851728320024,37.48745350595316,FOLLOWING,WALKING,0.3069073666168615
31.6,P,1.213554421547892,1.652814261562221,1.5505768475605046,0.45169285247663477,1.2391090867646588,0.41910908676465886,0.1273544846583019,0.29795560131343146,0.17454892523600551,0.45,-0.06992356928213987,0.26906775418687257,0.32684344843999036,2.7596692737115136,3.352240496820414,2.7596692737115136,3.352240496820414,-0.013577591545415046,-0.014566016369980339,0.4833011003855382,0.5989967935394979,0.0007318126921128366,1.0830297066171488,37.54160499128402,FOLLOWING,WALKING,0.3077531271495286
31.65,P,1.1955568980930413,1.6660804198814074,1.5484326184412907,0.4660708936171707,1.2475082184094703,0.4275082184094704,0.13427911245115376,0.2966353981200923,0.17522171289331073,0.45,-0.017584204802898844,0.2676362046362494,0.32563459160393526,2.744986714217942,3.3398419651685667,2.744986714217942,3.3398419651685667,-0.014682559493571556,-0.012398531651847122,0.4782005372404472,0.593749825929353,0.0016975728824615483,1.0736479360522617,37.59528738808663,FOLLOWING,WALKING,0.3086460016757247
31.7,P,1.1742185291762257,1.6815584326401005,1.546173095177664,0.4803672243428042,1.2508173876054864,0.4308173876054865,0.13796190457355872,0.295343873195535,0.1763243987214101,0.45,0.0008446647162095033,0.26616218520714163,0.3245255611839284,2.7298685662270934,3.3284672941941373,2.7298685662270934,3.3284672941941373,-0.015118147990848652,-0.011374670974429346,0.4740597444912403,0.5899648732312425,0.002799797984902611,1.0668244157073854,37.648628608872,FOLLOWING,WALKING,0.3095856154243441
31.75,P,1.1631296999666527,1.6891723330066888,1.5437959645274002,0.4945809790098579,1.2574619350342329,0.4374619350342329,0.14343679314221736,0.2940954094475066,0.17805592592346844,0.45,0.02989484716512728,0.2646271537071726,0.32356366518784063,2.7141246534068983,3.3186016942342627,2.7141246534068983,3.3186016942342627,-0.01574391282019505,-0.009865599959874682,0.4691891233397391,0.5857208230102486,0.0044396449808280225,1.0593495913308157,37.70159608843854,FOLLOWING,WALKING,0.31057157400617186
31.8,P,1.1552298684456037,1.694377510361553,1.5413021247804346,0.5087105234021327,1.2537764186722506,0.4337764186722507,0.14272101352616562,0.2928440311144481,0.17951767015715397,0.45,0.00710170879607773,0.26313385670343914,0.3225542055254571,2.6988087867019397,3.30824826179956,2.6988087867019397,3.30824826179956,-0.015315866704958658,-0.010353432434702547,0.466420013738404,0.5838430888710276,0.0037786884364350297,1.0540417910458668,37.75429817799083,FOLLOWING,WALKING,0.3116034635794227
31.85,P,1.145627328244965,1.7007588434442518,1.5386924690907917,0.5227524735146499,1.2469394496433648,0.42693944964336483,0.14004742332060816,0.29157589541576806,0.1804723052897207,0.45,-0.024543330866156746,0.2617077288903193,0.32144406194121683,2.6841818347725055,3.29686217375607,2.6841818347725055,3.29686217375607,-0.014626951929434195,-0.011386088043490172,0.46438016392752146,0.5824972117367673,0.002480906924422143,1.0493582825887109,37.80676609212027,FOLLOWING,WALKING,0.31268085102344545
31.9,P,1.1402965672450407,1.7040855972143782,1.5359680484486027,0.5367093825724698,1.2418531364629506,0.42185313646295064,0.1382812783645717,0.2902989179900445,0.1810930473399658,0.45,-0.04152357606942439,0.26032801865528016,0.3202698173248088,2.670030960566976,3.284818639228808,2.670030960566976,3.284818639228808,-0.014150874205529629,-0.012043534527261812,0.4620850636122217,0.5805992041431066,0.0016187338006696157,1.044303001555998,37.85898124219807,FOLLOWING,WALKING,0.31380328412051867
31.95,P,1.1367373097764655,1.7062227810819384,1.5331310538231946,0.5505745636410133,1.2326082701124035,0.41260827011240353,0.13395736132108116,0.2889948022363389,0.18106798638431518,0.45,-0.07306580127655773,0.2590280504897347,0.31896155398294307,2.656697953740869,3.271400553671211,2.656697953740869,3.271400553671211,-0.013333006826107052,-0.01341808555759716,0.4607249574038195,0.5793924049884506,6.534340958199035e-05,1.0401827058018522,37.91099037748816,FOLLOWING,WALKING,0.3149702917456627
32.0,P,1.1249625612246275,1.7139810371508717,1.5301831230686924,0.5643482224342498,1.2217408902028986,0.4017408902028986,0.1285408149461631,0.28765658996715016,0.18031419776361568,0.45,-0.10480779659753603,0.25781459023727177,0.31749858969702854,2.644252207561762,3.2563957917643953,2.644252207561762,3.2563957917643953,-0.012445746179106987,-0.015004761906815656,0.4598196016475292,0.5782279907417068,0.0019572305821166916,1.0400048229713528,37.96299061863673,FOLLOWING,WALKING,0.31618138406438806
32.05,P,1.1116852573670637,1.7226223174052335,1.5271244180201737,0.5780316514080244,1.2189582898583866,0.39895828985838666,0.127968875560162,0.28632048331295334,0.17955857618787596,0.45,-0.09399352286193047,0.2566035389538599,0.3160374276720468,2.6318311687575373,3.241409514585095,2.6318311687575373,3.241409514585095,-0.012421038804224516,-0.014986277179300345,0.457374366161771,0.5751656647528189,0.0019537680135839194,1.034493798928174,38.01471530858314,FOLLOWING,WALKING,0.3174360527382952
32.1,P,1.0982876920750007,1.7311949356748997,1.5239604948208259,0.5916236332265986,1.2176524499593862,0.3976524499593862,0.12827752488887234,0.28499301773046626,0.17892018442908617,0.45,-0.07906064338790812,0.2553817272074525,0.31460430825348,2.619299766230282,3.2267108538818463,2.619299766230282,3.2267108538818463,-0.012531402527255153,-0.014698660703248656,0.45463553047124056,0.5718243637281571,0.0016447848655778733,1.0281046790649755,38.06612054253639,FOLLOWING,WALKING,0.31873377113844314
32.15,P,1.0847680560328634,1.7396982567331998,1.5206909006248135,0.6051210695985247,1.216478560584281,0.396478560584281,0.12864296118025598,0.28367468970788473,0.17839496574551214,0.45,-0.06683241509303155,0.25415032287700245,0.313199056538767,2.606669978225666,3.2122980157822254,2.606669978225666,3.2122980157822254,-0.012629788004616227,-0.014412838099620906,0.45186264855859226,0.5685201807328584,0.0013492277145373886,1.0217320570059882,38.117207145386686,FOLLOWING,WALKING,0.32007399456639374
32.2,P,1.0697144328560066,1.7490220800475762,1.5173170646528322,0.618524204754972,1.2154398874496297,0.39543988744962977,0.129056227892139,0.2823660072617541,0.17797805993639973,0.45,-0.05669944556503025,0.25291063834227995,0.31182137618122824,2.593955265049025,3.19816796083311,2.593955265049025,3.19816796083311,-0.012714713176640746,-0.014130054949115234,0.4490581697999573,0.5652519981084706,0.0010684812539814646,1.0153786491624093,38.167976077844806,FOLLOWING,WALKING,0.32145616048284176
32.25,P,1.0303640819630726,1.7732443994176437,1.5138404692974048,0.6318334532256602,1.2158838604211084,0.39588386042110846,0.13032312618868613,0.2810734547529261,0.1777738759782324,0.45,-0.04227208646621725,0.25165187827852864,0.3104950312273236,2.5810449054208067,3.1845644228443444,2.5810449054208067,3.1845644228443444,-0.012910359628218515,-0.01360353798876579,0.4459534754050661,0.5617613838103298,0.0005226994606461667,1.0082375586760421,38.2183879557786,FOLLOWING,WALKING,0.3228796887437314
32.3,P,1.017697130447651,1.7804918119071576,1.5102599187025478,0.6450570210626687,1.239583948426542,0.4195839484265421,0.14509446979211882,0.27989975555432833,0.1795842418023451,0.45,0.07130815978026457,0.25017856353604023,0.30962094757261643,2.565933984985028,3.1755994622832455,2.565933984985028,3.1755994622832455,-0.015110920435778663,-0.008964960561098856,0.43820376486448387,0.5539372248465738,0.004681629704277734,0.9968226194153355,38.268229086749365,FOLLOWING,WALKING,0.3243439818437642
32.35,P,1.0055995581929311,1.7872762987410729,1.506574258540827,0.6581887777224068,1.2376713071868097,0.4176713071868098,0.1447504836719693,0.27873031935388803,0.18116713291782638,0.45,0.047204743173783606,0.24874715885598778,0.3087134798517883,2.551252911343464,3.166292101043983,2.551252911343464,3.166292101043983,-0.014681073641563902,-0.00930736123926268,0.4352968697374895,0.5519197244262335,0.004129456969625145,0.9913460511333482,38.31779638930603,FOLLOWING,WALKING,0.32584842516719276
32.4,P,0.998606648431682,1.7909508600748507,1.5027864306336085,0.671230573509528,1.2352385520654467,0.4152385520654468,0.14396985992988953,0.27756284060119957,0.18248635071657876,0.45,0.026115577141553478,0.24736134955760578,0.30776433164479333,2.5370394826421103,3.1565572476389057,2.5370394826421103,3.1565572476389057,-0.01421342870135378,-0.009734853405077182,0.43257551017396056,0.5499390587235036,0.0034666450832835896,0.9859812139807477,38.36709545000507,FOLLOWING,WALKING,0.32739238724579706
32.45,P,0.9905313071339783,1.7952537567905236,1.498896339566758,0.6841800164684559,1.2279946143721927,0.40799461437219275,0.1403145670631163,0.2763760594278173,0.18318018219844154,0.45,-0.011503175679907895,0.2460597392739752,0.30669237958165935,2.5236896335792327,3.1455628675041982,2.5236896335792327,3.1455628675041982,-0.013349849062877617,-0.010994380134707438,0.4308808370895012,0.5487928883825625,0.0018301849525820958,0.9815039104246458,38.41617064552629,FOLLOWING,WALKING,0.3289752200239338
32.5,P,0.9561584673628584,1.8144409071143959,1.4949042034361502,0.6970375456735609,1.2218509985401864,0.40185099854018647,0.13718041525909985,0.27517503303773033,0.18338152003857586,0.45,-0.03600438669115736,0.24482539147134602,0.30552467460411464,2.5110296561163694,3.1335864061960477,2.5110296561163694,3.1335864061960477,-0.012659977462863292,-0.011976461308150554,0.42910405742313784,0.5471963545450188,0.0005316716039776894,0.9768320835721344,38.4650122497049,FOLLOWING,WALKING,0.3305962591305489
32.55,P,0.9596716319665585,1.8119837702140118,1.4908097532240023,0.709803175224092,1.2404987868984114,0.42049878689841147,0.14815702076605408,0.2740695293739017,0.18504456583813547,0.45,0.05396684715709195,0.2434446537276903,0.30469440502011313,2.496868243360926,3.125070820719109,2.496868243360926,3.125070820719109,-0.014161412755443248,-0.008515585476938536,0.42263489921184366,0.5407473017163608,0.0044314212664578415,0.9678136221946623,38.51340293081463,FOLLOWING,WALKING,0.33225482415803664
32.6,P,0.954511143320201,1.814488150802569,1.486616839263302,0.7224733295382426,1.22348263895538,0.40348263895537995,0.13870933909644556,0.27290095027154027,0.18526587003234207,0.45,-0.032776910166811224,0.24223944878118764,0.3035624517618929,2.48450716698654,3.113461043711722,2.48450716698654,3.113461043711722,-0.012361076374386215,-0.0116097770073873,0.42287941647669713,0.5416808321603579,0.0005904016427735224,0.9651506502798286,38.561660463328614,FOLLOWING,WALKING,0.3339502189478318
32.65,P,0.9424691403148285,1.820720648376373,1.482327122055597,0.7350474834153307,1.2147562889386705,0.39475628893867054,0.1337977569747688,0.27170651375661625,0.18480198022070168,0.45,-0.06396193000363631,0.24112178603009013,0.3022912414831424,2.473043959282976,3.100422989570691,2.473043959282976,3.100422989570691,-0.011463207703564127,-0.013038054141030653,0.4217869488427807,0.5404596443618678,0.0012344796834531414,0.9634810728881016,38.60983451697302,FOLLOWING,WALKING,0.3356817318826114
32.7,P,0.9274915574795082,1.8283957915818136,1.4779359862614947,0.7475267773162919,1.212490355246483,0.392490355246483,0.1325951685473541,0.270515130591831,0.18422212995252435,0.45,-0.059860413648462014,0.24002636808468825,0.3010038930989738,2.4618089034326998,3.0872194163997313,2.4618089034326998,3.0872194163997313,-0.011235055850276066,-0.013203573170959881,0.419583890497395,0.5377618028660732,0.0015382260209833496,0.9588839193844515,38.65777871294224,FOLLOWING,WALKING,0.33744863618498616
32.75,P,0.9123715759544299,1.835987436574739,1.4734486531365316,0.7599168060501034,1.2129579115436975,0.3929579115436975,0.13295042269846946,0.26933890841012936,0.18374822402156532,0.45,-0.04463387493805641,0.2389285773345603,0.2997492394856984,2.4505495111236955,3.0743511742122913,2.4505495111236955,3.0743511742122913,-0.011259392309004301,-0.012868242187439982,0.41690162597024794,0.5345330773654254,0.0012539429736049877,0.9526886463092784,38.7054131452577,FOLLOWING,WALKING,0.33925019022255454
32.8,P,0.8964052392248737,1.8438475324124641,1.4688725340706679,0.7722038472115377,1.2135631373838351,0.3935631373838352,0.13335987267118932,0.2681782973005091,0.18337698443001937,0.45,-0.03215142875507811,0.23782940637734093,0.29852718822367735,2.439275962844522,3.0618173151146393,2.439275962844522,3.0618173151146393,-0.011273548279173262,-0.012533859097652034,0.4142061017196743,0.5313546203840215,0.000980305873901736,0.9465410279775975,38.752740196656575,FOLLOWING,WALKING,0.3410856378191926
32.85,P,0.8685337436161392,1.8574046082598192,1.4642026526493432,0.7843954709168987,1.2149646051219285,0.39496460512192855,0.1341806394234255,0.2670366704543461,0.1831536723091799,0.45,-0.01891165638134982,0.23672473768717683,0.29734860322151535,2.427946027560788,3.0497292638104136,2.427946027560788,3.0497292638104136,-0.011329935283734383,-0.012088051304225633,0.4113756313281456,0.5281042254429901,0.0005889662640418254,0.9400688230351775,38.799743637808334,FOLLOWING,WALKING,0.34295420857244713
32.9,P,0.8457723741602582,1.8680763410082644,1.4594443565605395,0.7964904172686837,1.2272612020308498,0.4072612020308498,0.1411691228742924,0.2659620965376555,0.18389613666629134,0.45,0.03935393442180378,0.2355272859193843,0.2963969071559267,2.415664470968044,3.039968278522325,2.415664470968044,3.039968278522325,-0.012281556592743659,-0.009760985288088442,0.40651090319437694,0.5229566764187228,0.001966123107147241,0.9314337027202471,38.84631532294434,FOLLOWING,WALKING,0.34485511817690145
32.95,P,0.8209553045834953,1.8794092128664375,1.4545886733405562,0.8084985737402619,1.234864241096932,0.414864241096932,0.14527298203547834,0.26493299685330407,0.1851183755744517,0.45,0.06414944073977041,0.2342959056957323,0.2955700880108758,2.403034930212639,3.0314880821628285,2.403034930212639,3.0314880821628285,-0.012629540755405344,-0.008480196359496706,0.40244551325735156,0.5191258720744945,0.003258127889892741,0.9248295132217388,38.892556798605426,FOLLOWING,WALKING,0.34678756875337624
33.0,P,0.8031198544949185,1.8871665027451328,1.4496454383153892,0.8204104248996076,1.2443234479009289,0.4243234479009289,0.1502116547891601,0.26395703327798276,0.18688511141354305,0.45,0.09165707371460974,0.23302754733904138,0.2948865192169241,2.3900261265542704,3.0244771201735805,2.3900261265542704,3.0244771201735805,-0.013008803658368429,-0.007010961989247999,0.39803727129947775,0.5152126507719034,0.0047545433874274165,0.9180044654588085,38.938457021878364,FOLLOWING,WALKING,0.3487507491838273
33.05,P,0.7938052082464625,1.8908713704570774,1.4446066205762533,0.8322303440335712,1.2473828041763155,0.4273828041763156,0.15145065855724438,0.26300541276914763,0.18864243917741663,0.45,0.08495368510909772,0.23178508908528517,0.2942257364530101,2.3772829649772835,3.0176998610565136,2.3772829649772835,3.0176998610565136,-0.01274316157698685,-0.006777259117066947,0.3948022588214246,0.5127536611736473,0.0047736949796830935,0.912329614974755,38.9840735026271,FOLLOWING,WALKING,0.35074383545180104
33.1,P,0.780035461159631,1.8965165632091954,1.4394755023794419,0.8439590097452321,1.2426839103800553,0.42268391038005537,0.14834027874448386,0.2620437067441002,0.18980413289018022,0.45,0.04558874168155014,0.23063112275077538,0.293456290737425,2.3654474128284653,3.009808110127436,2.3654474128284653,3.009808110127436,-0.011835552148818262,-0.007891750929077457,0.3930525117798525,0.5117585588680218,0.003175117456825148,0.9079861881046994,39.02947281203233,FOLLOWING,WALKING,0.35276599098830336
33.15,P,0.7721459563697802,1.8995101841596438,1.434251816198673,0.8555959072462773,1.2420702763201565,0.4220702763201566,0.1473337242615358,0.26109006474116764,0.19071377237646947,0.45,0.03285922864805431,0.22952693541286195,0.2926531940694733,2.3541224144908917,3.001571221225367,2.3541224144908917,3.001571221225367,-0.01132499833757361,-0.008236888902068973,0.3907053404907854,0.5098203028697049,0.002498123202232698,0.9030237665627231,39.074624000360465,FOLLOWING,WALKING,0.35481636702293684
33.2,P,0.7659959840680324,1.9017775787573672,1.4289326572731276,0.8671432761556046,1.2361800787762736,0.4161800787762736,0.14333183805582683,0.26012110925937276,0.19099219327635913,0.45,-0.0002866708476042257,0.22851190127213533,0.2917303172466102,2.3437118079193366,2.992105817913951,2.3437118079193366,2.992105817913951,-0.010410606571555014,-0.00946540331141632,0.38940851881232047,0.508779786365631,0.0007657375438642695,0.8989540427218158,39.11957170249655,FOLLOWING,WALKING,0.3568941029401604
33.25,P,0.7530319938221826,1.9068860941729162,1.4235283896669872,0.8785880090133219,1.2288015188794628,0.4088015188794628,0.13838359922365617,0.25913038494757606,0.19057475984391684,0.45,-0.03268926680710065,0.22759026219340783,0.2906705077017443,2.3342590994195676,2.9812359764281466,2.3342590994195676,2.9812359764281466,-0.009452708499769091,-0.010869841485804166,0.38852302930083843,0.5077810843512388,0.0011455527763946528,0.8974496664284719,39.16444418581797,FOLLOWING,WALKING,0.35899832664051956
33.3,P,0.7362569372854374,1.913425588354279,1.4180393081924776,0.8899341406277952,1.2275839559002721,0.4075839559002722,0.13681371795931785,0.2581453927164475,0.1899871357840331,0.45,-0.030854905217977555,0.22670252174419,0.28958826368870494,2.3251540691711794,2.970136037832871,2.3251540691711794,2.970136037832871,-0.009105030248388157,-0.011099938595275471,0.3866661158588899,0.5054187790068899,0.001607630573593502,0.8936925254393733,39.209128812089936,FOLLOWING,WALKING,0.3611281549066981
33.35,P,0.7193247868087895,1.919855101551245,1.4124613589801402,0.9011875628738497,1.229781258943589,0.4097812589435891,0.13712146497518152,0.25718121252855064,0.18949981997727933,0.45,-0.014398692679427632,0.2258189923223109,0.2885434327347904,2.3160922289467782,2.959419822920927,2.3160922289467782,2.959419822920927,-0.009061840224401152,-0.010716214911944189,0.3842577712730835,0.5024140970549472,0.001329786110187734,0.8880016544382185,39.25352889481184,FOLLOWING,WALKING,0.36328269377423533
33.4,P,0.7022347163989835,1.9261718934077223,1.4067971848522238,0.9123451045241252,1.2321208796366176,0.4121208796366177,0.1374851041700902,0.25623825114593557,0.1891103270425136,0.45,-0.0009366492406270351,0.22494049202039956,0.2875360102714716,2.3070819694399956,2.949087284835606,2.3070819694399956,2.949087284835606,-0.009010259506782692,-0.010332538085321197,0.3818506346755277,0.4994704426380763,0.0010606627623499126,0.8823817400759539,39.297647981815636,FOLLOWING,WALKING,0.36546103890675463
33.45,P,0.6849859740395722,1.9323731459629918,1.4010496364773608,0.9234079836088694,1.2346064270896004,0.4146064270896005,0.13788330624210543,0.25531693252275556,0.1888135406809465,0.45,0.01020582238543583,0.22406829154005892,0.2865655735054522,2.2981363234877836,2.939134087235407,2.2981363234877836,2.939134087235407,-0.008945645952211922,-0.009953197600198749,0.3794465093509855,0.4965858609435478,0.0008069368860475699,0.8768393071805809,39.341489947174665,FOLLOWING,WALKING,0.3676622759755461
33.5,P,0.6432785545977405,1.9471943979509634,1.3952191119907624,0.9343757374215358,1.2372379995409533,0.4172379995409533,0.138313443196453,0.25441767674013605,0.18860450144437302,0.45,0.01953946024659299,0.2232036317510923,0.2856317217291798,2.289268017959921,2.9295561202992797,2.289268017959921,2.9295561202992797,-0.008868305527862663,-0.009577966936127336,0.3770479036312406,0.49375944107439973,0.0005677306703460756,0.8713750753759865,39.38505870094346,FOLLOWING,WALKING,0.36988548104334196
33.55,P,0.6202315347929273,1.9548228160911916,1.3893035632951256,0.9452516458777959,1.2614342000156618,0.4414342000156618,0.1503034713459015,0.25363551516319843,0.19003501993163233,0.45,0.12170406108106598,0.22218471936451328,0.2850863109618836,2.2788176345078286,2.9239621637116264,2.2788176345078286,2.9239621637116264,-0.010450383452092371,-0.00559395658765327,0.37089108380586544,0.48721045091551224,0.0039146199730402545,0.8620161546944178,39.42815950867818,FOLLOWING,WALKING,0.372129720952126
33.6,P,0.6059734429190566,1.9591792225205513,1.3833031571637704,0.9560371769475289,1.269135821238425,0.449135821238425,0.15315842185803064,0.2528962422811775,0.19170790488930314,0.45,0.12881630102339142,0.22116858402199785,0.2846239005403572,2.268395733558952,2.919219492721612,2.268395733558952,2.919219492721612,-0.010421900948876406,-0.004742670990014464,0.3674878823811697,0.4843229460919601,0.004618155893125264,0.8564289843662551,39.47098095789649,FOLLOWING,WALKING,0.3743940537148134
33.65,P,0.5925480088458879,1.9631518389242784,1.3772149288192248,0.9667324046216093,1.2690687326714012,0.44906873267140124,0.15181532844597267,0.25216521834170424,0.19303218374057907,0.45,0.10018152510334077,0.22021839193263842,0.28411204475077007,2.2586501736680864,2.9139696897514877,2.2586501736680864,2.9139696897514877,-0.009745559890865785,-0.005249802970124229,0.36547726355624655,0.4829734752917323,0.0036810495150231093,0.852131788363002,39.513587547314636,FOLLOWING,WALKING,0.3766775289106359
33.7,P,0.5896303326139175,1.9636824644028363,1.3710448507420492,0.9773339928140578,1.2682877687482814,0.44828776874828147,0.14998199169323945,0.25143923990230804,0.19397653424510844,0.45,0.07470534831887862,0.2193361234847426,0.2835423563198735,2.2496012665101803,2.908126731485882,2.2496012665101803,2.908126731485882,-0.009048907157906072,-0.00584295826560588,0.36370830197240633,0.4816670355278523,0.0026378184669298243,0.8480131559671884,39.555988205112996,FOLLOWING,WALKING,0.378979188084067
33.75,P,0.5470637254786235,1.9765769609268673,1.364792311187922,0.9878297572158485,1.2583687681069249,0.43836876810692493,0.14319650772372228,0.2506779431701097,0.19391040936330012,0.45,0.014626568866754099,0.21858577042048355,0.2827701159197359,2.241905337645985,2.9002063171254964,2.241905337645985,2.9002063171254964,-0.007695928864195345,-0.007920414360385486,0.3636343402462895,0.48186521663915105,0.00018464116176795164,0.8456841980472085,39.59827241501535,FOLLOWING,WALKING,0.38129806514712034
33.8,P,0.5422921718798596,1.9775074460237294,1.3584486715836797,0.9982529378681214,1.2830826445449601,0.4630826445449602,0.15450771401953656,0.2500344413202805,0.19537790981960745,0.45,0.12014978004342945,0.21769939724513548,0.28236948539542556,2.2328143307193384,2.8960972861069285,2.2328143307193384,2.8960972861069285,-0.00909100692664655,-0.004109031018567855,0.35780675935358597,0.4756229287180733,0.004128727274102358,0.8375584153457617,39.640150335782636,FOLLOWING,WALKING,0.3836331867848502
33.85,P,0.536404035444584,1.9788496863786633,1.3520163737983342,1.008580754049975,1.2747748129579095,0.45477481295790956,0.14853197686122055,0.2493619881555865,0.19589193571391145,0.45,0.05716236945085018,0.21694187279493415,0.28178210351623884,2.2250448491788117,2.8900728565768086,2.2250448491788117,2.8900728565768086,-0.0077694815405267015,-0.006024429530119946,0.35749430546912647,0.47587514071916803,0.0014499867951689675,0.8348194329834635,39.681891307431805,FOLLOWING,WALKING,0.38598357286388674
33.9,P,0.522523033063722,1.9824836543557527,1.3455030425433097,1.018810941626983,1.2675351227942857,0.44753512279428576,0.14292143768762955,0.24866553739485084,0.1955971362303503,0.45,0.012732011451716596,0.21629421134872787,0.28103686344097384,2.21840216767926,2.8824293686253726,2.21840216767926,2.8824293686253726,-0.006642681499551717,-0.00764348795143599,0.3571950591796338,0.47559717886885733,0.0008303318603532003,0.8336225699088443,39.723572435927245,FOLLOWING,WALKING,0.3883482368438329
33.95,P,0.5036643908900953,1.9873585336368373,1.3389095217572522,1.028951011785103,1.267265241873637,0.44726524187363703,0.14093500587054342,0.2479760940733247,0.19506364839983867,0.45,0.008743492881484492,0.21569306026315138,0.280259127883498,2.212236515519501,2.8744525936769025,2.212236515519501,2.8744525936769025,-0.006165652159758839,-0.007976774948470045,0.3558710698551651,0.4738194046793177,0.0014985227893898794,0.8311889973238727,39.76513188579344,FOLLOWING,WALKING,0.3907261861913502
34.0,P,0.4846444448678168,1.9920822076231233,1.3322361007143715,1.0390020543857825,1.2712904493384967,0.4512904493384967,0.14118360942449826,0.24731257383171582,0.1946170708321621,0.45,0.02453083729294151,0.215103448608993,0.27952169905443863,2.206189216502492,2.8668892210711654,2.206189216502492,2.8668892210711654,-0.006047299017009067,-0.00756337260573714,0.353898159418333,0.4712469718846814,0.0012515273009362337,0.8263966586039507,39.80645171872363,FOLLOWING,WALKING,0.39311642279675985
34.05,P,0.4654635350347096,1.9966510605067784,1.3254872847271408,1.048957519726009,1.27545027090656,0.4554502709065601,0.14148612277926853,0.2466752898017786,0.19425599032414714,0.45,0.0374372679879743,0.21452592340313226,0.27882465620042496,2.2002658810577667,2.859740063594102,2.2002658810577667,2.859740063594102,-0.005923335444725453,-0.007149157477063461,0.3519411133722054,0.46874213065917614,0.001010045544065195,0.8216932895754467,39.847536383202396,FOLLOWING,WALKING,0.39551794339298585
34.1,P,0.4345094006584173,2.0038160852094427,1.3186540635095405,1.0588248272884107,1.2797514982498053,0.4597514982498053,0.14179659420182977,0.24606459590488627,0.19397293150897946,0.45,0.048126469340900035,0.21396207574015016,0.27816711606962236,2.194482828104104,2.852996062252537,2.194482828104104,2.852996062252537,-0.0057830529536624375,-0.0067440013415649425,0.35000121541372675,0.4663008501013206,0.0007906427736125409,0.8170927082886599,39.88839101861683,FOLLOWING,WALKING,0.39792973997666053
34.15,P,0.40590016200726287,2.010012141358259,1.3117471864452752,1.06859309702573,1.294109833976738,0.4741098339767381,0.1472641230412428,0.24552456451402985,0.19445629496864927,0.45,0.10071532328440991,0.21334204769671838,0.2777070813313413,2.1881235661201885,2.848277757244526,2.1881235661201885,2.848277757244526,-0.006359261983915676,-0.004718305008010848,0.34641605667212977,0.46221117028639974,0.0013535001718650147,0.8099807271303945,39.928890054973344,FOLLOWING,WALKING,0.40035080023121994
34.2,P,0.37732713449362176,2.01581248422296,1.3047590759172796,1.0782793552658658,1.3064565238518935,0.48645652385189353,0.15150874544368165,0.24504547799430962,0.1954643461066813,0.45,0.13288338761252666,0.21269612871365384,0.2773948272749654,2.1814987560374752,2.8450751515381065,2.1814987560374752,2.8450751515381065,-0.006624810082713317,-0.0032026057064196145,0.343141676065134,0.4588473340862972,0.0028373480141405736,0.8048263581655718,39.96913137288162,FOLLOWING,WALKING,0.40278010795180885
34.25,P,0.35140449508274724,2.0206794698383566,1.2976880506866446,1.087875611353172,1.3187487910382836,0.4987487910382836,0.15552637104432376,0.2446263855283852,0.1969139715869968,0.45,0.15773501795789027,0.21203712323073723,0.27721564782603314,2.174739725443459,2.84323741360034,2.174739725443459,2.84323741360034,-0.006759030594016391,-0.001837737937766537,0.3398913513025421,0.45577543415466887,0.004110501753254125,0.7997772872104651,40.00912023724214,FOLLOWING,WALKING,0.4052166434718182
34.3,P,0.3400380070726005,2.0223614592222003,1.2905273501612102,1.0973931566548731,1.3287496400794254,0.5087496400794255,0.1582383932797473,0.24425655339323055,0.19858475752106292,0.45,0.16703704978818104,0.21139077602349463,0.27712233076296644,2.1681105233178934,2.8422803155176046,2.1681105233178934,2.8422803155176046,-0.006629202125565392,-0.0009570980827353637,0.3370508577188706,0.45335325006206884,0.004777813722040416,0.7951819215029798,40.04887933331729,FOLLOWING,WALKING,0.40765938409087477
34.35,P,0.3221292672807506,2.0252291657537174,1.2832883670805675,1.1068212533865167,1.3262715981575188,0.5062715981575189,0.15473450042951375,0.2438807611502788,0.19961543932694092,0.45,0.1193855143783916,0.21084440594167006,0.2769171163588875,2.162506727606872,2.840175552398846,2.162506727606872,2.840175552398846,-0.00560379571102132,-0.0021047631187585125,0.336314339616746,0.45325399111736736,0.0029626560214075478,0.7925309867555209,40.08850588265506,FOLLOWING,WALKING,0.410107304504106
34.4,P,0.3099576338568262,2.026927520875722,1.275957223885094,1.1161689960690233,1.3293983257950472,0.5093983257950473,0.15387729363657732,0.24352368557394716,0.20042733003518473,0.45,0.10687830282027125,0.21035296245312407,0.27669440869477024,2.1574662815705032,2.837891371228413,2.1574662815705032,2.837891371228413,-0.005040446036368884,-0.002284181170433275,0.33481557634572395,0.4519960713316856,0.0023432412518451435,0.7891548889292548,40.12796362710152,FOLLOWING,WALKING,0.4125593772324952
34.45,P,0.3001307020740696,2.02819617799979,1.268547029350388,1.125425926799446,1.3276431367061161,0.5076431367061162,0.15054513282514526,0.24316370960437736,0.20070818996306086,0.45,0.07564224420851416,0.2099465041654908,0.27638091504326395,2.153297478620418,2.834676051725784,2.153297478620418,2.834676051725784,-0.004168802950085038,-0.003215319502628766,0.33421523592542185,0.45156154146737887,0.0008117407837033541,0.7865885181765041,40.16729305301035,FOLLOWING,WALKING,0.4150145730541522
34.5,P,0.28570282312680817,2.030183650985108,1.261056728055308,1.1345897264777416,1.3239427137862445,0.5039427137862446,0.1461432615175009,0.24279230551600123,0.20036671127161743,0.45,0.042719089635205064,0.20963161480054854,0.2759529962314539,2.15006784410819,2.830287140835425,2.15006784410819,2.830287140835425,-0.003229634512228241,-0.004388910890359199,0.33406758752669624,0.45130820823650747,0.0009852618581835935,0.7863610576213873,40.20661110589141,FOLLOWING,WALKING,0.4174718614363135
34.55,P,0.2649556050931298,2.0329953977320225,1.253487534631977,1.1436635852167,1.3241615148741408,0.5041615148741408,0.1436582206806558,0.24242682274348212,0.19972389993634426,0.45,0.03428361470220369,0.20937251730401715,0.2754811281829471,2.147410433887355,2.8254474685430475,2.147410433887355,2.8254474685430475,-0.002657410220834766,-0.004839672292377362,0.3334158915937745,0.4501852949144289,0.001848740929978355,0.7854499274381816,40.24588360226332,FOLLOWING,WALKING,0.41993021096789396
34.6,P,0.24405869603282898,2.0356097643606956,1.2458345761035134,1.152653591742138,1.3297016388910652,0.5097016388910652,0.14383817503890484,0.2420906312884934,0.19916966357296204,0.45,0.05111776514218756,0.2091280519671682,0.27505321060981863,2.144903097099161,2.8210585703571143,2.144903097099161,2.8210585703571143,-0.0025073367881942588,-0.004388898185933243,0.3319835941012266,0.44808236254530776,0.0015895738085003467,0.7816555304550347,40.284966378786066,FOLLOWING,WALKING,0.4223885897924062
34.65,P,0.22301385495102766,2.0380227134086937,1.2381047424873928,1.1615534727129682,1.335352581401858,0.5153525814018581,0.14406110157916263,0.24178389954533128,0.19870094592885282,0.45,0.06473600385839648,0.20889889299410613,0.2746689060965564,2.142552748657499,2.817116985605707,2.142552748657499,2.817116985605707,-0.0023503484416620424,-0.00394158475140749,0.33057417093922664,0.4460545531380147,0.0013411388053159235,0.7779698628825573,40.32386487193019,FOLLOWING,WALKING,0.42484596604106806
34.7,P,0.20182297014002748,2.0402301950009734,1.230294016044041,1.1703680942698758,1.3411218586858942,0.5211218586858942,0.14431799376251409,0.24150683093554495,0.19831378049390697,0.45,0.07587890305930949,0.20868590026380335,0.27432776160728656,2.1403682078338804,2.8136180677670417,2.1403682078338804,2.8136180677670417,-0.0021845408236185193,-0.003498917838665072,0.3291876682841977,0.44409880194095636,0.0011056354715618505,0.7743921056967159,40.36258447721502,FOLLOWING,WALKING,0.42730130826591345
34.75,P,0.1607115528575404,2.044246377584043,1.222406117802948,1.1790937236153438,1.347001398125189,0.527001398125189,0.1446034921792787,0.241259591099098,0.1980038738887189,0.45,0.0850555179191598,0.208489949970515,0.274029232227681,2.1383584612360513,2.8105562279762153,2.1383584612360513,2.8105562279762153,-0.002009746597829043,-0.003061839790826415,0.3278266498978649,0.44221518850446245,0.0008836230005415664,0.7709254614028689,40.40113075028516,FOLLOWING,WALKING,0.42975358587272844
34.8,P,0.12623247749795727,2.0470098633664837,1.2144344262368538,1.1877346781944371,1.3695563018378258,0.5495563018378259,0.15298472255308893,0.24111503240662951,0.19885642404451398,0.45,0.1655848803125527,0.20820429422726244,0.2740257705859966,2.1354286587411533,2.8105207239589394,2.1354286587411533,2.8105207239589394,-0.0029298024948980483,-3.550401727592245e-05,0.3238124724466759,0.4375663524304776,0.0024413050843201762,0.7638201299614736,40.43932175678324,FOLLOWING,WALKING,0.432201769553628
34.85,P,0.10970455923301196,2.0478163856075815,1.2063827194167882,1.1962899147819224,1.3865559220931507,0.5665559220931508,0.15840084962447598,0.24104748653615016,0.20035489633936676,0.45,0.20395453576722478,0.20788875119198497,0.27420622188031535,2.1321923199177943,2.8123715064647725,2.1321923199177943,2.8123715064647725,-0.003236338823358942,0.0018507825058331484,0.32063865060272895,0.43440135873607194,0.004323258162758292,0.7593632675015591,40.47728992015831,FOLLOWING,WALKING,0.43464483171909285
34.9,P,0.08905275243781044,2.0487881082947546,1.1982465487702803,1.2047650597456334,1.3884524901993853,0.5684524901993854,0.15654018343103626,0.24099010243503638,0.20145233146861993,0.45,0.16742943756586812,0.2076497415769798,0.27433046329309296,2.1297409392510747,2.813645777365056,2.1297409392510747,2.813645777365056,-0.0024513806667196825,0.0012742709002835362,0.3198905229892431,0.4341597281355286,0.0031835644621002754,0.7572338155868721,40.51515161093766,FOLLOWING,WALKING,0.4370817469292854
34.95,P,0.08563585805968184,2.0485253682262345,1.190026575901608,1.2131552986957157,1.3938026346310974,0.5738026346310975,0.15621279427938495,0.24095790015955781,0.20239582554947486,0.45,0.15413559680091177,0.2074613910311197,0.2744544092879959,2.127809138780715,2.8149170183384196,2.127809138780715,2.8149170183384196,-0.0019318004703596792,0.0012712409733635077,0.3187136980927898,0.4332369992455247,0.002749813392897878,0.7547005107312125,40.55288663647421,FOLLOWING,WALKING,0.43951149232446374
35.0,P,0.04428256499483568,2.050266593147456,1.181724002067177,1.2214536937207507,1.3847461900011961,0.5647461900011962,0.1489583824660099,0.24088759769774715,0.20226562462743872,0.45,0.08037740913314323,0.20741263682190603,0.27436255857358827,2.1273090956092924,2.8139749597291104,2.1273090956092924,2.8139749597291104,-0.0005000431714226039,-0.0009420586093091821,0.3199363226118123,0.43480089239082387,0.00037922645984701786,0.7551164414624831,40.590642458547336,FOLLOWING,WALKING,0.4419330480543109
35.05,P,0.027260097701478553,2.0504313992225107,1.1733201806742413,1.2296852667248035,1.4073748061640492,0.5873748061640492,0.15672998431846397,0.24130550445150373,0.20319761004768744,0.45,0.1622602902404108,0.20767629998861145,0.274934708914396,2.1300133332165276,2.819843168352779,2.1300133332165276,2.819843168352779,0.0027042376072352603,0.005868208623668547,0.33228879996160693,0.4515757022748657,0.0027270318239113025,0.786591534060384,40.629972035250354,FOLLOWING,WALKING,0.4443453977060031
35.1,P,0.020469850281820252,2.0501901480458584,1.164815402040399,1.2378468861185765,1.4096375164536024,0.5896375164536024,0.15479455058232272,0.24181268212666784,0.20377511337153223,0.45,0.1365189516615549,0.20808790086367926,0.27553746338965646,2.1342348806531204,2.826025265534938,2.1342348806531204,2.826025265534938,0.004221547436592754,0.006182097182159119,0.33606650609925126,0.45672912582109754,0.0016946035961603863,0.7944902355165092,40.66969654702618,FOLLOWING,WALKING,0.44674752873083423
35.15,P,0.004910002145110403,2.050182345975301,1.1562244953830778,1.2459244054261518,1.4033632163585812,0.5833632163585812,0.1487623055226006,0.24188674815929784,0.2034805132799301,0.45,0.07887786187791812,0.2082107232114694,0.2755627731071263,2.135494597040712,2.826284852380782,2.135494597040712,2.826284852380782,0.0012597163875915918,0.0002595868458441508,0.3214015570061814,0.4370828225726124,0.0008632134410618501,0.7593475930198557,40.70766392667717,FOLLOWING,WALKING,0.44913843286921823
35.2,P,-0.01760828560600597,2.050112608650527,1.1475453975274925,1.2539199792828566,1.4044058876536212,0.5844058876536212,0.14615322175806522,0.24202878060021252,0.20286314688927592,0.45,0.06611248596295234,0.20845492979003735,0.27560263141038766,2.137999279897819,2.8266936554911553,2.137999279897819,2.8266936554911553,0.0025046828571069213,0.00040880311037305717,0.32414836204341235,0.4402437109926916,0.0018034687986017602,0.7661955418347057,40.745973703768904,FOLLOWING,WALKING,0.45151710657389116
35.25,P,-0.0402430443292688,2.0497932230478675,1.1387660852983867,1.2618467263541677,1.4112072166691045,0.5912072166691046,0.14630670950784452,0.2425725906801678,0.20232823798390737,0.45,0.0814935867192313,0.20908726729383112,0.2760579140665045,2.1444847927572424,2.8313632211949176,2.1444847927572424,2.8313632211949176,0.006485512859423448,0.004669565703762313,0.33907618535444045,0.4593510934280497,0.0015584713387938323,0.799985750121284,40.78597299127497,FOLLOWING,WALKING,0.4538825514311366
35.3,P,-0.06299077297433754,2.0492203206073154,1.1298758119811794,1.2697122994658814,1.4180698887562757,0.5980698887562758,0.14650167157521565,0.24346148686192748,0.20187313984817076,0.45,0.0937607548245553,0.21005148221705522,0.27687149150679974,2.154374176585182,2.8397076051979457,2.154374176585182,2.8397076051979457,0.009889383827939469,0.008344384003028171,0.3527278471453926,0.4766118757279895,0.0013229580902429142,0.830662680963625,40.82750612532315,FOLLOWING,WALKING,0.4562337745798539
35.35,P,-0.09503590481986646,2.048129666222431,1.120860928909773,1.2775260829611466,1.4249784014248328,0.6049784014248328,0.14673220800101516,0.24464633892944718,0.20149467394349074,0.45,0.103530844504806,0.21129897039179946,0.2779937074670949,2.167168927095379,2.8512175124830246,2.167168927095379,2.8512175124830246,0.012794750510197073,0.011509907285078835,0.3653073591189567,0.4923157724181011,0.0010981276424961578,0.8587212591795539,40.87044218828212,FOLLOWING,WALKING,0.4585697891282981
35.4,P,-0.12867080692554278,2.0465128783196267,1.1116949395646323,1.2853094128243847,1.4395259611444642,0.6195259611444642,0.150581595168787,0.24653785855866045,0.2016737218969279,0.45,0.1447633214801305,0.21316085758471887,0.27991485953260203,2.1862652059971164,2.8709216362318157,2.1862652059971164,2.8709216362318157,0.019096278901737485,0.019704123748791158,0.3936313950640679,0.5286955840608264,0.0005199734472148799,0.9228469525721091,40.91658453591072,FOLLOWING,WALKING,0.4608896145683132
35.45,P,-0.1598730901245205,2.044518505914706,1.1023523894049565,1.2930818477471642,1.4553136778537112,0.6353136778537113,0.1549540235823792,0.24910238990339453,0.20242514289085625,0.45,0.18238134427519279,0.21560102875495782,0.2826037510518312,2.211292602614952,2.8985000107880126,2.211292602614952,2.8985000107880126,0.025027396617835596,0.027578374556196827,0.4224114034760594,0.5656361846702542,0.002190333629766901,0.9902379217760805,40.966096431999524,FOLLOWING,WALKING,0.46319227718688605
35.5,P,-0.19328095700423886,2.041938179492548,1.0928127334508697,1.3008572564887828,1.4689690985216202,0.6489690985216202,0.158279985807114,0.2521110154285737,0.20355042668573095,0.45,0.20234129947345308,0.21842341981208524,0.2857986110450622,2.2402402032008744,2.9312678055903816,2.2402402032008744,2.9312678055903816,0.028947600585922384,0.03276779480236902,0.4443353003088395,0.5935491055330432,0.003298348750885869,1.0411827545927688,41.01815556972916,FOLLOWING,WALKING,0.46547681047484835
35.55,P,-0.20727064838690828,2.0402865988364347,1.0830582633572348,1.3086394134097132,1.484330797049146,0.664330797049146,0.16231797607572318,0.2555970617947557,0.2051083107873804,0.45,0.22541768711041069,0.22165163635944427,0.28954248723006715,2.2733501165071206,2.9696665356929963,2.2733501165071206,2.9696665356929963,0.03310991330624624,0.03839873010261474,0.46881451586227385,0.6248171564728984,0.00460130366148267,1.098232975996655,41.07306721852899,FOLLOWING,WALKING,0.46774225553255533
35.6,P,-0.2273279198336222,2.038060653230044,1.0731077865150431,1.316412145871689,1.4833260951070968,0.6633260951070968,0.1589976523999419,0.2585199332531888,0.20606216278263445,0.45,0.1714051074011038,0.22441664531266278,0.29262322119371476,2.301709182693977,3.001263807115023,2.301709182693977,3.001263807115023,0.028359066186856463,0.03159727142202673,0.4542007606258976,0.6048425264254058,0.002830360393678927,1.0618736474449824,41.12616090090123,FOLLOWING,WALKING,0.4699876614723688
35.65,P,-0.24384709181059333,2.0359800555226575,1.0629788272340348,1.3241716482158632,1.4872490021913256,0.6672490021913257,0.15789373455010924,0.2612557217476057,0.2067716006686357,0.45,0.15095677494346876,0.2270350218369465,0.29547642165826493,2.3285643265327844,3.03052740162323,2.3285643265327844,3.03052740162323,0.026855143838807383,0.029263594508206925,0.45286706860278714,0.6021511324463006,0.0021123591445938276,1.0571305601936813,41.17901742891092,FOLLOWING,WALKING,0.4722120858177794
35.7,P,-0.25706272412806896,2.0341430014402135,1.0526715289057342,1.3318935840171091,1.4881079233037744,0.6681079233037744,0.15537660584905488,0.2636511082760837,0.20707028239139452,0.45,0.1215255373506805,0.22938097654030787,0.2979212400118595,2.352625400413414,3.055602461660097,2.352625400413414,3.055602461660097,0.024061073880629724,0.025075060036867214,0.4450027014849317,0.590860001042687,0.0008906127649462165,1.0367533152925648,41.23085509467554,FOLLOWING,WALKING,0.474414594898997
35.75,P,-0.2721599022837424,2.0320434905431415,1.0422075369286354,1.3395685704075821,1.4861218179681988,0.6661218179681988,0.15155772762384467,0.2655880680048152,0.20682354738147413,0.45,0.0860510556569975,0.23135877091318124,0.2998173650964492,2.372910470904423,3.0750498984251196,2.372910470904423,3.0750498984251196,0.020285070491008916,0.019447436765022363,0.43162838655038843,0.572301039159287,0.00073484078421517,1.0046642664938905,41.281088308000236,FOLLOWING,WALKING,0.47659426424484513
35.8,P,-0.2958154039290074,2.02873482906667,1.0316080725602308,1.3471783381860967,1.4856255518395116,0.6656255518395117,0.14843826913897695,0.26722312552453914,0.20618035897708864,0.45,0.06493625244623451,0.23310027611383097,0.3013459749352473,2.3907720627059588,3.0907279480538183,2.3907720627059588,3.0907279480538183,0.01786159180153568,0.015678049628698787,0.42352197218034976,0.5604984307914449,0.0019096245519279547,0.9859300275237227,41.33038480937642,FOLLOWING,WALKING,0.4787501789707941
35.85,P,-0.3195366364825258,2.025134093786208,1.0208196388079425,1.3547416347763472,1.4921703442289076,0.6721703442289076,0.14862864842304147,0.2690195190678521,0.2056271906164904,0.45,0.07944736342140687,0.23498821902082292,0.30305081911488124,2.4101355797007478,3.1082135293833972,2.4101355797007478,3.1082135293833972,0.019363516994789,0.017485581329578892,0.43348769540598964,0.5720628530606473,0.0016379489653596281,1.0071884974319967,41.38074423424801,FOLLOWING,WALKING,0.48088143416297124
35.9,P,-0.3433185485558401,2.0212382675200278,1.009867095946257,1.3622542913182676,1.4986597324969486,0.6786597324969487,0.14891927383262882,0.27094893587518143,0.20516857352224627,0.45,0.09052225184807947,0.23699353695724967,0.3049043347931132,2.4307029431512786,3.1272239465960325,2.4307029431512786,3.1272239465960325,0.020567363450530785,0.0190104172126353,0.44268863924378704,0.5826106918326173,0.0013549509362734856,1.0266542820126778,41.432076948348644,FOLLOWING,WALKING,0.4829871352579842
35.95,P,-0.36715597132160893,2.01704443495743,0.998763242437902,1.3697063041119812,1.5051150352638292,0.6851150352638292,0.14926778992098244,0.27298888858224707,0.2048028678093543,0.45,0.09901068861577804,0.23909401395979893,0.30688376320469524,2.4522462970235788,3.1475257764584126,2.4522462970235788,3.1475257764584126,0.02154335387230022,0.02030182986238005,0.4512898703196977,0.592373459545545,0.0010785251343534098,1.0447418549995962,41.48431404109862,FOLLOWING,WALKING,0.48506639841840177
36.0,P,-0.4047581771490692,2.010077376447926,0.9874979060019416,1.377103304119046,1.511549520910208,0.6915495209102082,0.14964851477544494,0.27512124344587907,0.20452513052310395,0.45,0.10554007396437581,0.24127233434430537,0.30897015254745275,2.474588044556978,3.1689246415123358,2.474588044556978,3.1689246415123358,0.022341747533399126,0.02139886505392319,0.45941169289744116,0.6015183251057221,0.0008179812679894583,1.0617479992711527,41.53740144106217,FOLLOWING,WALKING,0.4871183509037315
36.05,P,-0.44864450522346977,2.001267225939748,0.9760306585934864,1.384463771925746,1.5293898055471669,0.7093898055471669,0.15528527231258638,0.2780068612844123,0.2050361292329927,0.45,0.1608185100948361,0.24407338189635203,0.3119403406724726,2.503316737398482,3.1993881094612573,2.503316737398482,3.1993881094612573,0.028728692841504255,0.03046346794892152,0.4955122160586922,0.6466561835056759,0.0015087340442685158,1.1436771336086367,41.594585297742604,FOLLOWING,WALKING,0.48914213143674
36.1,P,-0.46616238977319163,1.997067766962442,0.9643545690493005,1.3918012445035128,1.5524644354317667,0.7324644354317668,0.16316180404983127,0.2818382186418101,0.20655935985642057,0.45,0.22696680936621727,0.24765264458557246,0.3160237926980477,2.540027123954589,3.241269668697925,2.540027123954589,3.241269668697925,0.03671038655610692,0.0418815592366677,0.5419836831778314,0.7052502979075626,0.004530780611841269,1.2517647616972352,41.65717353582746,FOLLOWING,WALKING,0.49113689056496124
36.15,P,-0.4900989833292001,1.9913287086814904,0.9524633826023642,1.3991002844349272,1.5532953140624217,0.7332953140624218,0.16110290809796224,0.28516187644437013,0.20765231646400337,0.45,0.1806899772805317,0.25079541806957756,0.3195283348191627,2.5722606981495133,3.2772136904529505,2.5722606981495133,3.2772136904529505,0.03223357419492423,0.035944021755025535,0.5283498303315723,0.6870109153057118,0.0032681515875727556,1.218628897224857,41.7181049806887,FOLLOWING,WALKING,0.49310179101724194
36.2,P,-0.4984756470101542,1.988865957294967,0.9403573589989556,1.4063611074882618,1.5593975394644048,0.7393975394644049,0.16139339699666122,0.2883642751520212,0.20867519341215224,0.45,0.16778797404754203,0.25382853064231,0.3229000196617324,2.603369545049333,3.3117950734536654,2.603369545049333,3.3117950734536654,0.031108846899819742,0.034581383000714894,0.5301470669792767,0.6884869571125095,0.0030736662478820604,1.2217076903396682,41.77919036520568,FOLLOWING,WALKING,0.4950360080551748
36.25,P,-0.5328614619013805,1.9801722507974597,0.9280774468577178,1.413548398115616,1.5522732746618886,0.7322732746618886,0.15580677208601568,0.29068402283441797,0.20884158830254912,0.45,0.09952785462600942,0.25612073997034607,0.32524730569848986,2.6268793843112417,3.3358698020357935,2.6268793843112417,3.3358698020357935,0.023509839261908638,0.024074728582128113,0.4980043640952001,0.6466055197886776,0.00050040249402118,1.1451102863778988,41.83644587952457,FOLLOWING,WALKING,0.496938729819269
36.3,P,-0.5607433425912958,1.9725639000317086,0.9156010450986193,1.4206763687367137,1.5669732242620613,0.7469732242620614,0.16000992100324085,0.29353958288256754,0.2095587688077317,0.45,0.14231150484905106,0.25885760664488794,0.32822155912024714,2.65494981174244,3.366374965335868,2.65494981174244,3.366374965335868,0.028070427431198475,0.030505163300074578,0.5266584678697127,0.6821523664540435,0.002164197076977252,1.2109750314007335,41.8969946310946,FOLLOWING,WALKING,0.49880915766971745
36.35,P,-0.5675693862631822,1.9702014176424385,0.9029140650985278,1.4277498004088263,1.57612581929946,0.7561258192994601,0.1617503538220335,0.2965227759326363,0.210439189692933,0.45,0.15127439194681658,0.2616950900384559,0.3313504618268167,2.6840522055226246,3.3984662751468377,2.6840522055226246,3.3984662751468377,0.02910239378018442,0.03209130981096964,0.5384112941892452,0.6962876798491237,0.0026679608304552805,1.237366934868824,41.95886297783804,FOLLOWING,WALKING,0.500646506521614
36.4,P,-0.5832834514253532,1.9654648750774406,0.8900530563733113,1.4347270580799067,1.5673465914621463,0.7473465914621463,0.15551205986810235,0.29855901559934855,0.21038939880583352,0.45,0.07936542323433413,0.2637395700969831,0.333378461101714,2.7050212317639293,3.419266267709887,2.7050212317639293,3.419266267709887,0.0209690262413047,0.02079999256304932,0.5017493380832063,0.6488864800756589,0.00015084683716129165,1.1507866649960266,42.01640231108784,FOLLOWING,WALKING,0.5024500051744812
36.45,P,-0.6073679627503085,1.95815625466774,0.8770451529779804,1.4416077727503809,1.5660150368383032,0.7460150368383033,0.15263085063110893,0.30022772465463143,0.2099556237604499,0.45,0.05604618977787089,0.265480068922277,0.3349753803869859,2.7228725017669433,3.4356449270460088,2.7228725017669433,3.4356449270460088,0.017851270003014008,0.016378659336121704,0.48925278863273824,0.6320185832707247,0.0013114585472434367,1.1225828304507062,42.07253145261037,FOLLOWING,WALKING,0.5042188966359709
36.5,P,-0.631444252504268,1.9505255486276454,0.863886103213648,1.448391208110969,1.5717202780130102,0.7517202780130102,0.15300391087463217,0.3019986895834528,0.20961558935248029,0.45,0.06881908919545127,0.26730730954561727,0.3366900696212883,2.7416134312371,3.4532314832952644,2.7416134312371,3.4532314832952644,0.018740929470156598,0.017586556249255647,0.49743855722168134,0.6412988838881221,0.0010263817847041565,1.1397638228945077,42.129519643755096,FOLLOWING,WALKING,0.5059524384396006
36.55,P,-0.6555059968417908,1.9425714009977344,0.8505726642649913,1.4550790152685018,1.577387640580966,0.757387640580966,0.15342949822231988,0.3038537833035372,0.20936701267724545,0.45,0.07861528487145869,0.26920354270545305,0.3385040239016213,2.761061976466185,3.4718361425807314,2.761061976466185,3.4718361425807314,0.019448545229085124,0.01860465928546695,0.5050263764620277,0.649840364346783,0.0007494300851783524,1.1556161708939892,42.187300452299795,FOLLOWING,WALKING,0.5076499029563927
36.6,P,-0.6856592372441167,1.932237833122156,0.837102525962999,1.4616673899705908,1.5830103472767247,0.7630103472767248,0.15388481392477882,0.3057773324033842,0.20920476128936605,0.45,0.08605983166107799,0.27115394440999413,0.3404007203967743,2.78106609651276,3.491289439966916,2.78106609651276,3.491289439966916,0.020004120046575036,0.01945329738618451,0.5120818517118532,0.6577339076628097,0.0004887901853305863,1.1703045495599935,42.24581567977779,FOLLOWING,WALKING,0.5093105777002865
36.65,P,-0.7210252539146796,1.9195741379843154,0.823462849802364,1.4681660033959951,1.5938130158376498,0.7738130158376498,0.1567541242079269,0.30806323628264726,0.20944609192849956,0.45,0.11465841036371373,0.2733999080684806,0.34272656449681393,2.8041016212151852,3.5151442512493736,2.8041016212151852,3.5151442512493736,0.023035524702425203,0.0238548112824577,0.5330571619317311,0.6832222221842059,0.000727858932899373,1.2170072430488363,42.30666604193023,FOLLOWING,WALKING,0.510933765627194
36.7,P,-0.7517340648822973,1.907946870650396,0.8096224869489317,1.474582282326553,1.6091031062352643,0.7891031062352644,0.16163741781952812,0.31091923556985945,0.21032253414128585,0.45,0.15670995783320446,0.2761108561694766,0.3457276149702423,2.831906217122837,3.545924256105049,2.831906217122837,3.545924256105049,0.02780459590765183,0.030780004855675447,0.5647878029606582,0.7223807745561098,0.0026544318799913255,1.2898230093967593,42.37115719240006,FOLLOWING,WALKING,0.5125187854275732
36.75,P,-0.7863880773879723,1.8942894495859979,0.7955732943848334,1.480913833025237,1.6203824080628002,0.8003824080628003,0.16472356037621871,0.31402288749511326,0.21152796137794672,0.45,0.17186269515106023,0.27901500988706307,0.34903076510316344,2.8616924090980826,3.5798027190068042,2.8616924090980826,3.5798027190068042,0.02978619197524557,0.033878462901755224,0.5826410174883982,0.7442725471905548,0.0036717345498288854,1.330585299228782,42.4376864573615,FOLLOWING,WALKING,0.5140649718123993
36.8,P,-0.8041181558929151,1.8866201928963324,0.7812958797338327,1.487166342069562,1.6350783412877457,0.8150783412877457,0.16929767500693282,0.3175352575504437,0.2132303513660879,0.45,0.1987150084075906,0.2822456343993561,0.3528248807015313,2.8948270194805756,3.6187167251439103,2.8948270194805756,3.6187167251439103,0.03313461038249299,0.03891400613710605,0.6089969628898839,0.7770020024521864,0.00522721750080203,1.3912261828428725,42.50724776650364,FOLLOWING,WALKING,0.5155716757924089
36.85,P,-0.8235107135122495,1.8780970429919668,0.7668144849342815,1.4933243622781112,1.6349620923136496,0.8149620923136497,0.16741144989337586,0.32052978028725376,0.21450786196508478,0.45,0.1544862110718982,0.28502872913203225,0.35603083144247527,2.9233715808413563,3.6515982712048745,2.9233715808413563,3.6515982712048745,0.02854456136078065,0.03288154606096416,0.5911484558378195,0.7543616828854544,0.003946119368091453,1.3494562580913652,42.5747205794082,FOLLOWING,WALKING,0.5170382649505041
36.9,P,-0.842054161860492,1.869704508514873,0.7521458621672352,1.499377082155812,1.6362103326399466,0.8162103326399467,0.1661149328289775,0.32316373072819315,0.21548259170048822,0.45,0.12599150207178772,0.28750136180176233,0.358826099654624,2.948731915915511,3.680267688765374,2.948731915915511,3.680267688765374,0.025360335074154694,0.028669417560499344,0.5796206418776975,0.7395692380442717,0.003024536970128779,1.322214416892098,42.6408313002528,FOLLOWING,WALKING,0.5184641237072005
36.95,P,-0.856613525703084,1.8628482314044983,0.737304348040108,1.505313286563637,1.6366478299633467,0.8166478299633467,0.1644750475864334,0.32544365407011083,0.21613846395460787,0.45,0.1001983598389547,0.28967273828562323,0.36121456985459843,2.97100244395511,3.704764819021522,2.97100244395511,3.704764819021522,0.022270528039598947,0.024497130256148303,0.5674741869250116,0.7239364443086247,0.0020413327904045867,1.293451964024041,42.705503898454,FOLLOWING,WALKING,0.5198486535790081
37.0,P,-0.8703329166312181,1.856284561724858,0.7223174871616482,1.51112134243532,1.6335254589446644,0.8135254589446644,0.16125493465748209,0.3272142943990975,0.21629403373790715,0.45,0.06441628819218181,0.29141763181547387,0.3630109569827211,2.988898787851014,3.723189302386883,2.988898787851014,3.723189302386883,0.01789634389590411,0.018424483365361066,0.5467250892183654,0.6974438749133763,0.0004845429497885107,1.2446535070815303,42.76773657380807,FOLLOWING,WALKING,0.5211912734296351
37.05,P,-0.893888432631856,1.845056971986723,0.7072109173466284,1.5167891803684141,1.6296235628671727,0.8096235628671727,0.15766383228076686,0.32850579269066943,0.21594924772201998,0.45,0.03307636204893738,0.29276619219267513,0.3642453931886637,3.0027301763351293,3.735850186550397,3.0027301763351293,3.735850186550397,0.013831388484115248,0.012660884163513852,0.5263586612537223,0.6713026901598831,0.0010721704428851072,1.1987335218564905,42.82767324990089,FOLLOWING,WALKING,0.5224914197139124
37.1,P,-0.9173563231151242,1.8335018779130148,0.6919785304446151,1.5223165788163342,1.6344047453172321,0.8144047453172322,0.1580598725825091,0.3298978502833709,0.21569240574845672,0.45,0.04683676517843384,0.2942007571320013,0.36559494343474047,3.0174436628923207,3.7496917275357995,3.0174436628923207,3.7496917275357995,0.014713486557191402,0.013841540985402467,0.534085683164959,0.6801673699001055,0.0007977436297206537,1.2150507966947852,42.88842578973563,FOLLOWING,WALKING,0.523748546714333
37.15,P,-0.9407297634602835,1.8216199581717945,0.6766158139692146,1.5277052513715308,1.6391445821696262,0.8191445821696263,0.15848992438951104,0.33137248865134095,0.21551930496619504,0.45,0.057387958989713606,0.29570404367943565,0.36704093362324625,3.03286198645575,3.7645223961358587,3.03286198645575,3.7645223961358587,0.015418323563429315,0.014830668600059216,0.5411244993061868,0.6881937664491058,0.000537214468062879,1.2298554802233554,42.94991856374679,FOLLOWING,WALKING,0.5249621267701091
37.2,P,-0.9640019234895172,1.8094120734035029,0.6611255261369753,1.5329527421295244,1.6438347154456379,0.8238347154456379,0.15895573730088142,0.3329138850938017,0.21542639900519453,0.45,0.06539919442642902,0.297260816058442,0.3685669541291614,3.048828882650687,3.7801738885042195,3.048828882650687,3.7801738885042195,0.015966896194937075,0.01565149236836083,0.5475397539345851,0.6954698092088485,0.0002882073113921823,1.2432977704548256,43.01208345226953,FOLLOWING,WALKING,0.5261316504986498
37.25,P,-0.9942220681235706,1.7931263644376594,0.6455036406047469,1.5380571403989038,1.6484747463573604,0.8284747463573604,0.15943808973526563,0.33450871773695523,0.21540790121893594,0.45,0.07142750766419477,0.29885871008522136,0.3701587253886891,3.0652175393356034,3.7964997475762985,3.0652175393356034,3.7964997475762985,0.016388656684916292,0.016325859072078952,0.5534194338782378,0.7021089785799186,5.737779813830472e-05,1.2555857902562948,43.07486274178234,FOLLOWING,WALKING,0.5272566270093676
37.3,P,-1.0414796834249773,1.7668742501530283,0.6297267107368628,1.5430241383492378,1.6594459041849832,0.8394459041849832,0.16284190082081018,0.3365178603460767,0.2158507677078517,0.45,0.10398655041961505,0.3007945582904273,0.37224116240172617,3.085072392722331,3.81785807591514,3.085072392722331,3.81785807591514,0.019854853386727545,0.02135832833884166,0.5779343736194029,0.7319949898306931,0.0013765402313935485,1.3113059036814896,43.14042803696641,FOLLOWING,WALKING,0.528336584109722
37.35,P,-1.0581369370434326,1.7567121948260744,0.6137464190904753,1.547864898351732,1.686131573882059,0.8661315738820591,0.17321191737332464,0.3397899560095032,0.21764929978246525,0.45,0.19852645599444022,0.3037689968955052,0.3758109151235012,3.1155794553385148,3.8544709243436017,3.1155794553385148,3.8544709243436017,0.030507062616183855,0.036612848428461575,0.647521208584037,0.8181756866438239,0.005636869152133931,1.4713337643799949,43.21399472518541,FOLLOWING,WALKING,0.5293710685034155
37.4,P,-1.07994545105349,1.743360221591706,0.5975787617741657,1.552571089481503,1.6848771912997758,0.8648771912997758,0.1712065820611115,0.34251211735958853,0.2189972583824687,0.45,0.14933135231361666,0.30626807109728993,0.37875616362188713,3.1412109856132298,3.8846786012501244,3.1412109856132298,3.8846786012501244,0.025631530274714986,0.030207676906522707,0.6255408707475658,0.7909238353842025,0.0042508690245193275,1.4207155751562877,43.28503050394322,FOLLOWING,WALKING,0.5303596459806591
37.45,P,-1.0918500406343663,1.735578316814389,0.5812394379364755,1.5571325415000108,1.6883388219058433,0.8683388219058433,0.17129066379925728,0.3450400649963418,0.2202217721571215,0.45,0.13170962947131898,0.3085933617043382,0.38148676828834543,3.1650601200444943,3.912684802957389,3.1650601200444943,3.912684802957389,0.023849134431264574,0.028006201707264644,0.6208541365743661,0.7850585545747384,0.003883170146181989,1.4097958612952863,43.35552029700798,FOLLOWING,WALKING,0.531301901600424
37.5,P,-1.1159498207050689,1.7202323957758248,0.5647578930676691,1.5615390172556434,1.6825787642877228,0.8625787642877228,0.16727179711414797,0.3468680412966469,0.22078128755181928,0.45,0.07738925746789724,0.3103287382068208,0.383407344386473,3.18285885340329,3.932383019348441,3.18285885340329,3.932383019348441,0.01779873335879545,0.019698216391051737,0.5888439168667119,0.7451939233249555,0.001778839621148856,1.3358166798128162,43.422311130998615,FOLLOWING,WALKING,0.5321974398646083
37.55,P,-1.149294241498876,1.698536854352138,0.5481397114280088,1.5657843974410184,1.6881830491748617,0.8681830491748618,0.16833900632112497,0.34876021402269947,0.22142892464998917,0.45,0.08502247432837255,0.31211372699312623,0.3854067010522727,3.2011664306987306,3.9528892415617713,3.2011664306987306,3.9528892415617713,0.018307577295440858,0.02050622221333054,0.5958885753636742,0.753648629557404,0.0020650404414413884,1.3516022453625194,43.48989124326674,FOLLOWING,WALKING,0.5330458848840409
37.6,P,-1.1545014222425973,1.6944296284377607,0.5313419767242749,1.5698740410460725,1.7026171734611772,0.8826171734611773,0.17335571914616565,0.351217629533575,0.22268905426972255,0.45,0.1298276768359225,0.3143625910519359,0.38807266801521406,3.2242317030967786,3.980232492463734,3.2242317030967786,3.980232492463734,0.02306527239804801,0.027343250901962435,0.6299473666271014,0.7957084453507199,0.004040885855170169,1.4296966978329915,43.56137607815839,FOLLOWING,WALKING,0.5338468805362558
37.65,P,-1.1687983622171543,1.6844145687620724,0.5144450702933332,1.5737926587746243,1.6904384224782234,0.8704384224782235,0.1665061271345194,0.35261419329645344,0.2228984760059104,0.45,0.047679083607019584,0.3157244955174753,0.3895038910754316,3.2381999540253874,3.9949117033377597,3.2381999540253874,3.9949117033377597,0.01396825092860876,0.014679210874025905,0.577683276644279,0.7308159228734559,0.0006721889160785156,1.3091713884338134,43.626834647580075,FOLLOWING,WALKING,0.5346000906149695
37.7,P,-1.189658496697519,1.66972585208029,0.4974566157022785,1.5775336775113098,1.6868745241004024,0.8668745241004024,0.1634765294354068,0.3536070271792628,0.2226779598790993,0.45,0.021508532351061958,0.31675382481927183,0.39046022953925374,3.248757177633557,4.004720302966705,3.248757177633557,4.004720302966705,0.010557223608169686,0.009808599628945203,0.5586717423576919,0.7068352836379758,0.0007070987698378244,1.2662141247655057,43.690145353818345,FOLLOWING,WALKING,0.5353051989711982
37.75,P,-1.211370206457948,1.6540417113168218,0.48037847125678673,1.5810945033502812,1.6896321491790864,0.8696321491790865,0.1633733575788101,0.35462326973591934,0.22246556716432875,0.45,0.028910205580038817,0.3178052183702229,0.3914413211016158,3.2595407012330555,4.0147827805293925,3.2595407012330555,4.0147827805293925,0.010783523599498412,0.010062477562687633,0.5619645251761171,0.7103656234659363,0.0006804009468432789,1.2730105495888968,43.75379588129778,FOLLOWING,WALKING,0.5359619096459571
37.8,P,-1.2329004324250263,1.6380562516580541,0.4632071079079762,1.5844751316018488,1.6933206677117203,0.8733206677117203,0.16375004888019262,0.3557129835387064,0.2223252670467219,0.45,0.03877944189602016,0.3189181518424739,0.3925078152349389,3.270955403512553,4.025721181896809,3.270955403512553,4.025721181896809,0.01141470227949748,0.010938401367416084,0.5680226775737178,0.7173235228890992,0.00044916856003629165,1.2857953690228534,43.81808564974892,FOLLOWING,WALKING,0.5365699469944849
37.85,P,-1.2572043482850146,1.6195457976736065,0.44594196783893436,1.587676336380638,1.6969536601807798,0.8769536601807798,0.16414226842354562,0.3568615203461487,0.22225194657922837,0.45,0.04623313154275825,0.3200788231872864,0.393644217505011,3.2828597249978095,4.0373765897949845,3.2828597249978095,4.0373765897949845,0.011904321485256553,0.011655407898175874,0.5734310414089946,0.7235033168927869,0.00023465687939333834,1.2971690151811748,43.88294410050798,FOLLOWING,WALKING,0.5371290558019416
37.9,P,-1.2889483237036032,1.594719229112391,0.42857538418863295,1.5906983399553716,1.703444462461187,0.8834444624611871,0.16590301799313512,0.3582251022313667,0.22242365935037875,0.45,0.06462137263714529,0.32141398660887904,0.3950362178538544,3.2965537088090158,4.051653516449789,3.2965537088090158,4.051653516449789,0.013693983811206234,0.014276926654804178,0.5874984371990791,0.7404256803602018,0.0005499789539970923,1.328474096513278,43.94936780533364,FOLLOWING,WALKING,0.5376390013905309
37.95,P,-1.315197820778604,1.5733543969172816,0.41105696044870355,1.5935420195338807,1.71752841453104,0.8975284145310402,0.17115697901466254,0.36020942258956196,0.22328748558232028,0.45,0.11237405976433015,0.3232553437256879,0.397163501453436,3.3154394228275685,4.07347180977883,3.3154394228275685,4.07347180977883,0.01888571401855277,0.021818293329041616,0.6243482689239006,0.7856243750871104,0.002777494857268121,1.412750138868279,44.02000531227705,FOLLOWING,WALKING,0.5380995697180033
38.0,P,-1.3442354018609293,1.5490246852020009,0.3934198380453305,1.5962060365002508,1.7263728188942993,0.9063728188942993,0.17405939760672595,0.36241668587946524,0.22445675570099619,0.45,0.12656714581452008,0.32526909281095034,0.39956427894798013,3.3360932595994908,4.098095168697232,3.3360932595994908,4.098095168697232,0.02065383677192223,0.024623358918401728,0.6406163364595976,0.8056769828023391,0.003779288314216225,1.450072607576153,44.092508942655854,FOLLOWING,WALKING,0.5385105674674975
38.05,P,-1.362689520415824,1.5327220735123954,0.37562605851991276,1.5986863794048047,1.7382956631954214,0.9182956631954214,0.17828364798814,0.3649898179486529,0.22607937260929536,0.45,0.15118288866026594,0.3275736817818145,0.40240595411549124,3.3597300695570715,4.12724055503068,3.3597300695570715,4.12724055503068,0.023636809957580773,0.029145386333447654,0.6654067783626815,0.836421228141729,0.005282499061634888,1.5071105055660454,44.16786446793415,FOLLOWING,WALKING,0.5388718221286809
38.1,P,-1.3781613167232787,1.5185978368543436,0.3576938077209162,1.600979016353048,1.7395667108859472,0.9195667108859472,0.17775706725999996,0.3672611890624782,0.22746863942846574,0.45,0.12351526299332116,0.3296151292370671,0.40490724888788926,3.380667992175047,4.152894860388607,3.380667992175047,4.152894860388607,0.020937922617975335,0.025654305357927676,0.6535665941045655,0.8220989765406064,0.004550610717501328,1.480216181362673,44.24187527700228,FOLLOWING,WALKING,0.5391831820701601
38.15,P,-1.3948904111473586,1.5031006488420362,0.3396254513554128,1.6030799512407978,1.7378088709046138,0.9178088709046138,0.17587538268771397,0.36910199359907114,0.2284649521484605,0.45,0.08860740921692316,0.33129104401850096,0.40691294317964133,3.397856861728215,4.173466083893757,3.397856861728215,4.173466083893757,0.017188869553168118,0.020571223505149838,0.6337039885083777,0.7977778220195478,0.0032777645457386546,1.4347595750736641,44.31361325575596,FOLLOWING,WALKING,0.5394445166031248
38.2,P,-1.4075743602580932,1.4909414504883882,0.32147149088960775,1.6049820410928113,1.7373949286739259,0.9173949286739259,0.17459608771368806,0.3706538917521753,0.2291889287749623,0.45,0.06729243337417315,0.332723124039919,0.40858465946443157,3.412544861947887,4.190611891942888,3.412544861947887,4.190611891942888,0.01468800021967187,0.017145808049130906,0.6208832945440101,0.7820093848611421,0.002389354955799411,1.4052820343609516,44.383877357474006,FOLLOWING,WALKING,0.5396557160362029
38.25,P,-1.4186077889606372,1.4801727013210646,0.3032426046097548,1.6066798049946105,1.7328025887782148,0.9128025887782149,0.1714211654762039,0.37171951668509595,0.2294118932367536,0.45,0.03228180249072524,0.33375184835441324,0.40968718501577867,3.4230958805580842,4.201919846315678,3.4230958805580842,4.201919846315678,0.01055101861019736,0.011307954372790086,0.5962410581585897,0.751533366434662,0.0007365700699784204,1.34851099466323,44.451302907207165,FOLLOWING,WALKING,0.5398166917215017
38.3,P,-1.4368667722226578,1.4624245754062983,0.28496537591957294,1.6081707311902107,1.7264914784378123,0.9064914784378123,0.16743002040006516,0.37227195810584285,0.22907375666708704,0.45,-0.0025890795550071073,0.33436025137743997,0.41018366483424573,3.4293359115634865,4.207011947017905,3.4293359115634865,4.207011947017905,0.006240031005402269,0.005092100702226432,0.5691443053259715,0.7178402315858073,0.0011153982856326313,1.2880999351974116,44.515707903967034,FOLLOWING,WALKING,0.5399273760918171
38.35,P,-1.456001446840714,1.4433750540547656,0.2666472811089209,1.6094568194646939,1.7279895509816827,0.9079895509816828,0.16710287968725712,0.37283770769498575,0.22872526975815807,0.45,0.00457203714012488,0.3349836755500106,0.41069173983996093,3.435730005641134,4.212222972717548,3.435730005641134,4.212222972717548,0.006394094077647683,0.005211025699643379,0.5710728744739733,0.7197629027152932,0.0011477917764283621,1.2919835689656949,44.58030708241532,FOLLOWING,WALKING,0.5399877226889931
38.4,P,-1.4748848124292417,1.4240739271313876,0.24828654128027022,1.6105357198096484,1.7306362392796972,0.9106362392796973,0.167333433455358,0.37348081214723833,0.2284427562988156,0.45,0.015211617480561913,0.33567353597978433,0.4112880883146923,3.4428054972285573,4.218339367330177,3.4428054972285573,4.218339367330177,0.007075491587423155,0.00611639461262925,0.5766794775283572,0.7262123438727257,0.0009293494081494202,1.3038211708092324,44.64549814095577,FOLLOWING,WALKING,0.5399977061834227
38.45,P,-1.493511818341719,1.4045263288181762,0.2298742031213632,1.6114070673370762,1.733230369677921,0.913230369677921,0.1675777596704462,0.3741862554901519,0.2282214782244443,0.45,0.023279235387023485,0.33641560084400635,0.4119569101362974,3.4504164189128854,4.225199078320999,3.4504164189128854,4.225199078320999,0.007610921684328087,0.006859710990822165,0.5815722360661982,0.7318045405702637,0.0007272058929362046,1.314103982529398,44.71120334008224,FOLLOWING,WALKING,0.5399573223846792
38.5,P,-1.5132814621534783,1.3832458157231249,0.21141900669650218,1.612069422153241,1.735758917287904,0.915758917287904,0.16785246471291337,0.3749403037354852,0.22805941313824318,0.45,0.029283413085804153,0.33719647086110593,0.41268413660986447,3.458425342165189,4.232657811383225,3.458425342165189,4.232657811383225,0.008008923252303735,0.007458733062225775,0.5857925914751247,0.7365954627428416,0.0005322307456688832,1.3229202849636352,44.77734935433042,FOLLOWING,WALKING,0.5398665882432752
38.55,P,-1.5516991532189879,1.3410149371582283,0.1928912854248024,1.6125248210580747,1.7398137688014275,0.9198137688014275,0.16888007636904412,0.3758231315429424,0.22805228213423984,0.45,0.04068240886643153,0.3380804788497257,0.4135657842361591,3.467492090766417,4.241700351140093,3.467492090766417,4.241700351140093,0.009066748601227914,0.00904253975686764,0.5947007086881363,0.7471869459423239,2.34178810109528e-05,1.3419110725114713,44.84444490795599,FOLLOWING,WALKING,0.5397255418435477
38.6,P,-1.5678408624740796,1.3220149003939874,0.17426945229604135,1.6127674806196168,1.7655915200472165,0.9455915200472166,0.17997080426700052,0.37805977110077554,0.22954311249686085,0.45,0.14515438439729494,0.3400703859825451,0.416049156219006,3.48790139469277,4.267170833015446,3.48790139469277,4.267170833015446,0.020409303926352873,0.02547048187535328,0.6745927320366335,0.8452623803478616,0.004927821719628542,1.5247829341041237,44.92068405466119,FOLLOWING,WALKING,0.5395342423876733
38.65,P,-1.5835862492619617,1.3030125212859003,0.15554897039570462,1.612795427154618,1.7662065031406466,0.9462065031406467,0.17947294830794114,0.38000433796775107,0.23081764926874676,0.45,0.1159263454409827,0.3418040170137735,0.41820465892172864,3.505682225782292,4.289278553043371,3.505682225782292,4.289278553043371,0.01778083108952222,0.022107720027924493,0.6619334974981648,0.830056427877424,0.004236272374943508,1.4962261977505324,44.99549536454871,FOLLOWING,WALKING,0.5392927701708183
38.7,P,-1.594977902363003,1.2886984481512034,0.13674538522160778,1.6126078908262518,1.7665097681649502,0.9465097681649502,0.1788316084898245,0.3816828333834575,0.23187815148799834,0.45,0.09175691555090223,0.3433069993121938,0.4200586674547212,3.521097428843013,4.308294025176628,3.521097428843013,4.308294025176628,0.01541520306072064,0.019015472133257383,0.650098033704204,0.8157864992431838,0.0035410650371854604,1.4694255979845734,45.06896664444793,FOLLOWING,WALKING,0.5390012265474362
38.75,P,-1.6075091467002272,1.272803379951189,0.1178858936487136,1.612199802668118,1.7617556220477668,0.9417556220477669,0.17585909194472782,0.38284593296236324,0.23243131375173673,0.45,0.05065215121409564,0.34437855053645083,0.42131331538827566,3.532087697809752,4.321162209110519,3.532087697809752,4.321162209110519,0.010990268966739158,0.01286818393389133,0.6230740120548138,0.782728139621316,0.00185144013617192,1.4076535918123019,45.13934932403854,FOLLOWING,WALKING,0.5386597338887258
38.8,P,-1.6380348202368864,1.2341976150658749,0.09899446185537158,1.6115709748370581,1.7584589779161102,0.9384589779161102,0.17355887597253172,0.383653721228292,0.23261863063285482,0.45,0.025003443767704536,0.3451553378585545,0.4221521045980295,3.5400547472672255,4.329765175364405,3.5400547472672255,4.329765175364405,0.007967049457473507,0.008602966253885569,0.6044134499382687,0.7597607155077183,0.0006274569078735751,1.3648016223538604,45.20758940515623,FOLLOWING,WALKING,0.5382684355312674
38.85,P,-1.6412639552858215,1.229018080645983,0.08002124616904596,1.6107179389059976,1.7775492621896407,0.9575492621896408,0.1816290998734882,0.38543895444099624,0.23387669605249017,0.45,0.10349993694234871,0.3467323612443091,0.42414554763768336,3.556229346095478,4.35021074500188,3.556229346095478,4.35021074500188,0.016174598828252673,0.020445569637475458,0.6634405997043189,0.8322875564278072,0.004236943446176019,1.499965099578302,45.282587660135135,FOLLOWING,WALKING,0.5378274957168595
38.9,P,-1.6507136404215854,1.2159753325118523,0.061022119874538316,1.6096396622632045,1.7630988419663935,0.9430988419663936,0.17422971068644166,0.38613881319381316,0.23401003738991077,0.45,0.01714810183274086,0.3474101520057829,0.4248674743818434,3.563181046213158,4.35761512186506,3.563181046213158,4.35761512186506,0.00695170011767976,0.007404376863179962,0.6026695437069405,0.7578096128574285,0.00044932624351800773,1.360928482807887,45.35063408427553,FOLLOWING,WALKING,0.537337099523581
38.95,P,-1.664676563966513,1.196713707304506,0.04202904110836086,1.6083397302586018,1.7564199149392294,0.9364199149392295,0.1703593660439391,0.3863584365188698,0.2336075480668515,0.45,-0.016011759489985865,0.34769638731380587,0.42502048572393375,3.566116792962111,4.359184468963423,3.566116792962111,4.359184468963423,0.0029357467489532496,0.001569347098362428,0.5756778451797941,0.7244454434483802,0.0013539534319147756,1.301477242060089,45.415707946378525,FOLLOWING,WALKING,0.5367974527881066
39.0,P,-1.6801932432839561,1.174828679039115,0.023043710569910746,1.6068186317104771,1.7556423340666507,0.9356423340666508,0.16928871313644445,0.3865075040748033,0.23310076953358638,0.45,-0.015910528241535587,0.3479293267169947,0.42508568143261183,3.5685059150461,4.359853142898583,3.5685059150461,4.359853142898583,0.0023891220839886707,0.0006686739351602355,0.5720641849693682,0.719625340364436,0.001701078711655774,1.2933906040454601,45.48037747658079,FOLLOWING,WALKING,0.5362087820193107
39.05,P,-1.6954049875167834,1.1527678379331494,0.004066505921572305,1.6050759914347672,1.7571657406694468,0.9371657406694468,0.16936191631732767,0.38672808580666224,0.232654551283067,0.45,-0.0057072229760948,0.3482237575693147,0.4252324140440098,3.5715257186596374,4.361358092759074,3.5715257186596374,4.361358092759074,0.003019803613537597,0.0015049498604913225,0.5767219832719719,0.72493079902611,0.001494931778624271,1.3031477140767063,45.545534862284626,FOLLOWING,WALKING,0.5355713343031928
39.1,P,-1.710850246156407,1.1297422627831943,-0.014904184841204204,1.603111973523929,1.7586318610595109,0.9386318610595109,0.16945528002937849,0.38700569351505837,0.23226555895872641,0.45,0.0019992957949284944,0.3485657435073891,0.4254456435227276,3.5750332667424525,4.363545061771565,3.5750332667424525,4.363545061771565,0.0035075480828150596,0.0021869690124907137,0.5806433667115162,0.7293547073424871,0.0013010330828682106,1.3112991071368714,45.61109981764147,FOLLOWING,WALKING,0.5348853771991675
39.15,P,-1.7330992870317552,1.0957575255698755,-0.033869171272616225,1.6009265544872666,1.7607702649514834,0.9407702649514834,0.16991844625457864,0.38736981411307825,0.2319779933072219,0.45,0.01096842784472379,0.348977456220733,0.4257621720054235,3.579255961238287,4.366791507747933,3.579255961238287,4.366791507747933,0.004222694495834567,0.0032464459763676956,0.5864014083343869,0.7360599973934325,0.0009606082000334852,1.323422013927853,45.677270918337854,FOLLOWING,WALKING,0.5341511986277596
39.2,P,-1.7514654637944012,1.066497874757022,-0.052859256326982886,1.598514531289252,1.772731997251744,0.952731997251744,0.17509924726208714,0.3883686749134445,0.23241859235688145,0.45,0.061186995840033925,0.34990339787838065,0.42683395194850837,3.5887527987526218,4.377784122548803,3.5887527987526218,4.377784122548803,0.009496837514334722,0.010992614800870548,0.6248079269622511,0.7829048666427771,0.0014746091171854443,1.4091874027222138,45.74773028847396,FOLLOWING,WALKING,0.5333691067497545
39.25,P,-1.7705046530844533,1.0351220120615465,-0.07188172555005254,1.5958728882115365,1.779973250044668,0.9599732500446682,0.1780381739622543,0.3896357091686339,0.2332118866060976,0.45,0.07958736904409477,0.3510391419353247,0.42823227640194306,3.60040145574692,4.392125911814801,3.60040145574692,4.392125911814801,0.011648656994298179,0.014341789265997384,0.642620614492542,0.8047963260716677,0.0026640813383060555,1.4500810219025158,45.82023433956908,FOLLOWING,WALKING,0.5325394298368511
39.3,P,-1.784718353436722,1.0105269389717797,-0.09095106623001174,1.592997115018799,1.788787688645167,0.9687876886451671,0.18170628855686832,0.3912191674750992,0.23442104690066498,0.45,0.10086167769659132,0.3524224842130392,0.43001585073715926,3.6145895816721967,4.410418981919582,3.6145895816721967,4.410418981919582,0.01418812592527674,0.018293070104781428,0.6638606661138862,0.8310834727841383,0.004081717758574354,1.4990258566565988,45.89518563240191,FOLLOWING,WALKING,0.5316625161338756
39.35,P,-1.7939093387628204,0.9936837093459002,-0.1100550803770836,1.589885817754215,1.7911223099486602,0.9711223099486602,0.1823534381896974,0.392702599363279,0.23559665636620758,0.45,0.0889444423387117,0.35371135273467164,0.43169384599188637,3.627808745996632,4.427629189660373,3.627808745996632,4.427629189660373,0.013219164324435262,0.017210207740791184,0.6607384770902636,0.8276588746528731,0.003988363093550154,1.492385714836687,45.969804918143744,FOLLOWING,WALKING,0.5307387337126102
39.4,P,-1.8052195466836352,0.972831206284109,-0.129172226389601,1.5865399012621613,1.7862872438536586,0.9662872438536586,0.17964234588490413,0.3936936670130161,0.23628870742404884,0.45,0.0481023742061868,0.35458788593433604,0.4327994480916962,3.636798830095754,4.438968698376371,3.636798830095754,4.438968698376371,0.008990084099122164,0.01133950871599776,0.6337652708433906,0.7949199187109496,0.0023547434389742296,1.4310399329933143,46.041356914793404,FOLLOWING,WALKING,0.5297684703173
39.45,P,-1.8131317853461806,0.957544457805406,-0.14828720360243183,1.5829604190871627,1.7848733798666159,0.9648733798666159,0.17853481245288094,0.3944604270357133,0.23676203636278287,0.45,0.03129885033783754,0.35527631001767274,0.4336445440537539,3.6438595899248485,4.4476363492692705,3.6438595899248485,4.4476363492692705,0.007060759829094376,0.008667650892899559,0.6220010360942018,0.7806538908201006,0.001613755057019187,1.4042686819713215,46.111570348891966,FOLLOWING,WALKING,0.528752133201904
39.5,P,-1.8199721354519056,0.9440338754227755,-0.1673720702749068,1.579154146572226,1.778441060588599,0.958441060588599,0.17504975612280615,0.39475038776788474,0.2367175498030834,0.45,-0.0038891015597627143,0.3555736332754744,0.43392714226029505,3.646909059235635,4.450534792413283,3.646909059235635,4.450534792413283,0.0030494693107865345,0.0028984431440122194,0.5946146552261667,0.7471021610553104,0.00015164279152165782,1.3418684590729986,46.17866377184561,FOLLOWING,WALKING,0.5276901489591552
39.55,P,-1.8301917872042337,0.9239425208961993,-0.18640925297554933,1.575122282985217,1.770441960146667,0.950441960146667,0.1707838299969091,0.39473529384011347,0.23610161187235784,0.45,-0.0382295411611176,0.35566047707523823,0.4338101106049887,3.647799764874238,4.449334467743474,3.647799764874238,4.449334467743474,0.000890705638603162,-0.0012003246698091274,0.5786490983891243,0.7271940213306114,0.0020941047109099926,1.3079372244306458,46.24406063306714,FOLLOWING,WALKING,0.5265829633415053
39.6,P,-1.8418945900586134,0.9003866275010219,-0.2053958818840848,1.5708680503325643,1.768065638597613,0.9480656385976131,0.16924938647524446,0.394710684235997,0.2353401178592801,0.45,-0.040274856921509845,0.35576189473028613,0.4336594737417078,3.6488399459516527,4.447789474273926,3.6488399459516527,4.447789474273926,0.0010401810774145481,-0.0015449934695475065,0.5793954516286277,0.727581161498237,0.002580625307330791,1.3095572384341956,46.30953849498885,FOLLOWING,WALKING,0.5254310410740259
39.65,P,-1.8532691213263883,0.8767356065587661,-0.22433216961818453,1.5663921643066736,1.768522931776433,0.9485229317764331,0.16915524594526765,0.39468849731492706,0.23464206427596326,0.45,-0.02940229841196939,0.35585523567725513,0.433521758952599,3.6497972889974886,4.4463770148984505,3.6497972889974886,4.4463770148984505,0.0009573430458358345,-0.0014124593754756276,0.5794261812371355,0.7271391285382581,0.0023586153662117737,1.3089239251416056,46.37498469124593,FOLLOWING,WALKING,0.524234865659347
39.7,P,-1.864314633395235,0.8529963115853679,-0.24321304674737637,1.5616956845673047,1.7689154192004513,0.9489154192004513,0.16907052777349607,0.39466840437154926,0.23400237909778895,0.45,-0.021206848095655918,0.3559410106308652,0.43339579811223333,3.650677032111438,4.4450851088434185,3.650677032111438,4.4450851088434185,0.0008797431139493384,-0.0012919060550320438,0.5794621355643798,0.7267436596495166,0.0021555050913560155,1.3083613003052523,46.440402756261186,FOLLOWING,WALKING,0.5229949391747143
39.75,P,-1.8750305608774576,0.829175587945894,-0.26203764412956443,1.5567790317465982,1.7692442328568418,0.9492442328568419,0.16900877932880265,0.39465007546738395,0.23341832639739846,0.45,-0.015094561426492929,0.3560193424486145,0.4332808084861534,3.651480435370405,4.443905728063112,3.651480435370405,4.443905728063112,0.0008034032589669948,-0.0011793807803064382,0.579503633974859,0.7263932783986303,0.0019631318954837582,1.3078600442689732,46.50579575847463,FOLLOWING,WALKING,0.5217117820612492
39.8,P,-1.8960344061236487,0.7813243948871953,-0.28080440949967456,1.5516441390492883,1.7695064060097438,0.9495064060097439,0.16897609909201128,0.39463316627480455,0.23288826713508015,0.45,-0.010620196039895615,0.3560901580639488,0.4331761744856603,3.6522067493738337,4.442832558827285,3.6522067493738337,4.442832558827285,0.0007263140034288185,-0.0010731692358270095,0.5795514036451842,0.7260877799481855,0.0017776019963551108,1.3074167855897247,46.571166597754114,FOLLOWING,WALKING,0.5203859329055012
39.85,P,-1.9078530509971003,0.752399972879666,-0.29953286278999236,1.5462766786412012,1.7895140262763622,0.9695140262763623,0.178579372910026,0.39554623163824304,0.2337076557644256,0.45,0.07974977626200738,0.3568676146092306,0.43422484866725547,3.6601806626587754,4.453588191459031,3.6601806626587754,4.453588191459031,0.00797391328494168,0.010755632631745726,0.6337603659611131,0.792339960237076,0.00275756249843078,1.42885788869662,46.64260949218894,FOLLOWING,WALKING,0.5190179482133839
39.9,P,-1.9158082690257623,0.7316185589580951,-0.31825556017754736,1.5406682616914376,1.7935813479586964,0.9735813479586964,0.1803877444746913,0.396554702298744,0.23468923569206632,0.45,0.08010104088663703,0.35771363379170706,0.43539577080578096,3.6688577824790465,4.465597649290061,3.6688577824790465,4.465597649290061,0.008677119820271084,0.012009457831029913,0.6410849031258563,0.8016522903131997,0.003317273899037114,1.446054467338093,46.71491221555584,FOLLOWING,WALKING,0.5176084021765903
39.95,P,-1.9230211377264426,0.7120703991871323,-0.3369456910482214,1.5348307728407549,1.7907361835404954,0.9707361835404954,0.1789258229487234,0.3972515414960255,0.2353752982209373,0.45,0.049960088451491594,0.35829692964046034,0.43620615335159063,3.6748403040047215,4.473909265144519,3.6748403040047215,4.473909265144519,0.005982521525675022,0.008311615854458054,0.6238388409547192,0.7809381144175812,0.002325343281569695,1.4071022986538702,46.78526733048853,FOLLOWING,WALKING,0.5161578864315838
40.0,P,-1.9263003233478,0.702212470320329,-0.3555865036718059,1.5287689893188916,1.7867764143871407,0.9667764143871408,0.1769163076568021,0.39762003361070397,0.23572146993251183,0.45,0.021545884717402177,0.3586081303368733,0.43663193688453467,3.678032106019213,4.478276275738817,3.678032106019213,4.478276275738817,0.0031918020144914294,0.004367010594298115,0.6050227077767134,0.7581622072996138,0.001175041507700244,1.3643599565840274,46.853485328317724,FOLLOWING,WALKING,0.5146670098112665
40.05,P,-1.9437833011669083,0.6541258494097074,-0.37415191377282914,1.5224913151869264,1.7749190354549058,0.9549190354549059,0.17101655867597465,0.39759358213512225,0.23523655836051727,0.45,-0.03536667722226296,0.35866193172645666,0.43652523254378783,3.678583915143145,4.477181872243977,3.678583915143145,4.477181872243977,0.0005518091239320455,-0.0010944034948394687,0.5848839598008494,0.7333114821915608,0.0016425925819948325,1.319838034574405,46.91947723004644,FOLLOWING,WALKING,0.5131363980894323
40.1,P,-1.9468220994107293,0.6437981297268415,-0.3926764178617704,1.5159850719588206,1.793823088949172,0.973823088949172,0.18016579922798748,0.3983123742590713,0.2360352854202438,0.45,0.05559182714141072,0.35924853452202093,0.43737621399612164,3.6846003540720096,4.485909887139709,3.6846003540720096,4.485909887139709,0.006016438928864609,0.008728014895731384,0.6270127547767167,0.7849401500286054,0.0027147998810222486,1.4146677046863443,46.99021061528075,FOLLOWING,WALKING,0.5115666937181065
40.15,P,-1.9504666790311278,0.6318602977780268,-0.4111244628618881,1.5092645335305623,1.7821556782944772,0.9621556782944772,0.17444307100911072,0.3983086347591836,0.23598157146444937,0.45,-0.007974981710359617,0.35925368468181723,0.43736358483654997,3.684653176223766,4.485780357297949,3.684653176223766,4.485780357297949,5.28221517566152e-05,-0.00012952984176006765,0.5846368385326102,0.7333122322322926,0.0001825272532503573,1.3181315980181532,47.056117195181656,FOLLOWING,WALKING,0.5099585555578849
40.2,P,-1.9566375496121116,0.6122428107522075,-0.42949565901836617,1.5023343095792412,1.7718387769199875,0.9518387769199875,0.16928383282187198,0.3982618757101195,0.2352367317489572,0.45,-0.05161485178183779,0.35933019660566706,0.43719355481457195,3.6854379139042774,4.484036459636635,3.6854379139042774,4.484036459636635,0.0007847376805112383,-0.0017438976613135537,0.5873293107697863,0.736083529123718,0.0025230767090286157,1.3259359166025328,47.122413991011776,FOLLOWING,WALKING,0.5083126586013887
40.25,P,-1.964065465723686,0.5879784062543894,-0.4477771325448373,1.4951888421067503,1.7676043760667697,0.9476043760667697,0.1671662708941155,0.39819789990940757,0.23428050514476714,0.45,-0.058890948143992865,0.3594244763079486,0.43697132351086654,3.686404885209729,4.481757164214016,3.686404885209729,4.481757164214016,0.0009669713054516471,-0.0022792954226193984,0.5885258400274165,0.7368894089902259,0.003225963626820376,1.3286412126444629,47.18884605164399,FOLLOWING,WALKING,0.5066296936899446
40.3,P,-1.9711691017585584,0.5637057141294641,-0.46597224688441613,1.4878313167869262,1.766963803888954,0.946963803888954,0.16690560370209706,0.39813189925820514,0.23338471113007359,0.45,-0.04875345713470398,0.35950672956617796,0.4367570689502323,3.6872485083710558,4.479559681540844,3.6872485083710558,4.479559681540844,0.0008436231613266898,-0.002197482673171436,0.5887992976809561,0.7366149575829605,0.0030105306338589597,1.3284247858977756,47.255267290938875,FOLLOWING,WALKING,0.5049103672236144
40.35,P,-1.9779499243167247,0.5394310491298343,-0.4840757220773314,1.480264378288073,1.7662462176633322,0.9462462176633323,0.16667394940009395,0.39806352356409924,0.23254722318607896,0.45,-0.04118507595780468,0.3595769581268032,0.4365500890013953,3.687968801300545,4.477436810270721,3.687968801300545,4.477436810270721,0.0007202929294893856,-0.002122871270123561,0.5890711681296288,0.7363799204740881,0.0028044791399200425,1.328255567743637,47.32168006932605,FOLLOWING,WALKING,0.5031554008646946
40.4,P,-1.9876112114976168,0.5034808651144079,-0.5020865641098374,1.4724901621178028,1.765453903496593,0.9454539034965931,0.16646767303545928,0.397992439627841,0.2317656367272581,0.45,-0.0356105415807403,0.3596352267494798,0.43634965250620217,3.6885664281997927,4.475381051345663,3.6885664281997927,4.475381051345663,0.0005976268992475831,-0.0020557589250573827,0.5893405586639177,0.7361816062331823,0.002608486319318773,1.3281306512164186,47.38808660188687,FOLLOWING,WALKING,0.5013655312348081
40.45,P,-1.99593853709673,0.47025708720250275,-0.5199860018960049,1.464506227716063,1.7736297515760158,0.9536297515760158,0.1708361780424701,0.3979561572635784,0.23165195709026576,0.45,0.008197509116484633,0.35961775836513943,0.4362945561620174,3.688387265283481,4.474815960636076,3.688387265283481,4.474815960636076,-0.00017916291631170367,-0.0005650907095873237,0.5872429495366354,0.7335681625882579,0.0003792111896245116,1.321190323314518,47.45414611805259,FOLLOWING,WALKING,0.4995415096057191
40.5,P,-2.003708568782747,0.4370866560047198,-0.5377906326986421,1.4563140494851674,1.7795974936983365,0.9595974936983366,0.17404276345779168,0.3979450043742554,0.23198253444804104,0.45,0.03265212244907086,0.3595518949231046,0.4363381138254062,3.6877117428010724,4.475262705901602,3.6877117428010724,4.475262705901602,-0.0006755224824086525,0.0004467452655259052,0.5856296172911472,0.7318441781405711,0.0011043096953450497,1.3185781051270635,47.52007502330894,FOLLOWING,WALKING,0.4976841015839967
40.55,P,-2.010209387237157,0.40703048502461725,-0.5555266088776205,1.4478943520053729,1.7854242842960408,0.9654242842960409,0.1771621646728705,0.3981229889546307,0.2327011732340744,0.45,0.05110653414017566,0.3596109447843914,0.43663503312487006,3.688317382404014,4.4783080320499495,3.688317382404014,4.4783080320499495,0.0006056396029414657,0.003045326148347627,0.5956382918906709,0.7444433633737602,0.0024080844764373965,1.3424897397408684,47.58719951029598,FOLLOWING,WALKING,0.4957940867896636
40.6,P,-2.013072470252102,0.39128979338079006,-0.5731787261414276,1.4392605332525914,1.7887145035588974,0.9687145035588974,0.17903912719138537,0.3984580216159825,0.23360133808150393,0.45,0.05434006138590667,0.3597970001634936,0.4371190430684714,3.690225642702498,4.483272236599706,3.690225642702498,4.483272236599706,0.0019082602984843433,0.004964204549756879,0.6053121101675872,0.756729150774572,0.0030280278650901362,1.3650692888072493,47.65545297473634,FOLLOWING,WALKING,0.49387225852896033
40.65,P,-2.017155151794605,0.3693269862000414,-0.5907284255704478,1.4304208134630836,1.7808808679854211,0.9608808679854212,0.17543167618913413,0.39844611592120754,0.23392448055888662,0.45,0.007917251357709647,0.3597316143887118,0.43716061745370327,3.689555019371403,4.483698640550803,3.689555019371403,4.483698640550803,-0.0006706233310951326,0.00042640395109661,0.5860078286323072,0.7335049610758868,0.0010885094808229616,1.320601299189017,47.72148303969579,FOLLOWING,WALKING,0.4919194234613685
40.7,P,-2.0198099821375357,0.3533639191259034,-0.6081723818960455,1.4213767846926337,1.7778113835675309,0.9578113835675309,0.17415637062259792,0.39842135923812166,0.23404314253704867,0.45,-0.007330275379704272,0.3596872191482401,0.43715549932800324,3.689099683571693,4.4836461469538795,3.689099683571693,4.4836461469538795,-0.00045533579970991056,-5.249359692349742e-05,0.5866881149711003,0.7344219115115295,0.0003999171206694078,1.3215099436032993,47.78755853687595,FOLLOWING,WALKING,0.4899364012610262
40.75,P,-2.0219107098300615,0.3398901468547076,-0.6254856101778887,1.4121493384982347,1.7701333835142514,0.9501333835142515,0.1705720561981976,0.398364637634298,0.2336660558701005,0.45,-0.03950081503060085,0.3596929053877964,0.43703636988079964,3.689158003977399,4.482424306469739,3.689158003977399,4.482424306469739,5.832040570563635e-05,-0.001221840484140202,0.588595777361579,0.7364939354442726,0.001268817900292573,1.326358530706144,47.853876463411254,FOLLOWING,WALKING,0.48792402427268156
40.8,P,-2.0247644234668147,0.3218707649553609,-0.642687266916979,1.4027229905476015,1.7606086541314656,0.9406086541314657,0.16600775881289564,0.39826849655314406,0.23271049772283142,0.45,-0.07271944500812862,0.35975490918001546,0.43678208392627266,3.6897939403078506,4.479816245397668,3.6897939403078506,4.479816245397668,0.0006359363304517807,-0.0026080610720713437,0.5910512410602544,0.7388362348452187,0.0032021051335791423,1.3330895810390522,47.9205309424632,FOLLOWING,WALKING,0.4858831371623283
40.85,P,-2.0284290860719065,0.29790468718591884,-0.6597747269125265,1.3930991894773948,1.754530934530531,0.9345309345305312,0.16322113342027,0.3981476915813545,0.2314743009622848,0.45,-0.08346313335045366,0.35983869477209635,0.43645668839061263,3.6906532797138087,4.476478855288335,3.6906532797138087,4.476478855288335,0.0008593394059581705,-0.003337390109333427,0.5926723025234807,0.7399723541561049,0.004120528046391162,1.3367651847259767,47.987369201699494,FOLLOWING,WALKING,0.48381459656266956
40.9,P,-2.031796173614472,0.2740001254661067,-0.6767417343819808,1.383282103934404,1.7529020944409437,0.9329020944409437,0.1627971949948308,0.39802108677061415,0.23030449219035853,0.45,-0.07226814040753889,0.35990569331310984,0.43613648022811846,3.691340444237024,4.473194669006343,3.691340444237024,4.473194669006343,0.0006871645232151558,-0.0032841862819914525,0.5931422920006497,0.7397586967288062,0.003879535898567826,1.336780524628024,48.05420822793089,FOLLOWING,WALKING,0.4817192707135588
40.95,P,-2.034868699994858,0.25016221467497474,-0.6935962708290065,1.373272554217494,1.7511936046703178,0.9311936046703179,0.1623997662361898,0.3978883625408862,0.22919801141320836,0.45,-0.06388650450863462,0.35995609165200027,0.4358206334297722,3.691857350276926,4.4699552146643295,3.691857350276926,4.4699552146643295,0.0005169060399019543,-0.003239454342013559,0.5936002501566275,0.739576137577109,0.003651885990572758,1.3368282737243093,48.121049641617105,FOLLOWING,WALKING,0.4795980390975685
41.0,P,-2.037649779625656,0.22639597050602686,-0.7103483095304315,1.363075626649851,1.7493966285630531,0.9293966285630532,0.16203535462457275,0.397749158197742,0.2281529831462049,0.45,-0.05773816838870015,0.35998983948704505,0.4355084769084389,3.6922034819184106,4.466753609317322,3.6922034819184106,4.466753609317322,0.0003461316414847815,-0.003201605347007863,0.5940484792020312,0.7394262653011058,0.003433338958881017,1.336908083462018,48.1878950457902,FOLLOWING,WALKING,0.4774517920708405
41.05,P,-2.04241875898003,0.18257464283005545,-0.7269729830083625,1.3526952107803356,1.7475038864644012,0.9275038864644013,0.16171602033910037,0.39760307571751174,0.22716934757736304,0.45,-0.053363836577254804,0.36000654869345816,0.43519960274156533,3.6923748583944427,4.463585669144259,3.6923748583944427,4.463585669144259,0.00017137647603204798,-0.0031679401730624335,0.5944884179130864,0.7393109071579429,0.003217706646159014,1.337017031717188,48.254745897376054,FOLLOWING,WALKING,0.47528143048937144
41.1,P,-2.0456611143945858,0.14643758903857956,-0.7434890201356954,1.342123081284877,1.760562334330139,0.9405623343301391,0.16916754629074404,0.39751281045093423,0.22729003156887717,0.45,0.015833378078991024,0.35989631022628504,0.4351293106755834,3.691244207449077,4.462864724877779,3.691244207449077,4.462864724877779,-0.0011306509453654634,-0.0007209442664803944,0.5909667496141261,0.7351647196930984,0.0003949958626719339,1.3265264651698963,48.32107222063455,FOLLOWING,WALKING,0.4730878653308921
41.15,P,-2.0467601333665737,0.12790619977410025,-0.7598696727751005,1.3313720354441445,1.767856317531166,0.947856317531166,0.17359625300010562,0.39745344778639696,0.22799652256700367,0.45,0.044443560986132793,0.35972002330155783,0.4351868722712361,3.689436136426234,4.463455100217806,3.689436136426234,4.463455100217806,-0.001808071022843194,0.0005903753400273715,0.5888030665974345,0.7330587954007866,0.0023195158674875014,1.3241813778657086,48.38728128952783,FOLLOWING,WALKING,0.47087201731249734
41.2,P,-2.0479851216257408,0.10580452434556337,-0.776123322979443,1.3204356359019847,1.7619356047217876,0.9419356047217876,0.1713120697418553,0.39736950128499104,0.22832399972545375,0.45,0.008614841207917421,0.35958187933042846,0.43515712323955363,3.6880192751838816,4.46314998194414,3.6880192751838816,4.46314998194414,-0.0014168612423524074,-0.000305118273666416,0.5900041788292616,0.7347656555828843,0.0010767008827591558,1.3258465352949051,48.453573616292566,FOLLOWING,WALKING,0.46863481650418903
41.25,P,-2.0478248661129834,0.10092685912681494,-0.7922462912283195,1.3093172370813488,1.758681657383332,0.938681657383332,0.1703643718437382,0.39727236373177494,0.22849078995181302,0.45,-0.007597792147030005,0.3594571379947499,0.4350875894688,3.6867398768692294,4.462436815064615,3.6867398768692294,4.462436815064615,-0.0012793983146521803,-0.0007131668795246071,0.590553568544531,0.7355761309664741,0.0005487844403098404,1.3266784839513148,48.51990754049013,FOLLOWING,WALKING,0.4663772019384912
41.3,P,-2.0499385810911908,0.057806304649949104,-0.8082369794432743,1.2980189559484325,1.7426086374291,0.9226086374291002,0.1627988454256557,0.39710845940875417,0.2276195550890953,0.45,-0.07664756567330745,0.3594374230415089,0.43477949577599945,3.686537672220604,4.4592768797538405,3.686537672220604,4.4592768797538405,-0.00020220464862541476,-0.003159935310774742,0.5944764546464948,0.7397604652497914,0.0028556653223509886,1.3370925852186373,48.58676216975106,FOLLOWING,WALKING,0.46410012121630684
41.35,P,-2.0502085711297116,0.04037947028265123,-0.8240926310971617,1.2865445226780698,1.7549787143939424,0.9349787143939424,0.16996564942831371,0.3969976250518622,0.2278029622530081,0.45,-0.005356762579870729,0.35929623479898937,0.43469901530473504,3.6850895876819423,4.458451439022923,3.6850895876819423,4.458451439022923,-0.0014480845386617425,-0.0008254407309173928,0.5910647309084489,0.7357949884888565,0.0006016420114238413,1.3274613614087294,48.653135237821495,FOLLOWING,WALKING,0.461804530109175
41.4,P,-2.0500297932366722,0.032686506763643576,-0.839810849908921,1.274895386711837,1.7482241378649306,0.9282241378649306,0.16728041084999568,0.3968591859581826,0.22760552149245672,0.45,-0.03389841153995274,0.359190472151181,0.4345278997651842,3.6840048425762153,4.456696407848042,3.6840048425762153,4.456696407848042,-0.0010847451057269808,-0.001755031174880628,0.5925028016571923,0.7374375989242417,0.0006471159446760421,1.33058751652611,48.719664613647794,FOLLOWING,WALKING,0.4594913921580997
41.45,P,-2.050121903799879,0.016490586096643473,-0.8553881359763815,1.2630752428549712,1.7342758696964806,0.9142758696964807,0.16083496713871126,0.3966631747094894,0.22655768990693712,0.45,-0.08781314094234646,0.35916787702989134,0.4341584723890875,3.683773097742475,4.452907409118846,3.683773097742475,4.452907409118846,-0.00023174483374033272,-0.003788998729196358,0.595872289026828,0.7408336585199478,0.0034184779693467583,1.3401244255161224,48.7866708349236,FOLLOWING,WALKING,0.4571616782691177
41.5,P,-2.0501785125323946,-0.0063108335668976,-0.8708225453087008,1.2510873939838798,1.726662121679574,0.9066621216795739,0.15769944369329325,0.3964366810315946,0.22519134581483807,0.45,-0.10199474120942176,0.35916751329923885,0.4337058487639503,3.6837693671716805,4.448265115527695,3.6837693671716805,4.448265115527695,-3.7305707945023414e-06,-0.004642293591150981,0.5976780723481457,0.7421187829114787,0.004430719655221736,1.3442275749148462,48.85388221366934,FOLLOWING,WALKING,0.4548163663057748
41.55,P,-2.049983199246643,-0.028993838592853302,-0.8861121402331685,1.2389356042736637,1.7239288848656056,0.9039288848656056,0.1572185605819394,0.3962005228335013,0.22389671691191615,0.45,-0.09158214012481022,0.3591456161845792,0.43325542948242346,3.683544781380299,4.443645430588958,3.683544781380299,4.443645430588958,-0.00022458579138140422,-0.004619684938736768,0.5982093805562705,0.7419157851063718,0.004174029518162559,1.3442991951808048,48.92109717342837,FOLLOWING,WALKING,0.45245644067868185
41.6,P,-2.049539910301359,-0.05155497989282912,-0.9012581206676753,1.2266185400962717,1.7211161826259558,0.9011161826259558,0.15676936203317826,0.3959544203472492,0.22267090909520368,0.45,-0.0838099591518118,0.359102384891993,0.43280645580250543,3.68310138350762,4.439040572333389,3.68310138350762,4.439040572333389,-0.00044339787267899666,-0.004604858255569333,0.598716791963228,0.7417344582388693,0.0039305050692967905,1.3443817552713941,48.98831626119194,FOLLOWING,WALKING,0.4500828919323226
41.65,P,-2.04864143984852,-0.08335602460462027,-0.9162550524360785,1.2141446191984684,1.7182196063383934,0.8982196063383935,0.15635127368122603,0.3956980774334137,0.2215112401326489,0.45,-0.07811670380368826,0.3590379671914603,0.43235818767536704,3.6824406891431827,4.434442950516585,3.6824406891431827,4.434442950516585,-0.0006606943644373864,-0.0045976218168037875,0.5992014490258174,0.7415744414459753,0.0036990678245597012,1.3444749582963522,49.05554000910676,FOLLOWING,WALKING,0.4476967163292871
41.7,P,-2.0472579689714188,-0.11625113840931778,-0.93110249788181,1.2015152167497878,1.7221518083683651,0.9021518083683652,0.1596379417899172,0.3954603441499123,0.22091123826102285,0.45,-0.043629340035000436,0.35889953421771303,0.4320211540821116,3.6810208637714155,4.430986195713965,3.6810208637714155,4.430986195713965,-0.0014198253717672138,-0.00345675480262031,0.5978370256801744,0.7395779059524308,0.0019086790524457948,1.339323610685051,49.12250618964101,FOLLOWING,WALKING,0.4452989154321051
41.75,P,-2.045515065636417,-0.14662812930695704,-0.9458033085849585,1.1887285022097656,1.7269369422282275,0.9069369422282275,0.16338492727806475,0.39524452742799643,0.2208770796174593,0.45,-0.012976296243904829,0.3586893707513069,0.43179968410468594,3.678865341039045,4.42871470876601,3.678865341039045,4.42871470876601,-0.0021555227323704074,-0.0022714869479552036,0.5961422623267881,0.7375769243137894,0.0001086460046497345,1.3338278326452273,49.18919758127326,FOLLOWING,WALKING,0.44289049568285455
41.8,P,-2.043265569833844,-0.17866000447058306,-0.9603547909619131,1.1757882672723965,1.729896899220556,0.9098968992205559,0.1661698716411406,0.39504265721924153,0.22122230432726733,0.45,0.0029022996960000533,0.3584303658530788,0.43165494858540426,3.6762088805443978,4.427230241901582,3.6762088805443978,4.427230241901582,-0.0026564604946472947,-0.0014844668644276027,0.5948283907031829,0.7362969490142826,0.0010997482437280417,1.3322250879611934,49.25580883567132,FOLLOWING,WALKING,0.4404724679807226
41.85,P,-2.041842768588834,-0.19129906920406378,-0.9747518841775928,1.162694875266104,1.7341354836991707,0.9141354836991707,0.16958350292051083,0.39485991121485936,0.2219938467888095,0.45,0.020913565468786238,0.3581199295713114,0.43159989285840733,3.6730249186801167,4.426665567778537,3.6730249186801167,4.426665567778537,-0.0031839618642810485,-0.0005646741230451724,0.593112996445406,0.7348261290209294,0.0024663985775807804,1.330405524043916,49.32232911187351,FOLLOWING,WALKING,0.43804584725769374
41.9,P,-2.0399318639384814,-0.20986677579073082,-0.9889940251138185,1.1494473580177358,1.7239438962029616,0.9039438962029617,0.16548372668620237,0.39463562074883957,0.22213476521256587,0.45,-0.028530403917669214,0.3578723171061599,0.4313989243915192,3.670485303652922,4.42460435273353,3.670485303652922,4.42460435273353,-0.002539615027194575,-0.0020612150450070033,0.5951001306832056,0.7373864160732138,0.00045076148604351597,1.332937308242463,49.388975977285625,FOLLOWING,WALKING,0.43561165205254937
41.95,P,-2.038202431918113,-0.2244908068883849,-1.0030798801134004,1.136049454508138,1.7181982584803521,0.8981982584803522,0.163682259711611,0.39438884006019254,0.22201839375237678,0.45,-0.04753452103526522,0.3576447958941742,0.4311328842262109,3.6681517527607608,4.421875735653445,3.6681517527607608,4.421875735653445,-0.0023335508921613624,-0.002728617080085094,0.5959976097281312,0.738459167607235,0.0003720471072451322,1.3348288244426112,49.45571741850775,FOLLOWING,WALKING,0.4331709040833493
42.0,P,-2.036733287143044,-0.23563933827203937,-1.0170057827237358,1.1225107433164845,1.7095462848766683,0.8895462848766683,0.16034345229824964,0.394107549458249,0.22146292043740284,0.45,-0.07514561026371802,0.35745543612585884,0.43075966279063915,3.6662096012908596,4.418047823493735,3.6662096012908596,4.418047823493735,-0.0019421514699011766,-0.00382791215970979,0.5976747286610996,0.7401712337294593,0.0017714410928521968,1.3396174034834112,49.52269828868192,FOLLOWING,WALKING,0.4307246278185808
42.05,P,-2.035057710042681,-0.2486199442234864,-1.0307692406128521,1.1088290315195213,1.6983568021438087,0.8783568021438087,0.15562853451148984,0.3937813309774213,0.22032648055271375,0.45,-0.107847300030285,0.3573172984459472,0.4302453635088954,3.664792804573817,4.4127729590655935,3.664792804573817,4.4127729590655935,-0.0014167967170424234,-0.0052748644281415125,0.600061434162025,0.7423373082050785,0.003605584322207419,1.346004326689311,49.58999850501638,FOLLOWING,WALKING,0.42827385004715274
42.1,P,-2.0323577971267595,-0.2698027878431139,-1.0443695868169285,1.0950106796806653,1.6885683437680128,0.8685683437680128,0.1516769439440111,0.3934164516464359,0.21877021992988396,0.45,-0.12719011087712667,0.3572099802480401,0.4296229230448317,3.6636921051081037,4.4063889543059656,3.6636921051081037,4.4063889543059656,-0.0011006994657134506,-0.00638400475962797,0.6021356702647906,0.7438351605440803,0.004902674093635839,1.3508735049025067,49.6575421802615,FOLLOWING,WALKING,0.4258195994474161
42.15,P,-2.029454821037298,-0.29083481435055125,-1.0578094393123356,1.0810575336507369,1.6848847155949587,0.8648847155949587,0.15111932139432005,0.3930390990597391,0.21729430632512886,0.45,-0.11541625044559786,0.3570768913629303,0.4290013067565479,3.662327090901849,4.40001340263126,3.662327090901849,4.40001340263126,-0.0013650142062546777,-0.006375551674705271,0.6026162278525251,0.7434735213313238,0.0046181897703518205,1.3507079389542007,49.725077577209206,FOLLOWING,WALKING,0.4233629061553911
42.2,P,-2.02635288656056,-0.31171419441138576,-1.0710795737776106,1.0669766465940909,1.6811256236022147,0.8611256236022148,0.15059786496634864,0.3926490400547832,0.2158955874630731,0.45,-0.10656468011564059,0.3569183203296446,0.42837975977992176,3.6607007213296883,4.393638561845351,3.6607007213296883,4.393638561845351,-0.0016263695721607796,-0.006374840785909441,0.6030611958932889,0.7431264307337961,0.0043484721180368415,1.3505360987451218,49.79260438214646,FOLLOWING,WALKING,0.4209048013323825
42.25,P,-2.0230560841117295,-0.33243922814307847,-1.0841864271259563,1.052769537238761,1.67730007368619,0.8573000736861901,0.15011695772753342,0.39224608301507746,0.21457181800998287,0.45,-0.09995287012070922,0.3567344471344253,0.4277577188957296,3.6588148424043623,4.387258655340816,3.6588148424043623,4.387258655340816,-0.00188587892532599,-0.0063799065045344605,0.6034683106626144,0.7427897548865872,0.004090228101729626,1.3503482936509312,49.860121796829,FOLLOWING,WALKING,0.41844631673216465
42.3,P,-2.0239805870219816,-0.32558037925856814,-1.0971266716929364,1.0384381039768893,1.6734035844646875,0.8534035844646876,0.14966610472075903,0.3918300246269101,0.21331956034628713,0.45,-0.09510779126876535,0.3565256373895995,0.42713441186422063,3.6566732039958922,4.380865762709955,3.6566732039958922,4.380865762709955,-0.002141638408470037,-0.006392892630861624,0.6038388004057601,0.7424627066588396,0.0038466871813419828,1.3501481942459417,49.92762920654129,FOLLOWING,WALKING,0.41598848426791785
42.35,P,-2.0205834768251973,-0.34603816723158765,-1.1099064744311606,1.0239876438537583,1.6491223735577474,0.8291223735577474,0.13782450855813222,0.39131411553196715,0.2105939129670064,0.45,-0.18102140518017962,0.35646082293592757,0.42616740812800674,3.656008440368488,4.370947775671864,3.656008440368488,4.370947775671864,-0.0006647636274044189,-0.009917987038090992,0.6095872661962489,0.7475429790256625,0.008265668356382757,1.365395913578294,49.9958990022202,FOLLOWING,WALKING,0.41353233557909785
42.4,P,-2.017001529116419,-0.36633977608502416,-1.1225129687972175,1.0094264113497124,1.6450845953109672,0.8250845953109672,0.13748172629734068,0.39078558309504446,0.2080945547204469,0.45,-0.158962920326374,0.3563459342888105,0.4252252319012784,3.654830095269851,4.361284429756702,3.654830095269851,4.361284429756702,-0.0011783450986366795,-0.009663345915162047,0.6101071696872089,0.7465231150547581,0.007489480916227768,1.3641197656581947,50.064104990503104,FOLLOWING,WALKING,0.4110789015984206
42.45,P,-2.0132387222581825,-0.3864839546478485,-1.1349512760023228,0.9947589020612261,1.6409882348848908,0.8209882348848908,0.13722823706053244,0.3902442495514594,0.20581091125157422,0.45,-0.142015063729309,0.3561825437393239,0.42430595536359494,3.653154294762296,4.351855952447128,3.653154294762296,4.351855952447128,-0.001675800507555003,-0.009428477309573857,0.610543016206411,0.7455592615470319,0.006767981903554869,1.3628702596569977,50.13224850348595,FOLLOWING,WALKING,0.40862921211914144
42.5,P,-2.0092990035793132,-0.40646957354170965,-1.1472193360230514,0.9799862220544805,1.636832510509394,0.816832510509394,0.1370594391624178,0.3896899388123158,0.20373284441334333,0.45,-0.1290569369610481,0.35597215306190744,0.42340772456272413,3.650996441660589,4.342643328848452,3.650996441660589,4.342643328848452,-0.002157853101707019,-0.009212623598675584,0.6108973302897011,0.7446475299230135,0.006096534736807388,1.3616413949495219,50.200330573233416,FOLLOWING,WALKING,0.40618429536281686
42.55,P,-2.0051862859909706,-0.42629562333401594,-1.1593200591955324,0.9651135879114611,1.6326178445540094,0.8126178445540094,0.13696658301145437,0.3891224839544718,0.20185004867855544,0.45,-0.11920894103331063,0.35571630089817086,0.42252866701077274,3.6483723169043163,4.3336273539566434,3.6483723169043163,4.3336273539566434,-0.0026241247562728276,-0.009015974891808831,0.611172280222192,0.7437834709439967,0.005472610714349765,1.3604283618805384,50.268351991327435,FOLLOWING,WALKING,0.40374517754772193
42.6,P,-2.000904444707194,-0.44596121260822214,-1.1712540382451868,0.9501417859021769,1.6283455612283015,0.8083455612283016,0.13693286062491516,0.38854173519561036,0.20015097999506354,0.45,-0.11178102063909784,0.35541674800642736,0.42166672238479336,3.645299979553101,4.324786896254291,3.645299979553101,4.324786896254291,-0.0030723373512153707,-0.008840457702352644,0.611370011676324,0.7429617017636829,0.0048970117739497755,1.3592287252139565,50.33631342758813,FOLLOWING,WALKING,0.4013128824581105
42.65,P,-1.996457314071501,-0.4654655659556438,-1.1830189227270536,0.9350781608078785,1.6240145871858112,0.8040145871858112,0.13695989930131613,0.3879475391600259,0.19862546840123496,0.45,-0.1062454818854551,0.3550750241396215,0.4208200541804303,3.641795119380733,4.316103119799285,3.641795119380733,4.316103119799285,-0.0035048601723679518,-0.00868377645500562,0.6114934522717499,0.7421787379986463,0.004363278550210552,1.3580354688206069,50.40421520102916,FOLLOWING,WALKING,0.3988884310144964
42.7,P,-1.991848684490817,-0.48480802189341043,-1.1946149833502844,0.9199238102185147,1.6196310527677895,0.7996310527677896,0.13702872450921566,0.3873397822746652,0.19726179936985566,0.45,-0.10215902730995129,0.3546929544789541,0.4199866100703763,3.637876456194401,4.307554975080782,3.637876456194401,4.307554975080782,-0.003918663186332161,-0.008548144718503181,0.611543576003868,0.7414276426934667,0.0038735972189977556,1.3568448159163324,50.47205744182497,FOLLOWING,WALKING,0.396472840845137
42.75,P,-1.9870822994777924,-0.5039880307130796,-1.2060441074718853,0.9046797150590692,1.6151944447597502,0.7951944447597502,0.13713954717915566,0.38671835008328637,0.19604945830205617,0.45,-0.09920511653713628,0.35427216473429607,0.41916453543227666,3.633560663941498,4.2991234403310425,3.633560663941498,4.2991234403310425,-0.004315792252902906,-0.008431534749739455,0.6115233702857082,0.7407047091437379,0.003422574858519945,1.355650654287966,50.53983997453937,FOLLOWING,WALKING,0.39406712585889886
42.8,P,-1.9821618528024296,-0.523005152264143,-1.2173060207571549,0.889349353393413,1.6107034101133093,0.7907034101133094,0.13729163197169214,0.38608312387794347,0.19497888278802905,0.45,-0.09714054334330716,0.3538141187765247,0.41835212897936225,3.628862756682304,4.2907910664549975,3.628862756682304,4.2907910664549975,-0.004697907259193723,-0.008332373876045018,0.6114357157392323,0.7400067672660623,0.003005850494379442,1.354448333499674,50.60756239121435,FOLLOWING,WALKING,0.3916722958196837
42.85,P,-1.9770909857536265,-0.5418590536770167,-1.228399427807235,0.8739406014946496,1.6061599215099562,0.7861599215099563,0.1374680524636629,0.38543400400959565,0.19403918159182068,0.45,-0.09576097366253425,0.35332051945614934,0.41754748856304197,3.6238001995502493,4.282538344236328,3.6238001995502493,4.282538344236328,-0.005062557132054835,-0.008252722218669462,0.6112826104533766,0.7393286231902132,0.0026256794551651787,1.353236913098755,50.67522423686928,FOLLOWING,WALKING,0.389289355922595
42.9,P,-1.9718732845111917,-0.5605495070295257,-1.2393254736692303,0.8584487618583818,1.6015703895003817,0.7815703895003817,0.13766397941545527,0.3847709238378058,0.19321990065372513,0.45,-0.09488750029890598,0.3527930302796143,0.41674881739599734,3.61839005414989,4.274346845087152,3.61839005414989,4.274346845087152,-0.005410145400359223,-0.008191499149176273,0.6110651823107581,0.7386643398433428,0.0022795398931150387,1.3520090620472158,50.74282468997164,FOLLOWING,WALKING,0.38691930637202193
42.95,P,-1.9665122776285255,-0.5790763869613997,-1.2500802256540657,0.8428839125839416,1.596929047351894,0.776929047351894,0.13787144473270851,0.3840937951451936,0.19251055562726832,0.45,-0.09443415568649353,0.3522332981888807,0.4159542921015065,3.612649212193648,4.266197867707759,3.612649212193648,4.266197867707759,-0.0057408419562419155,-0.008148977379392797,0.6107877234416413,0.738011681110244,0.001966412234514923,1.3507658167864003,50.81036298081096,FOLLOWING,WALKING,0.38456314196181796
43.0,P,-1.9610114336261755,-0.597439668240578,-1.2606659084022263,0.8272443035096858,1.5922455773464756,0.7722455773464757,0.13808846750952686,0.3834025760634688,0.19190144317832766,0.45,-0.09426590945930689,0.35164288721745557,0.415162264909482,3.6065937150508263,4.258074511892123,3.6065937150508263,4.258074511892123,-0.006055497142821942,-0.008123355815635946,0.6104504266006943,0.7373640952866214,0.0016832096353383008,1.349497731522654,50.877837867387086,FOLLOWING,WALKING,0.3822218516577512
43.05,P,-1.9553741586961055,-0.6156394232856577,-1.2710834315512236,0.8115317946201859,1.5875163854471914,0.7675163854471915,0.13830975195547257,0.3826972114117841,0.19138311537448371,0.45,-0.09433585373511115,0.351023305817307,0.41437111700626117,3.6002390340236614,4.249960174423191,3.6002390340236614,4.249960174423191,-0.006354681027164855,-0.008114337468931865,0.6100568610106485,0.7367191845853951,0.0014284683343421976,1.3482045139303858,50.9452480930836,FOLLOWING,WALKING,0.3798964181823986
43.1,P,-1.9496037945165112,-0.6336758196482019,-1.2813305994587734,0.7957513519228746,1.582741761777745,0.7627417617777451,0.13854132452097723,0.3819776450621753,0.19094788264736728,0.45,-0.0945903100589519,0.350375770484036,0.4135795196403146,3.593597645990113,4.241841227080149,3.593597645990113,4.241841227080149,-0.006641388033548523,-0.00811894734304186,0.6096093142614102,0.7360742838323729,0.0011967374549048612,1.346880335548688,51.01259210986103,FOLLOWING,WALKING,0.3775878176026649
43.15,P,-1.9437036161767303,-0.6515491174589226,-1.2914054050082568,0.7799069771080118,1.5779262029823717,0.7579262029823718,0.13876742825518296,0.3812438498037551,0.19058669719708027,0.45,-0.09496890054562629,0.3497017514176383,0.41278594818987185,3.5866846299244957,4.233702032716634,3.5866846299244957,4.233702032716634,-0.006913016065617228,-0.0081391943635154,0.6091088571554143,0.7354242861782931,0.00099125484546019,1.3455243981791676,51.07986832976999,FOLLOWING,WALKING,0.3752970189200913
43.2,P,-1.9376768302117535,-0.6692596668413022,-1.301310840723302,0.7639969151764248,1.5730732681494561,0.7530732681494562,0.13898174733962998,0.38049581803718174,0.1902905633682223,0.45,-0.09542865569041836,0.34900272979974095,0.41198890627462253,3.5795151774332403,4.225527243842282,3.5795151774332403,4.225527243842282,-0.007169452491255335,-0.008174788874351968,0.6085571413568074,0.7347647819611167,0.000811461213011129,1.3441333845309353,51.14707499899653,FOLLOWING,WALKING,0.3730249836641312
43.25,P,-1.931526572745565,-0.6868079052965036,-1.311045026196966,0.7480263222744294,1.5681792316169583,0.7481792316169583,0.1391817156731474,0.3797335263660696,0.190051038647275,0.45,-0.09596811218151817,0.3482800794699456,0.4111869732621936,3.572103379178929,4.217302289868652,3.572103379178929,4.217302289868652,-0.007411798254311375,-0.0082249539736301,0.6079576621932206,0.7340939210148127,0.0006555156767674498,1.3427070988848007,51.214210353940764,FOLLOWING,WALKING,0.3707726654885626
43.3,P,-1.9252559077425537,-0.704194355062858,-1.3206056966532915,0.7319978136064014,1.563248735875522,0.7432487358755221,0.13937206470739305,0.378956970547841,0.18986116351804555,0.45,-0.0965493087639048,0.34753494798560447,0.41037899311007753,3.5644610049805587,4.209015313949513,3.5644610049805587,4.209015313949513,-0.0076423741983702165,-0.008286975919139294,0.6073114678888505,0.7334080119709212,0.0005191187466044527,1.3412385986063762,51.28127228387108,FOLLOWING,WALKING,0.3685410097712052
43.35,P,-1.918867825365977,-0.7214196204534817,-1.3299870067447588,0.7159087382647367,1.5582842561988488,0.7382842561988489,0.13955266050745996,0.3781661577180164,0.1897146563347481,0.45,-0.09715217141320924,0.34676838209461563,0.4095639333414172,3.5565987907140064,4.200655726578638,3.5565987907140064,4.200655726578638,-0.007862214266552314,-0.008359587370874166,0.6066198707948731,0.7327041460421829,0.00040024166298983124,1.339724258500046,51.34825849679608,FOLLOWING,WALKING,0.3663309532171125
43.4,P,-1.912365240442389,-0.738484385175288,-1.339195994408374,0.6997642795746687,1.5532847225526953,0.7332847225526954,0.13973821302269984,0.37736108303620525,0.18960784945933779,0.45,-0.0977766417453797,0.34598098395068483,0.40874118212172567,3.548522912314716,4.1922172525305195,3.548522912314716,4.1922172525305195,-0.00807587839929047,-0.008438474048118927,0.6058846542298211,0.7319818521529688,0.00029162047613792165,1.3381581268589278,51.41516640313902,FOLLOWING,WALKING,0.3641434234654031
43.45,P,-1.905750991030855,-0.7553894096324842,-1.3482324823786638,0.6835713709003726,1.5482513382052134,0.7282513382052135,0.13989829440623347,0.37654176155043717,0.18953333425824553,0.45,-0.09841267169031781,0.34517399473069754,0.4079095283701768,3.540246099802026,4.183687470463352,3.540246099802026,4.183687470463352,-0.008276812512689968,-0.008529782067167702,0.6051070448908173,0.7312372765604522,0.0002033728490295191,1.3365476943002992,51.48199378785403,FOLLOWING,WALKING,0.3619793386998975
43.5,P,-1.8990278370955993,-0.7721355282176888,-1.357095503081665,0.6673320951327376,1.5431898831321738,0.7231898831321738,0.14004732102908957,0.37570822766753104,0.18948638917134808,0.45,-0.09903228623982374,0.3443482302596729,0.40706822507538915,3.53177672061203,4.17505871872194,3.53177672061203,4.17505871872194,-0.008469379189996129,-0.008628751741412088,0.6042874795667204,0.7304675580462461,0.00012809455207969322,1.334883132165046,51.54873794446228,FOLLOWING,WALKING,0.35983960726372427
43.55,P,-1.8921984592807062,-0.7887236465934827,-1.3657841178606498,0.6510472685740553,1.5381019775437246,0.7181019775437246,0.14016982687670354,0.37486052991467333,0.18946067688256826,0.45,-0.09963196785624019,0.3435047878906083,0.4062162719387384,3.523126029647264,4.166320737833214,3.523126029647264,4.166320737833214,-0.008650690964765673,-0.008737980888725794,0.6034272642419933,0.7296696741051873,7.014913396451152e-05,1.3331670874811452,51.61539629883634,FOLLOWING,WALKING,0.35772512727805555
43.6,P,-1.8852654577853134,-0.8051547389673192,-1.3743021457146254,0.6347105613679078,1.5329880452942488,0.7129880452942489,0.1402754785391669,0.3739987135506928,0.18945179879709897,0.45,-0.10021423682556198,0.3426444408497729,0.4053529862516127,3.514301957433568,4.157466525657566,3.514301957433568,4.157466525657566,-0.008824072213696077,-0.00885421217564808,0.6025280633927764,0.7288424212861424,2.4220357373248445e-05,1.3313947050362922,51.68196603408815,FOLLOWING,WALKING,0.3556367862651345
43.65,P,-1.878231351337775,-0.8214298453622652,-1.3826518506127692,0.618321070399099,1.5278401714157477,0.7078401714157477,0.14035550176804223,0.37312279099993534,0.18945461165607477,0.45,-0.1008177497893446,0.341768052770855,0.4044775292290157,3.505313361752359,4.148487479271956,3.505313361752359,4.148487479271956,-0.008988595681209244,-0.00897904638561009,0.6015933913145035,0.7279862443205315,7.673891110605508e-06,1.3295873095261457,51.74844539956445,FOLLOWING,WALKING,0.35357546077575047
43.7,P,-1.8710985762670256,-0.837550068886338,-1.3908103440669028,0.6019250468520264,1.5226561466642863,0.7026561466642863,0.1403862002832137,0.37223277497842905,0.18946128752870114,0.45,-0.10144755374212026,0.340876931892429,0.4035886180644291,3.4961736604351694,4.139370441686452,3.4961736604351694,4.139370441686452,-0.009139701317189441,-0.009117037585503418,0.6006257648060455,0.7270984466801116,1.8213399693648655e-05,1.3277424248858505,51.81483252080874,FOLLOWING,WALKING,0.3515420160213185
43.75,P,-1.863869485669497,-0.8535165730026124,-1.3987950676574108,0.5854943421907699,1.517486538595943,0.6974865385959431,0.14044789444506356,0.3713288726862812,0.1894756245259146,0.45,-0.10187536741956524,0.3399706568272423,0.40268708854532004,3.4868785315614597,4.130123985080205,3.4868785315614597,4.130123985080205,-0.009295128873709757,-0.009246456606247122,0.5996133931562391,0.7261677828447475,3.911776561217838e-05,1.3258202937665988,51.88112353549707,FOLLOWING,WALKING,0.3495373055107214
43.8,P,-1.856546348669678,-0.8693305788026124,-1.4066039098669398,0.5690308628633459,1.5122984587491242,0.6922984587491242,0.1404818102582266,0.3704111652158524,0.18949310645818374,0.45,-0.10229033791326536,0.339050056097023,0.40177227433468177,3.477436472789979,4.120741275227505,3.477436472789979,4.120741275227505,-0.009442058771480522,-0.009382709852699733,0.5985650120089493,0.7252012899114769,4.770296139701454e-05,1.3238140048818232,51.94731423574115,FOLLOWING,WALKING,0.3475621706920603
43.85,P,-1.8491313497725408,-0.8849933622849272,-1.4142383125035907,0.5525343949170323,1.507093837525431,0.6870938375254311,0.14049027366173616,0.3694797402948571,0.18950998275669975,0.45,-0.1026867969565981,0.3381158381486233,0.4008436424410909,3.46785475024229,4.11121684554965,3.46785475024229,4.11121684554965,-0.009581722547689075,-0.009524429677855828,0.5974816432634921,0.7241974231930243,4.605446938705026e-05,1.3217251209259033,52.01340049178744,FOLLOWING,WALKING,0.3456174405994695
43.9,P,-1.8416265883058498,-0.9005062516412392,-1.4216961948007367,0.5360147514956756,1.5018715013579254,0.6818715013579254,0.14047851111874565,0.36853467675749424,0.18952358348206044,0.45,-0.10307398076317278,0.33716852369121325,0.39990082982377523,3.458138704525264,4.1015469725515405,3.458138704525264,4.1015469725515405,-0.009716045717026223,-0.009669872998109064,0.5963648097844748,0.723156016478122,3.7118278199715597e-05,1.3195579445407966,52.07937838901448,FOLLOWING,WALKING,0.34370393150514156
43.95,P,-1.8340340779504087,-0.9158706245516299,-1.4289773194248634,0.5194691489930667,1.4966409482046275,0.6766409482046275,0.14037033678484057,0.3675761291420247,0.1895212205998079,0.45,-0.10341213886978685,0.3362103671327565,0.3989418911512929,3.448311457771861,4.091711704115824,3.448311457771861,4.091711704115824,-0.00982724675340263,-0.009835268435716138,0.5952147769870213,0.722068067377611,6.448555132384119e-06,1.3172892929197646,52.14524285366046,FOLLOWING,WALKING,0.3418224465767086
44.0,P,-1.8263557463562703,-0.9310879054908993,-1.4360821588171018,0.5028948969779605,1.4913990891597604,0.6713990891597604,0.14023700862715338,0.3666042041923259,0.1895010947044928,0.45,-0.10372564811585017,0.33524177301873237,0.3979666353659195,3.438377159166486,4.081709080676097,3.438377159166486,4.081709080676097,-0.009934298605375425,-0.010002623439727465,0.5940350313156915,0.7209363444678023,5.491986039527386e-05,1.315026295643889,52.21099416844265,FOLLOWING,WALKING,0.33997377554012465
44.05,P,-1.818593434842828,-0.946159563047673,-1.4430071300652798,0.48629957023614745,1.4861427087958738,0.6661427087958739,0.14007805767494297,0.3656189926816339,0.18946152302016084,0.45,-0.10403407913146522,0.33426311062179725,0.39697487474147053,3.4283395961209973,4.071537176835595,3.4283395961209973,4.071537176835595,-0.010037563045488529,-0.010171903840501706,0.5928272067789182,0.7197615101805744,0.00010796128678091754,1.3126966782462735,52.276629002354966,FOLLOWING,WALKING,0.33815869434818946
44.1,P,-1.8107488981808002,-0.9610871072577226,-1.4497565710617812,0.4696819679561816,1.4808795497489617,0.6608795497489618,0.13988927253975092,0.36462062129835215,0.18940042251101114,0.45,-0.10430448152895744,0.3332748513727798,0.3959663912239245,3.4182036038233825,4.061193756142815,3.4182036038233825,4.061193756142815,-0.010135992297614749,-0.010343420692779937,0.5915902794574213,0.718540765830084,0.00016664345637972918,1.3102976887438849,52.34214388679216,FOLLOWING,WALKING,0.33637796485485366
44.15,P,-1.8028238044539557,-0.9758720869530823,-1.4563285508289545,0.45304809434447657,1.4756068605245962,0.6556068605245963,0.1396721845810267,0.36360920174864236,0.18931612517834864,0.45,-0.10455732817979642,0.3322773830316257,0.39494102046565904,3.407973159298725,4.050677132981118,3.407973159298725,4.050677132981118,-0.01023044452465749,-0.010516623161697325,0.5903258763568404,0.717274766464278,0.00022980735910849116,1.307830450180227,52.40753540930117,FOLLOWING,WALKING,0.3346323344954418
44.2,P,-1.794819734998589,-0.9905160871281163,-1.4627253882896825,0.4363997321371376,1.4703305224690475,0.6503305224690475,0.13942726507998127,0.36258487087700814,0.18920719344631126,0.45,-0.10477060342465691,0.3312710803616436,0.3938986613923727,3.3976521062732674,4.039986270691002,3.3976521062732674,4.039986270691002,-0.010321053025457605,-0.010690862290116065,0.5890333986094023,0.715961682614891,0.00029679360906297307,1.3052918748333564,52.472800003042835,FOLLOWING,WALKING,0.3329225359729268
44.25,P,-1.7867381844185366,-1.0050207263239652,-1.4689434164100494,0.41973760414870026,1.4650513337031732,0.6450513337031732,0.139156497269036,0.3615477665129844,0.18907260123300001,0.45,-0.10494950124108063,0.3302562510089229,0.39283928201704593,3.387243600091517,4.029120841200471,3.387243600091517,4.029120841200471,-0.010408506181750266,-0.010865429490531042,0.5877134495132925,0.7146014134089143,0.0003664468782211051,1.302681309800428,52.537934068532856,FOLLOWING,WALKING,0.3312492869503894
44.3,P,-1.778580560673776,-1.0193876540322413,-1.4749878552578237,0.4030540571651399,1.4597704664860243,0.6397704664860243,0.13887266294530876,0.36049802478324183,0.1889131506073167,0.45,-0.10509642672349952,0.3292328983577309,0.39176315120875277,3.3767476754639065,4.018083602141054,3.3767476754639065,4.018083602141054,-0.01049592462761062,-0.01103723905941667,0.5863661763980167,0.7131946578149087,0.0004337614089236864,1.299994595621849,52.60293379831394,FOLLOWING,WALKING,0.3296132897497879
44.35,P,-1.7703481852403653,-1.033618548119249,-1.4808552794108247,0.38637481755171976,1.454478928185593,0.634478928185593,0.13857542229810815,0.359435739146656,0.18872951755682965,0.45,-0.10525798136622856,0.3282010039910007,0.3906704743023113,3.366164143497443,4.006876659510885,3.366164143497443,4.006876659510885,-0.010583531966463333,-0.011206942630169081,0.5849939018879055,0.7117446269362093,0.0004990604691731242,1.2972375892932877,52.6677956777786,FOLLOWING,WALKING,0.32801523105717056
44.4,P,-1.7620422933398037,-1.0477151122713675,-1.4865489994964434,0.3696865200366163,1.4492022981886268,0.6292022981886268,0.13827653272720686,0.35836111420180555,0.18852389771931963,0.45,-0.10531839745231092,0.32716040912925815,0.38956181927435296,3.3554913756846987,3.9955058387113125,3.3554913756846987,3.9955058387113125,-0.01067276781274451,-0.011370820799572634,0.5835903385566644,0.7102453684384893,0.0005582052463075927,1.2943939122414612,52.73251537339067,FOLLOWING,WALKING,0.32645578163444816
44.45,P,-1.753664034235586,-1.0616790734626769,-1.492068275825949,0.3529965762568313,1.4439265709245745,0.6239265709245746,0.1379745843834923,0.3572742887589004,0.18829807683915914,0.45,-0.10536154997463366,0.32611095704201953,0.38843762047578123,3.3447277645335336,3.9839755946233972,3.3447277645335336,3.9839755946233972,-0.010763611151165087,-0.011530244087915253,0.5821588008502442,0.7087020795683393,0.0006123115791986181,1.2914731919977822,52.797089032990556,FOLLOWING,WALKING,0.32493559603785144
44.5,P,-1.7452144715950273,-1.075512179445351,-1.4974165262616081,0.33630282357384916,1.4386589362066415,0.6186589362066416,0.1376705522345496,0.35617543258983775,0.18805379370690745,0.45,-0.10535960173912083,0.3250525297313446,0.3872983354483309,3.333872099808662,3.972290619982881,3.333872099808662,3.972290619982881,-0.010855664724871428,-0.0116849746405161,0.5806974469893574,0.7071137784991807,0.000661512524522973,1.2884727380130612,52.861512669891205,FOLLOWING,WALKING,0.32345531234319086
44.55,P,-1.7366945839142682,-1.0892161962635545,-1.5025911427170986,0.3196136155864341,1.43339646450714,0.61339646450714,0.13737498656408254,0.35506469608292485,0.18779403752236787,0.45,-0.10533536483432243,0.32398478287297294,0.38614460929287675,3.3229208499792096,3.9604575312089922,3.3229208499792096,3.9604575312089922,-0.010951249829452614,-0.011833088773888889,0.5792066986670329,0.7054831070398123,0.0007024415423917735,1.285392247249237,52.925782282253664,FOLLOWING,WALKING,0.3220155518780334
44.6,P,-1.7281052650044524,-1.1027929057914232,-1.5075937579300878,0.3029298978661124,1.428147702423538,0.6081477024235381,0.13707107992422407,0.35394227365509706,0.18751922955990136,0.45,-0.10525613773862126,0.32290784116293336,0.38497670614726076,3.3118752939788036,3.9484790374078025,3.3118752939788036,3.9484790374078025,-0.01104555600040591,-0.01197849380118976,0.5776845209073633,0.7038078795724693,0.0007420575945405513,1.282234458074373,52.98989400515738,FOLLOWING,WALKING,0.3206169189609094
44.65,P,-1.7194473245371569,-1.1162441032955168,-1.5124256140598287,0.2862523035390838,1.4229131826907113,0.6029131826907114,0.13676740538115983,0.35280835667752225,0.18723090633036782,0.45,-0.10513167426056354,0.3218216416798464,0.3837950716751981,3.3007347864599628,3.9363597094892113,3.3007347864599628,3.9363597094892113,-0.01114050751884088,-0.01211932791859116,0.5761310379716127,0.7020893052877595,0.0007773554819759914,1.278997698741348,53.05384389009445,FOLLOWING,WALKING,0.31926000064765864
44.7,P,-1.7107214886470694,-1.1295715950222693,-1.5170864719553905,0.26960559288750163,1.4176932530674344,0.5976932530674345,0.13646310874714396,0.35166313634655705,0.18693033537819548,0.45,-0.10497039626565917,0.3207261658414657,0.3826001068516484,3.2894991368355453,3.9241036600169066,3.2894991368355453,3.9241036600169066,-0.011235649624417476,-0.012256049472304742,0.5745463103615431,0.7003283212639948,0.0008090759360811232,1.275683707561619,53.117628075472524,FOLLOWING,WALKING,0.31794536648502225
44.75,P,-1.7019284005901,-1.142777195810637,-1.521577403752245,0.25297016098871106,1.412512415115804,0.592512415115804,0.13616878336477822,0.35050690997594836,0.186620087594621,0.45,-0.1046725960743896,0.31962128547903856,0.38139253447285815,3.2781670305542416,3.9117183022857245,3.2781670305542416,3.9117183022857245,-0.011332106281303655,-0.0123853577311821,0.5729245763669221,0.6985198461959108,0.0008337379470725906,1.2722781605099056,53.18124198349802,FOLLOWING,WALKING,0.3166735682715837
44.8,P,-1.693068621454966,-1.1558627267303765,-1.5259098748382551,0.2363426203272594,1.4073511168407031,0.5873511168407032,0.13587389184895193,0.3493398861339213,0.18630105423476745,0.45,-0.10435433734846876,0.3185070616580673,0.3801727106097753,3.266739093928895,3.8992072883053877,3.266739093928895,3.8992072883053877,-0.011427936625346469,-0.012511013980336827,0.5712707724115937,0.6966703515827262,0.000855882018385654,1.2687970060127056,53.24468183379865,FOLLOWING,WALKING,0.3154451398261593
44.85,P,-1.6841426309265548,-1.1688300127459859,-1.530072875140693,0.21973568966298923,1.402204612368089,0.582204612368089,0.13556574238730468,0.34816225399388856,0.18597232403357686,0.45,-0.1040410028113095,0.3173838343663316,0.3789406736214455,3.2552188140136575,3.886571011502005,3.2552188140136575,3.886571011502005,-0.01152027991523763,-0.012636276803382529,0.5695866969481612,0.6947812466443893,0.0008803399607343795,1.265248283553285,53.30794424797631,FOLLOWING,WALKING,0.3142605967637356
44.9,P,-1.6751508280991747,-1.1816808804066556,-1.5340662411407884,0.20314886077955566,1.3970870407939675,0.5770870407939676,0.13525801575415386,0.34697426031072565,0.18563492375702997,0.45,-0.10366929711895687,0.3162516804289372,0.3776968401925141,3.24360697875833,3.873813745564247,3.24360697875833,3.873813745564247,-0.011611835255327385,-0.012757265937758167,0.5678695947718876,0.6928499148308432,0.0009019191544183474,1.2616214287571492,53.371025319414166,FOLLOWING,WALKING,0.31312043627904707
44.95,P,-1.6660935323380959,-1.1944171555621452,-1.537893977059064,0.1865826430454426,1.3919979427970028,0.5719979427970029,0.13495588226064958,0.3457761452123171,0.1852904754865147,0.45,-0.10325408293943214,0.3151105715192989,0.3764417189053353,3.2319032976338344,3.8609407067213874,3.2319032976338344,3.8609407067213874,-0.011703681124495713,-0.012873038842859508,0.5661198846904553,0.6908779689824562,0.000919050967069724,1.2579169046399814,53.43392116464616,FOLLOWING,WALKING,0.31202513693788675
45.0,P,-1.6569709841876028,-1.207040661104822,-1.5415575617858774,0.17003887624365363,1.3869374786658335,0.5669374786658335,0.13465948694404095,0.3445681469568748,0.18494045867530878,0.45,-0.10280422686990344,0.31396050104611123,0.3751757928676384,3.220107703037038,3.8479568499244965,3.220107703037038,3.8479568499244965,-0.011795594596796466,-0.012983856796890958,0.5643377798738546,0.6888666725672488,0.0009321446823623258,1.2541365971234657,53.496627994502326,FOLLOWING,WALKING,0.3109751584762344
45.05,P,-1.6477833463240645,-1.2195532147377035,-1.5450550051823955,0.15352274914694064,1.3819074897598502,0.5619074897598503,0.13436016010105,0.3433505127164743,0.18458503442141969,0.45,-0.10231924814485234,0.31280168951972936,0.3738993359132193,3.2082224566126087,3.8348649837253257,3.2082224566126087,3.8348649837253257,-0.01188524642442923,-0.013091866199170799,0.5625233911706728,0.6868161915276328,0.0009447263731919542,1.2502843090714975,53.559142209955894,FOLLOWING,WALKING,0.30997094160728944
45.1,P,-1.6385307045523414,-1.2319566267686564,-1.5483873147724827,0.1370349044237788,1.376913473923276,0.5569134739232761,0.13406644553037594,0.34212350916714046,0.1842255011258785,0.45,-0.10178268323391262,0.31163418873080756,0.37261282960347336,3.196248089546744,3.821670047215111,3.196248089546744,3.821670047215111,-0.011974367065864744,-0.013194936510214639,0.5606759575076904,0.684726481777935,0.0009537869022122809,1.2463562261878378,53.621460021265285,FOLLOWING,WALKING,0.3090129078364877
45.15,P,-1.6292130688441444,-1.2442526979305466,-1.5515544481849077,0.1205739489882082,1.3719561374904126,0.5519561374904126,0.1337706993831047,0.34088740597549805,0.1838619954300098,0.45,-0.10120277322705225,0.31045824573183145,0.37131656621916465,3.184187135711092,3.8083750381452783,3.184187135711092,3.8083750381452783,-0.0120609538356522,-0.01329500906983272,0.5587959710053712,0.6825981380750228,0.0009624223093333532,1.2423565313897273,53.68357784783477,FOLLOWING,WALKING,0.30810145928458077
45.2,P,-1.6198303744168432,-1.2564432172273399,-1.5545604114388147,0.10414983816926912,1.3670342488402354,0.5470342488402354,0.13347636347826097,0.3396424630475821,0.1834951049565741,0.45,-0.10059447317788156,0.3092740231772691,0.3700109029178951,3.172041263356606,3.794983619670719,3.172041263356606,3.794983619670719,-0.012145872354485832,-0.01339141847455938,0.5568844109173395,0.6804326735049769,0.0009694455254014706,1.238286529947718,53.74549217433215,FOLLOWING,WALKING,0.3072369785188517
45.25,P,-1.61038248285133,-1.2685299598060682,-1.5574065264592656,0.08776306450079038,1.362157711302415,0.5421577113024151,0.13320957719951143,0.3383889741246997,0.18312888738285074,0.45,-0.09992045424515841,0.3080811432628379,0.3686968049865615,3.1598065975675684,3.781505692169861,3.1598065975675684,3.781505692169861,-0.012234665789037535,-0.013477927500857856,0.5549389565429369,0.6782302033378791,0.0009657362421505117,1.2341348961229663,53.807198919138294,FOLLOWING,WALKING,0.3064198283925379
45.3,P,-1.6008691832477144,-1.2805146848544124,-1.5600901716305695,0.07141397434304615,1.3573272338456555,0.5373272338456555,0.13295130177158465,0.33712723955875845,0.1827644243837296,0.45,-0.0991920551209669,0.3068797273232512,0.3673747517942657,3.1474843828025763,3.767946172248879,3.1474843828025763,3.767946172248879,-0.012322214764992179,-0.013559519920982144,0.5529596912182834,0.6759915174475969,0.0009591965315070434,1.2299104051973873,53.86869443939816,FOLLOWING,WALKING,0.30565035189252876
45.35,P,-1.5912901934174581,-1.2923991335239389,-1.5626204077962136,0.05508516681104072,1.3525435399083867,0.5325435399083868,0.13270190954131955,0.3358575597076905,0.18240273973343482,0.45,-0.09841805631833783,0.305669906281807,0.36604521313357397,3.135075961864687,3.7543098782930664,3.135075961864687,3.7543098782930664,-0.012408420937889186,-0.013636293955812562,0.5509470584933382,0.6737177925902714,0.0009500007043195624,1.225614851787929,53.92997518198756,FOLLOWING,WALKING,0.304928871995402
45.4,P,-1.581645161110901,-1.3041850268786523,-1.5649868143994143,0.03881703343848032,1.347789262554357,0.5277892625543571,0.1324414877820903,0.3345801586252882,0.18204206661067354,0.45,-0.09768490428603524,0.30445219660122175,0.3647081206493547,3.1225866318074025,3.7405961092241506,3.1225866318074025,3.7405961092241506,-0.012489330057284587,-0.013713769068915749,0.5489061071844622,0.6714136848560909,0.0009454706011928469,1.221265262641746,53.99103844511964,FOLLOWING,WALKING,0.3042556915318586
45.45,P,-1.5719336652789173,-1.3158740638688748,-1.5671974734170437,0.022590218238524796,1.3431053698542135,0.5231053698542135,0.13221603754791267,0.33329543077040524,0.18168702501857442,0.45,-0.0968033532237404,0.3032262281298312,0.3633646334109793,3.1100125962033967,3.726816752933121,3.1100125962033967,3.726816752933121,-0.012574035604005829,-0.013779356291029554,0.5468277144385969,0.669071535328734,0.0009288928890194544,1.2168281426563503,54.051879852252455,FOLLOWING,WALKING,0.30363109305961455
45.5,P,-1.5621552173677762,-1.3274679193301189,-1.5692544104479966,0.006408973975943061,1.3384726616523137,0.5184726616523138,0.13199972235457635,0.33200368686509335,0.18133828503458482,0.45,-0.09589053160287761,0.30199220069186955,0.36201517303831715,3.0973559045319954,3.71297613372633,3.0973559045319954,3.71297613372633,-0.012656691671401266,-0.01384061920679125,0.5447166990394052,0.666697490282818,0.0009106547129231905,1.2123248440351464,54.11249609445421,FOLLOWING,WALKING,0.3030553387448008
45.55,P,-1.5523092626460404,-1.338968242006996,-1.5711547205909129,-0.00972857944597686,1.3338957849240778,0.5138957849240778,0.13179212200145263,0.33070525574200393,0.18099639300132248,0.45,-0.09493287225448374,0.30075035270028505,0.3606601587837228,3.0846190020542057,3.699078551627926,3.0846190020542057,3.699078551627926,-0.012736902477789691,-0.013897582098403749,0.5425728371147239,0.6642915569627196,0.000891089637355823,1.2077554837147992,54.17288386863994,FOLLOWING,WALKING,0.3025286702519232
45.6,P,-1.5423951815627537,-1.3503766526017837,-1.5729030528698114,-0.025813539344947907,1.3293732477413873,0.5093732477413874,0.13160327075906642,0.32940045279433017,0.1806631952536642,0.45,-0.09394680396233651,0.29950069397984874,0.3593002116088116,3.07180198953691,3.6851303754749907,3.07180198953691,3.6851303754749907,-0.012817012517295723,-0.013948176152935421,0.5403970254246449,0.6618560474669839,0.0008668306043031119,1.203119903495932,54.23303986381474,FOLLOWING,WALKING,0.3020513086424273
45.65,P,-1.5324122911358864,-1.3616947418476957,-1.5745013654482967,-0.041861222059389316,1.324914401466121,0.504914401466121,0.1314198401564639,0.32808963705121164,0.18033855414942043,0.45,-0.09289743070179568,0.29824360633948255,0.3579356677629407,3.0589087829690516,3.671135053978879,3.0589087829690516,3.671135053978879,-0.012893206567858417,-0.01399532149611149,0.53818808491868,0.659389302249442,0.0008430524259378556,1.1984204395940599,54.292960885794436,FOLLOWING,WALKING,0.30162345428191095
45.7,P,-1.5223598463703063,-1.372924068606628,-1.5759477797173704,-0.057842695971114765,1.320504452901718,0.5005044529017181,0.13127026095972094,0.3267730873056134,0.18002618396404074,0.45,-0.09186376963077454,0.2969787538595646,0.35656742075166215,3.0459359370211754,3.657101751299099,3.0459359370211754,3.657101751299099,-0.012972845947876177,-0.014033302679780313,0.5359495147669292,0.6568981416365332,0.0008097812993959025,1.1936574377028581,54.35264375767957,FOLLOWING,WALKING,0.30124528675602363
45.75,P,-1.5122370417045603,-1.3840661579912426,-1.5772460716588772,-0.07377648708437602,1.3161727406588069,0.4961727406588069,0.13111553779929785,0.3254512256732364,0.1797241631705419,0.45,-0.0907132741808144,0.29570687666851175,0.3551955746779611,3.032891042753967,3.6430315351585754,3.032891042753967,3.6430315351585754,-0.013044894267208562,-0.014070216140523506,0.5336759856244154,0.6543745785019948,0.0007816382549522562,1.1888322023813624,54.41208536779864,FOLLOWING,WALKING,0.3009169647950883
45.8,P,-1.502043012485664,-1.3951224995114193,-1.5783966496069861,-0.08965107884160811,1.3119013665900443,0.49190136659004435,0.13097509231451743,0.3241243818586637,0.17943338431594757,0.45,-0.0895503997635915,0.2944281567543744,0.35382060696295303,3.0197759667115323,3.6289293021841336,3.0197759667115323,3.6289293021841336,-0.01311507604243456,-0.014102232974441797,0.5313726302641208,0.6518252898594731,0.0007513262491302525,1.1839492463727244,54.471282830117275,FOLLOWING,WALKING,0.3006386262074763
45.85,P,-1.4917768364714354,-1.4060945452448337,-1.5794006156704323,-0.10546973092592012,1.307702377487825,0.48770237748782497,0.13085014599731526,0.3227929369016026,0.1791548155939904,0.45,-0.08832486386536773,0.2931428149207972,0.352443058882408,3.006592973546638,3.6148006039221334,3.006592973546638,3.6148006039221334,-0.013182993164894352,-0.014128698262000139,0.5290376299737238,0.6492486408830993,0.0007186597633798958,1.179004930620203,54.53023307664828,FOLLOWING,WALKING,0.3004103878217645
45.9,P,-1.481437535359636,-1.416983708031806,-1.5802614300796924,-0.12123641113661195,1.3035731027845057,0.4835731027845057,0.13074206327152127,0.3214572551682538,0.17888951257624675,0.45,-0.08706220250959257,0.29185104083688496,0.35106346949962264,2.9933440085834353,3.6006509692268986,2.9933440085834353,3.6006509692268986,-0.013248964963202603,-0.01414963469523478,0.5266724244712461,0.6466469771829993,0.0006834229564201022,1.1740028246106655,54.58893321787881,FOLLOWING,WALKING,0.3002323454376982
45.95,P,-1.4710240763435993,-1.4277913596942164,-1.5809761049978819,-0.13693585412069487,1.2995103768646261,0.47951037686462616,0.13064815101190907,0.32011768344588726,0.1786380617052298,0.45,-0.08578451200495324,0.2905530842336717,0.3496822826581028,2.9800316331658636,3.586484950339516,2.9800316331658636,3.586484950339516,-0.013312375417571687,-0.01416601888738267,0.5242786038903179,0.6440224836295466,0.0006468292254608692,1.1689479167453254,54.647380613716074,FOLLOWING,WALKING,0.3001045737859806
46.0,P,-1.4605353736937112,-1.438518829278703,-1.581549982346411,-0.15257564726377,1.2955297699685113,0.4755297699685114,0.1305678735127105,0.3187746363071347,0.17840091845892275,0.45,-0.0844265897067696,0.289249284302183,0.3482999883120864,2.9666593261762357,3.5723075724316553,2.9666593261762357,3.5723075724316553,-0.01337230698962788,-0.014177377907860667,0.5218538482738551,0.6413725169397063,0.0006092146504441621,1.1638355798640057,54.70557239270927,FOLLOWING,WALKING,0.30002712649690544
46.05,P,-1.4499702903645342,-1.4491674013240112,-1.5819847732677426,-0.1681534028488219,1.291624714411294,0.47162471441129405,0.13050119222036494,0.3174284938079781,0.17817848756277976,0.45,-0.08303498442303747,0.28793995411633805,0.34691703349961817,2.953230298629108,3.5581234205089043,2.953230298629108,3.5581234205089043,-0.013429027547127603,-0.01418415192275102,0.5194007055011214,0.6387002613613166,0.00057070656953271,1.1586716734319706,54.76350597638087,FOLLOWING,WALKING,0.30000003607784675
46.1,P,-1.4393276396270416,-1.4597383141527966,-1.5822764336635717,-0.18366816303411676,1.2877983879418369,0.4677983879418369,0.13044805868054987,0.31607964650488807,0.17797112672837603,0.45,-0.08160312431558156,0.2866254250313418,0.34553386797843433,2.939747949039403,3.543937107471121,2.939747949039403,3.543937107471121,-0.013482349589704956,-0.014186313037783282,0.5169196017730131,0.6360063067816588,0.0005314210752696507,1.1534573296299415,54.821178842862366,FOLLOWING,WALKING,0.3000233138996142
46.15,P,-1.4286061867258917,-1.4702327581877999,-1.5824281842819132,-0.19911517338852214,1.2840519414309333,0.4640519414309333,0.13041455286061,0.3147284843408156,0.1777799786917208,0.45,-0.08013480161413045,0.2853058978673358,0.34415107081429536,2.92621433710088,3.529754572454311,2.92621433710088,3.529754572454311,-0.013533611938523205,-0.014182535016809883,0.5144112372677396,0.6332921476161266,0.0004893450319228916,1.1481927299157892,54.87858847935815,FOLLOWING,WALKING,0.30009695019168037
46.2,P,-1.417804650561287,-1.4806518742928014,-1.5824446228014777,-0.21449771315591173,1.2803910032947254,0.4603910032947255,0.13039838312442398,0.31337541952732123,0.17760576254434596,0.45,-0.0786132730583371,0.28398166582623197,0.3427691732284105,2.9126324700126354,3.515581263881133,2.9126324700126354,3.515581263881133,-0.013581867088244604,-0.014173308573178112,0.511875423540612,0.6305578819860663,0.0004455618005094949,1.1428788673271877,54.935732422724506,FOLLOWING,WALKING,0.30022091404628193
46.25,P,-1.4069217053954175,-1.4909967521383973,-1.5823213402248437,-0.22981244404993806,1.2768134868584022,0.4568134868584023,0.13040179154849674,0.3120208496864383,0.17744942814895842,0.45,-0.07705942530532592,0.28265296932778566,0.3413887300450909,2.899004813618314,3.5014228722573426,2.899004813618314,3.5014228722573426,-0.013627656394321175,-0.0141583916237904,0.5093136064836226,0.6278057496718404,0.0003994768664860759,1.1375188330219492,54.9926083643756,FOLLOWING,WALKING,0.30039515343139256
46.3,P,-1.3959559825831975,-1.5012684285930278,-1.5820680831960279,-0.24505545062276762,1.2733227756020318,0.4533227756020318,0.13041017334714788,0.310665187668431,0.17730985873592756,0.45,-0.07546548126618512,0.281320406047635,0.340009969289227,2.885337497924461,3.487281736299764,2.885337497924461,3.487281736299764,-0.013667315693853155,-0.014141135957578488,0.5067265425741794,0.6250356296379249,0.00035635727388039126,1.1321185294859846,55.049214290849896,FOLLOWING,WALKING,0.30061959521256265
46.35,P,-1.384906072327281,-1.5114678861395048,-1.5816795736736529,-0.2602347840307688,1.2699247064355548,0.4499247064355548,0.13043333849119554,0.3093088658973271,0.1771873735586462,0.45,-0.07381457972012405,0.27998435557337115,0.33863337622128303,2.8716344161371397,3.4731628330388,2.8716344161371397,3.4731628330388,-0.01370308178732138,-0.0141189032609641,0.5041143678327714,0.6222476974961847,0.0003125207068178527,1.1266745860357739,55.10554802015168,FOLLOWING,WALKING,0.30089414518361646
46.4,P,-1.3737705254573007,-1.521596051317422,-1.5811618158560783,-0.27533524596095027,1.266611261060299,0.44661126106029914,0.1304609210909753,0.3079522781779401,0.17708086055006325,0.45,-0.07215453183282261,0.2786453957569046,0.33725916059897554,2.8579014949426114,3.4590683138356466,2.8579014949426114,3.4590683138356466,-0.013732921194528291,-0.01409451920315341,0.5014803019097873,0.6194448162979523,0.00027160437916288495,1.1211967225869026,55.16160785628102,FOLLOWING,WALKING,0.3012186881061939
46.45,P,-1.3625478552331898,-1.5316537931919973,-1.5805138776797165,-0.2903581012086711,1.2633990431771869,0.4433990431771869,0.13052479688439034,0.3065958815638637,0.17699362207444963,0.45,-0.07041429351529617,0.2773034371105423,0.3358883260171851,2.844137816518382,3.445008471971129,2.844137816518382,3.445008471971129,-0.013763678424229209,-0.014059841864517697,0.49882154959366204,0.616625791695167,0.00022234541447677328,1.1156696867033058,55.21739134061619,FOLLOWING,WALKING,0.30159308775812
46.5,P,-1.3512365391727708,-1.5416419218496857,-1.5797347871573764,-0.30530738126144996,1.2602873409970936,0.44028734099709366,0.1306008857638623,0.30524013138478356,0.1769253794451261,0.45,-0.06861463853434217,0.2759589810866152,0.3345212816829519,2.830348523965284,3.4309875044405325,2.830348523965284,3.4309875044405325,-0.013789292553098242,-0.014020967530596451,0.49613949739838603,0.6137918483352824,0.00017386348445856006,1.110105209218127,55.27289660107709,FOLLOWING,WALKING,0.30201718699058216
46.55,P,-1.3398350209034773,-1.5515611869212822,-1.5788299363874767,-0.3201832853750998,1.2572726615907777,0.4372726615907777,0.1306871139114627,0.3038854625573862,0.17687560187866097,0.45,-0.06678400744457781,0.2746125504464678,0.33315837466830456,2.8165389789381314,3.4170089709569695,2.8165389789381314,3.4170089709569695,-0.013809545027152481,-0.013978533483562927,0.49343641672514227,0.6109451050649051,0.000126783893211475,1.1045083056832588,55.328122016361256,FOLLOWING,WALKING,0.3024908077940913
46.6,P,-1.2962780079608685,-1.5886898608040725,-1.5777953052754528,-0.33498882336496005,1.2543564509514364,0.4343564509514365,0.1307904512040372,0.30253231004877484,0.1768447526033399,0.45,-0.0649228526198728,0.2732645034929221,0.3318001166046276,2.802712856337662,3.4030781190218216,2.802712856337662,3.4030781190218216,-0.013826122600469226,-0.013930851935147981,0.4907133115091972,0.608086873774753,7.855966745492288e-05,1.098878744951405,55.38306595360882,FOLLOWING,WALKING,0.3030137513731986
46.65,P,-1.2692513311174207,-1.6110066922541428,-1.576633478116564,-0.3497178047524405,1.2849195616703852,0.4649195616703853,0.15112293571589142,0.3013279023112582,0.1795618736646511,0.45,0.08383786211988156,0.27161041221975846,0.331045392402758,2.785747817638548,3.395337357977005,2.785747817638548,3.395337357977005,-0.016965038699114032,-0.00774076104481658,0.4807933200696793,0.5984211933037633,0.007025635421895618,1.0862401487953381,55.43737796104858,FOLLOWING,WALKING,0.3035857982299368
46.7,P,-1.2622257658939147,-1.6162837484157688,-1.5753412101364679,-0.3643788137233739,1.2982039292919603,0.4782039292919603,0.16030309756145034,0.3001942719637337,0.18324660446898158,0.45,0.12384474998844108,0.2698669589241173,0.33052158500335016,2.767866245375562,3.389964974393335,2.767866245375562,3.389964974393335,-0.017881572262986367,-0.005372383583670093,0.4742585905885407,0.5935051285502055,0.00972308747917238,1.0774868066179184,55.491252301379475,FOLLOWING,WALKING,0.30420670825595175
46.75,P,-1.2501857182650318,-1.6256145635806645,-1.5739182834079362,-0.3789694426280975,1.2904678403317074,0.4704678403317074,0.15717130958029446,0.29903890506554404,0.18614007081542303,0.45,0.06256011356586932,0.2682327233455915,0.32984508678549657,2.7511048548265795,3.383026531133298,2.7511048548265795,3.383026531133298,-0.01676139054898229,-0.006938443260037008,0.4720719697955197,0.5933325282042162,0.007755696441053049,1.073160194440789,55.54491031110151,FOLLOWING,WALKING,0.30487622083328425
46.8,P,-1.2507141008018796,-1.6247342920611971,-1.5723634845927694,-0.3934879081739201,1.2879933351259414,0.46799333512594143,0.15685127645864383,0.29788506410129595,0.1887009860557975,0.45,0.037909065676007166,0.26665505090906144,0.32911507729353046,2.734923599067297,3.37553925429262,2.734923599067297,3.37553925429262,-0.016181255759282642,-0.007487276840677737,0.4689627048044183,0.5917848653465054,0.006958760127321731,1.0677063302782455,55.59829562761542,FOLLOWING,WALKING,0.30559405494376024
46.85,P,-1.229743736135055,-1.6409711424682614,-1.5706793536047265,-0.40793064721271455,1.2725666913480627,0.4525666913480627,0.1488726858111311,0.296676059347425,0.18992870003472037,0.45,-0.038308161395384656,0.2652428594916788,0.32810925920317124,2.720439584530039,3.3652231713145766,2.720439584530039,3.3652231713145766,-0.014484014537258005,-0.01031608297804354,0.4686569323660211,0.5927544577782994,0.0033577649284505713,1.0647691550727711,55.65153408536906,FOLLOWING,WALKING,0.3063599092869446
46.9,P,-1.2147343782939632,-1.6522207201662744,-1.5688641366746736,-0.4222971463127335,1.2793068272308525,0.4593068272308526,0.1536000709387686,0.2955096372882433,0.191671839607982,0.45,-0.00022376800412288872,0.2637879478331223,0.3272313267433643,2.705517413673049,3.3562187358293776,2.705517413673049,3.3562187358293776,-0.01492217085698977,-0.009004435485199025,0.4639906072348096,0.5886879059219519,0.004811195069287916,1.0574897082260495,55.70440857078036,FOLLOWING,WALKING,0.30717346240660737
46.95,P,-1.2163162439707098,-1.6505741132996186,-1.5669175874168322,-0.4365856933077727,1.279890574733421,0.4598905747334211,0.15460136406688285,0.29435838448924023,0.1933758397962129,0.45,0.0023939499680857377,0.262354683002967,0.32636208597551347,2.6908172615688923,3.347303445902702,2.6908172615688923,3.347303445902702,-0.01470015210415676,-0.008915289926675563,0.46057557433298985,0.5861282312391208,0.004744979530733826,1.0514487851028445,55.756981010035496,FOLLOWING,WALKING,0.3080343728256504
47.0,P,-1.2106961216971268,-1.6545351796735503,-1.5648401022277194,-0.45080047818167196,1.263601672165926,0.44360167216592605,0.1457252619996634,0.29314815966777896,0.19371116618654616,0.45,-0.06980389032187541,0.26108896166390555,0.3252073576716524,2.677835504245185,3.335460078683614,2.677835504245185,3.335460078683614,-0.01298175732370721,-0.011843367219087853,0.4606854606887565,0.5869817770613206,0.0009353731121940237,1.048602610862271,55.809411140578604,FOLLOWING,WALKING,0.3089422791894374
47.05,P,-1.1981754441212726,-1.6636247668794315,-1.5626353460736189,-0.4649354391722973,1.25474905480012,0.43474905480011994,0.14101399820349236,0.2919121337516119,0.19337693932536304,0.45,-0.09339855086061194,0.2599082502932643,0.3239160172099595,2.66572564403348,3.3222155611277895,2.66572564403348,3.3222155611277895,-0.012109860211705126,-0.013244517555824675,0.4595149096421574,0.5857659391705105,0.000930697451365219,1.0462115462640331,55.861721717891804,FOLLOWING,WALKING,0.30989680041746737
47.1,P,-1.1855466424700751,-1.6726478763917356,-1.560305111139644,-0.47898553406338307,1.2528715514728934,0.43287155147289347,0.14037752783165036,0.2906812946491649,0.19299021165009955,0.45,-0.08111188431107424,0.2587414146210735,0.3226211746772564,2.6537580986776765,3.308935124894937,2.6537580986776765,3.308935124894937,-0.011967545355803466,-0.013280436232852466,0.4570399660860705,0.5828845894293172,0.0010747390449608013,1.0409992945603486,55.91377168261982,FOLLOWING,WALKING,0.31089753586332747
47.15,P,-1.1728079081690437,-1.681604403659197,-1.5578530105658215,-0.49294696150159545,1.2511089869920882,0.4311089869920882,0.13977000077651547,0.28945610076928363,0.19256014058991922,0.45,-0.07102255347818145,0.257587397501652,0.32132480403691527,2.641922025657969,3.2956390157632334,2.641922025657969,3.2956390157632334,-0.01183607301970735,-0.013296109131703648,0.45457396142759565,0.5799802000394241,0.0011925294308925986,1.0357466908979123,55.96555901716471,FOLLOWING,WALKING,0.31194406548285847
47.2,P,-1.1545466374242688,-1.6943157186459357,-1.5552751899936972,-0.506826676415679,1.2494663843723037,0.4294663843723038,0.13918618078880995,0.2882370302486246,0.19209426093741666,0.45,-0.06262504324003348,0.2564454300634822,0.32002863043376706,2.630209539112638,3.282344927525816,2.630209539112638,3.282344927525816,-0.011712486545331302,-0.013294088237417512,0.4521147509581511,0.5770554943530365,0.0012886964284789981,1.0304589417396666,56.01708196425169,FOLLOWING,WALKING,0.3130359500104625
47.25,P,-1.1317254716799152,-1.7099262805091702,-1.5525765437517234,-0.5206232867100689,1.2532811329710989,0.43328113297109894,0.14176849036290973,0.28704809943942333,0.1920235810426678,0.45,-0.03206263989252646,0.2552681967768618,0.31882800210198486,2.618135351557557,3.2700307907895882,2.618135351557557,3.2700307907895882,-0.01207418755508094,-0.01231413673622761,0.4485801487220113,0.573063442877353,0.00019543977356246663,1.0218390313729266,56.06817391582033,FOLLOWING,WALKING,0.3141727311434781
47.3,P,-1.11253613018999,-1.7226852356731888,-1.5497566177581716,-0.5343375508308582,1.2615693543850435,0.4415693543850435,0.1468216256214856,0.2859086719688539,0.19264214239730154,0.45,0.011459315105187603,0.2540263974021005,0.3177909465356073,2.605398947713851,3.259394323442126,2.605398947713851,3.259394323442126,-0.01273640384370589,-0.010636467347462375,0.44412394657264165,0.5683956894568286,0.0017159181776758839,1.014235554207146,56.118885693530686,FOLLOWING,WALKING,0.31535393173454596
47.35,P,-1.089620449599749,-1.737666564539698,-1.546814925286214,-0.5479686246173212,1.2662274577734782,0.4462274577734783,0.14962635047417083,0.28480221318428867,0.1935774854715844,0.45,0.029433920691160412,0.25276513933874145,0.3168392870298359,2.5924629675768354,3.2496337131265216,2.5924629675768354,3.2496337131265216,-0.01293598013701569,-0.009760610315604268,0.44034262496456295,0.5647797035095791,0.0026072835893704545,1.0077296120635124,56.16927217413386,FOLLOWING,WALKING,0.31657905599188546
47.4,P,-1.0817350410121367,-1.742348223502042,-1.5437538745114874,-0.5615167279421082,1.274522646661788,0.4545226466617881,0.15428678242036842,0.2837443396292752,0.19504845255117562,0.45,0.05945728924767042,0.25146382073205564,0.31602485852649476,2.5791161100723654,3.241280600271741,2.5791161100723654,3.241280600271741,-0.013346857504469956,-0.008353112854780687,0.4358531812694789,0.5606320677080218,0.004131501877843261,1.0006167508553439,56.21930301167662,FOLLOWING,WALKING,0.31784758968739485
47.45,P,-1.0719877772125423,-1.748215501763636,-1.5405692071485422,-0.5749862585475836,1.2680001669615075,0.4480001669615076,0.15059120337936482,0.2826694882647767,0.19587341975227227,0.45,0.017677774931946985,0.2502524372957757,0.3150865392337778,2.5666916645720583,3.2316568126541307,2.5666916645720583,3.2316568126541307,-0.01242444550030708,-0.00962378761761018,0.4342632374799021,0.5596635368999723,0.0023268837148166925,0.996253658094691,56.26911569458135,FOLLOWING,WALKING,0.3191590003724918
47.5,P,-1.06306335661104,-1.7534922632429617,-1.53726769298718,-0.588367950480551,1.2633429517032093,0.44334295170320936,0.14782515779022454,0.2815860296517874,0.19624247407872533,0.45,-0.006703082689594636,0.24910790019175838,0.31406415911181645,2.554952822479573,3.221170862685297,2.554952822479573,3.221170862685297,-0.011738842092485324,-0.010485949968833896,0.4324509503234051,0.558090933622678,0.0010429075309336053,0.9915847914770167,56.3186949341552,FOLLOWING,WALKING,0.3205127376016007
47.55,P,-1.0576804950817242,-1.7564996307488723,-1.533845030455392,-0.601667425134653,1.2579286215155514,0.43792862151555145,0.14454850955980025,0.2804907133738486,0.19613227546142584,0.45,-0.029051457323579985,0.24803082178498265,0.3129506049627146,2.5439058644613604,3.2097497944893805,2.5439058644613604,3.2097497944893805,-0.01104695801821265,-0.011421068195916373,0.43089780521014226,0.5565044915552164,0.0003112344801166183,0.9877135312454752,56.36808061071747,FOLLOWING,WALKING,0.3219082331631944
47.6,P,-1.052912467545143,-1.759160906670521,-1.5303110059057652,-0.6148738136022514,1.2491477446128714,0.4291477446128714,0.1393028437051722,0.2793687721316188,0.19532493181548155,0.45,-0.06129599508418675,0.24704249591615662,0.311695048347081,2.5337691888836575,3.196872290739292,2.5337691888836575,3.196872290739292,-0.010136675577702814,-0.012877503750088337,0.43011199428187336,0.5553941047526985,0.002270798533378641,0.9877768975679505,56.417469455595864,FOLLOWING,WALKING,0.3233449013182923
47.65,P,-1.0389746184318094,-1.767428499861968,-1.5266643649921285,-0.6279932421308766,1.2398799602346549,0.4198799602346549,0.13369128674464603,0.2782182510819118,0.19384076234446068,0.45,-0.08858912742982064,0.24613760491390355,0.31029889724992005,2.5244882555272157,3.1825527923068724,2.5244882555272157,3.1825527923068724,-0.009280933356441867,-0.014319498432419753,0.4295566643635933,0.5540962029476536,0.0041427726006395,0.9877956399118865,56.46685923759146,FOLLOWING,WALKING,0.3248221390463164
47.7,P,-1.0249070124108999,-1.775623095079813,-1.5229069042456267,-0.6410189881243319,1.2394167965058351,0.4194167965058352,0.1331631383186498,0.2770784011858106,0.19243370978303243,0.45,-0.07113743980206697,0.24523062221671876,0.3089261801549025,2.5151858688894233,3.168473642614384,2.5151858688894233,3.168473642614384,-0.00930238663779237,-0.014079149692488357,0.427401637210776,0.5508333668286809,0.003899006557277371,0.9821340105967343,56.51596593812129,FOLLOWING,WALKING,0.3263393262981999
47.75,P,-1.010707914585615,-1.7837436114150063,-1.5190428854310325,-0.6539541758743467,1.2390844893660984,0.41908448936609843,0.13272168613822766,0.27594968126641295,0.19110776643339,0.45,-0.05694935446045404,0.24432134592168692,0.307578016611139,2.505859958171148,3.15464632421681,2.505859958171148,3.15464632421681,-0.009325910718275487,-0.013827318397574118,0.4252280000996736,0.5476029404704059,0.003648932236330347,0.9764798728064098,56.56478993176161,FOLLOWING,WALKING,0.32789582625664393
47.8,P,-0.9963756118077975,-1.7917888826713064,-1.5150651757167588,-0.6668094966256854,1.2388820005326149,0.41888200053261493,0.13236595780370375,0.2748325409736585,0.18986639409355108,0.45,-0.045311447346481626,0.2434096527511758,0.3062554291961412,2.496509258986418,3.1410813250886274,2.496509258986418,3.1410813250886274,-0.009350699184729638,-0.013564999128182542,0.4230361153039398,0.5444074483914437,0.003394006414454943,0.9708375701098385,56.6133318102671,FOLLOWING,WALKING,0.32949098560341256
47.85,P,-0.974613426624956,-1.8038668823981152,-1.510990017873019,-0.6795636910572317,1.2387967883134225,0.4187967883134226,0.13208276356225213,0.27372737122696994,0.18871092776510007,0.45,-0.03571786269470195,0.2424957126818459,0.304959029772094,2.487135514685599,3.1277849207394253,2.487135514685599,3.1277849207394253,-0.009373744300819276,-0.013296404349202096,0.4208288788490626,0.5412510692011607,0.003139907368944044,0.9652198554191674,56.661592803038054,FOLLOWING,WALKING,0.3311241347935533
47.9,P,-0.9361721323395319,-1.8248548289722855,-1.506810950202365,-0.692228321415677,1.2456955943159576,0.4256955943159576,0.13576061851718646,0.2726649874132402,0.18816751848841026,0.45,0.0024948135092882386,0.2415232631034083,0.3038067117230721,2.4771616728554697,3.115966274082791,2.4771616728554697,3.115966274082791,-0.009973841830129171,-0.011818646656634346,0.41728796495000037,0.5368401612907459,0.0014724284417036392,0.9556005546824498,56.709372830772175,FOLLOWING,WALKING,0.3327945883364288
47.95,P,-0.9273975139853305,-1.8291023606633823,-1.5025264942316183,-0.7048075509932468,1.2682552842672377,0.4482552842672377,0.1479020952567398,0.27171400229505754,0.18931754949922905,0.45,0.10120859032288293,0.24038194785293515,0.30304605673717994,2.4654558754147193,3.1081646844838966,2.4654558754147193,3.1081646844838966,-0.011705797440750398,-0.007801589598894321,0.4107245061253163,0.5297803335306556,0.0031351831605553873,0.9436400228165273,56.756554831913,FOLLOWING,WALKING,0.33450164508344277
48.0,P,-0.9131507263514475,-1.8362305929384881,-1.4981316594935012,-0.7173058442243809,1.2628587264497724,0.4428587264497724,0.14457332509436172,0.2707498105473574,0.18990319343704495,0.45,0.05519784605500008,0.23932083203352647,0.30217878906118834,2.454572636241297,3.0992696313968033,2.454572636241297,3.0992696313968033,-0.010883239173422155,-0.008895053087093263,0.4092726690708565,0.5287572568068217,0.0016015054177194175,0.9396314312953977,56.803536403477764,FOLLOWING,WALKING,0.33624458852233496
48.05,P,-0.9091669693347013,-1.837869371902951,-1.4936414590477576,-0.7297116901374157,1.2626144642861794,0.44261446428617945,0.14396236678447338,0.2697952878051018,0.19034779360924434,0.45,0.041979566403090945,0.23829272796277187,0.3012978476474317,2.4440279791053525,3.0902343348454533,2.4440279791053525,3.0902343348454533,-0.010544657135944657,-0.009035296551350047,0.4069796673692895,0.5265675580543561,0.0012186527301568434,0.9347658781538024,56.85027469738545,FOLLOWING,WALKING,0.3380226870779282
48.1,P,-0.8916864406791629,-1.8464744828702264,-1.4890472988186345,-0.7420340900881965,1.2528463101200016,0.43284631012000163,0.13805925727888857,0.26880826186823603,0.1899510139809699,0.45,-0.010235816536773926,0.23737136905438552,0.30024515468208657,2.434578144147544,3.0794374839188365,2.434578144147544,3.0794374839188365,-0.009449834957808712,-0.010796850926616752,0.40654107127370026,0.5261385374488774,0.0010853091751352783,0.933764917897713,56.896962943280336,FOLLOWING,WALKING,0.33983519441919585
48.15,P,-0.8650771343690501,-1.859439583259279,-1.4843542233656064,-0.7542599020561493,1.2556387123873054,0.43563871238730545,0.1390125195336238,0.2678446064190718,0.18972260271991212,0.45,0.004302633077453833,0.23644551566892635,0.2992436971692173,2.4250822119889883,3.069166124812485,2.4250822119889883,3.069166124812485,-0.009495932158555487,-0.010271359106351685,0.40390544593072397,0.5230405504489375,0.0006240208167132476,0.9275700171963747,56.94334144414015,FOLLOWING,WALKING,0.34168134977252373
48.2,P,-0.8674020197136154,-1.857840165889924,-1.4795660826856556,-0.7663963933647877,1.2668568351239615,0.44685683512396157,0.14446136770438311,0.26694128987270244,0.1902526270880126,0.45,0.05271579384170373,0.23545448008963635,0.29842809965576855,2.414917744509091,3.0608010221104465,2.414917744509091,3.0608010221104465,-0.010164467479897521,-0.008365102702038385,0.3997210764859539,0.5184902385526959,0.0014520748097057291,0.9196633898483556,56.98932461363257,FOLLOWING,WALKING,0.34356037824103347
48.25,P,-0.8601117085246668,-1.8610596754360118,-1.474674842846785,-0.7784546073221909,1.2513969588337417,0.43139695883374174,0.13534888610621754,0.26597976178872507,0.18949946400355075,0.45,-0.026905136480442217,0.23461760049613742,0.2973419230813127,2.406334364062948,3.049660749551925,2.406334364062948,3.049660749551925,-0.008583380446142819,-0.01114027255852168,0.400429894083565,0.519255207019762,0.0020552256117041864,0.9217403267150313,57.035411629968316,FOLLOWING,WALKING,0.3454714911298345
48.3,P,-0.8453700631935668,-1.8677851097291565,-1.4696927493340903,-0.7904150958735695,1.2448781384430994,0.4248781384430994,0.13103992679701104,0.2650000922616459,0.18823990772079224,0.45,-0.04966881617357283,0.23384638753385478,0.296153796989437,2.3984244875267158,3.0374748409173025,2.3984244875267158,3.0374748409173025,-0.007909876536232208,-0.012185908634622322,0.39969979236254227,0.5178447565299398,0.0034142221214729105,0.920958771013955,57.08145956851901,FOLLOWING,WALKING,0.34741388627706704
48.35,P,-0.8294682150805531,-1.8749011280707397,-1.4646158337054316,-0.8022816444285447,1.245192741379786,0.42519274137978613,0.13051203645161502,0.2640327753299328,0.18703504186968112,0.45,-0.037357423693965136,0.23307847590050057,0.29498707475936503,2.3905484707743647,3.0255084590704104,2.3905484707743647,3.0255084590704104,-0.007876016752351056,-0.011966381846892027,0.39779922297324477,0.5149862019670095,0.003245070742703008,0.9160304956829572,57.127261093303154,FOLLOWING,WALKING,0.349386748390598
48.4,P,-0.8134152355422257,-1.881921203041625,-1.4594516475129589,-0.8140534344792076,1.2465653027955268,0.42656530279552685,0.13057769890322635,0.2630823693434993,0.18595952703464863,0.45,-0.02309952025203332,0.23230606761926498,0.29385867106773367,2.382626334556564,3.0139350878741915,2.382626334556564,3.0139350878741915,-0.007922136217800801,-0.011573371196218929,0.39571948193048573,0.5119869994027915,0.002880032112596172,0.9105865134458733,57.172790418975445,FOLLOWING,WALKING,0.35138924939022803
48.45,P,-0.7936550689346741,-1.89040051067738,-1.454196777538287,-0.8257339859239263,1.2480803727030145,0.4280803727030146,0.13072227877733078,0.2621493206050829,0.18501108196612348,0.45,-0.011351318203639594,0.23152998653968945,0.2927686546704763,2.3746665286121993,3.0027554325177057,2.3746665286121993,3.0027554325177057,-0.007959805944364629,-0.011179655356485796,0.39362097359289494,0.5090479826053039,0.0025268090157112622,0.9051957652139101,57.21805020723614,FOLLOWING,WALKING,0.353420548755266
48.5,P,-0.76501887553424,-1.9024382302687712,-1.4488541206520804,-0.8373237972327827,1.2529286323392792,0.43292863233927925,0.13269654729550662,0.26124822466357184,0.18442400765440456,0.45,0.012478314200726894,0.23072605139676788,0.2917703979303758,2.36642103996685,2.992516901850008,2.36642103996685,2.992516901850008,-0.00824548864534913,-0.010238530667697532,0.39092070409075597,0.5055901665853173,0.0015590966019575158,0.8980699672780308,57.26295370560004,FOLLOWING,WALKING,0.35547979387732526
48.55,P,-0.7420378590892648,-1.9116951381386842,-1.4434214212136895,-0.8488288434179143,1.265740651921614,0.44574065192161394,0.13891684757265477,0.260413977654693,0.18473538131127248,0.45,0.0661059712388428,0.22984027204767737,0.2909876832617086,2.3573361235659216,2.984489059094447,2.3573361235659216,2.984489059094447,-0.009084916400928567,-0.008027842755561121,0.3867562697770496,0.5008804809524962,0.0008283129297376994,0.8884650636592835,57.307376958783,FOLLOWING,WALKING,0.3575661204181947
48.6,P,-0.7150836760924549,-1.922269503576779,-1.4378982553967965,-0.8602468235103858,1.2734298809403701,0.4534298809403702,0.14222303067518882,0.25962311900439583,0.1854619523212957,0.45,0.08539526524882676,0.2289291658952214,0.2903170721135703,2.3479914450791934,2.977610996036618,2.3479914450791934,2.977610996036618,-0.009344678486728153,-0.00687806305782912,0.3834525660506376,0.497524866109953,0.0019404184034731472,0.8829178505640637,57.3515228513112,FOLLOWING,WALKING,0.3596786526726302
48.65,P,-0.7005478164403762,-1.9275316552908164,-1.4322942891529966,-0.8715618862110363,1.2846606902331514,0.4646606902331515,0.1472320408843133,0.25889077143252043,0.18679208260854835,0.45,0.11602386778232544,0.22797668176080568,0.2898048611042352,2.3382223770339046,2.9723575497870276,2.3382223770339046,2.9723575497870276,-0.009769068045288876,-0.005253446249590343,0.3795191557116387,0.4937555132159038,0.0035777924135516658,0.8768524613410942,57.39536547437825,FOLLOWING,WALKING,0.3618165039359207
48.7,P,-0.688988425498055,-1.9315174771922639,-1.426592102092774,-0.8828075149517403,1.2847276184225844,0.4647276184225845,0.14625864751172613,0.2581670911327449,0.18785779176177647,0.45,0.09079310090371903,0.22707662659617087,0.2892575556693189,2.328991042012009,2.9667441607109626,2.328991042012009,2.9667441607109626,-0.00923133502189577,-0.005613389076065012,0.3775670682764512,0.49230945253657765,0.002882905461874932,0.8727594262749038,57.439003445691995,FOLLOWING,WALKING,0.36397877687606905
48.75,P,-0.6757493220939681,-1.936073836834544,-1.4207989175036961,-0.8939643612582261,1.2821278285056321,0.46212782850563217,0.14383879994268467,0.2574402352871284,0.18849025057786123,0.45,0.05937954307031003,0.22624509881649235,0.28863537175776444,2.320462551964024,2.9603627872591223,2.320462551964024,2.9603627872591223,-0.008528490047984949,-0.006381373451840311,0.3761842665552751,0.49128839814428416,0.0017166574184256029,0.8691893221179848,57.48246291179789,FOLLOWING,WALKING,0.3661645639104343
48.8,P,-0.6672491565741296,-1.9387982357388003,-1.414913738647291,-0.9050366711410929,1.2810507635164767,0.4610507635164768,0.14211347531533802,0.25671697385696796,0.18882654468764573,0.45,0.04157695764255786,0.2254661807111626,0.2879677670027733,2.3124736483196164,2.953515559002803,2.3124736483196164,2.953515559002803,-0.007988903644407408,-0.006847228256319227,0.3746445729724695,0.48985993528293253,0.0009144180683916319,0.8654189263237937,57.52573385811407,FOLLOWING,WALKING,0.36837294758667594
48.85,P,-0.6606548415429954,-1.9408466972878178,-1.408944352487001,-0.9160202664487288,1.2757998666429367,0.4557998666429367,0.1381455512953884,0.2559788207609966,0.1885935396437586,0.45,0.009326080717617473,0.22476658994995455,0.28719105157203867,2.305298358461072,2.9455492468927043,2.305298358461072,2.9455492468927043,-0.007175289858544431,-0.007966312110098794,0.3739351345090877,0.48910354343185036,0.0006327827421339546,0.863671460683072,57.56891743114822,FOLLOWING,WALKING,0.3706030009678417
48.9,P,-0.6443415213496754,-1.9463031017122276,-1.4028920455478093,-0.9269111317856866,1.2689390866133823,0.44893908661338233,0.13323774794595855,0.2552187695241661,0.1877212816520872,0.45,-0.022913089170299314,0.22415089741074568,0.28628664163758655,2.298983563187135,2.93627324756499,2.298983563187135,2.93627324756499,-0.006314795273937079,-0.009275999327714057,0.37363362644213377,0.4884342669494926,0.0023578759890408954,0.8644257693806673,57.612138719617256,FOLLOWING,WALKING,0.3728537880214356
48.95,P,-0.6265614747208994,-1.9520995052162229,-1.3967567714884834,-0.9377130626112544,1.2706529369233668,0.45065293692336683,0.13289172319677356,0.254475022243121,0.18688953611844297,0.45,-0.01033126818890124,0.2235448040155187,0.28540524047072335,2.292767220671987,2.9272332355971624,2.292767220671987,2.9272332355971624,-0.006216342515148021,-0.009040011967827777,0.3719364534202749,0.48600394946588243,0.0022384013320996803,0.860178804218257,57.65514765982817,FOLLOWING,WALKING,0.37512436401230376
49.0,P,-0.6086204222295221,-1.957767335899496,-1.3905278492188713,-0.9484400192202367,1.2736485583172736,0.4536485583172737,0.13321934348943176,0.25375308283353204,0.18618519387767202,0.45,0.005122344945847948,0.2229394332467773,0.28456673242028674,2.2865582897105363,2.9186331530285816,2.2865582897105363,2.9186331530285816,-0.006208930961450587,-0.008600082568580802,0.3700418452829798,0.4834015321808562,0.001888388591820217,0.8553317660556561,57.69791424813095,FOLLOWING,WALKING,0.3774137758991737
49.05,P,-0.5905180504279416,-1.9633033876578105,-1.3839874662043115,-0.958842972612168,1.2767618636911342,0.45676186369113425,0.13363430914305585,0.25305322428992955,0.1856073062242174,0.45,0.01769397270274866,0.22233521510982157,0.2837712334700375,2.2803611806135544,2.910474189436282,2.2803611806135544,2.910474189436282,-0.006197109096981901,-0.008158963592299617,0.36814411181136775,0.480873841060786,0.0015445464574745191,0.8505624993296282,57.74044237309743,FOLLOWING,WALKING,0.3797210627346793
49.1,P,-0.569930944042229,-1.9694139598718707,-1.3763028197562805,-0.9682993091450106,1.2800525142220371,0.4600525142220372,0.13361134941615227,0.2523761379521781,0.18508410777297624,0.45,0.028280161044117708,0.22174471811575056,0.2830075577886057,2.274304801187185,2.9026416183446737,2.274304801187185,2.9026416183446737,-0.006056379426369496,-0.007832571091608287,0.36625053198654894,0.4783799419830748,0.001394434346920967,0.8460249083165448,57.78274361851326,FOLLOWING,WALKING,0.3820452560687045
49.15,P,-0.5226320242376832,-1.9831774663865207,-1.368450075360656,-0.9776709952820297,1.2854828454096776,0.46548284540967766,0.12803314947789513,0.2517329289715108,0.18386017217519451,0.45,0.045951982840031234,0.2213040704765161,0.2821617874665055,2.269785338220678,2.893967050938518,2.269785338220678,2.893967050938518,-0.004519462966507071,-0.008674567406155909,0.3642241378788738,0.47522245849505057,0.0032404753402489423,0.8426870717141733,57.82487797209897,FOLLOWING,WALKING,0.38438538035487574
49.2,P,-0.5063936586944351,-1.9873106627032646,-1.360545259777305,-0.9870706401109061,1.3139449908723237,0.4939449908723238,0.13445401512937072,0.25122529656915477,0.18362544700014014,0.45,0.1610759866508745,0.22083528509063158,0.281615308047678,2.2649772829808366,2.888362133822338,2.2649772829808366,2.888362133822338,-0.004808055239841291,-0.005604917116179831,0.35844715082016376,0.4679051602984809,0.0006206618187583043,0.8269729729374029,57.866226620745834,FOLLOWING,WALKING,0.3867404533600352
49.25,P,-0.48970507332306745,-1.9914256151413379,-1.3527843163731679,-0.9963465242860202,1.3153155744641631,0.4953155744641632,0.12746384338464267,0.2507316119042574,0.18247052115705295,0.45,0.1316698373917758,0.22053274065276515,0.2809304831557497,2.2618742631052835,2.88133828877692,2.2618742631052835,2.88133828877692,-0.003103019875553059,-0.007023845045417865,0.35740643731418975,0.465999365211255,0.0030346548549966615,0.8264404573804414,57.90754864361485,FOLLOWING,WALKING,0.38910948657651623
49.3,P,-0.479339732369108,-1.9937175596929462,-1.3450125045405192,-1.005595308112608,1.3172274582779468,0.4972274582779469,0.12136149707852617,0.2502538585667615,0.1806072711469488,0.45,0.11111476194623392,0.2203633551919415,0.28014436194158154,2.260136976327605,2.873275507093144,2.260136976327605,2.873275507093144,-0.0017372867776783707,-0.008062781683776166,0.35652910136608135,0.4638199636993944,0.004845837596968145,0.8251949026624438,57.94880838874797,FOLLOWING,WALKING,0.39149148563705666
49.35,P,-0.4661854824529415,-1.9967000734382745,-1.3371536928913554,-1.014886635581759,1.3136875323101507,0.4936875323101507,0.11293349647266993,0.24976737310918526,0.17779256605606453,0.45,0.0710938400597584,0.22034270342690657,0.2791920427914639,2.2599251633528876,2.863508131194502,2.2599251633528876,2.863508131194502,-0.00021181297471750682,-0.009767375898642072,0.35681028620994154,0.46247770614624734,0.007206244427511528,0.8264942367837004,57.99013310058715,FOLLOWING,WALKING,0.39388545073216996
49.4,P,-0.42583974820219184,-2.0062476114218817,-1.3292281900730443,-1.0242078735452205,1.3124569518082958,0.49245695180829585,0.1066780394879463,0.24928214955282887,0.174414844781331,0.45,0.05003864103844981,0.2204164927415186,0.27814780636413916,2.260681976836088,2.852798013991171,2.260681976836088,2.852798013991171,0.0007568134832003359,-0.010710117203331038,0.3568941481309369,0.46050670614804906,0.008483396138600816,0.8258842504175867,58.031427313108026,FOLLOWING,WALKING,0.3962903770298003
49.45,P,-0.42665915515767977,-2.0055355659946135,-1.321237595266499,-1.0335527806195455,1.3343585438984187,0.5143585438984187,0.11300471835820713,0.248901225533119,0.172228997281556,0.45,0.135397145206537,0.2203973264830215,0.27740512458321653,2.2604853998258614,2.845180764956067,2.2604853998258614,2.845180764956067,-0.00019657701022657292,-0.007617249035103857,0.3530675373968279,0.4543730913269792,0.005421115052592032,0.8128617437763991,58.072070400296845,FOLLOWING,WALKING,0.39870525509708643
49.5,P,-0.41745441710294856,-2.0072807797762326,-1.3132147275027832,-1.0429102068128782,1.3209924755928792,0.5009924755928793,0.10220728483054753,0.2484658183505087,0.16880408100552452,0.45,0.046799072716722005,0.2205287429440944,0.276402893756923,2.2618332609650706,2.8349014744299796,2.2618332609650706,2.8349014744299796,0.001347861139209261,-0.010279290526087337,0.35527884510140995,0.4550414373419903,0.008325213760748008,0.8186454962041483,58.11300267510705,FOLLOWING,WALKING,0.4011290713240565
49.55,P,-0.40062091463916183,-2.0106652239056437,-1.3051781833971383,-1.0522302659187668,1.3162055826067889,0.49620558260678893,0.09623535412393613,0.24801455677019704,0.16491544571170366,0.45,0.015440947580244373,0.2207210505049101,0.275308063035484,2.2638056462042058,2.8236724413895793,2.2638056462042058,2.8236724413895793,0.0019723852391351215,-0.011229033040400349,0.35619285018930935,0.4537689766009163,0.009234662726747016,0.8191964895169727,58.153962499582896,FOLLOWING,WALKING,0.403560808349076
49.6,P,-0.38075107273152675,-2.014522370311048,-1.2972194816210116,-1.0614544454747012,1.3178852078820056,0.49788520788200563,0.09403006012596882,0.24757646488110582,0.1611179592575393,0.45,0.019434290323544514,0.22091144262398307,0.2742414871382286,2.265758385887006,2.8127332014177293,2.265758385887006,2.8127332014177293,0.0019527396828000754,-0.010939239971849979,0.35604660540434707,0.45123048061031623,0.008810543056365298,0.8160876290710286,58.19476688103644,FOLLOWING,WALKING,0.40599944548587047
49.65,P,-0.3607239305411661,-2.0182046491386303,-1.2892539208958802,-1.0706628982024875,1.3222151163272504,0.5022151163272505,0.09338137123683843,0.24716324864105063,0.15761264844875875,0.45,0.034210343611443074,0.22107835532278106,0.27324814195932023,2.2674703110028824,2.802545045736618,2.2674703110028824,2.802545045736618,0.0017119251158765891,-0.010188155681111422,0.3554314996323421,0.4483031951640587,0.007955731010995129,0.8116904258073959,58.23535140232681,FOLLOWING,WALKING,0.4084439591519439
49.7,P,-0.33942113762353354,-2.0219123540763873,-1.281287581781936,-1.0797396690374916,1.3266511646831871,0.5066511646831872,0.093451598738444,0.24677496769711638,0.154467349433573,0.45,0.046202680783048164,0.22121062136586006,0.2723393140283727,2.268826885803693,2.7932237336243353,2.268826885803693,2.7932237336243353,0.0013565748008104173,-0.009321312112282598,0.35475248090259515,0.44553541997323814,0.00699618242954591,0.8072840833053792,58.27571560649208,FOLLOWING,WALKING,0.41089332329821265
49.75,P,-0.3053901347232528,-2.027577266561467,-1.2733346669734984,-1.0889606024096496,1.3322168618753463,0.5122168618753463,0.09521231695667864,0.2464161667012593,0.15187427727936745,0.45,0.06052715865627925,0.22128097381152398,0.27155135959099463,2.2695484493489637,2.785142149651227,2.2695484493489637,2.785142149651227,0.0007215635452708646,-0.00808158397310832,0.35379877689147504,0.44279043240082955,0.0056710218146866715,0.8022602311069913,58.315828618047426,FOLLOWING,WALKING,0.4133465098396738
49.8,P,-0.277207161659872,-2.03180069290371,-1.2653922923467662,-1.098028843199837,1.348301842962707,0.528301842962707,0.10204071594171316,0.2461336474603997,0.15046234620356205,0.45,0.1179851005362888,0.22123212916371018,0.27103516575708925,2.2690474786021557,2.779847853918864,2.2690474786021557,2.779847853918864,-0.0005009707468079938,-0.0052942957323631745,0.35092932456563825,0.4384490437360806,0.0030591714577451216,0.792437539759464,58.3554504950354,FOLLOWING,WALKING,0.41580248908693107
49.85,P,-0.2465357498439502,-2.0360260750516517,-1.2574295938394626,-1.1070415135520602,1.3595733594808581,0.5395733594808582,0.10682201342863473,0.2459047970147839,0.14983708339607157,0.45,0.14162305109817325,0.22110675971273405,0.27070283431683373,2.2677616380793237,2.7764393263264995,2.2677616380793237,2.7764393263264995,-0.0012858405228319825,-0.003408527592364319,0.3487549834613659,0.43545748664357486,0.0013491007981980196,0.7855615709031388,58.39472857358055,FOLLOWING,WALKING,0.41826023017838926
49.9,P,-0.22417957190946136,-2.0386547594370152,-1.2494890246375425,-1.1160321749273039,1.3729234062148594,0.5529234062148595,0.11310788359287993,0.24573802739678474,0.1501229393415032,0.45,0.1692061854861842,0.22089268093576597,0.2705833738578035,2.2655659583155483,2.775214090849267,2.2655659583155483,2.775214090849267,-0.0021956797637754377,-0.0012252354772326335,0.3461247890019895,0.4324732420739217,0.0006179549004927661,0.779215985976404,58.43368937287937,FOLLOWING,WALKING,0.4207187015129449
49.95,P,-0.21042591528612425,-2.0399107204672915,-1.241496067498644,-1.1249699297456843,1.379308488809134,0.5593084888091341,0.11609007120358783,0.24560152166419646,0.1507828050198372,0.45,0.16007518809403362,0.22064696743341342,0.27055607589497954,2.2630458198298813,2.77493411174338,2.2630458198298813,2.77493411174338,-0.0025201384856670117,-0.00027997910588695163,0.34460374273160116,0.4310739173322056,0.0014327481299835634,0.7771104081937904,58.47254489328906,FOLLOWING,WALKING,0.4231768711829858
50.0,P,-0.19216708292112814,-2.04163605468428,-1.2334365202397297,-1.13384282206995,1.378485512912569,0.5584855129125691,0.11550625938052894,0.24546291498120534,0.15129786953422486,0.45,0.12123755276846006,0.22042311757329114,0.27050271238911955,2.260749923828627,2.774386793734559,2.260749923828627,2.774386793734559,-0.0022958960012542384,-0.0005473180088206853,0.34429940524608504,0.43107355464347896,0.001122165557273325,0.7764951254468373,58.5113696495614,FOLLOWING,WALKING,0.42563370740751905
50.05,P,-0.18010742460762236,-2.0425203902998317,-1.2253229565416122,-1.1426340017881695,1.3814233942836545,0.5614233942836545,0.11672796199423452,0.24533894841254347,0.151926357450024,0.45,0.10749196919217541,0.2201951362545645,0.27048276057052245,2.2584116538929693,2.774182159697666,2.2584116538929693,2.774182159697666,-0.0023382699356577774,-0.00020463403689330306,0.3433797078008174,0.43038496998201,0.0013749678683816608,0.775139645651209,58.55012663184396,FOLLOWING,WALKING,0.4280881789652459
50.1,P,-0.1699606077736268,-2.043184448732698,-1.2171527365109729,-1.1513519056376535,1.3792284148844292,0.5592284148844292,0.11528386551108716,0.24520670552932056,0.15229704354901835,0.45,0.07418582661330493,0.22000154482195802,0.2704118662366831,2.256426100738031,2.773455038324955,2.256426100738031,2.773455038324955,-0.001985553154938202,-0.0007271213727109149,0.34335136560841645,0.4306293372290738,0.0008129433162464839,0.7747936461537368,58.588866314151645,FOLLOWING,WALKING,0.4305392556274024
50.15,P,-0.15209362630113374,-2.0445388939094364,-1.208912630490548,-1.160002938780517,1.3754914174260882,0.5554914174260882,0.11299603350144505,0.24505943570091115,0.1523218037168116,0.45,0.04142215594167653,0.21985017718577884,0.2702686942160435,2.254873612161834,2.7719866073440356,2.254873612161834,2.7719866073440356,-0.001552488576197053,-0.0014684309809194218,0.34363923224957105,0.43104703040679837,5.430979322779501e-05,0.7747405724495973,58.62760334277412,FOLLOWING,WALKING,0.4329859085901825
50.2,P,-0.13043298699499162,-2.0460349449052466,-1.2006089827387894,-1.1685878219513333,1.3781401465495935,0.5581401465495935,0.11393770900127875,0.24492566999907073,0.15247121406030306,0.45,0.04396368977793182,0.21969168407209058,0.2701596559260509,2.2532480417650316,2.7708682659082142,2.2532480417650316,2.7708682659082142,-0.0016255703968024449,-0.0011183414358213462,0.34288000815812214,0.4302525698159209,0.00032804318110051054,0.7734606211551435,58.66627637383188,FOLLOWING,WALKING,0.4354271109065638
50.25,P,-0.10863597664255312,-2.047307984756756,-1.192503787025199,-1.1752588887572633,1.3839039401079574,0.5639039401079574,0.11643804139756952,0.24481908311822229,0.15294322824294462,0.45,0.0596523696835893,0.21950697884401496,0.27013118739242964,2.251353629169384,2.770576280947996,2.251353629169384,2.770576280947996,-0.0018944125956474878,-0.0002919849602180946,0.3415817624559751,0.42899097263357894,0.001039555769323095,0.7716122908588772,58.70485698837482,FOLLOWING,WALKING,0.4378618379173532
50.3,P,-0.08670518950309415,-2.0483539659890533,-1.184364920153385,-1.1764485771148028,1.3911286986534368,0.5711286986534369,0.1189710929066653,0.2447460361720477,0.15371000296104995,0.45,0.07831778595331099,0.21930703068199395,0.2701850416621015,2.2493028787896816,2.77112863243181,2.2493028787896816,2.77112863243181,-0.0020507503797024818,0.0005523514838139398,0.34002927556086004,0.42759045342409474,0.0016971975963422517,0.769316926581297,58.74332283470388,FOLLOWING,WALKING,0.44028906768127357
50.35,P,-0.06464335496029852,-2.0491688550554654,-1.1761768070850334,-1.1776418997891427,1.401811646206161,0.581811646206161,0.12082615970227417,0.24472220265526548,0.15465053422475192,0.45,0.10809284227557148,0.21912753924106904,0.2703168660694619,2.2474619409340413,2.7724806776355067,2.2474619409340413,2.7724806776355067,-0.0018409378556403233,0.0013520452036965835,0.3379467916740306,0.42562653640247783,0.0020945327383670278,0.7656678608148755,58.781606227744625,FOLLOWING,WALKING,0.4427077814039072
50.4,P,-0.015884752893294378,-2.05065921126676,-1.1655135302264006,-1.184896557818311,1.4124679992651574,0.5924679992651575,0.12432532331237,0.24505126157318757,0.1559693994494466,0.45,0.13120037043453292,0.21923832596430415,0.270864197182071,2.248598215018504,2.778094330072523,2.248598215018504,2.778094330072523,0.0011362740844629293,0.005613652437016281,0.3491743037864956,0.44022322083430065,0.0029621176855257696,0.792359642306322,58.82122420985994,FOLLOWING,WALKING,0.44511696386532257
50.45,P,0.0112215481636731,-2.0508224350261326,-1.1568019563809975,-1.1932132557174744,1.4391634020424893,0.6191634020424893,0.1259646630254463,0.24699180939538987,0.1573776890129371,0.45,0.21979606115920247,0.22094580186374876,0.27303781692703094,2.266110788346141,2.800387865918266,2.266110788346141,2.800387865918266,0.017512573327636893,0.02229353584574323,0.410880393853792,0.5167300621630838,0.003191520340269896,0.9308019763571458,58.8677643086778,FOLLOWING,WALKING,0.44751560384619504
50.5,P,0.03007752451021226,-2.050532219205235,-1.1479428237443625,-1.2015401880759866,1.4490591470341312,0.6290591470341312,0.13022650768274402,0.24923819127867222,0.15922049864881374,0.45,0.21498220566740484,0.22288719875229354,0.2755891838050509,2.2860225513055745,2.826555731333855,2.2860225513055745,2.826555731333855,0.01991176295943342,0.02616786541558902,0.426011284156978,0.5359093218462538,0.004225148195603509,0.9661457541988353,58.91607159638774,FOLLOWING,WALKING,0.4499026945522536
50.55,P,0.04738281315578179,-2.0500697042793847,-1.1389399118412107,-1.2098646524980405,1.4520741750416182,0.6320741750416182,0.13111998289875393,0.25133131829554045,0.16099964647526405,0.45,0.18095224365351928,0.22468587680388424,0.27797675978719666,2.3044705313218894,2.8510436901250937,2.3044705313218894,2.8510436901250937,0.01844798001631487,0.02448795879123855,0.42402258714657287,0.5339418743254852,0.0041247672636347986,0.9620892287356929,58.96417605782452,FOLLOWING,WALKING,0.45227723403686737
50.6,P,0.05521437406489564,-2.0495632238803143,-1.1297980789619964,-1.218180023634642,1.453721478441858,0.633721478441858,0.13131041009957145,0.25321237080446923,0.1626265871911797,0.45,0.14839088501080047,0.22629767062432898,0.2801270709846095,2.3210017499931177,2.8730981639447126,2.3210017499931177,2.8730981639447126,0.01653121867122831,0.02205447381961889,0.4193758707951757,0.5286501231360208,0.0038100069531612347,0.9518360008843577,59.01176785786873,FOLLOWING,WALKING,0.45463822562159817
50.65,P,0.10345886494558683,-2.048294306516163,-1.120539645904099,-1.2264662821905805,1.4475678013411142,0.6275678013411142,0.12762753510104297,0.25444572047879016,0.16359364571070248,0.45,0.08866871106515024,0.2273709721136689,0.2815204688439114,2.332009970396604,2.887389424040117,2.332009970396604,2.887389424040117,0.01100822040348648,0.014291260095404379,0.3972195898483744,0.5014409369607781,0.002278146655070423,0.900938673464223,59.05681479154194,FOLLOWING,WALKING,0.45698467831454204
50.7,P,0.11088976141133583,-2.047503782208807,-1.1111180572464703,-1.2347607177499653,1.474304465206946,0.654304465206946,0.13994148094687642,0.2570970720604013,0.16612638106746042,0.45,0.1868029156404835,0.22960315599373657,0.28459098812706596,2.3549041640383237,2.9188819295083688,2.3549041640383237,2.9188819295083688,0.022894193641719518,0.031492505468251775,0.4551630441019052,0.5740474901580519,0.006058859889885455,1.0352693941498425,59.10857826124943,FOLLOWING,WALKING,0.4593156072262835
50.75,P,0.12097024708452336,-2.0466866541013715,-1.1015540488041484,-1.2430353834255594,1.4676015800232562,0.6476015800232563,0.1360060607938658,0.2589546502427598,0.16787456116788615,0.45,0.11621357939134094,0.23117141036947467,0.286737890116045,2.3709888243023043,2.940901437087641,2.3709888243023043,2.940901437087641,0.016084660263980588,0.02201950757927218,0.4282236323144864,0.5412117317797422,0.00422603952770043,0.973661403621929,59.15726133143052,FOLLOWING,WALKING,0.46163003398328867
50.8,P,0.13929272373783844,-2.045450878653297,-1.0918730267387107,-1.2512709901045171,1.463017778052249,0.6430177780522491,0.1329822631417844,0.26026390408338973,0.16903971057523837,0.45,0.07047786325281327,0.23228783198318778,0.2882399761835917,2.3824393023916697,2.956307448036838,2.3824393023916697,2.956307448036838,0.01145047808936539,0.015406010949197135,0.4094394834196201,0.5182420728347781,0.00283617386777865,0.9305177301221769,59.20378721793662,FOLLOWING,WALKING,0.4639269871385631
50.85,P,0.16248505499501192,-2.043739309885955,-1.082072141426789,-1.2594626746103539,1.4650907140931024,0.6450907140931025,0.13316636034963591,0.2615052190750618,0.17011319816491532,0.45,0.06409365191694959,0.23335148477876833,0.2896589533713553,2.393348561833521,2.970861060219028,2.393348561833521,2.970861060219028,0.010909259441851393,0.01455361218219009,0.4088551276243575,0.5178056975678194,0.0026296474618123784,0.9292904726539892,59.25025174156932,FOLLOWING,WALKING,0.46620550257940296
50.9,P,0.18576946899814853,-2.0417545063640725,-1.0721514282510811,-1.267621184628376,1.471058277501103,0.651058277501103,0.13525237534995893,0.26292151606848074,0.17136094902066817,0.45,0.07625032749042451,0.23456127900556015,0.2912817531314013,2.405756707749335,2.9875051603220646,2.405756707749335,2.9875051603220646,0.01240814591581385,0.016644100103036408,0.41792617427670536,0.5294149196293089,0.0030789470992776662,0.950420041005292,59.29777274361958,FOLLOWING,WALKING,0.4684646239320669
50.95,P,0.20914162260006663,-2.039492961881963,-1.0620993659583369,-1.2757427708425406,1.4770400751360304,0.6570400751360305,0.13736741032664335,0.2644868832508631,0.17276945451269812,0.45,0.08579516503621341,0.23589353852901157,0.29308022797271466,2.419420907989862,3.0059510561304066,2.419420907989862,3.0059510561304066,0.013664200240527169,0.018445895808341994,0.426300439739376,0.540225167834063,0.003504192847720813,0.9700298004211598,59.346274233640635,FOLLOWING,WALKING,0.47070340296319985
51.0,P,0.24482184120938974,-2.035722875152414,-1.0519115536006711,-1.2838299952965153,1.4830266367478708,0.6630266367478709,0.1394377467469442,0.26617911513511994,0.1743166048722657,0.45,0.09326109982034578,0.23732971702875996,0.29502851324147994,2.4341509438847173,3.025933469143384,2.4341509438847173,3.025933469143384,0.01473003589485522,0.019982413012977318,0.4340789395951802,0.5503549070800688,0.0038835935698570377,0.988317440245106,59.39569010565289,FOLLOWING,WALKING,0.47292089997784187
51.05,P,0.27742079423630506,-2.0317378552115577,-1.0415578044846237,-1.2919148895087302,1.498953101332267,0.678953101332267,0.14630056885372322,0.2685693443972175,0.17663552118029163,0.45,0.14282010203121684,0.23933616564187926,0.2978025231525558,2.4547299040192745,3.054384852846726,2.4547299040192745,3.054384852846726,0.020578960134557178,0.028451383703341993,0.46561609589700526,0.5903488237417279,0.005898283065239951,1.061863202703973,59.44878326578809,FOLLOWING,WALKING,0.4751161842138488
51.1,P,0.31012004087552725,-2.027248236425654,-1.0310142029774303,-1.2999793575417744,1.51229711514145,0.69229711514145,0.15175457012488114,0.27139741257956124,0.17945883602912127,0.45,0.17011334034475736,0.24169697521674166,0.3010978499423808,2.4789433355563246,3.0881830763321108,2.4789433355563246,3.0881830763321108,0.024213431537050134,0.03379822348538486,0.4880300873564048,0.6192599043140401,0.007296030669812116,1.114586022340257,59.5045125669051,FOLLOWING,WALKING,0.47728833423256795
51.15,P,0.33934168046495955,-2.022732756668803,-1.0202752677499518,-1.308042237742948,1.525634648999576,0.7056346489995761,0.1571145803121195,0.2745952259086104,0.1827234207683451,0.45,0.19137355444466886,0.2443544997714493,0.3048359520457715,2.50619999765589,3.126522585084836,2.50619999765589,3.126522585084836,0.027256662099565343,0.038339508752725404,0.5087135428526153,0.6462645913675473,0.008589831709523744,1.1635679659296863,59.56269096520158,FOLLOWING,WALKING,0.4794364383055981
51.2,P,0.3544451684063438,-2.019884613558151,-1.0092985663279772,-1.3161197191330918,1.5360145779632879,0.7160145779632879,0.1609391139559745,0.27793192826143986,0.18617785907556697,0.45,0.19494305990717653,0.24711949258443353,0.3087443639384462,2.5345588983018823,3.1666088609071403,2.5345588983018823,3.1666088609071403,0.028358900645992335,0.040086275822304174,0.5205643142075048,0.6623876071017689,0.009261214968200093,1.192213136277474,59.622301622015456,FOLLOWING,WALKING,0.48155959479747423
51.25,P,0.375909833450416,-2.015937999658283,-0.9981342436911461,-1.3241755276567801,1.5346276423459306,0.7146276423459307,0.15919628519922152,0.28069438358930265,0.18905157166990502,0.45,0.14595307001122543,0.24940634847793336,0.31198241870067195,2.5580138305429063,3.1998196789812505,2.5580138305429063,3.1998196789812505,0.023454932241024018,0.03321081807411019,0.5021101892782915,0.6404116486808894,0.00782323030781625,1.1503450682669973,59.6798188754288,FOLLOWING,WALKING,0.483656912544116
51.3,P,0.39137484169505854,-2.0127875440851577,-0.9867973537398023,-1.3321940271936086,1.5383538096281482,0.7183538096281482,0.15976181406469026,0.28327018637893525,0.19171425940164755,0.45,0.13023853065051388,0.2515414764479626,0.3149988963099079,2.5799125789534623,3.2307579108708504,2.5799125789534623,3.2307579108708504,0.021898748410555946,0.030938231889599876,0.49900076457999665,0.6375021158204374,0.007350842973728158,1.1438537233741621,59.737011561597505,FOLLOWING,WALKING,0.4857275112268808
51.35,P,0.40457452093285967,-2.0099646230758963,-0.9752949732801615,-1.3401636482765815,1.5370641286246165,0.7170641286246165,0.15787199752337816,0.28539290522243366,0.19385555312713873,0.45,0.0959114574918612,0.2533098111798922,0.3174759992649751,2.598049345434792,3.2561640950253854,2.598049345434792,3.2561640950253854,0.01813676648132967,0.025406184154534994,0.4838543071164448,0.6192775538430774,0.005977464185704155,1.1091093251452264,59.79246702785476,FOLLOWING,WALKING,0.48777052174206476
51.4,P,0.42266025543029595,-2.0061480674041605,-0.96364670208407,-1.3480662567072677,1.5338426147756528,0.7138426147756528,0.15497876946286238,0.2870170551053717,0.1953921316919112,0.45,0.06063627590821047,0.25467965731036035,0.319354452900383,2.6120990493370293,3.2754302861577744,2.6120990493370293,3.2754302861577744,0.014049703902237365,0.019266191132389032,0.4657401482710001,0.5970490124709109,0.0043233892024752835,1.067112549944386,59.84582265535198,FOLLOWING,WALKING,0.4897850865656964
51.45,P,0.4466434929002804,-2.0009451142197,-0.9518647969449721,-1.3558933212400963,1.5345744198385554,0.7145744198385554,0.1539096338003989,0.2884505376304364,0.19663071908577384,0.45,0.050516237485175794,0.2559081536217408,0.32099292163913196,2.624699011505034,3.2922350937346865,2.624699011505034,3.2922350937346865,0.01259996216800463,0.01680480757691205,0.46013426240573935,0.5903456895027596,0.003507038350643539,1.0539869902591423,59.89852200486494,FOLLOWING,WALKING,0.4917703601134699
51.5,P,0.4706586252870818,-1.9954328398402001,-0.9399414776204573,-1.3636464160168684,1.5401030005788878,0.7201030005788879,0.15511171381303562,0.29000478857681294,0.1979077285419562,0.45,0.06372842049590136,0.2572510595031192,0.32275851765050667,2.638472405160197,3.3103437707744274,2.638472405160197,3.3103437707744274,0.013773393655163169,0.01810867703974095,0.46789309904482274,0.600384055693995,0.003639312587515176,1.0719164673263328,59.95211782823125,FOLLOWING,WALKING,0.4937255090956667
51.55,P,0.4946999073436034,-1.989608946889836,-0.927870333062996,-1.3713262830389037,1.5456217957994234,0.7256217957994234,0.15628067004352164,0.2916611252837453,0.19921484614363594,0.45,0.07399086695716088,0.2586910682469736,0.3246311823205171,2.6532417256099854,3.329550587902739,2.6532417256099854,3.329550587902739,0.014769320449788292,0.019206817128311737,0.4751047649682211,0.6097193576293843,0.0037497201395080416,1.0885738427371134,60.006546520368104,FOLLOWING,WALKING,0.49564971286691684
51.6,P,0.5187614959282004,-1.983471267806062,-0.9156487254069654,-1.3789306490514268,1.5511220265695072,0.7311220265695072,0.15741735139823232,0.293403124647004,0.20054470396803364,0.45,0.08191389161495545,0.2602129761402944,0.3265932731537136,2.668851037336353,3.3496745964483448,2.668851037336353,3.3496745964483448,0.015609311726367814,0.020124008545605587,0.48182775014679147,0.6184251720176791,0.0038404215894733418,1.104093343753944,60.0617511875558,FOLLOWING,WALKING,0.49754216377065263
51.65,P,0.5628136193060347,-1.971822872054194,-0.9032735947827835,-1.3864578194781054,1.5565995126541177,0.7365995126541177,0.15851528379234237,0.2952166239359378,0.20188979688319642,0.45,0.0879937742319529,0.2618038625517688,0.32862938532010677,2.6851678210437826,3.370557798154941,2.6851678210437826,3.370557798154941,0.016316783707429394,0.0208832017065963,0.4881250495008228,0.6265800095114977,0.003910471710210055,1.1186155307225307,60.11768196409192,FOLLOWING,WALKING,0.49940206747811194
51.7,P,0.5985047880140054,-1.961620437272176,-0.8906976345658133,-1.3939324416284948,1.5786272403870771,0.7586272403870772,0.16740684476107182,0.29805950119961894,0.20430074123762132,0.45,0.16555714592595044,0.2642477285247926,0.33187127387444526,2.710233113074796,3.4038079371737973,2.710233113074796,3.4038079371737973,0.025065292031013264,0.033250139018856206,0.5379709378993756,0.6898076685927189,0.0070928311491603975,1.234871437641255,60.179425535973984,FOLLOWING,WALKING,0.5012286433217443
51.75,P,0.6177156087148662,-1.9555087486967246,-0.8779025300133376,-1.4013603386711428,1.5937357107800343,0.7737357107800343,0.17286625251722615,0.30136941534465567,0.20720761120368456,0.45,0.1956118435512566,0.26707655569044586,0.3356622749988655,2.7392467250302137,3.442689999988364,2.7392467250302137,3.442689999988364,0.02901361195541785,0.03888206281456652,0.564788091155602,0.7243570680902436,0.008673488377167353,1.297818647623013,60.24431646835513,FOLLOWING,WALKING,0.5030211246228863
51.8,P,0.6401740534493874,-1.94822727041572,-0.8649085058936332,-1.4087235417214696,1.5949777670007494,0.7749777670007495,0.17187131494069335,0.30426825732298396,0.20968947760030957,0.45,0.15804228534112716,0.26956464878013275,0.33897186586583516,2.764765628514182,3.4766345217008734,2.764765628514182,3.4766345217008734,0.025518903483968458,0.03394452171250961,0.552189259935807,0.7092158070473568,0.007494066261822105,1.268899133244986,60.307761425017375,FOLLOWING,WALKING,0.5047787590135626
51.85,P,0.6464760170587026,-1.9457196640335597,-0.8517150171663894,-1.4160151959108815,1.5988551478209454,0.7788551478209454,0.17202953315997482,0.30697162060112426,0.2119445168168751,0.45,0.14033345817494236,0.27189480306793146,0.34204843813431707,2.788664646850579,3.5081891090699187,2.788664646850579,3.5081891090699187,0.02389901833639696,0.03155458736904526,0.5485926476822972,0.7052845541926304,0.006882382039076825,1.2607595839140044,60.370799404213074,FOLLOWING,WALKING,0.5065008087522826
51.9,P,0.6899544847223794,-1.931214249688673,-0.8383697253353244,-1.4232077430478358,1.589076209179906,0.769076209179906,0.16576488086798064,0.3087135223950666,0.2131283240523649,0.45,0.06643276735587922,0.2734407847644002,0.343986260025733,2.8045208693784636,3.528064205392133,2.8045208693784636,3.528064205392133,0.015856222527884434,0.019875096322214514,0.5085997764413291,0.6551305830262537,0.003633161070254679,1.1673635205378377,60.42916758023996,FOLLOWING,WALKING,0.5081865510336961
51.95,P,0.7078993147175463,-1.9245357977458808,-0.8248290768104795,-1.4303189597466945,1.6105419900884084,0.7905419900884084,0.17404051105487944,0.3114582551813636,0.215310960639537,0.45,0.1462669945350016,0.2758242911955202,0.347092219167207,2.8289670891848226,3.5599201965867384,2.8289670891848226,3.5599201965867384,0.024446219806359082,0.03185599119460525,0.5590878923486239,0.7191587376502705,0.006767216356479163,1.2850138463553735,60.493418272557726,FOLLOWING,WALKING,0.5098352782919803
52.0,P,0.7174818222932708,-1.9206515368409456,-0.8111063617992326,-1.4373362462121186,1.6104367746540076,0.7904367746540076,0.17225508418240593,0.3138000673459842,0.217034300940208,0.45,0.11362530782593779,0.2778808905403798,0.3497192441515886,2.850060415798767,3.586864042580396,2.850060415798767,3.586864042580396,0.021093326613944363,0.02694384599365751,0.5451432132129618,0.7019316724977269,0.005385944987110668,1.2524608306977996,60.55604131409261,FOLLOWING,WALKING,0.5114462984978305
52.05,P,0.7352220705249388,-1.9138234680562556,-0.7972393056533649,-1.4442413209260323,1.603176692290293,0.7831766922902931,0.16707741868871634,0.3153831278317134,0.21788632236916386,0.45,0.0566833777038856,0.2793229414796168,0.35144331418381003,2.8648506818422232,3.604546812141641,2.8648506818422232,3.604546812141641,0.014790266043456235,0.01768276956124515,0.5132568780302941,0.6617759300864492,0.00267327094658286,1.177706079063326,60.61492661804577,FOLLOWING,WALKING,0.5130189354489292
52.1,P,0.7591466777568031,-1.9044600498620756,-0.7832315984666762,-1.4510242766919057,1.6027929568043813,0.7827929568043813,0.16507556281852753,0.31672121092428757,0.21838289111274867,0.45,0.042524598471018964,0.28057884244512765,0.3528635794034475,2.8777317173859247,3.6191136349071535,2.8777317173859247,3.6191136349071535,0.012881035543701458,0.014566822765512466,0.5044456563063019,0.6505034424605732,0.0015615664971880552,1.156510665264063,60.67275215130897,FOLLOWING,WALKING,0.5145525290537721
52.15,P,0.7830220316828975,-1.894768655474604,-0.7690878325525403,-1.4576834569908743,1.607648825880995,0.7876488258809949,0.16556313169948772,0.3181563610581024,0.2188956247809046,0.45,0.05453501074449592,0.2819291351568627,0.35438358695934213,2.89158087340372,3.6347034559932525,2.89158087340372,3.6347034559932525,0.013849156017795128,0.015589821086098965,0.5116289838519182,0.6593213896418094,0.0016161862555757478,1.1725665597493033,60.73138047929643,FOLLOWING,WALKING,0.5160464356087324
52.2,P,0.806841448573709,-1.8847489585441692,-0.7548069928243419,-1.4642165687465116,1.6124789925423868,0.7924789925423869,0.1660496759518963,0.3196723688532703,0.21942276855632012,0.45,0.06379004169083244,0.2833579006571993,0.35598683704934125,2.9062348785353773,3.65114704665991,2.9062348785353773,3.65114704665991,0.014654005131657488,0.01644359066665757,0.5182577776614642,0.6674138256978353,0.0016656097914563097,1.1873372131507558,60.79074733995397,FOLLOWING,WALKING,0.517500028068245
52.25,P,0.8393747054596398,-1.8706531384829375,-0.7403835830272399,-1.4706257975193684,1.6172796126180193,0.7972796126180194,0.16652841807138258,0.3212552743402899,0.21996182814032472,0.45,0.07087896085163364,0.2848515917830661,0.35765895689751365,2.9215547875186267,3.6682969938206527,2.9215547875186267,3.6682969938206527,0.01531990898324942,0.017149947160742585,0.5244024921123831,0.6748741103493059,0.0017074444546687992,1.2009840469163577,60.85079654229978,FOLLOWING,WALKING,0.5189126963080017
52.3,P,0.8726249975726635,-1.8556167515844164,-0.7257928943921493,-1.476916216536546,1.6296190117820113,0.8096190117820113,0.17055876198333478,0.32333288800476845,0.22099107819404237,0.45,0.10957894578584196,0.2867588645636544,0.3599069114458825,2.9411165596272246,3.691352937906487,2.9411165596272246,3.691352937906487,0.019561772108597886,0.023055944085834224,0.5516661424385905,0.7090045354288274,0.003275353139073877,1.2639460310064918,60.9139938438501,FOLLOWING,WALKING,0.5202838473810396
52.35,P,0.9036576710180303,-1.8409375096977403,-0.7110181759560745,-1.4830921677982662,1.6426666894409163,0.8226666894409164,0.17487897540889819,0.32587045498831063,0.2225006320548393,0.45,0.14288135941214208,0.2890466003832347,0.36269430959338655,2.964580516751125,3.7199416368552467,2.964580516751125,3.7199416368552467,0.023463957123900592,0.028588698948759816,0.5784210595015429,0.7426594104689683,0.00483662430933349,1.3259170942798446,60.980289698564086,FOLLOWING,WALKING,0.5216129057666234
52.4,P,0.9358539563606403,-1.8251069872001577,-0.6960445167350351,-1.489156232382857,1.6538534939711844,0.8338534939711845,0.17828454005883695,0.32868997899416463,0.22431898175729825,0.45,0.1606694002746533,0.29156518751333177,0.3658147704749975,2.9904121796239154,3.751946363846128,2.9904121796239154,3.751946363846128,0.02583166287279015,0.032004726990881416,0.5974890350446823,0.7667881697313628,0.005873621093773932,1.370150825869819,61.04879723985757,FOLLOWING,WALKING,0.5228993136118121
52.45,P,0.9507605237601084,-1.817074125582017,-0.6808565469572893,-1.4951080766226381,1.6661199044949648,0.8461199044949649,0.18212788053166584,0.33181038956693465,0.2264743474533432,0.45,0.17929433851886648,0.2943288850634064,0.3692918940704629,3.0187577955221165,3.7876091699534657,3.0187577955221165,3.7876091699534657,0.02834561589820117,0.03566280610733763,0.6182782800528024,0.793221035609349,0.0070291445693058075,1.4185284602314572,61.11972366286914,FOLLOWING,WALKING,0.5241425309656085
52.5,P,0.9711731300888455,-1.806152177949791,-0.6654859163386835,-1.5009307391873195,1.6630803955729063,0.8430803955729064,0.1790000950276251,0.33430425086303417,0.22799192553673817,0.45,0.12647574478765766,0.296571587186704,0.3720369145393643,3.0417598685815794,3.815763226044762,3.0417598685815794,3.815763226044762,0.02300207305946289,0.028154056091296287,0.5927494271133478,0.7613003705503828,0.004982335911152541,1.359032133574883,61.18767526954788,FOLLOWING,WALKING,0.5253420360055968
52.55,P,0.9879713927218732,-1.7968213365947399,-0.6499480638871219,-1.5066140191418977,1.6648762599464566,0.8448762599464567,0.1780468959510892,0.33654437425645023,0.2292290639364613,0.45,0.10655288417799468,0.2986069641749659,0.37448178433793455,3.06263552999965,3.8408388137224057,3.06263552999965,3.8408388137224057,0.020875661418070734,0.025075587677643618,0.5846993817537292,0.7512028467391887,0.004083668313529013,1.3399858968064469,61.2546745643882,FOLLOWING,WALKING,0.5264973252569698
52.6,P,1.0018340726469284,-1.788889683773482,-0.6342582880089402,-1.5121480189514924,1.6634303211861567,0.8434303211861568,0.1755888919069248,0.33838179887592423,0.23001065795025,0.45,0.0767491191135161,0.3003150349851579,0.3764485627666906,3.0801542049759782,3.8610109001711854,3.0801542049759782,3.8610109001711854,0.017518674976328086,0.02017208644877977,0.5684131779530012,0.7306022353376826,0.0025887593284059356,1.3016041726190897,61.319754773019156,FOLLOWING,WALKING,0.5276079138038544
52.65,P,1.0175818787609847,-1.7798311380260534,-0.6184404692478835,-1.517523972718664,1.6593324445827422,0.8393324445827423,0.17188042558839386,0.33972331071929085,0.23021344960965817,0.45,0.04183365585351756,0.30162298480889244,0.37782363662968926,3.0935690749629994,3.8751142218429666,3.0935690749629994,3.8751142218429666,0.013414869987021127,0.014103321671781188,0.5464572795100563,0.702683208410572,0.0006722692914877263,1.249812757212116,61.38224541087976,FOLLOWING,WALKING,0.5286733354928491
52.7,P,1.0404687653261782,-1.7665493223373274,-0.6025163214171863,-1.522732327899066,1.6569170685813,0.8369170685813,0.16894282214910253,0.3407399363624728,0.22999938563882122,0.45,0.022002597159397154,0.3026750380392479,0.3788048346856977,3.1043593645051066,3.8851777916481813,3.1043593645051066,3.8851777916481813,0.010790289542107256,0.010063569805214723,0.5323390245004853,0.6844363543322362,0.0007089779776306826,1.217484356810352,61.443119628720275,FOLLOWING,WALKING,0.5296931431286843
52.75,P,1.0632249411223418,-1.7529473707003425,-0.5864789897474196,-1.5277570772108755,1.6609776404389096,0.8409776404389097,0.16909273367675015,0.34185490610188973,0.22982696612130038,0.45,0.03502854195781331,0.3038185432088145,0.37989126899496495,3.116087622654508,3.896320707640666,3.116087622654508,3.896320707640666,0.01172825814940115,0.011142915992484514,0.5394994724467156,0.6928242663513757,0.0005706238264115761,1.2328943626245028,61.504764346851495,FOLLOWING,WALKING,0.5306669086619263
52.8,P,1.0858436472486106,-1.7390271227326173,-0.570328746412954,-1.5326136067288263,1.6650026209616051,0.8450026209616052,0.16925960414459304,0.3430510919501743,0.22969431606869042,0.45,0.04503217702695563,0.305036682640806,0.3810655012595426,3.128581360418523,3.9083641154824877,3.128581360418523,3.9083641154824877,0.0124937377640153,0.012043407841821896,0.5459847765618108,0.7003547134980728,0.0004387530687943882,1.246778243128678,61.56710325900792,FOLLOWING,WALKING,0.5315942233686447
52.85,P,1.1083181573821814,-1.7247906023302708,-0.5540552897873156,-1.5373064454768577,1.6689857809806898,0.8489857809806899,0.16944665009687465,0.3443135168399977,0.22960018222489947,0.45,0.052651002164999156,0.30631468668177686,0.3823123469982186,3.14168909417207,3.921152276904806,3.14168909417207,3.921152276904806,0.013107733753547013,0.0127881614223182,0.5518672054977433,0.7071255995882293,0.0003112293267062435,1.259304034412679,61.63006846072855,FOLLOWING,WALKING,0.5324746980219689
52.9,P,1.1430105327346334,-1.7023017553048208,-0.5376688522813754,-1.5418288601107173,1.6729123667799315,0.8529123667799315,0.16963469564617206,0.34562870515418637,0.22954084791464277,0.45,0.05834475920536361,0.30763969482431297,0.38361771548405976,3.1552789212750048,3.934540671631382,3.1552789212750048,3.934540671631382,0.01358982710293466,0.01338839472657627,0.557189964896523,0.71319583698388,0.0001961229295692715,1.2705819248099723,61.693597556969046,FOLLOWING,WALKING,0.5333079630554594
52.95,P,1.1812732385805154,-1.6765810918721251,-0.521137783732873,-1.5461852988538132,1.6883230571516126,0.8683230571516126,0.17525189421493134,0.3476508263118164,0.2302457688421942,0.45,0.11331594981558422,0.3095451515684332,0.38575650105519954,3.1748220673685457,3.9564769338994825,3.1748220673685457,3.9564769338994825,0.01954314609354091,0.021936262268100304,0.5971199201901862,0.7626890129568703,0.002337192877493363,1.36214612602455,61.76170486327027,FOLLOWING,WALKING,0.5340936687182287
53.0,P,1.1977907005346429,-1.6645973919215833,-0.5044197862695319,-1.5503831443609675,1.7073975376961836,0.8873975376961837,0.18248897910285622,0.3504809298759742,0.23185720413686028,0.45,0.17231415525227314,0.3121085625913238,0.38885329716062456,3.201113462475116,3.9882389452371747,3.201113462475116,3.9882389452371747,0.026291395106570192,0.031762011337692186,0.6441791786656874,0.8214126071984754,0.0053801695017901266,1.470971955365953,61.83525346103856,FOLLOWING,WALKING,0.5348314852217442
53.05,P,1.219416328960948,-1.6488210503698733,-0.4875315635146221,-1.554415214164693,1.706037935021359,0.8860379350213591,0.18034727073344337,0.35282385517119436,0.23301836527218905,0.45,0.12842278932754447,0.31425931571864707,0.39138839462374164,3.2231724689092007,4.014239944858889,3.2231724689092007,4.014239944858889,0.02205900643408487,0.026000999621714094,0.6237832931013255,0.7959324585358819,0.003896234921835711,1.423611986559043,61.90643406036651,FOLLOWING,WALKING,0.5355211028782514
53.1,P,1.2274908218350251,-1.6423444184498983,-0.470487606321354,-1.5582737924900414,1.7095565417781275,0.8895565417781276,0.18043317633017186,0.35503255494321645,0.2340750075495433,0.45,0.11565164540526705,0.31629314119376706,0.39377196869266584,3.2440322173719696,4.038686858386316,3.2440322173719696,4.038686858386316,0.020859748462768835,0.024446913527427228,0.6212213049950903,0.7926511748945844,0.0035616031063038156,1.4174340829959784,61.9773057645163,FOLLOWING,WALKING,0.5361622322307618
53.15,P,1.2583499134974456,-1.619149195184998,-0.45336085766557604,-1.5619518838987885,1.7000584144768938,0.8800584144768938,0.1745174423151728,0.3563791867895315,0.2342273615071373,0.45,0.04841652329067728,0.3176145584601003,0.39514381511896274,3.2575852149753874,4.052757078143207,3.2575852149753874,4.052757078143207,0.013552997603417882,0.014070219756891156,0.5789036805215869,0.7395490662499403,0.0005138707032347684,1.318966617474762,62.04325409539004,FOLLOWING,WALKING,0.5367546041745473
53.2,P,1.2817037176815427,-1.6008185777731503,-0.4360812921734678,-1.565441799230738,1.7126661369145704,0.8926661369145704,0.17886590147301434,0.3582630603446519,0.23495152205528047,0.45,0.09323886689250849,0.319378583444503,0.3971475372448008,3.2756777789179794,4.073308074305649,3.2756777789179794,4.073308074305649,0.018092563942591955,0.020550996162441493,0.6107857694148713,0.7790065817298992,0.002450053771180329,1.3922424049159507,62.11286621563583,FOLLOWING,WALKING,0.5372979700700942
53.25,P,1.2887849858843776,-1.594630010685881,-0.4186669804039404,-1.568748255489646,1.7181492532788347,0.8981492532788348,0.17993021185732674,0.36019353223373307,0.2357469484504915,0.45,0.09685202817892113,0.3211774122651767,0.39920965220228943,3.2941273052838635,4.094457971305532,3.2941273052838635,4.094457971305532,0.01844952636588415,0.021149896999883566,0.6170599797464045,0.7866404264412924,0.002700278573586954,1.406400684761284,62.18318624987389,FOLLOWING,WALKING,0.5377921018474646
53.3,P,1.303014023710395,-1.5828538194931006,-0.40116069687077305,-1.5718591181186925,1.7076481143472977,0.8876481143472977,0.17357462419442024,0.36124603583856824,0.23560482787168907,0.45,0.02933957068079291,0.3222534368258037,0.40023863485133276,3.3051634546236275,4.105011639500849,3.3051634546236275,4.105011639500849,0.011036149339763934,0.010553668195316668,0.572662973475203,0.7309474921404244,0.00048217384088309484,1.3040926394565104,62.24839088184671,FOLLOWING,WALKING,0.5382367921020266
53.35,P,1.323688122875306,-1.5656057975201487,-0.3835856226860043,-1.5747680981713406,1.704210187073829,0.8842101870738291,0.17049908398923247,0.3619566578272429,0.23506172142306658,0.45,0.007757985127755822,0.3230539429317254,0.4008593727227604,3.313373773658722,4.111378181771902,3.313373773658722,4.111378181771902,0.008210319035094393,0.006366542271052822,0.5560251185251645,0.7096255200959832,0.0018383549289001564,1.2674889935500477,62.31176533152421,FOLLOWING,WALKING,0.5386318541815087
53.4,P,1.3441479108402885,-1.5480756291775732,-0.3659371276892416,-1.577477322908349,1.707298330707369,0.8872983307073691,0.17056252680953274,0.3627518167373733,0.23458149040004686,0.45,0.019639060387226008,0.32392858007616554,0.401575053398581,3.3223444110375953,4.118718496395703,3.3223444110375953,4.118718496395703,0.00897063737887338,0.007340314623800914,0.562227671374369,0.716675264069663,0.001622207651274895,1.2805251430953069,62.37579158867897,FOLLOWING,WALKING,0.5389771222643447
53.45,P,1.3643875181167315,-1.5302674473036133,-0.34821332196583477,-1.5799856141739919,1.7103377732473732,0.8903377732473733,0.1706563196864094,0.3636155149166637,0.23416194451770747,0.45,0.028692014278055577,0.32486171309898315,0.4023693167343443,3.331915006143417,4.126864787018915,3.331915006143417,4.126864787018915,0.009570595105821589,0.008146290623212593,0.5677124515581474,0.7228448528839608,0.001414680186571118,1.2919719846286792,62.4403901879104,FOLLOWING,WALKING,0.5392724514292748
53.5,P,1.3894784868287786,-1.5076622127956347,-0.33041770552207983,-1.5822914981095384,1.7133223670892943,0.8933223670892944,0.17077428227138902,0.36453382851828836,0.23380027817257426,0.45,0.0355119840413368,0.3258398824807273,0.4032277745558494,3.341947512622844,4.135669482624096,3.341947512622844,4.135669482624096,0.010032506479427106,0.008804695605181045,0.5725593418813586,0.7282392325332749,0.0012176307662084297,1.302016205180842,62.50549099816944,FOLLOWING,WALKING,0.5395177177161745
53.55,P,1.4179662268316537,-1.481225966235204,-0.31253473103565244,-1.5843970262566478,1.7215145781228358,0.9015145781228359,0.17342438908981345,0.3657972211188828,0.23383254288244165,0.45,0.06374507609982738,0.3270979352718387,0.40449650696592687,3.354850618172705,4.148682122727455,3.354850618172705,4.148682122727455,0.01290310554986096,0.013012640103358564,0.593654008732307,0.7538857423729957,0.00010864136381265663,1.3476483924691154,62.57287341779289,FOLLOWING,WALKING,0.5397128181780841
53.6,P,1.4427096861860251,-1.4573899831895472,-0.2945402248470617,-1.5863015194547931,1.7335737171535601,0.9135737171535602,0.17791121018023204,0.36757430303847866,0.23446730196852877,0.45,0.10278137109305532,0.32876996456268714,0.40637864151427017,3.371999636540381,4.167986066813027,3.371999636540381,4.167986066813027,0.017149018367676128,0.019303944085572233,0.6249016810362744,0.7923204877357846,0.0021431556045340572,1.4193653243765931,62.64384168401172,FOLLOWING,WALKING,0.5398576709244205
53.65,P,1.470108606328636,-1.4302299216609566,-0.2764221059302031,-1.5880050160043444,1.7420262447984916,0.9220262447984916,0.180715979867866,0.3695798686169994,0.23541722905383775,0.45,0.11736059109028356,0.33061831720858925,0.4085414200254095,3.3909570995752745,4.19016841051702,3.3909570995752745,4.19016841051702,0.01895746303489343,0.02218234370399319,0.6412648426416193,0.8124968964380339,0.003220260512063606,1.4569819995917168,62.716690783991304,FOLLOWING,WALKING,0.5399522151553484
53.7,P,1.4838667929410885,-1.4156460253733012,-0.25816578900292586,-1.5895042547522813,1.753642640123247,0.933642640123247,0.18497052432619748,0.3719590125705401,0.23684652693249056,0.45,0.14265340047934805,0.3327609123632129,0.41115711277786726,3.4129324344944916,4.2169960284909465,3.4129324344944916,4.2169960284909465,0.021975334919217104,0.026827617973926188,0.6663821327059516,0.843721614120293,0.004874749034557166,1.5149784958608017,62.792439708784336,FOLLOWING,WALKING,0.5399964111873011
53.75,P,1.4992487841543949,-1.3991658790013182,-0.239802398384554,-1.5907905611504738,1.7506867796602918,0.9306867796602919,0.18250836144998553,0.37382461878545586,0.2378005030349895,0.45,0.09826386633688808,0.3344686355331651,0.41318060203774665,3.430447543929898,4.237749764489709,3.430447543929898,4.237749764489709,0.017515109435406462,0.0207537359987624,0.6418217281053016,0.813391310593751,0.0032667263576297524,1.4584797650566823,62.86536369703717,FOLLOWING,WALKING,0.5399902404696365
53.8,P,1.5135881959780335,-1.383429895084484,-0.2213472119665448,-1.5918638331861066,1.7495768157754268,0.9295768157754268,0.18088908588002503,0.37535875360483684,0.2384404793252939,0.45,0.07176197464936616,0.3358968542765007,0.414820652933173,3.445095941297443,4.254570799314594,3.445095941297443,4.254570799314594,0.014648397367544863,0.016821034824885395,0.6264940371334796,0.7943616334561472,0.002197386049205011,1.423053056638832,62.93651634986911,FOLLOWING,WALKING,0.5399337055924236
53.85,P,1.5248963135654805,-1.3706418113718981,-0.20282108537306454,-1.592721347128133,1.7474111068355869,0.9274111068355869,0.1787860354064138,0.37655053323673066,0.23873254617263037,0.45,0.046445220891209435,0.33704029684516035,0.41606076962830096,3.45682355738626,4.2672899449056505,3.45682355738626,4.2672899449056505,0.011727616088816895,0.012719145591056247,0.6098310207743707,0.7735593622170407,0.0010040524144883946,1.3843944354058997,63.0057360716394,FOLLOWING,WALKING,0.5398268302853555
53.9,P,1.5357250365583883,-1.3582416471149705,-0.18424336735060579,-1.5933579712961596,1.7419318961419463,0.9219318961419464,0.17511760499146908,0.3772613643026416,0.2385001682292157,0.45,0.012118745243123584,0.33778958646070645,0.4167331421445768,3.4645085790841685,4.27418607327771,3.4645085790841685,4.27418607327771,0.007685021697908745,0.006896128372059884,0.5845407089588637,0.7419158310355413,0.0007980793717991733,1.3272546193662043,63.072098802607705,FOLLOWING,WALKING,0.5396696594077891
53.95,P,1.5534663308373056,-1.3379140924680966,-0.16564186526581928,-1.5937743679273757,1.7359639962688531,0.9159639962688532,0.171214227313921,0.3775341536773015,0.2377640720936735,0.45,-0.016806138151975212,0.3381841997457985,0.41688410760880446,3.4685558948287025,4.275734437013379,3.4685558948287025,4.275734437013379,0.004047315744533986,0.0015483637356688007,0.5608649139182268,0.712093237085839,0.0025202478908006687,1.2754783988948664,63.13587272255244,FOLLOWING,WALKING,0.539462258929916
54.0,P,1.5709311111421569,-1.3173637325793965,-0.14702758075304972,-1.593971813449289,1.7380441508969324,0.9180441508969325,0.17123117668659343,0.37789499122836534,0.23710387373699632,0.45,-0.0039561073949911756,0.33865430012489245,0.41713568233183823,3.473377437178384,4.278314690582956,3.473377437178384,4.278314690582956,0.004821542349681351,0.002580253569576918,0.5666649911733115,0.7186493207967284,0.0022541124643627604,1.2875684244344026,63.20025114377416,FOLLOWING,WALKING,0.5392047159050724
54.05,P,1.5881151208478403,-1.2965963607863091,-0.128361995904065,-1.5939473986085575,1.7400845087123826,0.9200845087123827,0.1712737019607788,0.3783279457724241,0.23651543612800185,0.45,0.0058918106198882735,0.3391846410932398,0.41747125045160843,3.4788168317255366,4.281756414888291,3.4788168317255366,4.281756414888291,0.005439394547152698,0.003441724305335292,0.5717019995427024,0.7242834809688685,0.002004113919246509,1.2979895944308175,63.2651506234957,FOLLOWING,WALKING,0.5388971384332
54.1,P,1.6050142641505174,-1.2756178784194052,-0.1096995932404266,-1.5937081227741934,1.7420422876689596,0.9220422876689597,0.17138558831830977,0.3788163844683199,0.23600094693817353,0.45,0.013209839692452166,0.33975822775005216,0.4178745411865876,3.4846997717954067,4.285892730118848,3.4846997717954067,4.285892730118848,0.005882940069870113,0.004136315230556242,0.5759022396849254,0.7289151224566991,0.0017484470782408179,1.3065658092198653,63.33047891395669,FOLLOWING,WALKING,0.5385396556154725
54.15,P,1.6270738251673886,-1.2475838646175985,-0.09100052745319243,-1.5932463560769359,1.7439681809833054,0.9239681809833055,0.17147371674875955,0.3793502359376944,0.23554980400543873,0.45,0.01877760554323462,0.3403667433747943,0.4183337285005945,3.4909409576901975,4.290602343595841,3.4909409576901975,4.290602343595841,0.006241185894790835,0.004709613476993724,0.5796148255478679,0.7329719632081337,0.001530239463131408,1.314117028219133,63.39618476536764,FOLLOWING,WALKING,0.538132417500107
54.2,P,1.6596652484634171,-1.2049952481328423,-0.07227788559788777,-1.5925610852920193,1.7525016516781105,0.9325016516781105,0.17479941097009993,0.38030007590598297,0.23559274408585834,0.45,0.05219380338086729,0.3413094767597734,0.41929067505219253,3.500610018048958,4.300417180022487,3.500610018048958,4.300417180022487,0.009669060358760362,0.009814836426645712,0.6048501385805192,0.7636812144531877,0.00014567574783345348,1.3686770287815404,63.46461861680672,FOLLOWING,WALKING,0.5376755950193838
54.25,P,1.671137338046033,-1.1886848570157822,-0.053462603389236044,-1.5916520144410238,1.7747772529968342,0.9547772529968342,0.18463778666993605,0.3823836342878742,0.2369595708777138,0.45,0.13872381243946655,0.34316682530761256,0.42160044326813584,3.519659746744744,4.3241071104424185,3.519659746744744,4.3241071104424185,0.01904972869578625,0.023689930419931393,0.6727379228451479,0.8473688420586334,0.004663910736896399,1.5247706756406778,63.54085715058875,FOLLOWING,WALKING,0.5371693799179
54.3,P,1.6861120768382534,-1.1673102003407663,-0.034577799107861476,-1.5905148013274781,1.7710526496865961,0.9510526496865962,0.1821812707758172,0.38395084139459934,0.2378580853446777,0.45,0.09181631913773555,0.34458532827005517,0.4233163545191435,3.534208495077489,4.341706200196343,3.534208495077489,4.341706200196343,0.014548748332744665,0.01759908975392488,0.6464692726289274,0.8152103985669854,0.003077552603038166,1.464757223798951,63.614095011778694,FOLLOWING,WALKING,0.5366139846720874
54.35,P,1.6938028144529897,-1.155577926018513,-0.015633923341306286,-1.5891464755986278,1.7719694646014017,0.9519694646014017,0.1819142735026992,0.38534266994671984,0.23863070373307427,0.45,0.0756507145525784,0.34584928847889607,0.4248360514145436,3.547172189527139,4.35729283502096,3.547172189527139,4.35729283502096,0.012963694449650287,0.015586634824616752,0.6391084680052429,0.8062508032253841,0.0026549347642588384,1.448014205994886,63.68649572207843,FOLLOWING,WALKING,0.5360096424010283
54.4,P,1.7105176078236148,-1.1308101838072473,0.003321260502568847,-1.587550191420959,1.763563338161068,0.9435633381610681,0.17721031946089183,0.38605481738007863,0.23869102648698723,0.45,0.022020601013540884,0.3465514524964822,0.42555818226367503,3.554373871758792,4.364699305268462,3.554373871758792,4.364699305268462,0.00720168223165274,0.007406470247501851,0.6016947702411785,0.7600899829168587,0.00020733840074890793,1.361992091558786,63.75459532665637,FOLLOWING,WALKING,0.535356606768608
54.45,P,1.731823305552424,-1.0984677976749646,0.02230276095458624,-1.5857241239341904,1.7672381850959693,0.9472381850959694,0.17829920136741573,0.3868765425674945,0.23889231602288963,0.45,0.03334539530412843,0.34733986426570623,0.42641322086928274,3.5624601463149355,4.373468931992643,3.5624601463149355,4.373468931992643,0.008086274556143636,0.008769626724181023,0.6095164997215061,0.769556982044471,0.0006924459372897523,1.3797659277032668,63.82358362304153,FOLLOWING,WALKING,0.534655151877042
54.5,P,1.7351448144865431,-1.0923460496141704,0.04132509870304783,-1.583663795768955,1.7776049110760592,0.9576049110760593,0.18260540887833493,0.3881711333074526,0.23965481461917584,0.45,0.07162300264961842,0.34850826148797903,0.4278340051269262,3.5744437075690154,4.388041078224884,3.5744437075690154,4.388041078224884,0.011983561254079955,0.01457214623224079,0.6390154217346588,0.8058855745134617,0.0026314050202612574,1.4475324012683817,63.895960243104945,FOLLOWING,WALKING,0.5339055721518267
54.55,P,1.7442342962618194,-1.0774856052661959,0.0603342584547674,-1.5813746215809017,1.7636378191860986,0.9436378191860987,0.17527780063114318,0.3884837734840301,0.23935183624246262,0.45,-0.00558926224912773,0.34887104458590257,0.4280965023821577,3.578164559855411,4.390733357765719,3.578164559855411,4.390733357765719,0.003720852286395626,0.002692279540835507,0.5832357644467452,0.7370899672550019,0.001044265403636283,1.3213699971053834,63.96202874296021,FOLLOWING,WALKING,0.5331081822181573
54.6,P,1.7575576776014852,-1.0555864577446632,0.07931591780804832,-1.5788585392455068,1.7576755895469427,0.9376755895469427,0.1717510497225392,0.38847877562321187,0.23860304433075918,0.45,-0.030593434966607234,0.34898997178647123,0.4279675794599525,3.5793843260150893,4.389411071384128,3.5793843260150893,4.389411071384128,0.001219766159678226,-0.0013222863815913755,0.5657457069664774,0.7151091107609538,0.0025727620277188573,1.2834275797551502,64.02620012194797,FOLLOWING,WALKING,0.5322633167688696
54.65,P,1.7711017137162377,-1.0327005759373127,0.09826563185889672,-1.5761177415135252,1.757927494407206,0.9379274944072061,0.17131043049838274,0.388475305316704,0.237869648014965,0.45,-0.022754497888794686,0.3491078785702273,0.4278427320631807,3.5805936263613054,4.388130585263392,3.5805936263613054,4.388130585263392,0.0012093003462161356,-0.0012804861207360574,0.5658748336727408,0.7147589480822728,0.0025121192183056346,1.2831459009733193,64.09035741699662,FOLLOWING,WALKING,0.5313713304239573
54.7,P,1.7843252179518054,-1.0096807794798777,0.11717957579261196,-1.5731525216134574,1.7588867992587542,0.9388867992587543,0.1712706190511237,0.38848845644743524,0.23720421678537024,0.45,-0.013527567006447715,0.34923115856945647,0.427745754325414,3.58185803660981,4.387135941799118,3.58185803660981,4.387135941799118,0.0012644102485044328,-0.0009946434642742474,0.5666596734263892,0.7152540078417869,0.0022729405484240416,1.2841866218166003,64.15456674808745,FOLLOWING,WALKING,0.5304325975817247
54.75,P,1.7992264885146285,-0.9830044044103714,0.13606058587908762,-1.5699640419953727,1.7597940210017309,0.9397940210017309,0.17124688477568428,0.3885561931285395,0.23660212455155064,0.45,-0.006559726595931783,0.34939854151525784,0.42771384474182117,3.583574784771875,4.3868086640186785,3.583574784771875,4.3868086640186785,0.0017167481620652403,-0.0003272777804390614,0.570115078651189,0.7190442903571569,0.002051370744447092,1.291210739752793,64.21912728507509,FOLLOWING,WALKING,0.5294475122616391
54.8,P,1.8181421493345422,-0.9480992243395129,0.15492233060953625,-1.5665489347782349,1.7637013454220105,0.9437013454220106,0.1727533291905169,0.38884100116874,0.23626361153711536,0.45,0.012075640704404578,0.3497393734593474,0.42794262887813256,3.5870704970189475,4.389155167980847,3.5870704970189475,4.389155167980847,0.0034957122470724578,0.0023465039621681782,0.5832729879600134,0.7348182267001532,0.0011516876257362818,1.3192429022859027,64.28508943018939,FOLLOWING,WALKING,0.5284164879389468
54.85,P,1.8334656515888124,-0.9184831652292121,0.17379472314267067,-1.562898667486145,1.7744802646807265,0.9544802646807266,0.17767038550211767,0.3897005112514449,0.2366227524261897,0.45,0.05684624448778863,0.35053944572491047,0.4288615767779793,3.595276366409338,4.3985802746459415,3.595276366409338,4.3985802746459415,0.008205869390390585,0.009425106665094773,0.6180245079377944,0.7773120482228911,0.0012237250418144607,1.3965602812025,64.35491744424951,FOLLOWING,WALKING,0.5273399573711229
54.9,P,1.85020029032687,-0.8850096349530446,0.19266428221919368,-1.5590185300625081,1.780387297831102,0.960387297831102,0.18022076192141617,0.3907699138962092,0.23729028004296188,0.45,0.07033101656212856,0.351498372549099,0.4300414552433194,3.605111513324092,4.410681592239173,3.605111513324092,4.410681592239173,0.009835146914753956,0.012101317593231187,0.6321010884334217,0.7946641424726124,0.0022809285377322175,1.4290461594437665,64.42636975222169,FOLLOWING,WALKING,0.5262183724162273
54.95,P,1.8601178198661263,-0.8637668033150625,0.21155374925029863,-1.5549008314146893,1.789333286132075,0.969333286132075,0.1842064497273138,0.392189270087276,0.238429122751853,0.45,0.09422054144274389,0.3527292502718443,0.4316492899027077,3.6177359002240443,4.427172204130335,3.6177359002240443,4.427172204130335,0.012624386899952267,0.016490611891162743,0.654956022091916,0.8229977033927871,0.003910079059679052,1.4818638045443822,64.5004629424489,FOLLOWING,WALKING,0.5250522038432441
55.0,P,1.8684669235110234,-0.8451585548215674,0.23044993255739094,-1.5505438833204586,1.787576498984769,0.9675764989847689,0.1830546818513197,0.39329973783801286,0.2392985925265958,0.45,0.06576215887719297,0.3536958207748613,0.43290365490116445,3.627649443844731,4.440037486165789,3.627649443844731,4.440037486165789,0.009913543620686749,0.01286528203545334,0.6389398794286182,0.8036684295437169,0.002996105664101506,1.4456044146364366,64.57274316318072,FOLLOWING,WALKING,0.5238419411344835
55.05,P,1.8772536406352862,-0.8251824479916886,0.24932509946006695,-1.5459545010083837,1.7834427729294484,0.9634427729294485,0.1807473319552396,0.3940128965922538,0.23976962308789354,0.45,0.0331060892807994,0.3543310239712074,0.4336947692133002,3.6341643484226402,4.448151479110771,3.6341643484226402,4.448151479110771,0.006514904577909153,0.008113992944982051,0.6170008914490663,0.776922367905255,0.0016263190100915263,1.395549578364413,64.64252064209893,FOLLOWING,WALKING,0.5225880922801276
55.1,P,1.8836917676684306,-0.8098477946871242,0.2681640355328223,-1.5411353412166673,1.7803549330352022,0.9603549330352023,0.17893678681946462,0.39444731092932267,0.2399491269997319,0.45,0.012236254104339421,0.35473573041086703,0.4341588914477783,3.6383151837012004,4.452911707156701,3.6383151837012004,4.452911707156701,0.004150835278560194,0.004760228045929793,0.6014809242124971,0.7579127838140792,0.0006202340199165878,1.360013942046493,64.71052133920125,FOLLOWING,WALKING,0.5212911835650104
55.15,P,1.8891754566199601,-0.7964661301019749,0.286942101432867,-1.536090137218174,1.7733333947705436,0.9533333947705437,0.17519774352186812,0.3944453686337383,0.23960590967521092,0.45,-0.021350490163114702,0.3547905905824909,0.4341001466849857,3.6388778521281115,4.452309196769084,3.6388778521281115,4.452309196769084,0.000562668426911106,-0.000602510387616384,0.5762691218043197,0.7268176683424705,0.0011842113493172786,1.3042710014961074,64.77573488927605,FOLLOWING,WALKING,0.5199517593477162
55.2,P,1.8986274301922093,-0.7736185372595324,0.30563519698322156,-1.5308229174496906,1.764708303481545,0.944708303481545,0.17062992271712984,0.3944076399095742,0.2386803582745024,0.45,-0.054603783998825844,0.3549060406151441,0.43390923920400437,3.6400619550271185,4.450351171323121,3.6400619550271185,4.450351171323121,0.0011841028990069447,-0.0019580254459627966,0.5785781381780549,0.7290078771038871,0.0031811175348852856,1.3107671328168273,64.8412732459169,FOLLOWING,WALKING,0.5185703818320936
55.25,P,1.908247135871963,-0.7495762991892827,0.3242610155578419,-1.5253322845225743,1.7637978139354065,0.9437978139354065,0.1699109874510807,0.39436671201540074,0.23775030575294812,0.45,-0.04659710552209371,0.3550190364132878,0.4337143876175137,3.641220886290131,4.448352693512961,3.641220886290131,4.448352693512961,0.0011589312630126969,-0.001998477810160715,0.5789750681911985,0.7288561105118812,0.0031841319076681618,1.3110153106107478,64.90682401144743,FOLLOWING,WALKING,0.5171476308312788
55.3,P,1.917536874209882,-0.7254819749071975,0.34283070144468525,-1.5196132554280202,1.7637486720415152,0.9437486720415152,0.16969507221695623,0.3943261696500892,0.23688410992694245,0.45,-0.03656196664035469,0.3551218494571802,0.4335304898429982,3.642275379048002,4.446466562492289,3.642275379048002,4.446466562492289,0.0010544927578708396,-0.0018861310206714776,0.5791431930198503,0.7284691731246986,0.002954707592627473,1.3105670737371764,64.97235236513428,FOLLOWING,WALKING,0.5156841035243259
55.35,P,1.9264970233240462,-0.7013422695042996,0.36133224256444535,-1.513676237709736,1.7636167444335675,0.9436167444335676,0.1695355333220825,0.39428558990451973,0.23608299593272938,0.45,-0.02909881545444643,0.355213854077653,0.43335732573138647,3.6432190161810563,4.444690520321912,3.6432190161810563,4.444690520321912,0.0009436371330542315,-0.001776042170376968,0.5793160549983961,0.7281335114056883,0.0027234632424595166,1.310173029646544,65.0378610166166,FOLLOWING,WALKING,0.5141804142055522
55.4,P,1.9360920510773203,-0.6745245301811714,0.37977972064359095,-1.5075195514081168,1.7634135268934057,0.9434135268934057,0.16939818070937623,0.39424463209969496,0.23534345073522228,0.45,-0.02359123323118035,0.35529529100301566,0.43319397319637426,3.644054266697596,4.443015109706402,3.644054266697596,4.443015109706402,0.000835250516539876,-0.0016754106155101312,0.5794892954014139,0.7278414033092987,0.0025062785100862964,1.309836977220799,65.10335286547763,FOLLOWING,WALKING,0.5126371940266952
55.45,P,1.9543334907603764,-0.6219033404301092,0.39813338642741286,-1.5011540662378366,1.7652163536657326,0.9452163536657326,0.1703359941759356,0.39421164234936695,0.2348044648754514,0.45,-0.010468724122081843,0.35535150341247973,0.4330717812862542,3.644630804230561,4.4417618593461965,3.644630804230561,4.4417618593461965,0.000576537532964938,-0.0012532503602056266,0.5791263949394323,0.7270333277315032,0.0018224105238568078,1.3079821331947925,65.16875197213737,FOLLOWING,WALKING,0.5110550907319964
55.5,P,1.960963097097926,-0.6003763783398065,0.4164513055888713,-1.4945591213496534,1.7874117051086307,0.9674117051086307,0.18145030569397136,0.39502626819122466,0.23581980965659233,0.45,0.08949394153353328,0.35599808969305863,0.4340544466893907,3.651262458390345,4.451840478865545,3.651262458390345,4.451840478865545,0.006631654159783729,0.010078619519348742,0.6262384959907198,0.7849322021534055,0.0034479131475525465,1.4146186112916779,65.23948290270195,FOLLOWING,WALKING,0.5094347683863201
55.55,P,1.9676047785784554,-0.5780298217173873,0.43471670018558195,-1.4877428325902404,1.784679089362321,0.964679089362321,0.1801635901794601,0.3955634337931579,0.23655991336516016,0.45,0.057781765112392705,0.3564127681312239,0.4347140994550919,3.6555155705766555,4.458606148257353,3.6555155705766555,4.458606148257353,0.004253112186310748,0.0067656693918074495,0.6107443319605187,0.7664044729977388,0.0025211357161927313,1.3796699406744501,65.30846639973566,FOLLOWING,WALKING,0.5077769070964219
55.6,P,1.9718945592106982,-0.5623933957082636,0.4529170923149361,-1.4807065873975043,1.7825048732136324,0.9625048732136324,0.17912882674820485,0.3958964774807518,0.23708631363965177,0.45,0.035503225733435825,0.35665869257338945,0.43513426238811415,3.6580378725475837,4.462915511672965,3.6580378725475837,4.462915511672965,0.0025223019709281758,0.004309363415612388,0.5992087988855662,0.7526052452211397,0.0017971531283249688,1.3536111972350309,65.3761469595974,FOLLOWING,WALKING,0.5060822027254834
55.65,P,1.977084409246658,-0.5434183656553586,0.4710472798207661,-1.4734552957903573,1.7749906092617915,0.9549906092617916,0.17542072064682002,0.3958859618966252,0.2370594795630073,0.45,-0.005370245316021673,0.35665261802894754,0.4351193057643029,3.657975569527667,4.462762110403107,3.657975569527667,4.462762110403107,-6.230301991694276e-05,-0.00015340126985829983,0.5802171945945535,0.7294194650490233,9.160232031205515e-05,1.309728261963889,65.44163337269559,FOLLOWING,WALKING,0.5043513666010343
55.7,P,1.9893601647334176,-0.49878090131639463,0.4890770289436551,-1.4659931680486094,1.7700611646562707,0.9500611646562708,0.1730042928329586,0.39585497589032237,0.236709111139156,0.45,-0.025878347610789682,0.35667961799679204,0.4350303337838527,3.65825249227479,4.461849577270284,3.65825249227479,4.461849577270284,0.0002769227471230984,-0.0009125331328228015,0.5814719256659898,0.7307152528881684,0.001194269733807468,1.3133814482879658,65.50730244510999,FOLLOWING,WALKING,0.5025851252163824
55.75,P,1.989884361838963,-0.49451939724451516,0.507036467495606,-1.4583102490918503,1.785034749368323,0.965034749368323,0.1805716479027294,0.39628542877896433,0.2374153724921088,0.45,0.04569866159661763,0.3569931846315203,0.43557767292640837,3.661468560323285,4.4674633120657266,3.661468560323285,4.4674633120657266,0.0032160680484949467,0.005613734795442582,0.6055839139393168,0.7604948979088473,0.002414553151508408,1.3684933649996727,65.57572711335996,FOLLOWING,WALKING,0.5007842199256795
55.8,P,1.9931562762944406,-0.4803802579138602,0.5248989084062177,-1.450416733321294,1.7685391383464317,0.9485391383464318,0.17241379975988874,0.3962435665439695,0.23694969821048295,0.45,-0.0369357324509638,0.3570283914901346,0.43545874159780446,3.661829656309073,4.466243503567225,3.661829656309073,4.466243503567225,0.00036109598578804025,-0.0012198084985017843,0.5827598177371586,0.7323340550041311,0.0015889158791371788,1.3166827886204266,65.64156125279098,FOLLOWING,WALKING,0.4989494066327472
55.85,P,1.9981729332960863,-0.4588863568605691,0.5426656247093755,-1.4423133089574727,1.7597586374213166,0.9397586374213166,0.16806501086902248,0.39616539912526416,0.23594350485675275,0.45,-0.06744407538226074,0.35711674907147156,0.43521404917905676,3.662735887912529,4.4637338377339155,3.662735887912529,4.4637338377339155,0.0009062316034560425,-0.002509665833309249,0.5850632113921506,0.7344624146988893,0.0034186289247746977,1.3229442550158146,65.70770846554177,FOLLOWING,WALKING,0.49708145547379945
55.9,P,2.003579408361886,-0.43467380212992757,0.5603315674869838,-1.4340047461151637,1.7565961674385882,0.9365961674385882,0.16663439138997038,0.39607471792837656,0.23484479720872353,0.45,-0.06652124672216912,0.3572079039903328,0.4349415318664203,3.6636708101572593,4.460938788373541,3.6636708101572593,4.460938788373541,0.0009349222447303518,-0.0027950493603743354,0.5859706550624627,0.7348257619378349,0.0037155711570207835,1.3245119881573182,65.77393406494963,FOLLOWING,WALKING,0.49518115049418654
55.95,P,2.0086733205001583,-0.4104914754056642,0.5778762754275741,-1.4254883652695676,1.7554562557342435,0.9354562557342435,0.1663159389761959,0.3959800688408608,0.23381296924963768,0.45,-0.05690218394240883,0.35728402243004576,0.4346761152516758,3.6644515121030334,4.458216566683855,3.6644515121030334,4.458216566683855,0.000780701945774176,-0.0027222216896864992,0.5863466008160396,0.7345891112011957,0.003474068527708852,1.3244097805449442,65.84015455397687,FOLLOWING,WALKING,0.49324928931930556
56.0,P,2.0137220191657352,-0.38505856521020165,0.5953175710994824,-1.4167707011894515,1.754251655442239,0.934251655442239,0.16598172006014839,0.39588121101298823,0.232839204532794,0.45,-0.04968394475989913,0.3573463226628108,0.43441609936316566,3.6650904888493416,4.455549737058109,3.6650904888493416,4.455549737058109,0.0006389767463081952,-0.0026668296257454926,0.586711050884013,0.7343800761408491,0.0032649206698367648,1.324356047694699,65.9063723563616,FOLLOWING,WALKING,0.4912866828198079
56.05,P,2.0208221174172936,-0.3473121801380755,0.6126411538435637,-1.4078584297990744,1.7539387417526866,0.9339387417526867,0.16617054685340665,0.3957818801389724,0.23198830790472455,0.45,-0.040130297146751655,0.3573878151807405,0.43417594509720436,3.6655160531357995,4.453086616381583,3.6655160531357995,4.453086616381583,0.00042556428645790234,-0.0024631206765262093,0.5868164301351577,0.7339421731710863,0.0028425321928465643,1.3236011354990906,65.97255241313655,FOLLOWING,WALKING,0.48929415477124805
56.1,P,2.026183882911097,-0.3156669647904812,0.6298654759679808,-1.398743711000295,1.7628760517522066,0.9428760517522067,0.17123041340566086,0.39572066277070705,0.2319055829240163,0.45,0.008022532223424063,0.35734028879678237,0.43410103674463174,3.6650286030439214,4.452318325585966,3.6650286030439214,4.452318325585966,-0.0004874500918781166,-0.0007682907956167995,0.5844804585714045,0.7310650785766539,0.00027625514217874853,1.315821792290237,66.03834350275106,FOLLOWING,WALKING,0.48727254150831567
56.15,P,2.0314784145481197,-0.28159420472731794,0.6469839597090259,-1.3894301489968268,1.7671333655807078,0.9471333655807078,0.17383208605325362,0.39567754552976425,0.2321823562488039,0.45,0.024989755979676856,0.35725136557058723,0.43410372548894127,3.6641165699547407,4.45234590245068,3.6641165699547407,4.45234590245068,-0.0009120330891807527,2.757686471355214e-05,0.5832480226071882,0.7297738834577364,0.0009253711108224378,1.313947277175747,66.10404086660985,FOLLOWING,WALKING,0.4852226915737967
56.2,P,2.03485794294467,-0.2563363050128493,0.663986554271147,-1.3799202812359623,1.7731681744537697,0.9531681744537698,0.1773272621194128,0.39565967464253354,0.2329033010100442,0.45,0.04604516870562207,0.35711417832537123,0.43420517095969585,3.6627095212858585,4.453386368817394,3.6627095212858585,4.453386368817394,-0.0014070486688821937,0.0010404663667138436,0.5815055171689694,0.7281634794648455,0.0024179099722383196,1.3120869066060532,66.16964521194015,FOLLOWING,WALKING,0.48314546536240943
56.25,P,2.036697597049565,-0.2395297404717528,0.6808816035457221,-1.3702082686053556,1.7724924022147497,0.9524924022147497,0.1774115671595562,0.39563886176844976,0.23356353247557982,0.45,0.03294183373869685,0.3569840971437413,0.4342936263931582,3.6613753553204234,4.454293604032392,3.6613753553204234,4.454293604032392,-0.001334165965435119,0.0009072352149983587,0.5814376806920459,0.7285468842786142,0.0022205663041253397,1.3122051312747853,66.23525546850388,FOLLOWING,WALKING,0.48104173475966655
56.3,P,2.038970003206443,-0.21862095257931044,0.6976804175772842,-1.3603025728953355,1.7654095678406139,0.9454095678406139,0.1742279761334573,0.3955885010058788,0.23372795600603857,0.45,-0.0054698409300158145,0.3569065242868794,0.43427047772487815,3.660579736275686,4.4540561817936215,3.660579736275686,4.4540561817936215,-0.0007956190447373501,-0.000237422238770435,0.5830339220158157,0.7306189493876208,0.0005533974099853072,1.314206268813422,66.30096578194454,FOLLOWING,WALKING,0.47891238277591375
56.35,P,2.040266403751273,-0.20403731971606398,0.7143614505831497,-1.3501998999929015,1.7613899837016973,0.9413899837016974,0.1726256137191181,0.39552160744459514,0.23365961825751566,0.45,-0.02195264613664623,0.3568509406229763,0.434192274266214,3.660009647415141,4.453254095038092,3.660009647415141,4.453254095038092,-0.0005700888605448817,-0.0008020867555291744,0.583904060581037,0.7316503863212804,0.00022993592014717377,1.3157843828224647,66.36675500108566,FOLLOWING,WALKING,0.47675830317569917
56.4,P,2.0412647457088102,-0.19162032384730887,0.7309163096188804,-1.339909539147842,1.752630196379893,0.932630196379893,0.1685810021723656,0.3954185397362339,0.2330520917250335,0.45,-0.05566612820252552,0.3568484185557409,0.43398866091672694,3.659983780058881,4.451165752992071,3.659983780058881,4.451165752992071,-2.5867356260089736e-05,-0.002088342046021374,0.5860292991407247,0.7338418704084224,0.002038828740097442,1.3219099982892446,66.43285050100012,FOLLOWING,WALKING,0.4745804001026285
56.45,P,2.0429988511814994,-0.1715443206315083,0.7473459182668407,-1.329432281327629,1.7422919232834775,0.9222919232834775,0.16369396783044066,0.395272963727874,0.2318455682096397,0.45,-0.08890798162220043,0.3569025221891786,0.4336434052665694,3.6605386891197806,4.447624669400712,3.6605386891197806,4.447624669400712,0.000554909060899611,-0.0035410835913589622,0.5886336053834977,0.7362050911107686,0.004028070671780875,1.3288667671660472,66.49929383935842,FOLLOWING,WALKING,0.47237958769986377
56.5,P,2.0448356450164225,-0.14805048037788524,0.7636458887729535,-1.3187694097940412,1.7376481381727942,0.9176481381727942,0.1618292420736125,0.39510910261786336,0.2305079590686135,0.45,-0.08978088015232405,0.3569600353920078,0.4332581698437189,3.661128568123157,4.443673536858655,3.661128568123157,4.443673536858655,0.0005898790033764811,-0.003951132542057145,0.5898183820615247,0.7367528819585176,0.004439945565064655,1.3310112095851068,66.56584439983767,FOLLOWING,WALKING,0.4701567897264259
56.55,P,2.046395489128626,-0.12464855371749237,0.7798173021072099,-1.3079273836220564,1.7355200958780368,0.9155200958780368,0.1613681178348415,0.3949376546968403,0.22924185906945582,0.45,-0.07939247261574578,0.3569981270208453,0.43287718237283523,3.6615192514958492,4.43976597305472,3.6615192514958492,4.43976597305472,0.0003906833726921022,-0.003907563803934977,0.590336804006964,0.7365428090360022,0.00417950089307649,1.3310591139360426,66.63239735553447,FOLLOWING,WALKING,0.46791293916945814
56.6,P,2.047681952667814,-0.10134288622483742,0.7958549911655146,-1.2969050703949985,1.733311597243488,0.9133115972434881,0.16093945156413048,0.3947583122240557,0.22804449912366792,0.45,-0.07164352263229677,0.3570169476190887,0.43249967682902274,3.6617122832727045,4.43589412132331,3.6617122832727045,4.43589412132331,0.00019303177685525696,-0.0038718517314100254,0.5908372176045266,0.7363608051451485,0.003931939427154619,1.3311299621768298,66.6989538536433,FOLLOWING,WALKING,0.46564897785262094
56.65,P,2.04869867499777,-0.07813769213530804,0.811758122175102,-1.2857084561496819,1.7310227259518591,0.9110227259518592,0.1605382272532473,0.3945707748626179,0.2269127098904896,0.45,-0.06595298133635927,0.35701672137574186,0.4321248283494939,3.6617099628281213,4.432049521533271,3.6617099628281213,4.432049521533271,-2.3204445831481735e-06,-0.0038445997900389273,0.5913195347334267,0.7362046632271051,0.003698170011725603,1.3312223679722575,66.76551497204191,FOLLOWING,WALKING,0.4633658560407736
56.7,P,2.050538412145092,-0.028094183847618033,0.8275267707296523,-1.2743364102990662,1.7286552812285931,0.9086552812285932,0.16016241426061095,0.39437475535507366,0.22584336482662318,0.45,-0.06186008222473122,0.3569976784762675,0.4317518322338798,3.661514651038641,4.428223920347485,3.661514651038641,4.428223920347485,-0.00019531178948017924,-0.0038256011857855654,0.5917833411117412,0.7360718116132654,0.003477664618334558,1.3313328173433412,66.83208161290908,FOLLOWING,WALKING,0.46106453204111475
56.75,P,2.0508504561102963,-0.0007778295368093616,0.8431597753892872,-1.262792193573401,1.7461034224891576,0.9261034224891577,0.17029520474652837,0.39425334000170764,0.22624888098474216,0.45,0.028520957411197756,0.3568091501987328,0.43169752980468246,3.659581027679311,4.427666972355717,3.659581027679311,4.427666972355717,-0.0019336233593301166,-0.0005569479917681974,0.5870361580613037,0.7306503774762917,0.001321165108737465,1.3190077006463328,66.89803199794139,FOLLOWING,WALKING,0.4587459718009466
56.8,P,2.0506683475631218,0.018610958657244644,0.8586577062649463,-1.251077089069954,1.7467675962574578,0.9267675962574579,0.17156621503250113,0.39413535862484045,0.22678543191565556,0.45,0.025168711361255258,0.35660236964279945,0.43166834760688144,3.65746020146461,4.427367667762886,3.65746020146461,4.427367667762886,-0.0021208262147012213,-0.00029930459283100674,0.5864473606148575,0.7303484497330541,0.0017522198584120673,1.3185480302063237,66.9639593994517,FOLLOWING,WALKING,0.4564111485022331
56.85,P,2.0502973435205214,0.0358916445454177,0.8740151029256898,-1.239188783590464,1.7415502024085878,0.9215502024085879,0.1697738251529567,0.39399622067479506,0.22702635511973915,0.45,-0.003324938073250152,0.3564233589024782,0.4315690824471119,3.6556241938715712,4.426349563560122,3.6556241938715712,4.426349563560122,-0.001836007593038591,-0.0010181042027639364,0.5873569145028721,0.7316599983556493,0.0007876212031709136,1.3198045340616924,67.02994962615477,FOLLOWING,WALKING,0.45406104215312043
56.9,P,2.049834782359836,0.04425330403363091,0.8892298870115847,-1.2271328934113592,1.7347824093395634,0.9147824093395635,0.16715520055359312,0.39382965116996543,0.22688967168250032,0.45,-0.03237174120084425,0.35627941050651163,0.43137989183341924,3.6541478000667857,4.424409147009428,3.6541478000667857,4.424409147009428,-0.0014763938047854808,-0.001940416550694657,0.5886999236007096,0.7332402576386967,0.00044657366687359006,1.3223867549062798,67.09606896390008,FOLLOWING,WALKING,0.4516966391765932
56.95,P,2.048839826921092,0.09223897260159221,0.9042994856673046,-1.2149132643101526,1.7214605967491552,0.9014605967491552,0.16104218193906683,0.3936083840771252,0.22594139907602437,0.45,-0.08386593353445798,0.35621508253004314,0.4310016856242072,3.6534880259491604,4.4205301089662274,3.6534880259491604,4.4205301089662274,-0.0006597741176253002,-0.0038790380432001115,0.591794045573235,0.7363843493874606,0.0030852581675422644,1.3312636531282378,67.16263214655649,FOLLOWING,WALKING,0.4493189319964375
57.0,P,2.0481271498013602,0.0985877946927401,0.919223998158777,-1.2025282021855457,1.7374174982486836,0.9174174982486837,0.17045259362692078,0.39345573720687127,0.22635835930805623,0.45,0.004794938441051902,0.35599342874138795,0.4309180456723546,3.651214653757825,4.419672263306201,3.651214653757825,4.419672263306201,-0.0022733721913352767,-0.0008578456600263351,0.587345322575013,0.7313396994478151,0.001359107049879988,1.320044129072708,67.22863435301012,FOLLOWING,WALKING,0.4469289186206856
57.05,P,2.0474058002564277,0.10808300565312204,0.9340009869049345,-1.1899821986606167,1.7225925702617937,0.9025925702617937,0.16365405562213398,0.3932419847668764,0.22581582088623872,0.45,-0.06148963115829899,0.3558694664102039,0.4306145031235489,3.64994324523286,4.416559006395373,3.64994324523286,4.416559006395373,-0.0012714085249649898,-0.0031132569108285324,0.5907009816510138,0.735083673736876,0.0017641981308247443,1.3275488535187145,67.29501179568605,FOLLOWING,WALKING,0.4445276022227166
57.1,P,2.0463398434695277,0.12555877069707252,0.9486239444039981,-1.1772794688655865,1.710158926253447,0.890158926253447,0.15803596237709217,0.39297760794839093,0.22456909371852238,0.45,-0.10266994594020219,0.35581142293797546,0.4301437929588064,3.649347927568979,4.411731209833912,3.649347927568979,4.411731209833912,-0.0005953176638811009,-0.004827796561460929,0.5935637020681042,0.7377453515824287,0.004031660018424031,1.335340713668957,67.36177883136949,FOLLOWING,WALKING,0.44211599072018903
57.15,P,2.044871311335083,0.14755703964429556,0.9630936984662105,-1.164424530342144,1.7036336676433617,0.8836336676433617,0.15561857740708307,0.3926879096045255,0.22312069229662643,0.45,-0.1087936957177344,0.3557614350294338,0.42961438417961717,3.6488352310711156,4.406301376201202,3.6488352310711156,4.406301376201202,-0.0005126964978634518,-0.0054298336327098795,0.5949554775612144,0.738488753732546,0.004653623922866798,1.338097855216627,67.42868372413032,FOLLOWING,WALKING,0.439695096351981
57.2,P,2.043176327892037,0.16941739288356317,0.9774069831744322,-1.151422037337727,1.7004524232357574,0.8804524232357575,0.1550923684573985,0.3923872093936949,0.22174609280871266,0.45,-0.09885655805329235,0.355688231033853,0.42908618775353685,3.6480844208600307,4.400883976959352,3.6480844208600307,4.400883976959352,-0.000750810211084918,-0.005417399241849807,0.595462304897927,0.7382166822020232,0.00438929374495324,1.3380682808449034,67.49558713817257,FOLLOWING,WALKING,0.4372659352533197
57.25,P,2.04125900208764,0.19113724458101722,0.9915634119662828,-1.1382731365993366,1.697198013364114,0.8771980133641141,0.154599091744827,0.3920752702906555,0.22044236091339312,0.45,-0.09142751871679973,0.3555920595594889,0.42855848102182204,3.647098046763989,4.395471600223815,3.647098046763989,4.395471600223815,-0.0009863740960418532,-0.005412376735536739,0.5959391345971884,0.7379607814088296,0.004138527412833827,1.3380384434188517,67.56248906034351,FOLLOWING,WALKING,0.43482952702927175
57.3,P,2.0379985416423985,0.22512532754416495,1.005561564474144,-1.1249784457487249,1.6938691783931596,0.8738691783931597,0.15414102934345142,0.3917518510706188,0.2192071637834198,0.45,-0.08596033847130387,0.3554730654644628,0.42803063667677477,3.6458775945073105,4.390057812069484,3.6458775945073105,4.390057812069484,-0.0012204522566783282,-0.005413788154331023,0.5963863578151658,0.7377200371272193,0.0038990024578783203,1.3380053974002635,67.62938933021351,FOLLOWING,WALKING,0.43238689432677957
57.35,P,2.0346068887943645,0.2555473934961796,1.0194072085175812,-1.1115408060591103,1.699619460492266,0.8796194604922661,0.15870796028215461,0.3914553494896669,0.21871202204316872,0.45,-0.04174782277154725,0.3552585098415225,0.42765218913781133,3.6436770240156156,4.386176298849347,3.6436770240156156,4.386176298849347,-0.0022005704916949753,-0.0038815132201373004,0.5944004344295787,0.7350662457196486,0.0015594256973994456,1.3310261058466266,67.69594063550583,FOLLOWING,WALKING,0.4299390624054198
57.4,P,2.030795761979826,0.28599920667268536,1.0330945866700536,-1.0979659804867696,1.7028096006886406,0.8828096006886407,0.1618768267209394,0.39117459981127795,0.21869419144617866,0.45,-0.018526684897758102,0.35498071112693536,0.42736848849562054,3.640827806430106,4.383266548673031,3.640827806430106,4.383266548673031,-0.0028492175855094892,-0.002909750176315562,0.5929507771538829,0.7333913260544562,5.615205108113006e-05,1.3263982552594202,67.7622605482688,FOLLOWING,WALKING,0.42748705870706555
57.45,P,2.027059411624981,0.312435169132972,1.0466122070884507,-1.084241590366624,1.706097088234959,0.8860970882349591,0.16507712566379817,0.39090979577913404,0.2191101842661735,0.45,1.413098355076102e-05,0.35464706028308235,0.42717253127518573,3.637405746493152,4.381256731027546,3.637405746493152,4.381256731027546,-0.0034220599369541027,-0.0020098176454856898,0.5913856830899501,0.7318783134802661,0.0013125349935717513,1.3245765315637879,67.82848937484698,FOLLOWING,WALKING,0.42503191242463284
57.5,P,2.0248521765162275,0.32486251103010744,1.059980918336468,-1.0703870430990914,1.706453249113432,0.8864532491134322,0.16667510727761237,0.390648447098057,0.2197003053220338,0.45,0.0015781300324509303,0.35428804656726043,0.4270088476288536,3.6337235545360045,4.3795779243984985,3.6337235545360045,4.3795779243984985,-0.0036821919571474737,-0.0016788066290471804,0.590504744178036,0.7313103063131113,0.0018669567765524186,1.3236820072676996,67.89467347521037,FOLLOWING,WALKING,0.42257465407009165
57.55,P,2.021735311263186,0.343361975852591,1.0731830191436664,-1.056399529944589,1.6963778656770785,0.8763778656770785,0.16272171570635297,0.3903466944373565,0.21969770641018807,0.45,-0.0431007456946467,0.35398672402647036,0.4267066648482426,3.6306330669381572,4.376478613828129,3.6306330669381572,4.376478613828129,-0.003090487597847247,-0.0030993105703691626,0.5922951043490912,0.7335560999216514,8.222039592037348e-06,1.3258594263103347,67.96096644652589,FOLLOWING,WALKING,0.4201163150419235
57.6,P,2.0194214659230108,0.35554813429422816,1.0862205557377134,-1.042276493721859,1.6908825281481805,0.8708825281481806,0.16119242198748784,0.3900242001615177,0.21948891273748014,0.45,-0.05779806676897686,0.3536987851034647,0.42634961521957065,3.6276798472150222,4.372816566354571,3.6276798472150222,4.372816566354571,-0.0029532197231350032,-0.003662047473558694,0.5929595281267477,0.734305335863684,0.0006599217054114922,1.3279247856958432,68.02736268581067,FOLLOWING,WALKING,0.41765792719220696
57.65,P,2.0174684755437577,0.365307296147191,1.0990913803234448,-1.028027983474046,1.6807074788490053,0.8607074788490053,0.15713990475028516,0.38966140808579247,0.21875390860502067,0.45,-0.08985270899617553,0.35345763621166154,0.4258651799599234,3.6252065252478105,4.367847999588958,3.6252065252478105,4.367847999588958,-0.002473321967211728,-0.0049685667656129695,0.5948516436716784,0.7361724134107372,0.0023153043861555964,1.3333393614685713,68.09402965388409,FOLLOWING,WALKING,0.4152005223935128
57.7,P,2.0146768265747457,0.37993294715326137,1.1117948219992955,-1.013654636112825,1.6687719108561512,0.8487719108561512,0.1521028250818569,0.3892511857404715,0.21741239913056937,0.45,-0.122601612185578,0.35326943368436226,0.4252329377965808,3.623276242916536,4.361363464580315,3.623276242916536,4.361363464580315,-0.0019302823312745687,-0.0064845350086422116,0.5972576291296824,0.7382376692896252,0.004199915423474834,1.3396952138427825,68.16101441457623,FOLLOWING,WALKING,0.4127451321057907
57.75,P,2.010762007584205,0.4001348631721419,1.1243265936302715,-0.9991632186154495,1.6605066294416273,0.8405066294416274,0.149110528987483,0.3888094744734583,0.21580108063082273,0.45,-0.13199649572865796,0.35309439562905715,0.4245245533178595,3.6214809808108424,4.354097982747277,3.6214809808108424,4.354097982747277,-0.0017952621056935847,-0.007265481833038656,0.5987572533702437,0.7390237410286888,0.005007229538195222,1.3427882239371278,68.22815382577308,FOLLOWING,WALKING,0.4102927869434276
57.8,P,2.0066697374681133,0.42017653980143227,1.1366885686146393,-0.9845567695075216,1.6564428347534708,0.8364428347534708,0.148522541480119,0.3883543925247511,0.21427151566755662,0.45,-0.12083796329624301,0.3528924566817705,0.42381632836773175,3.6194098121207228,4.346834137104941,3.6194098121207228,4.346834137104941,-0.0020711686901195847,-0.007263845642335731,0.5991483765166182,0.7385364033080712,0.004719487723070976,1.3424042675477605,68.29527403915046,FOLLOWING,WALKING,0.40784451624266427
57.85,P,2.002403967661273,0.44005693968422094,1.1488909502637226,-0.9698245304349499,1.6523144084712635,0.8323144084712636,0.14797778913253445,0.3878857625384998,0.2128213656336932,0.45,-0.11241868701278235,0.3526638265261236,0.42310769855087604,3.6170648874474214,4.3395661389833435,3.6170648874474214,4.3395661389833435,-0.002344924673301385,-0.007267998121597508,0.5994976668256891,0.7380581411864213,0.004444169912360319,1.3419999779244707,68.36237403804668,FOLLOWING,WALKING,0.40540134762954533
57.9,P,1.9979686125003966,0.4597751443184928,1.1609173130683756,-0.9549927141317742,1.6481050423600025,0.8281050423600026,0.14747743550187842,0.3874033345089028,0.21144868286307755,0.45,-0.10620778675951965,0.3524085774950635,0.4223980915227421,3.6144469486673176,4.33228811818197,3.6144469486673176,4.33228811818197,-0.0026179387801037457,-0.007278020801373408,0.599809311944389,0.7375928022002969,0.004179628279231687,1.3415817424239176,68.42945312516787,FOLLOWING,WALKING,0.402964306588588
57.95,P,1.988730208536308,0.49983375028661436,1.172764060120624,-0.9400600444686382,1.6438439619333671,0.8238439619333672,0.1470184422691917,0.3869069970054148,0.21015130428311074,0.45,-0.10159082754962226,0.35212695614656,0.42168703786426964,3.611558524580102,4.3249952601463555,3.611558524580102,4.3249952601463555,-0.0028884240872155686,-0.0072928580356146355,0.6000755478275491,0.7371297071301315,0.003926099530497762,1.3411313544881784,68.49650969289227,FOLLOWING,WALKING,0.4005344160323504
58.0,P,1.9810916646348449,0.5304977961494379,1.184437433394835,-0.9250209067435705,1.6550211163411201,0.8350211163411202,0.15520104548023184,0.38646244869543706,0.21008831499463096,0.45,-0.030061366094589273,0.3516928325638256,0.4212320648270485,3.607105975013596,4.32032887002101,3.607105975013596,4.32032887002101,-0.004452549566506203,-0.004666390125345643,0.5962340816465738,0.732613910445697,0.00019055971410377313,1.3290385518063745,68.5629616204826,FOLLOWING,WALKING,0.39811269587207837
58.05,P,1.977030080855368,0.5449211859273092,1.1959400129380318,-0.9098749738195684,1.6592747387409827,0.8392747387409828,0.15945823000354042,0.38603961960741034,0.21060634454564578,0.45,-0.004731926994383132,0.35118426958510596,0.42089496962971473,3.601889944462625,4.316871483381689,3.601889944462625,4.316871483381689,-0.005216030550970974,-0.003457386639320603,0.5940006469835449,0.7304297288727941,0.0015710444655243786,1.3260014203218633,68.62926169149868,FOLLOWING,WALKING,0.395700162589613
58.1,P,1.972150708314001,0.5621464840146838,1.2072692534310694,-0.8946286460027505,1.6512218387041067,0.8312218387041067,0.15698910248322195,0.3855862032695352,0.21073923892631616,0.45,-0.039123663217875644,0.3507088592272299,0.4204635473118405,3.597013940792101,4.3124466390958,3.597013940792101,4.3124466390958,-0.004876003670523765,-0.004424844285889407,0.594861284550485,0.7316885742291723,0.00040328727321688304,1.3269531460528743,68.69560934880133,FOLLOWING,WALKING,0.39329782881073677
58.15,P,1.9714648179132475,0.5630862914399514,1.2184228744477867,-0.8792822338458575,1.645368475284835,0.825368475284835,0.15569833273526335,0.3851118309153815,0.2106845899529451,0.45,-0.056271256354739826,0.3502435312781691,0.41998013055259387,3.59224134644276,4.307488518488142,3.59224134644276,4.307488518488142,-0.004772594349341297,-0.004958120607657435,0.5951801961318185,0.7321713757276989,0.00016579723026288488,1.3275173690897801,68.76198521725581,FOLLOWING,WALKING,0.3909067028801388
58.2,P,1.9604057495535945,0.6020557182796282,1.229398677400599,-0.8638409034528811,1.6271137425986535,0.8071137425986535,0.14748457445558683,0.3845639851425686,0.20952654850915486,0.45,-0.12421240377590022,0.3498873413643035,0.41924062892083375,3.588588116556959,4.299903886367526,3.588588116556959,4.299903886367526,-0.003653229885800968,-0.007584632120616774,0.5987379755847717,0.7357689901281985,0.0034940221451703096,1.3380009878581405,68.82888526664871,FOLLOWING,WALKING,0.3885277884381769
58.25,P,1.9565373360914595,0.6139177940173458,1.2401986010933914,-0.8483063705199839,1.638055018961353,0.818055018961353,0.15558011554200624,0.3840675469967241,0.2095772092564102,0.45,-0.04874405894932172,0.34938251886478816,0.41875257512866,3.583410449895263,4.294898206447795,3.583410449895263,4.294898206447795,-0.0051776666616958344,-0.005005679919730888,0.5947992327514123,0.7312314928767595,0.00015288966761214186,1.326183615295784,68.8951944474135,FOLLOWING,WALKING,0.3861620839996139
58.3,P,1.9549838486150366,0.6178289413699176,1.2508198903644525,-0.8326810663584068,1.6282630901102944,0.8082630901102944,0.15215081974386313,0.38353383993330187,0.20915984899619075,0.45,-0.08110485292513131,0.3489178849244323,0.4181497949421714,3.578644973583921,4.288715845560732,3.578644973583921,4.288715845560732,-0.004765476311341832,-0.006182360887062366,0.5960515280328053,0.7325911818991397,0.0012570481296650686,1.32989975806161,68.96168943531657,FOLLOWING,WALKING,0.38381058253450606
58.35,P,1.951042620384595,0.6298447850960304,1.2612640128957089,-0.8169695298451678,1.6123976440751686,0.7923976440751687,0.1452807663484622,0.38293727856114224,0.20785676755361415,0.45,-0.13306974783615966,0.3485369835310191,0.4173375735912654,3.5747382926258364,4.280385370166824,3.5747382926258364,4.280385370166824,-0.003906680958084774,-0.008330475393908188,0.5989317107967227,0.73528242999724,0.00390030186978846,1.3381144426637512,69.02859515744976,FOLLOWING,WALKING,0.38147427105141685
58.4,P,1.9451163769902182,0.6479151486377661,1.271525502480598,-0.8011798912788592,1.6028306801618428,0.7828306801618429,0.1419517741607058,0.3823052688036713,0.20623458030994812,0.45,-0.1458890445308404,0.3481734457623749,0.41643709184496774,3.571009700126922,4.271149659948387,3.571009700126922,4.271149659948387,-0.0037285924989145514,-0.009235710218437276,0.600263573215055,0.7358949754831273,0.0048175359174955305,1.3409760846156777,69.09564396168054,FOLLOWING,WALKING,0.37915413018313665
58.45,P,1.9390603148324428,0.6658204377396046,1.2816082479382536,-0.7853135131266805,1.5979990929076278,0.7779990929076278,0.14139239307331575,0.3816583976359776,0.20469909534385103,0.45,-0.135052438652603,0.34778069735657025,0.4155360979153849,3.566981511349438,4.26190869656805,3.566981511349438,4.26190869656805,-0.004028188777483788,-0.009240963380336531,0.6003530543701168,0.735085454453611,0.004526098322028148,1.3399646071457558,69.16264219203782,FOLLOWING,WALKING,0.37685113377507506
58.5,P,1.9328776833027974,0.6835609857648854,1.2915119707244063,-0.7693730477315328,1.593120511329961,0.773120511329961,0.14088480577815288,0.3809965829641274,0.20324863458951664,0.45,-0.12680666109076572,0.3473589339395624,0.4146342319886924,3.5626557327134605,4.252658789627614,3.5626557327134605,4.252658789627614,-0.004325778635977606,-0.009249906940436148,0.600388997149513,0.7342763834700922,0.004245180016955922,1.338910560636561,69.22958772006965,FOLLOWING,WALKING,0.37456624847650344
58.55,P,1.9233719967625749,0.710314275002223,1.301235933340024,-0.7533627228726543,1.5881962356596109,0.7681962356596109,0.1404105929326378,0.380319759437648,0.20187920117647115,0.45,-0.12057600860033862,0.34690875164294205,0.41373076723235397,3.558038478389149,4.243392484434399,3.558038478389149,4.243392484434399,-0.004617254324311482,-0.009266305193214919,0.6003714199501428,0.7334651010740777,0.003981025778256111,1.3378175468024767,69.29647859740976,FOLLOWING,WALKING,0.3723004333348183
58.6,P,1.9133431212673229,0.7375055439349789,1.3107812488234556,-0.7372861895665435,1.5904098954417136,0.7704098954417137,0.14410815746757066,0.37965864150335926,0.2011458823169461,0.45,-0.08430918366701147,0.34636899797990467,0.41294828502681385,3.5525025433836377,4.235367025916039,3.5525025433836377,4.235367025916039,-0.0055359350055113055,-0.008025458518360118,0.5984217179099647,0.7308038424350695,0.0021240585938711552,1.3313496189389051,69.3630460783567,FOLLOWING,WALKING,0.370054639392995
58.65,P,1.9037438079098696,0.7625116829762031,1.3201485462634142,-0.7211398620337441,1.5931388725806312,0.7731388725806313,0.1480837708822138,0.37901520579020337,0.20102260315435036,0.45,-0.05375366384903073,0.3457459649681584,0.41228444661224833,3.546112461211881,4.228558426792291,3.546112461211881,4.228558426792291,-0.006390082171756628,-0.006808599123748316,0.5962006072349068,0.7282534220632174,0.0003568593337874893,1.3248108886319117,69.4292866227883,FOLLOWING,WALKING,0.3678298092904011
58.7,P,1.8934812674146166,0.7883853220667536,1.3293312182668764,-0.704915204653082,1.5943040288560393,0.7743040288560393,0.15114211758644247,0.3783825412265316,0.20132452871308504,0.45,-0.036801170190448346,0.34506333172451603,0.41170175072854714,3.5391110946104205,4.2225820587543295,3.5391110946104205,4.2225820587543295,-0.007001366601460557,-0.0059763680379614215,0.5942615499180546,0.7263410493779037,0.0008753042997892425,1.3214779035957476,69.49536051796808,FOLLOWING,WALKING,0.36562687686713746
58.75,P,1.8897576730473613,0.7965592519600011,1.338332254255895,-0.6886366072372491,1.5963119184718055,0.7763119184718056,0.1546448545055148,0.37776409337777556,0.20206913120002098,0.45,-0.01987019843917768,0.3443216521641721,0.411206534591379,3.5315041247607395,4.2175029188859385,3.5315041247607395,4.2175029188859385,-0.007606969849681011,-0.005079139868390925,0.5920153638641297,0.7243742501103576,0.0021666409577932367,1.3185562549322805,69.56128833071469,FOLLOWING,WALKING,0.3634467667720722
58.8,P,1.883760536779399,0.8104357135109459,1.3471514733341432,-0.6722974400192336,1.584259048472188,0.764259048472188,0.15027748927329387,0.37709977066314276,0.20214967913191356,0.45,-0.0685313827808792,0.34364399876681107,0.41055554255947446,3.5245538335057542,4.2108260775330715,3.5245538335057542,4.2108260775330715,-0.0069502912549852525,-0.006676841352867058,0.5933044114563442,0.7261664235838692,0.00023447143565027487,1.3197053064758637,69.62727359603848,FOLLOWING,WALKING,0.3612903940747329
58.85,P,1.8792901369548745,0.8203122025719514,1.3557933658059107,-0.655896384335499,1.576847136392474,0.7568471363924741,0.1484625367891792,0.37640984281261874,0.2019771536852614,0.45,-0.0860668917198284,0.342982623877708,0.4098370617475295,3.5177705013098257,4.203457043564405,3.5177705013098257,4.203457043564405,-0.006783332195928526,-0.007369033968666727,0.5934684178638477,0.7264412636567223,0.0005017852606044234,1.3204114667811746,69.69329416937754,FOLLOWING,WALKING,0.3591586638812194
58.9,P,1.8760894723716148,0.8270886128401955,1.3642618795963177,-0.6394242100182881,1.5662824334910617,0.7462824334910617,0.14484572459507938,0.37568105440300237,0.20133361113707102,0.45,-0.11361686830768347,0.3423603417598171,0.4090017670461876,3.5113881206135087,4.194889918422437,3.5113881206135087,4.194889918422437,-0.006382380696317025,-0.008567125141968113,0.5944524187480915,0.7273675807411786,0.0018657611301244163,1.3236857606193946,69.7594784574085,FOLLOWING,WALKING,0.3570524709542992
58.95,P,1.8720383785107166,0.8359091273893464,1.3725482621585245,-0.6229028109249438,1.5532634497516877,0.7332634497516878,0.13978047726943754,0.37490319858997245,0.20007061445473806,0.45,-0.14590468573324167,0.3417915118977133,0.4080148852822316,3.5055539681816748,4.184768054176734,3.5055539681816748,4.184768054176734,-0.005834152431833939,-0.010121864245702383,0.5961092132715035,0.7286617052013965,0.00363871472095677,1.3284096331938566,69.8258989390682,FOLLOWING,WALKING,0.35497269933784203
59.0,P,1.8647524887163518,0.8520386820420904,1.3806525555317328,-0.6063369350792496,1.5419541652402715,0.7219541652402716,0.13569224936206115,0.37408403213808816,0.1983820066731426,0.45,-0.1635665067221627,0.34125181003368305,0.4069162542424933,3.5000185644480313,4.173500043512751,3.5000185644480313,4.173500043512751,-0.005535403733643474,-0.011268010663982864,0.5973777494360674,0.7291911754120077,0.004823847362834076,1.3313927722109091,69.89246857767874,FOLLOWING,WALKING,0.3529202219857577
59.05,P,1.857370788006164,0.8680123937659027,1.3885755082541804,-0.5897301159014456,1.536623631838129,0.716623631838129,0.13516365897036176,0.37324971210962504,0.19679089996682728,0.45,-0.1510362222127153,0.34068081816511514,0.40581860605413494,3.4941622375909245,4.162242113375743,3.4941622375909245,4.162242113375743,-0.005856326857106797,-0.01125793013700882,0.5971072408216814,0.7279577324453451,0.004508860617778523,1.329573833884805,69.95894726937298,FOLLOWING,WALKING,0.35089590039558494
59.1,P,1.8498955866002817,0.8838314763271619,1.396318673868314,-0.5730855157525749,1.531268179911344,0.711268179911344,0.1346872093260052,0.37240026368437973,0.19529458322915533,0.45,-0.14137224180377372,0.3400790101599545,0.40472151720880495,3.487989847794405,4.150989920090307,3.487989847794405,4.150989920090307,-0.006172389796519351,-0.011252193285435474,0.5967721839343342,0.7267197871427038,0.004208004772739556,1.3276999758497776,70.02533226816547,FOLLOWING,WALKING,0.34890058424689047
59.15,P,1.8423291097602021,0.8994971991062743,1.403867291166712,-0.5564373889489673,1.5258896216876667,0.7058896216876668,0.13425852817123007,0.37153572272977287,0.19389002620935594,0.45,-0.13393600479112439,0.33944692339212446,0.4036245220674213,3.4815069065858917,4.139738687870987,3.4815069065858917,4.139738687870987,-0.006482941208513449,-0.011251232219319895,0.5963728863785939,0.7254756877033275,0.003921546202292925,1.3257701202842143,70.09162077417967,FOLLOWING,WALKING,0.3469351110446287
59.2,P,1.8281276841519596,0.9285935605250416,1.411236778360421,-0.5397581589524781,1.5205243474077936,0.7005243474077937,0.13392516360646556,0.37065627146511604,0.19258092067529328,0.45,-0.12807729056852002,0.338784129093355,0.4025284138368771,3.474709016342102,4.1284965521730985,3.474709016342102,4.1284965521730985,-0.006797890243789517,-0.011242135697888678,0.5959001787983684,0.7242173622899717,0.00363036598575729,1.3237479070740974,70.15780816953338,FOLLOWING,WALKING,0.34500030576761087
59.25,P,1.8119031595964028,0.9608988996082284,1.4184283915673732,-0.5230501687834868,1.526386189476398,0.706386189476398,0.1402408298275133,0.3698105167694674,0.19225534063447827,0.45,-0.07410818154158526,0.33799225789446125,0.4016287756444736,3.466587260456013,4.1192694937894725,3.466587260456013,4.1192694937894725,-0.008121755886089321,-0.00922705838362603,0.5924591834275591,0.7201376776570257,0.0009013608237698013,1.3134982219083546,70.2234830806288,FOLLOWING,WALKING,0.34309698052223236
59.3,P,1.8066252228578599,0.9704083385942208,1.4254433067465575,-0.50631222421283,1.5352287225870085,0.7152287225870085,0.14813877647307594,0.36901076682625467,0.19302854139489564,0.45,-0.018897235915747823,0.3370645432253994,0.4009569904271099,3.4570722382092245,4.112379388995999,3.4570722382092245,4.112379388995999,-0.009515022246788352,-0.006890104793473739,0.588077063911828,0.7157195515357893,0.002149197335838684,1.305945812783456,70.28878037126796,FOLLOWING,WALKING,0.34122593420160274
59.35,P,1.7985085974065655,0.9853699125374573,1.4322805401150716,-0.48954584116638256,1.5251240191497402,0.7051240191497402,0.14512436571665766,0.36817507646786884,0.19331747662715484,0.45,-0.059200539138266464,0.3361810340860747,0.400169118849663,3.4480106060110223,4.104298654868338,3.4480106060110223,4.104298654868338,-0.009061632198202219,-0.008080734127660527,0.588341746617049,0.7164872543468137,0.0008043297121300755,1.3056333306759926,70.35406203780175,FOLLOWING,WALKING,0.33938795215022205
59.4,P,1.7980566592144853,0.985394789553397,1.4389374802241681,-0.47274692543256025,1.519703744310472,0.699703744310472,0.1446759644509774,0.36732400957438277,0.1935169841653213,0.45,-0.07002562982062933,0.3352969486950221,0.39935107045374346,3.4389430635386877,4.095908414910189,3.4389430635386877,4.095908414910189,-0.009067542472334544,-0.008390239958148804,0.587458126404602,0.7158295814605685,0.000555956598300769,1.3038436644634714,70.41925422102493,FOLLOWING,WALKING,0.33758380583434394
59.45,P,1.784093041967001,1.0110061920105444,1.4454152938026825,-0.4559274905115064,1.5017136363837373,0.6817136363837374,0.1368819687517704,0.36640350277468714,0.1926443515302782,0.45,-0.13377646613772767,0.3345208625964261,0.3982861429529482,3.4309832061171908,4.084986081568699,3.4309832061171908,4.084986081568699,-0.007959857421496963,-0.010922333341490287,0.5897673224278582,0.718216409817892,0.0024207515726694154,1.31040448381842,70.48477444521585,FOLLOWING,WALKING,0.33581425251816377
59.5,P,1.7747010606709825,1.0275176124724703,1.4517155677986677,-0.4390856085846643,1.505522183835017,0.6855221838350171,0.14180679096850524,0.3655083860654039,0.1925238331579986,0.45,-0.08758803480179607,0.33364569167775515,0.3973710804530527,3.422007094130822,4.075600825159515,3.422007094130822,4.075600825159515,-0.008976111986368718,-0.009385256409184528,0.586642316206734,0.7146720716439322,0.00033411828956017684,1.3016485061402265,70.54985687052286,FOLLOWING,WALKING,0.334080034945968
59.55,P,1.774711751613988,1.026743073472759,1.4578370292037879,-0.4222219603072702,1.5017471946440033,0.6817471946440034,0.14228672912569618,0.3646056362493494,0.19248015827416773,0.45,-0.08492861958586222,0.33275017005497465,0.3964611024437241,3.4128222569740987,4.066267717371529,3.4128222569740987,4.066267717371529,-0.009184837156723358,-0.009333107787985462,0.5852987481666794,0.7133070982223797,0.00012105429915414104,1.2987269006882132,70.61479321555727,FOLLOWING,WALKING,0.33238188103037847
59.6,P,1.7704479381755638,1.0338209990514542,1.4637816828184929,-0.405341724781436,1.4832091082580712,0.6632091082580712,0.13410150600704163,0.3636314910750384,0.19133584575770163,0.45,-0.14781190337507855,0.33196540860213875,0.39529757354793804,3.4047734215603973,4.054334087671159,3.4047734215603973,4.054334087671159,-0.008048835413701383,-0.011933629700370041,0.5876645769925937,0.7155800942424446,0.003152851245348158,1.3063975224803865,70.68011309168129,FOLLOWING,WALKING,0.33072050354682037
59.65,P,1.7620721008395936,1.0480332396029204,1.4695479874265573,-0.38845802662544504,1.4714732542064202,0.6514732542064202,0.12985678649003773,0.3626160098885913,0.18973292735808664,0.45,-0.16693104245982862,0.3312152104108279,0.39401680936635464,3.397079081136696,4.041198044783124,3.397079081136696,4.041198044783124,-0.007694340423701096,-0.013136042888034716,0.5884387367242991,0.7156304713500039,0.0043794201639615615,1.3084486282382646,70.7455355230932,FOLLOWING,WALKING,0.329096599834347
59.7,P,1.7536237534453725,1.062108982742362,1.475140660048128,-0.37156536295435183,1.4659732312966889,0.6459732312966889,0.12939909465276878,0.3615866793987646,0.18822851240040184,0.45,-0.15440631392148538,0.33043486059649807,0.3927384982010311,3.389075493297416,4.028087161036217,3.389075493297416,4.028087161036217,-0.008003587839280346,-0.013110883746907831,0.5876447027214595,0.713889336812841,0.004077702569058334,1.3056117421033588,70.81081611019836,FOLLOWING,WALKING,0.3275108515029405
59.75,P,1.7451040804182716,1.07604995626474,1.4805595612626914,-0.3546694356777591,1.460470801768046,0.6404708017680459,0.12901087491864405,0.36054361086054443,0.1868221292743787,0.45,-0.14464761478478913,0.32962454846563477,0.3914626732554541,3.380764599647536,4.015001776979016,3.380764599647536,4.015001776979016,-0.008310893649879691,-0.0130853840572005,0.5867822478496447,0.7121423739019613,0.0037835062585807135,1.3027081280101869,70.87595151659886,FOLLOWING,WALKING,0.3259639241474164
59.8,P,1.7328863913083283,1.0958160204274767,1.4858054980312887,-0.33777074706495525,1.4549714021572973,0.6349714021572973,0.1286738728878365,0.359486947017227,0.1855108891867988,0.45,-0.13702249781943088,0.3287848948568118,0.3901889991776422,3.372152767762172,4.001938453104023,3.372152767762172,4.001938453104023,-0.008611831885364296,-0.013063323874993316,0.5858508317872753,0.7103869373793514,0.0035027901300143972,1.2997405592966411,70.94093854456369,FOLLOWING,WALKING,0.3244564670680496
59.85,P,1.7179683368241045,1.1194871808330165,1.4908821931470733,-0.32087586072327895,1.4547233371854524,0.6347233371854525,0.13155522927039098,0.3584396736066994,0.18471975621962175,0.45,-0.10796903417527336,0.32786855395235204,0.3890107932610468,3.362754399511303,3.9898542898568903,3.362754399511303,3.9898542898568903,-0.009398368250868927,-0.012084163247132462,0.5835204015277916,0.7073498430226438,0.0021043855992133576,1.2929746301496488,71.00558727607117,FOLLOWING,WALKING,0.32298911299804056
59.9,P,1.7051576321080262,1.1392322124079628,1.4957886726325564,-0.30398289320030425,1.458154247029925,0.638154247029925,0.13661943949554223,0.35741763802356336,0.18469140492955777,0.45,-0.06911984334103348,0.32685121050772153,0.3879840655394052,3.352320107771503,3.9793237491221043,3.352320107771503,3.9793237491221043,-0.010434291739799928,-0.010530540734785987,0.5801388339830765,0.7036158276678606,7.54018501461503e-05,1.2838300635010833,71.06977877924622,FOLLOWING,WALKING,0.32156247783793424
59.95,P,1.6899379293997563,1.1622847802405643,1.5005224879559174,-0.2871136988008084,1.4583227359702384,0.6383227359702385,0.13969704997927757,0.3564063660548546,0.18508136618380444,0.45,-0.0531721264686266,0.32577539995143495,0.38703733215827424,3.3412861533480505,3.969613663161787,3.3412861533480505,3.969613663161787,-0.011033954423452563,-0.009710085960317194,0.5774295613441968,0.700980261631307,0.0010393136884040881,1.2794491366639078,71.13375123607942,FOLLOWING,WALKING,0.320177160397105
60.0,P,1.684781065351246,1.1693645347270794,1.5050911126586934,-0.27024741881585135,1.4617230108692991,0.6417230108692992,0.14459029098338516,0.35541971913184756,0.18609291884818094,0.45,-0.026513049089660838,0.3246213410624736,0.3862180972012215,3.329449651922806,3.9612112533458617,3.329449651922806,3.9612112533458617,-0.011836501425244617,-0.008402409815925438,0.5738285842003812,0.6977275516836983,0.0027106961455078183,1.2742668320295873,71.19746457768089,FOLLOWING,WALKING,0.3188337421424148
60.05,P,1.6780785222140193,1.1787541675002555,1.5095048458163454,-0.25337354010469454,1.450782911355915,0.630782911355915,0.14107368076046978,0.3543953682761179,0.18652857386602625,0.45,-0.06881661614882845,0.32352488930129053,0.38526584725094526,3.318203992833749,3.951444587189182,3.318203992833749,3.951444587189182,-0.011245659089056836,-0.009766666156679538,0.5736792059890843,0.6981724931570487,0.0011701743721382815,1.273021873518271,71.2611156713568,FOLLOWING,WALKING,0.31753278695415155
60.1,P,1.6721667907894595,1.1868759147588477,1.5137438212199974,-0.23651913748892536,1.4420148595850313,0.6220148595850313,0.13875648971026577,0.3533431079552176,0.1866078425903095,0.45,-0.09225638838797662,0.3224595100065214,0.38422670590391383,3.307277025707912,3.940786727219629,3.307277025707912,3.940786727219629,-0.010926967125837184,-0.01065785996955304,0.5730581742914587,0.6978067637227955,0.0002130071849767001,1.271077945199231,71.32466956861677,FOLLOWING,WALKING,0.3162748408893479
60.15,P,1.6686168167175055,1.1915009289796767,1.5178176309320197,-0.2196668947920671,1.432184105501331,0.612184105501331,0.1357512066868829,0.35225860391054725,0.18627347123400775,0.45,-0.11521530091090589,0.32143034442131896,0.38308686339977555,3.296721481244297,3.9290960348694925,3.296721481244297,3.9290960348694925,-0.01055554446361473,-0.011690692350136533,0.5727304812590124,0.6974991593818807,0.0008968969903615417,1.2711265376312546,71.38822589549832,FOLLOWING,WALKING,0.3150604319525823
60.2,P,1.6653705394137026,1.1957477686881812,1.5217199441167595,-0.20284308797995348,1.419202248195177,0.599202248195177,0.13084562273122113,0.3511284098747847,0.18531028317932188,0.45,-0.14698810685758734,0.3204595580086069,0.3817972617409625,3.2867646975241733,3.9158693511893587,3.2867646975241733,3.9158693511893587,-0.009956783720123763,-0.0132266836801338,0.5732202586655303,0.6977186861257234,0.0025702365768305617,1.2735091813680843,71.45190135456673,FOLLOWING,WALKING,0.31389006987435586
60.25,P,1.6561840531460743,1.2084395483326804,1.525454204423752,-0.1860449129687667,1.405948746535546,0.5859487465355461,0.12568712253889003,0.3499517264698605,0.18374701640413993,0.45,-0.17296613065129743,0.31954159525497533,0.3803618576847457,3.277349694922824,3.901147258305084,3.277349694922824,3.901147258305084,-0.009415002601349531,-0.01472209288427484,0.5738442427265575,0.6976686055021606,0.004136336723281273,1.2756491849519993,71.51568381381432,FOLLOWING,WALKING,0.31276424589714147
60.3,P,1.646933704603865,1.221016434168533,1.5290245655824983,-0.16926776540633504,1.4005988741099817,0.5805988741099818,0.1253756416116114,0.3487635697476039,0.18229802638129355,0.45,-0.15845302058049618,0.31859324638149983,0.378933893113708,3.2676230398102546,3.8865014678329026,3.2676230398102546,3.8865014678329026,-0.009726655112569205,-0.014645790472181286,0.5725535936292611,0.6954252329609943,0.003803731508319762,1.271782558098575,71.57927294171924,FOLLOWING,WALKING,0.31168343256919134
60.35,P,1.6376196845682243,1.2334802505855214,1.532428062903081,-0.15251809246659626,1.3952751415589297,0.5752751415589298,0.12512804284176404,0.34756416236991344,0.18096050952680243,0.45,-0.1470177792774172,0.31761519804322763,0.37751312669659925,3.2575917748023344,3.871929504580505,3.2575917748023344,3.871929504580505,-0.010031265007920176,-0.014571963252397513,0.5711894542350265,0.6931800907461478,0.0034853433334475653,1.267854888314622,71.64266568613496,FOLLOWING,WALKING,0.31064808354619183
60.4,P,1.628242106347226,1.2458328150228664,1.5356729235892437,-0.1357985026677272,1.3899844186938781,0.5699844186938782,0.12494240665618239,0.34635375740085456,0.17973168347270688,0.45,-0.1379530484426138,0.31660816378612155,0.37609935101558756,3.2472632183191954,3.857429241185513,3.2472632183191954,3.857429241185513,-0.010328556483139018,-0.014500263394991997,0.5697517153789358,0.6909310198756449,0.003180369245727302,1.263863104500308,71.70585884135997,FOLLOWING,WALKING,0.309658633400848
60.45,P,1.6132942052632904,1.2653633865160085,1.5387548700068296,-0.11911249210301289,1.3847289090720705,0.5647289090720705,0.12480774051342913,0.34513261946284673,0.17860756009474918,0.45,-0.13072762012119374,0.31557306826716575,0.3746921706585277,3.236646854022213,3.8429966221387457,3.236646854022213,3.8429966221387457,-0.010616364296982539,-0.014432619046767403,0.5682417032892507,0.6886766632183907,0.002891187846468048,1.2598095543541095,71.76884931907767,FOLLOWING,WALKING,0.30871549744047805
60.5,P,1.587745440473579,1.298289487540409,1.5416790992212812,-0.10245338667285755,1.3864810027470216,0.5664810027470216,0.1289925709341493,0.3439315596316423,0.17816080116138444,0.45,-0.09425833152474582,0.3144459470394332,0.3734171722238514,3.225086636301879,3.8299197151164246,3.225086636301879,3.8299197151164246,-0.011560217720333998,-0.013076907022321116,0.5649467140773548,0.6847956516224243,0.0011461669847175145,1.2508885326844965,71.83139374571189,FOLLOWING,WALKING,0.30781907153269417
60.55,P,1.5822374764974574,1.304678647212528,1.5444425058558091,-0.08583115213097411,1.4015001632021369,0.5815001632021369,0.14100115703371685,0.3428081815488506,0.1793798772447977,0.45,-0.007437192586790611,0.3131208118648366,0.37249555123286465,3.211495506306016,3.820467192131945,3.211495506306016,3.820467192131945,-0.013591129995862872,-0.009452522984479739,0.558290611389874,0.6781143899247001,0.00314895914200443,1.2395539604565786,71.89337144373472,FOLLOWING,WALKING,0.30696973193924293
60.6,P,1.5728531097166105,1.3159483784458246,1.5470474412268658,-0.06924114797505505,1.3910233505862184,0.5710233505862184,0.13773783189907562,0.3416504340712897,0.1800364968266931,0.45,-0.051898985727740626,0.311854393846472,0.3714464742961074,3.1985066035535588,3.809707428678024,3.1985066035535588,3.809707428678024,-0.012988902752457232,-0.010759763453920712,0.5575518435868557,0.6780650892470621,0.0017023030455205538,1.2373192358794385,71.95523740552869,FOLLOWING,WALKING,0.3061678351580747
60.65,P,1.5711623210940535,1.3174814226127305,1.5494949392276653,-0.05268730648056208,1.3854298815285828,0.5654298815285829,0.1372785297550898,0.3404799892002573,0.1805654486609609,0.45,-0.06509247272123564,0.3105964074468683,0.3703635709536463,3.185604178942239,3.7986007277297054,3.185604178942239,3.7986007277297054,-0.012902424611319852,-0.011106700948318782,0.5557068497244354,0.6766110777039511,0.0013753501239543522,1.233693277552341,72.0169220694063,FOLLOWING,WALKING,0.30541371777370896
60.7,P,1.5590104588194227,1.3319602807082946,1.5517840350997094,-0.03617148965927579,1.3703400386845859,0.5503400386845859,0.13106345499860428,0.3392554738690452,0.1802024702196764,0.45,-0.11716743723615415,0.3094319650476888,0.3690789826904016,3.173661179976295,3.7854254634912987,3.173661179976295,3.7854254634912987,-0.011942998965944085,-0.013175264238406648,0.5561566933312156,0.6772578254053288,0.0009418984092857877,1.23435641714583,72.07863989026359,FOLLOWING,WALKING,0.3047076963159578
60.75,P,1.5418137998600956,1.3522659729680904,1.553917150574253,-0.019697116315275202,1.3681508550919665,0.5481508550919666,0.13258209609211224,0.33803389541228157,0.1800808061701439,0.45,-0.10102300885172583,0.3082305219911228,0.36783726883344037,3.161338687088439,3.7726899367532343,3.161338687088439,3.7726899367532343,-0.01232249288785603,-0.01273552673806444,0.5536141858423926,0.6745127562483763,0.0003154947857529849,1.2284424368765219,72.1400620121074,FOLLOWING,WALKING,0.30405006712706706
60.8,P,1.544390395555223,1.3486277568161238,1.5558941710305467,-0.0032643781180117723,1.3720164756497883,0.5520164756497884,0.13767308964979308,0.3368417076388007,0.18065859265585155,0.45,-0.06178921644992925,0.3069427105542573,0.36674070472334414,3.1481303646590493,3.761443125367632,3.1481303646590493,3.761443125367632,-0.013208322429389519,-0.011246811385602129,0.5495631457357998,0.6704696373194101,0.0015031021444346594,1.2215358851996445,72.20113880636738,FOLLOWING,WALKING,0.303441106237331
60.85,P,1.5403901187734343,1.352967132776853,1.5577156045495244,0.013122159376519806,1.3519410790958908,0.5319410790958908,0.12832606967723725,0.3355738092962982,0.17991675279669347,0.45,-0.1365273336680991,0.3057975867084454,0.365350031884151,3.1363855047020044,3.7471798141964205,3.1363855047020044,3.7471798141964205,-0.011744859957044884,-0.014263311171211601,0.551111947395726,0.6721705894741031,0.0019219596271903346,1.2252044964970197,72.26239903119223,FOLLOWING,WALKING,0.30288106924923264
60.9,P,1.5309423588804103,1.3636301748111679,1.5593846038608512,0.02946326190679675,1.3399569863258736,0.5199569863258736,0.12375229770568197,0.3342663277208923,0.17863163770729126,0.45,-0.15922132844919606,0.3047027916803356,0.36382986376144905,3.125156837747032,3.731588346271272,3.125156837747032,3.731588346271272,-0.0112286669549726,-0.015591467925148539,0.550918432121544,0.6714009579515359,0.0033056958680968617,1.2256250859411766,72.32368028548929,FOLLOWING,WALKING,0.30237019123015857
60.95,P,1.5208520807136545,1.3748747973756734,1.560903457877517,0.04575031710220466,1.3344700494159873,0.5144700494159874,0.12320990626346773,0.3329482314425721,0.17740181128213034,0.45,-0.14833515859387367,0.3035882316753795,0.36230823120976463,3.1137254530808156,3.7159818585616886,3.1137254530808156,3.7159818585616886,-0.011431384666216182,-0.015606487709583394,0.5492213970501836,0.6688795773744254,0.0031416974695611007,1.22124267189417,72.38474241908399,FOLLOWING,WALKING,0.30190868661373227
61.0,P,1.5106939781228022,1.3860286664904713,1.5622711208364746,0.06198321389866849,1.329727790517646,0.5097277905176459,0.12314605564373271,0.33162290955029194,0.1762863476658213,0.45,-0.13656736285592505,0.3024475190115985,0.3607983000889854,3.1020258360163946,3.7004953855280553,3.1020258360163946,3.7004953855280553,-0.01169961706442102,-0.015486473033633263,0.5473005648450815,0.6661783078723595,0.0028316304989746757,1.2163105032164157,72.44555794424481,FOLLOWING,WALKING,0.3014967491098093
61.05,P,1.4976253008226414,1.400229728647581,1.5634932320389452,0.07816250384277675,1.3250496451754321,0.5050496451754322,0.12314059440306657,0.3302907184058662,0.17528169314365322,0.45,-0.12710638253336334,0.3012815981905916,0.35929983862114084,3.0900676737496573,3.685126549960419,3.0900676737496573,3.685126549960419,-0.011958162266737293,-0.015368835567636463,0.5453105185564574,0.6634789706337126,0.0025358046576488495,1.211325293847819,72.5061242089372,FOLLOWING,WALKING,0.3011345516231698
61.1,P,1.4783957799822471,1.4208753858147898,1.5645692131076039,0.09428986818129244,1.3237070413296868,0.5037070413296868,0.12522319479589394,0.3289664252048678,0.17465865512673362,0.45,-0.10505043529730333,0.30006041778139336,0.35787243262834223,3.0775427464758294,3.6704864884958175,3.0775427464758294,3.6704864884958175,-0.012524927273827924,-0.014640061464601395,0.5424779162731166,0.6600543568965545,0.0015669933426433454,1.2040992665123145,72.56632917226281,FOLLOWING,WALKING,0.30082224618094494
61.15,P,1.4631967332579117,1.4367574918701131,1.565500042437606,0.11035534666261895,1.3293814336643732,0.5093814336643733,0.1315748763095903,0.32768079565270986,0.17495539791585493,0.45,-0.056972013259274694,0.2987256772976359,0.3566359140077838,3.063853100488573,3.65780424623368,3.063853100488573,3.65780424623368,-0.013689645987256416,-0.012682242262137322,0.5379074653341036,0.6552202466510212,0.0007476012395911125,1.1938753132247157,72.62602293792405,FOLLOWING,WALKING,0.3005599638688051
61.2,P,1.4449716438402975,1.4555269216848055,1.5662880107572925,0.1263714490296302,1.3303415418155438,0.5103415418155438,0.13493291271350172,0.32641265346712534,0.17567580134059213,0.45,-0.040213694477083665,0.2973383083452573,0.35548699858899335,3.0496236753359725,3.6460204983486495,3.0496236753359725,3.6460204983486495,-0.014229425152600506,-0.011783747885030671,0.5342909556638701,0.6518259206615581,0.0018224272645807886,1.187939303590009,72.68541990310355,FOLLOWING,WALKING,0.3003478147759389
61.25,P,1.4364317667195385,1.4638241254732527,1.566932155253539,0.14232701889119248,1.3346804603990956,0.5146804603990957,0.1401857830339328,0.3251766116845764,0.17703330191611377,0.45,-0.012275439924496069,0.29587760021745957,0.35447562315169323,3.034642053512406,3.635647416940443,3.034642053512406,3.635647416940443,-0.014981621823566549,-0.010373081408206364,0.5298262722663226,0.6478676676374518,0.003460648453021939,1.1811545883567964,72.74447763252138,FOLLOWING,WALKING,0.3001858879488448
61.3,P,1.4296940831551743,1.4701813729000712,1.567430070226826,0.15822833245643037,1.3279250559095126,0.5079250559095126,0.13874403821927572,0.3239237328730773,0.17806041688410457,0.45,-0.039298622895273846,0.294454733878758,0.3533927318673966,3.020048552602646,3.624540839665606,3.020048552602646,3.624540839665606,-0.014593500909759971,-0.011106577274837104,0.5278319429994086,0.646628716277366,0.0026335946791923113,1.1770942539559668,72.80333234521918,FOLLOWING,WALKING,0.3000742513539551
61.35,P,1.422017070401903,1.4774515350578181,1.5677863709267412,0.17406558598592822,1.3191633645852645,0.49916336458526456,0.13600818849441243,0.322645409713344,0.17861548064243976,0.45,-0.06920436768500739,0.2930845476670202,0.3522062717596678,3.0059953606873866,3.6123720180478744,3.0059953606873866,3.6123720180478744,-0.014053191915259333,-0.012168821617731584,0.5263527816167238,0.6456726866861523,0.0014276589117443348,1.1734531272146205,72.8620050015799,FOLLOWING,WALKING,0.30001295184910803
61.4,P,1.4209659356216826,1.4781718672431623,1.5679986874987744,0.18984285860714306,1.3115119599963745,0.49151195999637454,0.13385154522232634,0.3213467838520504,0.17882389118320982,0.45,-0.08764558698542377,0.29175142986122915,0.35094213784287165,2.992322357551068,3.5994065419781704,2.992322357551068,3.5994065419781704,-0.013673003136318584,-0.012965476069703996,0.5246904924161081,0.6442508761500042,0.0005366704876430574,1.1694780390537554,72.92047890353258,FOLLOWING,STOPPED,0.0
61.45,P,1.4291516851829837,1.4699861176818612,1.5680701621802227,0.2055531485548888,1.296692046947778,0.4766920469477781,0.12716770394244148,0.3199965029473712,0.17810914209711848,0.45,-0.1335711752624585,0.2905194399302981,0.3494735659644443,2.9796865633876726,3.5843442663019927,2.9796865633876726,3.5843442663019927,-0.012635794163395442,-0.015062275676177794,0.5247250786076556,0.6442095699304278,0.0018331681901534757,1.170767816728237,72.97901729436899,FOLLOWING,STOPPED,0.0
61.5,P,1.4299250745413599,1.469212728323485,1.56800755584292,0.22119995954670224,1.2720413030505273,0.45204130305052737,0.11405330735713837,0.3185514036352435,0.17569542438062044,0.45,-0.21264878985262708,0.2894738109002508,0.34762899637023614,2.9689621630794956,3.565425603797294,2.9689621630794956,3.565425603797294,-0.010724400308177007,-0.01891866250469887,0.5271742900419465,0.6458432932181107,0.006106739882906431,1.1791243231429638,73.03797351052613,FOLLOWING,STOPPED,0.0
61.55,P,1.4299250745413599,1.469212728323485,1.5678121390795714,0.23676375849407222,1.2556283855792236,0.4356283855792237,0.10605332135961287,0.31704863375824044,0.1724430803261063,0.45,-0.23808289295878945,0.2885093039642698,0.34558796355221105,2.9590697842489213,3.544491933868831,2.9590697842489213,3.544491933868831,-0.009892378830574255,-0.020933669928462795,0.5279874995316935,0.644894652333047,0.008076156869386755,1.1809583087341273,73.09702142596284,FOLLOWING,STOPPED,0.0
61.6,P,1.4299250745413599,1.469212728323485,1.5674844461884319,0.2522458908247689,1.2401384220322123,0.4201384220322123,0.09865604730897526,0.315492699871794,0.16851733868020757,0.45,-0.25386049611470973,0.28760308032021964,0.3433823194233684,2.9497751827714835,3.5218699428037783,2.9497751827714835,3.5218699428037783,-0.00929460147743777,-0.022621991065052693,0.5286874316769183,0.6433128853784381,0.00952639969698648,1.1815267167523429,73.15609776180045,FOLLOWING,STOPPED,0.0
61.65,P,1.4299250745413599,1.469212728323485,1.5670337281817912,0.2676425183001959,1.224716646534848,0.40471664653484807,0.09137262742552132,0.3138842711072842,0.16400090951463245,0.45,-0.2658669991578801,0.2867421205826125,0.34102642163195585,2.9409448264883333,3.49770688853288,2.9409448264883333,3.49770688853288,-0.00883035628315021,-0.024163054270898154,0.5294326129827206,0.6413459676450507,0.010666058269143961,1.1814446388969153,73.21516999374529,FOLLOWING,STOPPED,0.0
61.7,P,1.4276690424097471,1.4714687604550978,1.5664656034495061,0.28295569332995685,1.209367501017992,0.3893675010179921,0.08423225788800326,0.3122240441669757,0.15897217337804992,0.45,-0.27491249961731656,0.28591414947290844,0.33853393886104294,2.9324528151067533,3.4721429626773634,2.9324528151067533,3.4721429626773634,-0.008492011381580067,-0.0255639258555167,0.5301980779781424,0.6390192972335501,0.011511779226873237,1.1807291544385659,73.27420645146722,FOLLOWING,STOPPED,0.0
61.75,P,1.406386093550364,1.4927517093144809,1.5657825176021598,0.2981751766102797,1.1965900701926593,0.37659007019265933,0.07892912454644896,0.3105240091658343,0.15373038785401583,0.45,-0.2706524453329744,0.2850816299759947,0.3359663883556739,2.923914153599945,3.4458091113402447,2.923914153599945,3.4458091113402447,-0.008538661506808154,-0.02633385133711874,0.5303769694404994,0.6358350584916541,0.011603832791866163,1.1778158607240197,73.33309724450342,FOLLOWING,STOPPED,0.0
61.8,P,1.4088384737888242,1.4902993290760207,1.5649874041258536,0.3133081633706373,1.205164018915306,0.38516401891530594,0.08763404480458736,0.3088808743302918,0.15018794511723374,0.45,-0.17338353298007284,0.2840247694133896,0.33373697924719403,2.913074558086047,3.4229433768942976,2.913074558086047,3.4229433768942976,-0.010839595513898015,-0.022865734445947083,0.5255547112732681,0.6280128704387369,0.007661263612792341,1.1612288453247974,73.39115868676966,FOLLOWING,STOPPED,0.0
61.85,P,1.4102812476502973,1.4888565552145476,1.5640877956686443,0.3283489148691666,1.1873039596471981,0.3673039596471982,0.07937370298519175,0.3071747862808664,0.14588460050851149,0.45,-0.21382341650413536,0.28303088489670775,0.3313186876650251,2.902880870735464,3.3981403863079493,2.902880870735464,3.3981403863079493,-0.010193687350583236,-0.024802990586348272,0.5264780186596807,0.6263980220815233,0.009040200610952712,1.1619162413521567,73.44925449883726,FOLLOWING,STOPPED,0.0
61.9,P,1.4169131877696828,1.4822246150951621,1.5630881957017733,0.3432935101975561,1.1706555588700396,0.35065555887003963,0.07194675357330071,0.30541170121623473,0.1410089521900562,0.45,-0.24003522829272744,0.28207471962878045,0.328748682803689,2.8930740474746712,3.371781362089118,2.8930740474746712,3.371781362089118,-0.00980682326079263,-0.026359024218831184,0.5271819568177922,0.6240975755378657,0.00990014487310982,1.1611796772287677,73.50731348269869,FOLLOWING,STOPPED,0.0
61.95,P,1.4204769520442984,1.4786608508205463,1.561993566854127,0.3581395021171761,1.1482731359076674,0.3282731359076675,0.06077516345035239,0.3035659943399271,0.1351127040368485,0.45,-0.28571013910277043,0.28120484182182864,0.32592714685802554,2.884152223813627,3.342842531877185,2.884152223813627,3.342842531877185,-0.008921823661044215,-0.02893883021193311,0.5292353650345955,0.6226039688204498,0.011471875655791882,1.163311209510837,73.56547904317424,FOLLOWING,STOPPED,0.0
62.0,P,1.405958842234059,1.493178960630786,1.5608123673038121,0.3728833315163783,1.1294224387567537,0.3094224387567538,0.05199680512105265,0.30165436801527795,0.12862100232450613,0.45,-0.3057969759641859,0.28036759213057216,0.32294114389998374,2.8755650474930476,3.312216860512654,2.8755650474930476,3.312216860512654,-0.00858717632057937,-0.030625671364531204,0.5305609565367119,0.6198038453249688,0.012023556206878592,1.1623883580685594,73.62359846107766,FOLLOWING,STOPPED,0.0
62.05,P,1.4206931914444012,1.4784446114204437,1.5595452857857512,0.387542497069715,1.130947351046624,0.31094735104662397,0.05729339105276865,0.2997703895687707,0.12349350988417958,0.45,-0.2318120271766359,0.279332213682939,0.32020856545460247,2.8649457813634767,3.2841904149189998,2.8649457813634767,3.2841904149189998,-0.010619266129570981,-0.02802644559365408,0.5271448036860122,0.6125463276161967,0.009118253352392048,1.148809384654601,73.6810389303104,FOLLOWING,STOPPED,0.0
62.1,P,1.4280053201715164,1.4711324826933285,1.5582036656533629,0.40207960363452366,1.0997032905278903,0.27970329052789034,0.04034755144447422,0.2977640928023843,0.11659107834076603,0.45,-0.3182872474802118,0.27846826933698754,0.3170599162677811,2.8560848137126924,3.251896577105447,2.8560848137126924,3.251896577105447,-0.008860967650784257,-0.032293837813552884,0.5309827479219926,0.6122920578492417,0.011588571890207275,1.1548633776614416,73.73878209919346,FOLLOWING,STOPPED,0.0
62.15,P,1.4299250745413599,1.469212728323485,1.5567937625918626,0.41650194687966235,1.0769520265035626,0.25695202650356264,0.029107381549862588,0.2956753032926298,0.10886146701592131,0.45,-0.34836961474161277,0.2776587305014948,0.3136918760837648,2.8477818512973827,3.2173525752181007,2.8477818512973827,3.2173525752181007,-0.0083029624153097,-0.03454400188734619,0.5330765477255107,0.609390761586583,0.01211697832731153,1.1545842876394052,73.79651131357542,FOLLOWING,STOPPED,0.0
62.2,P,1.4299250745413599,1.469212728323485,1.555322191887138,0.43081012493523047,1.0603280876104904,0.2403280876104904,0.022409388845094913,0.29353291194325953,0.10100058780841743,0.45,-0.34487363062797993,0.27681731466096643,0.31024850922555264,2.839151945240681,3.18203599205695,2.839151945240681,3.18203599205695,-0.008629906056701664,-0.03531658316115083,0.5337623614814603,0.6047711954270301,0.011432929257344206,1.1499664861658345,73.8540096378837,FOLLOWING,STOPPED,0.0
62.25,P,1.4299250745413599,1.469212728323485,1.5537961068122068,0.44500361352484574,1.0459466543577332,0.2259466543577332,0.01759973686770011,0.29134776178888955,0.09327649350471565,0.45,-0.33227973820195966,0.2759105021138591,0.30678502146392,2.829851303731888,3.1465130406555897,2.829851303731888,3.1465130406555897,-0.00930064150879284,-0.03552295140136019,0.5338025229540626,0.5995135665462853,0.010374860622946921,1.1436909501232948,73.91119418538987,FOLLOWING,STOPPED,0.0
62.3,P,1.428871996605792,1.470265806259053,1.5522212519011531,0.45908194070955066,1.031672595096166,0.2116725950961661,0.013119221361350464,0.289120779642281,0.08571993903802683,0.45,-0.3219840565484274,0.27493412973148756,0.30330742955307444,2.819837228015257,3.110845431313584,2.819837228015257,3.110845431313584,-0.010014075716631154,-0.03566760934200586,0.5336417843159807,0.5941454951999484,0.009327562390398699,1.137114841906328,73.96804992748518,FOLLOWING,STOPPED,0.0
62.35,P,1.4190490971322303,1.4800887057326144,1.5506027537448661,0.47305402659309037,1.0186794631922025,0.19867946319220253,0.009859673724552653,0.2868583055705857,0.07847900108703916,0.45,-0.30831734448521625,0.27387003089068074,0.2998465802504907,2.8089233937505718,3.0753495410306737,2.8089233937505718,3.0753495410306737,-0.010913834264685285,-0.035495890282910114,0.5329962812829648,0.588467054842832,0.00818296671350558,1.1296463028393025,74.02453224262715,FOLLOWING,STOPPED,0.0
62.4,P,1.4136824880326957,1.4854553148321492,1.5489472771519854,0.48689176388669886,1.0155910641384156,0.19559106413841565,0.014423644247869793,0.2846064009309076,0.072578292951798,0.45,-0.25407648453513176,0.272594693447385,0.2966181084144302,2.7958430097167692,3.042237009378771,2.7958430097167692,3.042237009378771,-0.013080384033802517,-0.03311253165190253,0.5298194466989945,0.581009277508527,0.006166991860741651,1.1169957160682633,74.08038202843055,FOLLOWING,STOPPED,0.0
62.45,P,1.4064546436002556,1.492683159264589,1.54725997783704,0.500611660230192,1.007683347313169,0.18768334731316905,0.015528689622565706,0.28234272304137503,0.06741683675566487,0.45,-0.2329736119684898,0.2711852365583125,0.29350020952443756,2.781387041623718,3.0102585592250004,2.781387041623718,3.0102585592250004,-0.014455968093051386,-0.031978450153770765,0.527365558387695,0.574894572148695,0.005010754317065887,1.1072708848534558,74.13574557267322,FOLLOWING,STOPPED,0.0
62.5,P,1.4057475751778064,1.4933902276870383,1.5455397962642858,0.5142270239464171,1.0020139726300668,0.1820139726300668,0.01850624513776422,0.2800777136486185,0.0631734961736968,0.45,-0.20666466594107338,0.26962250003187166,0.29053292726536534,2.765358974685863,2.979824895029388,2.765358974685863,2.979824895029388,-0.016028066937854746,-0.03043366419561222,0.5241198482845435,0.5686021051133211,0.003860159904268811,1.0965821133021336,74.19057467833832,FOLLOWING,STOPPED,0.0
62.55,P,1.4107849794444347,1.48835282342041,1.5437973015552022,0.52771082970233,0.9890917271092143,0.16909172710921438,0.01614277704002287,0.2777779607932851,0.05903542145673044,0.45,-0.21805631972579112,0.2680075985421962,0.287548323044374,2.7487958824840635,2.949213569685887,2.7487958824840635,2.949213569685887,-0.016563092201799634,-0.030611325343500972,0.5222438653801951,0.5638676790395052,0.003517818983072114,1.0896293634027723,74.24505614650846,FOLLOWING,STOPPED,0.0
62.6,P,1.4129516264085695,1.4861861764562752,1.5420333142006057,0.5410735094022762,0.9698068456800799,0.14980684568007996,0.008964795760010524,0.27541448304028565,0.05434212673865908,0.45,-0.2549374076743134,0.2664208610650376,0.2844081050155337,2.7325216519491033,2.917006205287525,2.7325216519491033,2.917006205287525,-0.016274230534960132,-0.03220736439836225,0.5216864163415409,0.5601366160130646,0.003672628076035117,1.0854956604306407,74.29933092952999,FOLLOWING,STOPPED,0.0
62.65,P,1.4195002260576106,1.4796375768072343,1.540251689354473,0.5543108951848582,0.9538868043689271,0.1338868043689272,0.004400357772133656,0.2730034747744309,0.049501962364031496,0.45,-0.2688993597550406,0.26481090000318364,0.2811960495456781,2.7160092308018835,2.8840620466223394,2.7160092308018835,2.8840620466223394,-0.016512421147219847,-0.03294415866518552,0.5203416062066287,0.5554457426603162,0.0034502059398031845,1.079237554806748,74.35329280727032,FOLLOWING,STOPPED,0.0
62.7,P,1.4275352418593574,1.4716025610054875,1.5384590765512183,0.5674221984525271,0.9331722154086092,0.11317221540860922,-0.004048509767940134,0.2705232879021912,0.04400521730895674,0.45,-0.3008856920343359,0.26324042443755885,0.2778061513668236,2.699901789103168,2.8492938601725495,2.699901789103168,2.8492938601725495,-0.016107441698715697,-0.03476818644978996,0.5199995106513206,0.5513263079150859,0.0034831506332233687,1.0748089691996299,74.4070332557303,FOLLOWING,STOPPED,0.0
62.75,P,1.4299250745413599,1.469212728323485,1.5366540374292128,0.580420443336511,0.910958959080567,0.09095895908056706,-0.013949024677932353,0.2679677212436574,0.03772157724654056,0.45,-0.3324291676301731,0.26172480020935496,0.2742106422779599,2.6843569252241535,2.8124168438765116,2.6843569252241535,2.8124168438765116,-0.015544863879014326,-0.0368770162960379,0.52001045647096,0.5469790200568863,0.0034132149216561953,1.0704026914495024,74.46055339030276,FOLLOWING,STOPPED,0.0
62.8,P,1.4299250745413599,1.469212728323485,1.5366942585669374,0.5801336319741962,0.8951775228252121,0.07517752282521217,-0.018383377889966468,0.0,0.0,0.45,-0.32873307027510046,0.0,0.0,0.0,0.0,0.0,0.0,-2.6843569252241535,-2.8124168438765116,0.0,0.0,0.0,0.0,74.46055339030276,SETTLED,STOPPED,0.0
62.85,P,1.4299250745413599,1.469212728323485,1.5367326865982474,0.5798471136819949,0.8954670838298612,0.07546708382986123,-0.01838083885662445,0.0,0.0,0.45,-0.25513772639412247,0.0,0.0,0.0,0.0,0.0,0.0,0.0,0.0,0.0,0.0,0.0,0.0,74.46055339030276,SETTLED,STOPPED,0.0
62.9,P,1.4299250745413599,1.469212728323485,1.5367739041758273,0.5795577956894288,0.8957561400849732,0.07575614008497322,-0.018375454221777554,0.0,0.0,0.45,-0.19773557906492267,0.0,0.0,0.0,0.0,0.0,0.0,0.0,0.0,0.0,0.0,0.0,0.0,74.46055339030276,SETTLED,STOPPED,0.0
62.95,P,1.4299250745413599,1.469212728323485,1.5368154451800753,0.5792692550210761,0.8960483087168697,0.07604830871686974,-0.018368107064818506,0.0,0.0,0.45,-0.15294820969029493,0.0,0.0,0.0,0.0,0.0,0.0,0.0,0.0,0.0,0.0,0.0,0.0,74.46055339030276,SETTLED,STOPPED,0.0
63.0,P,1.4105888461917926,1.488548956673052,1.536856349772143,0.5789796202270683,0.8963397441867885,0.07633974418678857,-0.01835927767753942,0.0,0.0,0.45,-0.11801728749078712,0.0,0.0,0.0,0.0,0.0,0.0,0.0,0.0,0.0,0.0,0.0,0.0,74.46055339030276,SETTLED,STOPPED,0.0
63.05,P,1.4078686077946483,1.4912691950701966,1.5368965373221886,0.5786883917512178,0.9182918165067143,0.09829181650671437,3.833593147750669e-05,0.0,0.0,0.45,0.004535633964865046,0.0,0.0,0.0,0.0,0.0,0.0,0.0,0.0,0.0,0.0,0.0,0.0,74.46055339030276,SETTLED,STOPPED,0.0
63.1,P,1.4102812476502973,1.4888565552145476,1.5369380980789944,0.578397977100898,0.9216571646683362,0.1016571646683363,0.00255866511444669,0.0,0.0,0.45,0.018345326403732064,0.0,0.0,0.0,0.0,0.0,0.0,0.0,0.0,0.0,0.0,0.0,0.0,74.46055339030276,SETTLED,STOPPED,0.0
63.15,P,1.4143268784518805,1.4848109244129644,1.5369806920300877,0.5781080953092284,0.9192261855611196,0.09922618556111962,0.0003245313675106498,0.0,0.0,0.45,0.0036130465231570125,0.0,0.0,0.0,0.0,0.0,0.0,0.0,0.0,0.0,0.0,0.0,0.0,74.46055339030276,SETTLED,STOPPED,0.0
63.2,P,1.4240331273562765,1.4751046755085682,1.53702112304556,0.5778196018617867,0.9149611894993122,0.0949611894993122,-0.003445099604004298,0.0,0.0,0.45,-0.015947806383891216,0.0,0.0,0.0,0.0,0.0,0.0,0.0,0.0,0.0,0.0,0.0,0.0,74.46055339030276,SETTLED,STOPPED,0.0
63.25,P,1.406024478321414,1.493113324543431,1.5370626033519583,0.5775303068198997,0.9043709363746667,0.08437093637466675,-0.0126530365765809,0.0,0.0,0.45,-0.0590364027278778,0.0,0.0,0.0,0.0,0.0,0.0,0.0,0.0,0.0,0.0,0.0,0.0,74.46055339030276,SETTLED,STOPPED,0.0
63.3,P,1.4177835934618737,1.4813542094029712,1.5370991086787946,0.5772535411278843,0.9249125648163986,0.10491256481639866,0.004232598166155954,0.0,0.0,0.45,0.04433477101588084,0.0,0.0,0.0,0.0,0.0,0.0,0.0,0.0,0.0,0.0,0.0,0.0,74.46055339030276,SETTLED,STOPPED,0.0
63.35,P,1.4267121655126151,1.4724256373522295,1.537140626942911,0.5769638619533909,0.9119398064274518,0.09193980642745181,-0.006705357477671425,0.0,0.0,0.45,-0.02249901551898232,0.0,0.0,0.0,0.0,0.0,0.0,0.0,0.0,0.0,0.0,0.0,0.0,74.46055339030276,SETTLED,STOPPED,0.0
63.4,P,1.4299250745413599,1.469212728323485,1.537179604726644,0.5766826076036206,0.9022451087671811,0.08224510876718116,-0.015221653070042862,0.0,0.0,0.45,-0.060205901809999476,0.0,0.0,0.0,0.0,0.0,0.0,0.0,0.0,0.0,0.0,0.0,0.0,74.46055339030276,SETTLED,STOPPED,0.0
63.45,P,1.4299250745413599,1.469212728323485,1.537224237054804,0.5763986614956538,0.8989513616639567,0.07895136166395678,-0.01833674879729208,0.0,0.0,0.45,-0.06145309066598772,0.0,0.0,0.0,0.0,0.0,0.0,0.0,0.0,0.0,0.0,0.0,0.0,74.46055339030276,SETTLED,STOPPED,0.0
63.5,P,1.4299250745413599,1.469212728323485,1.5372655565458935,0.5761072967589101,0.8992386047105282,0.07923860471052824,-0.018327705667741778,0.0,0.0,0.45,-0.04666954131455592,0.0,0.0,0.0,0.0,0.0,0.0,0.0,0.0,0.0,0.0,0.0,0.0,74.46055339030276,SETTLED,STOPPED,0.0
63.55,P,1.4299250745413599,1.469212728323485,1.5373071770402096,0.5758165595386054,0.89953281817125,0.07953281817125002,-0.018324026977301733,0.0,0.0,0.45,-0.035107702998177705,0.0,0.0,0.0,0.0,0.0,0.0,0.0,0.0,0.0,0.0,0.0,0.0,74.46055339030276,SETTLED,STOPPED,0.0
63.6,P,1.420988829120582,1.4781489737442628,1.5373469261397603,0.5755288823186305,0.8998264445639362,0.07982644456393628,-0.018317978207015306,0.0,0.0,0.45,-0.026092052210758977,0.0,0.0,0.0,0.0,0.0,0.0,0.0,0.0,0.0,0.0,0.0,0.0,74.46055339030276,SETTLED,STOPPED,0.0
63.65,P,1.4146523540268714,1.4844854488379735,1.5373889673231484,0.5752379865783301,0.9100891363966176,0.09008913639661764,-0.009740829241754456,0.0,0.0,0.45,0.024804043339408537,0.0,0.0,0.0,0.0,0.0,0.0,0.0,0.0,0.0,0.0,0.0,0.0,74.46055339030276,SETTLED,STOPPED,0.0
63.7,P,1.4080710869238822,1.4910667159409627,1.5374297075215382,0.5749505371872823,0.9174939911896107,0.09749399118961077,-0.0037753017745147943,0.0,0.0,0.45,0.05192851489391029,0.0,0.0,0.0,0.0,0.0,0.0,0.0,0.0,0.0,0.0,0.0,0.0,74.46055339030276,SETTLED,STOPPED,0.0
63.75,P,1.4044544205189053,1.4946833823459396,1.5374712916421884,0.5746590020501834,0.9252040346308341,0.10520403463083416,0.002318201156808586,0.0,0.0,0.45,0.07442843275863487,0.0,0.0,0.0,0.0,0.0,0.0,0.0,0.0,0.0,0.0,0.0,0.0,74.46055339030276,SETTLED,STOPPED,0.0
63.8,P,1.4104616907797096,1.4886761120851353,1.5375136641143758,0.5743682944989675,0.9295904196698771,0.10959041966987715,0.005622563389475754,0.0,0.0,0.45,0.07735427172352542,0.0,0.0,0.0,0.0,0.0,0.0,0.0,0.0,0.0,0.0,0.0,0.0,74.46055339030276,SETTLED,STOPPED,0.0
63.85,P,1.4120988406919697,1.487038962172875,1.537554864028038,0.5740789822366328,0.9230931638937717,0.10309316389377177,0.00011134850154514986,0.0,0.0,0.45,0.03174840652948453,0.0,0.0,0.0,0.0,0.0,0.0,0.0,0.0,0.0,0.0,0.0,0.0,74.46055339030276,SETTLED,STOPPED,0.0
63.9,P,1.4182070713987094,1.4809307314661353,1.5375966467413629,0.5737917603656151,0.9215395481239446,0.10153954812394461,-0.0014145669615119871,0.0,0.0,0.45,0.017927847705758067,0.0,0.0,0.0,0.0,0.0,0.0,0.0,0.0,0.0,0.0,0.0,0.0,74.46055339030276,SETTLED,STOPPED,0.0
63.95,P,1.425918798535731,1.473219004329114,1.5376388568306822,0.5735017424226969,0.9149617388666094,0.09496173886660941,-0.007119814941173974,0.0,0.0,0.45,-0.014958639521785225,0.0,0.0,0.0,0.0,0.0,0.0,0.0,0.0,0.0,0.0,0.0,0.0,74.46055339030276,SETTLED,STOPPED,0.0
64.0,P,1.4299250745413599,1.469212728323485,1.5376790486693905,0.5732122294600038,0.9066270031263175,0.08662700312631755,-0.01444619609387865,0.0,0.0,0.45,-0.04834057608427877,0.0,0.0,0.0,0.0,0.0,0.0,0.0,0.0,0.0,0.0,0.0,0.0,74.46055339030276,SETTLED,STOPPED,0.0
64.05,P,1.4299250745413599,1.469212728323485,1.5377178130248372,0.5729250808585777,0.9024565434989054,0.08245654349890541,-0.01830094297738638,0.0,0.0,0.45,-0.05605567170635189,0.0,0.0,0.0,0.0,0.0,0.0,0.0,0.0,0.0,0.0,0.0,0.0,74.46055339030276,SETTLED,STOPPED,0.0
64.1,P,1.4299250745413599,1.469212728323485,1.5377588825666044,0.5726369995834432,0.9027462663827225,0.08274626638272253,-0.01830458681285596,0.0,0.0,0.45,-0.042448643242159245,0.0,0.0,0.0,0.0,0.0,0.0,0.0,0.0,0.0,0.0,0.0,0.0,74.46055339030276,SETTLED,STOPPED,0.0
64.15,P,1.4299250745413599,1.469212728323485,1.5378000216779897,0.572346525433064,0.9030371905513983,0.08303719055139835,-0.018302413157922803,0.0,0.0,0.45,-0.031829875386710525,0.0,0.0,0.0,0.0,0.0,0.0,0.0,0.0,0.0,0.0,0.0,0.0,74.46055339030276,SETTLED,STOPPED,0.0
64.2,P,1.4299250745413599,1.469212728323485,1.5378406921685346,0.5720555647774659,0.903330498824662,0.08333049882466204,-0.018292672063422,0.0,0.0,0.45,-0.023536746399273938,0.0,0.0,0.0,0.0,0.0,0.0,0.0,0.0,0.0,0.0,0.0,0.0,74.46055339030276,SETTLED,STOPPED,0.0
64.25,P,1.4147915988332214,1.4843462040316235,1.5378835859462128,0.5717635303490123,0.9036242341979287,0.08362423419792875,-0.018294749921306197,0.0,0.0,0.45,-0.017066226549060065,0.0,0.0,0.0,0.0,0.0,0.0,0.0,0.0,0.0,0.0,0.0,0.0,74.46055339030276,SETTLED,STOPPED,0.0
64.3,P,1.4068987418004724,1.4922390610643723,1.5379261535397215,0.5714735499247398,0.9208467698792934,0.10084676987929342,-0.0039330171589828655,0.0,0.0,0.45,0.062467500289742,0.0,0.0,0.0,0.0,0.0,0.0,0.0,0.0,0.0,0.0,0.0,0.0,74.46055339030276,SETTLED,STOPPED,0.0
64.35,P,1.4102812476502973,1.4888565552145476,1.5379631715186501,0.5711979383011339,0.9300415631203347,0.11004156312033475,0.0033440424685189374,0.0,0.0,0.45,0.08918174048658292,0.0,0.0,0.0,0.0,0.0,0.0,0.0,0.0,0.0,0.0,0.0,0.0,74.46055339030276,SETTLED,STOPPED,0.0
64.4,P,1.411740569134078,1.4873972337307666,1.5380050707969681,0.5709085237420636,0.9264987916226137,0.10649879162261378,0.00024942247488901614,0.0,0.0,0.45,0.053973562989561505,0.0,0.0,0.0,0.0,0.0,0.0,0.0,0.0,0.0,0.0,0.0,0.0,74.46055339030276,SETTLED,STOPPED,0.0
64.45,P,1.4248377684321603,1.4743000344326846,1.5380463295081548,0.5706194127257421,0.9251455452613578,0.10514554526135789,-0.0010964331139768912,0.0,0.0,0.45,0.036145095142331725,0.0,0.0,0.0,0.0,0.0,0.0,0.0,0.0,0.0,0.0,0.0,0.0,74.46055339030276,SETTLED,STOPPED,0.0
64.5,P,1.409580653633392,1.4895571492314528,1.5380812380991786,0.5703438922049131,0.9107441157369853,0.09074411573698538,-0.013381495970711033,0.0,0.0,0.45,-0.0351731156962239,0.0,0.0,0.0,0.0,0.0,0.0,0.0,0.0,0.0,0.0,0.0,0.0,74.46055339030276,SETTLED,STOPPED,0.0
64.55,P,1.4148739954793461,1.4842638073854988,1.5381205719552127,0.5700603780351887,0.9281516105148921,0.1081516105148922,0.0008787759631483372,0.0,0.0,0.45,0.04915794677973971,0.0,0.0,0.0,0.0,0.0,0.0,0.0,0.0,0.0,0.0,0.0,0.0,74.46055339030276,SETTLED,STOPPED,0.0
64.6,P,1.4254190108537141,1.4737187920111308,1.5381631935006634,0.5697714373335288,0.9224736466961476,0.10247364669614767,-0.004014867582746939,0.0,0.0,0.45,0.013360157685719649,0.0,0.0,0.0,0.0,0.0,0.0,0.0,0.0,0.0,0.0,0.0,0.0,74.46055339030276,SETTLED,STOPPED,0.0
64.65,P,1.4299250745413599,1.469212728323485,1.5382041339969517,0.5694805326198776,0.9109511901026108,0.09095119010261088,-0.013937005661484703,0.0,0.0,0.45,-0.04027788601670343,0.0,0.0,0.0,0.0,0.0,0.0,0.0,0.0,0.0,0.0,0.0,0.0,74.46055339030276,SETTLED,STOPPED,0.0
64.7,P,1.4299250745413599,1.469212728323485,1.5382460228254424,0.5691888586060367,0.9062242430558908,0.08622424305589083,-0.018252042187462347,0.0,0.0,0.45,-0.05221531809859809,0.0,0.0,0.0,0.0,0.0,0.0,0.0,0.0,0.0,0.0,0.0,0.0,74.46055339030276,SETTLED,STOPPED,0.0
64.75,P,1.4299250745413599,1.469212728323485,1.53828748029661,0.5688982188070598,0.9065188326219887,0.08651883262198878,-0.018247204563017982,0.0,0.0,0.45,-0.039431754026075426,0.0,0.0,0.0,0.0,0.0,0.0,0.0,0.0,0.0,0.0,0.0,0.0,74.46055339030276,SETTLED,STOPPED,0.0
64.8,P,1.4299250745413599,1.469212728323485,1.538329111478783,0.5686053573181874,0.906812343887569,0.08681234388756909,-0.018247538150194975,0.0,0.0,0.45,-0.029465318571785422,0.0,0.0,0.0,0.0,0.0,0.0,0.0,0.0,0.0,0.0,0.0,0.0,74.46055339030276,SETTLED,STOPPED,0.0
64.85,P,1.4229285611089337,1.4762092417559112,1.5383707517881975,0.5683174499969523,0.9071080817264302,0.08710808172643025,-0.018250344134207452,0.0,0.0,0.45,-0.021681701995003428,0.0,0.0,0.0,0.0,0.0,0.0,0.0,0.0,0.0,0.0,0.0,0.0,74.46055339030276,SETTLED,STOPPED,0.0
64.9,P,1.4156222200210473,1.4835155828437976,1.538410619085634,0.5680290105750594,0.9152018383570479,0.09520183835704799,-0.011580992290229242,0.0,0.0,0.45,0.018700801618617372,0.0,0.0,0.0,0.0,0.0,0.0,0.0,0.0,0.0,0.0,0.0,0.0,74.46055339030276,SETTLED,STOPPED,0.0
64.95,P,1.4096875302475085,1.4894502726173362,1.5384484284076556,0.5677504822131769,0.9236842831558886,0.10368428315588862,-0.004736260041140916,0.0,0.0,0.45,0.05190938237742248,0.0,0.0,0.0,0.0,0.0,0.0,0.0,0.0,0.0,0.0,0.0,0.0,74.46055339030276,SETTLED,STOPPED,0.0
65.0,P,1.4031612658600041,1.4959765370048408,1.5384889936159156,0.5674608928950143,0.930650241780487,0.1106502417804871,0.0007207028938782667,0.0,0.0,0.45,0.07113953620262459,0.0,0.0,0.0,0.0,0.0,0.0,0.0,0.0,0.0,0.0,0.0,0.0,74.46055339030276,SETTLED,STOPPED,0.0
65.05,P,1.4097098655090452,1.4894279373557997,1.5385298994855285,0.5671709804357664,0.9383255806255438,0.11832558062554388,0.006638881568400867,0.0,0.0,0.45,0.08926032915629892,0.0,0.0,0.0,0.0,0.0,0.0,0.0,0.0,0.0,0.0,0.0,0.0,74.46055339030276,SETTLED,STOPPED,0.0
65.1,P,1.4117755520272446,1.4873622508376003,1.5385723150673833,0.5668821594486457,0.9312102317635382,0.11121023176353828,0.0006912811473653857,0.0,0.0,0.45,0.03831552174908674,0.0,0.0,0.0,0.0,0.0,0.0,0.0,0.0,0.0,0.0,0.0,0.0,74.46055339030276,SETTLED,STOPPED,0.0
65.15,P,1.4169139167398084,1.4822238861250365,1.5386128346373604,0.5665939596180437,0.9291722217979158,0.10917222179791586,-0.001200517769956111,0.0,0.0,0.45,0.02091886311554849,0.0,0.0,0.0,0.0,0.0,0.0,0.0,0.0,0.0,0.0,0.0,0.0,74.46055339030276,SETTLED,STOPPED,0.0
65.2,P,1.4243023552121046,1.4748354476527403,1.5386541773128182,0.5663031640585225,0.9236821904381595,0.10368219043815952,-0.005962162315722441,0.0,0.0,0.45,-0.007839424752801458,0.0,0.0,0.0,0.0,0.0,0.0,0.0,0.0,0.0,0.0,0.0,0.0,74.46055339030276,SETTLED,STOPPED,0.0
65.25,P,1.4299250745413599,1.469212728323485,1.5386957059090827,0.5660141354783348,0.9157004147376353,0.09570041473763535,-0.01290886848789996,0.0,0.0,0.45,-0.04123456438949345,0.0,0.0,0.0,0.0,0.0,0.0,0.0,0.0,0.0,0.0,0.0,0.0,74.46055339030276,SETTLED,STOPPED,0.0
65.3,P,1.4299250745413599,1.469212728323485,1.5387376205531917,0.5657226362761353,0.9097245453243484,0.08972454532434848,-0.018269505484361126,0.0,0.0,0.45,-0.058456785642268624,0.0,0.0,0.0,0.0,0.0,0.0,0.0,0.0,0.0,0.0,0.0,0.0,74.46055339030276,SETTLED,STOPPED,0.0
65.35,P,1.4299250745413599,1.469212728323485,1.5387795676178366,0.565430830045204,0.9100189649657339,0.09001896496573392,-0.018261116915392117,0.0,0.0,0.45,-0.04430084637887354,0.0,0.0,0.0,0.0,0.0,0.0,0.0,0.0,0.0,0.0,0.0,0.0,74.46055339030276,SETTLED,STOPPED,0.0
65.4,P,1.4299250745413599,1.469212728323485,1.5388208455955683,0.5651413753067324,0.9103136933598384,0.09031369335983841,-0.018258458420502555,0.0,0.0,0.45,-0.03325785524146152,0.0,0.0,0.0,0.0,0.0,0.0,0.0,0.0,0.0,0.0,0.0,0.0,74.46055339030276,SETTLED,STOPPED,0.0
65.45,P,1.4299250745413599,1.469212728323485,1.5388631530954637,0.5648506854069426,0.9106060071727138,0.09060600717271383,-0.01825646862135466,0.0,0.0,0.45,-0.024654946311688054,0.0,0.0,0.0,0.0,0.0,0.0,0.0,0.0,0.0,0.0,0.0,0.0,74.46055339030276,SETTLED,STOPPED,0.0
65.5,P,1.4189943514746501,1.4801434513901948,1.538903683734813,0.5645613225102977,0.9108996704507265,0.09089967045072656,-0.018253088774399018,0.0,0.0,0.45,-0.017938739699860626,0.0,0.0,0.0,0.0,0.0,0.0,0.0,0.0,0.0,0.0,0.0,0.0,74.46055339030276,SETTLED,STOPPED,0.0
65.55,P,1.4059288758062967,1.4932089270585482,1.538943678889113,0.564271564194857,0.9234007162046836,0.10340071620468361,-0.00791079490983293,0.0,0.0,0.45,0.041012384351522865,0.0,0.0,0.0,0.0,0.0,0.0,0.0,0.0,0.0,0.0,0.0,0.0,74.46055339030276,SETTLED,STOPPED,0.0
65.6,P,1.4102812476502973,1.4888565552145476,1.538985752648743,0.5639927502650447,0.9384122558680218,0.11841225586802184,0.004078304661872645,0.0,0.0,0.45,0.09804043431287982,0.0,0.0,0.0,0.0,0.0,0.0,0.0,0.0,0.0,0.0,0.0,0.0,74.46055339030276,SETTLED,STOPPED,0.0
65.65,P,1.4102812476502973,1.4888565552145476,1.539024611939501,0.5637067302114732,0.9337761548211473,0.11377615482114734,0.00010114969733665546,0.0,0.0,0.45,0.05607269415779727,0.0,0.0,0.0,0.0,0.0,0.0,0.0,0.0,0.0,0.0,0.0,0.0,74.46055339030276,SETTLED,STOPPED,0.0
65.7,P,1.4222514591143578,1.4768863437504869,1.5390672267048815,0.5634162144115639,0.9340648010452604,0.1140648010452604,8.267013787954802e-05,0.0,0.0,0.45,0.04500674482917943,0.0,0.0,0.0,0.0,0.0,0.0,0.0,0.0,0.0,0.0,0.0,0.0,74.46055339030276,SETTLED,STOPPED,0.0
65.75,P,1.41313682894537,1.4860009739194746,1.5391096302438843,0.5631258571938088,0.9209091164453918,0.1009091164453918,-0.010999169269619635,0.0,0.0,0.45,-0.02277975127266517,0.0,0.0,0.0,0.0,0.0,0.0,0.0,0.0,0.0,0.0,0.0,0.0,74.46055339030276,SETTLED,STOPPED,0.0
65.8,P,1.4119643974968183,1.4871734053680263,1.5391517943403898,0.5628348820567185,0.9314331042744863,0.11143310427448638,-0.002528509283364677,0.0,0.0,0.45,0.028537340455339965,0.0,0.0,0.0,0.0,0.0,0.0,0.0,0.0,0.0,0.0,0.0,0.0,74.46055339030276,SETTLED,STOPPED,0.0
65.85,P,1.424125856194813,1.475011946670032,1.539192345618129,0.5625465701976978,0.9330478763671097,0.11304787636710978,-0.0014592229159051673,0.0,0.0,0.45,0.029364122762708517,0.0,0.0,0.0,0.0,0.0,0.0,0.0,0.0,0.0,0.0,0.0,0.0,74.46055339030276,SETTLED,STOPPED,0.0
65.9,P,1.4299250745413599,1.469212728323485,1.539233512056978,0.5622557655258994,0.9196919920544077,0.09969199205440771,-0.012759478393583823,0.0,0.0,0.45,-0.03586187522097982,0.0,0.0,0.0,0.0,0.0,0.0,0.0,0.0,0.0,0.0,0.0,0.0,74.46055339030276,SETTLED,STOPPED,0.0
65.95,P,1.4299250745413599,1.469212728323485,1.539273229663933,0.5619808823152718,0.9135202607928994,0.09352026079289943,-0.018263975662796472,0.0,0.0,0.45,-0.055127880223002204,0.0,0.0,0.0,0.0,0.0,0.0,0.0,0.0,0.0,0.0,0.0,0.0,74.46055339030276,SETTLED,STOPPED,0.0
66.0,P,1.4299250745413599,1.469212728323485,1.5393166409802055,0.561691130893865,0.9137979215560631,0.09379792155606315,-0.018250410042258913,0.0,0.0,0.45,-0.041778039216021315,0.0,0.0,0.0,0.0,0.0,0.0,0.0,0.0,0.0,0.0,0.0,0.0,74.46055339030276,SETTLED,STOPPED,0.0
66.05,P,1.4299250745413599,1.469212728323485,1.5393575057716802,0.5613995558618601,0.9140907857588073,0.09409078575880736,-0.018244010987058523,0.0,0.0,0.45,-0.031298268096422006,0.0,0.0,0.0,0.0,0.0,0.0,0.0,0.0,0.0,0.0,0.0,0.0,74.46055339030276,SETTLED,STOPPED,0.0
66.1,P,1.4248682930972854,1.4742695097675593,1.539399659671734,0.5611085461509282,0.9143851557739872,0.0943851557739872,-0.018240646298658625,0.0,0.0,0.45,-0.023117421048417772,0.0,0.0,0.0,0.0,0.0,0.0,0.0,0.0,0.0,0.0,0.0,0.0,74.46055339030276,SETTLED,STOPPED,0.0
66.15,P,1.4165920860152232,1.4825457168496217,1.5394379405854488,0.5608259402897258,0.9203153695351747,0.10031536953517473,-0.013438612931204741,0.0,0.0,0.45,0.008061352131460704,0.0,0.0,0.0,0.0,0.0,0.0,0.0,0.0,0.0,0.0,0.0,0.0,74.46055339030276,SETTLED,STOPPED,0.0
66.2,P,1.411303973571135,1.4878338292937099,1.5394801774314055,0.5605362252388536,0.9298701256018034,0.10987012560180343,-0.005722362764172706,0.0,0.0,0.45,0.04832878135570802,0.0,0.0,0.0,0.0,0.0,0.0,0.0,0.0,0.0,0.0,0.0,0.0,74.46055339030276,SETTLED,STOPPED,0.0
66.25,P,1.4031182240098337,1.496019578855011,1.5395209146658264,0.5602479358972584,0.936114301633036,0.11611430163303604,-0.0008657767703716956,0.0,0.0,0.45,0.06517082399487734,0.0,0.0,0.0,0.0,0.0,0.0,0.0,0.0,0.0,0.0,0.0,0.0,74.46055339030276,SETTLED,STOPPED,0.0
66.3,P,1.408416710850144,1.490721092014701,1.5395080182813932,0.5603480412202014,0.9456607540667246,0.1256607540667246,0.006523760844517668,0.007916459043122423,0.0008807077140098352,0.45,0.09283763342423641,0.007770701916453795,0.008062216169791052,0.07969950683542354,0.08268939661324155,0.07969950683542354,0.08268939661324155,0.07969950683542354,0.08268939661324155,0.021067307921931448,0.021859121532898425,1.1169303516237223e-05,0.04293759875834611,74.46270027024067,FOLLOWING,STOPPED,0.0
66.35,P,1.4114522633625193,1.4876855395023256,1.5394505933821852,0.5607655516570738,0.9395631668646333,0.11956316686463331,0.0017084036652292856,0.014261458706818655,0.0010232714374147972,0.45,0.045583970381701144,0.014092107283926507,0.014430810129710803,0.1445344336812975,0.1480083090226749,0.1445344336812975,0.1480083090226749,0.06483492684587397,0.06531891240943334,0.034607670048867396,0.03544254803311457,2.100691960874054e-06,0.07005231877394284,74.46620288617937,FOLLOWING,STOPPED,0.0
66.4,P,1.4156207620809071,1.4835170407839378,1.539357847709216,0.5614383945961644,0.9357158951064501,0.1157158951064502,-0.001105393791730469,0.019412336838631573,0.0007717161317897184,0.45,0.018627501161720232,0.019284617818820373,0.019540055858442772,0.19779095198790125,0.20041082931736176,0.19779095198790125,0.20041082931736176,0.053256518306603745,0.052402520294686866,0.043623090684028844,0.04420405886345005,2.7954617383897517e-06,0.08782994500921727,74.47059438342984,FOLLOWING,STOPPED,0.0
66.45,P,1.422685911888478,1.4764518909763669,1.5392377885477404,0.5623092326483317,0.93034396656036,0.11034396656036005,-0.004974682905150463,0.023452070188195596,2.296232641547664e-05,0.45,-0.009107034696656193,0.023448269923173837,0.023455870453217356,0.24049507613511625,0.24057303028940877,0.24049507613511625,0.24057303028940877,0.042704124147215,0.04016220097204701,0.04880419025202269,0.048820122180552025,2.4758106168721803e-07,0.09762456001363641,74.47547561143053,FOLLOWING,STOPPED,0.0
66.5,P,1.4299250745413599,1.469212728323485,1.5390987940580814,0.5633227285387324,0.9215428040670942,0.10154280406709426,-0.011560114540426714,0.0263310288722732,-0.0015399493691835887,0.45,-0.04582860203376351,0.026585890492873084,0.02607616725167332,0.2726757999269034,0.26744786924793146,0.2726757999269034,0.26744786924793146,0.03218072379178713,0.02687483895852269,0.05029540649210257,0.04932271867478462,3.465799026807702e-05,0.09965278315715527,74.48045825058838,FOLLOWING,STOPPED,0.0
66.55,P,1.4299250745413599,1.469212728323485,1.5389472030727973,0.5644298965545256,0.9124448436717338,0.09244484367173389,-0.018365467571095584,0.02820441752647424,-0.003865292554363002,0.45,-0.07577733532592346,0.02884412344422132,0.027564711608727165,0.29583716353047507,0.28271499085874013,0.29583716353047507,0.28271499085874013,0.023161363603571683,0.015267121610808676,0.04982287242999334,0.04759066681593473,0.0001294290964801907,0.09754296834240826,74.4853353990055,FOLLOWING,STOPPED,0.0
66.6,P,1.4299250745413599,1.469212728323485,1.5387814708904133,0.5656173484137174,0.9113274917247819,0.09132749172478194,-0.018194370717119046,0.029726434575292227,-0.005935003345737655,0.45,-0.06402267012080916,0.030708677629011808,0.028744191521572645,0.3149607961949929,0.2948122207340784,0.3149607961949929,0.2948122207340784,0.01912363266451783,0.012097229875338289,0.051299307097627554,0.047981963278970356,0.00017688586278986776,0.09945815623938778,74.49030830681748,FOLLOWING,STOPPED,0.0
66.65,P,1.4299250745413599,1.469212728323485,1.5386078742341383,0.5668608039474693,0.9101287412341067,0.09012874123410675,-0.017914550406115115,0.030944668969912367,-0.007759967315989326,0.45,-0.05521218485320229,0.0322289435607086,0.029660394379116134,0.33055326728931894,0.3042091731191398,0.33055326728931894,0.3042091731191398,0.015592471094326044,0.009396952385061386,0.05225441100549414,0.048041808034277045,0.0002039279149729712,0.10050014695474414,74.49533331416522,FOLLOWING,STOPPED,0.0
66.7,P,1.4299250745413599,1.469212728323485,1.538432018100823,0.5681503311460433,0.9088734490423622,0.08887344904236227,-0.01755632579477262,0.031901133057352885,-0.009354074566684608,0.45,-0.04858878982917378,0.033449232398139184,0.030353033716566582,0.3430690502373249,0.3113131663237598,0.3430690502373249,0.3113131663237598,0.012515782948005982,0.007103993204620018,0.05281394687108948,0.04786595433298921,0.00021472413250027826,0.10089462533657896,74.50037804543206,FOLLOWING,STOPPED,0.0
66.75,P,1.4231971041160787,1.4759406987487662,1.5382501211597799,0.5694772212792157,0.9075721461171967,0.08757214611719677,-0.017119116146299573,0.03263219989982876,-0.01072974778976651,0.45,-0.043624988937484094,0.03440797315903512,0.0308564266406224,0.3529022888106166,0.3164761706730503,0.3529022888106166,0.3164761706730503,0.009833238573291658,0.0051630043492904565,0.05306889974374216,0.04752202851154581,0.00021255302483718993,0.10080348128012516,74.50541821949606,FOLLOWING,STOPPED,0.0
66.8,P,1.4049590098121207,1.4941787930527242,1.5380630560574995,0.5708531540823182,0.9137358659465263,0.09373586594652639,-0.010183166646795527,0.03364242328844212,-0.011031500508107238,0.45,-0.006907124122185741,0.03546813662253387,0.031816709954350375,0.3637757602311166,0.3263252303010295,0.3637757602311166,0.3263252303010295,0.010873471420499992,0.009849059627979218,0.05636146038643006,0.05048575032153797,4.7934507826060824e-05,0.10689514521579409,74.51076297675685,FOLLOWING,STOPPED,0.0
66.85,P,1.4098704595489013,1.4892673433159433,1.5378632153520473,0.5723338024931529,0.9328702603829755,0.11287026038297554,0.007284183710829284,0.0357066975522866,-0.00894498565633468,0.45,0.07880377870507618,0.03718709267840999,0.03422630242616321,0.381406078752923,0.35103899924269955,0.381406078752923,0.35103899924269955,0.01763031852180641,0.024713768941670045,0.0656008724611676,0.060313852085971335,0.00026875937406003656,0.12618348392119896,74.51707215095291,FOLLOWING,STOPPED,0.0
66.9,P,1.4102812476502973,1.4888565552145476,1.5376544662517533,0.5738837733643568,0.9258235597693026,0.10582355976930269,0.0032509807798322132,0.03701754195420398,-0.007611604685423939,0.45,0.030461464689797116,0.03827726252964164,0.03575782137876632,0.3925873079963245,0.3667468859360648,0.3925873079963245,0.3667468859360648,0.011181229243401536,0.01570788669336526,0.0627918796336685,0.05860200469689046,0.00014614803137721446,0.12154003236193618,74.52314915257101,FOLLOWING,STOPPED,0.0
66.95,P,1.4196651497965556,1.4794726530682893,1.5374401514093408,0.5754772854952941,0.9237960426109062,0.10379604261090625,0.003247143155611809,0.03800402687138882,-0.006412079890874019,0.45,0.014838866961096901,0.03906522609332847,0.036942827649449166,0.40066898557259967,0.37890079640460683,0.40066898557259967,0.37890079640460683,0.008081677576275148,0.012153910468542029,0.062013177640693744,0.058594538065591645,0.00011075686291783828,0.12071847256920323,74.52918507619947,FOLLOWING,STOPPED,0.0
67.0,P,1.4166930042573482,1.4824447986074967,1.537224561723578,0.5770739567526484,0.9116351109947041,0.09163511099470412,-0.005210964452702527,0.03807635645290589,-0.006474352102901455,0.45,-0.041933782881636836,0.03914786172593608,0.0370048511798757,0.4015165305224213,0.3795369351782123,0.4015165305224213,0.3795369351782123,0.0008475449498216436,0.0006361387736054658,0.05624150505723478,0.05311271135380326,5.805680067247361e-06,0.10936002209110529,74.53465307730403,FOLLOWING,STOPPED,0.0
67.05,P,1.4090547995142908,1.4900830033505539,1.537009877186003,0.578678396551283,0.913358756254185,0.093358756254185,-0.002092553488932891,0.03824649175186822,-0.00610941161361727,0.45,-0.025124311505960447,0.03925759937392188,0.037235384129814565,0.4026420448607372,0.3819013756904058,0.4026420448607372,0.3819013756904058,0.0011255143383158694,0.0023644405121934775,0.05703541488322272,0.05404991352606482,3.210583195457413e-05,0.11111743424124211,74.54020894901609,FOLLOWING,STOPPED,0.0
67.1,P,1.422832701535912,1.476305101328933,1.5367908524002964,0.5803108260133288,0.9203427943961465,0.10034279439614657,0.005339364437385585,0.03883102392566076,-0.004777656253208565,0.45,0.011132804849983548,0.03962172603556678,0.038040321815754743,0.4063766772878644,0.39015714682825375,0.4063766772878644,0.39015714682825375,0.003734632427127238,0.008255771137847978,0.06028269712493695,0.05783869181783444,9.162243828577494e-05,0.11821301138105715,74.54611959958514,FOLLOWING,STOPPED,0.0
67.15,P,1.4293813011849528,1.4697565016798921,1.5365714205364918,0.5819455771774273,0.9032121575503534,0.0832121575503535,-0.007404411299410496,0.038788312291884224,-0.005299486153308096,0.45,-0.06669121433850667,0.03966537725025671,0.037911247333511734,0.40682438205391497,0.3888333059847357,0.40682438205391497,0.3888333059847357,0.00044770476605054954,-0.0013238408435180538,0.056804103173369716,0.05425007077247448,3.982219675142068e-05,0.1110939961425956,74.55167429939227,FOLLOWING,STOPPED,0.0
67.2,P,1.4299250745413599,1.469212728323485,1.536612620425649,0.5816555142364901,0.8942583292050001,0.0742583292050002,-0.013487096101201912,0.0,0.0,0.45,-0.09141599190359195,0.0,0.0,0.0,0.0,0.0,0.0,-0.40682438205391497,-0.3888333059847357,0.0,0.0,0.0,0.0,74.55167429939227,SETTLED,STOPPED,0.0
67.25,P,1.4299250745413599,1.469212728323485,1.5366539467070477,0.5813660624207091,0.8939463298904918,0.07394632989049188,-0.014016549365172493,0.0,0.0,0.45,-0.07267727066863838,0.0,0.0,0.0,0.0,0.0,0.0,0.0,0.0,0.0,0.0,0.0,0.0,74.55167429939227,SETTLED,STOPPED,0.0
67.3,P,1.4299250745413599,1.469212728323485,1.5366942694038697,0.5810764226902807,0.8942386450542356,0.07423864505423561,-0.014011703684352783,0.0,0.0,0.45,-0.05540208440106546,0.0,0.0,0.0,0.0,0.0,0.0,0.0,0.0,0.0,0.0,0.0,0.0,74.55167429939227,SETTLED,STOPPED,0.0
67.35,P,1.4268080250856372,1.4723297777792077,1.536734718570643,0.5807855578707277,0.8945310270501439,0.07453102705014392,-0.014011637364000684,0.0,0.0,0.45,-0.041927145050834426,0.0,0.0,0.0,0.0,0.0,0.0,0.0,0.0,0.0,0.0,0.0,0.0,74.55167429939227,SETTLED,STOPPED,0.0
67.4,P,1.417561952009399,1.481575850855446,1.5367745381032356,0.5804975101098715,0.8982955938847561,0.07829559388475615,-0.010982681392319504,0.0,0.0,0.45,-0.01613907906735607,0.0,0.0,0.0,0.0,0.0,0.0,0.0,0.0,0.0,0.0,0.0,0.0,74.55167429939227,SETTLED,STOPPED,0.0
67.45,P,1.4126505022726183,1.4864873005922266,1.5368148776839536,0.5802068453441197,0.908930039576192,0.08893003957619205,-0.0021417640477305877,0.0,0.0,0.45,0.034203079369782896,0.0,0.0,0.0,0.0,0.0,0.0,0.0,0.0,0.0,0.0,0.0,0.0,74.55167429939227,SETTLED,STOPPED,0.0
67.5,P,1.4047346673334602,1.4944031355313847,1.5368540903233723,0.5799158532275788,0.914746443385271,0.09474644338527105,0.0024741151175209364,0.0,0.0,0.45,0.0522705786683797,0.0,0.0,0.0,0.0,0.0,0.0,0.0,0.0,0.0,0.0,0.0,0.0,74.55167429939227,SETTLED,STOPPED,0.0
67.55,P,1.407123556191243,1.492014246673602,1.53689480432242,0.5796241829414625,0.9239818891226105,0.10398188912261053,0.00979577757708161,0.0,0.0,0.45,0.08140701260563217,0.0,0.0,0.0,0.0,0.0,0.0,0.0,0.0,0.0,0.0,0.0,0.0,74.55167429939227,SETTLED,STOPPED,0.0
67.6,P,1.411128974697794,1.488008828167051,1.5369348325423453,0.5793343113458147,0.9215726803886176,0.10157268038861766,0.007599868516892316,0.0,0.0,0.45,0.052896951402823904,0.0,0.0,0.0,0.0,0.0,0.0,0.0,0.0,0.0,0.0,0.0,0.0,74.55167429939227,SETTLED,STOPPED,0.0
67.65,P,1.4143276074220061,1.4848101954428388,1.5369742378594866,0.5790437651985993,0.9173420798090048,0.09734207980900489,0.003880697528314103,0.0,0.0,0.45,0.022644979543905378,0.0,0.0,0.0,0.0,0.0,0.0,0.0,0.0,0.0,0.0,0.0,0.0,74.55167429939227,SETTLED,STOPPED,0.0
67.7,P,1.4210694685648517,1.4780683342999932,1.5370136628444906,0.5787553992223687,0.9140322872388373,0.09403228723883739,0.0008891560971870938,0.0,0.0,0.45,0.003099996735508358,0.0,0.0,0.0,0.0,0.0,0.0,0.0,0.0,0.0,0.0,0.0,0.0,74.55167429939227,SETTLED,STOPPED,0.0
67.75,P,1.4292552181261529,1.469882584738692,1.5370531896186295,0.5784649000912278,0.9067562028379438,0.08675620283794383,-0.00548232018726047,0.0,0.0,0.45,-0.02959677391023695,0.0,0.0,0.0,0.0,0.0,0.0,0.0,0.0,0.0,0.0,0.0,0.0,74.55167429939227,SETTLED,STOPPED,0.0
67.8,P,1.4299250745413599,1.469212728323485,1.5370934653888564,0.5781774597845336,0.8979119618092516,0.07791196180925164,-0.013356755396168873,0.0,0.0,0.45,-0.062000144176232674,0.0,0.0,0.0,0.0,0.0,0.0,0.0,0.0,0.0,0.0,0.0,0.0,74.55167429939227,SETTLED,STOPPED,0.0
67.85,P,1.4299250745413599,1.469212728323485,1.5371340842153665,0.5778880899435906,0.8974569147190984,0.07745691471909844,-0.014007131239926585,0.0,0.0,0.45,-0.0503623196541357,0.0,0.0,0.0,0.0,0.0,0.0,0.0,0.0,0.0,0.0,0.0,0.0,74.55167429939227,SETTLED,STOPPED,0.0
67.9,P,1.4299250745413599,1.469212728323485,1.537174026490416,0.5775982951896362,0.8977490644597357,0.07774906445973573,-0.014000174618165717,0.0,0.0,0.45,-0.03799715047142169,0.0,0.0,0.0,0.0,0.0,0.0,0.0,0.0,0.0,0.0,0.0,0.0,74.55167429939227,SETTLED,STOPPED,0.0
67.95,P,1.4299250745413599,1.469212728323485,1.5372127200192154,0.577312392038756,0.8980415553117603,0.07804155531176038,-0.014002544960702412,0.0,0.0,0.45,-0.028350817618800376,0.0,0.0,0.0,0.0,0.0,0.0,0.0,0.0,0.0,0.0,0.0,0.0,74.55167429939227,SETTLED,STOPPED,0.0
68.0,P,1.4273998567575075,1.4717379461073374,1.5372523834448253,0.5770228677355351,0.8983300333045728,0.07833003330457289,-0.013996865586496599,0.0,0.0,0.45,-0.020844334574289185,0.0,0.0,0.0,0.0,0.0,0.0,0.0,0.0,0.0,0.0,0.0,0.0,74.55167429939227,SETTLED,STOPPED,0.0
68.05,P,1.4061169078981242,1.4930208949667205,1.5372926944150103,0.5767328241954057,0.9014336631641,0.08143366316410006,-0.011551624688050044,0.0,0.0,0.45,-0.0026026095860252497,0.0,0.0,0.0,0.0,0.0,0.0,0.0,0.0,0.0,0.0,0.0,0.0,74.55167429939227,SETTLED,STOPPED,0.0
68.1,P,1.4089005935547256,1.4902372093101193,1.5373339158694852,0.576443969557776,0.9256300101045458,0.10563001010454587,0.008471528830361175,0.0,0.0,0.45,0.10443389106086794,0.0,0.0,0.0,0.0,0.0,0.0,0.0,0.0,0.0,0.0,0.0,0.0,74.55167429939227,SETTLED,STOPPED,0.0
68.15,P,1.4102812476502973,1.4888565552145476,1.5373730189226558,0.5761557242064801,0.9227747305263027,0.1027747305263027,0.005911269549791598,0.0,0.0,0.45,0.06889520488320636,0.0,0.0,0.0,0.0,0.0,0.0,0.0,0.0,0.0,0.0,0.0,0.0,74.55167429939227,SETTLED,STOPPED,0.0
68.2,P,1.4170788404787533,1.4820589623860916,1.5374142140144298,0.5758657332181836,0.9215069860006285,0.10150698600062857,0.0046334108209937774,0.0,0.0,0.45,0.048160183895934475,0.0,0.0,0.0,0.0,0.0,0.0,0.0,0.0,0.0,0.0,0.0,0.0,74.55167429939227,SETTLED,STOPPED,0.0
68.25,P,1.4202491795693264,1.4788886232955185,1.537454611548092,0.5755779546403185,0.9141481120221884,0.09414811202218842,-0.0017046438692902566,0.0,0.0,0.45,0.005185897933690391,0.0,0.0,0.0,0.0,0.0,0.0,0.0,0.0,0.0,0.0,0.0,0.0,74.55167429939227,SETTLED,STOPPED,0.0
68.3,P,1.4061452015317633,1.4929926013330814,1.5374955247749877,0.5752864585002107,0.910882691344848,0.09088269134484805,-0.004690432891350849,0.0,0.0,0.45,-0.010322850592019938,0.0,0.0,0.0,0.0,0.0,0.0,0.0,0.0,0.0,0.0,0.0,0.0,74.55167429939227,SETTLED,STOPPED,0.0
68.35,P,1.4208795507421055,1.4782582521227392,1.5375359983321233,0.5749947290702924,0.9270585051706742,0.10705850517067428,0.00843819800724388,0.0,0.0,0.45,0.06312175737186389,0.0,0.0,0.0,0.0,0.0,0.0,0.0,0.0,0.0,0.0,0.0,0.0,74.55167429939227,SETTLED,STOPPED,0.0
68.4,P,1.4280881465260518,1.4710496563387931,1.537575972769469,0.5747034771889518,0.9107654576461718,0.09076545764617183,-0.005293296598974928,0.0,0.0,0.45,-0.022454438357761015,0.0,0.0,0.0,0.0,0.0,0.0,0.0,0.0,0.0,0.0,0.0,0.0,74.55167429939227,SETTLED,STOPPED,0.0
68.45,P,1.4299250745413599,1.469212728323485,1.5376175186391798,0.5744144681208894,0.9030083371553267,0.08300833715532674,-0.012189026416943971,0.0,0.0,0.45,-0.05164579207877394,0.0,0.0,0.0,0.0,0.0,0.0,0.0,0.0,0.0,0.0,0.0,0.0,74.55167429939227,SETTLED,STOPPED,0.0
68.5,P,1.4299250745413599,1.469212728323485,1.5376579632008982,0.574126623294637,0.9012555625222816,0.08125556252228161,-0.013965112920958811,0.0,0.0,0.45,-0.047995926206842676,0.0,0.0,0.0,0.0,0.0,0.0,0.0,0.0,0.0,0.0,0.0,0.0,74.55167429939227,SETTLED,STOPPED,0.0
68.55,P,1.4299250745413599,1.469212728323485,1.537698061469165,0.5738363330789419,0.90154617780491,0.08154617780491002,-0.013956128294965842,0.0,0.0,0.45,-0.03615811519777219,0.0,0.0,0.0,0.0,0.0,0.0,0.0,0.0,0.0,0.0,0.0,0.0,74.55167429939227,SETTLED,STOPPED,0.0
68.6,P,1.4287477570739888,1.470390045790856,1.5377405196992866,0.5735457693656614,0.9018391796060167,0.08183917960601672,-0.013952817676035734,0.0,0.0,0.45,-0.026914121929392774,0.0,0.0,0.0,0.0,0.0,0.0,0.0,0.0,0.0,0.0,0.0,0.0,74.55167429939227,SETTLED,STOPPED,0.0
68.65,P,1.4189248576004274,1.4802129452644175,1.5377789393454895,0.5732595100789482,0.903442902712355,0.083442902712355,-0.01280546872160282,0.0,0.0,0.45,-0.013936633437037561,0.0,0.0,0.0,0.0,0.0,0.0,0.0,0.0,0.0,0.0,0.0,0.0,74.55167429939227,SETTLED,STOPPED,0.0
68.7,P,1.413620368266794,1.4855174345980506,1.5378192426476494,0.5729720439438116,0.9147080552516116,0.09470805525161163,-0.0034396730286454513,0.0,0.0,0.45,0.038696097091842734,0.0,0.0,0.0,0.0,0.0,0.0,0.0,0.0,0.0,0.0,0.0,0.0,74.55167429939227,SETTLED,STOPPED,0.0
68.75,P,1.4063511106570865,1.4927866922077582,1.5378606495187712,0.5726805424890117,0.9209584411914411,0.10095844119144115,0.0015261975892280066,0.0,0.0,0.45,0.05768465386688877,0.0,0.0,0.0,0.0,0.0,0.0,0.0,0.0,0.0,0.0,0.0,0.0,74.55167429939227,SETTLED,STOPPED,0.0
68.8,P,1.4058304015323417,1.4933074013325032,1.5379018749869937,0.5723914265046437,0.9294568766553235,0.10945687665532355,0.008221486764038,0.0,0.0,0.45,0.08238714605725794,0.0,0.0,0.0,0.0,0.0,0.0,0.0,0.0,0.0,0.0,0.0,0.0,74.55167429939227,SETTLED,STOPPED,0.0
68.85,P,1.4108056860330687,1.4883321168317762,1.5379406534620528,0.5720999707973097,0.9303381679763706,0.11033816797637064,0.008693083324891049,0.0,0.0,0.45,0.06813965573726859,0.0,0.0,0.0,0.0,0.0,0.0,0.0,0.0,0.0,0.0,0.0,0.0,74.55167429939227,SETTLED,STOPPED,0.0
68.9,P,1.413034452763105,1.48610335010174,1.5379782631340073,0.5718110238247984,0.9250106190580154,0.10501061905801545,0.00411958654234823,0.0,0.0,0.45,0.029707716234305355,0.0,0.0,0.0,0.0,0.0,0.0,0.0,0.0,0.0,0.0,0.0,0.0,74.55167429939227,SETTLED,STOPPED,0.0
68.95,P,1.419583052412146,1.479554750452699,1.5380181240237407,0.5715209484171233,0.9227900160052132,0.1027900160052132,0.0020441906653745345,0.0,0.0,0.45,0.01340136523042772,0.0,0.0,0.0,0.0,0.0,0.0,0.0,0.0,0.0,0.0,0.0,0.0,74.55167429939227,SETTLED,STOPPED,0.0
69.0,P,1.4276387748025265,1.4714990280623184,1.5380564339715577,0.5712387192717561,0.9157249870058294,0.09572498700582943,-0.004081183639498498,0.0,0.0,0.45,-0.020633062717556737,0.0,0.0,0.0,0.0,0.0,0.0,0.0,0.0,0.0,0.0,0.0,0.0,74.55167429939227,SETTLED,STOPPED,0.0
69.05,P,1.4299250745413599,1.469212728323485,1.538099106413077,0.5709507238905306,0.9070064404622753,0.08700644046227535,-0.011728385385491702,0.0,0.0,0.45,-0.054455393711334406,0.0,0.0,0.0,0.0,0.0,0.0,0.0,0.0,0.0,0.0,0.0,0.0,74.55167429939227,SETTLED,STOPPED,0.0
69.1,P,1.4299250745413599,1.469212728323485,1.5381402866257898,0.5706618773173967,0.9047520377314949,0.08475203773149498,-0.013921397100550958,0.0,0.0,0.45,-0.05239457911027502,0.0,0.0,0.0,0.0,0.0,0.0,0.0,0.0,0.0,0.0,0.0,0.0,74.55167429939227,SETTLED,STOPPED,0.0
69.15,P,1.4299250745413599,1.469212728323485,1.5381802967096636,0.5703752358304796,0.905043735943321,0.08504373594332104,-0.013919161704916139,0.0,0.0,0.45,-0.03958429957397977,0.0,0.0,0.0,0.0,0.0,0.0,0.0,0.0,0.0,0.0,0.0,0.0,74.55167429939227,SETTLED,STOPPED,0.0
69.2,P,1.4299250745413599,1.469212728323485,1.5382182566311924,0.5700929103628686,0.9053331050159508,0.08533310501595082,-0.013926313167348381,0.0,0.0,0.45,-0.029602529748133138,0.0,0.0,0.0,0.0,0.0,0.0,0.0,0.0,0.0,0.0,0.0,0.0,74.55167429939227,SETTLED,STOPPED,0.0
69.25,P,1.4299250745413599,1.469212728323485,1.5382587705956134,0.5698047714312222,0.9056179439127041,0.08561794391270416,-0.013915211704376595,0.0,0.0,0.45,-0.021836682057829047,0.0,0.0,0.0,0.0,0.0,0.0,0.0,0.0,0.0,0.0,0.0,0.0,74.55167429939227,SETTLED,STOPPED,0.0
69.3,P,1.410319660539553,1.488818142325292,1.5382994991388967,0.5695178291120006,0.9059088599974557,0.08590885999745579,-0.013912898457432377,0.0,0.0,0.45,-0.015752581232199435,0.0,0.0,0.0,0.0,0.0,0.0,0.0,0.0,0.0,0.0,0.0,0.0,74.55167429939227,SETTLED,STOPPED,0.0
69.35,P,1.4079307275605497,1.4912070753042952,1.5383407557714428,0.5692258956896896,0.9281658822441007,0.10816588224410073,0.004538717858894703,0.0,0.0,0.45,0.08564388452412774,0.0,0.0,0.0,0.0,0.0,0.0,0.0,0.0,0.0,0.0,0.0,0.0,74.55167429939227,SETTLED,STOPPED,0.0
69.4,P,1.4102812476502973,1.4888565552145476,1.5383791812810688,0.5689357269229216,0.9311584564516963,0.11115845645169631,0.006723672680697845,0.0,0.0,0.45,0.07996955644224092,0.0,0.0,0.0,0.0,0.0,0.0,0.0,0.0,0.0,0.0,0.0,0.0,74.55167429939227,SETTLED,STOPPED,0.0
69.45,P,1.414492531160951,1.4846452717038938,1.5384205137580573,0.5686431704640613,0.9287967543683735,0.10879675436837355,0.0045667969849252366,0.0,0.0,0.45,0.05198476485832719,0.0,0.0,0.0,0.0,0.0,0.0,0.0,0.0,0.0,0.0,0.0,0.0,74.55167429939227,SETTLED,STOPPED,0.0
69.5,P,1.4238053548813046,1.4753324479835404,1.53845814108533,0.5683568480407682,0.9243473342561102,0.1043473342561102,0.0006784605039127367,0.0,0.0,0.45,0.020970668095535373,0.0,0.0,0.0,0.0,0.0,0.0,0.0,0.0,0.0,0.0,0.0,0.0,74.55167429939227,SETTLED,STOPPED,0.0
69.55,P,1.4057967058464418,1.4933410970184031,1.5384993776592335,0.5680661720117015,0.9141936339068968,0.09419363390689683,-0.008056160048200312,0.0,0.0,0.45,-0.028319160422023766,0.0,0.0,0.0,0.0,0.0,0.0,0.0,0.0,0.0,0.0,0.0,0.0,74.55167429939227,SETTLED,STOPPED,0.0
69.6,P,1.417969952759578,1.4811678501052667,1.538540284381968,0.567776234335932,0.9347425773721934,0.1147425773721934,0.008646554181860333,0.0,0.0,0.45,0.06832640611813148,0.0,0.0,0.0,0.0,0.0,0.0,0.0,0.0,0.0,0.0,0.0,0.0,74.55167429939227,SETTLED,STOPPED,0.0
69.65,P,1.4267949918671505,1.4723428109976944,1.5385804748725869,0.5674867732267156,0.9213150647988173,0.10131506479881736,-0.0025605547281446484,0.0,0.0,0.45,-0.005786458550715391,0.0,0.0,0.0,0.0,0.0,0.0,0.0,0.0,0.0,0.0,0.0,0.0,74.55167429939227,SETTLED,STOPPED,0.0
69.7,P,1.4299250745413599,1.469212728323485,1.5386213297588722,0.5671956958505027,0.9117348536177355,0.09173485361773559,-0.010893340601251245,0.0,0.0,0.45,-0.04666636686632017,0.0,0.0,0.0,0.0,0.0,0.0,0.0,0.0,0.0,0.0,0.0,0.0,74.55167429939227,SETTLED,STOPPED,0.0
69.75,P,1.4299250745413599,1.469212728323485,1.538661356072475,0.5669049558423931,0.9085425706975297,0.0885425706975298,-0.013888047236714884,0.0,0.0,0.45,-0.050445811004636014,0.0,0.0,0.0,0.0,0.0,0.0,0.0,0.0,0.0,0.0,0.0,0.0,74.55167429939227,SETTLED,STOPPED,0.0
69.8,P,1.4299250745413599,1.469212728323485,1.5387018612855807,0.5666165724035597,0.9088360111708844,0.08883601117088447,-0.013886620868264421,0.0,0.0,0.45,-0.03805659450085548,0.0,0.0,0.0,0.0,0.0,0.0,0.0,0.0,0.0,0.0,0.0,0.0,74.55167429939227,SETTLED,STOPPED,0.0
69.85,P,1.4299250745413599,1.469212728323485,1.5387423594640623,0.5663247830920177,0.9091271693310149,0.08912716933101494,-0.013886294038338631,0.0,0.0,0.45,-0.0284030478060931,0.0,0.0,0.0,0.0,0.0,0.0,0.0,0.0,0.0,0.0,0.0,0.0,74.55167429939227,SETTLED,STOPPED,0.0
69.9,P,1.420864589588779,1.4782732132760659,1.5387827175944653,0.5660327311278537,0.9094217080883047,0.08942170808830474,-0.013885198310859659,0.0,0.0,0.45,-0.020858406756677435,0.0,0.0,0.0,0.0,0.0,0.0,0.0,0.0,0.0,0.0,0.0,0.0,74.55167429939227,SETTLED,STOPPED,0.0
69.95,P,1.41459023426097,1.484547568603875,1.5388223565010803,0.5657416389360448,0.9198300833210273,0.09983008332102739,-0.0052859326046201804,0.0,0.0,0.45,0.029527293753773838,0.0,0.0,0.0,0.0,0.0,0.0,0.0,0.0,0.0,0.0,0.0,0.0,74.55167429939227,SETTLED,STOPPED,0.0
70.0,P,1.407967553980713,1.4911702488841319,1.5388635638340598,0.5654521783783727,0.9271666282761947,0.10716662827619472,0.0005557367222313037,0.0,0.0,0.45,0.05531208693068171,0.0,0.0,0.0,0.0,0.0,0.0,0.0,0.0,0.0,0.0,0.0,0.0,74.55167429939227,SETTLED,STOPPED,0.0
70.05,P,1.4045372468734405,1.4946005559914042,1.5389029789323638,0.5651615774656229,0.9349265807839849,0.11492658078398499,0.006622613206967332,0.0,0.0,0.45,0.07728721884021086,0.0,0.0,0.0,0.0,0.0,0.0,0.0,0.0,0.0,0.0,0.0,0.0,74.55167429939227,SETTLED,STOPPED,0.0
70.1,P,1.4104823973683434,1.4886554054965015,1.5389429669470724,0.5648693176758018,0.9391011472438835,0.11910114724388354,0.009723084170156326,0.0,0.0,0.45,0.07865212311891916,0.0,0.0,0.0,0.0,0.0,0.0,0.0,0.0,0.0,0.0,0.0,0.0,74.55167429939227,SETTLED,STOPPED,0.0
70.15,P,1.4121195472806036,1.4870182555842413,1.5389817430208352,0.5645804178945302,0.932675106340662,0.11267510634066202,0.0043191964186364284,0.0,0.0,0.45,0.03307407605858065,0.0,0.0,0.0,0.0,0.0,0.0,0.0,0.0,0.0,0.0,0.0,0.0,74.55167429939227,SETTLED,STOPPED,0.0
70.2,P,1.4182898977532448,1.4808479051116001,1.5390242302198431,0.5642910094894485,0.9311206050290707,0.11112060502907073,0.0028153534802650704,0.0,0.0,0.45,0.018957973554690824,0.0,0.0,0.0,0.0,0.0,0.0,0.0,0.0,0.0,0.0,0.0,0.0,74.55167429939227,SETTLED,STOPPED,0.0
70.25,P,1.4260223314789,1.473115471385945,1.539065521797347,0.5640034285095609,0.9244746194183325,0.10447461941833258,-0.0028822229476965777,0.0,0.0,0.45,-0.014455117314590668,0.0,0.0,0.0,0.0,0.0,0.0,0.0,0.0,0.0,0.0,0.0,0.0,74.55167429939227,SETTLED,STOPPED,0.0
70.3,P,1.4299250745413599,1.469212728323485,1.5391081242292204,0.5637142778928058,0.9161132404786239,0.09611324047862391,-0.010144824156437027,0.0,0.0,0.45,-0.048065058840100976,0.0,0.0,0.0,0.0,0.0,0.0,0.0,0.0,0.0,0.0,0.0,0.0,74.55167429939227,SETTLED,STOPPED,0.0
70.35,P,1.4299250745413599,1.469212728323485,1.5391478526357416,0.5634238551896006,0.9120572252175316,0.09205722521753168,-0.013862335374166035,0.0,0.0,0.45,-0.05533721304408558,0.0,0.0,0.0,0.0,0.0,0.0,0.0,0.0,0.0,0.0,0.0,0.0,74.55167429939227,SETTLED,STOPPED,0.0
70.4,P,1.4299250745413599,1.469212728323485,1.5391889394701699,0.5631333030386145,0.9123503153656531,0.09235031536565319,-0.013858228296011577,0.0,0.0,0.45,-0.041873429522652036,0.0,0.0,0.0,0.0,0.0,0.0,0.0,0.0,0.0,0.0,0.0,0.0,74.55167429939227,SETTLED,STOPPED,0.0
70.45,P,1.4299250745413599,1.469212728323485,1.539226319156612,0.5628580437754038,0.9126436966876736,0.0926436966876737,-0.013858938811409427,0.0,0.0,0.45,-0.0313703972107783,0.0,0.0,0.0,0.0,0.0,0.0,0.0,0.0,0.0,0.0,0.0,0.0,74.55167429939227,SETTLED,STOPPED,0.0
70.5,P,1.4299250745413599,1.469212728323485,1.539266206125599,0.5625688174715343,0.912921451318072,0.09292145131807206,-0.013840742495891067,0.0,0.0,0.45,-0.023246789450654205,0.0,0.0,0.0,0.0,0.0,0.0,0.0,0.0,0.0,0.0,0.0,0.0,74.55167429939227,SETTLED,STOPPED,0.0
70.55,P,1.4145224131809817,1.4846153896838632,1.5393072966429378,0.5622798006676524,0.9132133727344568,0.09321337273445685,-0.013838429125848428,0.0,0.0,0.45,-0.01684804153941714,0.0,0.0,0.0,0.0,0.0,0.0,0.0,0.0,0.0,0.0,0.0,0.0,74.55167429939227,SETTLED,STOPPED,0.0
70.6,P,1.4069608615663738,1.492176941298471,1.5393494754380792,0.5619877320653235,0.9307385271420189,0.11073852714201893,0.0006160067787726042,0.0,0.0,0.45,0.06396920699253218,0.0,0.0,0.0,0.0,0.0,0.0,0.0,0.0,0.0,0.0,0.0,0.0,74.55167429939227,SETTLED,STOPPED,0.0
70.65,P,1.4102812476502973,1.4888565552145476,1.5393898681394533,0.5616977496672237,0.9395630420874693,0.11956304208746937,0.007510678028222362,0.0,0.0,0.45,0.08872384721415927,0.0,0.0,0.0,0.0,0.0,0.0,0.0,0.0,0.0,0.0,0.0,0.0,74.55167429939227,SETTLED,STOPPED,0.0
70.7,P,1.4119062218431488,1.487231581021696,1.539430229635213,0.5614065913752049,0.9361049549001187,0.11610495490011874,0.004495722277618963,0.0,0.0,0.45,0.05398901720270058,0.0,0.0,0.0,0.0,0.0,0.0,0.0,0.0,0.0,0.0,0.0,0.0,74.55167429939227,SETTLED,STOPPED,0.0
70.75,P,1.4250034211412308,1.474134381723614,1.5394706783232475,0.5611188593139426,0.9345663614839108,0.11456636148391086,0.0030100323289286024,0.0,0.0,0.45,0.03534162238679141,0.0,0.0,0.0,0.0,0.0,0.0,0.0,0.0,0.0,0.0,0.0,0.0,74.55167429939227,SETTLED,STOPPED,0.0
70.8,P,1.40935288115842,1.489784921706425,1.5395108946624412,0.5608296780693857,0.9201630818109252,0.10016308181092526,-0.009150375331325789,0.0,0.0,0.45,-0.03580796509944295,0.0,0.0,0.0,0.0,0.0,0.0,0.0,0.0,0.0,0.0,0.0,0.0,74.55167429939227,SETTLED,STOPPED,0.0
70.85,P,1.4150603547770504,1.4840774480877943,1.5395506222240054,0.5605409097813949,0.9380292922718693,0.11802929227186931,0.005333785591512097,0.0,0.0,0.45,0.050681113250592796,0.0,0.0,0.0,0.0,0.0,0.0,0.0,0.0,0.0,0.0,0.0,0.0,74.55167429939227,SETTLED,STOPPED,0.0
70.9,P,1.4255018372082495,1.4736359656565954,1.5395902211467116,0.5602512092641936,0.931889244640146,0.11188924464014605,0.00011015858264729061,0.0,0.0,0.45,0.012515058755878473,0.0,0.0,0.0,0.0,0.0,0.0,0.0,0.0,0.0,0.0,0.0,0.0,74.55167429939227,SETTLED,STOPPED,0.0
70.95,P,1.4299250745413599,1.469212728323485,1.539629840352355,0.5599597900117178,0.9204824129551292,0.10048241295512927,-0.009618339774161155,0.0,0.0,0.45,-0.04042831358449144,0.0,0.0,0.0,0.0,0.0,0.0,0.0,0.0,0.0,0.0,0.0,0.0,74.55167429939227,SETTLED,STOPPED,0.0
71.0,P,1.4299250745413599,1.469212728323485,1.5396668111735616,0.5596732901560071,0.9158471714594241,0.09584717145942412,-0.013816761184517468,0.0,0.0,0.45,-0.05192914717700717,0.0,0.0,0.0,0.0,0.0,0.0,0.0,0.0,0.0,0.0,0.0,0.0,74.55167429939227,SETTLED,STOPPED,0.0
71.05,P,1.4299250745413599,1.469212728323485,1.53970691675274,0.5593859527396823,0.916136037027833,0.09613603702783302,-0.013824402055007123,0.0,0.0,0.45,-0.03923372629706635,0.0,0.0,0.0,0.0,0.0,0.0,0.0,0.0,0.0,0.0,0.0,0.0,74.55167429939227,SETTLED,STOPPED,0.0
71.1,P,1.4299250745413599,1.469212728323485,1.5397476264031942,0.5590959980983045,0.9164261096501691,0.09642610965016918,-0.013823400077526138,0.0,0.0,0.45,-0.02932598697343259,0.0,0.0,0.0,0.0,0.0,0.0,0.0,0.0,0.0,0.0,0.0,0.0,74.55167429939227,SETTLED,STOPPED,0.0
71.15,P,1.4228043215771309,1.476333481287714,1.5397893096563546,0.5588064020308041,0.9167188530477703,0.09671885304777039,-0.013819434915890438,0.0,0.0,0.45,-0.021586198889832008,0.0,0.0,0.0,0.0,0.0,0.0,0.0,0.0,0.0,0.0,0.0,0.0,74.55167429939227,SETTLED,STOPPED,0.0
71.2,P,1.415560100255146,1.483577702609699,1.5398285175697086,0.5585163462048149,0.9249548251701875,0.1049548251701875,-0.007093328097701912,0.0,0.0,0.45,0.019401042204568387,0.0,0.0,0.0,0.0,0.0,0.0,0.0,0.0,0.0,0.0,0.0,0.0,74.55167429939227,SETTLED,STOPPED,0.0
71.25,P,1.4095839973043394,1.4895538055605053,1.5398700559801142,0.5582275485007473,0.933370854835049,0.11337085483504905,-0.0003802921547051419,0.0,0.0,0.45,0.05216334344495625,0.0,0.0,0.0,0.0,0.0,0.0,0.0,0.0,0.0,0.0,0.0,0.0,74.55167429939227,SETTLED,STOPPED,0.0
71.3,P,1.4032440922145395,1.4958937106503054,1.539860470684395,0.5583129990539468,0.9403951585233762,0.12039515852337623,0.005068283617253533,0.007584797568690276,0.0006842182883291881,0.45,0.07159434411570724,0.007471559441971795,0.007698035695408757,0.0766313788920184,0.07895421226060263,0.0766313788920184,0.07895421226060263,0.0766313788920184,0.07895421226060263,0.019846011299962166,0.020448679579702467,6.741427191611768e-06,0.04030143230685625,74.55368937100762,FOLLOWING,STOPPED,0.0
71.35,P,1.4097926918635804,1.4893451110012643,1.5398055994197932,0.5587403470626621,0.9474817283851721,0.12748172838517213,0.010728156319714133,0.014477964648708786,0.002064097562657599,0.45,0.08702449580215538,0.014136356502088953,0.014819572795328619,0.14498827181629695,0.15199561841362685,0.14498827181629695,0.15199561841362685,0.06835689292427855,0.07304140615302422,0.035995332796525954,0.037741393491457685,4.1014158435405655e-05,0.07377774044641905,74.55737825802994,FOLLOWING,STOPPED,0.0
71.4,P,1.4117962586158783,1.4873415442489666,1.5397138632138279,0.5594314788341571,0.9396427953198183,0.11964279531981836,0.004739030472083572,0.01984368141662087,0.0024974569201230965,0.45,0.03338780123812264,0.0194303522963405,0.020257010536901245,0.19928566457785127,0.20776421063488457,0.19928566457785127,0.20776421063488457,0.05429739276155432,0.05576859222125771,0.044643313446795785,0.046553218437414945,1.5585067097314088e-05,0.09121211695130804,74.5619388638775,FOLLOWING,STOPPED,0.0
71.45,P,1.4169967430943435,1.4821410597705011,1.539591702917369,0.5603421762619708,0.9366856479439585,0.11668564794395853,0.0027913233803102955,0.02421829638624503,0.0026245398844526695,0.45,0.013031036511951644,0.023783935035368114,0.024652657737121945,0.24393779523454476,0.25284777166278916,0.24393779523454476,0.25284777166278916,0.04465213065669349,0.04508356102790459,0.0508220600471575,0.052691883926123444,4.802894042651409e-06,0.10351874686732361,74.56711480122087,FOLLOWING,STOPPED,0.0
71.5,P,1.4244058881552737,1.4747319147095712,1.5394447815525087,0.5614283883306838,0.9299154293867707,0.10991542938677079,-0.002113429191404226,0.027510208514869353,0.0020767729551678634,0.45,-0.019624753172305442,0.027166502590789073,0.027853914438949634,0.27863079580296485,0.28568117373281676,0.27863079580296485,0.28568117373281676,0.03469300056842009,0.032833402070027606,0.05325482134552654,0.05461444800993752,1.6381260640427004e-05,0.10788565061610449,74.57250908375167,FOLLOWING,STOPPED,0.0
71.55,P,1.4299250745413599,1.469212728323485,1.539285826228891,0.5626112038289329,0.9205201129199576,0.10052011291995766,-0.00912666754427982,0.029716180606150697,0.0006369955411733828,0.45,-0.05664669992837837,0.029610757844086504,0.02982160336821489,0.30370008045216923,0.30586259864835785,0.30370008045216923,0.30586259864835785,0.025069284649204382,0.02018142491554109,0.052786346806869555,0.053166184374357744,1.320669781915219e-05,0.10596573787904645,74.57780737064562,FOLLOWING,STOPPED,0.0
71.6,P,1.4299250745413599,1.469212728323485,1.5391174548059037,0.5638646789108785,0.9131736407855342,0.09317364078553425,-0.014415208705842675,0.031128083013736714,-0.0013727571882326025,0.45,-0.07650890333559998,0.03135527432838921,0.030900891699084217,0.3215925572142483,0.31693222255470993,0.3215925572142483,0.31693222255470993,0.017892476762079057,0.011069623906352077,0.0518225616038164,0.051062716739650266,3.972819608441734e-05,0.10292500653955108,74.58295362097259,FOLLOWING,STOPPED,0.0
71.65,P,1.4299250745413599,1.469212728323485,1.5389423510329054,0.5651717169138172,0.9119090231393964,0.09190902313939642,-0.014368704171076496,0.03224854130131468,-0.003175256532504567,0.45,-0.06524126224477476,0.032774046257444185,0.031723036345185175,0.3361440641789147,0.32536447533523255,0.3361440641789147,0.32536447533523255,0.014551506964666394,0.00843225278052262,0.05262074378991031,0.05091223906583707,8.241692857538513e-05,0.10361539978432277,74.5881343909618,FOLLOWING,STOPPED,0.0
71.7,P,1.4299250745413599,1.469212728323485,1.5387613148876418,0.5665221144896989,0.9105904221351383,0.09059042213513835,-0.014229384292489877,0.03311787892698796,-0.0047786977587401525,0.45,-0.05669002896966015,0.03390875340605946,0.03232700444791647,0.34778208621599443,0.3315590199786304,0.34778208621599443,0.3315590199786304,0.011638022037079754,0.006194544643397859,0.05306186464940815,0.05055440294261888,0.00011033799831480944,0.10372660559034183,74.59332072124131,FOLLOWING,STOPPED,0.0
71.75,P,1.4299250745413599,1.469212728323485,1.5385770759899835,0.5679048216674675,0.9092280635331992,0.08922806353319923,-0.014019174136481238,0.03377101269549268,-0.006193416491291024,0.45,-0.050212600444867375,0.034796023124801345,0.032746002266184016,0.356882288459501,0.3358564334993232,0.356882288459501,0.3358564334993232,0.00910020224350655,0.004297413520692794,0.053228487704177645,0.0500501412136853,0.00012617196953355935,0.1034048008873965,74.59849096128568,FOLLOWING,STOPPED,0.0
71.8,P,1.4187251658224103,1.4804126370424346,1.5383904811133977,0.5693133383503088,0.9078332446101784,0.0878332446101785,-0.013732527409850537,0.034238333450232944,-0.007427966042491674,0.45,-0.04530303160828814,0.03546766183026532,0.03300900507020057,0.36377089056682377,0.33855389815590325,0.36377089056682377,0.33855389815590325,0.006888602107322783,0.002697464656580051,0.05318353991905396,0.04944557542185445,0.0001320507668749289,0.10276116610778334,74.60362901959107,FOLLOWING,STOPPED,0.0
71.85,P,1.405990995572198,1.4931468072926468,1.538197877356992,0.5707728347060328,0.9189242187258833,0.0989242187258833,-0.0027407451426393337,0.0353347858051881,-0.007055170032498837,0.45,0.013463921454639184,0.036502416445566656,0.03416715516480954,0.37438375841606825,0.3504323606647132,0.37438375841606825,0.3504323606647132,0.010612867849244478,0.011878462508809973,0.05854818369328186,0.05475217279466459,3.7874005026289135e-05,0.11333823049297274,74.60929593111571,FOLLOWING,STOPPED,0.0
71.9,P,1.4102812476502973,1.4888565552145476,1.5379936797686184,0.5723222168302847,0.9318006250783857,0.11180062507838573,0.009376497032098419,0.03707769769161166,-0.005083825929915779,0.45,0.06715804668563244,0.03791907088301272,0.036236324500210595,0.38891354751807916,0.3716546102585702,0.38891354751807916,0.3716546102585702,0.014529789102010915,0.02122224959385699,0.06489900561596017,0.06198047611038764,0.00014431637182318375,0.127023798098171,74.61564712102061,FOLLOWING,STOPPED,0.0
71.95,P,1.4102812476502973,1.4888565552145476,1.5377810712134599,0.5739233637118809,0.9253894632829225,0.10538946328292254,0.005715891136349072,0.03815547076347986,-0.003803798033517149,0.45,0.024174164514753644,0.03878499933802695,0.03752594218893277,0.39779486500540456,0.3848814583480284,0.39779486500540456,0.3848814583480284,0.008881317487325402,0.013226848089458176,0.06214567920101312,0.060098455734359804,7.01131333704261e-05,0.12231424806874334,74.62176283342406,FOLLOWING,STOPPED,0.0
72.0,P,1.4224171118234286,1.4767206910414163,1.53756251990907,0.5755700378582757,0.9237742959846269,0.10377429598462695,0.005913675784158023,0.03896981647812422,-0.0026250719993041677,0.45,0.011749112209006872,0.039404265894009055,0.03853536706223938,0.4041463168616313,0.39523453397168595,0.4041463168616313,0.39523453397168595,0.006351451856226764,0.01035307562365756,0.061440612410676276,0.06006465922804635,4.455706618459467e-05,0.12154982870490723,74.6278403248593,FOLLOWING,STOPPED,0.0
72.05,P,1.412909056470398,1.4862287463944468,1.537346125708223,0.5772094684650423,0.9084772780513611,0.08847727805136119,-0.005352723803048187,0.038949907665579486,-0.00308518251278523,0.45,-0.05814257138334784,0.039460505371445444,0.03843930995971353,0.40472313201482507,0.39424933292013875,0.40472313201482507,0.39424933292013875,0.0005768151531937438,-0.000985201051547202,0.05635713834927044,0.054873900530342364,2.0441158706023024e-05,0.11125148003831882,74.63340289886122,FOLLOWING,STOPPED,0.0
72.1,P,1.4121507567945228,1.4869870460703218,1.5371267175839056,0.5788621065528916,0.9174969383315648,0.09749693833156481,0.0037578448732682457,0.03924968526170018,-0.0022693552036155405,0.45,-0.005664700446113113,0.039625263547898554,0.03887410697550181,0.40641295946562617,0.39870878949232624,0.40641295946562617,0.39870878949232624,0.0016898274508010958,0.004459456572187492,0.058426394360374015,0.05730040370478828,2.666018807015047e-05,0.11575345825323245,74.63919057177388,FOLLOWING,STOPPED,0.0
72.15,P,1.4242086825493483,1.4749291203154966,1.536907141980278,0.5805254041275377,0.9166841858288849,0.09668418582888494,0.004576569564827659,0.03945327239072621,-0.0014245827920023003,0.45,-0.007994577359759858,0.03968904084280259,0.03921750393864983,0.40706708556720606,0.4022308096271778,0.40706708556720606,0.4022308096271778,0.0006541261015798883,0.0035220201348515334,0.05789210820286898,0.05719263280007192,1.7329654666693072e-05,0.1151020706576076,74.64494567530676,FOLLOWING,STOPPED,0.0
72.2,P,1.4299250745413599,1.469212728323485,1.5366886654969616,0.5821896473645359,0.9014759843106946,0.0814759843106947,-0.006774097244464761,0.03939569680534398,-0.002196627640804769,0.45,-0.07315185702065358,0.03975923867989717,0.03903215493079079,0.4077870633835607,0.4003297941619568,0.4077870633835607,0.4003297941619568,0.0007199778163546333,-0.0019010154652209788,0.05703838752405624,0.05597740493053325,2.442088878941575e-05,0.1130402133433789,74.65059768597392,FOLLOWING,STOPPED,0.0
72.25,P,1.4299250745413599,1.469212728323485,1.536729454335498,0.5818994309066033,0.8934251006702473,0.07342510067024732,-0.012222213393482395,0.0,0.0,0.45,-0.09248233649408025,0.0,0.0,0.0,0.0,0.0,0.0,-0.4077870633835607,-0.4003297941619568,0.0,0.0,0.0,0.0,74.65059768597392,SETTLED,STOPPED,0.0
72.3,P,1.4299250745413599,1.469212728323485,1.5367696559365605,0.5816105520655879,0.8937181117757601,0.07371811177576015,-0.012217929244558778,0.0,0.0,0.45,-0.07084697360112607,0.0,0.0,0.0,0.0,0.0,0.0,0.0,0.0,0.0,0.0,0.0,0.0,74.65059768597392,SETTLED,STOPPED,0.0
72.35,P,1.4299250745413599,1.469212728323485,1.5368087478745254,0.5813195095283131,0.8940097247073271,0.07400972470732714,-0.012215384184344869,0.0,0.0,0.45,-0.053977542509983524,0.0,0.0,0.0,0.0,0.0,0.0,0.0,0.0,0.0,0.0,0.0,0.0,74.65059768597392,SETTLED,STOPPED,0.0
72.4,P,1.4247440535654825,1.4743937492993624,1.5368464901516226,0.5810306047823258,0.8943033532351548,0.0743033532351548,-0.012213692304478885,0.0,0.0,0.45,-0.040810517635345364,0.0,0.0,0.0,0.0,0.0,0.0,0.0,0.0,0.0,0.0,0.0,0.0,74.65059768597392,SETTLED,STOPPED,0.0
72.45,P,1.4165299662493216,1.482607836615523,1.5368862467421134,0.5807414480338513,0.900369182208008,0.08036918220800804,-0.007192573423585813,0.0,0.0,0.45,-0.005142556275013626,0.0,0.0,0.0,0.0,0.0,0.0,0.0,0.0,0.0,0.0,0.0,0.0,74.65059768597392,SETTLED,STOPPED,0.0
72.5,P,1.411200440627966,1.487937362236879,1.5369255458859319,0.5804507510825576,0.909861867047634,0.0898618670476341,0.000643599709988063,0.0,0.0,0.45,0.03775661939984643,0.0,0.0,0.0,0.0,0.0,0.0,0.0,0.0,0.0,0.0,0.0,0.0,74.65059768597392,SETTLED,STOPPED,0.0
72.55,P,1.4030146910666645,1.4961231117981801,1.5369633168703491,0.5801714497069856,0.9161543273469165,0.09615432734691653,0.005638353434794796,0.0,0.0,0.45,0.05713698844872449,0.0,0.0,0.0,0.0,0.0,0.0,0.0,0.0,0.0,0.0,0.0,0.0,74.65059768597392,SETTLED,STOPPED,0.0
72.6,P,1.4084995372046794,1.4906382656601656,1.5370032971670518,0.5798803628336724,0.9256941620439859,0.10569416204398596,0.013187763080404036,0.0,0.0,0.45,0.08654212365711297,0.0,0.0,0.0,0.0,0.0,0.0,0.0,0.0,0.0,0.0,0.0,0.0,74.65059768597392,SETTLED,STOPPED,0.0
72.65,P,1.411472969951153,1.487664832913692,1.5370433087488145,0.5795888433960318,0.9197788722760373,0.09977887227603732,0.008144227646617264,0.0,0.0,0.45,0.04147558147357263,0.0,0.0,0.0,0.0,0.0,0.0,0.0,0.0,0.0,0.0,0.0,0.0,74.65059768597392,SETTLED,STOPPED,0.0
72.7,P,1.4157035884354425,1.4834342144294024,1.5370800137401255,0.5793011676089888,0.9167169207144793,0.09671692071447935,0.005375813658688999,0.0,0.0,0.45,0.018878366678530795,0.0,0.0,0.0,0.0,0.0,0.0,0.0,0.0,0.0,0.0,0.0,0.0,74.65059768597392,SETTLED,STOPPED,0.0
72.75,P,1.4227894448316472,1.4763483580331977,1.5371183713770784,0.5790098468452602,0.9122438286842546,0.09224382868425463,0.0014097403010195908,0.0,0.0,0.45,-0.0049564789237358815,0.0,0.0,0.0,0.0,0.0,0.0,0.0,0.0,0.0,0.0,0.0,0.0,74.65059768597392,SETTLED,STOPPED,0.0
72.8,P,1.4299250745413599,1.469212728323485,1.5371574768899166,0.5787226024518265,0.9045924535977596,0.08459245359775969,-0.005317741959094402,0.0,0.0,0.45,-0.03753210394109363,0.0,0.0,0.0,0.0,0.0,0.0,0.0,0.0,0.0,0.0,0.0,0.0,74.65059768597392,SETTLED,STOPPED,0.0
72.85,P,1.4299250745413599,1.469212728323485,1.5371961022719707,0.5784346095156796,0.8969233258135084,0.07692332581350847,-0.012207723641981305,0.0,0.0,0.45,-0.06301920332476031,0.0,0.0,0.0,0.0,0.0,0.0,0.0,0.0,0.0,0.0,0.0,0.0,74.65059768597392,SETTLED,STOPPED,0.0
72.9,P,1.4299250745413599,1.469212728323485,1.537236142607823,0.5781437986343239,0.897213871012455,0.07721387101245503,-0.01221170273162464,0.0,0.0,0.45,-0.04787657971794813,0.0,0.0,0.0,0.0,0.0,0.0,0.0,0.0,0.0,0.0,0.0,0.0,74.65059768597392,SETTLED,STOPPED,0.0
72.95,P,1.4299250745413599,1.469212728323485,1.5372757057384714,0.5778517055074189,0.8975073831378505,0.07750738313785055,-0.012211000463765442,0.0,0.0,0.45,-0.03605227882825916,0.0,0.0,0.0,0.0,0.0,0.0,0.0,0.0,0.0,0.0,0.0,0.0,74.65059768597392,SETTLED,STOPPED,0.0
73.0,P,1.4299250745413599,1.469212728323485,1.5373141140886002,0.577561282016274,0.8978021112773804,0.07780211127738046,-0.012211803164899004,0.0,0.0,0.45,-0.026823973672110472,0.0,0.0,0.0,0.0,0.0,0.0,0.0,0.0,0.0,0.0,0.0,0.0,74.65059768597392,SETTLED,STOPPED,0.0
73.05,P,1.422927918463839,1.4762098844010059,1.5373523828754663,0.5772732314462677,0.8980950436989507,0.0780950436989507,-0.012215132385128946,0.0,0.0,0.45,-0.01963379680933701,0.0,0.0,0.0,0.0,0.0,0.0,0.0,0.0,0.0,0.0,0.0,0.0,74.65059768597392,SETTLED,STOPPED,0.0
73.1,P,1.4050211295780222,1.4941166732868227,1.537390201616187,0.5769973130405949,0.9061898609460134,0.08618986094601344,-0.005474351349215478,0.0,0.0,0.45,0.020302834375795192,0.0,0.0,0.0,0.0,0.0,0.0,0.0,0.0,0.0,0.0,0.0,0.0,74.65059768597392,SETTLED,STOPPED,0.0
73.15,P,1.409932579314803,1.489205223550042,1.5374291797065134,0.5767070836607976,0.9266226266235329,0.10662262662353295,0.011241505222020276,0.0,0.0,0.45,0.10574037979421118,0.0,0.0,0.0,0.0,0.0,0.0,0.0,0.0,0.0,0.0,0.0,0.0,74.65059768597392,SETTLED,STOPPED,0.0
73.2,P,1.4102812476502973,1.4888565552145476,1.5374690343461503,0.5764154374184868,0.9213621646305943,0.10136216463059433,0.006718808177427871,0.0,0.0,0.45,0.0593314634705535,0.0,0.0,0.0,0.0,0.0,0.0,0.0,0.0,0.0,0.0,0.0,0.0,74.65059768597392,SETTLED,STOPPED,0.0
73.25,P,1.4198308025056263,1.4793070003592186,1.5375098385414077,0.5761254816263321,0.9212630061657283,0.10126300616572836,0.0063936976985916605,0.0,0.0,0.45,0.04584224426162145,0.0,0.0,0.0,0.0,0.0,0.0,0.0,0.0,0.0,0.0,0.0,0.0,74.65059768597392,SETTLED,STOPPED,0.0
73.3,P,1.416465231782376,1.4826725710824686,1.5375499432278565,0.5758355000972278,0.9108156845942839,0.09081568459428391,-0.0025441475396961177,0.0,0.0,0.45,-0.01021126439029349,0.0,0.0,0.0,0.0,0.0,0.0,0.0,0.0,0.0,0.0,0.0,0.0,74.65059768597392,SETTLED,STOPPED,0.0
73.35,P,1.4092411588119953,1.4898966440528496,1.5375899087422484,0.5755441544729194,0.9148852281346146,0.09488522813461464,0.0006244031756799107,0.0,0.0,0.45,0.00994120535302732,0.0,0.0,0.0,0.0,0.0,0.0,0.0,0.0,0.0,0.0,0.0,0.0,74.65059768597392,SETTLED,STOPPED,0.0
73.4,P,1.422915527890447,1.4762222749743976,1.5376306012101775,0.5752528901227633,0.9233167803141428,0.10331678031414282,0.0073414248574488195,0.0,0.0,0.45,0.0448529697652874,0.0,0.0,0.0,0.0,0.0,0.0,0.0,0.0,0.0,0.0,0.0,0.0,74.65059768597392,SETTLED,STOPPED,0.0
73.45,P,1.4294641275394881,1.4696736753253568,1.53767220900852,0.5749620585395914,0.9082430184078948,0.08824301840789484,-0.005484785722112306,0.0,0.0,0.45,-0.03133923597057073,0.0,0.0,0.0,0.0,0.0,0.0,0.0,0.0,0.0,0.0,0.0,0.0,74.65059768597392,SETTLED,STOPPED,0.0
73.5,P,1.4299250745413599,1.469212728323485,1.5377132556131994,0.5746717231901669,0.9012313055518029,0.08123130555180291,-0.011772776362110715,0.0,0.0,0.45,-0.05529614062385138,0.0,0.0,0.0,0.0,0.0,0.0,0.0,0.0,0.0,0.0,0.0,0.0,74.65059768597392,SETTLED,STOPPED,0.0
73.55,P,1.4299250745413599,1.469212728323485,1.537749651546044,0.5743930500312566,0.9010115991726759,0.08101159917267597,-0.0122163831461366,0.0,0.0,0.45,-0.04409769775476267,0.0,0.0,0.0,0.0,0.0,0.0,0.0,0.0,0.0,0.0,0.0,0.0,74.65059768597392,SETTLED,STOPPED,0.0
73.6,P,1.4299250745413599,1.469212728323485,1.5377898445156664,0.5741025716823774,0.901292625103105,0.08129262510310509,-0.012224039454167501,0.0,0.0,0.45,-0.03315969015482671,0.0,0.0,0.0,0.0,0.0,0.0,0.0,0.0,0.0,0.0,0.0,0.0,74.65059768597392,SETTLED,STOPPED,0.0
73.65,P,1.4266837855538341,1.4724540173110108,1.5378295225267247,0.573811886900688,0.901585825711384,0.08158582571138406,-0.012218959285733133,0.0,0.0,0.45,-0.02457447564433727,0.0,0.0,0.0,0.0,0.0,0.0,0.0,0.0,0.0,0.0,0.0,0.0,74.65059768597392,SETTLED,STOPPED,0.0
73.7,P,1.4174998322434975,1.4816379706213474,1.5378710106204807,0.573520454329725,0.9054893999355546,0.0854893999355546,-0.009093594574292707,0.0,0.0,0.45,-0.001992364416231733,0.0,0.0,0.0,0.0,0.0,0.0,0.0,0.0,0.0,0.0,0.0,0.0,74.65059768597392,SETTLED,STOPPED,0.0
73.75,P,1.4125883825067167,1.486549420358128,1.5379112511057016,0.5732279515977224,0.9160603931944272,0.09606039319442727,-0.00037245032379584764,0.0,0.0,0.45,0.044958326094381655,0.0,0.0,0.0,0.0,0.0,0.0,0.0,0.0,0.0,0.0,0.0,0.0,74.65059768597392,SETTLED,STOPPED,0.0
73.8,P,1.404631134390291,1.4945066684745538,1.5379515663308836,0.5729380897419203,0.9218795619236512,0.10187956192365122,0.004204347300648337,0.0,0.0,0.45,0.06067183676220451,0.0,0.0,0.0,0.0,0.0,0.0,0.0,0.0,0.0,0.0,0.0,0.0,74.65059768597392,SETTLED,STOPPED,0.0
73.85,P,1.4072063825457781,1.4919314203190668,1.537992483860894,0.5726459561379336,0.9311621678741638,0.11116216787416389,0.011506171740347071,0.0,0.0,0.45,0.08816749885677758,0.0,0.0,0.0,0.0,0.0,0.0,0.0,0.0,0.0,0.0,0.0,0.0,74.65059768597392,SETTLED,STOPPED,0.0
73.9,P,1.4111496812864277,1.4879881215784172,1.538032192810387,0.5723542702721758,0.928542281725463,0.1085422817254631,0.009157460704678488,0.0,0.0,0.45,0.05724315005400238,0.0,0.0,0.0,0.0,0.0,0.0,0.0,0.0,0.0,0.0,0.0,0.0,74.65059768597392,SETTLED,STOPPED,0.0
73.95,P,1.4144104337765413,1.4847273690883034,1.538070634764749,0.5720639386406168,0.9243833195101088,0.10438331951010882,0.005527649403739732,0.0,0.0,0.45,0.026350223294561992,0.0,0.0,0.0,0.0,0.0,0.0,0.0,0.0,0.0,0.0,0.0,0.0,74.65059768597392,SETTLED,STOPPED,0.0
74.0,P,1.4211730015080208,1.477964801356824,1.5381075182959092,0.5717859468983167,0.921002922137049,0.10100292213704909,0.002496143521572236,0.0,0.0,0.45,0.005679425728294699,0.0,0.0,0.0,0.0,0.0,0.0,0.0,0.0,0.0,0.0,0.0,0.0,74.65059768597392,SETTLED,STOPPED,0.0
74.05,P,1.429358751069322,1.469779051795523,1.5381460887540968,0.5714972848565605,0.9136923976285178,0.09369239762851789,-0.003837047341999078,0.0,0.0,0.45,-0.027736355769469246,0.0,0.0,0.0,0.0,0.0,0.0,0.0,0.0,0.0,0.0,0.0,0.0,74.65059768597392,SETTLED,STOPPED,0.0
74.1,P,1.4299250745413599,1.469212728323485,1.5381853590566699,0.5712093673350555,0.9048451898836207,0.08484518988362078,-0.011654933792078381,0.0,0.0,0.45,-0.06056207157773552,0.0,0.0,0.0,0.0,0.0,0.0,0.0,0.0,0.0,0.0,0.0,0.0,74.65059768597392,SETTLED,STOPPED,0.0
74.15,P,1.4299250745413599,1.469212728323485,1.538225205436757,0.5709216304887585,0.9045055696621507,0.08450556966215073,-0.012197804108027288,0.0,0.0,0.45,-0.04873274480510201,0.0,0.0,0.0,0.0,0.0,0.0,0.0,0.0,0.0,0.0,0.0,0.0,74.65059768597392,SETTLED,STOPPED,0.0
74.2,P,1.4299250745413599,1.469212728323485,1.5382627498905488,0.570633598587152,0.904796007286216,0.08479600728621606,-0.012193774112055245,0.0,0.0,0.45,-0.03673361540209204,0.0,0.0,0.0,0.0,0.0,0.0,0.0,0.0,0.0,0.0,0.0,0.0,74.65059768597392,SETTLED,STOPPED,0.0
74.25,P,1.4299250745413599,1.469212728323485,1.53830203371773,0.5703420428055446,0.905086462332617,0.08508646233261707,-0.012196393089919377,0.0,0.0,0.45,-0.027374217809467243,0.0,0.0,0.0,0.0,0.0,0.0,0.0,0.0,0.0,0.0,0.0,0.0,74.65059768597392,SETTLED,STOPPED,0.0
74.3,P,1.4271306711052676,1.472007131759577,1.5383425917449622,0.5700509955307924,0.9053806241376103,0.08538062413761038,-0.012196368558901938,0.0,0.0,0.45,-0.02005757794941382,0.0,0.0,0.0,0.0,0.0,0.0,0.0,0.0,0.0,0.0,0.0,0.0,74.65059768597392,SETTLED,STOPPED,0.0
74.35,P,1.4058477222458845,1.4932900806189604,1.538383921668847,0.5697636341433692,0.9087865332261078,0.08878653322610786,-0.009509273012581643,0.0,0.0,0.45,-0.0006589108111530514,0.0,0.0,0.0,0.0,0.0,0.0,0.0,0.0,0.0,0.0,0.0,0.0,74.65059768597392,SETTLED,STOPPED,0.0
74.4,P,1.408962713320627,1.4901750895442178,1.5384245692593967,0.5694753053117936,0.9329881786482165,0.11298817864821653,0.01034409136677783,0.0,0.0,0.45,0.10597328942458485,0.0,0.0,0.0,0.0,0.0,0.0,0.0,0.0,0.0,0.0,0.0,0.0,74.65059768597392,SETTLED,STOPPED,0.0
74.45,P,1.4102812476502973,1.4888565552145476,1.5384645814490407,0.5691847412505879,0.929757207462649,0.10975720746264905,0.007501868147447466,0.0,0.0,0.45,0.06844289253467847,0.0,0.0,0.0,0.0,0.0,0.0,0.0,0.0,0.0,0.0,0.0,0.0,74.65059768597392,SETTLED,STOPPED,0.0
74.5,P,1.4172444931878239,1.4818933096770208,1.5385044956785483,0.5688941219091581,0.9285619055633934,0.1085619055633934,0.0062918163977701,0.0,0.0,0.45,0.04812612782032405,0.0,0.0,0.0,0.0,0.0,0.0,0.0,0.0,0.0,0.0,0.0,0.0,74.65059768597392,SETTLED,STOPPED,0.0
74.55,P,1.4200214070943542,1.4791163957704905,1.5385437871563064,0.5686050635203571,0.9210165606919495,0.10101656069194953,-0.00015728757422861506,0.0,0.0,0.45,0.004338862265497845,0.0,0.0,0.0,0.0,0.0,0.0,0.0,0.0,0.0,0.0,0.0,0.0,74.65059768597392,SETTLED,STOPPED,0.0
74.6,P,1.4063315608294678,1.4928062420353772,1.5385848136773501,0.5683134214249563,0.9181930302128538,0.09819303021285386,-0.0027615286448634535,0.0,0.0,0.45,-0.009039221540933338,0.0,0.0,0.0,0.0,0.0,0.0,0.0,0.0,0.0,0.0,0.0,0.0,74.65059768597392,SETTLED,STOPPED,0.0
74.65,P,1.42106591003981,1.478071892825035,1.5386256192009653,0.5680228420692176,0.933904651583371,0.11390465158337104,0.009873419147042872,0.0,0.0,0.45,0.06208054122835152,0.0,0.0,0.0,0.0,0.0,0.0,0.0,0.0,0.0,0.0,0.0,0.0,74.65059768597392,SETTLED,STOPPED,0.0
74.7,P,1.428170972880587,1.470966829984258,1.5386634077900536,0.5677347356644454,0.9176107889511869,0.09761078895118691,-0.003756735655211063,0.0,0.0,0.45,-0.023270173423500067,0.0,0.0,0.0,0.0,0.0,0.0,0.0,0.0,0.0,0.0,0.0,0.0,74.65059768597392,SETTLED,STOPPED,0.0
74.75,P,1.4299250745413599,1.469212728323485,1.5387003353610553,0.5674492554875857,0.9099652709755343,0.0899652709755343,-0.010515170751895564,0.0,0.0,0.45,-0.05179101436320342,0.0,0.0,0.0,0.0,0.0,0.0,0.0,0.0,0.0,0.0,0.0,0.0,74.65059768597392,SETTLED,STOPPED,0.0
74.8,P,1.4299250745413599,1.469212728323485,1.5387398979117075,0.5671587401674568,0.9083002908220686,0.0883002908220687,-0.01220305547705336,0.0,0.0,0.45,-0.04772290387854778,0.0,0.0,0.0,0.0,0.0,0.0,0.0,0.0,0.0,0.0,0.0,0.0,74.65059768597392,SETTLED,STOPPED,0.0
74.85,P,1.4299250745413599,1.469212728323485,1.5387795161331586,0.5668664423056249,0.9085934532745192,0.08859345327451928,-0.012193312458920635,0.0,0.0,0.45,-0.0359339502344846,0.0,0.0,0.0,0.0,0.0,0.0,0.0,0.0,0.0,0.0,0.0,0.0,74.65059768597392,SETTLED,STOPPED,0.0
74.9,P,1.428623517542186,1.470514285322659,1.5388196890891355,0.5665752986294332,0.9088883921277069,0.08888839212770694,-0.012194840050514077,0.0,0.0,0.45,-0.026730750228872235,0.0,0.0,0.0,0.0,0.0,0.0,0.0,0.0,0.0,0.0,0.0,0.0,74.65059768597392,SETTLED,STOPPED,0.0
74.95,P,1.4188006180686243,1.4803371847962203,1.538860307136665,0.5662844045458817,0.9106310382847602,0.09063103828476027,-0.01094046472470378,0.0,0.0,0.45,-0.013182342087485258,0.0,0.0,0.0,0.0,0.0,0.0,0.0,0.0,0.0,0.0,0.0,0.0,74.65059768597392,SETTLED,STOPPED,0.0
75.0,P,1.4135582485008926,1.4855795543639523,1.5388998829428477,0.565994858082191,0.921903907152198,0.1019039071521981,-0.0016495627968187154,0.0,0.0,0.45,0.03931839618849079,0.0,0.0,0.0,0.0,0.0,0.0,0.0,0.0,0.0,0.0,0.0,0.0,74.65059768597392,SETTLED,STOPPED,0.0
75.05,P,1.4062475777139174,1.4928902251509273,1.5389409804189742,0.5657046301343737,0.9280875707389901,0.10808757073899011,0.0032118684779973705,0.0,0.0,0.45,0.05787646880890921,0.0,0.0,0.0,0.0,0.0,0.0,0.0,0.0,0.0,0.0,0.0,0.0,74.65059768597392,SETTLED,STOPPED,0.0
75.1,P,1.4059132278868771,1.4932245749779678,1.5389803909842583,0.565415730216403,0.9366326210033724,0.11663262100337246,0.009895807852821292,0.0,0.0,0.45,0.08274186683423365,0.0,0.0,0.0,0.0,0.0,0.0,0.0,0.0,0.0,0.0,0.0,0.0,74.65059768597392,SETTLED,STOPPED,0.0
75.15,P,1.4108263926217024,1.4883114102431423,1.5390214562486872,0.5651255600772636,0.9373025777797555,0.1173025777797555,0.01019344864169014,0.0,0.0,0.45,0.0674864659467878,0.0,0.0,0.0,0.0,0.0,0.0,0.0,0.0,0.0,0.0,0.0,0.0,74.65059768597392,SETTLED,STOPPED,0.0
75.2,P,1.4131172791176403,1.4860205237472046,1.539061221069433,0.5648378227456063,0.9320440377390025,0.11204403773900251,0.0057175509403315505,0.0,0.0,0.45,0.029501867259180012,0.0,0.0,0.0,0.0,0.0,0.0,0.0,0.0,0.0,0.0,0.0,0.0,74.65059768597392,SETTLED,STOPPED,0.0
75.25,P,1.4196658787666812,1.4794719240981637,1.5391009699517268,0.5645474213481643,0.9297523568880891,0.10975235688808915,0.003617775425755587,0.0,0.0,0.45,0.012928060718141062,0.0,0.0,0.0,0.0,0.0,0.0,0.0,0.0,0.0,0.0,0.0,0.0,74.65059768597392,SETTLED,STOPPED,0.0
75.3,P,1.4277423077456957,1.4713954951191492,1.5391420945858725,0.5642561874207984,0.9226871553992252,0.10268715539922524,-0.0024558932989857674,0.0,0.0,0.45,-0.02100299919085296,0.0,0.0,0.0,0.0,0.0,0.0,0.0,0.0,0.0,0.0,0.0,0.0,74.65059768597392,SETTLED,STOPPED,0.0
75.35,P,1.4299250745413599,1.469212728323485,1.5391815469480297,0.5639673112795084,0.9139538478935794,0.09395384789357941,-0.010074649651631074,0.0,0.0,0.45,-0.05480889239370913,0.0,0.0,0.0,0.0,0.0,0.0,0.0,0.0,0.0,0.0,0.0,0.0,74.65059768597392,SETTLED,STOPPED,0.0
75.4,P,1.4299250745413599,1.469212728323485,1.5392224986777694,0.5636798289339587,0.9118148067682783,0.09181480676827836,-0.012154971257532399,0.0,0.0,0.45,-0.052162717018418306,0.0,0.0,0.0,0.0,0.0,0.0,0.0,0.0,0.0,0.0,0.0,0.0,74.65059768597392,SETTLED,STOPPED,0.0
75.45,P,1.4299250745413599,1.469212728323485,1.5392623557454417,0.5633903245355711,0.9121051248620722,0.09210512486207223,-0.012150719249886865,0.0,0.0,0.45,-0.039409519661673165,0.0,0.0,0.0,0.0,0.0,0.0,0.0,0.0,0.0,0.0,0.0,0.0,74.65059768597392,SETTLED,STOPPED,0.0
75.5,P,1.4299250745413599,1.469212728323485,1.5393035484534643,0.5631004378689672,0.912397319299665,0.0923973192996651,-0.012150480420511034,0.0,0.0,0.45,-0.029453769810696348,0.0,0.0,0.0,0.0,0.0,0.0,0.0,0.0,0.0,0.0,0.0,0.0,74.65059768597392,SETTLED,STOPPED,0.0
75.55,P,1.4299250745413599,1.469212728323485,1.5393426938317767,0.5628107620694156,0.9126900533412607,0.09269005334126079,-0.012146577071843856,0.0,0.0,0.45,-0.021685910669322052,0.0,0.0,0.0,0.0,0.0,0.0,0.0,0.0,0.0,0.0,0.0,0.0,74.65059768597392,SETTLED,STOPPED,0.0
75.6,P,1.4100504748873133,1.4890873279775316,1.5393843369404938,0.562523470788867,0.9129823327099084,0.09298233270990841,-0.01214883427748803,0.0,0.0,0.45,-0.015628981100021606,0.0,0.0,0.0,0.0,0.0,0.0,0.0,0.0,0.0,0.0,0.0,0.0,74.65059768597392,SETTLED,STOPPED,0.0
75.65,P,1.4079928473264511,1.4911449555383935,1.5394215507135376,0.5622377707925861,0.9355468076595245,0.11554680765952452,0.006405080423255827,0.0,0.0,0.45,0.08709308452029967,0.0,0.0,0.0,0.0,0.0,0.0,0.0,0.0,0.0,0.0,0.0,0.0,74.65059768597392,SETTLED,STOPPED,0.0
75.7,P,1.4102812476502973,1.4888565552145476,1.5394614673319764,0.5619446528252606,0.9381588681808601,0.11815886818086019,0.008267401118362994,0.0,0.0,0.45,0.07942567221971134,0.0,0.0,0.0,0.0,0.0,0.0,0.0,0.0,0.0,0.0,0.0,0.0,74.65059768597392,SETTLED,STOPPED,0.0
75.75,P,1.4146581838700216,1.4844796189948233,1.5395024841694651,0.5616550229264192,0.9358702922670075,0.11587029226700751,0.00619022487790466,0.0,0.0,0.45,0.051882290310422505,0.0,0.0,0.0,0.0,0.0,0.0,0.0,0.0,0.0,0.0,0.0,0.0,74.65059768597392,SETTLED,STOPPED,0.0
75.8,P,1.4235775824063324,1.4755602204585125,1.5395434437439939,0.5613638848926967,0.9312310854058035,0.11123108540580351,0.002180350464445313,0.0,0.0,0.45,0.020055676252830782,0.0,0.0,0.0,0.0,0.0,0.0,0.0,0.0,0.0,0.0,0.0,0.0,74.65059768597392,SETTLED,STOPPED,0.0
75.85,P,1.4055689333714696,1.493568869493375,1.5395823979546948,0.561071715408462,0.9215221217951045,0.10152212179510456,-0.006115080234384562,0.0,0.0,0.45,-0.0270760124098698,0.0,0.0,0.0,0.0,0.0,0.0,0.0,0.0,0.0,0.0,0.0,0.0,74.65059768597392,SETTLED,STOPPED,0.0
75.9,P,1.4181563120572824,1.4809814908075625,1.539571216233981,0.5611626255260795,0.9420777839786169,0.1220777839786169,0.010437292505450557,0.007690481482359596,0.0014090344882357452,0.45,0.06932562392776102,0.00745728627455658,0.007923676690162612,0.07648498743134954,0.08126847887346268,0.07648498743134954,0.08126847887346268,0.07648498743134954,0.08126847887346268,0.019938070634710734,0.021187361421732158,2.8589445922145492e-05,0.041154021502365044,74.65265538704904,FOLLOWING,STOPPED,0.0
75.95,P,1.426877818221686,1.472259984643159,1.5395251271979276,0.5615330288982882,0.9277975662201058,0.10779756622010583,-0.0011317460647770616,0.013328151582591187,0.0011153453206672842,0.45,-0.008758971473798678,0.013143561932020752,0.013512741233161622,0.13480576340534103,0.13859221777601663,0.13480576340534103,0.13859221777601663,0.05832077597399149,0.05732373890255395,0.030736368176838294,0.03160284678508514,4.71693367840567e-06,0.06234393189560184,74.65577258364382,FOLLOWING,STOPPED,0.0
76.0,P,1.4299250745413599,1.469212728323485,1.5394508319704276,0.5621083374649505,0.9176671532423446,0.09766715324234465,-0.009362051780549496,0.017481689850982453,-0.00026006620177354816,0.45,-0.05140581485171471,0.017524730807375974,0.017438648894588932,0.17974082879359973,0.1788579373803993,0.17974082879359973,0.1788579373803993,0.0449350653882587,0.04026571960438266,0.0367387543320686,0.036557345185906844,5.1508519274416446e-06,0.07330125036990288,74.65943764616232,FOLLOWING,STOPPED,0.0
76.05,P,1.4299250745413599,1.469212728323485,1.5393540097706953,0.5628477897164248,0.9136926548108198,0.0936926548108199,-0.012259955035403003,0.02076163002960721,-0.0018891535113755061,0.45,-0.05758432868304738,0.021074284935739856,0.02044897512347456,0.2161465121614344,0.20973307818948267,0.2161465121614344,0.20973307818948267,0.036405683367834674,0.03087514080908338,0.04118950979127949,0.039959276452051114,4.4317382562316653e-05,0.08119310362589292,74.66349730134361,FOLLOWING,STOPPED,0.0
76.1,P,1.4299250745413599,1.469212728323485,1.5392388255658485,0.5637252074135347,0.9129469282502714,0.0929469282502714,-0.012183296820437617,0.02350260742479512,-0.003344983230996951,0.45,-0.04819697323919054,0.024056202149525117,0.022949012700065125,0.24673027845666787,0.23537448923143717,0.24673027845666787,0.23537448923143717,0.03058376629523346,0.0256414110419545,0.044923626531656276,0.04283997431488273,7.012405439022242e-05,0.08783372490092922,74.66788898758865,FOLLOWING,STOPPED,0.0
76.15,P,1.4299250745413599,1.469212728323485,1.5391076977860183,0.5647162242493133,0.9120620300652208,0.09206203006522085,-0.012029985351280192,0.025776704527322912,-0.004634532930320009,0.45,-0.041487191140791274,0.026543719727290874,0.02500968932735495,0.27224327925426534,0.25650963412671746,0.27224327925426534,0.25650963412671746,0.025513000797597468,0.02113514489528029,0.047565800396955904,0.04479263444838198,8.606103187388138e-05,0.09244449587721176,74.67251121238252,FOLLOWING,STOPPED,0.0
76.2,P,1.4207403500569762,1.4783974528078687,1.5389666278635388,0.5657939150040125,0.9110624408354144,0.09106244083541448,-0.011821900554307652,0.027646731736243376,-0.005767036212119476,0.45,-0.03675820170096545,0.02860117622934915,0.026692287243137602,0.2933453972240938,0.2737670486475651,0.2933453972240938,0.2737670486475651,0.02110211796982847,0.01725741452084767,0.049382977183266674,0.046054917585087306,9.404909908534147e-05,0.09553194386743932,74.67728780957589,FOLLOWING,STOPPED,0.0
76.25,P,1.4145281144950685,1.4846096883697764,1.5388090890572423,0.5669848428299507,0.9202296832726647,0.1002296832726648,-0.0028394305925019125,0.029814166567217144,-0.005573655720895298,0.45,0.011664469397150604,0.030736606589025318,0.02889172654540897,0.3152472470669263,0.296325400465733,0.3152472470669263,0.296325400465733,0.0219018498428325,0.0225583518181679,0.05461976681698929,0.05130772380418586,1.552084244958595e-05,0.10594301146362474,74.68258496014907,FOLLOWING,STOPPED,0.0
76.3,P,1.407864021037544,1.491273781827301,1.5386406243530404,0.5682836444289207,0.9260027633814667,0.10600276338146675,0.0032280215597630946,0.032020180881498696,-0.004580507238237806,0.45,0.03449983860850751,0.032778254829427055,0.03126210693357034,0.33618722901976467,0.320636994190465,0.33618722901976467,0.320636994190465,0.02093998195283836,0.02431159372473196,0.058498722271830415,0.05576296633861944,6.55073829137922e-05,0.11432719599336365,74.68830131994874,FOLLOWING,STOPPED,0.0
76.35,P,1.4046200732279759,1.494517729636869,1.5384555674550406,0.5696971131037362,0.9322088358889438,0.11220883588894381,0.009593325964641242,0.034285985118801716,-0.0028273575091875575,0.45,0.054216593147536504,0.03475391278657226,0.033818057451031176,0.35645038755458724,0.34685187129262746,0.35645038755458724,0.34685187129262746,0.02026315853482258,0.02621487710216247,0.06241083704495017,0.06071025890369361,7.137764713671314e-05,0.1231924735957805,74.69446094362853,FOLLOWING,STOPPED,0.0
76.4,P,1.410503103956977,1.4886346989078676,1.5382581166934337,0.5712103218522138,0.9344544463373946,0.11445444633739466,0.012711840741562064,0.036353134891994834,-0.0008285232581580365,0.45,0.052169628628262736,0.03649025549121999,0.03621601429276968,0.37425903067917937,0.3714463004386634,0.37425903067917937,0.3714463004386634,0.017808643124592127,0.024594429146035934,0.06437286247477986,0.06388280188019317,2.38475615930057e-05,0.12827951191656606,74.70087491922436,FOLLOWING,STOPPED,0.0
76.45,P,1.4121402538692374,1.4869975489956073,1.5380514665961598,0.5727834125231325,0.9262768651408966,0.10627686514089663,0.007401079778341035,0.03759542378819042,0.0002534748377337455,0.45,0.004710953065451565,0.037553473702545484,0.03763737387383535,0.3851638328466203,0.3860243474239523,0.3851638328466203,0.3860243474239523,0.010904802167440941,0.014578046985288917,0.06116259371241315,0.061301233325689986,3.949333801695455e-06,0.12246777637190483,74.70699830804296,FOLLOWING,STOPPED,0.0
76.5,P,1.4183727241077801,1.4807650787570648,1.5378407288926605,0.5743958147561232,0.9228440392701668,0.10284403927016683,0.0058834764687478724,0.03843517255503675,0.00102239667724129,0.45,-0.011429890440159731,0.03826596590495331,0.038604379205120186,0.39247144517900834,0.3959423508217455,0.39247144517900834,0.3959423508217455,0.007307612332388025,0.009918003397793196,0.0597986318959636,0.06033571963055475,1.1320461126299788e-05,0.12014567198764466,74.71300559164234,FOLLOWING,STOPPED,0.0
76.55,P,1.4261258644220691,1.4730119384427758,1.537626088478819,0.5760335394626572,0.9142088639325745,0.09420886393257455,1.1993088442796562e-05,0.03860505509910658,0.0009217760764569443,0.45,-0.0469100860287328,0.03845250115845296,0.03875760903976021,0.3943846272661842,0.39751393886933545,0.3943846272661842,0.39751393886933545,0.0019131820871758354,0.0015715880475899446,0.055844584466414146,0.05629515644748368,1.335595141465056e-06,0.1121410765090393,74.7186126454678,FOLLOWING,STOPPED,0.0
76.6,P,1.4299250745413599,1.469212728323485,1.537412966751976,0.5776548811665163,0.9038819326668955,0.08388193266689559,-0.007445799954605592,0.03856792327954217,-0.00017558452506044272,0.45,-0.0820283646714016,0.038596982518439675,0.03853886404064467,0.395866487368612,0.3952704004168684,0.395866487368612,0.3952704004168684,0.0014818601024278455,-0.002243538452467053,0.05521251125219484,0.05512795978762963,2.774585376539756e-06,0.11034324562520101,74.72412980774907,FOLLOWING,STOPPED,0.0
76.65,P,1.4299250745413599,1.469212728323485,1.537454126906731,0.5773656339227741,0.898013942986995,0.07801394298699504,-0.011131985668938249,0.0,0.0,0.45,-0.08980127903525711,0.0,0.0,0.0,0.0,0.0,0.0,-0.395866487368612,-0.3952704004168684,0.0,0.0,0.0,0.0,74.72412980774907,SETTLED,STOPPED,0.0
76.7,P,1.4299250745413599,1.469212728323485,1.53749403163996,0.5770752031950943,0.898306037435787,0.07830603743578701,-0.011127462467384497,0.0,0.0,0.45,-0.06875978207281581,0.0,0.0,0.0,0.0,0.0,0.0,0.0,0.0,0.0,0.0,0.0,0.0,74.72412980774907,SETTLED,STOPPED,0.0
76.75,P,1.4299250745413599,1.469212728323485,1.5375346301442714,0.5767834464544602,0.8985991566173932,0.07859915661739325,-0.011127058154178915,0.0,0.0,0.45,-0.052342905617728815,0.0,0.0,0.0,0.0,0.0,0.0,0.0,0.0,0.0,0.0,0.0,0.0,74.72412980774907,SETTLED,STOPPED,0.0
76.8,P,1.4299250745413599,1.469212728323485,1.5375743503754198,0.5764906952058163,0.8988936753556115,0.07889367535561154,-0.011121945805564692,0.0,0.0,0.45,-0.03953158393366795,0.0,0.0,0.0,0.0,0.0,0.0,0.0,0.0,0.0,0.0,0.0,0.0,74.72412980774907,SETTLED,STOPPED,0.0
76.85,P,1.4142532275287418,1.484884575336103,1.5376146671091309,0.5762019791020084,0.89918907633564,0.0791890763356401,-0.011121631169904722,0.0,0.0,0.45,-0.029534871156135265,0.0,0.0,0.0,0.0,0.0,0.0,0.0,0.0,0.0,0.0,0.0,0.0,74.72412980774907,SETTLED,STOPPED,0.0
76.9,P,1.4070229813322754,1.4921148215325695,1.5376543910203537,0.5759106168596213,0.9170180507896671,0.09701805078966719,0.0038065728366443174,0.0,0.0,0.45,0.05541028809593815,0.0,0.0,0.0,0.0,0.0,0.0,0.0,0.0,0.0,0.0,0.0,0.0,74.72412980774907,SETTLED,STOPPED,0.0
76.95,P,1.4102812476502973,1.4888565552145476,1.5376949053988926,0.5756212957868713,0.9254699940341037,0.10546999403410373,0.010493616985318255,0.0,0.0,0.45,0.08040857499035467,0.0,0.0,0.0,0.0,0.0,0.0,0.0,0.0,0.0,0.0,0.0,0.0,74.72412980774907,SETTLED,STOPPED,0.0
77.0,P,1.4120718745522194,1.4870659283126255,1.537734757321571,0.5753304730171774,0.9220807335818332,0.10208073358183323,0.007490624906845378,0.0,0.0,0.45,0.047805942502485585,0.0,0.0,0.0,0.0,0.0,0.0,0.0,0.0,0.0,0.0,0.0,0.0,74.72412980774907,SETTLED,STOPPED,0.0
77.05,P,1.4251690738503013,1.4739687290145436,1.537775661234741,0.5750407450788881,0.9203546601982856,0.10035466019828565,0.005826362013644948,0.0,0.0,0.45,0.02969391226432899,0.0,0.0,0.0,0.0,0.0,0.0,0.0,0.0,0.0,0.0,0.0,0.0,74.72412980774907,SETTLED,STOPPED,0.0
77.1,P,1.4091251086834478,1.490012694181397,1.5378159750545628,0.5747514951690227,0.9059535108519595,0.08595351085195957,-0.006519679135845058,0.0,0.0,0.45,-0.040203805557661745,0.0,0.0,0.0,0.0,0.0,0.0,0.0,0.0,0.0,0.0,0.0,0.0,74.72412980774907,SETTLED,STOPPED,0.0
77.15,P,1.4152467140747549,1.48389108879009,1.5378558559953082,0.5744596780305755,0.9242642487432461,0.10426424874324614,0.008551004011868146,0.0,0.0,0.45,0.04920827838668931,0.0,0.0,0.0,0.0,0.0,0.0,0.0,0.0,0.0,0.0,0.0,0.0,74.72412980774907,SETTLED,STOPPED,0.0
77.2,P,1.4255846635627847,1.4735531393020602,1.537897003336116,0.5741668811506804,0.9176592464300325,0.09765924643003254,0.002872906854192392,0.0,0.0,0.45,0.009320446963476201,0.0,0.0,0.0,0.0,0.0,0.0,0.0,0.0,0.0,0.0,0.0,0.0,74.72412980774907,SETTLED,STOPPED,0.0
77.25,P,1.4299250745413599,1.469212728323485,1.5379362710444695,0.5738790605730725,0.9063717245241605,0.08637172452416053,-0.00690716439184258,0.0,0.0,0.45,-0.04239514775432823,0.0,0.0,0.0,0.0,0.0,0.0,0.0,0.0,0.0,0.0,0.0,0.0,74.72412980774907,SETTLED,STOPPED,0.0
77.3,P,1.4299250745413599,1.469212728323485,1.5379747840137434,0.5735914027926955,0.9018252575623725,0.08182525756237258,-0.011083655680266924,0.0,0.0,0.45,-0.05307266988024416,0.0,0.0,0.0,0.0,0.0,0.0,0.0,0.0,0.0,0.0,0.0,0.0,74.72412980774907,SETTLED,STOPPED,0.0
77.35,P,1.4299250745413599,1.469212728323485,1.5380142804589487,0.573301938066391,0.902115457390347,0.08211545739034709,-0.011086159480480307,0.0,0.0,0.45,-0.040119803263502514,0.0,0.0,0.0,0.0,0.0,0.0,0.0,0.0,0.0,0.0,0.0,0.0,74.72412980774907,SETTLED,STOPPED,0.0
77.4,P,1.4299250745413599,1.469212728323485,1.5380540136249725,0.5730129805049462,0.9024075689703549,0.08240756897035495,-0.011082995427676545,0.0,0.0,0.45,-0.030008155593497312,0.0,0.0,0.0,0.0,0.0,0.0,0.0,0.0,0.0,0.0,0.0,0.0,74.72412980774907,SETTLED,STOPPED,0.0
77.45,P,1.4226800820453278,1.476457720819517,1.5380922177266312,0.5727225716563866,0.9026992054152703,0.08269920541527032,-0.011079706059797356,0.0,0.0,0.45,-0.022123161005300217,0.0,0.0,0.0,0.0,0.0,0.0,0.0,0.0,0.0,0.0,0.0,0.0,74.72412980774907,SETTLED,STOPPED,0.0
77.5,P,1.4154979804892442,1.4836398223756004,1.5381306510656803,0.5724404963062604,0.9110747394673091,0.09107473946730915,-0.0041396608454935535,0.0,0.0,0.45,0.019596284244838804,0.0,0.0,0.0,0.0,0.0,0.0,0.0,0.0,0.0,0.0,0.0,0.0,74.72412980774907,SETTLED,STOPPED,0.0
77.55,P,1.4094804643611702,1.4896573385036744,1.5381715209727744,0.5721529193999177,0.9194144787428182,0.09941447874281828,0.002621136416229186,0.0,0.0,0.45,0.05197995452321652,0.0,0.0,0.0,0.0,0.0,0.0,0.0,0.0,0.0,0.0,0.0,0.0,74.72412980774907,SETTLED,STOPPED,0.0
77.6,P,1.4033269185690747,1.49581088429577,1.5382108229349123,0.5718640827207059,0.9264856972057005,0.10648569720570056,0.008190019288212946,0.0,0.0,0.45,0.07165772576479268,0.0,0.0,0.0,0.0,0.0,0.0,0.0,0.0,0.0,0.0,0.0,0.0,74.72412980774907,SETTLED,STOPPED,0.0
77.65,P,1.4098755182181157,1.4892622846467292,1.5382510145350836,0.5715724349779505,0.9337405205932552,0.11374052059325523,0.013797250577931575,0.0,0.0,0.45,0.08781424900178067,0.0,0.0,0.0,0.0,0.0,0.0,0.0,0.0,0.0,0.0,0.0,0.0,74.72412980774907,SETTLED,STOPPED,0.0
77.7,P,1.411816965204512,1.4873208376603326,1.538287648370691,0.5712883230961953,0.9266255598890705,0.10662555988907052,0.007817841636055478,0.0,0.0,0.45,0.03718928712297441,0.0,0.0,0.0,0.0,0.0,0.0,0.0,0.0,0.0,0.0,0.0,0.0,74.72412980774907,SETTLED,STOPPED,0.0
77.75,P,1.417079569448879,1.482058233415966,1.5383276362053155,0.5709971522912218,0.9247217967795593,0.1047217967795594,0.006013636129928335,0.0,0.0,0.45,0.020631086274070613,0.0,0.0,0.0,0.0,0.0,0.0,0.0,0.0,0.0,0.0,0.0,0.0,74.72412980774907,SETTLED,STOPPED,0.0
77.8,P,1.4245094210984428,1.474628381766402,1.5383673508560904,0.5707072288702204,0.9190937858740864,0.09909378587408646,0.0011121028415510548,0.0,0.0,0.45,-0.008671000690307247,0.0,0.0,0.0,0.0,0.0,0.0,0.0,0.0,0.0,0.0,0.0,0.0,74.72412980774907,SETTLED,STOPPED,0.0
77.85,P,1.4299250745413599,1.469212728323485,1.5384064363047207,0.5704213746340987,0.9110637073343772,0.0910637073343773,-0.0058992381348332845,0.0,0.0,0.45,-0.04209572611316198,0.0,0.0,0.0,0.0,0.0,0.0,0.0,0.0,0.0,0.0,0.0,0.0,74.72412980774907,SETTLED,STOPPED,0.0
77.9,P,1.4299250745413599,1.469212728323485,1.538444894382207,0.5701326608597378,0.9053143671216274,0.08531436712162743,-0.01108462288284362,0.0,0.0,0.45,-0.05813176330436719,0.0,0.0,0.0,0.0,0.0,0.0,0.0,0.0,0.0,0.0,0.0,0.0,74.72412980774907,SETTLED,STOPPED,0.0
77.95,P,1.4299250745413599,1.469212728323485,1.5384844668870223,0.5698415872364423,0.9056056089760631,0.08560560897606317,-0.011083936031010433,0.0,0.0,0.45,-0.04406131121788907,0.0,0.0,0.0,0.0,0.0,0.0,0.0,0.0,0.0,0.0,0.0,0.0,74.72412980774907,SETTLED,STOPPED,0.0
78.0,P,1.4299250745413599,1.469212728323485,1.5385246193765567,0.5695498239680744,0.9058993272360173,0.08589932723601734,-0.011085369436778958,0.0,0.0,0.45,-0.03307546240615506,0.0,0.0,0.0,0.0,0.0,0.0,0.0,0.0,0.0,0.0,0.0,0.0,74.72412980774907,SETTLED,STOPPED,0.0
78.05,P,1.4299250745413599,1.469212728323485,1.53856396401367,0.5692626365115819,0.9061937996982901,0.08619379969829011,-0.011084544516048567,0.0,0.0,0.45,-0.024503181842800707,0.0,0.0,0.0,0.0,0.0,0.0,0.0,0.0,0.0,0.0,0.0,0.0,74.72412980774907,SETTLED,STOPPED,0.0
78.1,P,1.4184559801701706,1.4806818226946743,1.5386038510552644,0.5689722738907314,0.906483632537306,0.08648363253730607,-0.01108052012283034,0.0,0.0,0.45,-0.017837217345714265,0.0,0.0,0.0,0.0,0.0,0.0,0.0,0.0,0.0,0.0,0.0,0.0,74.72412980774907,SETTLED,STOPPED,0.0
78.15,P,1.4060531153380995,1.4930846875267454,1.5386426643739977,0.5686892159909195,0.919592198889546,0.09959219888954607,-0.0001909712711665179,0.0,0.0,0.45,0.04376466242020216,0.0,0.0,0.0,0.0,0.0,0.0,0.0,0.0,0.0,0.0,0.0,0.0,74.72412980774907,SETTLED,STOPPED,0.0
78.2,P,1.4102812476502973,1.4888565552145476,1.5386798207945254,0.5684019315241281,0.9338559719300855,0.11385597193008556,0.011227790143923944,0.0,0.0,0.45,0.09689703806613503,0.0,0.0,0.0,0.0,0.0,0.0,0.0,0.0,0.0,0.0,0.0,0.0,74.72412980774907,SETTLED,STOPPED,0.0
78.25,P,1.4102812476502973,1.4888565552145476,1.5387198223240133,0.5681092844984501,0.9293669392971462,0.10936693929714625,0.0073638983367592115,0.0,0.0,0.45,0.055827946106651205,0.0,0.0,0.0,0.0,0.0,0.0,0.0,0.0,0.0,0.0,0.0,0.0,74.72412980774907,SETTLED,STOPPED,0.0
78.3,P,1.422582764532499,1.4765550383323458,1.5387588528337675,0.5678226601522602,0.929662306429253,0.10966230642925301,0.0073585195694578776,0.0,0.0,0.45,0.04484541334445776,0.0,0.0,0.0,0.0,0.0,0.0,0.0,0.0,0.0,0.0,0.0,0.0,74.72412980774907,SETTLED,STOPPED,0.0
78.35,P,1.412681283995426,1.486456518869419,1.5387973891574056,0.5675382743266182,0.9161284946151484,0.0961284946151485,-0.004089098455017037,0.0,0.0,0.45,-0.024569349573386183,0.0,0.0,0.0,0.0,0.0,0.0,0.0,0.0,0.0,0.0,0.0,0.0,74.72412980774907,SETTLED,STOPPED,0.0
78.4,P,1.4123371160922273,1.4868006867726176,1.5388370625772079,0.5672474180806575,0.927532216224779,0.10753221622477904,0.005137885919601182,0.0,0.0,0.45,0.03101228241513603,0.0,0.0,0.0,0.0,0.0,0.0,0.0,0.0,0.0,0.0,0.0,0.0,74.72412980774907,SETTLED,STOPPED,0.0
78.45,P,1.4242915089038837,1.4748462939609612,1.5388775937519912,0.5669584127235324,0.9282135801757972,0.1082135801757973,0.0054509588180957635,0.0,0.0,0.45,0.02718758166828659,0.0,0.0,0.0,0.0,0.0,0.0,0.0,0.0,0.0,0.0,0.0,0.0,74.72412980774907,SETTLED,STOPPED,0.0
78.5,P,1.4299250745413599,1.469212728323485,1.538917594539353,0.5666695656649178,0.9150903647938848,0.09509036479388489,-0.005713001084486136,0.0,0.0,0.45,-0.03653583397915436,0.0,0.0,0.0,0.0,0.0,0.0,0.0,0.0,0.0,0.0,0.0,0.0,74.72412980774907,SETTLED,STOPPED,0.0
78.55,P,1.4299250745413599,1.469212728323485,1.5389572888025813,0.5663790388507776,0.9091003959284375,0.08910039592843755,-0.011080102476494824,0.0,0.0,0.45,-0.05485381351171018,0.0,0.0,0.0,0.0,0.0,0.0,0.0,0.0,0.0,0.0,0.0,0.0,74.72412980774907,SETTLED,STOPPED,0.0
78.6,P,1.4299250745413599,1.469212728323485,1.538999259591212,0.5660932222340908,0.9093935861845552,0.08939358618455528,-0.011077853453927311,0.0,0.0,0.45,-0.04149593741221583,0.0,0.0,0.0,0.0,0.0,0.0,0.0,0.0,0.0,0.0,0.0,0.0,74.72412980774907,SETTLED,STOPPED,0.0
78.65,P,1.4299250745413599,1.469212728323485,1.5390391590134789,0.5658034903426297,0.9096823732069568,0.08968237320695682,-0.011065176801439147,0.0,0.0,0.45,-0.03109616828296151,0.0,0.0,0.0,0.0,0.0,0.0,0.0,0.0,0.0,0.0,0.0,0.0,74.72412980774907,SETTLED,STOPPED,0.0
78.7,P,1.4246198140336794,1.4745179888311652,1.5390786965698824,0.565513024468005,0.9099747989363983,0.08997479893639837,-0.011062977587450229,0.0,0.0,0.45,-0.022968338051167096,0.0,0.0,0.0,0.0,0.0,0.0,0.0,0.0,0.0,0.0,0.0,0.0,74.72412980774907,SETTLED,STOPPED,0.0
78.75,P,1.4164678464834202,1.4826699563814247,1.5391175524683527,0.5652240972189854,0.9161827661707606,0.0961827661707606,-0.006004956023265118,0.0,0.0,0.45,0.00939975215128504,0.0,0.0,0.0,0.0,0.0,0.0,0.0,0.0,0.0,0.0,0.0,0.0,74.72412980774907,SETTLED,STOPPED,0.0
78.8,P,1.4110969076847968,1.4880408951800481,1.5391537022891764,0.5649467890438616,0.9256078299541858,0.10560782995418583,0.0016283245049713013,0.0,0.0,0.45,0.048802087325075676,0.0,0.0,0.0,0.0,0.0,0.0,0.0,0.0,0.0,0.0,0.0,0.0,74.72412980774907,SETTLED,STOPPED,0.0
78.85,P,1.4029111581234954,1.4962266447413493,1.5391947637210914,0.5646560367894887,0.9319341561653985,0.11193415616539859,0.006566185157858451,0.0,0.0,0.45,0.06590146344289677,0.0,0.0,0.0,0.0,0.0,0.0,0.0,0.0,0.0,0.0,0.0,0.0,74.72412980774907,SETTLED,STOPPED,0.0
78.9,P,1.4085823635592145,1.4905554393056302,1.5391826094952072,0.5647503909985716,0.9414866004115406,0.12148660041154069,0.013979759714191964,0.007652907947038673,0.001887267561415808,0.45,0.0934338961684871,0.0073405651656243565,0.007965250728452989,0.0752878478525575,0.0816948792661845,0.0752878478525575,0.0816948792661845,0.0752878478525575,0.0816948792661845,0.019579951258220957,0.021249354888613674,5.128961541656505e-05,0.0408805957622512,74.72617383753717,FOLLOWING,STOPPED,0.0
78.95,P,1.4114936765397867,1.487644126325058,1.5391331614996022,0.5651424117631755,0.934971342720929,0.11497134272092902,0.008746516996497755,0.013747889290326071,0.0028793205998013677,0.45,0.044211305172726936,0.013271361731058945,0.014224416849593198,0.13611653057496353,0.14589145486762253,0.13611653057496353,0.14589145486762253,0.06082868272240603,0.06419657560143803,0.0320377085377436,0.03434698611642486,4.113271799307708e-05,0.06642582737216154,74.72949512890578,FOLLOWING,STOPPED,0.0
79.0,P,1.4157864147899777,1.483351388074867,1.539051018658578,0.5657799777119666,0.9312901006079791,0.11129010060797917,0.0059468161285378685,0.018696858259875975,0.003394208717173814,0.45,0.018287352737746773,0.018135116717183708,0.019258599802568242,0.1860011970993201,0.19752410053916145,0.1860011970993201,0.19752410053916145,0.04988466652435655,0.05163264567153891,0.040405513508256115,0.04292231946064113,2.5165983403510127e-05,0.08335299895230075,74.7336627788534,FOLLOWING,STOPPED,0.0
79.05,P,1.4228929777748163,1.4762448250900284,1.5389384700291477,0.5666149044537477,0.9258139422595909,0.10581394225959095,0.001824556756091944,0.022558596787206814,0.0033011030075288505,0.45,-0.009830961597467037,0.022012264239460788,0.02310492933495284,0.22576681271241833,0.2369736342046445,0.22576681271241833,0.2369736342046445,0.03976561561309824,0.039449533665483066,0.04514891932398642,0.04740599739315099,4.425862149030445e-06,0.09255934257928644,74.73829074598237,FOLLOWING,STOPPED,0.0
79.1,P,1.4299250745413599,1.469212728323485,1.538812175542922,0.567576503272458,0.9170022621505993,0.09700226215059937,-0.0049926602905743245,0.025285873619595608,0.0022969835675484885,0.45,-0.046439542525589454,0.024905722839166332,0.025666024400024884,0.2554433111709367,0.2632412758976911,0.2554433111709367,0.2632412758976911,0.029676498458518386,0.026267641693046573,0.04646711183353588,0.047897938340795664,3.321282029027059e-05,0.09439826299462181,74.7430106591321,FOLLOWING,STOPPED,0.0
79.15,P,1.4299250745413599,1.469212728323485,1.53867565988834,0.5686265574815985,0.9081873612249791,0.08818736122497917,-0.011814916296748912,0.02704840856477523,0.00047227151073264,0.45,-0.0750084072426909,0.026970247629748978,0.02712656949980148,0.2766179244076818,0.27822122563898954,0.2766179244076818,0.27822122563898954,0.021174613236745077,0.01497994974129846,0.04606089218632147,0.046330541505329115,1.2409337084033269e-05,0.09240384302873463,74.74763085128353,FOLLOWING,STOPPED,0.0
79.2,P,1.4299250745413599,1.469212728323485,1.5385294864035055,0.569748679866699,0.9071285140072285,0.08712851400722854,-0.011858930514857535,0.028479857689608024,-0.0011759112598462977,0.45,-0.06316548540740191,0.028674471003112587,0.028285244376103462,0.2940971384934624,0.2901050705241381,0.2940971384934624,0.2901050705241381,0.017479214085780626,0.011883844885148542,0.04743581582528232,0.0467849744090042,2.790888016620312e-05,0.09424869911445272,74.75234328623925,FOLLOWING,STOPPED,0.0
79.25,P,1.4299250745413599,1.469212728323485,1.5383740100195102,0.5709269333142613,0.9059969606694022,0.08599696066940221,-0.011820060595017168,0.029625309091349437,-0.0026540283141889016,0.45,-0.054247913304209625,0.0300645507773477,0.029186067405351176,0.3083543669471559,0.29934428108052485,0.3083543669471559,0.29934428108052485,0.014257228453693482,0.009239210556386768,0.04834305008403479,0.04691428795961417,5.6490689000318235e-05,0.09531382873264929,74.75710897767588,FOLLOWING,STOPPED,0.0
79.3,P,1.4299250745413599,1.469212728323485,1.538214636999425,0.5721488935238522,0.9048085660081349,0.08480856600813491,-0.011703179162263488,0.03052408649406671,-0.003968554669675508,0.45,-0.04754230888685993,0.031180882291898006,0.029867290696235414,0.3198039209425436,0.30633118662805553,0.3198039209425436,0.30633118662805553,0.011449553995387718,0.006986905547530675,0.04889095344188176,0.04680650733323264,7.5121483773286e-05,0.09577258225888768,74.76189760678882,FOLLOWING,STOPPED,0.0
79.35,P,1.4226587328115992,1.4764790700532455,1.5380485708313427,0.573406823793203,0.9035763127942111,0.08357631279421118,-0.011520228896171547,0.03121043183542609,-0.005126930103691051,0.45,-0.042504915073015466,0.03205893876758696,0.03036192490326522,0.32880962838550726,0.3114043579822074,0.32880962838550726,0.3114043579822074,0.00900570744296364,0.005073171354151862,0.04916178694482576,0.04652692725208317,8.552030233004367e-05,0.09577423449923897,74.76668631851378,FOLLOWING,STOPPED,0.0
79.4,P,1.4050832493439236,1.494054553520921,1.5378773883016863,0.5747145698034444,0.9104143543922084,0.09041435439220846,-0.004322993096176564,0.03222491816173831,-0.005197841161305778,0.45,-0.0030664507257623236,0.03308516087393441,0.031364675449542204,0.33933498332240425,0.32168897896966364,0.33933498332240425,0.32168897896966364,0.010525354936896991,0.01028462098745625,0.05254824775517066,0.04978158909601153,5.307615562486681e-06,0.10233514446674467,74.77180307573711,FOLLOWING,STOPPED,0.0
79.45,P,1.4099946990807044,1.4891431037841405,1.5376928819037574,0.5761222390934446,0.9288812028473737,0.10888120284737379,0.012294289251852497,0.034250177817036216,-0.0030183279961752364,0.45,0.07886230163663746,0.034749711100403216,0.033750644533669216,0.35640729333746884,0.3461604567555817,0.35640729333746884,0.3461604567555817,0.017072310015064596,0.024471477785918072,0.06102398850063925,0.05924824480593122,9.473019270258799e-05,0.12036696349927306,74.77782142391207,FOLLOWING,STOPPED,0.0
79.5,P,1.4102812476502973,1.4888565552145476,1.5375017420595198,0.5775956419220099,0.9219077639638663,0.10190776396386636,0.007951188748243299,0.03553263732859292,-0.0016430847155449457,0.45,0.030829464189142775,0.03580456784901561,0.035260706808170235,0.3672263369129806,0.36164827495559215,0.3672263369129806,0.36164827495559215,0.010819043575511778,0.01548781820001044,0.05851198100195677,0.05761109713711667,3.253883348965892e-05,0.1161556169725631,74.7836292047607,FOLLOWING,STOPPED,0.0
79.55,P,1.4199964552146969,1.479141347650148,1.5373007022236334,0.5791186163730595,0.920098639436271,0.10009863943627106,0.0077868363804523,0.036508764826668476,-0.0004275533326294598,0.45,0.01608683414611161,0.036579524903218655,0.0364380047501183,0.3751746143919862,0.3737231256422389,0.3751746143919862,0.3737231256422389,0.007948277479005561,0.012074850686646765,0.057947407032765755,0.05771996333591846,7.4837447090098776e-06,0.11567485411339322,74.78941294746637,FOLLOWING,STOPPED,0.0
79.6,P,1.416237459307404,1.4829003435574408,1.537096432065964,0.5806490093613335,0.9076349503968012,0.08763495039680125,-0.001297562311742828,0.03655344732990037,-0.0005599689114517881,0.45,-0.04229250113970326,0.03664612218474564,0.036460772475055095,0.3758576634332886,0.37395664076979585,0.3758576634332886,0.37395664076979585,0.0006830490413023971,0.00023351512755692694,0.05242236263565086,0.05215295404648451,1.067739948466586e-06,0.10457638442208385,74.79464176668748,FOLLOWING,STOPPED,0.0
79.65,P,1.4094275181096998,1.489710284755145,1.536896209829838,0.5821784323425063,0.9103100358421355,0.0903100358421356,0.002270938219833374,0.03675994781756092,-0.00019739536062912433,0.45,-0.021217774929496752,0.036792616749745044,0.0367272788853768,0.37736017179225684,0.3766900398500185,0.37736017179225684,0.3766900398500185,0.0015025083589682575,0.0027333990802226316,0.05361768703986012,0.05352095592130631,1.030612850196853e-06,0.10713967357401663,74.79999875036617,FOLLOWING,STOPPED,0.0
79.7,P,1.4229983542449824,1.4761394486198625,1.5366919544347395,0.583742151254708,0.9164400310507825,0.09644003105078258,0.008656925391132608,0.037321449938085234,0.0009910291032366229,0.45,0.010422114473040815,0.03715743462149957,0.0374854652546709,0.3811018935538417,0.3844663103043169,0.3811018935538417,0.3844663103043169,0.003741721761584882,0.007776270454298406,0.05633439681470208,0.05683948517693432,1.69597905219274e-05,0.11319084178215832,74.80565829245528,FOLLOWING,STOPPED,0.0
79.75,P,1.4295469538940235,1.4695908489708214,1.536731401291666,0.5834544722438693,0.8996105663389801,0.07961056633898012,-0.00422235530126347,0.0,0.0,0.45,-0.06592039544296323,0.0,0.0,0.0,0.0,0.0,0.0,-0.3811018935538417,-0.3844663103043169,0.0,0.0,0.0,0.0,74.80565829245528,SETTLED,STOPPED,0.0
79.8,P,1.4299250745413599,1.469212728323485,1.5367729569141082,0.5831655532738477,0.8925951960002411,0.07259519600024111,-0.010575314100192301,0.0,0.0,0.45,-0.08228553793596469,0.0,0.0,0.0,0.0,0.0,0.0,0.0,0.0,0.0,0.0,0.0,0.0,74.80565829245528,SETTLED,STOPPED,0.0
79.85,P,1.4299250745413599,1.469212728323485,1.5368133616747506,0.5828779512386226,0.8924662830499444,0.0724662830499444,-0.010941393508320685,0.0,0.0,0.45,-0.06474993657135802,0.0,0.0,0.0,0.0,0.0,0.0,0.0,0.0,0.0,0.0,0.0,0.0,74.80565829245528,SETTLED,STOPPED,0.0
79.9,P,1.4299250745413599,1.469212728323485,1.5368521851550825,0.5825931784443796,0.8927566538516434,0.07275665385164343,-0.010933139846900142,0.0,0.0,0.45,-0.04922731899818348,0.0,0.0,0.0,0.0,0.0,0.0,0.0,0.0,0.0,0.0,0.0,0.0,74.80565829245528,SETTLED,STOPPED,0.0
79.95,P,1.4265595460220313,1.4725782568428136,1.5368906285566544,0.5823040110040837,0.8930440264690351,0.07304402646903518,-0.010933344209025586,0.0,0.0,0.45,-0.037132869302059314,0.0,0.0,0.0,0.0,0.0,0.0,0.0,0.0,0.0,0.0,0.0,0.0,74.80565829245528,SETTLED,STOPPED,0.0
80.0,P,1.417437712477596,1.4817000903872488,1.5369294560241478,0.5820140004448567,0.8970848235127943,0.07708482351279433,-0.007662514627331252,0.0,0.0,0.45,-0.011184131063065005,0.0,0.0,0.0,0.0,0.0,0.0,0.0,0.0,0.0,0.0,0.0,0.0,74.80565829245528,SETTLED,STOPPED,0.0
80.05,P,1.4125262627408153,1.4866115401240296,1.5369705943343577,0.5817213897745579,0.9075865453011216,0.08758654530112164,0.001064793598489544,0.0,0.0,0.45,0.037483953639452096,0.0,0.0,0.0,0.0,0.0,0.0,0.0,0.0,0.0,0.0,0.0,0.0,74.80565829245528,SETTLED,STOPPED,0.0
80.1,P,1.404527601447122,1.494610201417723,1.537011241991109,0.5814340266174958,0.9134071249258203,0.09340712492582037,0.00568338445981631,0.0,0.0,0.45,0.054848034187448505,0.0,0.0,0.0,0.0,0.0,0.0,0.0,0.0,0.0,0.0,0.0,0.0,74.80565829245528,SETTLED,STOPPED,0.0
80.15,P,1.4072892089003135,1.4918485939645314,1.537045393554586,0.5811561218867106,0.9227364960998148,0.10273649609981483,0.013090204255890248,0.0,0.0,0.45,0.08383069983178779,0.0,0.0,0.0,0.0,0.0,0.0,0.0,0.0,0.0,0.0,0.0,0.0,74.80565829245528,SETTLED,STOPPED,0.0
80.2,P,1.4111703878750617,1.4879674149897832,1.5370867721212496,0.5808660160135061,0.9198899098018447,0.09988990980184476,0.010524704184959655,0.0,0.0,0.45,0.05286296615772542,0.0,0.0,0.0,0.0,0.0,0.0,0.0,0.0,0.0,0.0,0.0,0.0,74.80565829245528,SETTLED,STOPPED,0.0
80.25,P,1.4144932601310767,1.4846445427337682,1.5371249257180957,0.5805784249023211,0.9157990411909989,0.09579904119099891,0.00692776868867373,0.0,0.0,0.45,0.023233291715303098,0.0,0.0,0.0,0.0,0.0,0.0,0.0,0.0,0.0,0.0,0.0,0.0,74.80565829245528,SETTLED,STOPPED,0.0
80.3,P,1.42127653445119,1.477861268413655,1.5371641456990326,0.5802871657785389,0.912345368166831,0.09234536816683103,0.003814865557876468,0.0,0.0,0.45,0.0029258062315968784,0.0,0.0,0.0,0.0,0.0,0.0,0.0,0.0,0.0,0.0,0.0,0.0,74.80565829245528,SETTLED,STOPPED,0.0
80.35,P,1.429462284012491,1.4696755188523538,1.537205367685314,0.5799955571848467,0.9050244240692983,0.08502442406929833,-0.002612879447963623,0.0,0.0,0.45,-0.029930025168500147,0.0,0.0,0.0,0.0,0.0,0.0,0.0,0.0,0.0,0.0,0.0,0.0,74.80565829245528,SETTLED,STOPPED,0.0
80.4,P,1.4299250745413599,1.469212728323485,1.5372428587552442,0.5797195338622009,0.8961802309089538,0.07618023090895387,-0.010503148635529591,0.0,0.0,0.45,-0.062259869536947954,0.0,0.0,0.0,0.0,0.0,0.0,0.0,0.0,0.0,0.0,0.0,0.0,74.80565829245528,SETTLED,STOPPED,0.0
80.45,P,1.4299250745413599,1.469212728323485,1.5372820365152386,0.5794284355476474,0.8959437760269993,0.07594377602699931,-0.010968821417837615,0.0,0.0,0.45,-0.049603099719419536,0.0,0.0,0.0,0.0,0.0,0.0,0.0,0.0,0.0,0.0,0.0,0.0,74.80565829245528,SETTLED,STOPPED,0.0
80.5,P,1.4299250745413599,1.469212728323485,1.5373238901388553,0.5791396712488251,0.8962374712958939,0.07623747129589398,-0.010969126643213256,0.0,0.0,0.45,-0.037398158598010635,0.0,0.0,0.0,0.0,0.0,0.0,0.0,0.0,0.0,0.0,0.0,0.0,74.80565829245528,SETTLED,STOPPED,0.0
80.55,P,1.4299250745413599,1.469212728323485,1.5373620988131775,0.5788497385336501,0.8965291699225272,0.07652916992252723,-0.010966109914793076,0.0,0.0,0.45,-0.027887089749261913,0.0,0.0,0.0,0.0,0.0,0.0,0.0,0.0,0.0,0.0,0.0,0.0,74.80565829245528,SETTLED,STOPPED,0.0
80.6,P,1.426861485453028,1.472276317411817,1.5374021552235762,0.5785626680287963,0.8968215919411602,0.07682159194116023,-0.010966851423822144,0.0,0.0,0.45,-0.020465273122439027,0.0,0.0,0.0,0.0,0.0,0.0,0.0,0.0,0.0,0.0,0.0,0.0,74.80565829245528,SETTLED,STOPPED,0.0
80.65,P,1.4055785365936448,1.4935592662712,1.5374399689384546,0.5782734013819851,0.9005239179315774,0.08052391793157743,-0.008002168268630205,0.0,0.0,0.45,0.0003273213223341613,0.0,0.0,0.0,0.0,0.0,0.0,0.0,0.0,0.0,0.0,0.0,0.0,74.80565829245528,SETTLED,STOPPED,0.0
80.7,P,1.4090248330865285,1.4901129697783162,1.5374792125157455,0.5779835771571449,0.9247354496319599,0.10473544963195991,0.012009525611845318,0.0,0.0,0.45,0.10678605011310963,0.0,0.0,0.0,0.0,0.0,0.0,0.0,0.0,0.0,0.0,0.0,0.0,74.80565829245528,SETTLED,STOPPED,0.0
80.75,P,1.4102812476502973,1.4888565552145476,1.5375186617391536,0.5776951742122322,0.9211300431958628,0.10113004319586283,0.008832792238953946,0.0,0.0,0.45,0.06742933076939746,0.0,0.0,0.0,0.0,0.0,0.0,0.0,0.0,0.0,0.0,0.0,0.0,74.80565829245528,SETTLED,STOPPED,0.0
80.8,P,1.4174101458968946,1.4817276569679503,1.5375557701342004,0.5774094353597057,0.9200024031349406,0.10000240313494069,0.007667737836205557,0.0,0.0,0.45,0.047633261732072316,0.0,0.0,0.0,0.0,0.0,0.0,0.0,0.0,0.0,0.0,0.0,0.0,74.80565829245528,SETTLED,STOPPED,0.0
80.85,P,1.4197936346193822,1.4793441682454627,1.5375957790647585,0.5771190713144012,0.912264444640955,0.09226444464095507,0.001006677252145316,0.0,0.0,0.45,0.003106926777477745,0.0,0.0,0.0,0.0,0.0,0.0,0.0,0.0,0.0,0.0,0.0,0.0,74.80565829245528,SETTLED,STOPPED,0.0
80.9,P,1.4065179201271722,1.4926198827376727,1.5376355575858898,0.5768342361546174,0.9098832182034091,0.08988321820340917,-0.0012453261939924243,0.0,0.0,0.45,-0.008053993438769926,0.0,0.0,0.0,0.0,0.0,0.0,0.0,0.0,0.0,0.0,0.0,0.0,74.80565829245528,SETTLED,STOPPED,0.0
80.95,P,1.4212522693375145,1.4778855335273304,1.5376743306452998,0.5765452124583779,0.92512441614104,0.10512441614104007,0.01112336594775365,0.0,0.0,0.45,0.06077915604333923,0.0,0.0,0.0,0.0,0.0,0.0,0.0,0.0,0.0,0.0,0.0,0.0,74.80565829245528,SETTLED,STOPPED,0.0
81.0,P,1.4282537992351223,1.4708840036297226,1.5377134689339464,0.5762582159940273,0.9088280754597298,0.08882807545972982,-0.0026371541413834354,0.0,0.0,0.45,-0.024296157283964587,0.0,0.0,0.0,0.0,0.0,0.0,0.0,0.0,0.0,0.0,0.0,0.0,74.80565829245528,SETTLED,STOPPED,0.0
81.05,P,1.4299250745413599,1.469212728323485,1.5377538086413207,0.5759700178280084,0.9012972424197047,0.08129724241970471,-0.009348639131278702,0.0,0.0,0.45,-0.052086668057604736,0.0,0.0,0.0,0.0,0.0,0.0,0.0,0.0,0.0,0.0,0.0,0.0,74.80565829245528,SETTLED,STOPPED,0.0
81.1,P,1.4299250745413599,1.469212728323485,1.537793208525247,0.5756790960596997,0.8997275008306159,0.07972750083061597,-0.01096160351473996,0.0,0.0,0.45,-0.04753446407692252,0.0,0.0,0.0,0.0,0.0,0.0,0.0,0.0,0.0,0.0,0.0,0.0,74.80565829245528,SETTLED,STOPPED,0.0
81.15,P,1.4299250745413599,1.469212728323485,1.5378311974831078,0.5753932066168207,0.9000210477070408,0.08002104770704088,-0.010959096129443013,0.0,0.0,0.45,-0.03578527572372989,0.0,0.0,0.0,0.0,0.0,0.0,0.0,0.0,0.0,0.0,0.0,0.0,74.80565829245528,SETTLED,STOPPED,0.0
81.2,P,1.428499278010383,1.470638524854462,1.5378713054692024,0.5751035440366367,0.9003094294475927,0.08030942944759278,-0.010964028265419978,0.0,0.0,0.45,-0.026643635406080873,0.0,0.0,0.0,0.0,0.0,0.0,0.0,0.0,0.0,0.0,0.0,0.0,74.80565829245528,SETTLED,STOPPED,0.0
81.25,P,1.4186763785368215,1.4804614243280234,1.537912116145207,0.5748139599518787,0.9021890834292087,0.08218908342920872,-0.009582625792091903,0.0,0.0,0.45,-0.012511558097632491,0.0,0.0,0.0,0.0,0.0,0.0,0.0,0.0,0.0,0.0,0.0,0.0,74.80565829245528,SETTLED,STOPPED,0.0
81.3,P,1.4134961287349912,1.4856416741298537,1.5379481186173316,0.5745356001001184,0.9134629115919026,0.09346291159190268,-0.0002070966598421986,0.0,0.0,0.45,0.039845828599702884,0.0,0.0,0.0,0.0,0.0,0.0,0.0,0.0,0.0,0.0,0.0,0.0,74.80565829245528,SETTLED,STOPPED,0.0
81.35,P,1.4061440447707483,1.4929937580940964,1.537989469012703,0.5742446768949839,0.9195665152230977,0.09956651522309778,0.004629642012614177,0.0,0.0,0.45,0.057935602285028254,0.0,0.0,0.0,0.0,0.0,0.0,0.0,0.0,0.0,0.0,0.0,0.0,74.80565829245528,SETTLED,STOPPED,0.0
81.4,P,1.4059960542414123,1.4931417486234324,1.5380294360653166,0.5739548766928164,0.9281611336927196,0.10816113369271962,0.011405525736431832,0.0,0.0,0.45,0.08300609104866027,0.0,0.0,0.0,0.0,0.0,0.0,0.0,0.0,0.0,0.0,0.0,0.0,74.80565829245528,SETTLED,STOPPED,0.0
81.45,P,1.4108470992103364,1.4882907036545086,1.538069170121101,0.5736651999692868,0.9286211926536285,0.10862119265362857,0.011537651714485841,0.0,0.0,0.45,0.06676901044595451,0.0,0.0,0.0,0.0,0.0,0.0,0.0,0.0,0.0,0.0,0.0,0.0,74.80565829245528,SETTLED,STOPPED,0.0
81.5,P,1.4132001054721754,1.4859376973926692,1.5381058351570913,0.573382277399646,0.9234312466655378,0.10343124666553782,0.007083703987252665,0.0,0.0,0.45,0.029244065800243926,0.0,0.0,0.0,0.0,0.0,0.0,0.0,0.0,0.0,0.0,0.0,0.0,74.80565829245528,SETTLED,STOPPED,0.0
81.55,P,1.4197487051212165,1.4793890977436284,1.5381454039324254,0.573091631221322,0.921063969475934,0.1010639694759341,0.004908575861675812,0.0,0.0,0.45,0.012394351689933292,0.0,0.0,0.0,0.0,0.0,0.0,0.0,0.0,0.0,0.0,0.0,0.0,74.80565829245528,SETTLED,STOPPED,0.0
81.6,P,1.4278458406888648,1.4712919621759801,1.5381843131961417,0.5728015981455512,0.9139982910892903,0.09399829108929036,-0.0012234286597068156,0.0,0.0,0.45,-0.021421390583086238,0.0,0.0,0.0,0.0,0.0,0.0,0.0,0.0,0.0,0.0,0.0,0.0,74.80565829245528,SETTLED,STOPPED,0.0
81.65,P,1.4299250745413599,1.469212728323485,1.5382238825805934,0.5725096050836391,0.9052400304730076,0.08524003047300766,-0.008936402953215294,0.0,0.0,0.45,-0.05524503136645338,0.0,0.0,0.0,0.0,0.0,0.0,0.0,0.0,0.0,0.0,0.0,0.0,74.80565829245528,SETTLED,STOPPED,0.0
81.7,P,1.4299250745413599,1.469212728323485,1.5382642478821444,0.5722208038445608,0.9032193106055766,0.08321931060557664,-0.010938833356117339,0.0,0.0,0.45,-0.05198229188253063,0.0,0.0,0.0,0.0,0.0,0.0,0.0,0.0,0.0,0.0,0.0,0.0,74.80565829245528,SETTLED,STOPPED,0.0
81.75,P,1.4299250745413599,1.469212728323485,1.538303471847675,0.5719299703690086,0.9035108682581349,0.08351086825813492,-0.010934206833559834,0.0,0.0,0.45,-0.03926333399711738,0.0,0.0,0.0,0.0,0.0,0.0,0.0,0.0,0.0,0.0,0.0,0.0,74.80565829245528,SETTLED,STOPPED,0.0
81.8,P,1.4299250745413599,1.469212728323485,1.5383415352324443,0.5716387624204079,0.9038043066533136,0.08380430665331362,-0.01093322524810647,0.0,0.0,0.45,-0.029334271578965194,0.0,0.0,0.0,0.0,0.0,0.0,0.0,0.0,0.0,0.0,0.0,0.0,74.80565829245528,SETTLED,STOPPED,0.0
81.85,P,1.4299250745413599,1.469212728323485,1.5383810137673126,0.5713512036898089,0.9040979776637927,0.08409797766379279,-0.010930049642165596,0.0,0.0,0.45,-0.021588579385484436,0.0,0.0,0.0,0.0,0.0,0.0,0.0,0.0,0.0,0.0,0.0,0.0,74.80565829245528,SETTLED,STOPPED,0.0
81.9,P,1.4097812892350734,1.4893565136297715,1.5384173264426066,0.5710656729754836,0.9043881955061627,0.08438819550616272,-0.010926199230669065,0.0,0.0,0.45,-0.015562133414250083,0.0,0.0,0.0,0.0,0.0,0.0,0.0,0.0,0.0,0.0,0.0,0.0,74.80565829245528,SETTLED,STOPPED,0.0
81.95,P,1.4080549670923528,1.4910828357724921,1.5384555519053922,0.5707750264566249,0.9272568673771129,0.10725686737711293,0.008040629676718591,0.0,0.0,0.45,0.08848369216907156,0.0,0.0,0.0,0.0,0.0,0.0,0.0,0.0,0.0,0.0,0.0,0.0,74.80565829245528,SETTLED,STOPPED,0.0
82.0,P,1.4102812476502973,1.4888565552145476,1.538495458081948,0.5704826632814252,0.9295002831669031,0.10950028316690319,0.009622052517247903,0.0,0.0,0.45,0.07888830936695353,0.0,0.0,0.0,0.0,0.0,0.0,0.0,0.0,0.0,0.0,0.0,0.0,74.80565829245528,SETTLED,STOPPED,0.0
82.05,P,1.4148238365790924,1.4843139662857525,1.538535815549792,0.57019027683838,0.9272806959820754,0.10728069598207546,0.0075750952139970185,0.0,0.0,0.45,0.05176669769298118,0.0,0.0,0.0,0.0,0.0,0.0,0.0,0.0,0.0,0.0,0.0,0.0,74.80565829245528,SETTLED,STOPPED,0.0
82.1,P,1.4233498099313604,1.4757879929334845,1.5385748908313719,0.5699011224371484,0.9224569222189853,0.10245692221898539,0.0033807518930686342,0.0,0.0,0.45,0.019153419642927823,0.0,0.0,0.0,0.0,0.0,0.0,0.0,0.0,0.0,0.0,0.0,0.0,74.80565829245528,SETTLED,STOPPED,0.0
82.15,P,1.4053411608964976,1.4937966419683473,1.5386149398477988,0.5696116601122225,0.9131855459905505,0.09318554599055051,-0.004621484993432734,0.0,0.0,0.45,-0.025854388083632086,0.0,0.0,0.0,0.0,0.0,0.0,0.0,0.0,0.0,0.0,0.0,0.0,74.80565829245528,SETTLED,STOPPED,0.0
82.2,P,1.418342671354987,1.480795131509858,1.538656559081392,0.5693236736527739,0.9337450298900476,0.11374502989004764,0.012078967315986455,0.0,0.0,0.45,0.0702953064525595,0.0,0.0,0.0,0.0,0.0,0.0,0.0,0.0,0.0,0.0,0.0,0.0,74.80565829245528,SETTLED,STOPPED,0.0
82.25,P,1.426960644576221,1.4721771582886236,1.5386965672828177,0.5690337558607723,0.9193778603316267,0.09937786033162677,9.678572749227676e-05,0.0,0.0,0.45,-0.008385207024059038,0.0,0.0,0.0,0.0,0.0,0.0,0.0,0.0,0.0,0.0,0.0,0.0,74.80565829245528,SETTLED,STOPPED,0.0
82.3,P,1.4299250745413599,1.469212728323485,1.53873718162385,0.5687438122158928,0.9100290774321721,0.09002907743217214,-0.008059095844392017,0.0,0.0,0.45,-0.047675106236368725,0.0,0.0,0.0,0.0,0.0,0.0,0.0,0.0,0.0,0.0,0.0,0.0,74.80565829245528,SETTLED,STOPPED,0.0
82.35,P,1.4299250745413599,1.469212728323485,1.5387772882962385,0.5684538153387488,0.9070194835414029,0.08701948354140299,-0.01089869090489759,0.0,0.0,0.45,-0.050428795983752654,0.0,0.0,0.0,0.0,0.0,0.0,0.0,0.0,0.0,0.0,0.0,0.0,74.80565829245528,SETTLED,STOPPED,0.0
82.4,P,1.4299250745413599,1.469212728323485,1.5388171026664101,0.56816305525356,0.907312197515707,0.08731219751570707,-0.010906153166044597,0.0,0.0,0.45,-0.03804651938038904,0.0,0.0,0.0,0.0,0.0,0.0,0.0,0.0,0.0,0.0,0.0,0.0,74.80565829245528,SETTLED,STOPPED,0.0
82.45,P,1.4299250745413599,1.469212728323485,1.5388568940782008,0.5678729336004722,0.907605634143269,0.08760563414326905,-0.01090588675716786,0.0,0.0,0.45,-0.028385163955430656,0.0,0.0,0.0,0.0,0.0,0.0,0.0,0.0,0.0,0.0,0.0,0.0,74.80565829245528,SETTLED,STOPPED,0.0
82.5,P,1.4206161105251731,1.4785216923396718,1.5388959957516455,0.5675823909398015,0.907898434219891,0.08789843421989108,-0.010901540079321759,0.0,0.0,0.45,-0.020852107548098936,0.0,0.0,0.0,0.0,0.0,0.0,0.0,0.0,0.0,0.0,0.0,0.0,74.80565829245528,SETTLED,STOPPED,0.0
82.55,P,1.414465994729167,1.4846718081356778,1.5389373455325912,0.5672924494489016,0.9185861647575971,0.09858616475759718,-0.0020566107338908513,0.0,0.0,0.45,0.03076137047839238,0.0,0.0,0.0,0.0,0.0,0.0,0.0,0.0,0.0,0.0,0.0,0.0,74.80565829245528,SETTLED,STOPPED,0.0
82.6,P,1.4077604880943748,1.49137731477047,1.5389757649055302,0.5670070757169777,0.925785074904208,0.10578507490420808,0.003675780895480152,0.0,0.0,0.45,0.05566907361823579,0.0,0.0,0.0,0.0,0.0,0.0,0.0,0.0,0.0,0.0,0.0,0.0,74.80565829245528,SETTLED,STOPPED,0.0
82.65,P,1.4047028995825113,1.4944349032823336,1.5390138449091313,0.566720333603804,0.9336368607314296,0.11363686073142965,0.009815288469338102,0.0,0.0,0.45,0.07796973506200078,0.0,0.0,0.0,0.0,0.0,0.0,0.0,0.0,0.0,0.0,0.0,0.0,74.80565829245528,SETTLED,STOPPED,0.0
82.7,P,1.410523810545611,1.4886139923192339,1.539053272263849,0.5664319609651698,0.9373866613241036,0.11738666132410369,0.01258657903497018,0.0,0.0,0.45,0.07731551595612735,0.0,0.0,0.0,0.0,0.0,0.0,0.0,0.0,0.0,0.0,0.0,0.0,74.80565829245528,SETTLED,STOPPED,0.0
82.75,P,1.4121609604578713,1.4869768424069736,1.539092567489279,0.5661401105451896,0.9310958712624001,0.11109587126240017,0.007298284853077375,0.0,0.0,0.45,0.03262662617428226,0.0,0.0,0.0,0.0,0.0,0.0,0.0,0.0,0.0,0.0,0.0,0.0,74.80565829245528,SETTLED,STOPPED,0.0
82.8,P,1.4184555504623153,1.4806822524025294,1.539132427474987,0.5658500000818641,0.9295439309733923,0.10954393097339232,0.0057902850438431575,0.0,0.0,0.45,0.01862023114430525,0.0,0.0,0.0,0.0,0.0,0.0,0.0,0.0,0.0,0.0,0.0,0.0,74.80565829245528,SETTLED,STOPPED,0.0
82.85,P,1.4262293973652382,1.4729084054996064,1.539173050921761,0.5655615042439497,0.92275725872606,0.10275725872606001,-3.645019521703041e-05,0.0,0.0,0.45,-0.01533757759570579,0.0,0.0,0.0,0.0,0.0,0.0,0.0,0.0,0.0,0.0,0.0,0.0,74.80565829245528,SETTLED,STOPPED,0.0
82.9,P,1.4299250745413599,1.469212728323485,1.5392130524694492,0.5652741909971905,0.9143493140462995,0.09434931404629954,-0.007354835391402137,0.0,0.0,0.45,-0.04895826711559869,0.0,0.0,0.0,0.0,0.0,0.0,0.0,0.0,0.0,0.0,0.0,0.0,74.80565829245528,SETTLED,STOPPED,0.0
82.95,P,1.4299250745413599,1.469212728323485,1.5392536710877525,0.5649835318947243,0.9105211372522943,0.09052113725229438,-0.010881185426532491,0.0,0.0,0.45,-0.05503142624379062,0.0,0.0,0.0,0.0,0.0,0.0,0.0,0.0,0.0,0.0,0.0,0.0,74.80565829245528,SETTLED,STOPPED,0.0
83.0,P,1.4299250745413599,1.469212728323485,1.5392925627040468,0.5646949741659935,0.9108145704241926,0.09081457042419261,-0.010871870048183574,0.0,0.0,0.45,-0.04163340651380441,0.0,0.0,0.0,0.0,0.0,0.0,0.0,0.0,0.0,0.0,0.0,0.0,74.80565829245528,SETTLED,STOPPED,0.0
83.05,P,1.4299250745413599,1.469212728323485,1.5393310276704204,0.5644052525562817,0.9111057101418737,0.09110571014187374,-0.010868529846244979,0.0,0.0,0.45,-0.03119304232297038,0.0,0.0,0.0,0.0,0.0,0.0,0.0,0.0,0.0,0.0,0.0,0.0,74.80565829245528,SETTLED,STOPPED,0.0
83.1,P,1.4299250745413599,1.469212728323485,1.5393710880543572,0.5641138202818048,0.9113979541255819,0.09139795412558194,-0.010871828426386232,0.0,0.0,0.45,-0.023044699483600762,0.0,0.0,0.0,0.0,0.0,0.0,0.0,0.0,0.0,0.0,0.0,0.0,74.80565829245528,SETTLED,STOPPED,0.0
83.15,P,1.4139840418765022,1.4851537609883427,1.539409687740224,0.563822583255806,0.9116920879398532,0.09169208793985328,-0.010875507865158562,0.0,0.0,0.45,-0.016680676814414597,0.0,0.0,0.0,0.0,0.0,0.0,0.0,0.0,0.0,0.0,0.0,0.0,74.80565829245528,SETTLED,STOPPED,0.0
83.2,P,1.4070851010981769,1.492052701766668,1.5394490607783964,0.5635298225814036,0.9298294100007565,0.10982941000075652,0.004084275466436527,0.0,0.0,0.45,0.0667932891527354,0.0,0.0,0.0,0.0,0.0,0.0,0.0,0.0,0.0,0.0,0.0,0.0,74.80565829245528,SETTLED,STOPPED,0.0
83.25,P,1.4102812476502973,1.4888565552145476,1.5394890130972414,0.563239915799219,0.9379098863924614,0.11790988639246147,0.010379301826772824,0.0,0.0,0.45,0.08765286166263742,0.0,0.0,0.0,0.0,0.0,0.0,0.0,0.0,0.0,0.0,0.0,0.0,74.80565829245528,SETTLED,STOPPED,0.0
83.3,P,1.41223752726129,1.4869002756035548,1.53952878196792,0.5629484929762875,0.9345912528021644,0.11459125280216442,0.007471713867813534,0.0,0.0,0.45,0.05376724429954935,0.0,0.0,0.0,0.0,0.0,0.0,0.0,0.0,0.0,0.0,0.0,0.0,74.80565829245528,SETTLED,STOPPED,0.0
83.35,P,1.4253347265593719,1.4738030763054728,1.5395701331976848,0.5626576867612497,0.932678915889543,0.11267891588954304,0.005680952510141557,0.0,0.0,0.45,0.03352416813811394,0.0,0.0,0.0,0.0,0.0,0.0,0.0,0.0,0.0,0.0,0.0,0.0,74.80565829245528,SETTLED,STOPPED,0.0
83.4,P,1.4088973362084758,1.4902404666563691,1.539610478675797,0.5623689382581029,0.9182786336496754,0.09827863364967548,-0.006502756153792921,0.0,0.0,0.45,-0.037212390707691986,0.0,0.0,0.0,0.0,0.0,0.0,0.0,0.0,0.0,0.0,0.0,0.0,74.80565829245528,SETTLED,STOPPED,0.0
83.45,P,1.4154330733724594,1.4837047294923855,1.5396517768088338,0.5620805637073054,0.9370333499005341,0.11703334990053416,0.00872304346818309,0.0,0.0,0.45,0.053495086751783105,0.0,0.0,0.0,0.0,0.0,0.0,0.0,0.0,0.0,0.0,0.0,0.0,74.80565829245528,SETTLED,STOPPED,0.0
83.5,P,1.42566748991732,1.4734703129475248,1.5396917849342444,0.5617907841467756,0.9299577351914756,0.10995773519147567,0.0027406564215555207,0.0,0.0,0.45,0.010593462946531716,0.0,0.0,0.0,0.0,0.0,0.0,0.0,0.0,0.0,0.0,0.0,0.0,74.80565829245528,SETTLED,STOPPED,0.0
83.55,P,1.4299250745413599,1.469212728323485,1.5397313954652607,0.5614993587708214,0.9187824024699551,0.09878240246995518,-0.006811125113010075,0.0,0.0,0.45,-0.04090856287639823,0.0,0.0,0.0,0.0,0.0,0.0,0.0,0.0,0.0,0.0,0.0,0.0,74.80565829245528,SETTLED,STOPPED,0.0
83.6,P,1.4299250745413599,1.469212728323485,1.5397687542574223,0.5612119558531964,0.9143308970933298,0.09433089709332987,-0.010856123209207702,0.0,0.0,0.45,-0.051495302700743095,0.0,0.0,0.0,0.0,0.0,0.0,0.0,0.0,0.0,0.0,0.0,0.0,74.80565829245528,SETTLED,STOPPED,0.0
83.65,P,1.4299250745413599,1.469212728323485,1.5398066127489214,0.5609229180070324,0.9146207065118337,0.09462070651183374,-0.010852838788190988,0.0,0.0,0.45,-0.03889117466516251,0.0,0.0,0.0,0.0,0.0,0.0,0.0,0.0,0.0,0.0,0.0,0.0,74.80565829245528,SETTLED,STOPPED,0.0
83.7,P,1.4299250745413599,1.469212728323485,1.5398460760524202,0.5606346990800486,0.914912199046202,0.09491219904620207,-0.010843404969815396,0.0,0.0,0.45,-0.029052549087606027,0.0,0.0,0.0,0.0,0.0,0.0,0.0,0.0,0.0,0.0,0.0,0.0,74.80565829245528,SETTLED,STOPPED,0.0
83.75,P,1.422555842513525,1.47658196035132,1.5398851998685625,0.5603434972274782,0.9152030713437763,0.09520307134377637,-0.010840892264453839,0.0,0.0,0.45,-0.021381150179005725,0.0,0.0,0.0,0.0,0.0,0.0,0.0,0.0,0.0,0.0,0.0,0.0,74.80565829245528,SETTLED,STOPPED,0.0
83.8,P,1.4154358607233428,1.483701942141502,1.5399227568955232,0.5600573929780348,0.9237202495371019,0.1037202495371019,-0.003886406142726173,0.0,0.0,0.45,0.020798286911010024,0.0,0.0,0.0,0.0,0.0,0.0,0.0,0.0,0.0,0.0,0.0,0.0,74.80565829245528,SETTLED,STOPPED,0.0
83.85,P,1.4093769314180011,1.4897608714468438,1.539965449412878,0.5597683385244244,0.9319958371784544,0.1119958371784544,0.0027171501289087185,0.0,0.0,0.45,0.052635249412540885,0.0,0.0,0.0,0.0,0.0,0.0,0.0,0.0,0.0,0.0,0.0,0.0,74.80565829245528,SETTLED,STOPPED,0.0
83.9,P,1.40340974492361,1.4957280579412349,1.5400056059463556,0.5594762863058532,0.9391163252353542,0.1191163252353542,0.008251138445461326,0.0,0.0,0.45,0.07238564199214279,0.0,0.0,0.0,0.0,0.0,0.0,0.0,0.0,0.0,0.0,0.0,0.0,74.80565829245528,SETTLED,STOPPED,0.0
83.95,P,1.4099583445726511,1.4891794582921938,1.539993555832544,0.5595814867796994,0.9461637327328373,0.12616373273283732,0.013615542340083664,0.00794757843232195,0.0018380982159111904,0.45,0.08746939374279884,0.007643373177588647,0.008251783687055252,0.07839357105219125,0.08463367884159233,0.07839357105219125,0.08463367884159233,0.07839357105219125,0.08463367884159233,0.02076073655022318,0.022416454499248895,4.865191273923974e-05,0.04322584296221132,74.8078195846034,FOLLOWING,STOPPED,0.0
84.0,P,1.411837671793146,1.487300131071699,1.5399394117461875,0.5599994317795376,0.9386487867182002,0.11864878671820023,0.007624262719864383,0.01423009797688186,0.0026835638615017154,0.45,0.035160364654978016,0.013785968157803327,0.014674227795960395,0.14139454520823924,0.15050490047138865,0.14139454520823924,0.15050490047138865,0.063000974156048,0.06587122162979632,0.03371106130010653,0.03589136454809934,3.267159915813233e-05,0.069635097447364,74.81130133947576,FOLLOWING,STOPPED,0.0
84.05,P,1.4171623958034143,1.4819754070614306,1.5398523531556783,0.5606686057746446,0.9361071747864814,0.11610717478648147,0.005780248150856426,0.019410213094665438,0.0031955409757171323,0.45,0.016241991931319685,0.018881351063184254,0.01993907512614662,0.19365488269932568,0.20450333462714482,0.19365488269932568,0.20450333462714482,0.05226033749108644,0.05399843415575617,0.042797154164304275,0.04520794110161778,2.3559031398310102e-05,0.08802865429732036,74.81570277219063,FOLLOWING,STOPPED,0.0
84.1,P,1.424612954041612,1.474524848823233,1.539739767226424,0.5615400377980426,0.9294401797492885,0.10944017974928855,0.0007253248647134392,0.02339341064102482,0.002973905734881746,0.45,-0.01666602445722118,0.02290122924190189,0.02388559204014775,0.234884402481045,0.24498043118100257,0.234884402481045,0.24498043118100257,0.04122951978171932,0.040477096553857755,0.04744406485445472,0.04949819154144104,9.491361318320974e-06,0.09695174775721409,74.82055035957849,FOLLOWING,STOPPED,0.0
84.15,P,1.4299250745413599,1.469212728323485,1.5396075875210582,0.5625485652269503,0.9202148924445818,0.10021489244458182,-0.006378557093661863,0.026197808833036646,0.0018154099537492855,0.45,-0.05359076321734445,0.02589735848569114,0.026498259180382153,0.2656139331865758,0.2717770172346887,0.2656139331865758,0.2717770172346887,0.030729530705530778,0.02679658605368615,0.04866297982598579,0.04980216490771016,3.0285284723201405e-05,0.09849543001841915,74.82547513107941,FOLLOWING,STOPPED,0.0
84.2,P,1.4299250745413599,1.469212728323485,1.5394610078249504,0.5636524308688192,0.913274415658887,0.09327441565888706,-0.01152072759547984,0.028144035727370335,7.857073298467689e-05,0.45,-0.07233889316658734,0.02813103227106137,0.0281570391836793,0.28852340790832176,0.28879014547363385,0.28852340790832176,0.28879014547363385,0.02290947472174598,0.01701312823894513,0.04891656603021853,0.048962251188361505,1.9650921213890606e-06,0.09788078231070142,74.83036917019496,FOLLOWING,STOPPED,0.0
84.25,P,1.4299250745413599,1.469212728323485,1.5393050568751157,0.5648373282127711,0.9121609359134439,0.09216093591344399,-0.011544278104851369,0.029728182442002375,-0.0014877638844686368,0.45,-0.061323647549887915,0.029974407364881935,0.029481957519122814,0.3074298191269942,0.30237905147818267,0.3074298191269942,0.30237905147818267,0.018906411218672425,0.013588906004548817,0.05036608559973571,0.04952945718530801,3.355683947769846e-05,0.09992909962452143,74.83536562517618,FOLLOWING,STOPPED,0.0
84.3,P,1.4299250745413599,1.469212728323485,1.5391392191834874,0.5660885991548295,0.9109658856734135,0.09096588567341357,-0.011488471601520889,0.03099942768417344,-0.002889931162227013,0.45,-0.0530906661450467,0.03147771129152201,0.03052114407682487,0.3228483209386873,0.3130373751469217,0.3228483209386873,0.3130373751469217,0.01541850181169313,0.010658323668739034,0.05129680400590276,0.04971953286387982,5.835120351334822e-05,0.10107468807329592,74.84041935957984,FOLLOWING,STOPPED,0.0
84.35,P,1.4299250745413599,1.469212728323485,1.5389693732034566,0.5673865259551271,0.9097037551184199,0.08970375511841999,-0.011363384608981342,0.03200048523925042,-0.004134994968216722,0.45,-0.04696409403510849,0.032684826906490286,0.031316143572010555,0.3352289939127209,0.3211912161231852,0.3352289939127209,0.3211912161231852,0.012380672974033557,0.008153840976263482,0.05183172836958081,0.04963421203427825,7.413598904942162e-05,0.10154007639290848,74.84549636339949,FOLLOWING,STOPPED,0.0
84.4,P,1.4181867945179307,1.480951008346914,1.538794952268836,0.5687196297680317,0.9083948251442449,0.0883948251442449,-0.01117331664353216,0.032768938823585884,-0.00522989321827183,0.45,-0.042391285233755335,0.03363448615120987,0.0319033914959619,0.34496908873035764,0.32721427175345535,0.34496908873035764,0.32721427175345535,0.009740094817636769,0.006023055630270169,0.05206698198240028,0.04935234863752412,8.245729343032164e-05,0.10150178791335471,74.85057145279515,FOLLOWING,STOPPED,0.0
84.45,P,1.406115235104001,1.4930225677608437,1.5386108240892538,0.5701224620321531,0.9201697755197109,0.10016977551971096,0.00020471716781256255,0.03416429372555186,-0.004679267078789982,0.45,0.018744579169724412,0.0349387124270916,0.03338987502401212,0.35834576848299077,0.3424602566565345,0.35834576848299077,0.3424602566565345,0.013376679752633125,0.015245984903079157,0.05772873163949778,0.055136968953432744,3.7101985447662365e-05,0.11290280257837819,74.85621659292407,FOLLOWING,STOPPED,0.0
84.5,P,1.4102812476502973,1.4888565552145476,1.538419278054233,0.5716100496671436,0.9323624221592038,0.11236242215920389,0.011575151449306542,0.036118008042426486,-0.002648694925254716,0.45,0.068268416966157,0.03655636705255614,0.03567964903229683,0.37493709797493474,0.3659451182799675,0.37493709797493474,0.3659451182799675,0.016591329491943974,0.023484861623432995,0.06380679595598442,0.062256797410124784,7.744847268143095e-05,0.12614104183879063,74.86252364501601,FOLLOWING,STOPPED,0.0
84.55,P,1.4102812476502973,1.4888565552145476,1.538214727018025,0.5731729658328437,0.9261536086280309,0.10615360862803092,0.0079224098457229,0.037387774306103766,-0.0013143001035567287,0.45,0.02593058569643982,0.0376052909732424,0.03717025763896513,0.3856952920332554,0.3812334116816936,0.3856952920332554,0.3812334116816936,0.01075819405832068,0.015288293401726105,0.06141871093156202,0.06069798814140126,2.5254651633743912e-05,0.12214195372459703,74.86863074270224,FOLLOWING,STOPPED,0.0
84.6,P,1.4227484172415696,1.476389385623275,1.538007488838726,0.5747740269142805,0.9245774229376865,0.10457742293768657,0.007999427562385808,0.03836777500847225,-0.00010294737227904065,0.45,0.01329063980570755,0.03838481279858443,0.03835073721836007,0.393690387677789,0.39334089454728277,0.393690387677789,0.39334089454728277,0.0079950956445336,0.012107482865589159,0.06087551932409565,0.06082065311435042,1.7957603604684088e-06,0.12169796819880654,74.87471564111218,FOLLOWING,STOPPED,0.0
84.65,P,1.412453511520454,1.486684291344391,1.5378013576862284,0.5763756043319931,0.9089526437859056,0.08895264378590562,-0.0036680812033191845,0.038356687932968515,-0.000587843597499199,0.45,-0.05838232921938821,0.038453976048354634,0.0382593998175824,0.3943997543420988,0.3924041006931528,0.3943997543420988,0.3924041006931528,0.0007093666643097629,-0.0009367938541299803,0.05483921991746518,0.05455703611505352,4.104621236839909e-06,0.10940036065375555,74.88018565914486,FOLLOWING,STOPPED,0.0
84.7,P,1.4125234753899318,1.486614327474913,1.5375921255143778,0.5779998226840338,0.9188982469178154,0.09889824691781546,0.006050677946275451,0.038833660246059776,0.000287782284997857,0.45,-0.0017775630107170204,0.03878603227789263,0.03888128821422692,0.3978054592604372,0.3987824432228402,0.3978054592604372,0.3987824432228402,0.0034057049183384147,0.006378342529687386,0.05830241777220539,0.05844794228801331,3.628650488663263e-06,0.11675398871070737,74.88602335858039,FOLLOWING,STOPPED,0.0
84.75,P,1.4243743352584188,1.474763467606426,1.5373784760123772,0.5796414709402973,0.9171818170680913,0.09718181706809137,0.005987994842556743,0.03913095592115295,0.0010673833602431872,0.45,-0.008938790487145694,0.0389543039750327,0.03930760786727319,0.39953132282084824,0.4031549524848532,0.39953132282084824,0.4031549524848532,0.001725863560411045,0.004372509262013047,0.05740463333871268,0.057934041508298735,1.1982718300962377e-05,0.11535065756531238,74.89179089145865,FOLLOWING,STOPPED,0.0
84.8,P,1.4299250745413599,1.469212728323485,1.5371657912296046,0.5812763826737537,0.9022268698853396,0.08222686988533967,-0.005275368576192374,0.03908039825885173,0.0002484702664329444,0.45,-0.07277402418408485,0.039039276429757075,0.03912152008794638,0.40040283517699565,0.4012463598763731,0.40040283517699565,0.4012463598763731,0.0008715123561474081,-0.001908592608480142,0.05594258778561283,0.05606247225022646,2.930047986304359e-06,0.1120079900838256,74.89739129096284,FOLLOWING,STOPPED,0.0
84.85,P,1.4299250745413599,1.469212728323485,1.537210478764712,0.5809769020413598,0.8943889116271554,0.07438891162715544,-0.010667612015030414,0.0,0.0,0.45,-0.09125075519959876,0.0,0.0,0.0,0.0,0.0,0.0,-0.40040283517699565,-0.4012463598763731,0.0,0.0,0.0,0.0,74.89739129096284,SETTLED,STOPPED,0.0
84.9,P,1.4299250745413599,1.469212728323485,1.5372542302889165,0.5806743881625368,0.8946915899070796,0.07469158990707969,-0.010657699756513983,0.0,0.0,0.45,-0.06984380462402026,0.0,0.0,0.0,0.0,0.0,0.0,0.0,0.0,0.0,0.0,0.0,0.0,74.89739129096284,SETTLED,STOPPED,0.0
84.95,P,1.4299250745413599,1.469212728323485,1.5372988033134358,0.5803735361699568,0.8949971673751019,0.07499716737510198,-0.01064696343755811,0.0,0.0,0.45,-0.053133626747437664,0.0,0.0,0.0,0.0,0.0,0.0,0.0,0.0,0.0,0.0,0.0,0.0,74.89739129096284,SETTLED,STOPPED,0.0
85.0,P,1.4244955745018766,1.4746422283629683,1.5373426269897952,0.5800730740509097,0.895301193531292,0.07530119353129205,-0.010635559601853029,0.0,0.0,0.45,-0.040106513775764976,0.0,0.0,0.0,0.0,0.0,0.0,0.0,0.0,0.0,0.0,0.0,0.0,74.89739129096284,SETTLED,STOPPED,0.0
85.05,P,1.4164057267175187,1.4827320761473262,1.5373831639329443,0.5797825355385552,0.9016587098796323,0.08165870987963231,-0.005370617998626592,0.0,0.0,0.45,-0.003310008812397982,0.0,0.0,0.0,0.0,0.0,0.0,0.0,0.0,0.0,0.0,0.0,0.0,74.89739129096284,SETTLED,STOPPED,0.0
85.1,P,1.4109933747416277,1.4881444281232172,1.5374264100384896,0.5794837609814547,0.9110177897279519,0.09101778972795194,0.0023263148365937347,0.0,0.0,0.45,0.03859814445893828,0.0,0.0,0.0,0.0,0.0,0.0,0.0,0.0,0.0,0.0,0.0,0.0,74.89739129096284,SETTLED,STOPPED,0.0
85.15,P,1.4028076251803263,1.4963301776845184,1.5374690301970309,0.5791823268651222,0.9174145848115183,0.09741458481151832,0.0073954406392817695,0.0,0.0,0.45,0.05825245104566556,0.0,0.0,0.0,0.0,0.0,0.0,0.0,0.0,0.0,0.0,0.0,0.0,74.89739129096284,SETTLED,STOPPED,0.0
85.2,P,1.40866518991375,1.490472612951095,1.5375123637575352,0.578882276825801,0.9269810538860599,0.10698105388605994,0.014922457322416038,0.0,0.0,0.45,0.08752937574360464,0.0,0.0,0.0,0.0,0.0,0.0,0.0,0.0,0.0,0.0,0.0,0.0,74.89739129096284,SETTLED,STOPPED,0.0
85.25,P,1.4115143831284207,1.4876234197364242,1.5375547694334217,0.5785827050316498,0.9206511473541741,0.10065114735417413,0.009551270436101156,0.0,0.0,0.45,0.04042132433971249,0.0,0.0,0.0,0.0,0.0,0.0,0.0,0.0,0.0,0.0,0.0,0.0,74.89739129096284,SETTLED,STOPPED,0.0
85.3,P,1.415869241144513,1.4832685617203318,1.5375991076585074,0.5782832050291389,0.9177369993472427,0.09773699934724278,0.006909953635268806,0.0,0.0,0.45,0.018706381754477072,0.0,0.0,0.0,0.0,0.0,0.0,0.0,0.0,0.0,0.0,0.0,0.0,74.89739129096284,SETTLED,STOPPED,0.0
85.35,P,1.4229965107179854,1.4761412921468593,1.5376419384798217,0.5779836225323274,0.91313561765326,0.09313561765326006,0.002845092792651771,0.0,0.0,0.45,-0.0056551016850330035,0.0,0.0,0.0,0.0,0.0,0.0,0.0,0.0,0.0,0.0,0.0,0.0,74.89739129096284,SETTLED,STOPPED,0.0
85.4,P,1.4299250745413599,1.469212728323485,1.5376847233857176,0.5776821989034491,0.9054450693410954,0.08544506934109541,-0.003902384929312497,0.0,0.0,0.45,-0.03824939188785211,0.0,0.0,0.0,0.0,0.0,0.0,0.0,0.0,0.0,0.0,0.0,0.0,74.89739129096284,SETTLED,STOPPED,0.0
85.45,P,1.4299250745413599,1.469212728323485,1.5377295794094334,0.5773848546791569,0.8980193911085823,0.07801939110858236,-0.010570495162885107,0.0,0.0,0.45,-0.06250750989558396,0.0,0.0,0.0,0.0,0.0,0.0,0.0,0.0,0.0,0.0,0.0,0.0,74.89739129096284,SETTLED,STOPPED,0.0
85.5,P,1.4299250745413599,1.469212728323485,1.537772235011119,0.5770915046299471,0.8983199694311678,0.07831996943116781,-0.010558690510321878,0.0,0.0,0.45,-0.04743331309917941,0.0,0.0,0.0,0.0,0.0,0.0,0.0,0.0,0.0,0.0,0.0,0.0,74.89739129096284,SETTLED,STOPPED,0.0
85.55,P,1.4299250745413599,1.469212728323485,1.537808793324405,0.576805844019155,0.8986163184506754,0.0786163184506754,-0.010544478559529447,0.0,0.0,0.45,-0.03569404853152647,0.0,0.0,0.0,0.0,0.0,0.0,0.0,0.0,0.0,0.0,0.0,0.0,74.89739129096284,SETTLED,STOPPED,0.0
85.6,P,1.4299250745413599,1.469212728323485,1.5378502332321446,0.5765090230188947,0.8989043018765797,0.07890430187657971,-0.01053784789477108,0.0,0.0,0.45,-0.02657423078061164,0.0,0.0,0.0,0.0,0.0,0.0,0.0,0.0,0.0,0.0,0.0,0.0,74.89739129096284,SETTLED,STOPPED,0.0
85.65,P,1.4223895471593595,1.4767482557054854,1.537894023345176,0.5762104975875442,0.8992039509160177,0.07920395091601773,-0.010534840676939217,0.0,0.0,0.45,-0.01940944423534971,0.0,0.0,0.0,0.0,0.0,0.0,0.0,0.0,0.0,0.0,0.0,0.0,74.89739129096284,SETTLED,STOPPED,0.0
85.7,P,1.4051453691098252,1.4939924337550197,1.5379377557978995,0.5759059555093231,0.9079149397465863,0.08791493974658637,-0.003284316840788115,0.0,0.0,0.45,0.02318898435093144,0.0,0.0,0.0,0.0,0.0,0.0,0.0,0.0,0.0,0.0,0.0,0.0,74.89739129096284,SETTLED,STOPPED,0.0
85.75,P,1.4100568188466058,1.4890809840182389,1.537982269615675,0.575602826572019,0.9276403395173697,0.10764033951736973,0.012797820723783104,0.0,0.0,0.45,0.10487916678517822,0.0,0.0,0.0,0.0,0.0,0.0,0.0,0.0,0.0,0.0,0.0,0.0,74.89739129096284,SETTLED,STOPPED,0.0
85.8,P,1.4102812476502973,1.4888565552145476,1.5380252845493831,0.5753048452309574,0.922392142792755,0.1023921427927551,0.00829747538477088,0.0,0.0,0.45,0.058713684504133334,0.0,0.0,0.0,0.0,0.0,0.0,0.0,0.0,0.0,0.0,0.0,0.0,74.89739129096284,SETTLED,STOPPED,0.0
85.85,P,1.4201621079237674,1.4789756949410775,1.53806898720936,0.5750194283727923,0.9224398439883312,0.10243984398833128,0.00808757050894382,0.0,0.0,0.45,0.04600655917375919,0.0,0.0,0.0,0.0,0.0,0.0,0.0,0.0,0.0,0.0,0.0,0.0,74.89739129096284,SETTLED,STOPPED,0.0
85.9,P,1.416009686832432,1.4831281160324128,1.5381091973875853,0.574728605052168,0.9116133851863629,0.09161338518636297,-0.001151758786794188,0.0,0.0,0.45,-0.01175130257313109,0.0,0.0,0.0,0.0,0.0,0.0,0.0,0.0,0.0,0.0,0.0,0.0,74.89739129096284,SETTLED,STOPPED,0.0
85.95,P,1.4096138774074043,1.4895239254574406,1.538152167931465,0.5744277328775914,0.9165685801002322,0.09656858010023228,0.0027540703975335035,0.0,0.0,0.45,0.012636841613983952,0.0,0.0,0.0,0.0,0.0,0.0,0.0,0.0,0.0,0.0,0.0,0.0,74.89739129096284,SETTLED,STOPPED,0.0
86.0,P,1.4230811805995178,1.476056622265327,1.5381956349886845,0.5741250935497005,0.9240796144299387,0.10407961442993874,0.00869698140114461,0.0,0.0,0.45,0.042905287509617765,0.0,0.0,0.0,0.0,0.0,0.0,0.0,0.0,0.0,0.0,0.0,0.0,74.89739129096284,SETTLED,STOPPED,0.0
86.05,P,1.4296297802485587,1.4695080226162862,1.538238774313259,0.5738242551425651,0.9092479420381564,0.08924794203815645,-0.003908990380833144,0.0,0.0,0.45,-0.03179323426634393,0.0,0.0,0.0,0.0,0.0,0.0,0.0,0.0,0.0,0.0,0.0,0.0,74.89739129096284,SETTLED,STOPPED,0.0
86.1,P,1.4299250745413599,1.469212728323485,1.538283415369373,0.5735280306359354,0.9022446037010502,0.08224460370105025,-0.010180562186340225,0.0,0.0,0.45,-0.055613411411017305,0.0,0.0,0.0,0.0,0.0,0.0,0.0,0.0,0.0,0.0,0.0,0.0,74.89739129096284,SETTLED,STOPPED,0.0
86.15,P,1.4299250745413599,1.469212728323485,1.5383271661665048,0.573228455017242,0.9022153887507334,0.08221538875073342,-0.010466195824763602,0.0,0.0,0.45,-0.04350700668198753,0.0,0.0,0.0,0.0,0.0,0.0,0.0,0.0,0.0,0.0,0.0,0.0,74.89739129096284,SETTLED,STOPPED,0.0
86.2,P,1.4299250745413599,1.469212728323485,1.538369047389983,0.572925335056017,0.9025180505013863,0.08251805050138639,-0.010455434264199814,0.0,0.0,0.45,-0.03260375350907715,0.0,0.0,0.0,0.0,0.0,0.0,0.0,0.0,0.0,0.0,0.0,0.0,74.89739129096284,SETTLED,STOPPED,0.0
86.25,P,1.4264353064902282,1.4727024963746165,1.5384129067186663,0.5726229108287838,0.902824006425054,0.08282400642505405,-0.01044775123009134,0.0,0.0,0.45,-0.02408472167294237,0.0,0.0,0.0,0.0,0.0,0.0,0.0,0.0,0.0,0.0,0.0,0.0,74.89739129096284,SETTLED,STOPPED,0.0
86.3,P,1.4173755927116947,1.4817622101531502,1.5384517912290172,0.5723308576478758,0.9070183257626484,0.08701832576264845,-0.007085734133463584,0.0,0.0,0.45,-0.00033107781947864026,0.0,0.0,0.0,0.0,0.0,0.0,0.0,0.0,0.0,0.0,0.0,0.0,74.89739129096284,SETTLED,STOPPED,0.0
86.35,P,1.4124641429749138,1.486673659889931,1.5384960560030754,0.5720347438280126,0.9174556287728464,0.09745562877284641,0.001500537346971642,0.0,0.0,0.45,0.045665892545680306,0.0,0.0,0.0,0.0,0.0,0.0,0.0,0.0,0.0,0.0,0.0,0.0,74.89739129096284,SETTLED,STOPPED,0.0
86.4,P,1.4044240685039528,1.494713734360892,1.5385386407988944,0.5717369115187693,0.9232813167591226,0.10328131675912267,0.0060760141609284,0.0,0.0,0.45,0.06125242332524761,0.0,0.0,0.0,0.0,0.0,0.0,0.0,0.0,0.0,0.0,0.0,0.0,74.89739129096284,SETTLED,STOPPED,0.0
86.45,P,1.4073720352548487,1.491765767609996,1.5385800970464278,0.5714380085003575,0.9326697882989426,0.1126697882989427,0.013442383717088502,0.0,0.0,0.45,0.08908616496890362,0.0,0.0,0.0,0.0,0.0,0.0,0.0,0.0,0.0,0.0,0.0,0.0,74.89739129096284,SETTLED,STOPPED,0.0
86.5,P,1.4111910944636954,1.4879467084011495,1.5386230527400904,0.5711402019078898,0.9296336588500179,0.10963365885001797,0.010756061218647917,0.0,0.0,0.45,0.05612823910047526,0.0,0.0,0.0,0.0,0.0,0.0,0.0,0.0,0.0,0.0,0.0,0.0,74.89739129096284,SETTLED,STOPPED,0.0
86.55,P,1.414576086485612,1.4845617163792328,1.5386659310002428,0.5708417040820939,0.9256203726898691,0.10562037268986912,0.007251156579714646,0.0,0.0,0.45,0.026121567393714788,0.0,0.0,0.0,0.0,0.0,0.0,0.0,0.0,0.0,0.0,0.0,0.0,74.89739129096284,SETTLED,STOPPED,0.0
86.6,P,1.421380067394359,1.4777577354704858,1.5387091357263978,0.5705488794125647,0.9221076674575204,0.10210766745752042,0.004121363777144671,0.0,0.0,0.45,0.004918919544762373,0.0,0.0,0.0,0.0,0.0,0.0,0.0,0.0,0.0,0.0,0.0,0.0,74.89739129096284,SETTLED,STOPPED,0.0
86.65,P,1.4295658169556602,1.4695719859091847,1.5387533891134844,0.5702479837450423,0.914764460823433,0.09476446082343304,-0.002240157647102503,0.0,0.0,0.45,-0.028473351945071678,0.0,0.0,0.0,0.0,0.0,0.0,0.0,0.0,0.0,0.0,0.0,0.0,74.89739129096284,SETTLED,STOPPED,0.0
86.7,P,1.4299250745413599,1.469212728323485,1.5387969295788912,0.5699488999027638,0.9059280251665971,0.08592802516659714,-0.01004624087928363,0.0,0.0,0.45,-0.06108953140723605,0.0,0.0,0.0,0.0,0.0,0.0,0.0,0.0,0.0,0.0,0.0,0.0,74.89739129096284,SETTLED,STOPPED,0.0
86.75,P,1.4299250745413599,1.469212728323485,1.5388346468039706,0.5696641661435043,0.9058302898033415,0.08583028980334151,-0.01037808463731471,0.0,0.0,0.45,-0.048079870095968945,0.0,0.0,0.0,0.0,0.0,0.0,0.0,0.0,0.0,0.0,0.0,0.0,74.89739129096284,SETTLED,STOPPED,0.0
86.8,P,1.4299250745413599,1.469212728323485,1.5388725521713176,0.5693736356228751,0.9061174927405913,0.08611749274059133,-0.010360723800697524,0.0,0.0,0.45,-0.0362386057509565,0.0,0.0,0.0,0.0,0.0,0.0,0.0,0.0,0.0,0.0,0.0,0.0,74.89739129096284,SETTLED,STOPPED,0.0
86.85,P,1.4299250745413599,1.469212728323485,1.5389173886023477,0.569075034989649,0.9064104730386708,0.08641047303867089,-0.010360282871342053,0.0,0.0,0.45,-0.026976999174195937,0.0,0.0,0.0,0.0,0.0,0.0,0.0,0.0,0.0,0.0,0.0,0.0,74.89739129096284,SETTLED,STOPPED,0.0
86.9,P,1.4265922998007883,1.4725455030640566,1.5389601403820428,0.5687783911953489,0.9067122980773604,0.08671229807736047,-0.010334025874079167,0.0,0.0,0.45,-0.019714029185638585,0.0,0.0,0.0,0.0,0.0,0.0,0.0,0.0,0.0,0.0,0.0,0.0,74.89739129096284,SETTLED,STOPPED,0.0
86.95,P,1.405309350941405,1.4938284519234397,1.5390040088374932,0.5684824222677847,0.9107258226779339,0.09072582267793394,-0.007138484270412748,0.0,0.0,0.45,0.0022825654777261783,0.0,0.0,0.0,0.0,0.0,0.0,0.0,0.0,0.0,0.0,0.0,0.0,74.89739129096284,SETTLED,STOPPED,0.0
87.0,P,1.4090869528524301,1.4900508500124148,1.5390466096366364,0.5681806051189485,0.9349542962890949,0.11495429628909493,0.012661359496755287,0.0,0.0,0.45,0.10838568496174081,0.0,0.0,0.0,0.0,0.0,0.0,0.0,0.0,0.0,0.0,0.0,0.0,74.89739129096284,SETTLED,STOPPED,0.0
87.05,P,1.4102812476502973,1.4888565552145476,1.539090224661099,0.5678794557185929,0.9309856394227616,0.11098563942276163,0.009228595168257137,0.0,0.0,0.45,0.06707874405829034,0.0,0.0,0.0,0.0,0.0,0.0,0.0,0.0,0.0,0.0,0.0,0.0,74.89739129096284,SETTLED,STOPPED,0.0
87.1,P,1.4175757986059652,1.4815620042588797,1.5391329952953714,0.5675762836144824,0.9299411649962329,0.10994116499623297,0.008135663062940779,0.0,0.0,0.45,0.04772573288874009,0.0,0.0,0.0,0.0,0.0,0.0,0.0,0.0,0.0,0.0,0.0,0.0,74.89739129096284,SETTLED,STOPPED,0.0
87.15,P,1.41956586214441,1.4795719407204349,1.539175782309845,0.567277649332149,0.9220336488484817,0.10203364884848176,0.0013902104862411058,0.0,0.0,0.45,0.002433000603109997,0.0,0.0,0.0,0.0,0.0,0.0,0.0,0.0,0.0,0.0,0.0,0.0,74.89739129096284,SETTLED,STOPPED,0.0
87.2,P,1.4067042794248767,1.4924335234399682,1.5392192589044034,0.5669766590804595,0.9201018460483797,0.1001018460483798,-0.0004700423177577129,0.0,0.0,0.45,-0.006602191850023342,0.0,0.0,0.0,0.0,0.0,0.0,0.0,0.0,0.0,0.0,0.0,0.0,74.89739129096284,SETTLED,STOPPED,0.0
87.25,P,1.421438628635219,1.477699174229626,1.5392556391528744,0.5666891975319984,0.9348960517493875,0.11489605174938755,0.011379969471996487,0.0,0.0,0.45,0.05994479544141962,0.0,0.0,0.0,0.0,0.0,0.0,0.0,0.0,0.0,0.0,0.0,0.0,74.89739129096284,SETTLED,STOPPED,0.0
87.3,P,1.4283366255896577,1.4708011772751872,1.5392995122939355,0.5664022937299308,0.9185967698669145,0.09859676986691457,-0.002236259743258362,0.0,0.0,0.45,-0.024959899838577902,0.0,0.0,0.0,0.0,0.0,0.0,0.0,0.0,0.0,0.0,0.0,0.0,74.89739129096284,SETTLED,STOPPED,0.0
87.35,P,1.4299250745413599,1.469212728323485,1.5393441008850544,0.5661040926484487,0.9111806093106091,0.09118060931060912,-0.00877857602498655,0.0,0.0,0.45,-0.0520998283218366,0.0,0.0,0.0,0.0,0.0,0.0,0.0,0.0,0.0,0.0,0.0,0.0,74.89739129096284,SETTLED,STOPPED,0.0
87.4,P,1.4299250745413599,1.469212728323485,1.5393864622585383,0.5658132697094184,0.9097129938375221,0.08971299383752218,-0.010291463018887725,0.0,0.0,0.45,-0.04709537417261544,0.0,0.0,0.0,0.0,0.0,0.0,0.0,0.0,0.0,0.0,0.0,0.0,74.89739129096284,SETTLED,STOPPED,0.0
87.45,P,1.4299250745413599,1.469212728323485,1.5394303814310606,0.5655233438663345,0.910006800647753,0.09000680064775302,-0.010294976098919273,0.0,0.0,0.45,-0.0354416418896243,0.0,0.0,0.0,0.0,0.0,0.0,0.0,0.0,0.0,0.0,0.0,0.0,74.89739129096284,SETTLED,STOPPED,0.0
87.5,P,1.42837503847858,1.4707627643862649,1.5394732622296043,0.5652238298475949,0.9102999043268933,0.09029990432689339,-0.010290951555707695,0.0,0.0,0.45,-0.026354824485689248,0.0,0.0,0.0,0.0,0.0,0.0,0.0,0.0,0.0,0.0,0.0,0.0,74.89739129096284,SETTLED,STOPPED,0.0
87.55,P,1.4185521390050184,1.4805856638598263,1.5395160875474332,0.5649267897344011,0.9123286563985932,0.09232865639859322,-0.008799537067757601,0.0,0.0,0.45,-0.011630253983357831,0.0,0.0,0.0,0.0,0.0,0.0,0.0,0.0,0.0,0.0,0.0,0.0,74.89739129096284,SETTLED,STOPPED,0.0
87.6,P,1.4134340089690898,1.4857037938957551,1.53955681829794,0.5646382915272656,0.9236143408434134,0.10361434084341348,0.00046541758336648975,0.0,0.0,0.45,0.04058541345019283,0.0,0.0,0.0,0.0,0.0,0.0,0.0,0.0,0.0,0.0,0.0,0.0,74.89739129096284,SETTLED,STOPPED,0.0
87.65,P,1.4060405118275792,1.4930972910372657,1.5395975506315214,0.5643495947907533,0.929660487859046,0.10966048785904603,0.005212343540993425,0.0,0.0,0.45,0.05825966935993515,0.0,0.0,0.0,0.0,0.0,0.0,0.0,0.0,0.0,0.0,0.0,0.0,74.89739129096284,SETTLED,STOPPED,0.0
87.7,P,1.4060788805959477,1.4930589222688972,1.5396397865401439,0.5640616119711022,0.9383015325028953,0.11830153250289532,0.011952816720203652,0.0,0.0,0.45,0.08346313853368847,0.0,0.0,0.0,0.0,0.0,0.0,0.0,0.0,0.0,0.0,0.0,0.0,74.89739129096284,SETTLED,STOPPED,0.0
87.75,P,1.41086780579897,1.4882699970658748,1.5396822378764479,0.5637613892424251,0.9385491559514463,0.11854915595144633,0.011933483305899273,0.0,0.0,0.45,0.06619079122990149,0.0,0.0,0.0,0.0,0.0,0.0,0.0,0.0,0.0,0.0,0.0,0.0,74.89739129096284,SETTLED,STOPPED,0.0
87.8,P,1.4132829318267108,1.485854871038134,1.539725847714728,0.5634604121780542,0.9334395126900812,0.11343951269008123,0.007585514629834922,0.0,0.0,0.45,0.02914638680931547,0.0,0.0,0.0,0.0,0.0,0.0,0.0,0.0,0.0,0.0,0.0,0.0,74.89739129096284,SETTLED,STOPPED,0.0
87.85,P,1.419831531475752,1.479306271389093,1.5397680655552572,0.5631702284428144,0.9310205952147588,0.11102059521475882,0.005376618492419993,0.0,0.0,0.45,0.012090944819846844,0.0,0.0,0.0,0.0,0.0,0.0,0.0,0.0,0.0,0.0,0.0,0.0,74.89739129096284,SETTLED,STOPPED,0.0
87.9,P,1.427949373632034,1.471188429232811,1.5398113850089945,0.5628795058079605,0.9239534736079896,0.10395347360798968,-0.0006588688058795089,0.0,0.0,0.45,-0.02166439811030546,0.0,0.0,0.0,0.0,0.0,0.0,0.0,0.0,0.0,0.0,0.0,0.0,74.89739129096284,SETTLED,STOPPED,0.0
87.95,P,1.4299250745413599,1.469212728323485,1.539854551543514,0.562587529215011,0.9151711369806798,0.0951711369806798,-0.008276345042279365,0.0,0.0,0.45,-0.0555405116862039,0.0,0.0,0.0,0.0,0.0,0.0,0.0,0.0,0.0,0.0,0.0,0.0,74.89739129096284,SETTLED,STOPPED,0.0
88.0,P,1.4299250745413599,1.469212728323485,1.5398977987759468,0.562286965955792,0.9132654277768579,0.09326542777685798,-0.010156378686711598,0.0,0.0,0.45,-0.05170671961205556,0.0,0.0,0.0,0.0,0.0,0.0,0.0,0.0,0.0,0.0,0.0,0.0,74.89739129096284,SETTLED,STOPPED,0.0
88.05,P,1.4299250745413599,1.469212728323485,1.539939942291201,0.5619903706915315,0.9135690113624683,0.09356901136246831,-0.01014934909539833,0.0,0.0,0.45,-0.03899547352071779,0.0,0.0,0.0,0.0,0.0,0.0,0.0,0.0,0.0,0.0,0.0,0.0,74.89739129096284,SETTLED,STOPPED,0.0
88.1,P,1.4299250745413599,1.469212728323485,1.5399804402653863,0.5617009793937091,0.9138685229907502,0.09386852299075021,-0.010149084759813576,0.0,0.0,0.45,-0.029098618181719438,0.0,0.0,0.0,0.0,0.0,0.0,0.0,0.0,0.0,0.0,0.0,0.0,74.89739129096284,SETTLED,STOPPED,0.0
88.15,P,1.4299250745413599,1.469212728323485,1.5400240516666892,0.561407812652463,0.9141606849838981,0.09416068498389818,-0.010145952467426111,0.0,0.0,0.45,-0.02141140941189004,0.0,0.0,0.0,0.0,0.0,0.0,0.0,0.0,0.0,0.0,0.0,0.0,74.89739129096284,SETTLED,STOPPED,0.0
88.2,P,1.4095121035828337,1.4896256992820112,1.5400681338798583,0.5611063338683023,0.9144569698353856,0.09445696983538565,-0.010126295595141332,0.0,0.0,0.45,-0.01539724599472928,0.0,0.0,0.0,0.0,0.0,0.0,0.0,0.0,0.0,0.0,0.0,0.0,74.89739129096284,SETTLED,STOPPED,0.0
88.25,P,1.4081170868582542,1.4910207160065907,1.5401114009221764,0.560810037759122,0.9376529683178069,0.11765296831780692,0.008879674216778488,0.0,0.0,0.45,0.09005254144677054,0.0,0.0,0.0,0.0,0.0,0.0,0.0,0.0,0.0,0.0,0.0,0.0,74.89739129096284,SETTLED,STOPPED,0.0
88.3,P,1.4102812476502973,1.4888565552145476,1.540153344854772,0.560508984307768,0.9395288206706706,0.11952882067067061,0.010146014158719963,0.0,0.0,0.45,0.07849473268108174,0.0,0.0,0.0,0.0,0.0,0.0,0.0,0.0,0.0,0.0,0.0,0.0,74.89739129096284,SETTLED,STOPPED,0.0
88.35,P,1.414989489288163,1.484148313576682,1.5401952507721435,0.5602153388743245,0.9373878461132333,0.11738784611323339,0.00818046529477967,0.0,0.0,0.45,0.051805603438519435,0.0,0.0,0.0,0.0,0.0,0.0,0.0,0.0,0.0,0.0,0.0,0.0,74.89739129096284,SETTLED,STOPPED,0.0
88.4,P,1.4231220374563882,1.4760157654084567,1.5402395783234275,0.559912411827061,0.9323779407789153,0.11237794077891539,0.0038675787891193636,0.0,0.0,0.45,0.018364787211044717,0.0,0.0,0.0,0.0,0.0,0.0,0.0,0.0,0.0,0.0,0.0,0.0,74.89739129096284,SETTLED,STOPPED,0.0
88.45,P,1.4051133884215254,1.4940244144433192,1.5402809025528759,0.5596198209206865,0.9235593499184676,0.1035593499184676,-0.003671588550398619,0.0,0.0,0.45,-0.024477265761357572,0.0,0.0,0.0,0.0,0.0,0.0,0.0,0.0,0.0,0.0,0.0,0.0,74.89739129096284,SETTLED,STOPPED,0.0
88.5,P,1.4185290306526912,1.4806087722121535,1.5402696389285087,0.5597173898681213,0.9441303942108025,0.12413039421080252,0.01282446950444216,0.00781957176038659,0.001731303383099593,0.45,0.07142032759241987,0.007533041050483607,0.008106102470289572,0.07726195949213956,0.08313951251579048,0.07726195949213956,0.08313951251579048,0.07726195949213956,0.08313951251579048,0.020301424519237093,0.021848747773627768,4.316272422238464e-05,0.04219333501708724,74.8995009577137,FOLLOWING,STOPPED,0.0
88.55,P,1.4270434709307565,1.4720943319340885,1.5402240429063876,0.560085232967735,0.9289035007894354,0.10890350078943545,0.0005120365547448547,0.013507555646659737,0.001627297979680195,0.45,-0.011290475531931424,0.013238237831022666,0.013776873462296809,0.13577679826689912,0.14130126627996725,0.13577679826689912,0.14130126627996725,0.05851483877475956,0.058161753764176774,0.031068460768927005,0.03233725378669698,2.4371680731871636e-06,0.06340815172369718,74.90267136529988,FOLLOWING,STOPPED,0.0
88.6,P,1.4299250745413599,1.469212728323485,1.5401518804045593,0.5606645039310847,0.9190051351707186,0.09900513517071863,-0.0075373418110344925,0.017718568640334866,0.00044702703722258614,0.45,-0.05235937963726299,0.017644585665674527,0.017792551614995204,0.1809701093915336,0.18248770887174567,0.1809701093915336,0.18248770887174567,0.04519331112463448,0.04118644259177842,0.03715868163342208,0.03747195274115728,7.597627524385408e-06,0.07463823200210375,74.90640327689998,FOLLOWING,STOPPED,0.0
88.65,P,1.4299250745413599,1.469212728323485,1.5400556457182653,0.5614089876160213,0.9152102626049311,0.09521026260493115,-0.010288607031012198,0.021058712417698126,-0.000986637615686238,0.45,-0.057537755406530985,0.021222000943094198,0.020895423892302055,0.21766154813429947,0.21431203992104672,0.21766154813429947,0.21431203992104672,0.03669143874276587,0.03182433104930105,0.04169100879243996,0.0410451351666789,2.0368907637691397e-05,0.08275651286675656,74.91054110254332,FOLLOWING,STOPPED,0.0
88.7,P,1.4299250745413599,1.469212728323485,1.5399433110970162,0.5622902078247718,0.9144596078286976,0.09445960782869767,-0.010248276290939273,0.023850548344998824,-0.002271491153394343,0.45,-0.048182330232521685,0.02422648013088559,0.02347461655911206,0.24847671929113424,0.24076529804217495,0.24847671929113424,0.24076529804217495,0.03081517115683477,0.026453258121128226,0.04544751527095664,0.044025921606946114,4.2026881598086336e-05,0.08951546375950084,74.9150168757313,FOLLOWING,STOPPED,0.0
88.75,P,1.4299250745413599,1.469212728323485,1.5398173036408989,0.5632857277288923,0.9135712728422207,0.09357127284222078,-0.010146164261242374,0.026167652856063227,-0.003414074213322564,0.45,-0.041490891521865456,0.026732682138368113,0.02560262357375834,0.27418135526531395,0.26259101101290605,0.27418135526531395,0.26259101101290605,0.025704635974179713,0.021825712970731104,0.04809730651915117,0.046045849742994395,5.6172432405317055e-05,0.09419932869455087,74.91972684216603,FOLLOWING,STOPPED,0.0
88.8,P,1.4204918709933703,1.4786459318714746,1.5396751045505965,0.5643812669774297,0.9125678234645253,0.0925678234645253,-0.009989255215592463,0.028073986845969068,-0.004421216246095233,0.45,-0.0367780726489154,0.02880569813469783,0.027342275557240305,0.2954430577917726,0.2804335954588749,0.2954430577917726,0.2804335954588749,0.021261702526458648,0.017842584445968868,0.04991238843138998,0.04735142281617178,6.412021513085023e-05,0.0973279314626926,74.92459323873916,FOLLOWING,STOPPED,0.0
88.85,P,1.4144038749632655,1.4847339279015794,1.5395204549307915,0.5655820047431488,0.9220002823399658,0.10200028233996583,-0.0008538974006606637,0.03028890426375579,-0.004094370770574918,0.45,0.012815922385786677,0.03096652262628594,0.02961128590122564,0.31760536026959935,0.30370549642282707,0.31760536026959935,0.30370549642282707,0.022162302477826745,0.023271900963952152,0.055275438571018666,0.05283100366249949,1.927046248509764e-05,0.10812571269600324,74.92999952437397,FOLLOWING,STOPPED,0.0
88.9,P,1.4076569551512057,1.4914808477136392,1.539353091009024,0.5668967182913096,0.9276283827204792,0.10762838272047925,0.005011757083723145,0.03252607157934099,-0.0030083464872148634,0.45,0.034760061135174075,0.033023952922975046,0.03202819023570693,0.3387072094664107,0.3284942588277634,0.3387072094664107,0.3284942588277634,0.02110184919681135,0.024788762404936326,0.05911208737289906,0.0573095665599775,4.704677766542081e-05,0.116468700710542,74.93582295940949,FOLLOWING,STOPPED,0.0
88.95,P,1.4047857259370464,1.4943520769277983,1.5391669369422618,0.5683384418931594,0.933916315619086,0.113916315619086,0.011361033613400906,0.034823425570220654,-0.0011737723006843591,0.45,0.054779752439307015,0.03501768488598391,0.034629166254457396,0.3591557424203478,0.35517093594315274,0.3591557424203478,0.35517093594315274,0.020448532953937115,0.026676677115389347,0.06307263891474926,0.06236436091243317,3.100856203728243e-05,0.1254680083892197,74.94209635982895,FOLLOWING,STOPPED,0.0
89.0,P,1.4105445171342448,1.4885932857306,1.5389670806798121,0.5698762787845846,0.9357133974360384,0.11571339743603848,0.014064316390731246,0.03688913479136846,0.0008422876421326807,0.45,0.05063536689725085,0.0367497361865955,0.03702853339614142,0.3769203711445692,0.3797798297040146,0.3769203711445692,0.3797798297040146,0.01776462872422141,0.02460889376086184,0.0648278988293779,0.06532622324442693,2.4452674209123957e-05,0.13017857474801395,74.94860528856636,FOLLOWING,STOPPED,0.0
89.05,P,1.412181667046505,1.4869561358183399,1.5387628905737059,0.5714676538878625,0.9276493376699301,0.10764933766993012,0.008793036517390052,0.03813741066749137,0.001945118807767007,0.45,0.004013723208976881,0.03781549350480593,0.03845932783017681,0.387851215433907,0.39445464441206984,0.387851215433907,0.39445464441206984,0.010930844289337771,0.014674814708055262,0.06163295006575585,0.06269792119971901,3.088998204576568e-05,0.12436176124752063,74.95482337662874,FOLLOWING,STOPPED,0.0
89.1,P,1.4185383768168507,1.4805994260479942,1.538553847912972,0.5731018408552784,0.9241980127099458,0.10419801270994589,0.007204900022075966,0.038981103485969906,0.0027232684299705176,0.45,-0.012055125720929538,0.038530402560809786,0.03943180441113003,0.3951836160083055,0.4044287631910772,0.3951836160083055,0.4044287631910772,0.00733240057439849,0.009974118779007335,0.060243375076353356,0.061675176405777826,3.0515188319142136e-05,0.12194906667045033,74.96092082996226,FOLLOWING,STOPPED,0.0
89.15,P,1.4263329303084074,1.4728048725564373,1.5383417573627018,0.574740078147493,0.9153991372254152,0.09539913722541526,0.0011584921107616886,0.03914407957515586,0.0026073380219263005,0.45,-0.04811805019426198,0.038712565132527056,0.03957559401778466,0.39705195007720057,0.40590352838753496,0.39705195007720057,0.40590352838753496,0.0018683340688950834,0.0014747651964577835,0.056184514399061775,0.05745860713518115,4.3526845553923455e-06,0.11364747421879833,74.9666032036732,FOLLOWING,STOPPED,0.0
89.2,P,1.4299250745413599,1.469212728323485,1.538130838639691,0.5763796989802954,0.9050228462833733,0.08502284628337331,-0.006374974745270601,0.03910629226781708,0.001485982629122203,0.45,-0.08318775929651154,0.038860362142697356,0.03935222239293681,0.398567816848178,0.4036125373634544,0.398567816848178,0.4036125373634544,0.0015158667709774254,-0.0022909910240805353,0.055599935521390115,0.05631588722814759,2.3994930740824626e-05,0.11193981768027854,74.97220019455722,FOLLOWING,STOPPED,0.0
89.25,P,1.4299250745413599,1.469212728323485,1.5381744182875585,0.5760788478365106,0.8993660576596387,0.07936605765963878,-0.009915637873402439,0.0,0.0,0.45,-0.08977632219571235,0.0,0.0,0.0,0.0,0.0,0.0,-0.398567816848178,-0.4036125373634544,0.0,0.0,0.0,0.0,74.97220019455722,SETTLED,STOPPED,0.0
89.3,P,1.4299250745413599,1.469212728323485,1.5382158116712508,0.5757783806955297,0.8996699666517738,0.07966996665177384,-0.009908467019790645,0.0,0.0,0.45,-0.0686883317472613,0.0,0.0,0.0,0.0,0.0,0.0,0.0,0.0,0.0,0.0,0.0,0.0,74.97220019455722,SETTLED,STOPPED,0.0
89.35,P,1.4299250745413599,1.469212728323485,1.5382573478954344,0.5754821313985548,0.8999732314183158,0.0799732314183158,-0.009905999238263963,0.0,0.0,0.45,-0.05224253379007909,0.0,0.0,0.0,0.0,0.0,0.0,0.0,0.0,0.0,0.0,0.0,0.0,74.97220019455722,SETTLED,STOPPED,0.0
89.4,P,1.4299250745413599,1.469212728323485,1.5382967543067891,0.5751949108343131,0.900272326204607,0.080272326204607,-0.009913920756802197,0.0,0.0,0.45,-0.039433159296580346,0.0,0.0,0.0,0.0,0.0,0.0,0.0,0.0,0.0,0.0,0.0,0.0,74.97220019455722,SETTLED,STOPPED,0.0
89.45,P,1.4137148562242623,1.4854229466405824,1.5383394954952165,0.5748943174017918,0.9005622016070202,0.08056220160702021,-0.009910949649905243,0.0,0.0,0.45,-0.029482412480714478,0.0,0.0,0.0,0.0,0.0,0.0,0.0,0.0,0.0,0.0,0.0,0.0,74.97220019455722,SETTLED,STOPPED,0.0
89.5,P,1.4071472208640783,1.4919905820007666,1.5383828749979092,0.5745960446359949,0.9190177829492129,0.09901778294921293,0.005485315654969236,0.0,0.0,0.45,0.05820827617069528,0.0,0.0,0.0,0.0,0.0,0.0,0.0,0.0,0.0,0.0,0.0,0.0,74.97220019455722,SETTLED,STOPPED,0.0
89.55,P,1.4102812476502973,1.4888565552145476,1.5384265498574468,0.5743028742067693,0.9267337989426403,0.10673379894264035,0.011548847711088106,0.0,0.0,0.45,0.07935292578422488,0.0,0.0,0.0,0.0,0.0,0.0,0.0,0.0,0.0,0.0,0.0,0.0,74.97220019455722,SETTLED,STOPPED,0.0
89.6,P,1.4124031799703582,1.4867346228944867,1.5384650771845547,0.5740219166622001,0.9234877659842814,0.10348776598428144,0.008665522182021101,0.0,0.0,0.45,0.04761273709491543,0.0,0.0,0.0,0.0,0.0,0.0,0.0,0.0,0.0,0.0,0.0,0.0,74.97220019455722,SETTLED,STOPPED,0.0
89.65,P,1.425500379268438,1.473637423596407,1.53850782897809,0.573721846736978,0.9213772767151938,0.10137727671519381,0.006732988427493369,0.0,0.0,0.45,0.027851782150047917,0.0,0.0,0.0,0.0,0.0,0.0,0.0,0.0,0.0,0.0,0.0,0.0,74.97220019455722,SETTLED,STOPPED,0.0
89.7,P,1.4086695637335134,1.4904682391313315,1.5385467115266243,0.5734298636380185,0.9069833125058687,0.08698331250586877,-0.0055944674360086655,0.0,0.0,0.45,-0.0416090524439964,0.0,0.0,0.0,0.0,0.0,0.0,0.0,0.0,0.0,0.0,0.0,0.0,74.97220019455722,SETTLED,STOPPED,0.0
89.75,P,1.4156194326701532,1.4835183701946917,1.5385896351727777,0.5731294947432118,0.9261897514258556,0.10618975142585563,0.010163476781131164,0.0,0.0,0.45,0.05205327034162978,0.0,0.0,0.0,0.0,0.0,0.0,0.0,0.0,0.0,0.0,0.0,0.0,74.97220019455722,SETTLED,STOPPED,0.0
89.8,P,1.4257503162718494,1.4733874865929955,1.5386326306366147,0.5728294707068002,0.9186563967280402,0.09865639672804027,0.0037364124403995724,0.0,0.0,0.45,0.0074547901960817856,0.0,0.0,0.0,0.0,0.0,0.0,0.0,0.0,0.0,0.0,0.0,0.0,74.97220019455722,SETTLED,STOPPED,0.0
89.85,P,1.4299250745413599,1.469212728323485,1.538676322080149,0.5725273017809613,0.907605176755414,0.08760517675541402,-0.0058271305743786694,0.0,0.0,0.45,-0.04281063152661451,0.0,0.0,0.0,0.0,0.0,0.0,0.0,0.0,0.0,0.0,0.0,0.0,74.97220019455722,SETTLED,STOPPED,0.0
89.9,P,1.4299250745413599,1.469212728323485,1.538719280169047,0.5722254523179939,0.9032561032259846,0.08325610322598465,-0.009833960586363988,0.0,0.0,0.45,-0.05252821612024963,0.0,0.0,0.0,0.0,0.0,0.0,0.0,0.0,0.0,0.0,0.0,0.0,74.97220019455722,SETTLED,STOPPED,0.0
89.95,P,1.4299250745413599,1.469212728323485,1.538762240448206,0.5719274112361913,0.9035609290434766,0.08356092904347667,-0.009832366341947507,0.0,0.0,0.45,-0.03963077497682972,0.0,0.0,0.0,0.0,0.0,0.0,0.0,0.0,0.0,0.0,0.0,0.0,74.97220019455722,SETTLED,STOPPED,0.0
90.0,P,1.4299250745413599,1.469212728323485,1.5388051751303284,0.5716260066527967,0.9038619744978099,0.08386197449780997,-0.009831406802949028,0.0,0.0,0.45,-0.02958740448286062,0.0,0.0,0.0,0.0,0.0,0.0,0.0,0.0,0.0,0.0,0.0,0.0,74.97220019455722,SETTLED,STOPPED,0.0
90.05,P,1.4224316029817394,1.4767061998831053,1.5388496093072686,0.5713252781371154,0.9041663559455182,0.08416635594551825,-0.009828717515859342,0.0,0.0,0.45,-0.021738897126714778,0.0,0.0,0.0,0.0,0.0,0.0,0.0,0.0,0.0,0.0,0.0,0.0,74.97220019455722,SETTLED,STOPPED,0.0
90.1,P,1.415373740957451,1.4837640619073937,1.5388925770832853,0.571025720485127,0.9128350155742433,0.09283501557424334,-0.002658955238738381,0.0,0.0,0.45,0.02118576260755506,0.0,0.0,0.0,0.0,0.0,0.0,0.0,0.0,0.0,0.0,0.0,0.0,74.97220019455722,SETTLED,STOPPED,0.0
90.15,P,1.4092733984748496,1.4898644043899951,1.53892937748131,0.5707378970175698,0.9210581864248052,0.10105818642480524,0.003975852384974443,0.0,0.0,0.45,0.052706846576367365,0.0,0.0,0.0,0.0,0.0,0.0,0.0,0.0,0.0,0.0,0.0,0.0,74.97220019455722,SETTLED,STOPPED,0.0
90.2,P,1.40349257127813,1.4956452315867148,1.5389717102494438,0.5704377231907929,0.9282263783403037,0.1082263783403038,0.009598184757599881,0.0,0.0,0.45,0.07265138475776198,0.0,0.0,0.0,0.0,0.0,0.0,0.0,0.0,0.0,0.0,0.0,0.0,74.97220019455722,SETTLED,STOPPED,0.0
90.25,P,1.4100411709271699,1.4890966319376748,1.5390126397776547,0.5701466345747417,0.9350740776476474,0.11507407764764743,0.01485651472999927,0.0,0.0,0.45,0.08679795706336804,0.0,0.0,0.0,0.0,0.0,0.0,0.0,0.0,0.0,0.0,0.0,0.0,74.97220019455722,SETTLED,STOPPED,0.0
90.3,P,1.4118583783817753,1.4872794244830694,1.5390576287805604,0.5698487268816439,0.9279562152552169,0.10795621525521693,0.008905090514858882,0.0,0.0,0.45,0.03638381198273106,0.0,0.0,0.0,0.0,0.0,0.0,0.0,0.0,0.0,0.0,0.0,0.0,74.97220019455722,SETTLED,STOPPED,0.0
90.35,P,1.4172452221579308,1.481892580706914,1.5390998729823167,0.5695519908405389,0.9262066368815606,0.10620663688156062,0.007237522668092744,0.0,0.0,0.45,0.02068122850244206,0.0,0.0,0.0,0.0,0.0,0.0,0.0,0.0,0.0,0.0,0.0,0.0,74.97220019455722,SETTLED,STOPPED,0.0
90.4,P,1.4247164869847562,1.4744213158800887,1.5391425663686467,0.5692487186670117,0.9204422349312631,0.10044223493126314,0.002239445652356009,0.0,0.0,0.45,-0.009232010349405555,0.0,0.0,0.0,0.0,0.0,0.0,0.0,0.0,0.0,0.0,0.0,0.0,74.97220019455722,SETTLED,STOPPED,0.0
90.45,P,1.4299250745413599,1.469212728323485,1.5391870382628376,0.5689475875105352,0.9123764345864244,0.09237643458642442,-0.004787540739415341,0.0,0.0,0.45,-0.04269048958982874,0.0,0.0,0.0,0.0,0.0,0.0,0.0,0.0,0.0,0.0,0.0,0.0,74.97220019455722,SETTLED,STOPPED,0.0
90.5,P,1.4299250745413599,1.469212728323485,1.5392282056396074,0.5686568957285122,0.9068712700704736,0.08687127007047368,-0.009758861652639172,0.0,0.0,0.45,-0.05752130575025102,0.0,0.0,0.0,0.0,0.0,0.0,0.0,0.0,0.0,0.0,0.0,0.0,74.97220019455722,SETTLED,STOPPED,0.0
90.55,P,1.4299250745413599,1.469212728323485,1.5392713123099209,0.5683588929490598,0.9071648042603424,0.08716480426034245,-0.009751473645608577,0.0,0.0,0.45,-0.04357506804977313,0.0,0.0,0.0,0.0,0.0,0.0,0.0,0.0,0.0,0.0,0.0,0.0,74.97220019455722,SETTLED,STOPPED,0.0
90.6,P,1.4299250745413599,1.469212728323485,1.539317078744379,0.5680680520694417,0.9074658298927573,0.08746582989275731,-0.009738417532579868,0.0,0.0,0.45,-0.03266404029619761,0.0,0.0,0.0,0.0,0.0,0.0,0.0,0.0,0.0,0.0,0.0,0.0,74.97220019455722,SETTLED,STOPPED,0.0
90.65,P,1.4299250745413599,1.469212728323485,1.5393596653361485,0.5677739675493448,0.9077600663856932,0.08776006638569323,-0.0097460119330115,0.0,0.0,0.45,-0.024183310862116027,0.0,0.0,0.0,0.0,0.0,0.0,0.0,0.0,0.0,0.0,0.0,0.0,74.97220019455722,SETTLED,STOPPED,0.0
90.7,P,1.4179176088657788,1.4812201939990661,1.5394029719809301,0.5674743188463416,0.9080571397706426,0.08805713977064267,-0.009752406091625865,0.0,0.0,0.45,-0.017555859578672884,0.0,0.0,0.0,0.0,0.0,0.0,0.0,0.0,0.0,0.0,0.0,0.0,74.97220019455722,SETTLED,STOPPED,0.0
90.75,P,1.4061773548698813,1.4929604479949634,1.539446736675405,0.567173559292373,0.921786427438503,0.10178642743850308,0.0016232369477560127,0.0,0.0,0.45,0.04671529526722439,0.0,0.0,0.0,0.0,0.0,0.0,0.0,0.0,0.0,0.0,0.0,0.0,74.97220019455722,SETTLED,STOPPED,0.0
90.8,P,1.4102812476502973,1.4888565552145476,1.5394900683116204,0.5668752479589053,0.9353299371988737,0.11532993719887374,0.012413937083481263,0.0,0.0,0.45,0.09602937325406934,0.0,0.0,0.0,0.0,0.0,0.0,0.0,0.0,0.0,0.0,0.0,0.0,74.97220019455722,SETTLED,STOPPED,0.0
90.85,P,1.4102812476502973,1.4888565552145476,1.5395345556096591,0.5665742807405705,0.9309911118080092,0.11099111180800925,0.008672745445408525,0.0,0.0,0.45,0.055812079418369215,0.0,0.0,0.0,0.0,0.0,0.0,0.0,0.0,0.0,0.0,0.0,0.0,74.97220019455722,SETTLED,STOPPED,0.0
90.9,P,1.422914069950577,1.4762237329142678,1.5395777946465432,0.5662726487814763,0.9312953406021798,0.11129534060217983,0.008679516194132875,0.0,0.0,0.45,0.04487202864067862,0.0,0.0,0.0,0.0,0.0,0.0,0.0,0.0,0.0,0.0,0.0,0.0,74.97220019455722,SETTLED,STOPPED,0.0
90.95,P,1.4122257390455721,1.4869120638192728,1.5396165747259922,0.565983599079711,0.9173992588695387,0.09739925886953871,-0.003045397474815026,0.0,0.0,0.45,-0.02614257728389508,0.0,0.0,0.0,0.0,0.0,0.0,0.0,0.0,0.0,0.0,0.0,0.0,74.97220019455722,SETTLED,STOPPED,0.0
91.0,P,1.4127098346875597,1.4864279681772852,1.5396592187610767,0.5656832446968605,0.9296976186819681,0.10969761868196815,0.006894155649063594,0.0,0.0,0.45,0.03372157289325444,0.0,0.0,0.0,0.0,0.0,0.0,0.0,0.0,0.0,0.0,0.0,0.0,74.97220019455722,SETTLED,STOPPED,0.0
91.05,P,1.424457161612919,1.4746806412519258,1.5397009186264805,0.5653819521157051,0.9294552124409703,0.10945521244097034,0.006451572207146761,0.0,0.0,0.45,0.02523623939634806,0.0,0.0,0.0,0.0,0.0,0.0,0.0,0.0,0.0,0.0,0.0,0.0,74.97220019455722,SETTLED,STOPPED,0.0
91.1,P,1.4299250745413599,1.469212728323485,1.539744330048746,0.5650796709866542,0.9165725446441488,0.09657254464414888,-0.004501009479404239,0.0,0.0,0.45,-0.036999471576866144,0.0,0.0,0.0,0.0,0.0,0.0,0.0,0.0,0.0,0.0,0.0,0.0,74.97220019455722,SETTLED,STOPPED,0.0
91.15,P,1.4299250745413599,1.469212728323485,1.5397866183018627,0.5647827832542125,0.9107781586365812,0.09077815863658123,-0.00970394122761653,0.0,0.0,0.45,-0.054354886263254715,0.0,0.0,0.0,0.0,0.0,0.0,0.0,0.0,0.0,0.0,0.0,0.0,74.97220019455722,SETTLED,STOPPED,0.0
91.2,P,1.4299250745413599,1.469212728323485,1.5398300345223253,0.5644844273704746,0.9110779792835783,0.0910779792835783,-0.009700973064156848,0.0,0.0,0.45,-0.04107760043855148,0.0,0.0,0.0,0.0,0.0,0.0,0.0,0.0,0.0,0.0,0.0,0.0,74.97220019455722,SETTLED,STOPPED,0.0
91.25,P,1.4299250745413599,1.469212728323485,1.5398739801865586,0.5641847188377156,0.9113793934326904,0.09137939343269041,-0.009679144032463949,0.0,0.0,0.45,-0.030714306085976792,0.0,0.0,0.0,0.0,0.0,0.0,0.0,0.0,0.0,0.0,0.0,0.0,74.97220019455722,SETTLED,STOPPED,0.0
91.3,P,1.4243713349701352,1.4747664678947097,1.5399180691823755,0.5638848226758904,0.9116822142645709,0.0916822142645709,-0.009673412082879418,0.0,0.0,0.45,-0.022624747086787664,0.0,0.0,0.0,0.0,0.0,0.0,0.0,0.0,0.0,0.0,0.0,0.0,74.97220019455722,SETTLED,STOPPED,0.0
91.35,P,1.4163436069516488,1.482794195913196,1.5399608848765913,0.5635813882693798,0.918181038457916,0.09818103845791604,-0.004388286166772337,0.0,0.0,0.45,0.010947523723025824,0.0,0.0,0.0,0.0,0.0,0.0,0.0,0.0,0.0,0.0,0.0,0.0,74.97220019455722,SETTLED,STOPPED,0.0
91.4,P,1.4108898417985127,1.4882479610663322,1.5400030672099763,0.563283987766771,0.9274876910978388,0.10748769109783884,0.0031148977551962442,0.0,0.0,0.45,0.049488340119622824,0.0,0.0,0.0,0.0,0.0,0.0,0.0,0.0,0.0,0.0,0.0,0.0,74.97220019455722,SETTLED,STOPPED,0.0
91.45,P,1.402704092237213,1.496433710627632,1.5400462987204773,0.5629802640145078,0.9339317838462629,0.1139317838462629,0.008120285175415631,0.0,0.0,0.45,0.06695491338637327,0.0,0.0,0.0,0.0,0.0,0.0,0.0,0.0,0.0,0.0,0.0,0.0,74.97220019455722,SETTLED,STOPPED,0.0
91.5,P,1.4087480162682395,1.4903897865966054,1.5400350715122142,0.5630754315099797,0.943503163044837,0.123503163044837,0.015510595754205214,0.007779763355794319,0.002093930426817585,0.45,0.09433890091509956,0.007433217870156009,0.008126308841432629,0.07623813200160008,0.08334675734802696,0.07623813200160008,0.08334675734802696,0.07623813200160008,0.08334675734802696,0.019983110075154922,0.02184993782727228,6.313744270587921e-05,0.04189618534513308,74.97429500382448,FOLLOWING,STOPPED,0.0
91.55,P,1.4115350897170427,1.487602713147802,1.5399870193533425,0.5634758084102751,0.9365619061356055,0.11656190613560558,0.00996381844594696,0.013955834424128972,0.003229652874338602,0.45,0.04304281231315768,0.013421326873425933,0.01449034197483201,0.13765463459924032,0.14861889204955908,0.13765463459924032,0.14861889204955908,0.06141650259764024,0.06527213470153212,0.03258057673262565,0.035185412218980694,5.2819045446057586e-05,0.06781880799705241,74.97768594422433,FOLLOWING,STOPPED,0.0
91.6,P,1.4159520674990003,1.4831857353658444,1.5399067620723452,0.5641162538318517,0.9330114866854807,0.11301148668548078,0.007279591960476894,0.018981994276695197,0.003889432501569085,0.45,0.017951548023712995,0.018338293197685512,0.01962569535570488,0.18808505843780013,0.20128918313543467,0.18808505843780013,0.20128918313543467,0.05043042383855981,0.05267029108587559,0.041094113262747096,0.04399498805193572,3.69528238947387e-05,0.08512605413857754,74.98194224693127,FOLLOWING,STOPPED,0.0
91.65,P,1.423100043661093,1.476037759203752,1.5398002333157321,0.5649506677105952,0.9273906826111277,0.10739068261112772,0.0030287475296129074,0.02290027710817734,0.003909370167909917,0.45,-0.010729330468658725,0.022253276345388248,0.02354727787096643,0.22823873174757175,0.24151054226632235,0.22823873174757175,0.24151054226632235,0.040153673309771626,0.040221359130887674,0.0458542584525426,0.04853986068214978,1.1223895393525975e-06,0.09439524152423173,74.98666200900747,FOLLOWING,STOPPED,0.0
91.7,P,1.4299250745413599,1.469212728323485,1.5396760011341508,0.5659267626496762,0.9185306867769244,0.09853068677692445,-0.003833989717318298,0.025672623185940966,0.003000844539281007,0.45,-0.047352859436050415,0.02517598341468996,0.026169262957191974,0.2582152145096406,0.2684026969968408,0.2582152145096406,0.2684026969968408,0.029976482762068823,0.026892154730518425,0.0471628562767292,0.04904000001696097,3.925935606914014e-05,0.0962421156497593,74.99147411478997,FOLLOWING,STOPPED,0.0
91.75,P,1.4299250745413599,1.469212728323485,1.5395397823557633,0.5669972901257707,0.9099290091382083,0.08992900913820834,-0.010471097469004764,0.027486946691375667,0.0012871619270373603,0.45,-0.07478261197047235,0.027273921392450984,0.02769997199030035,0.27973252710206137,0.2841022768235933,0.27973252710206137,0.2841022768235933,0.02151731259242079,0.01569957982675252,0.04681780491991612,0.047556602605110035,3.176333299448748e-05,0.09440617085802064,74.99619442333287,FOLLOWING,STOPPED,0.0
91.8,P,1.4299250745413599,1.469212728323485,1.5393926659872386,0.5681312691994468,0.9088498671901376,0.08884986719013765,-0.010534134475207013,0.0289611357495503,-0.0002636624198192345,0.45,-0.06307866190847972,0.029004771880030384,0.028917499619070215,0.2974848397951834,0.2965897396827714,0.2974848397951834,0.2965897396827714,0.017752312693122052,0.012487462859178122,0.048192819372655425,0.048046219460962665,5.888075040098163e-06,0.09624492690865818,75.0010066696783,FOLLOWING,STOPPED,0.0
91.85,P,1.4299250745413599,1.469212728323485,1.5392386986327833,0.5693230506538921,0.9077064225585647,0.08770642255856476,-0.010528110006851943,0.030142163784629788,-0.0016585910287622442,0.45,-0.054232512667535225,0.030416660599889938,0.029867666969369638,0.3119657497424609,0.30633504583968857,0.3119657497424609,0.30633504583968857,0.014480909947277465,0.009745306156917155,0.04909454388274518,0.04819808180446057,3.331607150241798e-05,0.09732594175870818,75.00587296676623,FOLLOWING,STOPPED,0.0
91.9,P,1.4299250745413599,1.469212728323485,1.5390782064586483,0.5705643726373295,0.9065047712992386,0.08650477129923861,-0.010445210292807205,0.03107034251827898,-0.002902835315414922,0.45,-0.047588625421712806,0.03155076176298015,0.03058992327357781,0.3235975565433861,0.31374280280592626,0.3235975565433861,0.31374280280592626,0.011631806800925237,0.0074077569662376885,0.04963134184608457,0.04810133104155605,5.201044209070337e-05,0.09778468332973132,75.01076220093272,FOLLOWING,STOPPED,0.0
91.95,P,1.4221203615073026,1.477017441357542,1.5389093013200594,0.5718498484512082,0.9052531543081107,0.08525315430811076,-0.01031133277428542,0.03178045433522029,-0.004004581708401899,0.45,-0.042626242589898874,0.032443212607960806,0.031117696062479775,0.33275089854318773,0.31915585705107463,0.33275089854318773,0.31915585705107463,0.009153341999801612,0.005413054245148374,0.04988615754168775,0.04782194946285449,6.353328171821283e-05,0.09777164028626045,75.01565078294703,FOLLOWING,STOPPED,0.0
92.0,P,1.4052074888756836,1.4939303139891613,1.5387382128456557,0.5731908512044221,0.9126708211126475,0.09267082111264757,-0.0026775393278977155,0.03285162698716429,-0.003965591346827903,0.45,-0.0006107352801572805,0.03350793235506431,0.03219532161926427,0.34367110107758264,0.3302084268642489,0.34367110107758264,0.3302084268642489,0.010920202534394907,0.011052569813174262,0.05354207307710481,0.05141798932445433,2.2265257027325315e-06,0.10496228892726188,75.0208988973934,FOLLOWING,STOPPED,0.0
92.05,P,1.4101189386124633,1.4890188642523814,1.5385556822432018,0.5746170870265221,0.9303717604125111,0.11037176041251118,0.013237346584183074,0.03487669463923302,-0.001781990423280522,0.45,0.07740775940088161,0.03517161405428595,0.03458177522418009,0.3607345031208815,0.3546848740941548,0.3607345031208815,0.3546848740941548,0.01706340204329887,0.024476447229905884,0.06177314411869498,0.06072431514232373,5.603264545000547e-05,0.12255349190646872,75.02702657198871,FOLLOWING,STOPPED,0.0
92.1,P,1.4102812476502973,1.4888565552145476,1.5383625707536246,0.5761113178592658,0.9233778247869493,0.10337782478694935,0.008840890547655578,0.036157738881861835,-0.0004102711570190447,0.45,0.029604735580213853,0.036225638758348486,0.036089839005375185,0.3715450129061383,0.37015219492692497,0.3715450129061383,0.37015219492692497,0.010810509785256772,0.015467320832770193,0.05920126502592489,0.058976242770395065,8.103986646831983e-06,0.11818561178296678,75.03293585257786,FOLLOWING,STOPPED,0.0
92.15,P,1.420327760632716,1.4788100422321286,1.538164033955085,0.5776545712937615,0.9216879589333087,0.10168795893330873,0.00872360345226686,0.03714017569860909,0.0008084424247388165,0.45,0.015656283996547678,0.03700637847731482,0.037273972919903364,0.37955259976733147,0.38229715815285503,0.37955259976733147,0.38229715815285503,0.008007586861193183,0.012144963225930061,0.05867210165483049,0.05910265713564284,1.4187740588618532e-05,0.11778894653106195,75.03882529990442,FOLLOWING,STOPPED,0.0
92.2,P,1.4157819143576307,1.483355888507214,1.537964491496936,0.5791973923388444,0.9088270298096631,0.08882702980966317,-0.0007129024916299187,0.03716525079977299,0.0006313563458949059,0.45,-0.04437618662673649,0.03706076132452738,0.037269740275018594,0.38011037255925517,0.3822537464104471,0.38011037255925517,0.3822537464104471,0.0005577727919237052,-4.341174240790613e-05,0.05290530411230604,0.05320854345867343,1.6099836429276713e-06,0.1061154575546224,75.04413107278215,FOLLOWING,STOPPED,0.0
92.25,P,1.4098002367049662,1.4893375661598787,1.537763680549918,0.5807606503847516,0.9123766592531014,0.09237665925310146,0.003555485996025398,0.037410155927791976,0.0010482113207688204,0.45,-0.018995056017725116,0.03723667695420474,0.03758363490137921,0.3819146354277409,0.3854731784756842,0.3819146354277409,0.3854731784756842,0.0018042628684857287,0.00321943206523706,0.05451121023592789,0.05502735640117115,6.292110294455964e-06,0.1095448587473935,75.04960831571952,FOLLOWING,STOPPED,0.0
92.3,P,1.4231640069539886,1.4759737959108563,1.5375590268997064,0.5823406233133772,0.9175438163053047,0.09754381630530473,0.009091854976953417,0.03794363897838003,0.0021707906105805862,0.45,0.00791934733587011,0.037584373132328944,0.03830290482443112,0.38548075007516863,0.3928503058916012,0.38548075007516863,0.3928503058916012,0.0035661146474277317,0.007377127415917006,0.05681804813278911,0.05792165676573855,3.509113798016269e-05,0.11477479603650782,75.05534705552135,FOLLOWING,STOPPED,0.0
92.35,P,1.4297126066030283,1.4694251962618166,1.5373527067858934,0.5839477613622415,0.9009253397230078,0.08092533972300786,-0.003616635358268061,0.03790013157398827,0.0014654657761563794,0.45,-0.0669442060401317,0.03765759698803439,0.03814266615994215,0.3862317639798399,0.39120683240966303,0.3862317639798399,0.39120683240966303,0.0007510139046712494,-0.0016434734819381625,0.0538860190458858,0.054591804924461126,1.4884263445275342e-05,0.1084927082337922,75.06077169093304,FOLLOWING,STOPPED,0.0
92.4,P,1.4299250745413599,1.469212728323485,1.5373967808653766,0.5836453505055753,0.8919958962258226,0.0719958962258227,-0.010046116513338976,0.0,0.0,0.45,-0.09150603209891968,0.0,0.0,0.0,0.0,0.0,0.0,-0.3862317639798399,-0.39120683240966303,0.0,0.0,0.0,0.0,75.06077169093304,SETTLED,STOPPED,0.0
92.45,P,1.4299250745413599,1.469212728323485,1.5374395378894303,0.5833452786138568,0.8920648789832969,0.07206487898329694,-0.010249760858928925,0.0,0.0,0.45,-0.07107118090427066,0.0,0.0,0.0,0.0,0.0,0.0,0.0,0.0,0.0,0.0,0.0,0.0,75.06077169093304,SETTLED,STOPPED,0.0
92.5,P,1.4299250745413599,1.469212728323485,1.5374791915211008,0.5830554642059075,0.8923679164358523,0.07236791643585239,-0.010243465676651242,0.0,0.0,0.45,-0.05410215631408709,0.0,0.0,0.0,0.0,0.0,0.0,0.0,0.0,0.0,0.0,0.0,0.0,75.06077169093304,SETTLED,STOPPED,0.0
92.55,P,1.4263110669585308,1.472826735906314,1.5375254535377818,0.5827543946809546,0.892660397255105,0.07266039725510509,-0.010244656308609601,0.0,0.0,0.45,-0.040912766320275955,0.0,0.0,0.0,0.0,0.0,0.0,0.0,0.0,0.0,0.0,0.0,0.0,75.06077169093304,SETTLED,STOPPED,0.0
92.6,P,1.4173134729458468,1.4818243299189982,1.5375681341804428,0.5824530608345518,0.8969935408890032,0.07699354088900323,-0.006717996894677336,0.0,0.0,0.45,-0.012846125740662347,0.0,0.0,0.0,0.0,0.0,0.0,0.0,0.0,0.0,0.0,0.0,0.0,75.06077169093304,SETTLED,STOPPED,0.0
92.65,P,1.4124020232090668,1.486735779655778,1.5376128418084645,0.5821497266778046,0.9073752604095039,0.08737526040950394,0.0018974802738591645,0.0,0.0,0.45,0.03565958781248909,0.0,0.0,0.0,0.0,0.0,0.0,0.0,0.0,0.0,0.0,0.0,0.0,75.06077169093304,SETTLED,STOPPED,0.0
92.7,P,1.4043205355608759,1.4948172673039688,1.5376563854353757,0.5818463261853026,0.9132106418218089,0.09321064182180894,0.006507655274696544,0.0,0.0,0.45,0.053490156707884935,0.0,0.0,0.0,0.0,0.0,0.0,0.0,0.0,0.0,0.0,0.0,0.0,75.06077169093304,SETTLED,STOPPED,0.0
92.75,P,1.407454861609309,1.4916829412555357,1.5377012717787328,0.5815448593116084,0.9226561592428992,0.10265615924289928,0.013986518624046651,0.0,0.0,0.45,0.08328259888495013,0.0,0.0,0.0,0.0,0.0,0.0,0.0,0.0,0.0,0.0,0.0,0.0,75.06077169093304,SETTLED,STOPPED,0.0
92.8,P,1.4112118010523103,1.4879260018125346,1.5377418985305507,0.581247906449972,0.919410384739368,0.09941038473936803,0.011104903200140015,0.0,0.0,0.45,0.050679019314722774,0.0,0.0,0.0,0.0,0.0,0.0,0.0,0.0,0.0,0.0,0.0,0.0,75.06077169093304,SETTLED,STOPPED,0.0
92.85,P,1.41465891284007,1.484478890024775,1.5377867243781667,0.5809538496175176,0.9154643817091614,0.0954643817091615,0.007622607536124981,0.0,0.0,0.45,0.022167221732574023,0.0,0.0,0.0,0.0,0.0,0.0,0.0,0.0,0.0,0.0,0.0,0.0,75.06077169093304,SETTLED,STOPPED,0.0
92.9,P,1.42148360033743,1.4776542025274149,1.53783296744052,0.5806722350854041,0.9118760642856556,0.09187606428565565,0.004410327189513952,0.0,0.0,0.45,0.0015018362879811037,0.0,0.0,0.0,0.0,0.0,0.0,0.0,0.0,0.0,0.0,0.0,0.0,75.06077169093304,SETTLED,STOPPED,0.0
92.95,P,1.4296693498987298,1.469468452966115,1.5378742970024615,0.5803818361898656,0.904496448385194,0.0844964483851941,-0.002002567328346583,0.0,0.0,0.45,-0.03129887765740738,0.0,0.0,0.0,0.0,0.0,0.0,0.0,0.0,0.0,0.0,0.0,0.0,75.06077169093304,SETTLED,STOPPED,0.0
93.0,P,1.4299250745413599,1.469212728323485,1.5379194565465448,0.5800881202390417,0.8956468738896813,0.07564687388968139,-0.009885867178270225,0.0,0.0,0.45,-0.0633512523530359,0.0,0.0,0.0,0.0,0.0,0.0,0.0,0.0,0.0,0.0,0.0,0.0,75.06077169093304,SETTLED,STOPPED,0.0
93.05,P,1.4299250745413599,1.469212728323485,1.537962504451204,0.5797907860469969,0.8956591735956244,0.07565917359562446,-0.0101438457194154,0.0,0.0,0.45,-0.049359858129218476,0.0,0.0,0.0,0.0,0.0,0.0,0.0,0.0,0.0,0.0,0.0,0.0,75.06077169093304,SETTLED,STOPPED,0.0
93.1,P,1.4299250745413599,1.469212728323485,1.5380052778945568,0.5794956379485996,0.8959595290326484,0.07595952903264847,-0.010138421133303988,0.0,0.0,0.45,-0.03717912541788473,0.0,0.0,0.0,0.0,0.0,0.0,0.0,0.0,0.0,0.0,0.0,0.0,75.06077169093304,SETTLED,STOPPED,0.0
93.15,P,1.4299250745413599,1.469212728323485,1.538049695220804,0.5792010551388411,0.896257681284808,0.07625768128480803,-0.010133026948771162,0.0,0.0,0.45,-0.02768784791644792,0.0,0.0,0.0,0.0,0.0,0.0,0.0,0.0,0.0,0.0,0.0,0.0,75.06077169093304,SETTLED,STOPPED,0.0
93.2,P,1.4263231141488266,1.4728146887160183,1.5380932367453917,0.5789010388273066,0.8965554706776392,0.07655547067763924,-0.010123466606038356,0.0,0.0,0.45,-0.020286248046372,0.0,0.0,0.0,0.0,0.0,0.0,0.0,0.0,0.0,0.0,0.0,0.0,75.06077169093304,SETTLED,STOPPED,0.0
93.25,P,1.4050401652894473,1.4940976375753976,1.5381351537182355,0.5786006843526417,0.9008741164905391,0.0808741164905391,-0.00663215245870119,0.0,0.0,0.45,0.00317876810059034,0.0,0.0,0.0,0.0,0.0,0.0,0.0,0.0,0.0,0.0,0.0,0.0,75.06077169093304,SETTLED,STOPPED,0.0
93.3,P,1.4091490726182656,1.4899887302465793,1.5381788158408907,0.5782997724243608,0.9251210446774023,0.10512104467740235,0.013350460368337425,0.0,0.0,0.45,0.10916592314066483,0.0,0.0,0.0,0.0,0.0,0.0,0.0,0.0,0.0,0.0,0.0,0.0,75.06077169093304,SETTLED,STOPPED,0.0
93.35,P,1.4102812476502973,1.4888565552145476,1.538217736322251,0.5780088194938202,0.9207743645709623,0.10077436457096234,0.009576412098125875,0.0,0.0,0.45,0.06602402758138141,0.0,0.0,0.0,0.0,0.0,0.0,0.0,0.0,0.0,0.0,0.0,0.0,75.06077169093304,SETTLED,STOPPED,0.0
93.4,P,1.4177414513148552,1.4813963515499897,1.5382615763675083,0.5777077024572296,0.9197887490077735,0.09978874900777357,0.008523966484380807,0.0,0.0,0.45,0.04716203303544668,0.0,0.0,0.0,0.0,0.0,0.0,0.0,0.0,0.0,0.0,0.0,0.0,75.06077169093304,SETTLED,STOPPED,0.0
93.45,P,1.4193380896696894,1.4797997131951552,1.538305300527397,0.5774095196555964,0.9116897910154556,0.0916897910154556,0.0015618129196752761,0.0,0.0,0.45,0.0011509706014473237,0.0,0.0,0.0,0.0,0.0,0.0,0.0,0.0,0.0,0.0,0.0,0.0,75.06077169093304,SETTLED,STOPPED,0.0
93.5,P,1.4068906387223727,1.4922471641424722,1.5383487718953768,0.5771076422219891,0.9101984721233192,0.09019847212331922,5.775739841995531e-05,0.0,0.0,0.45,-0.005664046056271551,0.0,0.0,0.0,0.0,0.0,0.0,0.0,0.0,0.0,0.0,0.0,0.0,75.06077169093304,SETTLED,STOPPED,0.0
93.55,P,1.4216249879327123,1.4775128149321326,1.5383916833831672,0.5768058599424479,0.9245331715834655,0.10453317158346553,0.011648379362309447,0.0,0.0,0.45,0.05865472170075557,0.0,0.0,0.0,0.0,0.0,0.0,0.0,0.0,0.0,0.0,0.0,0.0,75.06077169093304,SETTLED,STOPPED,0.0
93.6,P,1.428419451944098,1.4707183509207469,1.5384353218165383,0.5765072891440739,0.9082441741807151,0.08824417418071517,-0.0021040422099705136,0.0,0.0,0.45,-0.025920905645516315,0.0,0.0,0.0,0.0,0.0,0.0,0.0,0.0,0.0,0.0,0.0,0.0,75.06077169093304,SETTLED,STOPPED,0.0
93.65,P,1.4299250745413599,1.469212728323485,1.538478736402198,0.5762147090296279,0.9009533365427727,0.0809533365427727,-0.008607879767953408,0.0,0.0,0.45,-0.05229799201045142,0.0,0.0,0.0,0.0,0.0,0.0,0.0,0.0,0.0,0.0,0.0,0.0,75.06077169093304,SETTLED,STOPPED,0.0
93.7,P,1.4299250745413599,1.469212728323485,1.5385210035516936,0.5759136793656283,0.8995717647670747,0.07957176476707473,-0.010078461681207296,0.0,0.0,0.45,-0.04687134958122355,0.0,0.0,0.0,0.0,0.0,0.0,0.0,0.0,0.0,0.0,0.0,0.0,75.06077169093304,SETTLED,STOPPED,0.0
93.75,P,1.4299250745413599,1.469212728323485,1.5385656921251325,0.5756151205384816,0.899875695119403,0.07987569511940307,-0.010073707939618037,0.0,0.0,0.45,-0.035222359123109594,0.0,0.0,0.0,0.0,0.0,0.0,0.0,0.0,0.0,0.0,0.0,0.0,75.06077169093304,SETTLED,STOPPED,0.0
93.8,P,1.4282507989469264,1.4708870039179183,1.5386084529543114,0.5753150266474208,0.9001774649634728,0.08017746496347289,-0.010061899945320363,0.0,0.0,0.45,-0.026145652802118193,0.0,0.0,0.0,0.0,0.0,0.0,0.0,0.0,0.0,0.0,0.0,0.0,75.06077169093304,SETTLED,STOPPED,0.0
93.85,P,1.4184278994733668,1.4807099033914781,1.5386513850467503,0.575014716928073,0.9023458196668294,0.08234581966682941,-0.008438560170689113,0.0,0.0,0.45,-0.010852848490882947,0.0,0.0,0.0,0.0,0.0,0.0,0.0,0.0,0.0,0.0,0.0,0.0,75.06077169093304,SETTLED,STOPPED,0.0
93.9,P,1.4133718892032647,1.4857659136615802,1.5386877588248689,0.5747393347851277,0.9136396758385636,0.0936396758385637,0.0009209359679975826,0.0,0.0,0.45,0.04122774533274498,0.0,0.0,0.0,0.0,0.0,0.0,0.0,0.0,0.0,0.0,0.0,0.0,75.06077169093304,SETTLED,STOPPED,0.0
93.95,P,1.405936978884539,1.4932008239803058,1.538731008892712,0.5744485120633295,0.91960507534395,0.09960507534395002,0.005662952723367365,0.0,0.0,0.45,0.05840539918324242,0.0,0.0,0.0,0.0,0.0,0.0,0.0,0.0,0.0,0.0,0.0,0.0,75.06077169093304,SETTLED,STOPPED,0.0
94.0,P,1.4061617069503787,1.4929760959144662,1.5387750745428128,0.5741490001097956,0.9282995556707978,0.10829955567079785,0.012499400961455631,0.0,0.0,0.45,0.08381192480106173,0.0,0.0,0.0,0.0,0.0,0.0,0.0,0.0,0.0,0.0,0.0,0.0,75.06077169093304,SETTLED,STOPPED,0.0
94.05,P,1.4108885123875776,1.4882492904772673,1.538817637340383,0.5738497968032013,0.9283477458630743,0.10834774586307439,0.012291303454224689,0.0,0.0,0.45,0.0655853381908449,0.0,0.0,0.0,0.0,0.0,0.0,0.0,0.0,0.0,0.0,0.0,0.0,75.06077169093304,SETTLED,STOPPED,0.0
94.1,P,1.4133657581811394,1.4857720446837055,1.538859128742554,0.5735583402142334,0.9233050931531672,0.10330509315316727,0.007954556452264505,0.0,0.0,0.45,0.028968891865266466,0.0,0.0,0.0,0.0,0.0,0.0,0.0,0.0,0.0,0.0,0.0,0.0,75.06077169093304,SETTLED,STOPPED,0.0
94.15,P,1.4199143578301792,1.4792234450346655,1.5388989009431933,0.5732668189970324,0.9208053152956829,0.10080531529568293,0.005681128679692282,0.0,0.0,0.45,0.011596713081976115,0.0,0.0,0.0,0.0,0.0,0.0,0.0,0.0,0.0,0.0,0.0,0.0,75.06077169093304,SETTLED,STOPPED,0.0
94.2,P,1.4280529065750667,1.4710848962897782,1.538941934286894,0.572963620086627,0.9137366851348941,0.0937366851348942,-0.0004381204218411039,0.0,0.0,0.45,-0.022056536503530837,0.0,0.0,0.0,0.0,0.0,0.0,0.0,0.0,0.0,0.0,0.0,0.0,75.06077169093304,SETTLED,STOPPED,0.0
94.25,P,1.4299250745413599,1.469212728323485,1.5389857554111888,0.5726619846249812,0.9049409943392174,0.08494099433921742,-0.008181487541348842,0.0,0.0,0.45,-0.05590513797373404,0.0,0.0,0.0,0.0,0.0,0.0,0.0,0.0,0.0,0.0,0.0,0.0,75.06077169093304,SETTLED,STOPPED,0.0
94.3,P,1.4299250745413599,1.469212728323485,1.5390290971614993,0.5723613410642627,0.9031597135269769,0.08315971352697693,-0.009982327950231129,0.0,0.0,0.45,-0.05144364319337117,0.0,0.0,0.0,0.0,0.0,0.0,0.0,0.0,0.0,0.0,0.0,0.0,75.06077169093304,SETTLED,STOPPED,0.0
94.35,P,1.4299250745413599,1.469212728323485,1.5390684008181441,0.5720717018994423,0.9034633908358918,0.08346339083589183,-0.009977056846348198,0.0,0.0,0.45,-0.038789861531603895,0.0,0.0,0.0,0.0,0.0,0.0,0.0,0.0,0.0,0.0,0.0,0.0,75.06077169093304,SETTLED,STOPPED,0.0
94.4,P,1.4299250745413599,1.469212728323485,1.5391110651836282,0.5717723367550874,0.9037556566705104,0.08375565667051044,-0.009957600018805302,0.0,0.0,0.45,-0.02897012232232908,0.0,0.0,0.0,0.0,0.0,0.0,0.0,0.0,0.0,0.0,0.0,0.0,75.06077169093304,SETTLED,STOPPED,0.0
94.45,P,1.4299250745413599,1.469212728323485,1.5391539799514824,0.5714711666890792,0.9040579831907753,0.0840579831907754,-0.009952085166755165,0.0,0.0,0.45,-0.02126645872225078,0.0,0.0,0.0,0.0,0.0,0.0,0.0,0.0,0.0,0.0,0.0,0.0,75.06077169093304,SETTLED,STOPPED,0.0
94.5,P,1.4092429179309711,1.4898948849338736,1.539198940335802,0.5711802206453245,0.9043621317054774,0.08436213170547746,-0.009951044926383767,0.0,0.0,0.45,-0.015249584338666456,0.0,0.0,0.0,0.0,0.0,0.0,0.0,0.0,0.0,0.0,0.0,0.0,75.06077169093304,SETTLED,STOPPED,0.0
94.55,P,1.4081792066240677,1.4909585962407772,1.539239660817932,0.5708884504636627,0.9278605510194441,0.10786055101944414,0.009481251429846349,0.0,0.0,0.45,0.09149836919729942,0.0,0.0,0.0,0.0,0.0,0.0,0.0,0.0,0.0,0.0,0.0,0.0,75.06077169093304,SETTLED,STOPPED,0.0
94.6,P,1.4102812476502973,1.4888565552145476,1.5392831945518073,0.5705976572712581,0.9293577975160173,0.10935779751601737,0.010448410685391485,0.0,0.0,0.45,0.07795661255881617,0.0,0.0,0.0,0.0,0.0,0.0,0.0,0.0,0.0,0.0,0.0,0.0,75.06077169093304,SETTLED,STOPPED,0.0
94.65,P,1.4151551419969943,1.4839826608678506,1.5393286792712977,0.5702974086044919,0.9272760678225254,0.10727606782252541,0.008547775544961889,0.0,0.0,0.45,0.05164654714451146,0.0,0.0,0.0,0.0,0.0,0.0,0.0,0.0,0.0,0.0,0.0,0.0,75.06077169093304,SETTLED,STOPPED,0.0
94.7,P,1.4228942649817482,1.4762435378830967,1.539374026313546,0.5699986416218505,0.9220844904686177,0.10208449046861778,0.0040487663077197755,0.0,0.0,0.45,0.017441366415524073,0.0,0.0,0.0,0.0,0.0,0.0,0.0,0.0,0.0,0.0,0.0,0.0,75.06077169093304,SETTLED,STOPPED,0.0
94.75,P,1.4048856159468888,1.4942521869179561,1.539416805467439,0.5696974265994821,0.9136998121918759,0.09369981219187595,-0.003200131675814122,0.0,0.0,0.45,-0.023288318613557374,0.0,0.0,0.0,0.0,0.0,0.0,0.0,0.0,0.0,0.0,0.0,0.0,75.06077169093304,SETTLED,STOPPED,0.0
94.8,P,1.4187153899501188,1.480422412914726,1.5394592828451201,0.5694063951613967,0.9342912531868022,0.11429125318680222,0.01345676029413756,0.0,0.0,0.45,0.07243745185910598,0.0,0.0,0.0,0.0,0.0,0.0,0.0,0.0,0.0,0.0,0.0,0.0,75.06077169093304,SETTLED,STOPPED,0.0
94.85,P,1.4271262972851675,1.4720115055796774,1.5395033320044909,0.5691032487853006,0.9189827377456957,0.09898273774569577,0.0007475564358363496,0.0,0.0,0.45,-0.010856255490769552,0.0,0.0,0.0,0.0,0.0,0.0,0.0,0.0,0.0,0.0,0.0,0.0,75.06077169093304,SETTLED,STOPPED,0.0
94.9,P,1.4299250745413599,1.469212728323485,1.5395429225397836,0.5688169209542238,0.9098746716552606,0.08987467165526064,-0.007198342435485339,0.0,0.0,0.45,-0.0485433700807171,0.0,0.0,0.0,0.0,0.0,0.0,0.0,0.0,0.0,0.0,0.0,0.0,75.06077169093304,SETTLED,STOPPED,0.0
94.95,P,1.4299250745413599,1.469212728323485,1.53958789433718,0.5685162234881066,0.9070439253575041,0.08704392535750416,-0.009875392097925761,0.0,0.0,0.45,-0.050319112373088566,0.0,0.0,0.0,0.0,0.0,0.0,0.0,0.0,0.0,0.0,0.0,0.0,75.06077169093304,SETTLED,STOPPED,0.0
95.0,P,1.4299250745413599,1.469212728323485,1.5396322800090454,0.5682168331510468,0.9073478538401011,0.08734785384010113,-0.009870875863807305,0.0,0.0,0.45,-0.03791162232758233,0.0,0.0,0.0,0.0,0.0,0.0,0.0,0.0,0.0,0.0,0.0,0.0,75.06077169093304,SETTLED,STOPPED,0.0
95.05,P,1.4299250745413599,1.469212728323485,1.539676454910947,0.56791441003937,0.9076504140081204,0.08765041400812046,-0.00986663431177126,0.0,0.0,0.45,-0.0282398006762291,0.0,0.0,0.0,0.0,0.0,0.0,0.0,0.0,0.0,0.0,0.0,0.0,75.06077169093304,SETTLED,STOPPED,0.0
95.1,P,1.4203676314617624,1.4787701714030823,1.5397207793577543,0.5676135356078389,0.9079559593035357,0.08795595930353572,-0.009861242123921476,0.0,0.0,0.45,-0.02068264522763145,0.0,0.0,0.0,0.0,0.0,0.0,0.0,0.0,0.0,0.0,0.0,0.0,75.06077169093304,SETTLED,STOPPED,0.0
95.15,P,1.4143417551974626,1.4847960476673823,1.539764894679382,0.5673169851973171,0.9189404707957901,0.09894047079579016,-0.0007866320235723201,0.0,0.0,0.45,0.03219938728836973,0.0,0.0,0.0,0.0,0.0,0.0,0.0,0.0,0.0,0.0,0.0,0.0,75.06077169093304,SETTLED,STOPPED,0.0
95.2,P,1.407553422208202,1.4915843806566427,1.5398069682702196,0.5670287271150939,0.9260123076873497,0.1060123076873497,0.004813446193981941,0.0,0.0,0.45,0.056231604407792166,0.0,0.0,0.0,0.0,0.0,0.0,0.0,0.0,0.0,0.0,0.0,0.0,75.06077169093304,SETTLED,STOPPED,0.0
95.25,P,1.4048685522914481,1.4942692505733968,1.539850177807692,0.5667343531701536,0.9339668928509289,0.11396689285092898,0.011033489695865262,0.0,0.0,0.45,0.07886082615782869,0.0,0.0,0.0,0.0,0.0,0.0,0.0,0.0,0.0,0.0,0.0,0.0,75.06077169093304,SETTLED,STOPPED,0.0
95.3,P,1.410565223722845,1.488572579142,1.539892263629356,0.5664343518614915,0.9373051931616789,0.11730519316167898,0.013450779684335945,0.0,0.0,0.45,0.0761999657704072,0.0,0.0,0.0,0.0,0.0,0.0,0.0,0.0,0.0,0.0,0.0,0.0,75.06077169093304,SETTLED,STOPPED,0.0
95.35,P,1.4122023736351048,1.4869354292297399,1.5399349338184918,0.5661332013494742,0.9311629253052437,0.11116292530524374,0.00827365689500792,0.0,0.0,0.45,0.03240999473260105,0.0,0.0,0.0,0.0,0.0,0.0,0.0,0.0,0.0,0.0,0.0,0.0,75.06077169093304,SETTLED,STOPPED,0.0
95.4,P,1.4186212031712488,1.480516599693596,1.5399713898137306,0.5658452889763547,0.9296194650502233,0.10961946505022335,0.006773510799439553,0.0,0.0,0.45,0.018488570769338714,0.0,0.0,0.0,0.0,0.0,0.0,0.0,0.0,0.0,0.0,0.0,0.0,75.06077169093304,SETTLED,STOPPED,0.0
95.45,P,1.4264364632514037,1.4727013396134412,1.540015069884574,0.5655425861799113,0.9226860107573766,0.1026860107573766,0.0008241814485152599,0.0,0.0,0.45,-0.016086113688443246,0.0,0.0,0.0,0.0,0.0,0.0,0.0,0.0,0.0,0.0,0.0,0.0,75.06077169093304,SETTLED,STOPPED,0.0
95.5,P,1.4299250745413599,1.469212728323485,1.5400576653798541,0.5652413340278887,0.9142412722119957,0.09424127221199574,-0.006523835536648148,0.0,0.0,0.45,-0.049704018276663625,0.0,0.0,0.0,0.0,0.0,0.0,0.0,0.0,0.0,0.0,0.0,0.0,75.06077169093304,SETTLED,STOPPED,0.0
95.55,P,1.4299250745413599,1.469212728323485,1.540101660034611,0.564939096894896,0.9106555162461399,0.09065551624613999,-0.00984197048254476,0.0,0.0,0.45,-0.05454646050556384,0.0,0.0,0.0,0.0,0.0,0.0,0.0,0.0,0.0,0.0,0.0,0.0,75.06077169093304,SETTLED,STOPPED,0.0
95.6,P,1.4299250745413599,1.469212728323485,1.540145742423512,0.5646387083271242,0.9109608556288242,0.09096085562882428,-0.009837360299697284,0.0,0.0,0.45,-0.041202745910528846,0.0,0.0,0.0,0.0,0.0,0.0,0.0,0.0,0.0,0.0,0.0,0.0,75.06077169093304,SETTLED,STOPPED,0.0
95.65,P,1.4299250745413599,1.469212728323485,1.5401890647569025,0.5643369895328494,0.9112643706854583,0.09126437068545834,-0.009835564039125222,0.0,0.0,0.45,-0.03080267556102255,0.0,0.0,0.0,0.0,0.0,0.0,0.0,0.0,0.0,0.0,0.0,0.0,75.06077169093304,SETTLED,STOPPED,0.0
95.7,P,1.4299250745413599,1.469212728323485,1.5402314088892093,0.5640363184381192,0.9115691143243896,0.09156911432438963,-0.009827901517966753,0.0,0.0,0.45,-0.022685214926299824,0.0,0.0,0.0,0.0,0.0,0.0,0.0,0.0,0.0,0.0,0.0,0.0,75.06077169093304,SETTLED,STOPPED,0.0
95.75,P,1.4134456705724951,1.4856921322923498,1.540274708638614,0.5637384928904074,0.9118726996737097,0.0918726996737097,-0.009822086887200543,0.0,0.0,0.45,-0.016358692105505487,0.0,0.0,0.0,0.0,0.0,0.0,0.0,0.0,0.0,0.0,0.0,0.0,75.06077169093304,SETTLED,STOPPED,0.0
95.8,P,1.4072093406298698,1.4919284622349749,1.5403178695832476,0.563437544564438,0.9306364048882161,0.11063640488821613,0.005623965577720158,0.0,0.0,0.45,0.06980052310153871,0.0,0.0,0.0,0.0,0.0,0.0,0.0,0.0,0.0,0.0,0.0,0.0,75.06077169093304,SETTLED,STOPPED,0.0
95.85,P,1.4102812476502973,1.4888565552145476,1.5403575901926174,0.5631476561380806,0.9379836164223808,0.11798361642238087,0.011303538693669513,0.0,0.0,0.45,0.08677213876952686,0.0,0.0,0.0,0.0,0.0,0.0,0.0,0.0,0.0,0.0,0.0,0.0,75.06077169093304,SETTLED,STOPPED,0.0
95.9,P,1.4125688326791335,1.4865689701857114,1.5404011832715907,0.5628458840556594,0.9348030919496103,0.11480309194961036,0.008515123425320237,0.0,0.0,0.45,0.053687960560039924,0.0,0.0,0.0,0.0,0.0,0.0,0.0,0.0,0.0,0.0,0.0,0.0,75.06077169093304,SETTLED,STOPPED,0.0
95.95,P,1.425666031977213,1.4734717708876317,1.5404446930110387,0.5625464802169133,0.9325263801671352,0.11252638016713523,0.0064229919131371105,0.0,0.0,0.45,0.03185907739394001,0.0,0.0,0.0,0.0,0.0,0.0,0.0,0.0,0.0,0.0,0.0,0.0,75.06077169093304,SETTLED,STOPPED,0.0
96.0,P,1.4084417912589475,1.4906960116058974,1.5404883916837269,0.5622456182899603,0.9181280009956404,0.09812800099564045,-0.0057509570409046695,0.0,0.0,0.45,-0.03850278798730743,0.0,0.0,0.0,0.0,0.0,0.0,0.0,0.0,0.0,0.0,0.0,0.0,75.06077169093304,SETTLED,STOPPED,0.0
96.05,P,1.4158057919675253,1.4833320108973196,1.5405315194880171,0.5619546202489806,0.9377933874432361,0.1177933874432362,0.010181347953768904,0.0,0.0,0.45,0.056495525739326403,0.0,0.0,0.0,0.0,0.0,0.0,0.0,0.0,0.0,0.0,0.0,0.0,75.06077169093304,SETTLED,STOPPED,0.0
96.1,P,1.425833142626237,1.4733046602386077,1.5405759877126977,0.561655732077759,0.929781051163906,0.10978105116390602,0.0034692615888365363,0.0,0.0,0.45,0.008812230447619807,0.0,0.0,0.0,0.0,0.0,0.0,0.0,0.0,0.0,0.0,0.0,0.0,75.06077169093304,SETTLED,STOPPED,0.0
96.15,P,1.4299250745413599,1.469212728323485,1.5406198191007294,0.5613558297146078,0.9188414927044598,0.09884149270445985,-0.005874151114847015,0.0,0.0,0.45,-0.04126051747242241,0.0,0.0,0.0,0.0,0.0,0.0,0.0,0.0,0.0,0.0,0.0,0.0,75.06077169093304,SETTLED,STOPPED,0.0
96.2,P,1.4299250745413599,1.469212728323485,1.5406611677724826,0.5610644823505361,0.9145804911678322,0.09458049116783229,-0.00974612728286206,0.0,0.0,0.45,-0.05093161038965183,0.0,0.0,0.0,0.0,0.0,0.0,0.0,0.0,0.0,0.0,0.0,0.0,75.06077169093304,SETTLED,STOPPED,0.0
96.25,P,1.4299250745413599,1.469212728323485,1.5407016553567172,0.560773157590891,0.9148747012612359,0.09487470126123598,-0.009728623103655298,0.0,0.0,0.45,-0.038432131692952114,0.0,0.0,0.0,0.0,0.0,0.0,0.0,0.0,0.0,0.0,0.0,0.0,75.06077169093304,SETTLED,STOPPED,0.0
96.3,P,1.4299250745413599,1.469212728323485,1.540744269030479,0.5604762096391098,0.9151687847222288,0.0951687847222289,-0.00972820080558523,0.0,0.0,0.45,-0.028683095492133766,0.0,0.0,0.0,0.0,0.0,0.0,0.0,0.0,0.0,0.0,0.0,0.0,75.06077169093304,SETTLED,STOPPED,0.0
96.35,P,1.4223073634501582,1.4768304394146867,1.5407887796906912,0.5601752700423305,0.9154687074159417,0.09546870741594171,-0.009713270616326986,0.0,0.0,0.45,-0.021053154631527866,0.0,0.0,0.0,0.0,0.0,0.0,0.0,0.0,0.0,0.0,0.0,0.0,75.06077169093304,SETTLED,STOPPED,0.0
96.4,P,1.4153116211916603,1.4838261816731846,1.5408325929674775,0.5598726778289416,0.9242805556385061,0.10428055563850613,-0.0025215559220124195,0.0,0.0,0.45,0.022350671566693927,0.0,0.0,0.0,0.0,0.0,0.0,0.0,0.0,0.0,0.0,0.0,0.0,75.06077169093304,SETTLED,STOPPED,0.0
96.45,P,1.4091698655318652,1.4899679373329797,1.54087511118809,0.5595701319452595,0.9324406638610304,0.11244066386103047,0.0039647102369200216,0.0,0.0,0.45,0.05333800000113036,0.0,0.0,0.0,0.0,0.0,0.0,0.0,0.0,0.0,0.0,0.0,0.0,75.06077169093304,SETTLED,STOPPED,0.0
96.5,P,1.4035753976325176,1.495562405232327,1.540915200866624,0.5592756796665659,0.9396735326716682,0.11967353267166825,0.009560423478381042,0.0,0.0,0.45,0.07342826276768974,0.0,0.0,0.0,0.0,0.0,0.0,0.0,0.0,0.0,0.0,0.0,0.0,75.06077169093304,SETTLED,STOPPED,0.0
96.55,P,1.4101239972815576,1.4890138055832873,1.5409068648322914,0.5593687854584881,0.946306004431462,0.126306004431462,0.014582044610048195,0.007956432292160833,0.0019685760223563946,0.45,0.08645692070189219,0.00763063296046085,0.008282231623860816,0.07826290215857282,0.08494596537293145,0.07826290215857282,0.08494596537293145,0.07826290215857282,0.08494596537293145,0.020737218027650644,0.022511426674239502,5.5804198403473124e-05,0.04330444890029362,75.06293691337805,FOLLOWING,STOPPED,0.0
96.6,P,1.4118790849703722,1.4872587178944725,1.5408575722551543,0.5597731312588319,0.9387992447204201,0.11879924472042014,0.00859495616322703,0.01424704342062578,0.0029320375021563497,0.45,0.03440665541888983,0.013761791214018904,0.014732295627232656,0.14114657655404003,0.15110046797161697,0.14114657655404003,0.15110046797161697,0.06288367439546722,0.06615450259868552,0.03367010453422037,0.03605360055203739,4.067863474545621e-05,0.06976438372100321,75.0664251325641,FOLLOWING,STOPPED,0.0
96.65,P,1.4173280485123183,1.4818097543525264,1.5407743760159518,0.5604350389209294,0.936410681057798,0.11641068105779806,0.006862801957114195,0.019443687109291733,0.0035653120161510954,0.45,0.016327511111196322,0.018853627970618726,0.02003374624796474,0.19337054328839717,0.20547432049194606,0.19337054328839717,0.20547432049194606,0.05222396673435714,0.054373852520329086,0.04278540398326236,0.04547842269041187,3.25126257734569e-05,0.08829633929944769,75.07083994952907,FOLLOWING,STOPPED,0.0
96.7,P,1.4248200199277405,1.4743177829371044,1.5406571113662784,0.5613231515921748,0.9296076387437824,0.10960763874378243,0.0016883728924286245,0.023432405441650584,0.0034367111550138575,0.45,-0.017197927514937334,0.02286362974549579,0.024001181137805378,0.23449876662046965,0.24616596038774746,0.23449876662046965,0.24616596038774746,0.04112822333207247,0.04069163989580141,0.04738645522614458,0.04976134162168408,6.3642818018125246e-06,0.09715416112963048,75.07569765758555,FOLLOWING,STOPPED,0.0
96.75,P,1.4299250745413599,1.469212728323485,1.540528336018125,0.5623257224931633,0.9203137663957895,0.1003137663957896,-0.005455298185452984,0.02623721786955426,0.0023565747844763803,0.45,-0.054307421792821935,0.025847204742723416,0.0266272309963851,0.26509953582280427,0.27309980509112924,0.26509953582280427,0.27309980509112924,0.03060076920233462,0.026933844703381782,0.0485696858028529,0.05004854850537299,3.665407873830624e-05,0.09865488838696419,75.0806304020049,FOLLOWING,STOPPED,0.0
96.8,P,1.4299250745413599,1.469212728323485,1.5403821269372373,0.5634349201438948,0.9136066564956626,0.09360665649566269,-0.010417930819138776,0.028198534528954676,0.0007144966454451004,0.45,-0.07187107255896118,0.028080285334133512,0.02831678372377584,0.28800292650393344,0.2904285510130855,0.28800292650393344,0.2904285510130855,0.022903390681129177,0.017328745921956268,0.048897338267217705,0.04931338931633128,1.689493423531175e-05,0.0982276225177843,75.0855417831308,FOLLOWING,STOPPED,0.0
96.85,P,1.4299250745413599,1.469212728323485,1.5402282844425448,0.5646137794265582,0.9124879167499196,0.09248791674991963,-0.010471399743559262,0.029795173656203697,-0.0007705919844798257,0.45,-0.06098189147725946,0.029922706629635108,0.029667640682772285,0.3068995551757447,0.30428349418227985,0.3068995551757447,0.30428349418227985,0.018896628671811244,0.013854943169194334,0.05033991439597342,0.04990603275287336,1.6479322480257686e-05,0.10026242647132703,75.09055490445436,FOLLOWING,STOPPED,0.0
96.9,P,1.4299250745413599,1.469212728323485,1.5400688710356678,0.5658542097261261,0.9112991037304545,0.09129910373045458,-0.010435748079462348,0.03107742794384,-0.0021023587767591847,0.45,-0.052796652637908906,0.03142536832139364,0.030729487566286354,0.3223114699630117,0.3151742314490908,0.3223114699630117,0.3151742314490908,0.015411914787267,0.010890737266810946,0.0512675504416282,0.05011878920596004,4.0317863102569376e-05,0.10142665751069081,75.0956262373299,FOLLOWING,STOPPED,0.0
96.95,P,1.4299250745413599,1.469212728323485,1.5399012376925312,0.567141632936343,0.9100484981739129,0.09004849817391292,-0.010337781989618655,0.032088566000953174,-0.0032877234676817173,0.45,-0.046684053506352574,0.0326326842348545,0.03154444776705185,0.33469419728055894,0.3235327976107882,0.33469419728055894,0.3235327976107882,0.012382727317547249,0.00835856616169739,0.051802243737333324,0.05005307331925305,5.611897889434826e-05,0.10191143603548072,75.10072180913167,FOLLOWING,STOPPED,0.0
97.0,P,1.4176484232140192,1.4814893796508257,1.5397307353138605,0.5684703294558913,0.9087502503957902,0.08875025039579021,-0.010178528388345986,0.032866257243856584,-0.004333052453340195,0.45,-0.04212585195869525,0.03358337742488439,0.03214913706282878,0.3444448966654809,0.32973473910593615,0.3444448966654809,0.32973473910593615,0.009750699384921957,0.006201941495147967,0.052037969373396435,0.04978648876650955,6.522430069231691e-05,0.1018896824405983,75.1058162932537,FOLLOWING,STOPPED,0.0
97.05,P,1.4062394746356721,1.4928983282291728,1.5395502343389107,0.5698785342850661,0.9211448729415495,0.1011448729415495,0.0016442754503964707,0.03430843703862326,-0.003677770022202689,0.45,0.0216781746735617,0.03491710797729781,0.033699766099948715,0.3581241843825416,0.34563862666614065,0.3581241843825416,0.34563862666614065,0.013679287717060729,0.0159038875602045,0.057962332113585334,0.05591565399141259,3.470368437091806e-05,0.11391268978936883,75.11151192774317,FOLLOWING,STOPPED,0.0
97.1,P,1.4102812476502973,1.4888565552145476,1.5393561859735931,0.5713746770950036,0.932597071979789,0.11259707197978908,0.012324713686811428,0.03625524826935709,-0.0016461566722629924,0.45,0.06729865201363512,0.03652768719861661,0.035982809340097566,0.37464294562683703,0.3690544547702314,0.37464294562683703,0.3690544547702314,0.01651876124429541,0.023415828104090763,0.0637144705240265,0.0627516768802,4.815869574905267e-05,0.12651430609997558,75.11783764304816,FOLLOWING,STOPPED,0.0
97.15,P,1.4102812476502973,1.4888565552145476,1.5391552147230612,0.5729332550703818,0.9265167760925479,0.10651677609254795,0.008727083853283135,0.03752726237971368,-0.0003033846848435461,0.45,0.025739646666772916,0.037577472545055286,0.03747705221437208,0.38540997482107986,0.3843800227115085,0.38540997482107986,0.3843800227115085,0.010767029194242828,0.015325567941277096,0.06138655408118725,0.061220132084436156,5.866220969568201e-06,0.12261255238659297,75.12396827066749,FOLLOWING,STOPPED,0.0
97.2,P,1.4230797226593521,1.4760580802054928,1.538946729918165,0.5745501914166619,0.9249453990025852,0.10494539900258526,0.008761200420473791,0.038509479414384123,0.0009097158404047015,0.45,0.013162865204246654,0.03835892144279714,0.038660037385971104,0.3934248353107399,0.39651320395867795,0.3934248353107399,0.39651320395867795,0.008014860489660047,0.012133181247169444,0.060847858328147646,0.06133285896728835,1.5891505399031864e-05,0.12219660880083504,75.13007810110753,FOLLOWING,STOPPED,0.0
97.25,P,1.4119979665710063,1.4871398362938386,1.5387380828461892,0.5761685357959468,0.9089233394074602,0.08892333940746022,-0.003259847972130636,0.03849669878604762,0.00037866478012662554,0.45,-0.06023002735924178,0.038434029764936664,0.03855936780715857,0.39419517707627344,0.39548069545803666,0.39419517707627344,0.39548069545803666,0.0007703417655335332,-0.0010325085006412937,0.05482103051992597,0.055002858949459436,2.8957007948575745e-06,0.10982678517018025,75.13556944036604,FOLLOWING,STOPPED,0.0
97.3,P,1.4128961939849318,1.486241608879913,1.5385219912296693,0.5778111347199462,0.9197454905593542,0.09974549055935422,0.00712064610075358,0.03900600056420325,0.001302085525715644,0.45,0.0006380437281277088,0.038790505409697314,0.03922149571870919,0.39785133753535706,0.4022717509611199,0.39785133753535706,0.4022717509611199,0.003656160459083624,0.006791055503083232,0.05851617380206637,0.05917699966531226,1.731416813246991e-05,0.11771048763551109,75.14145496474782,FOLLOWING,STOPPED,0.0
97.35,P,1.4245399879673066,1.4745978148975383,1.5383094143026712,0.5794576079922394,0.9170756606277795,0.0970756606277795,0.006232403153124899,0.03927074832260748,0.0020132513988159,0.45,-0.011249577590989818,0.038937555216103446,0.03960394142911151,0.39935954067798407,0.4061942710678103,0.39935954067798407,0.4061942710678103,0.001508203142627007,0.003922520106690419,0.05717042958502677,0.05816551474420542,2.061728191885397e-05,0.11535656161115104,75.14722279282837,FOLLOWING,STOPPED,0.0
97.4,P,1.4299250745413599,1.469212728323485,1.5380991241967057,0.581110108444344,0.9023411064487415,0.0823411064487416,-0.0048641338659418665,0.03921918150257899,0.001155268187032207,0.45,-0.07360670890874253,0.03902798461762516,0.03941037838753282,0.4002870217192324,0.4042090091029007,0.4002870217192324,0.4042090091029007,0.0009274810412483458,-0.0019852619649096126,0.05593262725792687,0.05649016348256379,1.4273290217973221e-05,0.11243706403070863,75.1528446460299,FOLLOWING,STOPPED,0.0
97.45,P,1.4299250745413599,1.469212728323485,1.538141221626029,0.5808246994066374,0.8946663559422761,0.07466635594227611,-0.010133213286025011,0.0,0.0,0.45,-0.09118213517726925,0.0,0.0,0.0,0.0,0.0,0.0,-0.4002870217192324,-0.4042090091029007,0.0,0.0,0.0,0.0,75.1528446460299,SETTLED,STOPPED,0.0
97.5,P,1.4299250745413599,1.469212728323485,1.538182901639354,0.5805274195678608,0.8949547610983544,0.07495476109835442,-0.010149549847533024,0.0,0.0,0.45,-0.06985308275152538,0.0,0.0,0.0,0.0,0.0,0.0,0.0,0.0,0.0,0.0,0.0,0.0,75.1528446460299,SETTLED,STOPPED,0.0
97.55,P,1.4299250745413599,1.469212728323485,1.5382270439347039,0.5802247903896591,0.8952548995264189,0.07525489952641895,-0.010138754747741618,0.0,0.0,0.45,-0.05316479546270577,0.0,0.0,0.0,0.0,0.0,0.0,0.0,0.0,0.0,0.0,0.0,0.0,75.1528446460299,SETTLED,STOPPED,0.0
97.6,P,1.4242470954385538,1.4748907074262911,1.5382700547671946,0.5799247510238945,0.8955606458338334,0.07556064583383348,-0.01012962143836904,0.0,0.0,0.45,-0.040123256708286474,0.0,0.0,0.0,0.0,0.0,0.0,0.0,0.0,0.0,0.0,0.0,0.0,75.1528446460299,SETTLED,STOPPED,0.0
97.65,P,1.4162814871858582,1.4828563156789867,1.5383156971869434,0.5796225954655612,0.9022002540308428,0.08220025403084286,-0.004629732918019824,0.0,0.0,0.45,-0.0020818641656205512,0.0,0.0,0.0,0.0,0.0,0.0,0.0,0.0,0.0,0.0,0.0,0.0,75.1528446460299,SETTLED,STOPPED,0.0
97.7,P,1.4107863088555281,1.4883514940093165,1.5383553248677155,0.5793293677300808,0.9114403445871669,0.09144034458716699,0.0029380092686646098,0.0,0.0,0.45,0.03903254439864445,0.0,0.0,0.0,0.0,0.0,0.0,0.0,0.0,0.0,0.0,0.0,0.0,75.1528446460299,SETTLED,STOPPED,0.0
97.75,P,1.4026005592942283,1.4965372435706163,1.5383995889614959,0.5790273145845671,0.9179297794012027,0.09792977940120273,0.008069708529566455,0.0,0.0,0.45,0.058998897812701574,0.0,0.0,0.0,0.0,0.0,0.0,0.0,0.0,0.0,0.0,0.0,0.0,75.1528446460299,SETTLED,STOPPED,0.0
97.8,P,1.408830842622627,1.4903069602422179,1.5384430261814457,0.5787244366387735,0.9275051731643099,0.10750517316430996,0.015582374422355105,0.0,0.0,0.45,0.08815087285158144,0.0,0.0,0.0,0.0,0.0,0.0,0.0,0.0,0.0,0.0,0.0,0.0,75.1528446460299,SETTLED,STOPPED,0.0
97.85,P,1.4115557963056398,1.4875820065592051,1.5384863850772528,0.578424422649991,0.9207507890119395,0.10075078901193957,0.00987773074492293,0.0,0.0,0.45,0.03903839055380208,0.0,0.0,0.0,0.0,0.0,0.0,0.0,0.0,0.0,0.0,0.0,0.0,75.1528446460299,SETTLED,STOPPED,0.0
97.9,P,1.416034893853388,1.483102909011457,1.538527968215106,0.578123694529187,0.917975428181794,0.09797542818179406,0.007354218053108541,0.0,0.0,0.45,0.018238356979324674,0.0,0.0,0.0,0.0,0.0,0.0,0.0,0.0,0.0,0.0,0.0,0.0,75.1528446460299,SETTLED,STOPPED,0.0
97.95,P,1.4232035766040776,1.4759342262607673,1.5385704854958493,0.5778243467208488,0.9132315872283063,0.09323158722830638,0.0031698816853016343,0.0,0.0,0.45,-0.0066469817514737215,0.0,0.0,0.0,0.0,0.0,0.0,0.0,0.0,0.0,0.0,0.0,0.0,75.1528446460299,SETTLED,STOPPED,0.0
98.0,P,1.4299250745413599,1.469212728323485,1.538614783710978,0.5775212352070375,0.9054893038542472,0.08548930385424724,-0.003608979691204439,0.0,0.0,0.45,-0.039250692612011626,0.0,0.0,0.0,0.0,0.0,0.0,0.0,0.0,0.0,0.0,0.0,0.0,75.1528446460299,SETTLED,STOPPED,0.0
98.05,P,1.4299250745413599,1.469212728323485,1.53865887845717,0.5772195230070802,0.8982912510848672,0.07829125108486723,-0.01007026765180874,0.0,0.0,0.45,-0.06228697242264293,0.0,0.0,0.0,0.0,0.0,0.0,0.0,0.0,0.0,0.0,0.0,0.0,75.1528446460299,SETTLED,STOPPED,0.0
98.1,P,1.4299250745413599,1.469212728323485,1.5387013082797947,0.5769176133459364,0.8985960819214803,0.07859608192148038,-0.01006109217233031,0.0,0.0,0.45,-0.04724258280856357,0.0,0.0,0.0,0.0,0.0,0.0,0.0,0.0,0.0,0.0,0.0,0.0,75.1528446460299,SETTLED,STOPPED,0.0
98.15,P,1.4299250745413599,1.469212728323485,1.5387448383896616,0.5766257840164749,0.898900907352482,0.07890090735248201,-0.010056061390544713,0.0,0.0,0.45,-0.03550798269427233,0.0,0.0,0.0,0.0,0.0,0.0,0.0,0.0,0.0,0.0,0.0,0.0,75.1528446460299,SETTLED,STOPPED,0.0
98.2,P,1.4299250745413599,1.469212728323485,1.5387846625138444,0.5763370977647806,0.8991958597276378,0.07919585972763787,-0.010056934432894238,0.0,0.0,0.45,-0.026398436050846533,0.0,0.0,0.0,0.0,0.0,0.0,0.0,0.0,0.0,0.0,0.0,0.0,75.1528446460299,SETTLED,STOPPED,0.0
98.25,P,1.421851175855543,1.4772866270093017,1.5387598688632647,0.5760916333624393,0.8994872436778318,0.07948724367783189,-0.010055591780091966,0.0,0.0,0.45,-0.019308690738806564,0.0,0.0,0.0,0.0,0.0,0.0,0.0,0.0,0.0,0.0,0.0,0.0,75.1528446460299,SETTLED,STOPPED,0.0
98.3,P,1.4052696086414742,1.4938681942233707,1.5387378107071301,0.5758353405540094,0.9087464217673388,0.08874642176733882,-0.002385243389096958,0.0,0.0,0.45,0.025679604817563713,0.0,0.0,0.0,0.0,0.0,0.0,0.0,0.0,0.0,0.0,0.0,0.0,75.1528446460299,SETTLED,STOPPED,0.0
98.35,P,1.4101810583782541,1.4889567444865908,1.538712780958745,0.5755774614026418,0.9276842573736765,0.1076842573736766,0.012953177239073632,0.0,0.0,0.45,0.10335656842559063,0.0,0.0,0.0,0.0,0.0,0.0,0.0,0.0,0.0,0.0,0.0,0.0,75.1528446460299,SETTLED,STOPPED,0.0
98.4,P,1.4102812476502973,1.4888565552145476,1.538685863216411,0.5753284761324136,0.9223785114997296,0.10237851149972965,0.0083511415494959,0.0,0.0,0.45,0.057272841526592816,0.0,0.0,0.0,0.0,0.0,0.0,0.0,0.0,0.0,0.0,0.0,0.0,75.1528446460299,SETTLED,STOPPED,0.0
98.45,P,1.4204934133414913,1.4786443895233536,1.5386597253047918,0.5750795141191558,0.9225081552865402,0.10250815528654023,0.008163215335806218,0.0,0.0,0.45,0.045243249052708955,0.0,0.0,0.0,0.0,0.0,0.0,0.0,0.0,0.0,0.0,0.0,0.0,75.1528446460299,SETTLED,STOPPED,0.0
98.5,P,1.415554141883065,1.4835836609817799,1.5386333038304834,0.5748296263090137,0.9112588882130103,0.09125888821301031,-0.001470954382402967,0.0,0.0,0.45,-0.014207040862421437,0.0,0.0,0.0,0.0,0.0,0.0,0.0,0.0,0.0,0.0,0.0,0.0,75.1528446460299,SETTLED,STOPPED,0.0
98.55,P,1.4099865960023383,1.4891512068625066,1.538606273589925,0.5745796175753223,0.917050912239724,0.09705091223972406,0.0030782782285618815,0.0,0.0,0.45,0.014403413844853224,0.0,0.0,0.0,0.0,0.0,0.0,0.0,0.0,0.0,0.0,0.0,0.0,75.1528446460299,SETTLED,STOPPED,0.0
98.6,P,1.423246833308376,1.4758909695564688,1.5385781224817843,0.5743300417408143,0.9235714446614408,0.10357144466144086,0.008148286233086166,0.0,0.0,0.45,0.03992500545454105,0.0,0.0,0.0,0.0,0.0,0.0,0.0,0.0,0.0,0.0,0.0,0.0,75.1528446460299,SETTLED,STOPPED,0.0
98.65,P,1.429795432957416,1.4693423699074288,1.538553066626631,0.5740812218694136,0.9089078131616122,0.08890781316161223,-0.004365686925479562,0.0,0.0,0.45,-0.033378474344707636,0.0,0.0,0.0,0.0,0.0,0.0,0.0,0.0,0.0,0.0,0.0,0.0,75.1528446460299,SETTLED,STOPPED,0.0
98.7,P,1.4299250745413599,1.469212728323485,1.5385258666047945,0.5738307638478284,0.9018429719566884,0.08184297195668844,-0.01073573951358453,0.0,0.0,0.45,-0.05712051129053839,0.0,0.0,0.0,0.0,0.0,0.0,0.0,0.0,0.0,0.0,0.0,0.0,75.1528446460299,SETTLED,STOPPED,0.0
98.75,P,1.4299250745413599,1.469212728323485,1.5385008725944984,0.5735849594205515,0.9019440084312836,0.08194400843128369,-0.010953940563593667,0.0,0.0,0.45,-0.04410943831840082,0.0,0.0,0.0,0.0,0.0,0.0,0.0,0.0,0.0,0.0,0.0,0.0,75.1528446460299,SETTLED,STOPPED,0.0
98.8,P,1.4299250745413599,1.469212728323485,1.5384761042538546,0.5733372578187855,0.9021850166971974,0.08218501669719747,-0.011037098543498436,0.0,0.0,0.45,-0.03334492551833196,0.0,0.0,0.0,0.0,0.0,0.0,0.0,0.0,0.0,0.0,0.0,0.0,75.1528446460299,SETTLED,STOPPED,0.0
98.85,P,1.4261868274269496,1.4729509754378953,1.5384495745926146,0.5730867754871342,0.9024279387871696,0.0824279387871697,-0.011129405753969479,0.0,0.0,0.45,-0.02494018470842105,0.0,0.0,0.0,0.0,0.0,0.0,0.0,0.0,0.0,0.0,0.0,0.0,75.1528446460299,SETTLED,STOPPED,0.0
98.9,P,1.4172513531800561,1.4818864496847888,1.5384237420349423,0.5728355743920999,0.9068398440486641,0.08683984404866418,-0.0076289062215755266,0.0,0.0,0.45,-4.096092199157644e-05,0.0,0.0,0.0,0.0,0.0,0.0,0.0,0.0,0.0,0.0,0.0,0.0,75.1528446460299,SETTLED,STOPPED,0.0
98.95,P,1.4123399034432762,1.4867978994215687,1.5383971758451138,0.5725843782761946,0.9170911850471596,0.09709118504715963,0.0007412162109434739,0.0,0.0,0.45,0.045073950874229114,0.0,0.0,0.0,0.0,0.0,0.0,0.0,0.0,0.0,0.0,0.0,0.0,75.1528446460299,SETTLED,STOPPED,0.0
99.0,P,1.4042170026178915,1.4949208002469534,1.5383708427242202,0.5723335965999079,0.922863369177916,0.10286336917791605,0.0052180814959637,0.0,0.0,0.45,0.0605552918572284,0.0,0.0,0.0,0.0,0.0,0.0,0.0,0.0,0.0,0.0,0.0,0.0,75.1528446460299,SETTLED,STOPPED,0.0
99.05,P,1.4075376879636967,1.4916001149011482,1.5383438185136016,0.5720857857256704,0.9322898697017733,0.11228986970177335,0.012564799059550769,0.0,0.0,0.45,0.0887097299536126,0.0,0.0,0.0,0.0,0.0,0.0,0.0,0.0,0.0,0.0,0.0,0.0,75.1528446460299,SETTLED,STOPPED,0.0
99.1,P,1.4112325076409071,1.4879052952239378,1.5383171773038935,0.5718340797846587,0.9287716863408724,0.10877168634087242,0.009445748398519527,0.0,0.0,0.45,0.053713582575852875,0.0,0.0,0.0,0.0,0.0,0.0,0.0,0.0,0.0,0.0,0.0,0.0,75.1528446460299,SETTLED,STOPPED,0.0
99.15,P,1.4147417391944574,1.4843960636703875,1.5382906077162097,0.5715832445470452,0.9248443031233681,0.10484430312336812,0.005956380249187099,0.0,0.0,0.45,0.024616108252145347,0.0,0.0,0.0,0.0,0.0,0.0,0.0,0.0,0.0,0.0,0.0,0.0,75.1528446460299,SETTLED,STOPPED,0.0
99.2,P,1.4215871332804144,1.4775506695844305,1.5382668588506356,0.5713333792652406,0.9211360190921364,0.10113601909213643,0.0026104578775587584,0.0,0.0,0.45,0.0028841146992530063,0.0,0.0,0.0,0.0,0.0,0.0,0.0,0.0,0.0,0.0,0.0,0.0,75.1528446460299,SETTLED,STOPPED,0.0
99.25,P,1.4297728828417142,1.4693649200231307,1.5382397486988395,0.5710832260218532,0.9136979455118617,0.09369794551186172,-0.00389954755666988,0.0,0.0,0.45,-0.03047791428779323,0.0,0.0,0.0,0.0,0.0,0.0,0.0,0.0,0.0,0.0,0.0,0.0,75.1528446460299,SETTLED,STOPPED,0.0
99.3,P,1.4299250745413599,1.469212728323485,1.5382130992092242,0.5708319623094562,0.9048066438563944,0.08480664385639447,-0.011811683114798521,0.0,0.0,0.45,-0.06289450042853686,0.0,0.0,0.0,0.0,0.0,0.0,0.0,0.0,0.0,0.0,0.0,0.0,75.1528446460299,SETTLED,STOPPED,0.0
99.35,P,1.4299250745413599,1.469212728323485,1.538186412160002,0.5705823363275411,0.9048835820316453,0.08488358203164537,-0.01205235993993159,0.0,0.0,0.45,-0.0487191823631548,0.0,0.0,0.0,0.0,0.0,0.0,0.0,0.0,0.0,0.0,0.0,0.0,75.1528446460299,SETTLED,STOPPED,0.0
99.4,P,1.4299250745413599,1.469212728323485,1.5381614744370047,0.5703418377977458,0.9051282222104012,0.08512822221040128,-0.012143115598395537,0.0,0.0,0.45,-0.036924545456734646,0.0,0.0,0.0,0.0,0.0,0.0,0.0,0.0,0.0,0.0,0.0,0.0,75.1528446460299,SETTLED,STOPPED,0.0
99.45,P,1.4299250745413599,1.469212728323485,1.5381336315600262,0.5700921022748322,0.9053640130339318,0.08536401303393182,-0.012217263451836269,0.0,0.0,0.45,-0.027763665832718613,0.0,0.0,0.0,0.0,0.0,0.0,0.0,0.0,0.0,0.0,0.0,0.0,75.1528446460299,SETTLED,STOPPED,0.0
99.5,P,1.426053928497067,1.4730838743677779,1.5381066484561274,0.5698436208380567,0.9056086306999196,0.08560863069991964,-0.012310975047666206,0.0,0.0,0.45,-0.020579341619174036,0.0,0.0,0.0,0.0,0.0,0.0,0.0,0.0,0.0,0.0,0.0,0.0,75.1528446460299,SETTLED,STOPPED,0.0
99.55,P,1.4047709796376877,1.4943668232271572,1.538083653901233,0.5695931546288903,0.9101641432437659,0.09016414324376598,-0.00868691502518959,0.0,0.0,0.45,0.0039923687299692895,0.0,0.0,0.0,0.0,0.0,0.0,0.0,0.0,0.0,0.0,0.0,0.0,75.1528446460299,SETTLED,STOPPED,0.0
99.6,P,1.4092111923840562,1.4899266104807887,1.5380583091801592,0.5693421811031862,0.9343332420780047,0.11433324207800477,0.01102876316626844,0.0,0.0,0.45,0.10945808248003276,0.0,0.0,0.0,0.0,0.0,0.0,0.0,0.0,0.0,0.0,0.0,0.0,75.1528446460299,SETTLED,STOPPED,0.0
99.65,P,1.4102812476502973,1.4888565552145476,1.5380340701594633,0.5690945328114055,0.9295575674045984,0.10955756740459843,0.006890195607765381,0.0,0.0,0.45,0.06436433577143648,0.0,0.0,0.0,0.0,0.0,0.0,0.0,0.0,0.0,0.0,0.0,0.0,75.1528446460299,SETTLED,STOPPED,0.0
99.7,P,1.4179071040236304,1.4812306988412145,1.5380067150545493,0.56884380179516,0.9285919241056194,0.10859192410561946,0.005816616587427603,0.0,0.0,0.45,0.045955351386212755,0.0,0.0,0.0,0.0,0.0,0.0,0.0,0.0,0.0,0.0,0.0,0.0,75.1528446460299,SETTLED,STOPPED,0.0
99.75,P,1.4191103171951236,1.480027485669721,1.5379779889941536,0.5685948462543677,0.9202574457569499,0.10025744575694995,-0.0013488152122433927,0.0,0.0,0.45,-0.0008265306529020092,0.0,0.0,0.0,0.0,0.0,0.0,0.0,0.0,0.0,0.0,0.0,0.0,75.1528446460299,SETTLED,STOPPED,0.0
99.8,P,1.4070769980197446,1.4920608048451,1.5379513523300503,0.5683437445536816,0.9191512278132252,0.09915122781322527,-0.0025691132027569896,0.0,0.0,0.45,-0.005512052861652411,0.0,0.0,0.0,0.0,0.0,0.0,0.0,0.0,0.0,0.0,0.0,0.0,75.1528446460299,SETTLED,STOPPED,0.0
99.85,P,1.4218113472300844,1.4773264556347605,1.537924365073592,0.5680939845584677,0.932942283364603,0.1129422833646031,0.008459148551647866,0.0,0.0,0.45,0.05638124319397701,0.0,0.0,0.0,0.0,0.0,0.0,0.0,0.0,0.0,0.0,0.0,0.0,75.1528446460299,SETTLED,STOPPED,0.0
99.9,P,1.4285022782984855,1.4706355245663594,1.5378981608655686,0.5678425009766156,0.9166165607123997,0.09661656071239977,-0.005299037949384688,0.0,0.0,0.45,-0.02785580997839668,0.0,0.0,0.0,0.0,0.0,0.0,0.0,0.0,0.0,0.0,0.0,0.0,75.1528446460299,SETTLED,STOPPED,0.0
99.95,P,1.4299250745413599,1.469212728323485,1.5378718280515384,0.5675912867042066,0.9093968894629796,0.08939688946297963,-0.011760637624638415,0.0,0.0,0.45,-0.053494085280599804,0.0,0.0,0.0,0.0,0.0,0.0,0.0,0.0,0.0,0.0,0.0,0.0,75.1528446460299,SETTLED,STOPPED,0.0
100.0,P,1.4299250745413599,1.469212728323485,1.537844520000518,0.567351361408055,0.9080604195652475,0.08806041956524757,-0.01322446719593695,0.0,0.0,0.45,-0.04760585406888926,0.0,0.0,0.0,0.0,0.0,0.0,0.0,0.0,0.0,0.0,0.0,0.0,75.1528446460299,SETTLED,STOPPED,0.0
100.05,P,1.4299250745413599,1.469212728323485,1.5378182507413471,0.5671013155812975,0.9082953989990151,0.08829539899901517,-0.0132971732166407,0.0,0.0,0.45,-0.03609865666515612,0.0,0.0,0.0,0.0,0.0,0.0,0.0,0.0,0.0,0.0,0.0,0.0,75.1528446460299,SETTLED,STOPPED,0.0
100.1,P,1.4281265594153452,1.4710112434494997,1.5377916908875147,0.5668509468607847,0.9085405541142492,0.08854055411424921,-0.013391934909606773,0.0,0.0,0.45,-0.02707826969179193,0.0,0.0,0.0,0.0,0.0,0.0,0.0,0.0,0.0,0.0,0.0,0.0,75.1528446460299,SETTLED,STOPPED,0.0
100.15,P,1.4183036599417855,1.4808341429230594,1.5377635186588887,0.5666015725031085,0.9107866286832506,0.0907866286832506,-0.01175772187381896,0.0,0.0,0.45,-0.011238322255991038,0.0,0.0,0.0,0.0,0.0,0.0,0.0,0.0,0.0,0.0,0.0,0.0,75.1528446460299,SETTLED,STOPPED,0.0
100.2,P,1.413309769437474,1.4858280334273708,1.5377375590391762,0.5663502027970373,0.9220042573987285,0.10200425739872854,-0.0025533129149617473,0.0,0.0,0.45,0.040591674988432705,0.0,0.0,0.0,0.0,0.0,0.0,0.0,0.0,0.0,0.0,0.0,0.0,75.1528446460299,SETTLED,STOPPED,0.0
100.25,P,1.4058334459415547,1.4933043569232902,1.5377097466208203,0.5661003110949773,0.9278586939000085,0.10785869390000857,0.001992059729582829,0.0,0.0,0.45,0.057421027096611135,0.0,0.0,0.0,0.0,0.0,0.0,0.0,0.0,0.0,0.0,0.0,0.0,75.1528446460299,SETTLED,STOPPED,0.0
100.3,P,1.4062445333047662,1.4928932695600787,1.5376835730558922,0.5658507257484195,0.9365354778550785,0.11653547785507856,0.008738925227463668,0.0,0.0,0.45,0.0829662505376668,0.0,0.0,0.0,0.0,0.0,0.0,0.0,0.0,0.0,0.0,0.0,0.0,75.1528446460299,SETTLED,STOPPED,0.0
100.35,P,1.4109092189761745,1.4882285838886704,1.5376568206908854,0.5656003016069675,0.9363141028562424,0.11631410285624244,0.008271018539032005,0.0,0.0,0.45,0.06373962542450112,0.0,0.0,0.0,0.0,0.0,0.0,0.0,0.0,0.0,0.0,0.0,0.0,75.1528446460299,SETTLED,STOPPED,0.0
100.4,P,1.413448584535527,1.4856892183293178,1.5376279422037027,0.5653576993727186,0.9312936710869009,0.11129367108690091,0.003917816459792611,0.0,0.0,0.45,0.027627008046006905,0.0,0.0,0.0,0.0,0.0,0.0,0.0,0.0,0.0,0.0,0.0,0.0,75.1528446460299,SETTLED,STOPPED,0.0
100.45,P,1.4199971841845669,1.479140618680278,1.537601046485865,0.5651073496834208,0.9286714261006643,0.10867142610066438,0.0015030463599969845,0.0,0.0,0.45,0.010011188336443986,0.0,0.0,0.0,0.0,0.0,0.0,0.0,0.0,0.0,0.0,0.0,0.0,75.1528446460299,SETTLED,STOPPED,0.0
100.5,P,1.4281564395180513,1.4709813633467936,1.5375760100175546,0.5648571690934989,0.9215679493457136,0.10156794934571367,-0.004684637910409739,0.0,0.0,0.45,-0.023446570819358595,0.0,0.0,0.0,0.0,0.0,0.0,0.0,0.0,0.0,0.0,0.0,0.0,75.1528446460299,SETTLED,STOPPED,0.0
100.55,P,1.4299250745413599,1.469212728323485,1.5375494287644043,0.5646073828459353,0.9127067972900598,0.09270679729005982,-0.01250482388595131,0.0,0.0,0.45,-0.05727739428397888,0.0,0.0,0.0,0.0,0.0,0.0,0.0,0.0,0.0,0.0,0.0,0.0,75.1528446460299,SETTLED,STOPPED,0.0
100.6,P,1.4299250745413599,1.469212728323485,1.537526586484124,0.5643560236224333,0.9109850891691282,0.09098508916912829,-0.014290281614204314,0.0,0.0,0.45,-0.052251883273602695,0.0,0.0,0.0,0.0,0.0,0.0,0.0,0.0,0.0,0.0,0.0,0.0,75.1528446460299,SETTLED,STOPPED,0.0
100.65,P,1.4299250745413599,1.469212728323485,1.537499891922271,0.5641053256760473,0.9112319909961542,0.0912319909961542,-0.014377106025319053,0.0,0.0,0.45,-0.03967010091449602,0.0,0.0,0.0,0.0,0.0,0.0,0.0,0.0,0.0,0.0,0.0,0.0,75.1528446460299,SETTLED,STOPPED,0.0
100.7,P,1.4299250745413599,1.469212728323485,1.5374732786959482,0.5638636202731162,0.9114777845135489,0.09147778451354893,-0.01446936905627072,0.0,0.0,0.45,-0.029861187236770014,0.0,0.0,0.0,0.0,0.0,0.0,0.0,0.0,0.0,0.0,0.0,0.0,75.1528446460299,SETTLED,STOPPED,0.0
100.75,P,1.4299250745413599,1.469212728323485,1.537447722671176,0.5636155691191981,0.9117146613192504,0.09171466131925043,-0.01455379310916971,0.0,0.0,0.45,-0.022249468099593942,0.0,0.0,0.0,0.0,0.0,0.0,0.0,0.0,0.0,0.0,0.0,0.0,75.1528446460299,SETTLED,STOPPED,0.0
100.8,P,1.4089737322792115,1.4901640705856332,1.5374208878491935,0.5633683779721477,0.9119579675729156,0.09195796757291563,-0.014640506984869628,0.0,0.0,0.45,-0.01628403760155634,0.0,0.0,0.0,0.0,0.0,0.0,0.0,0.0,0.0,0.0,0.0,0.0,75.1528446460299,SETTLED,STOPPED,0.0
100.85,P,1.4082413263898583,1.4908964764749864,1.537394361635522,0.5631197713238818,0.935654277829653,0.1156542778296531,0.004870414034679804,0.0,0.0,0.45,0.09156221580043682,0.0,0.0,0.0,0.0,0.0,0.0,0.0,0.0,0.0,0.0,0.0,0.0,75.1528446460299,SETTLED,STOPPED,0.0
100.9,P,1.4102812476502973,1.4888565552145476,1.5373670047225176,0.5628705788135242,0.9367230760124399,0.11672307601243992,0.00543974965797922,0.0,0.0,0.45,0.076121240328603,0.0,0.0,0.0,0.0,0.0,0.0,0.0,0.0,0.0,0.0,0.0,0.0,75.1528446460299,SETTLED,STOPPED,0.0
100.95,P,1.4153207947057695,1.4838170081590754,1.537340052904277,0.5626253090156721,0.9346661533092852,0.1146661533092852,0.0034835476398384912,0.0,0.0,0.45,0.05032410756242907,0.0,0.0,0.0,0.0,0.0,0.0,0.0,0.0,0.0,0.0,0.0,0.0,75.1528446460299,SETTLED,STOPPED,0.0
101.0,P,1.4226664925071824,1.4764713103576625,1.5373160379598105,0.5623765700382882,0.9292377768590903,0.10923777685909031,-0.0012435176319836039,0.0,0.0,0.45,0.015367947517835785,0.0,0.0,0.0,0.0,0.0,0.0,0.0,0.0,0.0,0.0,0.0,0.0,75.1528446460299,SETTLED,STOPPED,0.0
101.05,P,1.404657843472323,1.494479959392522,1.537288746754366,0.5621314561269705,0.9212565943058636,0.10125659430586365,-0.008191368584457903,0.0,0.0,0.45,-0.0231302041702874,0.0,0.0,0.0,0.0,0.0,0.0,0.0,0.0,0.0,0.0,0.0,0.0,75.1528446460299,SETTLED,STOPPED,0.0
101.1,P,1.4189017492474907,1.480236053617354,1.5372117985363105,0.562262460094292,0.9417349351313907,0.12173493513139078,0.008321738519003308,0.0076690353601578855,0.0011234347000653828,0.45,0.07206314037950032,0.0074831069172970645,0.007854963803018707,0.07674981453638015,0.08056373131301238,0.07674981453638015,0.08056373131301238,0.07674981453638015,0.08056373131301238,0.01998074779458253,0.020975491614133476,1.8174319564479387e-05,0.040974413728280486,75.15489336671632,FOLLOWING,STOPPED,0.0
101.15,P,1.427209123639555,1.4719286792252897,1.5371657602202933,0.5626250849707186,0.9255661976154741,0.10556619761547414,-0.004901309643370766,0.013169270622085196,0.00034941442820383506,0.45,-0.014933195574026975,0.013111442534217461,0.013227098709952931,0.13447633368428163,0.1356625508713121,0.13447633368428163,0.1356625508713121,0.05772651914790149,0.05509881955829972,0.030363665916469135,0.03063246969187185,3.894535450234008e-06,0.06100003014379122,75.15794336822351,FOLLOWING,STOPPED,0.0
101.2,P,1.4299250745413599,1.469212728323485,1.5370915323250904,0.5631889471568607,0.9159276655131835,0.09592766551318355,-0.012752707292648324,0.01723683153553781,-0.0014071424991239727,0.45,-0.05405743379782208,0.01746971361914283,0.01700394945193279,0.17917654993992643,0.17439948155828502,0.17917654993992643,0.17439948155828502,0.0447002162556448,0.038736930686972926,0.036374979990352836,0.0354001793349393,3.559285302586154e-05,0.07181075217831799,75.16153390583243,FOLLOWING,STOPPED,0.0
101.25,P,1.4299250745413599,1.469212728323485,1.536996717886748,0.5639127461496952,0.9123397074080352,0.09233970740803521,-0.01529505876688031,0.020468027927141738,-0.003331261182740308,0.45,-0.057951814024954806,0.02101935165288526,0.019916704201398218,0.21558309387574623,0.20427388924510992,0.21558309387574623,0.20427388924510992,0.036406543935819796,0.029874407686824894,0.04091236151664862,0.03875229196637517,9.230028309672253e-05,0.0797569537661205,75.16552175352074,FOLLOWING,STOPPED,0.0
101.3,P,1.4299250745413599,1.469212728323485,1.536879741418163,0.5647828901584467,0.9116097819421126,0.09160978194211267,-0.015147033955656752,0.02316857793745377,-0.005042984648479841,0.45,-0.048414086989524124,0.024003191896777184,0.022333963978130356,0.24618658355668907,0.22906629721159338,0.24618658355668907,0.22906629721159338,0.03060348968094284,0.024792407966483465,0.0446637159795485,0.04153418557798145,0.00012430361030641438,0.08632220516783635,75.16983786377912,FOLLOWING,STOPPED,0.0
101.35,P,1.4299250745413599,1.469212728323485,1.536751478746092,0.565753842016622,0.9107319215498957,0.09073192154989573,-0.01490961995221518,0.025408766979744053,-0.006551484877180821,0.45,-0.04162557357758355,0.026493037726917478,0.024324496232570627,0.2717234638658203,0.24948201264175002,0.2717234638658203,0.24948201264175002,0.025536880309131232,0.020415715430156633,0.04732590777669236,0.043418834910096994,0.00014231399667204725,0.09088705668346139,75.1743822166133,FOLLOWING,STOPPED,0.0
101.4,P,1.4202433919301811,1.4788944109346638,1.5366121609061065,0.5668156415398676,0.9097526256527925,0.08975262565279252,-0.01460387556638798,0.027251264392041768,-0.007867859590925041,0.45,-0.03677684933776957,0.028553395154339863,0.025949133629743673,0.2928553349163063,0.2661449603050633,0.2928553349163063,0.2661449603050633,0.021131871050485973,0.016662947663313277,0.04916991555210053,0.044642635829104396,0.00014914154040169332,0.09396169292160661,75.17908030125938,FOLLOWING,STOPPED,0.0
101.45,P,1.4142796354316718,1.4848581674331731,1.5364596736855962,0.5679826662271881,0.9194723334465796,0.09947233344657969,-0.005003084884952269,0.02943025330937997,-0.0077564900913011,0.45,0.014080771809205708,0.030713952419490303,0.028146554199269636,0.3150148966101569,0.2886826071719963,0.3150148966101569,0.2886826071719963,0.022159561693850638,0.022537646866932992,0.05463762441620906,0.05002482165922194,1.2439244452410876e-05,0.1046748853198834,75.18431404552537,FOLLOWING,STOPPED,0.0
101.5,P,1.4074498892652176,1.4916879135996273,1.5362915131291457,0.569263490766844,0.9249803492288129,0.10498034922881294,0.0009589336763680123,0.03162947427353332,-0.00685138503586136,0.45,0.035218271453008154,0.03276337849696837,0.030495570050098265,0.33603465125095766,0.3127750774369053,0.33603465125095766,0.3127750774369053,0.021019754640800747,0.024092470264909016,0.058435140576563446,0.05434673956424938,8.929761455120624e-05,0.11287117775536404,75.18995760441314,FOLLOWING,STOPPED,0.0
101.55,P,1.4049513786458356,1.494186424219009,1.5361114536160625,0.5706555879893671,0.9313790742110793,0.1113790742110794,0.007602311625240166,0.03390173203794121,-0.005139934462867899,0.45,0.05562464165532037,0.03475239119154585,0.03305107288433657,0.3564347814517523,0.3389853629162725,0.3564347814517523,0.3389853629162725,0.02040013020079462,0.026210285479367212,0.0624450766569968,0.05935256039796917,0.00012667311045539426,0.12192431016542135,75.1960538199214,FOLLOWING,STOPPED,0.0
101.6,P,1.4105859303114419,1.488551872553403,1.5359178834934482,0.5721447640558239,0.9327980331954058,0.11279803319540582,0.010158674701613135,0.035922381647587216,-0.003254519931863443,0.45,0.049630640022186506,0.03646100469631062,0.035383758598863814,0.37395902252626273,0.3629103446037314,0.37395902252626273,0.3629103446037314,0.01752424107451045,0.02392498168745888,0.06404083963764705,0.06212468491783185,8.836011606210215e-05,0.12625388467154103,75.20236651415497,FOLLOWING,STOPPED,0.0
101.65,P,1.4122230802237017,1.486914722641143,1.5357140341036657,0.573698967059798,0.9249378827755463,0.10493788277554639,0.0051555983742481715,0.037145023153518746,-0.0022330621581536534,0.45,0.004127237369921995,0.037514594940693174,0.03677545136634432,0.3847650763148018,0.3771841165778904,0.3847650763148018,0.3771841165778904,0.01080605378853905,0.014273771974159022,0.060976736541375656,0.05975816594425105,3.284609328897608e-05,0.12076774857891569,75.20840490158392,FOLLOWING,STOPPED,0.0
101.7,P,1.4187040295256363,1.4804337733392086,1.5355052301616983,0.5752912740501562,0.9215275535393341,0.10152755353933418,0.003748837474498945,0.037969460607867975,-0.001503662883280972,0.45,-0.011786203490795403,0.03821831681505097,0.037720604400684976,0.39198273656462534,0.3868779938531792,0.39198273656462534,0.3868779938531792,0.007217660249823565,0.00969387727528881,0.05962646728670445,0.0588381097000479,1.579349688074163e-05,0.1184803704836331,75.2143289201081,FOLLOWING,STOPPED,0.0
101.75,P,1.426539996194388,1.4725978066704568,1.5352946034641797,0.5768971263300154,0.912647502866938,0.09264750286693801,-0.0022563409341813667,0.038110819339538235,-0.0016579026210673505,0.45,-0.04826546168136577,0.03838520222332488,0.03783643645575159,0.39369438177769106,0.3880660149307855,0.39369438177769106,0.3880660149307855,0.0017116452130657156,0.0011880210776062938,0.055564558487812075,0.05475708668998857,3.6822883039026075e-06,0.11032532746610454,75.21984518648141,FOLLOWING,STOPPED,0.0
101.8,P,1.4299250745413599,1.469212728323485,1.535087066044821,0.5784937788259272,0.9022789332377966,0.08227893323779667,-0.009689537947206395,0.03807171115390358,-0.002800199981833414,0.45,-0.08326876647968981,0.03853514425089701,0.037608278056910145,0.39523224872714885,0.385725928788822,0.39523224872714885,0.385725928788822,0.001537866949457789,-0.0023400861419635155,0.05513511466370503,0.05378697683325636,4.606071910366563e-05,0.10896815221606505,75.22529359409221,FOLLOWING,STOPPED,0.0
101.85,P,1.4299250745413599,1.469212728323485,1.5351231621890284,0.5782191986535141,0.8969053971579204,0.07690539715792044,-0.012857867050854788,0.0,0.0,0.45,-0.08859319660561481,0.0,0.0,0.0,0.0,0.0,0.0,-0.39523224872714885,-0.385725928788822,0.0,0.0,0.0,0.0,75.22529359409221,SETTLED,STOPPED,0.0
101.9,P,1.4299250745413599,1.469212728323485,1.535163548491585,0.5779269269608803,0.8971823156741778,0.07718231567417788,-0.012845254859036315,0.0,0.0,0.45,-0.06788425188084674,0.0,0.0,0.0,0.0,0.0,0.0,0.0,0.0,0.0,0.0,0.0,0.0,75.22529359409221,SETTLED,STOPPED,0.0
101.95,P,1.4299250745413599,1.469212728323485,1.5351997718311141,0.5776395581588075,0.897477306738144,0.07747730673814401,-0.01284788342940657,0.0,0.0,0.45,-0.0516517557856094,0.0,0.0,0.0,0.0,0.0,0.0,0.0,0.0,0.0,0.0,0.0,0.0,75.22529359409221,SETTLED,STOPPED,0.0
102.0,P,1.4299250745413599,1.469212728323485,1.535238108657988,0.5773504721654612,0.89776694060705,0.07776694060705003,-0.012857522427790036,0.0,0.0,0.45,-0.0390139804895888,0.0,0.0,0.0,0.0,0.0,0.0,0.0,0.0,0.0,0.0,0.0,0.0,75.22529359409221,SETTLED,STOPPED,0.0
102.05,P,1.4131764849207356,1.4859613179441094,1.5352781557015942,0.5770768737391515,0.8980585276662822,0.0780585276662823,-0.012856927630105375,0.0,0.0,0.45,-0.02914792172125721,0.0,0.0,0.0,0.0,0.0,0.0,0.0,0.0,0.0,0.0,0.0,0.0,75.22529359409221,SETTLED,STOPPED,0.0
102.1,P,1.4072714603956606,1.4918663424691843,1.5353154287420347,0.5767882054476169,0.9170494811760336,0.09704948117603363,0.0031115139529047653,0.0,0.0,0.45,0.060824816500329976,0.0,0.0,0.0,0.0,0.0,0.0,0.0,0.0,0.0,0.0,0.0,0.0,75.22529359409221,SETTLED,STOPPED,0.0
102.15,P,1.4102812476502973,1.4888565552145476,1.5353541841020217,0.5764986881087175,0.9239931031586489,0.10399310315864896,0.00858430905284635,0.0,0.0,0.45,0.07799529359376658,0.0,0.0,0.0,0.0,0.0,0.0,0.0,0.0,0.0,0.0,0.0,0.0,75.22529359409221,SETTLED,STOPPED,0.0
102.2,P,1.4127344853879085,1.4864033174769362,1.5353934582453765,0.5762079472805286,0.920890936594859,0.10089093659485904,0.005797355919521019,0.0,0.0,0.45,0.04718679612246151,0.0,0.0,0.0,0.0,0.0,0.0,0.0,0.0,0.0,0.0,0.0,0.0,75.22529359409221,SETTLED,STOPPED,0.0
102.25,P,1.4258316846859882,1.4733061181788567,1.5354336346227722,0.5759175446232908,0.9184230155812868,0.09842301558128685,0.00350819971702232,0.0,0.0,0.45,0.025946848515801757,0.0,0.0,0.0,0.0,0.0,0.0,0.0,0.0,0.0,0.0,0.0,0.0,75.22529359409221,SETTLED,STOPPED,0.0
102.3,P,1.4082140187843817,1.4909237840804632,1.5354691704431764,0.5756361046249929,0.9040568783976142,0.08405687839761422,-0.008919079363045812,0.0,0.0,0.45,-0.0429724617658378,0.0,0.0,0.0,0.0,0.0,0.0,0.0,0.0,0.0,0.0,0.0,0.0,75.22529359409221,SETTLED,STOPPED,0.0
102.35,P,1.4159921512648972,1.4831456515999475,1.5355099258442055,0.5753454246568238,0.9240916674154586,0.10409166741545861,0.00769055659252893,0.0,0.0,0.45,0.05463455150116684,0.0,0.0,0.0,0.0,0.0,0.0,0.0,0.0,0.0,0.0,0.0,0.0,75.22529359409221,SETTLED,STOPPED,0.0
102.4,P,1.4259159689806247,1.4732218338842202,1.5355487818045002,0.5750576710547726,0.9156340701821756,0.09563407018217562,0.0004409613627769371,0.0,0.0,0.45,0.005401522344462881,0.0,0.0,0.0,0.0,0.0,0.0,0.0,0.0,0.0,0.0,0.0,0.0,75.22529359409221,SETTLED,STOPPED,0.0
102.45,P,1.4299250745413599,1.469212728323485,1.5355856882547039,0.5747731965718901,0.9048304907764755,0.08483049077647553,-0.009009427636361256,0.0,0.0,0.45,-0.043322561956402064,0.0,0.0,0.0,0.0,0.0,0.0,0.0,0.0,0.0,0.0,0.0,0.0,75.22529359409221,SETTLED,STOPPED,0.0
102.5,P,1.4299250745413599,1.469212728323485,1.535624023090518,0.5744848453073333,0.9006587818093448,0.08065878180934483,-0.012898305934385457,0.0,0.0,0.45,-0.05214711778136976,0.0,0.0,0.0,0.0,0.0,0.0,0.0,0.0,0.0,0.0,0.0,0.0,75.22529359409221,SETTLED,STOPPED,0.0
102.55,P,1.4299250745413599,1.469212728323485,1.5356641603051397,0.5741974099882519,0.9009496391979754,0.08094963919797549,-0.012893781232769852,0.0,0.0,0.45,-0.03939497935949344,0.0,0.0,0.0,0.0,0.0,0.0,0.0,0.0,0.0,0.0,0.0,0.0,75.22529359409221,SETTLED,STOPPED,0.0
102.6,P,1.4299250745413599,1.469212728323485,1.53570240370189,0.5739082475461862,0.901239798451488,0.0812397984514881,-0.012887295796082832,0.0,0.0,0.45,-0.029451383184949317,0.0,0.0,0.0,0.0,0.0,0.0,0.0,0.0,0.0,0.0,0.0,0.0,75.22529359409221,SETTLED,STOPPED,0.0
102.65,P,1.4221831239185767,1.476954678946268,1.5357420868999572,0.573616936886744,0.901531450734939,0.08153145073493906,-0.012887804917357082,0.0,0.0,0.45,-0.02168880883707617,0.0,0.0,0.0,0.0,0.0,0.0,0.0,0.0,0.0,0.0,0.0,0.0,75.22529359409221,SETTLED,STOPPED,0.0
102.7,P,1.4152495014258697,1.4838883014389752,1.5357825375175636,0.5733269439341495,0.910447535173008,0.09044753517300808,-0.005439924664571105,0.0,0.0,0.45,0.022313500634586484,0.0,0.0,0.0,0.0,0.0,0.0,0.0,0.0,0.0,0.0,0.0,0.0,75.22529359409221,SETTLED,STOPPED,0.0
102.75,P,1.4090663325888806,1.490071470275964,1.5358229260187404,0.5730409537313694,0.9185043269198641,0.0985043269198641,0.0011091912938145931,0.0,0.0,0.45,0.052854414181146,0.0,0.0,0.0,0.0,0.0,0.0,0.0,0.0,0.0,0.0,0.0,0.0,75.22529359409221,SETTLED,STOPPED,0.0
102.8,P,1.4036582239869053,1.4954795788779396,1.5358628681652604,0.5727515324666606,0.9257495353776791,0.10574953537767917,0.006852621033401229,0.0,0.0,0.45,0.07310536027568199,0.0,0.0,0.0,0.0,0.0,0.0,0.0,0.0,0.0,0.0,0.0,0.0,75.22529359409221,SETTLED,STOPPED,0.0
102.85,P,1.410206823635945,1.4889309792288998,1.5359021407631108,0.5724599706647097,0.9321508008773586,0.11215080087735863,0.01180020337877119,0.0,0.0,0.45,0.08518774921362315,0.0,0.0,0.0,0.0,0.0,0.0,0.0,0.0,0.0,0.0,0.0,0.0,75.22529359409221,SETTLED,STOPPED,0.0
102.9,P,1.4118997915589693,1.4872380113058756,1.5359418801872597,0.5721717449933648,0.9250504971548108,0.10505049715481085,0.0057945207119591835,0.0,0.0,0.45,0.035205108007414075,0.0,0.0,0.0,0.0,0.0,0.0,0.0,0.0,0.0,0.0,0.0,0.0,75.22529359409221,SETTLED,STOPPED,0.0
102.95,P,1.417410874866706,1.4817269279981389,1.5359807501059806,0.5718839389588434,0.9234352773716129,0.10343527737161295,0.004222841211534156,0.0,0.0,0.45,0.02035301719971183,0.0,0.0,0.0,0.0,0.0,0.0,0.0,0.0,0.0,0.0,0.0,0.0,75.22529359409221,SETTLED,STOPPED,0.0
103.0,P,1.4249235528707251,1.4742142499941198,1.536020559487306,0.5715918202663173,0.9175364189056567,0.09753641890565679,-0.0009283004079347901,0.0,0.0,0.45,-0.01007962383443339,0.0,0.0,0.0,0.0,0.0,0.0,0.0,0.0,0.0,0.0,0.0,0.0,75.22529359409221,SETTLED,STOPPED,0.0
103.05,P,1.4299250745413599,1.469212728323485,1.5360580811820361,0.5713069785055627,0.909433777427959,0.089433777427959,-0.008060158068808887,0.0,0.0,0.45,-0.04351372909273035,0.0,0.0,0.0,0.0,0.0,0.0,0.0,0.0,0.0,0.0,0.0,0.0,75.22529359409221,SETTLED,STOPPED,0.0
103.1,P,1.4299250745413599,1.469212728323485,1.5361000815710262,0.5710196340380393,0.9041564857117794,0.08415648571177947,-0.012890232317204875,0.0,0.0,0.45,-0.057160792243520886,0.0,0.0,0.0,0.0,0.0,0.0,0.0,0.0,0.0,0.0,0.0,0.0,75.22529359409221,SETTLED,STOPPED,0.0
103.15,P,1.4299250745413599,1.469212728323485,1.5361379494462932,0.5707331176168537,0.9044467738567114,0.0844467738567114,-0.012879879442741604,0.0,0.0,0.45,-0.04330815011224574,0.0,0.0,0.0,0.0,0.0,0.0,0.0,0.0,0.0,0.0,0.0,0.0,75.22529359409221,SETTLED,STOPPED,0.0
103.2,P,1.4299250745413599,1.469212728323485,1.5361777612169156,0.5704429877728239,0.9047357545997122,0.08473575459971228,-0.0128772667256567,0.0,0.0,0.45,-0.03250884181834775,0.0,0.0,0.0,0.0,0.0,0.0,0.0,0.0,0.0,0.0,0.0,0.0,75.22529359409221,SETTLED,STOPPED,0.0
103.25,P,1.4299250745413599,1.469212728323485,1.536216268730008,0.5701521844907352,0.9050285520110825,0.0850285520110825,-0.012876976524888839,0.0,0.0,0.45,-0.024068588008282172,0.0,0.0,0.0,0.0,0.0,0.0,0.0,0.0,0.0,0.0,0.0,0.0,75.22529359409221,SETTLED,STOPPED,0.0
103.3,P,1.4173792375622596,1.4817585653025853,1.5362535625629947,0.5698667688624666,0.9053218651059349,0.08532186510593498,-0.012873589775391991,0.0,0.0,0.45,-0.017482921029109123,0.0,0.0,0.0,0.0,0.0,0.0,0.0,0.0,0.0,0.0,0.0,0.0,75.22529359409221,SETTLED,STOPPED,0.0
103.35,P,1.4063015944014627,1.4928362084633822,1.5362935665767603,0.5695786771947737,0.9196073909876799,0.0996073909876799,-0.0009165933324799536,0.0,0.0,0.45,0.04921963547697611,0.0,0.0,0.0,0.0,0.0,0.0,0.0,0.0,0.0,0.0,0.0,0.0,75.22529359409221,SETTLED,STOPPED,0.0
103.4,P,1.4102812476502973,1.4888565552145476,1.536333680624912,0.5692908005450045,0.9323638677438272,0.11236386774382723,0.009332902725247116,0.0,0.0,0.45,0.0945198133990928,0.0,0.0,0.0,0.0,0.0,0.0,0.0,0.0,0.0,0.0,0.0,0.0,75.22529359409221,SETTLED,STOPPED,0.0
103.45,P,1.4102812476502973,1.4888565552145476,1.5363725562429127,0.5690009336017361,0.9281650677653119,0.10816506776531198,0.005679451955932668,0.0,0.0,0.45,0.055250734545824264,0.0,0.0,0.0,0.0,0.0,0.0,0.0,0.0,0.0,0.0,0.0,0.0,75.22529359409221,SETTLED,STOPPED,0.0
103.5,P,1.4232453753681273,1.4758924274967176,1.5364095522863326,0.5687119543473198,0.9284575287622423,0.10845752876224235,0.0056739014832538626,0.0,0.0,0.45,0.04438240133223661,0.0,0.0,0.0,0.0,0.0,0.0,0.0,0.0,0.0,0.0,0.0,0.0,75.22529359409221,SETTLED,STOPPED,0.0
103.55,P,1.4117701940964404,1.4873676087684045,1.5364496479962317,0.5684264412798706,0.9142114316727504,0.09421143167275048,-0.0064500020743534225,0.0,0.0,0.45,-0.02806455415462325,0.0,0.0,0.0,0.0,0.0,0.0,0.0,0.0,0.0,0.0,0.0,0.0,75.22529359409221,SETTLED,STOPPED,0.0
103.6,P,1.4130825532823037,1.486055249582541,1.5364890872493382,0.5681390552374026,0.9273606825447905,0.10736068254479059,0.0043041229163294226,0.0,0.0,0.45,0.035966351596373625,0.0,0.0,0.0,0.0,0.0,0.0,0.0,0.0,0.0,0.0,0.0,0.0,75.22529359409221,SETTLED,STOPPED,0.0
103.65,P,1.4246228143216941,1.4745149885431508,1.5365277520551102,0.5678485532139178,0.9261745583132905,0.10617455831329059,0.0030906551389675574,0.0,0.0,0.45,0.022834807626571148,0.0,0.0,0.0,0.0,0.0,0.0,0.0,0.0,0.0,0.0,0.0,0.0,75.22529359409221,SETTLED,STOPPED,0.0
103.7,P,1.4299250745413599,1.469212728323485,1.5365668061252946,0.5675589581170962,0.9135462440630676,0.09354624406306766,-0.007751213383375255,0.0,0.0,0.45,-0.03775343275225855,0.0,0.0,0.0,0.0,0.0,0.0,0.0,0.0,0.0,0.0,0.0,0.0,75.22529359409221,SETTLED,STOPPED,0.0
103.75,P,1.4299250745413599,1.469212728323485,1.5366059050448855,0.5672678649050232,0.9079383130161517,0.08793831301615174,-0.012829737972714472,0.0,0.0,0.45,-0.054122574153193145,0.0,0.0,0.0,0.0,0.0,0.0,0.0,0.0,0.0,0.0,0.0,0.0,75.22529359409221,SETTLED,STOPPED,0.0
103.8,P,1.4299250745413599,1.469212728323485,1.5366459950211433,0.5669806363592264,0.9082319837155427,0.08823198371554275,-0.012829658966889479,0.0,0.0,0.45,-0.04092345676217012,0.0,0.0,0.0,0.0,0.0,0.0,0.0,0.0,0.0,0.0,0.0,0.0,75.22529359409221,SETTLED,STOPPED,0.0
103.85,P,1.4299250745413599,1.469212728323485,1.5366832608067804,0.5666941269420399,0.9085219329428733,0.08852193294287336,-0.012822805165575657,0.0,0.0,0.45,-0.030644519674237935,0.0,0.0,0.0,0.0,0.0,0.0,0.0,0.0,0.0,0.0,0.0,0.0,75.22529359409221,SETTLED,STOPPED,0.0
103.9,P,1.4241228559069725,1.4750149469578724,1.5367226618991898,0.566403458047561,0.9088108362988429,0.0888108362988429,-0.01283780591166428,0.0,0.0,0.45,-0.022631550579639545,0.0,0.0,0.0,0.0,0.0,0.0,0.0,0.0,0.0,0.0,0.0,0.0,75.22529359409221,SETTLED,STOPPED,0.0
103.95,P,1.4162193674200676,1.4829184354447773,1.536762130715258,0.5661129132002183,0.9155618788969416,0.09556187889694168,-0.007286367532009619,0.0,0.0,0.45,0.012051977979517469,0.0,0.0,0.0,0.0,0.0,0.0,0.0,0.0,0.0,0.0,0.0,0.0,75.22529359409221,SETTLED,STOPPED,0.0
104.0,P,1.4106827759125438,1.4884550269523011,1.5368014132915748,0.5658213486913237,0.9246961248977736,0.10469612489777369,0.00014712982181919187,0.0,0.0,0.45,0.04959122522768677,0.0,0.0,0.0,0.0,0.0,0.0,0.0,0.0,0.0,0.0,0.0,0.0,75.22529359409221,SETTLED,STOPPED,0.0
104.05,P,1.402497026351244,1.496640776513601,1.536842082949404,0.5655309569625647,0.9312136247691635,0.11121362476916352,0.005263727622220493,0.0,0.0,0.45,0.06735815511171257,0.0,0.0,0.0,0.0,0.0,0.0,0.0,0.0,0.0,0.0,0.0,0.0,75.22529359409221,SETTLED,STOPPED,0.0
104.1,P,1.4089136689770145,1.4902241338878301,1.536830658973551,0.5656333157911628,0.9407518749897478,0.12075187498974782,0.012701652866148772,0.007606754476701742,0.0017147231369299867,0.45,0.09450766195770911,0.007322967797539829,0.007890541155863654,0.07510736202604952,0.08092862723962722,0.07510736202604952,0.08092862723962722,0.07510736202604952,0.08092862723962722,0.019477164594191354,0.020989586802510278,4.2339966283053805e-05,0.04050909136298469,75.22731904866036,FOLLOWING,STOPPED,0.0
104.15,P,1.4115765028942366,1.4875612999706083,1.536780987586154,0.5660139738725709,0.933397523694186,0.1133975236941861,0.0068247674103893985,0.013609618922898973,0.002464594423639514,0.45,0.04135683062653969,0.013201728545786634,0.014017509300011312,0.1354023440593501,0.14376932615396218,0.1354023440593501,0.14376932615396218,0.06029498203330057,0.06284069891433496,0.03166837357387782,0.03363249008808391,2.661305172007383e-05,0.06532747671368179,75.23058542249605,FOLLOWING,STOPPED,0.0
104.2,P,1.4161177202077755,1.4830200826570694,1.536700806793284,0.5666410554217942,0.9300137833523818,0.11001378335238188,0.004264992972251358,0.018498981398939827,0.002793909032529477,0.45,0.01736987038476155,0.018036589454056198,0.018961373343823456,0.18499066106724305,0.19447562403921492,0.18499066106724305,0.19447562403921492,0.04958831700789296,0.050706297885252744,0.04000747940972081,0.042069836799472494,1.32490808686315e-05,0.08209056529006195,75.23468995076055,FOLLOWING,STOPPED,0.0
104.25,P,1.423307109547062,1.475830693317783,1.5365925915143506,0.5674603850824579,0.9242785307076853,0.10427853070768534,-7.956050143320681e-05,0.02229368160289061,0.002503777461583063,0.45,-0.01168661273655221,0.021879306432998614,0.02270805677278261,0.22440314290254987,0.23290314638751394,0.22440314290254987,0.23290314638751394,0.03941248183530682,0.03842752234829902,0.04463236204576035,0.04633483690053537,1.0460518390502792e-05,0.09097765946468622,75.2392388337338,FOLLOWING,STOPPED,0.0
104.3,P,1.4299250745413599,1.469212728323485,1.5364698497048312,0.5684070020167443,0.9154071319954309,0.09540713199543094,-0.006960484992116989,0.024960133075732,0.0013137342414890308,0.45,-0.04814971226843229,0.024742710058765566,0.025177556092698433,0.2537713852181084,0.25823134454049673,0.2537713852181084,0.25823134454049673,0.029368242315558513,0.02532819815298279,0.045912107464922185,0.04672590979537478,2.25129675900886e-05,0.09266053022788706,75.24387186024519,FOLLOWING,STOPPED,0.0
104.35,P,1.4299250745413599,1.469212728323485,1.5363360984472367,0.5694391563652335,0.9070847510909051,0.08708475109090519,-0.013374174771484837,0.026701961773631204,-0.0006231527768102152,0.45,-0.07417525154929257,0.026805093558193296,0.026598829989069112,0.2749240364942902,0.2728085127084011,0.2749240364942902,0.2728085127084011,0.021152651276181822,0.014577168167904386,0.045684460736098075,0.04532945878424213,1.7380461943020985e-05,0.09103129998228324,75.24842342524431,FOLLOWING,STOPPED,0.0
104.4,P,1.4299250745413599,1.469212728323485,1.5361909089744166,0.5705409267975222,0.9060440313821443,0.08604403138214434,-0.013359327832400236,0.02811695776464455,-0.002364346756503127,0.45,-0.06243586292699621,0.028508257152845818,0.027725658376443283,0.2923923810548289,0.2843657269378798,0.2923923810548289,0.2843657269378798,0.017468344560538696,0.011557214229478696,0.04708046632201698,0.045774334676356436,5.9281723271951144e-05,0.09291408272164536,75.25306912938039,FOLLOWING,STOPPED,0.0
104.45,P,1.4299250745413599,1.469212728323485,1.5360407285261066,0.57170067506954,0.9049328342068672,0.08493283420686726,-0.013260393637031909,0.02924971222754773,-0.003918065221852033,0.45,-0.05358924065427648,0.029898152021764244,0.02860127243333122,0.30664771304373584,0.29334638393160223,0.30664771304373584,0.29334638393160223,0.014255331988906939,0.008980656993722413,0.04800970849726983,0.04590380014639682,8.766101208431823e-05,0.09400116965575098,75.25776918786318,FOLLOWING,STOPPED,0.0
104.5,P,1.4299250745413599,1.469212728323485,1.5358848637782463,0.5729037912266206,0.9037634744537548,0.08376347445375487,-0.013084043708975424,0.030138902591362225,-0.005292604600378434,0.45,-0.046944790624030446,0.031014828652724855,0.029262976529999596,0.3181008066946139,0.30013309261538046,0.3181008066946139,0.30013309261538046,0.011453093650878043,0.006786708683778231,0.04857827317073814,0.045802005244952794,0.00010475846550994398,0.09448503688120088,75.26249343970723,FOLLOWING,STOPPED,0.0
104.55,P,1.4215819902037834,1.4775558126610615,1.5357252325506374,0.574141287046457,0.9025503795660584,0.08255037956605848,-0.01283756158726046,0.03081831257790601,-0.006496414954620684,0.45,-0.04195455419260815,0.03189346925289573,0.029743155902916287,0.32711250515790496,0.3050580092606799,0.32711250515790496,0.3050580092606799,0.009011698463291085,0.004924916645299426,0.048868214850369164,0.0455330671282096,0.00011261450286470916,0.09451389648144347,75.2672191345313,FOLLOWING,STOPPED,0.0
104.6,P,1.4053317284072648,1.4938060744575798,1.5355575106780863,0.5754338774018312,0.9105967740250971,0.09059677402509714,-0.004510415162375381,0.03190310439766783,-0.0064556795060792945,0.45,0.0026795833495377244,0.032971519355923955,0.030834689439411707,0.3381694292915277,0.31625322501960723,0.3381694292915277,0.31625322501960723,0.011056924133622748,0.011195215758927346,0.05274787216533811,0.049287782942535566,3.7868400046024303e-06,0.10203944194787828,75.2723211066287,FOLLOWING,STOPPED,0.0
104.65,P,1.4102431781440448,1.4888946247208001,1.5353768704265756,0.5768255691583156,0.9275592955132573,0.10755929551325738,0.01098794564874006,0.03389346529523564,-0.0043267388928915785,0.45,0.07672516956054873,0.03460954058200919,0.033177390008462086,0.3549696469949661,0.34028092316371367,0.3549696469949661,0.34028092316371367,0.01680021770343837,0.024027698144106435,0.060575481098980755,0.05803886431163541,0.00013264373018500214,0.11874698914080116,75.27825845608574,FOLLOWING,STOPPED,0.0
104.7,P,1.4102812476502973,1.4888565552145476,1.5351857706636558,0.5782795655736065,0.9206130582709011,0.10061305827090117,0.006681329048271678,0.035147926693985,-0.00299208558208582,0.45,0.029282188390858936,0.0356431168578202,0.034652736530149796,0.3655704293109764,0.3554126823605107,0.3655704293109764,0.3554126823605107,0.010600782316010304,0.015131759196797046,0.05807984488149428,0.05644437604669355,5.7504915768171476e-05,0.114581725843956,75.28398754237793,FOLLOWING,STOPPED,0.0
104.75,P,1.4206590660502665,1.4784787368145784,1.534993215389996,0.5797793013682566,0.9191036905228666,0.0991036905228666,0.006798496150368427,0.03611912590675247,-0.0017750800435775693,0.45,0.016198888853517515,0.036412901653964554,0.03582535015954038,0.37346565798938003,0.36743948881579874,0.37346565798938003,0.36743948881579874,0.007895228678403643,0.01202680645528803,0.05765001183618545,0.056706496949894804,3.110806431834468e-05,0.1143876168503986,75.28970692322045,FOLLOWING,STOPPED,0.0
104.8,P,1.4153263694084992,1.4838114334563457,1.5347998109416303,0.5812786693090228,0.9059431400351664,0.08594314003516645,-0.0028996518884751854,0.03611887115951667,-0.0019890250441639504,0.45,-0.0452712888401403,0.0364480548043258,0.035789687514707534,0.3738262031212903,0.36707371809956446,0.3738262031212903,0.36707371809956446,0.0003605451319102504,-0.0003657707162342816,0.05186728493869652,0.050915525566161315,6.127804285056104e-06,0.10278893830914289,75.2948463701359,FOLLOWING,STOPPED,0.0
104.85,P,1.4101729552997102,1.4889648475651345,1.5346049681292664,0.5827937075150948,0.9104061146494885,0.09040611464948856,0.0022700617560997838,0.03639661103332423,-0.0014836642026741134,0.45,-0.015674516992291068,0.03664215745886679,0.03615106460778166,0.3758169995781209,0.37078014982340163,0.3758169995781209,0.37078014982340163,0.0019907964568306458,0.003706431723837167,0.05382565399657432,0.05309305566807155,1.0796915375305643e-05,0.10692950658002118,75.3001928454649,FOLLOWING,STOPPED,0.0
104.9,P,1.4233296596627638,1.475808143202081,1.5344084498475445,0.58433652710702,0.9146745108924832,0.09467451089248324,0.007189150254125698,0.03690145943111087,-0.00036476249809979646,0.45,0.0065548202151906616,0.03696182762454638,0.03684109123767535,0.37909566794406546,0.3778573460274395,0.37909566794406546,0.3778573460274395,0.003278668365944537,0.00707719620403785,0.055687759537249346,0.055503047147295606,5.877120684796869e-06,0.11119668380522975,75.30575267965517,FOLLOWING,STOPPED,0.0
104.95,P,1.4298782593118036,1.4692595435530413,1.5344482996561029,0.584046051777983,0.8983652597535451,0.07836525975354514,-0.005290378331687995,0.0,0.0,0.45,-0.06664794524348303,0.0,0.0,0.0,0.0,0.0,0.0,-0.37909566794406546,-0.3778573460274395,0.0,0.0,0.0,0.0,75.30575267965517,SETTLED,STOPPED,0.0
105.0,P,1.4299250745413599,1.469212728323485,1.5344880393552136,0.5837572306229328,0.8913685092924248,0.07136850929242489,-0.011670835555423587,0.0,0.0,0.45,-0.0827710993188476,0.0,0.0,0.0,0.0,0.0,0.0,0.0,0.0,0.0,0.0,0.0,0.0,75.30575267965517,SETTLED,STOPPED,0.0
105.05,P,1.4299250745413599,1.469212728323485,1.534526825592803,0.5834681926057859,0.8916080147793625,0.07160801477936252,-0.011712537149378255,0.0,0.0,0.45,-0.0635076333261755,0.0,0.0,0.0,0.0,0.0,0.0,0.0,0.0,0.0,0.0,0.0,0.0,75.30575267965517,SETTLED,STOPPED,0.0
105.1,P,1.4299250745413599,1.469212728323485,1.5345636000713374,0.5831813410186141,0.8918996069495662,0.07189960694956621,-0.011708364440556895,0.0,0.0,0.45,-0.048252948445520576,0.0,0.0,0.0,0.0,0.0,0.0,0.0,0.0,0.0,0.0,0.0,0.0,75.30575267965517,SETTLED,STOPPED,0.0
105.15,P,1.426062587895368,1.4730752149694768,1.5346019283262462,0.5828896382832659,0.8921887918565677,0.07218879185656779,-0.011705273570288055,0.0,0.0,0.45,-0.03636488619669902,0.0,0.0,0.0,0.0,0.0,0.0,0.0,0.0,0.0,0.0,0.0,0.0,75.30575267965517,SETTLED,STOPPED,0.0
105.2,P,1.4171892334142653,1.4819485694505794,1.5346400527560933,0.582604047464702,0.8967782052220782,0.07677820522207823,-0.007932000316682286,0.0,0.0,0.45,-0.008171192425178143,0.0,0.0,0.0,0.0,0.0,0.0,0.0,0.0,0.0,0.0,0.0,0.0,75.30575267965517,SETTLED,STOPPED,0.0
105.25,P,1.4122777836774856,1.4868600191873593,1.5346781728026389,0.5823144184998997,0.9069814023396914,0.08698140233969143,0.0005951991311559102,0.0,0.0,0.45,0.038520537225861656,0.0,0.0,0.0,0.0,0.0,0.0,0.0,0.0,0.0,0.0,0.0,0.0,75.30575267965517,SETTLED,STOPPED,0.0
105.3,P,1.4041134696749071,1.4950243331899378,1.534715890198449,0.5820270453093734,0.9127894603801174,0.09278946038011748,0.005235123734237179,0.0,0.0,0.45,0.055601474414048196,0.0,0.0,0.0,0.0,0.0,0.0,0.0,0.0,0.0,0.0,0.0,0.0,75.30575267965517,SETTLED,STOPPED,0.0
105.35,P,1.4076205143180842,1.4915172885467607,1.5347558175056348,0.5817356782961641,0.9222911904186628,0.10229119041866286,0.012810039348524871,0.0,0.0,0.45,0.08517676221255963,0.0,0.0,0.0,0.0,0.0,0.0,0.0,0.0,0.0,0.0,0.0,0.0,75.30575267965517,SETTLED,STOPPED,0.0
105.4,P,1.411253214229504,1.487884588635341,1.5347950399432608,0.5814430943905992,0.9186217739999193,0.09862177399991934,0.009569074206631445,0.0,0.0,0.45,0.0502924422833241,0.0,0.0,0.0,0.0,0.0,0.0,0.0,0.0,0.0,0.0,0.0,0.0,75.30575267965517,SETTLED,STOPPED,0.0
105.45,P,1.414824565548845,1.4843132373159997,1.5348315707039997,0.5811670912969313,0.9148217122419693,0.09482171224196934,0.006182714172400239,0.0,0.0,0.45,0.022507833246011844,0.0,0.0,0.0,0.0,0.0,0.0,0.0,0.0,0.0,0.0,0.0,0.0,75.30575267965517,SETTLED,STOPPED,0.0
105.5,P,1.421690666223399,1.477447136641446,1.5348705550103676,0.58087643054223,0.911084322307988,0.09108432230798802,0.0028305806169446335,0.0,0.0,0.45,0.0011115942223705114,0.0,0.0,0.0,0.0,0.0,0.0,0.0,0.0,0.0,0.0,0.0,0.0,75.30575267965517,SETTLED,STOPPED,0.0
105.55,P,1.4298764157846986,1.469261387080146,1.5349100713883137,0.5805859024280026,0.9036861835067951,0.08368618350679513,-0.0037048846023528537,0.0,0.0,0.45,-0.03168476723180156,0.0,0.0,0.0,0.0,0.0,0.0,0.0,0.0,0.0,0.0,0.0,0.0,75.30575267965517,SETTLED,STOPPED,0.0
105.6,P,1.4299250745413599,1.469212728323485,1.5349505477251917,0.5802966122133452,0.8948609868751576,0.07486098687515763,-0.011633741281063648,0.0,0.0,0.45,-0.06354498362001243,0.0,0.0,0.0,0.0,0.0,0.0,0.0,0.0,0.0,0.0,0.0,0.0,75.30575267965517,SETTLED,STOPPED,0.0
105.65,P,1.4299250745413599,1.469212728323485,1.5349888441247759,0.5800064994035039,0.8950989953618669,0.07509899536186693,-0.011676908336700098,0.0,0.0,0.45,-0.04851784988208873,0.0,0.0,0.0,0.0,0.0,0.0,0.0,0.0,0.0,0.0,0.0,0.0,75.30575267965517,SETTLED,STOPPED,0.0
105.7,P,1.4299250745413599,1.469212728323485,1.5350279250672278,0.5797167883385124,0.895391597698555,0.07539159769855508,-0.011675878793266925,0.0,0.0,0.45,-0.036556472626601264,0.0,0.0,0.0,0.0,0.0,0.0,0.0,0.0,0.0,0.0,0.0,0.0,75.30575267965517,SETTLED,STOPPED,0.0
105.75,P,1.4299250745413599,1.469212728323485,1.5350670957201487,0.5794257170722569,0.8956838931444581,0.07568389314445811,-0.01167169866608675,0.0,0.0,0.45,-0.02722794868677556,0.0,0.0,0.0,0.0,0.0,0.0,0.0,0.0,0.0,0.0,0.0,0.0,75.30575267965517,SETTLED,STOPPED,0.0
105.8,P,1.4257847428453074,1.4733530600195375,1.535105884535687,0.5791370049387637,0.8959775499469583,0.07597754994695838,-0.011669794293447167,0.0,0.0,0.45,-0.019945710044683703,0.0,0.0,0.0,0.0,0.0,0.0,0.0,0.0,0.0,0.0,0.0,0.0,75.30575267965517,SETTLED,STOPPED,0.0
105.85,P,1.4045017939859281,1.4946360088789168,1.5351442570029499,0.5788455379811329,0.9008737232180265,0.08087372321802655,-0.007644347777343796,0.0,0.0,0.45,0.00598550855784789,0.0,0.0,0.0,0.0,0.0,0.0,0.0,0.0,0.0,0.0,0.0,0.0,75.30575267965517,SETTLED,STOPPED,0.0
105.9,P,1.4092733121498469,1.4898644907149978,1.5351831400720148,0.5785602749453947,0.9250619653462889,0.10506196534628898,0.012399910767183497,0.0,0.0,0.45,0.11109696203948208,0.0,0.0,0.0,0.0,0.0,0.0,0.0,0.0,0.0,0.0,0.0,0.0,75.30575267965517,SETTLED,STOPPED,0.0
105.95,P,1.4102812476502973,1.4888565552145476,1.5352220259172213,0.5782734602161347,0.919961226599709,0.09996122659970907,0.007992856338988386,0.0,0.0,0.45,0.06421237990584316,0.0,0.0,0.0,0.0,0.0,0.0,0.0,0.0,0.0,0.0,0.0,0.0,75.30575267965517,SETTLED,STOPPED,0.0
106.0,P,1.4180727567324056,1.4810650461324393,1.535261737093853,0.5779820751917192,0.9191146669327138,0.09911466693271387,0.0070558446012973786,0.0,0.0,0.45,0.04636079379177855,0.0,0.0,0.0,0.0,0.0,0.0,0.0,0.0,0.0,0.0,0.0,0.0,75.30575267965517,SETTLED,STOPPED,0.0
106.05,P,1.4188825447205577,1.480255258144287,1.5353013143212113,0.5776904632349116,0.9106547696692052,0.09065476966920527,-0.0002625518185404019,0.0,0.0,0.45,-0.001062128801852677,0.0,0.0,0.0,0.0,0.0,0.0,0.0,0.0,0.0,0.0,0.0,0.0,75.30575267965517,SETTLED,STOPPED,0.0
106.1,P,1.4072633573171167,1.491874445547728,1.5353398899324946,0.5774032483481433,0.9100420533827724,0.09004205338277249,-0.0010286245770780855,0.0,0.0,0.45,-0.003524412125749472,0.0,0.0,0.0,0.0,0.0,0.0,0.0,0.0,0.0,0.0,0.0,0.0,75.30575267965517,SETTLED,STOPPED,0.0
106.15,P,1.4219977065274563,1.4771400963373884,1.5353791281928526,0.5771121156170004,0.9233965392584161,0.10339653925841619,0.009836270831350857,0.0,0.0,0.45,0.05601069639475101,0.0,0.0,0.0,0.0,0.0,0.0,0.0,0.0,0.0,0.0,0.0,0.0,75.30575267965517,SETTLED,STOPPED,0.0
106.2,P,1.428585104652873,1.4705526982119719,1.5354187134561696,0.5768201257230989,0.9071415065239191,0.08714150652391917,-0.0039997873745674095,0.0,0.0,0.45,-0.02783380084388517,0.0,0.0,0.0,0.0,0.0,0.0,0.0,0.0,0.0,0.0,0.0,0.0,75.30575267965517,SETTLED,STOPPED,0.0
106.25,P,1.4299250745413599,1.469212728323485,1.5354581504135159,0.5765332940211781,0.9000951789102719,0.08009517891027196,-0.010343197701921047,0.0,0.0,0.45,-0.05271420615827991,0.0,0.0,0.0,0.0,0.0,0.0,0.0,0.0,0.0,0.0,0.0,0.0,75.30575267965517,SETTLED,STOPPED,0.0
106.3,P,1.4299250745413599,1.469212728323485,1.5354991075100661,0.5762437296181283,0.8988958796931515,0.0788958796931516,-0.011641191409968776,0.0,0.0,0.45,-0.04639399735878823,0.0,0.0,0.0,0.0,0.0,0.0,0.0,0.0,0.0,0.0,0.0,0.0,75.30575267965517,SETTLED,STOPPED,0.0
106.35,P,1.4299250745413599,1.469212728323485,1.5355367754122662,0.575953589337693,0.8991882500823312,0.07918825008233121,-0.011631152757359375,0.0,0.0,0.45,-0.03490088822746442,0.0,0.0,0.0,0.0,0.0,0.0,0.0,0.0,0.0,0.0,0.0,0.0,75.30575267965517,SETTLED,STOPPED,0.0
